task_name,timestamp,project_name,run_id,duration,emissions,emissions_rate,cpu_power,gpu_power,ram_power,cpu_energy,gpu_energy,ram_energy,energy_consumed,water_consumed,country_name,country_iso_code,region,cloud_provider,cloud_region,os,python_version,codecarbon_version,cpu_count,cpu_model,gpu_count,gpu_model,longitude,latitude,ram_total_size,tracking_mode,cpu_utilization_percent,gpu_utilization_percent,ram_utilization_percent,ram_used_gb,on_cloud
idle_baseline_head,2026-09-14T17:54:54,mbpo_HalfCheetah-v5_seed14577,29423945-e60c-48eb-bcf0-6401f3d8e03a,90.00352550200114,0.0006055030553075702,6.727547923460808e-06,11.43277616097576,12.587024253534441,20.0,0.0004213875709986742,0.0006509271874080569,0.00051714069587223,0.001589455454278961,0.0,Germany,DEU,baden-wurttemberg,,,Linux-7.0.0-31-generic-x86_64-with-glibc2.43,3.14.4,3.3.0,24,Intel(R) Core(TM) Ultra 9 285K,1,1 x NVIDIA GeForce RTX 5090,9.2986,48.7383,60.81614303588867,machine,0.0,0.0,0.0,0.0,N
warmup_0,2026-09-14T17:54:54,mbpo_HalfCheetah-v5_seed14577,29423945-e60c-48eb-bcf0-6401f3d8e03a,0.15271589599797153,2.128588816137887e-06,1.3937212104844272e-05,20.75674607298161,32.33546341118108,20.0,1.6964352460430154e-06,3.0441691020177686e-06,8.469762166795269e-07,5.587580564740419e-06,0.0,Germany,DEU,baden-wurttemberg,,,Linux-7.0.0-31-generic-x86_64-with-glibc2.43,3.14.4,3.3.0,24,Intel(R) Core(TM) Ultra 9 285K,1,1 x NVIDIA GeForce RTX 5090,9.2986,48.7383,60.81614303588867,machine,0.0,0.0,0.0,0.0,N
dynamics_model_update_0,2026-09-14T17:55:15,mbpo_HalfCheetah-v5_seed14577,29423945-e60c-48eb-bcf0-6401f3d8e03a,20.625431565000326,0.0002609779641943574,1.2653215921984721e-05,25.295110956023496,41.88952568548925,20.0,0.00016628351386004103,0.00040420449002998016,0.00011458343381665244,0.0006850714377066738,0.0,Germany,DEU,baden-wurttemberg,,,Linux-7.0.0-31-generic-x86_64-with-glibc2.43,3.14.4,3.3.0,24,Intel(R) Core(TM) Ultra 9 285K,1,1 x NVIDIA GeForce RTX 5090,9.2986,48.7383,60.81614303588867,machine,0.0,0.0,0.0,0.0,N
rollout_0,2026-09-14T17:55:15,mbpo_HalfCheetah-v5_seed14577,29423945-e60c-48eb-bcf0-6401f3d8e03a,0.2376799560006475,2.708202243555482e-06,1.1394615189079169e-05,26.799881168363214,44.43990803590418,20.0,2.185834526435837e-06,3.60444732794285e-06,1.3187934666752206e-06,7.109075321054016e-06,0.0,Germany,DEU,baden-wurttemberg,,,Linux-7.0.0-31-generic-x86_64-with-glibc2.43,3.14.4,3.3.0,24,Intel(R) Core(TM) Ultra 9 285K,1,1 x NVIDIA GeForce RTX 5090,9.2986,48.7383,60.81614303588867,machine,0.0,0.0,0.0,0.0,N
synthetic_rollout_generation_0,2026-09-14T17:55:15,mbpo_HalfCheetah-v5_seed14577,29423945-e60c-48eb-bcf0-6401f3d8e03a,0.01850679600102012,7.764373104314319e-07,4.1955045229577666e-05,26.90892406626111,96.16159391710949,20.0,1.562837361329672e-07,1.781945870027446e-06,9.993107222630322e-08,2.038160678386608e-06,0.0,Germany,DEU,baden-wurttemberg,,,Linux-7.0.0-31-generic-x86_64-with-glibc2.43,3.14.4,3.3.0,24,Intel(R) Core(TM) Ultra 9 285K,1,1 x NVIDIA GeForce RTX 5090,9.2986,48.7383,60.81614303588867,machine,0.0,0.0,0.0,0.0,N
gradient_updates_0,2026-09-14T17:55:32,mbpo_HalfCheetah-v5_seed14577,29423945-e60c-48eb-bcf0-6401f3d8e03a,16.665952965999168,0.0002483624061402538,1.4902387863358676e-05,26.972141598888125,96.01270249383549,20.0,0.00011902928077889285,0.0004403397967160383,9.258631334442828e-05,0.0006519553908393592,0.0,Germany,DEU,baden-wurttemberg,,,Linux-7.0.0-31-generic-x86_64-with-glibc2.43,3.14.4,3.3.0,24,Intel(R) Core(TM) Ultra 9 285K,1,1 x NVIDIA GeForce RTX 5090,9.2986,48.7383,60.81614303588867,machine,0.0,0.0,0.0,0.0,N
dynamics_model_update_1,2026-09-14T17:55:37,mbpo_HalfCheetah-v5_seed14577,29423945-e60c-48eb-bcf0-6401f3d8e03a,4.898346792997472,5.866422537147034e-05,1.1976280592046914e-05,26.717510077568846,92.9278508068999,20.0,2.973129128501506e-05,9.705285541994346e-05,2.7210407361114193e-05,0.00015399455406607272,0.0,Germany,DEU,baden-wurttemberg,,,Linux-7.0.0-31-generic-x86_64-with-glibc2.43,3.14.4,3.3.0,24,Intel(R) Core(TM) Ultra 9 285K,1,1 x NVIDIA GeForce RTX 5090,9.2986,48.7383,60.81614303588867,machine,0.0,0.0,0.0,0.0,N
rollout_1,2026-09-14T17:55:37,mbpo_HalfCheetah-v5_seed14577,29423945-e60c-48eb-bcf0-6401f3d8e03a,0.20630868499938515,2.4242647986528424e-06,1.1750922916827955e-05,26.624897200652292,89.82516687830642,20.0,1.4977492537593395e-06,3.721391866051693e-06,1.1445937499956907e-06,6.363734869806615e-06,0.0,Germany,DEU,baden-wurttemberg,,,Linux-7.0.0-31-generic-x86_64-with-glibc2.43,3.14.4,3.3.0,24,Intel(R) Core(TM) Ultra 9 285K,1,1 x NVIDIA GeForce RTX 5090,9.2986,48.7383,60.81614303588867,machine,0.0,0.0,0.0,0.0,N
synthetic_rollout_generation_1,2026-09-14T17:55:37,mbpo_HalfCheetah-v5_seed14577,29423945-e60c-48eb-bcf0-6401f3d8e03a,0.006383325999195222,7.115487270046173e-07,0.00011127979694931931,26.32183772467505,203.21748503317966,20.0,5.53725442997699e-08,1.7836125379977474e-06,2.8842000008568944e-08,1.8678270823063031e-06,0.0,Germany,DEU,baden-wurttemberg,,,Linux-7.0.0-31-generic-x86_64-with-glibc2.43,3.14.4,3.3.0,24,Intel(R) Core(TM) Ultra 9 285K,1,1 x NVIDIA GeForce RTX 5090,9.2986,48.7383,60.81614303588867,machine,0.0,0.0,0.0,0.0,N
gradient_updates_1,2026-09-14T17:55:53,mbpo_HalfCheetah-v5_seed14577,29423945-e60c-48eb-bcf0-6401f3d8e03a,15.7996435999994,0.00024133744896848186,1.5274878371219086e-05,26.087822534047064,193.67950904259212,20.0,0.00011433478674553743,0.00043140673401398377,8.777324225001299e-05,0.000633514763009534,0.0,Germany,DEU,baden-wurttemberg,,,Linux-7.0.0-31-generic-x86_64-with-glibc2.43,3.14.4,3.3.0,24,Intel(R) Core(TM) Ultra 9 285K,1,1 x NVIDIA GeForce RTX 5090,9.2986,48.7383,60.81614303588867,machine,0.0,0.0,0.0,0.0,N
dynamics_model_update_2,2026-09-14T17:55:56,mbpo_HalfCheetah-v5_seed14577,29423945-e60c-48eb-bcf0-6401f3d8e03a,3.0952021660013997,3.700860948726496e-05,1.195679536498702e-05,25.997760199906608,183.4648097120565,20.0,1.882771895105051e-05,6.112699334598348e-05,1.7193494783330392e-05,9.71482070803646e-05,0.0,Germany,DEU,baden-wurttemberg,,,Linux-7.0.0-31-generic-x86_64-with-glibc2.43,3.14.4,3.3.0,24,Intel(R) Core(TM) Ultra 9 285K,1,1 x NVIDIA GeForce RTX 5090,9.2986,48.7383,60.81614303588867,machine,0.0,0.0,0.0,0.0,N
rollout_2,2026-09-14T17:55:56,mbpo_HalfCheetah-v5_seed14577,29423945-e60c-48eb-bcf0-6401f3d8e03a,0.20730764099789667,2.3767829411590682e-06,1.146447258829452e-05,25.991261779373566,174.13624946061557,20.0,1.5074470392922867e-06,3.5805584200354623e-06,1.151088755553596e-06,6.2390942148814535e-06,0.0,Germany,DEU,baden-wurttemberg,,,Linux-7.0.0-31-generic-x86_64-with-glibc2.43,3.14.4,3.3.0,24,Intel(R) Core(TM) Ultra 9 285K,1,1 x NVIDIA GeForce RTX 5090,9.2986,48.7383,60.81614303588867,machine,0.0,0.0,0.0,0.0,N
synthetic_rollout_generation_2,2026-09-14T17:55:56,mbpo_HalfCheetah-v5_seed14577,29423945-e60c-48eb-bcf0-6401f3d8e03a,0.007150991998059908,3.397040882120207e-08,4.744600387442047e-06,25.775705045851176,161.69794592771447,20.0,5.8932547147838577e-08,0.0,3.024033333833866e-08,8.917288048639407e-08,0.0,Germany,DEU,baden-wurttemberg,,,Linux-7.0.0-31-generic-x86_64-with-glibc2.43,3.14.4,3.3.0,24,Intel(R) Core(TM) Ultra 9 285K,1,1 x NVIDIA GeForce RTX 5090,9.2986,48.7383,60.81614303588867,machine,0.0,0.0,0.0,0.0,N
gradient_updates_2,2026-09-14T17:56:12,mbpo_HalfCheetah-v5_seed14577,29423945-e60c-48eb-bcf0-6401f3d8e03a,16.000052809999033,0.00024243486784392468,1.5152140712138691e-05,25.596832132257664,157.47196924319644,20.0,0.00011059118513953581,0.00043691757175601253,8.888674866666408e-05,0.000636395505562212,0.0,Germany,DEU,baden-wurttemberg,,,Linux-7.0.0-31-generic-x86_64-with-glibc2.43,3.14.4,3.3.0,24,Intel(R) Core(TM) Ultra 9 285K,1,1 x NVIDIA GeForce RTX 5090,9.2986,48.7383,60.81614303588867,machine,0.0,0.0,0.0,0.0,N
dynamics_model_update_3,2026-09-14T17:56:14,mbpo_HalfCheetah-v5_seed14577,29423945-e60c-48eb-bcf0-6401f3d8e03a,1.8228947890020208,2.3305299929361886e-05,1.278465641707601e-05,25.659731463301767,152.15996718205133,20.0,1.4359139542868826e-05,3.669308491000001e-05,1.0124570216673168e-05,6.117679466954157e-05,0.0,Germany,DEU,baden-wurttemberg,,,Linux-7.0.0-31-generic-x86_64-with-glibc2.43,3.14.4,3.3.0,24,Intel(R) Core(TM) Ultra 9 285K,1,1 x NVIDIA GeForce RTX 5090,9.2986,48.7383,60.81614303588867,machine,0.0,0.0,0.0,0.0,N
rollout_3,2026-09-14T17:56:14,mbpo_HalfCheetah-v5_seed14577,29423945-e60c-48eb-bcf0-6401f3d8e03a,0.20108750200233771,2.5532712152817605e-06,1.2696617366131243e-05,26.06072995749121,147.1645436709457,20.0,1.8325772993960099e-06,3.7536141139216106e-06,1.1161874166646605e-06,6.702378829982064e-06,0.0,Germany,DEU,baden-wurttemberg,,,Linux-7.0.0-31-generic-x86_64-with-glibc2.43,3.14.4,3.3.0,24,Intel(R) Core(TM) Ultra 9 285K,1,1 x NVIDIA GeForce RTX 5090,9.2986,48.7383,60.81614303588867,machine,0.0,0.0,0.0,0.0,N
synthetic_rollout_generation_3,2026-09-14T17:56:14,mbpo_HalfCheetah-v5_seed14577,29423945-e60c-48eb-bcf0-6401f3d8e03a,0.006267545999435242,3.267773792531292e-08,5.207541244441201e-06,25.897482955877244,138.98873568922647,20.0,5.32700426131294e-08,0.0,3.2509555563178805e-08,8.57795981763082e-08,0.0,Germany,DEU,baden-wurttemberg,,,Linux-7.0.0-31-generic-x86_64-with-glibc2.43,3.14.4,3.3.0,24,Intel(R) Core(TM) Ultra 9 285K,1,1 x NVIDIA GeForce RTX 5090,9.2986,48.7383,60.81614303588867,machine,0.0,0.0,0.0,0.0,N
gradient_updates_3,2026-09-14T17:56:31,mbpo_HalfCheetah-v5_seed14577,29423945-e60c-48eb-bcf0-6401f3d8e03a,16.330708151999715,0.00024411431431731884,1.4948187596007257e-05,25.753139776213132,136.80949522820174,20.0,0.00010742283899375926,0.0004426575763480378,9.072366476666502e-05,0.0006408040801084624,0.0,Germany,DEU,baden-wurttemberg,,,Linux-7.0.0-31-generic-x86_64-with-glibc2.43,3.14.4,3.3.0,24,Intel(R) Core(TM) Ultra 9 285K,1,1 x NVIDIA GeForce RTX 5090,9.2986,48.7383,60.81614303588867,machine,0.0,0.0,0.0,0.0,N
dynamics_model_update_4,2026-09-14T17:56:33,mbpo_HalfCheetah-v5_seed14577,29423945-e60c-48eb-bcf0-6401f3d8e03a,2.046036400999583,2.4305778951693585e-05,1.1879457931548103e-05,25.612557405625786,133.5083786387492,20.0,1.2213723659851294e-05,4.022475440196294e-05,1.1364590455559698e-05,6.38030685173735e-05,0.0,Germany,DEU,baden-wurttemberg,,,Linux-7.0.0-31-generic-x86_64-with-glibc2.43,3.14.4,3.3.0,24,Intel(R) Core(TM) Ultra 9 285K,1,1 x NVIDIA GeForce RTX 5090,9.2986,48.7383,60.81614303588867,machine,0.0,0.0,0.0,0.0,N
rollout_4,2026-09-14T17:56:33,mbpo_HalfCheetah-v5_seed14577,29423945-e60c-48eb-bcf0-6401f3d8e03a,0.2073256469993794,2.4091067988975083e-06,1.161934328036946e-05,25.586465919259084,130.22435072211286,20.0,1.4577544995425518e-06,3.7152807499940543e-06,1.1509096222248744e-06,6.3239448717614805e-06,0.0,Germany,DEU,baden-wurttemberg,,,Linux-7.0.0-31-generic-x86_64-with-glibc2.43,3.14.4,3.3.0,24,Intel(R) Core(TM) Ultra 9 285K,1,1 x NVIDIA GeForce RTX 5090,9.2986,48.7383,60.81614303588867,machine,0.0,0.0,0.0,0.0,N
synthetic_rollout_generation_4,2026-09-14T17:56:33,mbpo_HalfCheetah-v5_seed14577,29423945-e60c-48eb-bcf0-6401f3d8e03a,0.006190920998051297,2.7500369335908825e-08,4.43660679439711e-06,25.212342121053496,124.3050620529259,20.0,3.9757531808404245e-08,0.0,3.243138887933268e-08,7.218892068752009e-08,0.0,Germany,DEU,baden-wurttemberg,,,Linux-7.0.0-31-generic-x86_64-with-glibc2.43,3.14.4,3.3.0,24,Intel(R) Core(TM) Ultra 9 285K,1,1 x NVIDIA GeForce RTX 5090,9.2986,48.7383,60.81614303588867,machine,0.0,0.0,0.0,0.0,N
gradient_updates_4,2026-09-14T17:56:49,mbpo_HalfCheetah-v5_seed14577,29423945-e60c-48eb-bcf0-6401f3d8e03a,15.930599893999897,0.0002451092647150553,1.5386074498427804e-05,24.89472894850858,123.21436005586534,20.0,0.00011586395213554479,0.00043905090679602354,8.850098229445892e-05,0.0006434158412260277,0.0,Germany,DEU,baden-wurttemberg,,,Linux-7.0.0-31-generic-x86_64-with-glibc2.43,3.14.4,3.3.0,24,Intel(R) Core(TM) Ultra 9 285K,1,1 x NVIDIA GeForce RTX 5090,9.2986,48.7383,60.81614303588867,machine,0.0,0.0,0.0,0.0,N
dynamics_model_update_5,2026-09-14T17:56:58,mbpo_HalfCheetah-v5_seed14577,29423945-e60c-48eb-bcf0-6401f3d8e03a,9.298973024997395,0.00011604381851204777,1.2479182269546558e-05,24.94300645712215,121.1225590041088,20.0,6.437468316636275e-05,0.00018858376197800064,5.165848230555834e-05,0.00030461692744992216,0.0,Germany,DEU,baden-wurttemberg,,,Linux-7.0.0-31-generic-x86_64-with-glibc2.43,3.14.4,3.3.0,24,Intel(R) Core(TM) Ultra 9 285K,1,1 x NVIDIA GeForce RTX 5090,9.2986,48.7383,60.81614303588867,machine,0.0,0.0,0.0,0.0,N
rollout_5,2026-09-14T17:56:58,mbpo_HalfCheetah-v5_seed14577,29423945-e60c-48eb-bcf0-6401f3d8e03a,0.19999643700066372,2.499423759069492e-06,1.2496689034221566e-05,25.236299782596912,118.90731921040883,20.0,1.8121645052882052e-06,3.641391802033933e-06,1.1074720666632946e-06,6.561028373984999e-06,0.0,Germany,DEU,baden-wurttemberg,,,Linux-7.0.0-31-generic-x86_64-with-glibc2.43,3.14.4,3.3.0,24,Intel(R) Core(TM) Ultra 9 285K,1,1 x NVIDIA GeForce RTX 5090,9.2986,48.7383,60.81614303588867,machine,0.0,0.0,0.0,0.0,N
synthetic_rollout_generation_5,2026-09-14T17:56:58,mbpo_HalfCheetah-v5_seed14577,29423945-e60c-48eb-bcf0-6401f3d8e03a,0.005964904001302784,3.180706792437274e-08,5.323065548405245e-06,25.163045993027392,114.33396077923925,20.0,5.22697640309433e-08,0.0,3.122431110869593e-08,8.349407513985607e-08,0.0,Germany,DEU,baden-wurttemberg,,,Linux-7.0.0-31-generic-x86_64-with-glibc2.43,3.14.4,3.3.0,24,Intel(R) Core(TM) Ultra 9 285K,1,1 x NVIDIA GeForce RTX 5090,9.2986,48.7383,60.81614303588867,machine,0.0,0.0,0.0,0.0,N
gradient_updates_5,2026-09-14T17:57:15,mbpo_HalfCheetah-v5_seed14577,29423945-e60c-48eb-bcf0-6401f3d8e03a,16.537264136000886,0.00024869040100448025,1.503819046890593e-05,25.096331861274432,113.7389576503918,20.0,0.00010953934790917941,0.00045140591667997,9.187111815000312e-05,0.0006528163827391525,0.0,Germany,DEU,baden-wurttemberg,,,Linux-7.0.0-31-generic-x86_64-with-glibc2.43,3.14.4,3.3.0,24,Intel(R) Core(TM) Ultra 9 285K,1,1 x NVIDIA GeForce RTX 5090,9.2986,48.7383,60.81614303588867,machine,0.0,0.0,0.0,0.0,N
dynamics_model_update_6,2026-09-14T17:57:17,mbpo_HalfCheetah-v5_seed14577,29423945-e60c-48eb-bcf0-6401f3d8e03a,2.1885900660017796,2.702483490274899e-05,1.2348079390221583e-05,25.029511087997815,112.34616320728375,20.0,1.338142598290848e-05,4.540864743801665e-05,1.215056157776004e-05,7.094063499868495e-05,0.0,Germany,DEU,baden-wurttemberg,,,Linux-7.0.0-31-generic-x86_64-with-glibc2.43,3.14.4,3.3.0,24,Intel(R) Core(TM) Ultra 9 285K,1,1 x NVIDIA GeForce RTX 5090,9.2986,48.7383,60.81614303588867,machine,0.0,0.0,0.0,0.0,N
rollout_6,2026-09-14T17:57:17,mbpo_HalfCheetah-v5_seed14577,29423945-e60c-48eb-bcf0-6401f3d8e03a,0.20633746000021347,2.4463157131653784e-06,1.1855419501633823e-05,25.060576818465442,110.74488763868348,20.0,1.5010723119629477e-06,3.775280797979619e-06,1.1452657722353047e-06,6.421618882177654e-06,0.0,Germany,DEU,baden-wurttemberg,,,Linux-7.0.0-31-generic-x86_64-with-glibc2.43,3.14.4,3.3.0,24,Intel(R) Core(TM) Ultra 9 285K,1,1 x NVIDIA GeForce RTX 5090,9.2986,48.7383,60.81614303588867,machine,0.0,0.0,0.0,0.0,N
synthetic_rollout_generation_6,2026-09-14T17:57:17,mbpo_HalfCheetah-v5_seed14577,29423945-e60c-48eb-bcf0-6401f3d8e03a,0.005941578998317709,3.001964288653139e-08,5.044577977309934e-06,24.945638730648138,107.05339138406069,20.0,4.803114954377019e-08,0.0,3.0770905545384614e-08,7.880205508958849e-08,0.0,Germany,DEU,baden-wurttemberg,,,Linux-7.0.0-31-generic-x86_64-with-glibc2.43,3.14.4,3.3.0,24,Intel(R) Core(TM) Ultra 9 285K,1,1 x NVIDIA GeForce RTX 5090,9.2986,48.7383,60.81614303588867,machine,0.0,0.0,0.0,0.0,N
gradient_updates_6,2026-09-14T17:57:33,mbpo_HalfCheetah-v5_seed14577,29423945-e60c-48eb-bcf0-6401f3d8e03a,16.096080891002202,0.00024473039235320014,1.5204355703763931e-05,24.84183350017858,106.82933071515188,20.0,0.00010540644432509294,0.0004475928580740529,8.94219926610984e-05,0.0006424212950602443,0.0,Germany,DEU,baden-wurttemberg,,,Linux-7.0.0-31-generic-x86_64-with-glibc2.43,3.14.4,3.3.0,24,Intel(R) Core(TM) Ultra 9 285K,1,1 x NVIDIA GeForce RTX 5090,9.2986,48.7383,60.81614303588867,machine,0.0,0.0,0.0,0.0,N
dynamics_model_update_7,2026-09-14T17:57:35,mbpo_HalfCheetah-v5_seed14577,29423945-e60c-48eb-bcf0-6401f3d8e03a,2.080148252000072,2.605930686812221e-05,1.2527508530391017e-05,24.787206131547848,105.87405875663273,20.0,1.2807442190398977e-05,4.4047257459933764e-05,1.1551408416663606e-05,6.840610806699635e-05,0.0,Germany,DEU,baden-wurttemberg,,,Linux-7.0.0-31-generic-x86_64-with-glibc2.43,3.14.4,3.3.0,24,Intel(R) Core(TM) Ultra 9 285K,1,1 x NVIDIA GeForce RTX 5090,9.2986,48.7383,60.81614303588867,machine,0.0,0.0,0.0,0.0,N
rollout_7,2026-09-14T17:57:36,mbpo_HalfCheetah-v5_seed14577,29423945-e60c-48eb-bcf0-6401f3d8e03a,0.2073963829971035,2.4586881709805913e-06,1.1854619758555338e-05,24.81322959617006,104.67190317138643,20.0,1.4920186936218105e-06,3.8111141599794784e-06,1.1509639333275815e-06,6.454096786928654e-06,0.0,Germany,DEU,baden-wurttemberg,,,Linux-7.0.0-31-generic-x86_64-with-glibc2.43,3.14.4,3.3.0,24,Intel(R) Core(TM) Ultra 9 285K,1,1 x NVIDIA GeForce RTX 5090,9.2986,48.7383,60.81614303588867,machine,0.0,0.0,0.0,0.0,N
synthetic_rollout_generation_7,2026-09-14T17:57:36,mbpo_HalfCheetah-v5_seed14577,29423945-e60c-48eb-bcf0-6401f3d8e03a,0.005954731001111213,3.158776119621329e-08,5.297542259671794e-06,24.765850895204974,101.59331778399272,20.0,5.169337470578572e-08,0.0,3.122501667451004e-08,8.29183913805126e-08,0.0,Germany,DEU,baden-wurttemberg,,,Linux-7.0.0-31-generic-x86_64-with-glibc2.43,3.14.4,3.3.0,24,Intel(R) Core(TM) Ultra 9 285K,1,1 x NVIDIA GeForce RTX 5090,9.2986,48.7383,60.81614303588867,machine,0.0,0.0,0.0,0.0,N
gradient_updates_7,2026-09-14T17:57:52,mbpo_HalfCheetah-v5_seed14577,29423945-e60c-48eb-bcf0-6401f3d8e03a,16.04120157899888,0.00024603205046148284,1.533751752594034e-05,24.722250213535006,101.57923452963527,20.0,0.0001062394030470204,0.0004504831381640373,8.911562773888959e-05,0.0006458381689499479,0.0,Germany,DEU,baden-wurttemberg,,,Linux-7.0.0-31-generic-x86_64-with-glibc2.43,3.14.4,3.3.0,24,Intel(R) Core(TM) Ultra 9 285K,1,1 x NVIDIA GeForce RTX 5090,9.2986,48.7383,60.81614303588867,machine,0.0,0.0,0.0,0.0,N
dynamics_model_update_8,2026-09-14T17:57:54,mbpo_HalfCheetah-v5_seed14577,29423945-e60c-48eb-bcf0-6401f3d8e03a,2.2392350940026517,2.7331985365487785e-05,1.2205942557187181e-05,24.676148543417582,100.808456084703,20.0,1.3391225435199772e-05,4.591753673405252e-05,1.2438147833341304e-05,7.174691000259338e-05,0.0,Germany,DEU,baden-wurttemberg,,,Linux-7.0.0-31-generic-x86_64-with-glibc2.43,3.14.4,3.3.0,24,Intel(R) Core(TM) Ultra 9 285K,1,1 x NVIDIA GeForce RTX 5090,9.2986,48.7383,60.81614303588867,machine,0.0,0.0,0.0,0.0,N
rollout_8,2026-09-14T17:57:54,mbpo_HalfCheetah-v5_seed14577,29423945-e60c-48eb-bcf0-6401f3d8e03a,0.20927490199755994,2.476757531681001e-06,1.1834470983382591e-05,24.7016316376226,99.86854267463882,20.0,1.5038698141928153e-06,3.836114179922578e-06,1.161545161105235e-06,6.501529155220412e-06,0.0,Germany,DEU,baden-wurttemberg,,,Linux-7.0.0-31-generic-x86_64-with-glibc2.43,3.14.4,3.3.0,24,Intel(R) Core(TM) Ultra 9 285K,1,1 x NVIDIA GeForce RTX 5090,9.2986,48.7383,60.81614303588867,machine,0.0,0.0,0.0,0.0,N
synthetic_rollout_generation_8,2026-09-14T17:57:54,mbpo_HalfCheetah-v5_seed14577,29423945-e60c-48eb-bcf0-6401f3d8e03a,0.005977192999125691,3.1942948811210237e-08,5.335007868266948e-06,24.52794030885422,97.24042313056938,20.0,4.6132259137743326e-08,0.0,3.771850555890979e-08,8.385076469621944e-08,0.0,Germany,DEU,baden-wurttemberg,,,Linux-7.0.0-31-generic-x86_64-with-glibc2.43,3.14.4,3.3.0,24,Intel(R) Core(TM) Ultra 9 285K,1,1 x NVIDIA GeForce RTX 5090,9.2986,48.7383,60.81614303588867,machine,0.0,0.0,0.0,0.0,N
gradient_updates_8,2026-09-14T17:58:10,mbpo_HalfCheetah-v5_seed14577,29423945-e60c-48eb-bcf0-6401f3d8e03a,16.002355467000598,0.00024949629934258597,1.5591235041226232e-05,24.375848213343936,97.34497639641279,20.0,0.00011567962615474658,0.0004503536936160124,8.889855932777422e-05,0.0006549318790985328,0.0,Germany,DEU,baden-wurttemberg,,,Linux-7.0.0-31-generic-x86_64-with-glibc2.43,3.14.4,3.3.0,24,Intel(R) Core(TM) Ultra 9 285K,1,1 x NVIDIA GeForce RTX 5090,9.2986,48.7383,60.81614303588867,machine,0.0,0.0,0.0,0.0,N
dynamics_model_update_9,2026-09-14T17:58:12,mbpo_HalfCheetah-v5_seed14577,29423945-e60c-48eb-bcf0-6401f3d8e03a,2.0352538070001174,2.6797084647395275e-05,1.316631682876339e-05,24.408132193638515,96.89786807784839,20.0,1.4124527410730447e-05,4.4913924819978135e-05,1.1304334611122622e-05,7.034278684183055e-05,0.0,Germany,DEU,baden-wurttemberg,,,Linux-7.0.0-31-generic-x86_64-with-glibc2.43,3.14.4,3.3.0,24,Intel(R) Core(TM) Ultra 9 285K,1,1 x NVIDIA GeForce RTX 5090,9.2986,48.7383,60.81614303588867,machine,0.0,0.0,0.0,0.0,N
rollout_9,2026-09-14T17:58:12,mbpo_HalfCheetah-v5_seed14577,29423945-e60c-48eb-bcf0-6401f3d8e03a,0.20107156100129941,2.576269564125589e-06,1.2812294549801462e-05,24.610070213069044,96.19612162952619,20.0,1.8442756420794515e-06,3.802503042049654e-06,1.115971188887224e-06,6.762749873016546e-06,0.0,Germany,DEU,baden-wurttemberg,,,Linux-7.0.0-31-generic-x86_64-with-glibc2.43,3.14.4,3.3.0,24,Intel(R) Core(TM) Ultra 9 285K,1,1 x NVIDIA GeForce RTX 5090,9.2986,48.7383,60.81614303588867,machine,0.0,0.0,0.0,0.0,N
synthetic_rollout_generation_9,2026-09-14T17:58:12,mbpo_HalfCheetah-v5_seed14577,29423945-e60c-48eb-bcf0-6401f3d8e03a,0.00594307299979846,3.386388654691083e-08,5.689192153629279e-06,24.65166923023485,93.90573778120414,20.0,5.8305602207431306e-08,0.0,3.0587655560753574e-08,8.889325776861856e-08,0.0,Germany,DEU,baden-wurttemberg,,,Linux-7.0.0-31-generic-x86_64-with-glibc2.43,3.14.4,3.3.0,24,Intel(R) Core(TM) Ultra 9 285K,1,1 x NVIDIA GeForce RTX 5090,9.2986,48.7383,60.81614303588867,machine,0.0,0.0,0.0,0.0,N
gradient_updates_9,2026-09-14T17:58:28,mbpo_HalfCheetah-v5_seed14577,29423945-e60c-48eb-bcf0-6401f3d8e03a,15.988504190998356,0.000250965951991069,1.569665802409787e-05,24.690715593827083,94.10332606888566,20.0,0.0001151857002040374,0.00045478175271396193,8.882228849443983e-05,0.00065878974141244,0.0,Germany,DEU,baden-wurttemberg,,,Linux-7.0.0-31-generic-x86_64-with-glibc2.43,3.14.4,3.3.0,24,Intel(R) Core(TM) Ultra 9 285K,1,1 x NVIDIA GeForce RTX 5090,9.2986,48.7383,60.81614303588867,machine,0.0,0.0,0.0,0.0,N
dynamics_model_update_10,2026-09-14T17:58:30,mbpo_HalfCheetah-v5_seed14577,29423945-e60c-48eb-bcf0-6401f3d8e03a,1.9938520770010655,2.69836791462379e-05,1.353351537735513e-05,24.755250896088114,93.75460179272072,20.0,1.6148856807951528e-05,4.361003488800863e-05,1.1073708766667217e-05,7.083260046262738e-05,0.0,Germany,DEU,baden-wurttemberg,,,Linux-7.0.0-31-generic-x86_64-with-glibc2.43,3.14.4,3.3.0,24,Intel(R) Core(TM) Ultra 9 285K,1,1 x NVIDIA GeForce RTX 5090,9.2986,48.7383,60.81614303588867,machine,0.0,0.0,0.0,0.0,N
rollout_10,2026-09-14T17:58:31,mbpo_HalfCheetah-v5_seed14577,29423945-e60c-48eb-bcf0-6401f3d8e03a,0.21509841899751336,2.726399412593481e-06,1.2675258888941368e-05,24.96942599177729,93.12045185616908,20.0,2.0747847153806953e-06,3.889725334049743e-06,1.192333138897014e-06,7.156843188327669e-06,0.0,Germany,DEU,baden-wurttemberg,,,Linux-7.0.0-31-generic-x86_64-with-glibc2.43,3.14.4,3.3.0,24,Intel(R) Core(TM) Ultra 9 285K,1,1 x NVIDIA GeForce RTX 5090,9.2986,48.7383,60.81614303588867,machine,0.0,0.0,0.0,0.0,N
synthetic_rollout_generation_10,2026-09-14T17:58:31,mbpo_HalfCheetah-v5_seed14577,29423945-e60c-48eb-bcf0-6401f3d8e03a,0.006085394001274835,3.305946919256869e-08,5.421861406622084e-06,24.941789170244373,91.09609420712194,20.0,5.4338099020334596e-08,0.0,3.244354999584753e-08,8.678164901618213e-08,0.0,Germany,DEU,baden-wurttemberg,,,Linux-7.0.0-31-generic-x86_64-with-glibc2.43,3.14.4,3.3.0,24,Intel(R) Core(TM) Ultra 9 285K,1,1 x NVIDIA GeForce RTX 5090,9.2986,48.7383,60.81614303588867,machine,0.0,0.0,0.0,0.0,N
gradient_updates_10,2026-09-14T17:58:48,mbpo_HalfCheetah-v5_seed14577,29423945-e60c-48eb-bcf0-6401f3d8e03a,17.04151996100336,0.00026192369674822753,1.5369744892926642e-05,24.91814783779633,91.2676804805897,20.0,0.00012348728073419135,0.00046939370884796494,9.467301159444717e-05,0.0006875540011766039,0.0,Germany,DEU,baden-wurttemberg,,,Linux-7.0.0-31-generic-x86_64-with-glibc2.43,3.14.4,3.3.0,24,Intel(R) Core(TM) Ultra 9 285K,1,1 x NVIDIA GeForce RTX 5090,9.2986,48.7383,60.81614303588867,machine,0.0,0.0,0.0,0.0,N
dynamics_model_update_11,2026-09-14T17:58:50,mbpo_HalfCheetah-v5_seed14577,29423945-e60c-48eb-bcf0-6401f3d8e03a,1.9013991730025737,2.560735488597258e-05,1.3467451332850598e-05,24.975142468129622,90.99192331367209,20.0,1.545158208346442e-05,4.120697740994661e-05,1.0561167205560239e-05,6.72197266989704e-05,0.0,Germany,DEU,baden-wurttemberg,,,Linux-7.0.0-31-generic-x86_64-with-glibc2.43,3.14.4,3.3.0,24,Intel(R) Core(TM) Ultra 9 285K,1,1 x NVIDIA GeForce RTX 5090,9.2986,48.7383,60.81614303588867,machine,0.0,0.0,0.0,0.0,N
rollout_11,2026-09-14T17:58:50,mbpo_HalfCheetah-v5_seed14577,29423945-e60c-48eb-bcf0-6401f3d8e03a,0.20208690900108195,2.6476658693897273e-06,1.3101059653556861e-05,25.127288137065296,90.58521797444271,20.0,1.8390200823281688e-06,3.988892080031281e-06,1.122254183327483e-06,6.950166345687583e-06,0.0,Germany,DEU,baden-wurttemberg,,,Linux-7.0.0-31-generic-x86_64-with-glibc2.43,3.14.4,3.3.0,24,Intel(R) Core(TM) Ultra 9 285K,1,1 x NVIDIA GeForce RTX 5090,9.2986,48.7383,60.81614303588867,machine,0.0,0.0,0.0,0.0,N
synthetic_rollout_generation_11,2026-09-14T17:58:50,mbpo_HalfCheetah-v5_seed14577,29423945-e60c-48eb-bcf0-6401f3d8e03a,0.006041010001354152,7.437557000729289e-07,0.0001229071977302821,25.01355208147957,112.8400221569146,20.0,4.314836785090925e-08,1.8783348360584817e-06,3.0887711101063725e-08,1.952370915010021e-06,0.0,Germany,DEU,baden-wurttemberg,,,Linux-7.0.0-31-generic-x86_64-with-glibc2.43,3.14.4,3.3.0,24,Intel(R) Core(TM) Ultra 9 285K,1,1 x NVIDIA GeForce RTX 5090,9.2986,48.7383,60.81614303588867,machine,0.0,0.0,0.0,0.0,N
gradient_updates_11,2026-09-14T17:59:07,mbpo_HalfCheetah-v5_seed14577,29423945-e60c-48eb-bcf0-6401f3d8e03a,17.06600066900137,0.00026126308434687613,1.530898873141234e-05,24.911692412974332,112.55725676703632,20.0,0.00012444949817064233,0.0004665598176919472,9.481056692222604e-05,0.0006858198827848164,0.0,Germany,DEU,baden-wurttemberg,,,Linux-7.0.0-31-generic-x86_64-with-glibc2.43,3.14.4,3.3.0,24,Intel(R) Core(TM) Ultra 9 285K,1,1 x NVIDIA GeForce RTX 5090,9.2986,48.7383,60.81614303588867,machine,0.0,0.0,0.0,0.0,N
dynamics_model_update_12,2026-09-14T17:59:09,mbpo_HalfCheetah-v5_seed14577,29423945-e60c-48eb-bcf0-6401f3d8e03a,2.038140521999594,2.8019031225100417e-05,1.3747378320659114e-05,24.96119797705688,111.93002160420548,20.0,1.6979187750010283e-05,4.5250591755974234e-05,1.1320637150007877e-05,7.355041665599305e-05,0.0,Germany,DEU,baden-wurttemberg,,,Linux-7.0.0-31-generic-x86_64-with-glibc2.43,3.14.4,3.3.0,24,Intel(R) Core(TM) Ultra 9 285K,1,1 x NVIDIA GeForce RTX 5090,9.2986,48.7383,60.81614303588867,machine,0.0,0.0,0.0,0.0,N
rollout_12,2026-09-14T17:59:09,mbpo_HalfCheetah-v5_seed14577,29423945-e60c-48eb-bcf0-6401f3d8e03a,0.2005255340009171,2.575794107303672e-06,1.284459102519131e-05,25.11546020205608,111.10070026337488,20.0,1.8646378805858843e-06,3.7838919160204654e-06,1.1129719944518845e-06,6.761501791057584e-06,0.0,Germany,DEU,baden-wurttemberg,,,Linux-7.0.0-31-generic-x86_64-with-glibc2.43,3.14.4,3.3.0,24,Intel(R) Core(TM) Ultra 9 285K,1,1 x NVIDIA GeForce RTX 5090,9.2986,48.7383,60.81614303588867,machine,0.0,0.0,0.0,0.0,N
synthetic_rollout_generation_12,2026-09-14T17:59:09,mbpo_HalfCheetah-v5_seed14577,29423945-e60c-48eb-bcf0-6401f3d8e03a,0.007366780002485029,3.5287343042381125e-08,4.7860321233642735e-06,25.083874955793707,109.04327988812719,20.0,6.108588219977396e-08,0.0,3.154397222203051e-08,9.262985442223814e-08,0.0,Germany,DEU,baden-wurttemberg,,,Linux-7.0.0-31-generic-x86_64-with-glibc2.43,3.14.4,3.3.0,24,Intel(R) Core(TM) Ultra 9 285K,1,1 x NVIDIA GeForce RTX 5090,9.2986,48.7383,60.81614303588867,machine,0.0,0.0,0.0,0.0,N
gradient_updates_12,2026-09-14T17:59:25,mbpo_HalfCheetah-v5_seed14577,29423945-e60c-48eb-bcf0-6401f3d8e03a,16.167208915001538,0.0002465037953851626,1.524715431179163e-05,25.05364253086337,108.88768615359112,20.0,0.00010600199369041607,0.00045125924989602995,8.981526352777602e-05,0.000647076507114222,0.0,Germany,DEU,baden-wurttemberg,,,Linux-7.0.0-31-generic-x86_64-with-glibc2.43,3.14.4,3.3.0,24,Intel(R) Core(TM) Ultra 9 285K,1,1 x NVIDIA GeForce RTX 5090,9.2986,48.7383,60.81614303588867,machine,0.0,0.0,0.0,0.0,N
dynamics_model_update_13,2026-09-14T17:59:28,mbpo_HalfCheetah-v5_seed14577,29423945-e60c-48eb-bcf0-6401f3d8e03a,2.6765876579993346,3.33812523271226e-05,1.2471452868191247e-05,25.016853384750966,108.30169390520392,20.0,1.6204703519304142e-05,5.6553656353985904e-05,1.4867975150001551e-05,8.762633502329073e-05,0.0,Germany,DEU,baden-wurttemberg,,,Linux-7.0.0-31-generic-x86_64-with-glibc2.43,3.14.4,3.3.0,24,Intel(R) Core(TM) Ultra 9 285K,1,1 x NVIDIA GeForce RTX 5090,9.2986,48.7383,60.81614303588867,machine,0.0,0.0,0.0,0.0,N
rollout_13,2026-09-14T17:59:28,mbpo_HalfCheetah-v5_seed14577,29423945-e60c-48eb-bcf0-6401f3d8e03a,0.21261758699984057,2.515476178556464e-06,1.1830539907666572e-05,25.032142558085603,107.55486121755733,20.0,1.5437117905220399e-06,3.879447547983084e-06,1.1800068999948295e-06,6.603166238499519e-06,0.0,Germany,DEU,baden-wurttemberg,,,Linux-7.0.0-31-generic-x86_64-with-glibc2.43,3.14.4,3.3.0,24,Intel(R) Core(TM) Ultra 9 285K,1,1 x NVIDIA GeForce RTX 5090,9.2986,48.7383,60.81614303588867,machine,0.0,0.0,0.0,0.0,N
synthetic_rollout_generation_13,2026-09-14T17:59:28,mbpo_HalfCheetah-v5_seed14577,29423945-e60c-48eb-bcf0-6401f3d8e03a,0.005984936000459129,3.0976721010315955e-08,5.167192725832272e-06,24.9829273898501,105.70046705863392,20.0,4.9692817541413525e-08,0.0,3.162158332577214e-08,8.131440086718567e-08,0.0,Germany,DEU,baden-wurttemberg,,,Linux-7.0.0-31-generic-x86_64-with-glibc2.43,3.14.4,3.3.0,24,Intel(R) Core(TM) Ultra 9 285K,1,1 x NVIDIA GeForce RTX 5090,9.2986,48.7383,60.81614303588867,machine,0.0,0.0,0.0,0.0,N
gradient_updates_13,2026-09-14T17:59:44,mbpo_HalfCheetah-v5_seed14577,29423945-e60c-48eb-bcf0-6401f3d8e03a,15.990515793000668,0.00024911423324800504,1.55788819610115e-05,24.94018824274255,105.61241788506219,20.0,0.00011868277133503247,0.00044641313490800805,8.883304308890524e-05,0.0006539289493319462,0.0,Germany,DEU,baden-wurttemberg,,,Linux-7.0.0-31-generic-x86_64-with-glibc2.43,3.14.4,3.3.0,24,Intel(R) Core(TM) Ultra 9 285K,1,1 x NVIDIA GeForce RTX 5090,9.2986,48.7383,60.81614303588867,machine,0.0,0.0,0.0,0.0,N
dynamics_model_update_14,2026-09-14T17:59:47,mbpo_HalfCheetah-v5_seed14577,29423945-e60c-48eb-bcf0-6401f3d8e03a,2.771821121001267,3.559985075806717e-05,1.2843499664417701e-05,24.961898765695707,105.12000046746493,20.0,1.949089864826392e-05,5.856226907202666e-05,1.5397024583338297e-05,9.345019230362801e-05,0.0,Germany,DEU,baden-wurttemberg,,,Linux-7.0.0-31-generic-x86_64-with-glibc2.43,3.14.4,3.3.0,24,Intel(R) Core(TM) Ultra 9 285K,1,1 x NVIDIA GeForce RTX 5090,9.2986,48.7383,60.81614303588867,machine,0.0,0.0,0.0,0.0,N
rollout_14,2026-09-14T17:59:47,mbpo_HalfCheetah-v5_seed14577,29423945-e60c-48eb-bcf0-6401f3d8e03a,0.20116679999773623,2.609375997209701e-06,1.2970652498864714e-05,25.09166889771581,104.53478170456525,20.0,1.855770651273958e-06,3.8772253239671706e-06,1.1166588277772803e-06,6.8496548030188426e-06,0.0,Germany,DEU,baden-wurttemberg,,,Linux-7.0.0-31-generic-x86_64-with-glibc2.43,3.14.4,3.3.0,24,Intel(R) Core(TM) Ultra 9 285K,1,1 x NVIDIA GeForce RTX 5090,9.2986,48.7383,60.81614303588867,machine,0.0,0.0,0.0,0.0,N
synthetic_rollout_generation_14,2026-09-14T17:59:47,mbpo_HalfCheetah-v5_seed14577,29423945-e60c-48eb-bcf0-6401f3d8e03a,0.006025244001648389,3.136251786745037e-08,5.199747767941541e-06,25.052215950042093,102.84873683836258,20.0,5.0760873934740935e-08,0.0,3.1566250011886426e-08,8.232712394619368e-08,0.0,Germany,DEU,baden-wurttemberg,,,Linux-7.0.0-31-generic-x86_64-with-glibc2.43,3.14.4,3.3.0,24,Intel(R) Core(TM) Ultra 9 285K,1,1 x NVIDIA GeForce RTX 5090,9.2986,48.7383,60.81614303588867,machine,0.0,0.0,0.0,0.0,N
gradient_updates_14,2026-09-14T18:00:03,mbpo_HalfCheetah-v5_seed14577,29423945-e60c-48eb-bcf0-6401f3d8e03a,15.995578657002625,0.00024729050779045275,1.5459940999615745e-05,25.017337339490926,102.80515304841359,20.0,0.00011551154240915795,0.0004447689669260235,8.886113075000628e-05,0.0006491416400851886,0.0,Germany,DEU,baden-wurttemberg,,,Linux-7.0.0-31-generic-x86_64-with-glibc2.43,3.14.4,3.3.0,24,Intel(R) Core(TM) Ultra 9 285K,1,1 x NVIDIA GeForce RTX 5090,9.2986,48.7383,60.81614303588867,machine,0.0,0.0,0.0,0.0,N
dynamics_model_update_15,2026-09-14T18:00:05,mbpo_HalfCheetah-v5_seed14577,29423945-e60c-48eb-bcf0-6401f3d8e03a,2.34519564799848,3.227353345825173e-05,1.3761438274461681e-05,25.06580919558055,102.41295161053834,20.0,2.1105326606471464e-05,5.0591984917969235e-05,1.302124329443646e-05,8.471855481887759e-05,0.0,Germany,DEU,baden-wurttemberg,,,Linux-7.0.0-31-generic-x86_64-with-glibc2.43,3.14.4,3.3.0,24,Intel(R) Core(TM) Ultra 9 285K,1,1 x NVIDIA GeForce RTX 5090,9.2986,48.7383,60.81614303588867,machine,0.0,0.0,0.0,0.0,N
rollout_15,2026-09-14T18:00:06,mbpo_HalfCheetah-v5_seed14577,29423945-e60c-48eb-bcf0-6401f3d8e03a,0.20200944099997287,2.584187997616526e-06,1.279205916048821e-05,25.190252834460598,101.87501488948186,20.0,1.879404836854781e-06,3.7827808039847532e-06,1.1213502500041078e-06,6.783535890843642e-06,0.0,Germany,DEU,baden-wurttemberg,,,Linux-7.0.0-31-generic-x86_64-with-glibc2.43,3.14.4,3.3.0,24,Intel(R) Core(TM) Ultra 9 285K,1,1 x NVIDIA GeForce RTX 5090,9.2986,48.7383,60.81614303588867,machine,0.0,0.0,0.0,0.0,N
synthetic_rollout_generation_15,2026-09-14T18:00:06,mbpo_HalfCheetah-v5_seed14577,29423945-e60c-48eb-bcf0-6401f3d8e03a,0.005998355001793243,3.005976098938157e-08,5.004017059509916e-06,25.13022087956614,100.33145405782304,20.0,4.748864909642769e-08,0.0,3.141871667260848e-08,7.890736576816881e-08,0.0,Germany,DEU,baden-wurttemberg,,,Linux-7.0.0-31-generic-x86_64-with-glibc2.43,3.14.4,3.3.0,24,Intel(R) Core(TM) Ultra 9 285K,1,1 x NVIDIA GeForce RTX 5090,9.2986,48.7383,60.81614303588867,machine,0.0,0.0,0.0,0.0,N
gradient_updates_15,2026-09-14T18:00:23,mbpo_HalfCheetah-v5_seed14577,29423945-e60c-48eb-bcf0-6401f3d8e03a,17.098631117998593,0.00025825796052637243,1.5104023179844386e-05,25.07565628857648,100.28281859376646,20.0,0.00012189253668061506,0.00046104897995002947,9.49898668222279e-05,0.0006779313834528733,0.0,Germany,DEU,baden-wurttemberg,,,Linux-7.0.0-31-generic-x86_64-with-glibc2.43,3.14.4,3.3.0,24,Intel(R) Core(TM) Ultra 9 285K,1,1 x NVIDIA GeForce RTX 5090,9.2986,48.7383,60.81614303588867,machine,0.0,0.0,0.0,0.0,N
dynamics_model_update_16,2026-09-14T18:00:25,mbpo_HalfCheetah-v5_seed14577,29423945-e60c-48eb-bcf0-6401f3d8e03a,2.5445322939995094,3.208243981143912e-05,1.260840470820679e-05,25.08498448340846,99.88651939059889,20.0,1.8256379882869433e-05,5.182670812797774e-05,1.4133842849999804e-05,8.421693086084654e-05,0.0,Germany,DEU,baden-wurttemberg,,,Linux-7.0.0-31-generic-x86_64-with-glibc2.43,3.14.4,3.3.0,24,Intel(R) Core(TM) Ultra 9 285K,1,1 x NVIDIA GeForce RTX 5090,9.2986,48.7383,60.81614303588867,machine,0.0,0.0,0.0,0.0,N
rollout_16,2026-09-14T18:00:26,mbpo_HalfCheetah-v5_seed14577,29423945-e60c-48eb-bcf0-6401f3d8e03a,0.21356516699961503,3.208498810542554e-06,1.5022912211171744e-05,25.100334095124094,99.82529826133371,20.0,1.5656337525038477e-06,5.671393426054383e-06,1.185334838879181e-06,8.422362017437846e-06,0.0,Germany,DEU,baden-wurttemberg,,,Linux-7.0.0-31-generic-x86_64-with-glibc2.43,3.14.4,3.3.0,24,Intel(R) Core(TM) Ultra 9 285K,1,1 x NVIDIA GeForce RTX 5090,9.2986,48.7383,60.81614303588867,machine,0.0,0.0,0.0,0.0,N
synthetic_rollout_generation_16,2026-09-14T18:00:26,mbpo_HalfCheetah-v5_seed14577,29423945-e60c-48eb-bcf0-6401f3d8e03a,0.006041230000846554,2.774165924670363e-08,4.585458856151986e-06,25.000917408263156,98.3992225718861,20.0,4.1096977335119966e-08,0.0,3.172533332785124e-08,7.282231066253753e-08,0.0,Germany,DEU,baden-wurttemberg,,,Linux-7.0.0-31-generic-x86_64-with-glibc2.43,3.14.4,3.3.0,24,Intel(R) Core(TM) Ultra 9 285K,1,1 x NVIDIA GeForce RTX 5090,9.2986,48.7383,60.81614303588867,machine,0.0,0.0,0.0,0.0,N
gradient_updates_16,2026-09-14T18:00:43,mbpo_HalfCheetah-v5_seed14577,29423945-e60c-48eb-bcf0-6401f3d8e03a,17.2584334029998,0.00025718201031658255,1.490182657994597e-05,24.90972885041615,98.36183947787136,20.0,0.00012023672341152092,0.0004589925894160074,9.58776836722285e-05,0.0006751069964997577,0.0,Germany,DEU,baden-wurttemberg,,,Linux-7.0.0-31-generic-x86_64-with-glibc2.43,3.14.4,3.3.0,24,Intel(R) Core(TM) Ultra 9 285K,1,1 x NVIDIA GeForce RTX 5090,9.2986,48.7383,60.81614303588867,machine,0.0,0.0,0.0,0.0,N
dynamics_model_update_17,2026-09-14T18:00:45,mbpo_HalfCheetah-v5_seed14577,29423945-e60c-48eb-bcf0-6401f3d8e03a,2.6707405779998226,3.436933182201715e-05,1.2868733606966847e-05,24.918020758183907,98.04073058834246,20.0,1.957392315911355e-05,5.581143353794449e-05,1.4834703211110897e-05,9.022005990816893e-05,0.0,Germany,DEU,baden-wurttemberg,,,Linux-7.0.0-31-generic-x86_64-with-glibc2.43,3.14.4,3.3.0,24,Intel(R) Core(TM) Ultra 9 285K,1,1 x NVIDIA GeForce RTX 5090,9.2986,48.7383,60.81614303588867,machine,0.0,0.0,0.0,0.0,N
rollout_17,2026-09-14T18:00:46,mbpo_HalfCheetah-v5_seed14577,29423945-e60c-48eb-bcf0-6401f3d8e03a,0.21246798300126102,2.469668212582224e-06,1.1623374569600804e-05,24.930539816434322,97.57199349910313,20.0,1.5391851202473106e-06,3.7644474560338814e-06,1.1792869999932391e-06,6.482919576274865e-06,0.0,Germany,DEU,baden-wurttemberg,,,Linux-7.0.0-31-generic-x86_64-with-glibc2.43,3.14.4,3.3.0,24,Intel(R) Core(TM) Ultra 9 285K,1,1 x NVIDIA GeForce RTX 5090,9.2986,48.7383,60.81614303588867,machine,0.0,0.0,0.0,0.0,N
synthetic_rollout_generation_17,2026-09-14T18:00:46,mbpo_HalfCheetah-v5_seed14577,29423945-e60c-48eb-bcf0-6401f3d8e03a,0.005937575002462836,3.262088814782321e-08,5.484642602402036e-06,24.854100334601416,96.25345304641255,20.0,4.850587213833801e-08,0.0,3.7124494439103733e-08,8.563036657700807e-08,0.0,Germany,DEU,baden-wurttemberg,,,Linux-7.0.0-31-generic-x86_64-with-glibc2.43,3.14.4,3.3.0,24,Intel(R) Core(TM) Ultra 9 285K,1,1 x NVIDIA GeForce RTX 5090,9.2986,48.7383,60.81614303588867,machine,0.0,0.0,0.0,0.0,N
gradient_updates_17,2026-09-14T18:01:03,mbpo_HalfCheetah-v5_seed14577,29423945-e60c-48eb-bcf0-6401f3d8e03a,17.190926846000366,0.0002591345939071321,1.5073923775393461e-05,24.785059482694088,96.24933406298824,20.0,0.00012660837545327985,0.00045812647761200864,9.549770739443681e-05,0.0006802325604597249,0.0,Germany,DEU,baden-wurttemberg,,,Linux-7.0.0-31-generic-x86_64-with-glibc2.43,3.14.4,3.3.0,24,Intel(R) Core(TM) Ultra 9 285K,1,1 x NVIDIA GeForce RTX 5090,9.2986,48.7383,60.81614303588867,machine,0.0,0.0,0.0,0.0,N
dynamics_model_update_18,2026-09-14T18:01:06,mbpo_HalfCheetah-v5_seed14577,29423945-e60c-48eb-bcf0-6401f3d8e03a,3.157450925999001,4.2024417432588376e-05,1.3309617233186903e-05,24.82067896469087,95.9747550115889,20.0,2.671276887018792e-05,6.607227507998692e-05,1.7529741277778378e-05,0.00011031478522795235,0.0,Germany,DEU,baden-wurttemberg,,,Linux-7.0.0-31-generic-x86_64-with-glibc2.43,3.14.4,3.3.0,24,Intel(R) Core(TM) Ultra 9 285K,1,1 x NVIDIA GeForce RTX 5090,9.2986,48.7383,60.81614303588867,machine,0.0,0.0,0.0,0.0,N
rollout_18,2026-09-14T18:01:06,mbpo_HalfCheetah-v5_seed14577,29423945-e60c-48eb-bcf0-6401f3d8e03a,0.20060700300018652,2.54621698571756e-06,1.2691946898941078e-05,24.92511602667176,95.59559086279894,20.0,1.8500570355961532e-06,3.7200029760486863e-06,1.1138013499981461e-06,6.683861361642118e-06,0.0,Germany,DEU,baden-wurttemberg,,,Linux-7.0.0-31-generic-x86_64-with-glibc2.43,3.14.4,3.3.0,24,Intel(R) Core(TM) Ultra 9 285K,1,1 x NVIDIA GeForce RTX 5090,9.2986,48.7383,60.81614303588867,machine,0.0,0.0,0.0,0.0,N
synthetic_rollout_generation_18,2026-09-14T18:01:06,mbpo_HalfCheetah-v5_seed14577,29423945-e60c-48eb-bcf0-6401f3d8e03a,0.005987795997498324,3.194044283921782e-08,5.325185749774147e-06,24.90798566165586,94.37000636455792,20.0,5.2557819818499496e-08,0.0,3.1286366659714904e-08,8.384418647908176e-08,0.0,Germany,DEU,baden-wurttemberg,,,Linux-7.0.0-31-generic-x86_64-with-glibc2.43,3.14.4,3.3.0,24,Intel(R) Core(TM) Ultra 9 285K,1,1 x NVIDIA GeForce RTX 5090,9.2986,48.7383,60.81614303588867,machine,0.0,0.0,0.0,0.0,N
gradient_updates_18,2026-09-14T18:01:24,mbpo_HalfCheetah-v5_seed14577,29423945-e60c-48eb-bcf0-6401f3d8e03a,17.408169419999467,0.0002537569848163569,1.457689965466349e-05,24.890862613649134,94.37506777024996,20.0,0.00011114758752911458,0.0004582592554959186,9.67094053444576e-05,0.0006661162483694895,0.0,Germany,DEU,baden-wurttemberg,,,Linux-7.0.0-31-generic-x86_64-with-glibc2.43,3.14.4,3.3.0,24,Intel(R) Core(TM) Ultra 9 285K,1,1 x NVIDIA GeForce RTX 5090,9.2986,48.7383,60.81614303588867,machine,0.0,0.0,0.0,0.0,N
dynamics_model_update_19,2026-09-14T18:01:27,mbpo_HalfCheetah-v5_seed14577,29423945-e60c-48eb-bcf0-6401f3d8e03a,2.8777346210008545,3.670477411260413e-05,1.2754659782255831e-05,24.87975034637639,94.12647827875489,20.0,2.083021083082448e-05,5.9535603184002195e-05,1.5984820222224045e-05,9.635063423705029e-05,0.0,Germany,DEU,baden-wurttemberg,,,Linux-7.0.0-31-generic-x86_64-with-glibc2.43,3.14.4,3.3.0,24,Intel(R) Core(TM) Ultra 9 285K,1,1 x NVIDIA GeForce RTX 5090,9.2986,48.7383,60.81614303588867,machine,0.0,0.0,0.0,0.0,N
rollout_19,2026-09-14T18:01:27,mbpo_HalfCheetah-v5_seed14577,29423945-e60c-48eb-bcf0-6401f3d8e03a,0.20897806599896285,2.4384443230484124e-06,1.1667915099153728e-05,24.89674881298582,93.75224700254076,20.0,1.539134286868138e-06,3.701947406009598e-06,1.1598746611019353e-06,6.400956353978804e-06,0.0,Germany,DEU,baden-wurttemberg,,,Linux-7.0.0-31-generic-x86_64-with-glibc2.43,3.14.4,3.3.0,24,Intel(R) Core(TM) Ultra 9 285K,1,1 x NVIDIA GeForce RTX 5090,9.2986,48.7383,60.81614303588867,machine,0.0,0.0,0.0,0.0,N
synthetic_rollout_generation_19,2026-09-14T18:01:27,mbpo_HalfCheetah-v5_seed14577,29423945-e60c-48eb-bcf0-6401f3d8e03a,0.006061227999452967,3.1722807948206255e-08,5.224400923196734e-06,24.871910675759093,92.60892691714392,20.0,5.164254131273527e-08,0.0,3.163035000586234e-08,8.327289131859761e-08,0.0,Germany,DEU,baden-wurttemberg,,,Linux-7.0.0-31-generic-x86_64-with-glibc2.43,3.14.4,3.3.0,24,Intel(R) Core(TM) Ultra 9 285K,1,1 x NVIDIA GeForce RTX 5090,9.2986,48.7383,60.81614303588867,machine,0.0,0.0,0.0,0.0,N
gradient_updates_19,2026-09-14T18:01:44,mbpo_HalfCheetah-v5_seed14577,29423945-e60c-48eb-bcf0-6401f3d8e03a,17.215765011998883,0.0002565296199655209,1.4900863403757274e-05,24.8494737619208,92.64087025067757,20.0,0.00012221395388219147,0.0004555398088760265,9.56406983666563e-05,0.0006733944611248752,0.0,Germany,DEU,baden-wurttemberg,,,Linux-7.0.0-31-generic-x86_64-with-glibc2.43,3.14.4,3.3.0,24,Intel(R) Core(TM) Ultra 9 285K,1,1 x NVIDIA GeForce RTX 5090,9.2986,48.7383,60.81614303588867,machine,0.0,0.0,0.0,0.0,N
dynamics_model_update_20,2026-09-14T18:01:47,mbpo_HalfCheetah-v5_seed14577,29423945-e60c-48eb-bcf0-6401f3d8e03a,3.0765700670017395,4.046136269917049e-05,1.3151450223790022e-05,24.8689668344084,92.43070422282925,20.0,2.5045630592038237e-05,6.407644014999603e-05,1.7089670166670935e-05,0.00010621174090870433,0.0,Germany,DEU,baden-wurttemberg,,,Linux-7.0.0-31-generic-x86_64-with-glibc2.43,3.14.4,3.3.0,24,Intel(R) Core(TM) Ultra 9 285K,1,1 x NVIDIA GeForce RTX 5090,9.2986,48.7383,60.81614303588867,machine,0.0,0.0,0.0,0.0,N
rollout_20,2026-09-14T18:01:47,mbpo_HalfCheetah-v5_seed14577,29423945-e60c-48eb-bcf0-6401f3d8e03a,0.20120678999956,2.56136954367419e-06,1.272960479455049e-05,24.961905830247442,92.13513923573691,20.0,1.8499553688521193e-06,3.7575030060188475e-06,1.1161787000068396e-06,6.723637074875638e-06,0.0,Germany,DEU,baden-wurttemberg,,,Linux-7.0.0-31-generic-x86_64-with-glibc2.43,3.14.4,3.3.0,24,Intel(R) Core(TM) Ultra 9 285K,1,1 x NVIDIA GeForce RTX 5090,9.2986,48.7383,60.81614303588867,machine,0.0,0.0,0.0,0.0,N
synthetic_rollout_generation_20,2026-09-14T18:01:47,mbpo_HalfCheetah-v5_seed14577,29423945-e60c-48eb-bcf0-6401f3d8e03a,0.006031288001395296,3.0533026389341356e-08,5.055320956077098e-06,24.935193572323072,91.06380040741439,20.0,4.955726186795656e-08,0.0,3.0592433338753194e-08,8.014969520714343e-08,0.0,Germany,DEU,baden-wurttemberg,,,Linux-7.0.0-31-generic-x86_64-with-glibc2.43,3.14.4,3.3.0,24,Intel(R) Core(TM) Ultra 9 285K,1,1 x NVIDIA GeForce RTX 5090,9.2986,48.7383,60.81614303588867,machine,0.0,0.0,0.0,0.0,N
gradient_updates_20,2026-09-14T18:02:04,mbpo_HalfCheetah-v5_seed14577,29423945-e60c-48eb-bcf0-6401f3d8e03a,16.552737093999895,0.00024892877251935213,1.5038534902087019e-05,24.910765926941142,91.13179405882141,20.0,0.00011558632746898811,0.00044589869005196014,9.195709435555e-05,0.0006534421118764983,0.0,Germany,DEU,baden-wurttemberg,,,Linux-7.0.0-31-generic-x86_64-with-glibc2.43,3.14.4,3.3.0,24,Intel(R) Core(TM) Ultra 9 285K,1,1 x NVIDIA GeForce RTX 5090,9.2986,48.7383,60.81614303588867,machine,0.0,0.0,0.0,0.0,N
dynamics_model_update_21,2026-09-14T18:02:08,mbpo_HalfCheetah-v5_seed14577,29423945-e60c-48eb-bcf0-6401f3d8e03a,3.7805859959989903,4.63164878357885e-05,1.225107559641108e-05,24.913903175482787,90.89653595415102,20.0,2.662638741220396e-05,7.395450360803135e-05,2.1000649433335853e-05,0.00012158154045357333,0.0,Germany,DEU,baden-wurttemberg,,,Linux-7.0.0-31-generic-x86_64-with-glibc2.43,3.14.4,3.3.0,24,Intel(R) Core(TM) Ultra 9 285K,1,1 x NVIDIA GeForce RTX 5090,9.2986,48.7383,60.81614303588867,machine,0.0,0.0,0.0,0.0,N
rollout_21,2026-09-14T18:02:08,mbpo_HalfCheetah-v5_seed14577,29423945-e60c-48eb-bcf0-6401f3d8e03a,0.20072922699910123,2.577029935088397e-06,1.2838486910895964e-05,25.007232088894316,90.6371543487878,20.0,1.8713514970802175e-06,3.7791696899658334e-06,1.1142246722252447e-06,6.764745859269561e-06,0.0,Germany,DEU,baden-wurttemberg,,,Linux-7.0.0-31-generic-x86_64-with-glibc2.43,3.14.4,3.3.0,24,Intel(R) Core(TM) Ultra 9 285K,1,1 x NVIDIA GeForce RTX 5090,9.2986,48.7383,60.81614303588867,machine,0.0,0.0,0.0,0.0,N
synthetic_rollout_generation_21,2026-09-14T18:02:08,mbpo_HalfCheetah-v5_seed14577,29423945-e60c-48eb-bcf0-6401f3d8e03a,0.006101094000769081,2.863864074012512e-08,4.693777259688439e-06,24.946547989672485,89.6300748560235,20.0,4.3928090697961664e-08,0.0,3.124881109732233e-08,7.51769017974524e-08,0.0,Germany,DEU,baden-wurttemberg,,,Linux-7.0.0-31-generic-x86_64-with-glibc2.43,3.14.4,3.3.0,24,Intel(R) Core(TM) Ultra 9 285K,1,1 x NVIDIA GeForce RTX 5090,9.2986,48.7383,60.81614303588867,machine,0.0,0.0,0.0,0.0,N
gradient_updates_21,2026-09-14T18:02:24,mbpo_HalfCheetah-v5_seed14577,29423945-e60c-48eb-bcf0-6401f3d8e03a,16.225836797999364,0.0002416367233185222,1.4892105666698259e-05,24.889753249303528,89.71361322217379,20.0,0.0001059283277981501,0.0004382311839180031,9.014085137223427e-05,0.00063430036308839,0.0,Germany,DEU,baden-wurttemberg,,,Linux-7.0.0-31-generic-x86_64-with-glibc2.43,3.14.4,3.3.0,24,Intel(R) Core(TM) Ultra 9 285K,1,1 x NVIDIA GeForce RTX 5090,9.2986,48.7383,60.81614303588867,machine,0.0,0.0,0.0,0.0,N
dynamics_model_update_22,2026-09-14T18:02:28,mbpo_HalfCheetah-v5_seed14577,29423945-e60c-48eb-bcf0-6401f3d8e03a,3.984197937999852,4.808554871921309e-05,1.2069081131934735e-05,24.870535815067345,89.52203157723795,20.0,2.434828808972611e-05,7.975145269001338e-05,2.2125613516658926e-05,0.00012622535429639842,0.0,Germany,DEU,baden-wurttemberg,,,Linux-7.0.0-31-generic-x86_64-with-glibc2.43,3.14.4,3.3.0,24,Intel(R) Core(TM) Ultra 9 285K,1,1 x NVIDIA GeForce RTX 5090,9.2986,48.7383,60.81614303588867,machine,0.0,0.0,0.0,0.0,N
rollout_22,2026-09-14T18:02:28,mbpo_HalfCheetah-v5_seed14577,29423945-e60c-48eb-bcf0-6401f3d8e03a,0.20773922999796923,2.4086122147291833e-06,1.1593866847296782e-05,24.88108140309037,89.24251346987882,20.0,1.5063620384218879e-06,3.663336264003725e-06,1.1529482777808756e-06,6.322646580205621e-06,0.0,Germany,DEU,baden-wurttemberg,,,Linux-7.0.0-31-generic-x86_64-with-glibc2.43,3.14.4,3.3.0,24,Intel(R) Core(TM) Ultra 9 285K,1,1 x NVIDIA GeForce RTX 5090,9.2986,48.7383,60.81614303588867,machine,0.0,0.0,0.0,0.0,N
synthetic_rollout_generation_22,2026-09-14T18:02:28,mbpo_HalfCheetah-v5_seed14577,29423945-e60c-48eb-bcf0-6401f3d8e03a,0.007459268999809865,3.4823258840757654e-08,4.662245602885347e-06,24.857733616093473,88.2931250287099,20.0,6.000060355591114e-08,0.0,3.1411022225966145e-08,9.14116257792752e-08,0.0,Germany,DEU,baden-wurttemberg,,,Linux-7.0.0-31-generic-x86_64-with-glibc2.43,3.14.4,3.3.0,24,Intel(R) Core(TM) Ultra 9 285K,1,1 x NVIDIA GeForce RTX 5090,9.2986,48.7383,60.81614303588867,machine,0.0,0.0,0.0,0.0,N
gradient_updates_22,2026-09-14T18:02:44,mbpo_HalfCheetah-v5_seed14577,29423945-e60c-48eb-bcf0-6401f3d8e03a,16.008990481001092,0.0002442856050395596,1.525928497217642e-05,24.83731049237699,88.39093038205704,20.0,0.00011837417108814981,0.0004339431249320014,8.893642504444882e-05,0.0006412537210646017,0.0,Germany,DEU,baden-wurttemberg,,,Linux-7.0.0-31-generic-x86_64-with-glibc2.43,3.14.4,3.3.0,24,Intel(R) Core(TM) Ultra 9 285K,1,1 x NVIDIA GeForce RTX 5090,9.2986,48.7383,60.81614303588867,machine,0.0,0.0,0.0,0.0,N
dynamics_model_update_23,2026-09-14T18:02:48,mbpo_HalfCheetah-v5_seed14577,29423945-e60c-48eb-bcf0-6401f3d8e03a,4.066826919002779,5.077112769961804e-05,1.2484134783140577e-05,24.853425562481277,88.2255576449431,20.0,2.8773481907655874e-05,8.19106210839804e-05,2.2590940188881026e-05,0.00013327504318051686,0.0,Germany,DEU,baden-wurttemberg,,,Linux-7.0.0-31-generic-x86_64-with-glibc2.43,3.14.4,3.3.0,24,Intel(R) Core(TM) Ultra 9 285K,1,1 x NVIDIA GeForce RTX 5090,9.2986,48.7383,60.81614303588867,machine,0.0,0.0,0.0,0.0,N
rollout_23,2026-09-14T18:02:49,mbpo_HalfCheetah-v5_seed14577,29423945-e60c-48eb-bcf0-6401f3d8e03a,0.1994783810005174,2.5113912917743356e-06,1.2589191966227832e-05,24.93493864464774,87.99565809307556,20.0,1.8339845227421069e-06,3.6511140320549806e-06,1.107344788882532e-06,6.592443343677451e-06,0.0,Germany,DEU,baden-wurttemberg,,,Linux-7.0.0-31-generic-x86_64-with-glibc2.43,3.14.4,3.3.0,24,Intel(R) Core(TM) Ultra 9 285K,1,1 x NVIDIA GeForce RTX 5090,9.2986,48.7383,60.81614303588867,machine,0.0,0.0,0.0,0.0,N
synthetic_rollout_generation_23,2026-09-14T18:02:49,mbpo_HalfCheetah-v5_seed14577,29423945-e60c-48eb-bcf0-6401f3d8e03a,0.0059771809974336065,2.7991986051127682e-08,4.675856360203789e-06,24.873906663989484,87.09774321457479,20.0,4.2165033731916823e-08,0.0,3.131438889875798e-08,7.347942262980744e-08,0.0,Germany,DEU,baden-wurttemberg,,,Linux-7.0.0-31-generic-x86_64-with-glibc2.43,3.14.4,3.3.0,24,Intel(R) Core(TM) Ultra 9 285K,1,1 x NVIDIA GeForce RTX 5090,9.2986,48.7383,60.81614303588867,machine,0.0,0.0,0.0,0.0,N
gradient_updates_23,2026-09-14T18:03:05,mbpo_HalfCheetah-v5_seed14577,29423945-e60c-48eb-bcf0-6401f3d8e03a,16.261231460001,0.0002425836894880077,1.4917927765924249e-05,24.817272046280184,87.19469028667002,20.0,0.00010968398385822814,0.00043676451607799205,9.033766488333221e-05,0.0006367861648195507,0.0,Germany,DEU,baden-wurttemberg,,,Linux-7.0.0-31-generic-x86_64-with-glibc2.43,3.14.4,3.3.0,24,Intel(R) Core(TM) Ultra 9 285K,1,1 x NVIDIA GeForce RTX 5090,9.2986,48.7383,60.81614303588867,machine,0.0,0.0,0.0,0.0,N
dynamics_model_update_24,2026-09-14T18:03:11,mbpo_HalfCheetah-v5_seed14577,29423945-e60c-48eb-bcf0-6401f3d8e03a,5.70629449000262,6.817210658787744e-05,1.1946828660924908e-05,24.807783132559642,87.03339475359581,20.0,3.459317378562768e-05,0.00011265536790205921,3.170435656110271e-05,0.0001789528982487909,0.0,Germany,DEU,baden-wurttemberg,,,Linux-7.0.0-31-generic-x86_64-with-glibc2.43,3.14.4,3.3.0,24,Intel(R) Core(TM) Ultra 9 285K,1,1 x NVIDIA GeForce RTX 5090,9.2986,48.7383,60.81614303588867,machine,0.0,0.0,0.0,0.0,N
rollout_24,2026-09-14T18:03:11,mbpo_HalfCheetah-v5_seed14577,29423945-e60c-48eb-bcf0-6401f3d8e03a,0.20741805000216118,2.3797439915890922e-06,1.147263893967792e-05,24.815317249957673,86.79200881256409,20.0,1.4877970235700755e-06,3.6077806639389642e-06,1.151289333332483e-06,6.246867020841956e-06,0.0,Germany,DEU,baden-wurttemberg,,,Linux-7.0.0-31-generic-x86_64-with-glibc2.43,3.14.4,3.3.0,24,Intel(R) Core(TM) Ultra 9 285K,1,1 x NVIDIA GeForce RTX 5090,9.2986,48.7383,60.81614303588867,machine,0.0,0.0,0.0,0.0,N
synthetic_rollout_generation_24,2026-09-14T18:03:11,mbpo_HalfCheetah-v5_seed14577,29423945-e60c-48eb-bcf0-6401f3d8e03a,0.00598182499743416,3.063765008359809e-08,5.113935689709026e-06,24.735798708878654,85.9411067653821,20.0,4.26567007922804e-08,0.0,3.77676333302053e-08,8.042433412291938e-08,0.0,Germany,DEU,baden-wurttemberg,,,Linux-7.0.0-31-generic-x86_64-with-glibc2.43,3.14.4,3.3.0,24,Intel(R) Core(TM) Ultra 9 285K,1,1 x NVIDIA GeForce RTX 5090,9.2986,48.7383,60.81614303588867,machine,0.0,0.0,0.0,0.0,N
gradient_updates_24,2026-09-14T18:03:27,mbpo_HalfCheetah-v5_seed14577,29423945-e60c-48eb-bcf0-6401f3d8e03a,15.987243923998903,0.00024340058689465913,1.5224684990886926e-05,24.663810703248807,86.0514272646763,20.0,0.00011800991079674236,0.0004321056234620202,8.881499965555104e-05,0.0006389305339143149,0.0,Germany,DEU,baden-wurttemberg,,,Linux-7.0.0-31-generic-x86_64-with-glibc2.43,3.14.4,3.3.0,24,Intel(R) Core(TM) Ultra 9 285K,1,1 x NVIDIA GeForce RTX 5090,9.2986,48.7383,60.81614303588867,machine,0.0,0.0,0.0,0.0,N
dynamics_model_update_25,2026-09-14T18:03:32,mbpo_HalfCheetah-v5_seed14577,29423945-e60c-48eb-bcf0-6401f3d8e03a,5.060785498000769,6.194834056291211e-05,1.2240810901537222e-05,24.68046561991486,85.89823966779934,20.0,3.5905274835308296e-05,9.859007887197402e-05,2.8120056616676593e-05,0.00016261541032395674,0.0,Germany,DEU,baden-wurttemberg,,,Linux-7.0.0-31-generic-x86_64-with-glibc2.43,3.14.4,3.3.0,24,Intel(R) Core(TM) Ultra 9 285K,1,1 x NVIDIA GeForce RTX 5090,9.2986,48.7383,60.81614303588867,machine,0.0,0.0,0.0,0.0,N
rollout_25,2026-09-14T18:03:32,mbpo_HalfCheetah-v5_seed14577,29423945-e60c-48eb-bcf0-6401f3d8e03a,0.20407688599880203,2.576395568989684e-06,1.2624860689596564e-05,24.758977317331023,85.70990418514852,20.0,1.884982896873874e-06,3.745558552092909e-06,1.132539188882821e-06,6.7630806378504715e-06,0.0,Germany,DEU,baden-wurttemberg,,,Linux-7.0.0-31-generic-x86_64-with-glibc2.43,3.14.4,3.3.0,24,Intel(R) Core(TM) Ultra 9 285K,1,1 x NVIDIA GeForce RTX 5090,9.2986,48.7383,60.81614303588867,machine,0.0,0.0,0.0,0.0,N
synthetic_rollout_generation_25,2026-09-14T18:03:32,mbpo_HalfCheetah-v5_seed14577,29423945-e60c-48eb-bcf0-6401f3d8e03a,0.005991490997985238,3.2956102990686076e-08,5.492736011518571e-06,24.760607780113308,84.90132018340184,20.0,5.5474211045972166e-08,0.0,3.1036099992082233e-08,8.651031103978912e-08,0.0,Germany,DEU,baden-wurttemberg,,,Linux-7.0.0-31-generic-x86_64-with-glibc2.43,3.14.4,3.3.0,24,Intel(R) Core(TM) Ultra 9 285K,1,1 x NVIDIA GeForce RTX 5090,9.2986,48.7383,60.81614303588867,machine,0.0,0.0,0.0,0.0,N
gradient_updates_25,2026-09-14T18:03:48,mbpo_HalfCheetah-v5_seed14577,29423945-e60c-48eb-bcf0-6401f3d8e03a,16.04976161399827,0.0002429494000894348,1.5137268176813443e-05,24.763023568909194,85.01082075629988,20.0,0.00011779454145777971,0.0004307800668460482,8.917155284444674e-05,0.0006377461611482733,0.0,Germany,DEU,baden-wurttemberg,,,Linux-7.0.0-31-generic-x86_64-with-glibc2.43,3.14.4,3.3.0,24,Intel(R) Core(TM) Ultra 9 285K,1,1 x NVIDIA GeForce RTX 5090,9.2986,48.7383,60.81614303588867,machine,0.0,0.0,0.0,0.0,N
dynamics_model_update_26,2026-09-14T18:03:53,mbpo_HalfCheetah-v5_seed14577,29423945-e60c-48eb-bcf0-6401f3d8e03a,4.491152766997402,5.5707420670569885e-05,1.2403813134032817e-05,24.7769277543281,84.88618506017572,20.0,3.202681951032429e-05,8.925701584994172e-05,2.494905785555999e-05,0.0001462328932158273,0.0,Germany,DEU,baden-wurttemberg,,,Linux-7.0.0-31-generic-x86_64-with-glibc2.43,3.14.4,3.3.0,24,Intel(R) Core(TM) Ultra 9 285K,1,1 x NVIDIA GeForce RTX 5090,9.2986,48.7383,60.81614303588867,machine,0.0,0.0,0.0,0.0,N
rollout_26,2026-09-14T18:03:53,mbpo_HalfCheetah-v5_seed14577,29423945-e60c-48eb-bcf0-6401f3d8e03a,0.19932900899948436,2.5486190934134734e-06,1.2785436357308833e-05,24.85460282727086,84.72492419576179,20.0,1.8593820430602703e-06,3.7244474240250014e-06,1.1063374666668742e-06,6.690166933751712e-06,0.0,Germany,DEU,baden-wurttemberg,,,Linux-7.0.0-31-generic-x86_64-with-glibc2.43,3.14.4,3.3.0,24,Intel(R) Core(TM) Ultra 9 285K,1,1 x NVIDIA GeForce RTX 5090,9.2986,48.7383,60.81614303588867,machine,0.0,0.0,0.0,0.0,N
synthetic_rollout_generation_26,2026-09-14T18:03:53,mbpo_HalfCheetah-v5_seed14577,29423945-e60c-48eb-bcf0-6401f3d8e03a,0.006051499000022886,3.084805925285261e-08,5.09093531353533e-06,24.828258974129877,83.95469761216395,20.0,4.92855949836557e-08,0.0,3.169106665978916e-08,8.097666164344486e-08,0.0,Germany,DEU,baden-wurttemberg,,,Linux-7.0.0-31-generic-x86_64-with-glibc2.43,3.14.4,3.3.0,24,Intel(R) Core(TM) Ultra 9 285K,1,1 x NVIDIA GeForce RTX 5090,9.2986,48.7383,60.81614303588867,machine,0.0,0.0,0.0,0.0,N
gradient_updates_26,2026-09-14T18:04:09,mbpo_HalfCheetah-v5_seed14577,29423945-e60c-48eb-bcf0-6401f3d8e03a,16.17007226699934,0.00024113092141824811,1.4912180234581551e-05,24.803675262446134,84.06806537009162,20.0,0.00010953209151449202,0.0004336095135539786,8.983101973333548e-05,0.0006329726248018065,0.0,Germany,DEU,baden-wurttemberg,,,Linux-7.0.0-31-generic-x86_64-with-glibc2.43,3.14.4,3.3.0,24,Intel(R) Core(TM) Ultra 9 285K,1,1 x NVIDIA GeForce RTX 5090,9.2986,48.7383,60.81614303588867,machine,0.0,0.0,0.0,0.0,N
dynamics_model_update_27,2026-09-14T18:04:14,mbpo_HalfCheetah-v5_seed14577,29423945-e60c-48eb-bcf0-6401f3d8e03a,4.610618099999556,5.6774684501527395e-05,1.231383837890678e-05,24.801834928755795,83.95053469170016,20.0,3.261870692827795e-05,9.080340597594772e-05,2.5612365377774855e-05,0.0001490344782820001,0.0,Germany,DEU,baden-wurttemberg,,,Linux-7.0.0-31-generic-x86_64-with-glibc2.43,3.14.4,3.3.0,24,Intel(R) Core(TM) Ultra 9 285K,1,1 x NVIDIA GeForce RTX 5090,9.2986,48.7383,60.81614303588867,machine,0.0,0.0,0.0,0.0,N
rollout_27,2026-09-14T18:04:14,mbpo_HalfCheetah-v5_seed14577,29423945-e60c-48eb-bcf0-6401f3d8e03a,0.20033949199932977,2.569236780382636e-06,1.2824169995803863e-05,24.883879096556836,83.79903465141139,20.0,1.9153648656245956e-06,3.716947418019867e-06,1.1119764166626217e-06,6.744288700309686e-06,0.0,Germany,DEU,baden-wurttemberg,,,Linux-7.0.0-31-generic-x86_64-with-glibc2.43,3.14.4,3.3.0,24,Intel(R) Core(TM) Ultra 9 285K,1,1 x NVIDIA GeForce RTX 5090,9.2986,48.7383,60.81614303588867,machine,0.0,0.0,0.0,0.0,N
synthetic_rollout_generation_27,2026-09-14T18:04:14,mbpo_HalfCheetah-v5_seed14577,29423945-e60c-48eb-bcf0-6401f3d8e03a,0.006088123001973145,3.214901516356006e-08,5.280710845134563e-06,24.87213870774014,83.06395540008322,20.0,5.2812264472214265e-08,0.0,3.157942778152581e-08,8.439169225243903e-08,0.0,Germany,DEU,baden-wurttemberg,,,Linux-7.0.0-31-generic-x86_64-with-glibc2.43,3.14.4,3.3.0,24,Intel(R) Core(TM) Ultra 9 285K,1,1 x NVIDIA GeForce RTX 5090,9.2986,48.7383,60.81614303588867,machine,0.0,0.0,0.0,0.0,N
gradient_updates_27,2026-09-14T18:04:30,mbpo_HalfCheetah-v5_seed14577,29423945-e60c-48eb-bcf0-6401f3d8e03a,15.904443999999785,0.00024312234343443553,1.5286447896010322e-05,24.862552350490336,83.18806470484814,20.0,0.00011988677202045238,0.00042996728841804277,8.834607982777633e-05,0.0006382001402662693,0.0,Germany,DEU,baden-wurttemberg,,,Linux-7.0.0-31-generic-x86_64-with-glibc2.43,3.14.4,3.3.0,24,Intel(R) Core(TM) Ultra 9 285K,1,1 x NVIDIA GeForce RTX 5090,9.2986,48.7383,60.81614303588867,machine,0.0,0.0,0.0,0.0,N
dynamics_model_update_28,2026-09-14T18:04:37,mbpo_HalfCheetah-v5_seed14577,29423945-e60c-48eb-bcf0-6401f3d8e03a,7.197747034999338,8.913538842730308e-05,1.238379449969648e-05,24.88032229954724,83.0878779929607,20.0,5.0915403787846376e-05,0.00014308122557599168,3.998522764444125e-05,0.000233981857008278,0.0,Germany,DEU,baden-wurttemberg,,,Linux-7.0.0-31-generic-x86_64-with-glibc2.43,3.14.4,3.3.0,24,Intel(R) Core(TM) Ultra 9 285K,1,1 x NVIDIA GeForce RTX 5090,9.2986,48.7383,60.81614303588867,machine,0.0,0.0,0.0,0.0,N
rollout_28,2026-09-14T18:04:37,mbpo_HalfCheetah-v5_seed14577,29423945-e60c-48eb-bcf0-6401f3d8e03a,0.2001380169967888,2.5671661486714042e-06,1.282712388402777e-05,24.953156124720447,82.95506623198588,20.0,1.8756748338720833e-06,3.7525030019969208e-06,1.1106754222258743e-06,6.738853258095312e-06,0.0,Germany,DEU,baden-wurttemberg,,,Linux-7.0.0-31-generic-x86_64-with-glibc2.43,3.14.4,3.3.0,24,Intel(R) Core(TM) Ultra 9 285K,1,1 x NVIDIA GeForce RTX 5090,9.2986,48.7383,60.81614303588867,machine,0.0,0.0,0.0,0.0,N
synthetic_rollout_generation_28,2026-09-14T18:04:37,mbpo_HalfCheetah-v5_seed14577,29423945-e60c-48eb-bcf0-6401f3d8e03a,0.006080743001803057,3.154417394651832e-08,5.17923953804551e-06,24.933711551001377,82.2520571961216,20.0,5.101531859019043e-08,0.0,3.178865554207683e-08,8.280397413226726e-08,0.0,Germany,DEU,baden-wurttemberg,,,Linux-7.0.0-31-generic-x86_64-with-glibc2.43,3.14.4,3.3.0,24,Intel(R) Core(TM) Ultra 9 285K,1,1 x NVIDIA GeForce RTX 5090,9.2986,48.7383,60.81614303588867,machine,0.0,0.0,0.0,0.0,N
gradient_updates_28,2026-09-14T18:04:53,mbpo_HalfCheetah-v5_seed14577,29423945-e60c-48eb-bcf0-6401f3d8e03a,15.997487999997247,0.0002450250638437821,1.531647997882286e-05,24.917096940306827,82.37864537271423,20.0,0.00012188389000703393,0.0004324384015060301,8.887252104444396e-05,0.0006431948125575071,0.0,Germany,DEU,baden-wurttemberg,,,Linux-7.0.0-31-generic-x86_64-with-glibc2.43,3.14.4,3.3.0,24,Intel(R) Core(TM) Ultra 9 285K,1,1 x NVIDIA GeForce RTX 5090,9.2986,48.7383,60.81614303588867,machine,0.0,0.0,0.0,0.0,N
dynamics_model_update_29,2026-09-14T18:04:59,mbpo_HalfCheetah-v5_seed14577,29423945-e60c-48eb-bcf0-6401f3d8e03a,5.765456156001164,7.210847071422062e-05,1.250694438952629e-05,24.9358185545292,82.29490688551407,20.0,4.14273528640775e-05,0.00011583064821996114,3.202791757778156e-05,0.00018928591866182107,0.0,Germany,DEU,baden-wurttemberg,,,Linux-7.0.0-31-generic-x86_64-with-glibc2.43,3.14.4,3.3.0,24,Intel(R) Core(TM) Ultra 9 285K,1,1 x NVIDIA GeForce RTX 5090,9.2986,48.7383,60.81614303588867,machine,0.0,0.0,0.0,0.0,N
rollout_29,2026-09-14T18:04:59,mbpo_HalfCheetah-v5_seed14577,29423945-e60c-48eb-bcf0-6401f3d8e03a,0.19963527800064185,2.572384927406954e-06,1.288491854734249e-05,25.011883616935915,82.17133980164058,20.0,1.9126351412180123e-06,3.731947430030136e-06,1.10797006665133e-06,6.752552637899478e-06,0.0,Germany,DEU,baden-wurttemberg,,,Linux-7.0.0-31-generic-x86_64-with-glibc2.43,3.14.4,3.3.0,24,Intel(R) Core(TM) Ultra 9 285K,1,1 x NVIDIA GeForce RTX 5090,9.2986,48.7383,60.81614303588867,machine,0.0,0.0,0.0,0.0,N
synthetic_rollout_generation_29,2026-09-14T18:04:59,mbpo_HalfCheetah-v5_seed14577,29423945-e60c-48eb-bcf0-6401f3d8e03a,0.006083339998440351,3.3388699364339525e-08,5.482500039903707e-06,25.010280058341067,81.497804229496,20.0,5.5914766954566486e-08,0.0,3.173111666303352e-08,8.764588362020209e-08,0.0,Germany,DEU,baden-wurttemberg,,,Linux-7.0.0-31-generic-x86_64-with-glibc2.43,3.14.4,3.3.0,24,Intel(R) Core(TM) Ultra 9 285K,1,1 x NVIDIA GeForce RTX 5090,9.2986,48.7383,60.81614303588867,machine,0.0,0.0,0.0,0.0,N
gradient_updates_29,2026-09-14T18:05:15,mbpo_HalfCheetah-v5_seed14577,29423945-e60c-48eb-bcf0-6401f3d8e03a,16.11361775899786,0.0002440167886387113,1.5143532715786306e-05,25.009373219956817,81.62293310586662,20.0,0.00011736853389475183,0.0004336622913739818,8.95172483333425e-05,0.000640548073602077,0.0,Germany,DEU,baden-wurttemberg,,,Linux-7.0.0-31-generic-x86_64-with-glibc2.43,3.14.4,3.3.0,24,Intel(R) Core(TM) Ultra 9 285K,1,1 x NVIDIA GeForce RTX 5090,9.2986,48.7383,60.81614303588867,machine,0.0,0.0,0.0,0.0,N
dynamics_model_update_30,2026-09-14T18:05:20,mbpo_HalfCheetah-v5_seed14577,29423945-e60c-48eb-bcf0-6401f3d8e03a,4.3496299520011235,5.809816217701609e-05,1.3357042535795276e-05,25.027943358676627,81.56596244908089,20.0,3.830168008576388e-05,9.005146093005179e-05,2.415548787778124e-05,0.00015250862889359604,0.0,Germany,DEU,baden-wurttemberg,,,Linux-7.0.0-31-generic-x86_64-with-glibc2.43,3.14.4,3.3.0,24,Intel(R) Core(TM) Ultra 9 285K,1,1 x NVIDIA GeForce RTX 5090,9.2986,48.7383,60.81614303588867,machine,0.0,0.0,0.0,0.0,N
rollout_30,2026-09-14T18:05:20,mbpo_HalfCheetah-v5_seed14577,29423945-e60c-48eb-bcf0-6401f3d8e03a,0.20009540299724904,2.563868746726164e-06,1.2812798123560821e-05,25.09908895432451,81.4488217442188,20.0,1.9046156903585604e-06,3.715558527961349e-06,1.1100233055713615e-06,6.730197523889536e-06,0.0,Germany,DEU,baden-wurttemberg,,,Linux-7.0.0-31-generic-x86_64-with-glibc2.43,3.14.4,3.3.0,24,Intel(R) Core(TM) Ultra 9 285K,1,1 x NVIDIA GeForce RTX 5090,9.2986,48.7383,60.81614303588867,machine,0.0,0.0,0.0,0.0,N
synthetic_rollout_generation_30,2026-09-14T18:05:20,mbpo_HalfCheetah-v5_seed14577,29423945-e60c-48eb-bcf0-6401f3d8e03a,0.006144488997961162,3.1820491977474497e-08,5.169993313794594e-06,25.080295879939282,80.80240252402659,20.0,5.160837461982287e-08,0.0,3.192093887913888e-08,8.352931349722703e-08,0.0,Germany,DEU,baden-wurttemberg,,,Linux-7.0.0-31-generic-x86_64-with-glibc2.43,3.14.4,3.3.0,24,Intel(R) Core(TM) Ultra 9 285K,1,1 x NVIDIA GeForce RTX 5090,9.2986,48.7383,60.81614303588867,machine,0.0,0.0,0.0,0.0,N
gradient_updates_30,2026-09-14T18:05:37,mbpo_HalfCheetah-v5_seed14577,29423945-e60c-48eb-bcf0-6401f3d8e03a,16.90071677600281,0.00025498393163424574,1.5087175343877005e-05,25.064151167202454,80.91233928084628,20.0,0.000130573365014164,0.0004448736892320171,9.38899496499895e-05,0.0006693370038961706,0.0,Germany,DEU,baden-wurttemberg,,,Linux-7.0.0-31-generic-x86_64-with-glibc2.43,3.14.4,3.3.0,24,Intel(R) Core(TM) Ultra 9 285K,1,1 x NVIDIA GeForce RTX 5090,9.2986,48.7383,60.81614303588867,machine,0.0,0.0,0.0,0.0,N
dynamics_model_update_31,2026-09-14T18:05:41,mbpo_HalfCheetah-v5_seed14577,29423945-e60c-48eb-bcf0-6401f3d8e03a,4.324179588998959,5.612202293727407e-05,1.29785914189534e-05,25.089127335585623,80.8472261690568,20.0,3.613008695960238e-05,8.717034751398733e-05,2.4020796494449853e-05,0.0001473212309680387,0.0,Germany,DEU,baden-wurttemberg,,,Linux-7.0.0-31-generic-x86_64-with-glibc2.43,3.14.4,3.3.0,24,Intel(R) Core(TM) Ultra 9 285K,1,1 x NVIDIA GeForce RTX 5090,9.2986,48.7383,60.81614303588867,machine,0.0,0.0,0.0,0.0,N
rollout_31,2026-09-14T18:05:41,mbpo_HalfCheetah-v5_seed14577,29423945-e60c-48eb-bcf0-6401f3d8e03a,0.19915918699916801,2.563702416885638e-06,1.2872441047314023e-05,25.15328589046514,80.74786439134914,20.0,1.8644173248663631e-06,3.760280786024861e-06,1.105062794441898e-06,6.729760905332255e-06,0.0,Germany,DEU,baden-wurttemberg,,,Linux-7.0.0-31-generic-x86_64-with-glibc2.43,3.14.4,3.3.0,24,Intel(R) Core(TM) Ultra 9 285K,1,1 x NVIDIA GeForce RTX 5090,9.2986,48.7383,60.81614303588867,machine,0.0,0.0,0.0,0.0,N
synthetic_rollout_generation_31,2026-09-14T18:05:41,mbpo_HalfCheetah-v5_seed14577,29423945-e60c-48eb-bcf0-6401f3d8e03a,0.006058650997147197,3.1233250855425276e-08,5.144653971154469e-06,25.132754273772647,80.12672697295415,20.0,5.04386514620786e-08,0.0,3.154914445750029e-08,8.19877959169768e-08,0.0,Germany,DEU,baden-wurttemberg,,,Linux-7.0.0-31-generic-x86_64-with-glibc2.43,3.14.4,3.3.0,24,Intel(R) Core(TM) Ultra 9 285K,1,1 x NVIDIA GeForce RTX 5090,9.2986,48.7383,60.81614303588867,machine,0.0,0.0,0.0,0.0,N
gradient_updates_31,2026-09-14T18:05:57,mbpo_HalfCheetah-v5_seed14577,29423945-e60c-48eb-bcf0-6401f3d8e03a,16.116925858998002,0.0002414546699003716,1.498144211722809e-05,25.113809546671828,80.24984501290301,20.0,0.00011337016180716815,0.0004309164558439771,8.953585222777009e-05,0.0006338224698789127,0.0,Germany,DEU,baden-wurttemberg,,,Linux-7.0.0-31-generic-x86_64-with-glibc2.43,3.14.4,3.3.0,24,Intel(R) Core(TM) Ultra 9 285K,1,1 x NVIDIA GeForce RTX 5090,9.2986,48.7383,60.81614303588867,machine,0.0,0.0,0.0,0.0,N
dynamics_model_update_32,2026-09-14T18:06:03,mbpo_HalfCheetah-v5_seed14577,29423945-e60c-48eb-bcf0-6401f3d8e03a,5.421897724998416,6.589916051257146e-05,1.2154277112961585e-05,25.111648745107303,80.19102618905006,20.0,3.3704927241698206e-05,0.00010916230955199113,3.0119140716669546e-05,0.00017298637751035975,0.0,Germany,DEU,baden-wurttemberg,,,Linux-7.0.0-31-generic-x86_64-with-glibc2.43,3.14.4,3.3.0,24,Intel(R) Core(TM) Ultra 9 285K,1,1 x NVIDIA GeForce RTX 5090,9.2986,48.7383,60.81614303588867,machine,0.0,0.0,0.0,0.0,N
rollout_32,2026-09-14T18:06:03,mbpo_HalfCheetah-v5_seed14577,29423945-e60c-48eb-bcf0-6401f3d8e03a,0.20667488199978834,2.393458067337373e-06,1.1580281946277465e-05,25.120465955237304,80.05880899385701,20.0,1.5295045569362758e-06,3.6027806599725487e-06,1.1505814777696896e-06,6.282866694677647e-06,0.0,Germany,DEU,baden-wurttemberg,,,Linux-7.0.0-31-generic-x86_64-with-glibc2.43,3.14.4,3.3.0,24,Intel(R) Core(TM) Ultra 9 285K,1,1 x NVIDIA GeForce RTX 5090,9.2986,48.7383,60.81614303588867,machine,0.0,0.0,0.0,0.0,N
synthetic_rollout_generation_32,2026-09-14T18:06:03,mbpo_HalfCheetah-v5_seed14577,29423945-e60c-48eb-bcf0-6401f3d8e03a,0.007223712000268279,3.554861748890359e-08,4.914788016374806e-06,25.105621986703554,79.4613551953954,20.0,6.071310412573971e-08,0.0,3.2602600004254245e-08,9.331570413259604e-08,0.0,Germany,DEU,baden-wurttemberg,,,Linux-7.0.0-31-generic-x86_64-with-glibc2.43,3.14.4,3.3.0,24,Intel(R) Core(TM) Ultra 9 285K,1,1 x NVIDIA GeForce RTX 5090,9.2986,48.7383,60.81614303588867,machine,0.0,0.0,0.0,0.0,N
gradient_updates_32,2026-09-14T18:06:19,mbpo_HalfCheetah-v5_seed14577,29423945-e60c-48eb-bcf0-6401f3d8e03a,16.315715712000383,0.000241235850174824,1.4785499113045542e-05,25.09142571241529,79.58091635384471,20.0,0.00010930422716553395,0.0004332981244160039,9.064571292777442e-05,0.000633248064509314,0.0,Germany,DEU,baden-wurttemberg,,,Linux-7.0.0-31-generic-x86_64-with-glibc2.43,3.14.4,3.3.0,24,Intel(R) Core(TM) Ultra 9 285K,1,1 x NVIDIA GeForce RTX 5090,9.2986,48.7383,60.81614303588867,machine,0.0,0.0,0.0,0.0,N
dynamics_model_update_33,2026-09-14T18:06:25,mbpo_HalfCheetah-v5_seed14577,29423945-e60c-48eb-bcf0-6401f3d8e03a,5.63188296899898,6.676886493905965e-05,1.185546686692393e-05,25.080873370411254,79.51517348273514,20.0,3.34529203734257e-05,0.00011052453286403141,3.1291912661112614e-05,0.0001752693658985706,0.0,Germany,DEU,baden-wurttemberg,,,Linux-7.0.0-31-generic-x86_64-with-glibc2.43,3.14.4,3.3.0,24,Intel(R) Core(TM) Ultra 9 285K,1,1 x NVIDIA GeForce RTX 5090,9.2986,48.7383,60.81614303588867,machine,0.0,0.0,0.0,0.0,N
rollout_33,2026-09-14T18:06:25,mbpo_HalfCheetah-v5_seed14577,29423945-e60c-48eb-bcf0-6401f3d8e03a,0.21290392200171482,3.105488848161378e-06,1.4585836803171511e-05,25.079320873492687,79.61217673351662,20.0,1.4849656324164226e-06,5.48528216598454e-06,1.1817113777703309e-06,8.151959176170426e-06,0.0,Germany,DEU,baden-wurttemberg,,,Linux-7.0.0-31-generic-x86_64-with-glibc2.43,3.14.4,3.3.0,24,Intel(R) Core(TM) Ultra 9 285K,1,1 x NVIDIA GeForce RTX 5090,9.2986,48.7383,60.81614303588867,machine,0.0,0.0,0.0,0.0,N
synthetic_rollout_generation_33,2026-09-14T18:06:25,mbpo_HalfCheetah-v5_seed14577,29423945-e60c-48eb-bcf0-6401f3d8e03a,0.0060940109979128465,3.091634871547899e-08,5.063699050292028e-06,25.0545526849801,79.03527690211433,20.0,4.909920594577122e-08,0.0,3.205671665531401e-08,8.115592260368731e-08,0.0,Germany,DEU,baden-wurttemberg,,,Linux-7.0.0-31-generic-x86_64-with-glibc2.43,3.14.4,3.3.0,24,Intel(R) Core(TM) Ultra 9 285K,1,1 x NVIDIA GeForce RTX 5090,9.2986,48.7383,60.81614303588867,machine,0.0,0.0,0.0,0.0,N
gradient_updates_33,2026-09-14T18:06:41,mbpo_HalfCheetah-v5_seed14577,29423945-e60c-48eb-bcf0-6401f3d8e03a,16.35068053100258,0.00024244642978355976,1.4827919625940022e-05,25.03143917339029,79.15287643678803,20.0,0.00011234104292831733,0.00043324145770401445,9.084335521110896e-05,0.0006364258558434442,0.0,Germany,DEU,baden-wurttemberg,,,Linux-7.0.0-31-generic-x86_64-with-glibc2.43,3.14.4,3.3.0,24,Intel(R) Core(TM) Ultra 9 285K,1,1 x NVIDIA GeForce RTX 5090,9.2986,48.7383,60.81614303588867,machine,0.0,0.0,0.0,0.0,N
dynamics_model_update_34,2026-09-14T18:06:52,mbpo_HalfCheetah-v5_seed14577,29423945-e60c-48eb-bcf0-6401f3d8e03a,10.338910185000714,0.00012797689494089583,1.2378180852743408e-05,25.029771106037874,79.09812290353567,20.0,7.320530217530628e-05,0.00020529988646195152,5.743626021665303e-05,0.0003359414488539082,0.0,Germany,DEU,baden-wurttemberg,,,Linux-7.0.0-31-generic-x86_64-with-glibc2.43,3.14.4,3.3.0,24,Intel(R) Core(TM) Ultra 9 285K,1,1 x NVIDIA GeForce RTX 5090,9.2986,48.7383,60.81614303588867,machine,0.0,0.0,0.0,0.0,N
rollout_34,2026-09-14T18:06:52,mbpo_HalfCheetah-v5_seed14577,29423945-e60c-48eb-bcf0-6401f3d8e03a,0.19948964399736724,2.4946436077803724e-06,1.2504869426610558e-05,25.086314241744795,78.99804183787334,20.0,1.8474631446356235e-06,3.5950028760001196e-06,1.1060143777896075e-06,6.548480398424483e-06,0.0,Germany,DEU,baden-wurttemberg,,,Linux-7.0.0-31-generic-x86_64-with-glibc2.43,3.14.4,3.3.0,24,Intel(R) Core(TM) Ultra 9 285K,1,1 x NVIDIA GeForce RTX 5090,9.2986,48.7383,60.81614303588867,machine,0.0,0.0,0.0,0.0,N
synthetic_rollout_generation_34,2026-09-14T18:06:52,mbpo_HalfCheetah-v5_seed14577,29423945-e60c-48eb-bcf0-6401f3d8e03a,0.006051779000699753,3.2682339267189886e-08,5.392909042636339e-06,25.079613778976945,78.44171759957845,20.0,5.428726565157027e-08,0.0,3.150441112240859e-08,8.57916767731115e-08,0.0,Germany,DEU,baden-wurttemberg,,,Linux-7.0.0-31-generic-x86_64-with-glibc2.43,3.14.4,3.3.0,24,Intel(R) Core(TM) Ultra 9 285K,1,1 x NVIDIA GeForce RTX 5090,9.2986,48.7383,60.81614303588867,machine,0.0,0.0,0.0,0.0,N
gradient_updates_34,2026-09-14T18:07:08,mbpo_HalfCheetah-v5_seed14577,29423945-e60c-48eb-bcf0-6401f3d8e03a,16.133193048000976,0.00023963237258104592,1.485338458289809e-05,25.073202179037096,78.56279318347914,20.0,0.00011029867462775816,0.00042911367662401556,8.96265582666575e-05,0.0006290389095184312,0.0,Germany,DEU,baden-wurttemberg,,,Linux-7.0.0-31-generic-x86_64-with-glibc2.43,3.14.4,3.3.0,24,Intel(R) Core(TM) Ultra 9 285K,1,1 x NVIDIA GeForce RTX 5090,9.2986,48.7383,60.81614303588867,machine,0.0,0.0,0.0,0.0,N
dynamics_model_update_35,2026-09-14T18:07:17,mbpo_HalfCheetah-v5_seed14577,29423945-e60c-48eb-bcf0-6401f3d8e03a,8.66251038199698,0.00010706309132443338,1.2359331024122934e-05,25.070657589382886,78.51241515268306,20.0,6.134212296254708e-05,0.00017157791504002207,4.812233323888641e-05,0.0002810423712414564,0.0,Germany,DEU,baden-wurttemberg,,,Linux-7.0.0-31-generic-x86_64-with-glibc2.43,3.14.4,3.3.0,24,Intel(R) Core(TM) Ultra 9 285K,1,1 x NVIDIA GeForce RTX 5090,9.2986,48.7383,60.81614303588867,machine,0.0,0.0,0.0,0.0,N
rollout_35,2026-09-14T18:07:17,mbpo_HalfCheetah-v5_seed14577,29423945-e60c-48eb-bcf0-6401f3d8e03a,0.2016826939980092,2.531384157141922e-06,1.2550909963947904e-05,25.124227511547232,78.42308562634896,20.0,1.858245931039837e-06,3.6680584900028457e-06,1.1186205222356305e-06,6.644924943278313e-06,0.0,Germany,DEU,baden-wurttemberg,,,Linux-7.0.0-31-generic-x86_64-with-glibc2.43,3.14.4,3.3.0,24,Intel(R) Core(TM) Ultra 9 285K,1,1 x NVIDIA GeForce RTX 5090,9.2986,48.7383,60.81614303588867,machine,0.0,0.0,0.0,0.0,N
synthetic_rollout_generation_35,2026-09-14T18:07:17,mbpo_HalfCheetah-v5_seed14577,29423945-e60c-48eb-bcf0-6401f3d8e03a,0.006035389997123275,3.1330185733952076e-08,5.183981564252913e-06,25.106542158306105,77.88594120425068,20.0,5.0574207125994586e-08,0.0,3.1668044438507015e-08,8.22422515645016e-08,0.0,Germany,DEU,baden-wurttemberg,,,Linux-7.0.0-31-generic-x86_64-with-glibc2.43,3.14.4,3.3.0,24,Intel(R) Core(TM) Ultra 9 285K,1,1 x NVIDIA GeForce RTX 5090,9.2986,48.7383,60.81614303588867,machine,0.0,0.0,0.0,0.0,N
gradient_updates_35,2026-09-14T18:07:33,mbpo_HalfCheetah-v5_seed14577,29423945-e60c-48eb-bcf0-6401f3d8e03a,16.15664626799844,0.00024151917719357832,1.4948605534570286e-05,25.090143245880377,78.00990442696146,20.0,0.00011291189032943977,0.0004313228450580353,8.975706719443685e-05,0.0006339918025819111,0.0,Germany,DEU,baden-wurttemberg,,,Linux-7.0.0-31-generic-x86_64-with-glibc2.43,3.14.4,3.3.0,24,Intel(R) Core(TM) Ultra 9 285K,1,1 x NVIDIA GeForce RTX 5090,9.2986,48.7383,60.81614303588867,machine,0.0,0.0,0.0,0.0,N
dynamics_model_update_36,2026-09-14T18:07:45,mbpo_HalfCheetah-v5_seed14577,29423945-e60c-48eb-bcf0-6401f3d8e03a,11.948594326000602,0.00014512075065605846,1.2145428770191218e-05,25.090200200414046,77.95782997090555,20.0,8.123251304151344e-05,0.00023333296444394414,6.637887388888982e-05,0.0003809443513743474,0.0,Germany,DEU,baden-wurttemberg,,,Linux-7.0.0-31-generic-x86_64-with-glibc2.43,3.14.4,3.3.0,24,Intel(R) Core(TM) Ultra 9 285K,1,1 x NVIDIA GeForce RTX 5090,9.2986,48.7383,60.81614303588867,machine,0.0,0.0,0.0,0.0,N
rollout_36,2026-09-14T18:07:45,mbpo_HalfCheetah-v5_seed14577,29423945-e60c-48eb-bcf0-6401f3d8e03a,0.19935301099758362,2.536490492933627e-06,1.2722883306944404e-05,25.144520184452745,77.8829684739522,20.0,1.8567031520276556e-06,3.6955585120401757e-06,1.106067494442177e-06,6.658329158509141e-06,0.0,Germany,DEU,baden-wurttemberg,,,Linux-7.0.0-31-generic-x86_64-with-glibc2.43,3.14.4,3.3.0,24,Intel(R) Core(TM) Ultra 9 285K,1,1 x NVIDIA GeForce RTX 5090,9.2986,48.7383,60.81614303588867,machine,0.0,0.0,0.0,0.0,N
synthetic_rollout_generation_36,2026-09-14T18:07:45,mbpo_HalfCheetah-v5_seed14577,29423945-e60c-48eb-bcf0-6401f3d8e03a,0.00606471699938993,2.9528752252400148e-08,4.863485957793296e-06,25.1138561593217,77.36374868412585,20.0,4.613253690600311e-08,0.0,3.138092221580818e-08,7.751345912007657e-08,0.0,Germany,DEU,baden-wurttemberg,,,Linux-7.0.0-31-generic-x86_64-with-glibc2.43,3.14.4,3.3.0,24,Intel(R) Core(TM) Ultra 9 285K,1,1 x NVIDIA GeForce RTX 5090,9.2986,48.7383,60.81614303588867,machine,0.0,0.0,0.0,0.0,N
gradient_updates_36,2026-09-14T18:08:02,mbpo_HalfCheetah-v5_seed14577,29423945-e60c-48eb-bcf0-6401f3d8e03a,16.172321051002655,0.00023910960282422754,1.478512186023453e-05,25.084754727238465,77.48853463772097,20.0,0.00010564298923654552,0.0004321797901879476,8.984385090554659e-05,0.0006276666303300371,0.0,Germany,DEU,baden-wurttemberg,,,Linux-7.0.0-31-generic-x86_64-with-glibc2.43,3.14.4,3.3.0,24,Intel(R) Core(TM) Ultra 9 285K,1,1 x NVIDIA GeForce RTX 5090,9.2986,48.7383,60.81614303588867,machine,0.0,0.0,0.0,0.0,N
dynamics_model_update_37,2026-09-14T18:08:22,mbpo_HalfCheetah-v5_seed14577,29423945-e60c-48eb-bcf0-6401f3d8e03a,20.593115297000622,0.00024625679209476156,1.1958196565028573e-05,25.074057587902207,77.44348358599439,20.0,0.00012794294096538181,0.0004040811565980129,0.00011440402186110258,0.0006464281194244956,0.0,Germany,DEU,baden-wurttemberg,,,Linux-7.0.0-31-generic-x86_64-with-glibc2.43,3.14.4,3.3.0,24,Intel(R) Core(TM) Ultra 9 285K,1,1 x NVIDIA GeForce RTX 5090,9.2986,48.7383,60.81614303588867,machine,0.0,0.0,0.0,0.0,N
rollout_37,2026-09-14T18:08:22,mbpo_HalfCheetah-v5_seed14577,29423945-e60c-48eb-bcf0-6401f3d8e03a,0.20537616100045852,2.39698211187446e-06,1.1670549942008173e-05,25.083712720416777,77.35449569781161,20.0,1.5297756682641078e-06,3.626391790023664e-06,1.1359499111169777e-06,6.292117369403882e-06,0.0,Germany,DEU,baden-wurttemberg,,,Linux-7.0.0-31-generic-x86_64-with-glibc2.43,3.14.4,3.3.0,24,Intel(R) Core(TM) Ultra 9 285K,1,1 x NVIDIA GeForce RTX 5090,9.2986,48.7383,60.81614303588867,machine,0.0,0.0,0.0,0.0,N
synthetic_rollout_generation_37,2026-09-14T18:08:22,mbpo_HalfCheetah-v5_seed14577,29423945-e60c-48eb-bcf0-6401f3d8e03a,0.005992438000248512,3.125400630313302e-08,5.207918669574793e-06,25.067409676935384,76.85219377769594,20.0,5.054031821001559e-08,0.0,3.150196110565662e-08,8.204227931046804e-08,0.0,Germany,DEU,baden-wurttemberg,,,Linux-7.0.0-31-generic-x86_64-with-glibc2.43,3.14.4,3.3.0,24,Intel(R) Core(TM) Ultra 9 285K,1,1 x NVIDIA GeForce RTX 5090,9.2986,48.7383,60.81614303588867,machine,0.0,0.0,0.0,0.0,N
gradient_updates_37,2026-09-14T18:08:38,mbpo_HalfCheetah-v5_seed14577,29423945-e60c-48eb-bcf0-6401f3d8e03a,16.037468451999302,0.00024172222369626094,1.5072349436459034e-05,25.052868878673337,76.9742556411533,20.0,0.00011879131169964009,0.0004266389524219538,8.909453886111161e-05,0.0006345248029827055,0.0,Germany,DEU,baden-wurttemberg,,,Linux-7.0.0-31-generic-x86_64-with-glibc2.43,3.14.4,3.3.0,24,Intel(R) Core(TM) Ultra 9 285K,1,1 x NVIDIA GeForce RTX 5090,9.2986,48.7383,60.81614303588867,machine,0.0,0.0,0.0,0.0,N
dynamics_model_update_38,2026-09-14T18:09:15,mbpo_HalfCheetah-v5_seed14577,29423945-e60c-48eb-bcf0-6401f3d8e03a,36.386687654001435,0.00044604897558563235,1.2258578482804836e-05,25.06297478068628,76.93212454472031,20.0,0.00025720946076740383,0.0007115400136760708,0.00020213640450555351,0.0011708858789490281,0.0,Germany,DEU,baden-wurttemberg,,,Linux-7.0.0-31-generic-x86_64-with-glibc2.43,3.14.4,3.3.0,24,Intel(R) Core(TM) Ultra 9 285K,1,1 x NVIDIA GeForce RTX 5090,9.2986,48.7383,60.81614303588867,machine,0.0,0.0,0.0,0.0,N
rollout_38,2026-09-14T18:09:15,mbpo_HalfCheetah-v5_seed14577,29423945-e60c-48eb-bcf0-6401f3d8e03a,0.2002759570023045,2.5646905279109317e-06,1.2805278428031321e-05,25.113705970155774,76.8732391268513,20.0,1.8562795405779181e-06,3.7641696779555645e-06,1.1119054944474724e-06,6.732354712983557e-06,0.0,Germany,DEU,baden-wurttemberg,,,Linux-7.0.0-31-generic-x86_64-with-glibc2.43,3.14.4,3.3.0,24,Intel(R) Core(TM) Ultra 9 285K,1,1 x NVIDIA GeForce RTX 5090,9.2986,48.7383,60.81614303588867,machine,0.0,0.0,0.0,0.0,N
synthetic_rollout_generation_38,2026-09-14T18:09:15,mbpo_HalfCheetah-v5_seed14577,29423945-e60c-48eb-bcf0-6401f3d8e03a,0.006040732998371823,3.3350327161355e-08,5.51162994758341e-06,25.11302568345145,76.38669963870667,20.0,5.606754485427273e-08,0.0,3.147761110273983e-08,8.754515595787993e-08,0.0,Germany,DEU,baden-wurttemberg,,,Linux-7.0.0-31-generic-x86_64-with-glibc2.43,3.14.4,3.3.0,24,Intel(R) Core(TM) Ultra 9 285K,1,1 x NVIDIA GeForce RTX 5090,9.2986,48.7383,60.81614303588867,machine,0.0,0.0,0.0,0.0,N
gradient_updates_38,2026-09-14T18:09:31,mbpo_HalfCheetah-v5_seed14577,29423945-e60c-48eb-bcf0-6401f3d8e03a,16.095190469000954,0.00024028401583676626,1.4928942151260237e-05,25.11253659008276,76.50740340168912,20.0,0.00011402174482843391,0.00042731228629400153,8.941545263334988e-05,0.0006307494837557853,0.0,Germany,DEU,baden-wurttemberg,,,Linux-7.0.0-31-generic-x86_64-with-glibc2.43,3.14.4,3.3.0,24,Intel(R) Core(TM) Ultra 9 285K,1,1 x NVIDIA GeForce RTX 5090,9.2986,48.7383,60.81614303588867,machine,0.0,0.0,0.0,0.0,N
dynamics_model_update_39,2026-09-14T18:10:18,mbpo_HalfCheetah-v5_seed14577,29423945-e60c-48eb-bcf0-6401f3d8e03a,46.801304185002664,0.0005698963555019407,1.21769271736544e-05,25.1148820478048,76.46760815492058,20.0,0.000324142428202623,0.0009118401739160453,0.0002600046809944417,0.0014959872831131135,0.0,Germany,DEU,baden-wurttemberg,,,Linux-7.0.0-31-generic-x86_64-with-glibc2.43,3.14.4,3.3.0,24,Intel(R) Core(TM) Ultra 9 285K,1,1 x NVIDIA GeForce RTX 5090,9.2986,48.7383,60.81614303588867,machine,0.0,0.0,0.0,0.0,N
rollout_39,2026-09-14T18:10:18,mbpo_HalfCheetah-v5_seed14577,29423945-e60c-48eb-bcf0-6401f3d8e03a,0.2016474020019814,2.497778991668656e-06,1.2386407162618738e-05,25.16408358741277,76.383195240348,20.0,1.8852028970499368e-06,3.5444472799572857e-06,1.1270606555622426e-06,6.5567108325712e-06,0.0,Germany,DEU,baden-wurttemberg,,,Linux-7.0.0-31-generic-x86_64-with-glibc2.43,3.14.4,3.3.0,24,Intel(R) Core(TM) Ultra 9 285K,1,1 x NVIDIA GeForce RTX 5090,9.2986,48.7383,60.81614303588867,machine,0.0,0.0,0.0,0.0,N
synthetic_rollout_generation_39,2026-09-14T18:10:18,mbpo_HalfCheetah-v5_seed14577,29423945-e60c-48eb-bcf0-6401f3d8e03a,0.0060793279990321025,3.0078514222722785e-08,4.9393705377717925e-06,25.137456959983247,75.91169403516066,20.0,4.720031553800963e-08,0.0,3.175627777320805e-08,7.895659331208504e-08,0.0,Germany,DEU,baden-wurttemberg,,,Linux-7.0.0-31-generic-x86_64-with-glibc2.43,3.14.4,3.3.0,24,Intel(R) Core(TM) Ultra 9 285K,1,1 x NVIDIA GeForce RTX 5090,9.2986,48.7383,60.81614303588867,machine,0.0,0.0,0.0,0.0,N
gradient_updates_39,2026-09-14T18:10:34,mbpo_HalfCheetah-v5_seed14577,29423945-e60c-48eb-bcf0-6401f3d8e03a,16.32050925799922,0.00024138600150447158,1.4790357167276373e-05,25.112640978217158,76.02761380365735,20.0,0.00011318088526685813,0.0004297942327239901,9.06670962222255e-05,0.0006336422142130746,0.0,Germany,DEU,baden-wurttemberg,,,Linux-7.0.0-31-generic-x86_64-with-glibc2.43,3.14.4,3.3.0,24,Intel(R) Core(TM) Ultra 9 285K,1,1 x NVIDIA GeForce RTX 5090,9.2986,48.7383,60.81614303588867,machine,0.0,0.0,0.0,0.0,N
dynamics_model_update_40,2026-09-14T18:10:41,mbpo_HalfCheetah-v5_seed14577,29423945-e60c-48eb-bcf0-6401f3d8e03a,6.6078624130022945,8.080389708683966e-05,1.2228447264759121e-05,25.111918698932108,75.99312601944534,20.0,4.6239678380601695e-05,0.00012916343666402597,3.6708440505552054e-05,0.00021211155555017625,0.0,Germany,DEU,baden-wurttemberg,,,Linux-7.0.0-31-generic-x86_64-with-glibc2.43,3.14.4,3.3.0,24,Intel(R) Core(TM) Ultra 9 285K,1,1 x NVIDIA GeForce RTX 5090,9.2986,48.7383,60.81614303588867,machine,0.0,0.0,0.0,0.0,N
rollout_40,2026-09-14T18:10:41,mbpo_HalfCheetah-v5_seed14577,29423945-e60c-48eb-bcf0-6401f3d8e03a,0.21300903099836432,2.412160586705639e-06,1.1324061156760403e-05,25.111970415419382,75.9068938446294,20.0,1.5004959226178408e-06,3.6500029200192685e-06,1.1814622722242443e-06,6.331961114859619e-06,0.0,Germany,DEU,baden-wurttemberg,,,Linux-7.0.0-31-generic-x86_64-with-glibc2.43,3.14.4,3.3.0,24,Intel(R) Core(TM) Ultra 9 285K,1,1 x NVIDIA GeForce RTX 5090,9.2986,48.7383,60.81614303588867,machine,0.0,0.0,0.0,0.0,N
synthetic_rollout_generation_40,2026-09-14T18:10:41,mbpo_HalfCheetah-v5_seed14577,29423945-e60c-48eb-bcf0-6401f3d8e03a,0.006037873001332628,2.8052142147377834e-08,4.637078711289807e-06,25.071951975489497,75.44962339978223,20.0,4.1707255588399605e-08,0.0,3.1930077784916855e-08,7.363733336984701e-08,0.0,Germany,DEU,baden-wurttemberg,,,Linux-7.0.0-31-generic-x86_64-with-glibc2.43,3.14.4,3.3.0,24,Intel(R) Core(TM) Ultra 9 285K,1,1 x NVIDIA GeForce RTX 5090,9.2986,48.7383,60.81614303588867,machine,0.0,0.0,0.0,0.0,N
gradient_updates_40,2026-09-14T18:10:57,mbpo_HalfCheetah-v5_seed14577,29423945-e60c-48eb-bcf0-6401f3d8e03a,15.952083868000045,0.00024069337616342522,1.5088530219866643e-05,25.03553111959526,75.57139627781999,20.0,0.00011877405224138861,0.0004244297839879896,8.862022510000133e-05,0.0006318240613293752,0.0,Germany,DEU,baden-wurttemberg,,,Linux-7.0.0-31-generic-x86_64-with-glibc2.43,3.14.4,3.3.0,24,Intel(R) Core(TM) Ultra 9 285K,1,1 x NVIDIA GeForce RTX 5090,9.2986,48.7383,60.81614303588867,machine,0.0,0.0,0.0,0.0,N
dynamics_model_update_41,2026-09-14T18:11:08,mbpo_HalfCheetah-v5_seed14577,29423945-e60c-48eb-bcf0-6401f3d8e03a,11.062241170999187,0.00013501731615428968,1.220521820372637e-05,25.045372439341637,75.53754380783829,20.0,7.823255536377159e-05,0.00021473572734403978,6.145438733888651e-05,0.00035442267004669875,0.0,Germany,DEU,baden-wurttemberg,,,Linux-7.0.0-31-generic-x86_64-with-glibc2.43,3.14.4,3.3.0,24,Intel(R) Core(TM) Ultra 9 285K,1,1 x NVIDIA GeForce RTX 5090,9.2986,48.7383,60.81614303588867,machine,0.0,0.0,0.0,0.0,N
rollout_41,2026-09-14T18:11:08,mbpo_HalfCheetah-v5_seed14577,29423945-e60c-48eb-bcf0-6401f3d8e03a,0.20109670699821436,2.5443562693145544e-06,1.2652137843805555e-05,25.09287653397553,75.48255698536096,20.0,1.8665873266019567e-06,3.6966696239648655e-06,1.115719999992236e-06,6.678976950558191e-06,0.0,Germany,DEU,baden-wurttemberg,,,Linux-7.0.0-31-generic-x86_64-with-glibc2.43,3.14.4,3.3.0,24,Intel(R) Core(TM) Ultra 9 285K,1,1 x NVIDIA GeForce RTX 5090,9.2986,48.7383,60.81614303588867,machine,0.0,0.0,0.0,0.0,N
synthetic_rollout_generation_41,2026-09-14T18:11:09,mbpo_HalfCheetah-v5_seed14577,29423945-e60c-48eb-bcf0-6401f3d8e03a,0.006743491998349782,7.154565304888505e-07,0.000105936919089518,25.08780589417253,81.1069157927963,20.0,5.90683805878206e-08,1.7847236499779484e-06,3.429309999771618e-08,1.8780851305660873e-06,0.0,Germany,DEU,baden-wurttemberg,,,Linux-7.0.0-31-generic-x86_64-with-glibc2.43,3.14.4,3.3.0,24,Intel(R) Core(TM) Ultra 9 285K,1,1 x NVIDIA GeForce RTX 5090,9.2986,48.7383,60.81614303588867,machine,0.0,0.0,0.0,0.0,N
gradient_updates_41,2026-09-14T18:11:25,mbpo_HalfCheetah-v5_seed14577,29423945-e60c-48eb-bcf0-6401f3d8e03a,16.055125787999714,0.00023975503171952753,1.493324758332569e-05,25.083353152755755,81.18977980760943,20.0,0.00011532007892265522,0.0004248572843300047,8.918352851667623e-05,0.0006293608917693344,0.0,Germany,DEU,baden-wurttemberg,,,Linux-7.0.0-31-generic-x86_64-with-glibc2.43,3.14.4,3.3.0,24,Intel(R) Core(TM) Ultra 9 285K,1,1 x NVIDIA GeForce RTX 5090,9.2986,48.7383,60.81614303588867,machine,0.0,0.0,0.0,0.0,N
dynamics_model_update_42,2026-09-14T18:11:42,mbpo_HalfCheetah-v5_seed14577,29423945-e60c-48eb-bcf0-6401f3d8e03a,17.16511125499892,0.00020415623485525725,1.1893682606925251e-05,25.086724923047953,81.12464085452297,20.0,0.00010686285910132924,0.00033369137806399385,9.535922878888686e-05,0.0005359134659542117,0.0,Germany,DEU,baden-wurttemberg,,,Linux-7.0.0-31-generic-x86_64-with-glibc2.43,3.14.4,3.3.0,24,Intel(R) Core(TM) Ultra 9 285K,1,1 x NVIDIA GeForce RTX 5090,9.2986,48.7383,60.81614303588867,machine,0.0,0.0,0.0,0.0,N
rollout_42,2026-09-14T18:11:42,mbpo_HalfCheetah-v5_seed14577,29423945-e60c-48eb-bcf0-6401f3d8e03a,0.2058407160002389,2.3895947449410065e-06,1.1608329669852726e-05,25.094095647661668,81.02080298912645,20.0,1.5224853846529385e-06,3.608058442017281e-06,1.142181583337759e-06,6.272725410004509e-06,0.0,Germany,DEU,baden-wurttemberg,,,Linux-7.0.0-31-generic-x86_64-with-glibc2.43,3.14.4,3.3.0,24,Intel(R) Core(TM) Ultra 9 285K,1,1 x NVIDIA GeForce RTX 5090,9.2986,48.7383,60.81614303588867,machine,0.0,0.0,0.0,0.0,N
synthetic_rollout_generation_42,2026-09-14T18:11:42,mbpo_HalfCheetah-v5_seed14577,29423945-e60c-48eb-bcf0-6401f3d8e03a,0.006489748997410061,3.1909733824025954e-08,4.910299548127353e-06,25.04858277991827,80.55516619033837,20.0,4.4911424817821455e-08,0.0,3.8852149999817065e-08,8.376357481243435e-08,0.0,Germany,DEU,baden-wurttemberg,,,Linux-7.0.0-31-generic-x86_64-with-glibc2.43,3.14.4,3.3.0,24,Intel(R) Core(TM) Ultra 9 285K,1,1 x NVIDIA GeForce RTX 5090,9.2986,48.7383,60.81614303588867,machine,0.0,0.0,0.0,0.0,N
gradient_updates_42,2026-09-14T18:11:58,mbpo_HalfCheetah-v5_seed14577,29423945-e60c-48eb-bcf0-6401f3d8e03a,15.964208968001913,0.00024039383882945402,1.5058308643466635e-05,25.00698820219288,80.64120454393758,20.0,0.00011837013608492243,0.0004239803391840047,8.868729564445732e-05,0.0006310377709133827,0.0,Germany,DEU,baden-wurttemberg,,,Linux-7.0.0-31-generic-x86_64-with-glibc2.43,3.14.4,3.3.0,24,Intel(R) Core(TM) Ultra 9 285K,1,1 x NVIDIA GeForce RTX 5090,9.2986,48.7383,60.81614303588867,machine,0.0,0.0,0.0,0.0,N
dynamics_model_update_43,2026-09-14T18:12:05,mbpo_HalfCheetah-v5_seed14577,29423945-e60c-48eb-bcf0-6401f3d8e03a,6.912974447001034,8.47156681356813e-05,1.2254548982745171e-05,25.015939708550526,80.57997056949453,20.0,4.9824707637511484e-05,0.00013415205176597889,3.8403259327787764e-05,0.0002223800187312816,0.0,Germany,DEU,baden-wurttemberg,,,Linux-7.0.0-31-generic-x86_64-with-glibc2.43,3.14.4,3.3.0,24,Intel(R) Core(TM) Ultra 9 285K,1,1 x NVIDIA GeForce RTX 5090,9.2986,48.7383,60.81614303588867,machine,0.0,0.0,0.0,0.0,N
rollout_43,2026-09-14T18:12:05,mbpo_HalfCheetah-v5_seed14577,29423945-e60c-48eb-bcf0-6401f3d8e03a,0.2012688889990386,2.5221969613426626e-06,1.253087977913283e-05,25.06348407929127,80.49064518070553,20.0,1.8880345659822578e-06,3.616391782035322e-06,1.1163820555640594e-06,6.620808403579037e-06,0.0,Germany,DEU,baden-wurttemberg,,,Linux-7.0.0-31-generic-x86_64-with-glibc2.43,3.14.4,3.3.0,24,Intel(R) Core(TM) Ultra 9 285K,1,1 x NVIDIA GeForce RTX 5090,9.2986,48.7383,60.81614303588867,machine,0.0,0.0,0.0,0.0,N
synthetic_rollout_generation_43,2026-09-14T18:12:05,mbpo_HalfCheetah-v5_seed14577,29423945-e60c-48eb-bcf0-6401f3d8e03a,0.006606407001527259,3.7013531737836725e-08,5.603397223611311e-06,25.070297036156294,80.03845054485888,20.0,6.284921694622164e-08,0.0,3.431191111704507e-08,9.716112806673616e-08,0.0,Germany,DEU,baden-wurttemberg,,,Linux-7.0.0-31-generic-x86_64-with-glibc2.43,3.14.4,3.3.0,24,Intel(R) Core(TM) Ultra 9 285K,1,1 x NVIDIA GeForce RTX 5090,9.2986,48.7383,60.81614303588867,machine,0.0,0.0,0.0,0.0,N
gradient_updates_43,2026-09-14T18:12:21,mbpo_HalfCheetah-v5_seed14577,29423945-e60c-48eb-bcf0-6401f3d8e03a,15.954676729001221,0.0002408275180812696,1.5094483628622372e-05,25.07714612735442,80.12790500904644,20.0,0.00011789189264677091,0.00042565450718995423,8.862978622776931e-05,0.0006321761860644953,0.0,Germany,DEU,baden-wurttemberg,,,Linux-7.0.0-31-generic-x86_64-with-glibc2.43,3.14.4,3.3.0,24,Intel(R) Core(TM) Ultra 9 285K,1,1 x NVIDIA GeForce RTX 5090,9.2986,48.7383,60.81614303588867,machine,0.0,0.0,0.0,0.0,N
dynamics_model_update_44,2026-09-14T18:12:28,mbpo_HalfCheetah-v5_seed14577,29423945-e60c-48eb-bcf0-6401f3d8e03a,7.110701854999206,8.646459986660048e-05,1.2159793955074914e-05,25.084619035176242,80.07002094486054,20.0,4.978011815739633e-05,0.00013768761015003905,3.950326491109716e-05,0.00022697099321853514,0.0,Germany,DEU,baden-wurttemberg,,,Linux-7.0.0-31-generic-x86_64-with-glibc2.43,3.14.4,3.3.0,24,Intel(R) Core(TM) Ultra 9 285K,1,1 x NVIDIA GeForce RTX 5090,9.2986,48.7383,60.81614303588867,machine,0.0,0.0,0.0,0.0,N
rollout_44,2026-09-14T18:12:28,mbpo_HalfCheetah-v5_seed14577,29423945-e60c-48eb-bcf0-6401f3d8e03a,0.19967484999870067,2.4819471855161424e-06,1.2429372782940836e-05,25.12660503585253,79.98432119730187,20.0,1.83152618744159e-06,3.576113972003636e-06,1.1075119222365634e-06,6.5151520816791875e-06,0.0,Germany,DEU,baden-wurttemberg,,,Linux-7.0.0-31-generic-x86_64-with-glibc2.43,3.14.4,3.3.0,24,Intel(R) Core(TM) Ultra 9 285K,1,1 x NVIDIA GeForce RTX 5090,9.2986,48.7383,60.81614303588867,machine,0.0,0.0,0.0,0.0,N
synthetic_rollout_generation_44,2026-09-14T18:12:28,mbpo_HalfCheetah-v5_seed14577,29423945-e60c-48eb-bcf0-6401f3d8e03a,0.0064786619986989535,3.8536555845708476e-08,5.939846794407802e-06,25.104039130425903,79.544846905009,20.0,5.8610602444303384e-08,0.0,4.254848889884144e-08,1.0115909133967538e-07,0.0,Germany,DEU,baden-wurttemberg,,,Linux-7.0.0-31-generic-x86_64-with-glibc2.43,3.14.4,3.3.0,24,Intel(R) Core(TM) Ultra 9 285K,1,1 x NVIDIA GeForce RTX 5090,9.2986,48.7383,60.81614303588867,machine,0.0,0.0,0.0,0.0,N
gradient_updates_44,2026-09-14T18:12:44,mbpo_HalfCheetah-v5_seed14577,29423945-e60c-48eb-bcf0-6401f3d8e03a,16.06624054799977,0.0002381182917272004,1.482104268926316e-05,25.08294684484028,79.63051730304501,20.0,0.00011085658590741926,0.0004249533955180129,8.925444101110392e-05,0.0006250644224365387,0.0,Germany,DEU,baden-wurttemberg,,,Linux-7.0.0-31-generic-x86_64-with-glibc2.43,3.14.4,3.3.0,24,Intel(R) Core(TM) Ultra 9 285K,1,1 x NVIDIA GeForce RTX 5090,9.2986,48.7383,60.81614303588867,machine,0.0,0.0,0.0,0.0,N
dynamics_model_update_45,2026-09-14T18:12:52,mbpo_HalfCheetah-v5_seed14577,29423945-e60c-48eb-bcf0-6401f3d8e03a,7.232623308998882,8.853654266225905e-05,1.2241242011625e-05,25.082095973083696,79.57872258765396,20.0,5.136379109100045e-05,0.00014085872379804298,4.018736216112283e-05,0.00023240987705016453,0.0,Germany,DEU,baden-wurttemberg,,,Linux-7.0.0-31-generic-x86_64-with-glibc2.43,3.14.4,3.3.0,24,Intel(R) Core(TM) Ultra 9 285K,1,1 x NVIDIA GeForce RTX 5090,9.2986,48.7383,60.81614303588867,machine,0.0,0.0,0.0,0.0,N
rollout_45,2026-09-14T18:12:52,mbpo_HalfCheetah-v5_seed14577,29423945-e60c-48eb-bcf0-6401f3d8e03a,0.20079290799912997,2.5155764310259843e-06,1.252767156061942e-05,25.124657197225247,79.50108251702488,20.0,1.8569403744395085e-06,3.6327806839930865e-06,1.1137083444434995e-06,6.603429402875227e-06,0.0,Germany,DEU,baden-wurttemberg,,,Linux-7.0.0-31-generic-x86_64-with-glibc2.43,3.14.4,3.3.0,24,Intel(R) Core(TM) Ultra 9 285K,1,1 x NVIDIA GeForce RTX 5090,9.2986,48.7383,60.81614303588867,machine,0.0,0.0,0.0,0.0,N
synthetic_rollout_generation_45,2026-09-14T18:12:52,mbpo_HalfCheetah-v5_seed14577,29423945-e60c-48eb-bcf0-6401f3d8e03a,0.006497041002148762,3.786552668985643e-08,5.8183368385789765e-06,25.09898806042866,79.07365734220217,20.0,5.6830601020269045e-08,0.0,4.256702777673954e-08,9.93976287944065e-08,0.0,Germany,DEU,baden-wurttemberg,,,Linux-7.0.0-31-generic-x86_64-with-glibc2.43,3.14.4,3.3.0,24,Intel(R) Core(TM) Ultra 9 285K,1,1 x NVIDIA GeForce RTX 5090,9.2986,48.7383,60.81614303588867,machine,0.0,0.0,0.0,0.0,N
gradient_updates_45,2026-09-14T18:13:08,mbpo_HalfCheetah-v5_seed14577,29423945-e60c-48eb-bcf0-6401f3d8e03a,16.046145259002515,0.00023991768325393875,1.495174134603716e-05,25.075343195542505,79.16086658565496,20.0,0.00011551366185530085,0.000425131451215921,8.91427416444563e-05,0.0006297878547156799,0.0,Germany,DEU,baden-wurttemberg,,,Linux-7.0.0-31-generic-x86_64-with-glibc2.43,3.14.4,3.3.0,24,Intel(R) Core(TM) Ultra 9 285K,1,1 x NVIDIA GeForce RTX 5090,9.2986,48.7383,60.81614303588867,machine,0.0,0.0,0.0,0.0,N
dynamics_model_update_46,2026-09-14T18:13:18,mbpo_HalfCheetah-v5_seed14577,29423945-e60c-48eb-bcf0-6401f3d8e03a,9.833563593998406,0.00011992854037733494,1.2195844715154672e-05,25.079534228159456,79.11113789397406,20.0,6.945891973375758e-05,0.00019071820812999185,5.463725821666394e-05,0.00031481438608041423,0.0,Germany,DEU,baden-wurttemberg,,,Linux-7.0.0-31-generic-x86_64-with-glibc2.43,3.14.4,3.3.0,24,Intel(R) Core(TM) Ultra 9 285K,1,1 x NVIDIA GeForce RTX 5090,9.2986,48.7383,60.81614303588867,machine,0.0,0.0,0.0,0.0,N
rollout_46,2026-09-14T18:13:18,mbpo_HalfCheetah-v5_seed14577,29423945-e60c-48eb-bcf0-6401f3d8e03a,0.20173381800123025,2.5246727121536194e-06,1.2514680878302382e-05,25.12385434323091,79.0343629097645,20.0,1.8934598481016446e-06,3.615002891976804e-06,1.1188445500007194e-06,6.627307290077433e-06,0.0,Germany,DEU,baden-wurttemberg,,,Linux-7.0.0-31-generic-x86_64-with-glibc2.43,3.14.4,3.3.0,24,Intel(R) Core(TM) Ultra 9 285K,1,1 x NVIDIA GeForce RTX 5090,9.2986,48.7383,60.81614303588867,machine,0.0,0.0,0.0,0.0,N
synthetic_rollout_generation_46,2026-09-14T18:13:18,mbpo_HalfCheetah-v5_seed14577,29423945-e60c-48eb-bcf0-6401f3d8e03a,0.006542120998346945,3.48245405429326e-08,5.321924607994635e-06,25.117855513306857,78.61839257866046,20.0,5.7271156927996e-08,0.0,3.414383334312404e-08,9.14149902719874e-08,0.0,Germany,DEU,baden-wurttemberg,,,Linux-7.0.0-31-generic-x86_64-with-glibc2.43,3.14.4,3.3.0,24,Intel(R) Core(TM) Ultra 9 285K,1,1 x NVIDIA GeForce RTX 5090,9.2986,48.7383,60.81614303588867,machine,0.0,0.0,0.0,0.0,N
gradient_updates_46,2026-09-14T18:13:34,mbpo_HalfCheetah-v5_seed14577,29423945-e60c-48eb-bcf0-6401f3d8e03a,15.997730433999095,0.00023947548477026848,1.496934997247495e-05,25.112500660210227,78.70782785994523,20.0,0.00011448735742314656,0.0004252658957680233,8.887382325000436e-05,0.0006286270764411794,0.0,Germany,DEU,baden-wurttemberg,,,Linux-7.0.0-31-generic-x86_64-with-glibc2.43,3.14.4,3.3.0,24,Intel(R) Core(TM) Ultra 9 285K,1,1 x NVIDIA GeForce RTX 5090,9.2986,48.7383,60.81614303588867,machine,0.0,0.0,0.0,0.0,N
dynamics_model_update_47,2026-09-14T18:13:43,mbpo_HalfCheetah-v5_seed14577,29423945-e60c-48eb-bcf0-6401f3d8e03a,8.886212619003345,0.00010598355808826357,1.1926709926902759e-05,25.113951737718534,78.66386808182757,20.0,5.540114098754462e-05,0.00017344180542000487,4.936563237776387e-05,0.00027820857878531335,0.0,Germany,DEU,baden-wurttemberg,,,Linux-7.0.0-31-generic-x86_64-with-glibc2.43,3.14.4,3.3.0,24,Intel(R) Core(TM) Ultra 9 285K,1,1 x NVIDIA GeForce RTX 5090,9.2986,48.7383,60.81614303588867,machine,0.0,0.0,0.0,0.0,N
rollout_47,2026-09-14T18:13:43,mbpo_HalfCheetah-v5_seed14577,29423945-e60c-48eb-bcf0-6401f3d8e03a,0.20651331800036132,2.3964012566025927e-06,1.160392274657255e-05,25.121934254261127,78.58111431461181,20.0,1.5464923483043264e-06,3.596947322048738e-06,1.1471529444357156e-06,6.290592614789647e-06,0.0,Germany,DEU,baden-wurttemberg,,,Linux-7.0.0-31-generic-x86_64-with-glibc2.43,3.14.4,3.3.0,24,Intel(R) Core(TM) Ultra 9 285K,1,1 x NVIDIA GeForce RTX 5090,9.2986,48.7383,60.81614303588867,machine,0.0,0.0,0.0,0.0,N
synthetic_rollout_generation_47,2026-09-14T18:13:43,mbpo_HalfCheetah-v5_seed14577,29423945-e60c-48eb-bcf0-6401f3d8e03a,0.0065029110010073055,3.526974651918424e-08,5.418339949207925e-06,25.118394167630253,78.1760570243303,20.0,5.8237824366799695e-08,0.0,3.434583888736048e-08,9.258366325676226e-08,0.0,Germany,DEU,baden-wurttemberg,,,Linux-7.0.0-31-generic-x86_64-with-glibc2.43,3.14.4,3.3.0,24,Intel(R) Core(TM) Ultra 9 285K,1,1 x NVIDIA GeForce RTX 5090,9.2986,48.7383,60.81614303588867,machine,0.0,0.0,0.0,0.0,N
gradient_updates_47,2026-09-14T18:13:59,mbpo_HalfCheetah-v5_seed14577,29423945-e60c-48eb-bcf0-6401f3d8e03a,15.969541694001236,0.00024188872836633513,1.5146895796385212e-05,25.115730377755266,78.26788731310221,20.0,0.00012003418880505295,0.0004262108965238931,8.871679514443984e-05,0.000634961880473385,0.0,Germany,DEU,baden-wurttemberg,,,Linux-7.0.0-31-generic-x86_64-with-glibc2.43,3.14.4,3.3.0,24,Intel(R) Core(TM) Ultra 9 285K,1,1 x NVIDIA GeForce RTX 5090,9.2986,48.7383,60.81614303588867,machine,0.0,0.0,0.0,0.0,N
dynamics_model_update_48,2026-09-14T18:14:38,mbpo_HalfCheetah-v5_seed14577,29423945-e60c-48eb-bcf0-6401f3d8e03a,39.32581921900055,0.0004994532987551703,1.2700394361686973e-05,25.12579706045747,78.23411049870123,20.0,0.00030993724933849054,0.0007826611816840745,0.00021847467241665683,0.0013110731034392184,0.0,Germany,DEU,baden-wurttemberg,,,Linux-7.0.0-31-generic-x86_64-with-glibc2.43,3.14.4,3.3.0,24,Intel(R) Core(TM) Ultra 9 285K,1,1 x NVIDIA GeForce RTX 5090,9.2986,48.7383,60.81614303588867,machine,0.0,0.0,0.0,0.0,N
rollout_48,2026-09-14T18:14:39,mbpo_HalfCheetah-v5_seed14577,29423945-e60c-48eb-bcf0-6401f3d8e03a,0.21062560000063968,2.425054050552572e-06,1.1513047543612428e-05,25.12790840099637,78.15731318461572,20.0,1.5092442629503766e-06,3.6880585060350413e-06,1.1685039000034966e-06,6.365806668989782e-06,0.0,Germany,DEU,baden-wurttemberg,,,Linux-7.0.0-31-generic-x86_64-with-glibc2.43,3.14.4,3.3.0,24,Intel(R) Core(TM) Ultra 9 285K,1,1 x NVIDIA GeForce RTX 5090,9.2986,48.7383,60.81614303588867,machine,0.0,0.0,0.0,0.0,N
synthetic_rollout_generation_48,2026-09-14T18:14:39,mbpo_HalfCheetah-v5_seed14577,29423945-e60c-48eb-bcf0-6401f3d8e03a,0.006775721001758939,3.548308256939858e-08,5.23035633523699e-06,25.119584391766082,77.7625792796429,20.0,5.764421278330045e-08,0.0,3.549946110681379e-08,9.314367389184897e-08,0.0,Germany,DEU,baden-wurttemberg,,,Linux-7.0.0-31-generic-x86_64-with-glibc2.43,3.14.4,3.3.0,24,Intel(R) Core(TM) Ultra 9 285K,1,1 x NVIDIA GeForce RTX 5090,9.2986,48.7383,60.81614303588867,machine,0.0,0.0,0.0,0.0,N
gradient_updates_48,2026-09-14T18:14:56,mbpo_HalfCheetah-v5_seed14577,29423945-e60c-48eb-bcf0-6401f3d8e03a,17.076403033999668,0.0002517915394682352,1.4745017380827594e-05,25.112170003128117,77.83867145058055,20.0,0.0001254234820053709,0.00044066924142394104,9.486419865556341e-05,0.0006609569220848779,0.0,Germany,DEU,baden-wurttemberg,,,Linux-7.0.0-31-generic-x86_64-with-glibc2.43,3.14.4,3.3.0,24,Intel(R) Core(TM) Ultra 9 285K,1,1 x NVIDIA GeForce RTX 5090,9.2986,48.7383,60.81614303588867,machine,0.0,0.0,0.0,0.0,N
dynamics_model_update_49,2026-09-14T18:15:09,mbpo_HalfCheetah-v5_seed14577,29423945-e60c-48eb-bcf0-6401f3d8e03a,13.767517047002912,0.00017845946858849326,1.2962334248763915e-05,25.120164997346343,77.81065768399736,20.0,0.00011573192980769177,0.00027624383210606007,7.648327100000154e-05,0.0004684590329137525,0.0,Germany,DEU,baden-wurttemberg,,,Linux-7.0.0-31-generic-x86_64-with-glibc2.43,3.14.4,3.3.0,24,Intel(R) Core(TM) Ultra 9 285K,1,1 x NVIDIA GeForce RTX 5090,9.2986,48.7383,60.81614303588867,machine,0.0,0.0,0.0,0.0,N
rollout_49,2026-09-14T18:15:10,mbpo_HalfCheetah-v5_seed14577,29423945-e60c-48eb-bcf0-6401f3d8e03a,0.19932187200174667,2.5155850557415094e-06,1.262024303604678e-05,25.161333208306853,77.75023150205662,20.0,1.8678420498265819e-06,3.6302806819543676e-06,1.1053293111117427e-06,6.603452042897029e-06,0.0,Germany,DEU,baden-wurttemberg,,,Linux-7.0.0-31-generic-x86_64-with-glibc2.43,3.14.4,3.3.0,24,Intel(R) Core(TM) Ultra 9 285K,1,1 x NVIDIA GeForce RTX 5090,9.2986,48.7383,60.81614303588867,machine,0.0,0.0,0.0,0.0,N
synthetic_rollout_generation_49,2026-09-14T18:15:10,mbpo_HalfCheetah-v5_seed14577,29423945-e60c-48eb-bcf0-6401f3d8e03a,0.006551821999892127,3.648783307094727e-08,5.561593167388879e-06,25.16488333507579,77.36532936590783,20.0,6.166227155268711e-08,0.0,3.411888889470749e-08,9.57811604473946e-08,0.0,Germany,DEU,baden-wurttemberg,,,Linux-7.0.0-31-generic-x86_64-with-glibc2.43,3.14.4,3.3.0,24,Intel(R) Core(TM) Ultra 9 285K,1,1 x NVIDIA GeForce RTX 5090,9.2986,48.7383,60.81614303588867,machine,0.0,0.0,0.0,0.0,N
gradient_updates_49,2026-09-14T18:15:27,mbpo_HalfCheetah-v5_seed14577,29423945-e60c-48eb-bcf0-6401f3d8e03a,17.15640166400044,0.0002526889428774333,1.4728558439546511e-05,25.16862327466349,77.43981539989393,20.0,0.0001272573648613655,0.0004407450748180053,9.531018107777033e-05,0.0006633126207571463,0.0,Germany,DEU,baden-wurttemberg,,,Linux-7.0.0-31-generic-x86_64-with-glibc2.43,3.14.4,3.3.0,24,Intel(R) Core(TM) Ultra 9 285K,1,1 x NVIDIA GeForce RTX 5090,9.2986,48.7383,60.81614303588867,machine,0.0,0.0,0.0,0.0,N
dynamics_model_update_50,2026-09-14T18:15:45,mbpo_HalfCheetah-v5_seed14577,29423945-e60c-48eb-bcf0-6401f3d8e03a,18.013076930998068,0.0002223222102998093,1.2342270155624616e-05,25.176065307222036,77.40423388157329,20.0,0.00013237239006449325,0.00035115611425795556,0.00010007094521111495,0.0005835994495335603,0.0,Germany,DEU,baden-wurttemberg,,,Linux-7.0.0-31-generic-x86_64-with-glibc2.43,3.14.4,3.3.0,24,Intel(R) Core(TM) Ultra 9 285K,1,1 x NVIDIA GeForce RTX 5090,9.2986,48.7383,60.81614303588867,machine,0.0,0.0,0.0,0.0,N
rollout_50,2026-09-14T18:15:45,mbpo_HalfCheetah-v5_seed14577,29423945-e60c-48eb-bcf0-6401f3d8e03a,0.20045166199997766,2.500325471260084e-06,1.2473037097067193e-05,25.216737856768244,77.33938202049615,20.0,1.8854403972395906e-06,3.5658361860479992e-06,1.112118799998646e-06,6.563395383282766e-06,0.0,Germany,DEU,baden-wurttemberg,,,Linux-7.0.0-31-generic-x86_64-with-glibc2.43,3.14.4,3.3.0,24,Intel(R) Core(TM) Ultra 9 285K,1,1 x NVIDIA GeForce RTX 5090,9.2986,48.7383,60.81614303588867,machine,0.0,0.0,0.0,0.0,N
synthetic_rollout_generation_50,2026-09-14T18:15:45,mbpo_HalfCheetah-v5_seed14577,29423945-e60c-48eb-bcf0-6401f3d8e03a,0.006468489998951554,3.278395942912793e-08,5.0618612619950746e-06,25.205813304169766,76.96394812719277,20.0,5.308365357697964e-08,0.0,3.2974777786770604e-08,8.605843136721969e-08,0.0,Germany,DEU,baden-wurttemberg,,,Linux-7.0.0-31-generic-x86_64-with-glibc2.43,3.14.4,3.3.0,24,Intel(R) Core(TM) Ultra 9 285K,1,1 x NVIDIA GeForce RTX 5090,9.2986,48.7383,60.81614303588867,machine,0.0,0.0,0.0,0.0,N
gradient_updates_50,2026-09-14T18:16:01,mbpo_HalfCheetah-v5_seed14577,29423945-e60c-48eb-bcf0-6401f3d8e03a,15.858902138999838,0.00023884725250738342,1.5060776865221448e-05,25.19617326157855,77.0532670011097,20.0,0.00011838859915524677,0.0004204864474999792,8.810290978888361e-05,0.0006269779564441122,0.0,Germany,DEU,baden-wurttemberg,,,Linux-7.0.0-31-generic-x86_64-with-glibc2.43,3.14.4,3.3.0,24,Intel(R) Core(TM) Ultra 9 285K,1,1 x NVIDIA GeForce RTX 5090,9.2986,48.7383,60.81614303588867,machine,0.0,0.0,0.0,0.0,N
dynamics_model_update_51,2026-09-14T18:16:17,mbpo_HalfCheetah-v5_seed14577,29423945-e60c-48eb-bcf0-6401f3d8e03a,16.214869406001526,0.00019651618752073927,1.2119490256250932e-05,25.20343954360234,77.02145748022829,20.0,0.00010852981099044624,0.0003172485871320019,9.007981823334465e-05,0.0005158582163557884,0.0,Germany,DEU,baden-wurttemberg,,,Linux-7.0.0-31-generic-x86_64-with-glibc2.43,3.14.4,3.3.0,24,Intel(R) Core(TM) Ultra 9 285K,1,1 x NVIDIA GeForce RTX 5090,9.2986,48.7383,60.81614303588867,machine,0.0,0.0,0.0,0.0,N
rollout_51,2026-09-14T18:16:17,mbpo_HalfCheetah-v5_seed14577,29423945-e60c-48eb-bcf0-6401f3d8e03a,0.20558040099786012,2.3729283073481433e-06,1.1542979446147793e-05,25.20704443267055,76.95436544068025,20.0,1.4967489751754187e-06,3.592225096049617e-06,1.1400016666609017e-06,6.228975737890274e-06,0.0,Germany,DEU,baden-wurttemberg,,,Linux-7.0.0-31-generic-x86_64-with-glibc2.43,3.14.4,3.3.0,24,Intel(R) Core(TM) Ultra 9 285K,1,1 x NVIDIA GeForce RTX 5090,9.2986,48.7383,60.81614303588867,machine,0.0,0.0,0.0,0.0,N
synthetic_rollout_generation_51,2026-09-14T18:16:17,mbpo_HalfCheetah-v5_seed14577,29423945-e60c-48eb-bcf0-6401f3d8e03a,0.006502938998892205,3.225193861630671e-08,4.951881142578601e-06,25.1875101079855,76.58791608143892,20.0,5.030309579642789e-08,0.0,3.43587722049718e-08,8.466186800226705e-08,0.0,Germany,DEU,baden-wurttemberg,,,Linux-7.0.0-31-generic-x86_64-with-glibc2.43,3.14.4,3.3.0,24,Intel(R) Core(TM) Ultra 9 285K,1,1 x NVIDIA GeForce RTX 5090,9.2986,48.7383,60.81614303588867,machine,0.0,0.0,0.0,0.0,N
gradient_updates_51,2026-09-14T18:16:33,mbpo_HalfCheetah-v5_seed14577,29423945-e60c-48eb-bcf0-6401f3d8e03a,16.059144375998585,0.00023654227195602992,1.4729454835723229e-05,25.168974935243597,76.6759790199739,20.0,0.0001071841576917032,0.0004245281173999027,8.92150695888834e-05,0.0006209273446804858,0.0,Germany,DEU,baden-wurttemberg,,,Linux-7.0.0-31-generic-x86_64-with-glibc2.43,3.14.4,3.3.0,24,Intel(R) Core(TM) Ultra 9 285K,1,1 x NVIDIA GeForce RTX 5090,9.2986,48.7383,60.81614303588867,machine,0.0,0.0,0.0,0.0,N
dynamics_model_update_52,2026-09-14T18:16:43,mbpo_HalfCheetah-v5_seed14577,29423945-e60c-48eb-bcf0-6401f3d8e03a,9.800477527998737,0.0001165174955258183,1.188896740981071e-05,25.162640060641962,76.64596058022927,20.0,6.0007998561916256e-05,0.00019140765312603003,5.4444685694438576e-05,0.000305860337382384,0.0,Germany,DEU,baden-wurttemberg,,,Linux-7.0.0-31-generic-x86_64-with-glibc2.43,3.14.4,3.3.0,24,Intel(R) Core(TM) Ultra 9 285K,1,1 x NVIDIA GeForce RTX 5090,9.2986,48.7383,60.81614303588867,machine,0.0,0.0,0.0,0.0,N
rollout_52,2026-09-14T18:16:43,mbpo_HalfCheetah-v5_seed14577,29423945-e60c-48eb-bcf0-6401f3d8e03a,0.2117287379987829,3.1104793290284705e-06,1.4690085122929442e-05,25.163838189326604,76.72425572255905,20.0,1.5093120407805999e-06,5.481393273998325e-06,1.1743539555433141e-06,8.165059270322239e-06,0.0,Germany,DEU,baden-wurttemberg,,,Linux-7.0.0-31-generic-x86_64-with-glibc2.43,3.14.4,3.3.0,24,Intel(R) Core(TM) Ultra 9 285K,1,1 x NVIDIA GeForce RTX 5090,9.2986,48.7383,60.81614303588867,machine,0.0,0.0,0.0,0.0,N
synthetic_rollout_generation_52,2026-09-14T18:16:43,mbpo_HalfCheetah-v5_seed14577,29423945-e60c-48eb-bcf0-6401f3d8e03a,0.0065725349995773286,3.28782420143392e-08,4.990935535041145e-06,25.14713152167649,76.36573116310784,20.0,5.1710319146427985e-08,0.0,3.459560555477831e-08,8.630592469860421e-08,0.0,Germany,DEU,baden-wurttemberg,,,Linux-7.0.0-31-generic-x86_64-with-glibc2.43,3.14.4,3.3.0,24,Intel(R) Core(TM) Ultra 9 285K,1,1 x NVIDIA GeForce RTX 5090,9.2986,48.7383,60.81614303588867,machine,0.0,0.0,0.0,0.0,N
gradient_updates_52,2026-09-14T18:17:00,mbpo_HalfCheetah-v5_seed14577,29423945-e60c-48eb-bcf0-6401f3d8e03a,16.125710445998266,0.0002383947442826488,1.4783527554317707e-05,25.131317225658997,76.45436506742728,20.0,0.0001087822250812661,0.0004274225641600071,8.958532568889913e-05,0.0006257901149301706,0.0,Germany,DEU,baden-wurttemberg,,,Linux-7.0.0-31-generic-x86_64-with-glibc2.43,3.14.4,3.3.0,24,Intel(R) Core(TM) Ultra 9 285K,1,1 x NVIDIA GeForce RTX 5090,9.2986,48.7383,60.81614303588867,machine,0.0,0.0,0.0,0.0,N
dynamics_model_update_53,2026-09-14T18:17:15,mbpo_HalfCheetah-v5_seed14577,29423945-e60c-48eb-bcf0-6401f3d8e03a,15.588266388000193,0.0001871867702336813,1.2008166051104926e-05,25.127058406036053,76.42600371569277,20.0,0.00010025178020136097,0.00030451802139197515,8.659854132222165e-05,0.000491368342915556,0.0,Germany,DEU,baden-wurttemberg,,,Linux-7.0.0-31-generic-x86_64-with-glibc2.43,3.14.4,3.3.0,24,Intel(R) Core(TM) Ultra 9 285K,1,1 x NVIDIA GeForce RTX 5090,9.2986,48.7383,60.81614303588867,machine,0.0,0.0,0.0,0.0,N
rollout_53,2026-09-14T18:17:15,mbpo_HalfCheetah-v5_seed14577,29423945-e60c-48eb-bcf0-6401f3d8e03a,0.20875617300043814,2.4115139428300403e-06,1.1551384576574948e-05,25.129536805684133,76.36196396333281,20.0,1.51426260029848e-06,3.649169586006362e-06,1.166831477772412e-06,6.3302636640755194e-06,0.0,Germany,DEU,baden-wurttemberg,,,Linux-7.0.0-31-generic-x86_64-with-glibc2.43,3.14.4,3.3.0,24,Intel(R) Core(TM) Ultra 9 285K,1,1 x NVIDIA GeForce RTX 5090,9.2986,48.7383,60.81614303588867,machine,0.0,0.0,0.0,0.0,N
synthetic_rollout_generation_53,2026-09-14T18:17:15,mbpo_HalfCheetah-v5_seed14577,29423945-e60c-48eb-bcf0-6401f3d8e03a,0.00657087499712361,3.484221431857004e-08,5.2951934896559755e-06,25.12234968233974,76.0116797249689,20.0,5.66608786625733e-08,0.0,3.4800505555390715e-08,9.146138421622929e-08,0.0,Germany,DEU,baden-wurttemberg,,,Linux-7.0.0-31-generic-x86_64-with-glibc2.43,3.14.4,3.3.0,24,Intel(R) Core(TM) Ultra 9 285K,1,1 x NVIDIA GeForce RTX 5090,9.2986,48.7383,60.81614303588867,machine,0.0,0.0,0.0,0.0,N
gradient_updates_53,2026-09-14T18:17:31,mbpo_HalfCheetah-v5_seed14577,29423945-e60c-48eb-bcf0-6401f3d8e03a,16.10274858000048,0.0002383193940042154,1.4799930436236968e-05,25.115472339990518,76.10015442415747,20.0,0.00010947549841366228,0.00042665923021606433,8.945759058333336e-05,0.00062559231921306,0.0,Germany,DEU,baden-wurttemberg,,,Linux-7.0.0-31-generic-x86_64-with-glibc2.43,3.14.4,3.3.0,24,Intel(R) Core(TM) Ultra 9 285K,1,1 x NVIDIA GeForce RTX 5090,9.2986,48.7383,60.81614303588867,machine,0.0,0.0,0.0,0.0,N
dynamics_model_update_54,2026-09-14T18:17:40,mbpo_HalfCheetah-v5_seed14577,29423945-e60c-48eb-bcf0-6401f3d8e03a,8.739496625999891,0.00010438790478776994,1.1944392420020449e-05,25.11134672683777,76.07596291853883,20.0,5.365594514694476e-05,0.0001718143041179454,4.854971342776668e-05,0.00027401996269266204,0.0,Germany,DEU,baden-wurttemberg,,,Linux-7.0.0-31-generic-x86_64-with-glibc2.43,3.14.4,3.3.0,24,Intel(R) Core(TM) Ultra 9 285K,1,1 x NVIDIA GeForce RTX 5090,9.2986,48.7383,60.81614303588867,machine,0.0,0.0,0.0,0.0,N
rollout_54,2026-09-14T18:17:40,mbpo_HalfCheetah-v5_seed14577,29423945-e60c-48eb-bcf0-6401f3d8e03a,0.21283402299741283,2.4020047480650952e-06,1.1285222111908302e-05,25.111292777817805,76.0095530046673,20.0,1.4983767542553483e-06,3.6261140120008584e-06,1.1808111055472414e-06,6.305301871803448e-06,0.0,Germany,DEU,baden-wurttemberg,,,Linux-7.0.0-31-generic-x86_64-with-glibc2.43,3.14.4,3.3.0,24,Intel(R) Core(TM) Ultra 9 285K,1,1 x NVIDIA GeForce RTX 5090,9.2986,48.7383,60.81614303588867,machine,0.0,0.0,0.0,0.0,N
synthetic_rollout_generation_54,2026-09-14T18:17:40,mbpo_HalfCheetah-v5_seed14577,29423945-e60c-48eb-bcf0-6401f3d8e03a,0.006491988002380822,3.2640791604310326e-08,5.020691639625551e-06,25.096251041947767,75.6671676307724,20.0,5.1574485702976514e-08,0.0,3.410812777354666e-08,8.568261347652317e-08,0.0,Germany,DEU,baden-wurttemberg,,,Linux-7.0.0-31-generic-x86_64-with-glibc2.43,3.14.4,3.3.0,24,Intel(R) Core(TM) Ultra 9 285K,1,1 x NVIDIA GeForce RTX 5090,9.2986,48.7383,60.81614303588867,machine,0.0,0.0,0.0,0.0,N
gradient_updates_54,2026-09-14T18:17:57,mbpo_HalfCheetah-v5_seed14577,29423945-e60c-48eb-bcf0-6401f3d8e03a,16.15595195900096,0.00023655463272804697,1.464195925833758e-05,25.081755057531403,75.75403148236532,20.0,0.00010471040737937073,0.0004264967300859901,8.975265444445893e-05,0.0006209597919098198,0.0,Germany,DEU,baden-wurttemberg,,,Linux-7.0.0-31-generic-x86_64-with-glibc2.43,3.14.4,3.3.0,24,Intel(R) Core(TM) Ultra 9 285K,1,1 x NVIDIA GeForce RTX 5090,9.2986,48.7383,60.81614303588867,machine,0.0,0.0,0.0,0.0,N
dynamics_model_update_55,2026-09-14T18:18:13,mbpo_HalfCheetah-v5_seed14577,29423945-e60c-48eb-bcf0-6401f3d8e03a,16.119220995999058,0.00019137544773809717,1.1872489024113919e-05,25.073545541645565,75.72986558690663,20.0,9.786981940690387e-05,0.0003149458075120126,8.954806316665426e-05,0.0005023636900855707,0.0,Germany,DEU,baden-wurttemberg,,,Linux-7.0.0-31-generic-x86_64-with-glibc2.43,3.14.4,3.3.0,24,Intel(R) Core(TM) Ultra 9 285K,1,1 x NVIDIA GeForce RTX 5090,9.2986,48.7383,60.81614303588867,machine,0.0,0.0,0.0,0.0,N
rollout_55,2026-09-14T18:18:13,mbpo_HalfCheetah-v5_seed14577,29423945-e60c-48eb-bcf0-6401f3d8e03a,0.20665848000135156,2.3663992299340075e-06,1.1450369420732195e-05,25.075828126746853,75.67100827050695,20.0,1.4834059089453844e-06,3.582225088061275e-06,1.1462058055466962e-06,6.211836802556825e-06,0.0,Germany,DEU,baden-wurttemberg,,,Linux-7.0.0-31-generic-x86_64-with-glibc2.43,3.14.4,3.3.0,24,Intel(R) Core(TM) Ultra 9 285K,1,1 x NVIDIA GeForce RTX 5090,9.2986,48.7383,60.81614303588867,machine,0.0,0.0,0.0,0.0,N
synthetic_rollout_generation_55,2026-09-14T18:18:13,mbpo_HalfCheetah-v5_seed14577,29423945-e60c-48eb-bcf0-6401f3d8e03a,0.006540247002703836,3.34282178743317e-08,5.104053561100127e-06,25.063408896760254,75.33618080028346,20.0,5.321920924263035e-08,0.0,3.4530411115521464e-08,8.774962035468237e-08,0.0,Germany,DEU,baden-wurttemberg,,,Linux-7.0.0-31-generic-x86_64-with-glibc2.43,3.14.4,3.3.0,24,Intel(R) Core(TM) Ultra 9 285K,1,1 x NVIDIA GeForce RTX 5090,9.2986,48.7383,60.81614303588867,machine,0.0,0.0,0.0,0.0,N
gradient_updates_55,2026-09-14T18:18:29,mbpo_HalfCheetah-v5_seed14577,29423945-e60c-48eb-bcf0-6401f3d8e03a,15.953467734998412,0.0002394104108781707,1.5006802317336539e-05,25.052256264373348,75.42431502410894,20.0,0.00011732560608263172,0.0004225028380019369,8.86278123222329e-05,0.000628456256406798,0.0,Germany,DEU,baden-wurttemberg,,,Linux-7.0.0-31-generic-x86_64-with-glibc2.43,3.14.4,3.3.0,24,Intel(R) Core(TM) Ultra 9 285K,1,1 x NVIDIA GeForce RTX 5090,9.2986,48.7383,60.81614303588867,machine,0.0,0.0,0.0,0.0,N
dynamics_model_update_56,2026-09-14T18:18:51,mbpo_HalfCheetah-v5_seed14577,29423945-e60c-48eb-bcf0-6401f3d8e03a,22.009889216999,0.000269835856011081,1.2259757093850842e-05,25.058233098396173,75.40356966233287,20.0,0.00015384804668944901,0.00043220256798404133,0.00012227293437778487,0.0007083235490512735,0.0,Germany,DEU,baden-wurttemberg,,,Linux-7.0.0-31-generic-x86_64-with-glibc2.43,3.14.4,3.3.0,24,Intel(R) Core(TM) Ultra 9 285K,1,1 x NVIDIA GeForce RTX 5090,9.2986,48.7383,60.81614303588867,machine,0.0,0.0,0.0,0.0,N
rollout_56,2026-09-14T18:18:51,mbpo_HalfCheetah-v5_seed14577,29423945-e60c-48eb-bcf0-6401f3d8e03a,0.20073560899982112,2.477078071688732e-06,1.2339845776790092e-05,25.091994098010243,75.35210265994995,20.0,1.8472595333610814e-06,3.541947277974078e-06,1.1131637666639271e-06,6.502370577997352e-06,0.0,Germany,DEU,baden-wurttemberg,,,Linux-7.0.0-31-generic-x86_64-with-glibc2.43,3.14.4,3.3.0,24,Intel(R) Core(TM) Ultra 9 285K,1,1 x NVIDIA GeForce RTX 5090,9.2986,48.7383,60.81614303588867,machine,0.0,0.0,0.0,0.0,N
synthetic_rollout_generation_56,2026-09-14T18:18:51,mbpo_HalfCheetah-v5_seed14577,29423945-e60c-48eb-bcf0-6401f3d8e03a,0.0064463269991392735,3.234151501468885e-08,5.011396754748252e-06,25.076887428923595,75.02448482229799,20.0,5.10489297275013e-08,0.0,3.3848077791998055e-08,8.489700752123408e-08,0.0,Germany,DEU,baden-wurttemberg,,,Linux-7.0.0-31-generic-x86_64-with-glibc2.43,3.14.4,3.3.0,24,Intel(R) Core(TM) Ultra 9 285K,1,1 x NVIDIA GeForce RTX 5090,9.2986,48.7383,60.81614303588867,machine,0.0,0.0,0.0,0.0,N
gradient_updates_56,2026-09-14T18:19:07,mbpo_HalfCheetah-v5_seed14577,29423945-e60c-48eb-bcf0-6401f3d8e03a,16.264691552998556,0.00024155986543442434,1.4851803257055787e-05,25.063011229613284,75.108419585838,20.0,0.00011719276986525175,0.0004265486745719804,9.035716544444211e-05,0.0006340986098816725,0.0,Germany,DEU,baden-wurttemberg,,,Linux-7.0.0-31-generic-x86_64-with-glibc2.43,3.14.4,3.3.0,24,Intel(R) Core(TM) Ultra 9 285K,1,1 x NVIDIA GeForce RTX 5090,9.2986,48.7383,60.81614303588867,machine,0.0,0.0,0.0,0.0,N
dynamics_model_update_57,2026-09-14T18:19:26,mbpo_HalfCheetah-v5_seed14577,29423945-e60c-48eb-bcf0-6401f3d8e03a,18.33182383100211,0.0002361626857750078,1.2882646702580794e-05,25.06746217541327,75.09834130043969,20.0,0.00014754132886630328,0.0003705491853280285,0.00010184041053334057,0.0006199309247276741,0.0,Germany,DEU,baden-wurttemberg,,,Linux-7.0.0-31-generic-x86_64-with-glibc2.43,3.14.4,3.3.0,24,Intel(R) Core(TM) Ultra 9 285K,1,1 x NVIDIA GeForce RTX 5090,9.2986,48.7383,60.81614303588867,machine,0.0,0.0,0.0,0.0,N
rollout_57,2026-09-14T18:19:26,mbpo_HalfCheetah-v5_seed14577,29423945-e60c-48eb-bcf0-6401f3d8e03a,0.205900863998977,2.3904757242773633e-06,1.160936337896841e-05,25.0744199816379,75.04582747614667,20.0,1.5417623445198453e-06,3.591113984013905e-06,1.1421616666774242e-06,6.2750379952111746e-06,0.0,Germany,DEU,baden-wurttemberg,,,Linux-7.0.0-31-generic-x86_64-with-glibc2.43,3.14.4,3.3.0,24,Intel(R) Core(TM) Ultra 9 285K,1,1 x NVIDIA GeForce RTX 5090,9.2986,48.7383,60.81614303588867,machine,0.0,0.0,0.0,0.0,N
synthetic_rollout_generation_57,2026-09-14T18:19:26,mbpo_HalfCheetah-v5_seed14577,29423945-e60c-48eb-bcf0-6401f3d8e03a,0.006736728999385377,3.5273511535260926e-08,5.227505997293154e-06,25.068639833208405,74.72511881171869,20.0,5.810199092681767e-08,0.0,3.4491555561330656e-08,9.259354648988305e-08,0.0,Germany,DEU,baden-wurttemberg,,,Linux-7.0.0-31-generic-x86_64-with-glibc2.43,3.14.4,3.3.0,24,Intel(R) Core(TM) Ultra 9 285K,1,1 x NVIDIA GeForce RTX 5090,9.2986,48.7383,60.81614303588867,machine,0.0,0.0,0.0,0.0,N
gradient_updates_57,2026-09-14T18:19:43,mbpo_HalfCheetah-v5_seed14577,29423945-e60c-48eb-bcf0-6401f3d8e03a,17.02302215600139,0.00024816669836636926,1.4578305122684717e-05,25.063093773228253,74.80397306062048,20.0,0.00011589073965696112,0.0004409775750039979,9.457334006110658e-05,0.0006514416547220639,0.0,Germany,DEU,baden-wurttemberg,,,Linux-7.0.0-31-generic-x86_64-with-glibc2.43,3.14.4,3.3.0,24,Intel(R) Core(TM) Ultra 9 285K,1,1 x NVIDIA GeForce RTX 5090,9.2986,48.7383,60.81614303588867,machine,0.0,0.0,0.0,0.0,N
dynamics_model_update_58,2026-09-14T18:19:54,mbpo_HalfCheetah-v5_seed14577,29423945-e60c-48eb-bcf0-6401f3d8e03a,11.250779952999437,0.0001377470438151604,1.2243333419492988e-05,25.060604102000248,74.79012909705219,20.0,7.55270920882907e-05,0.0002235596232919579,6.250153456110498e-05,0.0003615882499413553,0.0,Germany,DEU,baden-wurttemberg,,,Linux-7.0.0-31-generic-x86_64-with-glibc2.43,3.14.4,3.3.0,24,Intel(R) Core(TM) Ultra 9 285K,1,1 x NVIDIA GeForce RTX 5090,9.2986,48.7383,60.81614303588867,machine,0.0,0.0,0.0,0.0,N
rollout_58,2026-09-14T18:19:54,mbpo_HalfCheetah-v5_seed14577,29423945-e60c-48eb-bcf0-6401f3d8e03a,0.19978348600125173,2.5003860901415265e-06,1.2514826103075912e-05,25.09525180881661,74.7478779135105,20.0,1.8654514923610588e-06,3.590002872033704e-06,1.1081001444427502e-06,6.563554508835778e-06,0.0,Germany,DEU,baden-wurttemberg,,,Linux-7.0.0-31-generic-x86_64-with-glibc2.43,3.14.4,3.3.0,24,Intel(R) Core(TM) Ultra 9 285K,1,1 x NVIDIA GeForce RTX 5090,9.2986,48.7383,60.81614303588867,machine,0.0,0.0,0.0,0.0,N
synthetic_rollout_generation_58,2026-09-14T18:19:54,mbpo_HalfCheetah-v5_seed14577,29423945-e60c-48eb-bcf0-6401f3d8e03a,0.006459928001277149,3.569466026573376e-08,5.517846220614624e-06,25.067408173810296,74.43381119958818,20.0,5.132031883313404e-08,0.0,4.237874998321012e-08,9.369906881634416e-08,0.0,Germany,DEU,baden-wurttemberg,,,Linux-7.0.0-31-generic-x86_64-with-glibc2.43,3.14.4,3.3.0,24,Intel(R) Core(TM) Ultra 9 285K,1,1 x NVIDIA GeForce RTX 5090,9.2986,48.7383,60.81614303588867,machine,0.0,0.0,0.0,0.0,N
gradient_updates_58,2026-09-14T18:20:11,mbpo_HalfCheetah-v5_seed14577,29423945-e60c-48eb-bcf0-6401f3d8e03a,16.78327550800168,0.0002489565796260744,1.4833618465637712e-05,25.041756325942945,74.51463428927879,20.0,0.00012321825163007748,0.00043705868297999606,9.323817137778419e-05,0.0006535151059878577,0.0,Germany,DEU,baden-wurttemberg,,,Linux-7.0.0-31-generic-x86_64-with-glibc2.43,3.14.4,3.3.0,24,Intel(R) Core(TM) Ultra 9 285K,1,1 x NVIDIA GeForce RTX 5090,9.2986,48.7383,60.81614303588867,machine,0.0,0.0,0.0,0.0,N
dynamics_model_update_59,2026-09-14T18:20:25,mbpo_HalfCheetah-v5_seed14577,29423945-e60c-48eb-bcf0-6401f3d8e03a,13.838688264000666,0.00016975904342428697,1.2266972647601432e-05,25.04731045867489,74.4967738477451,20.0,9.87888718088116e-05,0.0002699529937399969,7.687840856665865e-05,0.0004456202741154672,0.0,Germany,DEU,baden-wurttemberg,,,Linux-7.0.0-31-generic-x86_64-with-glibc2.43,3.14.4,3.3.0,24,Intel(R) Core(TM) Ultra 9 285K,1,1 x NVIDIA GeForce RTX 5090,9.2986,48.7383,60.81614303588867,machine,0.0,0.0,0.0,0.0,N
rollout_59,2026-09-14T18:20:25,mbpo_HalfCheetah-v5_seed14577,29423945-e60c-48eb-bcf0-6401f3d8e03a,0.2029053260012006,2.534417855120513e-06,1.2490708142850998e-05,25.07970848505577,74.45966541662781,20.0,1.8700631627156794e-06,3.6650029319740263e-06,1.1178223555466382e-06,6.652888450239813e-06,0.0,Germany,DEU,baden-wurttemberg,,,Linux-7.0.0-31-generic-x86_64-with-glibc2.43,3.14.4,3.3.0,24,Intel(R) Core(TM) Ultra 9 285K,1,1 x NVIDIA GeForce RTX 5090,9.2986,48.7383,60.81614303588867,machine,0.0,0.0,0.0,0.0,N
synthetic_rollout_generation_59,2026-09-14T18:20:25,mbpo_HalfCheetah-v5_seed14577,29423945-e60c-48eb-bcf0-6401f3d8e03a,0.006439246000809362,3.6193932094474857e-08,5.6160631582546375e-06,25.083192084319723,74.15198084879052,20.0,6.111977111748768e-08,0.0,3.3889894439365076e-08,9.500966555858747e-08,0.0,Germany,DEU,baden-wurttemberg,,,Linux-7.0.0-31-generic-x86_64-with-glibc2.43,3.14.4,3.3.0,24,Intel(R) Core(TM) Ultra 9 285K,1,1 x NVIDIA GeForce RTX 5090,9.2986,48.7383,60.81614303588867,machine,0.0,0.0,0.0,0.0,N
gradient_updates_59,2026-09-14T18:20:41,mbpo_HalfCheetah-v5_seed14577,29423945-e60c-48eb-bcf0-6401f3d8e03a,16.175322680002864,0.00024011285122436943,1.4844401929857226e-05,25.086359537718526,74.24001563644862,20.0,0.00011115235169958937,0.00042928701009603554,8.98608120444306e-05,0.0006303001738400538,0.0,Germany,DEU,baden-wurttemberg,,,Linux-7.0.0-31-generic-x86_64-with-glibc2.43,3.14.4,3.3.0,24,Intel(R) Core(TM) Ultra 9 285K,1,1 x NVIDIA GeForce RTX 5090,9.2986,48.7383,60.81614303588867,machine,0.0,0.0,0.0,0.0,N
dynamics_model_update_60,2026-09-14T18:20:56,mbpo_HalfCheetah-v5_seed14577,29423945-e60c-48eb-bcf0-6401f3d8e03a,14.170601047000673,0.00017497200165345755,1.2347537695525524e-05,25.085299771657038,74.22493255430123,20.0,0.00010284651561047985,0.0002777349444099686,7.872291497222107e-05,0.0004593043749926695,0.0,Germany,DEU,baden-wurttemberg,,,Linux-7.0.0-31-generic-x86_64-with-glibc2.43,3.14.4,3.3.0,24,Intel(R) Core(TM) Ultra 9 285K,1,1 x NVIDIA GeForce RTX 5090,9.2986,48.7383,60.81614303588867,machine,0.0,0.0,0.0,0.0,N
rollout_60,2026-09-14T18:20:56,mbpo_HalfCheetah-v5_seed14577,29423945-e60c-48eb-bcf0-6401f3d8e03a,0.1991961480016471,2.5339181179521997e-06,1.2720919691591098e-05,25.117983881778745,74.19511214445903,20.0,1.8496842575255884e-06,3.697225180010477e-06,1.104667194442091e-06,6.651576631974687e-06,0.0,Germany,DEU,baden-wurttemberg,,,Linux-7.0.0-31-generic-x86_64-with-glibc2.43,3.14.4,3.3.0,24,Intel(R) Core(TM) Ultra 9 285K,1,1 x NVIDIA GeForce RTX 5090,9.2986,48.7383,60.81614303588867,machine,0.0,0.0,0.0,0.0,N
synthetic_rollout_generation_60,2026-09-14T18:20:56,mbpo_HalfCheetah-v5_seed14577,29423945-e60c-48eb-bcf0-6401f3d8e03a,0.00664740700085531,3.890756559293829e-08,5.837200127453982e-06,25.128244565448238,73.89350599753033,20.0,6.695199800468843e-08,0.0,3.5181000000369944e-08,1.0213299801026254e-07,0.0,Germany,DEU,baden-wurttemberg,,,Linux-7.0.0-31-generic-x86_64-with-glibc2.43,3.14.4,3.3.0,24,Intel(R) Core(TM) Ultra 9 285K,1,1 x NVIDIA GeForce RTX 5090,9.2986,48.7383,60.81614303588867,machine,0.0,0.0,0.0,0.0,N
gradient_updates_60,2026-09-14T18:21:12,mbpo_HalfCheetah-v5_seed14577,29423945-e60c-48eb-bcf0-6401f3d8e03a,16.02572623300148,0.0002405134655911051,1.500797144059363e-05,25.138074903043947,73.98155717948474,20.0,0.00011657453575955254,0.00042574922948801497,8.90280278777935e-05,0.0006313517931253593,0.0,Germany,DEU,baden-wurttemberg,,,Linux-7.0.0-31-generic-x86_64-with-glibc2.43,3.14.4,3.3.0,24,Intel(R) Core(TM) Ultra 9 285K,1,1 x NVIDIA GeForce RTX 5090,9.2986,48.7383,60.81614303588867,machine,0.0,0.0,0.0,0.0,N
dynamics_model_update_61,2026-09-14T18:21:26,mbpo_HalfCheetah-v5_seed14577,29423945-e60c-48eb-bcf0-6401f3d8e03a,14.485264178998477,0.00017288522977220583,1.1935232603375936e-05,25.14125362326572,73.96739171501687,20.0,8.982353491432567e-05,0.00028353272682596353,8.047030282777937e-05,0.0004538265645680703,0.0,Germany,DEU,baden-wurttemberg,,,Linux-7.0.0-31-generic-x86_64-with-glibc2.43,3.14.4,3.3.0,24,Intel(R) Core(TM) Ultra 9 285K,1,1 x NVIDIA GeForce RTX 5090,9.2986,48.7383,60.81614303588867,machine,0.0,0.0,0.0,0.0,N
rollout_61,2026-09-14T18:21:27,mbpo_HalfCheetah-v5_seed14577,29423945-e60c-48eb-bcf0-6401f3d8e03a,0.20833331299945712,2.434322078147949e-06,1.168453185831018e-05,25.146151763554705,73.92710341632734,20.0,1.5403887323097581e-06,3.6944474000599747e-06,1.1552992611133656e-06,6.3901353934830984e-06,0.0,Germany,DEU,baden-wurttemberg,,,Linux-7.0.0-31-generic-x86_64-with-glibc2.43,3.14.4,3.3.0,24,Intel(R) Core(TM) Ultra 9 285K,1,1 x NVIDIA GeForce RTX 5090,9.2986,48.7383,60.81614303588867,machine,0.0,0.0,0.0,0.0,N
synthetic_rollout_generation_61,2026-09-14T18:21:27,mbpo_HalfCheetah-v5_seed14577,29423945-e60c-48eb-bcf0-6401f3d8e03a,0.006586956998944515,3.3994394594422106e-08,5.15274099797361e-06,25.136184391580773,73.63139500266203,20.0,5.4405876859231483e-08,0.0,3.4829966676433455e-08,8.923584353393021e-08,0.0,Germany,DEU,baden-wurttemberg,,,Linux-7.0.0-31-generic-x86_64-with-glibc2.43,3.14.4,3.3.0,24,Intel(R) Core(TM) Ultra 9 285K,1,1 x NVIDIA GeForce RTX 5090,9.2986,48.7383,60.81614303588867,machine,0.0,0.0,0.0,0.0,N
gradient_updates_61,2026-09-14T18:21:43,mbpo_HalfCheetah-v5_seed14577,29423945-e60c-48eb-bcf0-6401f3d8e03a,16.154962028998852,0.0002407097799802388,1.4900061339316933e-05,25.126897328278282,73.71886997267819,20.0,0.00011318076665565134,0.0004289389542619926,8.974740069998995e-05,0.0006318671216176339,0.0,Germany,DEU,baden-wurttemberg,,,Linux-7.0.0-31-generic-x86_64-with-glibc2.43,3.14.4,3.3.0,24,Intel(R) Core(TM) Ultra 9 285K,1,1 x NVIDIA GeForce RTX 5090,9.2986,48.7383,60.81614303588867,machine,0.0,0.0,0.0,0.0,N
dynamics_model_update_62,2026-09-14T18:21:54,mbpo_HalfCheetah-v5_seed14577,29423945-e60c-48eb-bcf0-6401f3d8e03a,11.549676462000207,0.00013599344310421396,1.1774657590620123e-05,25.126001521612213,73.70360511097407,20.0,6.870879913366268e-05,0.0002241240681879475,6.41521519833179e-05,0.0003569850193049298,0.0,Germany,DEU,baden-wurttemberg,,,Linux-7.0.0-31-generic-x86_64-with-glibc2.43,3.14.4,3.3.0,24,Intel(R) Core(TM) Ultra 9 285K,1,1 x NVIDIA GeForce RTX 5090,9.2986,48.7383,60.81614303588867,machine,0.0,0.0,0.0,0.0,N
rollout_62,2026-09-14T18:21:54,mbpo_HalfCheetah-v5_seed14577,29423945-e60c-48eb-bcf0-6401f3d8e03a,0.21250833600061014,2.4667587237500732e-06,1.1607202967421581e-05,25.125876708289105,73.66701146458568,20.0,1.4959689745523003e-06,3.800280818033741e-06,1.1790323277745957e-06,6.475282120360637e-06,0.0,Germany,DEU,baden-wurttemberg,,,Linux-7.0.0-31-generic-x86_64-with-glibc2.43,3.14.4,3.3.0,24,Intel(R) Core(TM) Ultra 9 285K,1,1 x NVIDIA GeForce RTX 5090,9.2986,48.7383,60.81614303588867,machine,0.0,0.0,0.0,0.0,N
synthetic_rollout_generation_62,2026-09-14T18:21:54,mbpo_HalfCheetah-v5_seed14577,29423945-e60c-48eb-bcf0-6401f3d8e03a,0.0066407140002411325,3.232276987730209e-08,4.8606377984260565e-06,25.108459262627093,73.3769838603944,20.0,5.011670676027813e-08,0.0,3.473109445699396e-08,8.484780122247626e-08,0.0,Germany,DEU,baden-wurttemberg,,,Linux-7.0.0-31-generic-x86_64-with-glibc2.43,3.14.4,3.3.0,24,Intel(R) Core(TM) Ultra 9 285K,1,1 x NVIDIA GeForce RTX 5090,9.2986,48.7383,60.81614303588867,machine,0.0,0.0,0.0,0.0,N
gradient_updates_62,2026-09-14T18:22:11,mbpo_HalfCheetah-v5_seed14577,29423945-e60c-48eb-bcf0-6401f3d8e03a,16.62974737100012,0.00024533051346427304,1.4752520327253498e-05,25.092251572343972,73.45808658859792,20.0,0.00011713334565104441,0.00043447868091600617,9.238459625555799e-05,0.0006439966228226068,0.0,Germany,DEU,baden-wurttemberg,,,Linux-7.0.0-31-generic-x86_64-with-glibc2.43,3.14.4,3.3.0,24,Intel(R) Core(TM) Ultra 9 285K,1,1 x NVIDIA GeForce RTX 5090,9.2986,48.7383,60.81614303588867,machine,0.0,0.0,0.0,0.0,N
dynamics_model_update_63,2026-09-14T18:22:22,mbpo_HalfCheetah-v5_seed14577,29423945-e60c-48eb-bcf0-6401f3d8e03a,10.880278732001898,0.00013660078818329702,1.2554874132327507e-05,25.09357296640256,73.45412367874322,20.0,7.919036474112948e-05,0.00021894406404404654,6.0444881316672194e-05,0.00035857931010184474,0.0,Germany,DEU,baden-wurttemberg,,,Linux-7.0.0-31-generic-x86_64-with-glibc2.43,3.14.4,3.3.0,24,Intel(R) Core(TM) Ultra 9 285K,1,1 x NVIDIA GeForce RTX 5090,9.2986,48.7383,60.81614303588867,machine,0.0,0.0,0.0,0.0,N
rollout_63,2026-09-14T18:22:22,mbpo_HalfCheetah-v5_seed14577,29423945-e60c-48eb-bcf0-6401f3d8e03a,0.20553949999884935,2.4324978240737594e-06,1.183489059111099e-05,25.098790822137136,73.42237299917113,20.0,1.524078997040823e-06,3.721669644018988e-06,1.139598055548488e-06,6.385346696606564e-06,0.0,Germany,DEU,baden-wurttemberg,,,Linux-7.0.0-31-generic-x86_64-with-glibc2.43,3.14.4,3.3.0,24,Intel(R) Core(TM) Ultra 9 285K,1,1 x NVIDIA GeForce RTX 5090,9.2986,48.7383,60.81614303588867,machine,0.0,0.0,0.0,0.0,N
synthetic_rollout_generation_63,2026-09-14T18:22:22,mbpo_HalfCheetah-v5_seed14577,29423945-e60c-48eb-bcf0-6401f3d8e03a,0.006077804002416087,3.227454453691436e-08,5.307096454749562e-06,25.09210782013506,73.13779015808908,20.0,5.2812264471346904e-08,0.0,3.190894444157766e-08,8.472120891639401e-08,0.0,Germany,DEU,baden-wurttemberg,,,Linux-7.0.0-31-generic-x86_64-with-glibc2.43,3.14.4,3.3.0,24,Intel(R) Core(TM) Ultra 9 285K,1,1 x NVIDIA GeForce RTX 5090,9.2986,48.7383,60.81614303588867,machine,0.0,0.0,0.0,0.0,N
gradient_updates_63,2026-09-14T18:22:38,mbpo_HalfCheetah-v5_seed14577,29423945-e60c-48eb-bcf0-6401f3d8e03a,16.267961582998396,0.00024402327912225602,1.500024378863043e-05,25.086159504314207,73.22361861814605,20.0,0.00011923524011033838,0.00043095284476196705,9.037702635555922e-05,0.0006405651112278699,0.0,Germany,DEU,baden-wurttemberg,,,Linux-7.0.0-31-generic-x86_64-with-glibc2.43,3.14.4,3.3.0,24,Intel(R) Core(TM) Ultra 9 285K,1,1 x NVIDIA GeForce RTX 5090,9.2986,48.7383,60.81614303588867,machine,0.0,0.0,0.0,0.0,N
dynamics_model_update_64,2026-09-14T18:23:06,mbpo_HalfCheetah-v5_seed14577,29423945-e60c-48eb-bcf0-6401f3d8e03a,27.742293736002466,0.0003207103091667357,1.156034914150077e-05,25.090280230008133,73.20796495834944,20.0,0.0001548479194337926,0.0005329015374319623,0.00015412036638331843,0.0008418698232490751,0.0,Germany,DEU,baden-wurttemberg,,,Linux-7.0.0-31-generic-x86_64-with-glibc2.43,3.14.4,3.3.0,24,Intel(R) Core(TM) Ultra 9 285K,1,1 x NVIDIA GeForce RTX 5090,9.2986,48.7383,60.81614303588867,machine,0.0,0.0,0.0,0.0,N
rollout_64,2026-09-14T18:23:06,mbpo_HalfCheetah-v5_seed14577,29423945-e60c-48eb-bcf0-6401f3d8e03a,0.20452518700039946,2.523630537442506e-06,1.2338300174673833e-05,25.117353956137322,73.17362151063146,20.0,1.8451911983734248e-06,3.645002915997342e-06,1.1343774499947279e-06,6.624571564362025e-06,0.0,Germany,DEU,baden-wurttemberg,,,Linux-7.0.0-31-generic-x86_64-with-glibc2.43,3.14.4,3.3.0,24,Intel(R) Core(TM) Ultra 9 285K,1,1 x NVIDIA GeForce RTX 5090,9.2986,48.7383,60.81614303588867,machine,0.0,0.0,0.0,0.0,N
synthetic_rollout_generation_64,2026-09-14T18:23:06,mbpo_HalfCheetah-v5_seed14577,29423945-e60c-48eb-bcf0-6401f3d8e03a,0.005948736001300858,3.1197407580896286e-08,5.23486927002799e-06,25.107875678442515,72.8943328789115,20.0,5.009948452448787e-08,0.0,3.179422221506745e-08,8.189370673261642e-08,0.0,Germany,DEU,baden-wurttemberg,,,Linux-7.0.0-31-generic-x86_64-with-glibc2.43,3.14.4,3.3.0,24,Intel(R) Core(TM) Ultra 9 285K,1,1 x NVIDIA GeForce RTX 5090,9.2986,48.7383,60.81614303588867,machine,0.0,0.0,0.0,0.0,N
gradient_updates_64,2026-09-14T18:23:22,mbpo_HalfCheetah-v5_seed14577,29423945-e60c-48eb-bcf0-6401f3d8e03a,16.028414706997864,0.00024149403952695644,1.5066626611795013e-05,25.099360406839164,72.98128921021816,20.0,0.00011852440204166911,0.0004263581188640453,8.90432948888898e-05,0.0006339258157946059,0.0,Germany,DEU,baden-wurttemberg,,,Linux-7.0.0-31-generic-x86_64-with-glibc2.43,3.14.4,3.3.0,24,Intel(R) Core(TM) Ultra 9 285K,1,1 x NVIDIA GeForce RTX 5090,9.2986,48.7383,60.81614303588867,machine,0.0,0.0,0.0,0.0,N
dynamics_model_update_65,2026-09-14T18:23:33,mbpo_HalfCheetah-v5_seed14577,29423945-e60c-48eb-bcf0-6401f3d8e03a,10.103198117998545,0.00012353565756217239,1.2227362478449288e-05,25.104724532921995,72.97019549137356,20.0,7.15686641993285e-05,0.00019658876838202222,5.6125695288898256e-05,0.0003242831278702507,0.0,Germany,DEU,baden-wurttemberg,,,Linux-7.0.0-31-generic-x86_64-with-glibc2.43,3.14.4,3.3.0,24,Intel(R) Core(TM) Ultra 9 285K,1,1 x NVIDIA GeForce RTX 5090,9.2986,48.7383,60.81614303588867,machine,0.0,0.0,0.0,0.0,N
rollout_65,2026-09-14T18:23:33,mbpo_HalfCheetah-v5_seed14577,29423945-e60c-48eb-bcf0-6401f3d8e03a,0.20164914799897815,2.5232898098158374e-06,1.2512698197710054e-05,25.135897684857284,72.9388967872567,20.0,1.8878478991665726e-06,3.617502894015523e-06,1.11832635557238e-06,6.623677148751006e-06,0.0,Germany,DEU,baden-wurttemberg,,,Linux-7.0.0-31-generic-x86_64-with-glibc2.43,3.14.4,3.3.0,24,Intel(R) Core(TM) Ultra 9 285K,1,1 x NVIDIA GeForce RTX 5090,9.2986,48.7383,60.81614303588867,machine,0.0,0.0,0.0,0.0,N
synthetic_rollout_generation_65,2026-09-14T18:23:33,mbpo_HalfCheetah-v5_seed14577,29423945-e60c-48eb-bcf0-6401f3d8e03a,0.006152870999358129,3.385749878723199e-08,5.49481561552662e-06,25.134720850568343,72.66469040835723,20.0,5.671171203480707e-08,0.0,3.216477776311899e-08,8.887648979272189e-08,0.0,Germany,DEU,baden-wurttemberg,,,Linux-7.0.0-31-generic-x86_64-with-glibc2.43,3.14.4,3.3.0,24,Intel(R) Core(TM) Ultra 9 285K,1,1 x NVIDIA GeForce RTX 5090,9.2986,48.7383,60.81614303588867,machine,0.0,0.0,0.0,0.0,N
gradient_updates_65,2026-09-14T18:23:49,mbpo_HalfCheetah-v5_seed14577,29423945-e60c-48eb-bcf0-6401f3d8e03a,16.1070797900029,0.00023785339158628044,1.4767016224318687e-05,25.133476097859496,72.74861888566124,20.0,0.00010951747678057851,0.000425369784740004,8.948179369999698e-05,0.0006243690552205777,0.0,Germany,DEU,baden-wurttemberg,,,Linux-7.0.0-31-generic-x86_64-with-glibc2.43,3.14.4,3.3.0,24,Intel(R) Core(TM) Ultra 9 285K,1,1 x NVIDIA GeForce RTX 5090,9.2986,48.7383,60.81614303588867,machine,0.0,0.0,0.0,0.0,N
dynamics_model_update_66,2026-09-14T18:24:04,mbpo_HalfCheetah-v5_seed14577,29423945-e60c-48eb-bcf0-6401f3d8e03a,15.58627372599949,0.0001851351743983841,1.1878097741198545e-05,25.130493852286442,72.7384638764134,20.0,9.625435728120163e-05,0.00030314857585195254,8.657993705554756e-05,0.0004859828701886948,0.0,Germany,DEU,baden-wurttemberg,,,Linux-7.0.0-31-generic-x86_64-with-glibc2.43,3.14.4,3.3.0,24,Intel(R) Core(TM) Ultra 9 285K,1,1 x NVIDIA GeForce RTX 5090,9.2986,48.7383,60.81614303588867,machine,0.0,0.0,0.0,0.0,N
rollout_66,2026-09-14T18:24:05,mbpo_HalfCheetah-v5_seed14577,29423945-e60c-48eb-bcf0-6401f3d8e03a,0.20625592700162088,2.4371029806943834e-06,1.1815250990148202e-05,25.135063269433502,72.71027221769316,20.0,1.5253676091814272e-06,3.72805853798841e-06,1.1440091611195774e-06,6.397435308294619e-06,0.0,Germany,DEU,baden-wurttemberg,,,Linux-7.0.0-31-generic-x86_64-with-glibc2.43,3.14.4,3.3.0,24,Intel(R) Core(TM) Ultra 9 285K,1,1 x NVIDIA GeForce RTX 5090,9.2986,48.7383,60.81614303588867,machine,0.0,0.0,0.0,0.0,N
synthetic_rollout_generation_66,2026-09-14T18:24:05,mbpo_HalfCheetah-v5_seed14577,29423945-e60c-48eb-bcf0-6401f3d8e03a,0.006120604997704504,3.312732285362663e-08,5.402926990405051e-06,25.130849016438795,72.44097491318318,20.0,5.471087709957301e-08,0.0,3.2248888883965043e-08,8.695976598527277e-08,0.0,Germany,DEU,baden-wurttemberg,,,Linux-7.0.0-31-generic-x86_64-with-glibc2.43,3.14.4,3.3.0,24,Intel(R) Core(TM) Ultra 9 285K,1,1 x NVIDIA GeForce RTX 5090,9.2986,48.7383,60.81614303588867,machine,0.0,0.0,0.0,0.0,N
gradient_updates_66,2026-09-14T18:24:21,mbpo_HalfCheetah-v5_seed14577,29423945-e60c-48eb-bcf0-6401f3d8e03a,16.032074056001875,0.00024048081001600344,1.4999988595730484e-05,25.127228639442322,72.5248074863835,20.0,0.00011842956057690583,0.00042377145012806317,8.906506099998907e-05,0.0006312660717049529,0.0,Germany,DEU,baden-wurttemberg,,,Linux-7.0.0-31-generic-x86_64-with-glibc2.43,3.14.4,3.3.0,24,Intel(R) Core(TM) Ultra 9 285K,1,1 x NVIDIA GeForce RTX 5090,9.2986,48.7383,60.81614303588867,machine,0.0,0.0,0.0,0.0,N
dynamics_model_update_67,2026-09-14T18:24:48,mbpo_HalfCheetah-v5_seed14577,29423945-e60c-48eb-bcf0-6401f3d8e03a,27.68548854400069,0.00033812390927655603,1.2213027958547908e-05,25.13244842405925,72.51561731867012,20.0,0.00019526226009857102,0.0005385132085879984,0.00015380534054444672,0.0008875808092310145,0.0,Germany,DEU,baden-wurttemberg,,,Linux-7.0.0-31-generic-x86_64-with-glibc2.43,3.14.4,3.3.0,24,Intel(R) Core(TM) Ultra 9 285K,1,1 x NVIDIA GeForce RTX 5090,9.2986,48.7383,60.81614303588867,machine,0.0,0.0,0.0,0.0,N
rollout_67,2026-09-14T18:24:49,mbpo_HalfCheetah-v5_seed14577,29423945-e60c-48eb-bcf0-6401f3d8e03a,0.20018056200206047,2.5757638480797262e-06,1.2866668923430168e-05,25.16266678398473,72.49921668288778,20.0,1.8749456666203312e-06,3.7766696879271144e-06,1.1098070055587383e-06,6.761422360099245e-06,0.0,Germany,DEU,baden-wurttemberg,,,Linux-7.0.0-31-generic-x86_64-with-glibc2.43,3.14.4,3.3.0,24,Intel(R) Core(TM) Ultra 9 285K,1,1 x NVIDIA GeForce RTX 5090,9.2986,48.7383,60.81614303588867,machine,0.0,0.0,0.0,0.0,N
synthetic_rollout_generation_67,2026-09-14T18:24:49,mbpo_HalfCheetah-v5_seed14577,29423945-e60c-48eb-bcf0-6401f3d8e03a,0.006163690002722433,3.125428331071656e-08,5.061792092096552e-06,25.15053603344082,72.23462100156337,20.0,4.974365090497368e-08,0.0,3.229935555300323e-08,8.204300645797691e-08,0.0,Germany,DEU,baden-wurttemberg,,,Linux-7.0.0-31-generic-x86_64-with-glibc2.43,3.14.4,3.3.0,24,Intel(R) Core(TM) Ultra 9 285K,1,1 x NVIDIA GeForce RTX 5090,9.2986,48.7383,60.81614303588867,machine,0.0,0.0,0.0,0.0,N
gradient_updates_67,2026-09-14T18:25:05,mbpo_HalfCheetah-v5_seed14577,29423945-e60c-48eb-bcf0-6401f3d8e03a,16.084753941999224,0.0002412727639239387,1.5000099978214154e-05,25.139495400481234,72.31823470198876,20.0,0.00011851777286969734,0.0004254697848199984,8.935740601666298e-05,0.0006333449637063587,0.0,Germany,DEU,baden-wurttemberg,,,Linux-7.0.0-31-generic-x86_64-with-glibc2.43,3.14.4,3.3.0,24,Intel(R) Core(TM) Ultra 9 285K,1,1 x NVIDIA GeForce RTX 5090,9.2986,48.7383,60.81614303588867,machine,0.0,0.0,0.0,0.0,N
dynamics_model_update_68,2026-09-14T18:25:15,mbpo_HalfCheetah-v5_seed14577,29423945-e60c-48eb-bcf0-6401f3d8e03a,10.037708447998739,0.00013118251073170745,1.3068974821183523e-05,25.14592607292734,72.31950719390466,20.0,8.598217545235064e-05,0.00020261182875602746,5.576223868888029e-05,0.000344356242897248,0.0,Germany,DEU,baden-wurttemberg,,,Linux-7.0.0-31-generic-x86_64-with-glibc2.43,3.14.4,3.3.0,24,Intel(R) Core(TM) Ultra 9 285K,1,1 x NVIDIA GeForce RTX 5090,9.2986,48.7383,60.81614303588867,machine,0.0,0.0,0.0,0.0,N
rollout_68,2026-09-14T18:25:15,mbpo_HalfCheetah-v5_seed14577,29423945-e60c-48eb-bcf0-6401f3d8e03a,0.20056153000041377,2.517424732464968e-06,1.2551252496475712e-05,25.1742925266814,72.29448274851136,20.0,1.8578220418122987e-06,3.638058465982308e-06,1.1124007166778832e-06,6.608281224479429e-06,0.0,Germany,DEU,baden-wurttemberg,,,Linux-7.0.0-31-generic-x86_64-with-glibc2.43,3.14.4,3.3.0,24,Intel(R) Core(TM) Ultra 9 285K,1,1 x NVIDIA GeForce RTX 5090,9.2986,48.7383,60.81614303588867,machine,0.0,0.0,0.0,0.0,N
synthetic_rollout_generation_68,2026-09-14T18:25:15,mbpo_HalfCheetah-v5_seed14577,29423945-e60c-48eb-bcf0-6401f3d8e03a,0.0060615180009335745,3.2086609067644156e-08,5.28515233779492e-06,25.167264237806908,72.03443065229368,20.0,5.235476410563045e-08,0.0,3.187311111915725e-08,8.422787522999187e-08,0.0,Germany,DEU,baden-wurttemberg,,,Linux-7.0.0-31-generic-x86_64-with-glibc2.43,3.14.4,3.3.0,24,Intel(R) Core(TM) Ultra 9 285K,1,1 x NVIDIA GeForce RTX 5090,9.2986,48.7383,60.81614303588867,machine,0.0,0.0,0.0,0.0,N
gradient_updates_68,2026-09-14T18:25:32,mbpo_HalfCheetah-v5_seed14577,29423945-e60c-48eb-bcf0-6401f3d8e03a,17.07589395800096,0.00025078332818007434,1.4686401103697456e-05,25.160893312971357,72.10784757530924,20.0,0.0001246149880252418,0.00043883146217604807,9.486390071110178e-05,0.0006583103509123917,0.0,Germany,DEU,baden-wurttemberg,,,Linux-7.0.0-31-generic-x86_64-with-glibc2.43,3.14.4,3.3.0,24,Intel(R) Core(TM) Ultra 9 285K,1,1 x NVIDIA GeForce RTX 5090,9.2986,48.7383,60.81614303588867,machine,0.0,0.0,0.0,0.0,N
dynamics_model_update_69,2026-09-14T18:25:41,mbpo_HalfCheetah-v5_seed14577,29423945-e60c-48eb-bcf0-6401f3d8e03a,8.73467525399974,0.00011295572650950325,1.2931847073260275e-05,25.166052891415806,72.11069438279246,20.0,7.110818855317162e-05,0.00017687958594797548,4.852286077776727e-05,0.00029651063527891264,0.0,Germany,DEU,baden-wurttemberg,,,Linux-7.0.0-31-generic-x86_64-with-glibc2.43,3.14.4,3.3.0,24,Intel(R) Core(TM) Ultra 9 285K,1,1 x NVIDIA GeForce RTX 5090,9.2986,48.7383,60.81614303588867,machine,0.0,0.0,0.0,0.0,N
rollout_69,2026-09-14T18:25:41,mbpo_HalfCheetah-v5_seed14577,29423945-e60c-48eb-bcf0-6401f3d8e03a,0.20724641000197153,2.410732019390849e-06,1.1631770320557978e-05,25.169768256416063,72.08149202711233,20.0,1.5238417746255006e-06,3.6594473720175102e-06,1.1449219555689782e-06,6.328211102218928e-06,0.0,Germany,DEU,baden-wurttemberg,,,Linux-7.0.0-31-generic-x86_64-with-glibc2.43,3.14.4,3.3.0,24,Intel(R) Core(TM) Ultra 9 285K,1,1 x NVIDIA GeForce RTX 5090,9.2986,48.7383,60.81614303588867,machine,0.0,0.0,0.0,0.0,N
synthetic_rollout_generation_69,2026-09-14T18:25:41,mbpo_HalfCheetah-v5_seed14577,29423945-e60c-48eb-bcf0-6401f3d8e03a,0.006062623997422634,3.077720475350154e-08,5.068028532347618e-06,25.159485901422386,71.82588389935661,20.0,4.9573928547277935e-08,0.0,3.121673887787613e-08,8.079066741994989e-08,0.0,Germany,DEU,baden-wurttemberg,,,Linux-7.0.0-31-generic-x86_64-with-glibc2.43,3.14.4,3.3.0,24,Intel(R) Core(TM) Ultra 9 285K,1,1 x NVIDIA GeForce RTX 5090,9.2986,48.7383,60.81614303588867,machine,0.0,0.0,0.0,0.0,N
gradient_updates_69,2026-09-14T18:25:58,mbpo_HalfCheetah-v5_seed14577,29423945-e60c-48eb-bcf0-6401f3d8e03a,17.171852064999257,0.00025136394347973975,1.4638148017237945e-05,25.149897302797527,71.90033942051407,20.0,0.00012133321789982963,0.000443104521149984,9.53967365499922e-05,0.0006598344755997937,0.0,Germany,DEU,baden-wurttemberg,,,Linux-7.0.0-31-generic-x86_64-with-glibc2.43,3.14.4,3.3.0,24,Intel(R) Core(TM) Ultra 9 285K,1,1 x NVIDIA GeForce RTX 5090,9.2986,48.7383,60.81614303588867,machine,0.0,0.0,0.0,0.0,N
dynamics_model_update_70,2026-09-14T18:26:07,mbpo_HalfCheetah-v5_seed14577,29423945-e60c-48eb-bcf0-6401f3d8e03a,9.103823139997985,0.00011486854622345943,1.2617619773445494e-05,25.151439160415258,71.90161761852642,20.0,6.822338374532985e-05,0.00018273431285398267,5.05741218111231e-05,0.0003015318184104443,0.0,Germany,DEU,baden-wurttemberg,,,Linux-7.0.0-31-generic-x86_64-with-glibc2.43,3.14.4,3.3.0,24,Intel(R) Core(TM) Ultra 9 285K,1,1 x NVIDIA GeForce RTX 5090,9.2986,48.7383,60.81614303588867,machine,0.0,0.0,0.0,0.0,N
rollout_70,2026-09-14T18:26:07,mbpo_HalfCheetah-v5_seed14577,29423945-e60c-48eb-bcf0-6401f3d8e03a,0.2071040279988665,2.3985536352390258e-06,1.158086797076175e-05,25.151738914667565,71.87538376252458,20.0,1.4661467284717011e-06,3.686114059986423e-06,1.1439818555624565e-06,6.296242644018846e-06,0.0,Germany,DEU,baden-wurttemberg,,,Linux-7.0.0-31-generic-x86_64-with-glibc2.43,3.14.4,3.3.0,24,Intel(R) Core(TM) Ultra 9 285K,1,1 x NVIDIA GeForce RTX 5090,9.2986,48.7383,60.81614303588867,machine,0.0,0.0,0.0,0.0,N
synthetic_rollout_generation_70,2026-09-14T18:26:08,mbpo_HalfCheetah-v5_seed14577,29423945-e60c-48eb-bcf0-6401f3d8e03a,0.0060938179994991515,2.883950920434808e-08,4.725946824788144e-06,25.13081471383771,71.62407123188638,20.0,4.35383681642032e-08,0.0,3.216581664911011e-08,7.570418480984387e-08,0.0,Germany,DEU,baden-wurttemberg,,,Linux-7.0.0-31-generic-x86_64-with-glibc2.43,3.14.4,3.3.0,24,Intel(R) Core(TM) Ultra 9 285K,1,1 x NVIDIA GeForce RTX 5090,9.2986,48.7383,60.81614303588867,machine,0.0,0.0,0.0,0.0,N
gradient_updates_70,2026-09-14T18:26:25,mbpo_HalfCheetah-v5_seed14577,29423945-e60c-48eb-bcf0-6401f3d8e03a,17.324885098001687,0.00025184034034712866,1.4536345044792296e-05,25.111131746194804,71.69695881972605,20.0,0.00011948977309174033,0.0004453486896119907,9.624656248888655e-05,0.0006610850251926176,0.0,Germany,DEU,baden-wurttemberg,,,Linux-7.0.0-31-generic-x86_64-with-glibc2.43,3.14.4,3.3.0,24,Intel(R) Core(TM) Ultra 9 285K,1,1 x NVIDIA GeForce RTX 5090,9.2986,48.7383,60.81614303588867,machine,0.0,0.0,0.0,0.0,N
dynamics_model_update_71,2026-09-14T18:26:57,mbpo_HalfCheetah-v5_seed14577,29423945-e60c-48eb-bcf0-6401f3d8e03a,32.59890690500106,0.0003901547645082347,1.1968330561561074e-05,25.10993863032921,71.69181194115056,20.0,0.00020724211801578275,0.0006358149530960588,0.00018110558673888576,0.0010241626578507274,0.0,Germany,DEU,baden-wurttemberg,,,Linux-7.0.0-31-generic-x86_64-with-glibc2.43,3.14.4,3.3.0,24,Intel(R) Core(TM) Ultra 9 285K,1,1 x NVIDIA GeForce RTX 5090,9.2986,48.7383,60.81614303588867,machine,0.0,0.0,0.0,0.0,N
rollout_71,2026-09-14T18:26:58,mbpo_HalfCheetah-v5_seed14577,29423945-e60c-48eb-bcf0-6401f3d8e03a,0.20709013099985896,2.4719287261623646e-06,1.1936522438732799e-05,25.113769485123658,71.6738199551075,20.0,1.522739551522781e-06,3.818058609994512e-06,1.148055299987974e-06,6.488853461508737e-06,0.0,Germany,DEU,baden-wurttemberg,,,Linux-7.0.0-31-generic-x86_64-with-glibc2.43,3.14.4,3.3.0,24,Intel(R) Core(TM) Ultra 9 285K,1,1 x NVIDIA GeForce RTX 5090,9.2986,48.7383,60.81614303588867,machine,0.0,0.0,0.0,0.0,N
synthetic_rollout_generation_71,2026-09-14T18:26:58,mbpo_HalfCheetah-v5_seed14577,29423945-e60c-48eb-bcf0-6401f3d8e03a,0.007755388000077801,7.141613487561538e-07,9.196563540393427e-05,25.101886466567027,75.20262906332154,20.0,5.9119213961789097e-08,1.7833347599749416e-06,3.2231283329797744e-08,1.8746852572665285e-06,0.0,Germany,DEU,baden-wurttemberg,,,Linux-7.0.0-31-generic-x86_64-with-glibc2.43,3.14.4,3.3.0,24,Intel(R) Core(TM) Ultra 9 285K,1,1 x NVIDIA GeForce RTX 5090,9.2986,48.7383,60.81614303588867,machine,0.0,0.0,0.0,0.0,N
gradient_updates_71,2026-09-14T18:27:14,mbpo_HalfCheetah-v5_seed14577,29423945-e60c-48eb-bcf0-6401f3d8e03a,16.27269407499989,0.00023857776344282308,1.4661244755621516e-05,25.090598208426393,75.2684038977156,20.0,0.00010942931504338144,0.00042643978559603335,9.040144258888258e-05,0.0006262705432283078,0.0,Germany,DEU,baden-wurttemberg,,,Linux-7.0.0-31-generic-x86_64-with-glibc2.43,3.14.4,3.3.0,24,Intel(R) Core(TM) Ultra 9 285K,1,1 x NVIDIA GeForce RTX 5090,9.2986,48.7383,60.81614303588867,machine,0.0,0.0,0.0,0.0,N
dynamics_model_update_72,2026-09-14T18:27:31,mbpo_HalfCheetah-v5_seed14577,29423945-e60c-48eb-bcf0-6401f3d8e03a,16.73932431200228,0.000203782236438705,1.2173861814283635e-05,25.08765714998638,75.2517022038177,20.0,0.00011462054947414431,0.00032731359518400893,9.29975693166659e-05,0.0005349317139748122,0.0,Germany,DEU,baden-wurttemberg,,,Linux-7.0.0-31-generic-x86_64-with-glibc2.43,3.14.4,3.3.0,24,Intel(R) Core(TM) Ultra 9 285K,1,1 x NVIDIA GeForce RTX 5090,9.2986,48.7383,60.81614303588867,machine,0.0,0.0,0.0,0.0,N
rollout_72,2026-09-14T18:27:31,mbpo_HalfCheetah-v5_seed14577,29423945-e60c-48eb-bcf0-6401f3d8e03a,0.2000775070009695,2.551464905534151e-06,1.2752402036744363e-05,25.115223961353298,75.22409879847797,20.0,1.8616028781698324e-06,3.7266696479854033e-06,1.1093647111111438e-06,6.69763723726291e-06,0.0,Germany,DEU,baden-wurttemberg,,,Linux-7.0.0-31-generic-x86_64-with-glibc2.43,3.14.4,3.3.0,24,Intel(R) Core(TM) Ultra 9 285K,1,1 x NVIDIA GeForce RTX 5090,9.2986,48.7383,60.81614303588867,machine,0.0,0.0,0.0,0.0,N
synthetic_rollout_generation_72,2026-09-14T18:27:31,mbpo_HalfCheetah-v5_seed14577,29423945-e60c-48eb-bcf0-6401f3d8e03a,0.0061112449984648265,2.8866975778502058e-08,4.716759826325207e-06,25.09558733829297,74.9682345168505,20.0,4.379281281358116e-08,0.0,3.198347221788911e-08,7.577628502453138e-08,0.0,Germany,DEU,baden-wurttemberg,,,Linux-7.0.0-31-generic-x86_64-with-glibc2.43,3.14.4,3.3.0,24,Intel(R) Core(TM) Ultra 9 285K,1,1 x NVIDIA GeForce RTX 5090,9.2986,48.7383,60.81614303588867,machine,0.0,0.0,0.0,0.0,N
gradient_updates_72,2026-09-14T18:27:47,mbpo_HalfCheetah-v5_seed14577,29423945-e60c-48eb-bcf0-6401f3d8e03a,16.132888727002864,0.0002380051090819374,1.4752797838697691e-05,25.077143923229247,75.03531099251403,20.0,0.00011051650202424136,0.00042462589525599226,8.962491885556798e-05,0.0006247673161358103,0.0,Germany,DEU,baden-wurttemberg,,,Linux-7.0.0-31-generic-x86_64-with-glibc2.43,3.14.4,3.3.0,24,Intel(R) Core(TM) Ultra 9 285K,1,1 x NVIDIA GeForce RTX 5090,9.2986,48.7383,60.81614303588867,machine,0.0,0.0,0.0,0.0,N
dynamics_model_update_73,2026-09-14T18:28:00,mbpo_HalfCheetah-v5_seed14577,29423945-e60c-48eb-bcf0-6401f3d8e03a,13.247501208003087,0.00015910917122918464,1.2010486220837223e-05,25.07538560726531,75.01919338091919,20.0,8.551451146711006e-05,0.00025855520684398003,7.359446656666699e-05,0.000417664184877764,0.0,Germany,DEU,baden-wurttemberg,,,Linux-7.0.0-31-generic-x86_64-with-glibc2.43,3.14.4,3.3.0,24,Intel(R) Core(TM) Ultra 9 285K,1,1 x NVIDIA GeForce RTX 5090,9.2986,48.7383,60.81614303588867,machine,0.0,0.0,0.0,0.0,N
rollout_73,2026-09-14T18:28:00,mbpo_HalfCheetah-v5_seed14577,29423945-e60c-48eb-bcf0-6401f3d8e03a,0.20100606000050902,2.52203780928828e-06,1.2546937050963904e-05,25.1048417256709,74.98387251131821,20.0,1.9079556930305663e-06,3.597780656006133e-06,1.114654277788174e-06,6.620390626821404e-06,0.0,Germany,DEU,baden-wurttemberg,,,Linux-7.0.0-31-generic-x86_64-with-glibc2.43,3.14.4,3.3.0,24,Intel(R) Core(TM) Ultra 9 285K,1,1 x NVIDIA GeForce RTX 5090,9.2986,48.7383,60.81614303588867,machine,0.0,0.0,0.0,0.0,N
synthetic_rollout_generation_73,2026-09-14T18:28:00,mbpo_HalfCheetah-v5_seed14577,29423945-e60c-48eb-bcf0-6401f3d8e03a,0.006119051999121439,3.3182122577413153e-08,5.413526255861072e-06,25.101871713323703,74.73224877805875,20.0,5.494865507223168e-08,0.0,3.2154961101746315e-08,8.71036161670391e-08,0.0,Germany,DEU,baden-wurttemberg,,,Linux-7.0.0-31-generic-x86_64-with-glibc2.43,3.14.4,3.3.0,24,Intel(R) Core(TM) Ultra 9 285K,1,1 x NVIDIA GeForce RTX 5090,9.2986,48.7383,60.81614303588867,machine,0.0,0.0,0.0,0.0,N
gradient_updates_73,2026-09-14T18:28:18,mbpo_HalfCheetah-v5_seed14577,29423945-e60c-48eb-bcf0-6401f3d8e03a,17.15594990399768,0.00024582272575099373,1.4328723697538993e-05,25.0987307914288,74.79071670918616,20.0,0.0001105401020431232,0.00043944035155196737,9.530823455556302e-05,0.0006452886881506553,0.0,Germany,DEU,baden-wurttemberg,,,Linux-7.0.0-31-generic-x86_64-with-glibc2.43,3.14.4,3.3.0,24,Intel(R) Core(TM) Ultra 9 285K,1,1 x NVIDIA GeForce RTX 5090,9.2986,48.7383,60.81614303588867,machine,0.0,0.0,0.0,0.0,N
dynamics_model_update_74,2026-09-14T18:28:38,mbpo_HalfCheetah-v5_seed14577,29423945-e60c-48eb-bcf0-6401f3d8e03a,20.333798626001226,0.00024447871437498214,1.2023271737413184e-05,25.09237937713743,74.7761529433774,20.0,0.0001310470648375698,0.0003977511515340648,0.00011296241986666344,0.0006417606362383033,0.0,Germany,DEU,baden-wurttemberg,,,Linux-7.0.0-31-generic-x86_64-with-glibc2.43,3.14.4,3.3.0,24,Intel(R) Core(TM) Ultra 9 285K,1,1 x NVIDIA GeForce RTX 5090,9.2986,48.7383,60.81614303588867,machine,0.0,0.0,0.0,0.0,N
rollout_74,2026-09-14T18:28:38,mbpo_HalfCheetah-v5_seed14577,29423945-e60c-48eb-bcf0-6401f3d8e03a,0.20738023999729194,2.3993661305565794e-06,1.1569368238112705e-05,25.093919529756693,74.73923268218712,20.0,1.4867628560771146e-06,3.661669595922401e-06,1.1499430055562226e-06,6.298375457555738e-06,0.0,Germany,DEU,baden-wurttemberg,,,Linux-7.0.0-31-generic-x86_64-with-glibc2.43,3.14.4,3.3.0,24,Intel(R) Core(TM) Ultra 9 285K,1,1 x NVIDIA GeForce RTX 5090,9.2986,48.7383,60.81614303588867,machine,0.0,0.0,0.0,0.0,N
synthetic_rollout_generation_74,2026-09-14T18:28:38,mbpo_HalfCheetah-v5_seed14577,29423945-e60c-48eb-bcf0-6401f3d8e03a,0.006113963998359395,3.483079047753024e-08,5.688342491363363e-06,25.073986873283282,74.49175177926598,20.0,5.113392979698428e-08,0.0,4.02974666535022e-08,9.143139645395593e-08,0.0,Germany,DEU,baden-wurttemberg,,,Linux-7.0.0-31-generic-x86_64-with-glibc2.43,3.14.4,3.3.0,24,Intel(R) Core(TM) Ultra 9 285K,1,1 x NVIDIA GeForce RTX 5090,9.2986,48.7383,60.81614303588867,machine,0.0,0.0,0.0,0.0,N
gradient_updates_74,2026-09-14T18:28:54,mbpo_HalfCheetah-v5_seed14577,29423945-e60c-48eb-bcf0-6401f3d8e03a,15.906511635999777,0.00023927285244185192,1.5042456161348362e-05,25.05579351589048,74.56037028444592,20.0,0.00011873278609726354,0.0004209956145740379,8.836676258332753e-05,0.0006280951632546272,0.0,Germany,DEU,baden-wurttemberg,,,Linux-7.0.0-31-generic-x86_64-with-glibc2.43,3.14.4,3.3.0,24,Intel(R) Core(TM) Ultra 9 285K,1,1 x NVIDIA GeForce RTX 5090,9.2986,48.7383,60.81614303588867,machine,0.0,0.0,0.0,0.0,N
dynamics_model_update_75,2026-09-14T18:29:09,mbpo_HalfCheetah-v5_seed14577,29423945-e60c-48eb-bcf0-6401f3d8e03a,15.390245063001203,0.00018762448244307936,1.2191113218883425e-05,25.061467938234053,74.54447704824554,20.0,0.00010889096933492867,0.00029811884960601054,8.550752570554362e-05,0.0004925173446464898,0.0,Germany,DEU,baden-wurttemberg,,,Linux-7.0.0-31-generic-x86_64-with-glibc2.43,3.14.4,3.3.0,24,Intel(R) Core(TM) Ultra 9 285K,1,1 x NVIDIA GeForce RTX 5090,9.2986,48.7383,60.81614303588867,machine,0.0,0.0,0.0,0.0,N
rollout_75,2026-09-14T18:29:10,mbpo_HalfCheetah-v5_seed14577,29423945-e60c-48eb-bcf0-6401f3d8e03a,0.2012345289986115,2.5503686768360567e-06,1.2673856393080981e-05,25.088543166434246,74.51737735301208,20.0,1.8811678938225607e-06,3.6980585140233835e-06,1.1155332111031924e-06,6.694759618938728e-06,0.0,Germany,DEU,baden-wurttemberg,,,Linux-7.0.0-31-generic-x86_64-with-glibc2.43,3.14.4,3.3.0,24,Intel(R) Core(TM) Ultra 9 285K,1,1 x NVIDIA GeForce RTX 5090,9.2986,48.7383,60.81614303588867,machine,0.0,0.0,0.0,0.0,N
synthetic_rollout_generation_75,2026-09-14T18:29:10,mbpo_HalfCheetah-v5_seed14577,29423945-e60c-48eb-bcf0-6401f3d8e03a,0.006128290999185992,3.1460548971518065e-08,5.125470663878672e-06,25.079499111751932,74.27385651198917,20.0,5.067587387219685e-08,0.0,3.190858333286528e-08,8.258445720332741e-08,0.0,Germany,DEU,baden-wurttemberg,,,Linux-7.0.0-31-generic-x86_64-with-glibc2.43,3.14.4,3.3.0,24,Intel(R) Core(TM) Ultra 9 285K,1,1 x NVIDIA GeForce RTX 5090,9.2986,48.7383,60.81614303588867,machine,0.0,0.0,0.0,0.0,N
gradient_updates_75,2026-09-14T18:29:26,mbpo_HalfCheetah-v5_seed14577,29423945-e60c-48eb-bcf0-6401f3d8e03a,15.954108907000773,0.00024018485886800195,1.5054743123389532e-05,25.071376957730635,74.34367380159323,20.0,0.00011772067223201829,0.0004241372837539559,8.863123909999895e-05,0.0006304891950859731,0.0,Germany,DEU,baden-wurttemberg,,,Linux-7.0.0-31-generic-x86_64-with-glibc2.43,3.14.4,3.3.0,24,Intel(R) Core(TM) Ultra 9 285K,1,1 x NVIDIA GeForce RTX 5090,9.2986,48.7383,60.81614303588867,machine,0.0,0.0,0.0,0.0,N
dynamics_model_update_76,2026-09-14T18:29:45,mbpo_HalfCheetah-v5_seed14577,29423945-e60c-48eb-bcf0-6401f3d8e03a,19.524492467000528,0.00023727693119816526,1.2152785620595947e-05,25.075981559831106,74.32857209056806,20.0,0.0001364220316375387,0.00037796696903996674,0.00010846683656666987,0.0006228558372441684,0.0,Germany,DEU,baden-wurttemberg,,,Linux-7.0.0-31-generic-x86_64-with-glibc2.43,3.14.4,3.3.0,24,Intel(R) Core(TM) Ultra 9 285K,1,1 x NVIDIA GeForce RTX 5090,9.2986,48.7383,60.81614303588867,machine,0.0,0.0,0.0,0.0,N
rollout_76,2026-09-14T18:29:45,mbpo_HalfCheetah-v5_seed14577,29423945-e60c-48eb-bcf0-6401f3d8e03a,0.1990607280022232,2.529430830525148e-06,1.2706379221535044e-05,25.101413093223112,74.30471113235588,20.0,1.8396303605935915e-06,3.696391846053082e-06,1.103775222225517e-06,6.639797428861782e-06,0.0,Germany,DEU,baden-wurttemberg,,,Linux-7.0.0-31-generic-x86_64-with-glibc2.43,3.14.4,3.3.0,24,Intel(R) Core(TM) Ultra 9 285K,1,1 x NVIDIA GeForce RTX 5090,9.2986,48.7383,60.81614303588867,machine,0.0,0.0,0.0,0.0,N
synthetic_rollout_generation_76,2026-09-14T18:29:45,mbpo_HalfCheetah-v5_seed14577,29423945-e60c-48eb-bcf0-6401f3d8e03a,0.0060078300011809915,3.152614451787383e-08,5.239583540885797e-06,25.09447265696143,74.06501851579988,20.0,5.128642991715504e-08,0.0,3.147021666871641e-08,8.275664659107562e-08,0.0,Germany,DEU,baden-wurttemberg,,,Linux-7.0.0-31-generic-x86_64-with-glibc2.43,3.14.4,3.3.0,24,Intel(R) Core(TM) Ultra 9 285K,1,1 x NVIDIA GeForce RTX 5090,9.2986,48.7383,60.81614303588867,machine,0.0,0.0,0.0,0.0,N
gradient_updates_76,2026-09-14T18:30:02,mbpo_HalfCheetah-v5_seed14577,29423945-e60c-48eb-bcf0-6401f3d8e03a,16.156290070000978,0.00023889667686880292,1.4786612600005208e-05,25.087882807426926,74.13286556587093,20.0,0.00011026969988235658,0.0004270825638880149,8.975543243333085e-05,0.0006271076962037075,0.0,Germany,DEU,baden-wurttemberg,,,Linux-7.0.0-31-generic-x86_64-with-glibc2.43,3.14.4,3.3.0,24,Intel(R) Core(TM) Ultra 9 285K,1,1 x NVIDIA GeForce RTX 5090,9.2986,48.7383,60.81614303588867,machine,0.0,0.0,0.0,0.0,N
dynamics_model_update_77,2026-09-14T18:30:13,mbpo_HalfCheetah-v5_seed14577,29423945-e60c-48eb-bcf0-6401f3d8e03a,11.863421000998642,0.00014407660411443202,1.2144586234830256e-05,25.086460567707565,74.11730753867747,20.0,8.40064202606381e-05,0.00022829212707797808,6.590490223332135e-05,0.00037820344957194274,0.0,Germany,DEU,baden-wurttemberg,,,Linux-7.0.0-31-generic-x86_64-with-glibc2.43,3.14.4,3.3.0,24,Intel(R) Core(TM) Ultra 9 285K,1,1 x NVIDIA GeForce RTX 5090,9.2986,48.7383,60.81614303588867,machine,0.0,0.0,0.0,0.0,N
rollout_77,2026-09-14T18:30:14,mbpo_HalfCheetah-v5_seed14577,29423945-e60c-48eb-bcf0-6401f3d8e03a,0.1991982889994688,2.540787288854429e-06,1.2754926431099031e-05,25.111818033543216,74.09543095901357,20.0,1.8464798105157637e-06,3.718058530000068e-06,1.1050699777921669e-06,6.669608318299325e-06,0.0,Germany,DEU,baden-wurttemberg,,,Linux-7.0.0-31-generic-x86_64-with-glibc2.43,3.14.4,3.3.0,24,Intel(R) Core(TM) Ultra 9 285K,1,1 x NVIDIA GeForce RTX 5090,9.2986,48.7383,60.81614303588867,machine,0.0,0.0,0.0,0.0,N
synthetic_rollout_generation_77,2026-09-14T18:30:14,mbpo_HalfCheetah-v5_seed14577,29423945-e60c-48eb-bcf0-6401f3d8e03a,0.006105312000727281,3.197028375714894e-08,5.2351530220170655e-06,25.1051049504103,73.859458248953,20.0,5.198143047425996e-08,0.0,3.1941088895343084e-08,8.392251937827666e-08,0.0,Germany,DEU,baden-wurttemberg,,,Linux-7.0.0-31-generic-x86_64-with-glibc2.43,3.14.4,3.3.0,24,Intel(R) Core(TM) Ultra 9 285K,1,1 x NVIDIA GeForce RTX 5090,9.2986,48.7383,60.81614303588867,machine,0.0,0.0,0.0,0.0,N
gradient_updates_77,2026-09-14T18:30:30,mbpo_HalfCheetah-v5_seed14577,29423945-e60c-48eb-bcf0-6401f3d8e03a,16.039825007999752,0.00024079442625574848,1.5012293199384693e-05,25.099122713823572,73.92713435479655,20.0,0.00011892931875449007,0.0004240525614639945,8.910743926110985e-05,0.000632089319479584,0.0,Germany,DEU,baden-wurttemberg,,,Linux-7.0.0-31-generic-x86_64-with-glibc2.43,3.14.4,3.3.0,24,Intel(R) Core(TM) Ultra 9 285K,1,1 x NVIDIA GeForce RTX 5090,9.2986,48.7383,60.81614303588867,machine,0.0,0.0,0.0,0.0,N
dynamics_model_update_78,2026-09-14T18:30:48,mbpo_HalfCheetah-v5_seed14577,29423945-e60c-48eb-bcf0-6401f3d8e03a,18.02306920800038,0.0002202407763910591,1.2219939250362883e-05,25.103957713590013,73.9146239261279,20.0,0.00012770000465992144,0.000350310002469989,0.00010012564424444724,0.0005781356513743507,0.0,Germany,DEU,baden-wurttemberg,,,Linux-7.0.0-31-generic-x86_64-with-glibc2.43,3.14.4,3.3.0,24,Intel(R) Core(TM) Ultra 9 285K,1,1 x NVIDIA GeForce RTX 5090,9.2986,48.7383,60.81614303588867,machine,0.0,0.0,0.0,0.0,N
rollout_78,2026-09-14T18:30:48,mbpo_HalfCheetah-v5_seed14577,29423945-e60c-48eb-bcf0-6401f3d8e03a,0.1999678300016967,2.577835035016962e-06,1.2890679453000917e-05,25.131322224547006,73.8954765947234,20.0,1.8955281830875664e-06,3.762503010040774e-06,1.1088280666721878e-06,6.7668592597935895e-06,0.0,Germany,DEU,baden-wurttemberg,,,Linux-7.0.0-31-generic-x86_64-with-glibc2.43,3.14.4,3.3.0,24,Intel(R) Core(TM) Ultra 9 285K,1,1 x NVIDIA GeForce RTX 5090,9.2986,48.7383,60.81614303588867,machine,0.0,0.0,0.0,0.0,N
synthetic_rollout_generation_78,2026-09-14T18:30:48,mbpo_HalfCheetah-v5_seed14577,29423945-e60c-48eb-bcf0-6401f3d8e03a,0.0061156279989518225,3.4743104629364474e-08,5.673597823235632e-06,25.13464383278225,73.66310088216137,20.0,5.930560299967358e-08,0.0,3.189561666692986e-08,9.120121965966455e-08,0.0,Germany,DEU,baden-wurttemberg,,,Linux-7.0.0-31-generic-x86_64-with-glibc2.43,3.14.4,3.3.0,24,Intel(R) Core(TM) Ultra 9 285K,1,1 x NVIDIA GeForce RTX 5090,9.2986,48.7383,60.81614303588867,machine,0.0,0.0,0.0,0.0,N
gradient_updates_78,2026-09-14T18:31:04,mbpo_HalfCheetah-v5_seed14577,29423945-e60c-48eb-bcf0-6401f3d8e03a,16.061872600999777,0.00024231553033663908,1.5086390008228328e-05,25.138105732466407,73.73159831796559,20.0,0.00012075277465769564,0.00042610589643998775,8.922357155000463e-05,0.0006360822426476898,0.0,Germany,DEU,baden-wurttemberg,,,Linux-7.0.0-31-generic-x86_64-with-glibc2.43,3.14.4,3.3.0,24,Intel(R) Core(TM) Ultra 9 285K,1,1 x NVIDIA GeForce RTX 5090,9.2986,48.7383,60.81614303588867,machine,0.0,0.0,0.0,0.0,N
dynamics_model_update_79,2026-09-14T18:31:34,mbpo_HalfCheetah-v5_seed14577,29423945-e60c-48eb-bcf0-6401f3d8e03a,29.972139200999663,0.00038151482543308246,1.2728972768908162e-05,25.14423432506295,73.7264687444487,20.0,0.00023479008366525042,0.000600183813479982,0.00016650877888332687,0.0010014826760285644,0.0,Germany,DEU,baden-wurttemberg,,,Linux-7.0.0-31-generic-x86_64-with-glibc2.43,3.14.4,3.3.0,24,Intel(R) Core(TM) Ultra 9 285K,1,1 x NVIDIA GeForce RTX 5090,9.2986,48.7383,60.81614303588867,machine,0.0,0.0,0.0,0.0,N
rollout_79,2026-09-14T18:31:34,mbpo_HalfCheetah-v5_seed14577,29423945-e60c-48eb-bcf0-6401f3d8e03a,0.2115144119998149,2.3928136976582304e-06,1.1313095227461687e-05,25.14458584361253,73.68628038904265,20.0,1.5081931509959567e-06,3.592225096049617e-06,1.180756966661159e-06,6.281175213701529e-06,0.0,Germany,DEU,baden-wurttemberg,,,Linux-7.0.0-31-generic-x86_64-with-glibc2.43,3.14.4,3.3.0,24,Intel(R) Core(TM) Ultra 9 285K,1,1 x NVIDIA GeForce RTX 5090,9.2986,48.7383,60.81614303588867,machine,0.0,0.0,0.0,0.0,N
synthetic_rollout_generation_79,2026-09-14T18:31:34,mbpo_HalfCheetah-v5_seed14577,29423945-e60c-48eb-bcf0-6401f3d8e03a,0.006145272000139812,3.095255591417656e-08,5.032326313240341e-06,25.1333550493958,73.45744100895246,20.0,4.9150039319739713e-08,0.0,3.210092777879148e-08,8.125096709332702e-08,0.0,Germany,DEU,baden-wurttemberg,,,Linux-7.0.0-31-generic-x86_64-with-glibc2.43,3.14.4,3.3.0,24,Intel(R) Core(TM) Ultra 9 285K,1,1 x NVIDIA GeForce RTX 5090,9.2986,48.7383,60.81614303588867,machine,0.0,0.0,0.0,0.0,N
gradient_updates_79,2026-09-14T18:31:51,mbpo_HalfCheetah-v5_seed14577,29423945-e60c-48eb-bcf0-6401f3d8e03a,17.253979816003266,0.00025204207393690614,1.4607772141398504e-05,25.122854829503126,73.51692938123679,20.0,0.00012161396229109014,0.00044414757753996614,9.585303934444601e-05,0.000661614579175504,0.0,Germany,DEU,baden-wurttemberg,,,Linux-7.0.0-31-generic-x86_64-with-glibc2.43,3.14.4,3.3.0,24,Intel(R) Core(TM) Ultra 9 285K,1,1 x NVIDIA GeForce RTX 5090,9.2986,48.7383,60.81614303588867,machine,0.0,0.0,0.0,0.0,N
dynamics_model_update_80,2026-09-14T18:32:15,mbpo_HalfCheetah-v5_seed14577,29423945-e60c-48eb-bcf0-6401f3d8e03a,23.316749549001543,0.00028468365027167764,1.2209408927197344e-05,25.123548745855032,73.5078637480294,20.0,0.00016063699212059968,0.0004571275879239889,0.00012953467253888976,0.0007472992525834748,0.0,Germany,DEU,baden-wurttemberg,,,Linux-7.0.0-31-generic-x86_64-with-glibc2.43,3.14.4,3.3.0,24,Intel(R) Core(TM) Ultra 9 285K,1,1 x NVIDIA GeForce RTX 5090,9.2986,48.7383,60.81614303588867,machine,0.0,0.0,0.0,0.0,N
rollout_80,2026-09-14T18:32:15,mbpo_HalfCheetah-v5_seed14577,29423945-e60c-48eb-bcf0-6401f3d8e03a,0.21255304200167302,2.368544179703891e-06,1.1143223748239332e-05,25.123157088497727,73.46685805974174,20.0,1.490289525563071e-06,3.5483361719990114e-06,1.1788416333317203e-06,6.217467330899007e-06,0.0,Germany,DEU,baden-wurttemberg,,,Linux-7.0.0-31-generic-x86_64-with-glibc2.43,3.14.4,3.3.0,24,Intel(R) Core(TM) Ultra 9 285K,1,1 x NVIDIA GeForce RTX 5090,9.2986,48.7383,60.81614303588867,machine,0.0,0.0,0.0,0.0,N
synthetic_rollout_generation_80,2026-09-14T18:32:15,mbpo_HalfCheetah-v5_seed14577,29423945-e60c-48eb-bcf0-6401f3d8e03a,0.0061353769997367635,3.079198954147877e-08,5.0129409085227155e-06,25.11129134665314,73.24149959943578,20.0,4.8556705510571785e-08,0.0,3.227277221504177e-08,8.08294777221441e-08,0.0,Germany,DEU,baden-wurttemberg,,,Linux-7.0.0-31-generic-x86_64-with-glibc2.43,3.14.4,3.3.0,24,Intel(R) Core(TM) Ultra 9 285K,1,1 x NVIDIA GeForce RTX 5090,9.2986,48.7383,60.81614303588867,machine,0.0,0.0,0.0,0.0,N
gradient_updates_80,2026-09-14T18:32:31,mbpo_HalfCheetah-v5_seed14577,29423945-e60c-48eb-bcf0-6401f3d8e03a,15.909512165999331,0.00023914255117650496,1.5031427190385773e-05,25.10054326380413,73.30903184690253,20.0,0.00011811116087774229,0.00042125839256201836,8.838356685555472e-05,0.000627753120295324,0.0,Germany,DEU,baden-wurttemberg,,,Linux-7.0.0-31-generic-x86_64-with-glibc2.43,3.14.4,3.3.0,24,Intel(R) Core(TM) Ultra 9 285K,1,1 x NVIDIA GeForce RTX 5090,9.2986,48.7383,60.81614303588867,machine,0.0,0.0,0.0,0.0,N
dynamics_model_update_81,2026-09-14T18:32:43,mbpo_HalfCheetah-v5_seed14577,29423945-e60c-48eb-bcf0-6401f3d8e03a,12.418194100002438,0.00015139200186695817,1.2191123879667977e-05,25.10518401012757,73.29828943055209,20.0,8.770529683084852e-05,0.00024071463701602624,6.89865548444378e-05,0.00039740648869131256,0.0,Germany,DEU,baden-wurttemberg,,,Linux-7.0.0-31-generic-x86_64-with-glibc2.43,3.14.4,3.3.0,24,Intel(R) Core(TM) Ultra 9 285K,1,1 x NVIDIA GeForce RTX 5090,9.2986,48.7383,60.81614303588867,machine,0.0,0.0,0.0,0.0,N
rollout_81,2026-09-14T18:32:44,mbpo_HalfCheetah-v5_seed14577,29423945-e60c-48eb-bcf0-6401f3d8e03a,0.20005062199925305,2.5443214207374054e-06,1.2718716838831027e-05,25.130511215213318,73.27786141901517,20.0,1.8767767791978696e-06,3.6930585099459456e-06,1.1090501833271177e-06,6.678885472469198e-06,0.0,Germany,DEU,baden-wurttemberg,,,Linux-7.0.0-31-generic-x86_64-with-glibc2.43,3.14.4,3.3.0,24,Intel(R) Core(TM) Ultra 9 285K,1,1 x NVIDIA GeForce RTX 5090,9.2986,48.7383,60.81614303588867,machine,0.0,0.0,0.0,0.0,N
synthetic_rollout_generation_81,2026-09-14T18:32:44,mbpo_HalfCheetah-v5_seed14577,29423945-e60c-48eb-bcf0-6401f3d8e03a,0.006064967998099746,3.236903286379933e-08,5.328556015072789e-06,25.125151256668808,73.05580729350301,20.0,5.289698676302912e-08,0.0,3.207225555447446e-08,8.496924232270775e-08,0.0,Germany,DEU,baden-wurttemberg,,,Linux-7.0.0-31-generic-x86_64-with-glibc2.43,3.14.4,3.3.0,24,Intel(R) Core(TM) Ultra 9 285K,1,1 x NVIDIA GeForce RTX 5090,9.2986,48.7383,60.81614303588867,machine,0.0,0.0,0.0,0.0,N
gradient_updates_81,2026-09-14T18:33:00,mbpo_HalfCheetah-v5_seed14577,29423945-e60c-48eb-bcf0-6401f3d8e03a,16.00425434600038,0.00024033728536382304,1.5017101073760866e-05,25.120493161535222,73.12211542997899,20.0,0.00011963457876314545,0.0004223442267640154,8.891051161111392e-05,0.0006308893171382696,0.0,Germany,DEU,baden-wurttemberg,,,Linux-7.0.0-31-generic-x86_64-with-glibc2.43,3.14.4,3.3.0,24,Intel(R) Core(TM) Ultra 9 285K,1,1 x NVIDIA GeForce RTX 5090,9.2986,48.7383,60.81614303588867,machine,0.0,0.0,0.0,0.0,N
dynamics_model_update_82,2026-09-14T18:33:21,mbpo_HalfCheetah-v5_seed14577,29423945-e60c-48eb-bcf0-6401f3d8e03a,21.03667663700253,0.00025364153587351806,1.2057112977678638e-05,25.125451945214706,73.11308184455326,20.0,0.00013918878440649304,0.0004097567166939653,0.00011686769189998662,0.0006658131930004502,0.0,Germany,DEU,baden-wurttemberg,,,Linux-7.0.0-31-generic-x86_64-with-glibc2.43,3.14.4,3.3.0,24,Intel(R) Core(TM) Ultra 9 285K,1,1 x NVIDIA GeForce RTX 5090,9.2986,48.7383,60.81614303588867,machine,0.0,0.0,0.0,0.0,N
rollout_82,2026-09-14T18:33:21,mbpo_HalfCheetah-v5_seed14577,29423945-e60c-48eb-bcf0-6401f3d8e03a,0.19849846900251578,2.5332043135789517e-06,1.2761447396439134e-05,25.152332910084425,73.09267212433862,20.0,1.89822374080037e-06,3.650836254087686e-06,1.1006428889022424e-06,6.649702883790298e-06,0.0,Germany,DEU,baden-wurttemberg,,,Linux-7.0.0-31-generic-x86_64-with-glibc2.43,3.14.4,3.3.0,24,Intel(R) Core(TM) Ultra 9 285K,1,1 x NVIDIA GeForce RTX 5090,9.2986,48.7383,60.81614303588867,machine,0.0,0.0,0.0,0.0,N
synthetic_rollout_generation_82,2026-09-14T18:33:21,mbpo_HalfCheetah-v5_seed14577,29423945-e60c-48eb-bcf0-6401f3d8e03a,0.00612477299728198,3.1576241475705924e-08,5.14624649591712e-06,25.144277943352105,72.873831788637,20.0,5.0998096357002254e-08,0.0,3.189005557194258e-08,8.288815192547538e-08,0.0,Germany,DEU,baden-wurttemberg,,,Linux-7.0.0-31-generic-x86_64-with-glibc2.43,3.14.4,3.3.0,24,Intel(R) Core(TM) Ultra 9 285K,1,1 x NVIDIA GeForce RTX 5090,9.2986,48.7383,60.81614303588867,machine,0.0,0.0,0.0,0.0,N
gradient_updates_82,2026-09-14T18:33:37,mbpo_HalfCheetah-v5_seed14577,29423945-e60c-48eb-bcf0-6401f3d8e03a,16.125932996998017,0.0002375795455950569,1.4732773465353188e-05,25.13663290791619,72.93899126314608,20.0,0.0001098611381666198,0.00042420283936195347,8.958622747221728e-05,0.0006236502050007975,0.0,Germany,DEU,baden-wurttemberg,,,Linux-7.0.0-31-generic-x86_64-with-glibc2.43,3.14.4,3.3.0,24,Intel(R) Core(TM) Ultra 9 285K,1,1 x NVIDIA GeForce RTX 5090,9.2986,48.7383,60.81614303588867,machine,0.0,0.0,0.0,0.0,N
dynamics_model_update_83,2026-09-14T18:33:56,mbpo_HalfCheetah-v5_seed14577,29423945-e60c-48eb-bcf0-6401f3d8e03a,19.41179473399825,0.00022989277089027066,1.1842929476864226e-05,25.13442773772031,72.93004588724145,20.0,0.00011854968067299965,0.0003770825238880171,0.0001078400907277878,0.0006034722952888011,0.0,Germany,DEU,baden-wurttemberg,,,Linux-7.0.0-31-generic-x86_64-with-glibc2.43,3.14.4,3.3.0,24,Intel(R) Core(TM) Ultra 9 285K,1,1 x NVIDIA GeForce RTX 5090,9.2986,48.7383,60.81614303588867,machine,0.0,0.0,0.0,0.0,N
rollout_83,2026-09-14T18:33:57,mbpo_HalfCheetah-v5_seed14577,29423945-e60c-48eb-bcf0-6401f3d8e03a,0.20987740300188307,3.0859166639737867e-06,1.470299897092476e-05,25.134409703213827,72.99183828746193,20.0,1.4792184055978375e-06,5.457504365979915e-06,1.1638590999910048e-06,8.100581871575696e-06,0.0,Germany,DEU,baden-wurttemberg,,,Linux-7.0.0-31-generic-x86_64-with-glibc2.43,3.14.4,3.3.0,24,Intel(R) Core(TM) Ultra 9 285K,1,1 x NVIDIA GeForce RTX 5090,9.2986,48.7383,60.81614303588867,machine,0.0,0.0,0.0,0.0,N
synthetic_rollout_generation_83,2026-09-14T18:33:57,mbpo_HalfCheetah-v5_seed14577,29423945-e60c-48eb-bcf0-6401f3d8e03a,0.0066622589984035585,3.648399787836709e-08,5.46892510917713e-06,25.13379365818628,72.7758861031795,20.0,6.067893743022523e-08,0.0,3.509215556682377e-08,9.577109300051845e-08,0.0,Germany,DEU,baden-wurttemberg,,,Linux-7.0.0-31-generic-x86_64-with-glibc2.43,3.14.4,3.3.0,24,Intel(R) Core(TM) Ultra 9 285K,1,1 x NVIDIA GeForce RTX 5090,9.2986,48.7383,60.81614303588867,machine,0.0,0.0,0.0,0.0,N
gradient_updates_83,2026-09-14T18:34:13,mbpo_HalfCheetah-v5_seed14577,29423945-e60c-48eb-bcf0-6401f3d8e03a,16.22411408300104,0.00023854535257787635,1.4703145325346413e-05,25.133073955383054,72.84037370273542,20.0,0.00010956154098249599,0.0004264922856380138,9.0131637555552e-05,0.0006261854641760739,0.0,Germany,DEU,baden-wurttemberg,,,Linux-7.0.0-31-generic-x86_64-with-glibc2.43,3.14.4,3.3.0,24,Intel(R) Core(TM) Ultra 9 285K,1,1 x NVIDIA GeForce RTX 5090,9.2986,48.7383,60.81614303588867,machine,0.0,0.0,0.0,0.0,N
dynamics_model_update_84,2026-09-14T18:34:26,mbpo_HalfCheetah-v5_seed14577,29423945-e60c-48eb-bcf0-6401f3d8e03a,13.140576089001115,0.00015412512652985405,1.1728949556627892e-05,25.130057781146352,72.83004576098224,20.0,7.85090441960748e-05,0.0002530674246759568,7.300451689999307e-05,0.0004045809857720212,0.0,Germany,DEU,baden-wurttemberg,,,Linux-7.0.0-31-generic-x86_64-with-glibc2.43,3.14.4,3.3.0,24,Intel(R) Core(TM) Ultra 9 285K,1,1 x NVIDIA GeForce RTX 5090,9.2986,48.7383,60.81614303588867,machine,0.0,0.0,0.0,0.0,N
rollout_84,2026-09-14T18:34:26,mbpo_HalfCheetah-v5_seed14577,29423945-e60c-48eb-bcf0-6401f3d8e03a,0.2091903309992631,2.4374469400553767e-06,1.1651410563534143e-05,25.130193669444477,72.80654055812487,20.0,1.4773872930237686e-06,3.7608363420149615e-06,1.1601145722232864e-06,6.398338207258547e-06,0.0,Germany,DEU,baden-wurttemberg,,,Linux-7.0.0-31-generic-x86_64-with-glibc2.43,3.14.4,3.3.0,24,Intel(R) Core(TM) Ultra 9 285K,1,1 x NVIDIA GeForce RTX 5090,9.2986,48.7383,60.81614303588867,machine,0.0,0.0,0.0,0.0,N
synthetic_rollout_generation_84,2026-09-14T18:34:26,mbpo_HalfCheetah-v5_seed14577,29423945-e60c-48eb-bcf0-6401f3d8e03a,0.006292236001172569,7.054296907935131e-07,0.00011191114919661598,25.11780695196814,75.85972374829288,20.0,4.813309406256905e-08,1.7722236400063984e-06,3.140777777611847e-08,1.8517645118537596e-06,0.0,Germany,DEU,baden-wurttemberg,,,Linux-7.0.0-31-generic-x86_64-with-glibc2.43,3.14.4,3.3.0,24,Intel(R) Core(TM) Ultra 9 285K,1,1 x NVIDIA GeForce RTX 5090,9.2986,48.7383,60.81614303588867,machine,0.0,0.0,0.0,0.0,N
gradient_updates_84,2026-09-14T18:34:42,mbpo_HalfCheetah-v5_seed14577,29423945-e60c-48eb-bcf0-6401f3d8e03a,16.08466659899932,0.0002397256584997301,1.4903995221200499e-05,25.106410373072663,75.91434912128175,20.0,0.00011728277965948261,0.0004226439492259759,8.935705769999927e-05,0.0006292837865854578,0.0,Germany,DEU,baden-wurttemberg,,,Linux-7.0.0-31-generic-x86_64-with-glibc2.43,3.14.4,3.3.0,24,Intel(R) Core(TM) Ultra 9 285K,1,1 x NVIDIA GeForce RTX 5090,9.2986,48.7383,60.81614303588867,machine,0.0,0.0,0.0,0.0,N
dynamics_model_update_85,2026-09-14T18:35:00,mbpo_HalfCheetah-v5_seed14577,29423945-e60c-48eb-bcf0-6401f3d8e03a,17.574264323000534,0.000208327350043766,1.1854100658638953e-05,25.109068190647715,75.89668065446854,20.0,0.00010831717193144491,0.00034091388384205334,9.76316559833431e-05,0.0005468627117568431,0.0,Germany,DEU,baden-wurttemberg,,,Linux-7.0.0-31-generic-x86_64-with-glibc2.43,3.14.4,3.3.0,24,Intel(R) Core(TM) Ultra 9 285K,1,1 x NVIDIA GeForce RTX 5090,9.2986,48.7383,60.81614303588867,machine,0.0,0.0,0.0,0.0,N
rollout_85,2026-09-14T18:35:00,mbpo_HalfCheetah-v5_seed14577,29423945-e60c-48eb-bcf0-6401f3d8e03a,0.20355242300138343,2.428445906761667e-06,1.193066197149175e-05,25.11234051066495,75.86922409392783,20.0,1.4981561985254188e-06,3.7483363319879004e-06,1.1282178166670265e-06,6.3747103471872846e-06,0.0,Germany,DEU,baden-wurttemberg,,,Linux-7.0.0-31-generic-x86_64-with-glibc2.43,3.14.4,3.3.0,24,Intel(R) Core(TM) Ultra 9 285K,1,1 x NVIDIA GeForce RTX 5090,9.2986,48.7383,60.81614303588867,machine,0.0,0.0,0.0,0.0,N
synthetic_rollout_generation_85,2026-09-14T18:35:00,mbpo_HalfCheetah-v5_seed14577,29423945-e60c-48eb-bcf0-6401f3d8e03a,0.0062254389995359816,3.16356700141851e-08,5.074842520136439e-06,25.106631697651668,75.64994887978352,20.0,5.215087505242022e-08,0.0,3.0893277774488026e-08,8.304415281823463e-08,0.0,Germany,DEU,baden-wurttemberg,,,Linux-7.0.0-31-generic-x86_64-with-glibc2.43,3.14.4,3.3.0,24,Intel(R) Core(TM) Ultra 9 285K,1,1 x NVIDIA GeForce RTX 5090,9.2986,48.7383,60.81614303588867,machine,0.0,0.0,0.0,0.0,N
gradient_updates_85,2026-09-14T18:35:17,mbpo_HalfCheetah-v5_seed14577,29423945-e60c-48eb-bcf0-6401f3d8e03a,17.108519842000533,0.00024621540844250306,1.4391400014482574e-05,25.101056323078677,75.69774277350723,20.0,0.00011295334314038313,0.0004383214617679765,9.50446817500044e-05,0.0006463194866583588,0.0,Germany,DEU,baden-wurttemberg,,,Linux-7.0.0-31-generic-x86_64-with-glibc2.43,3.14.4,3.3.0,24,Intel(R) Core(TM) Ultra 9 285K,1,1 x NVIDIA GeForce RTX 5090,9.2986,48.7383,60.81614303588867,machine,0.0,0.0,0.0,0.0,N
dynamics_model_update_86,2026-09-14T18:35:35,mbpo_HalfCheetah-v5_seed14577,29423945-e60c-48eb-bcf0-6401f3d8e03a,18.097966124998493,0.0002283014720179527,1.2614761493577718e-05,25.09774189230178,75.68704530634898,20.0,0.00013692899537644243,0.0003618247339040037,0.0001005413803611098,0.0005992951096415594,0.0,Germany,DEU,baden-wurttemberg,,,Linux-7.0.0-31-generic-x86_64-with-glibc2.43,3.14.4,3.3.0,24,Intel(R) Core(TM) Ultra 9 285K,1,1 x NVIDIA GeForce RTX 5090,9.2986,48.7383,60.81614303588867,machine,0.0,0.0,0.0,0.0,N
rollout_86,2026-09-14T18:35:35,mbpo_HalfCheetah-v5_seed14577,29423945-e60c-48eb-bcf0-6401f3d8e03a,0.2046523850003723,2.3296498994004877e-06,1.138300632617993e-05,25.09833407817562,75.6483487995053,20.0,1.4529056067691393e-06,3.528058377999521e-06,1.1344052222236889e-06,6.11536920698541e-06,0.0,Germany,DEU,baden-wurttemberg,,,Linux-7.0.0-31-generic-x86_64-with-glibc2.43,3.14.4,3.3.0,24,Intel(R) Core(TM) Ultra 9 285K,1,1 x NVIDIA GeForce RTX 5090,9.2986,48.7383,60.81614303588867,machine,0.0,0.0,0.0,0.0,N
synthetic_rollout_generation_86,2026-09-14T18:35:35,mbpo_HalfCheetah-v5_seed14577,29423945-e60c-48eb-bcf0-6401f3d8e03a,0.006060095998691395,3.0469521516973685e-08,5.020243831465938e-06,25.086975414713738,75.43221066007814,20.0,4.7861704953466866e-08,0.0,3.2121288899567e-08,7.998299386691166e-08,0.0,Germany,DEU,baden-wurttemberg,,,Linux-7.0.0-31-generic-x86_64-with-glibc2.43,3.14.4,3.3.0,24,Intel(R) Core(TM) Ultra 9 285K,1,1 x NVIDIA GeForce RTX 5090,9.2986,48.7383,60.81614303588867,machine,0.0,0.0,0.0,0.0,N
gradient_updates_86,2026-09-14T18:35:53,mbpo_HalfCheetah-v5_seed14577,29423945-e60c-48eb-bcf0-6401f3d8e03a,17.216148864001298,0.00024998195981074806,1.4520211017121974e-05,25.076299651898612,75.47994811144574,20.0,0.00011970649854289861,0.0004408575749080268,9.564267234444569e-05,0.0006562067457953763,0.0,Germany,DEU,baden-wurttemberg,,,Linux-7.0.0-31-generic-x86_64-with-glibc2.43,3.14.4,3.3.0,24,Intel(R) Core(TM) Ultra 9 285K,1,1 x NVIDIA GeForce RTX 5090,9.2986,48.7383,60.81614303588867,machine,0.0,0.0,0.0,0.0,N
dynamics_model_update_87,2026-09-14T18:36:18,mbpo_HalfCheetah-v5_seed14577,29423945-e60c-48eb-bcf0-6401f3d8e03a,25.72859376999986,0.0003223500211592123,1.252885302193454e-05,25.0763304725587,75.46961834013179,20.0,0.0001897948082246123,0.0005134459663119761,0.0001429333195944408,0.0008461740941310275,0.0,Germany,DEU,baden-wurttemberg,,,Linux-7.0.0-31-generic-x86_64-with-glibc2.43,3.14.4,3.3.0,24,Intel(R) Core(TM) Ultra 9 285K,1,1 x NVIDIA GeForce RTX 5090,9.2986,48.7383,60.81614303588867,machine,0.0,0.0,0.0,0.0,N
rollout_87,2026-09-14T18:36:19,mbpo_HalfCheetah-v5_seed14577,29423945-e60c-48eb-bcf0-6401f3d8e03a,0.20725656300055562,2.477523685741334e-06,1.1954066549951355e-05,25.079203937441022,75.44492099304709,20.0,1.5169581580112834e-06,3.8372252919582905e-06,1.1493568722372588e-06,6.50354032219469e-06,0.0,Germany,DEU,baden-wurttemberg,,,Linux-7.0.0-31-generic-x86_64-with-glibc2.43,3.14.4,3.3.0,24,Intel(R) Core(TM) Ultra 9 285K,1,1 x NVIDIA GeForce RTX 5090,9.2986,48.7383,60.81614303588867,machine,0.0,0.0,0.0,0.0,N
synthetic_rollout_generation_87,2026-09-14T18:36:19,mbpo_HalfCheetah-v5_seed14577,29423945-e60c-48eb-bcf0-6401f3d8e03a,0.006150252000225009,3.106409821040934e-08,5.042953314134261e-06,25.069714591469616,75.23179974730402,20.0,4.959087300526743e-08,0.0,3.195289443973237e-08,8.154376744673453e-08,0.0,Germany,DEU,baden-wurttemberg,,,Linux-7.0.0-31-generic-x86_64-with-glibc2.43,3.14.4,3.3.0,24,Intel(R) Core(TM) Ultra 9 285K,1,1 x NVIDIA GeForce RTX 5090,9.2986,48.7383,60.81614303588867,machine,0.0,0.0,0.0,0.0,N
gradient_updates_87,2026-09-14T18:36:36,mbpo_HalfCheetah-v5_seed14577,29423945-e60c-48eb-bcf0-6401f3d8e03a,17.385356855000282,0.00024929200285496445,1.4339203273992771e-05,25.06054453569615,75.27928088197457,20.0,0.00011310762631936214,0.00044470535576407455,9.658261538334108e-05,0.0006543955974667726,0.0,Germany,DEU,baden-wurttemberg,,,Linux-7.0.0-31-generic-x86_64-with-glibc2.43,3.14.4,3.3.0,24,Intel(R) Core(TM) Ultra 9 285K,1,1 x NVIDIA GeForce RTX 5090,9.2986,48.7383,60.81614303588867,machine,0.0,0.0,0.0,0.0,N
dynamics_model_update_88,2026-09-14T18:36:55,mbpo_HalfCheetah-v5_seed14577,29423945-e60c-48eb-bcf0-6401f3d8e03a,18.599902942998597,0.0002327651359860794,1.2514328234070919e-05,25.05634706012666,75.27017483498145,20.0,0.0001355011653452927,0.00037218168663394335,0.00010332944881110036,0.0006110123007903312,0.0,Germany,DEU,baden-wurttemberg,,,Linux-7.0.0-31-generic-x86_64-with-glibc2.43,3.14.4,3.3.0,24,Intel(R) Core(TM) Ultra 9 285K,1,1 x NVIDIA GeForce RTX 5090,9.2986,48.7383,60.81614303588867,machine,0.0,0.0,0.0,0.0,N
rollout_88,2026-09-14T18:36:55,mbpo_HalfCheetah-v5_seed14577,29423945-e60c-48eb-bcf0-6401f3d8e03a,0.20907550400079344,2.451785935199402e-06,1.1726882427557177e-05,25.058691240471198,75.24091426498887,20.0,1.5181281589476958e-06,3.7586141180545596e-06,1.159236027767352e-06,6.435978304769607e-06,0.0,Germany,DEU,baden-wurttemberg,,,Linux-7.0.0-31-generic-x86_64-with-glibc2.43,3.14.4,3.3.0,24,Intel(R) Core(TM) Ultra 9 285K,1,1 x NVIDIA GeForce RTX 5090,9.2986,48.7383,60.81614303588867,machine,0.0,0.0,0.0,0.0,N
synthetic_rollout_generation_88,2026-09-14T18:36:55,mbpo_HalfCheetah-v5_seed14577,29423945-e60c-48eb-bcf0-6401f3d8e03a,0.006120360998465912,3.1078914920767975e-08,5.0696480960841965e-06,25.048736557676857,75.03074411341069,20.0,4.9150039319739713e-08,0.0,3.2432622235414876e-08,8.158266155688931e-08,0.0,Germany,DEU,baden-wurttemberg,,,Linux-7.0.0-31-generic-x86_64-with-glibc2.43,3.14.4,3.3.0,24,Intel(R) Core(TM) Ultra 9 285K,1,1 x NVIDIA GeForce RTX 5090,9.2986,48.7383,60.81614303588867,machine,0.0,0.0,0.0,0.0,N
gradient_updates_88,2026-09-14T18:37:12,mbpo_HalfCheetah-v5_seed14577,29423945-e60c-48eb-bcf0-6401f3d8e03a,17.15265166500103,0.0002497000619793993,1.4557528531144612e-05,25.03938586793637,75.07948694597549,20.0,0.00011931799323209799,0.0004408586860199515,9.529008011110486e-05,0.000655466759363163,0.0,Germany,DEU,baden-wurttemberg,,,Linux-7.0.0-31-generic-x86_64-with-glibc2.43,3.14.4,3.3.0,24,Intel(R) Core(TM) Ultra 9 285K,1,1 x NVIDIA GeForce RTX 5090,9.2986,48.7383,60.81614303588867,machine,0.0,0.0,0.0,0.0,N
dynamics_model_update_89,2026-09-14T18:37:25,mbpo_HalfCheetah-v5_seed14577,29423945-e60c-48eb-bcf0-6401f3d8e03a,13.179888141999982,0.00016446274464280985,1.2478292365850716e-05,25.039544949964025,75.07115873043446,20.0,9.461315874602014e-05,0.0002638857666640293,7.321847751110173e-05,0.0004317174029211529,0.0,Germany,DEU,baden-wurttemberg,,,Linux-7.0.0-31-generic-x86_64-with-glibc2.43,3.14.4,3.3.0,24,Intel(R) Core(TM) Ultra 9 285K,1,1 x NVIDIA GeForce RTX 5090,9.2986,48.7383,60.81614303588867,machine,0.0,0.0,0.0,0.0,N
rollout_89,2026-09-14T18:37:25,mbpo_HalfCheetah-v5_seed14577,29423945-e60c-48eb-bcf0-6401f3d8e03a,0.20399116200132994,2.430040451618931e-06,1.1911810071472089e-05,25.046384225815697,75.04301782641105,20.0,1.574483759585188e-06,3.6730584940247724e-06,1.1313537999942114e-06,6.378896053593763e-06,0.0,Germany,DEU,baden-wurttemberg,,,Linux-7.0.0-31-generic-x86_64-with-glibc2.43,3.14.4,3.3.0,24,Intel(R) Core(TM) Ultra 9 285K,1,1 x NVIDIA GeForce RTX 5090,9.2986,48.7383,60.81614303588867,machine,0.0,0.0,0.0,0.0,N
synthetic_rollout_generation_89,2026-09-14T18:37:25,mbpo_HalfCheetah-v5_seed14577,29423945-e60c-48eb-bcf0-6401f3d8e03a,0.006003932001476642,3.343768092967103e-08,5.56058101477015e-06,25.044413992465806,74.83571667219444,20.0,5.547393326990613e-08,0.0,3.2300527769840714e-08,8.777446103280795e-08,0.0,Germany,DEU,baden-wurttemberg,,,Linux-7.0.0-31-generic-x86_64-with-glibc2.43,3.14.4,3.3.0,24,Intel(R) Core(TM) Ultra 9 285K,1,1 x NVIDIA GeForce RTX 5090,9.2986,48.7383,60.81614303588867,machine,0.0,0.0,0.0,0.0,N
gradient_updates_89,2026-09-14T18:37:43,mbpo_HalfCheetah-v5_seed14577,29423945-e60c-48eb-bcf0-6401f3d8e03a,17.179947200998868,0.0002494054219643188,1.4517247453279669e-05,25.04250260981059,74.88449228969725,20.0,0.00011763320577315786,0.0004416181310720191,9.544198764443665e-05,0.0006546933244896136,0.0,Germany,DEU,baden-wurttemberg,,,Linux-7.0.0-31-generic-x86_64-with-glibc2.43,3.14.4,3.3.0,24,Intel(R) Core(TM) Ultra 9 285K,1,1 x NVIDIA GeForce RTX 5090,9.2986,48.7383,60.81614303588867,machine,0.0,0.0,0.0,0.0,N
dynamics_model_update_90,2026-09-14T18:38:00,mbpo_HalfCheetah-v5_seed14577,29423945-e60c-48eb-bcf0-6401f3d8e03a,16.984859214000608,0.00021497295437424707,1.2656744248251676e-05,25.041876171688152,74.8768660814522,20.0,0.00012975101963406607,0.00034019943882596104,9.435707369444095e-05,0.0005643075321544733,0.0,Germany,DEU,baden-wurttemberg,,,Linux-7.0.0-31-generic-x86_64-with-glibc2.43,3.14.4,3.3.0,24,Intel(R) Core(TM) Ultra 9 285K,1,1 x NVIDIA GeForce RTX 5090,9.2986,48.7383,60.81614303588867,machine,0.0,0.0,0.0,0.0,N
rollout_90,2026-09-14T18:38:00,mbpo_HalfCheetah-v5_seed14577,29423945-e60c-48eb-bcf0-6401f3d8e03a,0.20419335100086755,2.3519755072629045e-06,1.1517807037210731e-05,25.04228860149367,74.84564812403163,20.0,1.4438178217203446e-06,3.5972250999605215e-06,1.1329313722354545e-06,6.173974293907647e-06,0.0,Germany,DEU,baden-wurttemberg,,,Linux-7.0.0-31-generic-x86_64-with-glibc2.43,3.14.4,3.3.0,24,Intel(R) Core(TM) Ultra 9 285K,1,1 x NVIDIA GeForce RTX 5090,9.2986,48.7383,60.81614303588867,machine,0.0,0.0,0.0,0.0,N
synthetic_rollout_generation_90,2026-09-14T18:38:00,mbpo_HalfCheetah-v5_seed14577,29423945-e60c-48eb-bcf0-6401f3d8e03a,0.006123496001237072,3.143350980894244e-08,5.125778697356634e-06,25.03387559837081,74.64115181768182,20.0,5.0099484522753146e-08,0.0,3.241399445033655e-08,8.25134789661508e-08,0.0,Germany,DEU,baden-wurttemberg,,,Linux-7.0.0-31-generic-x86_64-with-glibc2.43,3.14.4,3.3.0,24,Intel(R) Core(TM) Ultra 9 285K,1,1 x NVIDIA GeForce RTX 5090,9.2986,48.7383,60.81614303588867,machine,0.0,0.0,0.0,0.0,N
gradient_updates_90,2026-09-14T18:38:17,mbpo_HalfCheetah-v5_seed14577,29423945-e60c-48eb-bcf0-6401f3d8e03a,17.323977854997793,0.00024858698123983447,1.4349310517941729e-05,25.025748160389064,74.68862785152018,20.0,0.00011332502954884,0.0004429867432780288,9.623313133332728e-05,0.0006525449041602099,0.0,Germany,DEU,baden-wurttemberg,,,Linux-7.0.0-31-generic-x86_64-with-glibc2.43,3.14.4,3.3.0,24,Intel(R) Core(TM) Ultra 9 285K,1,1 x NVIDIA GeForce RTX 5090,9.2986,48.7383,60.81614303588867,machine,0.0,0.0,0.0,0.0,N
dynamics_model_update_91,2026-09-14T18:38:29,mbpo_HalfCheetah-v5_seed14577,29423945-e60c-48eb-bcf0-6401f3d8e03a,11.500856828999531,0.00014373131767470015,1.2497419497361206e-05,25.0222854255374,74.68158595289567,20.0,8.308826647055942e-05,0.0002303182398099568,6.389056072223127e-05,0.00037729706700274923,0.0,Germany,DEU,baden-wurttemberg,,,Linux-7.0.0-31-generic-x86_64-with-glibc2.43,3.14.4,3.3.0,24,Intel(R) Core(TM) Ultra 9 285K,1,1 x NVIDIA GeForce RTX 5090,9.2986,48.7383,60.81614303588867,machine,0.0,0.0,0.0,0.0,N
rollout_91,2026-09-14T18:38:29,mbpo_HalfCheetah-v5_seed14577,29423945-e60c-48eb-bcf0-6401f3d8e03a,0.2068490509991534,2.4699363608618463e-06,1.1940311507728647e-05,25.02533460624764,74.65975954824427,20.0,1.517314269405129e-06,3.820003056043131e-06,1.1463061444574874e-06,6.4836234699161555e-06,0.0,Germany,DEU,baden-wurttemberg,,,Linux-7.0.0-31-generic-x86_64-with-glibc2.43,3.14.4,3.3.0,24,Intel(R) Core(TM) Ultra 9 285K,1,1 x NVIDIA GeForce RTX 5090,9.2986,48.7383,60.81614303588867,machine,0.0,0.0,0.0,0.0,N
synthetic_rollout_generation_91,2026-09-14T18:38:29,mbpo_HalfCheetah-v5_seed14577,29423945-e60c-48eb-bcf0-6401f3d8e03a,0.006069561997719575,3.274448548418185e-08,5.387138133594606e-06,25.01067703111179,74.4579764143301,20.0,4.926892830520169e-08,0.0,3.668588332249312e-08,8.595481161555174e-08,0.0,Germany,DEU,baden-wurttemberg,,,Linux-7.0.0-31-generic-x86_64-with-glibc2.43,3.14.4,3.3.0,24,Intel(R) Core(TM) Ultra 9 285K,1,1 x NVIDIA GeForce RTX 5090,9.2986,48.7383,60.81614303588867,machine,0.0,0.0,0.0,0.0,N
gradient_updates_91,2026-09-14T18:38:46,mbpo_HalfCheetah-v5_seed14577,29423945-e60c-48eb-bcf0-6401f3d8e03a,17.24318423400109,0.0002506300712485157,1.4535032171070106e-05,24.99691474082471,74.50607650303066,20.0,0.0001200123348986809,0.00044210257590399094,9.579313814998998e-05,0.0006579080489526601,0.0,Germany,DEU,baden-wurttemberg,,,Linux-7.0.0-31-generic-x86_64-with-glibc2.43,3.14.4,3.3.0,24,Intel(R) Core(TM) Ultra 9 285K,1,1 x NVIDIA GeForce RTX 5090,9.2986,48.7383,60.81614303588867,machine,0.0,0.0,0.0,0.0,N
dynamics_model_update_92,2026-09-14T18:39:00,mbpo_HalfCheetah-v5_seed14577,29423945-e60c-48eb-bcf0-6401f3d8e03a,13.557292007000797,0.0001693424518091971,1.2490878469401565e-05,24.99733165539292,74.49826614086804,20.0,9.957874994071317e-05,0.0002696327157059586,7.531524864443778e-05,0.000444526714291113,0.0,Germany,DEU,baden-wurttemberg,,,Linux-7.0.0-31-generic-x86_64-with-glibc2.43,3.14.4,3.3.0,24,Intel(R) Core(TM) Ultra 9 285K,1,1 x NVIDIA GeForce RTX 5090,9.2986,48.7383,60.81614303588867,machine,0.0,0.0,0.0,0.0,N
rollout_92,2026-09-14T18:39:00,mbpo_HalfCheetah-v5_seed14577,29423945-e60c-48eb-bcf0-6401f3d8e03a,0.2079074360008235,3.1094887656402115e-06,1.495574915057463e-05,24.999720115791888,74.55641046834793,20.0,1.5098037078435655e-06,5.507782183999943e-06,1.1448731333275897e-06,8.162459025171098e-06,0.0,Germany,DEU,baden-wurttemberg,,,Linux-7.0.0-31-generic-x86_64-with-glibc2.43,3.14.4,3.3.0,24,Intel(R) Core(TM) Ultra 9 285K,1,1 x NVIDIA GeForce RTX 5090,9.2986,48.7383,60.81614303588867,machine,0.0,0.0,0.0,0.0,N
synthetic_rollout_generation_92,2026-09-14T18:39:00,mbpo_HalfCheetah-v5_seed14577,29423945-e60c-48eb-bcf0-6401f3d8e03a,0.006118908000644296,3.1870119113208695e-08,5.199557200988114e-06,24.992651455610677,74.35706177725609,20.0,5.137115220710253e-08,0.0,3.228843332980791e-08,8.365958553691044e-08,0.0,Germany,DEU,baden-wurttemberg,,,Linux-7.0.0-31-generic-x86_64-with-glibc2.43,3.14.4,3.3.0,24,Intel(R) Core(TM) Ultra 9 285K,1,1 x NVIDIA GeForce RTX 5090,9.2986,48.7383,60.81614303588867,machine,0.0,0.0,0.0,0.0,N
gradient_updates_92,2026-09-14T18:39:17,mbpo_HalfCheetah-v5_seed14577,29423945-e60c-48eb-bcf0-6401f3d8e03a,17.13170218600135,0.000251852287464098,1.4700954763603706e-05,24.986224975820384,74.40541156924216,20.0,0.00012581980260020428,0.0004401231298760133,9.517345409444135e-05,0.0006611163865706676,0.0,Germany,DEU,baden-wurttemberg,,,Linux-7.0.0-31-generic-x86_64-with-glibc2.43,3.14.4,3.3.0,24,Intel(R) Core(TM) Ultra 9 285K,1,1 x NVIDIA GeForce RTX 5090,9.2986,48.7383,60.81614303588867,machine,0.0,0.0,0.0,0.0,N
dynamics_model_update_93,2026-09-14T18:39:38,mbpo_HalfCheetah-v5_seed14577,29423945-e60c-48eb-bcf0-6401f3d8e03a,21.19308202299726,0.00026073666385256766,1.2302901008743111e-05,24.989917808459083,74.39683775116644,20.0,0.00014767089258106367,0.00041903172411400513,0.00011773540365554898,0.0006844380203506195,0.0,Germany,DEU,baden-wurttemberg,,,Linux-7.0.0-31-generic-x86_64-with-glibc2.43,3.14.4,3.3.0,24,Intel(R) Core(TM) Ultra 9 285K,1,1 x NVIDIA GeForce RTX 5090,9.2986,48.7383,60.81614303588867,machine,0.0,0.0,0.0,0.0,N
rollout_93,2026-09-14T18:39:38,mbpo_HalfCheetah-v5_seed14577,29423945-e60c-48eb-bcf0-6401f3d8e03a,0.20940713800155208,2.4603761185487683e-06,1.174943575298951e-05,24.991335860400643,74.37302978110233,20.0,1.4990036992026945e-06,3.7986141500079285e-06,1.1609098277808733e-06,6.458527676986292e-06,0.0,Germany,DEU,baden-wurttemberg,,,Linux-7.0.0-31-generic-x86_64-with-glibc2.43,3.14.4,3.3.0,24,Intel(R) Core(TM) Ultra 9 285K,1,1 x NVIDIA GeForce RTX 5090,9.2986,48.7383,60.81614303588867,machine,0.0,0.0,0.0,0.0,N
synthetic_rollout_generation_93,2026-09-14T18:39:38,mbpo_HalfCheetah-v5_seed14577,29423945-e60c-48eb-bcf0-6401f3d8e03a,0.00611823700091918,2.9952555061218966e-08,4.88847476982623e-06,24.979509278527654,74.17627573406239,20.0,4.667475956426914e-08,0.0,3.195118889430526e-08,7.862594844643134e-08,0.0,Germany,DEU,baden-wurttemberg,,,Linux-7.0.0-31-generic-x86_64-with-glibc2.43,3.14.4,3.3.0,24,Intel(R) Core(TM) Ultra 9 285K,1,1 x NVIDIA GeForce RTX 5090,9.2986,48.7383,60.81614303588867,machine,0.0,0.0,0.0,0.0,N
gradient_updates_93,2026-09-14T18:39:54,mbpo_HalfCheetah-v5_seed14577,29423945-e60c-48eb-bcf0-6401f3d8e03a,16.0695136309987,0.00023983797484253971,1.4925040696358159e-05,24.968600101795268,74.23125290304068,20.0,0.00011620423962998422,0.00042410200594805714,8.927237324999997e-05,0.0006295786188280361,0.0,Germany,DEU,baden-wurttemberg,,,Linux-7.0.0-31-generic-x86_64-with-glibc2.43,3.14.4,3.3.0,24,Intel(R) Core(TM) Ultra 9 285K,1,1 x NVIDIA GeForce RTX 5090,9.2986,48.7383,60.81614303588867,machine,0.0,0.0,0.0,0.0,N
dynamics_model_update_94,2026-09-14T18:40:09,mbpo_HalfCheetah-v5_seed14577,29423945-e60c-48eb-bcf0-6401f3d8e03a,14.309614087997033,0.00017458457604394018,1.2200513056949813e-05,24.971305178347478,74.21949066098963,20.0,0.00010150606731590059,0.0002772863329399966,7.949497615554642e-05,0.00045828737641144535,0.0,Germany,DEU,baden-wurttemberg,,,Linux-7.0.0-31-generic-x86_64-with-glibc2.43,3.14.4,3.3.0,24,Intel(R) Core(TM) Ultra 9 285K,1,1 x NVIDIA GeForce RTX 5090,9.2986,48.7383,60.81614303588867,machine,0.0,0.0,0.0,0.0,N
rollout_94,2026-09-14T18:40:09,mbpo_HalfCheetah-v5_seed14577,29423945-e60c-48eb-bcf0-6401f3d8e03a,0.1973026679988834,2.544253226641202e-06,1.2894344273235603e-05,24.99390039091172,74.20326772498106,20.0,1.8597720433735643e-06,3.7244474240250014e-06,1.0944869944466001e-06,6.678706461857309e-06,0.0,Germany,DEU,baden-wurttemberg,,,Linux-7.0.0-31-generic-x86_64-with-glibc2.43,3.14.4,3.3.0,24,Intel(R) Core(TM) Ultra 9 285K,1,1 x NVIDIA GeForce RTX 5090,9.2986,48.7383,60.81614303588867,machine,0.0,0.0,0.0,0.0,N
synthetic_rollout_generation_94,2026-09-14T18:40:09,mbpo_HalfCheetah-v5_seed14577,29423945-e60c-48eb-bcf0-6401f3d8e03a,0.006019989999913378,3.15910393539065e-08,5.238307693551453e-06,24.98844480117578,74.00901833303085,20.0,5.132031883486876e-08,0.0,3.160667777848958e-08,8.292699660295e-08,0.0,Germany,DEU,baden-wurttemberg,,,Linux-7.0.0-31-generic-x86_64-with-glibc2.43,3.14.4,3.3.0,24,Intel(R) Core(TM) Ultra 9 285K,1,1 x NVIDIA GeForce RTX 5090,9.2986,48.7383,60.81614303588867,machine,0.0,0.0,0.0,0.0,N
gradient_updates_94,2026-09-14T18:40:25,mbpo_HalfCheetah-v5_seed14577,29423945-e60c-48eb-bcf0-6401f3d8e03a,16.15710493699953,0.00023943924627463364,1.481944918988417e-05,24.983374061604003,74.0633401368751,20.0,0.00011324890532127263,0.00042552395152989364,8.975909294444383e-05,0.0006285319497956049,0.0,Germany,DEU,baden-wurttemberg,,,Linux-7.0.0-31-generic-x86_64-with-glibc2.43,3.14.4,3.3.0,24,Intel(R) Core(TM) Ultra 9 285K,1,1 x NVIDIA GeForce RTX 5090,9.2986,48.7383,60.81614303588867,machine,0.0,0.0,0.0,0.0,N
dynamics_model_update_95,2026-09-14T18:40:42,mbpo_HalfCheetah-v5_seed14577,29423945-e60c-48eb-bcf0-6401f3d8e03a,16.862775479999982,0.0002053941715411678,1.2180314319463253e-05,24.984048312905283,74.05189306722329,20.0,0.00011916237116315481,0.0003263216499460597,9.367904895554724e-05,0.0005391630700647548,0.0,Germany,DEU,baden-wurttemberg,,,Linux-7.0.0-31-generic-x86_64-with-glibc2.43,3.14.4,3.3.0,24,Intel(R) Core(TM) Ultra 9 285K,1,1 x NVIDIA GeForce RTX 5090,9.2986,48.7383,60.81614303588867,machine,0.0,0.0,0.0,0.0,N
rollout_95,2026-09-14T18:40:42,mbpo_HalfCheetah-v5_seed14577,29423945-e60c-48eb-bcf0-6401f3d8e03a,0.19773668100242503,2.5804786348976316e-06,1.3049743372986295e-05,25.004700783149552,74.04184489276406,20.0,1.8277284066260668e-06,3.849447524018057e-06,1.0966228222164531e-06,6.7737987528571075e-06,0.0,Germany,DEU,baden-wurttemberg,,,Linux-7.0.0-31-generic-x86_64-with-glibc2.43,3.14.4,3.3.0,24,Intel(R) Core(TM) Ultra 9 285K,1,1 x NVIDIA GeForce RTX 5090,9.2986,48.7383,60.81614303588867,machine,0.0,0.0,0.0,0.0,N
synthetic_rollout_generation_95,2026-09-14T18:40:42,mbpo_HalfCheetah-v5_seed14577,29423945-e60c-48eb-bcf0-6401f3d8e03a,0.006058974999177735,3.170894555953874e-08,5.225982313406982e-06,24.99919068929569,73.85002664174654,20.0,5.150670787448797e-08,0.0,3.172979444118762e-08,8.323650231567559e-08,0.0,Germany,DEU,baden-wurttemberg,,,Linux-7.0.0-31-generic-x86_64-with-glibc2.43,3.14.4,3.3.0,24,Intel(R) Core(TM) Ultra 9 285K,1,1 x NVIDIA GeForce RTX 5090,9.2986,48.7383,60.81614303588867,machine,0.0,0.0,0.0,0.0,N
gradient_updates_95,2026-09-14T18:40:58,mbpo_HalfCheetah-v5_seed14577,29423945-e60c-48eb-bcf0-6401f3d8e03a,16.12901720299851,0.00024245905986831212,1.5032483360716874e-05,24.99428384342286,73.90570590988315,20.0,0.00011945569528670069,0.0004274000641419917,8.960325059445898e-05,0.000636459010023141,0.0,Germany,DEU,baden-wurttemberg,,,Linux-7.0.0-31-generic-x86_64-with-glibc2.43,3.14.4,3.3.0,24,Intel(R) Core(TM) Ultra 9 285K,1,1 x NVIDIA GeForce RTX 5090,9.2986,48.7383,60.81614303588867,machine,0.0,0.0,0.0,0.0,N
dynamics_model_update_96,2026-09-14T18:41:27,mbpo_HalfCheetah-v5_seed14577,29423945-e60c-48eb-bcf0-6401f3d8e03a,29.138575464003225,0.00035545860626332026,1.2198903623405218e-05,24.998466450719327,73.89533987838253,20.0,0.0002055737416810817,0.0005656329525060011,0.00016187797903334522,0.0009330846732204245,0.0,Germany,DEU,baden-wurttemberg,,,Linux-7.0.0-31-generic-x86_64-with-glibc2.43,3.14.4,3.3.0,24,Intel(R) Core(TM) Ultra 9 285K,1,1 x NVIDIA GeForce RTX 5090,9.2986,48.7383,60.81614303588867,machine,0.0,0.0,0.0,0.0,N
rollout_96,2026-09-14T18:41:28,mbpo_HalfCheetah-v5_seed14577,29423945-e60c-48eb-bcf0-6401f3d8e03a,0.1989360219995433,2.5839762455640014e-06,1.2988248380174033e-05,25.021651669123116,73.88151236168564,20.0,1.8992073526971631e-06,3.78055857996884e-06,1.103214105568906e-06,6.78298003822797e-06,0.0,Germany,DEU,baden-wurttemberg,,,Linux-7.0.0-31-generic-x86_64-with-glibc2.43,3.14.4,3.3.0,24,Intel(R) Core(TM) Ultra 9 285K,1,1 x NVIDIA GeForce RTX 5090,9.2986,48.7383,60.81614303588867,machine,0.0,0.0,0.0,0.0,N
synthetic_rollout_generation_96,2026-09-14T18:41:28,mbpo_HalfCheetah-v5_seed14577,29423945-e60c-48eb-bcf0-6401f3d8e03a,0.006067446996894432,3.2446471669167476e-08,5.340116266728722e-06,25.018136290735214,73.69207258639926,20.0,5.33380982263576e-08,0.0,3.183442222678967e-08,8.517252045314727e-08,0.0,Germany,DEU,baden-wurttemberg,,,Linux-7.0.0-31-generic-x86_64-with-glibc2.43,3.14.4,3.3.0,24,Intel(R) Core(TM) Ultra 9 285K,1,1 x NVIDIA GeForce RTX 5090,9.2986,48.7383,60.81614303588867,machine,0.0,0.0,0.0,0.0,N
gradient_updates_96,2026-09-14T18:41:44,mbpo_HalfCheetah-v5_seed14577,29423945-e60c-48eb-bcf0-6401f3d8e03a,16.055772109000827,0.00023883471113136934,1.4875323826919897e-05,25.014916643571333,73.74676068340847,20.0,0.00011372848848271652,0.00042402006143804627,8.919648520554213e-05,0.0006269450351263084,0.0,Germany,DEU,baden-wurttemberg,,,Linux-7.0.0-31-generic-x86_64-with-glibc2.43,3.14.4,3.3.0,24,Intel(R) Core(TM) Ultra 9 285K,1,1 x NVIDIA GeForce RTX 5090,9.2986,48.7383,60.81614303588867,machine,0.0,0.0,0.0,0.0,N
dynamics_model_update_97,2026-09-14T18:42:01,mbpo_HalfCheetah-v5_seed14577,29423945-e60c-48eb-bcf0-6401f3d8e03a,17.21326396099903,0.00020878730153862934,1.2129428453237272e-05,25.01603329561588,73.73700533706399,20.0,0.00011812058727417307,0.00033432332301391865,9.562618168889106e-05,0.0005480700919769793,0.0,Germany,DEU,baden-wurttemberg,,,Linux-7.0.0-31-generic-x86_64-with-glibc2.43,3.14.4,3.3.0,24,Intel(R) Core(TM) Ultra 9 285K,1,1 x NVIDIA GeForce RTX 5090,9.2986,48.7383,60.81614303588867,machine,0.0,0.0,0.0,0.0,N
rollout_97,2026-09-14T18:42:01,mbpo_HalfCheetah-v5_seed14577,29423945-e60c-48eb-bcf0-6401f3d8e03a,0.20527003499955754,2.4229821853349875e-06,1.180332055591442e-05,25.01873377783214,73.71564880938584,20.0,1.501767312523522e-06,3.720280754071492e-06,1.1383199222114726e-06,6.360367988803017e-06,0.0,Germany,DEU,baden-wurttemberg,,,Linux-7.0.0-31-generic-x86_64-with-glibc2.43,3.14.4,3.3.0,24,Intel(R) Core(TM) Ultra 9 285K,1,1 x NVIDIA GeForce RTX 5090,9.2986,48.7383,60.81614303588867,machine,0.0,0.0,0.0,0.0,N
synthetic_rollout_generation_97,2026-09-14T18:42:01,mbpo_HalfCheetah-v5_seed14577,29423945-e60c-48eb-bcf0-6401f3d8e03a,0.006046319002052769,3.103650206282005e-08,5.125140351154354e-06,25.006916990302688,73.52855325403208,20.0,4.779392712497832e-08,0.0,3.3677399997184e-08,8.147132711522342e-08,0.0,Germany,DEU,baden-wurttemberg,,,Linux-7.0.0-31-generic-x86_64-with-glibc2.43,3.14.4,3.3.0,24,Intel(R) Core(TM) Ultra 9 285K,1,1 x NVIDIA GeForce RTX 5090,9.2986,48.7383,60.81614303588867,machine,0.0,0.0,0.0,0.0,N
gradient_updates_97,2026-09-14T18:42:17,mbpo_HalfCheetah-v5_seed14577,29423945-e60c-48eb-bcf0-6401f3d8e03a,16.06270042200049,0.00024256106388822335,1.5100906769154273e-05,24.99616494562,73.5844127131099,20.0,0.0001209798590060332,0.00042651228565399046,8.923462758888764e-05,0.0006367267722489217,0.0,Germany,DEU,baden-wurttemberg,,,Linux-7.0.0-31-generic-x86_64-with-glibc2.43,3.14.4,3.3.0,24,Intel(R) Core(TM) Ultra 9 285K,1,1 x NVIDIA GeForce RTX 5090,9.2986,48.7383,60.81614303588867,machine,0.0,0.0,0.0,0.0,N
dynamics_model_update_98,2026-09-14T18:42:42,mbpo_HalfCheetah-v5_seed14577,29423945-e60c-48eb-bcf0-6401f3d8e03a,24.726481468998827,0.0003023023244508802,1.2225853982736008e-05,25.00133184558244,73.57571424386622,20.0,0.00017443825427271298,0.0004817439965060233,0.0001373663105833367,0.000793548561362073,0.0,Germany,DEU,baden-wurttemberg,,,Linux-7.0.0-31-generic-x86_64-with-glibc2.43,3.14.4,3.3.0,24,Intel(R) Core(TM) Ultra 9 285K,1,1 x NVIDIA GeForce RTX 5090,9.2986,48.7383,60.81614303588867,machine,0.0,0.0,0.0,0.0,N
rollout_98,2026-09-14T18:42:42,mbpo_HalfCheetah-v5_seed14577,29423945-e60c-48eb-bcf0-6401f3d8e03a,0.1987412950002181,2.5864723703014625e-06,1.3014331905243079e-05,25.02118075974883,73.56687716914531,20.0,1.8316956320249544e-06,3.857225307934975e-06,1.1006114666693712e-06,6.789532406625831e-06,0.0,Germany,DEU,baden-wurttemberg,,,Linux-7.0.0-31-generic-x86_64-with-glibc2.43,3.14.4,3.3.0,24,Intel(R) Core(TM) Ultra 9 285K,1,1 x NVIDIA GeForce RTX 5090,9.2986,48.7383,60.81614303588867,machine,0.0,0.0,0.0,0.0,N
synthetic_rollout_generation_98,2026-09-14T18:42:42,mbpo_HalfCheetah-v5_seed14577,29423945-e60c-48eb-bcf0-6401f3d8e03a,0.006030753000231925,3.1541604730844774e-08,5.223921550398303e-06,25.015706856748583,73.38203576922284,20.0,5.125254099944132e-08,0.0,3.154468890265161e-08,8.279722990556238e-08,0.0,Germany,DEU,baden-wurttemberg,,,Linux-7.0.0-31-generic-x86_64-with-glibc2.43,3.14.4,3.3.0,24,Intel(R) Core(TM) Ultra 9 285K,1,1 x NVIDIA GeForce RTX 5090,9.2986,48.7383,60.81614303588867,machine,0.0,0.0,0.0,0.0,N
gradient_updates_98,2026-09-14T18:42:58,mbpo_HalfCheetah-v5_seed14577,29423945-e60c-48eb-bcf0-6401f3d8e03a,16.200055461999,0.00023957154736437697,1.4788324944406499e-05,25.01054770666021,73.43611128836623,20.0,0.0001115760025940625,0.0004273050640660192,8.999817566667304e-05,0.0006288792423267547,0.0,Germany,DEU,baden-wurttemberg,,,Linux-7.0.0-31-generic-x86_64-with-glibc2.43,3.14.4,3.3.0,24,Intel(R) Core(TM) Ultra 9 285K,1,1 x NVIDIA GeForce RTX 5090,9.2986,48.7383,60.81614303588867,machine,0.0,0.0,0.0,0.0,N
dynamics_model_update_99,2026-09-14T18:43:19,mbpo_HalfCheetah-v5_seed14577,29423945-e60c-48eb-bcf0-6401f3d8e03a,20.29977284100096,0.00024239660846332028,1.1940839338297628e-05,25.009741224276972,73.42807638399302,20.0,0.00012755477482151445,0.00039596559455001845,0.00011277470468889356,0.0006362950740604334,0.0,Germany,DEU,baden-wurttemberg,,,Linux-7.0.0-31-generic-x86_64-with-glibc2.43,3.14.4,3.3.0,24,Intel(R) Core(TM) Ultra 9 285K,1,1 x NVIDIA GeForce RTX 5090,9.2986,48.7383,60.81614303588867,machine,0.0,0.0,0.0,0.0,N
rollout_99,2026-09-14T18:43:19,mbpo_HalfCheetah-v5_seed14577,29423945-e60c-48eb-bcf0-6401f3d8e03a,0.19981703499797732,2.548784560754691e-06,1.27558355424732e-05,25.029662729076158,73.41290437457211,20.0,1.8503281469274546e-06,3.7322252079974305e-06,1.1080479333236415e-06,6.690601288245057e-06,0.0,Germany,DEU,baden-wurttemberg,,,Linux-7.0.0-31-generic-x86_64-with-glibc2.43,3.14.4,3.3.0,24,Intel(R) Core(TM) Ultra 9 285K,1,1 x NVIDIA GeForce RTX 5090,9.2986,48.7383,60.81614303588867,machine,0.0,0.0,0.0,0.0,N
synthetic_rollout_generation_99,2026-09-14T18:43:19,mbpo_HalfCheetah-v5_seed14577,29423945-e60c-48eb-bcf0-6401f3d8e03a,0.006056474001525203,3.1546341171251324e-08,5.200567559444697e-06,25.023898275945683,73.23028520946124,20.0,5.115059647370357e-08,0.0,3.165906667379481e-08,8.280966314055949e-08,0.0,Germany,DEU,baden-wurttemberg,,,Linux-7.0.0-31-generic-x86_64-with-glibc2.43,3.14.4,3.3.0,24,Intel(R) Core(TM) Ultra 9 285K,1,1 x NVIDIA GeForce RTX 5090,9.2986,48.7383,60.81614303588867,machine,0.0,0.0,0.0,0.0,N
gradient_updates_99,2026-09-14T18:43:35,mbpo_HalfCheetah-v5_seed14577,29423945-e60c-48eb-bcf0-6401f3d8e03a,16.161531734000164,0.00023859071180603458,1.4762886089690402e-05,25.018384548240128,73.2849893066415,20.0,0.00010880780871284565,0.0004277131199479922,8.978360423332263e-05,0.0006263045328941674,0.0,Germany,DEU,baden-wurttemberg,,,Linux-7.0.0-31-generic-x86_64-with-glibc2.43,3.14.4,3.3.0,24,Intel(R) Core(TM) Ultra 9 285K,1,1 x NVIDIA GeForce RTX 5090,9.2986,48.7383,60.81614303588867,machine,0.0,0.0,0.0,0.0,N
idle_baseline_tail,2026-09-14T18:45:05,mbpo_HalfCheetah-v5_seed14577,29423945-e60c-48eb-bcf0-6401f3d8e03a,90.00304824800332,0.0006438092894015188,7.153194959919501e-06,25.016211222479562,73.18230081334936,20.0,0.00039500396739181043,0.0007949928582159926,0.0005000131216333498,0.0016900099472411528,0.0,Germany,DEU,baden-wurttemberg,,,Linux-7.0.0-31-generic-x86_64-with-glibc2.43,3.14.4,3.3.0,24,Intel(R) Core(TM) Ultra 9 285K,1,1 x NVIDIA GeForce RTX 5090,9.2986,48.7383,60.81614303588867,machine,0.0,0.0,0.0,0.0,N
