task_name,timestamp,project_name,run_id,duration,emissions,emissions_rate,cpu_power,gpu_power,ram_power,cpu_energy,gpu_energy,ram_energy,energy_consumed,water_consumed,country_name,country_iso_code,region,cloud_provider,cloud_region,os,python_version,codecarbon_version,cpu_count,cpu_model,gpu_count,gpu_model,longitude,latitude,ram_total_size,tracking_mode,cpu_utilization_percent,gpu_utilization_percent,ram_utilization_percent,ram_used_gb,on_cloud
idle_baseline_head,2026-09-07T14:01:11,sac_Ant-v5_seed14577,2cbb4b1d-ee1f-4036-89f1-f996217cfd59,90.00439583299976,0.0006308186295773036,7.008753588893342e-06,12.929183072951034,13.479115709241816,20.0,0.0004420608030928086,0.0006968580574859967,0.0005169903914944421,0.0016559092520732474,0.0,Germany,DEU,baden-wurttemberg,,,Linux-7.0.0-31-generic-x86_64-with-glibc2.43,3.14.4,3.3.0,24,Intel(R) Core(TM) Ultra 9 285K,1,1 x NVIDIA GeForce RTX 5090,9.1827,48.767,60.81614303588867,machine,0.0,0.0,0.0,0.0,N
warmup_0,2026-09-07T14:01:12,sac_Ant-v5_seed14577,2cbb4b1d-ee1f-4036-89f1-f996217cfd59,0.6773048649993143,8.22114186425861e-06,1.2137774787533089e-05,20.555992009967724,28.525693224430796,20.0,6.768854859513784e-06,1.104417550200354e-05,3.767601911113189e-06,2.1580632272630513e-05,0.0,Germany,DEU,baden-wurttemberg,,,Linux-7.0.0-31-generic-x86_64-with-glibc2.43,3.14.4,3.3.0,24,Intel(R) Core(TM) Ultra 9 285K,1,1 x NVIDIA GeForce RTX 5090,9.1827,48.767,60.81614303588867,machine,0.0,0.0,0.0,0.0,N
rollout_0,2026-09-07T14:01:13,sac_Ant-v5_seed14577,2cbb4b1d-ee1f-4036-89f1-f996217cfd59,0.4836234220001643,5.251282466648874e-06,1.0858411159143765e-05,23.592552163090083,33.841481933977136,20.0,4.41252880779841e-06,6.686672015990269e-06,2.685501805555976e-06,1.3784702629344656e-05,0.0,Germany,DEU,baden-wurttemberg,,,Linux-7.0.0-31-generic-x86_64-with-glibc2.43,3.14.4,3.3.0,24,Intel(R) Core(TM) Ultra 9 285K,1,1 x NVIDIA GeForce RTX 5090,9.1827,48.767,60.81614303588867,machine,0.0,0.0,0.0,0.0,N
gradient_updates_0,2026-09-07T14:01:17,sac_Ant-v5_seed14577,2cbb4b1d-ee1f-4036-89f1-f996217cfd59,4.505361640999581,6.613907898772847e-05,1.4680126560904957e-05,25.11082285889049,45.79700438890153,20.0,3.143927237361788e-05,0.00011715037149799545,2.502652357222056e-05,0.0001736161674438339,0.0,Germany,DEU,baden-wurttemberg,,,Linux-7.0.0-31-generic-x86_64-with-glibc2.43,3.14.4,3.3.0,24,Intel(R) Core(TM) Ultra 9 285K,1,1 x NVIDIA GeForce RTX 5090,9.1827,48.767,60.81614303588867,machine,0.0,0.0,0.0,0.0,N
rollout_1,2026-09-07T14:01:18,sac_Ant-v5_seed14577,2cbb4b1d-ee1f-4036-89f1-f996217cfd59,0.36814389700066386,4.671783780646542e-06,1.2690271285183337e-05,25.250429618814067,50.48636665772329,20.0,2.6680793566852268e-06,7.552783820002906e-06,2.0426458944408556e-06,1.2263509071128989e-05,0.0,Germany,DEU,baden-wurttemberg,,,Linux-7.0.0-31-generic-x86_64-with-glibc2.43,3.14.4,3.3.0,24,Intel(R) Core(TM) Ultra 9 285K,1,1 x NVIDIA GeForce RTX 5090,9.1827,48.767,60.81614303588867,machine,0.0,0.0,0.0,0.0,N
gradient_updates_1,2026-09-07T14:01:22,sac_Ant-v5_seed14577,2cbb4b1d-ee1f-4036-89f1-f996217cfd59,4.2900123660001555,6.348275407458577e-05,1.47978196646291e-05,25.284165600614678,57.016691894262536,20.0,2.8183357546666954e-05,0.00011462870281400694,2.3831210605557173e-05,0.00016664327096623118,0.0,Germany,DEU,baden-wurttemberg,,,Linux-7.0.0-31-generic-x86_64-with-glibc2.43,3.14.4,3.3.0,24,Intel(R) Core(TM) Ultra 9 285K,1,1 x NVIDIA GeForce RTX 5090,9.1827,48.767,60.81614303588867,machine,0.0,0.0,0.0,0.0,N
rollout_2,2026-09-07T14:01:22,sac_Ant-v5_seed14577,2cbb4b1d-ee1f-4036-89f1-f996217cfd59,0.3633599980003055,4.560974456025227e-06,1.2551386619589954e-05,25.44990633082744,58.883021868303345,20.0,2.7005804938001754e-06,7.255561359997831e-06,2.0164909222229873e-06,1.1972632776021102e-05,0.0,Germany,DEU,baden-wurttemberg,,,Linux-7.0.0-31-generic-x86_64-with-glibc2.43,3.14.4,3.3.0,24,Intel(R) Core(TM) Ultra 9 285K,1,1 x NVIDIA GeForce RTX 5090,9.1827,48.767,60.81614303588867,machine,0.0,0.0,0.0,0.0,N
gradient_updates_2,2026-09-07T14:01:27,sac_Ant-v5_seed14577,2cbb4b1d-ee1f-4036-89f1-f996217cfd59,4.259136758999375,6.324017818534148e-05,1.4848140918795575e-05,25.54477909389223,62.92191996782815,20.0,2.968427735850626e-05,0.00011266231235200486,2.3659915566668147e-05,0.00016600650527717926,0.0,Germany,DEU,baden-wurttemberg,,,Linux-7.0.0-31-generic-x86_64-with-glibc2.43,3.14.4,3.3.0,24,Intel(R) Core(TM) Ultra 9 285K,1,1 x NVIDIA GeForce RTX 5090,9.1827,48.767,60.81614303588867,machine,0.0,0.0,0.0,0.0,N
rollout_3,2026-09-07T14:01:27,sac_Ant-v5_seed14577,2cbb4b1d-ee1f-4036-89f1-f996217cfd59,0.35049798100044427,4.9396693470540485e-06,1.4093306591195838e-05,26.345248308412163,64.5806580218461,20.0,3.2849740168663932e-06,7.736117299997347e-06,1.9456217611099873e-06,1.296671307797351e-05,0.0,Germany,DEU,baden-wurttemberg,,,Linux-7.0.0-31-generic-x86_64-with-glibc2.43,3.14.4,3.3.0,24,Intel(R) Core(TM) Ultra 9 285K,1,1 x NVIDIA GeForce RTX 5090,9.1827,48.767,60.81614303588867,machine,0.0,0.0,0.0,0.0,N
gradient_updates_3,2026-09-07T14:01:31,sac_Ant-v5_seed14577,2cbb4b1d-ee1f-4036-89f1-f996217cfd59,4.273308072999498,6.451784902673481e-05,1.5097900337385613e-05,26.85956324796938,67.51502519505105,20.0,3.06580575819837e-05,0.00011496425863799509,2.3738095977776327e-05,0.000169360412197755,0.0,Germany,DEU,baden-wurttemberg,,,Linux-7.0.0-31-generic-x86_64-with-glibc2.43,3.14.4,3.3.0,24,Intel(R) Core(TM) Ultra 9 285K,1,1 x NVIDIA GeForce RTX 5090,9.1827,48.767,60.81614303588867,machine,0.0,0.0,0.0,0.0,N
rollout_4,2026-09-07T14:01:32,sac_Ant-v5_seed14577,2cbb4b1d-ee1f-4036-89f1-f996217cfd59,0.35200265099956596,3.957014845880889e-06,1.1241181638247328e-05,27.394681443393125,66.28775783721106,20.0,3.2729873406175947e-06,5.159726349998617e-06,1.954515200001559e-06,1.0387228890617987e-05,0.0,Germany,DEU,baden-wurttemberg,,,Linux-7.0.0-31-generic-x86_64-with-glibc2.43,3.14.4,3.3.0,24,Intel(R) Core(TM) Ultra 9 285K,1,1 x NVIDIA GeForce RTX 5090,9.1827,48.767,60.81614303588867,machine,0.0,0.0,0.0,0.0,N
gradient_updates_4,2026-09-07T14:01:36,sac_Ant-v5_seed14577,2cbb4b1d-ee1f-4036-89f1-f996217cfd59,4.258431719999862,6.441294698651505e-05,1.512600251117436e-05,27.72803011410263,68.68264952517804,20.0,3.0198361936448204e-05,0.0001152309255180034,2.365575516666675e-05,0.00016908504262111825,0.0,Germany,DEU,baden-wurttemberg,,,Linux-7.0.0-31-generic-x86_64-with-glibc2.43,3.14.4,3.3.0,24,Intel(R) Core(TM) Ultra 9 285K,1,1 x NVIDIA GeForce RTX 5090,9.1827,48.767,60.81614303588867,machine,0.0,0.0,0.0,0.0,N
rollout_5,2026-09-07T14:01:36,sac_Ant-v5_seed14577,2cbb4b1d-ee1f-4036-89f1-f996217cfd59,0.35122116999991704,4.055258236136455e-06,1.1546083695780794e-05,28.125905208057468,67.75700144648717,20.0,3.2673248360828855e-06,5.429448787994118e-06,1.9483457777772764e-06,1.0645119401854388e-05,0.0,Germany,DEU,baden-wurttemberg,,,Linux-7.0.0-31-generic-x86_64-with-glibc2.43,3.14.4,3.3.0,24,Intel(R) Core(TM) Ultra 9 285K,1,1 x NVIDIA GeForce RTX 5090,9.1827,48.767,60.81614303588867,machine,0.0,0.0,0.0,0.0,N
gradient_updates_5,2026-09-07T14:01:40,sac_Ant-v5_seed14577,2cbb4b1d-ee1f-4036-89f1-f996217cfd59,4.130346222999833,6.356788797194039e-05,1.5390472108805412e-05,28.37219009918145,69.87519291245123,20.0,2.9738852957733597e-05,0.00011418370245801224,2.2944193427777812e-05,0.00016686674884352354,0.0,Germany,DEU,baden-wurttemberg,,,Linux-7.0.0-31-generic-x86_64-with-glibc2.43,3.14.4,3.3.0,24,Intel(R) Core(TM) Ultra 9 285K,1,1 x NVIDIA GeForce RTX 5090,9.1827,48.767,60.81614303588867,machine,0.0,0.0,0.0,0.0,N
rollout_6,2026-09-07T14:01:41,sac_Ant-v5_seed14577,2cbb4b1d-ee1f-4036-89f1-f996217cfd59,0.34956761000012193,3.944282132056732e-06,1.1282573295522552e-05,28.693713276652453,68.81658483966206,20.0,3.2738184523803393e-06,5.138892999995148e-06,1.9410938555564517e-06,1.0353805307932156e-05,0.0,Germany,DEU,baden-wurttemberg,,,Linux-7.0.0-31-generic-x86_64-with-glibc2.43,3.14.4,3.3.0,24,Intel(R) Core(TM) Ultra 9 285K,1,1 x NVIDIA GeForce RTX 5090,9.1827,48.767,60.81614303588867,machine,0.0,0.0,0.0,0.0,N
gradient_updates_6,2026-09-07T14:01:45,sac_Ant-v5_seed14577,2cbb4b1d-ee1f-4036-89f1-f996217cfd59,3.9885131830005776,6.132985351012818e-05,1.5376636699026438e-05,28.86032692602954,70.63647675096581,20.0,2.8326908494843983e-05,0.00011050925507399834,2.215570809444218e-05,0.0001609918716632846,0.0,Germany,DEU,baden-wurttemberg,,,Linux-7.0.0-31-generic-x86_64-with-glibc2.43,3.14.4,3.3.0,24,Intel(R) Core(TM) Ultra 9 285K,1,1 x NVIDIA GeForce RTX 5090,9.1827,48.767,60.81614303588867,machine,0.0,0.0,0.0,0.0,N
rollout_7,2026-09-07T14:01:45,sac_Ant-v5_seed14577,2cbb4b1d-ee1f-4036-89f1-f996217cfd59,0.34732312799951615,4.788250329786775e-06,1.3786065782403535e-05,29.12002581952586,70.9391607658277,20.0,3.2675962251885182e-06,7.365839226003423e-06,1.935800222220953e-06,1.2569235673413112e-05,0.0,Germany,DEU,baden-wurttemberg,,,Linux-7.0.0-31-generic-x86_64-with-glibc2.43,3.14.4,3.3.0,24,Intel(R) Core(TM) Ultra 9 285K,1,1 x NVIDIA GeForce RTX 5090,9.1827,48.767,60.81614303588867,machine,0.0,0.0,0.0,0.0,N
gradient_updates_7,2026-09-07T14:01:49,sac_Ant-v5_seed14577,2cbb4b1d-ee1f-4036-89f1-f996217cfd59,3.994204442999944,6.158211237537281e-05,1.5417899377187123e-05,29.2454767713237,72.48390875272456,20.0,2.820595756475308e-05,0.00011126064456400131,2.2187453194444763e-05,0.00016165405532319937,0.0,Germany,DEU,baden-wurttemberg,,,Linux-7.0.0-31-generic-x86_64-with-glibc2.43,3.14.4,3.3.0,24,Intel(R) Core(TM) Ultra 9 285K,1,1 x NVIDIA GeForce RTX 5090,9.1827,48.767,60.81614303588867,machine,0.0,0.0,0.0,0.0,N
rollout_8,2026-09-07T14:01:49,sac_Ant-v5_seed14577,2cbb4b1d-ee1f-4036-89f1-f996217cfd59,0.34922454099978495,3.969232064515108e-06,1.1365720135393983e-05,29.446440445575682,71.55931759673936,20.0,3.24552176308307e-06,5.235004188003378e-06,1.938773338886466e-06,1.0419299289972806e-05,0.0,Germany,DEU,baden-wurttemberg,,,Linux-7.0.0-31-generic-x86_64-with-glibc2.43,3.14.4,3.3.0,24,Intel(R) Core(TM) Ultra 9 285K,1,1 x NVIDIA GeForce RTX 5090,9.1827,48.767,60.81614303588867,machine,0.0,0.0,0.0,0.0,N
gradient_updates_8,2026-09-07T14:01:53,sac_Ant-v5_seed14577,2cbb4b1d-ee1f-4036-89f1-f996217cfd59,4.066383639000378,6.161920645824976e-05,1.5153346646927231e-05,29.52962903317977,72.9243168749576,20.0,2.589974821978064e-05,0.00011325231282399706,2.2599366855552546e-05,0.00016175142789933003,0.0,Germany,DEU,baden-wurttemberg,,,Linux-7.0.0-31-generic-x86_64-with-glibc2.43,3.14.4,3.3.0,24,Intel(R) Core(TM) Ultra 9 285K,1,1 x NVIDIA GeForce RTX 5090,9.1827,48.767,60.81614303588867,machine,0.0,0.0,0.0,0.0,N
rollout_9,2026-09-07T14:01:54,sac_Ant-v5_seed14577,2cbb4b1d-ee1f-4036-89f1-f996217cfd59,0.3739764120000473,4.573783792539022e-06,1.2229879925971948e-05,29.34615512993111,72.79286277099152,20.0,2.661501018089152e-06,7.269172481991215e-06,2.0755839944437693e-06,1.2006257494524136e-05,0.0,Germany,DEU,baden-wurttemberg,,,Linux-7.0.0-31-generic-x86_64-with-glibc2.43,3.14.4,3.3.0,24,Intel(R) Core(TM) Ultra 9 285K,1,1 x NVIDIA GeForce RTX 5090,9.1827,48.767,60.81614303588867,machine,0.0,0.0,0.0,0.0,N
gradient_updates_9,2026-09-07T14:01:58,sac_Ant-v5_seed14577,2cbb4b1d-ee1f-4036-89f1-f996217cfd59,4.000880027000676,6.180812402535336e-05,1.5448655552341478e-05,29.178677940891042,73.99713231008118,20.0,2.835084795843601e-05,0.00011167175600398926,2.2224735649999518e-05,0.0001622473396124249,0.0,Germany,DEU,baden-wurttemberg,,,Linux-7.0.0-31-generic-x86_64-with-glibc2.43,3.14.4,3.3.0,24,Intel(R) Core(TM) Ultra 9 285K,1,1 x NVIDIA GeForce RTX 5090,9.1827,48.767,60.81614303588867,machine,0.0,0.0,0.0,0.0,N
rollout_10,2026-09-07T14:01:58,sac_Ant-v5_seed14577,2cbb4b1d-ee1f-4036-89f1-f996217cfd59,0.35354567200010933,4.074055293384416e-06,1.152266068579794e-05,29.378571489683868,73.19550424733687,20.0,3.357453241516206e-06,5.3744487440027244e-06,1.962560000002742e-06,1.0694461985521781e-05,0.0,Germany,DEU,baden-wurttemberg,,,Linux-7.0.0-31-generic-x86_64-with-glibc2.43,3.14.4,3.3.0,24,Intel(R) Core(TM) Ultra 9 285K,1,1 x NVIDIA GeForce RTX 5090,9.1827,48.767,60.81614303588867,machine,0.0,0.0,0.0,0.0,N
gradient_updates_10,2026-09-07T14:02:02,sac_Ant-v5_seed14577,2cbb4b1d-ee1f-4036-89f1-f996217cfd59,4.00667364399942,6.206250950736283e-05,1.548978930849847e-05,29.49871854404539,74.28245134733082,20.0,2.895918094510813e-05,0.00011169870047002262,2.2257224261107325e-05,0.00016291510567623818,0.0,Germany,DEU,baden-wurttemberg,,,Linux-7.0.0-31-generic-x86_64-with-glibc2.43,3.14.4,3.3.0,24,Intel(R) Core(TM) Ultra 9 285K,1,1 x NVIDIA GeForce RTX 5090,9.1827,48.767,60.81614303588867,machine,0.0,0.0,0.0,0.0,N
rollout_11,2026-09-07T14:02:03,sac_Ant-v5_seed14577,2cbb4b1d-ee1f-4036-89f1-f996217cfd59,0.3490934709998328,4.979789513653897e-06,1.4264630792253139e-05,29.671902743810396,74.52698104440195,20.0,3.3163565419727647e-06,7.817228475995308e-06,1.9384441555555902e-06,1.3072029173523663e-05,0.0,Germany,DEU,baden-wurttemberg,,,Linux-7.0.0-31-generic-x86_64-with-glibc2.43,3.14.4,3.3.0,24,Intel(R) Core(TM) Ultra 9 285K,1,1 x NVIDIA GeForce RTX 5090,9.1827,48.767,60.81614303588867,machine,0.0,0.0,0.0,0.0,N
gradient_updates_11,2026-09-07T14:02:07,sac_Ant-v5_seed14577,2cbb4b1d-ee1f-4036-89f1-f996217cfd59,3.989090811999631,6.197588469302124e-05,1.5536373985082775e-05,29.754562574827983,75.51520254474838,20.0,2.8392334658289275e-05,0.00011213647859799336,2.2158900861111606e-05,0.00016268771411739403,0.0,Germany,DEU,baden-wurttemberg,,,Linux-7.0.0-31-generic-x86_64-with-glibc2.43,3.14.4,3.3.0,24,Intel(R) Core(TM) Ultra 9 285K,1,1 x NVIDIA GeForce RTX 5090,9.1827,48.767,60.81614303588867,machine,0.0,0.0,0.0,0.0,N
rollout_12,2026-09-07T14:02:07,sac_Ant-v5_seed14577,2cbb4b1d-ee1f-4036-89f1-f996217cfd59,0.3581655199996021,3.763340018255899e-06,1.0507401669345745e-05,29.64268057840587,74.69635643239268,20.0,2.6632474083784774e-06,5.227781960007172e-06,1.987799922219236e-06,9.878829290604994e-06,0.0,Germany,DEU,baden-wurttemberg,,,Linux-7.0.0-31-generic-x86_64-with-glibc2.43,3.14.4,3.3.0,24,Intel(R) Core(TM) Ultra 9 285K,1,1 x NVIDIA GeForce RTX 5090,9.1827,48.767,60.81614303588867,machine,0.0,0.0,0.0,0.0,N
gradient_updates_12,2026-09-07T14:02:11,sac_Ant-v5_seed14577,2cbb4b1d-ee1f-4036-89f1-f996217cfd59,3.9865328119994956,6.171951278435665e-05,1.5482038111406312e-05,29.529545302955622,75.5937497436561,20.0,2.834242184059088e-05,0.00011152703366598682,2.2145278144444108e-05,0.00016201473365102127,0.0,Germany,DEU,baden-wurttemberg,,,Linux-7.0.0-31-generic-x86_64-with-glibc2.43,3.14.4,3.3.0,24,Intel(R) Core(TM) Ultra 9 285K,1,1 x NVIDIA GeForce RTX 5090,9.1827,48.767,60.81614303588867,machine,0.0,0.0,0.0,0.0,N
rollout_13,2026-09-07T14:02:11,sac_Ant-v5_seed14577,2cbb4b1d-ee1f-4036-89f1-f996217cfd59,0.34983553199981543,4.988375243427951e-06,1.425907339500744e-05,29.672555072155603,75.76639695408821,20.0,3.3057262556895894e-06,7.846395166016817e-06,1.942445433334968e-06,1.3094566855041158e-05,0.0,Germany,DEU,baden-wurttemberg,,,Linux-7.0.0-31-generic-x86_64-with-glibc2.43,3.14.4,3.3.0,24,Intel(R) Core(TM) Ultra 9 285K,1,1 x NVIDIA GeForce RTX 5090,9.1827,48.767,60.81614303588867,machine,0.0,0.0,0.0,0.0,N
gradient_updates_13,2026-09-07T14:02:15,sac_Ant-v5_seed14577,2cbb4b1d-ee1f-4036-89f1-f996217cfd59,4.064882253999713,6.09595700900808e-05,1.4996679556516864e-05,29.736950810887723,76.50418879016357,20.0,2.605889723598931e-05,0.00011137814465800311,2.2582829716667275e-05,0.00016001987161065948,0.0,Germany,DEU,baden-wurttemberg,,,Linux-7.0.0-31-generic-x86_64-with-glibc2.43,3.14.4,3.3.0,24,Intel(R) Core(TM) Ultra 9 285K,1,1 x NVIDIA GeForce RTX 5090,9.1827,48.767,60.81614303588867,machine,0.0,0.0,0.0,0.0,N
rollout_14,2026-09-07T14:02:16,sac_Ant-v5_seed14577,2cbb4b1d-ee1f-4036-89f1-f996217cfd59,0.36597492700002476,4.819920216748595e-06,1.3169159691100811e-05,29.62876712062162,76.55345481881521,20.0,2.685915204289624e-06,7.934450791988179e-06,2.032003649997524e-06,1.2652369646275544e-05,0.0,Germany,DEU,baden-wurttemberg,,,Linux-7.0.0-31-generic-x86_64-with-glibc2.43,3.14.4,3.3.0,24,Intel(R) Core(TM) Ultra 9 285K,1,1 x NVIDIA GeForce RTX 5090,9.1827,48.767,60.81614303588867,machine,0.0,0.0,0.0,0.0,N
gradient_updates_14,2026-09-07T14:02:20,sac_Ant-v5_seed14577,2cbb4b1d-ee1f-4036-89f1-f996217cfd59,3.980020539999714,6.21994321249261e-05,1.5627938713703836e-05,29.528864273119986,77.2997331283169,20.0,2.9315269563304214e-05,0.00011185064503599351,2.2108615194444282e-05,0.00016327452979374244,0.0,Germany,DEU,baden-wurttemberg,,,Linux-7.0.0-31-generic-x86_64-with-glibc2.43,3.14.4,3.3.0,24,Intel(R) Core(TM) Ultra 9 285K,1,1 x NVIDIA GeForce RTX 5090,9.1827,48.767,60.81614303588867,machine,0.0,0.0,0.0,0.0,N
rollout_15,2026-09-07T14:02:20,sac_Ant-v5_seed14577,2cbb4b1d-ee1f-4036-89f1-f996217cfd59,0.3521840080002221,4.143884343519493e-06,1.1765946719280556e-05,29.679193160328968,76.6728597693096,20.0,3.420523014198429e-06,5.494726618010537e-06,1.9625147555567485e-06,1.087776438776604e-05,0.0,Germany,DEU,baden-wurttemberg,,,Linux-7.0.0-31-generic-x86_64-with-glibc2.43,3.14.4,3.3.0,24,Intel(R) Core(TM) Ultra 9 285K,1,1 x NVIDIA GeForce RTX 5090,9.1827,48.767,60.81614303588867,machine,0.0,0.0,0.0,0.0,N
gradient_updates_15,2026-09-07T14:02:24,sac_Ant-v5_seed14577,2cbb4b1d-ee1f-4036-89f1-f996217cfd59,3.9818643810003778,6.21587258526179e-05,1.561048706548816e-05,29.761611490969276,77.3731433943437,20.0,2.9143048869979815e-05,0.00011190564507999878,2.2118981211113127e-05,0.00016316767516109162,0.0,Germany,DEU,baden-wurttemberg,,,Linux-7.0.0-31-generic-x86_64-with-glibc2.43,3.14.4,3.3.0,24,Intel(R) Core(TM) Ultra 9 285K,1,1 x NVIDIA GeForce RTX 5090,9.1827,48.767,60.81614303588867,machine,0.0,0.0,0.0,0.0,N
rollout_16,2026-09-07T14:02:24,sac_Ant-v5_seed14577,2cbb4b1d-ee1f-4036-89f1-f996217cfd59,0.3516001040006813,4.977178724378589e-06,1.4155893074191814e-05,29.873243377227652,77.43253836436715,20.0,3.326596550168315e-06,7.781672892004377e-06,1.9569063666696578e-06,1.3065175808842783e-05,0.0,Germany,DEU,baden-wurttemberg,,,Linux-7.0.0-31-generic-x86_64-with-glibc2.43,3.14.4,3.3.0,24,Intel(R) Core(TM) Ultra 9 285K,1,1 x NVIDIA GeForce RTX 5090,9.1827,48.767,60.81614303588867,machine,0.0,0.0,0.0,0.0,N
gradient_updates_16,2026-09-07T14:02:28,sac_Ant-v5_seed14577,2cbb4b1d-ee1f-4036-89f1-f996217cfd59,3.9971927779997714,6.171638141001779e-05,1.543995112423909e-05,29.91838891547099,78.07153045611163,20.0,2.7586994291797784e-05,0.00011221564532798434,2.220387412222506e-05,0.0001620065137420074,0.0,Germany,DEU,baden-wurttemberg,,,Linux-7.0.0-31-generic-x86_64-with-glibc2.43,3.14.4,3.3.0,24,Intel(R) Core(TM) Ultra 9 285K,1,1 x NVIDIA GeForce RTX 5090,9.1827,48.767,60.81614303588867,machine,0.0,0.0,0.0,0.0,N
rollout_17,2026-09-07T14:02:29,sac_Ant-v5_seed14577,2cbb4b1d-ee1f-4036-89f1-f996217cfd59,0.3636904169998161,4.631329330914268e-06,1.2734105927380832e-05,29.85363644701486,77.93172571386323,20.0,2.7894205648637538e-06,7.348339212009947e-06,2.0195556999977587e-06,1.2157315476871676e-05,0.0,Germany,DEU,baden-wurttemberg,,,Linux-7.0.0-31-generic-x86_64-with-glibc2.43,3.14.4,3.3.0,24,Intel(R) Core(TM) Ultra 9 285K,1,1 x NVIDIA GeForce RTX 5090,9.1827,48.767,60.81614303588867,machine,0.0,0.0,0.0,0.0,N
gradient_updates_17,2026-09-07T14:02:33,sac_Ant-v5_seed14577,2cbb4b1d-ee1f-4036-89f1-f996217cfd59,3.988489393999771,6.137695029665205e-05,1.5388546280975702e-05,29.782996976997076,78.48208946245434,20.0,2.8844367242146507e-05,0.00011011481031400483,2.2156323944444792e-05,0.00016111550150059613,0.0,Germany,DEU,baden-wurttemberg,,,Linux-7.0.0-31-generic-x86_64-with-glibc2.43,3.14.4,3.3.0,24,Intel(R) Core(TM) Ultra 9 285K,1,1 x NVIDIA GeForce RTX 5090,9.1827,48.767,60.81614303588867,machine,0.0,0.0,0.0,0.0,N
rollout_18,2026-09-07T14:02:33,sac_Ant-v5_seed14577,2cbb4b1d-ee1f-4036-89f1-f996217cfd59,0.34959204200004024,5.063776162029642e-06,1.448406743232735e-05,29.88682621724147,78.59001712452671,20.0,3.3145929294459142e-06,8.036950873979709e-06,1.9409516999985103e-06,1.3292495503424567e-05,0.0,Germany,DEU,baden-wurttemberg,,,Linux-7.0.0-31-generic-x86_64-with-glibc2.43,3.14.4,3.3.0,24,Intel(R) Core(TM) Ultra 9 285K,1,1 x NVIDIA GeForce RTX 5090,9.1827,48.767,60.81614303588867,machine,0.0,0.0,0.0,0.0,N
gradient_updates_18,2026-09-07T14:02:37,sac_Ant-v5_seed14577,2cbb4b1d-ee1f-4036-89f1-f996217cfd59,3.987492812999335,6.238101846222483e-05,1.5644196416327164e-05,29.939039761683027,79.1496255363724,20.0,2.9147355262312824e-05,0.00011245342329600783,2.215041835000001e-05,0.00016375119690832055,0.0,Germany,DEU,baden-wurttemberg,,,Linux-7.0.0-31-generic-x86_64-with-glibc2.43,3.14.4,3.3.0,24,Intel(R) Core(TM) Ultra 9 285K,1,1 x NVIDIA GeForce RTX 5090,9.1827,48.767,60.81614303588867,machine,0.0,0.0,0.0,0.0,N
rollout_19,2026-09-07T14:02:37,sac_Ant-v5_seed14577,2cbb4b1d-ee1f-4036-89f1-f996217cfd59,0.35124484700008907,4.119146230169811e-06,1.1727129040909827e-05,30.034414367109953,78.61522287762956,20.0,3.331275998358363e-06,5.531115536000497e-06,1.9504349000019905e-06,1.081282643436085e-05,0.0,Germany,DEU,baden-wurttemberg,,,Linux-7.0.0-31-generic-x86_64-with-glibc2.43,3.14.4,3.3.0,24,Intel(R) Core(TM) Ultra 9 285K,1,1 x NVIDIA GeForce RTX 5090,9.1827,48.767,60.81614303588867,machine,0.0,0.0,0.0,0.0,N
gradient_updates_19,2026-09-07T14:02:41,sac_Ant-v5_seed14577,2cbb4b1d-ee1f-4036-89f1-f996217cfd59,3.987060620000193,6.18281906019833e-05,1.5507270450274195e-05,30.07491419914818,79.14221272643948,20.0,2.79999812888565e-05,0.00011215258972199771,2.214744369444417e-05,0.00016230001470529838,0.0,Germany,DEU,baden-wurttemberg,,,Linux-7.0.0-31-generic-x86_64-with-glibc2.43,3.14.4,3.3.0,24,Intel(R) Core(TM) Ultra 9 285K,1,1 x NVIDIA GeForce RTX 5090,9.1827,48.767,60.81614303588867,machine,0.0,0.0,0.0,0.0,N
rollout_20,2026-09-07T14:02:42,sac_Ant-v5_seed14577,2cbb4b1d-ee1f-4036-89f1-f996217cfd59,0.36467493300006026,4.883219120913919e-06,1.3390523855016727e-05,30.033612842963223,79.12146654093051,20.0,2.8783281359884283e-06,7.916672999999652e-06,2.0235291722252215e-06,1.2818530308213519e-05,0.0,Germany,DEU,baden-wurttemberg,,,Linux-7.0.0-31-generic-x86_64-with-glibc2.43,3.14.4,3.3.0,24,Intel(R) Core(TM) Ultra 9 285K,1,1 x NVIDIA GeForce RTX 5090,9.1827,48.767,60.81614303588867,machine,0.0,0.0,0.0,0.0,N
gradient_updates_20,2026-09-07T14:02:46,sac_Ant-v5_seed14577,2cbb4b1d-ee1f-4036-89f1-f996217cfd59,4.003570201000002,6.249824423200986e-05,1.56106461651079e-05,29.98375925180986,79.6209296417205,20.0,2.884073890590394e-05,0.00011297814593801137,2.2240031633337853e-05,0.00016405891647725337,0.0,Germany,DEU,baden-wurttemberg,,,Linux-7.0.0-31-generic-x86_64-with-glibc2.43,3.14.4,3.3.0,24,Intel(R) Core(TM) Ultra 9 285K,1,1 x NVIDIA GeForce RTX 5090,9.1827,48.767,60.81614303588867,machine,0.0,0.0,0.0,0.0,N
rollout_21,2026-09-07T14:02:46,sac_Ant-v5_seed14577,2cbb4b1d-ee1f-4036-89f1-f996217cfd59,0.35006967000026634,4.934526311341572e-06,1.409596088026982e-05,30.06889274981323,79.61934970209592,20.0,3.315237374408586e-06,7.701950605995544e-06,1.9360245444455942e-06,1.2953212524849725e-05,0.0,Germany,DEU,baden-wurttemberg,,,Linux-7.0.0-31-generic-x86_64-with-glibc2.43,3.14.4,3.3.0,24,Intel(R) Core(TM) Ultra 9 285K,1,1 x NVIDIA GeForce RTX 5090,9.1827,48.767,60.81614303588867,machine,0.0,0.0,0.0,0.0,N
gradient_updates_21,2026-09-07T14:02:50,sac_Ant-v5_seed14577,2cbb4b1d-ee1f-4036-89f1-f996217cfd59,3.991854703000172,6.163261117503272e-05,1.543961253668501e-05,30.10855372082887,80.05024033187121,20.0,2.8880462548806773e-05,0.00011073175525200263,2.2174397699998606e-05,0.000161786615500808,0.0,Germany,DEU,baden-wurttemberg,,,Linux-7.0.0-31-generic-x86_64-with-glibc2.43,3.14.4,3.3.0,24,Intel(R) Core(TM) Ultra 9 285K,1,1 x NVIDIA GeForce RTX 5090,9.1827,48.767,60.81614303588867,machine,0.0,0.0,0.0,0.0,N
rollout_22,2026-09-07T14:02:50,sac_Ant-v5_seed14577,2cbb4b1d-ee1f-4036-89f1-f996217cfd59,0.3480212679996839,4.055336981630738e-06,1.1651991898168231e-05,30.18576176437252,79.55292881501916,20.0,3.2878904080851923e-06,5.426115451984126e-06,1.9313202499992004e-06,1.0645326110068735e-05,0.0,Germany,DEU,baden-wurttemberg,,,Linux-7.0.0-31-generic-x86_64-with-glibc2.43,3.14.4,3.3.0,24,Intel(R) Core(TM) Ultra 9 285K,1,1 x NVIDIA GeForce RTX 5090,9.1827,48.767,60.81614303588867,machine,0.0,0.0,0.0,0.0,N
gradient_updates_22,2026-09-07T14:02:55,sac_Ant-v5_seed14577,2cbb4b1d-ee1f-4036-89f1-f996217cfd59,4.105493349000426,6.35620508818097e-05,1.5482231535770068e-05,30.22900736085695,79.97100517414852,20.0,2.9968548141481866e-05,0.00011407675792801664,2.2806120316666567e-05,0.00016685142638616507,0.0,Germany,DEU,baden-wurttemberg,,,Linux-7.0.0-31-generic-x86_64-with-glibc2.43,3.14.4,3.3.0,24,Intel(R) Core(TM) Ultra 9 285K,1,1 x NVIDIA GeForce RTX 5090,9.1827,48.767,60.81614303588867,machine,0.0,0.0,0.0,0.0,N
rollout_23,2026-09-07T14:02:55,sac_Ant-v5_seed14577,2cbb4b1d-ee1f-4036-89f1-f996217cfd59,0.36080642199976865,4.683639173522821e-06,1.2981106895080623e-05,30.152502920091216,79.89476396367816,20.0,2.661314629046063e-06,7.630006104000775e-06,2.003308938886613e-06,1.2294629671933018e-05,0.0,Germany,DEU,baden-wurttemberg,,,Linux-7.0.0-31-generic-x86_64-with-glibc2.43,3.14.4,3.3.0,24,Intel(R) Core(TM) Ultra 9 285K,1,1 x NVIDIA GeForce RTX 5090,9.1827,48.767,60.81614303588867,machine,0.0,0.0,0.0,0.0,N
gradient_updates_23,2026-09-07T14:02:59,sac_Ant-v5_seed14577,2cbb4b1d-ee1f-4036-89f1-f996217cfd59,3.9897193550004886,6.254975048475536e-05,1.567777275213735e-05,30.076818819638646,80.33103099357831,20.0,2.8793589423738164e-05,0.00011323036836199951,2.2170163450002407e-05,0.00016419412123574052,0.0,Germany,DEU,baden-wurttemberg,,,Linux-7.0.0-31-generic-x86_64-with-glibc2.43,3.14.4,3.3.0,24,Intel(R) Core(TM) Ultra 9 285K,1,1 x NVIDIA GeForce RTX 5090,9.1827,48.767,60.81614303588867,machine,0.0,0.0,0.0,0.0,N
rollout_24,2026-09-07T14:02:59,sac_Ant-v5_seed14577,2cbb4b1d-ee1f-4036-89f1-f996217cfd59,0.3506533950003359,4.061875216337853e-06,1.158347379893385e-05,30.151299461383935,79.85055748391612,20.0,3.326257661008525e-06,5.3891709779901875e-06,1.947060444444995e-06,1.0662489083443707e-05,0.0,Germany,DEU,baden-wurttemberg,,,Linux-7.0.0-31-generic-x86_64-with-glibc2.43,3.14.4,3.3.0,24,Intel(R) Core(TM) Ultra 9 285K,1,1 x NVIDIA GeForce RTX 5090,9.1827,48.767,60.81614303588867,machine,0.0,0.0,0.0,0.0,N
gradient_updates_24,2026-09-07T14:03:03,sac_Ant-v5_seed14577,2cbb4b1d-ee1f-4036-89f1-f996217cfd59,3.987653651999608,6.22243837834313e-05,1.5604290362294706e-05,30.182573171094273,80.26988351417359,20.0,2.8133376673344923e-05,0.00011305564600000428,2.215100563333493e-05,0.00016334002830668392,0.0,Germany,DEU,baden-wurttemberg,,,Linux-7.0.0-31-generic-x86_64-with-glibc2.43,3.14.4,3.3.0,24,Intel(R) Core(TM) Ultra 9 285K,1,1 x NVIDIA GeForce RTX 5090,9.1827,48.767,60.81614303588867,machine,0.0,0.0,0.0,0.0,N
rollout_25,2026-09-07T14:03:04,sac_Ant-v5_seed14577,2cbb4b1d-ee1f-4036-89f1-f996217cfd59,0.347929469000519,4.8965688097366185e-06,1.40732344323226e-05,30.241254313896253,80.25638603906113,20.0,3.242164815946136e-06,7.680561700001975e-06,1.9308469444442953e-06,1.285357346039219e-05,0.0,Germany,DEU,baden-wurttemberg,,,Linux-7.0.0-31-generic-x86_64-with-glibc2.43,3.14.4,3.3.0,24,Intel(R) Core(TM) Ultra 9 285K,1,1 x NVIDIA GeForce RTX 5090,9.1827,48.767,60.81614303588867,machine,0.0,0.0,0.0,0.0,N
gradient_updates_25,2026-09-07T14:03:08,sac_Ant-v5_seed14577,2cbb4b1d-ee1f-4036-89f1-f996217cfd59,4.034830393000448,6.164665600118463e-05,1.527865238413948e-05,30.260970965433426,80.63641701794927,20.0,2.6040993610559893e-05,0.0001133687018059909,2.2413787983330486e-05,0.00016182348339988106,0.0,Germany,DEU,baden-wurttemberg,,,Linux-7.0.0-31-generic-x86_64-with-glibc2.43,3.14.4,3.3.0,24,Intel(R) Core(TM) Ultra 9 285K,1,1 x NVIDIA GeForce RTX 5090,9.1827,48.767,60.81614303588867,machine,0.0,0.0,0.0,0.0,N
rollout_26,2026-09-07T14:03:08,sac_Ant-v5_seed14577,2cbb4b1d-ee1f-4036-89f1-f996217cfd59,0.3593371720007781,4.760680849291796e-06,1.324753898303558e-05,30.202470708546734,80.59130668670774,20.0,2.7087863336897056e-06,7.793061789995726e-06,1.9950172111141227e-06,1.2496865334799337e-05,0.0,Germany,DEU,baden-wurttemberg,,,Linux-7.0.0-31-generic-x86_64-with-glibc2.43,3.14.4,3.3.0,24,Intel(R) Core(TM) Ultra 9 285K,1,1 x NVIDIA GeForce RTX 5090,9.1827,48.767,60.81614303588867,machine,0.0,0.0,0.0,0.0,N
gradient_updates_26,2026-09-07T14:03:12,sac_Ant-v5_seed14577,2cbb4b1d-ee1f-4036-89f1-f996217cfd59,3.9889207040005203,6.193895786786889e-05,1.5527769583378044e-05,30.14241528931638,80.94181819308034,20.0,2.9003889036420538e-05,0.00011142814469800033,2.215874686111309e-05,0.00016259078059553417,0.0,Germany,DEU,baden-wurttemberg,,,Linux-7.0.0-31-generic-x86_64-with-glibc2.43,3.14.4,3.3.0,24,Intel(R) Core(TM) Ultra 9 285K,1,1 x NVIDIA GeForce RTX 5090,9.1827,48.767,60.81614303588867,machine,0.0,0.0,0.0,0.0,N
rollout_27,2026-09-07T14:03:12,sac_Ant-v5_seed14577,2cbb4b1d-ee1f-4036-89f1-f996217cfd59,0.3520965640000213,4.145814756454248e-06,1.1774644970727406e-05,30.21803324498219,80.52172604784816,20.0,3.3964649393952717e-06,5.531393313995547e-06,1.9549735000004217e-06,1.088283175339124e-05,0.0,Germany,DEU,baden-wurttemberg,,,Linux-7.0.0-31-generic-x86_64-with-glibc2.43,3.14.4,3.3.0,24,Intel(R) Core(TM) Ultra 9 285K,1,1 x NVIDIA GeForce RTX 5090,9.1827,48.767,60.81614303588867,machine,0.0,0.0,0.0,0.0,N
gradient_updates_27,2026-09-07T14:03:16,sac_Ant-v5_seed14577,2cbb4b1d-ee1f-4036-89f1-f996217cfd59,4.012319201000537,6.277187801471962e-05,1.5644791774174976e-05,30.261523750504516,80.88632741942007,20.0,2.8776957465989628e-05,0.00011371147985798913,2.2288772322220582e-05,0.00016477720964619934,0.0,Germany,DEU,baden-wurttemberg,,,Linux-7.0.0-31-generic-x86_64-with-glibc2.43,3.14.4,3.3.0,24,Intel(R) Core(TM) Ultra 9 285K,1,1 x NVIDIA GeForce RTX 5090,9.1827,48.767,60.81614303588867,machine,0.0,0.0,0.0,0.0,N
rollout_28,2026-09-07T14:03:17,sac_Ant-v5_seed14577,2cbb4b1d-ee1f-4036-89f1-f996217cfd59,0.3537234470004478,5.09864561360927e-06,1.4413865780819139e-05,30.317976984334955,80.91775439034008,20.0,3.3254437714624885e-06,8.1013953699971e-06,1.9571892444420792e-06,1.3384028385902101e-05,0.0,Germany,DEU,baden-wurttemberg,,,Linux-7.0.0-31-generic-x86_64-with-glibc2.43,3.14.4,3.3.0,24,Intel(R) Core(TM) Ultra 9 285K,1,1 x NVIDIA GeForce RTX 5090,9.1827,48.767,60.81614303588867,machine,0.0,0.0,0.0,0.0,N
gradient_updates_28,2026-09-07T14:03:21,sac_Ant-v5_seed14577,2cbb4b1d-ee1f-4036-89f1-f996217cfd59,4.006553131000146,6.26880197345291e-05,1.5646419942947267e-05,30.344220175032458,81.27743136666177,20.0,2.7836101991092488e-05,0.00011446453601601791,2.225644227777995e-05,0.00016455708028489079,0.0,Germany,DEU,baden-wurttemberg,,,Linux-7.0.0-31-generic-x86_64-with-glibc2.43,3.14.4,3.3.0,24,Intel(R) Core(TM) Ultra 9 285K,1,1 x NVIDIA GeForce RTX 5090,9.1827,48.767,60.81614303588867,machine,0.0,0.0,0.0,0.0,N
rollout_29,2026-09-07T14:03:21,sac_Ant-v5_seed14577,2cbb4b1d-ee1f-4036-89f1-f996217cfd59,0.3583852300007493,3.973103071255521e-06,1.1086036751021755e-05,30.287248754415444,80.89934838801337,20.0,2.6843890919628355e-06,5.755282381988969e-06,1.989789272223083e-06,1.0429460746174887e-05,0.0,Germany,DEU,baden-wurttemberg,,,Linux-7.0.0-31-generic-x86_64-with-glibc2.43,3.14.4,3.3.0,24,Intel(R) Core(TM) Ultra 9 285K,1,1 x NVIDIA GeForce RTX 5090,9.1827,48.767,60.81614303588867,machine,0.0,0.0,0.0,0.0,N
gradient_updates_29,2026-09-07T14:03:25,sac_Ant-v5_seed14577,2cbb4b1d-ee1f-4036-89f1-f996217cfd59,4.007312294999792,6.42610566204925e-05,1.603596924560838e-05,30.23195809317887,81.27881791985624,20.0,2.9815739963683086e-05,0.0001166170377379927,2.225355021666679e-05,0.00016868632791834214,0.0,Germany,DEU,baden-wurttemberg,,,Linux-7.0.0-31-generic-x86_64-with-glibc2.43,3.14.4,3.3.0,24,Intel(R) Core(TM) Ultra 9 285K,1,1 x NVIDIA GeForce RTX 5090,9.1827,48.767,60.81614303588867,machine,0.0,0.0,0.0,0.0,N
rollout_30,2026-09-07T14:03:25,sac_Ant-v5_seed14577,2cbb4b1d-ee1f-4036-89f1-f996217cfd59,0.35781585200038535,4.1830112022947855e-06,1.1689818982718934e-05,30.294506846375043,80.88492630369626,20.0,3.4233032941977104e-06,5.570560012005399e-06,1.986609727777644e-06,1.0980473033980753e-05,0.0,Germany,DEU,baden-wurttemberg,,,Linux-7.0.0-31-generic-x86_64-with-glibc2.43,3.14.4,3.3.0,24,Intel(R) Core(TM) Ultra 9 285K,1,1 x NVIDIA GeForce RTX 5090,9.1827,48.767,60.81614303588867,machine,0.0,0.0,0.0,0.0,N
gradient_updates_30,2026-09-07T14:03:30,sac_Ant-v5_seed14577,2cbb4b1d-ee1f-4036-89f1-f996217cfd59,4.047841571999925,6.430609886514792e-05,1.5886542032186367e-05,30.331380950793257,81.2345527498606,20.0,2.9829727197103195e-05,0.00011648925985799363,2.248557749444445e-05,0.0001688045645495415,0.0,Germany,DEU,baden-wurttemberg,,,Linux-7.0.0-31-generic-x86_64-with-glibc2.43,3.14.4,3.3.0,24,Intel(R) Core(TM) Ultra 9 285K,1,1 x NVIDIA GeForce RTX 5090,9.1827,48.767,60.81614303588867,machine,0.0,0.0,0.0,0.0,N
rollout_31,2026-09-07T14:03:30,sac_Ant-v5_seed14577,2cbb4b1d-ee1f-4036-89f1-f996217cfd59,0.3481870239993441,4.0771132432532164e-06,1.1709286899202216e-05,30.379419692787245,80.86709433489989,20.0,3.2592714963100566e-06,5.509726630006928e-06,1.933491027779821e-06,1.0702489154097022e-05,0.0,Germany,DEU,baden-wurttemberg,,,Linux-7.0.0-31-generic-x86_64-with-glibc2.43,3.14.4,3.3.0,24,Intel(R) Core(TM) Ultra 9 285K,1,1 x NVIDIA GeForce RTX 5090,9.1827,48.767,60.81614303588867,machine,0.0,0.0,0.0,0.0,N
gradient_updates_31,2026-09-07T14:03:34,sac_Ant-v5_seed14577,2cbb4b1d-ee1f-4036-89f1-f996217cfd59,4.036096859999816,6.358587640106382e-05,1.5754352821186718e-05,30.401602546640863,81.20613540908607,20.0,2.8401676610209647e-05,0.00011609648176599818,2.2415810388889046e-05,0.0001669139687650971,0.0,Germany,DEU,baden-wurttemberg,,,Linux-7.0.0-31-generic-x86_64-with-glibc2.43,3.14.4,3.3.0,24,Intel(R) Core(TM) Ultra 9 285K,1,1 x NVIDIA GeForce RTX 5090,9.1827,48.767,60.81614303588867,machine,0.0,0.0,0.0,0.0,N
rollout_32,2026-09-07T14:03:34,sac_Ant-v5_seed14577,2cbb4b1d-ee1f-4036-89f1-f996217cfd59,0.34998646500025643,4.0741721961607205e-06,1.1641042078182848e-05,30.444862284907018,80.84313240136177,20.0,3.2606959418923775e-06,5.491393282000545e-06,1.9426796333339887e-06,1.0694768857227345e-05,0.0,Germany,DEU,baden-wurttemberg,,,Linux-7.0.0-31-generic-x86_64-with-glibc2.43,3.14.4,3.3.0,24,Intel(R) Core(TM) Ultra 9 285K,1,1 x NVIDIA GeForce RTX 5090,9.1827,48.767,60.81614303588867,machine,0.0,0.0,0.0,0.0,N
gradient_updates_32,2026-09-07T14:03:38,sac_Ant-v5_seed14577,2cbb4b1d-ee1f-4036-89f1-f996217cfd59,4.024962473999949,6.248198704620744e-05,1.5523632307534918e-05,30.464344778072824,81.13756536136205,20.0,2.860588982913498e-05,0.00011305814600200137,2.235220526666435e-05,0.0001640162410978009,0.0,Germany,DEU,baden-wurttemberg,,,Linux-7.0.0-31-generic-x86_64-with-glibc2.43,3.14.4,3.3.0,24,Intel(R) Core(TM) Ultra 9 285K,1,1 x NVIDIA GeForce RTX 5090,9.1827,48.767,60.81614303588867,machine,0.0,0.0,0.0,0.0,N
rollout_33,2026-09-07T14:03:39,sac_Ant-v5_seed14577,2cbb4b1d-ee1f-4036-89f1-f996217cfd59,0.34933186900070723,5.112035408581274e-06,1.4633515234095899e-05,30.50622625294608,81.18945290023741,20.0,3.2594920520365167e-06,8.220562132010834e-06,1.939122633333023e-06,1.3419176817380807e-05,0.0,Germany,DEU,baden-wurttemberg,,,Linux-7.0.0-31-generic-x86_64-with-glibc2.43,3.14.4,3.3.0,24,Intel(R) Core(TM) Ultra 9 285K,1,1 x NVIDIA GeForce RTX 5090,9.1827,48.767,60.81614303588867,machine,0.0,0.0,0.0,0.0,N
gradient_updates_33,2026-09-07T14:03:43,sac_Ant-v5_seed14577,2cbb4b1d-ee1f-4036-89f1-f996217cfd59,4.016352255000129,6.235354889950811e-05,1.552494400558844e-05,30.523628702850065,81.47669614593806,20.0,2.8044689380182786e-05,0.0001133234239919928,2.2310975483338198e-05,0.000163679088855514,0.0,Germany,DEU,baden-wurttemberg,,,Linux-7.0.0-31-generic-x86_64-with-glibc2.43,3.14.4,3.3.0,24,Intel(R) Core(TM) Ultra 9 285K,1,1 x NVIDIA GeForce RTX 5090,9.1827,48.767,60.81614303588867,machine,0.0,0.0,0.0,0.0,N
rollout_34,2026-09-07T14:03:43,sac_Ant-v5_seed14577,2cbb4b1d-ee1f-4036-89f1-f996217cfd59,0.3480079430000842,4.894282908755963e-06,1.4062745939261237e-05,30.560970287338844,81.45031961832889,20.0,3.2293475834763163e-06,7.686672816004103e-06,1.931552533334128e-06,1.2847572932814764e-05,0.0,Germany,DEU,baden-wurttemberg,,,Linux-7.0.0-31-generic-x86_64-with-glibc2.43,3.14.4,3.3.0,24,Intel(R) Core(TM) Ultra 9 285K,1,1 x NVIDIA GeForce RTX 5090,9.1827,48.767,60.81614303588867,machine,0.0,0.0,0.0,0.0,N
gradient_updates_34,2026-09-07T14:03:47,sac_Ant-v5_seed14577,2cbb4b1d-ee1f-4036-89f1-f996217cfd59,4.030768933999752,6.224707062986229e-05,1.54430170183576e-05,30.57310684829634,81.72559398085848,20.0,2.7318219632331553e-05,0.00011368981317400051,2.2391548844441543e-05,0.0001633995816507734,0.0,Germany,DEU,baden-wurttemberg,,,Linux-7.0.0-31-generic-x86_64-with-glibc2.43,3.14.4,3.3.0,24,Intel(R) Core(TM) Ultra 9 285K,1,1 x NVIDIA GeForce RTX 5090,9.1827,48.767,60.81614303588867,machine,0.0,0.0,0.0,0.0,N
rollout_35,2026-09-07T14:03:47,sac_Ant-v5_seed14577,2cbb4b1d-ee1f-4036-89f1-f996217cfd59,0.36295641899960174,4.6607227071710985e-06,1.2841122231230255e-05,30.527080594126186,81.62366842642903,20.0,2.7541897033578344e-06,7.467505973982047e-06,2.0127778944444095e-06,1.2234473571784074e-05,0.0,Germany,DEU,baden-wurttemberg,,,Linux-7.0.0-31-generic-x86_64-with-glibc2.43,3.14.4,3.3.0,24,Intel(R) Core(TM) Ultra 9 285K,1,1 x NVIDIA GeForce RTX 5090,9.1827,48.767,60.81614303588867,machine,0.0,0.0,0.0,0.0,N
gradient_updates_35,2026-09-07T14:03:51,sac_Ant-v5_seed14577,2cbb4b1d-ee1f-4036-89f1-f996217cfd59,4.017508148000161,6.291776494826056e-05,1.5660898542614628e-05,30.479597755989854,81.89305645987486,20.0,2.9210001145765774e-05,0.0001136320353500031,2.231812874444795e-05,0.0001651601652402166,0.0,Germany,DEU,baden-wurttemberg,,,Linux-7.0.0-31-generic-x86_64-with-glibc2.43,3.14.4,3.3.0,24,Intel(R) Core(TM) Ultra 9 285K,1,1 x NVIDIA GeForce RTX 5090,9.1827,48.767,60.81614303588867,machine,0.0,0.0,0.0,0.0,N
rollout_36,2026-09-07T14:03:52,sac_Ant-v5_seed14577,2cbb4b1d-ee1f-4036-89f1-f996217cfd59,0.3476443230001678,4.180709335800496e-06,1.2025635927464658e-05,30.52729650062259,81.59688105566472,20.0,3.3127790391093703e-06,5.731671252007242e-06,1.9299803055521352e-06,1.0974430596668097e-05,0.0,Germany,DEU,baden-wurttemberg,,,Linux-7.0.0-31-generic-x86_64-with-glibc2.43,3.14.4,3.3.0,24,Intel(R) Core(TM) Ultra 9 285K,1,1 x NVIDIA GeForce RTX 5090,9.1827,48.767,60.81614303588867,machine,0.0,0.0,0.0,0.0,N
gradient_updates_36,2026-09-07T14:03:56,sac_Ant-v5_seed14577,2cbb4b1d-ee1f-4036-89f1-f996217cfd59,4.071611415000007,6.216222480543744e-05,1.5267255604573035e-05,30.5446081796664,81.85399541667356,20.0,2.5892915714316456e-05,0.00011466648062199991,2.261746363333263e-05,0.00016317685996964856,0.0,Germany,DEU,baden-wurttemberg,,,Linux-7.0.0-31-generic-x86_64-with-glibc2.43,3.14.4,3.3.0,24,Intel(R) Core(TM) Ultra 9 285K,1,1 x NVIDIA GeForce RTX 5090,9.1827,48.767,60.81614303588867,machine,0.0,0.0,0.0,0.0,N
rollout_37,2026-09-07T14:03:56,sac_Ant-v5_seed14577,2cbb4b1d-ee1f-4036-89f1-f996217cfd59,0.3613400800004456,4.761113288053245e-06,1.3176294080360853e-05,30.502983583776338,81.7932941915304,20.0,2.755359426516446e-06,7.736672856015203e-06,2.005968211111998e-06,1.2498000493642997e-05,0.0,Germany,DEU,baden-wurttemberg,,,Linux-7.0.0-31-generic-x86_64-with-glibc2.43,3.14.4,3.3.0,24,Intel(R) Core(TM) Ultra 9 285K,1,1 x NVIDIA GeForce RTX 5090,9.1827,48.767,60.81614303588867,machine,0.0,0.0,0.0,0.0,N
gradient_updates_37,2026-09-07T14:04:00,sac_Ant-v5_seed14577,2cbb4b1d-ee1f-4036-89f1-f996217cfd59,4.003906947999894,6.243813019503894e-05,1.5594317126756292e-05,30.45815165220613,82.04589807630084,20.0,2.850302863573878e-05,0.00011315620163598883,2.2241885872224636e-05,0.0001639011161439531,0.0,Germany,DEU,baden-wurttemberg,,,Linux-7.0.0-31-generic-x86_64-with-glibc2.43,3.14.4,3.3.0,24,Intel(R) Core(TM) Ultra 9 285K,1,1 x NVIDIA GeForce RTX 5090,9.1827,48.767,60.81614303588867,machine,0.0,0.0,0.0,0.0,N
rollout_38,2026-09-07T14:04:01,sac_Ant-v5_seed14577,2cbb4b1d-ee1f-4036-89f1-f996217cfd59,0.3543553150002481,4.0234555549818925e-06,1.1353572180366333e-05,30.49436032432364,81.69270496070892,20.0,3.3020298638372636e-06,5.292226455996807e-06,1.9673805222231774e-06,1.0561636842057465e-05,0.0,Germany,DEU,baden-wurttemberg,,,Linux-7.0.0-31-generic-x86_64-with-glibc2.43,3.14.4,3.3.0,24,Intel(R) Core(TM) Ultra 9 285K,1,1 x NVIDIA GeForce RTX 5090,9.1827,48.767,60.81614303588867,machine,0.0,0.0,0.0,0.0,N
gradient_updates_38,2026-09-07T14:04:05,sac_Ant-v5_seed14577,2cbb4b1d-ee1f-4036-89f1-f996217cfd59,4.029368787999374,6.291194256682897e-05,1.561338519382946e-05,30.50930660595671,81.94890840696294,20.0,2.811376054655257e-05,0.00011464898060799256,2.2382140238889556e-05,0.00016514488139343468,0.0,Germany,DEU,baden-wurttemberg,,,Linux-7.0.0-31-generic-x86_64-with-glibc2.43,3.14.4,3.3.0,24,Intel(R) Core(TM) Ultra 9 285K,1,1 x NVIDIA GeForce RTX 5090,9.1827,48.767,60.81614303588867,machine,0.0,0.0,0.0,0.0,N
rollout_39,2026-09-07T14:04:05,sac_Ant-v5_seed14577,2cbb4b1d-ee1f-4036-89f1-f996217cfd59,0.35670726999978797,3.847332525543524e-06,1.078538392294048e-05,30.46612970106926,81.61801710110767,20.0,2.688068539348498e-06,5.430282122007024e-06,1.9809603388895244e-06,1.0099311000245914e-05,0.0,Germany,DEU,baden-wurttemberg,,,Linux-7.0.0-31-generic-x86_64-with-glibc2.43,3.14.4,3.3.0,24,Intel(R) Core(TM) Ultra 9 285K,1,1 x NVIDIA GeForce RTX 5090,9.1827,48.767,60.81614303588867,machine,0.0,0.0,0.0,0.0,N
gradient_updates_39,2026-09-07T14:04:09,sac_Ant-v5_seed14577,2cbb4b1d-ee1f-4036-89f1-f996217cfd59,4.234364851999999,6.585948770279236e-05,1.555360125098574e-05,30.423143353471794,81.84438111343941,20.0,3.132115255690543e-05,0.00011804759443800883,2.3513488738889383e-05,0.0001728822357338032,0.0,Germany,DEU,baden-wurttemberg,,,Linux-7.0.0-31-generic-x86_64-with-glibc2.43,3.14.4,3.3.0,24,Intel(R) Core(TM) Ultra 9 285K,1,1 x NVIDIA GeForce RTX 5090,9.1827,48.767,60.81614303588867,machine,0.0,0.0,0.0,0.0,N
rollout_40,2026-09-07T14:04:10,sac_Ant-v5_seed14577,2cbb4b1d-ee1f-4036-89f1-f996217cfd59,0.36014038999928744,4.191473307037837e-06,1.1638391550105665e-05,30.47877770073407,81.52193204664137,20.0,3.5311147693270484e-06,5.473059933994162e-06,1.9985114944423045e-06,1.1002686197763081e-05,0.0,Germany,DEU,baden-wurttemberg,,,Linux-7.0.0-31-generic-x86_64-with-glibc2.43,3.14.4,3.3.0,24,Intel(R) Core(TM) Ultra 9 285K,1,1 x NVIDIA GeForce RTX 5090,9.1827,48.767,60.81614303588867,machine,0.0,0.0,0.0,0.0,N
gradient_updates_40,2026-09-07T14:04:14,sac_Ant-v5_seed14577,2cbb4b1d-ee1f-4036-89f1-f996217cfd59,4.334568094000133,6.599684516725348e-05,1.522571990943317e-05,30.50720696739346,81.73729626827746,20.0,2.9019741271327226e-05,0.00012015176278799833,2.407129727222232e-05,0.00017324280133154853,0.0,Germany,DEU,baden-wurttemberg,,,Linux-7.0.0-31-generic-x86_64-with-glibc2.43,3.14.4,3.3.0,24,Intel(R) Core(TM) Ultra 9 285K,1,1 x NVIDIA GeForce RTX 5090,9.1827,48.767,60.81614303588867,machine,0.0,0.0,0.0,0.0,N
rollout_41,2026-09-07T14:04:14,sac_Ant-v5_seed14577,2cbb4b1d-ee1f-4036-89f1-f996217cfd59,0.3636669929992422,3.809871107698145e-06,1.04762631514856e-05,30.446465836907358,81.41049637538406,20.0,2.5686259437912584e-06,5.413893220007626e-06,2.0184549999965624e-06,1.0000974163796097e-05,0.0,Germany,DEU,baden-wurttemberg,,,Linux-7.0.0-31-generic-x86_64-with-glibc2.43,3.14.4,3.3.0,24,Intel(R) Core(TM) Ultra 9 285K,1,1 x NVIDIA GeForce RTX 5090,9.1827,48.767,60.81614303588867,machine,0.0,0.0,0.0,0.0,N
gradient_updates_41,2026-09-07T14:04:19,sac_Ant-v5_seed14577,2cbb4b1d-ee1f-4036-89f1-f996217cfd59,4.298318447999918,6.491721705121018e-05,1.5102964674301705e-05,30.38589924392525,81.6008402223541,20.0,2.956719198707325e-05,0.00011696453801599005,2.3877029811112402e-05,0.00017040875981417548,0.0,Germany,DEU,baden-wurttemberg,,,Linux-7.0.0-31-generic-x86_64-with-glibc2.43,3.14.4,3.3.0,24,Intel(R) Core(TM) Ultra 9 285K,1,1 x NVIDIA GeForce RTX 5090,9.1827,48.767,60.81614303588867,machine,0.0,0.0,0.0,0.0,N
rollout_42,2026-09-07T14:04:19,sac_Ant-v5_seed14577,2cbb4b1d-ee1f-4036-89f1-f996217cfd59,0.3589009070001339,4.762599085247291e-06,1.3269150019163937e-05,30.343449175912095,81.56761211017226,20.0,2.671792415212537e-06,7.838061825998777e-06,1.9920464944436344e-06,1.2501900735654298e-05,0.0,Germany,DEU,baden-wurttemberg,,,Linux-7.0.0-31-generic-x86_64-with-glibc2.43,3.14.4,3.3.0,24,Intel(R) Core(TM) Ultra 9 285K,1,1 x NVIDIA GeForce RTX 5090,9.1827,48.767,60.81614303588867,machine,0.0,0.0,0.0,0.0,N
gradient_updates_42,2026-09-07T14:04:23,sac_Ant-v5_seed14577,2cbb4b1d-ee1f-4036-89f1-f996217cfd59,4.28091630399922,6.569056053159095e-05,1.5344995968238354e-05,30.300520027511062,81.76345145567784,20.0,3.094741448013416e-05,0.00011771120528000778,2.3780179377778628e-05,0.00017243879913792122,0.0,Germany,DEU,baden-wurttemberg,,,Linux-7.0.0-31-generic-x86_64-with-glibc2.43,3.14.4,3.3.0,24,Intel(R) Core(TM) Ultra 9 285K,1,1 x NVIDIA GeForce RTX 5090,9.1827,48.767,60.81614303588867,machine,0.0,0.0,0.0,0.0,N
rollout_43,2026-09-07T14:04:24,sac_Ant-v5_seed14577,2cbb4b1d-ee1f-4036-89f1-f996217cfd59,0.3494674510002369,4.074415181874735e-06,1.1659176976908686e-05,30.354120500090538,81.46491739164219,20.0,3.429220243378328e-06,5.326115372003559e-06,1.9400710833299487e-06,1.0695406698712703e-05,0.0,Germany,DEU,baden-wurttemberg,,,Linux-7.0.0-31-generic-x86_64-with-glibc2.43,3.14.4,3.3.0,24,Intel(R) Core(TM) Ultra 9 285K,1,1 x NVIDIA GeForce RTX 5090,9.1827,48.767,60.81614303588867,machine,0.0,0.0,0.0,0.0,N
gradient_updates_43,2026-09-07T14:04:28,sac_Ant-v5_seed14577,2cbb4b1d-ee1f-4036-89f1-f996217cfd59,4.264894863999871,6.563689535274506e-05,1.539006121161547e-05,30.387180198997246,81.65894158934455,20.0,3.11890627290104e-05,0.00011741759393399387,2.369127049999713e-05,0.00017229792716300096,0.0,Germany,DEU,baden-wurttemberg,,,Linux-7.0.0-31-generic-x86_64-with-glibc2.43,3.14.4,3.3.0,24,Intel(R) Core(TM) Ultra 9 285K,1,1 x NVIDIA GeForce RTX 5090,9.1827,48.767,60.81614303588867,machine,0.0,0.0,0.0,0.0,N
rollout_44,2026-09-07T14:04:28,sac_Ant-v5_seed14577,2cbb4b1d-ee1f-4036-89f1-f996217cfd59,0.34950742199998786,4.114778530005161e-06,1.1773050683737793e-05,30.423644772419696,81.39477561121957,20.0,3.294722635771574e-06,5.566115564001328e-06,1.9405229499979467e-06,1.0801361149771066e-05,0.0,Germany,DEU,baden-wurttemberg,,,Linux-7.0.0-31-generic-x86_64-with-glibc2.43,3.14.4,3.3.0,24,Intel(R) Core(TM) Ultra 9 285K,1,1 x NVIDIA GeForce RTX 5090,9.1827,48.767,60.81614303588867,machine,0.0,0.0,0.0,0.0,N
gradient_updates_44,2026-09-07T14:04:32,sac_Ant-v5_seed14577,2cbb4b1d-ee1f-4036-89f1-f996217cfd59,4.279445653000039,6.537121651361763e-05,1.5275651745108435e-05,30.442585237345718,81.57758735501812,20.0,3.0871324141486245e-05,0.00011695703800998491,2.377215369999959e-05,0.0001716005158514701,0.0,Germany,DEU,baden-wurttemberg,,,Linux-7.0.0-31-generic-x86_64-with-glibc2.43,3.14.4,3.3.0,24,Intel(R) Core(TM) Ultra 9 285K,1,1 x NVIDIA GeForce RTX 5090,9.1827,48.767,60.81614303588867,machine,0.0,0.0,0.0,0.0,N
rollout_45,2026-09-07T14:04:33,sac_Ant-v5_seed14577,2cbb4b1d-ee1f-4036-89f1-f996217cfd59,0.3521707299996706,5.000395696492296e-06,1.419834574676226e-05,30.47902358788589,81.56583638853614,20.0,3.33246266596976e-06,7.84445072002371e-06,1.949207355553739e-06,1.3126120741547426e-05,0.0,Germany,DEU,baden-wurttemberg,,,Linux-7.0.0-31-generic-x86_64-with-glibc2.43,3.14.4,3.3.0,24,Intel(R) Core(TM) Ultra 9 285K,1,1 x NVIDIA GeForce RTX 5090,9.1827,48.767,60.81614303588867,machine,0.0,0.0,0.0,0.0,N
gradient_updates_45,2026-09-07T14:04:37,sac_Ant-v5_seed14577,2cbb4b1d-ee1f-4036-89f1-f996217cfd59,4.293041704000643,6.565130092606565e-05,1.5292505913180816e-05,30.498096332512024,81.74441219175156,20.0,3.1000023411102695e-05,0.00011748814954598563,2.3847569072222522e-05,0.00017233574202931042,0.0,Germany,DEU,baden-wurttemberg,,,Linux-7.0.0-31-generic-x86_64-with-glibc2.43,3.14.4,3.3.0,24,Intel(R) Core(TM) Ultra 9 285K,1,1 x NVIDIA GeForce RTX 5090,9.1827,48.767,60.81614303588867,machine,0.0,0.0,0.0,0.0,N
rollout_46,2026-09-07T14:04:37,sac_Ant-v5_seed14577,2cbb4b1d-ee1f-4036-89f1-f996217cfd59,0.3513604910003778,4.056134802008643e-06,1.1543324167710007e-05,30.544126595031987,81.45542589869702,20.0,3.4278977423182755e-06,5.2686153260012025e-06,1.95090733333121e-06,1.0647420401650037e-05,0.0,Germany,DEU,baden-wurttemberg,,,Linux-7.0.0-31-generic-x86_64-with-glibc2.43,3.14.4,3.3.0,24,Intel(R) Core(TM) Ultra 9 285K,1,1 x NVIDIA GeForce RTX 5090,9.1827,48.767,60.81614303588867,machine,0.0,0.0,0.0,0.0,N
gradient_updates_46,2026-09-07T14:04:42,sac_Ant-v5_seed14577,2cbb4b1d-ee1f-4036-89f1-f996217cfd59,4.299469094000415,6.547668482767728e-05,1.522903825143775e-05,30.57143508716208,81.62203612106333,20.0,3.142116541468565e-05,0.00011657287103598868,2.3883335455553243e-05,0.00017187737190622714,0.0,Germany,DEU,baden-wurttemberg,,,Linux-7.0.0-31-generic-x86_64-with-glibc2.43,3.14.4,3.3.0,24,Intel(R) Core(TM) Ultra 9 285K,1,1 x NVIDIA GeForce RTX 5090,9.1827,48.767,60.81614303588867,machine,0.0,0.0,0.0,0.0,N
rollout_47,2026-09-07T14:04:42,sac_Ant-v5_seed14577,2cbb4b1d-ee1f-4036-89f1-f996217cfd59,0.35255487199992785,5.009982361270718e-06,1.4210319312847284e-05,30.61370587338714,81.59950106849436,20.0,3.4192680131925335e-06,7.77445066400817e-06,1.9575672166713323e-06,1.3151285893872253e-05,0.0,Germany,DEU,baden-wurttemberg,,,Linux-7.0.0-31-generic-x86_64-with-glibc2.43,3.14.4,3.3.0,24,Intel(R) Core(TM) Ultra 9 285K,1,1 x NVIDIA GeForce RTX 5090,9.1827,48.767,60.81614303588867,machine,0.0,0.0,0.0,0.0,N
gradient_updates_47,2026-09-07T14:04:46,sac_Ant-v5_seed14577,2cbb4b1d-ee1f-4036-89f1-f996217cfd59,4.286677721999695,6.553188437499746e-05,1.528735453089677e-05,30.637813389622394,81.76839241474617,20.0,3.114755880691267e-05,0.00011706259364999139,2.3812119166662657e-05,0.0001720222716235665,0.0,Germany,DEU,baden-wurttemberg,,,Linux-7.0.0-31-generic-x86_64-with-glibc2.43,3.14.4,3.3.0,24,Intel(R) Core(TM) Ultra 9 285K,1,1 x NVIDIA GeForce RTX 5090,9.1827,48.767,60.81614303588867,machine,0.0,0.0,0.0,0.0,N
rollout_48,2026-09-07T14:04:47,sac_Ant-v5_seed14577,2cbb4b1d-ee1f-4036-89f1-f996217cfd59,0.3645090460004212,3.800204419572833e-06,1.0425312217034247e-05,30.59412167837976,81.46787555656181,20.0,2.686067704413264e-06,5.256948650014803e-06,2.032582594443293e-06,9.975598948872011e-06,0.0,Germany,DEU,baden-wurttemberg,,,Linux-7.0.0-31-generic-x86_64-with-glibc2.43,3.14.4,3.3.0,24,Intel(R) Core(TM) Ultra 9 285K,1,1 x NVIDIA GeForce RTX 5090,9.1827,48.767,60.81614303588867,machine,0.0,0.0,0.0,0.0,N
gradient_updates_48,2026-09-07T14:04:51,sac_Ant-v5_seed14577,2cbb4b1d-ee1f-4036-89f1-f996217cfd59,4.321506080999825,6.639006691078588e-05,1.536274083809735e-05,30.55107703602175,81.64163736040574,20.0,3.141597707720378e-05,0.00011885315063800417,2.400588714444895e-05,0.00017427501485965669,0.0,Germany,DEU,baden-wurttemberg,,,Linux-7.0.0-31-generic-x86_64-with-glibc2.43,3.14.4,3.3.0,24,Intel(R) Core(TM) Ultra 9 285K,1,1 x NVIDIA GeForce RTX 5090,9.1827,48.767,60.81614303588867,machine,0.0,0.0,0.0,0.0,N
rollout_49,2026-09-07T14:04:51,sac_Ant-v5_seed14577,2cbb4b1d-ee1f-4036-89f1-f996217cfd59,0.3496101560003808,4.046885632171503e-06,1.1575385306046023e-05,30.585793634619712,81.38182311381298,20.0,3.3299704417580345e-06,5.352226503996249e-06,1.940944233329951e-06,1.0623141179083584e-05,0.0,Germany,DEU,baden-wurttemberg,,,Linux-7.0.0-31-generic-x86_64-with-glibc2.43,3.14.4,3.3.0,24,Intel(R) Core(TM) Ultra 9 285K,1,1 x NVIDIA GeForce RTX 5090,9.1827,48.767,60.81614303588867,machine,0.0,0.0,0.0,0.0,N
gradient_updates_49,2026-09-07T14:04:56,sac_Ant-v5_seed14577,2cbb4b1d-ee1f-4036-89f1-f996217cfd59,4.316664714999206,6.532271565882954e-05,1.5132711882234974e-05,30.604328200816013,81.53245729131503,20.0,3.131688005348493e-05,0.0001161773151640011,2.397900509444194e-05,0.00017147320031192861,0.0,Germany,DEU,baden-wurttemberg,,,Linux-7.0.0-31-generic-x86_64-with-glibc2.43,3.14.4,3.3.0,24,Intel(R) Core(TM) Ultra 9 285K,1,1 x NVIDIA GeForce RTX 5090,9.1827,48.767,60.81614303588867,machine,0.0,0.0,0.0,0.0,N
rollout_50,2026-09-07T14:04:56,sac_Ant-v5_seed14577,2cbb4b1d-ee1f-4036-89f1-f996217cfd59,0.3597616229999403,5.166516738428113e-06,1.4359929641930708e-05,30.64621556575793,81.52349755360343,20.0,3.5148050340633175e-06,8.050284218005799e-06,1.9971019499986833e-06,1.3562191202068016e-05,0.0,Germany,DEU,baden-wurttemberg,,,Linux-7.0.0-31-generic-x86_64-with-glibc2.43,3.14.4,3.3.0,24,Intel(R) Core(TM) Ultra 9 285K,1,1 x NVIDIA GeForce RTX 5090,9.1827,48.767,60.81614303588867,machine,0.0,0.0,0.0,0.0,N
gradient_updates_50,2026-09-07T14:05:00,sac_Ant-v5_seed14577,2cbb4b1d-ee1f-4036-89f1-f996217cfd59,4.338012532999528,6.562119672616235e-05,1.5127041119314658e-05,30.67077789679148,81.66771238632282,20.0,3.168670146045521e-05,0.0001164725931779853,2.4097423372222747e-05,0.00017225671801066392,0.0,Germany,DEU,baden-wurttemberg,,,Linux-7.0.0-31-generic-x86_64-with-glibc2.43,3.14.4,3.3.0,24,Intel(R) Core(TM) Ultra 9 285K,1,1 x NVIDIA GeForce RTX 5090,9.1827,48.767,60.81614303588867,machine,0.0,0.0,0.0,0.0,N
rollout_51,2026-09-07T14:05:01,sac_Ant-v5_seed14577,2cbb4b1d-ee1f-4036-89f1-f996217cfd59,0.36156015699998534,4.822055019102801e-06,1.3336750748946534e-05,30.636865528767835,81.641318374756,20.0,2.7348957990294687e-06,7.916117444009552e-06,2.0069602944406805e-06,1.265797353747905e-05,0.0,Germany,DEU,baden-wurttemberg,,,Linux-7.0.0-31-generic-x86_64-with-glibc2.43,3.14.4,3.3.0,24,Intel(R) Core(TM) Ultra 9 285K,1,1 x NVIDIA GeForce RTX 5090,9.1827,48.767,60.81614303588867,machine,0.0,0.0,0.0,0.0,N
gradient_updates_51,2026-09-07T14:05:05,sac_Ant-v5_seed14577,2cbb4b1d-ee1f-4036-89f1-f996217cfd59,4.321559345999958,6.554605932005547e-05,1.5167246793519784e-05,30.602205744149888,81.78477673705706,20.0,3.163060030445669e-05,0.00011642259313800196,2.400628764444258e-05,0.00017205948108690167,0.0,Germany,DEU,baden-wurttemberg,,,Linux-7.0.0-31-generic-x86_64-with-glibc2.43,3.14.4,3.3.0,24,Intel(R) Core(TM) Ultra 9 285K,1,1 x NVIDIA GeForce RTX 5090,9.1827,48.767,60.81614303588867,machine,0.0,0.0,0.0,0.0,N
rollout_52,2026-09-07T14:05:06,sac_Ant-v5_seed14577,2cbb4b1d-ee1f-4036-89f1-f996217cfd59,0.3494651420005539,4.961433585729327e-06,1.4197010123507248e-05,30.635145249547033,81.76701749521584,20.0,3.335599335137218e-06,7.748339531987725e-06,1.939905694442034e-06,1.302384456156741e-05,0.0,Germany,DEU,baden-wurttemberg,,,Linux-7.0.0-31-generic-x86_64-with-glibc2.43,3.14.4,3.3.0,24,Intel(R) Core(TM) Ultra 9 285K,1,1 x NVIDIA GeForce RTX 5090,9.1827,48.767,60.81614303588867,machine,0.0,0.0,0.0,0.0,N
gradient_updates_52,2026-09-07T14:05:10,sac_Ant-v5_seed14577,2cbb4b1d-ee1f-4036-89f1-f996217cfd59,4.346383588000208,6.498827326828494e-05,1.495228994579249e-05,30.650444910158146,81.90147737862958,20.0,3.0046384592648245e-05,0.00011640481534601343,2.414408361110982e-05,0.00017059528354977128,0.0,Germany,DEU,baden-wurttemberg,,,Linux-7.0.0-31-generic-x86_64-with-glibc2.43,3.14.4,3.3.0,24,Intel(R) Core(TM) Ultra 9 285K,1,1 x NVIDIA GeForce RTX 5090,9.1827,48.767,60.81614303588867,machine,0.0,0.0,0.0,0.0,N
rollout_53,2026-09-07T14:05:10,sac_Ant-v5_seed14577,2cbb4b1d-ee1f-4036-89f1-f996217cfd59,0.34765113400044356,4.927404316036436e-06,1.4173550582620018e-05,30.6826786493519,81.8806246542705,20.0,3.321256268111472e-06,7.683339479994111e-06,1.9299214222227162e-06,1.29345171703283e-05,0.0,Germany,DEU,baden-wurttemberg,,,Linux-7.0.0-31-generic-x86_64-with-glibc2.43,3.14.4,3.3.0,24,Intel(R) Core(TM) Ultra 9 285K,1,1 x NVIDIA GeForce RTX 5090,9.1827,48.767,60.81614303588867,machine,0.0,0.0,0.0,0.0,N
gradient_updates_53,2026-09-07T14:05:15,sac_Ant-v5_seed14577,2cbb4b1d-ee1f-4036-89f1-f996217cfd59,4.323778259999926,6.520641587649117e-05,1.5080934909906913e-05,30.69935150052727,82.01352555877604,20.0,3.109988349100229e-05,0.00011604981506201095,2.4018212922222388e-05,0.0001711679114752354,0.0,Germany,DEU,baden-wurttemberg,,,Linux-7.0.0-31-generic-x86_64-with-glibc2.43,3.14.4,3.3.0,24,Intel(R) Core(TM) Ultra 9 285K,1,1 x NVIDIA GeForce RTX 5090,9.1827,48.767,60.81614303588867,machine,0.0,0.0,0.0,0.0,N
rollout_54,2026-09-07T14:05:15,sac_Ant-v5_seed14577,2cbb4b1d-ee1f-4036-89f1-f996217cfd59,0.36226724900006957,4.6446900288966975e-06,1.282035114449628e-05,30.665572875803495,81.94328856588781,20.0,2.7237060678531044e-06,7.457505965979827e-06,2.0111754944435265e-06,1.2192387528276241e-05,0.0,Germany,DEU,baden-wurttemberg,,,Linux-7.0.0-31-generic-x86_64-with-glibc2.43,3.14.4,3.3.0,24,Intel(R) Core(TM) Ultra 9 285K,1,1 x NVIDIA GeForce RTX 5090,9.1827,48.767,60.81614303588867,machine,0.0,0.0,0.0,0.0,N
gradient_updates_54,2026-09-07T14:05:19,sac_Ant-v5_seed14577,2cbb4b1d-ee1f-4036-89f1-f996217cfd59,4.346710011999676,6.440987104015718e-05,1.4818101046407033e-05,30.628012166079138,82.06404782194288,20.0,2.9524619730783574e-05,0.00011540648121401154,2.4145867266669443e-05,0.00016907696821146477,0.0,Germany,DEU,baden-wurttemberg,,,Linux-7.0.0-31-generic-x86_64-with-glibc2.43,3.14.4,3.3.0,24,Intel(R) Core(TM) Ultra 9 285K,1,1 x NVIDIA GeForce RTX 5090,9.1827,48.767,60.81614303588867,machine,0.0,0.0,0.0,0.0,N
rollout_55,2026-09-07T14:05:20,sac_Ant-v5_seed14577,2cbb4b1d-ee1f-4036-89f1-f996217cfd59,0.3583918309996079,4.664428101396924e-06,1.3014681932602884e-05,30.590656767892575,82.01542436260787,20.0,2.6399862786546935e-06,7.614450535986528e-06,1.9897634777762095e-06,1.2244200292417864e-05,0.0,Germany,DEU,baden-wurttemberg,,,Linux-7.0.0-31-generic-x86_64-with-glibc2.43,3.14.4,3.3.0,24,Intel(R) Core(TM) Ultra 9 285K,1,1 x NVIDIA GeForce RTX 5090,9.1827,48.767,60.81614303588867,machine,0.0,0.0,0.0,0.0,N
gradient_updates_55,2026-09-07T14:05:24,sac_Ant-v5_seed14577,2cbb4b1d-ee1f-4036-89f1-f996217cfd59,4.288306286000079,6.507197460556193e-05,1.517430347150173e-05,30.553430987436382,82.14853763359609,20.0,3.1069755966894874e-05,0.00011592342607201489,2.382181889444535e-05,0.00017081500093335533,0.0,Germany,DEU,baden-wurttemberg,,,Linux-7.0.0-31-generic-x86_64-with-glibc2.43,3.14.4,3.3.0,24,Intel(R) Core(TM) Ultra 9 285K,1,1 x NVIDIA GeForce RTX 5090,9.1827,48.767,60.81614303588867,machine,0.0,0.0,0.0,0.0,N
rollout_56,2026-09-07T14:05:24,sac_Ant-v5_seed14577,2cbb4b1d-ee1f-4036-89f1-f996217cfd59,0.34807252700011304,3.97798272140041e-06,1.142874013508668e-05,30.584925030342553,81.90272737476224,20.0,3.3265121056613722e-06,5.183337479980343e-06,1.932420322221535e-06,1.0442269907862817e-05,0.0,Germany,DEU,baden-wurttemberg,,,Linux-7.0.0-31-generic-x86_64-with-glibc2.43,3.14.4,3.3.0,24,Intel(R) Core(TM) Ultra 9 285K,1,1 x NVIDIA GeForce RTX 5090,9.1827,48.767,60.81614303588867,machine,0.0,0.0,0.0,0.0,N
gradient_updates_56,2026-09-07T14:05:28,sac_Ant-v5_seed14577,2cbb4b1d-ee1f-4036-89f1-f996217cfd59,4.039657292999436,6.225939127410193e-05,1.5412095702195796e-05,30.600241219661132,82.06245460684302,20.0,2.8131460838472233e-05,0.00011286120140001354,2.2439261305554417e-05,0.0001634319235440402,0.0,Germany,DEU,baden-wurttemberg,,,Linux-7.0.0-31-generic-x86_64-with-glibc2.43,3.14.4,3.3.0,24,Intel(R) Core(TM) Ultra 9 285K,1,1 x NVIDIA GeForce RTX 5090,9.1827,48.767,60.81614303588867,machine,0.0,0.0,0.0,0.0,N
rollout_57,2026-09-07T14:05:29,sac_Ant-v5_seed14577,2cbb4b1d-ee1f-4036-89f1-f996217cfd59,0.3703281309999511,3.7807928956658937e-06,1.0209099937704557e-05,30.557718434835525,81.80018659620072,20.0,2.646310172597921e-06,5.231670851993386e-06,2.0466623555522555e-06,9.924643380143996e-06,0.0,Germany,DEU,baden-wurttemberg,,,Linux-7.0.0-31-generic-x86_64-with-glibc2.43,3.14.4,3.3.0,24,Intel(R) Core(TM) Ultra 9 285K,1,1 x NVIDIA GeForce RTX 5090,9.1827,48.767,60.81614303588867,machine,0.0,0.0,0.0,0.0,N
gradient_updates_57,2026-09-07T14:05:33,sac_Ant-v5_seed14577,2cbb4b1d-ee1f-4036-89f1-f996217cfd59,4.0106124620006085,6.192315483570607e-05,1.5439841215551982e-05,30.51775658831287,81.94657117430619,20.0,2.9739412402619847e-05,0.00011053036620199685,2.2279518772221627e-05,0.0001625492973768381,0.0,Germany,DEU,baden-wurttemberg,,,Linux-7.0.0-31-generic-x86_64-with-glibc2.43,3.14.4,3.3.0,24,Intel(R) Core(TM) Ultra 9 285K,1,1 x NVIDIA GeForce RTX 5090,9.1827,48.767,60.81614303588867,machine,0.0,0.0,0.0,0.0,N
rollout_58,2026-09-07T14:05:33,sac_Ant-v5_seed14577,2cbb4b1d-ee1f-4036-89f1-f996217cfd59,0.34734102499987785,4.998086392632613e-06,1.4388766046307305e-05,30.552472134919363,81.9398968966036,20.0,3.365727137022434e-06,7.825839594008399e-06,1.9284920499962332e-06,1.3120058781027066e-05,0.0,Germany,DEU,baden-wurttemberg,,,Linux-7.0.0-31-generic-x86_64-with-glibc2.43,3.14.4,3.3.0,24,Intel(R) Core(TM) Ultra 9 285K,1,1 x NVIDIA GeForce RTX 5090,9.1827,48.767,60.81614303588867,machine,0.0,0.0,0.0,0.0,N
gradient_updates_58,2026-09-07T14:05:37,sac_Ant-v5_seed14577,2cbb4b1d-ee1f-4036-89f1-f996217cfd59,4.031773437999618,6.171785584490122e-05,1.5307899818595314e-05,30.572530480969085,82.07671495853269,20.0,2.931555789686957e-05,0.0001102984215720082,2.2396404688889652e-05,0.000162010384157767,0.0,Germany,DEU,baden-wurttemberg,,,Linux-7.0.0-31-generic-x86_64-with-glibc2.43,3.14.4,3.3.0,24,Intel(R) Core(TM) Ultra 9 285K,1,1 x NVIDIA GeForce RTX 5090,9.1827,48.767,60.81614303588867,machine,0.0,0.0,0.0,0.0,N
rollout_59,2026-09-07T14:05:37,sac_Ant-v5_seed14577,2cbb4b1d-ee1f-4036-89f1-f996217cfd59,0.3607153000002654,4.704796605397438e-06,1.3042826558302378e-05,30.543999691553843,82.0272304318416,20.0,2.7302335730700067e-06,7.616950537983613e-06,2.002984166665344e-06,1.2350168277719398e-05,0.0,Germany,DEU,baden-wurttemberg,,,Linux-7.0.0-31-generic-x86_64-with-glibc2.43,3.14.4,3.3.0,24,Intel(R) Core(TM) Ultra 9 285K,1,1 x NVIDIA GeForce RTX 5090,9.1827,48.767,60.81614303588867,machine,0.0,0.0,0.0,0.0,N
gradient_updates_59,2026-09-07T14:05:41,sac_Ant-v5_seed14577,2cbb4b1d-ee1f-4036-89f1-f996217cfd59,4.033390644000065,6.213540832204854e-05,1.5405273471348596e-05,30.515762694679864,82.16188753885699,20.0,3.0251292812123742e-05,0.00011044981058200287,2.2405362866665182e-05,0.0001631064662607918,0.0,Germany,DEU,baden-wurttemberg,,,Linux-7.0.0-31-generic-x86_64-with-glibc2.43,3.14.4,3.3.0,24,Intel(R) Core(TM) Ultra 9 285K,1,1 x NVIDIA GeForce RTX 5090,9.1827,48.767,60.81614303588867,machine,0.0,0.0,0.0,0.0,N
rollout_60,2026-09-07T14:05:42,sac_Ant-v5_seed14577,2cbb4b1d-ee1f-4036-89f1-f996217cfd59,0.35525340900039737,5.028740770076159e-06,1.415540170975444e-05,30.55523442126677,82.12827374503931,20.0,3.521213650305166e-06,7.70417282999758e-06,1.97514054444195e-06,1.3200527024744696e-05,0.0,Germany,DEU,baden-wurttemberg,,,Linux-7.0.0-31-generic-x86_64-with-glibc2.43,3.14.4,3.3.0,24,Intel(R) Core(TM) Ultra 9 285K,1,1 x NVIDIA GeForce RTX 5090,9.1827,48.767,60.81614303588867,machine,0.0,0.0,0.0,0.0,N
gradient_updates_60,2026-09-07T14:05:46,sac_Ant-v5_seed14577,2cbb4b1d-ee1f-4036-89f1-f996217cfd59,4.050543268000183,6.225794117871962e-05,1.537027729150168e-05,30.58054973224337,82.2575793115458,20.0,3.0345965110083195e-05,0.00011058175513201096,2.2500396777776384e-05,0.0001634281170198714,0.0,Germany,DEU,baden-wurttemberg,,,Linux-7.0.0-31-generic-x86_64-with-glibc2.43,3.14.4,3.3.0,24,Intel(R) Core(TM) Ultra 9 285K,1,1 x NVIDIA GeForce RTX 5090,9.1827,48.767,60.81614303588867,machine,0.0,0.0,0.0,0.0,N
rollout_61,2026-09-07T14:05:46,sac_Ant-v5_seed14577,2cbb4b1d-ee1f-4036-89f1-f996217cfd59,0.3545647769997231,5.0137903858677585e-06,1.4140963798281118e-05,30.60860671311314,82.23470157407068,20.0,3.3789171475853697e-06,7.813895139999194e-06,1.968469733330553e-06,1.3161282020914683e-05,0.0,Germany,DEU,baden-wurttemberg,,,Linux-7.0.0-31-generic-x86_64-with-glibc2.43,3.14.4,3.3.0,24,Intel(R) Core(TM) Ultra 9 285K,1,1 x NVIDIA GeForce RTX 5090,9.1827,48.767,60.81614303588867,machine,0.0,0.0,0.0,0.0,N
gradient_updates_61,2026-09-07T14:05:50,sac_Ant-v5_seed14577,2cbb4b1d-ee1f-4036-89f1-f996217cfd59,4.034412400999827,6.183579720827042e-05,1.5327105213486744e-05,30.623892758209465,82.36319750648582,20.0,2.9473418300937637e-05,0.00011043564390399163,2.241091996667017e-05,0.00016231998217159857,0.0,Germany,DEU,baden-wurttemberg,,,Linux-7.0.0-31-generic-x86_64-with-glibc2.43,3.14.4,3.3.0,24,Intel(R) Core(TM) Ultra 9 285K,1,1 x NVIDIA GeForce RTX 5090,9.1827,48.767,60.81614303588867,machine,0.0,0.0,0.0,0.0,N
rollout_62,2026-09-07T14:05:51,sac_Ant-v5_seed14577,2cbb4b1d-ee1f-4036-89f1-f996217cfd59,0.34963384899947414,5.004404382032493e-06,1.4312549198700006e-05,30.651353822979722,82.35258296745299,20.0,3.334666834400868e-06,7.861395178013209e-06,1.9405815944438e-06,1.3136643606857443e-05,0.0,Germany,DEU,baden-wurttemberg,,,Linux-7.0.0-31-generic-x86_64-with-glibc2.43,3.14.4,3.3.0,24,Intel(R) Core(TM) Ultra 9 285K,1,1 x NVIDIA GeForce RTX 5090,9.1827,48.767,60.81614303588867,machine,0.0,0.0,0.0,0.0,N
gradient_updates_62,2026-09-07T14:05:55,sac_Ant-v5_seed14577,2cbb4b1d-ee1f-4036-89f1-f996217cfd59,4.046984416999294,6.186955350891057e-05,1.5287857743570674e-05,30.666923705373485,82.47176166137601,20.0,3.0078817951924297e-05,0.00010984925454600447,2.248052051666803e-05,0.0001624085930145968,0.0,Germany,DEU,baden-wurttemberg,,,Linux-7.0.0-31-generic-x86_64-with-glibc2.43,3.14.4,3.3.0,24,Intel(R) Core(TM) Ultra 9 285K,1,1 x NVIDIA GeForce RTX 5090,9.1827,48.767,60.81614303588867,machine,0.0,0.0,0.0,0.0,N
rollout_63,2026-09-07T14:05:55,sac_Ant-v5_seed14577,2cbb4b1d-ee1f-4036-89f1-f996217cfd59,0.35365926699978445,5.077936102747434e-06,1.4357852118451656e-05,30.70202986968205,82.4569913455569,20.0,3.4809983403549793e-06,7.890006311989106e-06,1.9586609277767383e-06,1.3329665580121691e-05,0.0,Germany,DEU,baden-wurttemberg,,,Linux-7.0.0-31-generic-x86_64-with-glibc2.43,3.14.4,3.3.0,24,Intel(R) Core(TM) Ultra 9 285K,1,1 x NVIDIA GeForce RTX 5090,9.1827,48.767,60.81614303588867,machine,0.0,0.0,0.0,0.0,N
gradient_updates_63,2026-09-07T14:05:59,sac_Ant-v5_seed14577,2cbb4b1d-ee1f-4036-89f1-f996217cfd59,4.010884549000366,6.205197521905008e-05,1.5470921596544012e-05,30.724009718982032,82.58490394823798,20.0,3.0078801285249313e-05,0.0001105281439780087,2.2280507733330596e-05,0.0001628874529965886,0.0,Germany,DEU,baden-wurttemberg,,,Linux-7.0.0-31-generic-x86_64-with-glibc2.43,3.14.4,3.3.0,24,Intel(R) Core(TM) Ultra 9 285K,1,1 x NVIDIA GeForce RTX 5090,9.1827,48.767,60.81614303588867,machine,0.0,0.0,0.0,0.0,N
rollout_64,2026-09-07T14:05:59,sac_Ant-v5_seed14577,2cbb4b1d-ee1f-4036-89f1-f996217cfd59,0.34978218600008404,4.8669660279009735e-06,1.3913947582483281e-05,30.757062795109213,82.53677305206531,20.0,3.429135521086646e-06,7.404450367981541e-06,1.9422797833310544e-06,1.2775865672399675e-05,0.0,Germany,DEU,baden-wurttemberg,,,Linux-7.0.0-31-generic-x86_64-with-glibc2.43,3.14.4,3.3.0,24,Intel(R) Core(TM) Ultra 9 285K,1,1 x NVIDIA GeForce RTX 5090,9.1827,48.767,60.81614303588867,machine,0.0,0.0,0.0,0.0,N
gradient_updates_64,2026-09-07T14:06:03,sac_Ant-v5_seed14577,2cbb4b1d-ee1f-4036-89f1-f996217cfd59,4.059037992999947,6.0978421306185845e-05,1.5022931271794241e-05,30.77324192409968,82.65133543685826,20.0,2.7294992391534156e-05,0.00011022731040401246,2.2547053566667093e-05,0.00016006935636221457,0.0,Germany,DEU,baden-wurttemberg,,,Linux-7.0.0-31-generic-x86_64-with-glibc2.43,3.14.4,3.3.0,24,Intel(R) Core(TM) Ultra 9 285K,1,1 x NVIDIA GeForce RTX 5090,9.1827,48.767,60.81614303588867,machine,0.0,0.0,0.0,0.0,N
rollout_65,2026-09-07T14:06:04,sac_Ant-v5_seed14577,2cbb4b1d-ee1f-4036-89f1-f996217cfd59,0.350548217999858,4.938038676264786e-06,1.408616459435986e-05,30.79439258131656,82.6266672120889,20.0,3.291620133301365e-06,7.724172845988142e-06,1.946639561108566e-06,1.296243254039764e-05,0.0,Germany,DEU,baden-wurttemberg,,,Linux-7.0.0-31-generic-x86_64-with-glibc2.43,3.14.4,3.3.0,24,Intel(R) Core(TM) Ultra 9 285K,1,1 x NVIDIA GeForce RTX 5090,9.1827,48.767,60.81614303588867,machine,0.0,0.0,0.0,0.0,N
gradient_updates_65,2026-09-07T14:06:08,sac_Ant-v5_seed14577,2cbb4b1d-ee1f-4036-89f1-f996217cfd59,4.077075262000108,6.147849347842241e-05,1.5079097171417904e-05,30.79916681574451,82.75356438070143,20.0,2.5794208690907428e-05,0.00011294453480001354,2.264331052777681e-05,0.00016138205401869735,0.0,Germany,DEU,baden-wurttemberg,,,Linux-7.0.0-31-generic-x86_64-with-glibc2.43,3.14.4,3.3.0,24,Intel(R) Core(TM) Ultra 9 285K,1,1 x NVIDIA GeForce RTX 5090,9.1827,48.767,60.81614303588867,machine,0.0,0.0,0.0,0.0,N
rollout_66,2026-09-07T14:06:08,sac_Ant-v5_seed14577,2cbb4b1d-ee1f-4036-89f1-f996217cfd59,0.36355790099969454,3.7944406879779694e-06,1.0436366637885834e-05,30.766472136751872,82.52854928680972,20.0,2.676370196651179e-06,5.2652819900050885e-06,2.0188168722195046e-06,9.960469058874905e-06,0.0,Germany,DEU,baden-wurttemberg,,,Linux-7.0.0-31-generic-x86_64-with-glibc2.43,3.14.4,3.3.0,24,Intel(R) Core(TM) Ultra 9 285K,1,1 x NVIDIA GeForce RTX 5090,9.1827,48.767,60.81614303588867,machine,0.0,0.0,0.0,0.0,N
gradient_updates_66,2026-09-07T14:06:12,sac_Ant-v5_seed14577,2cbb4b1d-ee1f-4036-89f1-f996217cfd59,4.048790333999932,6.165779706401343e-05,1.5228707123735182e-05,30.73095420319257,82.65475177268405,20.0,2.7108801687034112e-05,0.00011225286758000108,2.2491059605555218e-05,0.00016185272887259128,0.0,Germany,DEU,baden-wurttemberg,,,Linux-7.0.0-31-generic-x86_64-with-glibc2.43,3.14.4,3.3.0,24,Intel(R) Core(TM) Ultra 9 285K,1,1 x NVIDIA GeForce RTX 5090,9.1827,48.767,60.81614303588867,machine,0.0,0.0,0.0,0.0,N
rollout_67,2026-09-07T14:06:13,sac_Ant-v5_seed14577,2cbb4b1d-ee1f-4036-89f1-f996217cfd59,0.36299077599960583,3.7784003020999157e-06,1.0409124317699792e-05,30.70426476703689,82.42653705076066,20.0,2.7434916392357622e-06,5.15861523799066e-06,2.016255905553342e-06,9.918362782778897e-06,0.0,Germany,DEU,baden-wurttemberg,,,Linux-7.0.0-31-generic-x86_64-with-glibc2.43,3.14.4,3.3.0,24,Intel(R) Core(TM) Ultra 9 285K,1,1 x NVIDIA GeForce RTX 5090,9.1827,48.767,60.81614303588867,machine,0.0,0.0,0.0,0.0,N
gradient_updates_67,2026-09-07T14:06:17,sac_Ant-v5_seed14577,2cbb4b1d-ee1f-4036-89f1-f996217cfd59,4.010767464999844,6.165732837317296e-05,1.5372972199230162e-05,30.676900474800885,82.54547367465187,20.0,2.9329070129896495e-05,0.00011024231041599497,2.2280118005553635e-05,0.00016185149855144597,0.0,Germany,DEU,baden-wurttemberg,,,Linux-7.0.0-31-generic-x86_64-with-glibc2.43,3.14.4,3.3.0,24,Intel(R) Core(TM) Ultra 9 285K,1,1 x NVIDIA GeForce RTX 5090,9.1827,48.767,60.81614303588867,machine,0.0,0.0,0.0,0.0,N
rollout_68,2026-09-07T14:06:17,sac_Ant-v5_seed14577,2cbb4b1d-ee1f-4036-89f1-f996217cfd59,0.3499627049995979,4.038003239897545e-06,1.1538043938873783e-05,30.705453603164695,82.3404628227311,20.0,3.401211887632538e-06,5.249170866000741e-06,1.949442000002792e-06,1.0599824753635204e-05,0.0,Germany,DEU,baden-wurttemberg,,,Linux-7.0.0-31-generic-x86_64-with-glibc2.43,3.14.4,3.3.0,24,Intel(R) Core(TM) Ultra 9 285K,1,1 x NVIDIA GeForce RTX 5090,9.1827,48.767,60.81614303588867,machine,0.0,0.0,0.0,0.0,N
gradient_updates_68,2026-09-07T14:06:21,sac_Ant-v5_seed14577,2cbb4b1d-ee1f-4036-89f1-f996217cfd59,4.034841207999307,6.0629612818287847e-05,1.50265544329252e-05,30.718776299477593,82.44994651860178,20.0,2.716158006257907e-05,0.00010957869877400994,2.24134495222187e-05,0.00015915372835880771,0.0,Germany,DEU,baden-wurttemberg,,,Linux-7.0.0-31-generic-x86_64-with-glibc2.43,3.14.4,3.3.0,24,Intel(R) Core(TM) Ultra 9 285K,1,1 x NVIDIA GeForce RTX 5090,9.1827,48.767,60.81614303588867,machine,0.0,0.0,0.0,0.0,N
rollout_69,2026-09-07T14:06:21,sac_Ant-v5_seed14577,2cbb4b1d-ee1f-4036-89f1-f996217cfd59,0.35759748199961905,4.720888931486304e-06,1.3201465971262184e-05,30.687610335052916,82.42111539736982,20.0,2.626609601284746e-06,7.780284001987492e-06,1.985517294446782e-06,1.2392410897718587e-05,0.0,Germany,DEU,baden-wurttemberg,,,Linux-7.0.0-31-generic-x86_64-with-glibc2.43,3.14.4,3.3.0,24,Intel(R) Core(TM) Ultra 9 285K,1,1 x NVIDIA GeForce RTX 5090,9.1827,48.767,60.81614303588867,machine,0.0,0.0,0.0,0.0,N
gradient_updates_69,2026-09-07T14:06:25,sac_Ant-v5_seed14577,2cbb4b1d-ee1f-4036-89f1-f996217cfd59,4.033845846999611,6.19007618942154e-05,1.5345390646606666e-05,30.65769754452538,82.530988413585,20.0,3.013173216092485e-05,0.00010995064351600192,2.2408139861110777e-05,0.00016249051553803712,0.0,Germany,DEU,baden-wurttemberg,,,Linux-7.0.0-31-generic-x86_64-with-glibc2.43,3.14.4,3.3.0,24,Intel(R) Core(TM) Ultra 9 285K,1,1 x NVIDIA GeForce RTX 5090,9.1827,48.767,60.81614303588867,machine,0.0,0.0,0.0,0.0,N
rollout_70,2026-09-07T14:06:26,sac_Ant-v5_seed14577,2cbb4b1d-ee1f-4036-89f1-f996217cfd59,0.36142901400035043,5.1518391182246714e-06,1.4253036498492383e-05,30.6912316034561,82.50689168543803,20.0,3.5838931448858857e-06,7.933339680007978e-06,2.006429383335454e-06,1.3523662208228884e-05,0.0,Germany,DEU,baden-wurttemberg,,,Linux-7.0.0-31-generic-x86_64-with-glibc2.43,3.14.4,3.3.0,24,Intel(R) Core(TM) Ultra 9 285K,1,1 x NVIDIA GeForce RTX 5090,9.1827,48.767,60.81614303588867,machine,0.0,0.0,0.0,0.0,N
gradient_updates_70,2026-09-07T14:06:30,sac_Ant-v5_seed14577,2cbb4b1d-ee1f-4036-89f1-f996217cfd59,4.031325096000728,6.16340999889213e-05,1.5288843502208202e-05,30.711463566653,82.61581359395277,20.0,2.9328544851707494e-05,0.00011006814360998984,2.2393835199995427e-05,0.00016179052366169233,0.0,Germany,DEU,baden-wurttemberg,,,Linux-7.0.0-31-generic-x86_64-with-glibc2.43,3.14.4,3.3.0,24,Intel(R) Core(TM) Ultra 9 285K,1,1 x NVIDIA GeForce RTX 5090,9.1827,48.767,60.81614303588867,machine,0.0,0.0,0.0,0.0,N
rollout_71,2026-09-07T14:06:30,sac_Ant-v5_seed14577,2cbb4b1d-ee1f-4036-89f1-f996217cfd59,0.36031560500032356,4.806702816817325e-06,1.3340099331263466e-05,30.689355514124045,82.58734137870503,20.0,2.766311935277488e-06,7.850561835998082e-06,2.000799983332014e-06,1.261767375460715e-05,0.0,Germany,DEU,baden-wurttemberg,,,Linux-7.0.0-31-generic-x86_64-with-glibc2.43,3.14.4,3.3.0,24,Intel(R) Core(TM) Ultra 9 285K,1,1 x NVIDIA GeForce RTX 5090,9.1827,48.767,60.81614303588867,machine,0.0,0.0,0.0,0.0,N
gradient_updates_71,2026-09-07T14:06:34,sac_Ant-v5_seed14577,2cbb4b1d-ee1f-4036-89f1-f996217cfd59,4.007071730999996,6.170881963936913e-05,1.540000234954101e-05,30.666640171072853,82.69698991111144,20.0,2.9864466391554823e-05,0.00010986203233399883,2.22601652444406e-05,0.00016198666396999468,0.0,Germany,DEU,baden-wurttemberg,,,Linux-7.0.0-31-generic-x86_64-with-glibc2.43,3.14.4,3.3.0,24,Intel(R) Core(TM) Ultra 9 285K,1,1 x NVIDIA GeForce RTX 5090,9.1827,48.767,60.81614303588867,machine,0.0,0.0,0.0,0.0,N
rollout_72,2026-09-07T14:06:35,sac_Ant-v5_seed14577,2cbb4b1d-ee1f-4036-89f1-f996217cfd59,0.3464426939999612,4.792973175776934e-06,1.3834715192159676e-05,30.690147939074137,82.65499363481318,20.0,3.3050818107269175e-06,7.353894772008096e-06,1.9226566388879165e-06,1.2581633221622063e-05,0.0,Germany,DEU,baden-wurttemberg,,,Linux-7.0.0-31-generic-x86_64-with-glibc2.43,3.14.4,3.3.0,24,Intel(R) Core(TM) Ultra 9 285K,1,1 x NVIDIA GeForce RTX 5090,9.1827,48.767,60.81614303588867,machine,0.0,0.0,0.0,0.0,N
gradient_updates_72,2026-09-07T14:06:39,sac_Ant-v5_seed14577,2cbb4b1d-ee1f-4036-89f1-f996217cfd59,4.010354015000303,6.124305357570713e-05,1.5271255205942005e-05,30.70124191585462,82.76589620987393,20.0,2.8011459075806544e-05,0.00011047508837999653,2.2277472955556897e-05,0.0001607640204113591,0.0,Germany,DEU,baden-wurttemberg,,,Linux-7.0.0-31-generic-x86_64-with-glibc2.43,3.14.4,3.3.0,24,Intel(R) Core(TM) Ultra 9 285K,1,1 x NVIDIA GeForce RTX 5090,9.1827,48.767,60.81614303588867,machine,0.0,0.0,0.0,0.0,N
rollout_73,2026-09-07T14:06:39,sac_Ant-v5_seed14577,2cbb4b1d-ee1f-4036-89f1-f996217cfd59,0.3504922979991534,3.965920165055134e-06,1.131491568929594e-05,30.720751087024443,82.56594036036648,20.0,3.3041665322211533e-06,5.153615233996489e-06,1.952823733336259e-06,1.0410605499553902e-05,0.0,Germany,DEU,baden-wurttemberg,,,Linux-7.0.0-31-generic-x86_64-with-glibc2.43,3.14.4,3.3.0,24,Intel(R) Core(TM) Ultra 9 285K,1,1 x NVIDIA GeForce RTX 5090,9.1827,48.767,60.81614303588867,machine,0.0,0.0,0.0,0.0,N
gradient_updates_73,2026-09-07T14:06:43,sac_Ant-v5_seed14577,2cbb4b1d-ee1f-4036-89f1-f996217cfd59,3.993213368999932,6.138513612992044e-05,1.5372402120308095e-05,30.727793092395338,82.67487163971977,20.0,2.913545358611963e-05,0.00010981953229999286,2.218200356111184e-05,0.00016113698944722477,0.0,Germany,DEU,baden-wurttemberg,,,Linux-7.0.0-31-generic-x86_64-with-glibc2.43,3.14.4,3.3.0,24,Intel(R) Core(TM) Ultra 9 285K,1,1 x NVIDIA GeForce RTX 5090,9.1827,48.767,60.81614303588867,machine,0.0,0.0,0.0,0.0,N
rollout_74,2026-09-07T14:06:43,sac_Ant-v5_seed14577,2cbb4b1d-ee1f-4036-89f1-f996217cfd59,0.35147327599952405,4.972406331175093e-06,1.414649117683843e-05,30.755444059305894,82.6507307706445,20.0,3.429915521706295e-06,7.679172810012846e-06,1.9435598666659587e-06,1.30526481983851e-05,0.0,Germany,DEU,baden-wurttemberg,,,Linux-7.0.0-31-generic-x86_64-with-glibc2.43,3.14.4,3.3.0,24,Intel(R) Core(TM) Ultra 9 285K,1,1 x NVIDIA GeForce RTX 5090,9.1827,48.767,60.81614303588867,machine,0.0,0.0,0.0,0.0,N
gradient_updates_74,2026-09-07T14:06:47,sac_Ant-v5_seed14577,2cbb4b1d-ee1f-4036-89f1-f996217cfd59,4.017428406999898,6.086592448256885e-05,1.5150525218072307e-05,30.768917302162254,82.75658766624312,20.0,2.7199353981682828e-05,0.00011026481043398262,2.2309885938890696e-05,0.000159774050354557,0.0,Germany,DEU,baden-wurttemberg,,,Linux-7.0.0-31-generic-x86_64-with-glibc2.43,3.14.4,3.3.0,24,Intel(R) Core(TM) Ultra 9 285K,1,1 x NVIDIA GeForce RTX 5090,9.1827,48.767,60.81614303588867,machine,0.0,0.0,0.0,0.0,N
rollout_75,2026-09-07T14:06:48,sac_Ant-v5_seed14577,2cbb4b1d-ee1f-4036-89f1-f996217cfd59,0.36166434200004005,4.6446860090315276e-06,1.2842669374630994e-05,30.74706765327332,82.69903344963828,20.0,2.768414159165511e-06,7.416950378008602e-06,2.0070124388893787e-06,1.2192376976064359e-05,0.0,Germany,DEU,baden-wurttemberg,,,Linux-7.0.0-31-generic-x86_64-with-glibc2.43,3.14.4,3.3.0,24,Intel(R) Core(TM) Ultra 9 285K,1,1 x NVIDIA GeForce RTX 5090,9.1827,48.767,60.81614303588867,machine,0.0,0.0,0.0,0.0,N
gradient_updates_75,2026-09-07T14:06:52,sac_Ant-v5_seed14577,2cbb4b1d-ee1f-4036-89f1-f996217cfd59,4.0011639559998,6.16423704160856e-05,1.5406121612727326e-05,30.723602919412084,82.80651160507956,20.0,2.9165309721121413e-05,0.00011042064389200912,2.2226280055555325e-05,0.00016181223366868586,0.0,Germany,DEU,baden-wurttemberg,,,Linux-7.0.0-31-generic-x86_64-with-glibc2.43,3.14.4,3.3.0,24,Intel(R) Core(TM) Ultra 9 285K,1,1 x NVIDIA GeForce RTX 5090,9.1827,48.767,60.81614303588867,machine,0.0,0.0,0.0,0.0,N
rollout_76,2026-09-07T14:06:52,sac_Ant-v5_seed14577,2cbb4b1d-ee1f-4036-89f1-f996217cfd59,0.34623573099997884,3.960476041213294e-06,1.1438376870633499e-05,30.746154332386833,82.62000105939705,20.0,3.3125754278287567e-06,5.161948573986774e-06,1.9217905833355566e-06,1.0396314585150654e-05,0.0,Germany,DEU,baden-wurttemberg,,,Linux-7.0.0-31-generic-x86_64-with-glibc2.43,3.14.4,3.3.0,24,Intel(R) Core(TM) Ultra 9 285K,1,1 x NVIDIA GeForce RTX 5090,9.1827,48.767,60.81614303588867,machine,0.0,0.0,0.0,0.0,N
gradient_updates_76,2026-09-07T14:06:56,sac_Ant-v5_seed14577,2cbb4b1d-ee1f-4036-89f1-f996217cfd59,4.005093165999824,6.123023882328212e-05,1.5288114405303932e-05,30.757941765623556,82.72064244518863,20.0,2.896584400599589e-05,0.00010951119872000536,2.225333874999796e-05,0.00016073038147599965,0.0,Germany,DEU,baden-wurttemberg,,,Linux-7.0.0-31-generic-x86_64-with-glibc2.43,3.14.4,3.3.0,24,Intel(R) Core(TM) Ultra 9 285K,1,1 x NVIDIA GeForce RTX 5090,9.1827,48.767,60.81614303588867,machine,0.0,0.0,0.0,0.0,N
rollout_77,2026-09-07T14:06:56,sac_Ant-v5_seed14577,2cbb4b1d-ee1f-4036-89f1-f996217cfd59,0.35236943700056145,4.932566229418414e-06,1.3998074553225381e-05,30.778652529163136,82.69180341172448,20.0,3.350095180078283e-06,7.642783892009009e-06,1.955188205556707e-06,1.2948067277643999e-05,0.0,Germany,DEU,baden-wurttemberg,,,Linux-7.0.0-31-generic-x86_64-with-glibc2.43,3.14.4,3.3.0,24,Intel(R) Core(TM) Ultra 9 285K,1,1 x NVIDIA GeForce RTX 5090,9.1827,48.767,60.81614303588867,machine,0.0,0.0,0.0,0.0,N
gradient_updates_77,2026-09-07T14:07:00,sac_Ant-v5_seed14577,2cbb4b1d-ee1f-4036-89f1-f996217cfd59,4.000926227000491,6.175808657092781e-05,1.5435965559012577e-05,30.787448869773836,82.79593111643689,20.0,2.9597624511414067e-05,0.00011029314378999122,2.222522217222014e-05,0.00016211599047362586,0.0,Germany,DEU,baden-wurttemberg,,,Linux-7.0.0-31-generic-x86_64-with-glibc2.43,3.14.4,3.3.0,24,Intel(R) Core(TM) Ultra 9 285K,1,1 x NVIDIA GeForce RTX 5090,9.1827,48.767,60.81614303588867,machine,0.0,0.0,0.0,0.0,N
rollout_78,2026-09-07T14:07:01,sac_Ant-v5_seed14577,2cbb4b1d-ee1f-4036-89f1-f996217cfd59,0.3479568720003954,4.046214633305657e-06,1.1627816402249202e-05,30.80475968590948,82.62955115373555,20.0,3.262272609820538e-06,5.42722656400596e-06,1.931880622224602e-06,1.06213797960511e-05,0.0,Germany,DEU,baden-wurttemberg,,,Linux-7.0.0-31-generic-x86_64-with-glibc2.43,3.14.4,3.3.0,24,Intel(R) Core(TM) Ultra 9 285K,1,1 x NVIDIA GeForce RTX 5090,9.1827,48.767,60.81614303588867,machine,0.0,0.0,0.0,0.0,N
gradient_updates_78,2026-09-07T14:07:05,sac_Ant-v5_seed14577,2cbb4b1d-ee1f-4036-89f1-f996217cfd59,4.000640692000161,6.0901579540061264e-05,1.5222986163331645e-05,30.80911418458277,82.72815551774778,20.0,2.8187104494106774e-05,0.00010945730978800805,2.222323118333206e-05,0.00015986764546544602,0.0,Germany,DEU,baden-wurttemberg,,,Linux-7.0.0-31-generic-x86_64-with-glibc2.43,3.14.4,3.3.0,24,Intel(R) Core(TM) Ultra 9 285K,1,1 x NVIDIA GeForce RTX 5090,9.1827,48.767,60.81614303588867,machine,0.0,0.0,0.0,0.0,N
rollout_79,2026-09-07T14:07:05,sac_Ant-v5_seed14577,2cbb4b1d-ee1f-4036-89f1-f996217cfd59,0.36148729599972285,4.700902290669974e-06,1.3004145251304246e-05,30.789596524212715,82.6808535482883,20.0,2.7932011234521603e-06,7.538617141991666e-06,2.008127372225138e-06,1.2339945637668964e-05,0.0,Germany,DEU,baden-wurttemberg,,,Linux-7.0.0-31-generic-x86_64-with-glibc2.43,3.14.4,3.3.0,24,Intel(R) Core(TM) Ultra 9 285K,1,1 x NVIDIA GeForce RTX 5090,9.1827,48.767,60.81614303588867,machine,0.0,0.0,0.0,0.0,N
gradient_updates_79,2026-09-07T14:07:09,sac_Ant-v5_seed14577,2cbb4b1d-ee1f-4036-89f1-f996217cfd59,4.008463341000606,6.134300745296896e-05,1.5303286526227656e-05,30.768712722310923,82.77650188737222,20.0,2.93427354186096e-05,0.00010941592086599616,2.2267744694444425e-05,0.0001610264009790502,0.0,Germany,DEU,baden-wurttemberg,,,Linux-7.0.0-31-generic-x86_64-with-glibc2.43,3.14.4,3.3.0,24,Intel(R) Core(TM) Ultra 9 285K,1,1 x NVIDIA GeForce RTX 5090,9.1827,48.767,60.81614303588867,machine,0.0,0.0,0.0,0.0,N
rollout_80,2026-09-07T14:07:10,sac_Ant-v5_seed14577,2cbb4b1d-ee1f-4036-89f1-f996217cfd59,0.35863726700063125,4.911197021141393e-06,1.3694244354143122e-05,30.79508690354838,82.72446464419853,20.0,3.515550867992656e-06,7.386950354001942e-06,1.9894715333318956e-06,1.2891972755325193e-05,0.0,Germany,DEU,baden-wurttemberg,,,Linux-7.0.0-31-generic-x86_64-with-glibc2.43,3.14.4,3.3.0,24,Intel(R) Core(TM) Ultra 9 285K,1,1 x NVIDIA GeForce RTX 5090,9.1827,48.767,60.81614303588867,machine,0.0,0.0,0.0,0.0,N
gradient_updates_80,2026-09-07T14:07:14,sac_Ant-v5_seed14577,2cbb4b1d-ee1f-4036-89f1-f996217cfd59,4.050851426000008,6.150976743770232e-05,1.5184420958453799e-05,30.810163090439406,82.8137362992831,20.0,2.9312268727571533e-05,0.00010964953216399675,2.250234778333228e-05,0.00016146414867489883,0.0,Germany,DEU,baden-wurttemberg,,,Linux-7.0.0-31-generic-x86_64-with-glibc2.43,3.14.4,3.3.0,24,Intel(R) Core(TM) Ultra 9 285K,1,1 x NVIDIA GeForce RTX 5090,9.1827,48.767,60.81614303588867,machine,0.0,0.0,0.0,0.0,N
rollout_81,2026-09-07T14:07:14,sac_Ant-v5_seed14577,2cbb4b1d-ee1f-4036-89f1-f996217cfd59,0.37028995000036957,4.7409373456893875e-06,1.2803042814695036e-05,30.786381501031304,82.76170255774191,20.0,2.7782305559165277e-06,7.614172758005355e-06,2.0526350000028837e-06,1.2445038313924767e-05,0.0,Germany,DEU,baden-wurttemberg,,,Linux-7.0.0-31-generic-x86_64-with-glibc2.43,3.14.4,3.3.0,24,Intel(R) Core(TM) Ultra 9 285K,1,1 x NVIDIA GeForce RTX 5090,9.1827,48.767,60.81614303588867,machine,0.0,0.0,0.0,0.0,N
gradient_updates_81,2026-09-07T14:07:18,sac_Ant-v5_seed14577,2cbb4b1d-ee1f-4036-89f1-f996217cfd59,4.151168338999923,6.12566956880627e-05,1.4756434951334461e-05,30.758219823429783,82.84382154953441,20.0,2.6497111753231994e-05,0.000111242033437986,2.3060685988892087e-05,0.00016079983118011051,0.0,Germany,DEU,baden-wurttemberg,,,Linux-7.0.0-31-generic-x86_64-with-glibc2.43,3.14.4,3.3.0,24,Intel(R) Core(TM) Ultra 9 285K,1,1 x NVIDIA GeForce RTX 5090,9.1827,48.767,60.81614303588867,machine,0.0,0.0,0.0,0.0,N
rollout_82,2026-09-07T14:07:18,sac_Ant-v5_seed14577,2cbb4b1d-ee1f-4036-89f1-f996217cfd59,0.37090860700027406,4.7521108790310115e-06,1.2811296778448615e-05,30.73467523168657,82.79264085408924,20.0,2.7764333322549684e-06,7.640283890011923e-06,2.0576517999969755e-06,1.2474369022262566e-05,0.0,Germany,DEU,baden-wurttemberg,,,Linux-7.0.0-31-generic-x86_64-with-glibc2.43,3.14.4,3.3.0,24,Intel(R) Core(TM) Ultra 9 285K,1,1 x NVIDIA GeForce RTX 5090,9.1827,48.767,60.81614303588867,machine,0.0,0.0,0.0,0.0,N
gradient_updates_82,2026-09-07T14:07:23,sac_Ant-v5_seed14577,2cbb4b1d-ee1f-4036-89f1-f996217cfd59,4.027727465999305,6.253305490475872e-05,1.5525664605867882e-05,30.711199847019547,82.8949401117944,20.0,2.9805720233443134e-05,0.00011196925624200327,2.237531858889077e-05,0.00016415029506433587,0.0,Germany,DEU,baden-wurttemberg,,,Linux-7.0.0-31-generic-x86_64-with-glibc2.43,3.14.4,3.3.0,24,Intel(R) Core(TM) Ultra 9 285K,1,1 x NVIDIA GeForce RTX 5090,9.1827,48.767,60.81614303588867,machine,0.0,0.0,0.0,0.0,N
rollout_83,2026-09-07T14:07:23,sac_Ant-v5_seed14577,2cbb4b1d-ee1f-4036-89f1-f996217cfd59,0.3524520829996618,4.0283310341207926e-06,1.1429235417149062e-05,30.735002178627152,82.71946846254835,20.0,3.4229471827934566e-06,5.19417082199547e-06,1.9573170499977144e-06,1.057443505478664e-05,0.0,Germany,DEU,baden-wurttemberg,,,Linux-7.0.0-31-generic-x86_64-with-glibc2.43,3.14.4,3.3.0,24,Intel(R) Core(TM) Ultra 9 285K,1,1 x NVIDIA GeForce RTX 5090,9.1827,48.767,60.81614303588867,machine,0.0,0.0,0.0,0.0,N
gradient_updates_83,2026-09-07T14:07:27,sac_Ant-v5_seed14577,2cbb4b1d-ee1f-4036-89f1-f996217cfd59,4.014368099000421,6.143787368802396e-05,1.5304521234554804e-05,30.748633832553523,82.81072814556532,20.0,2.9341446806468996e-05,0.00010963397659601026,2.230000299999939e-05,0.00016127542640247822,0.0,Germany,DEU,baden-wurttemberg,,,Linux-7.0.0-31-generic-x86_64-with-glibc2.43,3.14.4,3.3.0,24,Intel(R) Core(TM) Ultra 9 285K,1,1 x NVIDIA GeForce RTX 5090,9.1827,48.767,60.81614303588867,machine,0.0,0.0,0.0,0.0,N
rollout_84,2026-09-07T14:07:27,sac_Ant-v5_seed14577,2cbb4b1d-ee1f-4036-89f1-f996217cfd59,0.3524860819998139,4.970915746804749e-06,1.4102162205344318e-05,30.77268343336284,82.78408158696836,20.0,3.435239137081214e-06,7.656395013988515e-06,1.9571012388900147e-06,1.3048735389958876e-05,0.0,Germany,DEU,baden-wurttemberg,,,Linux-7.0.0-31-generic-x86_64-with-glibc2.43,3.14.4,3.3.0,24,Intel(R) Core(TM) Ultra 9 285K,1,1 x NVIDIA GeForce RTX 5090,9.1827,48.767,60.81614303588867,machine,0.0,0.0,0.0,0.0,N
gradient_updates_84,2026-09-07T14:07:31,sac_Ant-v5_seed14577,2cbb4b1d-ee1f-4036-89f1-f996217cfd59,4.015265891999661,6.160938003219821e-05,1.5343815288129287e-05,30.786780634913818,82.87480234563743,20.0,2.9590232561056695e-05,0.00010983036564200799,2.2305035166664093e-05,0.00016172563336972964,0.0,Germany,DEU,baden-wurttemberg,,,Linux-7.0.0-31-generic-x86_64-with-glibc2.43,3.14.4,3.3.0,24,Intel(R) Core(TM) Ultra 9 285K,1,1 x NVIDIA GeForce RTX 5090,9.1827,48.767,60.81614303588867,machine,0.0,0.0,0.0,0.0,N
rollout_85,2026-09-07T14:07:32,sac_Ant-v5_seed14577,2cbb4b1d-ee1f-4036-89f1-f996217cfd59,0.3488184430007095,4.1763741276965374e-06,1.1972512209020952e-05,30.808488390503317,82.73419696584497,20.0,3.3686771393828807e-06,5.6575045259965595e-06,1.9368689388910183e-06,1.0963050604270025e-05,0.0,Germany,DEU,baden-wurttemberg,,,Linux-7.0.0-31-generic-x86_64-with-glibc2.43,3.14.4,3.3.0,24,Intel(R) Core(TM) Ultra 9 285K,1,1 x NVIDIA GeForce RTX 5090,9.1827,48.767,60.81614303588867,machine,0.0,0.0,0.0,0.0,N
gradient_updates_85,2026-09-07T14:07:36,sac_Ant-v5_seed14577,2cbb4b1d-ee1f-4036-89f1-f996217cfd59,3.9961833360002856,6.14555728394861e-05,1.537859909906535e-05,30.81895177987778,82.82406364865294,20.0,2.983794998144551e-05,0.00010928564298400001,2.2198293999999008e-05,0.00016132188696544453,0.0,Germany,DEU,baden-wurttemberg,,,Linux-7.0.0-31-generic-x86_64-with-glibc2.43,3.14.4,3.3.0,24,Intel(R) Core(TM) Ultra 9 285K,1,1 x NVIDIA GeForce RTX 5090,9.1827,48.767,60.81614303588867,machine,0.0,0.0,0.0,0.0,N
rollout_86,2026-09-07T14:07:36,sac_Ant-v5_seed14577,2cbb4b1d-ee1f-4036-89f1-f996217cfd59,0.35012938599993504,4.9738929028203885e-06,1.4204960954448537e-05,30.843284281161946,82.80223987977715,20.0,3.4336283024558045e-06,7.678895032003918e-06,1.944027138885574e-06,1.3056550473344863e-05,0.0,Germany,DEU,baden-wurttemberg,,,Linux-7.0.0-31-generic-x86_64-with-glibc2.43,3.14.4,3.3.0,24,Intel(R) Core(TM) Ultra 9 285K,1,1 x NVIDIA GeForce RTX 5090,9.1827,48.767,60.81614303588867,machine,0.0,0.0,0.0,0.0,N
gradient_updates_86,2026-09-07T14:07:40,sac_Ant-v5_seed14577,2cbb4b1d-ee1f-4036-89f1-f996217cfd59,4.018680600999687,6.115781236700011e-05,1.5218381965821908e-05,30.8568974922113,82.88785435225118,20.0,2.887920782557174e-05,0.00010933758746999034,2.2323465544443147e-05,0.00016054026084000653,0.0,Germany,DEU,baden-wurttemberg,,,Linux-7.0.0-31-generic-x86_64-with-glibc2.43,3.14.4,3.3.0,24,Intel(R) Core(TM) Ultra 9 285K,1,1 x NVIDIA GeForce RTX 5090,9.1827,48.767,60.81614303588867,machine,0.0,0.0,0.0,0.0,N
rollout_87,2026-09-07T14:07:40,sac_Ant-v5_seed14577,2cbb4b1d-ee1f-4036-89f1-f996217cfd59,0.35197525000057794,4.929748473605014e-06,1.4005945920000288e-05,30.877030076120565,82.85904158929375,20.0,3.38663132040673e-06,7.599728301999065e-06,1.9543109999985153e-06,1.294067062240431e-05,0.0,Germany,DEU,baden-wurttemberg,,,Linux-7.0.0-31-generic-x86_64-with-glibc2.43,3.14.4,3.3.0,24,Intel(R) Core(TM) Ultra 9 285K,1,1 x NVIDIA GeForce RTX 5090,9.1827,48.767,60.81614303588867,machine,0.0,0.0,0.0,0.0,N
gradient_updates_87,2026-09-07T14:07:44,sac_Ant-v5_seed14577,2cbb4b1d-ee1f-4036-89f1-f996217cfd59,4.010888044999774,6.13535583270982e-05,1.5296802962816826e-05,30.887786264954993,82.94532390077376,20.0,2.926037201939763e-05,0.0001095134209440074,2.2280304233335095e-05,0.000161054097196741,0.0,Germany,DEU,baden-wurttemberg,,,Linux-7.0.0-31-generic-x86_64-with-glibc2.43,3.14.4,3.3.0,24,Intel(R) Core(TM) Ultra 9 285K,1,1 x NVIDIA GeForce RTX 5090,9.1827,48.767,60.81614303588867,machine,0.0,0.0,0.0,0.0,N
rollout_88,2026-09-07T14:07:45,sac_Ant-v5_seed14577,2cbb4b1d-ee1f-4036-89f1-f996217cfd59,0.3488831350005057,4.044412702837105e-06,1.1592197624902725e-05,30.906860296935847,82.79036162765524,20.0,3.345704065446653e-06,5.333615378008694e-06,1.9373302555525385e-06,1.0616649699007885e-05,0.0,Germany,DEU,baden-wurttemberg,,,Linux-7.0.0-31-generic-x86_64-with-glibc2.43,3.14.4,3.3.0,24,Intel(R) Core(TM) Ultra 9 285K,1,1 x NVIDIA GeForce RTX 5090,9.1827,48.767,60.81614303588867,machine,0.0,0.0,0.0,0.0,N
gradient_updates_88,2026-09-07T14:07:49,sac_Ant-v5_seed14577,2cbb4b1d-ee1f-4036-89f1-f996217cfd59,4.027730832000088,6.15729170436027e-05,1.5287277998450155e-05,30.915432060444047,82.88241874849345,20.0,2.7993063783329775e-05,0.00011126231123199937,2.2374542411110736e-05,0.0001616299174264403,0.0,Germany,DEU,baden-wurttemberg,,,Linux-7.0.0-31-generic-x86_64-with-glibc2.43,3.14.4,3.3.0,24,Intel(R) Core(TM) Ultra 9 285K,1,1 x NVIDIA GeForce RTX 5090,9.1827,48.767,60.81614303588867,machine,0.0,0.0,0.0,0.0,N
rollout_89,2026-09-07T14:07:49,sac_Ant-v5_seed14577,2cbb4b1d-ee1f-4036-89f1-f996217cfd59,0.36295733000042674,3.7677186055977765e-06,1.0380396710581928e-05,30.89588021954853,82.70285609438805,20.0,2.7852833393432475e-06,5.0811151759838635e-06,2.0239246388883275e-06,9.890323154213704e-06,0.0,Germany,DEU,baden-wurttemberg,,,Linux-7.0.0-31-generic-x86_64-with-glibc2.43,3.14.4,3.3.0,24,Intel(R) Core(TM) Ultra 9 285K,1,1 x NVIDIA GeForce RTX 5090,9.1827,48.767,60.81614303588867,machine,0.0,0.0,0.0,0.0,N
gradient_updates_89,2026-09-07T14:07:53,sac_Ant-v5_seed14577,2cbb4b1d-ee1f-4036-89f1-f996217cfd59,4.010706811999626,6.076255468906878e-05,1.5150120697098734e-05,30.87468645228798,82.78375266717983,20.0,2.8600888158467064e-05,0.00010862230912001003,2.2279505672223327e-05,0.0001595027029507,0.0,Germany,DEU,baden-wurttemberg,,,Linux-7.0.0-31-generic-x86_64-with-glibc2.43,3.14.4,3.3.0,24,Intel(R) Core(TM) Ultra 9 285K,1,1 x NVIDIA GeForce RTX 5090,9.1827,48.767,60.81614303588867,machine,0.0,0.0,0.0,0.0,N
rollout_90,2026-09-07T14:07:53,sac_Ant-v5_seed14577,2cbb4b1d-ee1f-4036-89f1-f996217cfd59,0.3669239249993552,3.841947413900024e-06,1.0470293211553817e-05,30.85668776080887,82.61049672899365,20.0,2.836451158047537e-06,5.204448608006618e-06,2.044275227778159e-06,1.008517499383188e-05,0.0,Germany,DEU,baden-wurttemberg,,,Linux-7.0.0-31-generic-x86_64-with-glibc2.43,3.14.4,3.3.0,24,Intel(R) Core(TM) Ultra 9 285K,1,1 x NVIDIA GeForce RTX 5090,9.1827,48.767,60.81614303588867,machine,0.0,0.0,0.0,0.0,N
gradient_updates_90,2026-09-07T14:07:58,sac_Ant-v5_seed14577,2cbb4b1d-ee1f-4036-89f1-f996217cfd59,4.032864664999579,6.238836701186884e-05,1.54699808913945e-05,30.83785416983527,82.70220191603319,20.0,2.9825759971700838e-05,0.00011154175590000204,2.2402971099998083e-05,0.00016377048697169966,0.0,Germany,DEU,baden-wurttemberg,,,Linux-7.0.0-31-generic-x86_64-with-glibc2.43,3.14.4,3.3.0,24,Intel(R) Core(TM) Ultra 9 285K,1,1 x NVIDIA GeForce RTX 5090,9.1827,48.767,60.81614303588867,machine,0.0,0.0,0.0,0.0,N
rollout_91,2026-09-07T14:07:58,sac_Ant-v5_seed14577,2cbb4b1d-ee1f-4036-89f1-f996217cfd59,0.3493687199998021,3.971367775289572e-06,1.1367139923582256e-05,30.855598503458282,82.54312978483038,20.0,3.332259332466947e-06,5.152781899997461e-06,1.939864333331317e-06,1.0424905565794423e-05,0.0,Germany,DEU,baden-wurttemberg,,,Linux-7.0.0-31-generic-x86_64-with-glibc2.43,3.14.4,3.3.0,24,Intel(R) Core(TM) Ultra 9 285K,1,1 x NVIDIA GeForce RTX 5090,9.1827,48.767,60.81614303588867,machine,0.0,0.0,0.0,0.0,N
gradient_updates_91,2026-09-07T14:08:02,sac_Ant-v5_seed14577,2cbb4b1d-ee1f-4036-89f1-f996217cfd59,4.0118813510007385,6.118036694786454e-05,1.5249813127938795e-05,30.864620036968883,82.62554522965836,20.0,2.9166598611039818e-05,0.00010914786509599872,2.2285003277774246e-05,0.00016059946698481278,0.0,Germany,DEU,baden-wurttemberg,,,Linux-7.0.0-31-generic-x86_64-with-glibc2.43,3.14.4,3.3.0,24,Intel(R) Core(TM) Ultra 9 285K,1,1 x NVIDIA GeForce RTX 5090,9.1827,48.767,60.81614303588867,machine,0.0,0.0,0.0,0.0,N
rollout_92,2026-09-07T14:08:02,sac_Ant-v5_seed14577,2cbb4b1d-ee1f-4036-89f1-f996217cfd59,0.35260404600012407,4.912053974580159e-06,1.393079864625426e-05,30.883990701284684,82.59579064992053,20.0,3.399092719277852e-06,7.538339363996616e-06,1.956790188887853e-06,1.2894222272161887e-05,0.0,Germany,DEU,baden-wurttemberg,,,Linux-7.0.0-31-generic-x86_64-with-glibc2.43,3.14.4,3.3.0,24,Intel(R) Core(TM) Ultra 9 285K,1,1 x NVIDIA GeForce RTX 5090,9.1827,48.767,60.81614303588867,machine,0.0,0.0,0.0,0.0,N
gradient_updates_92,2026-09-07T14:08:06,sac_Ant-v5_seed14577,2cbb4b1d-ee1f-4036-89f1-f996217cfd59,4.014899171000252,6.145595900019542e-05,1.5306974046115882e-05,30.89466766554859,82.67815872427603,20.0,2.9551508918965186e-05,0.00010946842090800435,2.2302970816670195e-05,0.00016132290064364146,0.0,Germany,DEU,baden-wurttemberg,,,Linux-7.0.0-31-generic-x86_64-with-glibc2.43,3.14.4,3.3.0,24,Intel(R) Core(TM) Ultra 9 285K,1,1 x NVIDIA GeForce RTX 5090,9.1827,48.767,60.81614303588867,machine,0.0,0.0,0.0,0.0,N
rollout_93,2026-09-07T14:08:07,sac_Ant-v5_seed14577,2cbb4b1d-ee1f-4036-89f1-f996217cfd59,0.3477577769999698,4.172523081699686e-06,1.1998230504993994e-05,30.91296284044628,82.552709550562,20.0,3.3397362829007404e-06,5.68222676800012e-06,1.9309784944450056e-06,1.0952941545346734e-05,0.0,Germany,DEU,baden-wurttemberg,,,Linux-7.0.0-31-generic-x86_64-with-glibc2.43,3.14.4,3.3.0,24,Intel(R) Core(TM) Ultra 9 285K,1,1 x NVIDIA GeForce RTX 5090,9.1827,48.767,60.81614303588867,machine,0.0,0.0,0.0,0.0,N
gradient_updates_93,2026-09-07T14:08:11,sac_Ant-v5_seed14577,2cbb4b1d-ee1f-4036-89f1-f996217cfd59,4.005981201000395,6.22190035254903e-05,1.5531554020080007e-05,30.922803596688116,82.64558013854489,20.0,2.9480572751101886e-05,0.00011159203371799431,2.2253298572220623e-05,0.00016332590504131855,0.0,Germany,DEU,baden-wurttemberg,,,Linux-7.0.0-31-generic-x86_64-with-glibc2.43,3.14.4,3.3.0,24,Intel(R) Core(TM) Ultra 9 285K,1,1 x NVIDIA GeForce RTX 5090,9.1827,48.767,60.81614303588867,machine,0.0,0.0,0.0,0.0,N
rollout_94,2026-09-07T14:08:11,sac_Ant-v5_seed14577,2cbb4b1d-ee1f-4036-89f1-f996217cfd59,0.3504963700006556,3.987560660928709e-06,1.1376191064252365e-05,30.94012746956034,82.4917385496305,20.0,3.354215183375142e-06,5.1675041339988015e-06,1.9456928388888496e-06,1.0467412156264094e-05,0.0,Germany,DEU,baden-wurttemberg,,,Linux-7.0.0-31-generic-x86_64-with-glibc2.43,3.14.4,3.3.0,24,Intel(R) Core(TM) Ultra 9 285K,1,1 x NVIDIA GeForce RTX 5090,9.1827,48.767,60.81614303588867,machine,0.0,0.0,0.0,0.0,N
gradient_updates_94,2026-09-07T14:08:15,sac_Ant-v5_seed14577,2cbb4b1d-ee1f-4036-89f1-f996217cfd59,4.0192646030000105,6.135312754692365e-05,1.5264787282458228e-05,30.949462744121515,82.56968840287016,20.0,2.98391030379222e-05,0.00010888675377601631,2.232710957777691e-05,0.00016105296639171499,0.0,Germany,DEU,baden-wurttemberg,,,Linux-7.0.0-31-generic-x86_64-with-glibc2.43,3.14.4,3.3.0,24,Intel(R) Core(TM) Ultra 9 285K,1,1 x NVIDIA GeForce RTX 5090,9.1827,48.767,60.81614303588867,machine,0.0,0.0,0.0,0.0,N
rollout_95,2026-09-07T14:08:15,sac_Ant-v5_seed14577,2cbb4b1d-ee1f-4036-89f1-f996217cfd59,0.3529695869992793,4.879085867527666e-06,1.3822662031857138e-05,30.96428407589361,82.53907655112408,20.0,3.335887668709514e-06,7.5116726759999475e-06,1.9601201055544776e-06,1.2807680450262204e-05,0.0,Germany,DEU,baden-wurttemberg,,,Linux-7.0.0-31-generic-x86_64-with-glibc2.43,3.14.4,3.3.0,24,Intel(R) Core(TM) Ultra 9 285K,1,1 x NVIDIA GeForce RTX 5090,9.1827,48.767,60.81614303588867,machine,0.0,0.0,0.0,0.0,N
gradient_updates_95,2026-09-07T14:08:19,sac_Ant-v5_seed14577,2cbb4b1d-ee1f-4036-89f1-f996217cfd59,3.9951266999996733,6.108302017753323e-05,1.528940811464012e-05,30.968679602201433,82.62181930986067,20.0,2.8658396815595122e-05,0.00010949314314999403,2.2192390150000286e-05,0.000160343930115589,0.0,Germany,DEU,baden-wurttemberg,,,Linux-7.0.0-31-generic-x86_64-with-glibc2.43,3.14.4,3.3.0,24,Intel(R) Core(TM) Ultra 9 285K,1,1 x NVIDIA GeForce RTX 5090,9.1827,48.767,60.81614303588867,machine,0.0,0.0,0.0,0.0,N
rollout_96,2026-09-07T14:08:20,sac_Ant-v5_seed14577,2cbb4b1d-ee1f-4036-89f1-f996217cfd59,0.34560382399922673,4.0459307171381714e-06,1.1706870817743421e-05,30.983022069973636,82.48951678103593,20.0,3.2618148316718165e-06,5.440004352000316e-06,1.9188153277810427e-06,1.0620634511453175e-05,0.0,Germany,DEU,baden-wurttemberg,,,Linux-7.0.0-31-generic-x86_64-with-glibc2.43,3.14.4,3.3.0,24,Intel(R) Core(TM) Ultra 9 285K,1,1 x NVIDIA GeForce RTX 5090,9.1827,48.767,60.81614303588867,machine,0.0,0.0,0.0,0.0,N
gradient_updates_96,2026-09-07T14:08:24,sac_Ant-v5_seed14577,2cbb4b1d-ee1f-4036-89f1-f996217cfd59,4.04895383100029,6.200788574463757e-05,1.53145851774167e-05,30.98886123212446,82.57403078716152,20.0,2.8755324115350978e-05,0.00011151925588200051,2.2497137405555912e-05,0.00016277171740290697,0.0,Germany,DEU,baden-wurttemberg,,,Linux-7.0.0-31-generic-x86_64-with-glibc2.43,3.14.4,3.3.0,24,Intel(R) Core(TM) Ultra 9 285K,1,1 x NVIDIA GeForce RTX 5090,9.1827,48.767,60.81614303588867,machine,0.0,0.0,0.0,0.0,N
rollout_97,2026-09-07T14:08:24,sac_Ant-v5_seed14577,2cbb4b1d-ee1f-4036-89f1-f996217cfd59,0.38539035899975715,5.114443392004175e-06,1.3271220527952845e-05,31.017901632067954,82.50343120016365,20.0,3.953121495821332e-06,7.3344503119937565e-06,2.1379260055558007e-06,1.3425497813371323e-05,0.0,Germany,DEU,baden-wurttemberg,,,Linux-7.0.0-31-generic-x86_64-with-glibc2.43,3.14.4,3.3.0,24,Intel(R) Core(TM) Ultra 9 285K,1,1 x NVIDIA GeForce RTX 5090,9.1827,48.767,60.81614303588867,machine,0.0,0.0,0.0,0.0,N
gradient_updates_97,2026-09-07T14:08:28,sac_Ant-v5_seed14577,2cbb4b1d-ee1f-4036-89f1-f996217cfd59,4.065880812000614,6.178472971979203e-05,1.519592502968311e-05,31.036187930159482,82.57750210576968,20.0,2.975621380494481e-05,0.00010983953231601118,2.259018305555624e-05,0.00016218592917651223,0.0,Germany,DEU,baden-wurttemberg,,,Linux-7.0.0-31-generic-x86_64-with-glibc2.43,3.14.4,3.3.0,24,Intel(R) Core(TM) Ultra 9 285K,1,1 x NVIDIA GeForce RTX 5090,9.1827,48.767,60.81614303588867,machine,0.0,0.0,0.0,0.0,N
rollout_98,2026-09-07T14:08:29,sac_Ant-v5_seed14577,2cbb4b1d-ee1f-4036-89f1-f996217cfd59,0.36271253599988995,4.9153683327647635e-06,1.3550791907166111e-05,31.034472856388852,82.55080937138545,20.0,3.109888321237153e-06,7.779172889979535e-06,2.0138613055576196e-06,1.290292251677344e-05,0.0,Germany,DEU,baden-wurttemberg,,,Linux-7.0.0-31-generic-x86_64-with-glibc2.43,3.14.4,3.3.0,24,Intel(R) Core(TM) Ultra 9 285K,1,1 x NVIDIA GeForce RTX 5090,9.1827,48.767,60.81614303588867,machine,0.0,0.0,0.0,0.0,N
gradient_updates_98,2026-09-07T14:08:33,sac_Ant-v5_seed14577,2cbb4b1d-ee1f-4036-89f1-f996217cfd59,4.033994350999819,6.137425381550193e-05,1.5214320237744954e-05,31.028749340143726,82.62333215325292,20.0,2.987443528842254e-05,0.00010882564261602279,2.2408345288891466e-05,0.0001611084231933381,0.0,Germany,DEU,baden-wurttemberg,,,Linux-7.0.0-31-generic-x86_64-with-glibc2.43,3.14.4,3.3.0,24,Intel(R) Core(TM) Ultra 9 285K,1,1 x NVIDIA GeForce RTX 5090,9.1827,48.767,60.81614303588867,machine,0.0,0.0,0.0,0.0,N
rollout_99,2026-09-07T14:08:33,sac_Ant-v5_seed14577,2cbb4b1d-ee1f-4036-89f1-f996217cfd59,0.3441712820003886,4.919789013165497e-06,1.4294755895767063e-05,31.043315809738537,82.61519412872764,20.0,3.2664431686979523e-06,7.737506189986476e-06,1.9105775166685345e-06,1.2914526875351662e-05,0.0,Germany,DEU,baden-wurttemberg,,,Linux-7.0.0-31-generic-x86_64-with-glibc2.43,3.14.4,3.3.0,24,Intel(R) Core(TM) Ultra 9 285K,1,1 x NVIDIA GeForce RTX 5090,9.1827,48.767,60.81614303588867,machine,0.0,0.0,0.0,0.0,N
gradient_updates_99,2026-09-07T14:08:37,sac_Ant-v5_seed14577,2cbb4b1d-ee1f-4036-89f1-f996217cfd59,4.043331594999472,6.043814600545372e-05,1.4947636856593002e-05,31.048102716636638,82.68649040960796,20.0,2.7182874524057932e-05,0.00010901230943201334,2.2455940877777383e-05,0.00015865112483384736,0.0,Germany,DEU,baden-wurttemberg,,,Linux-7.0.0-31-generic-x86_64-with-glibc2.43,3.14.4,3.3.0,24,Intel(R) Core(TM) Ultra 9 285K,1,1 x NVIDIA GeForce RTX 5090,9.1827,48.767,60.81614303588867,machine,0.0,0.0,0.0,0.0,N
idle_baseline_tail,2026-09-07T14:10:07,sac_Ant-v5_seed14577,2cbb4b1d-ee1f-4036-89f1-f996217cfd59,90.00377106899941,0.0006728566882432396,7.4758728625014764e-06,31.014086175459152,82.4469696525436,20.0,0.00042061464676922816,0.0008456312320599818,0.0005000139669333295,0.001766259845762539,0.0,Germany,DEU,baden-wurttemberg,,,Linux-7.0.0-31-generic-x86_64-with-glibc2.43,3.14.4,3.3.0,24,Intel(R) Core(TM) Ultra 9 285K,1,1 x NVIDIA GeForce RTX 5090,9.1827,48.767,60.81614303588867,machine,0.0,0.0,0.0,0.0,N
