task_name,timestamp,project_name,run_id,duration,emissions,emissions_rate,cpu_power,gpu_power,ram_power,cpu_energy,gpu_energy,ram_energy,energy_consumed,water_consumed,country_name,country_iso_code,region,cloud_provider,cloud_region,os,python_version,codecarbon_version,cpu_count,cpu_model,gpu_count,gpu_model,longitude,latitude,ram_total_size,tracking_mode,cpu_utilization_percent,gpu_utilization_percent,ram_utilization_percent,ram_used_gb,on_cloud
idle_baseline_head,2026-09-17T20:29:44,td3_Ant-v5_seed14577,85e4d934-cdd0-42e9-9e36-7d29454cbae4,90.00278226599767,0.0006054022640556155,6.726483708273851e-06,15.469247839149311,13.392361101586944,20.0,0.0003794743110792061,0.0006925752762819704,0.0005171412882277865,0.001589190875588963,0.0,Germany,DEU,baden-wurttemberg,,,Linux-7.0.0-31-generic-x86_64-with-glibc2.43,3.14.4,3.3.0,24,Intel(R) Core(TM) Ultra 9 285K,1,1 x NVIDIA GeForce RTX 5090,9.2986,48.7383,60.81613540649414,machine,0.0,0.0,0.0,0.0,N
warmup_0,2026-09-17T20:29:45,td3_Ant-v5_seed14577,85e4d934-cdd0-42e9-9e36-7d29454cbae4,1.3426316530021722,1.5924598088358846e-05,1.1860686928606555e-05,18.896802569628125,27.32501481283083,20.0,1.3758062950885823e-05,2.0585016467844497e-05,7.459251827781851e-06,4.180233124651228e-05,0.0,Germany,DEU,baden-wurttemberg,,,Linux-7.0.0-31-generic-x86_64-with-glibc2.43,3.14.4,3.3.0,24,Intel(R) Core(TM) Ultra 9 285K,1,1 x NVIDIA GeForce RTX 5090,9.2986,48.7383,60.81613540649414,machine,0.0,0.0,0.0,0.0,N
rollout_0,2026-09-17T20:29:46,td3_Ant-v5_seed14577,85e4d934-cdd0-42e9-9e36-7d29454cbae4,0.3386420079987147,3.8458605666555215e-06,1.1357024778485068e-05,22.609291942648063,33.85389522147204,20.0,3.193048665548013e-06,5.023059574060795e-06,1.8793388444060793e-06,1.0095447084014888e-05,0.0,Germany,DEU,baden-wurttemberg,,,Linux-7.0.0-31-generic-x86_64-with-glibc2.43,3.14.4,3.3.0,24,Intel(R) Core(TM) Ultra 9 285K,1,1 x NVIDIA GeForce RTX 5090,9.2986,48.7383,60.81613540649414,machine,0.0,0.0,0.0,0.0,N
gradient_updates_0,2026-09-17T20:29:48,td3_Ant-v5_seed14577,85e4d934-cdd0-42e9-9e36-7d29454cbae4,2.0913553749996936,3.528631920701286e-05,1.6872498862144614e-05,24.520659098222108,49.19084326774644,20.0,1.686581488153033e-05,6.415421798999787e-05,1.1607133966673325e-05,9.262716683820153e-05,0.0,Germany,DEU,baden-wurttemberg,,,Linux-7.0.0-31-generic-x86_64-with-glibc2.43,3.14.4,3.3.0,24,Intel(R) Core(TM) Ultra 9 285K,1,1 x NVIDIA GeForce RTX 5090,9.2986,48.7383,60.81613540649414,machine,0.0,0.0,0.0,0.0,N
rollout_1,2026-09-17T20:29:48,td3_Ant-v5_seed14577,85e4d934-cdd0-42e9-9e36-7d29454cbae4,0.26667329799965955,4.137673347942702e-06,1.5516068535570934e-05,26.613302616342594,55.8957634151573,20.0,2.766989991367496e-06,6.615283069999478e-06,1.4791873611102188e-06,1.0861460422477301e-05,0.0,Germany,DEU,baden-wurttemberg,,,Linux-7.0.0-31-generic-x86_64-with-glibc2.43,3.14.4,3.3.0,24,Intel(R) Core(TM) Ultra 9 285K,1,1 x NVIDIA GeForce RTX 5090,9.2986,48.7383,60.81613540649414,machine,0.0,0.0,0.0,0.0,N
gradient_updates_1,2026-09-17T20:29:50,td3_Ant-v5_seed14577,85e4d934-cdd0-42e9-9e36-7d29454cbae4,1.9612240700007533,3.446574243878733e-05,1.7573709385197657e-05,27.537676784273433,64.62301644431277,20.0,1.5864246858053946e-05,6.371643986202713e-05,1.0892452638856603e-05,9.047313935893779e-05,0.0,Germany,DEU,baden-wurttemberg,,,Linux-7.0.0-31-generic-x86_64-with-glibc2.43,3.14.4,3.3.0,24,Intel(R) Core(TM) Ultra 9 285K,1,1 x NVIDIA GeForce RTX 5090,9.2986,48.7383,60.81613540649414,machine,0.0,0.0,0.0,0.0,N
rollout_2,2026-09-17T20:29:50,td3_Ant-v5_seed14577,85e4d934-cdd0-42e9-9e36-7d29454cbae4,0.26319741000042995,2.9425919092067885e-06,1.1179531923514346e-05,28.629777646413103,62.69194365228263,20.0,2.671860193041893e-06,3.5919473180268113e-06,1.460544527799373e-06,7.724352038868077e-06,0.0,Germany,DEU,baden-wurttemberg,,,Linux-7.0.0-31-generic-x86_64-with-glibc2.43,3.14.4,3.3.0,24,Intel(R) Core(TM) Ultra 9 285K,1,1 x NVIDIA GeForce RTX 5090,9.2986,48.7383,60.81613540649414,machine,0.0,0.0,0.0,0.0,N
gradient_updates_2,2026-09-17T20:29:52,td3_Ant-v5_seed14577,85e4d934-cdd0-42e9-9e36-7d29454cbae4,1.9692810129999998,3.425461991008664e-05,1.7394640390371133e-05,29.077640945522806,68.54119690368628,20.0,1.5905055501812e-05,6.307643934999607e-05,1.0937444405539638e-05,8.991893925734771e-05,0.0,Germany,DEU,baden-wurttemberg,,,Linux-7.0.0-31-generic-x86_64-with-glibc2.43,3.14.4,3.3.0,24,Intel(R) Core(TM) Ultra 9 285K,1,1 x NVIDIA GeForce RTX 5090,9.2986,48.7383,60.81613540649414,machine,0.0,0.0,0.0,0.0,N
rollout_3,2026-09-17T20:29:53,td3_Ant-v5_seed14577,85e4d934-cdd0-42e9-9e36-7d29454cbae4,0.26007939400005853,3.827117449420824e-06,1.4715110229816327e-05,29.737616448376098,70.01028526084222,20.0,2.5973123556257555e-06,6.006115915946353e-06,1.4428178221957515e-06,1.004624609376786e-05,0.0,Germany,DEU,baden-wurttemberg,,,Linux-7.0.0-31-generic-x86_64-with-glibc2.43,3.14.4,3.3.0,24,Intel(R) Core(TM) Ultra 9 285K,1,1 x NVIDIA GeForce RTX 5090,9.2986,48.7383,60.81613540649414,machine,0.0,0.0,0.0,0.0,N
gradient_updates_3,2026-09-17T20:29:54,td3_Ant-v5_seed14577,85e4d934-cdd0-42e9-9e36-7d29454cbae4,1.9700626129997545,3.340948001938945e-05,1.6958603761985688e-05,29.9696921817952,73.76866230508402,20.0,1.5833102110915896e-05,6.0925048739890464e-05,1.0942282327798406e-05,8.770043317860477e-05,0.0,Germany,DEU,baden-wurttemberg,,,Linux-7.0.0-31-generic-x86_64-with-glibc2.43,3.14.4,3.3.0,24,Intel(R) Core(TM) Ultra 9 285K,1,1 x NVIDIA GeForce RTX 5090,9.2986,48.7383,60.81613540649414,machine,0.0,0.0,0.0,0.0,N
rollout_4,2026-09-17T20:29:55,td3_Ant-v5_seed14577,85e4d934-cdd0-42e9-9e36-7d29454cbae4,0.25277553400519537,3.9692606430119905e-06,1.5702295245897747e-05,30.3963813373438,75.43873322720033,20.0,2.483736709209868e-06,6.541394122039357e-06,1.3942434777466928e-06,1.0419374308995918e-05,0.0,Germany,DEU,baden-wurttemberg,,,Linux-7.0.0-31-generic-x86_64-with-glibc2.43,3.14.4,3.3.0,24,Intel(R) Core(TM) Ultra 9 285K,1,1 x NVIDIA GeForce RTX 5090,9.2986,48.7383,60.81613540649414,machine,0.0,0.0,0.0,0.0,N
gradient_updates_4,2026-09-17T20:29:57,td3_Ant-v5_seed14577,85e4d934-cdd0-42e9-9e36-7d29454cbae4,1.9652152639973792,3.437599288083528e-05,1.749233067712554e-05,30.518726077120782,78.59112650754493,20.0,1.5783256793262118e-05,6.353921749802094e-05,1.0915071005567541e-05,9.02375452968506e-05,0.0,Germany,DEU,baden-wurttemberg,,,Linux-7.0.0-31-generic-x86_64-with-glibc2.43,3.14.4,3.3.0,24,Intel(R) Core(TM) Ultra 9 285K,1,1 x NVIDIA GeForce RTX 5090,9.2986,48.7383,60.81613540649414,machine,0.0,0.0,0.0,0.0,N
rollout_5,2026-09-17T20:29:57,td3_Ant-v5_seed14577,85e4d934-cdd0-42e9-9e36-7d29454cbae4,0.2406290440048906,2.8049480477648813e-06,1.1656962606962729e-05,30.930976116854293,76.80832497565599,20.0,2.4457591788281004e-06,3.581947309982958e-06,1.3353281555383194e-06,7.363034644349269e-06,0.0,Germany,DEU,baden-wurttemberg,,,Linux-7.0.0-31-generic-x86_64-with-glibc2.43,3.14.4,3.3.0,24,Intel(R) Core(TM) Ultra 9 285K,1,1 x NVIDIA GeForce RTX 5090,9.2986,48.7383,60.81613540649414,machine,0.0,0.0,0.0,0.0,N
gradient_updates_5,2026-09-17T20:29:59,td3_Ant-v5_seed14577,85e4d934-cdd0-42e9-9e36-7d29454cbae4,1.9518628529986017,3.4232832877337444e-05,1.7538585386106204e-05,31.03137426888821,79.49840959056964,20.0,1.5513142688281748e-05,6.35078285839974e-05,1.0840776666656035e-05,8.986174793893529e-05,0.0,Germany,DEU,baden-wurttemberg,,,Linux-7.0.0-31-generic-x86_64-with-glibc2.43,3.14.4,3.3.0,24,Intel(R) Core(TM) Ultra 9 285K,1,1 x NVIDIA GeForce RTX 5090,9.2986,48.7383,60.81613540649414,machine,0.0,0.0,0.0,0.0,N
rollout_6,2026-09-17T20:29:59,td3_Ant-v5_seed14577,85e4d934-cdd0-42e9-9e36-7d29454cbae4,0.24358952500188025,2.776099198805327e-06,1.1395533251711658e-05,31.286481938090233,77.80082029580929,20.0,2.395642472068256e-06,3.5394472760463813e-06,1.3522161944112604e-06,7.287305942526006e-06,0.0,Germany,DEU,baden-wurttemberg,,,Linux-7.0.0-31-generic-x86_64-with-glibc2.43,3.14.4,3.3.0,24,Intel(R) Core(TM) Ultra 9 285K,1,1 x NVIDIA GeForce RTX 5090,9.2986,48.7383,60.81613540649414,machine,0.0,0.0,0.0,0.0,N
gradient_updates_6,2026-09-17T20:30:01,td3_Ant-v5_seed14577,85e4d934-cdd0-42e9-9e36-7d29454cbae4,1.9597511300016777,3.423798196172819e-05,1.7470640584906233e-05,31.318345423650385,80.08030677653316,20.0,1.5554137998856354e-05,6.343616185999768e-05,1.0884964511084674e-05,8.987526436993881e-05,0.0,Germany,DEU,baden-wurttemberg,,,Linux-7.0.0-31-generic-x86_64-with-glibc2.43,3.14.4,3.3.0,24,Intel(R) Core(TM) Ultra 9 285K,1,1 x NVIDIA GeForce RTX 5090,9.2986,48.7383,60.81613540649414,machine,0.0,0.0,0.0,0.0,N
rollout_7,2026-09-17T20:30:01,td3_Ant-v5_seed14577,85e4d934-cdd0-42e9-9e36-7d29454cbae4,0.23643592499865917,2.759095654905077e-06,1.1668884960682467e-05,31.528285588059443,78.68221837651386,20.0,2.3250624156040053e-06,3.605002884099484e-06,1.3126060611183413e-06,7.242671360821722e-06,0.0,Germany,DEU,baden-wurttemberg,,,Linux-7.0.0-31-generic-x86_64-with-glibc2.43,3.14.4,3.3.0,24,Intel(R) Core(TM) Ultra 9 285K,1,1 x NVIDIA GeForce RTX 5090,9.2986,48.7383,60.81613540649414,machine,0.0,0.0,0.0,0.0,N
gradient_updates_7,2026-09-17T20:30:03,td3_Ant-v5_seed14577,85e4d934-cdd0-42e9-9e36-7d29454cbae4,1.9481132770015392,3.422159171954898e-05,1.7566594351082647e-05,31.541667585550062,80.72744830017021,20.0,1.5420691503210092e-05,6.359171753989035e-05,1.0819830672213976e-05,8.98322397153142e-05,0.0,Germany,DEU,baden-wurttemberg,,,Linux-7.0.0-31-generic-x86_64-with-glibc2.43,3.14.4,3.3.0,24,Intel(R) Core(TM) Ultra 9 285K,1,1 x NVIDIA GeForce RTX 5090,9.2986,48.7383,60.81613540649414,machine,0.0,0.0,0.0,0.0,N
rollout_8,2026-09-17T20:30:04,td3_Ant-v5_seed14577,85e4d934-cdd0-42e9-9e36-7d29454cbae4,0.23958993499400094,2.759580046822062e-06,1.1517848630306472e-05,31.72374723536696,79.35998726657672,20.0,2.361886889507784e-06,3.5516695080506366e-06,1.3303864999922917e-06,7.243942897550929e-06,0.0,Germany,DEU,baden-wurttemberg,,,Linux-7.0.0-31-generic-x86_64-with-glibc2.43,3.14.4,3.3.0,24,Intel(R) Core(TM) Ultra 9 285K,1,1 x NVIDIA GeForce RTX 5090,9.2986,48.7383,60.81613540649414,machine,0.0,0.0,0.0,0.0,N
gradient_updates_8,2026-09-17T20:30:06,td3_Ant-v5_seed14577,85e4d934-cdd0-42e9-9e36-7d29454cbae4,1.9558031699998537,3.4254119372536e-05,1.751415382746662e-05,31.72448084229496,81.1625142703191,20.0,1.538764786566428e-05,6.36669953779645e-05,1.0862982094436637e-05,8.99176253380653e-05,0.0,Germany,DEU,baden-wurttemberg,,,Linux-7.0.0-31-generic-x86_64-with-glibc2.43,3.14.4,3.3.0,24,Intel(R) Core(TM) Ultra 9 285K,1,1 x NVIDIA GeForce RTX 5090,9.2986,48.7383,60.81613540649414,machine,0.0,0.0,0.0,0.0,N
rollout_9,2026-09-17T20:30:06,td3_Ant-v5_seed14577,85e4d934-cdd0-42e9-9e36-7d29454cbae4,0.241517449998355,2.7595569389153064e-06,1.142543435485424e-05,31.88271030799943,79.8589217917571,20.0,2.3824863504317076e-06,3.520280594027092e-06,1.3411152944576557e-06,7.243882238916564e-06,0.0,Germany,DEU,baden-wurttemberg,,,Linux-7.0.0-31-generic-x86_64-with-glibc2.43,3.14.4,3.3.0,24,Intel(R) Core(TM) Ultra 9 285K,1,1 x NVIDIA GeForce RTX 5090,9.2986,48.7383,60.81613540649414,machine,0.0,0.0,0.0,0.0,N
gradient_updates_9,2026-09-17T20:30:08,td3_Ant-v5_seed14577,85e4d934-cdd0-42e9-9e36-7d29454cbae4,1.9577969279998797,3.4315209190745604e-05,1.752759991647979e-05,31.88289971068507,81.47666780671555,20.0,1.5552035497174484e-05,6.365199536595423e-05,1.08739562499977e-05,9.007798711312652e-05,0.0,Germany,DEU,baden-wurttemberg,,,Linux-7.0.0-31-generic-x86_64-with-glibc2.43,3.14.4,3.3.0,24,Intel(R) Core(TM) Ultra 9 285K,1,1 x NVIDIA GeForce RTX 5090,9.2986,48.7383,60.81613540649414,machine,0.0,0.0,0.0,0.0,N
rollout_10,2026-09-17T20:30:08,td3_Ant-v5_seed14577,85e4d934-cdd0-42e9-9e36-7d29454cbae4,0.24457019800320268,2.8287133783278396e-06,1.1565154686449529e-05,32.03613368812412,80.31189450031782,20.0,2.435942782086191e-06,3.632502906025792e-06,1.356973338867396e-06,7.425419026979487e-06,0.0,Germany,DEU,baden-wurttemberg,,,Linux-7.0.0-31-generic-x86_64-with-glibc2.43,3.14.4,3.3.0,24,Intel(R) Core(TM) Ultra 9 285K,1,1 x NVIDIA GeForce RTX 5090,9.2986,48.7383,60.81613540649414,machine,0.0,0.0,0.0,0.0,N
gradient_updates_10,2026-09-17T20:30:10,td3_Ant-v5_seed14577,85e4d934-cdd0-42e9-9e36-7d29454cbae4,1.9870231979948585,3.39822911547816e-05,1.7102270797158636e-05,32.0035464759542,81.6889700901115,20.0,1.4852506326440071e-05,6.331560620809196e-05,1.1035959272218576e-05,8.92040718067505e-05,0.0,Germany,DEU,baden-wurttemberg,,,Linux-7.0.0-31-generic-x86_64-with-glibc2.43,3.14.4,3.3.0,24,Intel(R) Core(TM) Ultra 9 285K,1,1 x NVIDIA GeForce RTX 5090,9.2986,48.7383,60.81613540649414,machine,0.0,0.0,0.0,0.0,N
rollout_11,2026-09-17T20:30:10,td3_Ant-v5_seed14577,85e4d934-cdd0-42e9-9e36-7d29454cbae4,0.25419390999741154,3.61128616405788e-06,1.4206322397683976e-05,31.87789656883467,81.85549374999502,20.0,2.0453352473780335e-06,6.032227047980676e-06,1.402123133326951e-06,9.479685428685769e-06,0.0,Germany,DEU,baden-wurttemberg,,,Linux-7.0.0-31-generic-x86_64-with-glibc2.43,3.14.4,3.3.0,24,Intel(R) Core(TM) Ultra 9 285K,1,1 x NVIDIA GeForce RTX 5090,9.2986,48.7383,60.81613540649414,machine,0.0,0.0,0.0,0.0,N
gradient_updates_11,2026-09-17T20:30:12,td3_Ant-v5_seed14577,85e4d934-cdd0-42e9-9e36-7d29454cbae4,1.972300269997504,3.338535735113559e-05,1.6927005286544676e-05,31.758538332146912,82.9488637047948,20.0,1.567127448145458e-05,6.101060436392025e-05,1.0955231933298297e-05,8.763711077867335e-05,0.0,Germany,DEU,baden-wurttemberg,,,Linux-7.0.0-31-generic-x86_64-with-glibc2.43,3.14.4,3.3.0,24,Intel(R) Core(TM) Ultra 9 285K,1,1 x NVIDIA GeForce RTX 5090,9.2986,48.7383,60.81613540649414,machine,0.0,0.0,0.0,0.0,N
rollout_12,2026-09-17T20:30:12,td3_Ant-v5_seed14577,85e4d934-cdd0-42e9-9e36-7d29454cbae4,0.23793565500091063,3.8531812073438945e-06,1.6193503881625927e-05,31.889754440358992,83.467224490031,20.0,2.3618357783560147e-06,6.4330607020268715e-06,1.3197674055441186e-06,1.0114663885927005e-05,0.0,Germany,DEU,baden-wurttemberg,,,Linux-7.0.0-31-generic-x86_64-with-glibc2.43,3.14.4,3.3.0,24,Intel(R) Core(TM) Ultra 9 285K,1,1 x NVIDIA GeForce RTX 5090,9.2986,48.7383,60.81613540649414,machine,0.0,0.0,0.0,0.0,N
gradient_updates_12,2026-09-17T20:30:14,td3_Ant-v5_seed14577,85e4d934-cdd0-42e9-9e36-7d29454cbae4,1.9637563419964863,3.324479800067355e-05,1.69292441319855e-05,31.889341901555945,84.439277413609,20.0,1.5465399872310274e-05,6.089560427202656e-05,1.0907136033306902e-05,8.726814017764395e-05,0.0,Germany,DEU,baden-wurttemberg,,,Linux-7.0.0-31-generic-x86_64-with-glibc2.43,3.14.4,3.3.0,24,Intel(R) Core(TM) Ultra 9 285K,1,1 x NVIDIA GeForce RTX 5090,9.2986,48.7383,60.81613540649414,machine,0.0,0.0,0.0,0.0,N
rollout_13,2026-09-17T20:30:15,td3_Ant-v5_seed14577,85e4d934-cdd0-42e9-9e36-7d29454cbae4,0.23834913799510105,3.916639846673984e-06,1.6432110169301038e-05,31.99831148376226,84.95443701442983,20.0,2.347526600241911e-06,6.610560843944846e-06,1.3231564111063033e-06,1.0281243855293169e-05,0.0,Germany,DEU,baden-wurttemberg,,,Linux-7.0.0-31-generic-x86_64-with-glibc2.43,3.14.4,3.3.0,24,Intel(R) Core(TM) Ultra 9 285K,1,1 x NVIDIA GeForce RTX 5090,9.2986,48.7383,60.81613540649414,machine,0.0,0.0,0.0,0.0,N
gradient_updates_13,2026-09-17T20:30:17,td3_Ant-v5_seed14577,85e4d934-cdd0-42e9-9e36-7d29454cbae4,1.965734400000656,3.319387442310114e-05,1.6886302796024095e-05,31.99078944070281,85.80122187337592,20.0,1.5507649628331704e-05,6.070893745602213e-05,1.0917877866692578e-05,8.713446495104641e-05,0.0,Germany,DEU,baden-wurttemberg,,,Linux-7.0.0-31-generic-x86_64-with-glibc2.43,3.14.4,3.3.0,24,Intel(R) Core(TM) Ultra 9 285K,1,1 x NVIDIA GeForce RTX 5090,9.2986,48.7383,60.81613540649414,machine,0.0,0.0,0.0,0.0,N
rollout_14,2026-09-17T20:30:17,td3_Ant-v5_seed14577,85e4d934-cdd0-42e9-9e36-7d29454cbae4,0.2429063399977167,3.90886879600926e-06,1.6090995497559163e-05,32.074665172287894,86.16021834480419,20.0,2.358699386958117e-06,6.555005243935597e-06,1.3471400889102656e-06,1.0260844719803871e-05,0.0,Germany,DEU,baden-wurttemberg,,,Linux-7.0.0-31-generic-x86_64-with-glibc2.43,3.14.4,3.3.0,24,Intel(R) Core(TM) Ultra 9 285K,1,1 x NVIDIA GeForce RTX 5090,9.2986,48.7383,60.81613540649414,machine,0.0,0.0,0.0,0.0,N
gradient_updates_14,2026-09-17T20:30:19,td3_Ant-v5_seed14577,85e4d934-cdd0-42e9-9e36-7d29454cbae4,1.9665014510028413,3.424416680339933e-05,1.7413812819855294e-05,32.051510384382865,87.08303854902623,20.0,1.528126055833209e-05,6.36878287280096e-05,1.0922410394454763e-05,8.989149968079624e-05,0.0,Germany,DEU,baden-wurttemberg,,,Linux-7.0.0-31-generic-x86_64-with-glibc2.43,3.14.4,3.3.0,24,Intel(R) Core(TM) Ultra 9 285K,1,1 x NVIDIA GeForce RTX 5090,9.2986,48.7383,60.81613540649414,machine,0.0,0.0,0.0,0.0,N
rollout_15,2026-09-17T20:30:19,td3_Ant-v5_seed14577,85e4d934-cdd0-42e9-9e36-7d29454cbae4,0.24158079199696658,2.765387721921685e-06,1.1446478705313035e-05,32.12375367492615,86.09246353736046,20.0,2.3353704794058447e-06,3.582502866139592e-06,1.3413147944245493e-06,7.259188139970094e-06,0.0,Germany,DEU,baden-wurttemberg,,,Linux-7.0.0-31-generic-x86_64-with-glibc2.43,3.14.4,3.3.0,24,Intel(R) Core(TM) Ultra 9 285K,1,1 x NVIDIA GeForce RTX 5090,9.2986,48.7383,60.81613540649414,machine,0.0,0.0,0.0,0.0,N
gradient_updates_15,2026-09-17T20:30:21,td3_Ant-v5_seed14577,85e4d934-cdd0-42e9-9e36-7d29454cbae4,1.9716251420031767,3.413773080122753e-05,1.731457632819584e-05,32.095014151008954,86.94393827398552,20.0,1.520116882759194e-05,6.346005076796057e-05,1.0950883833316344e-05,8.961210342886897e-05,0.0,Germany,DEU,baden-wurttemberg,,,Linux-7.0.0-31-generic-x86_64-with-glibc2.43,3.14.4,3.3.0,24,Intel(R) Core(TM) Ultra 9 285K,1,1 x NVIDIA GeForce RTX 5090,9.2986,48.7383,60.81613540649414,machine,0.0,0.0,0.0,0.0,N
rollout_16,2026-09-17T20:30:21,td3_Ant-v5_seed14577,85e4d934-cdd0-42e9-9e36-7d29454cbae4,0.2422363560035592,2.891596158980346e-06,1.1937070201325523e-05,32.15268270175886,86.15140832993067,20.0,2.318246854596511e-06,3.927780919954493e-06,1.3444595833182532e-06,7.590487357869366e-06,0.0,Germany,DEU,baden-wurttemberg,,,Linux-7.0.0-31-generic-x86_64-with-glibc2.43,3.14.4,3.3.0,24,Intel(R) Core(TM) Ultra 9 285K,1,1 x NVIDIA GeForce RTX 5090,9.2986,48.7383,60.81613540649414,machine,0.0,0.0,0.0,0.0,N
gradient_updates_16,2026-09-17T20:30:23,td3_Ant-v5_seed14577,85e4d934-cdd0-42e9-9e36-7d29454cbae4,1.9801805389943183,3.390425194496659e-05,1.7121847613923156e-05,32.11390848492703,86.91856886550387,20.0,1.5012163676387993e-05,6.298866150200588e-05,1.0998392422253457e-05,8.899921760064733e-05,0.0,Germany,DEU,baden-wurttemberg,,,Linux-7.0.0-31-generic-x86_64-with-glibc2.43,3.14.4,3.3.0,24,Intel(R) Core(TM) Ultra 9 285K,1,1 x NVIDIA GeForce RTX 5090,9.2986,48.7383,60.81613540649414,machine,0.0,0.0,0.0,0.0,N
rollout_17,2026-09-17T20:30:23,td3_Ant-v5_seed14577,85e4d934-cdd0-42e9-9e36-7d29454cbae4,0.24402901600115,3.0566055002011726e-06,1.2525326287291124e-05,32.17080941951051,86.31271720139566,20.0,2.342677707474136e-06,4.326947906085898e-06,1.3540139722155974e-06,8.023639585775632e-06,0.0,Germany,DEU,baden-wurttemberg,,,Linux-7.0.0-31-generic-x86_64-with-glibc2.43,3.14.4,3.3.0,24,Intel(R) Core(TM) Ultra 9 285K,1,1 x NVIDIA GeForce RTX 5090,9.2986,48.7383,60.81613540649414,machine,0.0,0.0,0.0,0.0,N
gradient_updates_17,2026-09-17T20:30:25,td3_Ant-v5_seed14577,85e4d934-cdd0-42e9-9e36-7d29454cbae4,1.9815083899957244,3.318882893389198e-05,1.674933011830177e-05,32.13886880012002,86.93569742789889,20.0,1.5201694383568283e-05,6.09069931699624e-05,1.1012532905563884e-05,8.712122045909446e-05,0.0,Germany,DEU,baden-wurttemberg,,,Linux-7.0.0-31-generic-x86_64-with-glibc2.43,3.14.4,3.3.0,24,Intel(R) Core(TM) Ultra 9 285K,1,1 x NVIDIA GeForce RTX 5090,9.2986,48.7383,60.81613540649414,machine,0.0,0.0,0.0,0.0,N
rollout_18,2026-09-17T20:30:26,td3_Ant-v5_seed14577,85e4d934-cdd0-42e9-9e36-7d29454cbae4,0.23622790900117252,3.886204469141091e-06,1.6450105268131214e-05,32.19973491016763,87.29554770607632,20.0,2.287729330182741e-06,6.609449731964645e-06,1.3041714277884546e-06,1.0201350489935732e-05,0.0,Germany,DEU,baden-wurttemberg,,,Linux-7.0.0-31-generic-x86_64-with-glibc2.43,3.14.4,3.3.0,24,Intel(R) Core(TM) Ultra 9 285K,1,1 x NVIDIA GeForce RTX 5090,9.2986,48.7383,60.81613540649414,machine,0.0,0.0,0.0,0.0,N
gradient_updates_18,2026-09-17T20:30:28,td3_Ant-v5_seed14577,85e4d934-cdd0-42e9-9e36-7d29454cbae4,1.9901626740029315,3.396029972856378e-05,1.7064215218887943e-05,32.154545815719516,87.97476753152921,20.0,1.4454082952146136e-05,6.363893979999258e-05,1.105332119999121e-05,8.914634395212982e-05,0.0,Germany,DEU,baden-wurttemberg,,,Linux-7.0.0-31-generic-x86_64-with-glibc2.43,3.14.4,3.3.0,24,Intel(R) Core(TM) Ultra 9 285K,1,1 x NVIDIA GeForce RTX 5090,9.2986,48.7383,60.81613540649414,machine,0.0,0.0,0.0,0.0,N
rollout_19,2026-09-17T20:30:28,td3_Ant-v5_seed14577,85e4d934-cdd0-42e9-9e36-7d29454cbae4,0.245043426999473,2.6058880770597325e-06,1.0633968645092626e-05,32.03076551080758,87.15785163862286,20.0,1.8499892577676647e-06,3.635836242077417e-06,1.3546734555549547e-06,6.840498955400145e-06,0.0,Germany,DEU,baden-wurttemberg,,,Linux-7.0.0-31-generic-x86_64-with-glibc2.43,3.14.4,3.3.0,24,Intel(R) Core(TM) Ultra 9 285K,1,1 x NVIDIA GeForce RTX 5090,9.2986,48.7383,60.81613540649414,machine,0.0,0.0,0.0,0.0,N
gradient_updates_19,2026-09-17T20:30:30,td3_Ant-v5_seed14577,85e4d934-cdd0-42e9-9e36-7d29454cbae4,1.9774863589991583,3.408233591764998e-05,1.7235237500027298e-05,31.92491551871678,87.80337988846625,20.0,1.5397854262718183e-05,6.308921713793492e-05,1.097961954999642e-05,8.946669095064941e-05,0.0,Germany,DEU,baden-wurttemberg,,,Linux-7.0.0-31-generic-x86_64-with-glibc2.43,3.14.4,3.3.0,24,Intel(R) Core(TM) Ultra 9 285K,1,1 x NVIDIA GeForce RTX 5090,9.2986,48.7383,60.81613540649414,machine,0.0,0.0,0.0,0.0,N
rollout_20,2026-09-17T20:30:30,td3_Ant-v5_seed14577,85e4d934-cdd0-42e9-9e36-7d29454cbae4,0.24147101999551523,3.032313340449542e-06,1.255722139867187e-05,31.9997392709318,87.24395528320815,20.0,2.3834185734006655e-06,4.23611450006689e-06,1.3403391944140494e-06,7.959872267881713e-06,0.0,Germany,DEU,baden-wurttemberg,,,Linux-7.0.0-31-generic-x86_64-with-glibc2.43,3.14.4,3.3.0,24,Intel(R) Core(TM) Ultra 9 285K,1,1 x NVIDIA GeForce RTX 5090,9.2986,48.7383,60.81613540649414,machine,0.0,0.0,0.0,0.0,N
gradient_updates_20,2026-09-17T20:30:32,td3_Ant-v5_seed14577,85e4d934-cdd0-42e9-9e36-7d29454cbae4,1.9861672980041476,3.4058615671428774e-05,1.7147947108097787e-05,31.993220633702204,87.83534473513382,20.0,1.5571482179397786e-05,6.280171690797864e-05,1.103122582777965e-05,8.940442491515597e-05,0.0,Germany,DEU,baden-wurttemberg,,,Linux-7.0.0-31-generic-x86_64-with-glibc2.43,3.14.4,3.3.0,24,Intel(R) Core(TM) Ultra 9 285K,1,1 x NVIDIA GeForce RTX 5090,9.2986,48.7383,60.81613540649414,machine,0.0,0.0,0.0,0.0,N
rollout_21,2026-09-17T20:30:32,td3_Ant-v5_seed14577,85e4d934-cdd0-42e9-9e36-7d29454cbae4,0.23921814400091534,3.8618648354022626e-06,1.6143001616895512e-05,32.05432602540853,88.04192913423759,20.0,2.3364385358160857e-06,6.471671843977234e-06,1.3293481722535068e-06,1.0137458552046934e-05,0.0,Germany,DEU,baden-wurttemberg,,,Linux-7.0.0-31-generic-x86_64-with-glibc2.43,3.14.4,3.3.0,24,Intel(R) Core(TM) Ultra 9 285K,1,1 x NVIDIA GeForce RTX 5090,9.2986,48.7383,60.81613540649414,machine,0.0,0.0,0.0,0.0,N
gradient_updates_21,2026-09-17T20:30:34,td3_Ant-v5_seed14577,85e4d934-cdd0-42e9-9e36-7d29454cbae4,1.9971733119964483,3.3767552436967134e-05,1.6907706600156115e-05,32.00718943956135,88.61360645180325,20.0,1.3812892716972593e-05,6.373505098800081e-05,1.1092435444435157e-05,8.864037914940856e-05,0.0,Germany,DEU,baden-wurttemberg,,,Linux-7.0.0-31-generic-x86_64-with-glibc2.43,3.14.4,3.3.0,24,Intel(R) Core(TM) Ultra 9 285K,1,1 x NVIDIA GeForce RTX 5090,9.2986,48.7383,60.81613540649414,machine,0.0,0.0,0.0,0.0,N
rollout_22,2026-09-17T20:30:35,td3_Ant-v5_seed14577,85e4d934-cdd0-42e9-9e36-7d29454cbae4,0.2478508049971424,2.622669314555036e-06,1.058060183528549e-05,31.90983299890463,87.86076438530444,20.0,1.8971898510843424e-06,3.6113917780689064e-06,1.3759683499908705e-06,6.884549979144228e-06,0.0,Germany,DEU,baden-wurttemberg,,,Linux-7.0.0-31-generic-x86_64-with-glibc2.43,3.14.4,3.3.0,24,Intel(R) Core(TM) Ultra 9 285K,1,1 x NVIDIA GeForce RTX 5090,9.2986,48.7383,60.81613540649414,machine,0.0,0.0,0.0,0.0,N
gradient_updates_22,2026-09-17T20:30:37,td3_Ant-v5_seed14577,85e4d934-cdd0-42e9-9e36-7d29454cbae4,1.985850846998801,3.4009802176843606e-05,1.7125839933834723e-05,31.823666620115066,88.38993443232181,20.0,1.548460877656612e-05,6.276116131997966e-05,1.1030518594472793e-05,8.927628869101869e-05,0.0,Germany,DEU,baden-wurttemberg,,,Linux-7.0.0-31-generic-x86_64-with-glibc2.43,3.14.4,3.3.0,24,Intel(R) Core(TM) Ultra 9 285K,1,1 x NVIDIA GeForce RTX 5090,9.2986,48.7383,60.81613540649414,machine,0.0,0.0,0.0,0.0,N
rollout_23,2026-09-17T20:30:37,td3_Ant-v5_seed14577,85e4d934-cdd0-42e9-9e36-7d29454cbae4,0.23720714900264284,3.0360134670949415e-06,1.2798496811729461e-05,31.877724246309526,87.94550431542486,20.0,2.2946635023965954e-06,4.358059041975615e-06,1.3168626166588883e-06,7.969585161031207e-06,0.0,Germany,DEU,baden-wurttemberg,,,Linux-7.0.0-31-generic-x86_64-with-glibc2.43,3.14.4,3.3.0,24,Intel(R) Core(TM) Ultra 9 285K,1,1 x NVIDIA GeForce RTX 5090,9.2986,48.7383,60.81613540649414,machine,0.0,0.0,0.0,0.0,N
gradient_updates_23,2026-09-17T20:30:39,td3_Ant-v5_seed14577,85e4d934-cdd0-42e9-9e36-7d29454cbae4,1.9812576409967733,3.39671308151586e-05,1.7144293571230863e-05,31.866396132067827,88.4550956587455,20.0,1.5465959317202162e-05,6.269366126598896e-05,1.1004655083322878e-05,8.9164275666514e-05,0.0,Germany,DEU,baden-wurttemberg,,,Linux-7.0.0-31-generic-x86_64-with-glibc2.43,3.14.4,3.3.0,24,Intel(R) Core(TM) Ultra 9 285K,1,1 x NVIDIA GeForce RTX 5090,9.2986,48.7383,60.81613540649414,machine,0.0,0.0,0.0,0.0,N
rollout_24,2026-09-17T20:30:39,td3_Ant-v5_seed14577,85e4d934-cdd0-42e9-9e36-7d29454cbae4,0.24368370800220873,3.861618174712776e-06,1.5846828040232305e-05,31.91678270927911,88.5749634563026,20.0,2.360140499221494e-06,6.420838470022616e-06,1.3558320944462732e-06,1.0136811063690167e-05,0.0,Germany,DEU,baden-wurttemberg,,,Linux-7.0.0-31-generic-x86_64-with-glibc2.43,3.14.4,3.3.0,24,Intel(R) Core(TM) Ultra 9 285K,1,1 x NVIDIA GeForce RTX 5090,9.2986,48.7383,60.81613540649414,machine,0.0,0.0,0.0,0.0,N
gradient_updates_24,2026-09-17T20:30:41,td3_Ant-v5_seed14577,85e4d934-cdd0-42e9-9e36-7d29454cbae4,2.2697237259999383,3.6212049044470835e-05,1.595450469636157e-05,31.915880522202457,88.86859960079909,20.0,1.6806644834193706e-05,6.564394140406993e-05,1.260663661111416e-05,9.505722284937866e-05,0.0,Germany,DEU,baden-wurttemberg,,,Linux-7.0.0-31-generic-x86_64-with-glibc2.43,3.14.4,3.3.0,24,Intel(R) Core(TM) Ultra 9 285K,1,1 x NVIDIA GeForce RTX 5090,9.2986,48.7383,60.81613540649414,machine,0.0,0.0,0.0,0.0,N
rollout_25,2026-09-17T20:30:42,td3_Ant-v5_seed14577,85e4d934-cdd0-42e9-9e36-7d29454cbae4,0.2418741459987359,2.727974476524975e-06,1.1277949283307374e-05,31.972328212410893,88.17660869333069,20.0,2.369499395597687e-06,3.451669428056192e-06,1.3398089333349714e-06,7.160977756989068e-06,0.0,Germany,DEU,baden-wurttemberg,,,Linux-7.0.0-31-generic-x86_64-with-glibc2.43,3.14.4,3.3.0,24,Intel(R) Core(TM) Ultra 9 285K,1,1 x NVIDIA GeForce RTX 5090,9.2986,48.7383,60.81613540649414,machine,0.0,0.0,0.0,0.0,N
gradient_updates_25,2026-09-17T20:30:44,td3_Ant-v5_seed14577,85e4d934-cdd0-42e9-9e36-7d29454cbae4,2.269871142001648,3.718292152007983e-05,1.6381140044025395e-05,31.97686508477164,88.53823752907296,20.0,1.687324099858235e-05,6.812505449993456e-05,1.2607483527810655e-05,9.760577902632843e-05,0.0,Germany,DEU,baden-wurttemberg,,,Linux-7.0.0-31-generic-x86_64-with-glibc2.43,3.14.4,3.3.0,24,Intel(R) Core(TM) Ultra 9 285K,1,1 x NVIDIA GeForce RTX 5090,9.2986,48.7383,60.81613540649414,machine,0.0,0.0,0.0,0.0,N
rollout_26,2026-09-17T20:30:44,td3_Ant-v5_seed14577,85e4d934-cdd0-42e9-9e36-7d29454cbae4,0.2407679480020306,2.771566136284924e-06,1.1510578111209244e-05,32.025266669912206,87.91905153425823,20.0,2.3390493712376406e-06,3.6000028800220463e-06,1.3363543277793589e-06,7.275406579038829e-06,0.0,Germany,DEU,baden-wurttemberg,,,Linux-7.0.0-31-generic-x86_64-with-glibc2.43,3.14.4,3.3.0,24,Intel(R) Core(TM) Ultra 9 285K,1,1 x NVIDIA GeForce RTX 5090,9.2986,48.7383,60.81613540649414,machine,0.0,0.0,0.0,0.0,N
gradient_updates_26,2026-09-17T20:30:46,td3_Ant-v5_seed14577,85e4d934-cdd0-42e9-9e36-7d29454cbae4,2.3331147790013347,3.611926563330185e-05,1.5481265318090753e-05,31.999836179504438,88.20034424495928,20.0,1.4498384098697668e-05,6.735672055191433e-05,1.2958560222210073e-05,9.481366487282261e-05,0.0,Germany,DEU,baden-wurttemberg,,,Linux-7.0.0-31-generic-x86_64-with-glibc2.43,3.14.4,3.3.0,24,Intel(R) Core(TM) Ultra 9 285K,1,1 x NVIDIA GeForce RTX 5090,9.2986,48.7383,60.81613540649414,machine,0.0,0.0,0.0,0.0,N
rollout_27,2026-09-17T20:30:47,td3_Ant-v5_seed14577,85e4d934-cdd0-42e9-9e36-7d29454cbae4,0.24300143299478805,3.6088542867615536e-06,1.4851216150243992e-05,31.908495407333877,88.29171644550333,20.0,1.817318398298056e-06,6.307227268131932e-06,1.3487560444546635e-06,9.473301710884868e-06,0.0,Germany,DEU,baden-wurttemberg,,,Linux-7.0.0-31-generic-x86_64-with-glibc2.43,3.14.4,3.3.0,24,Intel(R) Core(TM) Ultra 9 285K,1,1 x NVIDIA GeForce RTX 5090,9.2986,48.7383,60.81613540649414,machine,0.0,0.0,0.0,0.0,N
gradient_updates_27,2026-09-17T20:30:49,td3_Ant-v5_seed14577,85e4d934-cdd0-42e9-9e36-7d29454cbae4,2.271386958003859,3.745302429917184e-05,1.6489103081279533e-05,31.823327200000715,88.6339441516251,20.0,1.7216156272913466e-05,6.847505477991511e-05,1.2623592200017991e-05,9.831480325284657e-05,0.0,Germany,DEU,baden-wurttemberg,,,Linux-7.0.0-31-generic-x86_64-with-glibc2.43,3.14.4,3.3.0,24,Intel(R) Core(TM) Ultra 9 285K,1,1 x NVIDIA GeForce RTX 5090,9.2986,48.7383,60.81613540649414,machine,0.0,0.0,0.0,0.0,N
rollout_28,2026-09-17T20:30:49,td3_Ant-v5_seed14577,85e4d934-cdd0-42e9-9e36-7d29454cbae4,0.2393643300019903,2.7916948585097415e-06,1.1662474387862903e-05,31.884971453142743,88.0639243225367,20.0,2.3819266277615853e-06,3.617502894015523e-06,1.328815283341148e-06,7.328244805118039e-06,0.0,Germany,DEU,baden-wurttemberg,,,Linux-7.0.0-31-generic-x86_64-with-glibc2.43,3.14.4,3.3.0,24,Intel(R) Core(TM) Ultra 9 285K,1,1 x NVIDIA GeForce RTX 5090,9.2986,48.7383,60.81613540649414,machine,0.0,0.0,0.0,0.0,N
gradient_updates_28,2026-09-17T20:30:52,td3_Ant-v5_seed14577,85e4d934-cdd0-42e9-9e36-7d29454cbae4,2.275848646997474,3.732766137081746e-05,1.6401706518656175e-05,31.89863285557341,88.38887706257796,20.0,1.715378177856962e-05,6.819116566392225e-05,1.2640776066675402e-05,9.79857235091676e-05,0.0,Germany,DEU,baden-wurttemberg,,,Linux-7.0.0-31-generic-x86_64-with-glibc2.43,3.14.4,3.3.0,24,Intel(R) Core(TM) Ultra 9 285K,1,1 x NVIDIA GeForce RTX 5090,9.2986,48.7383,60.81613540649414,machine,0.0,0.0,0.0,0.0,N
rollout_29,2026-09-17T20:30:52,td3_Ant-v5_seed14577,85e4d934-cdd0-42e9-9e36-7d29454cbae4,0.2421501829958288,2.921995750087116e-06,1.2066930521611749e-05,31.96299242797721,87.89718559841717,20.0,2.434060836136419e-06,3.892225336032951e-06,1.3440006111017921e-06,7.670286783271162e-06,0.0,Germany,DEU,baden-wurttemberg,,,Linux-7.0.0-31-generic-x86_64-with-glibc2.43,3.14.4,3.3.0,24,Intel(R) Core(TM) Ultra 9 285K,1,1 x NVIDIA GeForce RTX 5090,9.2986,48.7383,60.81613540649414,machine,0.0,0.0,0.0,0.0,N
gradient_updates_29,2026-09-17T20:30:54,td3_Ant-v5_seed14577,85e4d934-cdd0-42e9-9e36-7d29454cbae4,2.276318199998059,3.7149627029925804e-05,1.6320133128194022e-05,31.978809377083643,88.20082269962774,20.0,1.7161801229429938e-05,6.77050541639801e-05,1.265152505002334e-05,9.751838044343326e-05,0.0,Germany,DEU,baden-wurttemberg,,,Linux-7.0.0-31-generic-x86_64-with-glibc2.43,3.14.4,3.3.0,24,Intel(R) Core(TM) Ultra 9 285K,1,1 x NVIDIA GeForce RTX 5090,9.2986,48.7383,60.81613540649414,machine,0.0,0.0,0.0,0.0,N
rollout_30,2026-09-17T20:30:54,td3_Ant-v5_seed14577,85e4d934-cdd0-42e9-9e36-7d29454cbae4,0.24491514900000766,3.753075114504463e-06,1.5322520202028782e-05,32.042806828194344,88.19431253085716,20.0,2.4883819907031007e-06,5.997504798016529e-06,1.3659969611277186e-06,9.851883749847565e-06,0.0,Germany,DEU,baden-wurttemberg,,,Linux-7.0.0-31-generic-x86_64-with-glibc2.43,3.14.4,3.3.0,24,Intel(R) Core(TM) Ultra 9 285K,1,1 x NVIDIA GeForce RTX 5090,9.2986,48.7383,60.81613540649414,machine,0.0,0.0,0.0,0.0,N
gradient_updates_30,2026-09-17T20:30:57,td3_Ant-v5_seed14577,85e4d934-cdd0-42e9-9e36-7d29454cbae4,2.2963340300048003,3.7633713452435175e-05,1.6388616307107334e-05,32.05956021617005,88.49332734149914,20.0,1.739444641554646e-05,6.86403326901619e-05,1.2754336138904275e-05,9.878911524461263e-05,0.0,Germany,DEU,baden-wurttemberg,,,Linux-7.0.0-31-generic-x86_64-with-glibc2.43,3.14.4,3.3.0,24,Intel(R) Core(TM) Ultra 9 285K,1,1 x NVIDIA GeForce RTX 5090,9.2986,48.7383,60.81613540649414,machine,0.0,0.0,0.0,0.0,N
rollout_31,2026-09-17T20:30:57,td3_Ant-v5_seed14577,85e4d934-cdd0-42e9-9e36-7d29454cbae4,0.23938254999666242,2.7940076610917866e-06,1.1672107686926697e-05,32.10522798174685,87.98671290998458,20.0,2.3516124368445565e-06,3.6552807018974676e-06,1.3274228110983846e-06,7.334315949840409e-06,0.0,Germany,DEU,baden-wurttemberg,,,Linux-7.0.0-31-generic-x86_64-with-glibc2.43,3.14.4,3.3.0,24,Intel(R) Core(TM) Ultra 9 285K,1,1 x NVIDIA GeForce RTX 5090,9.2986,48.7383,60.81613540649414,machine,0.0,0.0,0.0,0.0,N
gradient_updates_31,2026-09-17T20:30:59,td3_Ant-v5_seed14577,85e4d934-cdd0-42e9-9e36-7d29454cbae4,2.2739528750025784,3.7302476268953e-05,1.6404296267618624e-05,32.11074176783836,88.2815914315,20.0,1.724448685113452e-05,6.804477665800501e-05,1.2630348694438035e-05,9.79196122035779e-05,0.0,Germany,DEU,baden-wurttemberg,,,Linux-7.0.0-31-generic-x86_64-with-glibc2.43,3.14.4,3.3.0,24,Intel(R) Core(TM) Ultra 9 285K,1,1 x NVIDIA GeForce RTX 5090,9.2986,48.7383,60.81613540649414,machine,0.0,0.0,0.0,0.0,N
rollout_32,2026-09-17T20:30:59,td3_Ant-v5_seed14577,85e4d934-cdd0-42e9-9e36-7d29454cbae4,0.23554517300362932,2.8434287359085236e-06,1.2071510695983222e-05,32.157768700468495,87.85159963566602,20.0,2.3299451972881927e-06,3.835280845909672e-06,1.298821038855989e-06,7.464047082053962e-06,0.0,Germany,DEU,baden-wurttemberg,,,Linux-7.0.0-31-generic-x86_64-with-glibc2.43,3.14.4,3.3.0,24,Intel(R) Core(TM) Ultra 9 285K,1,1 x NVIDIA GeForce RTX 5090,9.2986,48.7383,60.81613540649414,machine,0.0,0.0,0.0,0.0,N
gradient_updates_32,2026-09-17T20:31:02,td3_Ant-v5_seed14577,85e4d934-cdd0-42e9-9e36-7d29454cbae4,2.2889358890024596,3.713493863192357e-05,1.622376596298742e-05,32.16370791806802,88.11797849552019,20.0,1.723621323340349e-05,6.753033180206813e-05,1.2713278122222001e-05,9.747982315769406e-05,0.0,Germany,DEU,baden-wurttemberg,,,Linux-7.0.0-31-generic-x86_64-with-glibc2.43,3.14.4,3.3.0,24,Intel(R) Core(TM) Ultra 9 285K,1,1 x NVIDIA GeForce RTX 5090,9.2986,48.7383,60.81613540649414,machine,0.0,0.0,0.0,0.0,N
rollout_33,2026-09-17T20:31:02,td3_Ant-v5_seed14577,85e4d934-cdd0-42e9-9e36-7d29454cbae4,0.24091513399616815,3.006664776913047e-06,1.2480530316597913e-05,32.204480163316425,87.75616000009813,20.0,2.3628363347120984e-06,4.19417002195388e-06,1.3355380111332435e-06,7.892544367798897e-06,0.0,Germany,DEU,baden-wurttemberg,,,Linux-7.0.0-31-generic-x86_64-with-glibc2.43,3.14.4,3.3.0,24,Intel(R) Core(TM) Ultra 9 285K,1,1 x NVIDIA GeForce RTX 5090,9.2986,48.7383,60.81613540649414,machine,0.0,0.0,0.0,0.0,N
gradient_updates_33,2026-09-17T20:31:04,td3_Ant-v5_seed14577,85e4d934-cdd0-42e9-9e36-7d29454cbae4,2.2831456889980473,3.631199193696402e-05,1.5904481782288217e-05,32.20529734141177,87.97934665325815,20.0,1.698069664010215e-05,6.5663385864001e-05,1.2675492077768367e-05,9.531957458187162e-05,0.0,Germany,DEU,baden-wurttemberg,,,Linux-7.0.0-31-generic-x86_64-with-glibc2.43,3.14.4,3.3.0,24,Intel(R) Core(TM) Ultra 9 285K,1,1 x NVIDIA GeForce RTX 5090,9.2986,48.7383,60.81613540649414,machine,0.0,0.0,0.0,0.0,N
rollout_34,2026-09-17T20:31:04,td3_Ant-v5_seed14577,85e4d934-cdd0-42e9-9e36-7d29454cbae4,0.2391831999993883,3.82380565945562e-06,1.5985916809359703e-05,32.23408237476816,88.10001832968624,20.0,2.2963587815302486e-06,6.414449575942172e-06,1.3267442333016752e-06,1.003755259077442e-05,0.0,Germany,DEU,baden-wurttemberg,,,Linux-7.0.0-31-generic-x86_64-with-glibc2.43,3.14.4,3.3.0,24,Intel(R) Core(TM) Ultra 9 285K,1,1 x NVIDIA GeForce RTX 5090,9.2986,48.7383,60.81613540649414,machine,0.0,0.0,0.0,0.0,N
gradient_updates_34,2026-09-17T20:31:07,td3_Ant-v5_seed14577,85e4d934-cdd0-42e9-9e36-7d29454cbae4,2.2716588369949022,3.618214062653651e-05,1.5927723356659197e-05,32.227459978337,88.3154463508559,20.0,1.6860321821580287e-05,6.550144129002788e-05,1.26169496500047e-05,9.497871276161265e-05,0.0,Germany,DEU,baden-wurttemberg,,,Linux-7.0.0-31-generic-x86_64-with-glibc2.43,3.14.4,3.3.0,24,Intel(R) Core(TM) Ultra 9 285K,1,1 x NVIDIA GeForce RTX 5090,9.2986,48.7383,60.81613540649414,machine,0.0,0.0,0.0,0.0,N
rollout_35,2026-09-17T20:31:07,td3_Ant-v5_seed14577,85e4d934-cdd0-42e9-9e36-7d29454cbae4,0.23998947600193787,2.710455450471126e-06,1.1293395023118672e-05,32.25531225449269,87.82718574968897,20.0,2.305446288799508e-06,3.4772250040449038e-06,1.332318733329816e-06,7.114990026174661e-06,0.0,Germany,DEU,baden-wurttemberg,,,Linux-7.0.0-31-generic-x86_64-with-glibc2.43,3.14.4,3.3.0,24,Intel(R) Core(TM) Ultra 9 285K,1,1 x NVIDIA GeForce RTX 5090,9.2986,48.7383,60.81613540649414,machine,0.0,0.0,0.0,0.0,N
gradient_updates_35,2026-09-17T20:31:09,td3_Ant-v5_seed14577,85e4d934-cdd0-42e9-9e36-7d29454cbae4,2.2730234029950225,3.71639670825037e-05,1.6350087681171152e-05,32.248157126631384,88.09520376574714,20.0,1.6796540103888175e-05,6.813422117390999e-05,1.2625262038919692e-05,9.755602331671786e-05,0.0,Germany,DEU,baden-wurttemberg,,,Linux-7.0.0-31-generic-x86_64-with-glibc2.43,3.14.4,3.3.0,24,Intel(R) Core(TM) Ultra 9 285K,1,1 x NVIDIA GeForce RTX 5090,9.2986,48.7383,60.81613540649414,machine,0.0,0.0,0.0,0.0,N
rollout_36,2026-09-17T20:31:09,td3_Ant-v5_seed14577,85e4d934-cdd0-42e9-9e36-7d29454cbae4,0.23934011300298152,2.754261731362489e-06,1.1507461661592932e-05,32.27622935636139,87.64805462170989,20.0,2.3055310110894553e-06,3.595836210013026e-06,1.3286150111122257e-06,7.229982232214924e-06,0.0,Germany,DEU,baden-wurttemberg,,,Linux-7.0.0-31-generic-x86_64-with-glibc2.43,3.14.4,3.3.0,24,Intel(R) Core(TM) Ultra 9 285K,1,1 x NVIDIA GeForce RTX 5090,9.2986,48.7383,60.81613540649414,machine,0.0,0.0,0.0,0.0,N
gradient_updates_36,2026-09-17T20:31:12,td3_Ant-v5_seed14577,85e4d934-cdd0-42e9-9e36-7d29454cbae4,2.3031490970024606,3.6258385776487094e-05,1.5742989364769363e-05,32.255455095134444,87.87998770764874,20.0,1.4897875529402277e-05,6.748838732395512e-05,1.2792594677779861e-05,9.51788575311377e-05,0.0,Germany,DEU,baden-wurttemberg,,,Linux-7.0.0-31-generic-x86_64-with-glibc2.43,3.14.4,3.3.0,24,Intel(R) Core(TM) Ultra 9 285K,1,1 x NVIDIA GeForce RTX 5090,9.2986,48.7383,60.81613540649414,machine,0.0,0.0,0.0,0.0,N
rollout_37,2026-09-17T20:31:12,td3_Ant-v5_seed14577,85e4d934-cdd0-42e9-9e36-7d29454cbae4,0.24633617500512628,3.573665258115727e-06,1.4507282315429037e-05,32.19136060726558,87.90343363943387,20.0,1.8802356708536028e-06,6.13361601808915e-06,1.3670782444226079e-06,9.38092993336536e-06,0.0,Germany,DEU,baden-wurttemberg,,,Linux-7.0.0-31-generic-x86_64-with-glibc2.43,3.14.4,3.3.0,24,Intel(R) Core(TM) Ultra 9 285K,1,1 x NVIDIA GeForce RTX 5090,9.2986,48.7383,60.81613540649414,machine,0.0,0.0,0.0,0.0,N
gradient_updates_37,2026-09-17T20:31:14,td3_Ant-v5_seed14577,85e4d934-cdd0-42e9-9e36-7d29454cbae4,2.2811379650011077,3.620038124947699e-05,1.5869494002169033e-05,32.12628317644909,88.09868691031402,20.0,1.6894433793313707e-05,6.546199681389808e-05,1.2670164088881804e-05,9.502659469609338e-05,0.0,Germany,DEU,baden-wurttemberg,,,Linux-7.0.0-31-generic-x86_64-with-glibc2.43,3.14.4,3.3.0,24,Intel(R) Core(TM) Ultra 9 285K,1,1 x NVIDIA GeForce RTX 5090,9.2986,48.7383,60.81613540649414,machine,0.0,0.0,0.0,0.0,N
rollout_38,2026-09-17T20:31:15,td3_Ant-v5_seed14577,85e4d934-cdd0-42e9-9e36-7d29454cbae4,0.240360507996229,3.7993375917185455e-06,1.5805794094766918e-05,32.16150223036847,88.17527394573617,20.0,2.3526299376573287e-06,6.286671696109636e-06,1.3340218777658456e-06,9.973323511532593e-06,0.0,Germany,DEU,baden-wurttemberg,,,Linux-7.0.0-31-generic-x86_64-with-glibc2.43,3.14.4,3.3.0,24,Intel(R) Core(TM) Ultra 9 285K,1,1 x NVIDIA GeForce RTX 5090,9.2986,48.7383,60.81613540649414,machine,0.0,0.0,0.0,0.0,N
gradient_updates_38,2026-09-17T20:31:17,td3_Ant-v5_seed14577,85e4d934-cdd0-42e9-9e36-7d29454cbae4,2.2730423039974994,3.7207183549171127e-05,1.636901935146627e-05,32.16254293607917,88.41675249307609,20.0,1.6979153861089967e-05,6.805672111187544e-05,1.263359227777973e-05,9.766946725074492e-05,0.0,Germany,DEU,baden-wurttemberg,,,Linux-7.0.0-31-generic-x86_64-with-glibc2.43,3.14.4,3.3.0,24,Intel(R) Core(TM) Ultra 9 285K,1,1 x NVIDIA GeForce RTX 5090,9.2986,48.7383,60.81613540649414,machine,0.0,0.0,0.0,0.0,N
rollout_39,2026-09-17T20:31:17,td3_Ant-v5_seed14577,85e4d934-cdd0-42e9-9e36-7d29454cbae4,0.2445603489977657,2.801989734499844e-06,1.1457544730187156e-05,32.195774670845736,87.989104101753,20.0,2.389606911684314e-06,3.6119473340034958e-06,1.353714777805031e-06,7.355269023493274e-06,0.0,Germany,DEU,baden-wurttemberg,,,Linux-7.0.0-31-generic-x86_64-with-glibc2.43,3.14.4,3.3.0,24,Intel(R) Core(TM) Ultra 9 285K,1,1 x NVIDIA GeForce RTX 5090,9.2986,48.7383,60.81613540649414,machine,0.0,0.0,0.0,0.0,N
gradient_updates_39,2026-09-17T20:31:19,td3_Ant-v5_seed14577,85e4d934-cdd0-42e9-9e36-7d29454cbae4,2.278664643999946,3.708784760851798e-05,1.6276194723639866e-05,32.1964136867233,88.2161879172742,20.0,1.7086710891579468e-05,6.761283186818012e-05,1.2656665688902868e-05,9.735620844866268e-05,0.0,Germany,DEU,baden-wurttemberg,,,Linux-7.0.0-31-generic-x86_64-with-glibc2.43,3.14.4,3.3.0,24,Intel(R) Core(TM) Ultra 9 285K,1,1 x NVIDIA GeForce RTX 5090,9.2986,48.7383,60.81613540649414,machine,0.0,0.0,0.0,0.0,N
rollout_40,2026-09-17T20:31:20,td3_Ant-v5_seed14577,85e4d934-cdd0-42e9-9e36-7d29454cbae4,0.2400961039966205,2.9724130344455785e-06,1.23797390691461e-05,32.22684956329093,87.90448093603293,20.0,2.3374388143935013e-06,4.133058861932604e-06,1.3321353055490391e-06,7.802632981875578e-06,0.0,Germany,DEU,baden-wurttemberg,,,Linux-7.0.0-31-generic-x86_64-with-glibc2.43,3.14.4,3.3.0,24,Intel(R) Core(TM) Ultra 9 285K,1,1 x NVIDIA GeForce RTX 5090,9.2986,48.7383,60.81613540649414,machine,0.0,0.0,0.0,0.0,N
gradient_updates_40,2026-09-17T20:31:22,td3_Ant-v5_seed14577,85e4d934-cdd0-42e9-9e36-7d29454cbae4,2.3017638589954004,3.640290527703481e-05,1.5815264480400214e-05,32.215231949051706,88.10850438527282,20.0,1.5494154061979765e-05,6.72794982680136e-05,1.2784571261120932e-05,9.55582235911143e-05,0.0,Germany,DEU,baden-wurttemberg,,,Linux-7.0.0-31-generic-x86_64-with-glibc2.43,3.14.4,3.3.0,24,Intel(R) Core(TM) Ultra 9 285K,1,1 x NVIDIA GeForce RTX 5090,9.2986,48.7383,60.81613540649414,machine,0.0,0.0,0.0,0.0,N
rollout_41,2026-09-17T20:31:22,td3_Ant-v5_seed14577,85e4d934-cdd0-42e9-9e36-7d29454cbae4,0.2448460240048007,3.892508012008026e-06,1.5897218422997656e-05,32.25129596253244,88.18599630575511,20.0,2.4220405487416358e-06,6.437782927970481e-06,1.3580739166678402e-06,1.0217897393379957e-05,0.0,Germany,DEU,baden-wurttemberg,,,Linux-7.0.0-31-generic-x86_64-with-glibc2.43,3.14.4,3.3.0,24,Intel(R) Core(TM) Ultra 9 285K,1,1 x NVIDIA GeForce RTX 5090,9.2986,48.7383,60.81613540649414,machine,0.0,0.0,0.0,0.0,N
gradient_updates_41,2026-09-17T20:31:24,td3_Ant-v5_seed14577,85e4d934-cdd0-42e9-9e36-7d29454cbae4,2.2981621119979536,3.653085974134008e-05,1.5895731937593145e-05,32.24264058113946,88.39488290221871,20.0,1.5245656640960024e-05,6.78839431960121e-05,1.2764506322208947e-05,9.589410615918129e-05,0.0,Germany,DEU,baden-wurttemberg,,,Linux-7.0.0-31-generic-x86_64-with-glibc2.43,3.14.4,3.3.0,24,Intel(R) Core(TM) Ultra 9 285K,1,1 x NVIDIA GeForce RTX 5090,9.2986,48.7383,60.81613540649414,machine,0.0,0.0,0.0,0.0,N
rollout_42,2026-09-17T20:31:25,td3_Ant-v5_seed14577,85e4d934-cdd0-42e9-9e36-7d29454cbae4,0.235963498998899,2.8565737184497834e-06,1.2104776506344001e-05,32.26313099215802,88.0644774744033,20.0,2.2661465351380902e-06,3.913336463989836e-06,1.3190698777583703e-06,7.498552876886513e-06,0.0,Germany,DEU,baden-wurttemberg,,,Linux-7.0.0-31-generic-x86_64-with-glibc2.43,3.14.4,3.3.0,24,Intel(R) Core(TM) Ultra 9 285K,1,1 x NVIDIA GeForce RTX 5090,9.2986,48.7383,60.81613540649414,machine,0.0,0.0,0.0,0.0,N
gradient_updates_42,2026-09-17T20:31:27,td3_Ant-v5_seed14577,85e4d934-cdd0-42e9-9e36-7d29454cbae4,2.271332677002647,3.688744531780107e-05,1.624053781898506e-05,32.25200585690733,88.28440046798401,20.0,1.6257888839633396e-05,6.794755435801658e-05,1.2624705950009963e-05,9.683014914766037e-05,0.0,Germany,DEU,baden-wurttemberg,,,Linux-7.0.0-31-generic-x86_64-with-glibc2.43,3.14.4,3.3.0,24,Intel(R) Core(TM) Ultra 9 285K,1,1 x NVIDIA GeForce RTX 5090,9.2986,48.7383,60.81613540649414,machine,0.0,0.0,0.0,0.0,N
rollout_43,2026-09-17T20:31:27,td3_Ant-v5_seed14577,85e4d934-cdd0-42e9-9e36-7d29454cbae4,0.24610696700256085,3.4981428422889947e-06,1.4213380152790899e-05,32.19319530335634,88.27800335515361,20.0,1.8581953754436692e-06,5.964726993989977e-06,1.3597599833397537e-06,9.182682352773183e-06,0.0,Germany,DEU,baden-wurttemberg,,,Linux-7.0.0-31-generic-x86_64-with-glibc2.43,3.14.4,3.3.0,24,Intel(R) Core(TM) Ultra 9 285K,1,1 x NVIDIA GeForce RTX 5090,9.2986,48.7383,60.81613540649414,machine,0.0,0.0,0.0,0.0,N
gradient_updates_43,2026-09-17T20:31:29,td3_Ant-v5_seed14577,85e4d934-cdd0-42e9-9e36-7d29454cbae4,2.2876452519994928,3.626824742290454e-05,1.5854010413280014e-05,32.13421598411686,88.44257099598133,20.0,1.689297573659234e-05,6.560477470596293e-05,1.2706994072222023e-05,9.520474451477773e-05,0.0,Germany,DEU,baden-wurttemberg,,,Linux-7.0.0-31-generic-x86_64-with-glibc2.43,3.14.4,3.3.0,24,Intel(R) Core(TM) Ultra 9 285K,1,1 x NVIDIA GeForce RTX 5090,9.2986,48.7383,60.81613540649414,machine,0.0,0.0,0.0,0.0,N
rollout_44,2026-09-17T20:31:30,td3_Ant-v5_seed14577,85e4d934-cdd0-42e9-9e36-7d29454cbae4,0.238402770999528,3.8099948216851164e-06,1.598066783576482e-05,32.1700029830322,88.51841228669291,20.0,2.3660407817201884e-06,6.312505050010131e-06,1.3227530833116383e-06,1.0001298915041958e-05,0.0,Germany,DEU,baden-wurttemberg,,,Linux-7.0.0-31-generic-x86_64-with-glibc2.43,3.14.4,3.3.0,24,Intel(R) Core(TM) Ultra 9 285K,1,1 x NVIDIA GeForce RTX 5090,9.2986,48.7383,60.81613540649414,machine,0.0,0.0,0.0,0.0,N
gradient_updates_44,2026-09-17T20:31:32,td3_Ant-v5_seed14577,85e4d934-cdd0-42e9-9e36-7d29454cbae4,2.2005870130014955,3.612754305058535e-05,1.641728978269061e-05,32.174779803421366,88.72956564266329,20.0,1.6512693210144445e-05,6.610005287999154e-05,1.2222647138858227e-05,9.483539322899422e-05,0.0,Germany,DEU,baden-wurttemberg,,,Linux-7.0.0-31-generic-x86_64-with-glibc2.43,3.14.4,3.3.0,24,Intel(R) Core(TM) Ultra 9 285K,1,1 x NVIDIA GeForce RTX 5090,9.2986,48.7383,60.81613540649414,machine,0.0,0.0,0.0,0.0,N
rollout_45,2026-09-17T20:31:32,td3_Ant-v5_seed14577,85e4d934-cdd0-42e9-9e36-7d29454cbae4,0.24148127200169256,2.915687918820034e-06,1.2073627906128084e-05,32.203484312731305,88.41304205709098,20.0,2.358936887147771e-06,3.954169830011622e-06,1.3406219055468738e-06,7.653728622706267e-06,0.0,Germany,DEU,baden-wurttemberg,,,Linux-7.0.0-31-generic-x86_64-with-glibc2.43,3.14.4,3.3.0,24,Intel(R) Core(TM) Ultra 9 285K,1,1 x NVIDIA GeForce RTX 5090,9.2986,48.7383,60.81613540649414,machine,0.0,0.0,0.0,0.0,N
gradient_updates_45,2026-09-17T20:31:34,td3_Ant-v5_seed14577,85e4d934-cdd0-42e9-9e36-7d29454cbae4,1.969651393003005,3.389616119200186e-05,1.7209293422292012e-05,32.1941350368734,88.69148883771888,20.0,1.5202491328650258e-05,6.283532804607361e-05,1.0940159866651032e-05,8.897797924137512e-05,0.0,Germany,DEU,baden-wurttemberg,,,Linux-7.0.0-31-generic-x86_64-with-glibc2.43,3.14.4,3.3.0,24,Intel(R) Core(TM) Ultra 9 285K,1,1 x NVIDIA GeForce RTX 5090,9.2986,48.7383,60.81613540649414,machine,0.0,0.0,0.0,0.0,N
rollout_46,2026-09-17T20:31:34,td3_Ant-v5_seed14577,85e4d934-cdd0-42e9-9e36-7d29454cbae4,0.23496946899831528,3.044116279640654e-06,1.2954113230931355e-05,32.225358398470775,88.46535881583769,20.0,2.3167549089578646e-06,4.3697257179342586e-06,1.3043745500100797e-06,7.990855176901769e-06,0.0,Germany,DEU,baden-wurttemberg,,,Linux-7.0.0-31-generic-x86_64-with-glibc2.43,3.14.4,3.3.0,24,Intel(R) Core(TM) Ultra 9 285K,1,1 x NVIDIA GeForce RTX 5090,9.2986,48.7383,60.81613540649414,machine,0.0,0.0,0.0,0.0,N
gradient_updates_46,2026-09-17T20:31:36,td3_Ant-v5_seed14577,85e4d934-cdd0-42e9-9e36-7d29454cbae4,1.9703216109992354,3.388021997302376e-05,1.7195385168926353e-05,32.21790867590064,88.73607219106063,20.0,1.5237908579205338e-05,6.275810576195084e-05,1.094011893886383e-05,8.893613328002023e-05,0.0,Germany,DEU,baden-wurttemberg,,,Linux-7.0.0-31-generic-x86_64-with-glibc2.43,3.14.4,3.3.0,24,Intel(R) Core(TM) Ultra 9 285K,1,1 x NVIDIA GeForce RTX 5090,9.2986,48.7383,60.81613540649414,machine,0.0,0.0,0.0,0.0,N
rollout_47,2026-09-17T20:31:37,td3_Ant-v5_seed14577,85e4d934-cdd0-42e9-9e36-7d29454cbae4,0.24175812599423807,3.840264109007847e-06,1.5883849122858835e-05,32.25327374583852,88.79166840299278,20.0,2.416682766678141e-06,6.321949502008373e-06,1.3421240221860638e-06,1.0080756290872794e-05,0.0,Germany,DEU,baden-wurttemberg,,,Linux-7.0.0-31-generic-x86_64-with-glibc2.43,3.14.4,3.3.0,24,Intel(R) Core(TM) Ultra 9 285K,1,1 x NVIDIA GeForce RTX 5090,9.2986,48.7383,60.81613540649414,machine,0.0,0.0,0.0,0.0,N
gradient_updates_47,2026-09-17T20:31:39,td3_Ant-v5_seed14577,85e4d934-cdd0-42e9-9e36-7d29454cbae4,1.9815065739967395,3.3054269771035615e-05,1.6681532048156114e-05,32.248503324472544,89.00350852505817,20.0,1.53597414544503e-05,6.040282610009218e-05,1.10054328944292e-05,8.676800044897168e-05,0.0,Germany,DEU,baden-wurttemberg,,,Linux-7.0.0-31-generic-x86_64-with-glibc2.43,3.14.4,3.3.0,24,Intel(R) Core(TM) Ultra 9 285K,1,1 x NVIDIA GeForce RTX 5090,9.2986,48.7383,60.81613540649414,machine,0.0,0.0,0.0,0.0,N
rollout_48,2026-09-17T20:31:39,td3_Ant-v5_seed14577,85e4d934-cdd0-42e9-9e36-7d29454cbae4,0.24002326499612536,3.909261742608347e-06,1.62869706511551e-05,32.28256630882792,89.09478375570353,20.0,2.396981917583696e-06,6.533616337955905e-06,1.3312779555336215e-06,1.026187621107344e-05,0.0,Germany,DEU,baden-wurttemberg,,,Linux-7.0.0-31-generic-x86_64-with-glibc2.43,3.14.4,3.3.0,24,Intel(R) Core(TM) Ultra 9 285K,1,1 x NVIDIA GeForce RTX 5090,9.2986,48.7383,60.81613540649414,machine,0.0,0.0,0.0,0.0,N
gradient_updates_48,2026-09-17T20:31:41,td3_Ant-v5_seed14577,85e4d934-cdd0-42e9-9e36-7d29454cbae4,1.9800456410011975,3.4188571986993026e-05,1.7266709437314247e-05,32.2792080450605,89.35054901090123,20.0,1.5544490768915238e-05,6.320282834004765e-05,1.0998243266658464e-05,8.974556237562135e-05,0.0,Germany,DEU,baden-wurttemberg,,,Linux-7.0.0-31-generic-x86_64-with-glibc2.43,3.14.4,3.3.0,24,Intel(R) Core(TM) Ultra 9 285K,1,1 x NVIDIA GeForce RTX 5090,9.2986,48.7383,60.81613540649414,machine,0.0,0.0,0.0,0.0,N
rollout_49,2026-09-17T20:31:41,td3_Ant-v5_seed14577,85e4d934-cdd0-42e9-9e36-7d29454cbae4,0.23958446199685568,2.797904047594727e-06,1.1677685606749879e-05,32.30956706121477,89.01120844400754,20.0,2.374161621550644e-06,3.6405584679100045e-06,1.3298239388758945e-06,7.344544028336543e-06,0.0,Germany,DEU,baden-wurttemberg,,,Linux-7.0.0-31-generic-x86_64-with-glibc2.43,3.14.4,3.3.0,24,Intel(R) Core(TM) Ultra 9 285K,1,1 x NVIDIA GeForce RTX 5090,9.2986,48.7383,60.81613540649414,machine,0.0,0.0,0.0,0.0,N
gradient_updates_49,2026-09-17T20:31:43,td3_Ant-v5_seed14577,85e4d934-cdd0-42e9-9e36-7d29454cbae4,1.9683088189995033,3.4034573494164545e-05,1.7291305190141412e-05,32.30396489633113,89.26666862958176,20.0,1.537264340921614e-05,6.303699487397729e-05,1.0931675522200075e-05,8.934131380539372e-05,0.0,Germany,DEU,baden-wurttemberg,,,Linux-7.0.0-31-generic-x86_64-with-glibc2.43,3.14.4,3.3.0,24,Intel(R) Core(TM) Ultra 9 285K,1,1 x NVIDIA GeForce RTX 5090,9.2986,48.7383,60.81613540649414,machine,0.0,0.0,0.0,0.0,N
rollout_50,2026-09-17T20:31:43,td3_Ant-v5_seed14577,85e4d934-cdd0-42e9-9e36-7d29454cbae4,0.24484889300219947,2.984150865170329e-06,1.218672706415843e-05,32.340827216106746,88.97401686360746,20.0,2.4781078158181077e-06,3.996947642082027e-06,1.358389522202819e-06,7.833444980102737e-06,0.0,Germany,DEU,baden-wurttemberg,,,Linux-7.0.0-31-generic-x86_64-with-glibc2.43,3.14.4,3.3.0,24,Intel(R) Core(TM) Ultra 9 285K,1,1 x NVIDIA GeForce RTX 5090,9.2986,48.7383,60.81613540649414,machine,0.0,0.0,0.0,0.0,N
gradient_updates_50,2026-09-17T20:31:45,td3_Ant-v5_seed14577,85e4d934-cdd0-42e9-9e36-7d29454cbae4,2.0047653440051363,3.3356025145165474e-05,1.663841913319832e-05,32.342797807500425,89.19207100614774,20.0,1.4140803534856e-05,6.228449427192473e-05,1.1134815449986499e-05,8.756011325676723e-05,0.0,Germany,DEU,baden-wurttemberg,,,Linux-7.0.0-31-generic-x86_64-with-glibc2.43,3.14.4,3.3.0,24,Intel(R) Core(TM) Ultra 9 285K,1,1 x NVIDIA GeForce RTX 5090,9.2986,48.7383,60.81613540649414,machine,0.0,0.0,0.0,0.0,N
rollout_51,2026-09-17T20:31:46,td3_Ant-v5_seed14577,85e4d934-cdd0-42e9-9e36-7d29454cbae4,0.25181598200288136,3.8389499323007205e-06,1.5245215206927229e-05,32.31211961389923,89.24580113514705,20.0,2.0512524743342836e-06,6.629171970029546e-06,1.3968821110919329e-06,1.0077306555455329e-05,0.0,Germany,DEU,baden-wurttemberg,,,Linux-7.0.0-31-generic-x86_64-with-glibc2.43,3.14.4,3.3.0,24,Intel(R) Core(TM) Ultra 9 285K,1,1 x NVIDIA GeForce RTX 5090,9.2986,48.7383,60.81613540649414,machine,0.0,0.0,0.0,0.0,N
gradient_updates_51,2026-09-17T20:31:48,td3_Ant-v5_seed14577,85e4d934-cdd0-42e9-9e36-7d29454cbae4,1.9777297690015985,3.418023299303283e-05,1.7282623946198177e-05,32.27762853874692,89.48798516919221,20.0,1.5482252108013975e-05,6.325616171609649e-05,1.0985258555552217e-05,8.972367237966312e-05,0.0,Germany,DEU,baden-wurttemberg,,,Linux-7.0.0-31-generic-x86_64-with-glibc2.43,3.14.4,3.3.0,24,Intel(R) Core(TM) Ultra 9 285K,1,1 x NVIDIA GeForce RTX 5090,9.2986,48.7383,60.81613540649414,machine,0.0,0.0,0.0,0.0,N
rollout_52,2026-09-17T20:31:48,td3_Ant-v5_seed14577,85e4d934-cdd0-42e9-9e36-7d29454cbae4,0.2501601580006536,2.656751732277307e-06,1.0619888969742827e-05,32.24070997744219,89.13973290540133,20.0,1.9818926966248124e-06,3.603336215962649e-06,1.3887879722459997e-06,6.974016884833678e-06,0.0,Germany,DEU,baden-wurttemberg,,,Linux-7.0.0-31-generic-x86_64-with-glibc2.43,3.14.4,3.3.0,24,Intel(R) Core(TM) Ultra 9 285K,1,1 x NVIDIA GeForce RTX 5090,9.2986,48.7383,60.81613540649414,machine,0.0,0.0,0.0,0.0,N
gradient_updates_52,2026-09-17T20:31:50,td3_Ant-v5_seed14577,85e4d934-cdd0-42e9-9e36-7d29454cbae4,1.9855739449994871,3.3877714725989196e-05,1.7061976714928626e-05,32.204503792835894,89.35807255427005,20.0,1.5623599165535094e-05,6.22778275999325e-05,1.1028130199984857e-05,8.892955696545267e-05,0.0,Germany,DEU,baden-wurttemberg,,,Linux-7.0.0-31-generic-x86_64-with-glibc2.43,3.14.4,3.3.0,24,Intel(R) Core(TM) Ultra 9 285K,1,1 x NVIDIA GeForce RTX 5090,9.2986,48.7383,60.81613540649414,machine,0.0,0.0,0.0,0.0,N
rollout_53,2026-09-17T20:31:50,td3_Ant-v5_seed14577,85e4d934-cdd0-42e9-9e36-7d29454cbae4,0.23431114700360922,3.046386448352957e-06,1.3001400415300243e-05,32.23728834638556,89.15310621761445,20.0,2.3507818806235356e-06,4.345559031948554e-06,1.300473494443826e-06,7.996814407016349e-06,0.0,Germany,DEU,baden-wurttemberg,,,Linux-7.0.0-31-generic-x86_64-with-glibc2.43,3.14.4,3.3.0,24,Intel(R) Core(TM) Ultra 9 285K,1,1 x NVIDIA GeForce RTX 5090,9.2986,48.7383,60.81613540649414,machine,0.0,0.0,0.0,0.0,N
gradient_updates_53,2026-09-17T20:31:52,td3_Ant-v5_seed14577,85e4d934-cdd0-42e9-9e36-7d29454cbae4,1.9701759880044847,3.397799618856971e-05,1.7246308025854525e-05,32.23686827775494,89.38060020983507,20.0,1.565130224325407e-05,6.259866119007196e-05,1.0942834016653595e-05,8.91927974499794e-05,0.0,Germany,DEU,baden-wurttemberg,,,Linux-7.0.0-31-generic-x86_64-with-glibc2.43,3.14.4,3.3.0,24,Intel(R) Core(TM) Ultra 9 285K,1,1 x NVIDIA GeForce RTX 5090,9.2986,48.7383,60.81613540649414,machine,0.0,0.0,0.0,0.0,N
rollout_54,2026-09-17T20:31:52,td3_Ant-v5_seed14577,85e4d934-cdd0-42e9-9e36-7d29454cbae4,0.23985281299974304,3.8659499807468765e-06,1.6116254361235687e-05,32.26342329713021,89.44737214221517,20.0,2.3670410602980377e-06,6.449727381951931e-06,1.3314136833488931e-06,1.0148182125599078e-05,0.0,Germany,DEU,baden-wurttemberg,,,Linux-7.0.0-31-generic-x86_64-with-glibc2.43,3.14.4,3.3.0,24,Intel(R) Core(TM) Ultra 9 285K,1,1 x NVIDIA GeForce RTX 5090,9.2986,48.7383,60.81613540649414,machine,0.0,0.0,0.0,0.0,N
gradient_updates_54,2026-09-17T20:31:54,td3_Ant-v5_seed14577,85e4d934-cdd0-42e9-9e36-7d29454cbae4,1.982273642999644,3.2622010493875246e-05,1.645701506077007e-05,32.247378849530094,89.6277970322945,20.0,1.4159334660791834e-05,6.046449281604804e-05,1.1009485277787114e-05,8.563331275462677e-05,0.0,Germany,DEU,baden-wurttemberg,,,Linux-7.0.0-31-generic-x86_64-with-glibc2.43,3.14.4,3.3.0,24,Intel(R) Core(TM) Ultra 9 285K,1,1 x NVIDIA GeForce RTX 5090,9.2986,48.7383,60.81613540649414,machine,0.0,0.0,0.0,0.0,N
rollout_55,2026-09-17T20:31:54,td3_Ant-v5_seed14577,85e4d934-cdd0-42e9-9e36-7d29454cbae4,0.24959139600105118,3.757667949042063e-06,1.5054914182612028e-05,32.209721827143674,89.66736622086967,20.0,1.9540540632419223e-06,6.524171885957664e-06,1.385714066661067e-06,9.86394001586087e-06,0.0,Germany,DEU,baden-wurttemberg,,,Linux-7.0.0-31-generic-x86_64-with-glibc2.43,3.14.4,3.3.0,24,Intel(R) Core(TM) Ultra 9 285K,1,1 x NVIDIA GeForce RTX 5090,9.2986,48.7383,60.81613540649414,machine,0.0,0.0,0.0,0.0,N
gradient_updates_55,2026-09-17T20:31:56,td3_Ant-v5_seed14577,85e4d934-cdd0-42e9-9e36-7d29454cbae4,1.9844051840045722,3.40728646294336e-05,1.7170372803984884e-05,32.17496394109776,89.87709796167861,20.0,1.5709573678759914e-05,6.271032794602505e-05,1.1021927038907826e-05,8.944182866369235e-05,0.0,Germany,DEU,baden-wurttemberg,,,Linux-7.0.0-31-generic-x86_64-with-glibc2.43,3.14.4,3.3.0,24,Intel(R) Core(TM) Ultra 9 285K,1,1 x NVIDIA GeForce RTX 5090,9.2986,48.7383,60.81613540649414,machine,0.0,0.0,0.0,0.0,N
rollout_56,2026-09-17T20:31:57,td3_Ant-v5_seed14577,85e4d934-cdd0-42e9-9e36-7d29454cbae4,0.23895656199601945,2.947363858588764e-06,1.233373553661903e-05,32.20861206222306,89.6216647670427,20.0,2.415258598871886e-06,3.99555875207902e-06,1.3260611333356515e-06,7.736878484286558e-06,0.0,Germany,DEU,baden-wurttemberg,,,Linux-7.0.0-31-generic-x86_64-with-glibc2.43,3.14.4,3.3.0,24,Intel(R) Core(TM) Ultra 9 285K,1,1 x NVIDIA GeForce RTX 5090,9.2986,48.7383,60.81613540649414,machine,0.0,0.0,0.0,0.0,N
gradient_updates_56,2026-09-17T20:31:59,td3_Ant-v5_seed14577,85e4d934-cdd0-42e9-9e36-7d29454cbae4,1.9745599269954255,3.394376606088599e-05,1.719063022444438e-05,32.20883012899505,89.83056567509266,20.0,1.558709691411135e-05,6.254893892798652e-05,1.0966906961119979e-05,8.910294280321807e-05,0.0,Germany,DEU,baden-wurttemberg,,,Linux-7.0.0-31-generic-x86_64-with-glibc2.43,3.14.4,3.3.0,24,Intel(R) Core(TM) Ultra 9 285K,1,1 x NVIDIA GeForce RTX 5090,9.2986,48.7383,60.81613540649414,machine,0.0,0.0,0.0,0.0,N
rollout_57,2026-09-17T20:31:59,td3_Ant-v5_seed14577,85e4d934-cdd0-42e9-9e36-7d29454cbae4,0.23418082099669846,3.0204254598711726e-06,1.2897803053586142e-05,32.23257623189653,89.63391175816383,20.0,2.2970371154062974e-06,4.331670132029508e-06,1.2999591388911016e-06,7.928666386327124e-06,0.0,Germany,DEU,baden-wurttemberg,,,Linux-7.0.0-31-generic-x86_64-with-glibc2.43,3.14.4,3.3.0,24,Intel(R) Core(TM) Ultra 9 285K,1,1 x NVIDIA GeForce RTX 5090,9.2986,48.7383,60.81613540649414,machine,0.0,0.0,0.0,0.0,N
gradient_updates_57,2026-09-17T20:32:01,td3_Ant-v5_seed14577,85e4d934-cdd0-42e9-9e36-7d29454cbae4,1.9801656970012118,3.383674888436921e-05,1.7087964087018393e-05,32.226678863895785,89.83391106405378,20.0,1.5444325688783976e-05,6.237977212586454e-05,1.099792314445151e-05,8.882202095909959e-05,0.0,Germany,DEU,baden-wurttemberg,,,Linux-7.0.0-31-generic-x86_64-with-glibc2.43,3.14.4,3.3.0,24,Intel(R) Core(TM) Ultra 9 285K,1,1 x NVIDIA GeForce RTX 5090,9.2986,48.7383,60.81613540649414,machine,0.0,0.0,0.0,0.0,N
rollout_58,2026-09-17T20:32:01,td3_Ant-v5_seed14577,85e4d934-cdd0-42e9-9e36-7d29454cbae4,0.23245177599892486,3.7961976687181202e-06,1.6329631343182045e-05,32.24546388691248,89.91556735860097,20.0,2.2456829076554496e-06,6.429171810040657e-06,1.2902264444468892e-06,9.965081162142779e-06,0.0,Germany,DEU,baden-wurttemberg,,,Linux-7.0.0-31-generic-x86_64-with-glibc2.43,3.14.4,3.3.0,24,Intel(R) Core(TM) Ultra 9 285K,1,1 x NVIDIA GeForce RTX 5090,9.2986,48.7383,60.81613540649414,machine,0.0,0.0,0.0,0.0,N
gradient_updates_58,2026-09-17T20:32:03,td3_Ant-v5_seed14577,85e4d934-cdd0-42e9-9e36-7d29454cbae4,1.9745994850018178,3.3092437819133135e-05,1.6759138527363883e-05,32.23743834637596,90.08442109012982,20.0,1.541082427309378e-05,6.0493659506111186e-05,1.0963708422221177e-05,8.686819220142614e-05,0.0,Germany,DEU,baden-wurttemberg,,,Linux-7.0.0-31-generic-x86_64-with-glibc2.43,3.14.4,3.3.0,24,Intel(R) Core(TM) Ultra 9 285K,1,1 x NVIDIA GeForce RTX 5090,9.2986,48.7383,60.81613540649414,machine,0.0,0.0,0.0,0.0,N
rollout_59,2026-09-17T20:32:03,td3_Ant-v5_seed14577,85e4d934-cdd0-42e9-9e36-7d29454cbae4,0.23275263100367738,3.855459383195637e-06,1.6563719839498027e-05,32.259458435036954,90.17699032089995,20.0,2.2777773777760482e-06,6.550838573815554e-06,1.2920281833228228e-06,1.0120644134914425e-05,0.0,Germany,DEU,baden-wurttemberg,,,Linux-7.0.0-31-generic-x86_64-with-glibc2.43,3.14.4,3.3.0,24,Intel(R) Core(TM) Ultra 9 285K,1,1 x NVIDIA GeForce RTX 5090,9.2986,48.7383,60.81613540649414,machine,0.0,0.0,0.0,0.0,N
gradient_updates_59,2026-09-17T20:32:05,td3_Ant-v5_seed14577,85e4d934-cdd0-42e9-9e36-7d29454cbae4,1.9681103580005583,3.3046614542280896e-05,1.6791114490333445e-05,32.2535423795047,90.34251573070718,20.0,1.5399210652691613e-05,6.041754833407964e-05,1.0931146361124657e-05,8.674790534789548e-05,0.0,Germany,DEU,baden-wurttemberg,,,Linux-7.0.0-31-generic-x86_64-with-glibc2.43,3.14.4,3.3.0,24,Intel(R) Core(TM) Ultra 9 285K,1,1 x NVIDIA GeForce RTX 5090,9.2986,48.7383,60.81613540649414,machine,0.0,0.0,0.0,0.0,N
rollout_60,2026-09-17T20:32:06,td3_Ant-v5_seed14577,85e4d934-cdd0-42e9-9e36-7d29454cbae4,0.2566866260021925,3.995018118703713e-06,1.5564260796363548e-05,32.278010352103635,90.35233435999879,20.0,2.5371253630310925e-06,6.525005220026081e-06,1.4248575222154322e-06,1.0486988105272606e-05,0.0,Germany,DEU,baden-wurttemberg,,,Linux-7.0.0-31-generic-x86_64-with-glibc2.43,3.14.4,3.3.0,24,Intel(R) Core(TM) Ultra 9 285K,1,1 x NVIDIA GeForce RTX 5090,9.2986,48.7383,60.81613540649414,machine,0.0,0.0,0.0,0.0,N
gradient_updates_60,2026-09-17T20:32:08,td3_Ant-v5_seed14577,85e4d934-cdd0-42e9-9e36-7d29454cbae4,1.972704714993597,3.4206648880296016e-05,1.7340078748635142e-05,32.27571494121512,90.55132200670322,20.0,1.5739447313770083e-05,6.31014393700502e-05,1.0952127833297604e-05,8.979301451711788e-05,0.0,Germany,DEU,baden-wurttemberg,,,Linux-7.0.0-31-generic-x86_64-with-glibc2.43,3.14.4,3.3.0,24,Intel(R) Core(TM) Ultra 9 285K,1,1 x NVIDIA GeForce RTX 5090,9.2986,48.7383,60.81613540649414,machine,0.0,0.0,0.0,0.0,N
rollout_61,2026-09-17T20:32:08,td3_Ant-v5_seed14577,85e4d934-cdd0-42e9-9e36-7d29454cbae4,0.23726092399738263,2.878975672037081e-06,1.2133867299438055e-05,32.30166221930066,90.30130754388524,20.0,2.363599113100294e-06,3.880003103917673e-06,1.3137561555695478e-06,7.557358372587732e-06,0.0,Germany,DEU,baden-wurttemberg,,,Linux-7.0.0-31-generic-x86_64-with-glibc2.43,3.14.4,3.3.0,24,Intel(R) Core(TM) Ultra 9 285K,1,1 x NVIDIA GeForce RTX 5090,9.2986,48.7383,60.81613540649414,machine,0.0,0.0,0.0,0.0,N
gradient_updates_61,2026-09-17T20:32:10,td3_Ant-v5_seed14577,85e4d934-cdd0-42e9-9e36-7d29454cbae4,1.9792837330023758,3.406913394522109e-05,1.721296338166607e-05,32.30077895750222,90.4865406136238,20.0,1.586882436171652e-05,6.256977227803162e-05,1.099343891667855e-05,8.943203555642713e-05,0.0,Germany,DEU,baden-wurttemberg,,,Linux-7.0.0-31-generic-x86_64-with-glibc2.43,3.14.4,3.3.0,24,Intel(R) Core(TM) Ultra 9 285K,1,1 x NVIDIA GeForce RTX 5090,9.2986,48.7383,60.81613540649414,machine,0.0,0.0,0.0,0.0,N
rollout_62,2026-09-17T20:32:10,td3_Ant-v5_seed14577,85e4d934-cdd0-42e9-9e36-7d29454cbae4,0.255655511005898,3.7997755190713467e-06,1.4862132470979037e-05,32.33143125738329,90.43630786320995,20.0,2.5925823518421418e-06,5.96333810398697e-06,1.4185526221910556e-06,9.974473078018867e-06,0.0,Germany,DEU,baden-wurttemberg,,,Linux-7.0.0-31-generic-x86_64-with-glibc2.43,3.14.4,3.3.0,24,Intel(R) Core(TM) Ultra 9 285K,1,1 x NVIDIA GeForce RTX 5090,9.2986,48.7383,60.81613540649414,machine,0.0,0.0,0.0,0.0,N
gradient_updates_62,2026-09-17T20:32:12,td3_Ant-v5_seed14577,85e4d934-cdd0-42e9-9e36-7d29454cbae4,1.9927322570001706,3.2803239695693934e-05,1.646150668571561e-05,32.32503773238197,90.57843590925117,20.0,1.4843690208276444e-05,6.019727037998024e-05,1.1068081794453734e-05,8.610904238271107e-05,0.0,Germany,DEU,baden-wurttemberg,,,Linux-7.0.0-31-generic-x86_64-with-glibc2.43,3.14.4,3.3.0,24,Intel(R) Core(TM) Ultra 9 285K,1,1 x NVIDIA GeForce RTX 5090,9.2986,48.7383,60.81613540649414,machine,0.0,0.0,0.0,0.0,N
rollout_63,2026-09-17T20:32:12,td3_Ant-v5_seed14577,85e4d934-cdd0-42e9-9e36-7d29454cbae4,0.24407498900109204,2.5639609446885363e-06,1.0504638321770713e-05,32.29320355524834,90.2732957963575,20.0,1.9266223746303157e-06,3.449169425961962e-06,1.3546477444631704e-06,6.730439545054798e-06,0.0,Germany,DEU,baden-wurttemberg,,,Linux-7.0.0-31-generic-x86_64-with-glibc2.43,3.14.4,3.3.0,24,Intel(R) Core(TM) Ultra 9 285K,1,1 x NVIDIA GeForce RTX 5090,9.2986,48.7383,60.81613540649414,machine,0.0,0.0,0.0,0.0,N
gradient_updates_63,2026-09-17T20:32:14,td3_Ant-v5_seed14577,85e4d934-cdd0-42e9-9e36-7d29454cbae4,1.9780001289982465,3.41661718121296e-05,1.7273151329030272e-05,32.26379259099595,90.4584696830347,20.0,1.5781781792081895e-05,6.291838366812019e-05,1.0986596088898449e-05,8.96867615491001e-05,0.0,Germany,DEU,baden-wurttemberg,,,Linux-7.0.0-31-generic-x86_64-with-glibc2.43,3.14.4,3.3.0,24,Intel(R) Core(TM) Ultra 9 285K,1,1 x NVIDIA GeForce RTX 5090,9.2986,48.7383,60.81613540649414,machine,0.0,0.0,0.0,0.0,N
rollout_64,2026-09-17T20:32:14,td3_Ant-v5_seed14577,85e4d934-cdd0-42e9-9e36-7d29454cbae4,0.24354551600117702,2.9355396760984316e-06,1.2053057734472828e-05,32.2902984809657,90.21191881866861,20.0,2.4399777853144344e-06,3.914447575970037e-06,1.3514144499720843e-06,7.705839811257206e-06,0.0,Germany,DEU,baden-wurttemberg,,,Linux-7.0.0-31-generic-x86_64-with-glibc2.43,3.14.4,3.3.0,24,Intel(R) Core(TM) Ultra 9 285K,1,1 x NVIDIA GeForce RTX 5090,9.2986,48.7383,60.81613540649414,machine,0.0,0.0,0.0,0.0,N
gradient_updates_64,2026-09-17T20:32:16,td3_Ant-v5_seed14577,85e4d934-cdd0-42e9-9e36-7d29454cbae4,2.0014719530008733,3.351979172494307e-05,1.6747633496457953e-05,32.29220114132273,90.37697864383394,20.0,1.4527765788870974e-05,6.234588320996881e-05,1.1116354216654956e-05,8.799000321549517e-05,0.0,Germany,DEU,baden-wurttemberg,,,Linux-7.0.0-31-generic-x86_64-with-glibc2.43,3.14.4,3.3.0,24,Intel(R) Core(TM) Ultra 9 285K,1,1 x NVIDIA GeForce RTX 5090,9.2986,48.7383,60.81613540649414,machine,0.0,0.0,0.0,0.0,N
rollout_65,2026-09-17T20:32:17,td3_Ant-v5_seed14577,85e4d934-cdd0-42e9-9e36-7d29454cbae4,0.2457986359950155,3.6810630440566906e-06,1.4975213756646465e-05,32.25560003108519,90.4041838807209,20.0,1.8845928965623149e-06,6.414171798030388e-06,1.3640861888739725e-06,9.662850883466675e-06,0.0,Germany,DEU,baden-wurttemberg,,,Linux-7.0.0-31-generic-x86_64-with-glibc2.43,3.14.4,3.3.0,24,Intel(R) Core(TM) Ultra 9 285K,1,1 x NVIDIA GeForce RTX 5090,9.2986,48.7383,60.81613540649414,machine,0.0,0.0,0.0,0.0,N
gradient_updates_65,2026-09-17T20:32:19,td3_Ant-v5_seed14577,85e4d934-cdd0-42e9-9e36-7d29454cbae4,1.9747633680017316,3.428109470031632e-05,1.7359662450503762e-05,32.223031419687686,90.5916746967107,20.0,1.5556087722638084e-05,6.346393966005781e-05,1.0968408633359877e-05,8.998843601605577e-05,0.0,Germany,DEU,baden-wurttemberg,,,Linux-7.0.0-31-generic-x86_64-with-glibc2.43,3.14.4,3.3.0,24,Intel(R) Core(TM) Ultra 9 285K,1,1 x NVIDIA GeForce RTX 5090,9.2986,48.7383,60.81613540649414,machine,0.0,0.0,0.0,0.0,N
rollout_66,2026-09-17T20:32:19,td3_Ant-v5_seed14577,85e4d934-cdd0-42e9-9e36-7d29454cbae4,0.2489055779951741,2.781465568710631e-06,1.1174558407772726e-05,32.24264983024251,90.2960466064006,20.0,2.434196391800335e-06,3.4844472319717212e-06,1.3827491277980646e-06,7.3013927515703375e-06,0.0,Germany,DEU,baden-wurttemberg,,,Linux-7.0.0-31-generic-x86_64-with-glibc2.43,3.14.4,3.3.0,24,Intel(R) Core(TM) Ultra 9 285K,1,1 x NVIDIA GeForce RTX 5090,9.2986,48.7383,60.81613540649414,machine,0.0,0.0,0.0,0.0,N
gradient_updates_66,2026-09-17T20:32:21,td3_Ant-v5_seed14577,85e4d934-cdd0-42e9-9e36-7d29454cbae4,1.9827509630049462,3.403953913776051e-05,1.7167994886436502e-05,32.23820116808333,90.4680808062207,20.0,1.5643384736919487e-05,6.269866126995538e-05,1.101230269442673e-05,8.93543487013003e-05,0.0,Germany,DEU,baden-wurttemberg,,,Linux-7.0.0-31-generic-x86_64-with-glibc2.43,3.14.4,3.3.0,24,Intel(R) Core(TM) Ultra 9 285K,1,1 x NVIDIA GeForce RTX 5090,9.2986,48.7383,60.81613540649414,machine,0.0,0.0,0.0,0.0,N
rollout_67,2026-09-17T20:32:21,td3_Ant-v5_seed14577,85e4d934-cdd0-42e9-9e36-7d29454cbae4,0.23970939999708207,2.9293882197007834e-06,1.22200527387157e-05,32.25808118528752,90.24914855834962,20.0,2.3490357681154803e-06,4.010003208043678e-06,1.330653161130558e-06,7.68969213729015e-06,0.0,Germany,DEU,baden-wurttemberg,,,Linux-7.0.0-31-generic-x86_64-with-glibc2.43,3.14.4,3.3.0,24,Intel(R) Core(TM) Ultra 9 285K,1,1 x NVIDIA GeForce RTX 5090,9.2986,48.7383,60.81613540649414,machine,0.0,0.0,0.0,0.0,N
gradient_updates_67,2026-09-17T20:32:23,td3_Ant-v5_seed14577,85e4d934-cdd0-42e9-9e36-7d29454cbae4,1.9771477589965798,3.388378535445569e-05,1.713776548601194e-05,32.25195252513068,90.42005666658,20.0,1.5311167526702203e-05,6.264505011588373e-05,1.0989274822188538e-05,8.894549246477382e-05,0.0,Germany,DEU,baden-wurttemberg,,,Linux-7.0.0-31-generic-x86_64-with-glibc2.43,3.14.4,3.3.0,24,Intel(R) Core(TM) Ultra 9 285K,1,1 x NVIDIA GeForce RTX 5090,9.2986,48.7383,60.81613540649414,machine,0.0,0.0,0.0,0.0,N
rollout_68,2026-09-17T20:32:23,td3_Ant-v5_seed14577,85e4d934-cdd0-42e9-9e36-7d29454cbae4,0.240051806998963,3.7048090031663143e-06,1.543271482305608e-05,32.26881287458729,90.42499352335324,20.0,2.3312165871930066e-06,6.063338184092437e-06,1.3306296444272163e-06,9.725184415713961e-06,0.0,Germany,DEU,baden-wurttemberg,,,Linux-7.0.0-31-generic-x86_64-with-glibc2.43,3.14.4,3.3.0,24,Intel(R) Core(TM) Ultra 9 285K,1,1 x NVIDIA GeForce RTX 5090,9.2986,48.7383,60.81613540649414,machine,0.0,0.0,0.0,0.0,N
gradient_updates_68,2026-09-17T20:32:25,td3_Ant-v5_seed14577,85e4d934-cdd0-42e9-9e36-7d29454cbae4,1.9794576760032214,3.304263384635046e-05,1.6692883896639626e-05,32.262263009669894,90.56147628830944,20.0,1.5454362641257116e-05,6.0288937120067665e-05,1.099415619444503e-05,8.67374559557696e-05,0.0,Germany,DEU,baden-wurttemberg,,,Linux-7.0.0-31-generic-x86_64-with-glibc2.43,3.14.4,3.3.0,24,Intel(R) Core(TM) Ultra 9 285K,1,1 x NVIDIA GeForce RTX 5090,9.2986,48.7383,60.81613540649414,machine,0.0,0.0,0.0,0.0,N
rollout_69,2026-09-17T20:32:26,td3_Ant-v5_seed14577,85e4d934-cdd0-42e9-9e36-7d29454cbae4,0.2416412019956624,3.912870505324087e-06,1.619223659430109e-05,32.28094330584466,90.61367109088563,20.0,2.3631921683307452e-06,6.567783031874441e-06,1.3403740722018817e-06,1.0271349272408803e-05,0.0,Germany,DEU,baden-wurttemberg,,,Linux-7.0.0-31-generic-x86_64-with-glibc2.43,3.14.4,3.3.0,24,Intel(R) Core(TM) Ultra 9 285K,1,1 x NVIDIA GeForce RTX 5090,9.2986,48.7383,60.81613540649414,machine,0.0,0.0,0.0,0.0,N
gradient_updates_69,2026-09-17T20:32:28,td3_Ant-v5_seed14577,85e4d934-cdd0-42e9-9e36-7d29454cbae4,1.9858941470010905,3.3965212087773075e-05,1.7103293097056522e-05,32.273316503518345,90.77833305965996,20.0,1.5166378799759406e-05,6.296282814810539e-05,1.103003202778275e-05,8.915923897564841e-05,0.0,Germany,DEU,baden-wurttemberg,,,Linux-7.0.0-31-generic-x86_64-with-glibc2.43,3.14.4,3.3.0,24,Intel(R) Core(TM) Ultra 9 285K,1,1 x NVIDIA GeForce RTX 5090,9.2986,48.7383,60.81613540649414,machine,0.0,0.0,0.0,0.0,N
rollout_70,2026-09-17T20:32:28,td3_Ant-v5_seed14577,85e4d934-cdd0-42e9-9e36-7d29454cbae4,0.2478217149982811,2.685320803885727e-06,1.0834986606758988e-05,32.25251586759198,90.51549559355286,20.0,2.03248412598573e-06,3.641114023844594e-06,1.3754130166892826e-06,7.049011166519389e-06,0.0,Germany,DEU,baden-wurttemberg,,,Linux-7.0.0-31-generic-x86_64-with-glibc2.43,3.14.4,3.3.0,24,Intel(R) Core(TM) Ultra 9 285K,1,1 x NVIDIA GeForce RTX 5090,9.2986,48.7383,60.81613540649414,machine,0.0,0.0,0.0,0.0,N
gradient_updates_70,2026-09-17T20:32:30,td3_Ant-v5_seed14577,85e4d934-cdd0-42e9-9e36-7d29454cbae4,1.9776256710028974,3.3981254268306265e-05,1.7182915114594822e-05,32.22936555908137,90.67651807484197,20.0,1.567973448822306e-05,6.253755003005068e-05,1.098406544446746e-05,8.920134996274164e-05,0.0,Germany,DEU,baden-wurttemberg,,,Linux-7.0.0-31-generic-x86_64-with-glibc2.43,3.14.4,3.3.0,24,Intel(R) Core(TM) Ultra 9 285K,1,1 x NVIDIA GeForce RTX 5090,9.2986,48.7383,60.81613540649414,machine,0.0,0.0,0.0,0.0,N
rollout_71,2026-09-17T20:32:30,td3_Ant-v5_seed14577,85e4d934-cdd0-42e9-9e36-7d29454cbae4,0.24140375800197944,3.0650809082818226e-06,1.2696284432567187e-05,32.25482035033094,90.492713434153,20.0,2.430907500280098e-06,4.275836754108475e-06,1.3391434166502413e-06,8.045887671037297e-06,0.0,Germany,DEU,baden-wurttemberg,,,Linux-7.0.0-31-generic-x86_64-with-glibc2.43,3.14.4,3.3.0,24,Intel(R) Core(TM) Ultra 9 285K,1,1 x NVIDIA GeForce RTX 5090,9.2986,48.7383,60.81613540649414,machine,0.0,0.0,0.0,0.0,N
gradient_updates_71,2026-09-17T20:32:32,td3_Ant-v5_seed14577,85e4d934-cdd0-42e9-9e36-7d29454cbae4,2.0211573179985862,3.432363623761571e-05,1.6982229420865265e-05,32.25481485962172,90.66363935784366,20.0,1.3976822848114911e-05,6.489755191796398e-05,1.1225733483337993e-05,9.010010824941732e-05,0.0,Germany,DEU,baden-wurttemberg,,,Linux-7.0.0-31-generic-x86_64-with-glibc2.43,3.14.4,3.3.0,24,Intel(R) Core(TM) Ultra 9 285K,1,1 x NVIDIA GeForce RTX 5090,9.2986,48.7383,60.81613540649414,machine,0.0,0.0,0.0,0.0,N
rollout_72,2026-09-17T20:32:32,td3_Ant-v5_seed14577,85e4d934-cdd0-42e9-9e36-7d29454cbae4,0.2449686859981739,2.5862181314939385e-06,1.0556806195519241e-05,32.21621815478098,90.41160576368526,20.0,1.8212350680986075e-06,3.613614001918286e-06,1.3540159555607261e-06,6.7888650255778366e-06,0.0,Germany,DEU,baden-wurttemberg,,,Linux-7.0.0-31-generic-x86_64-with-glibc2.43,3.14.4,3.3.0,24,Intel(R) Core(TM) Ultra 9 285K,1,1 x NVIDIA GeForce RTX 5090,9.2986,48.7383,60.81613540649414,machine,0.0,0.0,0.0,0.0,N
gradient_updates_72,2026-09-17T20:32:34,td3_Ant-v5_seed14577,85e4d934-cdd0-42e9-9e36-7d29454cbae4,1.970405034997384,3.4006594830167814e-05,1.725873884840468e-05,32.18568081577113,90.57193911920797,20.0,1.577389817466416e-05,6.254977226205494e-05,1.0944198916654994e-05,8.926786935337452e-05,0.0,Germany,DEU,baden-wurttemberg,,,Linux-7.0.0-31-generic-x86_64-with-glibc2.43,3.14.4,3.3.0,24,Intel(R) Core(TM) Ultra 9 285K,1,1 x NVIDIA GeForce RTX 5090,9.2986,48.7383,60.81613540649414,machine,0.0,0.0,0.0,0.0,N
rollout_73,2026-09-17T20:32:35,td3_Ant-v5_seed14577,85e4d934-cdd0-42e9-9e36-7d29454cbae4,0.2469632790016476,2.9868277271558746e-06,1.209368523150884e-05,32.21181326795793,90.35432517732484,20.0,2.4972319977835736e-06,3.972225400050711e-06,1.3710143889006723e-06,7.840471786733222e-06,0.0,Germany,DEU,baden-wurttemberg,,,Linux-7.0.0-31-generic-x86_64-with-glibc2.43,3.14.4,3.3.0,24,Intel(R) Core(TM) Ultra 9 285K,1,1 x NVIDIA GeForce RTX 5090,9.2986,48.7383,60.81613540649414,machine,0.0,0.0,0.0,0.0,N
gradient_updates_73,2026-09-17T20:32:37,td3_Ant-v5_seed14577,85e4d934-cdd0-42e9-9e36-7d29454cbae4,1.9718163869983982,3.3831396330744924e-05,1.7157517060056245e-05,32.21173100458593,90.50988718552856,20.0,1.551239685435111e-05,6.234366098589739e-05,1.0951912577770008e-05,8.880797041802002e-05,0.0,Germany,DEU,baden-wurttemberg,,,Linux-7.0.0-31-generic-x86_64-with-glibc2.43,3.14.4,3.3.0,24,Intel(R) Core(TM) Ultra 9 285K,1,1 x NVIDIA GeForce RTX 5090,9.2986,48.7383,60.81613540649414,machine,0.0,0.0,0.0,0.0,N
rollout_74,2026-09-17T20:32:37,td3_Ant-v5_seed14577,85e4d934-cdd0-42e9-9e36-7d29454cbae4,0.2329993109960924,3.0301033038838965e-06,1.3004190875616858e-05,32.231666752345205,90.35452507790728,20.0,2.311109071107681e-06,4.344447920079375e-06,1.2985138944511358e-06,7.954070885638626e-06,0.0,Germany,DEU,baden-wurttemberg,,,Linux-7.0.0-31-generic-x86_64-with-glibc2.43,3.14.4,3.3.0,24,Intel(R) Core(TM) Ultra 9 285K,1,1 x NVIDIA GeForce RTX 5090,9.2986,48.7383,60.81613540649414,machine,0.0,0.0,0.0,0.0,N
gradient_updates_74,2026-09-17T20:32:39,td3_Ant-v5_seed14577,85e4d934-cdd0-42e9-9e36-7d29454cbae4,1.981103104997601,3.384003060038533e-05,1.7081469745120556e-05,32.228483248716415,90.50367287736702,20.0,1.556010578140834e-05,6.226727203606508e-05,1.1003257700010951e-05,8.883063551748394e-05,0.0,Germany,DEU,baden-wurttemberg,,,Linux-7.0.0-31-generic-x86_64-with-glibc2.43,3.14.4,3.3.0,24,Intel(R) Core(TM) Ultra 9 285K,1,1 x NVIDIA GeForce RTX 5090,9.2986,48.7383,60.81613540649414,machine,0.0,0.0,0.0,0.0,N
rollout_75,2026-09-17T20:32:39,td3_Ant-v5_seed14577,85e4d934-cdd0-42e9-9e36-7d29454cbae4,0.24391489799745614,3.852860788513754e-06,1.5795586316443283e-05,32.2460078779645,90.52330558361491,20.0,2.3958121944259517e-06,6.358616197910116e-06,1.3593943889039523e-06,1.0113822781241538e-05,0.0,Germany,DEU,baden-wurttemberg,,,Linux-7.0.0-31-generic-x86_64-with-glibc2.43,3.14.4,3.3.0,24,Intel(R) Core(TM) Ultra 9 285K,1,1 x NVIDIA GeForce RTX 5090,9.2986,48.7383,60.81613540649414,machine,0.0,0.0,0.0,0.0,N
gradient_updates_75,2026-09-17T20:32:41,td3_Ant-v5_seed14577,85e4d934-cdd0-42e9-9e36-7d29454cbae4,1.9857229639965226,3.404236382214057e-05,1.7143619697162073e-05,32.24042010176923,90.67592045786489,20.0,1.5367387849456182e-05,6.296560592800038e-05,1.1028769766683938e-05,8.936176354414072e-05,0.0,Germany,DEU,baden-wurttemberg,,,Linux-7.0.0-31-generic-x86_64-with-glibc2.43,3.14.4,3.3.0,24,Intel(R) Core(TM) Ultra 9 285K,1,1 x NVIDIA GeForce RTX 5090,9.2986,48.7383,60.81613540649414,machine,0.0,0.0,0.0,0.0,N
rollout_76,2026-09-17T20:32:41,td3_Ant-v5_seed14577,85e4d934-cdd0-42e9-9e36-7d29454cbae4,0.24547081899800105,2.82838899799253e-06,1.1521819000213788e-05,32.26132090267356,90.43590011887908,20.0,2.4410288972662522e-06,3.6227806760047443e-06,1.3607579500078248e-06,7.424567523277303e-06,0.0,Germany,DEU,baden-wurttemberg,,,Linux-7.0.0-31-generic-x86_64-with-glibc2.43,3.14.4,3.3.0,24,Intel(R) Core(TM) Ultra 9 285K,1,1 x NVIDIA GeForce RTX 5090,9.2986,48.7383,60.81613540649414,machine,0.0,0.0,0.0,0.0,N
gradient_updates_76,2026-09-17T20:32:43,td3_Ant-v5_seed14577,85e4d934-cdd0-42e9-9e36-7d29454cbae4,1.990153159997135,3.387163037050448e-05,1.701968455704753e-05,32.25774367333473,90.57923673205175,20.0,1.543812040604147e-05,6.242199438200036e-05,1.105347064444184e-05,8.891358543248323e-05,0.0,Germany,DEU,baden-wurttemberg,,,Linux-7.0.0-31-generic-x86_64-with-glibc2.43,3.14.4,3.3.0,24,Intel(R) Core(TM) Ultra 9 285K,1,1 x NVIDIA GeForce RTX 5090,9.2986,48.7383,60.81613540649414,machine,0.0,0.0,0.0,0.0,N
rollout_77,2026-09-17T20:32:43,td3_Ant-v5_seed14577,85e4d934-cdd0-42e9-9e36-7d29454cbae4,0.2452083690004656,3.5410580279874974e-06,1.4440080743225461e-05,32.232918612100626,90.56255325883191,20.0,1.946204334740166e-06,5.987782567884459e-06,1.3613485166893199e-06,9.295335419313294e-06,0.0,Germany,DEU,baden-wurttemberg,,,Linux-7.0.0-31-generic-x86_64-with-glibc2.43,3.14.4,3.3.0,24,Intel(R) Core(TM) Ultra 9 285K,1,1 x NVIDIA GeForce RTX 5090,9.2986,48.7383,60.81613540649414,machine,0.0,0.0,0.0,0.0,N
gradient_updates_77,2026-09-17T20:32:45,td3_Ant-v5_seed14577,85e4d934-cdd0-42e9-9e36-7d29454cbae4,1.9677821770019364,3.3201547952230095e-05,1.6872629383033812e-05,32.209628957801435,90.68929516465754,20.0,1.5717237018224653e-05,6.050754840603023e-05,1.0929822666649663e-05,8.715460809090476e-05,0.0,Germany,DEU,baden-wurttemberg,,,Linux-7.0.0-31-generic-x86_64-with-glibc2.43,3.14.4,3.3.0,24,Intel(R) Core(TM) Ultra 9 285K,1,1 x NVIDIA GeForce RTX 5090,9.2986,48.7383,60.81613540649414,machine,0.0,0.0,0.0,0.0,N
rollout_78,2026-09-17T20:32:46,td3_Ant-v5_seed14577,85e4d934-cdd0-42e9-9e36-7d29454cbae4,0.2394184779986972,3.845299751622979e-06,1.6059275178267783e-05,32.2303873353826,90.7233520139413,20.0,2.3827066283864384e-06,6.383616218075261e-06,1.327652088891967e-06,1.0093974935353883e-05,0.0,Germany,DEU,baden-wurttemberg,,,Linux-7.0.0-31-generic-x86_64-with-glibc2.43,3.14.4,3.3.0,24,Intel(R) Core(TM) Ultra 9 285K,1,1 x NVIDIA GeForce RTX 5090,9.2986,48.7383,60.81613540649414,machine,0.0,0.0,0.0,0.0,N
gradient_updates_78,2026-09-17T20:32:48,td3_Ant-v5_seed14577,85e4d934-cdd0-42e9-9e36-7d29454cbae4,1.988733375997981,3.375710501678014e-05,1.697424052026432e-05,32.22134651980713,90.86993430177644,20.0,1.4393895403995438e-05,6.316866164601809e-05,1.1050397450000941e-05,8.861295450001382e-05,0.0,Germany,DEU,baden-wurttemberg,,,Linux-7.0.0-31-generic-x86_64-with-glibc2.43,3.14.4,3.3.0,24,Intel(R) Core(TM) Ultra 9 285K,1,1 x NVIDIA GeForce RTX 5090,9.2986,48.7383,60.81613540649414,machine,0.0,0.0,0.0,0.0,N
rollout_79,2026-09-17T20:32:48,td3_Ant-v5_seed14577,85e4d934-cdd0-42e9-9e36-7d29454cbae4,0.24667196100199362,2.640836569998972e-06,1.0705875831855178e-05,32.202006167903384,90.62942470083955,20.0,2.009375496387321e-06,3.5538917319000163e-06,1.3689720944562184e-06,6.932239322743339e-06,0.0,Germany,DEU,baden-wurttemberg,,,Linux-7.0.0-31-generic-x86_64-with-glibc2.43,3.14.4,3.3.0,24,Intel(R) Core(TM) Ultra 9 285K,1,1 x NVIDIA GeForce RTX 5090,9.2986,48.7383,60.81613540649414,machine,0.0,0.0,0.0,0.0,N
gradient_updates_79,2026-09-17T20:32:50,td3_Ant-v5_seed14577,85e4d934-cdd0-42e9-9e36-7d29454cbae4,1.9751398569933372,3.385989691065015e-05,1.7143101467472372e-05,32.18007424155191,90.77179718071427,20.0,1.5468875430645762e-05,6.244366106611388e-05,1.0970248411103873e-05,8.888278490786286e-05,0.0,Germany,DEU,baden-wurttemberg,,,Linux-7.0.0-31-generic-x86_64-with-glibc2.43,3.14.4,3.3.0,24,Intel(R) Core(TM) Ultra 9 285K,1,1 x NVIDIA GeForce RTX 5090,9.2986,48.7383,60.81613540649414,machine,0.0,0.0,0.0,0.0,N
rollout_80,2026-09-17T20:32:50,td3_Ant-v5_seed14577,85e4d934-cdd0-42e9-9e36-7d29454cbae4,0.2414576320006745,2.935193169129914e-06,1.215644716750478e-05,32.197690329975714,90.58393269197101,20.0,2.3715674528079767e-06,3.999725421977018e-06,1.333637349994676e-06,7.704930224779888e-06,0.0,Germany,DEU,baden-wurttemberg,,,Linux-7.0.0-31-generic-x86_64-with-glibc2.43,3.14.4,3.3.0,24,Intel(R) Core(TM) Ultra 9 285K,1,1 x NVIDIA GeForce RTX 5090,9.2986,48.7383,60.81613540649414,machine,0.0,0.0,0.0,0.0,N
gradient_updates_80,2026-09-17T20:32:52,td3_Ant-v5_seed14577,85e4d934-cdd0-42e9-9e36-7d29454cbae4,1.99285463400156,3.38836088804844e-05,1.700263826472474e-05,32.19451158841738,90.71612740082583,20.0,1.566962975791536e-05,6.220671643197839e-05,1.1068683027810455e-05,8.894502921770464e-05,0.0,Germany,DEU,baden-wurttemberg,,,Linux-7.0.0-31-generic-x86_64-with-glibc2.43,3.14.4,3.3.0,24,Intel(R) Core(TM) Ultra 9 285K,1,1 x NVIDIA GeForce RTX 5090,9.2986,48.7383,60.81613540649414,machine,0.0,0.0,0.0,0.0,N
rollout_81,2026-09-17T20:32:52,td3_Ant-v5_seed14577,85e4d934-cdd0-42e9-9e36-7d29454cbae4,0.2452894460002426,3.8838693555156255e-06,1.5833194229801312e-05,32.21290796212275,90.73708228668843,20.0,2.4218874930632614e-06,6.41222735198177e-06,1.3611059333116723e-06,1.0195220778358438e-05,0.0,Germany,DEU,baden-wurttemberg,,,Linux-7.0.0-31-generic-x86_64-with-glibc2.43,3.14.4,3.3.0,24,Intel(R) Core(TM) Ultra 9 285K,1,1 x NVIDIA GeForce RTX 5090,9.2986,48.7383,60.81613540649414,machine,0.0,0.0,0.0,0.0,N
gradient_updates_81,2026-09-17T20:32:54,td3_Ant-v5_seed14577,85e4d934-cdd0-42e9-9e36-7d29454cbae4,1.9773839269983,3.4221267339367735e-05,1.730638670288299e-05,32.20984995133342,90.88468003178521,20.0,1.5481133496008867e-05,6.336727291600397e-05,1.0982981800003152e-05,8.983138821201664e-05,0.0,Germany,DEU,baden-wurttemberg,,,Linux-7.0.0-31-generic-x86_64-with-glibc2.43,3.14.4,3.3.0,24,Intel(R) Core(TM) Ultra 9 285K,1,1 x NVIDIA GeForce RTX 5090,9.2986,48.7383,60.81613540649414,machine,0.0,0.0,0.0,0.0,N
rollout_82,2026-09-17T20:32:55,td3_Ant-v5_seed14577,85e4d934-cdd0-42e9-9e36-7d29454cbae4,0.24431562900281278,2.7525859966639164e-06,1.1265889187392038e-05,32.22622539615087,90.64880573103316,20.0,2.3923533027702185e-06,3.4769472261331202e-06,1.3562828722368022e-06,7.22558340113949e-06,0.0,Germany,DEU,baden-wurttemberg,,,Linux-7.0.0-31-generic-x86_64-with-glibc2.43,3.14.4,3.3.0,24,Intel(R) Core(TM) Ultra 9 285K,1,1 x NVIDIA GeForce RTX 5090,9.2986,48.7383,60.81613540649414,machine,0.0,0.0,0.0,0.0,N
gradient_updates_82,2026-09-17T20:32:57,td3_Ant-v5_seed14577,85e4d934-cdd0-42e9-9e36-7d29454cbae4,1.977256127000146,3.407035847301232e-05,1.7231284862330716e-05,32.223180729726295,90.78913796827598,20.0,1.5648810019038874e-05,6.280393913182802e-05,1.0982500811102533e-05,8.943524996197008e-05,0.0,Germany,DEU,baden-wurttemberg,,,Linux-7.0.0-31-generic-x86_64-with-glibc2.43,3.14.4,3.3.0,24,Intel(R) Core(TM) Ultra 9 285K,1,1 x NVIDIA GeForce RTX 5090,9.2986,48.7383,60.81613540649414,machine,0.0,0.0,0.0,0.0,N
rollout_83,2026-09-17T20:32:57,td3_Ant-v5_seed14577,85e4d934-cdd0-42e9-9e36-7d29454cbae4,0.2419345849993988,2.92288343231974e-06,1.2080734949521341e-05,32.24525178143701,90.59585752660931,20.0,2.438129728279774e-06,3.8913920020755555e-06,1.3430952333390138e-06,7.672616963695644e-06,0.0,Germany,DEU,baden-wurttemberg,,,Linux-7.0.0-31-generic-x86_64-with-glibc2.43,3.14.4,3.3.0,24,Intel(R) Core(TM) Ultra 9 285K,1,1 x NVIDIA GeForce RTX 5090,9.2986,48.7383,60.81613540649414,machine,0.0,0.0,0.0,0.0,N
gradient_updates_83,2026-09-17T20:32:59,td3_Ant-v5_seed14577,85e4d934-cdd0-42e9-9e36-7d29454cbae4,1.984657507004158,3.3970579199141693e-05,1.711666090483354e-05,32.246286665983874,90.72618335167978,20.0,1.593118191160238e-05,6.221893866387163e-05,1.1023207155570454e-05,8.917332773104511e-05,0.0,Germany,DEU,baden-wurttemberg,,,Linux-7.0.0-31-generic-x86_64-with-glibc2.43,3.14.4,3.3.0,24,Intel(R) Core(TM) Ultra 9 285K,1,1 x NVIDIA GeForce RTX 5090,9.2986,48.7383,60.81613540649414,machine,0.0,0.0,0.0,0.0,N
rollout_84,2026-09-17T20:32:59,td3_Ant-v5_seed14577,85e4d934-cdd0-42e9-9e36-7d29454cbae4,0.241463730999385,3.781960355446652e-06,1.5662794520177653e-05,32.26869515663575,90.72705893834714,20.0,2.457169465734828e-06,6.123338232133513e-06,1.347200283352253e-06,9.927707981222111e-06,0.0,Germany,DEU,baden-wurttemberg,,,Linux-7.0.0-31-generic-x86_64-with-glibc2.43,3.14.4,3.3.0,24,Intel(R) Core(TM) Ultra 9 285K,1,1 x NVIDIA GeForce RTX 5090,9.2986,48.7383,60.81613540649414,machine,0.0,0.0,0.0,0.0,N
gradient_updates_84,2026-09-17T20:33:01,td3_Ant-v5_seed14577,85e4d934-cdd0-42e9-9e36-7d29454cbae4,1.989164664002601,3.264485027941726e-05,1.6411447444457058e-05,32.2615823287654,90.83336975940526,20.0,1.4367209827092706e-05,6.02783815559782e-05,1.1047676183322148e-05,8.569326756639219e-05,0.0,Germany,DEU,baden-wurttemberg,,,Linux-7.0.0-31-generic-x86_64-with-glibc2.43,3.14.4,3.3.0,24,Intel(R) Core(TM) Ultra 9 285K,1,1 x NVIDIA GeForce RTX 5090,9.2986,48.7383,60.81613540649414,machine,0.0,0.0,0.0,0.0,N
rollout_85,2026-09-17T20:33:01,td3_Ant-v5_seed14577,85e4d934-cdd0-42e9-9e36-7d29454cbae4,0.23467127200274263,3.8622292080183265e-06,1.6457995719921725e-05,32.27991283992464,90.88538134815974,20.0,2.330538531095626e-06,6.506394093941381e-06,1.3014824111047627e-06,1.013841503614242e-05,0.0,Germany,DEU,baden-wurttemberg,,,Linux-7.0.0-31-generic-x86_64-with-glibc2.43,3.14.4,3.3.0,24,Intel(R) Core(TM) Ultra 9 285K,1,1 x NVIDIA GeForce RTX 5090,9.2986,48.7383,60.81613540649414,machine,0.0,0.0,0.0,0.0,N
gradient_updates_85,2026-09-17T20:33:03,td3_Ant-v5_seed14577,85e4d934-cdd0-42e9-9e36-7d29454cbae4,1.973107505000371,3.42206973266224e-05,1.734370450450698e-05,32.2796017290857,91.02261125144618,20.0,1.59100230057857e-05,6.296116148007957e-05,1.095870743334274e-05,8.982989191920823e-05,0.0,Germany,DEU,baden-wurttemberg,,,Linux-7.0.0-31-generic-x86_64-with-glibc2.43,3.14.4,3.3.0,24,Intel(R) Core(TM) Ultra 9 285K,1,1 x NVIDIA GeForce RTX 5090,9.2986,48.7383,60.81613540649414,machine,0.0,0.0,0.0,0.0,N
rollout_86,2026-09-17T20:33:04,td3_Ant-v5_seed14577,85e4d934-cdd0-42e9-9e36-7d29454cbae4,0.23847155200201087,2.7883207916286e-06,1.169134304483169e-05,32.30092665908638,90.81337744915483,20.0,2.4072222035535773e-06,3.5883362039523803e-06,1.3238294166917006e-06,7.3193878241985255e-06,0.0,Germany,DEU,baden-wurttemberg,,,Linux-7.0.0-31-generic-x86_64-with-glibc2.43,3.14.4,3.3.0,24,Intel(R) Core(TM) Ultra 9 285K,1,1 x NVIDIA GeForce RTX 5090,9.2986,48.7383,60.81613540649414,machine,0.0,0.0,0.0,0.0,N
gradient_updates_86,2026-09-17T20:33:06,td3_Ant-v5_seed14577,85e4d934-cdd0-42e9-9e36-7d29454cbae4,1.9799322260005283,3.400956402756705e-05,1.7177297043449044e-05,32.30157441211699,90.94170530111379,20.0,1.5854108238832e-05,6.242477216200637e-05,1.0996783144421153e-05,8.927566354526018e-05,0.0,Germany,DEU,baden-wurttemberg,,,Linux-7.0.0-31-generic-x86_64-with-glibc2.43,3.14.4,3.3.0,24,Intel(R) Core(TM) Ultra 9 285K,1,1 x NVIDIA GeForce RTX 5090,9.2986,48.7383,60.81613540649414,machine,0.0,0.0,0.0,0.0,N
rollout_87,2026-09-17T20:33:06,td3_Ant-v5_seed14577,85e4d934-cdd0-42e9-9e36-7d29454cbae4,0.23377564599650213,2.9025538742797133e-06,1.241547230387611e-05,32.321433964662845,90.7746326057278,20.0,2.3478657671799352e-06,3.973336512030912e-06,1.2980492610950405e-06,7.619251540306321e-06,0.0,Germany,DEU,baden-wurttemberg,,,Linux-7.0.0-31-generic-x86_64-with-glibc2.43,3.14.4,3.3.0,24,Intel(R) Core(TM) Ultra 9 285K,1,1 x NVIDIA GeForce RTX 5090,9.2986,48.7383,60.81613540649414,machine,0.0,0.0,0.0,0.0,N
gradient_updates_87,2026-09-17T20:33:08,td3_Ant-v5_seed14577,85e4d934-cdd0-42e9-9e36-7d29454cbae4,1.9761379019982996,3.393301202788378e-05,1.717143382019955e-05,32.321615526567214,90.90101179608708,20.0,1.5864314635885904e-05,6.223449423203853e-05,1.0975904422230124e-05,8.907471329015412e-05,0.0,Germany,DEU,baden-wurttemberg,,,Linux-7.0.0-31-generic-x86_64-with-glibc2.43,3.14.4,3.3.0,24,Intel(R) Core(TM) Ultra 9 285K,1,1 x NVIDIA GeForce RTX 5090,9.2986,48.7383,60.81613540649414,machine,0.0,0.0,0.0,0.0,N
rollout_88,2026-09-17T20:33:08,td3_Ant-v5_seed14577,85e4d934-cdd0-42e9-9e36-7d29454cbae4,0.2471302980047767,3.0788313546397522e-06,1.2457860938235396e-05,32.34507729148035,90.73468181179791,20.0,2.5291228566304974e-06,4.181392233904013e-06,1.3714677277877185e-06,8.081982818321579e-06,0.0,Germany,DEU,baden-wurttemberg,,,Linux-7.0.0-31-generic-x86_64-with-glibc2.43,3.14.4,3.3.0,24,Intel(R) Core(TM) Ultra 9 285K,1,1 x NVIDIA GeForce RTX 5090,9.2986,48.7383,60.81613540649414,machine,0.0,0.0,0.0,0.0,N
gradient_updates_88,2026-09-17T20:33:10,td3_Ant-v5_seed14577,85e4d934-cdd0-42e9-9e36-7d29454cbae4,1.9824345680026454,3.374621176551601e-05,1.702268130656874e-05,32.3455204597023,90.85526075772428,20.0,1.5602813315574587e-05,6.197088291004516e-05,1.1010663311107095e-05,8.85843595367277e-05,0.0,Germany,DEU,baden-wurttemberg,,,Linux-7.0.0-31-generic-x86_64-with-glibc2.43,3.14.4,3.3.0,24,Intel(R) Core(TM) Ultra 9 285K,1,1 x NVIDIA GeForce RTX 5090,9.2986,48.7383,60.81613540649414,machine,0.0,0.0,0.0,0.0,N
rollout_89,2026-09-17T20:33:10,td3_Ant-v5_seed14577,85e4d934-cdd0-42e9-9e36-7d29454cbae4,0.23413833699305542,3.79581956845218e-06,1.6211748069424417e-05,32.36142371353529,90.89304742906683,20.0,2.311956571785824e-06,6.352505082074522e-06,1.2996269888793967e-06,9.964088642740176e-06,0.0,Germany,DEU,baden-wurttemberg,,,Linux-7.0.0-31-generic-x86_64-with-glibc2.43,3.14.4,3.3.0,24,Intel(R) Core(TM) Ultra 9 285K,1,1 x NVIDIA GeForce RTX 5090,9.2986,48.7383,60.81613540649414,machine,0.0,0.0,0.0,0.0,N
gradient_updates_89,2026-09-17T20:33:12,td3_Ant-v5_seed14577,85e4d934-cdd0-42e9-9e36-7d29454cbae4,1.9807413029993768,3.3950517770097235e-05,1.7140389119614936e-05,32.355555376407914,91.02281503590972,20.0,1.5054888155011797e-05,6.30642171178808e-05,1.1001560877775714e-05,8.912066615066917e-05,0.0,Germany,DEU,baden-wurttemberg,,,Linux-7.0.0-31-generic-x86_64-with-glibc2.43,3.14.4,3.3.0,24,Intel(R) Core(TM) Ultra 9 285K,1,1 x NVIDIA GeForce RTX 5090,9.2986,48.7383,60.81613540649414,machine,0.0,0.0,0.0,0.0,N
rollout_90,2026-09-17T20:33:12,td3_Ant-v5_seed14577,85e4d934-cdd0-42e9-9e36-7d29454cbae4,0.2549851350049721,2.686520645250011e-06,1.0535131986454267e-05,32.33845568503383,90.80036432879014,20.0,2.087500558888185e-06,3.5483361719990114e-06,1.4163240388976716e-06,7.052160769785085e-06,0.0,Germany,DEU,baden-wurttemberg,,,Linux-7.0.0-31-generic-x86_64-with-glibc2.43,3.14.4,3.3.0,24,Intel(R) Core(TM) Ultra 9 285K,1,1 x NVIDIA GeForce RTX 5090,9.2986,48.7383,60.81613540649414,machine,0.0,0.0,0.0,0.0,N
gradient_updates_90,2026-09-17T20:33:14,td3_Ant-v5_seed14577,85e4d934-cdd0-42e9-9e36-7d29454cbae4,1.9744885609979974,3.402460744699083e-05,1.7232157290085335e-05,32.31966053796349,90.92757210056996,20.0,1.5654930579490564e-05,6.269393904412279e-05,1.096628314444393e-05,8.931515276805642e-05,0.0,Germany,DEU,baden-wurttemberg,,,Linux-7.0.0-31-generic-x86_64-with-glibc2.43,3.14.4,3.3.0,24,Intel(R) Core(TM) Ultra 9 285K,1,1 x NVIDIA GeForce RTX 5090,9.2986,48.7383,60.81613540649414,machine,0.0,0.0,0.0,0.0,N
rollout_91,2026-09-17T20:33:15,td3_Ant-v5_seed14577,85e4d934-cdd0-42e9-9e36-7d29454cbae4,0.2538377790042432,3.033207403742126e-06,1.1948984263647077e-05,32.34030306741067,90.74286066254763,20.0,2.569880667014149e-06,3.984169853921138e-06,1.4081686777595286e-06,7.962219198694165e-06,0.0,Germany,DEU,baden-wurttemberg,,,Linux-7.0.0-31-generic-x86_64-with-glibc2.43,3.14.4,3.3.0,24,Intel(R) Core(TM) Ultra 9 285K,1,1 x NVIDIA GeForce RTX 5090,9.2986,48.7383,60.81613540649414,machine,0.0,0.0,0.0,0.0,N
gradient_updates_91,2026-09-17T20:33:17,td3_Ant-v5_seed14577,85e4d934-cdd0-42e9-9e36-7d29454cbae4,1.9857672250000178,3.379266929922232e-05,1.7017490280240736e-05,32.339911153219745,90.85889223495316,20.0,1.566735781165403e-05,6.20097718299073e-05,1.1029181683342272e-05,8.870631132490425e-05,0.0,Germany,DEU,baden-wurttemberg,,,Linux-7.0.0-31-generic-x86_64-with-glibc2.43,3.14.4,3.3.0,24,Intel(R) Core(TM) Ultra 9 285K,1,1 x NVIDIA GeForce RTX 5090,9.2986,48.7383,60.81613540649414,machine,0.0,0.0,0.0,0.0,N
rollout_92,2026-09-17T20:33:17,td3_Ant-v5_seed14577,85e4d934-cdd0-42e9-9e36-7d29454cbae4,0.23789319100615103,3.829169172257264e-06,1.609615528614483e-05,32.35466508991353,90.8889240903137,20.0,2.344101875280391e-06,6.384727330166484e-06,1.322802694428719e-06,1.0051631899874944e-05,0.0,Germany,DEU,baden-wurttemberg,,,Linux-7.0.0-31-generic-x86_64-with-glibc2.43,3.14.4,3.3.0,24,Intel(R) Core(TM) Ultra 9 285K,1,1 x NVIDIA GeForce RTX 5090,9.2986,48.7383,60.81613540649414,machine,0.0,0.0,0.0,0.0,N
gradient_updates_92,2026-09-17T20:33:19,td3_Ant-v5_seed14577,85e4d934-cdd0-42e9-9e36-7d29454cbae4,1.9848494899997604,3.398499794146116e-05,1.7122317979962534e-05,32.34826964817486,91.01452994488587,20.0,1.4999736166445427e-05,6.318727277199176e-05,1.1024168227757132e-05,8.921117716619367e-05,0.0,Germany,DEU,baden-wurttemberg,,,Linux-7.0.0-31-generic-x86_64-with-glibc2.43,3.14.4,3.3.0,24,Intel(R) Core(TM) Ultra 9 285K,1,1 x NVIDIA GeForce RTX 5090,9.2986,48.7383,60.81613540649414,machine,0.0,0.0,0.0,0.0,N
rollout_93,2026-09-17T20:33:19,td3_Ant-v5_seed14577,85e4d934-cdd0-42e9-9e36-7d29454cbae4,0.2440612010032055,2.794284609984425e-06,1.1449461781752019e-05,32.36193810404112,90.8145059513368,20.0,2.388640522021576e-06,3.591669539892983e-06,1.3547328833131336e-06,7.33504294522791e-06,0.0,Germany,DEU,baden-wurttemberg,,,Linux-7.0.0-31-generic-x86_64-with-glibc2.43,3.14.4,3.3.0,24,Intel(R) Core(TM) Ultra 9 285K,1,1 x NVIDIA GeForce RTX 5090,9.2986,48.7383,60.81613540649414,machine,0.0,0.0,0.0,0.0,N
gradient_updates_93,2026-09-17T20:33:21,td3_Ant-v5_seed14577,85e4d934-cdd0-42e9-9e36-7d29454cbae4,1.993722578001325,3.351974846201294e-05,1.681271073841265e-05,32.35323589528273,90.92764834191654,20.0,1.4665297843339913e-05,6.22508831340518e-05,1.1073708672200899e-05,8.79898896495937e-05,0.0,Germany,DEU,baden-wurttemberg,,,Linux-7.0.0-31-generic-x86_64-with-glibc2.43,3.14.4,3.3.0,24,Intel(R) Core(TM) Ultra 9 285K,1,1 x NVIDIA GeForce RTX 5090,9.2986,48.7383,60.81613540649414,machine,0.0,0.0,0.0,0.0,N
rollout_94,2026-09-17T20:33:21,td3_Ant-v5_seed14577,85e4d934-cdd0-42e9-9e36-7d29454cbae4,0.2433541070058709,3.0529164548875887e-06,1.2544512583239577e-05,32.366023529009254,90.78518333056918,20.0,2.372161064394078e-06,4.291947877987923e-06,1.3498468389217845e-06,8.013955781302484e-06,0.0,Germany,DEU,baden-wurttemberg,,,Linux-7.0.0-31-generic-x86_64-with-glibc2.43,3.14.4,3.3.0,24,Intel(R) Core(TM) Ultra 9 285K,1,1 x NVIDIA GeForce RTX 5090,9.2986,48.7383,60.81613540649414,machine,0.0,0.0,0.0,0.0,N
gradient_updates_94,2026-09-17T20:33:23,td3_Ant-v5_seed14577,85e4d934-cdd0-42e9-9e36-7d29454cbae4,1.9817307019984582,3.372726698530441e-05,1.701917177154453e-05,32.361249717487915,90.89899780514202,20.0,1.547341904539149e-05,6.205449408802632e-05,1.1006716044438623e-05,8.853462917785687e-05,0.0,Germany,DEU,baden-wurttemberg,,,Linux-7.0.0-31-generic-x86_64-with-glibc2.43,3.14.4,3.3.0,24,Intel(R) Core(TM) Ultra 9 285K,1,1 x NVIDIA GeForce RTX 5090,9.2986,48.7383,60.81613540649414,machine,0.0,0.0,0.0,0.0,N
rollout_95,2026-09-17T20:33:24,td3_Ant-v5_seed14577,85e4d934-cdd0-42e9-9e36-7d29454cbae4,0.23459281500254292,3.7907374407361236e-06,1.6157933115443232e-05,32.37343228607982,90.93411615469668,20.0,2.2829309930093994e-06,6.365282870013367e-06,1.3025341110833866e-06,9.950747974106153e-06,0.0,Germany,DEU,baden-wurttemberg,,,Linux-7.0.0-31-generic-x86_64-with-glibc2.43,3.14.4,3.3.0,24,Intel(R) Core(TM) Ultra 9 285K,1,1 x NVIDIA GeForce RTX 5090,9.2986,48.7383,60.81613540649414,machine,0.0,0.0,0.0,0.0,N
gradient_updates_95,2026-09-17T20:33:26,td3_Ant-v5_seed14577,85e4d934-cdd0-42e9-9e36-7d29454cbae4,1.978374714999518,3.282167122804162e-05,1.6590370523442937e-05,32.36765040006221,91.02682423903073,20.0,1.5274529719613676e-05,5.9894770137902675e-05,1.0988125600003241e-05,8.615742545751807e-05,0.0,Germany,DEU,baden-wurttemberg,,,Linux-7.0.0-31-generic-x86_64-with-glibc2.43,3.14.4,3.3.0,24,Intel(R) Core(TM) Ultra 9 285K,1,1 x NVIDIA GeForce RTX 5090,9.2986,48.7383,60.81613540649414,machine,0.0,0.0,0.0,0.0,N
rollout_96,2026-09-17T20:33:26,td3_Ant-v5_seed14577,85e4d934-cdd0-42e9-9e36-7d29454cbae4,0.24989173900394235,2.606744815901278e-06,1.0431051170492074e-05,32.34912359147863,90.81570641077059,20.0,2.011104942216055e-06,3.4444472000183524e-06,1.3871957666802565e-06,6.842747908915314e-06,0.0,Germany,DEU,baden-wurttemberg,,,Linux-7.0.0-31-generic-x86_64-with-glibc2.43,3.14.4,3.3.0,24,Intel(R) Core(TM) Ultra 9 285K,1,1 x NVIDIA GeForce RTX 5090,9.2986,48.7383,60.81613540649414,machine,0.0,0.0,0.0,0.0,N
gradient_updates_96,2026-09-17T20:33:28,td3_Ant-v5_seed14577,85e4d934-cdd0-42e9-9e36-7d29454cbae4,1.9907185350020882,3.3909320295190046e-05,1.703376664625797e-05,32.329826837841225,90.92631080785232,20.0,1.569777366931986e-05,6.225754980604403e-05,1.1057198627774248e-05,8.901252210313793e-05,0.0,Germany,DEU,baden-wurttemberg,,,Linux-7.0.0-31-generic-x86_64-with-glibc2.43,3.14.4,3.3.0,24,Intel(R) Core(TM) Ultra 9 285K,1,1 x NVIDIA GeForce RTX 5090,9.2986,48.7383,60.81613540649414,machine,0.0,0.0,0.0,0.0,N
rollout_97,2026-09-17T20:33:28,td3_Ant-v5_seed14577,85e4d934-cdd0-42e9-9e36-7d29454cbae4,0.2365272359966184,2.9831310582916284e-06,1.2611639585203342e-05,32.3428083749466,90.79301249606208,20.0,2.312702683493831e-06,4.212781147927558e-06,1.3052841388949774e-06,7.83076797031615e-06,0.0,Germany,DEU,baden-wurttemberg,,,Linux-7.0.0-31-generic-x86_64-with-glibc2.43,3.14.4,3.3.0,24,Intel(R) Core(TM) Ultra 9 285K,1,1 x NVIDIA GeForce RTX 5090,9.2986,48.7383,60.81613540649414,machine,0.0,0.0,0.0,0.0,N
gradient_updates_97,2026-09-17T20:33:30,td3_Ant-v5_seed14577,85e4d934-cdd0-42e9-9e36-7d29454cbae4,2.0082400280007278,3.2953583319974417e-05,1.640933482083155e-05,32.338305717119155,90.89221537279656,20.0,1.3702724573282435e-05,6.16469937619879e-05,1.1153978527767786e-05,8.650369686303769e-05,0.0,Germany,DEU,baden-wurttemberg,,,Linux-7.0.0-31-generic-x86_64-with-glibc2.43,3.14.4,3.3.0,24,Intel(R) Core(TM) Ultra 9 285K,1,1 x NVIDIA GeForce RTX 5090,9.2986,48.7383,60.81613540649414,machine,0.0,0.0,0.0,0.0,N
rollout_98,2026-09-17T20:33:30,td3_Ant-v5_seed14577,85e4d934-cdd0-42e9-9e36-7d29454cbae4,0.24702744899695972,3.711671319584116e-06,1.5023949796833581e-05,32.314052854184446,90.91250029165772,20.0,1.9016148546232778e-06,6.477505182012067e-06,1.3640780722602545e-06,9.7431981088969e-06,0.0,Germany,DEU,baden-wurttemberg,,,Linux-7.0.0-31-generic-x86_64-with-glibc2.43,3.14.4,3.3.0,24,Intel(R) Core(TM) Ultra 9 285K,1,1 x NVIDIA GeForce RTX 5090,9.2986,48.7383,60.81613540649414,machine,0.0,0.0,0.0,0.0,N
gradient_updates_98,2026-09-17T20:33:32,td3_Ant-v5_seed14577,85e4d934-cdd0-42e9-9e36-7d29454cbae4,1.978120999992825,3.414677143095176e-05,1.726228635407723e-05,32.293768237248806,91.02805670360706,20.0,1.5943219421231218e-05,6.270560572008144e-05,1.0987010088906119e-05,8.963583523021942e-05,0.0,Germany,DEU,baden-wurttemberg,,,Linux-7.0.0-31-generic-x86_64-with-glibc2.43,3.14.4,3.3.0,24,Intel(R) Core(TM) Ultra 9 285K,1,1 x NVIDIA GeForce RTX 5090,9.2986,48.7383,60.81613540649414,machine,0.0,0.0,0.0,0.0,N
rollout_99,2026-09-17T20:33:33,td3_Ant-v5_seed14577,85e4d934-cdd0-42e9-9e36-7d29454cbae4,0.24053086300409632,2.9160291588068224e-06,1.212295849097933e-05,32.314616102615766,90.86353923512569,20.0,2.4595766898822743e-06,3.859725310029205e-06,1.335322383359469e-06,7.654624383270081e-06,0.0,Germany,DEU,baden-wurttemberg,,,Linux-7.0.0-31-generic-x86_64-with-glibc2.43,3.14.4,3.3.0,24,Intel(R) Core(TM) Ultra 9 285K,1,1 x NVIDIA GeForce RTX 5090,9.2986,48.7383,60.81613540649414,machine,0.0,0.0,0.0,0.0,N
gradient_updates_99,2026-09-17T20:33:35,td3_Ant-v5_seed14577,85e4d934-cdd0-42e9-9e36-7d29454cbae4,1.9804816269970615,3.405252174591266e-05,1.7194164311832723e-05,32.31762591637099,90.97326009226273,20.0,1.6160368761617902e-05,6.222810533795808e-05,1.0999954161121026e-05,8.938842826069701e-05,0.0,Germany,DEU,baden-wurttemberg,,,Linux-7.0.0-31-generic-x86_64-with-glibc2.43,3.14.4,3.3.0,24,Intel(R) Core(TM) Ultra 9 285K,1,1 x NVIDIA GeForce RTX 5090,9.2986,48.7383,60.81613540649414,machine,0.0,0.0,0.0,0.0,N
idle_baseline_tail,2026-09-17T20:35:05,td3_Ant-v5_seed14577,85e4d934-cdd0-42e9-9e36-7d29454cbae4,90.003781282001,0.0006526938095031713,7.25185013319293e-06,32.30227156302325,90.69231468449674,20.0,0.00037178472576087675,0.0008415337287819291,0.0005000135037277588,0.0017133319582705638,0.0,Germany,DEU,baden-wurttemberg,,,Linux-7.0.0-31-generic-x86_64-with-glibc2.43,3.14.4,3.3.0,24,Intel(R) Core(TM) Ultra 9 285K,1,1 x NVIDIA GeForce RTX 5090,9.2986,48.7383,60.81613540649414,machine,0.0,0.0,0.0,0.0,N
