task_name,timestamp,project_name,run_id,duration,emissions,emissions_rate,cpu_power,gpu_power,ram_power,cpu_energy,gpu_energy,ram_energy,energy_consumed,water_consumed,country_name,country_iso_code,region,cloud_provider,cloud_region,os,python_version,codecarbon_version,cpu_count,cpu_model,gpu_count,gpu_model,longitude,latitude,ram_total_size,tracking_mode,cpu_utilization_percent,gpu_utilization_percent,ram_utilization_percent,ram_used_gb,on_cloud
idle_baseline_head,2026-09-12T20:21:41,sac_HalfCheetah-v5_seed958,9776d315-5aa3-4dc8-b9cb-e2f10ea07acf,90.00301051800034,0.0006177681114333428,6.863860312638975e-06,13.485339204301317,13.700502829423428,20.0,0.00039634190651772344,0.0007083125110940031,0.0005169970102222224,0.0016216514278339488,0.0,Germany,DEU,baden-wurttemberg,,,Linux-7.0.0-31-generic-x86_64-with-glibc2.43,3.14.4,3.3.0,24,Intel(R) Core(TM) Ultra 9 285K,1,1 x NVIDIA GeForce RTX 5090,9.2986,48.7383,60.816158294677734,machine,0.0,0.0,0.0,0.0,N
warmup_0,2026-09-12T20:21:41,sac_HalfCheetah-v5_seed958,9776d315-5aa3-4dc8-b9cb-e2f10ea07acf,0.14996425899971655,2.086418908468779e-06,1.3910720999466567e-05,21.70199488298155,33.39587786794898,20.0,1.6115793448207016e-06,3.032502425989736e-06,8.328020944443383e-07,5.476883865254776e-06,0.0,Germany,DEU,baden-wurttemberg,,,Linux-7.0.0-31-generic-x86_64-with-glibc2.43,3.14.4,3.3.0,24,Intel(R) Core(TM) Ultra 9 285K,1,1 x NVIDIA GeForce RTX 5090,9.2986,48.7383,60.816158294677734,machine,0.0,0.0,0.0,0.0,N
rollout_0,2026-09-12T20:21:42,sac_HalfCheetah-v5_seed958,9776d315-5aa3-4dc8-b9cb-e2f10ea07acf,0.32162937199973385,3.6704550435602296e-06,1.1412385539600494e-05,24.45070199981444,38.80316964984275,20.0,2.9390412401159027e-06,4.911392818010563e-06,1.784570649998509e-06,9.635004708124974e-06,0.0,Germany,DEU,baden-wurttemberg,,,Linux-7.0.0-31-generic-x86_64-with-glibc2.43,3.14.4,3.3.0,24,Intel(R) Core(TM) Ultra 9 285K,1,1 x NVIDIA GeForce RTX 5090,9.2986,48.7383,60.816158294677734,machine,0.0,0.0,0.0,0.0,N
gradient_updates_0,2026-09-12T20:21:46,sac_HalfCheetah-v5_seed958,9776d315-5aa3-4dc8-b9cb-e2f10ea07acf,4.463882357999864,5.377213935953856e-05,1.20460665129429e-05,25.773149054283728,44.90364523329273,20.0,3.0426039618593193e-05,8.592979096598563e-05,2.479691743888506e-05,0.00014115274802346377,0.0,Germany,DEU,baden-wurttemberg,,,Linux-7.0.0-31-generic-x86_64-with-glibc2.43,3.14.4,3.3.0,24,Intel(R) Core(TM) Ultra 9 285K,1,1 x NVIDIA GeForce RTX 5090,9.2986,48.7383,60.816158294677734,machine,0.0,0.0,0.0,0.0,N
rollout_1,2026-09-12T20:21:46,sac_HalfCheetah-v5_seed958,9776d315-5aa3-4dc8-b9cb-e2f10ea07acf,0.20819864899931417,2.343461320357919e-06,1.1255455691797874e-05,25.591999524955114,47.670791402109764,20.0,1.4414272642496173e-06,3.554725066010067e-06,1.1554720833323578e-06,6.151624413592042e-06,0.0,Germany,DEU,baden-wurttemberg,,,Linux-7.0.0-31-generic-x86_64-with-glibc2.43,3.14.4,3.3.0,24,Intel(R) Core(TM) Ultra 9 285K,1,1 x NVIDIA GeForce RTX 5090,9.2986,48.7383,60.816158294677734,machine,0.0,0.0,0.0,0.0,N
gradient_updates_1,2026-09-12T20:21:51,sac_HalfCheetah-v5_seed958,9776d315-5aa3-4dc8-b9cb-e2f10ea07acf,4.096263700000236,5.029273710557619e-05,1.2277730777526143e-05,25.50700911747511,50.82910575862835,20.0,2.987233306452064e-05,7.939200795799295e-05,2.2754918999999085e-05,0.00013201926002251257,0.0,Germany,DEU,baden-wurttemberg,,,Linux-7.0.0-31-generic-x86_64-with-glibc2.43,3.14.4,3.3.0,24,Intel(R) Core(TM) Ultra 9 285K,1,1 x NVIDIA GeForce RTX 5090,9.2986,48.7383,60.816158294677734,machine,0.0,0.0,0.0,0.0,N
rollout_2,2026-09-12T20:21:51,sac_HalfCheetah-v5_seed958,9776d315-5aa3-4dc8-b9cb-e2f10ea07acf,0.20163026499994885,2.4814149011952473e-06,1.2305453608988084e-05,26.443848284221538,52.35144544759797,20.0,1.8668587157058547e-06,3.5275028220094207e-06,1.1193932888898996e-06,6.513754826605175e-06,0.0,Germany,DEU,baden-wurttemberg,,,Linux-7.0.0-31-generic-x86_64-with-glibc2.43,3.14.4,3.3.0,24,Intel(R) Core(TM) Ultra 9 285K,1,1 x NVIDIA GeForce RTX 5090,9.2986,48.7383,60.816158294677734,machine,0.0,0.0,0.0,0.0,N
gradient_updates_2,2026-09-12T20:21:55,sac_HalfCheetah-v5_seed958,9776d315-5aa3-4dc8-b9cb-e2f10ea07acf,4.103772264999861,5.00577032264719e-05,1.2197993251067623e-05,27.010585261590048,54.262116245578156,20.0,2.932840929603664e-05,7.927645230999814e-05,2.2797430627780253e-05,0.00013140229223381514,0.0,Germany,DEU,baden-wurttemberg,,,Linux-7.0.0-31-generic-x86_64-with-glibc2.43,3.14.4,3.3.0,24,Intel(R) Core(TM) Ultra 9 285K,1,1 x NVIDIA GeForce RTX 5090,9.2986,48.7383,60.816158294677734,machine,0.0,0.0,0.0,0.0,N
rollout_3,2026-09-12T20:21:55,sac_HalfCheetah-v5_seed958,9776d315-5aa3-4dc8-b9cb-e2f10ea07acf,0.19533675300044706,2.461945659200729e-06,1.2602873270734465e-05,27.531052096304443,55.494841745484415,20.0,1.7662016907407652e-06,3.611947333989618e-06,1.0844987222198175e-06,6.462647746950309e-06,0.0,Germany,DEU,baden-wurttemberg,,,Linux-7.0.0-31-generic-x86_64-with-glibc2.43,3.14.4,3.3.0,24,Intel(R) Core(TM) Ultra 9 285K,1,1 x NVIDIA GeForce RTX 5090,9.2986,48.7383,60.816158294677734,machine,0.0,0.0,0.0,0.0,N
gradient_updates_3,2026-09-12T20:21:59,sac_HalfCheetah-v5_seed958,9776d315-5aa3-4dc8-b9cb-e2f10ea07acf,4.132207656999526,4.9896880059097006e-05,1.2075134936495092e-05,27.81934483713536,56.763747089614895,20.0,2.8308140424274097e-05,7.971673043999372e-05,2.2955257916666824e-05,0.00013098012878093443,0.0,Germany,DEU,baden-wurttemberg,,,Linux-7.0.0-31-generic-x86_64-with-glibc2.43,3.14.4,3.3.0,24,Intel(R) Core(TM) Ultra 9 285K,1,1 x NVIDIA GeForce RTX 5090,9.2986,48.7383,60.816158294677734,machine,0.0,0.0,0.0,0.0,N
rollout_4,2026-09-12T20:21:59,sac_HalfCheetah-v5_seed958,9776d315-5aa3-4dc8-b9cb-e2f10ea07acf,0.20715268600088166,2.3577304981819416e-06,1.138100728739036e-05,27.548384224925687,57.236864353748,20.0,1.4326789239196835e-06,3.602780660014182e-06,1.1536216555517367e-06,6.1890812394853854e-06,0.0,Germany,DEU,baden-wurttemberg,,,Linux-7.0.0-31-generic-x86_64-with-glibc2.43,3.14.4,3.3.0,24,Intel(R) Core(TM) Ultra 9 285K,1,1 x NVIDIA GeForce RTX 5090,9.2986,48.7383,60.816158294677734,machine,0.0,0.0,0.0,0.0,N
gradient_updates_4,2026-09-12T20:22:04,sac_HalfCheetah-v5_seed958,9776d315-5aa3-4dc8-b9cb-e2f10ea07acf,4.117721593999704,5.102418899368452e-05,1.2391387322103163e-05,27.336822372873137,58.324149717064074,20.0,2.943215160125523e-05,8.163228752799956e-05,2.287489409999986e-05,0.00013393933322925454,0.0,Germany,DEU,baden-wurttemberg,,,Linux-7.0.0-31-generic-x86_64-with-glibc2.43,3.14.4,3.3.0,24,Intel(R) Core(TM) Ultra 9 285K,1,1 x NVIDIA GeForce RTX 5090,9.2986,48.7383,60.816158294677734,machine,0.0,0.0,0.0,0.0,N
rollout_5,2026-09-12T20:22:04,sac_HalfCheetah-v5_seed958,9776d315-5aa3-4dc8-b9cb-e2f10ea07acf,0.1962314669999614,2.43091610197259e-06,1.2387439915064168e-05,27.672618731218922,58.782734296560136,20.0,1.7643539114847728e-06,3.527502821995543e-06,1.0893379166646098e-06,6.381194650144709e-06,0.0,Germany,DEU,baden-wurttemberg,,,Linux-7.0.0-31-generic-x86_64-with-glibc2.43,3.14.4,3.3.0,24,Intel(R) Core(TM) Ultra 9 285K,1,1 x NVIDIA GeForce RTX 5090,9.2986,48.7383,60.816158294677734,machine,0.0,0.0,0.0,0.0,N
gradient_updates_5,2026-09-12T20:22:08,sac_HalfCheetah-v5_seed958,9776d315-5aa3-4dc8-b9cb-e2f10ea07acf,4.105099258999871,5.024022813009197e-05,1.2238508631075716e-05,27.880626233196583,59.519594285000835,20.0,2.9447461335728453e-05,7.962950814799363e-05,2.2804453616663512e-05,0.00013188142310038582,0.0,Germany,DEU,baden-wurttemberg,,,Linux-7.0.0-31-generic-x86_64-with-glibc2.43,3.14.4,3.3.0,24,Intel(R) Core(TM) Ultra 9 285K,1,1 x NVIDIA GeForce RTX 5090,9.2986,48.7383,60.816158294677734,machine,0.0,0.0,0.0,0.0,N
rollout_6,2026-09-12T20:22:08,sac_HalfCheetah-v5_seed958,9776d315-5aa3-4dc8-b9cb-e2f10ea07acf,0.19820569600051385,2.4373041062083047e-06,1.2295527637900577e-05,28.18632759710739,59.74728971814432,20.0,1.8225745136157823e-06,3.475280558010163e-06,1.1001081944414428e-06,6.397963266067171e-06,0.0,Germany,DEU,baden-wurttemberg,,,Linux-7.0.0-31-generic-x86_64-with-glibc2.43,3.14.4,3.3.0,24,Intel(R) Core(TM) Ultra 9 285K,1,1 x NVIDIA GeForce RTX 5090,9.2986,48.7383,60.816158294677734,machine,0.0,0.0,0.0,0.0,N
gradient_updates_6,2026-09-12T20:22:12,sac_HalfCheetah-v5_seed958,9776d315-5aa3-4dc8-b9cb-e2f10ea07acf,4.116827576000105,5.0204026493718985e-05,1.21948550849601e-05,28.372417635611615,60.32522083487893,20.0,2.936013043253194e-05,7.95564525339909e-05,2.2869810244446854e-05,0.00013178639321096992,0.0,Germany,DEU,baden-wurttemberg,,,Linux-7.0.0-31-generic-x86_64-with-glibc2.43,3.14.4,3.3.0,24,Intel(R) Core(TM) Ultra 9 285K,1,1 x NVIDIA GeForce RTX 5090,9.2986,48.7383,60.816158294677734,machine,0.0,0.0,0.0,0.0,N
rollout_7,2026-09-12T20:22:12,sac_HalfCheetah-v5_seed958,9776d315-5aa3-4dc8-b9cb-e2f10ea07acf,0.19704890600041836,2.4398232478667087e-06,1.2381224489233069e-05,28.590147967535035,60.55406220748364,20.0,1.7855803173538742e-06,3.5252805980073854e-06,1.0937151388892667e-06,6.404576054250526e-06,0.0,Germany,DEU,baden-wurttemberg,,,Linux-7.0.0-31-generic-x86_64-with-glibc2.43,3.14.4,3.3.0,24,Intel(R) Core(TM) Ultra 9 285K,1,1 x NVIDIA GeForce RTX 5090,9.2986,48.7383,60.816158294677734,machine,0.0,0.0,0.0,0.0,N
gradient_updates_7,2026-09-12T20:22:16,sac_HalfCheetah-v5_seed958,9776d315-5aa3-4dc8-b9cb-e2f10ea07acf,4.1069911630002025,5.030875813850097e-05,1.2249561647161724e-05,28.718464396371633,61.039432435777826,20.0,2.9646842606347035e-05,7.959923034599192e-05,2.2815242544447774e-05,0.00013206131549678684,0.0,Germany,DEU,baden-wurttemberg,,,Linux-7.0.0-31-generic-x86_64-with-glibc2.43,3.14.4,3.3.0,24,Intel(R) Core(TM) Ultra 9 285K,1,1 x NVIDIA GeForce RTX 5090,9.2986,48.7383,60.816158294677734,machine,0.0,0.0,0.0,0.0,N
rollout_8,2026-09-12T20:22:17,sac_HalfCheetah-v5_seed958,9776d315-5aa3-4dc8-b9cb-e2f10ea07acf,0.19504653900003177,2.453035792912171e-06,1.257613864370736e-05,28.860600378089526,61.337312989661385,20.0,1.7277497155326893e-06,3.6286140140118217e-06,1.082895472220369e-06,6.439259201764663e-06,0.0,Germany,DEU,baden-wurttemberg,,,Linux-7.0.0-31-generic-x86_64-with-glibc2.43,3.14.4,3.3.0,24,Intel(R) Core(TM) Ultra 9 285K,1,1 x NVIDIA GeForce RTX 5090,9.2986,48.7383,60.816158294677734,machine,0.0,0.0,0.0,0.0,N
gradient_updates_8,2026-09-12T20:22:21,sac_HalfCheetah-v5_seed958,9776d315-5aa3-4dc8-b9cb-e2f10ea07acf,4.133269033000033,4.967815569178026e-05,1.2019121697303427e-05,28.91761648867179,61.727466436049134,20.0,2.761978376247809e-05,7.982534163800126e-05,2.2960848327779264e-05,0.00013040597372825872,0.0,Germany,DEU,baden-wurttemberg,,,Linux-7.0.0-31-generic-x86_64-with-glibc2.43,3.14.4,3.3.0,24,Intel(R) Core(TM) Ultra 9 285K,1,1 x NVIDIA GeForce RTX 5090,9.2986,48.7383,60.816158294677734,machine,0.0,0.0,0.0,0.0,N
rollout_9,2026-09-12T20:22:21,sac_HalfCheetah-v5_seed958,9776d315-5aa3-4dc8-b9cb-e2f10ea07acf,0.20033492100083095,2.3297960361459875e-06,1.1629033074715977e-05,28.72823371162602,61.83612473470495,20.0,1.4015680656898066e-06,3.593613985983235e-06,1.1205707666653384e-06,6.115752818338597e-06,0.0,Germany,DEU,baden-wurttemberg,,,Linux-7.0.0-31-generic-x86_64-with-glibc2.43,3.14.4,3.3.0,24,Intel(R) Core(TM) Ultra 9 285K,1,1 x NVIDIA GeForce RTX 5090,9.2986,48.7383,60.816158294677734,machine,0.0,0.0,0.0,0.0,N
gradient_updates_9,2026-09-12T20:22:25,sac_HalfCheetah-v5_seed958,9776d315-5aa3-4dc8-b9cb-e2f10ea07acf,4.1389249919993745,5.1086428337046054e-05,1.2342941917114548e-05,28.562044860544386,62.23922908311205,20.0,2.936006237692218e-05,8.174978762200136e-05,2.2992862527775656e-05,0.0001341027125266992,0.0,Germany,DEU,baden-wurttemberg,,,Linux-7.0.0-31-generic-x86_64-with-glibc2.43,3.14.4,3.3.0,24,Intel(R) Core(TM) Ultra 9 285K,1,1 x NVIDIA GeForce RTX 5090,9.2986,48.7383,60.816158294677734,machine,0.0,0.0,0.0,0.0,N
rollout_10,2026-09-12T20:22:25,sac_HalfCheetah-v5_seed958,9776d315-5aa3-4dc8-b9cb-e2f10ea07acf,0.20128409100016142,2.5242888145244387e-06,1.2540271085985758e-05,28.76136206966358,62.35299934679848,20.0,1.8825584504958415e-06,3.627502902003865e-06,1.1162381999990124e-06,6.626299552498719e-06,0.0,Germany,DEU,baden-wurttemberg,,,Linux-7.0.0-31-generic-x86_64-with-glibc2.43,3.14.4,3.3.0,24,Intel(R) Core(TM) Ultra 9 285K,1,1 x NVIDIA GeForce RTX 5090,9.2986,48.7383,60.816158294677734,machine,0.0,0.0,0.0,0.0,N
gradient_updates_10,2026-09-12T20:22:30,sac_HalfCheetah-v5_seed958,9776d315-5aa3-4dc8-b9cb-e2f10ea07acf,4.300431982999726,5.105833593558435e-05,1.1872887108026605e-05,28.85205606606178,62.676301179878955,20.0,2.600664413862641e-05,8.41334006400074e-05,2.388892473333419e-05,0.00013402896951196812,0.0,Germany,DEU,baden-wurttemberg,,,Linux-7.0.0-31-generic-x86_64-with-glibc2.43,3.14.4,3.3.0,24,Intel(R) Core(TM) Ultra 9 285K,1,1 x NVIDIA GeForce RTX 5090,9.2986,48.7383,60.816158294677734,machine,0.0,0.0,0.0,0.0,N
rollout_11,2026-09-12T20:22:30,sac_HalfCheetah-v5_seed958,9776d315-5aa3-4dc8-b9cb-e2f10ea07acf,0.2073293180001201,2.3491801817152654e-06,1.1331138793601783e-05,28.70691362683772,62.64379477281914,20.0,1.4580933886954028e-06,3.558058402006181e-06,1.1504847277795088e-06,6.166636518480876e-06,0.0,Germany,DEU,baden-wurttemberg,,,Linux-7.0.0-31-generic-x86_64-with-glibc2.43,3.14.4,3.3.0,24,Intel(R) Core(TM) Ultra 9 285K,1,1 x NVIDIA GeForce RTX 5090,9.2986,48.7383,60.816158294677734,machine,0.0,0.0,0.0,0.0,N
gradient_updates_11,2026-09-12T20:22:34,sac_HalfCheetah-v5_seed958,9776d315-5aa3-4dc8-b9cb-e2f10ea07acf,4.148034028000438,5.038263221467478e-05,1.2146159174306577e-05,28.57757328515138,62.879756058285984,20.0,2.9696247090316152e-05,7.951617472398698e-05,2.3042814344444227e-05,0.00013225523615874746,0.0,Germany,DEU,baden-wurttemberg,,,Linux-7.0.0-31-generic-x86_64-with-glibc2.43,3.14.4,3.3.0,24,Intel(R) Core(TM) Ultra 9 285K,1,1 x NVIDIA GeForce RTX 5090,9.2986,48.7383,60.816158294677734,machine,0.0,0.0,0.0,0.0,N
rollout_12,2026-09-12T20:22:34,sac_HalfCheetah-v5_seed958,9776d315-5aa3-4dc8-b9cb-e2f10ea07acf,0.19592446300066513,2.488858794104116e-06,1.2702676250026268e-05,28.72521618110852,63.02823767719288,20.0,1.7986861611668514e-06,3.646947362004327e-06,1.0876616444471148e-06,6.533295167618185e-06,0.0,Germany,DEU,baden-wurttemberg,,,Linux-7.0.0-31-generic-x86_64-with-glibc2.43,3.14.4,3.3.0,24,Intel(R) Core(TM) Ultra 9 285K,1,1 x NVIDIA GeForce RTX 5090,9.2986,48.7383,60.816158294677734,machine,0.0,0.0,0.0,0.0,N
gradient_updates_12,2026-09-12T20:22:38,sac_HalfCheetah-v5_seed958,9776d315-5aa3-4dc8-b9cb-e2f10ea07acf,4.102136970000174,5.0275064474353606e-05,1.2255842693604393e-05,28.81499078152148,63.269126085132704,20.0,2.9409551860953842e-05,7.977534159799016e-05,2.278797561666582e-05,0.00013197286907560982,0.0,Germany,DEU,baden-wurttemberg,,,Linux-7.0.0-31-generic-x86_64-with-glibc2.43,3.14.4,3.3.0,24,Intel(R) Core(TM) Ultra 9 285K,1,1 x NVIDIA GeForce RTX 5090,9.2986,48.7383,60.816158294677734,machine,0.0,0.0,0.0,0.0,N
rollout_13,2026-09-12T20:22:38,sac_HalfCheetah-v5_seed958,9776d315-5aa3-4dc8-b9cb-e2f10ea07acf,0.19430236800053535,2.468048334683306e-06,1.2701956233712788e-05,28.9326426064875,63.407600245632,20.0,1.7635908553179092e-06,3.6366695760070566e-06,1.0784069388895465e-06,6.478667370214512e-06,0.0,Germany,DEU,baden-wurttemberg,,,Linux-7.0.0-31-generic-x86_64-with-glibc2.43,3.14.4,3.3.0,24,Intel(R) Core(TM) Ultra 9 285K,1,1 x NVIDIA GeForce RTX 5090,9.2986,48.7383,60.816158294677734,machine,0.0,0.0,0.0,0.0,N
gradient_updates_13,2026-09-12T20:22:43,sac_HalfCheetah-v5_seed958,9776d315-5aa3-4dc8-b9cb-e2f10ea07acf,4.132205341000372,5.0705139747270894e-05,1.2270747490629469e-05,28.993140103840847,63.6618994959695,20.0,2.832153432387463e-05,8.182534323800117e-05,2.2954946161108714e-05,0.0001331018237229844,0.0,Germany,DEU,baden-wurttemberg,,,Linux-7.0.0-31-generic-x86_64-with-glibc2.43,3.14.4,3.3.0,24,Intel(R) Core(TM) Ultra 9 285K,1,1 x NVIDIA GeForce RTX 5090,9.2986,48.7383,60.816158294677734,machine,0.0,0.0,0.0,0.0,N
rollout_14,2026-09-12T20:22:43,sac_HalfCheetah-v5_seed958,9776d315-5aa3-4dc8-b9cb-e2f10ea07acf,0.20104915899992193,2.3481177810942295e-06,1.1678078835442386e-05,28.89050598320724,63.686791861982115,20.0,1.4500911600795474e-06,3.597780656006133e-06,1.1159758833350708e-06,6.163847699420643e-06,0.0,Germany,DEU,baden-wurttemberg,,,Linux-7.0.0-31-generic-x86_64-with-glibc2.43,3.14.4,3.3.0,24,Intel(R) Core(TM) Ultra 9 285K,1,1 x NVIDIA GeForce RTX 5090,9.2986,48.7383,60.816158294677734,machine,0.0,0.0,0.0,0.0,N
gradient_updates_14,2026-09-12T20:22:47,sac_HalfCheetah-v5_seed958,9776d315-5aa3-4dc8-b9cb-e2f10ea07acf,3.890703532999396,4.830364671810873e-05,1.2415155783372864e-05,28.7955585425651,63.92213555912455,20.0,2.800852601791276e-05,7.718533952599804e-05,2.1603999577781796e-05,0.0001267978651216927,0.0,Germany,DEU,baden-wurttemberg,,,Linux-7.0.0-31-generic-x86_64-with-glibc2.43,3.14.4,3.3.0,24,Intel(R) Core(TM) Ultra 9 285K,1,1 x NVIDIA GeForce RTX 5090,9.2986,48.7383,60.816158294677734,machine,0.0,0.0,0.0,0.0,N
rollout_15,2026-09-12T20:22:47,sac_HalfCheetah-v5_seed958,9776d315-5aa3-4dc8-b9cb-e2f10ea07acf,0.19456599099976302,2.4865788639044043e-06,1.27793540451986e-05,28.912291092322718,64.03392970369976,20.0,1.7892933758811846e-06,3.6580584820006257e-06,1.0799584555570754e-06,6.527310313438669e-06,0.0,Germany,DEU,baden-wurttemberg,,,Linux-7.0.0-31-generic-x86_64-with-glibc2.43,3.14.4,3.3.0,24,Intel(R) Core(TM) Ultra 9 285K,1,1 x NVIDIA GeForce RTX 5090,9.2986,48.7383,60.816158294677734,machine,0.0,0.0,0.0,0.0,N
gradient_updates_15,2026-09-12T20:22:51,sac_HalfCheetah-v5_seed958,9776d315-5aa3-4dc8-b9cb-e2f10ea07acf,3.8180542400004924,4.7387415341942993e-05,1.2411425292174238e-05,28.974498875976135,64.23864714828419,20.0,2.7661864073914855e-05,7.551811596999414e-05,2.1212762683333317e-05,0.0001243927427272422,0.0,Germany,DEU,baden-wurttemberg,,,Linux-7.0.0-31-generic-x86_64-with-glibc2.43,3.14.4,3.3.0,24,Intel(R) Core(TM) Ultra 9 285K,1,1 x NVIDIA GeForce RTX 5090,9.2986,48.7383,60.816158294677734,machine,0.0,0.0,0.0,0.0,N
rollout_16,2026-09-12T20:22:51,sac_HalfCheetah-v5_seed958,9776d315-5aa3-4dc8-b9cb-e2f10ea07acf,0.19379003900030511,2.4491044598531648e-06,1.2637285869954081e-05,29.09641237569042,64.28059139601478,20.0,1.814978951984736e-06,3.538058386001741e-06,1.0759020499992705e-06,6.428939387985531e-06,0.0,Germany,DEU,baden-wurttemberg,,,Linux-7.0.0-31-generic-x86_64-with-glibc2.43,3.14.4,3.3.0,24,Intel(R) Core(TM) Ultra 9 285K,1,1 x NVIDIA GeForce RTX 5090,9.2986,48.7383,60.816158294677734,machine,0.0,0.0,0.0,0.0,N
gradient_updates_16,2026-09-12T20:22:55,sac_HalfCheetah-v5_seed958,9776d315-5aa3-4dc8-b9cb-e2f10ea07acf,3.8111774349999905,4.728562583522825e-05,1.24071486018787e-05,29.162037006532096,64.4684824158207,20.0,2.7547677593678377e-05,7.540644921399942e-05,2.117141679444407e-05,0.00012412554360212175,0.0,Germany,DEU,baden-wurttemberg,,,Linux-7.0.0-31-generic-x86_64-with-glibc2.43,3.14.4,3.3.0,24,Intel(R) Core(TM) Ultra 9 285K,1,1 x NVIDIA GeForce RTX 5090,9.2986,48.7383,60.816158294677734,machine,0.0,0.0,0.0,0.0,N
rollout_17,2026-09-12T20:22:55,sac_HalfCheetah-v5_seed958,9776d315-5aa3-4dc8-b9cb-e2f10ea07acf,0.1967607090000456,2.495768160380935e-06,1.2683637084682071e-05,29.25928364009881,64.52798025066471,20.0,1.8143006181095545e-06,3.6450029160112196e-06,1.09212883333187e-06,6.55143236745221e-06,0.0,Germany,DEU,baden-wurttemberg,,,Linux-7.0.0-31-generic-x86_64-with-glibc2.43,3.14.4,3.3.0,24,Intel(R) Core(TM) Ultra 9 285K,1,1 x NVIDIA GeForce RTX 5090,9.2986,48.7383,60.816158294677734,machine,0.0,0.0,0.0,0.0,N
gradient_updates_17,2026-09-12T20:22:59,sac_HalfCheetah-v5_seed958,9776d315-5aa3-4dc8-b9cb-e2f10ea07acf,3.826037169999836,4.724841684887048e-05,1.2349199854228105e-05,29.30628935541367,64.69126249798205,20.0,2.7431727778699788e-05,7.534228249599095e-05,2.1253859127778516e-05,0.00012402786940246893,0.0,Germany,DEU,baden-wurttemberg,,,Linux-7.0.0-31-generic-x86_64-with-glibc2.43,3.14.4,3.3.0,24,Intel(R) Core(TM) Ultra 9 285K,1,1 x NVIDIA GeForce RTX 5090,9.2986,48.7383,60.816158294677734,machine,0.0,0.0,0.0,0.0,N
rollout_18,2026-09-12T20:22:59,sac_HalfCheetah-v5_seed958,9776d315-5aa3-4dc8-b9cb-e2f10ea07acf,0.19342739799958508,2.4642954572177012e-06,1.2738793472420878e-05,29.377923952080334,64.77337567951585,20.0,1.7463486193039501e-06,3.6491695859924844e-06,1.073297800000244e-06,6.468816005296245e-06,0.0,Germany,DEU,baden-wurttemberg,,,Linux-7.0.0-31-generic-x86_64-with-glibc2.43,3.14.4,3.3.0,24,Intel(R) Core(TM) Ultra 9 285K,1,1 x NVIDIA GeForce RTX 5090,9.2986,48.7383,60.816158294677734,machine,0.0,0.0,0.0,0.0,N
gradient_updates_18,2026-09-12T20:23:03,sac_HalfCheetah-v5_seed958,9776d315-5aa3-4dc8-b9cb-e2f10ea07acf,3.8155190279994713,4.752408967527693e-05,1.2455494528849703e-05,29.41188053576424,64.92843905823142,20.0,2.8170438647445728e-05,7.538533808601477e-05,2.1195738361110537e-05,0.00012475151509457136,0.0,Germany,DEU,baden-wurttemberg,,,Linux-7.0.0-31-generic-x86_64-with-glibc2.43,3.14.4,3.3.0,24,Intel(R) Core(TM) Ultra 9 285K,1,1 x NVIDIA GeForce RTX 5090,9.2986,48.7383,60.816158294677734,machine,0.0,0.0,0.0,0.0,N
rollout_19,2026-09-12T20:23:03,sac_HalfCheetah-v5_seed958,9776d315-5aa3-4dc8-b9cb-e2f10ea07acf,0.19445170400013012,2.5035025749294264e-06,1.2874136365075777e-05,29.492971402332696,65.01429455622447,20.0,1.7912430996594453e-06,3.7008362939877637e-06,1.0796559388886757e-06,6.571735332535668e-06,0.0,Germany,DEU,baden-wurttemberg,,,Linux-7.0.0-31-generic-x86_64-with-glibc2.43,3.14.4,3.3.0,24,Intel(R) Core(TM) Ultra 9 285K,1,1 x NVIDIA GeForce RTX 5090,9.2986,48.7383,60.816158294677734,machine,0.0,0.0,0.0,0.0,N
gradient_updates_19,2026-09-12T20:23:07,sac_HalfCheetah-v5_seed958,9776d315-5aa3-4dc8-b9cb-e2f10ea07acf,3.8183246190001228,4.8337308538003816e-05,1.2659348171274076e-05,29.533752171143703,65.20212871663736,20.0,2.8156519191857576e-05,7.751867312599803e-05,2.1211035633329225e-05,0.0001268862279511845,0.0,Germany,DEU,baden-wurttemberg,,,Linux-7.0.0-31-generic-x86_64-with-glibc2.43,3.14.4,3.3.0,24,Intel(R) Core(TM) Ultra 9 285K,1,1 x NVIDIA GeForce RTX 5090,9.2986,48.7383,60.816158294677734,machine,0.0,0.0,0.0,0.0,N
rollout_20,2026-09-12T20:23:07,sac_HalfCheetah-v5_seed958,9776d315-5aa3-4dc8-b9cb-e2f10ea07acf,0.19755718899978092,2.4953981357760113e-06,1.2631200905581786e-05,29.626396056652183,65.2088527138851,20.0,1.863213712795242e-06,3.5911139840000272e-06,1.0961333499987045e-06,6.550461046793757e-06,0.0,Germany,DEU,baden-wurttemberg,,,Linux-7.0.0-31-generic-x86_64-with-glibc2.43,3.14.4,3.3.0,24,Intel(R) Core(TM) Ultra 9 285K,1,1 x NVIDIA GeForce RTX 5090,9.2986,48.7383,60.816158294677734,machine,0.0,0.0,0.0,0.0,N
gradient_updates_20,2026-09-12T20:23:11,sac_HalfCheetah-v5_seed958,9776d315-5aa3-4dc8-b9cb-e2f10ea07acf,3.8903890609999507,4.8718352021856004e-05,1.2522762441730893e-05,29.674257261772286,65.36073964726104,20.0,2.8425361629155765e-05,7.784978450200986e-05,2.1611327216664294e-05,0.00012788647334783035,0.0,Germany,DEU,baden-wurttemberg,,,Linux-7.0.0-31-generic-x86_64-with-glibc2.43,3.14.4,3.3.0,24,Intel(R) Core(TM) Ultra 9 285K,1,1 x NVIDIA GeForce RTX 5090,9.2986,48.7383,60.816158294677734,machine,0.0,0.0,0.0,0.0,N
rollout_21,2026-09-12T20:23:11,sac_HalfCheetah-v5_seed958,9776d315-5aa3-4dc8-b9cb-e2f10ea07acf,0.20148333500037552,2.3786780225052567e-06,1.180539406280892e-05,29.611629986065555,65.34438587523293,20.0,1.51480510073021e-06,3.6116695559945677e-06,1.1175941777815442e-06,6.244068834506539e-06,0.0,Germany,DEU,baden-wurttemberg,,,Linux-7.0.0-31-generic-x86_64-with-glibc2.43,3.14.4,3.3.0,24,Intel(R) Core(TM) Ultra 9 285K,1,1 x NVIDIA GeForce RTX 5090,9.2986,48.7383,60.816158294677734,machine,0.0,0.0,0.0,0.0,N
gradient_updates_21,2026-09-12T20:23:15,sac_HalfCheetah-v5_seed958,9776d315-5aa3-4dc8-b9cb-e2f10ea07acf,3.8352350929999375,4.7940537994455414e-05,1.2500049607730903e-05,29.551771153162406,65.47118311422678,20.0,2.8580187308571703e-05,7.595922743401651e-05,2.1305284022224034e-05,0.00012584469876481246,0.0,Germany,DEU,baden-wurttemberg,,,Linux-7.0.0-31-generic-x86_64-with-glibc2.43,3.14.4,3.3.0,24,Intel(R) Core(TM) Ultra 9 285K,1,1 x NVIDIA GeForce RTX 5090,9.2986,48.7383,60.816158294677734,machine,0.0,0.0,0.0,0.0,N
rollout_22,2026-09-12T20:23:15,sac_HalfCheetah-v5_seed958,9776d315-5aa3-4dc8-b9cb-e2f10ea07acf,0.19271572399975412,2.5069435603348924e-06,1.3007204370382016e-05,29.635560959559324,65.54645221418127,20.0,1.8157250636918754e-06,3.6955585119846646e-06,1.0694844000025579e-06,6.580767975678664e-06,0.0,Germany,DEU,baden-wurttemberg,,,Linux-7.0.0-31-generic-x86_64-with-glibc2.43,3.14.4,3.3.0,24,Intel(R) Core(TM) Ultra 9 285K,1,1 x NVIDIA GeForce RTX 5090,9.2986,48.7383,60.816158294677734,machine,0.0,0.0,0.0,0.0,N
gradient_updates_22,2026-09-12T20:23:19,sac_HalfCheetah-v5_seed958,9776d315-5aa3-4dc8-b9cb-e2f10ea07acf,3.830000807000033,4.782914251474598e-05,1.2488053483515754e-05,29.680236028973937,65.6662903435469,20.0,2.8292084855864597e-05,7.598256078600318e-05,2.1277638161114332e-05,0.0001255522838029821,0.0,Germany,DEU,baden-wurttemberg,,,Linux-7.0.0-31-generic-x86_64-with-glibc2.43,3.14.4,3.3.0,24,Intel(R) Core(TM) Ultra 9 285K,1,1 x NVIDIA GeForce RTX 5090,9.2986,48.7383,60.816158294677734,machine,0.0,0.0,0.0,0.0,N
rollout_23,2026-09-12T20:23:19,sac_HalfCheetah-v5_seed958,9776d315-5aa3-4dc8-b9cb-e2f10ea07acf,0.19415120000030583,2.493744759853511e-06,1.2843892022926165e-05,29.738672947080346,65.722304283925,20.0,1.776798088104492e-06,3.691391841989522e-06,1.077930977776793e-06,6.546120907871024e-06,0.0,Germany,DEU,baden-wurttemberg,,,Linux-7.0.0-31-generic-x86_64-with-glibc2.43,3.14.4,3.3.0,24,Intel(R) Core(TM) Ultra 9 285K,1,1 x NVIDIA GeForce RTX 5090,9.2986,48.7383,60.816158294677734,machine,0.0,0.0,0.0,0.0,N
gradient_updates_23,2026-09-12T20:23:23,sac_HalfCheetah-v5_seed958,9776d315-5aa3-4dc8-b9cb-e2f10ea07acf,3.887236546999702,4.7200748031464524e-05,1.2142526006474426e-05,29.746454206292338,65.84550785535514,20.0,2.4562266872023286e-05,7.77464510860193e-05,2.159402001666432e-05,0.0001239027379747069,0.0,Germany,DEU,baden-wurttemberg,,,Linux-7.0.0-31-generic-x86_64-with-glibc2.43,3.14.4,3.3.0,24,Intel(R) Core(TM) Ultra 9 285K,1,1 x NVIDIA GeForce RTX 5090,9.2986,48.7383,60.816158294677734,machine,0.0,0.0,0.0,0.0,N
rollout_24,2026-09-12T20:23:23,sac_HalfCheetah-v5_seed958,9776d315-5aa3-4dc8-b9cb-e2f10ea07acf,0.2000488250005219,2.3619771081870994e-06,1.1806423661394834e-05,29.68051577415185,65.827176963051,20.0,1.484135076196269e-06,3.60528066199739e-06,1.1108129222268427e-06,6.200228660420068e-06,0.0,Germany,DEU,baden-wurttemberg,,,Linux-7.0.0-31-generic-x86_64-with-glibc2.43,3.14.4,3.3.0,24,Intel(R) Core(TM) Ultra 9 285K,1,1 x NVIDIA GeForce RTX 5090,9.2986,48.7383,60.816158294677734,machine,0.0,0.0,0.0,0.0,N
gradient_updates_24,2026-09-12T20:23:27,sac_HalfCheetah-v5_seed958,9776d315-5aa3-4dc8-b9cb-e2f10ea07acf,3.82443240900011,4.766772504873843e-05,1.246401920924289e-05,29.616553549588588,65.93547784364088,20.0,2.7857820619564544e-05,7.602533859799032e-05,2.1245401088885443e-05,0.00012512856030644053,0.0,Germany,DEU,baden-wurttemberg,,,Linux-7.0.0-31-generic-x86_64-with-glibc2.43,3.14.4,3.3.0,24,Intel(R) Core(TM) Ultra 9 285K,1,1 x NVIDIA GeForce RTX 5090,9.2986,48.7383,60.816158294677734,machine,0.0,0.0,0.0,0.0,N
rollout_25,2026-09-12T20:23:27,sac_HalfCheetah-v5_seed958,9776d315-5aa3-4dc8-b9cb-e2f10ea07acf,0.193228156999794,2.5173045377952126e-06,1.302692997268765e-05,29.680467468131138,66.00587025887592,20.0,1.7935489348350209e-06,3.7416696599956722e-06,1.0727471166673257e-06,6.607965711498236e-06,0.0,Germany,DEU,baden-wurttemberg,,,Linux-7.0.0-31-generic-x86_64-with-glibc2.43,3.14.4,3.3.0,24,Intel(R) Core(TM) Ultra 9 285K,1,1 x NVIDIA GeForce RTX 5090,9.2986,48.7383,60.816158294677734,machine,0.0,0.0,0.0,0.0,N
gradient_updates_25,2026-09-12T20:23:31,sac_HalfCheetah-v5_seed958,9776d315-5aa3-4dc8-b9cb-e2f10ea07acf,3.875583719000133,4.743172698702799e-05,1.2238647928814394e-05,29.69713362959621,66.12329923268821,20.0,2.4972117199900667e-05,7.800756240601558e-05,2.152938191666686e-05,0.0001245090615225831,0.0,Germany,DEU,baden-wurttemberg,,,Linux-7.0.0-31-generic-x86_64-with-glibc2.43,3.14.4,3.3.0,24,Intel(R) Core(TM) Ultra 9 285K,1,1 x NVIDIA GeForce RTX 5090,9.2986,48.7383,60.816158294677734,machine,0.0,0.0,0.0,0.0,N
rollout_26,2026-09-12T20:23:31,sac_HalfCheetah-v5_seed958,9776d315-5aa3-4dc8-b9cb-e2f10ea07acf,0.20047165400046651,2.4325947439217746e-06,1.2133073579742673e-05,29.64834358109086,66.14787421047683,20.0,1.5165684354723208e-06,3.756391893997013e-06,1.1126407833317222e-06,6.385601112801273e-06,0.0,Germany,DEU,baden-wurttemberg,,,Linux-7.0.0-31-generic-x86_64-with-glibc2.43,3.14.4,3.3.0,24,Intel(R) Core(TM) Ultra 9 285K,1,1 x NVIDIA GeForce RTX 5090,9.2986,48.7383,60.816158294677734,machine,0.0,0.0,0.0,0.0,N
gradient_updates_26,2026-09-12T20:23:35,sac_HalfCheetah-v5_seed958,9776d315-5aa3-4dc8-b9cb-e2f10ea07acf,3.8292449450000277,4.7968683425853465e-05,1.2526934006631689e-05,29.59984066843953,66.24584666661684,20.0,2.8351136292008305e-05,7.62956165919898e-05,2.127182809999787e-05,0.0001259185809839962,0.0,Germany,DEU,baden-wurttemberg,,,Linux-7.0.0-31-generic-x86_64-with-glibc2.43,3.14.4,3.3.0,24,Intel(R) Core(TM) Ultra 9 285K,1,1 x NVIDIA GeForce RTX 5090,9.2986,48.7383,60.816158294677734,machine,0.0,0.0,0.0,0.0,N
rollout_27,2026-09-12T20:23:35,sac_HalfCheetah-v5_seed958,9776d315-5aa3-4dc8-b9cb-e2f10ea07acf,0.19449732699922606,1.794547780569443e-06,9.22614038420163e-06,29.661489232352334,65.68479404335908,20.0,1.8110795044212757e-06,1.8200014560015854e-06,1.079636405554741e-06,4.710717365978036e-06,0.0,Germany,DEU,baden-wurttemberg,,,Linux-7.0.0-31-generic-x86_64-with-glibc2.43,3.14.4,3.3.0,24,Intel(R) Core(TM) Ultra 9 285K,1,1 x NVIDIA GeForce RTX 5090,9.2986,48.7383,60.816158294677734,machine,0.0,0.0,0.0,0.0,N
gradient_updates_27,2026-09-12T20:23:39,sac_HalfCheetah-v5_seed958,9776d315-5aa3-4dc8-b9cb-e2f10ea07acf,3.849832248999519,4.831658937641016e-05,1.2550339130738864e-05,29.688673511854507,65.80979382877025,20.0,2.732067824540857e-05,7.81250625000035e-05,2.1386099066664135e-05,0.00012683183981207578,0.0,Germany,DEU,baden-wurttemberg,,,Linux-7.0.0-31-generic-x86_64-with-glibc2.43,3.14.4,3.3.0,24,Intel(R) Core(TM) Ultra 9 285K,1,1 x NVIDIA GeForce RTX 5090,9.2986,48.7383,60.816158294677734,machine,0.0,0.0,0.0,0.0,N
rollout_28,2026-09-12T20:23:39,sac_HalfCheetah-v5_seed958,9776d315-5aa3-4dc8-b9cb-e2f10ea07acf,0.1989375180000934,2.3739116546167734e-06,1.193232120873229e-05,29.627909467519725,65.82133759602884,20.0,1.4538208852749035e-06,3.673336271992067e-06,1.1043998833328624e-06,6.23155704060005e-06,0.0,Germany,DEU,baden-wurttemberg,,,Linux-7.0.0-31-generic-x86_64-with-glibc2.43,3.14.4,3.3.0,24,Intel(R) Core(TM) Ultra 9 285K,1,1 x NVIDIA GeForce RTX 5090,9.2986,48.7383,60.816158294677734,machine,0.0,0.0,0.0,0.0,N
gradient_updates_28,2026-09-12T20:23:43,sac_HalfCheetah-v5_seed958,9776d315-5aa3-4dc8-b9cb-e2f10ea07acf,3.8397420020000936,4.7815911442735184e-05,1.2452927900108772e-05,29.56950223388147,65.91508601974097,20.0,2.788652397586744e-05,7.630061659601173e-05,2.1330411450000766e-05,0.00012551755202187993,0.0,Germany,DEU,baden-wurttemberg,,,Linux-7.0.0-31-generic-x86_64-with-glibc2.43,3.14.4,3.3.0,24,Intel(R) Core(TM) Ultra 9 285K,1,1 x NVIDIA GeForce RTX 5090,9.2986,48.7383,60.816158294677734,machine,0.0,0.0,0.0,0.0,N
rollout_29,2026-09-12T20:23:43,sac_HalfCheetah-v5_seed958,9776d315-5aa3-4dc8-b9cb-e2f10ea07acf,0.19291223399977753,2.500614360489463e-06,1.2961697892047309e-05,29.616885108340124,65.97583291488453,20.0,1.760318630479596e-06,3.732780763987531e-06,1.0710543277784451e-06,6.564153722245572e-06,0.0,Germany,DEU,baden-wurttemberg,,,Linux-7.0.0-31-generic-x86_64-with-glibc2.43,3.14.4,3.3.0,24,Intel(R) Core(TM) Ultra 9 285K,1,1 x NVIDIA GeForce RTX 5090,9.2986,48.7383,60.816158294677734,machine,0.0,0.0,0.0,0.0,N
gradient_updates_29,2026-09-12T20:23:47,sac_HalfCheetah-v5_seed958,9776d315-5aa3-4dc8-b9cb-e2f10ea07acf,3.8389749790003407,4.823411018916365e-05,1.2564353305890505e-05,29.634045441317976,66.09455133764051,20.0,2.6961588513702006e-05,7.832756266200336e-05,2.1326179416665666e-05,0.00012661533059237125,0.0,Germany,DEU,baden-wurttemberg,,,Linux-7.0.0-31-generic-x86_64-with-glibc2.43,3.14.4,3.3.0,24,Intel(R) Core(TM) Ultra 9 285K,1,1 x NVIDIA GeForce RTX 5090,9.2986,48.7383,60.816158294677734,machine,0.0,0.0,0.0,0.0,N
rollout_30,2026-09-12T20:23:48,sac_HalfCheetah-v5_seed958,9776d315-5aa3-4dc8-b9cb-e2f10ea07acf,0.19733997500043188,2.5031750058822355e-06,1.2683208467092708e-05,29.679740777492007,66.10944378553208,20.0,1.8032806092943554e-06,3.6725029380069163e-06,1.0950919111111027e-06,6.570875458412374e-06,0.0,Germany,DEU,baden-wurttemberg,,,Linux-7.0.0-31-generic-x86_64-with-glibc2.43,3.14.4,3.3.0,24,Intel(R) Core(TM) Ultra 9 285K,1,1 x NVIDIA GeForce RTX 5090,9.2986,48.7383,60.816158294677734,machine,0.0,0.0,0.0,0.0,N
gradient_updates_30,2026-09-12T20:23:51,sac_HalfCheetah-v5_seed958,9776d315-5aa3-4dc8-b9cb-e2f10ea07acf,3.892780873000447,4.929560326543585e-05,1.2663389985078714e-05,29.701419501895252,66.21519327209474,20.0,2.8864085035697207e-05,7.891311868600537e-05,2.162456361111246e-05,0.00012940176733281482,0.0,Germany,DEU,baden-wurttemberg,,,Linux-7.0.0-31-generic-x86_64-with-glibc2.43,3.14.4,3.3.0,24,Intel(R) Core(TM) Ultra 9 285K,1,1 x NVIDIA GeForce RTX 5090,9.2986,48.7383,60.816158294677734,machine,0.0,0.0,0.0,0.0,N
rollout_31,2026-09-12T20:23:52,sac_HalfCheetah-v5_seed958,9776d315-5aa3-4dc8-b9cb-e2f10ea07acf,0.19328555100037192,2.4833390402877707e-06,1.2847456078874957e-05,29.744864355509087,66.25048106954803,20.0,1.7671850248493493e-06,3.678614053995166e-06,1.0730066444465843e-06,6.518805723291533e-06,0.0,Germany,DEU,baden-wurttemberg,,,Linux-7.0.0-31-generic-x86_64-with-glibc2.43,3.14.4,3.3.0,24,Intel(R) Core(TM) Ultra 9 285K,1,1 x NVIDIA GeForce RTX 5090,9.2986,48.7383,60.816158294677734,machine,0.0,0.0,0.0,0.0,N
gradient_updates_31,2026-09-12T20:23:55,sac_HalfCheetah-v5_seed958,9776d315-5aa3-4dc8-b9cb-e2f10ea07acf,3.8399693279998246,4.7828407182661046e-05,1.2455443037807851e-05,29.762953796492607,66.32959378650358,20.0,2.7885269252646283e-05,7.63297832859916e-05,2.1335301005557215e-05,0.0001255503535441951,0.0,Germany,DEU,baden-wurttemberg,,,Linux-7.0.0-31-generic-x86_64-with-glibc2.43,3.14.4,3.3.0,24,Intel(R) Core(TM) Ultra 9 285K,1,1 x NVIDIA GeForce RTX 5090,9.2986,48.7383,60.816158294677734,machine,0.0,0.0,0.0,0.0,N
rollout_32,2026-09-12T20:23:56,sac_HalfCheetah-v5_seed958,9776d315-5aa3-4dc8-b9cb-e2f10ea07acf,0.19305090600028052,2.5031949832357743e-06,1.296573110433784e-05,29.79658210828407,66.38622744017067,20.0,1.7368711117196622e-06,3.7622252320179683e-06,1.0718315555549411e-06,6.570927899293005e-06,0.0,Germany,DEU,baden-wurttemberg,,,Linux-7.0.0-31-generic-x86_64-with-glibc2.43,3.14.4,3.3.0,24,Intel(R) Core(TM) Ultra 9 285K,1,1 x NVIDIA GeForce RTX 5090,9.2986,48.7383,60.816158294677734,machine,0.0,0.0,0.0,0.0,N
gradient_updates_32,2026-09-12T20:24:00,sac_HalfCheetah-v5_seed958,9776d315-5aa3-4dc8-b9cb-e2f10ea07acf,3.895117293000112,4.770801088092207e-05,1.2248180520638704e-05,29.797878936423455,66.47255985688767,20.0,2.5325832205089216e-05,7.827034039399605e-05,2.1638138677781103e-05,0.00012523431127686637,0.0,Germany,DEU,baden-wurttemberg,,,Linux-7.0.0-31-generic-x86_64-with-glibc2.43,3.14.4,3.3.0,24,Intel(R) Core(TM) Ultra 9 285K,1,1 x NVIDIA GeForce RTX 5090,9.2986,48.7383,60.816158294677734,machine,0.0,0.0,0.0,0.0,N
rollout_33,2026-09-12T20:24:00,sac_HalfCheetah-v5_seed958,9776d315-5aa3-4dc8-b9cb-e2f10ea07acf,0.1943472209995889,2.467998626826985e-06,1.269827777156986e-05,29.82746885345877,66.49209145270824,20.0,1.738413890735313e-06,3.6611140399878117e-06,1.0790089555534968e-06,6.4785368862766216e-06,0.0,Germany,DEU,baden-wurttemberg,,,Linux-7.0.0-31-generic-x86_64-with-glibc2.43,3.14.4,3.3.0,24,Intel(R) Core(TM) Ultra 9 285K,1,1 x NVIDIA GeForce RTX 5090,9.2986,48.7383,60.816158294677734,machine,0.0,0.0,0.0,0.0,N
gradient_updates_33,2026-09-12T20:24:04,sac_HalfCheetah-v5_seed958,9776d315-5aa3-4dc8-b9cb-e2f10ea07acf,3.840281200999925,4.788755148107081e-05,1.2469847616957098e-05,29.835172985625935,66.5688602564547,20.0,2.7632346550302e-05,7.674006139200829e-05,2.133320035555301e-05,0.00012570560829786286,0.0,Germany,DEU,baden-wurttemberg,,,Linux-7.0.0-31-generic-x86_64-with-glibc2.43,3.14.4,3.3.0,24,Intel(R) Core(TM) Ultra 9 285K,1,1 x NVIDIA GeForce RTX 5090,9.2986,48.7383,60.816158294677734,machine,0.0,0.0,0.0,0.0,N
rollout_34,2026-09-12T20:24:04,sac_HalfCheetah-v5_seed958,9776d315-5aa3-4dc8-b9cb-e2f10ea07acf,0.1929783759997008,2.4862517996027643e-06,1.288230468428551e-05,29.867137664677184,66.60738163943229,20.0,1.7406350036261453e-06,3.714725193990076e-06,1.0710915666651156e-06,6.52645176428112e-06,0.0,Germany,DEU,baden-wurttemberg,,,Linux-7.0.0-31-generic-x86_64-with-glibc2.43,3.14.4,3.3.0,24,Intel(R) Core(TM) Ultra 9 285K,1,1 x NVIDIA GeForce RTX 5090,9.2986,48.7383,60.816158294677734,machine,0.0,0.0,0.0,0.0,N
gradient_updates_34,2026-09-12T20:24:08,sac_HalfCheetah-v5_seed958,9776d315-5aa3-4dc8-b9cb-e2f10ea07acf,3.9116863449999073,4.853863831331875e-05,1.2408652588530264e-05,29.867210839869372,66.71106460257768,20.0,2.50908642393452e-05,8.059395336401654e-05,2.1729904311112384e-05,0.00012741472191447369,0.0,Germany,DEU,baden-wurttemberg,,,Linux-7.0.0-31-generic-x86_64-with-glibc2.43,3.14.4,3.3.0,24,Intel(R) Core(TM) Ultra 9 285K,1,1 x NVIDIA GeForce RTX 5090,9.2986,48.7383,60.816158294677734,machine,0.0,0.0,0.0,0.0,N
rollout_35,2026-09-12T20:24:08,sac_HalfCheetah-v5_seed958,9776d315-5aa3-4dc8-b9cb-e2f10ea07acf,0.20030272800067905,2.367742418295758e-06,1.1820906437406849e-05,29.81682800799703,66.69301513141075,20.0,1.468689508281329e-06,3.635002907981244e-06,1.1116702777801482e-06,6.215362694042721e-06,0.0,Germany,DEU,baden-wurttemberg,,,Linux-7.0.0-31-generic-x86_64-with-glibc2.43,3.14.4,3.3.0,24,Intel(R) Core(TM) Ultra 9 285K,1,1 x NVIDIA GeForce RTX 5090,9.2986,48.7383,60.816158294677734,machine,0.0,0.0,0.0,0.0,N
gradient_updates_35,2026-09-12T20:24:12,sac_HalfCheetah-v5_seed958,9776d315-5aa3-4dc8-b9cb-e2f10ea07acf,3.837467846999971,4.820688037818904e-05,1.256218885648597e-05,29.768374092683388,66.76896302420123,20.0,2.8065051340911418e-05,7.716089506201729e-05,2.1317905488892064e-05,0.00012654385189182077,0.0,Germany,DEU,baden-wurttemberg,,,Linux-7.0.0-31-generic-x86_64-with-glibc2.43,3.14.4,3.3.0,24,Intel(R) Core(TM) Ultra 9 285K,1,1 x NVIDIA GeForce RTX 5090,9.2986,48.7383,60.816158294677734,machine,0.0,0.0,0.0,0.0,N
rollout_36,2026-09-12T20:24:12,sac_HalfCheetah-v5_seed958,9776d315-5aa3-4dc8-b9cb-e2f10ea07acf,0.19266863700067915,2.4973371556317146e-06,1.2961038801385628e-05,29.806787033258423,66.80538642355243,20.0,1.7677275252897529e-06,3.7186140859901684e-06,1.0692093944473374e-06,6.555551005727259e-06,0.0,Germany,DEU,baden-wurttemberg,,,Linux-7.0.0-31-generic-x86_64-with-glibc2.43,3.14.4,3.3.0,24,Intel(R) Core(TM) Ultra 9 285K,1,1 x NVIDIA GeForce RTX 5090,9.2986,48.7383,60.816158294677734,machine,0.0,0.0,0.0,0.0,N
gradient_updates_36,2026-09-12T20:24:16,sac_HalfCheetah-v5_seed958,9776d315-5aa3-4dc8-b9cb-e2f10ea07acf,3.870439518999774,4.838842411824477e-05,1.250208522614999e-05,29.818526528994738,66.8904965048621,20.0,2.6654649934822194e-05,7.886506309200125e-05,2.1500694161113608e-05,0.00012702040718793727,0.0,Germany,DEU,baden-wurttemberg,,,Linux-7.0.0-31-generic-x86_64-with-glibc2.43,3.14.4,3.3.0,24,Intel(R) Core(TM) Ultra 9 285K,1,1 x NVIDIA GeForce RTX 5090,9.2986,48.7383,60.816158294677734,machine,0.0,0.0,0.0,0.0,N
rollout_37,2026-09-12T20:24:16,sac_HalfCheetah-v5_seed958,9776d315-5aa3-4dc8-b9cb-e2f10ea07acf,0.2003098310005953,2.3393474323047878e-06,1.1678301969198557e-05,29.769563360828286,66.85559284237806,20.0,1.461060335508635e-06,3.568058410008401e-06,1.111706644441133e-06,6.140825389958603e-06,0.0,Germany,DEU,baden-wurttemberg,,,Linux-7.0.0-31-generic-x86_64-with-glibc2.43,3.14.4,3.3.0,24,Intel(R) Core(TM) Ultra 9 285K,1,1 x NVIDIA GeForce RTX 5090,9.2986,48.7383,60.816158294677734,machine,0.0,0.0,0.0,0.0,N
gradient_updates_37,2026-09-12T20:24:20,sac_HalfCheetah-v5_seed958,9776d315-5aa3-4dc8-b9cb-e2f10ea07acf,3.847981639999489,4.7990066777191774e-05,1.2471511157942741e-05,29.720864554549365,66.92201689545264,20.0,2.7487643101210824e-05,7.710117279198514e-05,2.1385896738886122e-05,0.00012597471263208187,0.0,Germany,DEU,baden-wurttemberg,,,Linux-7.0.0-31-generic-x86_64-with-glibc2.43,3.14.4,3.3.0,24,Intel(R) Core(TM) Ultra 9 285K,1,1 x NVIDIA GeForce RTX 5090,9.2986,48.7383,60.816158294677734,machine,0.0,0.0,0.0,0.0,N
rollout_38,2026-09-12T20:24:20,sac_HalfCheetah-v5_seed958,9776d315-5aa3-4dc8-b9cb-e2f10ea07acf,0.20379937699999573,2.4530250353955486e-06,1.203521000113918e-05,29.692345795448468,66.91164858072035,20.0,1.568617643776804e-06,3.739447435993637e-06,1.1311658833367162e-06,6.4392309631067235e-06,0.0,Germany,DEU,baden-wurttemberg,,,Linux-7.0.0-31-generic-x86_64-with-glibc2.43,3.14.4,3.3.0,24,Intel(R) Core(TM) Ultra 9 285K,1,1 x NVIDIA GeForce RTX 5090,9.2986,48.7383,60.816158294677734,machine,0.0,0.0,0.0,0.0,N
gradient_updates_38,2026-09-12T20:24:24,sac_HalfCheetah-v5_seed958,9776d315-5aa3-4dc8-b9cb-e2f10ea07acf,3.838951581999936,4.865800458790518e-05,1.267483783914424e-05,29.65851035431085,67.00261140065754,20.0,2.719482731139422e-05,7.920700781001433e-05,2.132622522221946e-05,0.00012772806034362823,0.0,Germany,DEU,baden-wurttemberg,,,Linux-7.0.0-31-generic-x86_64-with-glibc2.43,3.14.4,3.3.0,24,Intel(R) Core(TM) Ultra 9 285K,1,1 x NVIDIA GeForce RTX 5090,9.2986,48.7383,60.816158294677734,machine,0.0,0.0,0.0,0.0,N
rollout_39,2026-09-12T20:24:24,sac_HalfCheetah-v5_seed958,9776d315-5aa3-4dc8-b9cb-e2f10ea07acf,0.19438690100014355,2.448153985112368e-06,1.2593820816393823e-05,29.689356526671446,66.98488258909904,20.0,1.7708133610919163e-06,3.567502853990545e-06,1.0881281611141002e-06,6.4264443761967785e-06,0.0,Germany,DEU,baden-wurttemberg,,,Linux-7.0.0-31-generic-x86_64-with-glibc2.43,3.14.4,3.3.0,24,Intel(R) Core(TM) Ultra 9 285K,1,1 x NVIDIA GeForce RTX 5090,9.2986,48.7383,60.816158294677734,machine,0.0,0.0,0.0,0.0,N
gradient_updates_39,2026-09-12T20:24:28,sac_HalfCheetah-v5_seed958,9776d315-5aa3-4dc8-b9cb-e2f10ea07acf,3.8396059759998025,4.7894413700903544e-05,1.2473830549629337e-05,29.698958317829625,67.05120115122662,20.0,2.7084675834392058e-05,7.730950629200595e-05,2.132943961110972e-05,0.0001257236217375073,0.0,Germany,DEU,baden-wurttemberg,,,Linux-7.0.0-31-generic-x86_64-with-glibc2.43,3.14.4,3.3.0,24,Intel(R) Core(TM) Ultra 9 285K,1,1 x NVIDIA GeForce RTX 5090,9.2986,48.7383,60.816158294677734,machine,0.0,0.0,0.0,0.0,N
rollout_40,2026-09-12T20:24:28,sac_HalfCheetah-v5_seed958,9776d315-5aa3-4dc8-b9cb-e2f10ea07acf,0.19740348899995297,2.5278501732295573e-06,1.2805290991887375e-05,29.740897171409653,67.0491420121127,20.0,1.85053175819766e-06,3.6838918359982653e-06,1.1012245833322797e-06,6.6356481775286386e-06,0.0,Germany,DEU,baden-wurttemberg,,,Linux-7.0.0-31-generic-x86_64-with-glibc2.43,3.14.4,3.3.0,24,Intel(R) Core(TM) Ultra 9 285K,1,1 x NVIDIA GeForce RTX 5090,9.2986,48.7383,60.816158294677734,machine,0.0,0.0,0.0,0.0,N
gradient_updates_40,2026-09-12T20:24:32,sac_HalfCheetah-v5_seed958,9776d315-5aa3-4dc8-b9cb-e2f10ea07acf,3.897102205999545,4.957321798412491e-05,1.2720547320931503e-05,29.762899381814268,67.1241105783099,20.0,2.9004482370240114e-05,7.947700802600488e-05,2.1649020127774334e-05,0.0001301305105240189,0.0,Germany,DEU,baden-wurttemberg,,,Linux-7.0.0-31-generic-x86_64-with-glibc2.43,3.14.4,3.3.0,24,Intel(R) Core(TM) Ultra 9 285K,1,1 x NVIDIA GeForce RTX 5090,9.2986,48.7383,60.816158294677734,machine,0.0,0.0,0.0,0.0,N
rollout_41,2026-09-12T20:24:32,sac_HalfCheetah-v5_seed958,9776d315-5aa3-4dc8-b9cb-e2f10ea07acf,0.1936270379992493,2.491103906882529e-06,1.2864471765081758e-05,29.80266233795512,67.13292387517832,20.0,1.8066033897201628e-06,3.6558362579985904e-06,1.0767489777765288e-06,6.539188625495282e-06,0.0,Germany,DEU,baden-wurttemberg,,,Linux-7.0.0-31-generic-x86_64-with-glibc2.43,3.14.4,3.3.0,24,Intel(R) Core(TM) Ultra 9 285K,1,1 x NVIDIA GeForce RTX 5090,9.2986,48.7383,60.816158294677734,machine,0.0,0.0,0.0,0.0,N
gradient_updates_41,2026-09-12T20:24:36,sac_HalfCheetah-v5_seed958,9776d315-5aa3-4dc8-b9cb-e2f10ea07acf,3.8388205810006184,4.825737789156993e-05,1.257091285752525e-05,29.822434630125283,67.19172043194007,20.0,2.8319228488699055e-05,7.703311718200434e-05,2.1324063022221855e-05,0.00012667640869292503,0.0,Germany,DEU,baden-wurttemberg,,,Linux-7.0.0-31-generic-x86_64-with-glibc2.43,3.14.4,3.3.0,24,Intel(R) Core(TM) Ultra 9 285K,1,1 x NVIDIA GeForce RTX 5090,9.2986,48.7383,60.816158294677734,machine,0.0,0.0,0.0,0.0,N
rollout_42,2026-09-12T20:24:36,sac_HalfCheetah-v5_seed958,9776d315-5aa3-4dc8-b9cb-e2f10ea07acf,0.19341534200066235,1.7827801386777024e-06,9.216575474352502e-06,29.854716407359852,66.81622482794249,20.0,1.7731358629494154e-06,1.8333347999999194e-06,1.073356449998947e-06,4.679827112948065e-06,0.0,Germany,DEU,baden-wurttemberg,,,Linux-7.0.0-31-generic-x86_64-with-glibc2.43,3.14.4,3.3.0,24,Intel(R) Core(TM) Ultra 9 285K,1,1 x NVIDIA GeForce RTX 5090,9.2986,48.7383,60.816158294677734,machine,0.0,0.0,0.0,0.0,N
gradient_updates_42,2026-09-12T20:24:40,sac_HalfCheetah-v5_seed958,9776d315-5aa3-4dc8-b9cb-e2f10ea07acf,3.827243617000022,4.8596429451350925e-05,1.2697559510664461e-05,29.866019134624928,66.90291408709798,20.0,2.7073571103285177e-05,7.923200782999906e-05,2.126084566666576e-05,0.00012756642459994978,0.0,Germany,DEU,baden-wurttemberg,,,Linux-7.0.0-31-generic-x86_64-with-glibc2.43,3.14.4,3.3.0,24,Intel(R) Core(TM) Ultra 9 285K,1,1 x NVIDIA GeForce RTX 5090,9.2986,48.7383,60.816158294677734,machine,0.0,0.0,0.0,0.0,N
rollout_43,2026-09-12T20:24:40,sac_HalfCheetah-v5_seed958,9776d315-5aa3-4dc8-b9cb-e2f10ea07acf,0.19446238799991988,2.488618082564873e-06,1.2796767472251872e-05,29.891587871034254,66.92042283529443,20.0,1.7559614047674144e-06,3.6972251799965994e-06,1.079476711114127e-06,6.532663295878358e-06,0.0,Germany,DEU,baden-wurttemberg,,,Linux-7.0.0-31-generic-x86_64-with-glibc2.43,3.14.4,3.3.0,24,Intel(R) Core(TM) Ultra 9 285K,1,1 x NVIDIA GeForce RTX 5090,9.2986,48.7383,60.816158294677734,machine,0.0,0.0,0.0,0.0,N
gradient_updates_43,2026-09-12T20:24:44,sac_HalfCheetah-v5_seed958,9776d315-5aa3-4dc8-b9cb-e2f10ea07acf,3.875505962999341,4.73918958981529e-05,1.222859272938972e-05,29.89382414188747,66.97262007303671,20.0,2.572047474302952e-05,7.71542283899973e-05,2.152980112777583e-05,0.0001244045042608031,0.0,Germany,DEU,baden-wurttemberg,,,Linux-7.0.0-31-generic-x86_64-with-glibc2.43,3.14.4,3.3.0,24,Intel(R) Core(TM) Ultra 9 285K,1,1 x NVIDIA GeForce RTX 5090,9.2986,48.7383,60.816158294677734,machine,0.0,0.0,0.0,0.0,N
rollout_44,2026-09-12T20:24:44,sac_HalfCheetah-v5_seed958,9776d315-5aa3-4dc8-b9cb-e2f10ea07acf,0.20185548700010258,2.3824817157345676e-06,1.1802265470418597e-05,29.853076556977147,66.96045010004725,20.0,1.480659517855143e-06,3.6616695960056678e-06,1.1117244777779367e-06,6.254053591638747e-06,0.0,Germany,DEU,baden-wurttemberg,,,Linux-7.0.0-31-generic-x86_64-with-glibc2.43,3.14.4,3.3.0,24,Intel(R) Core(TM) Ultra 9 285K,1,1 x NVIDIA GeForce RTX 5090,9.2986,48.7383,60.816158294677734,machine,0.0,0.0,0.0,0.0,N
gradient_updates_44,2026-09-12T20:24:48,sac_HalfCheetah-v5_seed958,9776d315-5aa3-4dc8-b9cb-e2f10ea07acf,3.9446533769996677,4.816593389516885e-05,1.2210463792215377e-05,29.805335817876287,67.01642566502096,20.0,2.5453497029447048e-05,7.907006325599819e-05,2.1912806416665015e-05,0.00012643636670211025,0.0,Germany,DEU,baden-wurttemberg,,,Linux-7.0.0-31-generic-x86_64-with-glibc2.43,3.14.4,3.3.0,24,Intel(R) Core(TM) Ultra 9 285K,1,1 x NVIDIA GeForce RTX 5090,9.2986,48.7383,60.816158294677734,machine,0.0,0.0,0.0,0.0,N
rollout_45,2026-09-12T20:24:49,sac_HalfCheetah-v5_seed958,9776d315-5aa3-4dc8-b9cb-e2f10ea07acf,0.20052128299994365,2.3699999378329513e-06,1.1818594374696772e-05,29.75386680476932,67.01114379017368,20.0,1.4048402905350588e-06,3.703336295998727e-06,1.1131121333315518e-06,6.2212887198655545e-06,0.0,Germany,DEU,baden-wurttemberg,,,Linux-7.0.0-31-generic-x86_64-with-glibc2.43,3.14.4,3.3.0,24,Intel(R) Core(TM) Ultra 9 285K,1,1 x NVIDIA GeForce RTX 5090,9.2986,48.7383,60.816158294677734,machine,0.0,0.0,0.0,0.0,N
gradient_updates_45,2026-09-12T20:24:52,sac_HalfCheetah-v5_seed958,9776d315-5aa3-4dc8-b9cb-e2f10ea07acf,3.8361785460001556,4.814541676615401e-05,1.2550368937222629e-05,29.70594228535845,67.07092277701024,20.0,2.761618931515497e-05,7.74556175200114e-05,2.1310702066668552e-05,0.00012638250890183514,0.0,Germany,DEU,baden-wurttemberg,,,Linux-7.0.0-31-generic-x86_64-with-glibc2.43,3.14.4,3.3.0,24,Intel(R) Core(TM) Ultra 9 285K,1,1 x NVIDIA GeForce RTX 5090,9.2986,48.7383,60.816158294677734,machine,0.0,0.0,0.0,0.0,N
rollout_46,2026-09-12T20:24:53,sac_HalfCheetah-v5_seed958,9776d315-5aa3-4dc8-b9cb-e2f10ea07acf,0.1928312999998525,2.528509372679358e-06,1.3111087369413967e-05,29.739150762851143,67.10905044066057,20.0,1.7803075353581277e-06,3.7866696959848456e-06,1.070401355557013e-06,6.637378586899986e-06,0.0,Germany,DEU,baden-wurttemberg,,,Linux-7.0.0-31-generic-x86_64-with-glibc2.43,3.14.4,3.3.0,24,Intel(R) Core(TM) Ultra 9 285K,1,1 x NVIDIA GeForce RTX 5090,9.2986,48.7383,60.816158294677734,machine,0.0,0.0,0.0,0.0,N
gradient_updates_46,2026-09-12T20:24:56,sac_HalfCheetah-v5_seed958,9776d315-5aa3-4dc8-b9cb-e2f10ea07acf,3.8332856300003186,4.907113905079858e-05,1.2801351607172532e-05,29.754120044133924,67.18919465162091,20.0,2.7787341674301302e-05,7.973089711800496e-05,2.129430629444558e-05,0.0001288125450867525,0.0,Germany,DEU,baden-wurttemberg,,,Linux-7.0.0-31-generic-x86_64-with-glibc2.43,3.14.4,3.3.0,24,Intel(R) Core(TM) Ultra 9 285K,1,1 x NVIDIA GeForce RTX 5090,9.2986,48.7383,60.816158294677734,machine,0.0,0.0,0.0,0.0,N
rollout_47,2026-09-12T20:24:57,sac_HalfCheetah-v5_seed958,9776d315-5aa3-4dc8-b9cb-e2f10ea07acf,0.19487577099971531,2.5072634786014666e-06,1.2865361690646486e-05,29.784271832791894,67.20321606869754,20.0,1.7893611537062037e-06,3.7102807459998832e-06,1.0819658666707133e-06,6.581607766377451e-06,0.0,Germany,DEU,baden-wurttemberg,,,Linux-7.0.0-31-generic-x86_64-with-glibc2.43,3.14.4,3.3.0,24,Intel(R) Core(TM) Ultra 9 285K,1,1 x NVIDIA GeForce RTX 5090,9.2986,48.7383,60.816158294677734,machine,0.0,0.0,0.0,0.0,N
gradient_updates_47,2026-09-12T20:25:00,sac_HalfCheetah-v5_seed958,9776d315-5aa3-4dc8-b9cb-e2f10ea07acf,3.83772377600053,4.834427644584763e-05,1.2597152762664233e-05,29.796997496672674,67.26160933910603,20.0,2.7784510560929787e-05,7.780061779599778e-05,2.131939046666454e-05,0.00012690451882359233,0.0,Germany,DEU,baden-wurttemberg,,,Linux-7.0.0-31-generic-x86_64-with-glibc2.43,3.14.4,3.3.0,24,Intel(R) Core(TM) Ultra 9 285K,1,1 x NVIDIA GeForce RTX 5090,9.2986,48.7383,60.816158294677734,machine,0.0,0.0,0.0,0.0,N
rollout_48,2026-09-12T20:25:01,sac_HalfCheetah-v5_seed958,9776d315-5aa3-4dc8-b9cb-e2f10ea07acf,0.1942427719995976,2.4992868839783695e-06,1.2866521710797859e-05,29.829127436908472,67.27164011583116,20.0,1.7999572732921298e-06,3.6822251680002083e-06,1.0784866333324317e-06,6.56066907462477e-06,0.0,Germany,DEU,baden-wurttemberg,,,Linux-7.0.0-31-generic-x86_64-with-glibc2.43,3.14.4,3.3.0,24,Intel(R) Core(TM) Ultra 9 285K,1,1 x NVIDIA GeForce RTX 5090,9.2986,48.7383,60.816158294677734,machine,0.0,0.0,0.0,0.0,N
gradient_updates_48,2026-09-12T20:25:04,sac_HalfCheetah-v5_seed958,9776d315-5aa3-4dc8-b9cb-e2f10ea07acf,3.843960444000004,4.9083009734201405e-05,1.2768885852725278e-05,29.842784672987545,67.34673047482906,20.0,2.75668187201053e-05,7.99233972720026e-05,2.1353489833331445e-05,0.00012884370582543977,0.0,Germany,DEU,baden-wurttemberg,,,Linux-7.0.0-31-generic-x86_64-with-glibc2.43,3.14.4,3.3.0,24,Intel(R) Core(TM) Ultra 9 285K,1,1 x NVIDIA GeForce RTX 5090,9.2986,48.7383,60.816158294677734,machine,0.0,0.0,0.0,0.0,N
rollout_49,2026-09-12T20:25:05,sac_HalfCheetah-v5_seed958,9776d315-5aa3-4dc8-b9cb-e2f10ea07acf,0.19413409299977502,2.4938179760116905e-06,1.2845203475044674e-05,29.873922591920994,67.35231963990825,20.0,1.8013139410424928e-06,3.6658362660008104e-06,1.0791628944439944e-06,6.546313101487081e-06,0.0,Germany,DEU,baden-wurttemberg,,,Linux-7.0.0-31-generic-x86_64-with-glibc2.43,3.14.4,3.3.0,24,Intel(R) Core(TM) Ultra 9 285K,1,1 x NVIDIA GeForce RTX 5090,9.2986,48.7383,60.816158294677734,machine,0.0,0.0,0.0,0.0,N
gradient_updates_49,2026-09-12T20:25:09,sac_HalfCheetah-v5_seed958,9776d315-5aa3-4dc8-b9cb-e2f10ea07acf,3.830913564999719,4.83920878815605e-05,1.2632022206413768e-05,29.88678649683927,67.4132301160377,20.0,2.740429609009165e-05,7.834450711999286e-05,2.1281221416665982e-05,0.0001270300246267505,0.0,Germany,DEU,baden-wurttemberg,,,Linux-7.0.0-31-generic-x86_64-with-glibc2.43,3.14.4,3.3.0,24,Intel(R) Core(TM) Ultra 9 285K,1,1 x NVIDIA GeForce RTX 5090,9.2986,48.7383,60.816158294677734,machine,0.0,0.0,0.0,0.0,N
rollout_50,2026-09-12T20:25:09,sac_HalfCheetah-v5_seed958,9776d315-5aa3-4dc8-b9cb-e2f10ea07acf,0.1989351700003681,2.532741025904235e-06,1.2730099152587467e-05,29.919841855299282,67.40561196932151,20.0,1.8619928784796569e-06,3.6816696120101078e-06,1.104824255551435e-06,6.648486746040766e-06,0.0,Germany,DEU,baden-wurttemberg,,,Linux-7.0.0-31-generic-x86_64-with-glibc2.43,3.14.4,3.3.0,24,Intel(R) Core(TM) Ultra 9 285K,1,1 x NVIDIA GeForce RTX 5090,9.2986,48.7383,60.816158294677734,machine,0.0,0.0,0.0,0.0,N
gradient_updates_50,2026-09-12T20:25:13,sac_HalfCheetah-v5_seed958,9776d315-5aa3-4dc8-b9cb-e2f10ea07acf,3.961751277000076,4.984390715505674e-05,1.2581305720862099e-05,29.929816278085482,67.47787548544777,20.0,2.6309276602957954e-05,8.252395490800091e-05,2.200784252777855e-05,0.00013084107403873654,0.0,Germany,DEU,baden-wurttemberg,,,Linux-7.0.0-31-generic-x86_64-with-glibc2.43,3.14.4,3.3.0,24,Intel(R) Core(TM) Ultra 9 285K,1,1 x NVIDIA GeForce RTX 5090,9.2986,48.7383,60.816158294677734,machine,0.0,0.0,0.0,0.0,N
rollout_51,2026-09-12T20:25:13,sac_HalfCheetah-v5_seed958,9776d315-5aa3-4dc8-b9cb-e2f10ea07acf,0.2002871900003811,2.365706058595537e-06,1.1811062322333503e-05,29.88312204135111,67.46676351221431,20.0,1.4058066802047353e-06,3.6911140639944717e-06,1.1130964722219899e-06,6.210017216420546e-06,0.0,Germany,DEU,baden-wurttemberg,,,Linux-7.0.0-31-generic-x86_64-with-glibc2.43,3.14.4,3.3.0,24,Intel(R) Core(TM) Ultra 9 285K,1,1 x NVIDIA GeForce RTX 5090,9.2986,48.7383,60.816158294677734,machine,0.0,0.0,0.0,0.0,N
gradient_updates_51,2026-09-12T20:25:17,sac_HalfCheetah-v5_seed958,9776d315-5aa3-4dc8-b9cb-e2f10ea07acf,3.8531384489997436,4.89377596149935e-05,1.2700782178389512e-05,29.8411115799079,67.52224366211543,20.0,2.849773890927637e-05,7.856006284799599e-05,2.1404620122221843e-05,0.0001284624218794942,0.0,Germany,DEU,baden-wurttemberg,,,Linux-7.0.0-31-generic-x86_64-with-glibc2.43,3.14.4,3.3.0,24,Intel(R) Core(TM) Ultra 9 285K,1,1 x NVIDIA GeForce RTX 5090,9.2986,48.7383,60.816158294677734,machine,0.0,0.0,0.0,0.0,N
rollout_52,2026-09-12T20:25:17,sac_HalfCheetah-v5_seed958,9776d315-5aa3-4dc8-b9cb-e2f10ea07acf,0.1933750180005518,2.5083102879529078e-06,1.2970617655885176e-05,29.8704163573965,67.53031749588784,20.0,1.8045692214349596e-06,3.698614069999606e-06,1.0811723666645599e-06,6.584355658098909e-06,0.0,Germany,DEU,baden-wurttemberg,,,Linux-7.0.0-31-generic-x86_64-with-glibc2.43,3.14.4,3.3.0,24,Intel(R) Core(TM) Ultra 9 285K,1,1 x NVIDIA GeForce RTX 5090,9.2986,48.7383,60.816158294677734,machine,0.0,0.0,0.0,0.0,N
gradient_updates_52,2026-09-12T20:25:21,sac_HalfCheetah-v5_seed958,9776d315-5aa3-4dc8-b9cb-e2f10ea07acf,3.8469575179997264,4.974137530082282e-05,1.2930075986222126e-05,29.884914267136683,67.60249983564213,20.0,2.8636797353862042e-05,8.056506445200395e-05,2.1370064433333174e-05,0.0001305719262391994,0.0,Germany,DEU,baden-wurttemberg,,,Linux-7.0.0-31-generic-x86_64-with-glibc2.43,3.14.4,3.3.0,24,Intel(R) Core(TM) Ultra 9 285K,1,1 x NVIDIA GeForce RTX 5090,9.2986,48.7383,60.816158294677734,machine,0.0,0.0,0.0,0.0,N
rollout_53,2026-09-12T20:25:21,sac_HalfCheetah-v5_seed958,9776d315-5aa3-4dc8-b9cb-e2f10ea07acf,0.19642251400000532,2.5106631402318016e-06,1.2781355599126813e-05,29.91495403263588,67.60022376043268,20.0,1.8296445192592103e-06,3.6711140480039095e-06,1.0897733666700906e-06,6.590531933933427e-06,0.0,Germany,DEU,baden-wurttemberg,,,Linux-7.0.0-31-generic-x86_64-with-glibc2.43,3.14.4,3.3.0,24,Intel(R) Core(TM) Ultra 9 285K,1,1 x NVIDIA GeForce RTX 5090,9.2986,48.7383,60.816158294677734,machine,0.0,0.0,0.0,0.0,N
gradient_updates_53,2026-09-12T20:25:25,sac_HalfCheetah-v5_seed958,9776d315-5aa3-4dc8-b9cb-e2f10ea07acf,3.850259663999168,4.897544030766157e-05,1.2720064822971274e-05,29.929551473241382,67.65449670844207,20.0,2.843497469240397e-05,7.873784076799228e-05,2.138851885555488e-05,0.00012856133431595092,0.0,Germany,DEU,baden-wurttemberg,,,Linux-7.0.0-31-generic-x86_64-with-glibc2.43,3.14.4,3.3.0,24,Intel(R) Core(TM) Ultra 9 285K,1,1 x NVIDIA GeForce RTX 5090,9.2986,48.7383,60.816158294677734,machine,0.0,0.0,0.0,0.0,N
rollout_54,2026-09-12T20:25:25,sac_HalfCheetah-v5_seed958,9776d315-5aa3-4dc8-b9cb-e2f10ea07acf,0.19668061300035333,2.5216607305133913e-06,1.2819812808481322e-05,29.958402777923943,67.65507349168247,20.0,1.830237575294047e-06,3.6975029580055274e-06,1.0916602555526445e-06,6.619400788852869e-06,0.0,Germany,DEU,baden-wurttemberg,,,Linux-7.0.0-31-generic-x86_64-with-glibc2.43,3.14.4,3.3.0,24,Intel(R) Core(TM) Ultra 9 285K,1,1 x NVIDIA GeForce RTX 5090,9.2986,48.7383,60.816158294677734,machine,0.0,0.0,0.0,0.0,N
gradient_updates_54,2026-09-12T20:25:29,sac_HalfCheetah-v5_seed958,9776d315-5aa3-4dc8-b9cb-e2f10ea07acf,3.851479238000138,4.9311520141692104e-05,1.2803294535164354e-05,29.97114800167514,67.71894824341182,20.0,2.795018680457062e-05,8.009811963399782e-05,2.1395242955557373e-05,0.0001294435493941256,0.0,Germany,DEU,baden-wurttemberg,,,Linux-7.0.0-31-generic-x86_64-with-glibc2.43,3.14.4,3.3.0,24,Intel(R) Core(TM) Ultra 9 285K,1,1 x NVIDIA GeForce RTX 5090,9.2986,48.7383,60.816158294677734,machine,0.0,0.0,0.0,0.0,N
rollout_55,2026-09-12T20:25:29,sac_HalfCheetah-v5_seed958,9776d315-5aa3-4dc8-b9cb-e2f10ea07acf,0.19481988200004707,2.477360065051854e-06,1.271562198652709e-05,29.99659745194312,67.7127580189964,20.0,1.7973464378692738e-06,3.6244473440028013e-06,1.081317033332311e-06,6.503110815203952e-06,0.0,Germany,DEU,baden-wurttemberg,,,Linux-7.0.0-31-generic-x86_64-with-glibc2.43,3.14.4,3.3.0,24,Intel(R) Core(TM) Ultra 9 285K,1,1 x NVIDIA GeForce RTX 5090,9.2986,48.7383,60.816158294677734,machine,0.0,0.0,0.0,0.0,N
gradient_updates_55,2026-09-12T20:25:33,sac_HalfCheetah-v5_seed958,9776d315-5aa3-4dc8-b9cb-e2f10ea07acf,3.8531096520000574,4.8703054769297805e-05,1.2639973503753391e-05,30.00681213829546,67.7619695733493,20.0,2.7915040943120306e-05,7.852672948799322e-05,2.1404547377778778e-05,0.00012784631780889295,0.0,Germany,DEU,baden-wurttemberg,,,Linux-7.0.0-31-generic-x86_64-with-glibc2.43,3.14.4,3.3.0,24,Intel(R) Core(TM) Ultra 9 285K,1,1 x NVIDIA GeForce RTX 5090,9.2986,48.7383,60.816158294677734,machine,0.0,0.0,0.0,0.0,N
rollout_56,2026-09-12T20:25:33,sac_HalfCheetah-v5_seed958,9776d315-5aa3-4dc8-b9cb-e2f10ea07acf,0.2022805309998148,2.4532709920772194e-06,1.2127603893215483e-05,29.97357789068663,67.76597248524959,20.0,1.4842709096379858e-06,3.832503066014681e-06,1.12310262777803e-06,6.4398766034309135e-06,0.0,Germany,DEU,baden-wurttemberg,,,Linux-7.0.0-31-generic-x86_64-with-glibc2.43,3.14.4,3.3.0,24,Intel(R) Core(TM) Ultra 9 285K,1,1 x NVIDIA GeForce RTX 5090,9.2986,48.7383,60.816158294677734,machine,0.0,0.0,0.0,0.0,N
gradient_updates_56,2026-09-12T20:25:37,sac_HalfCheetah-v5_seed958,9776d315-5aa3-4dc8-b9cb-e2f10ea07acf,3.8521152759994948,4.933695289343915e-05,1.2807784749101572e-05,29.93995094437748,67.8309003163606,20.0,2.7516227568517848e-05,8.060367559398207e-05,2.1390407622220737e-05,0.00012951031078472022,0.0,Germany,DEU,baden-wurttemberg,,,Linux-7.0.0-31-generic-x86_64-with-glibc2.43,3.14.4,3.3.0,24,Intel(R) Core(TM) Ultra 9 285K,1,1 x NVIDIA GeForce RTX 5090,9.2986,48.7383,60.816158294677734,machine,0.0,0.0,0.0,0.0,N
rollout_57,2026-09-12T20:25:37,sac_HalfCheetah-v5_seed958,9776d315-5aa3-4dc8-b9cb-e2f10ea07acf,0.19477527700018982,2.5284033720786997e-06,1.2980913729020421e-05,29.966930123864525,67.84290172100283,20.0,1.8108589486878768e-06,3.745002996005664e-06,1.0812383888908744e-06,6.637100333583765e-06,0.0,Germany,DEU,baden-wurttemberg,,,Linux-7.0.0-31-generic-x86_64-with-glibc2.43,3.14.4,3.3.0,24,Intel(R) Core(TM) Ultra 9 285K,1,1 x NVIDIA GeForce RTX 5090,9.2986,48.7383,60.816158294677734,machine,0.0,0.0,0.0,0.0,N
gradient_updates_57,2026-09-12T20:25:41,sac_HalfCheetah-v5_seed958,9776d315-5aa3-4dc8-b9cb-e2f10ea07acf,3.84605601200019,4.879590445251844e-05,1.2687279950727177e-05,29.9786611803288,67.89294189103452,20.0,2.7880030359556107e-05,7.88431186300037e-05,2.136690076111141e-05,0.00012809004975067144,0.0,Germany,DEU,baden-wurttemberg,,,Linux-7.0.0-31-generic-x86_64-with-glibc2.43,3.14.4,3.3.0,24,Intel(R) Core(TM) Ultra 9 285K,1,1 x NVIDIA GeForce RTX 5090,9.2986,48.7383,60.816158294677734,machine,0.0,0.0,0.0,0.0,N
rollout_58,2026-09-12T20:25:41,sac_HalfCheetah-v5_seed958,9776d315-5aa3-4dc8-b9cb-e2f10ea07acf,0.19413812399943708,2.5481012150677974e-06,1.3123623017823076e-05,30.00351734216593,67.917146023699,20.0,1.7957528254883282e-06,3.815558607997427e-06,1.0774960611139965e-06,6.688807494600185e-06,0.0,Germany,DEU,baden-wurttemberg,,,Linux-7.0.0-31-generic-x86_64-with-glibc2.43,3.14.4,3.3.0,24,Intel(R) Core(TM) Ultra 9 285K,1,1 x NVIDIA GeForce RTX 5090,9.2986,48.7383,60.816158294677734,machine,0.0,0.0,0.0,0.0,N
gradient_updates_58,2026-09-12T20:25:45,sac_HalfCheetah-v5_seed958,9776d315-5aa3-4dc8-b9cb-e2f10ea07acf,3.8429907619993173,4.937730325606541e-05,1.2848724908853176e-05,30.013538432371675,67.97931548145075,20.0,2.7746634975060747e-05,8.052256441799799e-05,2.1347031755557504e-05,0.00012961623114861667,0.0,Germany,DEU,baden-wurttemberg,,,Linux-7.0.0-31-generic-x86_64-with-glibc2.43,3.14.4,3.3.0,24,Intel(R) Core(TM) Ultra 9 285K,1,1 x NVIDIA GeForce RTX 5090,9.2986,48.7383,60.816158294677734,machine,0.0,0.0,0.0,0.0,N
rollout_59,2026-09-12T20:25:45,sac_HalfCheetah-v5_seed958,9776d315-5aa3-4dc8-b9cb-e2f10ea07acf,0.19428506100030063,2.4801029631718596e-06,1.2764484847031301e-05,30.036496924385958,67.97567839611361,20.0,1.789445875990947e-06,3.6425029140002563e-06,1.0783621777793635e-06,6.510310967770133e-06,0.0,Germany,DEU,baden-wurttemberg,,,Linux-7.0.0-31-generic-x86_64-with-glibc2.43,3.14.4,3.3.0,24,Intel(R) Core(TM) Ultra 9 285K,1,1 x NVIDIA GeForce RTX 5090,9.2986,48.7383,60.816158294677734,machine,0.0,0.0,0.0,0.0,N
gradient_updates_59,2026-09-12T20:25:49,sac_HalfCheetah-v5_seed958,9776d315-5aa3-4dc8-b9cb-e2f10ea07acf,3.8394147999997585,4.869303746724571e-05,1.2682444375147344e-05,30.045247657276146,68.02331173768778,20.0,2.7751687479107834e-05,7.874006299199432e-05,2.1328271755555704e-05,0.00012782002222665872,0.0,Germany,DEU,baden-wurttemberg,,,Linux-7.0.0-31-generic-x86_64-with-glibc2.43,3.14.4,3.3.0,24,Intel(R) Core(TM) Ultra 9 285K,1,1 x NVIDIA GeForce RTX 5090,9.2986,48.7383,60.816158294677734,machine,0.0,0.0,0.0,0.0,N
rollout_60,2026-09-12T20:25:49,sac_HalfCheetah-v5_seed958,9776d315-5aa3-4dc8-b9cb-e2f10ea07acf,0.19928664899998694,2.574035202846693e-06,1.291623589263758e-05,30.0731687483744,68.02586598006474,20.0,1.8736062211005544e-06,3.778058578013388e-06,1.1052198388874883e-06,6.756884638001864e-06,0.0,Germany,DEU,baden-wurttemberg,,,Linux-7.0.0-31-generic-x86_64-with-glibc2.43,3.14.4,3.3.0,24,Intel(R) Core(TM) Ultra 9 285K,1,1 x NVIDIA GeForce RTX 5090,9.2986,48.7383,60.816158294677734,machine,0.0,0.0,0.0,0.0,N
gradient_updates_60,2026-09-12T20:25:53,sac_HalfCheetah-v5_seed958,9776d315-5aa3-4dc8-b9cb-e2f10ea07acf,3.9183039389999976,5.0606296553036816e-05,1.2915363320952778e-05,30.088685086319813,68.07779133001678,20.0,2.9977550648686846e-05,8.109867599000176e-05,2.176613207777547e-05,0.00013284235871646385,0.0,Germany,DEU,baden-wurttemberg,,,Linux-7.0.0-31-generic-x86_64-with-glibc2.43,3.14.4,3.3.0,24,Intel(R) Core(TM) Ultra 9 285K,1,1 x NVIDIA GeForce RTX 5090,9.2986,48.7383,60.816158294677734,machine,0.0,0.0,0.0,0.0,N
rollout_61,2026-09-12T20:25:53,sac_HalfCheetah-v5_seed958,9776d315-5aa3-4dc8-b9cb-e2f10ea07acf,0.19344156900024245,2.5399554573696595e-06,1.3129880190646008e-05,30.109958931893726,68.1010464106669,20.0,1.7793072567828805e-06,3.81416971799442e-06,1.0739477722229891e-06,6.667424746999856e-06,0.0,Germany,DEU,baden-wurttemberg,,,Linux-7.0.0-31-generic-x86_64-with-glibc2.43,3.14.4,3.3.0,24,Intel(R) Core(TM) Ultra 9 285K,1,1 x NVIDIA GeForce RTX 5090,9.2986,48.7383,60.816158294677734,machine,0.0,0.0,0.0,0.0,N
gradient_updates_61,2026-09-12T20:25:57,sac_HalfCheetah-v5_seed958,9776d315-5aa3-4dc8-b9cb-e2f10ea07acf,3.8467601929996817,4.9644988285805786e-05,1.2905687190876068e-05,30.117958871646827,68.16133406381574,20.0,2.800623712719691e-05,8.094395364399709e-05,2.1368717972225417e-05,0.00013031890874341985,0.0,Germany,DEU,baden-wurttemberg,,,Linux-7.0.0-31-generic-x86_64-with-glibc2.43,3.14.4,3.3.0,24,Intel(R) Core(TM) Ultra 9 285K,1,1 x NVIDIA GeForce RTX 5090,9.2986,48.7383,60.816158294677734,machine,0.0,0.0,0.0,0.0,N
rollout_62,2026-09-12T20:25:57,sac_HalfCheetah-v5_seed958,9776d315-5aa3-4dc8-b9cb-e2f10ea07acf,0.19458813199980796,2.4647260961400096e-06,1.266509557910221e-05,30.137006384167364,68.1510598539405,20.0,1.7780189224131382e-06,3.6116695560084455e-06,1.08025796111068e-06,6.469946439532914e-06,0.0,Germany,DEU,baden-wurttemberg,,,Linux-7.0.0-31-generic-x86_64-with-glibc2.43,3.14.4,3.3.0,24,Intel(R) Core(TM) Ultra 9 285K,1,1 x NVIDIA GeForce RTX 5090,9.2986,48.7383,60.816158294677734,machine,0.0,0.0,0.0,0.0,N
gradient_updates_62,2026-09-12T20:26:01,sac_HalfCheetah-v5_seed958,9776d315-5aa3-4dc8-b9cb-e2f10ea07acf,3.8623858419996395,4.8416673671020354e-05,1.2535461951592938e-05,30.140516060828524,68.19456100111607,20.0,2.650406314767817e-05,7.913450775198783e-05,2.1455991827780364e-05,0.0001270945627274457,0.0,Germany,DEU,baden-wurttemberg,,,Linux-7.0.0-31-generic-x86_64-with-glibc2.43,3.14.4,3.3.0,24,Intel(R) Core(TM) Ultra 9 285K,1,1 x NVIDIA GeForce RTX 5090,9.2986,48.7383,60.816158294677734,machine,0.0,0.0,0.0,0.0,N
rollout_63,2026-09-12T20:26:02,sac_HalfCheetah-v5_seed958,9776d315-5aa3-4dc8-b9cb-e2f10ea07acf,0.20037596599922836,2.4237480099388066e-06,1.2095262479966161e-05,30.109109534206635,68.18989270361146,20.0,1.4706395098443292e-06,3.7750030199984463e-06,1.116735761110682e-06,6.362378290953458e-06,0.0,Germany,DEU,baden-wurttemberg,,,Linux-7.0.0-31-generic-x86_64-with-glibc2.43,3.14.4,3.3.0,24,Intel(R) Core(TM) Ultra 9 285K,1,1 x NVIDIA GeForce RTX 5090,9.2986,48.7383,60.816158294677734,machine,0.0,0.0,0.0,0.0,N
gradient_updates_63,2026-09-12T20:26:05,sac_HalfCheetah-v5_seed958,9776d315-5aa3-4dc8-b9cb-e2f10ea07acf,3.863269722000041,4.989851307688571e-05,1.2916156995684974e-05,30.078934527205213,68.24642741708101,20.0,2.840123577652759e-05,8.112173156400726e-05,2.1461448138885772e-05,0.00013098441547942062,0.0,Germany,DEU,baden-wurttemberg,,,Linux-7.0.0-31-generic-x86_64-with-glibc2.43,3.14.4,3.3.0,24,Intel(R) Core(TM) Ultra 9 285K,1,1 x NVIDIA GeForce RTX 5090,9.2986,48.7383,60.816158294677734,machine,0.0,0.0,0.0,0.0,N
rollout_64,2026-09-12T20:26:06,sac_HalfCheetah-v5_seed958,9776d315-5aa3-4dc8-b9cb-e2f10ea07acf,0.19385784499991132,2.5384876403853826e-06,1.309453510307054e-05,30.104823965451132,68.25937884862357,20.0,1.82252340245187e-06,3.7650030119962263e-06,1.0760452888868184e-06,6.663571703334481e-06,0.0,Germany,DEU,baden-wurttemberg,,,Linux-7.0.0-31-generic-x86_64-with-glibc2.43,3.14.4,3.3.0,24,Intel(R) Core(TM) Ultra 9 285K,1,1 x NVIDIA GeForce RTX 5090,9.2986,48.7383,60.816158294677734,machine,0.0,0.0,0.0,0.0,N
gradient_updates_64,2026-09-12T20:26:10,sac_HalfCheetah-v5_seed958,9776d315-5aa3-4dc8-b9cb-e2f10ea07acf,3.9630741580003814,5.096824511396838e-05,1.2860813886304186e-05,30.116669712504887,68.3122802261557,20.0,2.8892296724931932e-05,8.288478853001047e-05,2.201539437222304e-05,0.000133792479627165,0.0,Germany,DEU,baden-wurttemberg,,,Linux-7.0.0-31-generic-x86_64-with-glibc2.43,3.14.4,3.3.0,24,Intel(R) Core(TM) Ultra 9 285K,1,1 x NVIDIA GeForce RTX 5090,9.2986,48.7383,60.816158294677734,machine,0.0,0.0,0.0,0.0,N
rollout_65,2026-09-12T20:26:10,sac_HalfCheetah-v5_seed958,9776d315-5aa3-4dc8-b9cb-e2f10ea07acf,0.19524459700005536,2.498143161606785e-06,1.2794456656870412e-05,30.14033153216808,68.30496105485082,20.0,1.8241511815439426e-06,3.649725141982585e-06,1.0837904611082742e-06,6.5576667846352354e-06,0.0,Germany,DEU,baden-wurttemberg,,,Linux-7.0.0-31-generic-x86_64-with-glibc2.43,3.14.4,3.3.0,24,Intel(R) Core(TM) Ultra 9 285K,1,1 x NVIDIA GeForce RTX 5090,9.2986,48.7383,60.816158294677734,machine,0.0,0.0,0.0,0.0,N
gradient_updates_65,2026-09-12T20:26:14,sac_HalfCheetah-v5_seed958,9776d315-5aa3-4dc8-b9cb-e2f10ea07acf,3.8357954220000465,4.8706185427062516e-05,1.2697833618581522e-05,30.149670030806796,68.34896247452906,20.0,2.744222278708991e-05,7.910395217201882e-05,2.130836087778018e-05,0.0001278545358368889,0.0,Germany,DEU,baden-wurttemberg,,,Linux-7.0.0-31-generic-x86_64-with-glibc2.43,3.14.4,3.3.0,24,Intel(R) Core(TM) Ultra 9 285K,1,1 x NVIDIA GeForce RTX 5090,9.2986,48.7383,60.816158294677734,machine,0.0,0.0,0.0,0.0,N
rollout_66,2026-09-12T20:26:14,sac_HalfCheetah-v5_seed958,9776d315-5aa3-4dc8-b9cb-e2f10ea07acf,0.19370603999959712,2.521962124316969e-06,1.3018492206098943e-05,30.166236048909415,68.36358170311865,20.0,1.7617766872035645e-06,3.7830585819936813e-06,1.0753566833348986e-06,6.620191952532578e-06,0.0,Germany,DEU,baden-wurttemberg,,,Linux-7.0.0-31-generic-x86_64-with-glibc2.43,3.14.4,3.3.0,24,Intel(R) Core(TM) Ultra 9 285K,1,1 x NVIDIA GeForce RTX 5090,9.2986,48.7383,60.816158294677734,machine,0.0,0.0,0.0,0.0,N
gradient_updates_66,2026-09-12T20:26:18,sac_HalfCheetah-v5_seed958,9776d315-5aa3-4dc8-b9cb-e2f10ea07acf,3.8262282229998164,4.86137515427372e-05,1.2705419878118113e-05,30.170122981187582,68.40816180197085,20.0,2.7209238156258864e-05,7.914728553999606e-05,2.125537167777707e-05,0.00012761189537403156,0.0,Germany,DEU,baden-wurttemberg,,,Linux-7.0.0-31-generic-x86_64-with-glibc2.43,3.14.4,3.3.0,24,Intel(R) Core(TM) Ultra 9 285K,1,1 x NVIDIA GeForce RTX 5090,9.2986,48.7383,60.816158294677734,machine,0.0,0.0,0.0,0.0,N
rollout_67,2026-09-12T20:26:18,sac_HalfCheetah-v5_seed958,9776d315-5aa3-4dc8-b9cb-e2f10ea07acf,0.1934542640001382,2.52305019292267e-06,1.304140751585201e-05,30.183564368106815,68.42651974161107,20.0,1.7389225022423904e-06,3.8102808260082055e-06,1.0738448222229018e-06,6.623048150473931e-06,0.0,Germany,DEU,baden-wurttemberg,,,Linux-7.0.0-31-generic-x86_64-with-glibc2.43,3.14.4,3.3.0,24,Intel(R) Core(TM) Ultra 9 285K,1,1 x NVIDIA GeForce RTX 5090,9.2986,48.7383,60.816158294677734,machine,0.0,0.0,0.0,0.0,N
gradient_updates_67,2026-09-12T20:26:22,sac_HalfCheetah-v5_seed958,9776d315-5aa3-4dc8-b9cb-e2f10ea07acf,3.8499821109999175,4.91680188564915e-05,1.2771053143423461e-05,30.183446004485848,68.48163602426426,20.0,2.6314379940377275e-05,8.136562064799124e-05,2.1386855577773534e-05,0.00012906685616614205,0.0,Germany,DEU,baden-wurttemberg,,,Linux-7.0.0-31-generic-x86_64-with-glibc2.43,3.14.4,3.3.0,24,Intel(R) Core(TM) Ultra 9 285K,1,1 x NVIDIA GeForce RTX 5090,9.2986,48.7383,60.816158294677734,machine,0.0,0.0,0.0,0.0,N
rollout_68,2026-09-12T20:26:22,sac_HalfCheetah-v5_seed958,9776d315-5aa3-4dc8-b9cb-e2f10ea07acf,0.2003748800007088,2.355727598508245e-06,1.1756113455525069e-05,30.154212420053227,68.45426482623778,20.0,1.4687067305257928e-06,3.6013917700111753e-06,1.1137250944454925e-06,6.183823594982027e-06,0.0,Germany,DEU,baden-wurttemberg,,,Linux-7.0.0-31-generic-x86_64-with-glibc2.43,3.14.4,3.3.0,24,Intel(R) Core(TM) Ultra 9 285K,1,1 x NVIDIA GeForce RTX 5090,9.2986,48.7383,60.816158294677734,machine,0.0,0.0,0.0,0.0,N
gradient_updates_68,2026-09-12T20:26:26,sac_HalfCheetah-v5_seed958,9776d315-5aa3-4dc8-b9cb-e2f10ea07acf,3.832809291000558,4.912880944832679e-05,1.2817985871880353e-05,30.12591665285481,68.49881357550522,20.0,2.810696220776482e-05,7.956506365199012e-05,2.1291904966670282e-05,0.00012896393082642565,0.0,Germany,DEU,baden-wurttemberg,,,Linux-7.0.0-31-generic-x86_64-with-glibc2.43,3.14.4,3.3.0,24,Intel(R) Core(TM) Ultra 9 285K,1,1 x NVIDIA GeForce RTX 5090,9.2986,48.7383,60.816158294677734,machine,0.0,0.0,0.0,0.0,N
rollout_69,2026-09-12T20:26:26,sac_HalfCheetah-v5_seed958,9776d315-5aa3-4dc8-b9cb-e2f10ea07acf,0.1944070460003786,2.523476429494749e-06,1.2979909194123714e-05,30.145433517922555,68.49822660533269,20.0,1.810587837353106e-06,3.725002980001224e-06,1.0885762111128953e-06,6.624167028467659e-06,0.0,Germany,DEU,baden-wurttemberg,,,Linux-7.0.0-31-generic-x86_64-with-glibc2.43,3.14.4,3.3.0,24,Intel(R) Core(TM) Ultra 9 285K,1,1 x NVIDIA GeForce RTX 5090,9.2986,48.7383,60.816158294677734,machine,0.0,0.0,0.0,0.0,N
gradient_updates_69,2026-09-12T20:26:30,sac_HalfCheetah-v5_seed958,9776d315-5aa3-4dc8-b9cb-e2f10ea07acf,3.8456971689993225,4.987505202194188e-05,1.2969083720683466e-05,30.152782849794452,68.55388147843215,20.0,2.7888829811049953e-05,8.167062089201038e-05,2.1363379122224004e-05,0.00013092282982528347,0.0,Germany,DEU,baden-wurttemberg,,,Linux-7.0.0-31-generic-x86_64-with-glibc2.43,3.14.4,3.3.0,24,Intel(R) Core(TM) Ultra 9 285K,1,1 x NVIDIA GeForce RTX 5090,9.2986,48.7383,60.816158294677734,machine,0.0,0.0,0.0,0.0,N
rollout_70,2026-09-12T20:26:30,sac_HalfCheetah-v5_seed958,9776d315-5aa3-4dc8-b9cb-e2f10ea07acf,0.19840933999967092,2.5378265359208077e-06,1.2789058259752363e-05,30.172971249141497,68.54701494442443,20.0,1.8407661948396936e-06,3.7202807539882254e-06,1.1007893444404775e-06,6.66183629326883e-06,0.0,Germany,DEU,baden-wurttemberg,,,Linux-7.0.0-31-generic-x86_64-with-glibc2.43,3.14.4,3.3.0,24,Intel(R) Core(TM) Ultra 9 285K,1,1 x NVIDIA GeForce RTX 5090,9.2986,48.7383,60.816158294677734,machine,0.0,0.0,0.0,0.0,N
gradient_updates_70,2026-09-12T20:26:34,sac_HalfCheetah-v5_seed958,9776d315-5aa3-4dc8-b9cb-e2f10ea07acf,4.12512168899957,5.240613529953683e-05,1.2704154753038838e-05,30.18233966176663,68.58899010366078,20.0,2.9138810533256565e-05,8.551312396599953e-05,2.2915030455558736e-05,0.0001375669649548144,0.0,Germany,DEU,baden-wurttemberg,,,Linux-7.0.0-31-generic-x86_64-with-glibc2.43,3.14.4,3.3.0,24,Intel(R) Core(TM) Ultra 9 285K,1,1 x NVIDIA GeForce RTX 5090,9.2986,48.7383,60.816158294677734,machine,0.0,0.0,0.0,0.0,N
rollout_71,2026-09-12T20:26:34,sac_HalfCheetah-v5_seed958,9776d315-5aa3-4dc8-b9cb-e2f10ea07acf,0.1936813219999749,2.4938277464973263e-06,1.2875258372231826e-05,30.199403826099356,68.58981577606785,20.0,1.7764758656196866e-06,3.694725177999514e-06,1.0751377055536783e-06,6.546338749172445e-06,0.0,Germany,DEU,baden-wurttemberg,,,Linux-7.0.0-31-generic-x86_64-with-glibc2.43,3.14.4,3.3.0,24,Intel(R) Core(TM) Ultra 9 285K,1,1 x NVIDIA GeForce RTX 5090,9.2986,48.7383,60.816158294677734,machine,0.0,0.0,0.0,0.0,N
gradient_updates_71,2026-09-12T20:26:38,sac_HalfCheetah-v5_seed958,9776d315-5aa3-4dc8-b9cb-e2f10ea07acf,4.138318285999958,5.2248077844430085e-05,1.2625493307751148e-05,30.206586040936834,68.62475678820691,20.0,2.94200463137953e-05,8.47436789059991e-05,2.2988336322219468e-05,0.0001371520615420143,0.0,Germany,DEU,baden-wurttemberg,,,Linux-7.0.0-31-generic-x86_64-with-glibc2.43,3.14.4,3.3.0,24,Intel(R) Core(TM) Ultra 9 285K,1,1 x NVIDIA GeForce RTX 5090,9.2986,48.7383,60.816158294677734,machine,0.0,0.0,0.0,0.0,N
rollout_72,2026-09-12T20:26:39,sac_HalfCheetah-v5_seed958,9776d315-5aa3-4dc8-b9cb-e2f10ea07acf,0.20528918800027895,2.4113447604440577e-06,1.1745402855564344e-05,30.16565351681294,68.61135815410431,20.0,1.3908191682093785e-06,3.799169705998029e-06,1.1398306833296755e-06,6.3298195575375166e-06,0.0,Germany,DEU,baden-wurttemberg,,,Linux-7.0.0-31-generic-x86_64-with-glibc2.43,3.14.4,3.3.0,24,Intel(R) Core(TM) Ultra 9 285K,1,1 x NVIDIA GeForce RTX 5090,9.2986,48.7383,60.816158294677734,machine,0.0,0.0,0.0,0.0,N
gradient_updates_72,2026-09-12T20:26:43,sac_HalfCheetah-v5_seed958,9776d315-5aa3-4dc8-b9cb-e2f10ea07acf,4.130295445999764,5.306453108614665e-05,1.2847664806754947e-05,30.127667388141358,68.65710631751062,20.0,2.9779288545639382e-05,8.656368036201456e-05,2.2952295788885267e-05,0.00013929526469653834,0.0,Germany,DEU,baden-wurttemberg,,,Linux-7.0.0-31-generic-x86_64-with-glibc2.43,3.14.4,3.3.0,24,Intel(R) Core(TM) Ultra 9 285K,1,1 x NVIDIA GeForce RTX 5090,9.2986,48.7383,60.816158294677734,machine,0.0,0.0,0.0,0.0,N
rollout_73,2026-09-12T20:26:43,sac_HalfCheetah-v5_seed958,9776d315-5aa3-4dc8-b9cb-e2f10ea07acf,0.19483695500002796,2.480402541591223e-06,1.2730229075258586e-05,30.144672975655904,68.64841591814857,20.0,1.7870044851514555e-06,3.6427806919953065e-06,1.0813121888884544e-06,6.511097366036084e-06,0.0,Germany,DEU,baden-wurttemberg,,,Linux-7.0.0-31-generic-x86_64-with-glibc2.43,3.14.4,3.3.0,24,Intel(R) Core(TM) Ultra 9 285K,1,1 x NVIDIA GeForce RTX 5090,9.2986,48.7383,60.816158294677734,machine,0.0,0.0,0.0,0.0,N
gradient_updates_73,2026-09-12T20:26:47,sac_HalfCheetah-v5_seed958,9776d315-5aa3-4dc8-b9cb-e2f10ea07acf,4.134243561999938,5.2421092474311606e-05,1.2679744758157433e-05,30.152585307850842,68.68275608080303,20.0,2.985336138267014e-05,8.478645671798624e-05,2.296640968333513e-05,0.0001376062277839915,0.0,Germany,DEU,baden-wurttemberg,,,Linux-7.0.0-31-generic-x86_64-with-glibc2.43,3.14.4,3.3.0,24,Intel(R) Core(TM) Ultra 9 285K,1,1 x NVIDIA GeForce RTX 5090,9.2986,48.7383,60.816158294677734,machine,0.0,0.0,0.0,0.0,N
rollout_74,2026-09-12T20:26:47,sac_HalfCheetah-v5_seed958,9776d315-5aa3-4dc8-b9cb-e2f10ea07acf,0.19563472499976342,2.529825805107702e-06,1.292992041386383e-05,30.165660741086274,68.68975090439052,20.0,1.765065856501602e-06,3.789447476004737e-06,1.0863209111144911e-06,6.64083424362083e-06,0.0,Germany,DEU,baden-wurttemberg,,,Linux-7.0.0-31-generic-x86_64-with-glibc2.43,3.14.4,3.3.0,24,Intel(R) Core(TM) Ultra 9 285K,1,1 x NVIDIA GeForce RTX 5090,9.2986,48.7383,60.816158294677734,machine,0.0,0.0,0.0,0.0,N
gradient_updates_74,2026-09-12T20:26:52,sac_HalfCheetah-v5_seed958,9776d315-5aa3-4dc8-b9cb-e2f10ea07acf,4.2374074649997056,5.216206880338109e-05,1.2309928156470676e-05,30.16595391777285,68.72335481323366,20.0,2.6487159800824e-05,8.689951396401163e-05,2.3539612633329855e-05,0.00013692628639816462,0.0,Germany,DEU,baden-wurttemberg,,,Linux-7.0.0-31-generic-x86_64-with-glibc2.43,3.14.4,3.3.0,24,Intel(R) Core(TM) Ultra 9 285K,1,1 x NVIDIA GeForce RTX 5090,9.2986,48.7383,60.816158294677734,machine,0.0,0.0,0.0,0.0,N
rollout_75,2026-09-12T20:26:52,sac_HalfCheetah-v5_seed958,9776d315-5aa3-4dc8-b9cb-e2f10ea07acf,0.20273763399927702,2.454824210355172e-06,1.210716386737487e-05,30.136385722673662,68.72249323202374,20.0,1.4569742211312242e-06,3.861391977985629e-06,1.1255876277774246e-06,6.4439538268942775e-06,0.0,Germany,DEU,baden-wurttemberg,,,Linux-7.0.0-31-generic-x86_64-with-glibc2.43,3.14.4,3.3.0,24,Intel(R) Core(TM) Ultra 9 285K,1,1 x NVIDIA GeForce RTX 5090,9.2986,48.7383,60.816158294677734,machine,0.0,0.0,0.0,0.0,N
gradient_updates_75,2026-09-12T20:26:56,sac_HalfCheetah-v5_seed958,9776d315-5aa3-4dc8-b9cb-e2f10ea07acf,4.1248227920004865,5.310129820108086e-05,1.287361857021108e-05,30.10765856119851,68.76738012710395,20.0,2.97689296484549e-05,8.670868047799818e-05,2.2914168850002303e-05,0.00013939177897645538,0.0,Germany,DEU,baden-wurttemberg,,,Linux-7.0.0-31-generic-x86_64-with-glibc2.43,3.14.4,3.3.0,24,Intel(R) Core(TM) Ultra 9 285K,1,1 x NVIDIA GeForce RTX 5090,9.2986,48.7383,60.816158294677734,machine,0.0,0.0,0.0,0.0,N
rollout_76,2026-09-12T20:26:56,sac_HalfCheetah-v5_seed958,9776d315-5aa3-4dc8-b9cb-e2f10ea07acf,0.19421046699972067,2.463355477846235e-06,1.268347164788145e-05,30.12415667534586,68.75539609970959,20.0,1.7814094806847813e-06,3.6069473300093247e-06,1.077991733331677e-06,6.466348544025349e-06,0.0,Germany,DEU,baden-wurttemberg,,,Linux-7.0.0-31-generic-x86_64-with-glibc2.43,3.14.4,3.3.0,24,Intel(R) Core(TM) Ultra 9 285K,1,1 x NVIDIA GeForce RTX 5090,9.2986,48.7383,60.816158294677734,machine,0.0,0.0,0.0,0.0,N
gradient_updates_76,2026-09-12T20:27:00,sac_HalfCheetah-v5_seed958,9776d315-5aa3-4dc8-b9cb-e2f10ea07acf,4.125490688000355,5.237507447066435e-05,1.2695491975292834e-05,30.13194723952376,68.78865354042405,20.0,2.9822098024323562e-05,8.47509011339953e-05,2.291243061111137e-05,0.0001374854297694298,0.0,Germany,DEU,baden-wurttemberg,,,Linux-7.0.0-31-generic-x86_64-with-glibc2.43,3.14.4,3.3.0,24,Intel(R) Core(TM) Ultra 9 285K,1,1 x NVIDIA GeForce RTX 5090,9.2986,48.7383,60.816158294677734,machine,0.0,0.0,0.0,0.0,N
rollout_77,2026-09-12T20:27:00,sac_HalfCheetah-v5_seed958,9776d315-5aa3-4dc8-b9cb-e2f10ea07acf,0.19369477200052643,2.5490819148205404e-06,1.3159885293781548e-05,30.15204276342946,68.80028452782659,20.0,1.8127578390939036e-06,3.8022252639990928e-06,1.0763987444485125e-06,6.691381847541075e-06,0.0,Germany,DEU,baden-wurttemberg,,,Linux-7.0.0-31-generic-x86_64-with-glibc2.43,3.14.4,3.3.0,24,Intel(R) Core(TM) Ultra 9 285K,1,1 x NVIDIA GeForce RTX 5090,9.2986,48.7383,60.816158294677734,machine,0.0,0.0,0.0,0.0,N
gradient_updates_77,2026-09-12T20:27:05,sac_HalfCheetah-v5_seed958,9776d315-5aa3-4dc8-b9cb-e2f10ea07acf,4.124856284000089,5.2431134627824866e-05,1.2711045297234175e-05,30.1628051064818,68.83288728063886,20.0,2.9915786710382752e-05,8.479479005800428e-05,2.2922011833331063e-05,0.0001376325886017181,0.0,Germany,DEU,baden-wurttemberg,,,Linux-7.0.0-31-generic-x86_64-with-glibc2.43,3.14.4,3.3.0,24,Intel(R) Core(TM) Ultra 9 285K,1,1 x NVIDIA GeForce RTX 5090,9.2986,48.7383,60.816158294677734,machine,0.0,0.0,0.0,0.0,N
rollout_78,2026-09-12T20:27:05,sac_HalfCheetah-v5_seed958,9776d315-5aa3-4dc8-b9cb-e2f10ea07acf,0.1937601520003227,2.539366755309469e-06,1.3104342327359266e-05,30.176185356971132,68.84806444056704,20.0,1.7566564053314582e-06,3.833614177994882e-06,1.075608811106684e-06,6.665879394433458e-06,0.0,Germany,DEU,baden-wurttemberg,,,Linux-7.0.0-31-generic-x86_64-with-glibc2.43,3.14.4,3.3.0,24,Intel(R) Core(TM) Ultra 9 285K,1,1 x NVIDIA GeForce RTX 5090,9.2986,48.7383,60.816158294677734,machine,0.0,0.0,0.0,0.0,N
gradient_updates_78,2026-09-12T20:27:09,sac_HalfCheetah-v5_seed958,9776d315-5aa3-4dc8-b9cb-e2f10ea07acf,4.133287169000141,5.3032765889356875e-05,1.2830673036190286e-05,30.180936185292566,68.89094760525721,20.0,2.92808864802499e-05,8.696979179800834e-05,2.296120225555578e-05,0.00013921188053381446,0.0,Germany,DEU,baden-wurttemberg,,,Linux-7.0.0-31-generic-x86_64-with-glibc2.43,3.14.4,3.3.0,24,Intel(R) Core(TM) Ultra 9 285K,1,1 x NVIDIA GeForce RTX 5090,9.2986,48.7383,60.816158294677734,machine,0.0,0.0,0.0,0.0,N
rollout_79,2026-09-12T20:27:09,sac_HalfCheetah-v5_seed958,9776d315-5aa3-4dc8-b9cb-e2f10ea07acf,0.19407360100012738,1.7854472098054533e-06,9.199371204019762e-06,30.192318921441817,68.67781005595872,20.0,1.7494169550907879e-06,1.8569459299955238e-06,1.0804653333301197e-06,4.686828218415998e-06,0.0,Germany,DEU,baden-wurttemberg,,,Linux-7.0.0-31-generic-x86_64-with-glibc2.43,3.14.4,3.3.0,24,Intel(R) Core(TM) Ultra 9 285K,1,1 x NVIDIA GeForce RTX 5090,9.2986,48.7383,60.816158294677734,machine,0.0,0.0,0.0,0.0,N
gradient_updates_79,2026-09-12T20:27:13,sac_HalfCheetah-v5_seed958,9776d315-5aa3-4dc8-b9cb-e2f10ea07acf,4.148357794999356,5.3162298785350455e-05,1.281528985412187e-05,30.19589941955972,68.71854152876442,20.0,2.9720949332297242e-05,8.678590276199605e-05,2.304505441666667e-05,0.00013955190651095996,0.0,Germany,DEU,baden-wurttemberg,,,Linux-7.0.0-31-generic-x86_64-with-glibc2.43,3.14.4,3.3.0,24,Intel(R) Core(TM) Ultra 9 285K,1,1 x NVIDIA GeForce RTX 5090,9.2986,48.7383,60.816158294677734,machine,0.0,0.0,0.0,0.0,N
rollout_80,2026-09-12T20:27:13,sac_HalfCheetah-v5_seed958,9776d315-5aa3-4dc8-b9cb-e2f10ea07acf,0.19817980199968588,2.5630542188912267e-06,1.2932761090436574e-05,30.213154349098144,68.71986116822205,20.0,1.8367481360651028e-06,3.7916697000067723e-06,1.0996415388893517e-06,6.728059374960793e-06,0.0,Germany,DEU,baden-wurttemberg,,,Linux-7.0.0-31-generic-x86_64-with-glibc2.43,3.14.4,3.3.0,24,Intel(R) Core(TM) Ultra 9 285K,1,1 x NVIDIA GeForce RTX 5090,9.2986,48.7383,60.816158294677734,machine,0.0,0.0,0.0,0.0,N
gradient_updates_80,2026-09-12T20:27:18,sac_HalfCheetah-v5_seed958,9776d315-5aa3-4dc8-b9cb-e2f10ea07acf,4.1942797230003634,5.3789372983296425e-05,1.2824477137437727e-05,30.22205890271034,68.75717299526809,20.0,3.06668228667803e-05,8.723145867400861e-05,2.3299705027779276e-05,0.00014119798656856905,0.0,Germany,DEU,baden-wurttemberg,,,Linux-7.0.0-31-generic-x86_64-with-glibc2.43,3.14.4,3.3.0,24,Intel(R) Core(TM) Ultra 9 285K,1,1 x NVIDIA GeForce RTX 5090,9.2986,48.7383,60.816158294677734,machine,0.0,0.0,0.0,0.0,N
rollout_81,2026-09-12T20:27:18,sac_HalfCheetah-v5_seed958,9776d315-5aa3-4dc8-b9cb-e2f10ea07acf,0.1949630149993027,2.5164495398976444e-06,1.2906672795378825e-05,30.23081496902002,68.76707037434566,20.0,1.7336327757869197e-06,3.7944474799850303e-06,1.077641072217382e-06,6.605721327990199e-06,0.0,Germany,DEU,baden-wurttemberg,,,Linux-7.0.0-31-generic-x86_64-with-glibc2.43,3.14.4,3.3.0,24,Intel(R) Core(TM) Ultra 9 285K,1,1 x NVIDIA GeForce RTX 5090,9.2986,48.7383,60.816158294677734,machine,0.0,0.0,0.0,0.0,N
gradient_updates_81,2026-09-12T20:27:22,sac_HalfCheetah-v5_seed958,9776d315-5aa3-4dc8-b9cb-e2f10ea07acf,3.861389268999119,4.956432458642218e-05,1.2835912582005533e-05,30.229225933565637,68.81314053930627,20.0,2.665200521047295e-05,8.20053433819995e-05,2.1449816616667724e-05,0.0001301071652091406,0.0,Germany,DEU,baden-wurttemberg,,,Linux-7.0.0-31-generic-x86_64-with-glibc2.43,3.14.4,3.3.0,24,Intel(R) Core(TM) Ultra 9 285K,1,1 x NVIDIA GeForce RTX 5090,9.2986,48.7383,60.816158294677734,machine,0.0,0.0,0.0,0.0,N
rollout_82,2026-09-12T20:27:22,sac_HalfCheetah-v5_seed958,9776d315-5aa3-4dc8-b9cb-e2f10ea07acf,0.199243822000426,2.386341766302813e-06,1.197567650986694e-05,30.204545125092565,68.80169378220036,20.0,1.458245888819043e-06,3.700002960002613e-06,1.1059374388877434e-06,6.264186287709833e-06,0.0,Germany,DEU,baden-wurttemberg,,,Linux-7.0.0-31-generic-x86_64-with-glibc2.43,3.14.4,3.3.0,24,Intel(R) Core(TM) Ultra 9 285K,1,1 x NVIDIA GeForce RTX 5090,9.2986,48.7383,60.816158294677734,machine,0.0,0.0,0.0,0.0,N
gradient_updates_82,2026-09-12T20:27:26,sac_HalfCheetah-v5_seed958,9776d315-5aa3-4dc8-b9cb-e2f10ea07acf,3.914616600000045,4.9188205182928296e-05,1.2565299843438194e-05,30.175790401211767,68.84194318499517,20.0,2.5165852632659524e-05,8.22075657660043e-05,2.174642720555696e-05,0.00012911984560422078,0.0,Germany,DEU,baden-wurttemberg,,,Linux-7.0.0-31-generic-x86_64-with-glibc2.43,3.14.4,3.3.0,24,Intel(R) Core(TM) Ultra 9 285K,1,1 x NVIDIA GeForce RTX 5090,9.2986,48.7383,60.816158294677734,machine,0.0,0.0,0.0,0.0,N
rollout_83,2026-09-12T20:27:26,sac_HalfCheetah-v5_seed958,9776d315-5aa3-4dc8-b9cb-e2f10ea07acf,0.19950957099990774,2.3997666788377545e-06,1.2027713980174567e-05,30.150703785616894,68.83419959769918,20.0,1.4505997715866248e-06,3.7411141040055718e-06,1.1077130277750355e-06,6.299426903368099e-06,0.0,Germany,DEU,baden-wurttemberg,,,Linux-7.0.0-31-generic-x86_64-with-glibc2.43,3.14.4,3.3.0,24,Intel(R) Core(TM) Ultra 9 285K,1,1 x NVIDIA GeForce RTX 5090,9.2986,48.7383,60.816158294677734,machine,0.0,0.0,0.0,0.0,N
gradient_updates_83,2026-09-12T20:27:30,sac_HalfCheetah-v5_seed958,9776d315-5aa3-4dc8-b9cb-e2f10ea07acf,3.859958676000133,4.918700632536993e-05,1.2742911928272016e-05,30.125818097535593,68.86770693972402,20.0,2.7728799127470227e-05,7.994506395599121e-05,2.144283550000077e-05,0.0001291166985834622,0.0,Germany,DEU,baden-wurttemberg,,,Linux-7.0.0-31-generic-x86_64-with-glibc2.43,3.14.4,3.3.0,24,Intel(R) Core(TM) Ultra 9 285K,1,1 x NVIDIA GeForce RTX 5090,9.2986,48.7383,60.816158294677734,machine,0.0,0.0,0.0,0.0,N
rollout_84,2026-09-12T20:27:30,sac_HalfCheetah-v5_seed958,9776d315-5aa3-4dc8-b9cb-e2f10ea07acf,0.19260889100041823,2.539605422655772e-06,1.318542174503111e-05,30.13654772533122,68.88798865225772,20.0,1.7282241603563953e-06,3.869169761999691e-06,1.0691119777775544e-06,6.666505900133207e-06,0.0,Germany,DEU,baden-wurttemberg,,,Linux-7.0.0-31-generic-x86_64-with-glibc2.43,3.14.4,3.3.0,24,Intel(R) Core(TM) Ultra 9 285K,1,1 x NVIDIA GeForce RTX 5090,9.2986,48.7383,60.816158294677734,machine,0.0,0.0,0.0,0.0,N
gradient_updates_84,2026-09-12T20:27:34,sac_HalfCheetah-v5_seed958,9776d315-5aa3-4dc8-b9cb-e2f10ea07acf,3.8986476939999193,4.928747447856263e-05,1.2642257083631796e-05,30.135037138665727,68.92838722820805,20.0,2.5556307667248812e-05,8.216673239999639e-05,2.165738906666475e-05,0.00012938042913390908,0.0,Germany,DEU,baden-wurttemberg,,,Linux-7.0.0-31-generic-x86_64-with-glibc2.43,3.14.4,3.3.0,24,Intel(R) Core(TM) Ultra 9 285K,1,1 x NVIDIA GeForce RTX 5090,9.2986,48.7383,60.816158294677734,machine,0.0,0.0,0.0,0.0,N
rollout_85,2026-09-12T20:27:34,sac_HalfCheetah-v5_seed958,9776d315-5aa3-4dc8-b9cb-e2f10ea07acf,0.19844388299952698,2.4634181687247653e-06,1.2413251148750769e-05,30.111146985801167,68.94094562793669,20.0,1.446581435041172e-06,3.918336468011763e-06,1.1015952055561627e-06,6.466513108609531e-06,0.0,Germany,DEU,baden-wurttemberg,,,Linux-7.0.0-31-generic-x86_64-with-glibc2.43,3.14.4,3.3.0,24,Intel(R) Core(TM) Ultra 9 285K,1,1 x NVIDIA GeForce RTX 5090,9.2986,48.7383,60.816158294677734,machine,0.0,0.0,0.0,0.0,N
gradient_updates_85,2026-09-12T20:27:38,sac_HalfCheetah-v5_seed958,9776d315-5aa3-4dc8-b9cb-e2f10ea07acf,3.857127524000134,5.018169337674301e-05,1.3010143972807964e-05,30.087885427885983,68.98533539249249,20.0,2.8115116936518192e-05,8.218534352598394e-05,2.1427307949998912e-05,0.00013172776841250192,0.0,Germany,DEU,baden-wurttemberg,,,Linux-7.0.0-31-generic-x86_64-with-glibc2.43,3.14.4,3.3.0,24,Intel(R) Core(TM) Ultra 9 285K,1,1 x NVIDIA GeForce RTX 5090,9.2986,48.7383,60.816158294677734,machine,0.0,0.0,0.0,0.0,N
rollout_86,2026-09-12T20:27:38,sac_HalfCheetah-v5_seed958,9776d315-5aa3-4dc8-b9cb-e2f10ea07acf,0.19418562700047914,2.5458515657689196e-06,1.3109174081963823e-05,30.10421604420602,68.9946088182392,20.0,1.79673615961079e-06,3.80805860200617e-06,1.0781073666648808e-06,6.682902128280974e-06,0.0,Germany,DEU,baden-wurttemberg,,,Linux-7.0.0-31-generic-x86_64-with-glibc2.43,3.14.4,3.3.0,24,Intel(R) Core(TM) Ultra 9 285K,1,1 x NVIDIA GeForce RTX 5090,9.2986,48.7383,60.816158294677734,machine,0.0,0.0,0.0,0.0,N
gradient_updates_86,2026-09-12T20:27:42,sac_HalfCheetah-v5_seed958,9776d315-5aa3-4dc8-b9cb-e2f10ea07acf,3.853689129000486,5.002547178536987e-05,1.2981215816656307e-05,30.11031112090576,69.03880971910893,20.0,2.7681547700775244e-05,8.222812133801272e-05,2.140801513333436e-05,0.00013131768417212232,0.0,Germany,DEU,baden-wurttemberg,,,Linux-7.0.0-31-generic-x86_64-with-glibc2.43,3.14.4,3.3.0,24,Intel(R) Core(TM) Ultra 9 285K,1,1 x NVIDIA GeForce RTX 5090,9.2986,48.7383,60.816158294677734,machine,0.0,0.0,0.0,0.0,N
rollout_87,2026-09-12T20:27:42,sac_HalfCheetah-v5_seed958,9776d315-5aa3-4dc8-b9cb-e2f10ea07acf,0.19375818700063974,1.7935406180970975e-06,9.256440440476394e-06,30.123629394108715,68.84440217059083,20.0,1.771644195090738e-06,1.8577792639806745e-06,1.0786500888922829e-06,4.708073547963695e-06,0.0,Germany,DEU,baden-wurttemberg,,,Linux-7.0.0-31-generic-x86_64-with-glibc2.43,3.14.4,3.3.0,24,Intel(R) Core(TM) Ultra 9 285K,1,1 x NVIDIA GeForce RTX 5090,9.2986,48.7383,60.816158294677734,machine,0.0,0.0,0.0,0.0,N
gradient_updates_87,2026-09-12T20:27:46,sac_HalfCheetah-v5_seed958,9776d315-5aa3-4dc8-b9cb-e2f10ea07acf,3.8495352290001392,4.994182533193687e-05,1.2973491451079907e-05,30.12731692736077,68.88940608869592,20.0,2.748691365617867e-05,8.222645467001466e-05,2.1384742533331856e-05,0.00013109811085952605,0.0,Germany,DEU,baden-wurttemberg,,,Linux-7.0.0-31-generic-x86_64-with-glibc2.43,3.14.4,3.3.0,24,Intel(R) Core(TM) Ultra 9 285K,1,1 x NVIDIA GeForce RTX 5090,9.2986,48.7383,60.816158294677734,machine,0.0,0.0,0.0,0.0,N
rollout_88,2026-09-12T20:27:46,sac_HalfCheetah-v5_seed958,9776d315-5aa3-4dc8-b9cb-e2f10ea07acf,0.1925567680000313,2.526739670593095e-06,1.3121433926970972e-05,30.140530989981496,68.90222362224443,20.0,1.757080572331593e-06,3.8066697120031634e-06,1.0689828055547232e-06,6.632733089888612e-06,0.0,Germany,DEU,baden-wurttemberg,,,Linux-7.0.0-31-generic-x86_64-with-glibc2.43,3.14.4,3.3.0,24,Intel(R) Core(TM) Ultra 9 285K,1,1 x NVIDIA GeForce RTX 5090,9.2986,48.7383,60.816158294677734,machine,0.0,0.0,0.0,0.0,N
gradient_updates_88,2026-09-12T20:27:50,sac_HalfCheetah-v5_seed958,9776d315-5aa3-4dc8-b9cb-e2f10ea07acf,3.853256710000096,4.900900625747374e-05,1.2718893017523433e-05,30.143617530391133,68.9354057587208,20.0,2.7071434712686027e-05,8.017367524999763e-05,2.140433552222029e-05,0.00012864944548490395,0.0,Germany,DEU,baden-wurttemberg,,,Linux-7.0.0-31-generic-x86_64-with-glibc2.43,3.14.4,3.3.0,24,Intel(R) Core(TM) Ultra 9 285K,1,1 x NVIDIA GeForce RTX 5090,9.2986,48.7383,60.816158294677734,machine,0.0,0.0,0.0,0.0,N
rollout_89,2026-09-12T20:27:50,sac_HalfCheetah-v5_seed958,9776d315-5aa3-4dc8-b9cb-e2f10ea07acf,0.1999844789997951,2.396776750760929e-06,1.1984008027972471e-05,30.120248200719143,68.92384511564705,20.0,1.4597547789083065e-06,3.719169641980269e-06,1.1126538722238885e-06,6.2915782931115966e-06,0.0,Germany,DEU,baden-wurttemberg,,,Linux-7.0.0-31-generic-x86_64-with-glibc2.43,3.14.4,3.3.0,24,Intel(R) Core(TM) Ultra 9 285K,1,1 x NVIDIA GeForce RTX 5090,9.2986,48.7383,60.816158294677734,machine,0.0,0.0,0.0,0.0,N
gradient_updates_89,2026-09-12T20:27:54,sac_HalfCheetah-v5_seed958,9776d315-5aa3-4dc8-b9cb-e2f10ea07acf,3.8614289369998005,4.929469706499868e-05,1.276594604683161e-05,30.09691135629132,68.95650666493353,20.0,2.76103062548938e-05,8.033784204801442e-05,2.1451240238891736e-05,0.00012939938854179996,0.0,Germany,DEU,baden-wurttemberg,,,Linux-7.0.0-31-generic-x86_64-with-glibc2.43,3.14.4,3.3.0,24,Intel(R) Core(TM) Ultra 9 285K,1,1 x NVIDIA GeForce RTX 5090,9.2986,48.7383,60.816158294677734,machine,0.0,0.0,0.0,0.0,N
rollout_90,2026-09-12T20:27:54,sac_HalfCheetah-v5_seed958,9776d315-5aa3-4dc8-b9cb-e2f10ea07acf,0.1970796169998721,2.5954106370176463e-06,1.3167792678228518e-05,30.113829822094342,68.96755459991118,20.0,1.8367650805109492e-06,3.8827808839930755e-06,1.0934495388885065e-06,6.812995503393399e-06,0.0,Germany,DEU,baden-wurttemberg,,,Linux-7.0.0-31-generic-x86_64-with-glibc2.43,3.14.4,3.3.0,24,Intel(R) Core(TM) Ultra 9 285K,1,1 x NVIDIA GeForce RTX 5090,9.2986,48.7383,60.816158294677734,machine,0.0,0.0,0.0,0.0,N
gradient_updates_90,2026-09-12T20:27:58,sac_HalfCheetah-v5_seed958,9776d315-5aa3-4dc8-b9cb-e2f10ea07acf,3.9489604009995674,5.08352492026359e-05,1.287312834149819e-05,30.118430691004292,69.0132353657106,20.0,2.6592157107041547e-05,8.491506793201209e-05,2.1936138138885924e-05,0.00013344336317793956,0.0,Germany,DEU,baden-wurttemberg,,,Linux-7.0.0-31-generic-x86_64-with-glibc2.43,3.14.4,3.3.0,24,Intel(R) Core(TM) Ultra 9 285K,1,1 x NVIDIA GeForce RTX 5090,9.2986,48.7383,60.816158294677734,machine,0.0,0.0,0.0,0.0,N
rollout_91,2026-09-12T20:27:59,sac_HalfCheetah-v5_seed958,9776d315-5aa3-4dc8-b9cb-e2f10ea07acf,0.19839204999971116,2.351034692414135e-06,1.184987822205281e-05,30.095918818196882,68.99614799826995,20.0,1.4438011550488294e-06,3.6263917899959086e-06,1.1013116944470422e-06,6.171504639490913e-06,0.0,Germany,DEU,baden-wurttemberg,,,Linux-7.0.0-31-generic-x86_64-with-glibc2.43,3.14.4,3.3.0,24,Intel(R) Core(TM) Ultra 9 285K,1,1 x NVIDIA GeForce RTX 5090,9.2986,48.7383,60.816158294677734,machine,0.0,0.0,0.0,0.0,N
gradient_updates_91,2026-09-12T20:28:02,sac_HalfCheetah-v5_seed958,9776d315-5aa3-4dc8-b9cb-e2f10ea07acf,3.8557646419994853,4.954529599205965e-05,1.2849696065450746e-05,30.073877989900392,69.02969808822031,20.0,2.798373905363999e-05,8.064562007199794e-05,2.1427855711110555e-05,0.00013005721483674848,0.0,Germany,DEU,baden-wurttemberg,,,Linux-7.0.0-31-generic-x86_64-with-glibc2.43,3.14.4,3.3.0,24,Intel(R) Core(TM) Ultra 9 285K,1,1 x NVIDIA GeForce RTX 5090,9.2986,48.7383,60.816158294677734,machine,0.0,0.0,0.0,0.0,N
rollout_92,2026-09-12T20:28:03,sac_HalfCheetah-v5_seed958,9776d315-5aa3-4dc8-b9cb-e2f10ea07acf,0.19233702400015318,2.5391732724417207e-06,1.32008642354767e-05,30.08688757821114,69.03967806667121,20.0,1.770355305172333e-06,3.8183363880034404e-06,1.0766798055556262e-06,6.665371498730532e-06,0.0,Germany,DEU,baden-wurttemberg,,,Linux-7.0.0-31-generic-x86_64-with-glibc2.43,3.14.4,3.3.0,24,Intel(R) Core(TM) Ultra 9 285K,1,1 x NVIDIA GeForce RTX 5090,9.2986,48.7383,60.816158294677734,machine,0.0,0.0,0.0,0.0,N
gradient_updates_92,2026-09-12T20:28:07,sac_HalfCheetah-v5_seed958,9776d315-5aa3-4dc8-b9cb-e2f10ea07acf,3.8560404139998354,5.022223538014153e-05,1.3024331225728419e-05,30.09117827841526,69.08202145683131,20.0,2.789796787391191e-05,8.25158993459918e-05,2.1420324616666306e-05,0.00013183419183657,0.0,Germany,DEU,baden-wurttemberg,,,Linux-7.0.0-31-generic-x86_64-with-glibc2.43,3.14.4,3.3.0,24,Intel(R) Core(TM) Ultra 9 285K,1,1 x NVIDIA GeForce RTX 5090,9.2986,48.7383,60.816158294677734,machine,0.0,0.0,0.0,0.0,N
rollout_93,2026-09-12T20:28:07,sac_HalfCheetah-v5_seed958,9776d315-5aa3-4dc8-b9cb-e2f10ea07acf,0.19292747400049848,2.496806410874977e-06,1.2941297062400803e-05,30.104645911352772,69.08342423224161,20.0,1.7681008589245928e-06,3.715002971999004e-06,1.0710539611108114e-06,6.554157792033541e-06,0.0,Germany,DEU,baden-wurttemberg,,,Linux-7.0.0-31-generic-x86_64-with-glibc2.43,3.14.4,3.3.0,24,Intel(R) Core(TM) Ultra 9 285K,1,1 x NVIDIA GeForce RTX 5090,9.2986,48.7383,60.816158294677734,machine,0.0,0.0,0.0,0.0,N
gradient_updates_93,2026-09-12T20:28:11,sac_HalfCheetah-v5_seed958,9776d315-5aa3-4dc8-b9cb-e2f10ea07acf,3.8360254749995875,4.919182302749823e-05,1.2823675102925759e-05,30.108639751433298,69.11783549669804,20.0,2.7206966487787476e-05,8.061256449000409e-05,2.1309811527781778e-05,0.0001291293425055729,0.0,Germany,DEU,baden-wurttemberg,,,Linux-7.0.0-31-generic-x86_64-with-glibc2.43,3.14.4,3.3.0,24,Intel(R) Core(TM) Ultra 9 285K,1,1 x NVIDIA GeForce RTX 5090,9.2986,48.7383,60.816158294677734,machine,0.0,0.0,0.0,0.0,N
rollout_94,2026-09-12T20:28:11,sac_HalfCheetah-v5_seed958,9776d315-5aa3-4dc8-b9cb-e2f10ea07acf,0.19275531899984344,2.5428299379485694e-06,1.31906718788473e-05,30.11860322324109,69.13756947465268,20.0,1.7323780525796417e-06,3.878891991992983e-06,1.0637002611068452e-06,6.67497030567947e-06,0.0,Germany,DEU,baden-wurttemberg,,,Linux-7.0.0-31-generic-x86_64-with-glibc2.43,3.14.4,3.3.0,24,Intel(R) Core(TM) Ultra 9 285K,1,1 x NVIDIA GeForce RTX 5090,9.2986,48.7383,60.816158294677734,machine,0.0,0.0,0.0,0.0,N
gradient_updates_94,2026-09-12T20:28:15,sac_HalfCheetah-v5_seed958,9776d315-5aa3-4dc8-b9cb-e2f10ea07acf,3.8448670220004715,5.002683953048755e-05,1.3011360028811371e-05,30.120157026467567,69.18007364556351,20.0,2.7365199947705643e-05,8.259728830001256e-05,2.135878627777853e-05,0.0001313212745254963,0.0,Germany,DEU,baden-wurttemberg,,,Linux-7.0.0-31-generic-x86_64-with-glibc2.43,3.14.4,3.3.0,24,Intel(R) Core(TM) Ultra 9 285K,1,1 x NVIDIA GeForce RTX 5090,9.2986,48.7383,60.816158294677734,machine,0.0,0.0,0.0,0.0,N
rollout_95,2026-09-12T20:28:15,sac_HalfCheetah-v5_seed958,9776d315-5aa3-4dc8-b9cb-e2f10ea07acf,0.19366369100043812,2.4959998279243736e-06,1.2887752152387062e-05,30.13509390096969,69.17662528181135,20.0,1.7948714358881346e-06,3.6825029459952585e-06,1.0746661166698493e-06,6.55204049855411e-06,0.0,Germany,DEU,baden-wurttemberg,,,Linux-7.0.0-31-generic-x86_64-with-glibc2.43,3.14.4,3.3.0,24,Intel(R) Core(TM) Ultra 9 285K,1,1 x NVIDIA GeForce RTX 5090,9.2986,48.7383,60.816158294677734,machine,0.0,0.0,0.0,0.0,N
gradient_updates_95,2026-09-12T20:28:19,sac_HalfCheetah-v5_seed958,9776d315-5aa3-4dc8-b9cb-e2f10ea07acf,3.850308457999745,4.930600186256028e-05,1.2805758037944037e-05,30.140384904707343,69.20850699928023,20.0,2.7408619426870506e-05,8.063145339400057e-05,2.138899099999843e-05,0.00012942906382086908,0.0,Germany,DEU,baden-wurttemberg,,,Linux-7.0.0-31-generic-x86_64-with-glibc2.43,3.14.4,3.3.0,24,Intel(R) Core(TM) Ultra 9 285K,1,1 x NVIDIA GeForce RTX 5090,9.2986,48.7383,60.816158294677734,machine,0.0,0.0,0.0,0.0,N
rollout_96,2026-09-12T20:28:19,sac_HalfCheetah-v5_seed958,9776d315-5aa3-4dc8-b9cb-e2f10ea07acf,0.19241498500014131,2.5042838907203546e-06,1.301461377375716e-05,30.149765832625192,69.21247165567107,20.0,1.7374644455253607e-06,3.7616696760001123e-06,1.0746521777794428e-06,6.573786299304482e-06,0.0,Germany,DEU,baden-wurttemberg,,,Linux-7.0.0-31-generic-x86_64-with-glibc2.43,3.14.4,3.3.0,24,Intel(R) Core(TM) Ultra 9 285K,1,1 x NVIDIA GeForce RTX 5090,9.2986,48.7383,60.816158294677734,machine,0.0,0.0,0.0,0.0,N
gradient_updates_96,2026-09-12T20:28:23,sac_HalfCheetah-v5_seed958,9776d315-5aa3-4dc8-b9cb-e2f10ea07acf,3.8764582869998776,4.958464583197219e-05,1.2791262647458744e-05,30.149054614141804,69.25083544494365,20.0,2.5965445772338502e-05,8.266089946198929e-05,2.1534163577780364e-05,0.00013016050881210772,0.0,Germany,DEU,baden-wurttemberg,,,Linux-7.0.0-31-generic-x86_64-with-glibc2.43,3.14.4,3.3.0,24,Intel(R) Core(TM) Ultra 9 285K,1,1 x NVIDIA GeForce RTX 5090,9.2986,48.7383,60.816158294677734,machine,0.0,0.0,0.0,0.0,N
rollout_97,2026-09-12T20:28:23,sac_HalfCheetah-v5_seed958,9776d315-5aa3-4dc8-b9cb-e2f10ea07acf,0.19839125999988028,2.3900247106559483e-06,1.204654554945273e-05,30.129365670692874,69.24142400131133,20.0,1.4613147801614823e-06,3.7113918580078398e-06,1.1011474388904034e-06,6.273854077060159e-06,0.0,Germany,DEU,baden-wurttemberg,,,Linux-7.0.0-31-generic-x86_64-with-glibc2.43,3.14.4,3.3.0,24,Intel(R) Core(TM) Ultra 9 285K,1,1 x NVIDIA GeForce RTX 5090,9.2986,48.7383,60.816158294677734,machine,0.0,0.0,0.0,0.0,N
gradient_updates_97,2026-09-12T20:28:27,sac_HalfCheetah-v5_seed958,9776d315-5aa3-4dc8-b9cb-e2f10ea07acf,3.851078153999879,4.9338335312479505e-05,1.2811594086480832e-05,30.10932728636833,69.2715967200436,20.0,2.7629786826036118e-05,8.04906199480121e-05,2.1393532883333573e-05,0.00012951393965738092,0.0,Germany,DEU,baden-wurttemberg,,,Linux-7.0.0-31-generic-x86_64-with-glibc2.43,3.14.4,3.3.0,24,Intel(R) Core(TM) Ultra 9 285K,1,1 x NVIDIA GeForce RTX 5090,9.2986,48.7383,60.816158294677734,machine,0.0,0.0,0.0,0.0,N
rollout_98,2026-09-12T20:28:27,sac_HalfCheetah-v5_seed958,9776d315-5aa3-4dc8-b9cb-e2f10ea07acf,0.19251723799970932,2.5680837987705415e-06,1.3338215536277394e-05,30.1220433413378,69.29079302046402,20.0,1.7644555782292404e-06,3.908058681986737e-06,1.0687478444451268e-06,6.741262104660237e-06,0.0,Germany,DEU,baden-wurttemberg,,,Linux-7.0.0-31-generic-x86_64-with-glibc2.43,3.14.4,3.3.0,24,Intel(R) Core(TM) Ultra 9 285K,1,1 x NVIDIA GeForce RTX 5090,9.2986,48.7383,60.816158294677734,machine,0.0,0.0,0.0,0.0,N
gradient_updates_98,2026-09-12T20:28:31,sac_HalfCheetah-v5_seed958,9776d315-5aa3-4dc8-b9cb-e2f10ea07acf,3.8536717460001455,5.015461802554324e-05,1.3014792470060437e-05,30.12598232589434,69.33056612002521,20.0,2.7522314240052692e-05,8.272673284800969e-05,2.1407648083332856e-05,0.00013165669517139524,0.0,Germany,DEU,baden-wurttemberg,,,Linux-7.0.0-31-generic-x86_64-with-glibc2.43,3.14.4,3.3.0,24,Intel(R) Core(TM) Ultra 9 285K,1,1 x NVIDIA GeForce RTX 5090,9.2986,48.7383,60.816158294677734,machine,0.0,0.0,0.0,0.0,N
rollout_99,2026-09-12T20:28:31,sac_HalfCheetah-v5_seed958,9776d315-5aa3-4dc8-b9cb-e2f10ea07acf,0.19212549199983187,2.481848937386892e-06,1.2917331315455673e-05,30.137280624192698,69.32926047080568,20.0,1.7520277905136439e-06,3.6936140659915573e-06,1.0692523222232547e-06,6.514894178728456e-06,0.0,Germany,DEU,baden-wurttemberg,,,Linux-7.0.0-31-generic-x86_64-with-glibc2.43,3.14.4,3.3.0,24,Intel(R) Core(TM) Ultra 9 285K,1,1 x NVIDIA GeForce RTX 5090,9.2986,48.7383,60.816158294677734,machine,0.0,0.0,0.0,0.0,N
gradient_updates_99,2026-09-12T20:28:35,sac_HalfCheetah-v5_seed958,9776d315-5aa3-4dc8-b9cb-e2f10ea07acf,3.855954112999825,4.939174172219601e-05,1.2809245351002778e-05,30.140095351652413,69.35931168600904,20.0,2.744500306708919e-05,8.078867574200232e-05,2.1420453550000367e-05,0.00012965413235909232,0.0,Germany,DEU,baden-wurttemberg,,,Linux-7.0.0-31-generic-x86_64-with-glibc2.43,3.14.4,3.3.0,24,Intel(R) Core(TM) Ultra 9 285K,1,1 x NVIDIA GeForce RTX 5090,9.2986,48.7383,60.816158294677734,machine,0.0,0.0,0.0,0.0,N
idle_baseline_tail,2026-09-12T20:30:05,sac_HalfCheetah-v5_seed958,9776d315-5aa3-4dc8-b9cb-e2f10ea07acf,90.00310438299948,0.0007444217468590723,8.271068543173688e-06,30.11733345297083,69.22886897761927,20.0,0.00038535171494779447,0.0010687544661139997,0.0005000131176888874,0.001954119298750681,0.0,Germany,DEU,baden-wurttemberg,,,Linux-7.0.0-31-generic-x86_64-with-glibc2.43,3.14.4,3.3.0,24,Intel(R) Core(TM) Ultra 9 285K,1,1 x NVIDIA GeForce RTX 5090,9.2986,48.7383,60.816158294677734,machine,0.0,0.0,0.0,0.0,N
