task_name,timestamp,project_name,run_id,duration,emissions,emissions_rate,cpu_power,gpu_power,ram_power,cpu_energy,gpu_energy,ram_energy,energy_consumed,water_consumed,country_name,country_iso_code,region,cloud_provider,cloud_region,os,python_version,codecarbon_version,cpu_count,cpu_model,gpu_count,gpu_model,longitude,latitude,ram_total_size,tracking_mode,cpu_utilization_percent,gpu_utilization_percent,ram_utilization_percent,ram_used_gb,on_cloud
idle_baseline_head,2026-09-17T20:45:06,td3_Ant-v5_seed85062,af58fbf6-8088-43f3-a3c9-5f04bb297aa2,90.00293543200678,0.0006132353988195086,6.813504132833037e-06,12.45561810544049,13.46039677926995,20.0,0.00039686648554849123,0.0006958936122699599,0.0005169928850389017,0.001609752982857353,0.0,Germany,DEU,baden-wurttemberg,,,Linux-7.0.0-31-generic-x86_64-with-glibc2.43,3.14.4,3.3.0,24,Intel(R) Core(TM) Ultra 9 285K,1,1 x NVIDIA GeForce RTX 5090,9.2986,48.7383,60.81613540649414,machine,0.0,0.0,0.0,0.0,N
warmup_0,2026-09-17T20:45:08,td3_Ant-v5_seed85062,af58fbf6-8088-43f3-a3c9-5f04bb297aa2,1.344268793000083,1.6484952295434336e-05,1.226308066535628e-05,17.146836093268778,28.34865549690458,20.0,1.4102165170611775e-05,2.170362847397911e-05,7.4674765888630345e-06,4.3273270233454026e-05,0.0,Germany,DEU,baden-wurttemberg,,,Linux-7.0.0-31-generic-x86_64-with-glibc2.43,3.14.4,3.3.0,24,Intel(R) Core(TM) Ultra 9 285K,1,1 x NVIDIA GeForce RTX 5090,9.2986,48.7383,60.81613540649414,machine,0.0,0.0,0.0,0.0,N
rollout_0,2026-09-17T20:45:08,td3_Ant-v5_seed85062,af58fbf6-8088-43f3-a3c9-5f04bb297aa2,0.3413581919958233,3.8551559505110595e-06,1.1293726604416773e-05,21.515847460424066,34.249566765920804,20.0,3.3024879197655205e-06,4.922781716043545e-06,1.8945779833302564e-06,1.0119847619139213e-05,0.0,Germany,DEU,baden-wurttemberg,,,Linux-7.0.0-31-generic-x86_64-with-glibc2.43,3.14.4,3.3.0,24,Intel(R) Core(TM) Ultra 9 285K,1,1 x NVIDIA GeForce RTX 5090,9.2986,48.7383,60.81613540649414,machine,0.0,0.0,0.0,0.0,N
gradient_updates_0,2026-09-17T20:45:10,td3_Ant-v5_seed85062,af58fbf6-8088-43f3-a3c9-5f04bb297aa2,2.0964980460048537,3.5151163896392744e-05,1.6766644157379382e-05,23.72531224516719,49.40064391194981,20.0,1.6580171041905012e-05,6.404810679405681e-05,1.1644104094456361e-05,9.227238193041808e-05,0.0,Germany,DEU,baden-wurttemberg,,,Linux-7.0.0-31-generic-x86_64-with-glibc2.43,3.14.4,3.3.0,24,Intel(R) Core(TM) Ultra 9 285K,1,1 x NVIDIA GeForce RTX 5090,9.2986,48.7383,60.81613540649414,machine,0.0,0.0,0.0,0.0,N
rollout_1,2026-09-17T20:45:11,td3_Ant-v5_seed85062,af58fbf6-8088-43f3-a3c9-5f04bb297aa2,0.264081344997976,3.857235505609277e-06,1.4606008481325587e-05,25.729949969897152,54.87895094937107,20.0,2.6429362810151402e-06,6.019449259930809e-06,1.4629209444441118e-06,1.0125306485389953e-05,0.0,Germany,DEU,baden-wurttemberg,,,Linux-7.0.0-31-generic-x86_64-with-glibc2.43,3.14.4,3.3.0,24,Intel(R) Core(TM) Ultra 9 285K,1,1 x NVIDIA GeForce RTX 5090,9.2986,48.7383,60.81613540649414,machine,0.0,0.0,0.0,0.0,N
gradient_updates_1,2026-09-17T20:45:13,td3_Ant-v5_seed85062,af58fbf6-8088-43f3-a3c9-5f04bb297aa2,1.9859516419965075,3.432578956602864e-05,1.7284362437596133e-05,26.624860122888908,63.483096223509996,20.0,1.5591657473315937e-05,6.34842174540573e-05,1.102988584445689e-05,9.010576077183013e-05,0.0,Germany,DEU,baden-wurttemberg,,,Linux-7.0.0-31-generic-x86_64-with-glibc2.43,3.14.4,3.3.0,24,Intel(R) Core(TM) Ultra 9 285K,1,1 x NVIDIA GeForce RTX 5090,9.2986,48.7383,60.81613540649414,machine,0.0,0.0,0.0,0.0,N
rollout_2,2026-09-17T20:45:13,td3_Ant-v5_seed85062,af58fbf6-8088-43f3-a3c9-5f04bb297aa2,0.2691724560063449,2.7079088065633293e-06,1.0059627091567368e-05,26.787607099135922,61.44097759247777,20.0,2.10335251601447e-06,3.5144472558812367e-06,1.490505272239563e-06,7.108305044135378e-06,0.0,Germany,DEU,baden-wurttemberg,,,Linux-7.0.0-31-generic-x86_64-with-glibc2.43,3.14.4,3.3.0,24,Intel(R) Core(TM) Ultra 9 285K,1,1 x NVIDIA GeForce RTX 5090,9.2986,48.7383,60.81613540649414,machine,0.0,0.0,0.0,0.0,N
gradient_updates_2,2026-09-17T20:45:15,td3_Ant-v5_seed85062,af58fbf6-8088-43f3-a3c9-5f04bb297aa2,1.9851528560029692,3.399075377412343e-05,1.712254588988092e-05,26.941914536538686,67.21182447244152,20.0,1.5690907274937965e-05,6.250921667416698e-05,1.1026162372258569e-05,8.922628632136351e-05,0.0,Germany,DEU,baden-wurttemberg,,,Linux-7.0.0-31-generic-x86_64-with-glibc2.43,3.14.4,3.3.0,24,Intel(R) Core(TM) Ultra 9 285K,1,1 x NVIDIA GeForce RTX 5090,9.2986,48.7383,60.81613540649414,machine,0.0,0.0,0.0,0.0,N
rollout_3,2026-09-17T20:45:15,td3_Ant-v5_seed85062,af58fbf6-8088-43f3-a3c9-5f04bb297aa2,0.24816613500297535,3.897598399673556e-06,1.5705680707981203e-05,27.83260871586478,69.73166690543096,20.0,2.491450604269474e-06,6.36306064583092e-06,1.376748494415843e-06,1.0231259744516346e-05,0.0,Germany,DEU,baden-wurttemberg,,,Linux-7.0.0-31-generic-x86_64-with-glibc2.43,3.14.4,3.3.0,24,Intel(R) Core(TM) Ultra 9 285K,1,1 x NVIDIA GeForce RTX 5090,9.2986,48.7383,60.81613540649414,machine,0.0,0.0,0.0,0.0,N
gradient_updates_3,2026-09-17T20:45:17,td3_Ant-v5_seed85062,af58fbf6-8088-43f3-a3c9-5f04bb297aa2,1.9765142100004596,3.4322238492262114e-05,1.7365228922618194e-05,28.189013911149928,73.97849633160251,20.0,1.5199778548701665e-05,6.391894002399923e-05,1.0977720572231562e-05,9.009643914493267e-05,0.0,Germany,DEU,baden-wurttemberg,,,Linux-7.0.0-31-generic-x86_64-with-glibc2.43,3.14.4,3.3.0,24,Intel(R) Core(TM) Ultra 9 285K,1,1 x NVIDIA GeForce RTX 5090,9.2986,48.7383,60.81613540649414,machine,0.0,0.0,0.0,0.0,N
rollout_4,2026-09-17T20:45:17,td3_Ant-v5_seed85062,af58fbf6-8088-43f3-a3c9-5f04bb297aa2,0.2601349480028148,2.6097609863078106e-06,1.0032311870577797e-05,28.064098517378085,71.78928649992726,20.0,1.948476281002365e-06,3.4544472080622057e-06,1.4477419166521524e-06,6.850665405716723e-06,0.0,Germany,DEU,baden-wurttemberg,,,Linux-7.0.0-31-generic-x86_64-with-glibc2.43,3.14.4,3.3.0,24,Intel(R) Core(TM) Ultra 9 285K,1,1 x NVIDIA GeForce RTX 5090,9.2986,48.7383,60.81613540649414,machine,0.0,0.0,0.0,0.0,N
gradient_updates_4,2026-09-17T20:45:19,td3_Ant-v5_seed85062,af58fbf6-8088-43f3-a3c9-5f04bb297aa2,1.9724911290031741,3.405834832036496e-05,1.7266727999628656e-05,28.022933586048076,75.09818220660226,20.0,1.5559139391746468e-05,6.288921697805705e-05,1.0955366744423776e-05,8.94037231142274e-05,0.0,Germany,DEU,baden-wurttemberg,,,Linux-7.0.0-31-generic-x86_64-with-glibc2.43,3.14.4,3.3.0,24,Intel(R) Core(TM) Ultra 9 285K,1,1 x NVIDIA GeForce RTX 5090,9.2986,48.7383,60.81613540649414,machine,0.0,0.0,0.0,0.0,N
rollout_5,2026-09-17T20:45:20,td3_Ant-v5_seed85062,af58fbf6-8088-43f3-a3c9-5f04bb297aa2,0.23917488599545322,2.9153792111807214e-06,1.2188765850079291e-05,28.566990933013674,73.96918942061778,20.0,2.3879452436884052e-06,3.937225371952735e-06,1.3277476444475142e-06,7.652918260088546e-06,0.0,Germany,DEU,baden-wurttemberg,,,Linux-7.0.0-31-generic-x86_64-with-glibc2.43,3.14.4,3.3.0,24,Intel(R) Core(TM) Ultra 9 285K,1,1 x NVIDIA GeForce RTX 5090,9.2986,48.7383,60.81613540649414,machine,0.0,0.0,0.0,0.0,N
gradient_updates_5,2026-09-17T20:45:22,td3_Ant-v5_seed85062,af58fbf6-8088-43f3-a3c9-5f04bb297aa2,1.9800445629953174,3.406850927834741e-05,1.720599174638656e-05,28.799085887271133,76.64582101916679,20.0,1.567402087254005e-05,6.275810576195084e-05,1.099826916114478e-05,8.943039579563557e-05,0.0,Germany,DEU,baden-wurttemberg,,,Linux-7.0.0-31-generic-x86_64-with-glibc2.43,3.14.4,3.3.0,24,Intel(R) Core(TM) Ultra 9 285K,1,1 x NVIDIA GeForce RTX 5090,9.2986,48.7383,60.81613540649414,machine,0.0,0.0,0.0,0.0,N
rollout_6,2026-09-17T20:45:22,td3_Ant-v5_seed85062,af58fbf6-8088-43f3-a3c9-5f04bb297aa2,0.24218503199517727,3.803873278115e-06,1.5705247562579543e-05,29.228893426918674,77.6376144708795,20.0,2.420226102846021e-06,6.220560532121944e-06,1.344443127770066e-06,9.98522976273803e-06,0.0,Germany,DEU,baden-wurttemberg,,,Linux-7.0.0-31-generic-x86_64-with-glibc2.43,3.14.4,3.3.0,24,Intel(R) Core(TM) Ultra 9 285K,1,1 x NVIDIA GeForce RTX 5090,9.2986,48.7383,60.81613540649414,machine,0.0,0.0,0.0,0.0,N
gradient_updates_6,2026-09-17T20:45:24,td3_Ant-v5_seed85062,af58fbf6-8088-43f3-a3c9-5f04bb297aa2,1.997324750002008,3.4525965541402025e-05,1.728626347818902e-05,29.39989102014435,79.82142739687323,20.0,1.5880997704787944e-05,6.365699536992064e-05,1.109323291663411e-05,9.06312259913427e-05,0.0,Germany,DEU,baden-wurttemberg,,,Linux-7.0.0-31-generic-x86_64-with-glibc2.43,3.14.4,3.3.0,24,Intel(R) Core(TM) Ultra 9 285K,1,1 x NVIDIA GeForce RTX 5090,9.2986,48.7383,60.81613540649414,machine,0.0,0.0,0.0,0.0,N
rollout_7,2026-09-17T20:45:24,td3_Ant-v5_seed85062,af58fbf6-8088-43f3-a3c9-5f04bb297aa2,0.24178828600270208,2.781722815793316e-06,1.1504394865526653e-05,29.7480755219526,78.32280903231134,20.0,2.4146483206064634e-06,3.5458361699047813e-06,1.3415835388716013e-06,7.302068029382738e-06,0.0,Germany,DEU,baden-wurttemberg,,,Linux-7.0.0-31-generic-x86_64-with-glibc2.43,3.14.4,3.3.0,24,Intel(R) Core(TM) Ultra 9 285K,1,1 x NVIDIA GeForce RTX 5090,9.2986,48.7383,60.81613540649414,machine,0.0,0.0,0.0,0.0,N
gradient_updates_7,2026-09-17T20:45:26,td3_Ant-v5_seed85062,af58fbf6-8088-43f3-a3c9-5f04bb297aa2,2.009394724998856,3.3783702442589676e-05,1.6812943320274837e-05,29.891489515980478,80.13726343712786,20.0,1.457374554787727e-05,6.294866147016354e-05,1.1160366161089372e-05,8.868277317913018e-05,0.0,Germany,DEU,baden-wurttemberg,,,Linux-7.0.0-31-generic-x86_64-with-glibc2.43,3.14.4,3.3.0,24,Intel(R) Core(TM) Ultra 9 285K,1,1 x NVIDIA GeForce RTX 5090,9.2986,48.7383,60.81613540649414,machine,0.0,0.0,0.0,0.0,N
rollout_8,2026-09-17T20:45:26,td3_Ant-v5_seed85062,af58fbf6-8088-43f3-a3c9-5f04bb297aa2,0.24838689700118266,3.639908978226615e-06,1.465414518459168e-05,29.78217184675462,80.66270783607249,20.0,1.926876541500158e-06,6.249449443940236e-06,1.3784948000345083e-06,9.554820785474902e-06,0.0,Germany,DEU,baden-wurttemberg,,,Linux-7.0.0-31-generic-x86_64-with-glibc2.43,3.14.4,3.3.0,24,Intel(R) Core(TM) Ultra 9 285K,1,1 x NVIDIA GeForce RTX 5090,9.2986,48.7383,60.81613540649414,machine,0.0,0.0,0.0,0.0,N
gradient_updates_8,2026-09-17T20:45:28,td3_Ant-v5_seed85062,af58fbf6-8088-43f3-a3c9-5f04bb297aa2,1.990478248000727,3.453626075182914e-05,1.7350754774308973e-05,29.699953563540756,82.3243986594556,20.0,1.5721797855205305e-05,6.388088443798345e-05,1.1055568794432068e-05,9.065825108762072e-05,0.0,Germany,DEU,baden-wurttemberg,,,Linux-7.0.0-31-generic-x86_64-with-glibc2.43,3.14.4,3.3.0,24,Intel(R) Core(TM) Ultra 9 285K,1,1 x NVIDIA GeForce RTX 5090,9.2986,48.7383,60.81613540649414,machine,0.0,0.0,0.0,0.0,N
rollout_9,2026-09-17T20:45:29,td3_Ant-v5_seed85062,af58fbf6-8088-43f3-a3c9-5f04bb297aa2,0.23776402799558127,2.7512180404842693e-06,1.1570656288287523e-05,29.924629450415786,81.05689776979858,20.0,2.3077182350617065e-06,3.5941695419872133e-06,1.3201047166755105e-06,7.221992493724322e-06,0.0,Germany,DEU,baden-wurttemberg,,,Linux-7.0.0-31-generic-x86_64-with-glibc2.43,3.14.4,3.3.0,24,Intel(R) Core(TM) Ultra 9 285K,1,1 x NVIDIA GeForce RTX 5090,9.2986,48.7383,60.81613540649414,machine,0.0,0.0,0.0,0.0,N
gradient_updates_9,2026-09-17T20:45:31,td3_Ant-v5_seed85062,af58fbf6-8088-43f3-a3c9-5f04bb297aa2,1.9738712260004831,3.414462898009181e-05,1.7298448501343445e-05,29.974510453033666,82.57500926270608,20.0,1.5093526797033824e-05,6.35736619700733e-05,1.0963022494454226e-05,8.963021126156146e-05,0.0,Germany,DEU,baden-wurttemberg,,,Linux-7.0.0-31-generic-x86_64-with-glibc2.43,3.14.4,3.3.0,24,Intel(R) Core(TM) Ultra 9 285K,1,1 x NVIDIA GeForce RTX 5090,9.2986,48.7383,60.81613540649414,machine,0.0,0.0,0.0,0.0,N
rollout_10,2026-09-17T20:45:31,td3_Ant-v5_seed85062,af58fbf6-8088-43f3-a3c9-5f04bb297aa2,0.2425151779971202,2.89071109247762e-06,1.191920534339116e-05,30.164036120197938,81.54630256499388,20.0,2.3456107653765934e-06,3.8966697839537545e-06,1.3458834944483173e-06,7.588164043778774e-06,0.0,Germany,DEU,baden-wurttemberg,,,Linux-7.0.0-31-generic-x86_64-with-glibc2.43,3.14.4,3.3.0,24,Intel(R) Core(TM) Ultra 9 285K,1,1 x NVIDIA GeForce RTX 5090,9.2986,48.7383,60.81613540649414,machine,0.0,0.0,0.0,0.0,N
gradient_updates_10,2026-09-17T20:45:33,td3_Ant-v5_seed85062,af58fbf6-8088-43f3-a3c9-5f04bb297aa2,1.9979695360016194,3.413332720825376e-05,1.7084046766940453e-05,30.2060829694508,82.82599737487195,20.0,1.5503766847448433e-05,6.299977262202994e-05,1.1097004455587001e-05,8.960054392506559e-05,0.0,Germany,DEU,baden-wurttemberg,,,Linux-7.0.0-31-generic-x86_64-with-glibc2.43,3.14.4,3.3.0,24,Intel(R) Core(TM) Ultra 9 285K,1,1 x NVIDIA GeForce RTX 5090,9.2986,48.7383,60.81613540649414,machine,0.0,0.0,0.0,0.0,N
rollout_11,2026-09-17T20:45:33,td3_Ant-v5_seed85062,af58fbf6-8088-43f3-a3c9-5f04bb297aa2,0.24475671500113094,3.894180314053348e-06,1.5910076042756078e-05,30.380256457619147,83.31210198892799,20.0,2.3810619048485193e-06,6.483338519935877e-06,1.3578867889008908e-06,1.0222287213685396e-05,0.0,Germany,DEU,baden-wurttemberg,,,Linux-7.0.0-31-generic-x86_64-with-glibc2.43,3.14.4,3.3.0,24,Intel(R) Core(TM) Ultra 9 285K,1,1 x NVIDIA GeForce RTX 5090,9.2986,48.7383,60.81613540649414,machine,0.0,0.0,0.0,0.0,N
gradient_updates_11,2026-09-17T20:45:35,td3_Ant-v5_seed85062,af58fbf6-8088-43f3-a3c9-5f04bb297aa2,1.993473164999159,3.412430916335785e-05,1.711798151470645e-05,30.38667890097341,84.50034955373611,20.0,1.46182672501622e-05,6.388643999799548e-05,1.1072164161103322e-05,8.957687140926079e-05,0.0,Germany,DEU,baden-wurttemberg,,,Linux-7.0.0-31-generic-x86_64-with-glibc2.43,3.14.4,3.3.0,24,Intel(R) Core(TM) Ultra 9 285K,1,1 x NVIDIA GeForce RTX 5090,9.2986,48.7383,60.81613540649414,machine,0.0,0.0,0.0,0.0,N
rollout_12,2026-09-17T20:45:35,td3_Ant-v5_seed85062,af58fbf6-8088-43f3-a3c9-5f04bb297aa2,0.2501521309968666,2.63324209746809e-06,1.052626551654797e-05,30.283786587464416,83.33209604268906,20.0,1.9266562635462947e-06,3.596947321993227e-06,1.3887001222125453e-06,6.912303707752067e-06,0.0,Germany,DEU,baden-wurttemberg,,,Linux-7.0.0-31-generic-x86_64-with-glibc2.43,3.14.4,3.3.0,24,Intel(R) Core(TM) Ultra 9 285K,1,1 x NVIDIA GeForce RTX 5090,9.2986,48.7383,60.81613540649414,machine,0.0,0.0,0.0,0.0,N
gradient_updates_12,2026-09-17T20:45:37,td3_Ant-v5_seed85062,af58fbf6-8088-43f3-a3c9-5f04bb297aa2,1.9824178880007821,3.400063307927191e-05,1.7151142235213196e-05,30.186268501519976,84.41267069816618,20.0,1.5106903474403771e-05,6.313421717396572e-05,1.1011099011092409e-05,8.92522196594618e-05,0.0,Germany,DEU,baden-wurttemberg,,,Linux-7.0.0-31-generic-x86_64-with-glibc2.43,3.14.4,3.3.0,24,Intel(R) Core(TM) Ultra 9 285K,1,1 x NVIDIA GeForce RTX 5090,9.2986,48.7383,60.81613540649414,machine,0.0,0.0,0.0,0.0,N
rollout_13,2026-09-17T20:45:38,td3_Ant-v5_seed85062,af58fbf6-8088-43f3-a3c9-5f04bb297aa2,0.24326514700078405,3.065304167414141e-06,1.2600356577529112e-05,30.339674540936496,83.73614619336935,20.0,2.3702113406114805e-06,4.326947905974876e-06,1.3493144833369311e-06,8.04647372992318e-06,0.0,Germany,DEU,baden-wurttemberg,,,Linux-7.0.0-31-generic-x86_64-with-glibc2.43,3.14.4,3.3.0,24,Intel(R) Core(TM) Ultra 9 285K,1,1 x NVIDIA GeForce RTX 5090,9.2986,48.7383,60.81613540649414,machine,0.0,0.0,0.0,0.0,N
gradient_updates_13,2026-09-17T20:45:40,td3_Ant-v5_seed85062,af58fbf6-8088-43f3-a3c9-5f04bb297aa2,2.0081893390015466,3.466725224350749e-05,1.726306696081264e-05,30.378551473430885,84.84178246472136,20.0,1.399760842030022e-05,6.584560823208463e-05,1.115888924998424e-05,9.100210590236909e-05,0.0,Germany,DEU,baden-wurttemberg,,,Linux-7.0.0-31-generic-x86_64-with-glibc2.43,3.14.4,3.3.0,24,Intel(R) Core(TM) Ultra 9 285K,1,1 x NVIDIA GeForce RTX 5090,9.2986,48.7383,60.81613540649414,machine,0.0,0.0,0.0,0.0,N
rollout_14,2026-09-17T20:45:40,td3_Ant-v5_seed85062,af58fbf6-8088-43f3-a3c9-5f04bb297aa2,0.24393017100373982,2.605679278618305e-06,1.068108836962876e-05,30.289669738199212,83.85540134906081,20.0,1.880862893577015e-06,3.6058362180568793e-06,1.3532517444319941e-06,6.839950856065997e-06,0.0,Germany,DEU,baden-wurttemberg,,,Linux-7.0.0-31-generic-x86_64-with-glibc2.43,3.14.4,3.3.0,24,Intel(R) Core(TM) Ultra 9 285K,1,1 x NVIDIA GeForce RTX 5090,9.2986,48.7383,60.81613540649414,machine,0.0,0.0,0.0,0.0,N
gradient_updates_14,2026-09-17T20:45:42,td3_Ant-v5_seed85062,af58fbf6-8088-43f3-a3c9-5f04bb297aa2,1.9847868760043639,3.4251731531225686e-05,1.725718093607943e-05,30.21108755671539,84.80588139407527,20.0,1.5374830633187522e-05,6.351255081005203e-05,1.1023975772210732e-05,8.991135721545017e-05,0.0,Germany,DEU,baden-wurttemberg,,,Linux-7.0.0-31-generic-x86_64-with-glibc2.43,3.14.4,3.3.0,24,Intel(R) Core(TM) Ultra 9 285K,1,1 x NVIDIA GeForce RTX 5090,9.2986,48.7383,60.81613540649414,machine,0.0,0.0,0.0,0.0,N
rollout_15,2026-09-17T20:45:42,td3_Ant-v5_seed85062,af58fbf6-8088-43f3-a3c9-5f04bb297aa2,0.24177175800286932,2.9532154427805695e-06,1.2214696508511365e-05,30.368034195855195,84.06471609060671,20.0,2.4078327595968008e-06,4.001947645826398e-06,1.3424585833692916e-06,7.75223898879249e-06,0.0,Germany,DEU,baden-wurttemberg,,,Linux-7.0.0-31-generic-x86_64-with-glibc2.43,3.14.4,3.3.0,24,Intel(R) Core(TM) Ultra 9 285K,1,1 x NVIDIA GeForce RTX 5090,9.2986,48.7383,60.81613540649414,machine,0.0,0.0,0.0,0.0,N
gradient_updates_15,2026-09-17T20:45:44,td3_Ant-v5_seed85062,af58fbf6-8088-43f3-a3c9-5f04bb297aa2,1.9811924519963213,3.415523084847848e-05,1.7239854801663672e-05,30.41516850257311,84.93226348127529,20.0,1.5693297832405223e-05,6.296088370205677e-05,1.1003859805552808e-05,8.965804134001458e-05,0.0,Germany,DEU,baden-wurttemberg,,,Linux-7.0.0-31-generic-x86_64-with-glibc2.43,3.14.4,3.3.0,24,Intel(R) Core(TM) Ultra 9 285K,1,1 x NVIDIA GeForce RTX 5090,9.2986,48.7383,60.81613540649414,machine,0.0,0.0,0.0,0.0,N
rollout_16,2026-09-17T20:45:44,td3_Ant-v5_seed85062,af58fbf6-8088-43f3-a3c9-5f04bb297aa2,0.23977144400123507,3.843250032890561e-06,1.602890945363142e-05,30.556094730057364,85.23479686823858,20.0,2.3833677400275644e-06,6.375005100034414e-06,1.3302215499910426e-06,1.0088594390052913e-05,0.0,Germany,DEU,baden-wurttemberg,,,Linux-7.0.0-31-generic-x86_64-with-glibc2.43,3.14.4,3.3.0,24,Intel(R) Core(TM) Ultra 9 285K,1,1 x NVIDIA GeForce RTX 5090,9.2986,48.7383,60.81613540649414,machine,0.0,0.0,0.0,0.0,N
gradient_updates_16,2026-09-17T20:45:46,td3_Ant-v5_seed85062,af58fbf6-8088-43f3-a3c9-5f04bb297aa2,1.9878121159999864,3.455741270447948e-05,1.7384696351909137e-05,30.592405524993964,86.06553612204156,20.0,1.564777585154331e-05,6.402505121994029e-05,1.1040948238870592e-05,9.071377531035419e-05,0.0,Germany,DEU,baden-wurttemberg,,,Linux-7.0.0-31-generic-x86_64-with-glibc2.43,3.14.4,3.3.0,24,Intel(R) Core(TM) Ultra 9 285K,1,1 x NVIDIA GeForce RTX 5090,9.2986,48.7383,60.81613540649414,machine,0.0,0.0,0.0,0.0,N
rollout_17,2026-09-17T20:45:46,td3_Ant-v5_seed85062,af58fbf6-8088-43f3-a3c9-5f04bb297aa2,0.24132701899361564,2.7682579944983757e-06,1.1470455977849322e-05,30.722379174415018,85.18467304928285,20.0,2.402356644106915e-06,3.5244472640361124e-06,1.339918744431819e-06,7.2667226525746295e-06,0.0,Germany,DEU,baden-wurttemberg,,,Linux-7.0.0-31-generic-x86_64-with-glibc2.43,3.14.4,3.3.0,24,Intel(R) Core(TM) Ultra 9 285K,1,1 x NVIDIA GeForce RTX 5090,9.2986,48.7383,60.81613540649414,machine,0.0,0.0,0.0,0.0,N
gradient_updates_17,2026-09-17T20:45:48,td3_Ant-v5_seed85062,af58fbf6-8088-43f3-a3c9-5f04bb297aa2,1.9828052890006802,3.4308272365142414e-05,1.7302955834441362e-05,30.751788515027947,85.9570619181856,20.0,1.5551425218909495e-05,6.349560635210416e-05,1.1012746261096452e-05,9.005977783211033e-05,0.0,Germany,DEU,baden-wurttemberg,,,Linux-7.0.0-31-generic-x86_64-with-glibc2.43,3.14.4,3.3.0,24,Intel(R) Core(TM) Ultra 9 285K,1,1 x NVIDIA GeForce RTX 5090,9.2986,48.7383,60.81613540649414,machine,0.0,0.0,0.0,0.0,N
rollout_18,2026-09-17T20:45:49,td3_Ant-v5_seed85062,af58fbf6-8088-43f3-a3c9-5f04bb297aa2,0.23942268900282215,2.905291824465946e-06,1.2133808221587316e-05,30.844337556915114,85.30776083524013,20.0,2.3105157373002477e-06,3.986947633816129e-06,1.3289753333487917e-06,7.626438704465277e-06,0.0,Germany,DEU,baden-wurttemberg,,,Linux-7.0.0-31-generic-x86_64-with-glibc2.43,3.14.4,3.3.0,24,Intel(R) Core(TM) Ultra 9 285K,1,1 x NVIDIA GeForce RTX 5090,9.2986,48.7383,60.81613540649414,machine,0.0,0.0,0.0,0.0,N
gradient_updates_18,2026-09-17T20:45:51,td3_Ant-v5_seed85062,af58fbf6-8088-43f3-a3c9-5f04bb297aa2,1.9737788580023334,3.39957937173516e-05,1.7223879069500932e-05,30.849008312667888,86.03562858211467,20.0,1.5156952403328622e-05,6.31200504961349e-05,1.0962513355560854e-05,8.923951625502448e-05,0.0,Germany,DEU,baden-wurttemberg,,,Linux-7.0.0-31-generic-x86_64-with-glibc2.43,3.14.4,3.3.0,24,Intel(R) Core(TM) Ultra 9 285K,1,1 x NVIDIA GeForce RTX 5090,9.2986,48.7383,60.81613540649414,machine,0.0,0.0,0.0,0.0,N
rollout_19,2026-09-17T20:45:51,td3_Ant-v5_seed85062,af58fbf6-8088-43f3-a3c9-5f04bb297aa2,0.24913613499666099,2.907166077829133e-06,1.1669092535971242e-05,30.78419070349361,85.46541797519527,20.0,1.962005458492483e-06,4.288336764024514e-06,1.3810164277755412e-06,7.631358650292755e-06,0.0,Germany,DEU,baden-wurttemberg,,,Linux-7.0.0-31-generic-x86_64-with-glibc2.43,3.14.4,3.3.0,24,Intel(R) Core(TM) Ultra 9 285K,1,1 x NVIDIA GeForce RTX 5090,9.2986,48.7383,60.81613540649414,machine,0.0,0.0,0.0,0.0,N
gradient_updates_19,2026-09-17T20:45:53,td3_Ant-v5_seed85062,af58fbf6-8088-43f3-a3c9-5f04bb297aa2,1.9844981170026585,3.33036063620137e-05,1.678193902933359e-05,30.721084654168365,86.04648558032558,20.0,1.5470231542842258e-05,6.0921437625927055e-05,1.1030843922223209e-05,8.742251309099263e-05,0.0,Germany,DEU,baden-wurttemberg,,,Linux-7.0.0-31-generic-x86_64-with-glibc2.43,3.14.4,3.3.0,24,Intel(R) Core(TM) Ultra 9 285K,1,1 x NVIDIA GeForce RTX 5090,9.2986,48.7383,60.81613540649414,machine,0.0,0.0,0.0,0.0,N
rollout_20,2026-09-17T20:45:53,td3_Ant-v5_seed85062,af58fbf6-8088-43f3-a3c9-5f04bb297aa2,0.24315838299662573,3.931152847779342e-06,1.616713783500496e-05,30.82063842575087,86.30826914482506,20.0,2.391251357444432e-06,6.579727486077935e-06,1.3483618777779347e-06,1.0319340721300085e-05,0.0,Germany,DEU,baden-wurttemberg,,,Linux-7.0.0-31-generic-x86_64-with-glibc2.43,3.14.4,3.3.0,24,Intel(R) Core(TM) Ultra 9 285K,1,1 x NVIDIA GeForce RTX 5090,9.2986,48.7383,60.81613540649414,machine,0.0,0.0,0.0,0.0,N
gradient_updates_20,2026-09-17T20:45:55,td3_Ant-v5_seed85062,af58fbf6-8088-43f3-a3c9-5f04bb297aa2,1.9910044850039412,3.423489695612348e-05,1.7194841902593984e-05,30.82837558851397,86.95126775043909,20.0,1.507981095272802e-05,6.372810653798577e-05,1.1059248688899122e-05,8.986716617961302e-05,0.0,Germany,DEU,baden-wurttemberg,,,Linux-7.0.0-31-generic-x86_64-with-glibc2.43,3.14.4,3.3.0,24,Intel(R) Core(TM) Ultra 9 285K,1,1 x NVIDIA GeForce RTX 5090,9.2986,48.7383,60.81613540649414,machine,0.0,0.0,0.0,0.0,N
rollout_21,2026-09-17T20:45:55,td3_Ant-v5_seed85062,af58fbf6-8088-43f3-a3c9-5f04bb297aa2,0.24694321700371802,2.986436396681773e-06,1.209338511489302e-05,30.931679582219406,86.33466237927674,20.0,2.4605600240003994e-06,4.010280986066483e-06,1.3686035277512849e-06,7.839444537817951e-06,0.0,Germany,DEU,baden-wurttemberg,,,Linux-7.0.0-31-generic-x86_64-with-glibc2.43,3.14.4,3.3.0,24,Intel(R) Core(TM) Ultra 9 285K,1,1 x NVIDIA GeForce RTX 5090,9.2986,48.7383,60.81613540649414,machine,0.0,0.0,0.0,0.0,N
gradient_updates_21,2026-09-17T20:45:57,td3_Ant-v5_seed85062,af58fbf6-8088-43f3-a3c9-5f04bb297aa2,1.9891528559965082,3.354048489938224e-05,1.6861766219775538e-05,30.92044603794471,86.92452235120912,20.0,1.3958308944414868e-05,6.303366153792567e-05,1.1052352655557753e-05,8.804432313789818e-05,0.0,Germany,DEU,baden-wurttemberg,,,Linux-7.0.0-31-generic-x86_64-with-glibc2.43,3.14.4,3.3.0,24,Intel(R) Core(TM) Ultra 9 285K,1,1 x NVIDIA GeForce RTX 5090,9.2986,48.7383,60.81613540649414,machine,0.0,0.0,0.0,0.0,N
rollout_22,2026-09-17T20:45:58,td3_Ant-v5_seed85062,af58fbf6-8088-43f3-a3c9-5f04bb297aa2,0.24847623499954352,3.6956448457164948e-06,1.4872451225858645e-05,30.855430286897953,87.04284918293907,20.0,1.9341329361953485e-06,6.387782888084281e-06,1.3792125277783908e-06,9.701128352058129e-06,0.0,Germany,DEU,baden-wurttemberg,,,Linux-7.0.0-31-generic-x86_64-with-glibc2.43,3.14.4,3.3.0,24,Intel(R) Core(TM) Ultra 9 285K,1,1 x NVIDIA GeForce RTX 5090,9.2986,48.7383,60.81613540649414,machine,0.0,0.0,0.0,0.0,N
gradient_updates_22,2026-09-17T20:46:00,td3_Ant-v5_seed85062,af58fbf6-8088-43f3-a3c9-5f04bb297aa2,1.9890481859983993,3.44628484497823e-05,1.7326395866363893e-05,30.797746965957806,87.62122821693544,20.0,1.5637518343339374e-05,6.377421768588576e-05,1.105380656109549e-05,9.046554259031997e-05,0.0,Germany,DEU,baden-wurttemberg,,,Linux-7.0.0-31-generic-x86_64-with-glibc2.43,3.14.4,3.3.0,24,Intel(R) Core(TM) Ultra 9 285K,1,1 x NVIDIA GeForce RTX 5090,9.2986,48.7383,60.81613540649414,machine,0.0,0.0,0.0,0.0,N
rollout_23,2026-09-17T20:46:00,td3_Ant-v5_seed85062,af58fbf6-8088-43f3-a3c9-5f04bb297aa2,0.2432104609979433,2.81010594513657e-06,1.1553941128603068e-05,30.886891524585188,86.94938416918814,20.0,2.4016613657720093e-06,3.631114016022785e-06,1.343798827777693e-06,7.376574209572162e-06,0.0,Germany,DEU,baden-wurttemberg,,,Linux-7.0.0-31-generic-x86_64-with-glibc2.43,3.14.4,3.3.0,24,Intel(R) Core(TM) Ultra 9 285K,1,1 x NVIDIA GeForce RTX 5090,9.2986,48.7383,60.81613540649414,machine,0.0,0.0,0.0,0.0,N
gradient_updates_23,2026-09-17T20:46:02,td3_Ant-v5_seed85062,af58fbf6-8088-43f3-a3c9-5f04bb297aa2,1.990534471005958,3.424390148615069e-05,1.7203501792941533e-05,30.904561887579604,87.48496881052613,20.0,1.5674207261577935e-05,6.316171719600305e-05,1.1054878761084766e-05,8.989080321866565e-05,0.0,Germany,DEU,baden-wurttemberg,,,Linux-7.0.0-31-generic-x86_64-with-glibc2.43,3.14.4,3.3.0,24,Intel(R) Core(TM) Ultra 9 285K,1,1 x NVIDIA GeForce RTX 5090,9.2986,48.7383,60.81613540649414,machine,0.0,0.0,0.0,0.0,N
rollout_24,2026-09-17T20:46:02,td3_Ant-v5_seed85062,af58fbf6-8088-43f3-a3c9-5f04bb297aa2,0.23933121000300162,3.0674408798339863e-06,1.2816388593591352e-05,30.986193993007102,87.06738681399601,20.0,2.3565124407654015e-06,4.367781272107685e-06,1.3277889222081292e-06,8.052082635080782e-06,0.0,Germany,DEU,baden-wurttemberg,,,Linux-7.0.0-31-generic-x86_64-with-glibc2.43,3.14.4,3.3.0,24,Intel(R) Core(TM) Ultra 9 285K,1,1 x NVIDIA GeForce RTX 5090,9.2986,48.7383,60.81613540649414,machine,0.0,0.0,0.0,0.0,N
gradient_updates_24,2026-09-17T20:46:04,td3_Ant-v5_seed85062,af58fbf6-8088-43f3-a3c9-5f04bb297aa2,1.9976883929994074,3.404132962322808e-05,1.7040392593401276e-05,30.99714528571007,87.55757991729246,20.0,1.5543982435174686e-05,6.271949461988946e-05,1.1095571699964524e-05,8.935904875502845e-05,0.0,Germany,DEU,baden-wurttemberg,,,Linux-7.0.0-31-generic-x86_64-with-glibc2.43,3.14.4,3.3.0,24,Intel(R) Core(TM) Ultra 9 285K,1,1 x NVIDIA GeForce RTX 5090,9.2986,48.7383,60.81613540649414,machine,0.0,0.0,0.0,0.0,N
rollout_25,2026-09-17T20:46:04,td3_Ant-v5_seed85062,af58fbf6-8088-43f3-a3c9-5f04bb297aa2,0.23424474299827125,3.8817608606826846e-06,1.6571280283297895e-05,31.081654877293612,87.80291214805119,20.0,2.333861589308775e-06,6.555560799981208e-06,1.3002635555393492e-06,1.018968594482944e-05,0.0,Germany,DEU,baden-wurttemberg,,,Linux-7.0.0-31-generic-x86_64-with-glibc2.43,3.14.4,3.3.0,24,Intel(R) Core(TM) Ultra 9 285K,1,1 x NVIDIA GeForce RTX 5090,9.2986,48.7383,60.81613540649414,machine,0.0,0.0,0.0,0.0,N
gradient_updates_25,2026-09-17T20:46:06,td3_Ant-v5_seed85062,af58fbf6-8088-43f3-a3c9-5f04bb297aa2,1.9787236100019072,3.4335503222598495e-05,1.7352419600595574e-05,31.095677697196248,88.31266839937905,20.0,1.548521905483241e-05,6.365616203596325e-05,1.0989878188896263e-05,9.01312592796917e-05,0.0,Germany,DEU,baden-wurttemberg,,,Linux-7.0.0-31-generic-x86_64-with-glibc2.43,3.14.4,3.3.0,24,Intel(R) Core(TM) Ultra 9 285K,1,1 x NVIDIA GeForce RTX 5090,9.2986,48.7383,60.81613540649414,machine,0.0,0.0,0.0,0.0,N
rollout_26,2026-09-17T20:46:07,td3_Ant-v5_seed85062,af58fbf6-8088-43f3-a3c9-5f04bb297aa2,0.24278212700301083,2.7860975055403817e-06,1.1475104932953585e-05,31.156215042057795,87.69521150732075,20.0,2.3446446534916565e-06,3.6213917860017375e-06,1.3475152222478535e-06,7.313551661741573e-06,0.0,Germany,DEU,baden-wurttemberg,,,Linux-7.0.0-31-generic-x86_64-with-glibc2.43,3.14.4,3.3.0,24,Intel(R) Core(TM) Ultra 9 285K,1,1 x NVIDIA GeForce RTX 5090,9.2986,48.7383,60.81613540649414,machine,0.0,0.0,0.0,0.0,N
gradient_updates_26,2026-09-17T20:46:09,td3_Ant-v5_seed85062,af58fbf6-8088-43f3-a3c9-5f04bb297aa2,1.9852197119980701,3.411837380306671e-05,1.7186355552114658e-05,31.156183870474752,88.16755655426708,20.0,1.5358062841995535e-05,6.317949498801934e-05,1.1023733161103638e-05,8.956129099111851e-05,0.0,Germany,DEU,baden-wurttemberg,,,Linux-7.0.0-31-generic-x86_64-with-glibc2.43,3.14.4,3.3.0,24,Intel(R) Core(TM) Ultra 9 285K,1,1 x NVIDIA GeForce RTX 5090,9.2986,48.7383,60.81613540649414,machine,0.0,0.0,0.0,0.0,N
rollout_27,2026-09-17T20:46:09,td3_Ant-v5_seed85062,af58fbf6-8088-43f3-a3c9-5f04bb297aa2,0.24236620200099424,2.835460289069957e-06,1.169907821897609e-05,31.09865543652075,87.72608221548705,20.0,1.8883734551420478e-06,4.209447812097977e-06,1.3453085111298727e-06,7.443129778369681e-06,0.0,Germany,DEU,baden-wurttemberg,,,Linux-7.0.0-31-generic-x86_64-with-glibc2.43,3.14.4,3.3.0,24,Intel(R) Core(TM) Ultra 9 285K,1,1 x NVIDIA GeForce RTX 5090,9.2986,48.7383,60.81613540649414,machine,0.0,0.0,0.0,0.0,N
gradient_updates_27,2026-09-17T20:46:11,td3_Ant-v5_seed85062,af58fbf6-8088-43f3-a3c9-5f04bb297aa2,1.9861758330007433,3.40369161048648e-05,1.7136972133493265e-05,31.047500126430187,88.16462676570202,20.0,1.5652336410747897e-05,6.266338346394562e-05,1.1031743322221046e-05,8.934746319691489e-05,0.0,Germany,DEU,baden-wurttemberg,,,Linux-7.0.0-31-generic-x86_64-with-glibc2.43,3.14.4,3.3.0,24,Intel(R) Core(TM) Ultra 9 285K,1,1 x NVIDIA GeForce RTX 5090,9.2986,48.7383,60.81613540649414,machine,0.0,0.0,0.0,0.0,N
rollout_28,2026-09-17T20:46:11,td3_Ant-v5_seed85062,af58fbf6-8088-43f3-a3c9-5f04bb297aa2,0.2399314809954376,3.85930688035635e-06,1.608442314652144e-05,31.11440952825643,88.30731740521061,20.0,2.3564785518476877e-06,6.442505154025113e-06,1.3317601722115597e-06,1.0130743878084686e-05,0.0,Germany,DEU,baden-wurttemberg,,,Linux-7.0.0-31-generic-x86_64-with-glibc2.43,3.14.4,3.3.0,24,Intel(R) Core(TM) Ultra 9 285K,1,1 x NVIDIA GeForce RTX 5090,9.2986,48.7383,60.81613540649414,machine,0.0,0.0,0.0,0.0,N
gradient_updates_28,2026-09-17T20:46:13,td3_Ant-v5_seed85062,af58fbf6-8088-43f3-a3c9-5f04bb297aa2,1.9853553229986574,3.4419584479370444e-05,1.733679967504191e-05,31.121002598986106,88.7568244717302,20.0,1.545385402973963e-05,6.386199553398697e-05,1.1036124394457917e-05,9.035197395818474e-05,0.0,Germany,DEU,baden-wurttemberg,,,Linux-7.0.0-31-generic-x86_64-with-glibc2.43,3.14.4,3.3.0,24,Intel(R) Core(TM) Ultra 9 285K,1,1 x NVIDIA GeForce RTX 5090,9.2986,48.7383,60.81613540649414,machine,0.0,0.0,0.0,0.0,N
rollout_29,2026-09-17T20:46:13,td3_Ant-v5_seed85062,af58fbf6-8088-43f3-a3c9-5f04bb297aa2,0.24394256999948993,2.8165131642113143e-06,1.1545855519789978e-05,31.188801607244507,88.18890006535958,20.0,2.4132408194786625e-06,3.6261140119453472e-06,1.3540384333383948e-06,7.3933932647624045e-06,0.0,Germany,DEU,baden-wurttemberg,,,Linux-7.0.0-31-generic-x86_64-with-glibc2.43,3.14.4,3.3.0,24,Intel(R) Core(TM) Ultra 9 285K,1,1 x NVIDIA GeForce RTX 5090,9.2986,48.7383,60.81613540649414,machine,0.0,0.0,0.0,0.0,N
gradient_updates_29,2026-09-17T20:46:15,td3_Ant-v5_seed85062,af58fbf6-8088-43f3-a3c9-5f04bb297aa2,1.9910779760029982,3.41351742531742e-05,1.714419879910449e-05,31.19370451004404,88.60401777814981,20.0,1.5319220588699833e-05,6.322727280405616e-05,1.105889905552934e-05,8.960539244828522e-05,0.0,Germany,DEU,baden-wurttemberg,,,Linux-7.0.0-31-generic-x86_64-with-glibc2.43,3.14.4,3.3.0,24,Intel(R) Core(TM) Ultra 9 285K,1,1 x NVIDIA GeForce RTX 5090,9.2986,48.7383,60.81613540649414,machine,0.0,0.0,0.0,0.0,N
rollout_30,2026-09-17T20:46:16,td3_Ant-v5_seed85062,af58fbf6-8088-43f3-a3c9-5f04bb297aa2,0.24920284900144907,3.114405417524663e-06,1.2496152205692816e-05,31.256046474152853,88.19888540654404,20.0,2.4563725206511178e-06,4.335836801927506e-06,1.38315599445681e-06,8.175365317035325e-06,0.0,Germany,DEU,baden-wurttemberg,,,Linux-7.0.0-31-generic-x86_64-with-glibc2.43,3.14.4,3.3.0,24,Intel(R) Core(TM) Ultra 9 285K,1,1 x NVIDIA GeForce RTX 5090,9.2986,48.7383,60.81613540649414,machine,0.0,0.0,0.0,0.0,N
gradient_updates_30,2026-09-17T20:46:18,td3_Ant-v5_seed85062,af58fbf6-8088-43f3-a3c9-5f04bb297aa2,1.9888720899980399,3.336508096517341e-05,1.6776000090738167e-05,31.261929850215306,88.54032403920218,20.0,1.5541015210580184e-05,6.09931043500378e-05,1.1049765372242969e-05,8.758388493286095e-05,0.0,Germany,DEU,baden-wurttemberg,,,Linux-7.0.0-31-generic-x86_64-with-glibc2.43,3.14.4,3.3.0,24,Intel(R) Core(TM) Ultra 9 285K,1,1 x NVIDIA GeForce RTX 5090,9.2986,48.7383,60.81613540649414,machine,0.0,0.0,0.0,0.0,N
rollout_31,2026-09-17T20:46:18,td3_Ant-v5_seed85062,af58fbf6-8088-43f3-a3c9-5f04bb297aa2,0.24241691100178286,3.9312940692320594e-06,1.6216574685537092e-05,31.323028476975136,88.68078602097106,20.0,2.3966091395096617e-06,6.578338595963906e-06,1.3447636944571937e-06,1.0319711429930545e-05,0.0,Germany,DEU,baden-wurttemberg,,,Linux-7.0.0-31-generic-x86_64-with-glibc2.43,3.14.4,3.3.0,24,Intel(R) Core(TM) Ultra 9 285K,1,1 x NVIDIA GeForce RTX 5090,9.2986,48.7383,60.81613540649414,machine,0.0,0.0,0.0,0.0,N
gradient_updates_31,2026-09-17T20:46:20,td3_Ant-v5_seed85062,af58fbf6-8088-43f3-a3c9-5f04bb297aa2,1.9928945869978634,3.4084372273044186e-05,1.7103021035052903e-05,31.321285498128262,89.06625949248138,20.0,1.5027015632712928e-05,6.337616181206762e-05,1.1068858972187903e-05,8.947203641696856e-05,0.0,Germany,DEU,baden-wurttemberg,,,Linux-7.0.0-31-generic-x86_64-with-glibc2.43,3.14.4,3.3.0,24,Intel(R) Core(TM) Ultra 9 285K,1,1 x NVIDIA GeForce RTX 5090,9.2986,48.7383,60.81613540649414,machine,0.0,0.0,0.0,0.0,N
rollout_32,2026-09-17T20:46:20,td3_Ant-v5_seed85062,af58fbf6-8088-43f3-a3c9-5f04bb297aa2,0.23976096000114921,2.9156698329053238e-06,1.2160235859609777e-05,31.376413469649492,88.63286118533158,20.0,2.3554271621189365e-06,3.9672253958622505e-06,1.3310285889020024e-06,7.653681146883515e-06,0.0,Germany,DEU,baden-wurttemberg,,,Linux-7.0.0-31-generic-x86_64-with-glibc2.43,3.14.4,3.3.0,24,Intel(R) Core(TM) Ultra 9 285K,1,1 x NVIDIA GeForce RTX 5090,9.2986,48.7383,60.81613540649414,machine,0.0,0.0,0.0,0.0,N
gradient_updates_32,2026-09-17T20:46:22,td3_Ant-v5_seed85062,af58fbf6-8088-43f3-a3c9-5f04bb297aa2,1.9789853659967775,3.397907568316238e-05,1.717000921575635e-05,31.377785695570232,89.00609745104424,20.0,1.533712449191052e-05,6.286699473800894e-05,1.0991511911076154e-05,8.919563114099562e-05,0.0,Germany,DEU,baden-wurttemberg,,,Linux-7.0.0-31-generic-x86_64-with-glibc2.43,3.14.4,3.3.0,24,Intel(R) Core(TM) Ultra 9 285K,1,1 x NVIDIA GeForce RTX 5090,9.2986,48.7383,60.81613540649414,machine,0.0,0.0,0.0,0.0,N
rollout_33,2026-09-17T20:46:22,td3_Ant-v5_seed85062,af58fbf6-8088-43f3-a3c9-5f04bb297aa2,0.24132699400070123,3.038908288838585e-06,1.2591932171699396e-05,31.42932229032154,88.64553712412965,20.0,2.3649893919897025e-06,4.27250341805685e-06,1.3396913055557097e-06,7.977184115602262e-06,0.0,Germany,DEU,baden-wurttemberg,,,Linux-7.0.0-31-generic-x86_64-with-glibc2.43,3.14.4,3.3.0,24,Intel(R) Core(TM) Ultra 9 285K,1,1 x NVIDIA GeForce RTX 5090,9.2986,48.7383,60.81613540649414,machine,0.0,0.0,0.0,0.0,N
gradient_updates_33,2026-09-17T20:46:24,td3_Ant-v5_seed85062,af58fbf6-8088-43f3-a3c9-5f04bb297aa2,1.9910639219961013,3.3171979915777887e-05,1.666044860990863e-05,31.4294568837942,88.93885841000922,20.0,1.544910680371936e-05,6.056365956197407e-05,1.1064225144420767e-05,8.707699151011376e-05,0.0,Germany,DEU,baden-wurttemberg,,,Linux-7.0.0-31-generic-x86_64-with-glibc2.43,3.14.4,3.3.0,24,Intel(R) Core(TM) Ultra 9 285K,1,1 x NVIDIA GeForce RTX 5090,9.2986,48.7383,60.81613540649414,machine,0.0,0.0,0.0,0.0,N
rollout_34,2026-09-17T20:46:24,td3_Ant-v5_seed85062,af58fbf6-8088-43f3-a3c9-5f04bb297aa2,0.24166314900503494,3.891053278306687e-06,1.61002542703057e-05,31.479140320520244,89.05143398099696,20.0,2.3688382839587296e-06,6.505005204049397e-06,1.340235205538596e-06,1.0214078693547048e-05,0.0,Germany,DEU,baden-wurttemberg,,,Linux-7.0.0-31-generic-x86_64-with-glibc2.43,3.14.4,3.3.0,24,Intel(R) Core(TM) Ultra 9 285K,1,1 x NVIDIA GeForce RTX 5090,9.2986,48.7383,60.81613540649414,machine,0.0,0.0,0.0,0.0,N
gradient_updates_34,2026-09-17T20:46:26,td3_Ant-v5_seed85062,af58fbf6-8088-43f3-a3c9-5f04bb297aa2,1.9798494299975573,3.4205281179120394e-05,1.7276868199449764e-05,31.47878043925343,89.411989147036,20.0,1.53582833977272e-05,6.343505074801747e-05,1.0996090133347822e-05,8.97894242790926e-05,0.0,Germany,DEU,baden-wurttemberg,,,Linux-7.0.0-31-generic-x86_64-with-glibc2.43,3.14.4,3.3.0,24,Intel(R) Core(TM) Ultra 9 285K,1,1 x NVIDIA GeForce RTX 5090,9.2986,48.7383,60.81613540649414,machine,0.0,0.0,0.0,0.0,N
rollout_35,2026-09-17T20:46:27,td3_Ant-v5_seed85062,af58fbf6-8088-43f3-a3c9-5f04bb297aa2,0.24113546699663857,2.7785122620183327e-06,1.1522710789555422e-05,31.519139606561012,88.9329904287994,20.0,2.332403532586541e-06,3.6200028959987307e-06,1.341233844464598e-06,7.2936402730500866e-06,0.0,Germany,DEU,baden-wurttemberg,,,Linux-7.0.0-31-generic-x86_64-with-glibc2.43,3.14.4,3.3.0,24,Intel(R) Core(TM) Ultra 9 285K,1,1 x NVIDIA GeForce RTX 5090,9.2986,48.7383,60.81613540649414,machine,0.0,0.0,0.0,0.0,N
gradient_updates_35,2026-09-17T20:46:29,td3_Ant-v5_seed85062,af58fbf6-8088-43f3-a3c9-5f04bb297aa2,1.9887603650058736,3.346034965347254e-05,1.6824853907585822e-05,31.499870221769626,89.25810251131495,20.0,1.4201719972477614e-05,6.258643895795668e-05,1.1045807872223003e-05,8.783396680265773e-05,0.0,Germany,DEU,baden-wurttemberg,,,Linux-7.0.0-31-generic-x86_64-with-glibc2.43,3.14.4,3.3.0,24,Intel(R) Core(TM) Ultra 9 285K,1,1 x NVIDIA GeForce RTX 5090,9.2986,48.7383,60.81613540649414,machine,0.0,0.0,0.0,0.0,N
rollout_36,2026-09-17T20:46:29,td3_Ant-v5_seed85062,af58fbf6-8088-43f3-a3c9-5f04bb297aa2,0.24809754099987913,3.5571190341180184e-06,1.4337795865673103e-05,31.45192289319148,89.23482850703698,20.0,1.9352348815202675e-06,6.025282597965642e-06,1.3769783444230344e-06,9.337495823908727e-06,0.0,Germany,DEU,baden-wurttemberg,,,Linux-7.0.0-31-generic-x86_64-with-glibc2.43,3.14.4,3.3.0,24,Intel(R) Core(TM) Ultra 9 285K,1,1 x NVIDIA GeForce RTX 5090,9.2986,48.7383,60.81613540649414,machine,0.0,0.0,0.0,0.0,N
gradient_updates_36,2026-09-17T20:46:31,td3_Ant-v5_seed85062,af58fbf6-8088-43f3-a3c9-5f04bb297aa2,1.9802307749996544,3.308390949933581e-05,1.6707168581611742e-05,31.404892361904636,89.50545675887088,20.0,1.5310235303732378e-05,6.0536715096093374e-05,1.099885482221401e-05,8.684580522203954e-05,0.0,Germany,DEU,baden-wurttemberg,,,Linux-7.0.0-31-generic-x86_64-with-glibc2.43,3.14.4,3.3.0,24,Intel(R) Core(TM) Ultra 9 285K,1,1 x NVIDIA GeForce RTX 5090,9.2986,48.7383,60.81613540649414,machine,0.0,0.0,0.0,0.0,N
rollout_37,2026-09-17T20:46:31,td3_Ant-v5_seed85062,af58fbf6-8088-43f3-a3c9-5f04bb297aa2,0.24289626099925954,3.895376170962722e-06,1.6037382154302017e-05,31.445703749088846,89.59898164718233,20.0,2.3529518823599965e-06,6.524727442003275e-06,1.3477470333276252e-06,1.022542635769133e-05,0.0,Germany,DEU,baden-wurttemberg,,,Linux-7.0.0-31-generic-x86_64-with-glibc2.43,3.14.4,3.3.0,24,Intel(R) Core(TM) Ultra 9 285K,1,1 x NVIDIA GeForce RTX 5090,9.2986,48.7383,60.81613540649414,machine,0.0,0.0,0.0,0.0,N
gradient_updates_37,2026-09-17T20:46:33,td3_Ant-v5_seed85062,af58fbf6-8088-43f3-a3c9-5f04bb297aa2,1.9905916709976736,3.380300298908229e-05,1.6981443576058756e-05,31.431448581207487,89.91316921233222,20.0,1.4419309868771157e-05,6.325755060598848e-05,1.1056576955565528e-05,8.873343743032516e-05,0.0,Germany,DEU,baden-wurttemberg,,,Linux-7.0.0-31-generic-x86_64-with-glibc2.43,3.14.4,3.3.0,24,Intel(R) Core(TM) Ultra 9 285K,1,1 x NVIDIA GeForce RTX 5090,9.2986,48.7383,60.81613540649414,machine,0.0,0.0,0.0,0.0,N
rollout_38,2026-09-17T20:46:33,td3_Ant-v5_seed85062,af58fbf6-8088-43f3-a3c9-5f04bb297aa2,0.24308060800103704,2.9130286354835284e-06,1.1982817587977514e-05,31.47004725578565,89.52053370484549,20.0,2.350086880067298e-06,3.947503158019394e-06,1.3491579222318136e-06,7.646747960318723e-06,0.0,Germany,DEU,baden-wurttemberg,,,Linux-7.0.0-31-generic-x86_64-with-glibc2.43,3.14.4,3.3.0,24,Intel(R) Core(TM) Ultra 9 285K,1,1 x NVIDIA GeForce RTX 5090,9.2986,48.7383,60.81613540649414,machine,0.0,0.0,0.0,0.0,N
gradient_updates_38,2026-09-17T20:46:35,td3_Ant-v5_seed85062,af58fbf6-8088-43f3-a3c9-5f04bb297aa2,1.9883249949998572,3.3957895222307567e-05,1.7078689076694472e-05,31.46699795279597,89.81637232161468,20.0,1.543945985155691e-05,6.26583834599792e-05,1.1042188772221982e-05,8.91400320837581e-05,0.0,Germany,DEU,baden-wurttemberg,,,Linux-7.0.0-31-generic-x86_64-with-glibc2.43,3.14.4,3.3.0,24,Intel(R) Core(TM) Ultra 9 285K,1,1 x NVIDIA GeForce RTX 5090,9.2986,48.7383,60.81613540649414,machine,0.0,0.0,0.0,0.0,N
rollout_39,2026-09-17T20:46:36,td3_Ant-v5_seed85062,af58fbf6-8088-43f3-a3c9-5f04bb297aa2,0.23919446900254115,3.7866205369217407e-06,1.583004945426561e-05,31.506751722435038,89.87530276236595,20.0,2.326910472638666e-06,6.2852828058845844e-06,1.327747755527171e-06,9.939941034050638e-06,0.0,Germany,DEU,baden-wurttemberg,,,Linux-7.0.0-31-generic-x86_64-with-glibc2.43,3.14.4,3.3.0,24,Intel(R) Core(TM) Ultra 9 285K,1,1 x NVIDIA GeForce RTX 5090,9.2986,48.7383,60.81613540649414,machine,0.0,0.0,0.0,0.0,N
gradient_updates_39,2026-09-17T20:46:38,td3_Ant-v5_seed85062,af58fbf6-8088-43f3-a3c9-5f04bb297aa2,1.985316687001614,3.314579519156846e-05,1.6695547579431293e-05,31.504926431946835,90.11519444725386,20.0,1.5447920136104493e-05,6.053338176004175e-05,1.1026954283321769e-05,8.70082561794678e-05,0.0,Germany,DEU,baden-wurttemberg,,,Linux-7.0.0-31-generic-x86_64-with-glibc2.43,3.14.4,3.3.0,24,Intel(R) Core(TM) Ultra 9 285K,1,1 x NVIDIA GeForce RTX 5090,9.2986,48.7383,60.81613540649414,machine,0.0,0.0,0.0,0.0,N
rollout_40,2026-09-17T20:46:38,td3_Ant-v5_seed85062,af58fbf6-8088-43f3-a3c9-5f04bb297aa2,0.25372090600285446,3.816505350876399e-06,1.5042391345761247e-05,31.47104138266676,90.1543318896009,20.0,2.0355866284689494e-06,6.575283038046109e-06,1.4075194944679868e-06,1.0018389160982612e-05,0.0,Germany,DEU,baden-wurttemberg,,,Linux-7.0.0-31-generic-x86_64-with-glibc2.43,3.14.4,3.3.0,24,Intel(R) Core(TM) Ultra 9 285K,1,1 x NVIDIA GeForce RTX 5090,9.2986,48.7383,60.81613540649414,machine,0.0,0.0,0.0,0.0,N
gradient_updates_40,2026-09-17T20:46:40,td3_Ant-v5_seed85062,af58fbf6-8088-43f3-a3c9-5f04bb297aa2,1.9953818100038916,3.421949675355305e-05,1.7149403362285645e-05,31.437136263347426,90.42947337937366,20.0,1.582367571448598e-05,6.292032811405779e-05,1.1082736566661111e-05,8.982674039520466e-05,0.0,Germany,DEU,baden-wurttemberg,,,Linux-7.0.0-31-generic-x86_64-with-glibc2.43,3.14.4,3.3.0,24,Intel(R) Core(TM) Ultra 9 285K,1,1 x NVIDIA GeForce RTX 5090,9.2986,48.7383,60.81613540649414,machine,0.0,0.0,0.0,0.0,N
rollout_41,2026-09-17T20:46:40,td3_Ant-v5_seed85062,af58fbf6-8088-43f3-a3c9-5f04bb297aa2,0.24060446299699834,3.0645982582459992e-06,1.2737199599817118e-05,31.4922770667986,90.1221389766567,20.0,2.4380619504486833e-06,4.271947861900216e-06,1.3346108944259447e-06,8.044620706774627e-06,0.0,Germany,DEU,baden-wurttemberg,,,Linux-7.0.0-31-generic-x86_64-with-glibc2.43,3.14.4,3.3.0,24,Intel(R) Core(TM) Ultra 9 285K,1,1 x NVIDIA GeForce RTX 5090,9.2986,48.7383,60.81613540649414,machine,0.0,0.0,0.0,0.0,N
gradient_updates_41,2026-09-17T20:46:42,td3_Ant-v5_seed85062,af58fbf6-8088-43f3-a3c9-5f04bb297aa2,1.98890064599982,3.385924701367537e-05,1.7024244795710092e-05,31.500537313859493,90.38095717932757,20.0,1.5618512772579835e-05,6.221616088397663e-05,1.1046405261084906e-05,8.888107891764137e-05,0.0,Germany,DEU,baden-wurttemberg,,,Linux-7.0.0-31-generic-x86_64-with-glibc2.43,3.14.4,3.3.0,24,Intel(R) Core(TM) Ultra 9 285K,1,1 x NVIDIA GeForce RTX 5090,9.2986,48.7383,60.81613540649414,machine,0.0,0.0,0.0,0.0,N
rollout_42,2026-09-17T20:46:42,td3_Ant-v5_seed85062,af58fbf6-8088-43f3-a3c9-5f04bb297aa2,0.23468265500559937,3.8067965638052294e-06,1.6220283562553857e-05,31.541361270954088,90.46731535172977,20.0,2.3072604569181893e-06,6.383060662029649e-06,1.3025823166876085e-06,9.992903435635664e-06,0.0,Germany,DEU,baden-wurttemberg,,,Linux-7.0.0-31-generic-x86_64-with-glibc2.43,3.14.4,3.3.0,24,Intel(R) Core(TM) Ultra 9 285K,1,1 x NVIDIA GeForce RTX 5090,9.2986,48.7383,60.81613540649414,machine,0.0,0.0,0.0,0.0,N
gradient_updates_42,2026-09-17T20:46:44,td3_Ant-v5_seed85062,af58fbf6-8088-43f3-a3c9-5f04bb297aa2,1.9742288679990452,3.3044240396682464e-05,1.6737957719725248e-05,31.54214540631087,90.68727530557749,20.0,1.5441138464012544e-05,6.033532604610148e-05,1.096520866663512e-05,8.674167317674914e-05,0.0,Germany,DEU,baden-wurttemberg,,,Linux-7.0.0-31-generic-x86_64-with-glibc2.43,3.14.4,3.3.0,24,Intel(R) Core(TM) Ultra 9 285K,1,1 x NVIDIA GeForce RTX 5090,9.2986,48.7383,60.81613540649414,machine,0.0,0.0,0.0,0.0,N
rollout_43,2026-09-17T20:46:45,td3_Ant-v5_seed85062,af58fbf6-8088-43f3-a3c9-5f04bb297aa2,0.2373103970021475,3.87556841936797e-06,1.6330392726363146e-05,31.582911213707572,90.77829072241066,20.0,2.3413213174998393e-06,6.514727433959422e-06,1.3173819333233208e-06,1.0173430684782582e-05,0.0,Germany,DEU,baden-wurttemberg,,,Linux-7.0.0-31-generic-x86_64-with-glibc2.43,3.14.4,3.3.0,24,Intel(R) Core(TM) Ultra 9 285K,1,1 x NVIDIA GeForce RTX 5090,9.2986,48.7383,60.81613540649414,machine,0.0,0.0,0.0,0.0,N
gradient_updates_43,2026-09-17T20:46:47,td3_Ant-v5_seed85062,af58fbf6-8088-43f3-a3c9-5f04bb297aa2,1.9829557349949027,3.3724761331226094e-05,1.7007405885436553e-05,31.571688505944238,91.04237784435192,20.0,1.4287067262976419e-05,6.322727280405616e-05,1.1013711727759449e-05,8.852805179479246e-05,0.0,Germany,DEU,baden-wurttemberg,,,Linux-7.0.0-31-generic-x86_64-with-glibc2.43,3.14.4,3.3.0,24,Intel(R) Core(TM) Ultra 9 285K,1,1 x NVIDIA GeForce RTX 5090,9.2986,48.7383,60.81613540649414,machine,0.0,0.0,0.0,0.0,N
rollout_44,2026-09-17T20:46:47,td3_Ant-v5_seed85062,af58fbf6-8088-43f3-a3c9-5f04bb297aa2,0.24710247899929527,2.6527755227498742e-06,1.0735468673781396e-05,31.5296784012123,90.63100992450244,20.0,1.9248759843444596e-06,3.6622251519125015e-06,1.3764781333319535e-06,6.963579269588481e-06,0.0,Germany,DEU,baden-wurttemberg,,,Linux-7.0.0-31-generic-x86_64-with-glibc2.43,3.14.4,3.3.0,24,Intel(R) Core(TM) Ultra 9 285K,1,1 x NVIDIA GeForce RTX 5090,9.2986,48.7383,60.81613540649414,machine,0.0,0.0,0.0,0.0,N
gradient_updates_44,2026-09-17T20:46:49,td3_Ant-v5_seed85062,af58fbf6-8088-43f3-a3c9-5f04bb297aa2,1.9837254189988016,3.399506490012107e-05,1.713706007112656e-05,31.492266176289295,90.87744601682498,20.0,1.5661695307124524e-05,6.255782782405017e-05,1.1018079966662424e-05,8.923760309783712e-05,0.0,Germany,DEU,baden-wurttemberg,,,Linux-7.0.0-31-generic-x86_64-with-glibc2.43,3.14.4,3.3.0,24,Intel(R) Core(TM) Ultra 9 285K,1,1 x NVIDIA GeForce RTX 5090,9.2986,48.7383,60.81613540649414,machine,0.0,0.0,0.0,0.0,N
rollout_45,2026-09-17T20:46:49,td3_Ant-v5_seed85062,af58fbf6-8088-43f3-a3c9-5f04bb297aa2,0.2444646610019845,3.77889699767521e-06,1.5458054763483682e-05,31.54822984613353,90.85845023117754,20.0,2.5162714574599593e-06,6.04639372603355e-06,1.3570014333202669e-06,9.91966661681356e-06,0.0,Germany,DEU,baden-wurttemberg,,,Linux-7.0.0-31-generic-x86_64-with-glibc2.43,3.14.4,3.3.0,24,Intel(R) Core(TM) Ultra 9 285K,1,1 x NVIDIA GeForce RTX 5090,9.2986,48.7383,60.81613540649414,machine,0.0,0.0,0.0,0.0,N
gradient_updates_45,2026-09-17T20:46:51,td3_Ant-v5_seed85062,af58fbf6-8088-43f3-a3c9-5f04bb297aa2,1.9658714399993187,3.3291633223310555e-05,1.6934917172039926e-05,31.562158497678098,91.07091065718686,20.0,1.5846614621724958e-05,6.062560405595274e-05,1.0918864727783471e-05,8.739108340546139e-05,0.0,Germany,DEU,baden-wurttemberg,,,Linux-7.0.0-31-generic-x86_64-with-glibc2.43,3.14.4,3.3.0,24,Intel(R) Core(TM) Ultra 9 285K,1,1 x NVIDIA GeForce RTX 5090,9.2986,48.7383,60.81613540649414,machine,0.0,0.0,0.0,0.0,N
rollout_46,2026-09-17T20:46:51,td3_Ant-v5_seed85062,af58fbf6-8088-43f3-a3c9-5f04bb297aa2,0.23533504900115076,3.835130626334178e-06,1.6295696585968865e-05,31.611459012435954,91.13802129329048,20.0,2.3924721917530783e-06,6.3688939839767755e-06,1.305914638901999e-06,1.0067280814631853e-05,0.0,Germany,DEU,baden-wurttemberg,,,Linux-7.0.0-31-generic-x86_64-with-glibc2.43,3.14.4,3.3.0,24,Intel(R) Core(TM) Ultra 9 285K,1,1 x NVIDIA GeForce RTX 5090,9.2986,48.7383,60.81613540649414,machine,0.0,0.0,0.0,0.0,N
gradient_updates_46,2026-09-17T20:46:53,td3_Ant-v5_seed85062,af58fbf6-8088-43f3-a3c9-5f04bb297aa2,1.9662585709957057,3.3019702126957286e-05,1.6793233059265707e-05,31.617533966354845,91.33856207385512,20.0,1.5366675626665022e-05,6.038977053390848e-05,1.0920813655563265e-05,8.667725981613677e-05,0.0,Germany,DEU,baden-wurttemberg,,,Linux-7.0.0-31-generic-x86_64-with-glibc2.43,3.14.4,3.3.0,24,Intel(R) Core(TM) Ultra 9 285K,1,1 x NVIDIA GeForce RTX 5090,9.2986,48.7383,60.81613540649414,machine,0.0,0.0,0.0,0.0,N
rollout_47,2026-09-17T20:46:53,td3_Ant-v5_seed85062,af58fbf6-8088-43f3-a3c9-5f04bb297aa2,0.2345835200030706,3.7932339247270103e-06,1.6169988785439117e-05,31.65118431707435,91.40338363786424,20.0,2.294595724565071e-06,6.360838422092563e-06,1.3018671388839113e-06,9.957301285541328e-06,0.0,Germany,DEU,baden-wurttemberg,,,Linux-7.0.0-31-generic-x86_64-with-glibc2.43,3.14.4,3.3.0,24,Intel(R) Core(TM) Ultra 9 285K,1,1 x NVIDIA GeForce RTX 5090,9.2986,48.7383,60.81613540649414,machine,0.0,0.0,0.0,0.0,N
gradient_updates_47,2026-09-17T20:46:55,td3_Ant-v5_seed85062,af58fbf6-8088-43f3-a3c9-5f04bb297aa2,1.9813846449978882,3.274143663596629e-05,1.6524684604599928e-05,31.643561002082482,91.58399943840168,20.0,1.4807391012569907e-05,6.0134770329955956e-05,1.1004646994438715e-05,8.594680833696414e-05,0.0,Germany,DEU,baden-wurttemberg,,,Linux-7.0.0-31-generic-x86_64-with-glibc2.43,3.14.4,3.3.0,24,Intel(R) Core(TM) Ultra 9 285K,1,1 x NVIDIA GeForce RTX 5090,9.2986,48.7383,60.81613540649414,machine,0.0,0.0,0.0,0.0,N
rollout_48,2026-09-17T20:46:56,td3_Ant-v5_seed85062,af58fbf6-8088-43f3-a3c9-5f04bb297aa2,0.24554007899860153,2.5790544174019575e-06,1.0503345226042166e-05,31.610375746210316,91.17531607871977,20.0,1.948255725268966e-06,3.458336099937398e-06,1.363468333349634e-06,6.770060158555781e-06,0.0,Germany,DEU,baden-wurttemberg,,,Linux-7.0.0-31-generic-x86_64-with-glibc2.43,3.14.4,3.3.0,24,Intel(R) Core(TM) Ultra 9 285K,1,1 x NVIDIA GeForce RTX 5090,9.2986,48.7383,60.81613540649414,machine,0.0,0.0,0.0,0.0,N
gradient_updates_48,2026-09-17T20:46:58,td3_Ant-v5_seed85062,af58fbf6-8088-43f3-a3c9-5f04bb297aa2,1.9755747610033723,3.404889852529937e-05,1.7235026174784874e-05,31.57694952278927,91.408487320825,20.0,1.5459957367956398e-05,6.29461614680693e-05,1.0972798411118404e-05,8.937891724714389e-05,0.0,Germany,DEU,baden-wurttemberg,,,Linux-7.0.0-31-generic-x86_64-with-glibc2.43,3.14.4,3.3.0,24,Intel(R) Core(TM) Ultra 9 285K,1,1 x NVIDIA GeForce RTX 5090,9.2986,48.7383,60.81613540649414,machine,0.0,0.0,0.0,0.0,N
rollout_49,2026-09-17T20:46:58,td3_Ant-v5_seed85062,af58fbf6-8088-43f3-a3c9-5f04bb297aa2,0.23665097899356624,2.866379736568385e-06,1.211209959489547e-05,31.61063124351528,91.09280879651989,20.0,2.3210440790576853e-06,3.889725334049743e-06,1.3135244222213256e-06,7.524293835328537e-06,0.0,Germany,DEU,baden-wurttemberg,,,Linux-7.0.0-31-generic-x86_64-with-glibc2.43,3.14.4,3.3.0,24,Intel(R) Core(TM) Ultra 9 285K,1,1 x NVIDIA GeForce RTX 5090,9.2986,48.7383,60.81613540649414,machine,0.0,0.0,0.0,0.0,N
gradient_updates_49,2026-09-17T20:47:00,td3_Ant-v5_seed85062,af58fbf6-8088-43f3-a3c9-5f04bb297aa2,1.9785793340051896,3.390254174969213e-05,1.7134962989899484e-05,31.60939564993352,91.31496725960953,20.0,1.5379001192078814e-05,6.262671676793286e-05,1.09890103499816e-05,8.899472830999327e-05,0.0,Germany,DEU,baden-wurttemberg,,,Linux-7.0.0-31-generic-x86_64-with-glibc2.43,3.14.4,3.3.0,24,Intel(R) Core(TM) Ultra 9 285K,1,1 x NVIDIA GeForce RTX 5090,9.2986,48.7383,60.81613540649414,machine,0.0,0.0,0.0,0.0,N
rollout_50,2026-09-17T20:47:00,td3_Ant-v5_seed85062,af58fbf6-8088-43f3-a3c9-5f04bb297aa2,0.2397406470045098,3.0509342832541614e-06,1.2724979791380464e-05,31.648219880305252,91.05597026583776,20.0,2.3944896933667664e-06,4.283892315992688e-06,1.3303705388857234e-06,8.008752548245394e-06,0.0,Germany,DEU,baden-wurttemberg,,,Linux-7.0.0-31-generic-x86_64-with-glibc2.43,3.14.4,3.3.0,24,Intel(R) Core(TM) Ultra 9 285K,1,1 x NVIDIA GeForce RTX 5090,9.2986,48.7383,60.81613540649414,machine,0.0,0.0,0.0,0.0,N
gradient_updates_50,2026-09-17T20:47:02,td3_Ant-v5_seed85062,af58fbf6-8088-43f3-a3c9-5f04bb297aa2,1.9695770139951492,3.40347386848191e-05,1.7280369893362756e-05,31.65300721226209,91.28070496954388,20.0,1.5692467276185937e-05,6.271060572404785e-05,1.0938674433338003e-05,8.934174743357136e-05,0.0,Germany,DEU,baden-wurttemberg,,,Linux-7.0.0-31-generic-x86_64-with-glibc2.43,3.14.4,3.3.0,24,Intel(R) Core(TM) Ultra 9 285K,1,1 x NVIDIA GeForce RTX 5090,9.2986,48.7383,60.81613540649414,machine,0.0,0.0,0.0,0.0,N
rollout_51,2026-09-17T20:47:02,td3_Ant-v5_seed85062,af58fbf6-8088-43f3-a3c9-5f04bb297aa2,0.23811415099771693,3.067161579348252e-06,1.2880663955100632e-05,31.692208834174703,91.03871117671652,20.0,2.390234134407726e-06,4.339170137868109e-06,1.3219451944475411e-06,8.05134946672316e-06,0.0,Germany,DEU,baden-wurttemberg,,,Linux-7.0.0-31-generic-x86_64-with-glibc2.43,3.14.4,3.3.0,24,Intel(R) Core(TM) Ultra 9 285K,1,1 x NVIDIA GeForce RTX 5090,9.2986,48.7383,60.81613540649414,machine,0.0,0.0,0.0,0.0,N
gradient_updates_51,2026-09-17T20:47:04,td3_Ant-v5_seed85062,af58fbf6-8088-43f3-a3c9-5f04bb297aa2,1.974390798000968,3.317535856402253e-05,1.6802904118655766e-05,31.69451930066464,91.22153470648468,20.0,1.5421725948479986e-05,6.0690048552025644e-05,1.0974086016681808e-05,8.708586051718765e-05,0.0,Germany,DEU,baden-wurttemberg,,,Linux-7.0.0-31-generic-x86_64-with-glibc2.43,3.14.4,3.3.0,24,Intel(R) Core(TM) Ultra 9 285K,1,1 x NVIDIA GeForce RTX 5090,9.2986,48.7383,60.81613540649414,machine,0.0,0.0,0.0,0.0,N
rollout_52,2026-09-17T20:47:05,td3_Ant-v5_seed85062,af58fbf6-8088-43f3-a3c9-5f04bb297aa2,0.2505885099963052,3.716400339503264e-06,1.4830086503999942e-05,31.66861685961544,91.22019081774644,20.0,2.0277877333402944e-06,6.336671735995836e-06,1.3911523944342037e-06,9.755611863770768e-06,0.0,Germany,DEU,baden-wurttemberg,,,Linux-7.0.0-31-generic-x86_64-with-glibc2.43,3.14.4,3.3.0,24,Intel(R) Core(TM) Ultra 9 285K,1,1 x NVIDIA GeForce RTX 5090,9.2986,48.7383,60.81613540649414,machine,0.0,0.0,0.0,0.0,N
gradient_updates_52,2026-09-17T20:47:07,td3_Ant-v5_seed85062,af58fbf6-8088-43f3-a3c9-5f04bb297aa2,1.9742641170014394,3.4287243289800665e-05,1.7367184188097227e-05,31.64202624967907,91.44268027107258,20.0,1.572434091279447e-05,6.331449509600073e-05,1.0965740155532066e-05,9.000457616432748e-05,0.0,Germany,DEU,baden-wurttemberg,,,Linux-7.0.0-31-generic-x86_64-with-glibc2.43,3.14.4,3.3.0,24,Intel(R) Core(TM) Ultra 9 285K,1,1 x NVIDIA GeForce RTX 5090,9.2986,48.7383,60.81613540649414,machine,0.0,0.0,0.0,0.0,N
rollout_53,2026-09-17T20:47:07,td3_Ant-v5_seed85062,af58fbf6-8088-43f3-a3c9-5f04bb297aa2,0.23745018799672835,2.786126580930047e-06,1.1733016602401363e-05,31.682105201567452,91.1073314125151,20.0,2.398338307557993e-06,3.596947321993227e-06,1.3183423555650567e-06,7.313627985116276e-06,0.0,Germany,DEU,baden-wurttemberg,,,Linux-7.0.0-31-generic-x86_64-with-glibc2.43,3.14.4,3.3.0,24,Intel(R) Core(TM) Ultra 9 285K,1,1 x NVIDIA GeForce RTX 5090,9.2986,48.7383,60.81613540649414,machine,0.0,0.0,0.0,0.0,N
gradient_updates_53,2026-09-17T20:47:09,td3_Ant-v5_seed85062,af58fbf6-8088-43f3-a3c9-5f04bb297aa2,1.9734881839976879,3.417779707920888e-05,1.731856673809411e-05,31.688314693784896,91.32304483955103,20.0,1.574431287321848e-05,6.301866152602642e-05,1.0954303666666334e-05,8.971727806591102e-05,0.0,Germany,DEU,baden-wurttemberg,,,Linux-7.0.0-31-generic-x86_64-with-glibc2.43,3.14.4,3.3.0,24,Intel(R) Core(TM) Ultra 9 285K,1,1 x NVIDIA GeForce RTX 5090,9.2986,48.7383,60.81613540649414,machine,0.0,0.0,0.0,0.0,N
rollout_54,2026-09-17T20:47:09,td3_Ant-v5_seed85062,af58fbf6-8088-43f3-a3c9-5f04bb297aa2,0.24812365999969188,2.7539047874553316e-06,1.1097280038557653e-05,31.660138324066043,91.00950967322045,20.0,1.9827235306201646e-06,3.869725317962036e-06,1.3765964000211472e-06,7.229045248603565e-06,0.0,Germany,DEU,baden-wurttemberg,,,Linux-7.0.0-31-generic-x86_64-with-glibc2.43,3.14.4,3.3.0,24,Intel(R) Core(TM) Ultra 9 285K,1,1 x NVIDIA GeForce RTX 5090,9.2986,48.7383,60.81613540649414,machine,0.0,0.0,0.0,0.0,N
gradient_updates_54,2026-09-17T20:47:11,td3_Ant-v5_seed85062,af58fbf6-8088-43f3-a3c9-5f04bb297aa2,1.9647937109984923,3.409297348452552e-05,1.7352060916398742e-05,31.63355553463882,91.22362339937075,20.0,1.572325591192754e-05,6.285921695403651e-05,1.091214187225794e-05,8.949461473822199e-05,0.0,Germany,DEU,baden-wurttemberg,,,Linux-7.0.0-31-generic-x86_64-with-glibc2.43,3.14.4,3.3.0,24,Intel(R) Core(TM) Ultra 9 285K,1,1 x NVIDIA GeForce RTX 5090,9.2986,48.7383,60.81613540649414,machine,0.0,0.0,0.0,0.0,N
rollout_55,2026-09-17T20:47:11,td3_Ant-v5_seed85062,af58fbf6-8088-43f3-a3c9-5f04bb297aa2,0.2421601140013081,2.9639398640931604e-06,1.2239062767061079e-05,31.674535063483123,90.94151751272113,20.0,2.463103359370833e-06,3.972503177962494e-06,1.344784233353732e-06,7.780390770687276e-06,0.0,Germany,DEU,baden-wurttemberg,,,Linux-7.0.0-31-generic-x86_64-with-glibc2.43,3.14.4,3.3.0,24,Intel(R) Core(TM) Ultra 9 285K,1,1 x NVIDIA GeForce RTX 5090,9.2986,48.7383,60.81613540649414,machine,0.0,0.0,0.0,0.0,N
gradient_updates_55,2026-09-17T20:47:13,td3_Ant-v5_seed85062,af58fbf6-8088-43f3-a3c9-5f04bb297aa2,1.9711056720043416,3.38760652971639e-05,1.718646767917376e-05,31.680198437606773,91.14262897744635,20.0,1.553565798407229e-05,6.244199439808806e-05,1.0947574805565425e-05,8.892522718772534e-05,0.0,Germany,DEU,baden-wurttemberg,,,Linux-7.0.0-31-generic-x86_64-with-glibc2.43,3.14.4,3.3.0,24,Intel(R) Core(TM) Ultra 9 285K,1,1 x NVIDIA GeForce RTX 5090,9.2986,48.7383,60.81613540649414,machine,0.0,0.0,0.0,0.0,N
rollout_56,2026-09-17T20:47:13,td3_Ant-v5_seed85062,af58fbf6-8088-43f3-a3c9-5f04bb297aa2,0.2352172309983871,3.050798153324784e-06,1.2969582850713323e-05,31.711487966603507,90.92729472614668,20.0,2.3430846522454196e-06,4.350559036025992e-06,1.3147515166766696e-06,8.00839520494808e-06,0.0,Germany,DEU,baden-wurttemberg,,,Linux-7.0.0-31-generic-x86_64-with-glibc2.43,3.14.4,3.3.0,24,Intel(R) Core(TM) Ultra 9 285K,1,1 x NVIDIA GeForce RTX 5090,9.2986,48.7383,60.81613540649414,machine,0.0,0.0,0.0,0.0,N
gradient_updates_56,2026-09-17T20:47:15,td3_Ant-v5_seed85062,af58fbf6-8088-43f3-a3c9-5f04bb297aa2,1.9722757889976492,3.3231931364303274e-05,1.684959786743303e-05,31.712629162201544,91.09755212093069,20.0,1.5563801895476792e-05,6.0716159683948945e-05,1.0954403466651667e-05,8.723436504607784e-05,0.0,Germany,DEU,baden-wurttemberg,,,Linux-7.0.0-31-generic-x86_64-with-glibc2.43,3.14.4,3.3.0,24,Intel(R) Core(TM) Ultra 9 285K,1,1 x NVIDIA GeForce RTX 5090,9.2986,48.7383,60.81613540649414,machine,0.0,0.0,0.0,0.0,N
rollout_57,2026-09-17T20:47:16,td3_Ant-v5_seed85062,af58fbf6-8088-43f3-a3c9-5f04bb297aa2,0.2364380560029531,3.8021536865901623e-06,1.608024384930473e-05,31.741749622136624,91.14408569560925,20.0,2.328266584835162e-06,6.340005071936439e-06,1.3124441500015575e-06,9.980715806772941e-06,0.0,Germany,DEU,baden-wurttemberg,,,Linux-7.0.0-31-generic-x86_64-with-glibc2.43,3.14.4,3.3.0,24,Intel(R) Core(TM) Ultra 9 285K,1,1 x NVIDIA GeForce RTX 5090,9.2986,48.7383,60.81613540649414,machine,0.0,0.0,0.0,0.0,N
gradient_updates_57,2026-09-17T20:47:18,td3_Ant-v5_seed85062,af58fbf6-8088-43f3-a3c9-5f04bb297aa2,1.9831103100004839,3.2536061752368953e-05,1.640670905207027e-05,31.73210725080036,91.29419912048152,20.0,1.4358308708861331e-05,6.003504802809534e-05,1.1014339161111901e-05,8.540769589806835e-05,0.0,Germany,DEU,baden-wurttemberg,,,Linux-7.0.0-31-generic-x86_64-with-glibc2.43,3.14.4,3.3.0,24,Intel(R) Core(TM) Ultra 9 285K,1,1 x NVIDIA GeForce RTX 5090,9.2986,48.7383,60.81613540649414,machine,0.0,0.0,0.0,0.0,N
rollout_58,2026-09-17T20:47:18,td3_Ant-v5_seed85062,af58fbf6-8088-43f3-a3c9-5f04bb297aa2,0.2363865539955441,3.84166433479733e-06,1.6250111210093115e-05,31.76528034792771,91.34687392078335,20.0,2.3651249476536185e-06,6.406949569992548e-06,1.312357388896096e-06,1.0084431906542263e-05,0.0,Germany,DEU,baden-wurttemberg,,,Linux-7.0.0-31-generic-x86_64-with-glibc2.43,3.14.4,3.3.0,24,Intel(R) Core(TM) Ultra 9 285K,1,1 x NVIDIA GeForce RTX 5090,9.2986,48.7383,60.81613540649414,machine,0.0,0.0,0.0,0.0,N
gradient_updates_58,2026-09-17T20:47:20,td3_Ant-v5_seed85062,af58fbf6-8088-43f3-a3c9-5f04bb297aa2,1.977035485993838,3.408711448374879e-05,1.7241597428250947e-05,31.767508532808794,91.53880535734142,20.0,1.5589114415726774e-05,6.290893921601093e-05,1.0981181133320117e-05,8.947923476505804e-05,0.0,Germany,DEU,baden-wurttemberg,,,Linux-7.0.0-31-generic-x86_64-with-glibc2.43,3.14.4,3.3.0,24,Intel(R) Core(TM) Ultra 9 285K,1,1 x NVIDIA GeForce RTX 5090,9.2986,48.7383,60.81613540649414,machine,0.0,0.0,0.0,0.0,N
rollout_59,2026-09-17T20:47:20,td3_Ant-v5_seed85062,af58fbf6-8088-43f3-a3c9-5f04bb297aa2,0.23629326400259743,2.7550640263286283e-06,1.165939188185756e-05,31.796458121615935,91.23624849349557,20.0,2.3368115916692217e-06,3.5836139780087706e-06,1.311662699986834e-06,7.232088269664393e-06,0.0,Germany,DEU,baden-wurttemberg,,,Linux-7.0.0-31-generic-x86_64-with-glibc2.43,3.14.4,3.3.0,24,Intel(R) Core(TM) Ultra 9 285K,1,1 x NVIDIA GeForce RTX 5090,9.2986,48.7383,60.81613540649414,machine,0.0,0.0,0.0,0.0,N
gradient_updates_59,2026-09-17T20:47:22,td3_Ant-v5_seed85062,af58fbf6-8088-43f3-a3c9-5f04bb297aa2,1.9753374329957296,3.404887999043952e-05,1.7237147446156194e-05,31.796770171139627,91.42558645743668,20.0,1.5582247743567076e-05,6.282560581594154e-05,1.0971015033323355e-05,8.937886859283241e-05,0.0,Germany,DEU,baden-wurttemberg,,,Linux-7.0.0-31-generic-x86_64-with-glibc2.43,3.14.4,3.3.0,24,Intel(R) Core(TM) Ultra 9 285K,1,1 x NVIDIA GeForce RTX 5090,9.2986,48.7383,60.81613540649414,machine,0.0,0.0,0.0,0.0,N
rollout_60,2026-09-17T20:47:22,td3_Ant-v5_seed85062,af58fbf6-8088-43f3-a3c9-5f04bb297aa2,0.242029815002752,2.9786243476055685e-06,1.2306699701695088e-05,31.833946216453796,91.16943339742419,20.0,2.4684778081145164e-06,4.00750320606047e-06,1.3429567666510284e-06,7.818937780825798e-06,0.0,Germany,DEU,baden-wurttemberg,,,Linux-7.0.0-31-generic-x86_64-with-glibc2.43,3.14.4,3.3.0,24,Intel(R) Core(TM) Ultra 9 285K,1,1 x NVIDIA GeForce RTX 5090,9.2986,48.7383,60.81613540649414,machine,0.0,0.0,0.0,0.0,N
gradient_updates_60,2026-09-17T20:47:24,td3_Ant-v5_seed85062,af58fbf6-8088-43f3-a3c9-5f04bb297aa2,1.9895049580009072,3.3413458297302384e-05,1.6794978590331987e-05,31.827113082961002,91.34542197162875,20.0,1.4135412141654327e-05,6.252588335398102e-05,1.1049580727760539e-05,8.771087622339545e-05,0.0,Germany,DEU,baden-wurttemberg,,,Linux-7.0.0-31-generic-x86_64-with-glibc2.43,3.14.4,3.3.0,24,Intel(R) Core(TM) Ultra 9 285K,1,1 x NVIDIA GeForce RTX 5090,9.2986,48.7383,60.81613540649414,machine,0.0,0.0,0.0,0.0,N
rollout_61,2026-09-17T20:47:25,td3_Ant-v5_seed85062,af58fbf6-8088-43f3-a3c9-5f04bb297aa2,0.25282854700344615,3.7521795060203866e-06,1.4840579717357903e-05,31.813031491583843,91.33522476639905,20.0,2.127783646671197e-06,6.318893943979553e-06,1.402855172232681e-06,9.849532762883431e-06,0.0,Germany,DEU,baden-wurttemberg,,,Linux-7.0.0-31-generic-x86_64-with-glibc2.43,3.14.4,3.3.0,24,Intel(R) Core(TM) Ultra 9 285K,1,1 x NVIDIA GeForce RTX 5090,9.2986,48.7383,60.81613540649414,machine,0.0,0.0,0.0,0.0,N
gradient_updates_61,2026-09-17T20:47:27,td3_Ant-v5_seed85062,af58fbf6-8088-43f3-a3c9-5f04bb297aa2,1.987276373001805,3.38634104688402e-05,1.7040193320701115e-05,31.785857875313827,91.51652594450712,20.0,1.4737946790350023e-05,6.311643938206046e-05,1.1037621883345583e-05,8.889200805575585e-05,0.0,Germany,DEU,baden-wurttemberg,,,Linux-7.0.0-31-generic-x86_64-with-glibc2.43,3.14.4,3.3.0,24,Intel(R) Core(TM) Ultra 9 285K,1,1 x NVIDIA GeForce RTX 5090,9.2986,48.7383,60.81613540649414,machine,0.0,0.0,0.0,0.0,N
rollout_62,2026-09-17T20:47:27,td3_Ant-v5_seed85062,af58fbf6-8088-43f3-a3c9-5f04bb297aa2,0.24856410199572565,2.61937052925933e-06,1.0537301025982239e-05,31.752454664665333,91.20708240409627,20.0,1.9146015316807985e-06,3.581669531960152e-06,1.3796195499808997e-06,6.87589061362185e-06,0.0,Germany,DEU,baden-wurttemberg,,,Linux-7.0.0-31-generic-x86_64-with-glibc2.43,3.14.4,3.3.0,24,Intel(R) Core(TM) Ultra 9 285K,1,1 x NVIDIA GeForce RTX 5090,9.2986,48.7383,60.81613540649414,machine,0.0,0.0,0.0,0.0,N
gradient_updates_62,2026-09-17T20:47:29,td3_Ant-v5_seed85062,af58fbf6-8088-43f3-a3c9-5f04bb297aa2,1.9761351970009855,3.413128700512991e-05,1.7271767732178708e-05,31.72600224636348,91.38501249480183,20.0,1.6028295600404793e-05,6.260032785798675e-05,1.0966564900000966e-05,8.959518835839272e-05,0.0,Germany,DEU,baden-wurttemberg,,,Linux-7.0.0-31-generic-x86_64-with-glibc2.43,3.14.4,3.3.0,24,Intel(R) Core(TM) Ultra 9 285K,1,1 x NVIDIA GeForce RTX 5090,9.2986,48.7383,60.81613540649414,machine,0.0,0.0,0.0,0.0,N
rollout_63,2026-09-17T20:47:29,td3_Ant-v5_seed85062,af58fbf6-8088-43f3-a3c9-5f04bb297aa2,0.2403637239985983,3.039148998113146e-06,1.2643509530679284e-05,31.762595272639143,91.16460493036014,20.0,2.4567455765064222e-06,4.186670016004257e-06,1.3344003888858622e-06,7.977815981396325e-06,0.0,Germany,DEU,baden-wurttemberg,,,Linux-7.0.0-31-generic-x86_64-with-glibc2.43,3.14.4,3.3.0,24,Intel(R) Core(TM) Ultra 9 285K,1,1 x NVIDIA GeForce RTX 5090,9.2986,48.7383,60.81613540649414,machine,0.0,0.0,0.0,0.0,N
gradient_updates_63,2026-09-17T20:47:31,td3_Ant-v5_seed85062,af58fbf6-8088-43f3-a3c9-5f04bb297aa2,1.9859988769967458,3.4037400149102004e-05,1.7138793701551163e-05,31.770377817404878,91.33036732069773,20.0,1.6058643402459133e-05,6.22594942518706e-05,1.1030596166650315e-05,8.934873382097919e-05,0.0,Germany,DEU,baden-wurttemberg,,,Linux-7.0.0-31-generic-x86_64-with-glibc2.43,3.14.4,3.3.0,24,Intel(R) Core(TM) Ultra 9 285K,1,1 x NVIDIA GeForce RTX 5090,9.2986,48.7383,60.81613540649414,machine,0.0,0.0,0.0,0.0,N
rollout_64,2026-09-17T20:47:31,td3_Ant-v5_seed85062,af58fbf6-8088-43f3-a3c9-5f04bb297aa2,0.23893571799999336,3.870741114220776e-06,1.6200040930392353e-05,31.803756088063306,91.3716127336925,20.0,2.4210738813010974e-06,6.414449576053194e-06,1.3252354722176167e-06,1.0160758929572342e-05,0.0,Germany,DEU,baden-wurttemberg,,,Linux-7.0.0-31-generic-x86_64-with-glibc2.43,3.14.4,3.3.0,24,Intel(R) Core(TM) Ultra 9 285K,1,1 x NVIDIA GeForce RTX 5090,9.2986,48.7383,60.81613540649414,machine,0.0,0.0,0.0,0.0,N
gradient_updates_64,2026-09-17T20:47:33,td3_Ant-v5_seed85062,af58fbf6-8088-43f3-a3c9-5f04bb297aa2,1.9869678789982572,3.436288977911022e-05,1.729426959140852e-05,31.808766533450388,91.54683406122658,20.0,1.5891526046543647e-05,6.327643950998496e-05,1.1035183883318896e-05,9.020314943984815e-05,0.0,Germany,DEU,baden-wurttemberg,,,Linux-7.0.0-31-generic-x86_64-with-glibc2.43,3.14.4,3.3.0,24,Intel(R) Core(TM) Ultra 9 285K,1,1 x NVIDIA GeForce RTX 5090,9.2986,48.7383,60.81613540649414,machine,0.0,0.0,0.0,0.0,N
rollout_65,2026-09-17T20:47:33,td3_Ant-v5_seed85062,af58fbf6-8088-43f3-a3c9-5f04bb297aa2,0.235517710003478,2.71955270536757e-06,1.1546492968099058e-05,31.83299793567306,91.26738940106242,20.0,2.3141271290778864e-06,3.5227805960103e-06,1.3019627444414532e-06,7.138870469530073e-06,0.0,Germany,DEU,baden-wurttemberg,,,Linux-7.0.0-31-generic-x86_64-with-glibc2.43,3.14.4,3.3.0,24,Intel(R) Core(TM) Ultra 9 285K,1,1 x NVIDIA GeForce RTX 5090,9.2986,48.7383,60.81613540649414,machine,0.0,0.0,0.0,0.0,N
gradient_updates_65,2026-09-17T20:47:35,td3_Ant-v5_seed85062,af58fbf6-8088-43f3-a3c9-5f04bb297aa2,2.0006116229997133,3.3595061961643694e-05,1.679244838530554e-05,31.823606881946585,91.42552406848655,20.0,1.4504640492591508e-05,6.257116116803463e-05,1.1111787161118903e-05,8.818758882174482e-05,0.0,Germany,DEU,baden-wurttemberg,,,Linux-7.0.0-31-generic-x86_64-with-glibc2.43,3.14.4,3.3.0,24,Intel(R) Core(TM) Ultra 9 285K,1,1 x NVIDIA GeForce RTX 5090,9.2986,48.7383,60.81613540649414,machine,0.0,0.0,0.0,0.0,N
rollout_66,2026-09-17T20:47:36,td3_Ant-v5_seed85062,af58fbf6-8088-43f3-a3c9-5f04bb297aa2,0.24388253600045573,2.8620545608668523e-06,1.1734686681784883e-05,31.79673106401579,91.21365140895966,20.0,1.9236890389500577e-06,4.236392278089696e-06,1.3528588611129086e-06,7.512940178151795e-06,0.0,Germany,DEU,baden-wurttemberg,,,Linux-7.0.0-31-generic-x86_64-with-glibc2.43,3.14.4,3.3.0,24,Intel(R) Core(TM) Ultra 9 285K,1,1 x NVIDIA GeForce RTX 5090,9.2986,48.7383,60.81613540649414,machine,0.0,0.0,0.0,0.0,N
gradient_updates_66,2026-09-17T20:47:38,td3_Ant-v5_seed85062,af58fbf6-8088-43f3-a3c9-5f04bb297aa2,1.9807019840009161,3.379550206682744e-05,1.706245297243277e-05,31.77076854991645,91.372127344586,20.0,1.559255608514845e-05,6.211977191783458e-05,1.100141938335992e-05,8.871374738634273e-05,0.0,Germany,DEU,baden-wurttemberg,,,Linux-7.0.0-31-generic-x86_64-with-glibc2.43,3.14.4,3.3.0,24,Intel(R) Core(TM) Ultra 9 285K,1,1 x NVIDIA GeForce RTX 5090,9.2986,48.7383,60.81613540649414,machine,0.0,0.0,0.0,0.0,N
rollout_67,2026-09-17T20:47:38,td3_Ant-v5_seed85062,af58fbf6-8088-43f3-a3c9-5f04bb297aa2,0.23687360899930354,3.8144950495061503e-06,1.610362448391763e-05,31.795184483881922,91.41195363710693,20.0,2.331606587505433e-06,6.367227316061985e-06,1.3142781833366986e-06,1.0013112086903683e-05,0.0,Germany,DEU,baden-wurttemberg,,,Linux-7.0.0-31-generic-x86_64-with-glibc2.43,3.14.4,3.3.0,24,Intel(R) Core(TM) Ultra 9 285K,1,1 x NVIDIA GeForce RTX 5090,9.2986,48.7383,60.81613540649414,machine,0.0,0.0,0.0,0.0,N
gradient_updates_67,2026-09-17T20:47:40,td3_Ant-v5_seed85062,af58fbf6-8088-43f3-a3c9-5f04bb297aa2,1.9880107399949338,3.41550014159777e-05,1.718055981655938e-05,31.793178867569303,91.57780398263591,20.0,1.5418182334537775e-05,6.319755055805842e-05,1.1041706183338414e-05,8.965743907593526e-05,0.0,Germany,DEU,baden-wurttemberg,,,Linux-7.0.0-31-generic-x86_64-with-glibc2.43,3.14.4,3.3.0,24,Intel(R) Core(TM) Ultra 9 285K,1,1 x NVIDIA GeForce RTX 5090,9.2986,48.7383,60.81613540649414,machine,0.0,0.0,0.0,0.0,N
rollout_68,2026-09-17T20:47:40,td3_Ant-v5_seed85062,af58fbf6-8088-43f3-a3c9-5f04bb297aa2,0.23698651399899973,2.7209979419980275e-06,1.1481633429632401e-05,31.81513766499848,91.30497771245763,20.0,2.314906851923204e-06,3.512225031920835e-06,1.315532355551565e-06,7.142664239396038e-06,0.0,Germany,DEU,baden-wurttemberg,,,Linux-7.0.0-31-generic-x86_64-with-glibc2.43,3.14.4,3.3.0,24,Intel(R) Core(TM) Ultra 9 285K,1,1 x NVIDIA GeForce RTX 5090,9.2986,48.7383,60.81613540649414,machine,0.0,0.0,0.0,0.0,N
gradient_updates_68,2026-09-17T20:47:42,td3_Ant-v5_seed85062,af58fbf6-8088-43f3-a3c9-5f04bb297aa2,1.9963505989944679,3.402747871354261e-05,1.704497389643712e-05,31.81340177623208,91.4582557350997,20.0,1.5693908110670646e-05,6.255032781810055e-05,1.1078453961090376e-05,8.932268988986157e-05,0.0,Germany,DEU,baden-wurttemberg,,,Linux-7.0.0-31-generic-x86_64-with-glibc2.43,3.14.4,3.3.0,24,Intel(R) Core(TM) Ultra 9 285K,1,1 x NVIDIA GeForce RTX 5090,9.2986,48.7383,60.81613540649414,machine,0.0,0.0,0.0,0.0,N
rollout_69,2026-09-17T20:47:42,td3_Ant-v5_seed85062,af58fbf6-8088-43f3-a3c9-5f04bb297aa2,0.23967815899959533,2.998563874344936e-06,1.2510288744848827e-05,31.838186869061612,91.2552142634811,20.0,2.3724660646387563e-06,4.168058889919557e-06,1.330754411093182e-06,7.871279365651712e-06,0.0,Germany,DEU,baden-wurttemberg,,,Linux-7.0.0-31-generic-x86_64-with-glibc2.43,3.14.4,3.3.0,24,Intel(R) Core(TM) Ultra 9 285K,1,1 x NVIDIA GeForce RTX 5090,9.2986,48.7383,60.81613540649414,machine,0.0,0.0,0.0,0.0,N
gradient_updates_69,2026-09-17T20:47:44,td3_Ant-v5_seed85062,af58fbf6-8088-43f3-a3c9-5f04bb297aa2,2.004428285996255,3.333364081333119e-05,1.663015159587284e-05,31.840438753047888,91.39573136232345,20.0,1.4387215398653161e-05,6.198310514204941e-05,1.1131033477755018e-05,8.750135401845716e-05,0.0,Germany,DEU,baden-wurttemberg,,,Linux-7.0.0-31-generic-x86_64-with-glibc2.43,3.14.4,3.3.0,24,Intel(R) Core(TM) Ultra 9 285K,1,1 x NVIDIA GeForce RTX 5090,9.2986,48.7383,60.81613540649414,machine,0.0,0.0,0.0,0.0,N
rollout_70,2026-09-17T20:47:45,td3_Ant-v5_seed85062,af58fbf6-8088-43f3-a3c9-5f04bb297aa2,0.2556199669998023,3.8343118983490306e-06,1.4998608295429884e-05,31.82017847727,91.40529619878151,20.0,2.0697322113388122e-06,6.577783040029317e-06,1.4176163888703682e-06,1.0065131640238714e-05,0.0,Germany,DEU,baden-wurttemberg,,,Linux-7.0.0-31-generic-x86_64-with-glibc2.43,3.14.4,3.3.0,24,Intel(R) Core(TM) Ultra 9 285K,1,1 x NVIDIA GeForce RTX 5090,9.2986,48.7383,60.81613540649414,machine,0.0,0.0,0.0,0.0,N
gradient_updates_70,2026-09-17T20:47:47,td3_Ant-v5_seed85062,af58fbf6-8088-43f3-a3c9-5f04bb297aa2,1.9882664369943086,3.436242172420896e-05,1.7282636207558496e-05,31.80062457278023,91.56299990006897,20.0,1.605889784710851e-05,6.309977270202438e-05,1.1043250238920591e-05,9.020192078805327e-05,0.0,Germany,DEU,baden-wurttemberg,,,Linux-7.0.0-31-generic-x86_64-with-glibc2.43,3.14.4,3.3.0,24,Intel(R) Core(TM) Ultra 9 285K,1,1 x NVIDIA GeForce RTX 5090,9.2986,48.7383,60.81613540649414,machine,0.0,0.0,0.0,0.0,N
rollout_71,2026-09-17T20:47:47,td3_Ant-v5_seed85062,af58fbf6-8088-43f3-a3c9-5f04bb297aa2,0.24281144999986282,3.0056565503010398e-06,1.237870494704718e-05,31.831204540205007,91.35018607895053,20.0,2.4669008624085553e-06,4.075836594008564e-06,1.3471602999845077e-06,7.889897756400976e-06,0.0,Germany,DEU,baden-wurttemberg,,,Linux-7.0.0-31-generic-x86_64-with-glibc2.43,3.14.4,3.3.0,24,Intel(R) Core(TM) Ultra 9 285K,1,1 x NVIDIA GeForce RTX 5090,9.2986,48.7383,60.81613540649414,machine,0.0,0.0,0.0,0.0,N
gradient_updates_71,2026-09-17T20:47:49,td3_Ant-v5_seed85062,af58fbf6-8088-43f3-a3c9-5f04bb297aa2,1.997111215001496,3.412687540570733e-05,1.708818718221837e-05,31.836649930541686,91.49397514620786,20.0,1.6102537882018916e-05,6.2388938799951e-05,1.1092131155560894e-05,8.958360783753103e-05,0.0,Germany,DEU,baden-wurttemberg,,,Linux-7.0.0-31-generic-x86_64-with-glibc2.43,3.14.4,3.3.0,24,Intel(R) Core(TM) Ultra 9 285K,1,1 x NVIDIA GeForce RTX 5090,9.2986,48.7383,60.81613540649414,machine,0.0,0.0,0.0,0.0,N
rollout_72,2026-09-17T20:47:49,td3_Ant-v5_seed85062,af58fbf6-8088-43f3-a3c9-5f04bb297aa2,0.24091133199544856,3.939604049413032e-06,1.6352197589324136e-05,31.866039760406526,91.53857559059662,20.0,2.442046120302091e-06,6.5619496939506305e-06,1.3375294499887516e-06,1.034152526424234e-05,0.0,Germany,DEU,baden-wurttemberg,,,Linux-7.0.0-31-generic-x86_64-with-glibc2.43,3.14.4,3.3.0,24,Intel(R) Core(TM) Ultra 9 285K,1,1 x NVIDIA GeForce RTX 5090,9.2986,48.7383,60.81613540649414,machine,0.0,0.0,0.0,0.0,N
gradient_updates_72,2026-09-17T20:47:51,td3_Ant-v5_seed85062,af58fbf6-8088-43f3-a3c9-5f04bb297aa2,1.9834669350020704,3.4205428951987905e-05,1.7245408052359146e-05,31.86892977417065,91.69310388371593,20.0,1.5666696700012903e-05,6.310671715192839e-05,1.1016398333352608e-05,8.978981218529455e-05,0.0,Germany,DEU,baden-wurttemberg,,,Linux-7.0.0-31-generic-x86_64-with-glibc2.43,3.14.4,3.3.0,24,Intel(R) Core(TM) Ultra 9 285K,1,1 x NVIDIA GeForce RTX 5090,9.2986,48.7383,60.81613540649414,machine,0.0,0.0,0.0,0.0,N
rollout_73,2026-09-17T20:47:51,td3_Ant-v5_seed85062,af58fbf6-8088-43f3-a3c9-5f04bb297aa2,0.23828372999560088,2.7947946551355046e-06,1.1728681222767823e-05,31.894856332715626,91.44733538266755,20.0,2.3867585760700694e-06,3.6269473460137647e-06,1.322675900034074e-06,7.336381822117474e-06,0.0,Germany,DEU,baden-wurttemberg,,,Linux-7.0.0-31-generic-x86_64-with-glibc2.43,3.14.4,3.3.0,24,Intel(R) Core(TM) Ultra 9 285K,1,1 x NVIDIA GeForce RTX 5090,9.2986,48.7383,60.81613540649414,machine,0.0,0.0,0.0,0.0,N
gradient_updates_73,2026-09-17T20:47:53,td3_Ant-v5_seed85062,af58fbf6-8088-43f3-a3c9-5f04bb297aa2,1.9849634369966225,3.4023379853325656e-05,1.7140678330454038e-05,31.896845264923805,91.59307187580306,20.0,1.5802855697830825e-05,6.249310555006549e-05,1.1015969066647743e-05,8.931193031454406e-05,0.0,Germany,DEU,baden-wurttemberg,,,Linux-7.0.0-31-generic-x86_64-with-glibc2.43,3.14.4,3.3.0,24,Intel(R) Core(TM) Ultra 9 285K,1,1 x NVIDIA GeForce RTX 5090,9.2986,48.7383,60.81613540649414,machine,0.0,0.0,0.0,0.0,N
rollout_74,2026-09-17T20:47:54,td3_Ant-v5_seed85062,af58fbf6-8088-43f3-a3c9-5f04bb297aa2,0.23898700900463155,2.991662171638633e-06,1.251683937893455e-05,31.922884769401435,91.39986142793815,20.0,2.4005085870748566e-06,4.126669967963181e-06,1.3259837277777766e-06,7.853162282816031e-06,0.0,Germany,DEU,baden-wurttemberg,,,Linux-7.0.0-31-generic-x86_64-with-glibc2.43,3.14.4,3.3.0,24,Intel(R) Core(TM) Ultra 9 285K,1,1 x NVIDIA GeForce RTX 5090,9.2986,48.7383,60.81613540649414,machine,0.0,0.0,0.0,0.0,N
gradient_updates_74,2026-09-17T20:47:56,td3_Ant-v5_seed85062,af58fbf6-8088-43f3-a3c9-5f04bb297aa2,1.9926592560004792,3.376331400632964e-05,1.6943898244560387e-05,31.924784273368363,91.53154840779908,20.0,1.583086405357141e-05,6.17308827181029e-05,1.1067506427773219e-05,8.862925319944731e-05,0.0,Germany,DEU,baden-wurttemberg,,,Linux-7.0.0-31-generic-x86_64-with-glibc2.43,3.14.4,3.3.0,24,Intel(R) Core(TM) Ultra 9 285K,1,1 x NVIDIA GeForce RTX 5090,9.2986,48.7383,60.81613540649414,machine,0.0,0.0,0.0,0.0,N
rollout_75,2026-09-17T20:47:56,td3_Ant-v5_seed85062,af58fbf6-8088-43f3-a3c9-5f04bb297aa2,0.23727308699744754,3.819490105785774e-06,1.6096855834179302e-05,31.94911688376738,91.55879052440415,20.0,2.378756069671209e-06,6.326116171906371e-06,1.3213519500115435e-06,1.002622419158869e-05,0.0,Germany,DEU,baden-wurttemberg,,,Linux-7.0.0-31-generic-x86_64-with-glibc2.43,3.14.4,3.3.0,24,Intel(R) Core(TM) Ultra 9 285K,1,1 x NVIDIA GeForce RTX 5090,9.2986,48.7383,60.81613540649414,machine,0.0,0.0,0.0,0.0,N
gradient_updates_75,2026-09-17T20:47:58,td3_Ant-v5_seed85062,af58fbf6-8088-43f3-a3c9-5f04bb297aa2,1.9885227310005575,3.4315350843321015e-05,1.7256773140369802e-05,31.95060435239009,91.70591628319114,20.0,1.5864552136077292e-05,6.316755053403789e-05,1.1046256283346557e-05,9.007835895346109e-05,0.0,Germany,DEU,baden-wurttemberg,,,Linux-7.0.0-31-generic-x86_64-with-glibc2.43,3.14.4,3.3.0,24,Intel(R) Core(TM) Ultra 9 285K,1,1 x NVIDIA GeForce RTX 5090,9.2986,48.7383,60.81613540649414,machine,0.0,0.0,0.0,0.0,N
rollout_76,2026-09-17T20:47:58,td3_Ant-v5_seed85062,af58fbf6-8088-43f3-a3c9-5f04bb297aa2,0.2346037149982294,2.7589326746756127e-06,1.1759448255437499e-05,31.973070828033816,91.47316823547106,20.0,2.330775753508346e-06,3.6088917759746764e-06,1.302576005562375e-06,7.242243535045614e-06,0.0,Germany,DEU,baden-wurttemberg,,,Linux-7.0.0-31-generic-x86_64-with-glibc2.43,3.14.4,3.3.0,24,Intel(R) Core(TM) Ultra 9 285K,1,1 x NVIDIA GeForce RTX 5090,9.2986,48.7383,60.81613540649414,machine,0.0,0.0,0.0,0.0,N
gradient_updates_76,2026-09-17T20:48:00,td3_Ant-v5_seed85062,af58fbf6-8088-43f3-a3c9-5f04bb297aa2,1.9868127500012633,3.404616251268151e-05,1.7136152116913338e-05,31.97294519981543,91.61335050076013,20.0,1.571772896306195e-05,6.261866120604864e-05,1.1035345000022425e-05,8.937173516913345e-05,0.0,Germany,DEU,baden-wurttemberg,,,Linux-7.0.0-31-generic-x86_64-with-glibc2.43,3.14.4,3.3.0,24,Intel(R) Core(TM) Ultra 9 285K,1,1 x NVIDIA GeForce RTX 5090,9.2986,48.7383,60.81613540649414,machine,0.0,0.0,0.0,0.0,N
rollout_77,2026-09-17T20:48:00,td3_Ant-v5_seed85062,af58fbf6-8088-43f3-a3c9-5f04bb297aa2,0.24270698400505353,2.9287149043632707e-06,1.2066676109019153e-05,31.996339378897446,91.4017760470006,20.0,2.4249394399503132e-06,3.916947577953245e-06,1.3460376555789015e-06,7.687924673482893e-06,0.0,Germany,DEU,baden-wurttemberg,,,Linux-7.0.0-31-generic-x86_64-with-glibc2.43,3.14.4,3.3.0,24,Intel(R) Core(TM) Ultra 9 285K,1,1 x NVIDIA GeForce RTX 5090,9.2986,48.7383,60.81613540649414,machine,0.0,0.0,0.0,0.0,N
gradient_updates_77,2026-09-17T20:48:02,td3_Ant-v5_seed85062,af58fbf6-8088-43f3-a3c9-5f04bb297aa2,1.988953093001328,3.374441251981133e-05,1.69659708013452e-05,31.995681675047496,91.5326728332748,20.0,1.554818688298369e-05,6.198449403205242e-05,1.1046955572197124e-05,8.85796364872328e-05,0.0,Germany,DEU,baden-wurttemberg,,,Linux-7.0.0-31-generic-x86_64-with-glibc2.43,3.14.4,3.3.0,24,Intel(R) Core(TM) Ultra 9 285K,1,1 x NVIDIA GeForce RTX 5090,9.2986,48.7383,60.81613540649414,machine,0.0,0.0,0.0,0.0,N
rollout_78,2026-09-17T20:48:03,td3_Ant-v5_seed85062,af58fbf6-8088-43f3-a3c9-5f04bb297aa2,0.24141414499899838,3.833539168528362e-06,1.587805677805659e-05,32.01685560322236,91.55091628186081,20.0,2.3927266364007216e-06,6.3302828420264134e-06,1.3400937333546935e-06,1.0063103211782262e-05,0.0,Germany,DEU,baden-wurttemberg,,,Linux-7.0.0-31-generic-x86_64-with-glibc2.43,3.14.4,3.3.0,24,Intel(R) Core(TM) Ultra 9 285K,1,1 x NVIDIA GeForce RTX 5090,9.2986,48.7383,60.81613540649414,machine,0.0,0.0,0.0,0.0,N
gradient_updates_78,2026-09-17T20:48:05,td3_Ant-v5_seed85062,af58fbf6-8088-43f3-a3c9-5f04bb297aa2,1.9802439490013057,3.419615374236412e-05,1.7268716920340572e-05,32.01580352736914,91.69580473667048,20.0,1.5588690526499235e-05,6.317810609801633e-05,1.0998667983343029e-05,8.976546460785946e-05,0.0,Germany,DEU,baden-wurttemberg,,,Linux-7.0.0-31-generic-x86_64-with-glibc2.43,3.14.4,3.3.0,24,Intel(R) Core(TM) Ultra 9 285K,1,1 x NVIDIA GeForce RTX 5090,9.2986,48.7383,60.81613540649414,machine,0.0,0.0,0.0,0.0,N
rollout_79,2026-09-17T20:48:05,td3_Ant-v5_seed85062,af58fbf6-8088-43f3-a3c9-5f04bb297aa2,0.23575392000202555,2.713879559607113e-06,1.151165977629062e-05,32.03813537141011,91.45625895619519,20.0,2.353664105151157e-06,3.461669435878001e-06,1.3086448278044286e-06,7.12397836883337e-06,0.0,Germany,DEU,baden-wurttemberg,,,Linux-7.0.0-31-generic-x86_64-with-glibc2.43,3.14.4,3.3.0,24,Intel(R) Core(TM) Ultra 9 285K,1,1 x NVIDIA GeForce RTX 5090,9.2986,48.7383,60.81613540649414,machine,0.0,0.0,0.0,0.0,N
gradient_updates_79,2026-09-17T20:48:07,td3_Ant-v5_seed85062,af58fbf6-8088-43f3-a3c9-5f04bb297aa2,1.976940600994567,3.396469297754518e-05,1.718051407168999e-05,32.03687454559037,91.59587720569135,20.0,1.5419555668968327e-05,6.275060575600122e-05,1.098771487781456e-05,8.915787630278324e-05,0.0,Germany,DEU,baden-wurttemberg,,,Linux-7.0.0-31-generic-x86_64-with-glibc2.43,3.14.4,3.3.0,24,Intel(R) Core(TM) Ultra 9 285K,1,1 x NVIDIA GeForce RTX 5090,9.2986,48.7383,60.81613540649414,machine,0.0,0.0,0.0,0.0,N
rollout_80,2026-09-17T20:48:07,td3_Ant-v5_seed85062,af58fbf6-8088-43f3-a3c9-5f04bb297aa2,0.2537902030016994,2.7131009567335322e-06,1.0690538342833419e-05,32.01785137745553,91.35244439177548,20.0,2.0603908149775113e-06,3.649447364084679e-06,1.41209634445358e-06,7.121934523516421e-06,0.0,Germany,DEU,baden-wurttemberg,,,Linux-7.0.0-31-generic-x86_64-with-glibc2.43,3.14.4,3.3.0,24,Intel(R) Core(TM) Ultra 9 285K,1,1 x NVIDIA GeForce RTX 5090,9.2986,48.7383,60.81613540649414,machine,0.0,0.0,0.0,0.0,N
gradient_updates_80,2026-09-17T20:48:09,td3_Ant-v5_seed85062,af58fbf6-8088-43f3-a3c9-5f04bb297aa2,1.9899607350016595,3.399581683258051e-05,1.708373373763583e-05,31.999050465230297,91.48076774942933,20.0,1.5999185021559753e-05,6.218782752798191e-05,1.1052564383337267e-05,8.923957693287958e-05,0.0,Germany,DEU,baden-wurttemberg,,,Linux-7.0.0-31-generic-x86_64-with-glibc2.43,3.14.4,3.3.0,24,Intel(R) Core(TM) Ultra 9 285K,1,1 x NVIDIA GeForce RTX 5090,9.2986,48.7383,60.81613540649414,machine,0.0,0.0,0.0,0.0,N
rollout_81,2026-09-17T20:48:09,td3_Ant-v5_seed85062,af58fbf6-8088-43f3-a3c9-5f04bb297aa2,0.24060430900135543,3.844024033730978e-06,1.597631351653215e-05,32.02329999770786,91.50080536585995,20.0,2.4280588868889202e-06,6.3280606180660115e-06,1.3345066500025215e-06,1.0090626154956803e-05,0.0,Germany,DEU,baden-wurttemberg,,,Linux-7.0.0-31-generic-x86_64-with-glibc2.43,3.14.4,3.3.0,24,Intel(R) Core(TM) Ultra 9 285K,1,1 x NVIDIA GeForce RTX 5090,9.2986,48.7383,60.81613540649414,machine,0.0,0.0,0.0,0.0,N
gradient_updates_81,2026-09-17T20:48:11,td3_Ant-v5_seed85062,af58fbf6-8088-43f3-a3c9-5f04bb297aa2,1.9879076700017322,3.43660390300011e-05,1.7287592533922795e-05,32.02625017998419,91.63769663682706,20.0,1.6033958104932564e-05,6.313643939792613e-05,1.1041018772246173e-05,9.021141627510443e-05,0.0,Germany,DEU,baden-wurttemberg,,,Linux-7.0.0-31-generic-x86_64-with-glibc2.43,3.14.4,3.3.0,24,Intel(R) Core(TM) Ultra 9 285K,1,1 x NVIDIA GeForce RTX 5090,9.2986,48.7383,60.81613540649414,machine,0.0,0.0,0.0,0.0,N
rollout_82,2026-09-17T20:48:11,td3_Ant-v5_seed85062,af58fbf6-8088-43f3-a3c9-5f04bb297aa2,0.2410406109993346,2.759164129419872e-06,1.1446121649002361e-05,32.04913841579098,91.40214633436078,20.0,2.422226937781255e-06,3.4830583419687144e-06,1.337565827796202e-06,7.242851107546605e-06,0.0,Germany,DEU,baden-wurttemberg,,,Linux-7.0.0-31-generic-x86_64-with-glibc2.43,3.14.4,3.3.0,24,Intel(R) Core(TM) Ultra 9 285K,1,1 x NVIDIA GeForce RTX 5090,9.2986,48.7383,60.81613540649414,machine,0.0,0.0,0.0,0.0,N
gradient_updates_82,2026-09-17T20:48:13,td3_Ant-v5_seed85062,af58fbf6-8088-43f3-a3c9-5f04bb297aa2,1.9887083770008758,3.407330113626948e-05,1.7133453466535616e-05,32.050422320748055,91.53142843680791,20.0,1.584844545652296e-05,6.254893892809754e-05,1.1045590116676336e-05,8.94429745012977e-05,0.0,Germany,DEU,baden-wurttemberg,,,Linux-7.0.0-31-generic-x86_64-with-glibc2.43,3.14.4,3.3.0,24,Intel(R) Core(TM) Ultra 9 285K,1,1 x NVIDIA GeForce RTX 5090,9.2986,48.7383,60.81613540649414,machine,0.0,0.0,0.0,0.0,N
rollout_83,2026-09-17T20:48:14,td3_Ant-v5_seed85062,af58fbf6-8088-43f3-a3c9-5f04bb297aa2,0.2431161010026699,2.9630353369208134e-06,1.218755906070328e-05,32.07443698169305,91.34192868630494,20.0,2.460475301710452e-06,3.976947625883298e-06,1.3405934444260439e-06,7.77801637202001e-06,0.0,Germany,DEU,baden-wurttemberg,,,Linux-7.0.0-31-generic-x86_64-with-glibc2.43,3.14.4,3.3.0,24,Intel(R) Core(TM) Ultra 9 285K,1,1 x NVIDIA GeForce RTX 5090,9.2986,48.7383,60.81613540649414,machine,0.0,0.0,0.0,0.0,N
gradient_updates_83,2026-09-17T20:48:16,td3_Ant-v5_seed85062,af58fbf6-8088-43f3-a3c9-5f04bb297aa2,1.9821462059990154,3.394157280707912e-05,1.7123735661813583e-05,32.07659401693447,91.4689628949659,20.0,1.584739434457201e-05,6.224060534809617e-05,1.100918578332403e-05,8.909718547599199e-05,0.0,Germany,DEU,baden-wurttemberg,,,Linux-7.0.0-31-generic-x86_64-with-glibc2.43,3.14.4,3.3.0,24,Intel(R) Core(TM) Ultra 9 285K,1,1 x NVIDIA GeForce RTX 5090,9.2986,48.7383,60.81613540649414,machine,0.0,0.0,0.0,0.0,N
rollout_84,2026-09-17T20:48:16,td3_Ant-v5_seed85062,af58fbf6-8088-43f3-a3c9-5f04bb297aa2,0.24251474699849496,3.847598093452333e-06,1.5865278162280164e-05,32.10087757353959,91.48081027094976,20.0,2.4626625256835705e-06,6.291949477987835e-06,1.3453961166911329e-06,1.0100008120362755e-05,0.0,Germany,DEU,baden-wurttemberg,,,Linux-7.0.0-31-generic-x86_64-with-glibc2.43,3.14.4,3.3.0,24,Intel(R) Core(TM) Ultra 9 285K,1,1 x NVIDIA GeForce RTX 5090,9.2986,48.7383,60.81613540649414,machine,0.0,0.0,0.0,0.0,N
gradient_updates_84,2026-09-17T20:48:18,td3_Ant-v5_seed85062,af58fbf6-8088-43f3-a3c9-5f04bb297aa2,1.985651898998185,3.4313811692996896e-05,1.7281022078473696e-05,32.1029646990774,91.61464228741652,20.0,1.58294737746794e-05,6.321616168392108e-05,1.1028683200008018e-05,9.007431865860893e-05,0.0,Germany,DEU,baden-wurttemberg,,,Linux-7.0.0-31-generic-x86_64-with-glibc2.43,3.14.4,3.3.0,24,Intel(R) Core(TM) Ultra 9 285K,1,1 x NVIDIA GeForce RTX 5090,9.2986,48.7383,60.81613540649414,machine,0.0,0.0,0.0,0.0,N
rollout_85,2026-09-17T20:48:18,td3_Ant-v5_seed85062,af58fbf6-8088-43f3-a3c9-5f04bb297aa2,0.26796703299623914,2.7110739415064228e-06,1.0116725662404907e-05,32.08441324905118,91.35558081294998,20.0,2.1660661772941736e-06,3.462780547969224e-06,1.4877668500249894e-06,7.1166135752892545e-06,0.0,Germany,DEU,baden-wurttemberg,,,Linux-7.0.0-31-generic-x86_64-with-glibc2.43,3.14.4,3.3.0,24,Intel(R) Core(TM) Ultra 9 285K,1,1 x NVIDIA GeForce RTX 5090,9.2986,48.7383,60.81613540649414,machine,0.0,0.0,0.0,0.0,N
gradient_updates_85,2026-09-17T20:48:20,td3_Ant-v5_seed85062,af58fbf6-8088-43f3-a3c9-5f04bb297aa2,1.9863709229975939,3.3822955617861944e-05,1.7027609622781666e-05,32.06436173366691,91.47717842552507,20.0,1.56173261049615e-05,6.213588304215811e-05,1.1032604261102539e-05,8.878581340822193e-05,0.0,Germany,DEU,baden-wurttemberg,,,Linux-7.0.0-31-generic-x86_64-with-glibc2.43,3.14.4,3.3.0,24,Intel(R) Core(TM) Ultra 9 285K,1,1 x NVIDIA GeForce RTX 5090,9.2986,48.7383,60.81613540649414,machine,0.0,0.0,0.0,0.0,N
rollout_86,2026-09-17T20:48:20,td3_Ant-v5_seed85062,af58fbf6-8088-43f3-a3c9-5f04bb297aa2,0.2438393369957339,3.5512422559961544e-06,1.4562357827444914e-05,32.042255240753384,91.46393157248411,20.0,1.927351264101665e-06,6.040004831953105e-06,1.3547130888684044e-06,9.322069184922524e-06,0.0,Germany,DEU,baden-wurttemberg,,,Linux-7.0.0-31-generic-x86_64-with-glibc2.43,3.14.4,3.3.0,24,Intel(R) Core(TM) Ultra 9 285K,1,1 x NVIDIA GeForce RTX 5090,9.2986,48.7383,60.81613540649414,machine,0.0,0.0,0.0,0.0,N
gradient_updates_86,2026-09-17T20:48:22,td3_Ant-v5_seed85062,af58fbf6-8088-43f3-a3c9-5f04bb297aa2,1.9978184710053029,3.428721658791864e-05,1.71624314824262e-05,32.02206599315945,91.58802462045112,20.0,1.597867056070401e-05,6.29303281218796e-05,1.1095507388866627e-05,9.00045060714498e-05,0.0,Germany,DEU,baden-wurttemberg,,,Linux-7.0.0-31-generic-x86_64-with-glibc2.43,3.14.4,3.3.0,24,Intel(R) Core(TM) Ultra 9 285K,1,1 x NVIDIA GeForce RTX 5090,9.2986,48.7383,60.81613540649414,machine,0.0,0.0,0.0,0.0,N
rollout_87,2026-09-17T20:48:23,td3_Ant-v5_seed85062,af58fbf6-8088-43f3-a3c9-5f04bb297aa2,0.2354844020010205,2.75204904088373e-06,1.1686270904177368e-05,32.04405395732362,91.37806471040824,20.0,2.371381063770092e-06,3.5452806140812143e-06,1.3075122055549674e-06,7.224173883406057e-06,0.0,Germany,DEU,baden-wurttemberg,,,Linux-7.0.0-31-generic-x86_64-with-glibc2.43,3.14.4,3.3.0,24,Intel(R) Core(TM) Ultra 9 285K,1,1 x NVIDIA GeForce RTX 5090,9.2986,48.7383,60.81613540649414,machine,0.0,0.0,0.0,0.0,N
gradient_updates_87,2026-09-17T20:48:25,td3_Ant-v5_seed85062,af58fbf6-8088-43f3-a3c9-5f04bb297aa2,2.007142770002247,3.3494345301501166e-05,1.6687702568301396e-05,32.04782621672067,91.48997895213878,20.0,1.4669994513764884e-05,6.210477190604635e-05,1.1148439516667523e-05,8.792320593647811e-05,0.0,Germany,DEU,baden-wurttemberg,,,Linux-7.0.0-31-generic-x86_64-with-glibc2.43,3.14.4,3.3.0,24,Intel(R) Core(TM) Ultra 9 285K,1,1 x NVIDIA GeForce RTX 5090,9.2986,48.7383,60.81613540649414,machine,0.0,0.0,0.0,0.0,N
rollout_88,2026-09-17T20:48:25,td3_Ant-v5_seed85062,af58fbf6-8088-43f3-a3c9-5f04bb297aa2,0.2479745360033121,3.556711999530126e-06,1.434282598229597e-05,32.02882142860103,91.46380684525535,20.0,1.987776034665517e-06,5.972504777851384e-06,1.3761465389203024e-06,9.336427351437637e-06,0.0,Germany,DEU,baden-wurttemberg,,,Linux-7.0.0-31-generic-x86_64-with-glibc2.43,3.14.4,3.3.0,24,Intel(R) Core(TM) Ultra 9 285K,1,1 x NVIDIA GeForce RTX 5090,9.2986,48.7383,60.81613540649414,machine,0.0,0.0,0.0,0.0,N
gradient_updates_88,2026-09-17T20:48:27,td3_Ant-v5_seed85062,af58fbf6-8088-43f3-a3c9-5f04bb297aa2,1.991965645000164,3.317408329708187e-05,1.6654008306945338e-05,32.01163768073603,91.55608276784405,20.0,1.6179153776645777e-05,5.9839492316138276e-05,1.1063866827761438e-05,8.708251292054506e-05,0.0,Germany,DEU,baden-wurttemberg,,,Linux-7.0.0-31-generic-x86_64-with-glibc2.43,3.14.4,3.3.0,24,Intel(R) Core(TM) Ultra 9 285K,1,1 x NVIDIA GeForce RTX 5090,9.2986,48.7383,60.81613540649414,machine,0.0,0.0,0.0,0.0,N
rollout_89,2026-09-17T20:48:27,td3_Ant-v5_seed85062,af58fbf6-8088-43f3-a3c9-5f04bb297aa2,0.24055699900054606,2.7601663491827813e-06,1.147349396123348e-05,32.03211076755073,91.3384368594955,20.0,2.4189886018537166e-06,3.4850027879063106e-06,1.3414905611068995e-06,7.245481950867577e-06,0.0,Germany,DEU,baden-wurttemberg,,,Linux-7.0.0-31-generic-x86_64-with-glibc2.43,3.14.4,3.3.0,24,Intel(R) Core(TM) Ultra 9 285K,1,1 x NVIDIA GeForce RTX 5090,9.2986,48.7383,60.81613540649414,machine,0.0,0.0,0.0,0.0,N
gradient_updates_89,2026-09-17T20:48:29,td3_Ant-v5_seed85062,af58fbf6-8088-43f3-a3c9-5f04bb297aa2,1.9895055770030012,3.4160312159087734e-05,1.717034148669396e-05,32.034518727377765,91.45708103132824,20.0,1.6157333759187972e-05,6.246393886011337e-05,1.1050107244429562e-05,8.967137986373025e-05,0.0,Germany,DEU,baden-wurttemberg,,,Linux-7.0.0-31-generic-x86_64-with-glibc2.43,3.14.4,3.3.0,24,Intel(R) Core(TM) Ultra 9 285K,1,1 x NVIDIA GeForce RTX 5090,9.2986,48.7383,60.81613540649414,machine,0.0,0.0,0.0,0.0,N
rollout_90,2026-09-17T20:48:29,td3_Ant-v5_seed85062,af58fbf6-8088-43f3-a3c9-5f04bb297aa2,0.24713524900289485,2.990761779689266e-06,1.210055790712682e-05,32.058811153814105,91.27324452360153,20.0,2.5266984102472606e-06,3.9527809400086156e-06,1.3713193889189693e-06,7.850798739175713e-06,0.0,Germany,DEU,baden-wurttemberg,,,Linux-7.0.0-31-generic-x86_64-with-glibc2.43,3.14.4,3.3.0,24,Intel(R) Core(TM) Ultra 9 285K,1,1 x NVIDIA GeForce RTX 5090,9.2986,48.7383,60.81613540649414,machine,0.0,0.0,0.0,0.0,N
gradient_updates_90,2026-09-17T20:48:31,td3_Ant-v5_seed85062,af58fbf6-8088-43f3-a3c9-5f04bb297aa2,1.9864075439982116,3.393742948498528e-05,1.708494227211555e-05,32.061971558743075,91.38893041695384,20.0,1.5897205773308942e-05,6.215671639198117e-05,1.1032387022229815e-05,8.908630918751971e-05,0.0,Germany,DEU,baden-wurttemberg,,,Linux-7.0.0-31-generic-x86_64-with-glibc2.43,3.14.4,3.3.0,24,Intel(R) Core(TM) Ultra 9 285K,1,1 x NVIDIA GeForce RTX 5090,9.2986,48.7383,60.81613540649414,machine,0.0,0.0,0.0,0.0,N
rollout_91,2026-09-17T20:48:32,td3_Ant-v5_seed85062,af58fbf6-8088-43f3-a3c9-5f04bb297aa2,0.24763251999684144,3.90971565983507e-06,1.5788081927461e-05,32.083226379552336,91.39839098834823,20.0,2.495723107686504e-06,6.394727337988293e-06,1.372617305565307e-06,1.026306775124032e-05,0.0,Germany,DEU,baden-wurttemberg,,,Linux-7.0.0-31-generic-x86_64-with-glibc2.43,3.14.4,3.3.0,24,Intel(R) Core(TM) Ultra 9 285K,1,1 x NVIDIA GeForce RTX 5090,9.2986,48.7383,60.81613540649414,machine,0.0,0.0,0.0,0.0,N
gradient_updates_91,2026-09-17T20:48:34,td3_Ant-v5_seed85062,af58fbf6-8088-43f3-a3c9-5f04bb297aa2,1.9927697940001963,3.38986541066847e-05,1.701088335029456e-05,32.0800291834199,91.51820041934866,20.0,1.4935751115259174e-05,6.298088371803345e-05,1.1067888350023772e-05,8.89845231833164e-05,0.0,Germany,DEU,baden-wurttemberg,,,Linux-7.0.0-31-generic-x86_64-with-glibc2.43,3.14.4,3.3.0,24,Intel(R) Core(TM) Ultra 9 285K,1,1 x NVIDIA GeForce RTX 5090,9.2986,48.7383,60.81613540649414,machine,0.0,0.0,0.0,0.0,N
rollout_92,2026-09-17T20:48:34,td3_Ant-v5_seed85062,af58fbf6-8088-43f3-a3c9-5f04bb297aa2,0.2535203419975005,2.680879429786502e-06,1.057414793967655e-05,32.06020776136472,91.30187925313966,20.0,2.0237018967389497e-06,3.598613989908017e-06,1.4150365999941392e-06,7.0373524866419734e-06,0.0,Germany,DEU,baden-wurttemberg,,,Linux-7.0.0-31-generic-x86_64-with-glibc2.43,3.14.4,3.3.0,24,Intel(R) Core(TM) Ultra 9 285K,1,1 x NVIDIA GeForce RTX 5090,9.2986,48.7383,60.81613540649414,machine,0.0,0.0,0.0,0.0,N
gradient_updates_92,2026-09-17T20:48:36,td3_Ant-v5_seed85062,af58fbf6-8088-43f3-a3c9-5f04bb297aa2,1.992441032998613,3.3870672122063815e-05,1.6999652452604237e-05,32.041228023802084,91.41165838160359,20.0,1.5840816005975936e-05,6.200366071418273e-05,1.1066593294445804e-05,8.891107001460404e-05,0.0,Germany,DEU,baden-wurttemberg,,,Linux-7.0.0-31-generic-x86_64-with-glibc2.43,3.14.4,3.3.0,24,Intel(R) Core(TM) Ultra 9 285K,1,1 x NVIDIA GeForce RTX 5090,9.2986,48.7383,60.81613540649414,machine,0.0,0.0,0.0,0.0,N
rollout_93,2026-09-17T20:48:36,td3_Ant-v5_seed85062,af58fbf6-8088-43f3-a3c9-5f04bb297aa2,0.24462505200062878,3.8476838500126065e-06,1.5728709506189836e-05,32.058716443498966,91.42037602193169,20.0,2.422803049351163e-06,6.319727277825926e-06,1.3577029055644903e-06,1.0100233232741146e-05,0.0,Germany,DEU,baden-wurttemberg,,,Linux-7.0.0-31-generic-x86_64-with-glibc2.43,3.14.4,3.3.0,24,Intel(R) Core(TM) Ultra 9 285K,1,1 x NVIDIA GeForce RTX 5090,9.2986,48.7383,60.81613540649414,machine,0.0,0.0,0.0,0.0,N
gradient_updates_93,2026-09-17T20:48:38,td3_Ant-v5_seed85062,af58fbf6-8088-43f3-a3c9-5f04bb297aa2,1.9782065870022052,3.299578089954042e-05,1.6679784542689092e-05,32.05799638177344,91.51316898646411,20.0,1.5664306420323446e-05,5.996282574805001e-05,1.0987334033335343e-05,8.661446620170793e-05,0.0,Germany,DEU,baden-wurttemberg,,,Linux-7.0.0-31-generic-x86_64-with-glibc2.43,3.14.4,3.3.0,24,Intel(R) Core(TM) Ultra 9 285K,1,1 x NVIDIA GeForce RTX 5090,9.2986,48.7383,60.81613540649414,machine,0.0,0.0,0.0,0.0,N
rollout_94,2026-09-17T20:48:38,td3_Ant-v5_seed85062,af58fbf6-8088-43f3-a3c9-5f04bb297aa2,0.2367653000037535,2.732278284746023e-06,1.1539459475979532e-05,32.07625203151098,91.31014099886924,20.0,2.375043288923434e-06,3.4747250019506737e-06,1.3225070333040129e-06,7.172275324178121e-06,0.0,Germany,DEU,baden-wurttemberg,,,Linux-7.0.0-31-generic-x86_64-with-glibc2.43,3.14.4,3.3.0,24,Intel(R) Core(TM) Ultra 9 285K,1,1 x NVIDIA GeForce RTX 5090,9.2986,48.7383,60.81613540649414,machine,0.0,0.0,0.0,0.0,N
gradient_updates_94,2026-09-17T20:48:40,td3_Ant-v5_seed85062,af58fbf6-8088-43f3-a3c9-5f04bb297aa2,1.9878754269957426,3.3943947612867335e-05,1.7075550887886464e-05,32.07505097836528,91.42346847429394,20.0,1.5551594663487656e-05,6.250699444998453e-05,1.1044830266675708e-05,8.910341938014703e-05,0.0,Germany,DEU,baden-wurttemberg,,,Linux-7.0.0-31-generic-x86_64-with-glibc2.43,3.14.4,3.3.0,24,Intel(R) Core(TM) Ultra 9 285K,1,1 x NVIDIA GeForce RTX 5090,9.2986,48.7383,60.81613540649414,machine,0.0,0.0,0.0,0.0,N
rollout_95,2026-09-17T20:48:41,td3_Ant-v5_seed85062,af58fbf6-8088-43f3-a3c9-5f04bb297aa2,0.23544595600105822,2.871155545287364e-06,1.2194129406119315e-05,32.0906112085579,91.26089566397387,20.0,2.315008796448942e-06,3.914725353992843e-06,1.3070962611284962e-06,7.536830411570064e-06,0.0,Germany,DEU,baden-wurttemberg,,,Linux-7.0.0-31-generic-x86_64-with-glibc2.43,3.14.4,3.3.0,24,Intel(R) Core(TM) Ultra 9 285K,1,1 x NVIDIA GeForce RTX 5090,9.2986,48.7383,60.81613540649414,machine,0.0,0.0,0.0,0.0,N
gradient_updates_95,2026-09-17T20:48:43,td3_Ant-v5_seed85062,af58fbf6-8088-43f3-a3c9-5f04bb297aa2,2.005224337997788,3.322041196391571e-05,1.656698695411146e-05,32.09019089693609,91.36069977329252,20.0,1.4406373747310672e-05,6.166032710597236e-05,1.1137425577787026e-05,8.720412643106919e-05,0.0,Germany,DEU,baden-wurttemberg,,,Linux-7.0.0-31-generic-x86_64-with-glibc2.43,3.14.4,3.3.0,24,Intel(R) Core(TM) Ultra 9 285K,1,1 x NVIDIA GeForce RTX 5090,9.2986,48.7383,60.81613540649414,machine,0.0,0.0,0.0,0.0,N
rollout_96,2026-09-17T20:48:43,td3_Ant-v5_seed85062,af58fbf6-8088-43f3-a3c9-5f04bb297aa2,0.25295082700176863,3.6950660963295384e-06,1.4607753246817158e-05,32.069243831478296,91.35331129462831,20.0,1.981943529997046e-06,6.313616162101354e-06,1.404049433323092e-06,9.699609125422143e-06,0.0,Germany,DEU,baden-wurttemberg,,,Linux-7.0.0-31-generic-x86_64-with-glibc2.43,3.14.4,3.3.0,24,Intel(R) Core(TM) Ultra 9 285K,1,1 x NVIDIA GeForce RTX 5090,9.2986,48.7383,60.81613540649414,machine,0.0,0.0,0.0,0.0,N
gradient_updates_96,2026-09-17T20:48:45,td3_Ant-v5_seed85062,af58fbf6-8088-43f3-a3c9-5f04bb297aa2,1.9887731279959553,3.402600178189531e-05,1.7109114059535876e-05,32.04968609623471,91.4649403335674,20.0,1.573176675206782e-05,6.255032781798953e-05,1.1036718349997617e-05,8.931881292005561e-05,0.0,Germany,DEU,baden-wurttemberg,,,Linux-7.0.0-31-generic-x86_64-with-glibc2.43,3.14.4,3.3.0,24,Intel(R) Core(TM) Ultra 9 285K,1,1 x NVIDIA GeForce RTX 5090,9.2986,48.7383,60.81613540649414,machine,0.0,0.0,0.0,0.0,N
rollout_97,2026-09-17T20:48:45,td3_Ant-v5_seed85062,af58fbf6-8088-43f3-a3c9-5f04bb297aa2,0.2406385060021421,2.882516340086197e-06,1.197808164387573e-05,32.06984222136316,91.2902664925661,20.0,2.4297033326490386e-06,3.800836373857308e-06,1.336112977797909e-06,7.566652684304689e-06,0.0,Germany,DEU,baden-wurttemberg,,,Linux-7.0.0-31-generic-x86_64-with-glibc2.43,3.14.4,3.3.0,24,Intel(R) Core(TM) Ultra 9 285K,1,1 x NVIDIA GeForce RTX 5090,9.2986,48.7383,60.81613540649414,machine,0.0,0.0,0.0,0.0,N
gradient_updates_97,2026-09-17T20:48:47,td3_Ant-v5_seed85062,af58fbf6-8088-43f3-a3c9-5f04bb297aa2,1.9831772149991593,3.3733652609441514e-05,1.700996118173804e-05,32.07001041962559,91.3972467844341,20.0,1.5531537980777166e-05,6.200504960407471e-05,1.1014803961127868e-05,8.855139154598062e-05,0.0,Germany,DEU,baden-wurttemberg,,,Linux-7.0.0-31-generic-x86_64-with-glibc2.43,3.14.4,3.3.0,24,Intel(R) Core(TM) Ultra 9 285K,1,1 x NVIDIA GeForce RTX 5090,9.2986,48.7383,60.81613540649414,machine,0.0,0.0,0.0,0.0,N
rollout_98,2026-09-17T20:48:47,td3_Ant-v5_seed85062,af58fbf6-8088-43f3-a3c9-5f04bb297aa2,0.2380549389999942,3.0022701175864974e-06,1.2610434566079874e-05,32.0830842756593,91.26178555136292,20.0,2.3128385169355475e-06,4.247503398002728e-06,1.3206664000284425e-06,7.881008314966284e-06,0.0,Germany,DEU,baden-wurttemberg,,,Linux-7.0.0-31-generic-x86_64-with-glibc2.43,3.14.4,3.3.0,24,Intel(R) Core(TM) Ultra 9 285K,1,1 x NVIDIA GeForce RTX 5090,9.2986,48.7383,60.81613540649414,machine,0.0,0.0,0.0,0.0,N
gradient_updates_98,2026-09-17T20:48:49,td3_Ant-v5_seed85062,af58fbf6-8088-43f3-a3c9-5f04bb297aa2,1.9798513739951886,3.3668587596060937e-05,1.7005665320792644e-05,32.07997368345278,91.36731071556879,20.0,1.5541337433059785e-05,6.184282725196777e-05,1.0996430133349824e-05,8.83805948183776e-05,0.0,Germany,DEU,baden-wurttemberg,,,Linux-7.0.0-31-generic-x86_64-with-glibc2.43,3.14.4,3.3.0,24,Intel(R) Core(TM) Ultra 9 285K,1,1 x NVIDIA GeForce RTX 5090,9.2986,48.7383,60.81613540649414,machine,0.0,0.0,0.0,0.0,N
rollout_99,2026-09-17T20:48:50,td3_Ant-v5_seed85062,af58fbf6-8088-43f3-a3c9-5f04bb297aa2,0.23871135999797843,3.8231388044176334e-06,1.6015723293534233e-05,32.09479088103019,91.39060753508072,20.0,2.3451360427750867e-06,6.365838425947956e-06,1.3248276166349764e-06,1.0035802085358453e-05,0.0,Germany,DEU,baden-wurttemberg,,,Linux-7.0.0-31-generic-x86_64-with-glibc2.43,3.14.4,3.3.0,24,Intel(R) Core(TM) Ultra 9 285K,1,1 x NVIDIA GeForce RTX 5090,9.2986,48.7383,60.81613540649414,machine,0.0,0.0,0.0,0.0,N
gradient_updates_99,2026-09-17T20:48:52,td3_Ant-v5_seed85062,af58fbf6-8088-43f3-a3c9-5f04bb297aa2,2.0063992260038503,3.346542456096006e-05,1.6679419167722122e-05,32.09341425777668,91.49371279085778,20.0,1.4114388791503299e-05,6.258866118213913e-05,1.1144238544430777e-05,8.784728851807255e-05,0.0,Germany,DEU,baden-wurttemberg,,,Linux-7.0.0-31-generic-x86_64-with-glibc2.43,3.14.4,3.3.0,24,Intel(R) Core(TM) Ultra 9 285K,1,1 x NVIDIA GeForce RTX 5090,9.2986,48.7383,60.81613540649414,machine,0.0,0.0,0.0,0.0,N
idle_baseline_tail,2026-09-17T20:50:22,td3_Ant-v5_seed85062,af58fbf6-8088-43f3-a3c9-5f04bb297aa2,90.00374437499704,0.0006492732726850001,7.213847877965362e-06,32.059536386977385,91.20920675718632,20.0,0.0003679544543633284,0.000836385391329908,0.0005000131473110944,0.0017043529930043308,0.0,Germany,DEU,baden-wurttemberg,,,Linux-7.0.0-31-generic-x86_64-with-glibc2.43,3.14.4,3.3.0,24,Intel(R) Core(TM) Ultra 9 285K,1,1 x NVIDIA GeForce RTX 5090,9.2986,48.7383,60.81613540649414,machine,0.0,0.0,0.0,0.0,N
