task_name,timestamp,project_name,run_id,duration,emissions,emissions_rate,cpu_power,gpu_power,ram_power,cpu_energy,gpu_energy,ram_energy,energy_consumed,water_consumed,country_name,country_iso_code,region,cloud_provider,cloud_region,os,python_version,codecarbon_version,cpu_count,cpu_model,gpu_count,gpu_model,longitude,latitude,ram_total_size,tracking_mode,cpu_utilization_percent,gpu_utilization_percent,ram_utilization_percent,ram_used_gb,on_cloud
idle_baseline_head,2026-09-12T21:37:55,sac_Ant-v5_seed43611,541bbc18-2ae8-4e08-ae96-1d6639e16987,90.00325131200043,0.0007082299237562075,7.868936680262235e-06,12.70297084604627,18.50003610449567,20.0,0.00038526482487828695,0.0009567110431460135,0.0005171393013055523,0.0018591151693298528,0.0,Germany,DEU,baden-wurttemberg,,,Linux-7.0.0-31-generic-x86_64-with-glibc2.43,3.14.4,3.3.0,24,Intel(R) Core(TM) Ultra 9 285K,1,1 x NVIDIA GeForce RTX 5090,9.2986,48.7383,60.816158294677734,machine,0.0,0.0,0.0,0.0,N
warmup_0,2026-09-12T21:37:56,sac_Ant-v5_seed43611,541bbc18-2ae8-4e08-ae96-1d6639e16987,0.665887474999181,8.003106151106918e-06,1.201857812226461e-05,20.68612140664606,31.3258536925199,20.0,6.80138988555512e-06,1.0516119523990008e-05,3.69077553889134e-06,2.100828494843647e-05,0.0,Germany,DEU,baden-wurttemberg,,,Linux-7.0.0-31-generic-x86_64-with-glibc2.43,3.14.4,3.3.0,24,Intel(R) Core(TM) Ultra 9 285K,1,1 x NVIDIA GeForce RTX 5090,9.2986,48.7383,60.816158294677734,machine,0.0,0.0,0.0,0.0,N
rollout_0,2026-09-12T21:37:56,sac_Ant-v5_seed43611,541bbc18-2ae8-4e08-ae96-1d6639e16987,0.473178143000041,6.051130413530534e-06,1.2788444295314801e-05,23.597506583978703,40.614449628348126,20.0,4.266740080055564e-06,8.99195163800437e-06,2.6256248944365665e-06,1.58843166124965e-05,0.0,Germany,DEU,baden-wurttemberg,,,Linux-7.0.0-31-generic-x86_64-with-glibc2.43,3.14.4,3.3.0,24,Intel(R) Core(TM) Ultra 9 285K,1,1 x NVIDIA GeForce RTX 5090,9.2986,48.7383,60.816158294677734,machine,0.0,0.0,0.0,0.0,N
gradient_updates_0,2026-09-12T21:38:01,sac_Ant-v5_seed43611,541bbc18-2ae8-4e08-ae96-1d6639e16987,4.5309244399995805,5.4518862314844674e-05,1.2032627127853795e-05,25.041143761761756,46.28193465782272,20.0,3.1166038543917196e-05,8.677701386600178e-05,2.516985562222337e-05,0.00014311290803214246,0.0,Germany,DEU,baden-wurttemberg,,,Linux-7.0.0-31-generic-x86_64-with-glibc2.43,3.14.4,3.3.0,24,Intel(R) Core(TM) Ultra 9 285K,1,1 x NVIDIA GeForce RTX 5090,9.2986,48.7383,60.816158294677734,machine,0.0,0.0,0.0,0.0,N
rollout_1,2026-09-12T21:38:01,sac_Ant-v5_seed43611,541bbc18-2ae8-4e08-ae96-1d6639e16987,0.3595892769990314,4.515672835884196e-06,1.2557622482165592e-05,25.113144077225527,50.748531542340494,20.0,2.5588098248180424e-06,7.298061393989919e-06,1.9968440611086444e-06,1.1853715279916497e-05,0.0,Germany,DEU,baden-wurttemberg,,,Linux-7.0.0-31-generic-x86_64-with-glibc2.43,3.14.4,3.3.0,24,Intel(R) Core(TM) Ultra 9 285K,1,1 x NVIDIA GeForce RTX 5090,9.2986,48.7383,60.816158294677734,machine,0.0,0.0,0.0,0.0,N
gradient_updates_1,2026-09-12T21:38:05,sac_Ant-v5_seed43611,541bbc18-2ae8-4e08-ae96-1d6639e16987,4.147933018000913,5.0270404873071855e-05,1.2119403153617342e-05,25.117340498108952,53.59927094909851,20.0,2.7458668078031434e-05,8.145978738999249e-05,2.304218207777411e-05,0.00013196063754579825,0.0,Germany,DEU,baden-wurttemberg,,,Linux-7.0.0-31-generic-x86_64-with-glibc2.43,3.14.4,3.3.0,24,Intel(R) Core(TM) Ultra 9 285K,1,1 x NVIDIA GeForce RTX 5090,9.2986,48.7383,60.816158294677734,machine,0.0,0.0,0.0,0.0,N
rollout_2,2026-09-12T21:38:06,sac_Ant-v5_seed43611,541bbc18-2ae8-4e08-ae96-1d6639e16987,0.3654306339994946,3.887510454774314e-06,1.0637482178926984e-05,25.331651588168825,53.594672849769324,20.0,2.7392527469499717e-06,5.436115460027979e-06,2.0294105166714007e-06,1.0204778723649569e-05,0.0,Germany,DEU,baden-wurttemberg,,,Linux-7.0.0-31-generic-x86_64-with-glibc2.43,3.14.4,3.3.0,24,Intel(R) Core(TM) Ultra 9 285K,1,1 x NVIDIA GeForce RTX 5090,9.2986,48.7383,60.816158294677734,machine,0.0,0.0,0.0,0.0,N
gradient_updates_2,2026-09-12T21:38:10,sac_Ant-v5_seed43611,541bbc18-2ae8-4e08-ae96-1d6639e16987,3.920948605000376,4.821223636423109e-05,1.2296084575092368e-05,25.476318615884846,55.43410632631756,20.0,2.8375244922398957e-05,7.640089445398734e-05,2.1781772066666798e-05,0.0001265579114430532,0.0,Germany,DEU,baden-wurttemberg,,,Linux-7.0.0-31-generic-x86_64-with-glibc2.43,3.14.4,3.3.0,24,Intel(R) Core(TM) Ultra 9 285K,1,1 x NVIDIA GeForce RTX 5090,9.2986,48.7383,60.816158294677734,machine,0.0,0.0,0.0,0.0,N
rollout_3,2026-09-12T21:38:10,sac_Ant-v5_seed43611,541bbc18-2ae8-4e08-ae96-1d6639e16987,0.3542722629990749,4.831348074750617e-06,1.3637308313243464e-05,26.374231533790056,57.31614676811669,20.0,3.4101638392292077e-06,7.3050058440049526e-06,1.9671982777860796e-06,1.2682367961020131e-05,0.0,Germany,DEU,baden-wurttemberg,,,Linux-7.0.0-31-generic-x86_64-with-glibc2.43,3.14.4,3.3.0,24,Intel(R) Core(TM) Ultra 9 285K,1,1 x NVIDIA GeForce RTX 5090,9.2986,48.7383,60.816158294677734,machine,0.0,0.0,0.0,0.0,N
gradient_updates_3,2026-09-12T21:38:14,sac_Ant-v5_seed43611,541bbc18-2ae8-4e08-ae96-1d6639e16987,3.930615884000872,4.832274432552282e-05,1.2293955830529388e-05,26.921966573012465,58.463653235557835,20.0,2.8654277090062186e-05,7.63583944199675e-05,2.1835325144446737e-05,0.00012684799665447664,0.0,Germany,DEU,baden-wurttemberg,,,Linux-7.0.0-31-generic-x86_64-with-glibc2.43,3.14.4,3.3.0,24,Intel(R) Core(TM) Ultra 9 285K,1,1 x NVIDIA GeForce RTX 5090,9.2986,48.7383,60.816158294677734,machine,0.0,0.0,0.0,0.0,N
rollout_4,2026-09-12T21:38:14,sac_Ant-v5_seed43611,541bbc18-2ae8-4e08-ae96-1d6639e16987,0.3543202740002016,4.7993407190645e-06,1.3545103768784982e-05,27.442535433865675,59.81598739079942,20.0,3.283143182070125e-06,7.348061434042652e-06,1.967143511107366e-06,1.2598348127220143e-05,0.0,Germany,DEU,baden-wurttemberg,,,Linux-7.0.0-31-generic-x86_64-with-glibc2.43,3.14.4,3.3.0,24,Intel(R) Core(TM) Ultra 9 285K,1,1 x NVIDIA GeForce RTX 5090,9.2986,48.7383,60.816158294677734,machine,0.0,0.0,0.0,0.0,N
gradient_updates_4,2026-09-12T21:38:18,sac_Ant-v5_seed43611,541bbc18-2ae8-4e08-ae96-1d6639e16987,3.9584066110001004,4.828874357301377e-05,1.2199061740827323e-05,27.707951724287657,60.6925737285161,20.0,2.6474427290631986e-05,7.829534041400854e-05,2.198897641667117e-05,0.0001267587441213117,0.0,Germany,DEU,baden-wurttemberg,,,Linux-7.0.0-31-generic-x86_64-with-glibc2.43,3.14.4,3.3.0,24,Intel(R) Core(TM) Ultra 9 285K,1,1 x NVIDIA GeForce RTX 5090,9.2986,48.7383,60.816158294677734,machine,0.0,0.0,0.0,0.0,N
rollout_5,2026-09-12T21:38:19,sac_Ant-v5_seed43611,541bbc18-2ae8-4e08-ae96-1d6639e16987,0.3639685729995108,3.871879268336435e-06,1.0637708964757791e-05,27.62506642860409,60.20355663099606,20.0,2.6993596594776514e-06,5.443059909987502e-06,2.0213270333341695e-06,1.0163746602799215e-05,0.0,Germany,DEU,baden-wurttemberg,,,Linux-7.0.0-31-generic-x86_64-with-glibc2.43,3.14.4,3.3.0,24,Intel(R) Core(TM) Ultra 9 285K,1,1 x NVIDIA GeForce RTX 5090,9.2986,48.7383,60.816158294677734,machine,0.0,0.0,0.0,0.0,N
gradient_updates_5,2026-09-12T21:38:22,sac_Ant-v5_seed43611,541bbc18-2ae8-4e08-ae96-1d6639e16987,3.9215164040015225,4.8012396023838127e-05,1.224334865726519e-05,27.538647121358405,60.85785899812569,20.0,2.797973793933206e-05,7.62686721259842e-05,2.17849172055543e-05,0.00012603332727087078,0.0,Germany,DEU,baden-wurttemberg,,,Linux-7.0.0-31-generic-x86_64-with-glibc2.43,3.14.4,3.3.0,24,Intel(R) Core(TM) Ultra 9 285K,1,1 x NVIDIA GeForce RTX 5090,9.2986,48.7383,60.816158294677734,machine,0.0,0.0,0.0,0.0,N
rollout_6,2026-09-12T21:38:23,sac_Ant-v5_seed43611,541bbc18-2ae8-4e08-ae96-1d6639e16987,0.3522728259995347,4.7780129974175824e-06,1.356252849631125e-05,27.887012690929325,61.73642201955649,20.0,3.2586103846654613e-06,7.327783639987651e-06,1.9559684833337764e-06,1.2542362507987105e-05,0.0,Germany,DEU,baden-wurttemberg,,,Linux-7.0.0-31-generic-x86_64-with-glibc2.43,3.14.4,3.3.0,24,Intel(R) Core(TM) Ultra 9 285K,1,1 x NVIDIA GeForce RTX 5090,9.2986,48.7383,60.816158294677734,machine,0.0,0.0,0.0,0.0,N
gradient_updates_6,2026-09-12T21:38:27,sac_Ant-v5_seed43611,541bbc18-2ae8-4e08-ae96-1d6639e16987,3.9281225970007654,4.8123544788990355e-05,1.2251038489053258e-05,28.084978433742148,62.227969088216305,20.0,2.8026192420940732e-05,7.647756118200899e-05,2.1821340999991258e-05,0.00012632509460294098,0.0,Germany,DEU,baden-wurttemberg,,,Linux-7.0.0-31-generic-x86_64-with-glibc2.43,3.14.4,3.3.0,24,Intel(R) Core(TM) Ultra 9 285K,1,1 x NVIDIA GeForce RTX 5090,9.2986,48.7383,60.816158294677734,machine,0.0,0.0,0.0,0.0,N
rollout_7,2026-09-12T21:38:27,sac_Ant-v5_seed43611,541bbc18-2ae8-4e08-ae96-1d6639e16987,0.354224549000719,4.765231964668935e-06,1.3452541206183394e-05,28.34632502534541,62.88416873973975,20.0,3.248607321107433e-06,7.29111694400264e-06,1.9690878222212776e-06,1.2508812087331459e-05,0.0,Germany,DEU,baden-wurttemberg,,,Linux-7.0.0-31-generic-x86_64-with-glibc2.43,3.14.4,3.3.0,24,Intel(R) Core(TM) Ultra 9 285K,1,1 x NVIDIA GeForce RTX 5090,9.2986,48.7383,60.816158294677734,machine,0.0,0.0,0.0,0.0,N
gradient_updates_7,2026-09-12T21:38:31,sac_Ant-v5_seed43611,541bbc18-2ae8-4e08-ae96-1d6639e16987,3.9372548470000766,4.785405029520155e-05,1.2154185580635912e-05,28.477890336358776,63.24991923497142,20.0,2.737394828801476e-05,7.637172776397971e-05,2.187199108332914e-05,0.00012561766713532372,0.0,Germany,DEU,baden-wurttemberg,,,Linux-7.0.0-31-generic-x86_64-with-glibc2.43,3.14.4,3.3.0,24,Intel(R) Core(TM) Ultra 9 285K,1,1 x NVIDIA GeForce RTX 5090,9.2986,48.7383,60.816158294677734,machine,0.0,0.0,0.0,0.0,N
rollout_8,2026-09-12T21:38:31,sac_Ant-v5_seed43611,541bbc18-2ae8-4e08-ae96-1d6639e16987,0.36161374500079546,4.581729793193788e-06,1.2670031243755346e-05,28.398177690180056,63.7244373524008,20.0,2.7154324501316163e-06,7.303894732024752e-06,2.007788694451595e-06,1.2027115876607746e-05,0.0,Germany,DEU,baden-wurttemberg,,,Linux-7.0.0-31-generic-x86_64-with-glibc2.43,3.14.4,3.3.0,24,Intel(R) Core(TM) Ultra 9 285K,1,1 x NVIDIA GeForce RTX 5090,9.2986,48.7383,60.816158294677734,machine,0.0,0.0,0.0,0.0,N
gradient_updates_8,2026-09-12T21:38:35,sac_Ant-v5_seed43611,541bbc18-2ae8-4e08-ae96-1d6639e16987,3.9278028379994794,4.825450349153857e-05,1.2285382030978546e-05,28.31492728030309,64.02985504739364,20.0,2.83262982165855e-05,7.652256121798429e-05,2.1820003911115116e-05,0.0001266688633456848,0.0,Germany,DEU,baden-wurttemberg,,,Linux-7.0.0-31-generic-x86_64-with-glibc2.43,3.14.4,3.3.0,24,Intel(R) Core(TM) Ultra 9 285K,1,1 x NVIDIA GeForce RTX 5090,9.2986,48.7383,60.816158294677734,machine,0.0,0.0,0.0,0.0,N
rollout_9,2026-09-12T21:38:36,sac_Ant-v5_seed43611,541bbc18-2ae8-4e08-ae96-1d6639e16987,0.3489983880008367,4.78561638138017e-06,1.3712164765597028e-05,28.543811279294438,64.59147144169157,20.0,3.2517609347276766e-06,7.378894792020585e-06,1.9316657888844655e-06,1.256232151563251e-05,0.0,Germany,DEU,baden-wurttemberg,,,Linux-7.0.0-31-generic-x86_64-with-glibc2.43,3.14.4,3.3.0,24,Intel(R) Core(TM) Ultra 9 285K,1,1 x NVIDIA GeForce RTX 5090,9.2986,48.7383,60.816158294677734,machine,0.0,0.0,0.0,0.0,N
gradient_updates_9,2026-09-12T21:38:40,sac_Ant-v5_seed43611,541bbc18-2ae8-4e08-ae96-1d6639e16987,4.0413805520001915,4.8257945092205134e-05,1.1940980697754502e-05,28.661421693409437,64.82632571020133,20.0,2.5655998024773363e-05,7.857117396800617e-05,2.245072561111864e-05,0.00012667789760389828,0.0,Germany,DEU,baden-wurttemberg,,,Linux-7.0.0-31-generic-x86_64-with-glibc2.43,3.14.4,3.3.0,24,Intel(R) Core(TM) Ultra 9 285K,1,1 x NVIDIA GeForce RTX 5090,9.2986,48.7383,60.816158294677734,machine,0.0,0.0,0.0,0.0,N
rollout_10,2026-09-12T21:38:40,sac_Ant-v5_seed43611,541bbc18-2ae8-4e08-ae96-1d6639e16987,0.3692389160005405,4.650648956171059e-06,1.259431021439727e-05,28.577602351176647,65.13743777885703,20.0,2.74820497633832e-06,7.410283706016374e-06,2.0495411277806665e-06,1.220802981013536e-05,0.0,Germany,DEU,baden-wurttemberg,,,Linux-7.0.0-31-generic-x86_64-with-glibc2.43,3.14.4,3.3.0,24,Intel(R) Core(TM) Ultra 9 285K,1,1 x NVIDIA GeForce RTX 5090,9.2986,48.7383,60.816158294677734,machine,0.0,0.0,0.0,0.0,N
gradient_updates_10,2026-09-12T21:38:44,sac_Ant-v5_seed43611,541bbc18-2ae8-4e08-ae96-1d6639e16987,4.179881000000023,5.181519396033128e-05,1.2396341816575922e-05,28.498550985515603,65.36005635717079,20.0,3.0688965106703825e-05,8.21025656819463e-05,2.3224203455558573e-05,0.00013601573424420858,0.0,Germany,DEU,baden-wurttemberg,,,Linux-7.0.0-31-generic-x86_64-with-glibc2.43,3.14.4,3.3.0,24,Intel(R) Core(TM) Ultra 9 285K,1,1 x NVIDIA GeForce RTX 5090,9.2986,48.7383,60.816158294677734,machine,0.0,0.0,0.0,0.0,N
rollout_11,2026-09-12T21:38:45,sac_Ant-v5_seed43611,541bbc18-2ae8-4e08-ae96-1d6639e16987,0.3556892679989687,4.036738229629567e-06,1.134942611151546e-05,28.619936042985735,64.97949929564814,20.0,3.1447630713526964e-06,5.47722660401706e-06,1.9745144055579363e-06,1.059650408092791e-05,0.0,Germany,DEU,baden-wurttemberg,,,Linux-7.0.0-31-generic-x86_64-with-glibc2.43,3.14.4,3.3.0,24,Intel(R) Core(TM) Ultra 9 285K,1,1 x NVIDIA GeForce RTX 5090,9.2986,48.7383,60.816158294677734,machine,0.0,0.0,0.0,0.0,N
gradient_updates_11,2026-09-12T21:38:49,sac_Ant-v5_seed43611,541bbc18-2ae8-4e08-ae96-1d6639e16987,4.254588433001118,5.2000669878340044e-05,1.2222275691508558e-05,28.68161456324468,65.19086955012392,20.0,2.9333020688623868e-05,8.353478905001599e-05,2.3634801833324914e-05,0.00013650261157196466,0.0,Germany,DEU,baden-wurttemberg,,,Linux-7.0.0-31-generic-x86_64-with-glibc2.43,3.14.4,3.3.0,24,Intel(R) Core(TM) Ultra 9 285K,1,1 x NVIDIA GeForce RTX 5090,9.2986,48.7383,60.816158294677734,machine,0.0,0.0,0.0,0.0,N
rollout_12,2026-09-12T21:38:49,sac_Ant-v5_seed43611,541bbc18-2ae8-4e08-ae96-1d6639e16987,0.35369634900052915,4.064966631427049e-06,1.149280198895554e-05,28.843008354837192,64.83595254119781,20.0,3.280430402125001e-06,5.426393229979176e-06,1.9637804666672136e-06,1.067060409877139e-05,0.0,Germany,DEU,baden-wurttemberg,,,Linux-7.0.0-31-generic-x86_64-with-glibc2.43,3.14.4,3.3.0,24,Intel(R) Core(TM) Ultra 9 285K,1,1 x NVIDIA GeForce RTX 5090,9.2986,48.7383,60.816158294677734,machine,0.0,0.0,0.0,0.0,N
gradient_updates_12,2026-09-12T21:38:53,sac_Ant-v5_seed43611,541bbc18-2ae8-4e08-ae96-1d6639e16987,4.223145521000333,5.224226019789435e-05,1.2370477785395012e-05,28.941138347479487,65.05722733658303,20.0,3.009389018619746e-05,8.35825668659973e-05,2.3460333072216613e-05,0.00013713679012441115,0.0,Germany,DEU,baden-wurttemberg,,,Linux-7.0.0-31-generic-x86_64-with-glibc2.43,3.14.4,3.3.0,24,Intel(R) Core(TM) Ultra 9 285K,1,1 x NVIDIA GeForce RTX 5090,9.2986,48.7383,60.816158294677734,machine,0.0,0.0,0.0,0.0,N
rollout_13,2026-09-12T21:38:54,sac_Ant-v5_seed43611,541bbc18-2ae8-4e08-ae96-1d6639e16987,0.3495963160003157,4.059935822561854e-06,1.1612862791405296e-05,29.11003151422741,64.73581226886131,20.0,3.326172938702965e-06,5.387226532038714e-06,1.9439986722217606e-06,1.065739814296333e-05,0.0,Germany,DEU,baden-wurttemberg,,,Linux-7.0.0-31-generic-x86_64-with-glibc2.43,3.14.4,3.3.0,24,Intel(R) Core(TM) Ultra 9 285K,1,1 x NVIDIA GeForce RTX 5090,9.2986,48.7383,60.816158294677734,machine,0.0,0.0,0.0,0.0,N
gradient_updates_13,2026-09-12T21:38:58,sac_Ant-v5_seed43611,541bbc18-2ae8-4e08-ae96-1d6639e16987,4.235873067998909,5.229255896464628e-05,1.2345198865019717e-05,29.21341910078896,64.94148149462096,20.0,3.006937461103032e-05,8.366840026799438e-05,2.3531050333329222e-05,0.00013726882521235403,0.0,Germany,DEU,baden-wurttemberg,,,Linux-7.0.0-31-generic-x86_64-with-glibc2.43,3.14.4,3.3.0,24,Intel(R) Core(TM) Ultra 9 285K,1,1 x NVIDIA GeForce RTX 5090,9.2986,48.7383,60.816158294677734,machine,0.0,0.0,0.0,0.0,N
rollout_14,2026-09-12T21:38:58,sac_Ant-v5_seed43611,541bbc18-2ae8-4e08-ae96-1d6639e16987,0.36267949100147234,3.874014450546293e-06,1.068101977857535e-05,29.132843803234707,64.60554849216975,20.0,2.698071047343986e-06,5.4575043660076705e-06,2.0137760777793343e-06,1.0169351491130883e-05,0.0,Germany,DEU,baden-wurttemberg,,,Linux-7.0.0-31-generic-x86_64-with-glibc2.43,3.14.4,3.3.0,24,Intel(R) Core(TM) Ultra 9 285K,1,1 x NVIDIA GeForce RTX 5090,9.2986,48.7383,60.816158294677734,machine,0.0,0.0,0.0,0.0,N
gradient_updates_14,2026-09-12T21:39:03,sac_Ant-v5_seed43611,541bbc18-2ae8-4e08-ae96-1d6639e16987,4.225092967999444,5.248587839704944e-05,1.2422445277329473e-05,29.054917824389186,64.80292013018752,20.0,3.084182384009704e-05,8.346340010398356e-05,2.3471067949998987e-05,0.00013777629189407926,0.0,Germany,DEU,baden-wurttemberg,,,Linux-7.0.0-31-generic-x86_64-with-glibc2.43,3.14.4,3.3.0,24,Intel(R) Core(TM) Ultra 9 285K,1,1 x NVIDIA GeForce RTX 5090,9.2986,48.7383,60.816158294677734,machine,0.0,0.0,0.0,0.0,N
rollout_15,2026-09-12T21:39:03,sac_Ant-v5_seed43611,541bbc18-2ae8-4e08-ae96-1d6639e16987,0.34716232599930663,4.0241206343222344e-06,1.1591306000868817e-05,29.16407071461154,64.56184242649125,20.0,3.178383098254023e-06,5.457226587984865e-06,1.9277729999986294e-06,1.0563382686237625e-05,0.0,Germany,DEU,baden-wurttemberg,,,Linux-7.0.0-31-generic-x86_64-with-glibc2.43,3.14.4,3.3.0,24,Intel(R) Core(TM) Ultra 9 285K,1,1 x NVIDIA GeForce RTX 5090,9.2986,48.7383,60.816158294677734,machine,0.0,0.0,0.0,0.0,N
gradient_updates_15,2026-09-12T21:39:07,sac_Ant-v5_seed43611,541bbc18-2ae8-4e08-ae96-1d6639e16987,4.234685520999847,5.1712011296816546e-05,1.2211556385629835e-05,29.22801695764757,64.70138114497799,20.0,3.0535071928045054e-05,8.16853431260256e-05,2.352446300556035e-05,0.00013574487805963122,0.0,Germany,DEU,baden-wurttemberg,,,Linux-7.0.0-31-generic-x86_64-with-glibc2.43,3.14.4,3.3.0,24,Intel(R) Core(TM) Ultra 9 285K,1,1 x NVIDIA GeForce RTX 5090,9.2986,48.7383,60.816158294677734,machine,0.0,0.0,0.0,0.0,N
rollout_16,2026-09-12T21:39:08,sac_Ant-v5_seed43611,541bbc18-2ae8-4e08-ae96-1d6639e16987,0.3531528880012047,4.7710090001764575e-06,1.3509583331446644e-05,29.322785054026212,64.98386722947936,20.0,3.220124242767075e-06,7.3427836519979195e-06,1.9610690055540687e-06,1.2523976900318846e-05,0.0,Germany,DEU,baden-wurttemberg,,,Linux-7.0.0-31-generic-x86_64-with-glibc2.43,3.14.4,3.3.0,24,Intel(R) Core(TM) Ultra 9 285K,1,1 x NVIDIA GeForce RTX 5090,9.2986,48.7383,60.816158294677734,machine,0.0,0.0,0.0,0.0,N
gradient_updates_16,2026-09-12T21:39:12,sac_Ant-v5_seed43611,541bbc18-2ae8-4e08-ae96-1d6639e16987,4.226376869999513,5.1811044373209015e-05,1.225899850160806e-05,29.37662996227565,65.11466276483857,20.0,3.0557756668408986e-05,8.196867668597285e-05,2.3478408155551737e-05,0.00013600484150993325,0.0,Germany,DEU,baden-wurttemberg,,,Linux-7.0.0-31-generic-x86_64-with-glibc2.43,3.14.4,3.3.0,24,Intel(R) Core(TM) Ultra 9 285K,1,1 x NVIDIA GeForce RTX 5090,9.2986,48.7383,60.816158294677734,machine,0.0,0.0,0.0,0.0,N
rollout_17,2026-09-12T21:39:12,sac_Ant-v5_seed43611,541bbc18-2ae8-4e08-ae96-1d6639e16987,0.35165776100075163,4.829565354582625e-06,1.3733424020127263e-05,29.50405124870735,65.38571835877252,20.0,3.3616579670908697e-06,7.363617002015266e-06,1.9524133222249135e-06,1.2677688291331049e-05,0.0,Germany,DEU,baden-wurttemberg,,,Linux-7.0.0-31-generic-x86_64-with-glibc2.43,3.14.4,3.3.0,24,Intel(R) Core(TM) Ultra 9 285K,1,1 x NVIDIA GeForce RTX 5090,9.2986,48.7383,60.816158294677734,machine,0.0,0.0,0.0,0.0,N
gradient_updates_17,2026-09-12T21:39:16,sac_Ant-v5_seed43611,541bbc18-2ae8-4e08-ae96-1d6639e16987,4.231298271999549,5.1377586491401254e-05,1.2142291088706775e-05,29.57761764213683,65.49791686262104,20.0,2.9387307954278907e-05,8.19778433600038e-05,2.350185614444244e-05,0.00013486700745872493,0.0,Germany,DEU,baden-wurttemberg,,,Linux-7.0.0-31-generic-x86_64-with-glibc2.43,3.14.4,3.3.0,24,Intel(R) Core(TM) Ultra 9 285K,1,1 x NVIDIA GeForce RTX 5090,9.2986,48.7383,60.816158294677734,machine,0.0,0.0,0.0,0.0,N
rollout_18,2026-09-12T21:39:17,sac_Ant-v5_seed43611,541bbc18-2ae8-4e08-ae96-1d6639e16987,0.3496579250004288,4.799141726902342e-06,1.3724260745115274e-05,29.668618311208395,65.7688402674089,20.0,3.2449792626426666e-06,7.411394817996575e-06,1.941451688890054e-06,1.259782576952962e-05,0.0,Germany,DEU,baden-wurttemberg,,,Linux-7.0.0-31-generic-x86_64-with-glibc2.43,3.14.4,3.3.0,24,Intel(R) Core(TM) Ultra 9 285K,1,1 x NVIDIA GeForce RTX 5090,9.2986,48.7383,60.816158294677734,machine,0.0,0.0,0.0,0.0,N
gradient_updates_18,2026-09-12T21:39:21,sac_Ant-v5_seed43611,541bbc18-2ae8-4e08-ae96-1d6639e16987,4.229863386999568,5.184025988219914e-05,1.2255803846644876e-05,29.71895208991141,65.87251672496618,20.0,3.031741425391088e-05,8.226645470199578e-05,2.3497663744446052e-05,0.00013608153270035228,0.0,Germany,DEU,baden-wurttemberg,,,Linux-7.0.0-31-generic-x86_64-with-glibc2.43,3.14.4,3.3.0,24,Intel(R) Core(TM) Ultra 9 285K,1,1 x NVIDIA GeForce RTX 5090,9.2986,48.7383,60.816158294677734,machine,0.0,0.0,0.0,0.0,N
rollout_19,2026-09-12T21:39:21,sac_Ant-v5_seed43611,541bbc18-2ae8-4e08-ae96-1d6639e16987,0.3501633160012716,4.792316554757224e-06,1.3685826732491568e-05,29.803818996608545,66.11103973392571,20.0,3.2561012160009506e-06,7.3794503480106854e-06,1.9443580166606227e-06,1.2579909580672476e-05,0.0,Germany,DEU,baden-wurttemberg,,,Linux-7.0.0-31-generic-x86_64-with-glibc2.43,3.14.4,3.3.0,24,Intel(R) Core(TM) Ultra 9 285K,1,1 x NVIDIA GeForce RTX 5090,9.2986,48.7383,60.816158294677734,machine,0.0,0.0,0.0,0.0,N
gradient_updates_19,2026-09-12T21:39:26,sac_Ant-v5_seed43611,541bbc18-2ae8-4e08-ae96-1d6639e16987,4.323708993999389,5.133609676883787e-05,1.187318532238706e-05,29.83209081811532,66.20667324857823,20.0,2.639374194832178e-05,8.434340080798464e-05,2.402095349999492e-05,0.00013475809625630112,0.0,Germany,DEU,baden-wurttemberg,,,Linux-7.0.0-31-generic-x86_64-with-glibc2.43,3.14.4,3.3.0,24,Intel(R) Core(TM) Ultra 9 285K,1,1 x NVIDIA GeForce RTX 5090,9.2986,48.7383,60.816158294677734,machine,0.0,0.0,0.0,0.0,N
rollout_20,2026-09-12T21:39:26,sac_Ant-v5_seed43611,541bbc18-2ae8-4e08-ae96-1d6639e16987,0.37349143999927037,4.629245660272858e-06,1.2394568484075137e-05,29.735914429527483,66.3325628730057,20.0,2.6707074143456078e-06,7.414728154020445e-06,2.0664102388864847e-06,1.2151845807252537e-05,0.0,Germany,DEU,baden-wurttemberg,,,Linux-7.0.0-31-generic-x86_64-with-glibc2.43,3.14.4,3.3.0,24,Intel(R) Core(TM) Ultra 9 285K,1,1 x NVIDIA GeForce RTX 5090,9.2986,48.7383,60.816158294677734,machine,0.0,0.0,0.0,0.0,N
gradient_updates_20,2026-09-12T21:39:30,sac_Ant-v5_seed43611,541bbc18-2ae8-4e08-ae96-1d6639e16987,4.117332970999996,5.0721421372580374e-05,1.2319015935681833e-05,29.642656602230655,66.43877822351608,20.0,2.8945142878322727e-05,8.132700950599925e-05,2.2872410872221615e-05,0.0001331445632565438,0.0,Germany,DEU,baden-wurttemberg,,,Linux-7.0.0-31-generic-x86_64-with-glibc2.43,3.14.4,3.3.0,24,Intel(R) Core(TM) Ultra 9 285K,1,1 x NVIDIA GeForce RTX 5090,9.2986,48.7383,60.816158294677734,machine,0.0,0.0,0.0,0.0,N
rollout_21,2026-09-12T21:39:31,sac_Ant-v5_seed43611,541bbc18-2ae8-4e08-ae96-1d6639e16987,0.3621874820000812,3.913224887330032e-06,1.0804107116382154e-05,29.57957214093114,66.19519688815026,20.0,2.7054124421138637e-06,5.555559999981252e-06,2.01130708889349e-06,1.0272279530988172e-05,0.0,Germany,DEU,baden-wurttemberg,,,Linux-7.0.0-31-generic-x86_64-with-glibc2.43,3.14.4,3.3.0,24,Intel(R) Core(TM) Ultra 9 285K,1,1 x NVIDIA GeForce RTX 5090,9.2986,48.7383,60.816158294677734,machine,0.0,0.0,0.0,0.0,N
gradient_updates_21,2026-09-12T21:39:34,sac_Ant-v5_seed43611,541bbc18-2ae8-4e08-ae96-1d6639e16987,3.9364105020013085,4.902329042814012e-05,1.245383419635139e-05,29.51220821988324,66.32407693021356,20.0,2.7822131702132102e-05,7.899811875400342e-05,2.1866691211117582e-05,0.0001286869416672531,0.0,Germany,DEU,baden-wurttemberg,,,Linux-7.0.0-31-generic-x86_64-with-glibc2.43,3.14.4,3.3.0,24,Intel(R) Core(TM) Ultra 9 285K,1,1 x NVIDIA GeForce RTX 5090,9.2986,48.7383,60.816158294677734,machine,0.0,0.0,0.0,0.0,N
rollout_22,2026-09-12T21:39:35,sac_Ant-v5_seed43611,541bbc18-2ae8-4e08-ae96-1d6639e16987,0.35403235299963853,4.102542911462283e-06,1.158747583647718e-05,29.59053107120923,66.11838570447456,20.0,3.2901620765635187e-06,5.522782196010212e-06,1.956298177780433e-06,1.0769242450353947e-05,0.0,Germany,DEU,baden-wurttemberg,,,Linux-7.0.0-31-generic-x86_64-with-glibc2.43,3.14.4,3.3.0,24,Intel(R) Core(TM) Ultra 9 285K,1,1 x NVIDIA GeForce RTX 5090,9.2986,48.7383,60.816158294677734,machine,0.0,0.0,0.0,0.0,N
gradient_updates_22,2026-09-12T21:39:39,sac_Ant-v5_seed43611,541bbc18-2ae8-4e08-ae96-1d6639e16987,3.938064377000046,4.909367759492532e-05,1.2466475921149797e-05,29.624988963281563,66.24861988863651,20.0,2.769056743021081e-05,7.930450788798393e-05,2.1876633816666352e-05,0.0001288717091348611,0.0,Germany,DEU,baden-wurttemberg,,,Linux-7.0.0-31-generic-x86_64-with-glibc2.43,3.14.4,3.3.0,24,Intel(R) Core(TM) Ultra 9 285K,1,1 x NVIDIA GeForce RTX 5090,9.2986,48.7383,60.816158294677734,machine,0.0,0.0,0.0,0.0,N
rollout_23,2026-09-12T21:39:39,sac_Ant-v5_seed43611,541bbc18-2ae8-4e08-ae96-1d6639e16987,0.3569600979990355,4.1392538498502204e-06,1.1595705668591396e-05,29.70602396779476,66.04190687796044,20.0,3.357927964117713e-06,5.530004424020296e-06,1.977676877777364e-06,1.0865609265915156e-05,0.0,Germany,DEU,baden-wurttemberg,,,Linux-7.0.0-31-generic-x86_64-with-glibc2.43,3.14.4,3.3.0,24,Intel(R) Core(TM) Ultra 9 285K,1,1 x NVIDIA GeForce RTX 5090,9.2986,48.7383,60.816158294677734,machine,0.0,0.0,0.0,0.0,N
gradient_updates_23,2026-09-12T21:39:43,sac_Ant-v5_seed43611,541bbc18-2ae8-4e08-ae96-1d6639e16987,3.9831857199988008,4.857571942509277e-05,1.2195253274796573e-05,29.73473200800574,66.15067082896987,20.0,2.6180475666590097e-05,7.920450780798949e-05,2.2127076966666588e-05,0.0001275120604412464,0.0,Germany,DEU,baden-wurttemberg,,,Linux-7.0.0-31-generic-x86_64-with-glibc2.43,3.14.4,3.3.0,24,Intel(R) Core(TM) Ultra 9 285K,1,1 x NVIDIA GeForce RTX 5090,9.2986,48.7383,60.816158294677734,machine,0.0,0.0,0.0,0.0,N
rollout_24,2026-09-12T21:39:43,sac_Ant-v5_seed43611,541bbc18-2ae8-4e08-ae96-1d6639e16987,0.36059767299957457,4.616114494151828e-06,1.2801035340040164e-05,29.678284645198808,66.30247953960215,20.0,2.699546326298541e-06,7.415283710010545e-06,2.002546244441253e-06,1.2117376280750339e-05,0.0,Germany,DEU,baden-wurttemberg,,,Linux-7.0.0-31-generic-x86_64-with-glibc2.43,3.14.4,3.3.0,24,Intel(R) Core(TM) Ultra 9 285K,1,1 x NVIDIA GeForce RTX 5090,9.2986,48.7383,60.816158294677734,machine,0.0,0.0,0.0,0.0,N
gradient_updates_24,2026-09-12T21:39:48,sac_Ant-v5_seed43611,541bbc18-2ae8-4e08-ae96-1d6639e16987,4.012426371000402,4.8509278520582864e-05,1.2089785515802963e-05,29.609831067400055,66.39465430499685,20.0,2.570723334353875e-05,7.934034124998379e-05,2.2290077383331627e-05,0.00012733765197685439,0.0,Germany,DEU,baden-wurttemberg,,,Linux-7.0.0-31-generic-x86_64-with-glibc2.43,3.14.4,3.3.0,24,Intel(R) Core(TM) Ultra 9 285K,1,1 x NVIDIA GeForce RTX 5090,9.2986,48.7383,60.816158294677734,machine,0.0,0.0,0.0,0.0,N
rollout_25,2026-09-12T21:39:48,sac_Ant-v5_seed43611,541bbc18-2ae8-4e08-ae96-1d6639e16987,0.3709710049988644,4.664965310918149e-06,1.2574615054723186e-05,29.55703147933785,66.49768957980324,20.0,2.77253416246237e-06,7.413061485994632e-06,2.0600148277682626e-06,1.2245610476225265e-05,0.0,Germany,DEU,baden-wurttemberg,,,Linux-7.0.0-31-generic-x86_64-with-glibc2.43,3.14.4,3.3.0,24,Intel(R) Core(TM) Ultra 9 285K,1,1 x NVIDIA GeForce RTX 5090,9.2986,48.7383,60.816158294677734,machine,0.0,0.0,0.0,0.0,N
gradient_updates_25,2026-09-12T21:39:52,sac_Ant-v5_seed43611,541bbc18-2ae8-4e08-ae96-1d6639e16987,3.9849360550015263,4.813894071818096e-05,1.2080258816459056e-05,29.486859007790212,66.59091908398656,20.0,2.4936801616096127e-05,7.928923009800637e-05,2.213947745555449e-05,0.00012636550916965677,0.0,Germany,DEU,baden-wurttemberg,,,Linux-7.0.0-31-generic-x86_64-with-glibc2.43,3.14.4,3.3.0,24,Intel(R) Core(TM) Ultra 9 285K,1,1 x NVIDIA GeForce RTX 5090,9.2986,48.7383,60.816158294677734,machine,0.0,0.0,0.0,0.0,N
rollout_26,2026-09-12T21:39:52,sac_Ant-v5_seed43611,541bbc18-2ae8-4e08-ae96-1d6639e16987,0.37334235799971793,3.956728108658273e-06,1.0597455360455457e-05,29.44499415976849,66.34631470722441,20.0,2.829788374930642e-06,5.483615497986483e-06,2.0730723277867773e-06,1.0386476200704119e-05,0.0,Germany,DEU,baden-wurttemberg,,,Linux-7.0.0-31-generic-x86_64-with-glibc2.43,3.14.4,3.3.0,24,Intel(R) Core(TM) Ultra 9 285K,1,1 x NVIDIA GeForce RTX 5090,9.2986,48.7383,60.816158294677734,machine,0.0,0.0,0.0,0.0,N
gradient_updates_26,2026-09-12T21:39:56,sac_Ant-v5_seed43611,541bbc18-2ae8-4e08-ae96-1d6639e16987,3.9253422889996727,4.966906956634185e-05,1.2653461987077622e-05,29.402714351503633,66.46049422042483,20.0,2.914182831344203e-05,7.943450799202667e-05,2.1805786194444357e-05,0.00013038212249991306,0.0,Germany,DEU,baden-wurttemberg,,,Linux-7.0.0-31-generic-x86_64-with-glibc2.43,3.14.4,3.3.0,24,Intel(R) Core(TM) Ultra 9 285K,1,1 x NVIDIA GeForce RTX 5090,9.2986,48.7383,60.816158294677734,machine,0.0,0.0,0.0,0.0,N
rollout_27,2026-09-12T21:39:57,sac_Ant-v5_seed43611,541bbc18-2ae8-4e08-ae96-1d6639e16987,0.35932091899849183,4.1473827950334365e-06,1.1542004394481422e-05,29.48310793659862,66.2607133291931,20.0,3.41830190128678e-06,5.473893267993191e-06,1.9947527111071565e-06,1.088694788038691e-05,0.0,Germany,DEU,baden-wurttemberg,,,Linux-7.0.0-31-generic-x86_64-with-glibc2.43,3.14.4,3.3.0,24,Intel(R) Core(TM) Ultra 9 285K,1,1 x NVIDIA GeForce RTX 5090,9.2986,48.7383,60.816158294677734,machine,0.0,0.0,0.0,0.0,N
gradient_updates_27,2026-09-12T21:40:00,sac_Ant-v5_seed43611,541bbc18-2ae8-4e08-ae96-1d6639e16987,3.958533826000348,4.8991850373488605e-05,1.2376297286920751e-05,29.521615751378917,66.36011917759168,20.0,2.730943740308911e-05,7.930478566600674e-05,2.199018793887968e-05,0.00012860441100797596,0.0,Germany,DEU,baden-wurttemberg,,,Linux-7.0.0-31-generic-x86_64-with-glibc2.43,3.14.4,3.3.0,24,Intel(R) Core(TM) Ultra 9 285K,1,1 x NVIDIA GeForce RTX 5090,9.2986,48.7383,60.816158294677734,machine,0.0,0.0,0.0,0.0,N
rollout_28,2026-09-12T21:40:01,sac_Ant-v5_seed43611,541bbc18-2ae8-4e08-ae96-1d6639e16987,0.3480796489984641,4.054662722364696e-06,1.1648384193990809e-05,29.580464227507026,66.20171755152076,20.0,3.214461738232366e-06,5.496115507985788e-06,1.93297892221592e-06,1.064355616843364e-05,0.0,Germany,DEU,baden-wurttemberg,,,Linux-7.0.0-31-generic-x86_64-with-glibc2.43,3.14.4,3.3.0,24,Intel(R) Core(TM) Ultra 9 285K,1,1 x NVIDIA GeForce RTX 5090,9.2986,48.7383,60.816158294677734,machine,0.0,0.0,0.0,0.0,N
gradient_updates_28,2026-09-12T21:40:05,sac_Ant-v5_seed43611,541bbc18-2ae8-4e08-ae96-1d6639e16987,3.9756015660004778,4.8567724004227025e-05,1.2216482553114005e-05,29.59947972641051,66.29079132584666,20.0,2.6300697707204446e-05,7.91053410619802e-05,2.2085033561112686e-05,0.00012749107233029754,0.0,Germany,DEU,baden-wurttemberg,,,Linux-7.0.0-31-generic-x86_64-with-glibc2.43,3.14.4,3.3.0,24,Intel(R) Core(TM) Ultra 9 285K,1,1 x NVIDIA GeForce RTX 5090,9.2986,48.7383,60.816158294677734,machine,0.0,0.0,0.0,0.0,N
rollout_29,2026-09-12T21:40:05,sac_Ant-v5_seed43611,541bbc18-2ae8-4e08-ae96-1d6639e16987,0.36363439000160724,4.628347916616534e-06,1.272814836113389e-05,29.55241909073947,66.40687851433321,20.0,2.7098035567385548e-06,7.420561492027522e-06,2.019124166660483e-06,1.2149489215426343e-05,0.0,Germany,DEU,baden-wurttemberg,,,Linux-7.0.0-31-generic-x86_64-with-glibc2.43,3.14.4,3.3.0,24,Intel(R) Core(TM) Ultra 9 285K,1,1 x NVIDIA GeForce RTX 5090,9.2986,48.7383,60.816158294677734,machine,0.0,0.0,0.0,0.0,N
gradient_updates_29,2026-09-12T21:40:09,sac_Ant-v5_seed43611,541bbc18-2ae8-4e08-ae96-1d6639e16987,3.9352191899997706,4.843931620087966e-05,1.2309202733230862e-05,29.502000312012786,66.47746456486401,20.0,2.784396894181529e-05,7.744895084799142e-05,2.1861079950000802e-05,0.00012715399973980794,0.0,Germany,DEU,baden-wurttemberg,,,Linux-7.0.0-31-generic-x86_64-with-glibc2.43,3.14.4,3.3.0,24,Intel(R) Core(TM) Ultra 9 285K,1,1 x NVIDIA GeForce RTX 5090,9.2986,48.7383,60.816158294677734,machine,0.0,0.0,0.0,0.0,N
rollout_30,2026-09-12T21:40:09,sac_Ant-v5_seed43611,541bbc18-2ae8-4e08-ae96-1d6639e16987,0.35622236499875726,4.87803935575069e-06,1.3693079525621684e-05,29.566068126465627,66.62112462057527,20.0,3.3434832303336215e-06,7.4838948760092006e-06,1.9775552333360993e-06,1.2804933339678921e-05,0.0,Germany,DEU,baden-wurttemberg,,,Linux-7.0.0-31-generic-x86_64-with-glibc2.43,3.14.4,3.3.0,24,Intel(R) Core(TM) Ultra 9 285K,1,1 x NVIDIA GeForce RTX 5090,9.2986,48.7383,60.816158294677734,machine,0.0,0.0,0.0,0.0,N
gradient_updates_30,2026-09-12T21:40:13,sac_Ant-v5_seed43611,541bbc18-2ae8-4e08-ae96-1d6639e16987,4.006061729998692,4.953430431234307e-05,1.2364860205270416e-05,29.601961807748566,66.70012486647316,20.0,2.7929807899382264e-05,7.984450831999279e-05,2.225404527778454e-05,0.00013002836149715938,0.0,Germany,DEU,baden-wurttemberg,,,Linux-7.0.0-31-generic-x86_64-with-glibc2.43,3.14.4,3.3.0,24,Intel(R) Core(TM) Ultra 9 285K,1,1 x NVIDIA GeForce RTX 5090,9.2986,48.7383,60.816158294677734,machine,0.0,0.0,0.0,0.0,N
rollout_31,2026-09-12T21:40:14,sac_Ant-v5_seed43611,541bbc18-2ae8-4e08-ae96-1d6639e16987,0.36037038500035123,3.8597698886924485e-06,1.0710536236568225e-05,29.548508971894016,66.52325577696878,20.0,2.6245579329842172e-06,5.506393294024692e-06,2.0010080555544433e-06,1.0131959282563135e-05,0.0,Germany,DEU,baden-wurttemberg,,,Linux-7.0.0-31-generic-x86_64-with-glibc2.43,3.14.4,3.3.0,24,Intel(R) Core(TM) Ultra 9 285K,1,1 x NVIDIA GeForce RTX 5090,9.2986,48.7383,60.816158294677734,machine,0.0,0.0,0.0,0.0,N
gradient_updates_31,2026-09-12T21:40:18,sac_Ant-v5_seed43611,541bbc18-2ae8-4e08-ae96-1d6639e16987,3.9512115489997086,4.9243777078650155e-05,1.2462992803677499e-05,29.493140183563554,66.6145134435937,20.0,2.7598929856917365e-05,7.971784155197392e-05,2.194895133333279e-05,0.00012926572274222364,0.0,Germany,DEU,baden-wurttemberg,,,Linux-7.0.0-31-generic-x86_64-with-glibc2.43,3.14.4,3.3.0,24,Intel(R) Core(TM) Ultra 9 285K,1,1 x NVIDIA GeForce RTX 5090,9.2986,48.7383,60.816158294677734,machine,0.0,0.0,0.0,0.0,N
rollout_32,2026-09-12T21:40:18,sac_Ant-v5_seed43611,541bbc18-2ae8-4e08-ae96-1d6639e16987,0.3477448240009835,4.840569618525838e-06,1.3919567424676002e-05,29.56542995641217,66.76655454020539,20.0,3.3431098967057205e-06,7.432228168013921e-06,1.931236600002115e-06,1.270657466472154e-05,0.0,Germany,DEU,baden-wurttemberg,,,Linux-7.0.0-31-generic-x86_64-with-glibc2.43,3.14.4,3.3.0,24,Intel(R) Core(TM) Ultra 9 285K,1,1 x NVIDIA GeForce RTX 5090,9.2986,48.7383,60.816158294677734,machine,0.0,0.0,0.0,0.0,N
gradient_updates_32,2026-09-12T21:40:22,sac_Ant-v5_seed43611,541bbc18-2ae8-4e08-ae96-1d6639e16987,3.9305351590010105,4.892301605305882e-05,1.2446936428631099e-05,29.606016729743473,66.83337380668729,20.0,2.8660838206434613e-05,7.7927840119979e-05,2.1835041461114703e-05,0.0001284237197875281,0.0,Germany,DEU,baden-wurttemberg,,,Linux-7.0.0-31-generic-x86_64-with-glibc2.43,3.14.4,3.3.0,24,Intel(R) Core(TM) Ultra 9 285K,1,1 x NVIDIA GeForce RTX 5090,9.2986,48.7383,60.816158294677734,machine,0.0,0.0,0.0,0.0,N
rollout_33,2026-09-12T21:40:22,sac_Ant-v5_seed43611,541bbc18-2ae8-4e08-ae96-1d6639e16987,0.3468051279996871,4.063355779832575e-06,1.1716259970274865e-05,29.658480068975205,66.69685792511821,20.0,3.224498412918164e-06,5.516115523990228e-06,1.9257616499998575e-06,1.066637558690825e-05,0.0,Germany,DEU,baden-wurttemberg,,,Linux-7.0.0-31-generic-x86_64-with-glibc2.43,3.14.4,3.3.0,24,Intel(R) Core(TM) Ultra 9 285K,1,1 x NVIDIA GeForce RTX 5090,9.2986,48.7383,60.816158294677734,machine,0.0,0.0,0.0,0.0,N
gradient_updates_33,2026-09-12T21:40:26,sac_Ant-v5_seed43611,541bbc18-2ae8-4e08-ae96-1d6639e16987,3.9747070520006673,4.8878661646563955e-05,1.2297462671427366e-05,29.676680924342357,66.77488375590923,20.0,2.647542729143637e-05,7.975173046800843e-05,2.2080130983340553e-05,0.00012830728874278514,0.0,Germany,DEU,baden-wurttemberg,,,Linux-7.0.0-31-generic-x86_64-with-glibc2.43,3.14.4,3.3.0,24,Intel(R) Core(TM) Ultra 9 285K,1,1 x NVIDIA GeForce RTX 5090,9.2986,48.7383,60.816158294677734,machine,0.0,0.0,0.0,0.0,N
rollout_34,2026-09-12T21:40:27,sac_Ant-v5_seed43611,541bbc18-2ae8-4e08-ae96-1d6639e16987,0.3649766879989329,4.606779528067845e-06,1.262133860322256e-05,29.62560899327278,66.86347967059201,20.0,2.650633509390654e-06,7.415283710010545e-06,2.026954622225477e-06,1.2092871841626676e-05,0.0,Germany,DEU,baden-wurttemberg,,,Linux-7.0.0-31-generic-x86_64-with-glibc2.43,3.14.4,3.3.0,24,Intel(R) Core(TM) Ultra 9 285K,1,1 x NVIDIA GeForce RTX 5090,9.2986,48.7383,60.816158294677734,machine,0.0,0.0,0.0,0.0,N
gradient_updates_34,2026-09-12T21:40:31,sac_Ant-v5_seed43611,541bbc18-2ae8-4e08-ae96-1d6639e16987,3.936088249000022,4.8911127647133755e-05,1.2426346017671402e-05,29.57538220717081,66.92813328049371,20.0,2.8264263166946635e-05,7.826256260998199e-05,2.1865686750000652e-05,0.0001283925125269295,0.0,Germany,DEU,baden-wurttemberg,,,Linux-7.0.0-31-generic-x86_64-with-glibc2.43,3.14.4,3.3.0,24,Intel(R) Core(TM) Ultra 9 285K,1,1 x NVIDIA GeForce RTX 5090,9.2986,48.7383,60.816158294677734,machine,0.0,0.0,0.0,0.0,N
rollout_35,2026-09-12T21:40:31,sac_Ant-v5_seed43611,541bbc18-2ae8-4e08-ae96-1d6639e16987,0.353612332000921,4.872772254619576e-06,1.3779752969782746e-05,29.63286540326513,67.05908403304232,20.0,3.341804617876254e-06,7.493617106030248e-06,1.9556853888894055e-06,1.2791107112795908e-05,0.0,Germany,DEU,baden-wurttemberg,,,Linux-7.0.0-31-generic-x86_64-with-glibc2.43,3.14.4,3.3.0,24,Intel(R) Core(TM) Ultra 9 285K,1,1 x NVIDIA GeForce RTX 5090,9.2986,48.7383,60.816158294677734,machine,0.0,0.0,0.0,0.0,N
gradient_updates_35,2026-09-12T21:40:35,sac_Ant-v5_seed43611,541bbc18-2ae8-4e08-ae96-1d6639e16987,3.933699784000055,4.919713166498009e-05,1.2506628359911368e-05,29.663613616484874,67.12377811949463,20.0,2.8717872140954226e-05,7.857311841399928e-05,2.1852287211105315e-05,0.00012914327776605925,0.0,Germany,DEU,baden-wurttemberg,,,Linux-7.0.0-31-generic-x86_64-with-glibc2.43,3.14.4,3.3.0,24,Intel(R) Core(TM) Ultra 9 285K,1,1 x NVIDIA GeForce RTX 5090,9.2986,48.7383,60.816158294677734,machine,0.0,0.0,0.0,0.0,N
rollout_36,2026-09-12T21:40:35,sac_Ant-v5_seed43611,541bbc18-2ae8-4e08-ae96-1d6639e16987,0.3489067430000432,4.838447382834836e-06,1.386741705410449e-05,29.718648932157436,67.24839877663823,20.0,3.31098181545475e-06,7.446117067988478e-06,1.943904877771364e-06,1.2701003761214809e-05,0.0,Germany,DEU,baden-wurttemberg,,,Linux-7.0.0-31-generic-x86_64-with-glibc2.43,3.14.4,3.3.0,24,Intel(R) Core(TM) Ultra 9 285K,1,1 x NVIDIA GeForce RTX 5090,9.2986,48.7383,60.816158294677734,machine,0.0,0.0,0.0,0.0,N
gradient_updates_36,2026-09-12T21:40:39,sac_Ant-v5_seed43611,541bbc18-2ae8-4e08-ae96-1d6639e16987,3.9787348120007664,4.838875567701739e-05,1.2161893191985483e-05,29.739554814964187,67.29906541323443,20.0,2.6288694086482045e-05,7.863034068200658e-05,2.210224276666655e-05,0.00012702127753515518,0.0,Germany,DEU,baden-wurttemberg,,,Linux-7.0.0-31-generic-x86_64-with-glibc2.43,3.14.4,3.3.0,24,Intel(R) Core(TM) Ultra 9 285K,1,1 x NVIDIA GeForce RTX 5090,9.2986,48.7383,60.816158294677734,machine,0.0,0.0,0.0,0.0,N
rollout_37,2026-09-12T21:40:40,sac_Ant-v5_seed43611,541bbc18-2ae8-4e08-ae96-1d6639e16987,0.3611067069996352,4.6598536538448344e-06,1.2903981566987868e-05,29.70439097667227,67.39550285363352,20.0,2.7231971785612874e-06,7.503617113990835e-06,2.005377999992437e-06,1.2232192292544776e-05,0.0,Germany,DEU,baden-wurttemberg,,,Linux-7.0.0-31-generic-x86_64-with-glibc2.43,3.14.4,3.3.0,24,Intel(R) Core(TM) Ultra 9 285K,1,1 x NVIDIA GeForce RTX 5090,9.2986,48.7383,60.816158294677734,machine,0.0,0.0,0.0,0.0,N
gradient_updates_37,2026-09-12T21:40:44,sac_Ant-v5_seed43611,541bbc18-2ae8-4e08-ae96-1d6639e16987,3.9663423010006227,4.889212587083896e-05,1.2326790019287853e-05,29.660239476653846,67.46144220743805,20.0,2.6318312999068505e-05,7.999034177000319e-05,2.2033977783333545e-05,0.00012834263255240546,0.0,Germany,DEU,baden-wurttemberg,,,Linux-7.0.0-31-generic-x86_64-with-glibc2.43,3.14.4,3.3.0,24,Intel(R) Core(TM) Ultra 9 285K,1,1 x NVIDIA GeForce RTX 5090,9.2986,48.7383,60.816158294677734,machine,0.0,0.0,0.0,0.0,N
rollout_38,2026-09-12T21:40:44,sac_Ant-v5_seed43611,541bbc18-2ae8-4e08-ae96-1d6639e16987,0.3505119459987327,4.125684858310476e-06,1.1769668407924197e-05,29.710823756645045,67.33533347786859,20.0,3.3003515291646357e-06,5.583615578008683e-06,1.946023333332294e-06,1.0829990440505179e-05,0.0,Germany,DEU,baden-wurttemberg,,,Linux-7.0.0-31-generic-x86_64-with-glibc2.43,3.14.4,3.3.0,24,Intel(R) Core(TM) Ultra 9 285K,1,1 x NVIDIA GeForce RTX 5090,9.2986,48.7383,60.816158294677734,machine,0.0,0.0,0.0,0.0,N
gradient_updates_38,2026-09-12T21:40:48,sac_Ant-v5_seed43611,541bbc18-2ae8-4e08-ae96-1d6639e16987,3.9369005619992095,4.962891485764745e-05,1.260611476302431e-05,29.734372437699015,67.41475799083737,20.0,2.7738547746375408e-05,8.06681200899717e-05,2.187004789445078e-05,0.0001302767157307979,0.0,Germany,DEU,baden-wurttemberg,,,Linux-7.0.0-31-generic-x86_64-with-glibc2.43,3.14.4,3.3.0,24,Intel(R) Core(TM) Ultra 9 285K,1,1 x NVIDIA GeForce RTX 5090,9.2986,48.7383,60.816158294677734,machine,0.0,0.0,0.0,0.0,N
rollout_39,2026-09-12T21:40:48,sac_Ant-v5_seed43611,541bbc18-2ae8-4e08-ae96-1d6639e16987,0.34738857000047574,4.071300218125989e-06,1.1719576623813026e-05,29.77731446611764,67.29180019286567,20.0,3.227753693310631e-06,5.530559980010397e-06,1.9289161944471313e-06,1.0687229867767725e-05,0.0,Germany,DEU,baden-wurttemberg,,,Linux-7.0.0-31-generic-x86_64-with-glibc2.43,3.14.4,3.3.0,24,Intel(R) Core(TM) Ultra 9 285K,1,1 x NVIDIA GeForce RTX 5090,9.2986,48.7383,60.816158294677734,machine,0.0,0.0,0.0,0.0,N
gradient_updates_39,2026-09-12T21:40:52,sac_Ant-v5_seed43611,541bbc18-2ae8-4e08-ae96-1d6639e16987,3.974774805999914,4.936122927889789e-05,1.2418651622242649e-05,29.79207368708422,67.36186840961328,20.0,2.6779381979050165e-05,8.071423123801047e-05,2.2080423477776343e-05,0.00012957403669483676,0.0,Germany,DEU,baden-wurttemberg,,,Linux-7.0.0-31-generic-x86_64-with-glibc2.43,3.14.4,3.3.0,24,Intel(R) Core(TM) Ultra 9 285K,1,1 x NVIDIA GeForce RTX 5090,9.2986,48.7383,60.816158294677734,machine,0.0,0.0,0.0,0.0,N
rollout_40,2026-09-12T21:40:53,sac_Ant-v5_seed43611,541bbc18-2ae8-4e08-ae96-1d6639e16987,0.3680948029996216,4.7550513118050156e-06,1.29181478493718e-05,29.76924884813572,67.44214702620741,20.0,2.865663403642249e-06,7.5730616140023965e-06,2.04336268889169e-06,1.2482087706535902e-05,0.0,Germany,DEU,baden-wurttemberg,,,Linux-7.0.0-31-generic-x86_64-with-glibc2.43,3.14.4,3.3.0,24,Intel(R) Core(TM) Ultra 9 285K,1,1 x NVIDIA GeForce RTX 5090,9.2986,48.7383,60.816158294677734,machine,0.0,0.0,0.0,0.0,N
gradient_updates_40,2026-09-12T21:40:57,sac_Ant-v5_seed43611,541bbc18-2ae8-4e08-ae96-1d6639e16987,4.0562215949994425,4.9982098777389544e-05,1.2322357498492894e-05,29.73996936670218,67.49031973062964,20.0,2.8073257180807887e-05,8.059784225600275e-05,2.2532729877770656e-05,0.0001312038293145813,0.0,Germany,DEU,baden-wurttemberg,,,Linux-7.0.0-31-generic-x86_64-with-glibc2.43,3.14.4,3.3.0,24,Intel(R) Core(TM) Ultra 9 285K,1,1 x NVIDIA GeForce RTX 5090,9.2986,48.7383,60.816158294677734,machine,0.0,0.0,0.0,0.0,N
rollout_41,2026-09-12T21:40:57,sac_Ant-v5_seed43611,541bbc18-2ae8-4e08-ae96-1d6639e16987,0.36589161200026865,4.650670280768095e-06,1.2710149713293739e-05,29.705392058343726,67.5578909976793,20.0,2.735557188451865e-06,7.4433392879824645e-06,2.029189311118394e-06,1.220808578755294e-05,0.0,Germany,DEU,baden-wurttemberg,,,Linux-7.0.0-31-generic-x86_64-with-glibc2.43,3.14.4,3.3.0,24,Intel(R) Core(TM) Ultra 9 285K,1,1 x NVIDIA GeForce RTX 5090,9.2986,48.7383,60.816158294677734,machine,0.0,0.0,0.0,0.0,N
gradient_updates_41,2026-09-12T21:41:01,sac_Ant-v5_seed43611,541bbc18-2ae8-4e08-ae96-1d6639e16987,3.933125626999754,4.888150222221669e-05,1.2428179729187125e-05,29.670211363552294,67.59929548422491,20.0,2.8725908536253453e-05,7.774006219199436e-05,2.1848774572228932e-05,0.00012831474530047675,0.0,Germany,DEU,baden-wurttemberg,,,Linux-7.0.0-31-generic-x86_64-with-glibc2.43,3.14.4,3.3.0,24,Intel(R) Core(TM) Ultra 9 285K,1,1 x NVIDIA GeForce RTX 5090,9.2986,48.7383,60.816158294677734,machine,0.0,0.0,0.0,0.0,N
rollout_42,2026-09-12T21:41:01,sac_Ant-v5_seed43611,541bbc18-2ae8-4e08-ae96-1d6639e16987,0.34784449200014933,4.83885760799857e-06,1.3910059096697275e-05,29.720019636314756,67.70164662047162,20.0,3.325698216108397e-06,7.435561504010035e-06,1.9408208888813637e-06,1.270208060900023e-05,0.0,Germany,DEU,baden-wurttemberg,,,Linux-7.0.0-31-generic-x86_64-with-glibc2.43,3.14.4,3.3.0,24,Intel(R) Core(TM) Ultra 9 285K,1,1 x NVIDIA GeForce RTX 5090,9.2986,48.7383,60.816158294677734,machine,0.0,0.0,0.0,0.0,N
gradient_updates_42,2026-09-12T21:41:05,sac_Ant-v5_seed43611,541bbc18-2ae8-4e08-ae96-1d6639e16987,3.937003865999941,4.862647438427228e-05,1.2351158419272848e-05,29.745570270396538,67.73751927883987,20.0,2.824696954201178e-05,7.752756202200617e-05,2.187076147777884e-05,0.00012764529304179657,0.0,Germany,DEU,baden-wurttemberg,,,Linux-7.0.0-31-generic-x86_64-with-glibc2.43,3.14.4,3.3.0,24,Intel(R) Core(TM) Ultra 9 285K,1,1 x NVIDIA GeForce RTX 5090,9.2986,48.7383,60.816158294677734,machine,0.0,0.0,0.0,0.0,N
rollout_43,2026-09-12T21:41:06,sac_Ant-v5_seed43611,541bbc18-2ae8-4e08-ae96-1d6639e16987,0.3474163769988081,4.829422964633401e-06,1.390099968516672e-05,29.7950886695153,67.84049970510006,20.0,3.319747100244408e-06,7.428617054022757e-06,1.928950361111204e-06,1.2677314515378152e-05,0.0,Germany,DEU,baden-wurttemberg,,,Linux-7.0.0-31-generic-x86_64-with-glibc2.43,3.14.4,3.3.0,24,Intel(R) Core(TM) Ultra 9 285K,1,1 x NVIDIA GeForce RTX 5090,9.2986,48.7383,60.816158294677734,machine,0.0,0.0,0.0,0.0,N
gradient_updates_43,2026-09-12T21:41:10,sac_Ant-v5_seed43611,541bbc18-2ae8-4e08-ae96-1d6639e16987,3.9742375450005056,4.804760349465774e-05,1.2089796767130557e-05,29.81645653990478,67.86292843799899,20.0,2.6898485129878136e-05,7.714811727396742e-05,2.207914505555279e-05,0.0001261257474593977,0.0,Germany,DEU,baden-wurttemberg,,,Linux-7.0.0-31-generic-x86_64-with-glibc2.43,3.14.4,3.3.0,24,Intel(R) Core(TM) Ultra 9 285K,1,1 x NVIDIA GeForce RTX 5090,9.2986,48.7383,60.816158294677734,machine,0.0,0.0,0.0,0.0,N
rollout_44,2026-09-12T21:41:10,sac_Ant-v5_seed43611,541bbc18-2ae8-4e08-ae96-1d6639e16987,0.3654790949985909,3.924132483686116e-06,1.0736638742983934e-05,29.787264814547893,67.71446022819664,20.0,2.769618049014433e-06,5.501671068025571e-06,2.0296230333364737e-06,1.0300912150377345e-05,0.0,Germany,DEU,baden-wurttemberg,,,Linux-7.0.0-31-generic-x86_64-with-glibc2.43,3.14.4,3.3.0,24,Intel(R) Core(TM) Ultra 9 285K,1,1 x NVIDIA GeForce RTX 5090,9.2986,48.7383,60.816158294677734,machine,0.0,0.0,0.0,0.0,N
gradient_updates_44,2026-09-12T21:41:14,sac_Ant-v5_seed43611,541bbc18-2ae8-4e08-ae96-1d6639e16987,3.943695475001732,4.9338078587764234e-05,1.2510647218898325e-05,29.75651459618675,67.75945705138162,20.0,2.884494363149248e-05,7.876034078596605e-05,2.190798133333365e-05,0.0001295132657507924,0.0,Germany,DEU,baden-wurttemberg,,,Linux-7.0.0-31-generic-x86_64-with-glibc2.43,3.14.4,3.3.0,24,Intel(R) Core(TM) Ultra 9 285K,1,1 x NVIDIA GeForce RTX 5090,9.2986,48.7383,60.816158294677734,machine,0.0,0.0,0.0,0.0,N
rollout_45,2026-09-12T21:41:14,sac_Ant-v5_seed43611,541bbc18-2ae8-4e08-ae96-1d6639e16987,0.35149572099908255,4.1327431334844435e-06,1.1757463277486588e-05,29.813780740571794,67.63224274531905,20.0,3.4504638714849545e-06,5.446393246039127e-06,1.951661411112547e-06,1.0848518528637496e-05,0.0,Germany,DEU,baden-wurttemberg,,,Linux-7.0.0-31-generic-x86_64-with-glibc2.43,3.14.4,3.3.0,24,Intel(R) Core(TM) Ultra 9 285K,1,1 x NVIDIA GeForce RTX 5090,9.2986,48.7383,60.816158294677734,machine,0.0,0.0,0.0,0.0,N
gradient_updates_45,2026-09-12T21:41:18,sac_Ant-v5_seed43611,541bbc18-2ae8-4e08-ae96-1d6639e16987,3.9437593370003015,4.927163519963902e-05,1.2493621611720212e-05,29.84644133870695,67.67622460975947,20.0,2.8768073292217977e-05,7.866284070798257e-05,2.1907936766668405e-05,0.00012933885076686982,0.0,Germany,DEU,baden-wurttemberg,,,Linux-7.0.0-31-generic-x86_64-with-glibc2.43,3.14.4,3.3.0,24,Intel(R) Core(TM) Ultra 9 285K,1,1 x NVIDIA GeForce RTX 5090,9.2986,48.7383,60.816158294677734,machine,0.0,0.0,0.0,0.0,N
rollout_46,2026-09-12T21:41:19,sac_Ant-v5_seed43611,541bbc18-2ae8-4e08-ae96-1d6639e16987,0.3525228610014892,4.097935905477464e-06,1.1623807005461187e-05,29.8926110824232,67.5483490745916,20.0,3.375899367386026e-06,5.423615450000918e-06,1.957634166673298e-06,1.0757148984059592e-05,0.0,Germany,DEU,baden-wurttemberg,,,Linux-7.0.0-31-generic-x86_64-with-glibc2.43,3.14.4,3.3.0,24,Intel(R) Core(TM) Ultra 9 285K,1,1 x NVIDIA GeForce RTX 5090,9.2986,48.7383,60.816158294677734,machine,0.0,0.0,0.0,0.0,N
gradient_updates_46,2026-09-12T21:41:23,sac_Ant-v5_seed43611,541bbc18-2ae8-4e08-ae96-1d6639e16987,3.966323825001382,4.868810268033154e-05,1.227540469702086e-05,29.91399669845601,67.58356771948225,20.0,2.7592589296285275e-05,7.818117365598898e-05,2.2033305377772193e-05,0.0001278070683300471,0.0,Germany,DEU,baden-wurttemberg,,,Linux-7.0.0-31-generic-x86_64-with-glibc2.43,3.14.4,3.3.0,24,Intel(R) Core(TM) Ultra 9 285K,1,1 x NVIDIA GeForce RTX 5090,9.2986,48.7383,60.816158294677734,machine,0.0,0.0,0.0,0.0,N
rollout_47,2026-09-12T21:41:23,sac_Ant-v5_seed43611,541bbc18-2ae8-4e08-ae96-1d6639e16987,0.3629374089996418,4.5681831175687845e-06,1.258648221906729e-05,29.883012741641007,67.62804864978365,20.0,2.724672457515842e-06,7.2513946899888104e-06,2.015488483337073e-06,1.1991555630841075e-05,0.0,Germany,DEU,baden-wurttemberg,,,Linux-7.0.0-31-generic-x86_64-with-glibc2.43,3.14.4,3.3.0,24,Intel(R) Core(TM) Ultra 9 285K,1,1 x NVIDIA GeForce RTX 5090,9.2986,48.7383,60.816158294677734,machine,0.0,0.0,0.0,0.0,N
gradient_updates_47,2026-09-12T21:41:27,sac_Ant-v5_seed43611,541bbc18-2ae8-4e08-ae96-1d6639e16987,3.9362708859989652,4.834954595186536e-05,1.2283106065029197e-05,29.850996773748662,67.65043731223516,20.0,2.868526933709481e-05,7.63661722040232e-05,2.1866909822225965e-05,0.0001269183513633431,0.0,Germany,DEU,baden-wurttemberg,,,Linux-7.0.0-31-generic-x86_64-with-glibc2.43,3.14.4,3.3.0,24,Intel(R) Core(TM) Ultra 9 285K,1,1 x NVIDIA GeForce RTX 5090,9.2986,48.7383,60.816158294677734,machine,0.0,0.0,0.0,0.0,N
rollout_48,2026-09-12T21:41:27,sac_Ant-v5_seed43611,541bbc18-2ae8-4e08-ae96-1d6639e16987,0.3489222370008065,4.070468494127722e-06,1.1665719408827678e-05,29.89314357510575,67.5320239817735,20.0,3.3268848837336717e-06,5.41722655600374e-06,1.9409351388881713e-06,1.0685046578626234e-05,0.0,Germany,DEU,baden-wurttemberg,,,Linux-7.0.0-31-generic-x86_64-with-glibc2.43,3.14.4,3.3.0,24,Intel(R) Core(TM) Ultra 9 285K,1,1 x NVIDIA GeForce RTX 5090,9.2986,48.7383,60.816158294677734,machine,0.0,0.0,0.0,0.0,N
gradient_updates_48,2026-09-12T21:41:31,sac_Ant-v5_seed43611,541bbc18-2ae8-4e08-ae96-1d6639e16987,3.958541921001597,4.877787528353517e-05,1.2322208420775506e-05,29.913423666735525,67.56506004323678,20.0,2.812927389228559e-05,7.792311789400763e-05,2.1990331100005213e-05,0.00012804272288629778,0.0,Germany,DEU,baden-wurttemberg,,,Linux-7.0.0-31-generic-x86_64-with-glibc2.43,3.14.4,3.3.0,24,Intel(R) Core(TM) Ultra 9 285K,1,1 x NVIDIA GeForce RTX 5090,9.2986,48.7383,60.816158294677734,machine,0.0,0.0,0.0,0.0,N
rollout_49,2026-09-12T21:41:32,sac_Ant-v5_seed43611,541bbc18-2ae8-4e08-ae96-1d6639e16987,0.36126975400111405,4.579020697371549e-06,1.2674663414146895e-05,29.886990651649846,67.61289434363529,20.0,2.746509419421228e-06,7.26750581397928e-06,2.005989222228239e-06,1.2020004455628314e-05,0.0,Germany,DEU,baden-wurttemberg,,,Linux-7.0.0-31-generic-x86_64-with-glibc2.43,3.14.4,3.3.0,24,Intel(R) Core(TM) Ultra 9 285K,1,1 x NVIDIA GeForce RTX 5090,9.2986,48.7383,60.816158294677734,machine,0.0,0.0,0.0,0.0,N
gradient_updates_49,2026-09-12T21:41:36,sac_Ant-v5_seed43611,541bbc18-2ae8-4e08-ae96-1d6639e16987,3.9845261099999334,4.8031806984074644e-05,1.205461082898195e-05,29.85236645952274,67.63878895805597,20.0,2.616830232350653e-05,7.77817288920013e-05,2.2134250144447082e-05,0.0001260842813599547,0.0,Germany,DEU,baden-wurttemberg,,,Linux-7.0.0-31-generic-x86_64-with-glibc2.43,3.14.4,3.3.0,24,Intel(R) Core(TM) Ultra 9 285K,1,1 x NVIDIA GeForce RTX 5090,9.2986,48.7383,60.816158294677734,machine,0.0,0.0,0.0,0.0,N
rollout_50,2026-09-12T21:41:36,sac_Ant-v5_seed43611,541bbc18-2ae8-4e08-ae96-1d6639e16987,0.35913078199882875,4.1536126089108776e-06,1.1564854902726989e-05,29.89857138479784,67.51213260714874,20.0,3.4772344484484963e-06,5.431948790018959e-06,1.9941180055562356e-06,1.0903301244024124e-05,0.0,Germany,DEU,baden-wurttemberg,,,Linux-7.0.0-31-generic-x86_64-with-glibc2.43,3.14.4,3.3.0,24,Intel(R) Core(TM) Ultra 9 285K,1,1 x NVIDIA GeForce RTX 5090,9.2986,48.7383,60.816158294677734,machine,0.0,0.0,0.0,0.0,N
gradient_updates_50,2026-09-12T21:41:40,sac_Ant-v5_seed43611,541bbc18-2ae8-4e08-ae96-1d6639e16987,4.25968789000035,5.2872864517288735e-05,1.2412415886379197e-05,29.92954427356336,67.53742486101214,20.0,3.210789457518126e-05,8.302117752800875e-05,2.36630647055488e-05,0.00013879213680873838,0.0,Germany,DEU,baden-wurttemberg,,,Linux-7.0.0-31-generic-x86_64-with-glibc2.43,3.14.4,3.3.0,24,Intel(R) Core(TM) Ultra 9 285K,1,1 x NVIDIA GeForce RTX 5090,9.2986,48.7383,60.816158294677734,machine,0.0,0.0,0.0,0.0,N
rollout_51,2026-09-12T21:41:41,sac_Ant-v5_seed43611,541bbc18-2ae8-4e08-ae96-1d6639e16987,0.35479595700053324,4.124250723382041e-06,1.1624267394385164e-05,29.97530567296394,67.41827300915385,20.0,3.447124146585545e-06,5.40917099398075e-06,1.9699306722234175e-06,1.0826225812788845e-05,0.0,Germany,DEU,baden-wurttemberg,,,Linux-7.0.0-31-generic-x86_64-with-glibc2.43,3.14.4,3.3.0,24,Intel(R) Core(TM) Ultra 9 285K,1,1 x NVIDIA GeForce RTX 5090,9.2986,48.7383,60.816158294677734,machine,0.0,0.0,0.0,0.0,N
gradient_updates_51,2026-09-12T21:41:45,sac_Ant-v5_seed43611,541bbc18-2ae8-4e08-ae96-1d6639e16987,4.248293658998591,5.224186023582633e-05,1.2297170271359101e-05,30.004031992179527,67.4431225643425,20.0,3.084290884099172e-05,8.269284393197518e-05,2.3599987444453694e-05,0.00013713574021742038,0.0,Germany,DEU,baden-wurttemberg,,,Linux-7.0.0-31-generic-x86_64-with-glibc2.43,3.14.4,3.3.0,24,Intel(R) Core(TM) Ultra 9 285K,1,1 x NVIDIA GeForce RTX 5090,9.2986,48.7383,60.816158294677734,machine,0.0,0.0,0.0,0.0,N
rollout_52,2026-09-12T21:41:45,sac_Ant-v5_seed43611,541bbc18-2ae8-4e08-ae96-1d6639e16987,0.35307117699994706,4.076987240007619e-06,1.1547385941237503e-05,30.043267893052594,67.32534040553772,20.0,3.3771371461543964e-06,5.36472651402331e-06,1.9602947333319937e-06,1.07021583935097e-05,0.0,Germany,DEU,baden-wurttemberg,,,Linux-7.0.0-31-generic-x86_64-with-glibc2.43,3.14.4,3.3.0,24,Intel(R) Core(TM) Ultra 9 285K,1,1 x NVIDIA GeForce RTX 5090,9.2986,48.7383,60.816158294677734,machine,0.0,0.0,0.0,0.0,N
gradient_updates_52,2026-09-12T21:41:49,sac_Ant-v5_seed43611,541bbc18-2ae8-4e08-ae96-1d6639e16987,4.2378282789995865,5.218147415727171e-05,1.2313284615880537e-05,30.0671432755069,67.35071635606374,20.0,3.09297991882701e-05,8.25056215600084e-05,2.3541805022220296e-05,0.00013697722577049945,0.0,Germany,DEU,baden-wurttemberg,,,Linux-7.0.0-31-generic-x86_64-with-glibc2.43,3.14.4,3.3.0,24,Intel(R) Core(TM) Ultra 9 285K,1,1 x NVIDIA GeForce RTX 5090,9.2986,48.7383,60.816158294677734,machine,0.0,0.0,0.0,0.0,N
rollout_53,2026-09-12T21:41:50,sac_Ant-v5_seed43611,541bbc18-2ae8-4e08-ae96-1d6639e16987,0.35241667999980564,4.0623485673086865e-06,1.1526821546606916e-05,30.103526509094458,67.23557176291843,20.0,3.3543846279515677e-06,5.352226503996249e-06,1.9571205055600883e-06,1.0663731637508556e-05,0.0,Germany,DEU,baden-wurttemberg,,,Linux-7.0.0-31-generic-x86_64-with-glibc2.43,3.14.4,3.3.0,24,Intel(R) Core(TM) Ultra 9 285K,1,1 x NVIDIA GeForce RTX 5090,9.2986,48.7383,60.816158294677734,machine,0.0,0.0,0.0,0.0,N
gradient_updates_53,2026-09-12T21:41:54,sac_Ant-v5_seed43611,541bbc18-2ae8-4e08-ae96-1d6639e16987,4.2599393780001265,5.167823450263854e-05,1.2131238337741076e-05,30.12325228283516,67.25547151237411,20.0,2.9819554688961802e-05,8.217173240401832e-05,2.3664926327779086e-05,0.00013565621342075986,0.0,Germany,DEU,baden-wurttemberg,,,Linux-7.0.0-31-generic-x86_64-with-glibc2.43,3.14.4,3.3.0,24,Intel(R) Core(TM) Ultra 9 285K,1,1 x NVIDIA GeForce RTX 5090,9.2986,48.7383,60.816158294677734,machine,0.0,0.0,0.0,0.0,N
rollout_54,2026-09-12T21:41:54,sac_Ant-v5_seed43611,541bbc18-2ae8-4e08-ae96-1d6639e16987,0.3512665679991187,4.719516622967747e-06,1.3434832720823437e-05,30.14964601333531,67.31524064847588,20.0,3.2461659302679413e-06,7.196672423964712e-06,1.9459702111110453e-06,1.2388808565343482e-05,0.0,Germany,DEU,baden-wurttemberg,,,Linux-7.0.0-31-generic-x86_64-with-glibc2.43,3.14.4,3.3.0,24,Intel(R) Core(TM) Ultra 9 285K,1,1 x NVIDIA GeForce RTX 5090,9.2986,48.7383,60.816158294677734,machine,0.0,0.0,0.0,0.0,N
gradient_updates_54,2026-09-12T21:41:59,sac_Ant-v5_seed43611,541bbc18-2ae8-4e08-ae96-1d6639e16987,4.257460163998985,5.12663510758753e-05,1.2041561225227797e-05,30.16267633878309,67.3212769849873,20.0,3.0517778580860244e-05,8.040756432603491e-05,2.3649669761107404e-05,0.0001345750126680017,0.0,Germany,DEU,baden-wurttemberg,,,Linux-7.0.0-31-generic-x86_64-with-glibc2.43,3.14.4,3.3.0,24,Intel(R) Core(TM) Ultra 9 285K,1,1 x NVIDIA GeForce RTX 5090,9.2986,48.7383,60.816158294677734,machine,0.0,0.0,0.0,0.0,N
rollout_55,2026-09-12T21:41:59,sac_Ant-v5_seed43611,541bbc18-2ae8-4e08-ae96-1d6639e16987,0.36026266000044416,4.5592017889786556e-06,1.2654877791585805e-05,30.132989777860846,67.36829647291684,20.0,2.694968822630761e-06,7.272228039978401e-06,2.0007826333312377e-06,1.1967979495940834e-05,0.0,Germany,DEU,baden-wurttemberg,,,Linux-7.0.0-31-generic-x86_64-with-glibc2.43,3.14.4,3.3.0,24,Intel(R) Core(TM) Ultra 9 285K,1,1 x NVIDIA GeForce RTX 5090,9.2986,48.7383,60.816158294677734,machine,0.0,0.0,0.0,0.0,N
gradient_updates_55,2026-09-12T21:42:03,sac_Ant-v5_seed43611,541bbc18-2ae8-4e08-ae96-1d6639e16987,4.294591202000447,5.162375484458852e-05,1.2020665195814955e-05,30.100327704149574,67.3808963665201,20.0,2.956378392879322e-05,8.20920101179956e-05,2.385740937777686e-05,0.0001355132034245657,0.0,Germany,DEU,baden-wurttemberg,,,Linux-7.0.0-31-generic-x86_64-with-glibc2.43,3.14.4,3.3.0,24,Intel(R) Core(TM) Ultra 9 285K,1,1 x NVIDIA GeForce RTX 5090,9.2986,48.7383,60.816158294677734,machine,0.0,0.0,0.0,0.0,N
rollout_56,2026-09-12T21:42:04,sac_Ant-v5_seed43611,541bbc18-2ae8-4e08-ae96-1d6639e16987,0.35073701700093807,4.048957250572631e-06,1.154407028882162e-05,30.131220308237843,67.27620619756634,20.0,3.3005720849049736e-06,5.38028208202368e-06,1.9477250444450284e-06,1.0628579211373682e-05,0.0,Germany,DEU,baden-wurttemberg,,,Linux-7.0.0-31-generic-x86_64-with-glibc2.43,3.14.4,3.3.0,24,Intel(R) Core(TM) Ultra 9 285K,1,1 x NVIDIA GeForce RTX 5090,9.2986,48.7383,60.816158294677734,machine,0.0,0.0,0.0,0.0,N
gradient_updates_56,2026-09-12T21:42:08,sac_Ant-v5_seed43611,541bbc18-2ae8-4e08-ae96-1d6639e16987,4.271424226999443,5.141140139358624e-05,1.20361571779949e-05,30.146428282239377,67.29023938478727,20.0,2.9459464956430037e-05,8.176784319197106e-05,2.3728463983338282e-05,0.0001349557721317396,0.0,Germany,DEU,baden-wurttemberg,,,Linux-7.0.0-31-generic-x86_64-with-glibc2.43,3.14.4,3.3.0,24,Intel(R) Core(TM) Ultra 9 285K,1,1 x NVIDIA GeForce RTX 5090,9.2986,48.7383,60.816158294677734,machine,0.0,0.0,0.0,0.0,N
rollout_57,2026-09-12T21:42:08,sac_Ant-v5_seed43611,541bbc18-2ae8-4e08-ae96-1d6639e16987,0.36494997999943735,4.558670971504912e-06,1.249139044057841e-05,30.1200384430495,67.32095711799113,20.0,2.755274704224764e-06,7.185283526028874e-06,2.0260278611103615e-06,1.1966586091363349e-05,0.0,Germany,DEU,baden-wurttemberg,,,Linux-7.0.0-31-generic-x86_64-with-glibc2.43,3.14.4,3.3.0,24,Intel(R) Core(TM) Ultra 9 285K,1,1 x NVIDIA GeForce RTX 5090,9.2986,48.7383,60.816158294677734,machine,0.0,0.0,0.0,0.0,N
gradient_updates_57,2026-09-12T21:42:13,sac_Ant-v5_seed43611,541bbc18-2ae8-4e08-ae96-1d6639e16987,4.238834899000722,5.10434600613824e-05,1.2041887120591972e-05,30.092671878806797,67.3233039976327,20.0,3.084911440148774e-05,7.959311922997592e-05,2.3547686466665477e-05,0.00013398992009812892,0.0,Germany,DEU,baden-wurttemberg,,,Linux-7.0.0-31-generic-x86_64-with-glibc2.43,3.14.4,3.3.0,24,Intel(R) Core(TM) Ultra 9 285K,1,1 x NVIDIA GeForce RTX 5090,9.2986,48.7383,60.816158294677734,machine,0.0,0.0,0.0,0.0,N
rollout_58,2026-09-12T21:42:13,sac_Ant-v5_seed43611,541bbc18-2ae8-4e08-ae96-1d6639e16987,0.3542380510007206,4.740924444439441e-06,1.3382495374876163e-05,30.125658319237438,67.3599934778692,20.0,3.384088262822771e-06,7.085561224001724e-06,1.9753549611071456e-06,1.2445004447931424e-05,0.0,Germany,DEU,baden-wurttemberg,,,Linux-7.0.0-31-generic-x86_64-with-glibc2.43,3.14.4,3.3.0,24,Intel(R) Core(TM) Ultra 9 285K,1,1 x NVIDIA GeForce RTX 5090,9.2986,48.7383,60.816158294677734,machine,0.0,0.0,0.0,0.0,N
gradient_updates_58,2026-09-12T21:42:17,sac_Ant-v5_seed43611,541bbc18-2ae8-4e08-ae96-1d6639e16987,4.2785294789991895,5.033236642641714e-05,1.1763963092040162e-05,30.142225100724072,67.35467742455116,20.0,2.9068213254546116e-05,7.928728565201326e-05,2.3767788733332178e-05,0.00013212328763989242,0.0,Germany,DEU,baden-wurttemberg,,,Linux-7.0.0-31-generic-x86_64-with-glibc2.43,3.14.4,3.3.0,24,Intel(R) Core(TM) Ultra 9 285K,1,1 x NVIDIA GeForce RTX 5090,9.2986,48.7383,60.816158294677734,machine,0.0,0.0,0.0,0.0,N
rollout_59,2026-09-12T21:42:18,sac_Ant-v5_seed43611,541bbc18-2ae8-4e08-ae96-1d6639e16987,0.36029506500017305,3.8122008634887752e-06,1.0580501029420638e-05,30.114999276365147,67.23749055682764,20.0,2.699292159430433e-06,5.307504245988248e-06,2.000293405550555e-06,1.0007089810968803e-05,0.0,Germany,DEU,baden-wurttemberg,,,Linux-7.0.0-31-generic-x86_64-with-glibc2.43,3.14.4,3.3.0,24,Intel(R) Core(TM) Ultra 9 285K,1,1 x NVIDIA GeForce RTX 5090,9.2986,48.7383,60.816158294677734,machine,0.0,0.0,0.0,0.0,N
gradient_updates_59,2026-09-12T21:42:22,sac_Ant-v5_seed43611,541bbc18-2ae8-4e08-ae96-1d6639e16987,4.248495153000476,5.161901710714137e-05,1.2149976898918137e-05,30.08747275687659,67.24730652576015,20.0,3.112755295757441e-05,8.077173128401283e-05,2.3601482544452577e-05,0.00013550076678603938,0.0,Germany,DEU,baden-wurttemberg,,,Linux-7.0.0-31-generic-x86_64-with-glibc2.43,3.14.4,3.3.0,24,Intel(R) Core(TM) Ultra 9 285K,1,1 x NVIDIA GeForce RTX 5090,9.2986,48.7383,60.816158294677734,machine,0.0,0.0,0.0,0.0,N
rollout_60,2026-09-12T21:42:22,sac_Ant-v5_seed43611,541bbc18-2ae8-4e08-ae96-1d6639e16987,0.3609756070000003,4.143262482510408e-06,1.1478055441162285e-05,30.13001541578921,67.13206727778135,20.0,3.5654978524091163e-06,5.306948689998148e-06,2.003685450007505e-06,1.0876131992415203e-05,0.0,Germany,DEU,baden-wurttemberg,,,Linux-7.0.0-31-generic-x86_64-with-glibc2.43,3.14.4,3.3.0,24,Intel(R) Core(TM) Ultra 9 285K,1,1 x NVIDIA GeForce RTX 5090,9.2986,48.7383,60.816158294677734,machine,0.0,0.0,0.0,0.0,N
gradient_updates_60,2026-09-12T21:42:26,sac_Ant-v5_seed43611,541bbc18-2ae8-4e08-ae96-1d6639e16987,4.292695009000454,5.1763008288022855e-05,1.2058407066080978e-05,30.156601084613065,67.14006645402475,20.0,3.07964038037678e-05,8.1236176100008e-05,2.38461660944469e-05,0.00013587874599822226,0.0,Germany,DEU,baden-wurttemberg,,,Linux-7.0.0-31-generic-x86_64-with-glibc2.43,3.14.4,3.3.0,24,Intel(R) Core(TM) Ultra 9 285K,1,1 x NVIDIA GeForce RTX 5090,9.2986,48.7383,60.816158294677734,machine,0.0,0.0,0.0,0.0,N
rollout_61,2026-09-12T21:42:27,sac_Ant-v5_seed43611,541bbc18-2ae8-4e08-ae96-1d6639e16987,0.3582563689997187,4.740466694549798e-06,1.3231717498379379e-05,30.1864495949624,67.1704360584591,20.0,3.3944982711642258e-06,7.0600056480130124e-06,1.9892989277852866e-06,1.2443802846961657e-05,0.0,Germany,DEU,baden-wurttemberg,,,Linux-7.0.0-31-generic-x86_64-with-glibc2.43,3.14.4,3.3.0,24,Intel(R) Core(TM) Ultra 9 285K,1,1 x NVIDIA GeForce RTX 5090,9.2986,48.7383,60.816158294677734,machine,0.0,0.0,0.0,0.0,N
gradient_updates_61,2026-09-12T21:42:31,sac_Ant-v5_seed43611,541bbc18-2ae8-4e08-ae96-1d6639e16987,4.291085453000051,5.091340671166747e-05,1.1864956219702095e-05,30.2010259649291,67.17383675308307,20.0,2.923821283498662e-05,8.057339779199424e-05,2.3836917294445432e-05,0.00013364852792142716,0.0,Germany,DEU,baden-wurttemberg,,,Linux-7.0.0-31-generic-x86_64-with-glibc2.43,3.14.4,3.3.0,24,Intel(R) Core(TM) Ultra 9 285K,1,1 x NVIDIA GeForce RTX 5090,9.2986,48.7383,60.816158294677734,machine,0.0,0.0,0.0,0.0,N
rollout_62,2026-09-12T21:42:31,sac_Ant-v5_seed43611,541bbc18-2ae8-4e08-ae96-1d6639e16987,0.3647181100004673,3.846504478433044e-06,1.0545869870220612e-05,30.180190406381573,67.05530150963735,20.0,2.8048825216758777e-06,5.266948657989268e-06,2.0253061833296754e-06,1.009713736299482e-05,0.0,Germany,DEU,baden-wurttemberg,,,Linux-7.0.0-31-generic-x86_64-with-glibc2.43,3.14.4,3.3.0,24,Intel(R) Core(TM) Ultra 9 285K,1,1 x NVIDIA GeForce RTX 5090,9.2986,48.7383,60.816158294677734,machine,0.0,0.0,0.0,0.0,N
gradient_updates_62,2026-09-12T21:42:36,sac_Ant-v5_seed43611,541bbc18-2ae8-4e08-ae96-1d6639e16987,4.284739397999147,5.068164289952562e-05,1.1828432779248166e-05,30.15512866056366,67.05620462243854,20.0,2.929246621173609e-05,7.994506395597734e-05,2.3802613944442445e-05,0.00013304014411215544,0.0,Germany,DEU,baden-wurttemberg,,,Linux-7.0.0-31-generic-x86_64-with-glibc2.43,3.14.4,3.3.0,24,Intel(R) Core(TM) Ultra 9 285K,1,1 x NVIDIA GeForce RTX 5090,9.2986,48.7383,60.816158294677734,machine,0.0,0.0,0.0,0.0,N
rollout_63,2026-09-12T21:42:36,sac_Ant-v5_seed43611,541bbc18-2ae8-4e08-ae96-1d6639e16987,0.3677629430003435,4.502070198813754e-06,1.2241547822458746e-05,30.129981459573457,67.06708770520117,20.0,2.766599991058105e-06,7.005561160039475e-06,2.0458469833406663e-06,1.1818008134437813e-05,0.0,Germany,DEU,baden-wurttemberg,,,Linux-7.0.0-31-generic-x86_64-with-glibc2.43,3.14.4,3.3.0,24,Intel(R) Core(TM) Ultra 9 285K,1,1 x NVIDIA GeForce RTX 5090,9.2986,48.7383,60.816158294677734,machine,0.0,0.0,0.0,0.0,N
gradient_updates_63,2026-09-12T21:42:40,sac_Ant-v5_seed43611,541bbc18-2ae8-4e08-ae96-1d6639e16987,4.215656219999801,5.0516168157454557e-05,1.1983011633420327e-05,30.104900911652773,67.06316177736305,20.0,3.1255404448746194e-05,7.793145123397016e-05,2.3418914516666264e-05,0.00013260577019938262,0.0,Germany,DEU,baden-wurttemberg,,,Linux-7.0.0-31-generic-x86_64-with-glibc2.43,3.14.4,3.3.0,24,Intel(R) Core(TM) Ultra 9 285K,1,1 x NVIDIA GeForce RTX 5090,9.2986,48.7383,60.816158294677734,machine,0.0,0.0,0.0,0.0,N
rollout_64,2026-09-12T21:42:41,sac_Ant-v5_seed43611,541bbc18-2ae8-4e08-ae96-1d6639e16987,0.35210378999909153,4.725337261430283e-06,1.3419977643276445e-05,30.140774093310334,67.09910329873186,20.0,3.42708413055004e-06,7.021672284029945e-06,1.9553314222222305e-06,1.2404087836802649e-05,0.0,Germany,DEU,baden-wurttemberg,,,Linux-7.0.0-31-generic-x86_64-with-glibc2.43,3.14.4,3.3.0,24,Intel(R) Core(TM) Ultra 9 285K,1,1 x NVIDIA GeForce RTX 5090,9.2986,48.7383,60.816158294677734,machine,0.0,0.0,0.0,0.0,N
gradient_updates_64,2026-09-12T21:42:45,sac_Ant-v5_seed43611,541bbc18-2ae8-4e08-ae96-1d6639e16987,4.274704641000426,5.083646388433054e-05,1.1892418953109073e-05,30.161478108404896,67.1003466182744,20.0,2.983145636513418e-05,7.986811944996064e-05,2.3746975922222212e-05,0.00013344655173731616,0.0,Germany,DEU,baden-wurttemberg,,,Linux-7.0.0-31-generic-x86_64-with-glibc2.43,3.14.4,3.3.0,24,Intel(R) Core(TM) Ultra 9 285K,1,1 x NVIDIA GeForce RTX 5090,9.2986,48.7383,60.816158294677734,machine,0.0,0.0,0.0,0.0,N
rollout_65,2026-09-12T21:42:45,sac_Ant-v5_seed43611,541bbc18-2ae8-4e08-ae96-1d6639e16987,0.3558210049995978,4.050196422524313e-06,1.1382724470603334e-05,30.196811796458434,66.99132024898837,20.0,3.468943886267284e-06,5.186948594027019e-06,1.9759395777831784e-06,1.0631832058077481e-05,0.0,Germany,DEU,baden-wurttemberg,,,Linux-7.0.0-31-generic-x86_64-with-glibc2.43,3.14.4,3.3.0,24,Intel(R) Core(TM) Ultra 9 285K,1,1 x NVIDIA GeForce RTX 5090,9.2986,48.7383,60.816158294677734,machine,0.0,0.0,0.0,0.0,N
gradient_updates_65,2026-09-12T21:42:50,sac_Ant-v5_seed43611,541bbc18-2ae8-4e08-ae96-1d6639e16987,4.243915924998873,5.119350061482189e-05,1.2062816759260987e-05,30.219283157201748,66.9942122996655,20.0,3.1344277853187497e-05,7.945617467600141e-05,2.358332648333709e-05,0.00013438377901252643,0.0,Germany,DEU,baden-wurttemberg,,,Linux-7.0.0-31-generic-x86_64-with-glibc2.43,3.14.4,3.3.0,24,Intel(R) Core(TM) Ultra 9 285K,1,1 x NVIDIA GeForce RTX 5090,9.2986,48.7383,60.816158294677734,machine,0.0,0.0,0.0,0.0,N
rollout_66,2026-09-12T21:42:50,sac_Ant-v5_seed43611,541bbc18-2ae8-4e08-ae96-1d6639e16987,0.3511909079988982,4.000963557974392e-06,1.1391844192592297e-05,30.24997885839298,66.89202254640686,20.0,3.374475199574567e-06,5.178059697991122e-06,1.9500600833351374e-06,1.0502594980900393e-05,0.0,Germany,DEU,baden-wurttemberg,,,Linux-7.0.0-31-generic-x86_64-with-glibc2.43,3.14.4,3.3.0,24,Intel(R) Core(TM) Ultra 9 285K,1,1 x NVIDIA GeForce RTX 5090,9.2986,48.7383,60.816158294677734,machine,0.0,0.0,0.0,0.0,N
gradient_updates_66,2026-09-12T21:42:54,sac_Ant-v5_seed43611,541bbc18-2ae8-4e08-ae96-1d6639e16987,4.2255771630007075,5.032259894163869e-05,1.1909074723893789e-05,30.26871602356766,66.88567880044012,20.0,3.1130451848784824e-05,7.749311754998156e-05,2.3474078433335238e-05,0.00013209764783210162,0.0,Germany,DEU,baden-wurttemberg,,,Linux-7.0.0-31-generic-x86_64-with-glibc2.43,3.14.4,3.3.0,24,Intel(R) Core(TM) Ultra 9 285K,1,1 x NVIDIA GeForce RTX 5090,9.2986,48.7383,60.816158294677734,machine,0.0,0.0,0.0,0.0,N
rollout_67,2026-09-12T21:42:54,sac_Ant-v5_seed43611,541bbc18-2ae8-4e08-ae96-1d6639e16987,0.347903612000664,4.662916632969943e-06,1.3402395253958106e-05,30.29576355248012,66.92610602322483,20.0,3.3054037554269833e-06,7.002505602010656e-06,1.9323233055629392e-06,1.2240232663000145e-05,0.0,Germany,DEU,baden-wurttemberg,,,Linux-7.0.0-31-generic-x86_64-with-glibc2.43,3.14.4,3.3.0,24,Intel(R) Core(TM) Ultra 9 285K,1,1 x NVIDIA GeForce RTX 5090,9.2986,48.7383,60.816158294677734,machine,0.0,0.0,0.0,0.0,N
gradient_updates_67,2026-09-12T21:42:59,sac_Ant-v5_seed43611,541bbc18-2ae8-4e08-ae96-1d6639e16987,4.2661631559985835,5.0452702322539844e-05,1.1826276932997091e-05,30.30953080065072,66.92429906304285,20.0,2.969885792572513e-05,7.903367433798048e-05,2.3706639077782955e-05,0.0001324391713414877,0.0,Germany,DEU,baden-wurttemberg,,,Linux-7.0.0-31-generic-x86_64-with-glibc2.43,3.14.4,3.3.0,24,Intel(R) Core(TM) Ultra 9 285K,1,1 x NVIDIA GeForce RTX 5090,9.2986,48.7383,60.816158294677734,machine,0.0,0.0,0.0,0.0,N
rollout_68,2026-09-12T21:42:59,sac_Ant-v5_seed43611,541bbc18-2ae8-4e08-ae96-1d6639e16987,0.35128538299977663,3.979103158795183e-06,1.1327025720730435e-05,30.336954922076583,66.82318692808381,20.0,3.3513326810619137e-06,5.1444485600071754e-06,1.9494298333384147e-06,1.0445211074407504e-05,0.0,Germany,DEU,baden-wurttemberg,,,Linux-7.0.0-31-generic-x86_64-with-glibc2.43,3.14.4,3.3.0,24,Intel(R) Core(TM) Ultra 9 285K,1,1 x NVIDIA GeForce RTX 5090,9.2986,48.7383,60.816158294677734,machine,0.0,0.0,0.0,0.0,N
gradient_updates_68,2026-09-12T21:43:03,sac_Ant-v5_seed43611,541bbc18-2ae8-4e08-ae96-1d6639e16987,4.239613821000603,5.076733508886742e-05,1.1974545377035988e-05,30.352360991783517,66.82587469425036,20.0,3.057523640462301e-05,7.913811886600675e-05,2.3551732244444026e-05,0.00013326508751507378,0.0,Germany,DEU,baden-wurttemberg,,,Linux-7.0.0-31-generic-x86_64-with-glibc2.43,3.14.4,3.3.0,24,Intel(R) Core(TM) Ultra 9 285K,1,1 x NVIDIA GeForce RTX 5090,9.2986,48.7383,60.816158294677734,machine,0.0,0.0,0.0,0.0,N
rollout_69,2026-09-12T21:43:04,sac_Ant-v5_seed43611,541bbc18-2ae8-4e08-ae96-1d6639e16987,0.35293668799931766,4.011513929241123e-06,1.1365842953689024e-05,30.381557248151726,66.72666587713049,20.0,3.4015341101034657e-06,5.168893024015686e-06,1.9598627444489605e-06,1.053028987856898e-05,0.0,Germany,DEU,baden-wurttemberg,,,Linux-7.0.0-31-generic-x86_64-with-glibc2.43,3.14.4,3.3.0,24,Intel(R) Core(TM) Ultra 9 285K,1,1 x NVIDIA GeForce RTX 5090,9.2986,48.7383,60.816158294677734,machine,0.0,0.0,0.0,0.0,N
gradient_updates_69,2026-09-12T21:43:08,sac_Ant-v5_seed43611,541bbc18-2ae8-4e08-ae96-1d6639e16987,4.240431119000277,5.105325303810925e-05,1.2039667951777888e-05,30.399276740667858,66.72984928444367,20.0,3.13283920071461e-05,7.913061886000161e-05,2.355661595555749e-05,0.00013401562682270433,0.0,Germany,DEU,baden-wurttemberg,,,Linux-7.0.0-31-generic-x86_64-with-glibc2.43,3.14.4,3.3.0,24,Intel(R) Core(TM) Ultra 9 285K,1,1 x NVIDIA GeForce RTX 5090,9.2986,48.7383,60.816158294677734,machine,0.0,0.0,0.0,0.0,N
rollout_70,2026-09-12T21:43:08,sac_Ant-v5_seed43611,541bbc18-2ae8-4e08-ae96-1d6639e16987,0.3567139059996407,4.041800713110166e-06,1.1329801710039997e-05,30.429731276870175,66.63077680261011,20.0,3.4666722177750797e-06,5.17194858201675e-06,1.97117238332975e-06,1.060979318312158e-05,0.0,Germany,DEU,baden-wurttemberg,,,Linux-7.0.0-31-generic-x86_64-with-glibc2.43,3.14.4,3.3.0,24,Intel(R) Core(TM) Ultra 9 285K,1,1 x NVIDIA GeForce RTX 5090,9.2986,48.7383,60.816158294677734,machine,0.0,0.0,0.0,0.0,N
gradient_updates_70,2026-09-12T21:43:13,sac_Ant-v5_seed43611,541bbc18-2ae8-4e08-ae96-1d6639e16987,4.2738718469991,5.165206717000319e-05,1.2085586833920115e-05,30.449588218594375,66.6319223568714,20.0,3.2550856318439014e-05,7.929506343595794e-05,2.3741603988886115e-05,0.00013558752374328263,0.0,Germany,DEU,baden-wurttemberg,,,Linux-7.0.0-31-generic-x86_64-with-glibc2.43,3.14.4,3.3.0,24,Intel(R) Core(TM) Ultra 9 285K,1,1 x NVIDIA GeForce RTX 5090,9.2986,48.7383,60.816158294677734,machine,0.0,0.0,0.0,0.0,N
rollout_71,2026-09-12T21:43:13,sac_Ant-v5_seed43611,541bbc18-2ae8-4e08-ae96-1d6639e16987,0.3507950109997182,3.96502069872906e-06,1.1302935862046283e-05,30.47366579718238,66.53409374673271,20.0,3.3390240601061105e-06,5.1152818700272995e-06,1.953938455557906e-06,1.0408244385690449e-05,0.0,Germany,DEU,baden-wurttemberg,,,Linux-7.0.0-31-generic-x86_64-with-glibc2.43,3.14.4,3.3.0,24,Intel(R) Core(TM) Ultra 9 285K,1,1 x NVIDIA GeForce RTX 5090,9.2986,48.7383,60.816158294677734,machine,0.0,0.0,0.0,0.0,N
gradient_updates_71,2026-09-12T21:43:17,sac_Ant-v5_seed43611,541bbc18-2ae8-4e08-ae96-1d6639e16987,4.272719151000274,5.0261623636816896e-05,1.176343043388226e-05,30.48471930818479,66.53405242649036,20.0,2.924935173279075e-05,7.895339649599542e-05,2.3734838427773904e-05,0.0001319375866565605,0.0,Germany,DEU,baden-wurttemberg,,,Linux-7.0.0-31-generic-x86_64-with-glibc2.43,3.14.4,3.3.0,24,Intel(R) Core(TM) Ultra 9 285K,1,1 x NVIDIA GeForce RTX 5090,9.2986,48.7383,60.816158294677734,machine,0.0,0.0,0.0,0.0,N
rollout_72,2026-09-12T21:43:18,sac_Ant-v5_seed43611,541bbc18-2ae8-4e08-ae96-1d6639e16987,0.3480516979998356,4.658647157698356e-06,1.3384624118336177e-05,30.510572693118597,66.57100052083567,20.0,3.3368368361486045e-06,6.959450012000712e-06,1.932738372215862e-06,1.2229025220364745e-05,0.0,Germany,DEU,baden-wurttemberg,,,Linux-7.0.0-31-generic-x86_64-with-glibc2.43,3.14.4,3.3.0,24,Intel(R) Core(TM) Ultra 9 285K,1,1 x NVIDIA GeForce RTX 5090,9.2986,48.7383,60.816158294677734,machine,0.0,0.0,0.0,0.0,N
gradient_updates_72,2026-09-12T21:43:22,sac_Ant-v5_seed43611,541bbc18-2ae8-4e08-ae96-1d6639e16987,4.2484065649987315,5.037675200499168e-05,1.1857821085582784e-05,30.525537705217676,66.56422752809985,20.0,3.124597749676328e-05,7.738700635398499e-05,2.3606816661110065e-05,0.00013223980051185746,0.0,Germany,DEU,baden-wurttemberg,,,Linux-7.0.0-31-generic-x86_64-with-glibc2.43,3.14.4,3.3.0,24,Intel(R) Core(TM) Ultra 9 285K,1,1 x NVIDIA GeForce RTX 5090,9.2986,48.7383,60.816158294677734,machine,0.0,0.0,0.0,0.0,N
rollout_73,2026-09-12T21:43:22,sac_Ant-v5_seed43611,541bbc18-2ae8-4e08-ae96-1d6639e16987,0.3503619780003646,4.622161555794917e-06,1.3192260865358173e-05,30.54617804549401,66.59300968125716,20.0,3.290975966102616e-06,6.896672184009134e-06,1.9456017666622666e-06,1.2133249916774017e-05,0.0,Germany,DEU,baden-wurttemberg,,,Linux-7.0.0-31-generic-x86_64-with-glibc2.43,3.14.4,3.3.0,24,Intel(R) Core(TM) Ultra 9 285K,1,1 x NVIDIA GeForce RTX 5090,9.2986,48.7383,60.816158294677734,machine,0.0,0.0,0.0,0.0,N
gradient_updates_73,2026-09-12T21:43:26,sac_Ant-v5_seed43611,541bbc18-2ae8-4e08-ae96-1d6639e16987,4.277771537999797,5.0494693225556705e-05,1.1803995311131992e-05,30.55522502814075,66.59217438387576,20.0,2.9809653569926042e-05,7.897617429200587e-05,2.3763570288893796e-05,0.0001325493981508257,0.0,Germany,DEU,baden-wurttemberg,,,Linux-7.0.0-31-generic-x86_64-with-glibc2.43,3.14.4,3.3.0,24,Intel(R) Core(TM) Ultra 9 285K,1,1 x NVIDIA GeForce RTX 5090,9.2986,48.7383,60.816158294677734,machine,0.0,0.0,0.0,0.0,N
rollout_74,2026-09-12T21:43:27,sac_Ant-v5_seed43611,541bbc18-2ae8-4e08-ae96-1d6639e16987,0.35118887399949017,3.9810926969760865e-06,1.133559023635868e-05,30.578967624667676,66.50141193145193,20.0,3.3518074036703593e-06,5.14861522998844e-06,1.9500110111140244e-06,1.0450433644773258e-05,0.0,Germany,DEU,baden-wurttemberg,,,Linux-7.0.0-31-generic-x86_64-with-glibc2.43,3.14.4,3.3.0,24,Intel(R) Core(TM) Ultra 9 285K,1,1 x NVIDIA GeForce RTX 5090,9.2986,48.7383,60.816158294677734,machine,0.0,0.0,0.0,0.0,N
gradient_updates_74,2026-09-12T21:43:31,sac_Ant-v5_seed43611,541bbc18-2ae8-4e08-ae96-1d6639e16987,4.2470319740004925,5.072204712632932e-05,1.1942962221551932e-05,30.591870245475317,66.50300617873017,20.0,3.08158163193073e-05,7.873756298998336e-05,2.3592826561111453e-05,0.00013314620587040124,0.0,Germany,DEU,baden-wurttemberg,,,Linux-7.0.0-31-generic-x86_64-with-glibc2.43,3.14.4,3.3.0,24,Intel(R) Core(TM) Ultra 9 285K,1,1 x NVIDIA GeForce RTX 5090,9.2986,48.7383,60.816158294677734,machine,0.0,0.0,0.0,0.0,N
rollout_75,2026-09-12T21:43:31,sac_Ant-v5_seed43611,541bbc18-2ae8-4e08-ae96-1d6639e16987,0.3534596749996126,3.977767083798885e-06,1.1253690329691562e-05,30.61474646207664,66.40931311096234,20.0,3.36837158357306e-06,5.1108374220509845e-06,1.9624948499968008e-06,1.0441703855621279e-05,0.0,Germany,DEU,baden-wurttemberg,,,Linux-7.0.0-31-generic-x86_64-with-glibc2.43,3.14.4,3.3.0,24,Intel(R) Core(TM) Ultra 9 285K,1,1 x NVIDIA GeForce RTX 5090,9.2986,48.7383,60.816158294677734,machine,0.0,0.0,0.0,0.0,N
gradient_updates_75,2026-09-12T21:43:36,sac_Ant-v5_seed43611,541bbc18-2ae8-4e08-ae96-1d6639e16987,4.248705374000565,5.081821600462586e-05,1.1960890282678288e-05,30.627363443622883,66.4107422658659,20.0,3.1163037708184516e-05,7.863339623997989e-05,2.3602216805546777e-05,0.00013339865075371118,0.0,Germany,DEU,baden-wurttemberg,,,Linux-7.0.0-31-generic-x86_64-with-glibc2.43,3.14.4,3.3.0,24,Intel(R) Core(TM) Ultra 9 285K,1,1 x NVIDIA GeForce RTX 5090,9.2986,48.7383,60.816158294677734,machine,0.0,0.0,0.0,0.0,N
rollout_76,2026-09-12T21:43:36,sac_Ant-v5_seed43611,541bbc18-2ae8-4e08-ae96-1d6639e16987,0.35536277899882407,3.9776487996464466e-06,1.119301581391584e-05,30.65201511710895,66.31279157812405,20.0,3.4222013488710568e-06,5.045837370015738e-06,1.973354638893504e-06,1.0441393357780299e-05,0.0,Germany,DEU,baden-wurttemberg,,,Linux-7.0.0-31-generic-x86_64-with-glibc2.43,3.14.4,3.3.0,24,Intel(R) Core(TM) Ultra 9 285K,1,1 x NVIDIA GeForce RTX 5090,9.2986,48.7383,60.816158294677734,machine,0.0,0.0,0.0,0.0,N
gradient_updates_76,2026-09-12T21:43:40,sac_Ant-v5_seed43611,541bbc18-2ae8-4e08-ae96-1d6639e16987,4.276680991999456,4.974263503829384e-05,1.1631143962215971e-05,30.663413711479837,66.30820494088847,20.0,2.8899841453183805e-05,7.791784011199065e-05,2.375755150555445e-05,0.00013057523307072848,0.0,Germany,DEU,baden-wurttemberg,,,Linux-7.0.0-31-generic-x86_64-with-glibc2.43,3.14.4,3.3.0,24,Intel(R) Core(TM) Ultra 9 285K,1,1 x NVIDIA GeForce RTX 5090,9.2986,48.7383,60.816158294677734,machine,0.0,0.0,0.0,0.0,N
rollout_77,2026-09-12T21:43:41,sac_Ant-v5_seed43611,541bbc18-2ae8-4e08-ae96-1d6639e16987,0.3647487830003229,4.43019687184406e-06,1.2145573566258682e-05,30.64344999113702,66.31348213542246,20.0,2.802729464415621e-06,6.801116551991004e-06,2.0254934555547464e-06,1.1629339471961805e-05,0.0,Germany,DEU,baden-wurttemberg,,,Linux-7.0.0-31-generic-x86_64-with-glibc2.43,3.14.4,3.3.0,24,Intel(R) Core(TM) Ultra 9 285K,1,1 x NVIDIA GeForce RTX 5090,9.2986,48.7383,60.816158294677734,machine,0.0,0.0,0.0,0.0,N
gradient_updates_77,2026-09-12T21:43:45,sac_Ant-v5_seed43611,541bbc18-2ae8-4e08-ae96-1d6639e16987,4.248160252998787,5.011318088141408e-05,1.1796469421751475e-05,30.622816348325827,66.30313849721541,20.0,3.161920696201359e-05,7.63245055039885e-05,2.3604209522222475e-05,0.00013154792198822457,0.0,Germany,DEU,baden-wurttemberg,,,Linux-7.0.0-31-generic-x86_64-with-glibc2.43,3.14.4,3.3.0,24,Intel(R) Core(TM) Ultra 9 285K,1,1 x NVIDIA GeForce RTX 5090,9.2986,48.7383,60.816158294677734,machine,0.0,0.0,0.0,0.0,N
rollout_78,2026-09-12T21:43:45,sac_Ant-v5_seed43611,541bbc18-2ae8-4e08-ae96-1d6639e16987,0.35555131299952336,4.6705786694674e-06,1.3135497324871693e-05,30.650502867881983,66.31954184980849,20.0,3.4812016738439144e-06,6.8050054440049745e-06,1.9741385166626227e-06,1.2260345634512379e-05,0.0,Germany,DEU,baden-wurttemberg,,,Linux-7.0.0-31-generic-x86_64-with-glibc2.43,3.14.4,3.3.0,24,Intel(R) Core(TM) Ultra 9 285K,1,1 x NVIDIA GeForce RTX 5090,9.2986,48.7383,60.816158294677734,machine,0.0,0.0,0.0,0.0,N
gradient_updates_78,2026-09-12T21:43:50,sac_Ant-v5_seed43611,541bbc18-2ae8-4e08-ae96-1d6639e16987,4.2513717180008825,5.012109109671023e-05,1.1789416406797901e-05,30.66779067138356,66.30788181814547,20.0,3.18514454811375e-05,7.609978310202381e-05,2.3617457849993678e-05,0.00013156868643315542,0.0,Germany,DEU,baden-wurttemberg,,,Linux-7.0.0-31-generic-x86_64-with-glibc2.43,3.14.4,3.3.0,24,Intel(R) Core(TM) Ultra 9 285K,1,1 x NVIDIA GeForce RTX 5090,9.2986,48.7383,60.816158294677734,machine,0.0,0.0,0.0,0.0,N
rollout_79,2026-09-12T21:43:50,sac_Ant-v5_seed43611,541bbc18-2ae8-4e08-ae96-1d6639e16987,0.3535108969990688,4.646782068235336e-06,1.3144920908477215e-05,30.692486543078672,66.32694590405521,20.0,3.4234388498616264e-06,6.811672115997203e-06,1.9627682000039268e-06,1.2197879165863623e-05,0.0,Germany,DEU,baden-wurttemberg,,,Linux-7.0.0-31-generic-x86_64-with-glibc2.43,3.14.4,3.3.0,24,Intel(R) Core(TM) Ultra 9 285K,1,1 x NVIDIA GeForce RTX 5090,9.2986,48.7383,60.816158294677734,machine,0.0,0.0,0.0,0.0,N
gradient_updates_79,2026-09-12T21:43:54,sac_Ant-v5_seed43611,541bbc18-2ae8-4e08-ae96-1d6639e16987,4.25584678999985,4.9918071795366885e-05,1.1729315462321713e-05,30.70706989353033,66.3134258857811,20.0,3.155847719121807e-05,7.582728288399454e-05,2.3649997361109218e-05,0.00013103575743632183,0.0,Germany,DEU,baden-wurttemberg,,,Linux-7.0.0-31-generic-x86_64-with-glibc2.43,3.14.4,3.3.0,24,Intel(R) Core(TM) Ultra 9 285K,1,1 x NVIDIA GeForce RTX 5090,9.2986,48.7383,60.816158294677734,machine,0.0,0.0,0.0,0.0,N
rollout_80,2026-09-12T21:43:55,sac_Ant-v5_seed43611,541bbc18-2ae8-4e08-ae96-1d6639e16987,0.35637821599993913,4.065739073317448e-06,1.1408508191315669e-05,30.73959714738363,66.22116449717767,20.0,3.6022714929306865e-06,5.084170734026561e-06,1.986189544448975e-06,1.0672631771405788e-05,0.0,Germany,DEU,baden-wurttemberg,,,Linux-7.0.0-31-generic-x86_64-with-glibc2.43,3.14.4,3.3.0,24,Intel(R) Core(TM) Ultra 9 285K,1,1 x NVIDIA GeForce RTX 5090,9.2986,48.7383,60.816158294677734,machine,0.0,0.0,0.0,0.0,N
gradient_updates_80,2026-09-12T21:43:59,sac_Ant-v5_seed43611,541bbc18-2ae8-4e08-ae96-1d6639e16987,4.295407215999148,5.118156382908322e-05,1.1915458582920962e-05,30.76131960868618,66.21443025221402,20.0,3.278050066882199e-05,7.77039510519717e-05,2.386799303332951e-05,0.0001343524447541232,0.0,Germany,DEU,baden-wurttemberg,,,Linux-7.0.0-31-generic-x86_64-with-glibc2.43,3.14.4,3.3.0,24,Intel(R) Core(TM) Ultra 9 285K,1,1 x NVIDIA GeForce RTX 5090,9.2986,48.7383,60.816158294677734,machine,0.0,0.0,0.0,0.0,N
rollout_81,2026-09-12T21:43:59,sac_Ant-v5_seed43611,541bbc18-2ae8-4e08-ae96-1d6639e16987,0.35138833500059263,4.588275095373379e-06,1.3057442999280953e-05,30.780063621235566,66.23333078211758,20.0,3.3255284937611096e-06,6.767505414007058e-06,1.951263494447651e-06,1.2044297402214951e-05,0.0,Germany,DEU,baden-wurttemberg,,,Linux-7.0.0-31-generic-x86_64-with-glibc2.43,3.14.4,3.3.0,24,Intel(R) Core(TM) Ultra 9 285K,1,1 x NVIDIA GeForce RTX 5090,9.2986,48.7383,60.816158294677734,machine,0.0,0.0,0.0,0.0,N
gradient_updates_81,2026-09-12T21:44:03,sac_Ant-v5_seed43611,541bbc18-2ae8-4e08-ae96-1d6639e16987,4.310026467999705,4.954781267014086e-05,1.1495983197761896e-05,30.786504708434986,66.22501651909279,20.0,2.84917033488985e-05,7.762950654799372e-05,2.394261126111019e-05,0.0001300638211580024,0.0,Germany,DEU,baden-wurttemberg,,,Linux-7.0.0-31-generic-x86_64-with-glibc2.43,3.14.4,3.3.0,24,Intel(R) Core(TM) Ultra 9 285K,1,1 x NVIDIA GeForce RTX 5090,9.2986,48.7383,60.816158294677734,machine,0.0,0.0,0.0,0.0,N
rollout_82,2026-09-12T21:44:04,sac_Ant-v5_seed43611,541bbc18-2ae8-4e08-ae96-1d6639e16987,0.36337318400001095,3.746528136789294e-06,1.030975266325847e-05,30.765983919816293,66.12830193442869,20.0,2.774653330830934e-06,5.042504033991868e-06,2.017540461110752e-06,9.834697825934421e-06,0.0,Germany,DEU,baden-wurttemberg,,,Linux-7.0.0-31-generic-x86_64-with-glibc2.43,3.14.4,3.3.0,24,Intel(R) Core(TM) Ultra 9 285K,1,1 x NVIDIA GeForce RTX 5090,9.2986,48.7383,60.816158294677734,machine,0.0,0.0,0.0,0.0,N
gradient_updates_82,2026-09-12T21:44:08,sac_Ant-v5_seed43611,541bbc18-2ae8-4e08-ae96-1d6639e16987,4.3638015070009715,4.966185098177929e-05,1.138044040880188e-05,30.739914273806882,66.12218131713666,20.0,2.7219563164523897e-05,7.89017297880279e-05,2.424188064445226e-05,0.00013036317359700449,0.0,Germany,DEU,baden-wurttemberg,,,Linux-7.0.0-31-generic-x86_64-with-glibc2.43,3.14.4,3.3.0,24,Intel(R) Core(TM) Ultra 9 285K,1,1 x NVIDIA GeForce RTX 5090,9.2986,48.7383,60.816158294677734,machine,0.0,0.0,0.0,0.0,N
rollout_83,2026-09-12T21:44:09,sac_Ant-v5_seed43611,541bbc18-2ae8-4e08-ae96-1d6639e16987,0.3661036609992152,4.397022525450857e-06,1.2010064074672231e-05,30.719922443123153,66.12162689344596,20.0,2.7958119588750163e-06,6.71333870397306e-06,2.0331056055609975e-06,1.1542256268409073e-05,0.0,Germany,DEU,baden-wurttemberg,,,Linux-7.0.0-31-generic-x86_64-with-glibc2.43,3.14.4,3.3.0,24,Intel(R) Core(TM) Ultra 9 285K,1,1 x NVIDIA GeForce RTX 5090,9.2986,48.7383,60.816158294677734,machine,0.0,0.0,0.0,0.0,N
gradient_updates_83,2026-09-12T21:44:13,sac_Ant-v5_seed43611,541bbc18-2ae8-4e08-ae96-1d6639e16987,4.24745743099993,4.991796951622947e-05,1.1752458533809938e-05,30.69924280301189,66.11213837786046,20.0,3.134378646389713e-05,7.609617198800489e-05,2.359553050000629e-05,0.0001310354889519083,0.0,Germany,DEU,baden-wurttemberg,,,Linux-7.0.0-31-generic-x86_64-with-glibc2.43,3.14.4,3.3.0,24,Intel(R) Core(TM) Ultra 9 285K,1,1 x NVIDIA GeForce RTX 5090,9.2986,48.7383,60.816158294677734,machine,0.0,0.0,0.0,0.0,N
rollout_84,2026-09-12T21:44:13,sac_Ant-v5_seed43611,541bbc18-2ae8-4e08-ae96-1d6639e16987,0.3533425929999794,4.625562376717532e-06,1.3090578121047774e-05,30.719055034604565,66.1315050556047,20.0,3.3666085266087498e-06,6.81361656199031e-06,1.961952038891275e-06,1.2142177127491202e-05,0.0,Germany,DEU,baden-wurttemberg,,,Linux-7.0.0-31-generic-x86_64-with-glibc2.43,3.14.4,3.3.0,24,Intel(R) Core(TM) Ultra 9 285K,1,1 x NVIDIA GeForce RTX 5090,9.2986,48.7383,60.816158294677734,machine,0.0,0.0,0.0,0.0,N
gradient_updates_84,2026-09-12T21:44:17,sac_Ant-v5_seed43611,541bbc18-2ae8-4e08-ae96-1d6639e16987,4.257558400000562,4.970120743393296e-05,1.1673660790718394e-05,30.729546624085316,66.11956231494517,20.0,3.105063150715681e-05,7.576422727800791e-05,2.365162614443965e-05,0.00013046648492960437,0.0,Germany,DEU,baden-wurttemberg,,,Linux-7.0.0-31-generic-x86_64-with-glibc2.43,3.14.4,3.3.0,24,Intel(R) Core(TM) Ultra 9 285K,1,1 x NVIDIA GeForce RTX 5090,9.2986,48.7383,60.816158294677734,machine,0.0,0.0,0.0,0.0,N
rollout_85,2026-09-12T21:44:18,sac_Ant-v5_seed43611,541bbc18-2ae8-4e08-ae96-1d6639e16987,0.34892407600091246,4.623744743670853e-06,1.3251023229280293e-05,30.750026470353045,66.14660857134076,20.0,3.3430929522459962e-06,6.858061042003261e-06,1.93625181667224e-06,1.213740581092193e-05,0.0,Germany,DEU,baden-wurttemberg,,,Linux-7.0.0-31-generic-x86_64-with-glibc2.43,3.14.4,3.3.0,24,Intel(R) Core(TM) Ultra 9 285K,1,1 x NVIDIA GeForce RTX 5090,9.2986,48.7383,60.816158294677734,machine,0.0,0.0,0.0,0.0,N
gradient_updates_85,2026-09-12T21:44:22,sac_Ant-v5_seed43611,541bbc18-2ae8-4e08-ae96-1d6639e16987,4.268170874000134,5.038455631609703e-05,1.1804741268019943e-05,30.76062059854901,66.14405866036212,20.0,3.065932924965764e-05,7.789061786800389e-05,2.371033983888807e-05,0.00013226028695654916,0.0,Germany,DEU,baden-wurttemberg,,,Linux-7.0.0-31-generic-x86_64-with-glibc2.43,3.14.4,3.3.0,24,Intel(R) Core(TM) Ultra 9 285K,1,1 x NVIDIA GeForce RTX 5090,9.2986,48.7383,60.816158294677734,machine,0.0,0.0,0.0,0.0,N
rollout_86,2026-09-12T21:44:22,sac_Ant-v5_seed43611,541bbc18-2ae8-4e08-ae96-1d6639e16987,0.3467408209999121,3.89855540665774e-06,1.1242718454631866e-05,30.77913109847134,66.06439688912172,20.0,3.2952481917591925e-06,5.014726234014999e-06,1.9237974777752513e-06,1.0233771903549876e-05,0.0,Germany,DEU,baden-wurttemberg,,,Linux-7.0.0-31-generic-x86_64-with-glibc2.43,3.14.4,3.3.0,24,Intel(R) Core(TM) Ultra 9 285K,1,1 x NVIDIA GeForce RTX 5090,9.2986,48.7383,60.816158294677734,machine,0.0,0.0,0.0,0.0,N
gradient_updates_86,2026-09-12T21:44:27,sac_Ant-v5_seed43611,541bbc18-2ae8-4e08-ae96-1d6639e16987,4.323277927000163,4.962249320996769e-05,1.1478033579887253e-05,30.785994435189355,66.05593177097798,20.0,2.8709547689839687e-05,7.753395091600335e-05,2.4016360194441082e-05,0.00013025985880028325,0.0,Germany,DEU,baden-wurttemberg,,,Linux-7.0.0-31-generic-x86_64-with-glibc2.43,3.14.4,3.3.0,24,Intel(R) Core(TM) Ultra 9 285K,1,1 x NVIDIA GeForce RTX 5090,9.2986,48.7383,60.816158294677734,machine,0.0,0.0,0.0,0.0,N
rollout_87,2026-09-12T21:44:27,sac_Ant-v5_seed43611,541bbc18-2ae8-4e08-ae96-1d6639e16987,0.36528919499869517,4.387657760921912e-06,1.2011256676208177e-05,30.76200884900519,66.0604470667448,20.0,2.705988831452899e-06,6.783060981979672e-06,2.028623794447359e-06,1.1517673607880363e-05,0.0,Germany,DEU,baden-wurttemberg,,,Linux-7.0.0-31-generic-x86_64-with-glibc2.43,3.14.4,3.3.0,24,Intel(R) Core(TM) Ultra 9 285K,1,1 x NVIDIA GeForce RTX 5090,9.2986,48.7383,60.816158294677734,machine,0.0,0.0,0.0,0.0,N
gradient_updates_87,2026-09-12T21:44:31,sac_Ant-v5_seed43611,541bbc18-2ae8-4e08-ae96-1d6639e16987,4.264623697999923,5.052717714256697e-05,1.1847996434973217e-05,30.738367039315364,66.05659212799733,20.0,3.150715687237626e-05,7.743645083799211e-05,2.3691061255552443e-05,0.00013263466896592038,0.0,Germany,DEU,baden-wurttemberg,,,Linux-7.0.0-31-generic-x86_64-with-glibc2.43,3.14.4,3.3.0,24,Intel(R) Core(TM) Ultra 9 285K,1,1 x NVIDIA GeForce RTX 5090,9.2986,48.7383,60.816158294677734,machine,0.0,0.0,0.0,0.0,N
rollout_88,2026-09-12T21:44:32,sac_Ant-v5_seed43611,541bbc18-2ae8-4e08-ae96-1d6639e16987,0.35339096499956213,3.96429176680816e-06,1.1217577980964057e-05,30.756712679646828,65.9773907974092,20.0,3.3606746329822856e-06,5.083337400013654e-06,1.962318894442854e-06,1.0406330927439228e-05,0.0,Germany,DEU,baden-wurttemberg,,,Linux-7.0.0-31-generic-x86_64-with-glibc2.43,3.14.4,3.3.0,24,Intel(R) Core(TM) Ultra 9 285K,1,1 x NVIDIA GeForce RTX 5090,9.2986,48.7383,60.816158294677734,machine,0.0,0.0,0.0,0.0,N
gradient_updates_88,2026-09-12T21:44:36,sac_Ant-v5_seed43611,541bbc18-2ae8-4e08-ae96-1d6639e16987,4.271096552000017,5.036985305004356e-05,1.1793216805024212e-05,30.766189048116694,65.97319451702761,20.0,3.110190127038337e-05,7.738811746599294e-05,2.3731671905554558e-05,0.00013222169064193087,0.0,Germany,DEU,baden-wurttemberg,,,Linux-7.0.0-31-generic-x86_64-with-glibc2.43,3.14.4,3.3.0,24,Intel(R) Core(TM) Ultra 9 285K,1,1 x NVIDIA GeForce RTX 5090,9.2986,48.7383,60.816158294677734,machine,0.0,0.0,0.0,0.0,N
rollout_89,2026-09-12T21:44:36,sac_Ant-v5_seed43611,541bbc18-2ae8-4e08-ae96-1d6639e16987,0.3495950249998714,4.609122405000235e-06,1.3183943318860307e-05,30.7882542568793,65.99341541852749,20.0,3.3969566064495638e-06,6.76111652000988e-06,1.9409488055516753e-06,1.2099021932011553e-05,0.0,Germany,DEU,baden-wurttemberg,,,Linux-7.0.0-31-generic-x86_64-with-glibc2.43,3.14.4,3.3.0,24,Intel(R) Core(TM) Ultra 9 285K,1,1 x NVIDIA GeForce RTX 5090,9.2986,48.7383,60.816158294677734,machine,0.0,0.0,0.0,0.0,N
gradient_updates_89,2026-09-12T21:44:41,sac_Ant-v5_seed43611,541bbc18-2ae8-4e08-ae96-1d6639e16987,4.255020937000154,4.970597965787537e-05,1.1681748688233113e-05,30.800592536193296,65.98407798582637,20.0,3.0865576914659854e-05,7.59764496699733e-05,2.363698551111548e-05,0.00013047901209574907,0.0,Germany,DEU,baden-wurttemberg,,,Linux-7.0.0-31-generic-x86_64-with-glibc2.43,3.14.4,3.3.0,24,Intel(R) Core(TM) Ultra 9 285K,1,1 x NVIDIA GeForce RTX 5090,9.2986,48.7383,60.816158294677734,machine,0.0,0.0,0.0,0.0,N
rollout_90,2026-09-12T21:44:41,sac_Ant-v5_seed43611,541bbc18-2ae8-4e08-ae96-1d6639e16987,0.3712898590001714,4.507927724183014e-06,1.2140770309427008e-05,30.787441027828862,65.98560140871811,20.0,2.9424148539347605e-06,6.830005464031341e-06,2.0609639166651456e-06,1.1833384234631247e-05,0.0,Germany,DEU,baden-wurttemberg,,,Linux-7.0.0-31-generic-x86_64-with-glibc2.43,3.14.4,3.3.0,24,Intel(R) Core(TM) Ultra 9 285K,1,1 x NVIDIA GeForce RTX 5090,9.2986,48.7383,60.816158294677734,machine,0.0,0.0,0.0,0.0,N
gradient_updates_90,2026-09-12T21:44:45,sac_Ant-v5_seed43611,541bbc18-2ae8-4e08-ae96-1d6639e16987,4.145810898000491,4.8987297640951284e-05,1.1816109341071938e-05,30.77318410103305,65.9771747893595,20.0,3.137025204062727e-05,7.419144824197255e-05,2.3030759727771417e-05,0.0001285924600103721,0.0,Germany,DEU,baden-wurttemberg,,,Linux-7.0.0-31-generic-x86_64-with-glibc2.43,3.14.4,3.3.0,24,Intel(R) Core(TM) Ultra 9 285K,1,1 x NVIDIA GeForce RTX 5090,9.2986,48.7383,60.816158294677734,machine,0.0,0.0,0.0,0.0,N
rollout_91,2026-09-12T21:44:45,sac_Ant-v5_seed43611,541bbc18-2ae8-4e08-ae96-1d6639e16987,0.34827432400015823,4.599363946135478e-06,1.3206078651530112e-05,30.792375991448353,66.0004325962968,20.0,3.3414315620400314e-06,6.798338772012746e-06,1.9336354833386638e-06,1.2073405817391442e-05,0.0,Germany,DEU,baden-wurttemberg,,,Linux-7.0.0-31-generic-x86_64-with-glibc2.43,3.14.4,3.3.0,24,Intel(R) Core(TM) Ultra 9 285K,1,1 x NVIDIA GeForce RTX 5090,9.2986,48.7383,60.816158294677734,machine,0.0,0.0,0.0,0.0,N
gradient_updates_91,2026-09-12T21:44:49,sac_Ant-v5_seed43611,541bbc18-2ae8-4e08-ae96-1d6639e16987,3.99116712400064,4.606937381844509e-05,1.1542865387930722e-05,30.797429041356402,65.99590871805984,20.0,2.653285122625193e-05,7.22289466719983e-05,2.2171064205556753e-05,0.00012093286210380742,0.0,Germany,DEU,baden-wurttemberg,,,Linux-7.0.0-31-generic-x86_64-with-glibc2.43,3.14.4,3.3.0,24,Intel(R) Core(TM) Ultra 9 285K,1,1 x NVIDIA GeForce RTX 5090,9.2986,48.7383,60.816158294677734,machine,0.0,0.0,0.0,0.0,N
rollout_92,2026-09-12T21:44:50,sac_Ant-v5_seed43611,541bbc18-2ae8-4e08-ae96-1d6639e16987,0.36248900600003253,3.744577262107876e-06,1.0329984831485631e-05,30.78061208557542,65.91006727427744,20.0,2.7981516829700404e-06,5.018615126028969e-06,2.0128099388885476e-06,9.829576747888424e-06,0.0,Germany,DEU,baden-wurttemberg,,,Linux-7.0.0-31-generic-x86_64-with-glibc2.43,3.14.4,3.3.0,24,Intel(R) Core(TM) Ultra 9 285K,1,1 x NVIDIA GeForce RTX 5090,9.2986,48.7383,60.816158294677734,machine,0.0,0.0,0.0,0.0,N
gradient_updates_92,2026-09-12T21:44:54,sac_Ant-v5_seed43611,541bbc18-2ae8-4e08-ae96-1d6639e16987,3.936455458000637,4.698265442763371e-05,1.1935299283500873e-05,30.762554828869483,65.91168381031176,20.0,2.906126186009994e-05,7.240116903198257e-05,2.1867807794448586e-05,0.00012333023868653023,0.0,Germany,DEU,baden-wurttemberg,,,Linux-7.0.0-31-generic-x86_64-with-glibc2.43,3.14.4,3.3.0,24,Intel(R) Core(TM) Ultra 9 285K,1,1 x NVIDIA GeForce RTX 5090,9.2986,48.7383,60.816158294677734,machine,0.0,0.0,0.0,0.0,N
rollout_93,2026-09-12T21:44:54,sac_Ant-v5_seed43611,541bbc18-2ae8-4e08-ae96-1d6639e16987,0.3578533220006648,4.018471290392726e-06,1.122927630535613e-05,30.78653073035662,65.83118148917094,20.0,3.531064213746493e-06,5.030281801987613e-06,1.9872070500040473e-06,1.0548553065738153e-05,0.0,Germany,DEU,baden-wurttemberg,,,Linux-7.0.0-31-generic-x86_64-with-glibc2.43,3.14.4,3.3.0,24,Intel(R) Core(TM) Ultra 9 285K,1,1 x NVIDIA GeForce RTX 5090,9.2986,48.7383,60.816158294677734,machine,0.0,0.0,0.0,0.0,N
gradient_updates_93,2026-09-12T21:44:58,sac_Ant-v5_seed43611,541bbc18-2ae8-4e08-ae96-1d6639e16987,3.9393142980006814,4.71444222904082e-05,1.1967688898791383e-05,30.79942555869063,65.83228629249128,20.0,2.960764451942488e-05,7.226366892201797e-05,2.1883568538891632e-05,0.00012375488198033448,0.0,Germany,DEU,baden-wurttemberg,,,Linux-7.0.0-31-generic-x86_64-with-glibc2.43,3.14.4,3.3.0,24,Intel(R) Core(TM) Ultra 9 285K,1,1 x NVIDIA GeForce RTX 5090,9.2986,48.7383,60.816158294677734,machine,0.0,0.0,0.0,0.0,N
rollout_94,2026-09-12T21:44:58,sac_Ant-v5_seed43611,541bbc18-2ae8-4e08-ae96-1d6639e16987,0.3502095639996696,3.952707659646802e-06,1.1285977043364186e-05,30.82175078256033,65.75708999715577,20.0,3.4329160796681135e-06,4.998337331973968e-06,1.944669044445964e-06,1.0375922456088912e-05,0.0,Germany,DEU,baden-wurttemberg,,,Linux-7.0.0-31-generic-x86_64-with-glibc2.43,3.14.4,3.3.0,24,Intel(R) Core(TM) Ultra 9 285K,1,1 x NVIDIA GeForce RTX 5090,9.2986,48.7383,60.816158294677734,machine,0.0,0.0,0.0,0.0,N
gradient_updates_94,2026-09-12T21:45:02,sac_Ant-v5_seed43611,541bbc18-2ae8-4e08-ae96-1d6639e16987,3.932013174000531,4.7000977859159264e-05,1.1953434138011648e-05,30.833117871454853,65.75910866280141,20.0,2.9291703155562288e-05,7.224366890601353e-05,2.184296593332963e-05,0.000123378337994905,0.0,Germany,DEU,baden-wurttemberg,,,Linux-7.0.0-31-generic-x86_64-with-glibc2.43,3.14.4,3.3.0,24,Intel(R) Core(TM) Ultra 9 285K,1,1 x NVIDIA GeForce RTX 5090,9.2986,48.7383,60.816158294677734,machine,0.0,0.0,0.0,0.0,N
rollout_95,2026-09-12T21:45:03,sac_Ant-v5_seed43611,541bbc18-2ae8-4e08-ae96-1d6639e16987,0.3497219490000134,3.9596420162721704e-06,1.1321936833539663e-05,30.854489742127456,65.68729693640377,20.0,3.4180305122089027e-06,5.033892916006533e-06,1.9422018277814868e-06,1.0394125255996922e-05,0.0,Germany,DEU,baden-wurttemberg,,,Linux-7.0.0-31-generic-x86_64-with-glibc2.43,3.14.4,3.3.0,24,Intel(R) Core(TM) Ultra 9 285K,1,1 x NVIDIA GeForce RTX 5090,9.2986,48.7383,60.816158294677734,machine,0.0,0.0,0.0,0.0,N
gradient_updates_95,2026-09-12T21:45:07,sac_Ant-v5_seed43611,541bbc18-2ae8-4e08-ae96-1d6639e16987,3.9418670079994627,4.7139898209187445e-05,1.1958805312702865e-05,30.865519738641833,65.68848485824473,20.0,2.9670340958479202e-05,7.217505773998711e-05,2.1897607494439624e-05,0.00012374300619290637,0.0,Germany,DEU,baden-wurttemberg,,,Linux-7.0.0-31-generic-x86_64-with-glibc2.43,3.14.4,3.3.0,24,Intel(R) Core(TM) Ultra 9 285K,1,1 x NVIDIA GeForce RTX 5090,9.2986,48.7383,60.816158294677734,machine,0.0,0.0,0.0,0.0,N
rollout_96,2026-09-12T21:45:07,sac_Ant-v5_seed43611,541bbc18-2ae8-4e08-ae96-1d6639e16987,0.3599217659993883,3.971792855981572e-06,1.1034946653676038e-05,30.884620236391523,65.60735365677162,20.0,3.4797438949046855e-06,4.9558372980096355e-06,1.990440216670733e-06,1.0426021409585054e-05,0.0,Germany,DEU,baden-wurttemberg,,,Linux-7.0.0-31-generic-x86_64-with-glibc2.43,3.14.4,3.3.0,24,Intel(R) Core(TM) Ultra 9 285K,1,1 x NVIDIA GeForce RTX 5090,9.2986,48.7383,60.816158294677734,machine,0.0,0.0,0.0,0.0,N
gradient_updates_96,2026-09-12T21:45:11,sac_Ant-v5_seed43611,541bbc18-2ae8-4e08-ae96-1d6639e16987,3.951945345999775,4.6506319145694225e-05,1.1767983955181008e-05,30.89135181876766,65.61028677148987,20.0,2.7474588368534003e-05,7.265172478798654e-05,2.195353759999394e-05,0.00012207985075651448,0.0,Germany,DEU,baden-wurttemberg,,,Linux-7.0.0-31-generic-x86_64-with-glibc2.43,3.14.4,3.3.0,24,Intel(R) Core(TM) Ultra 9 285K,1,1 x NVIDIA GeForce RTX 5090,9.2986,48.7383,60.816158294677734,machine,0.0,0.0,0.0,0.0,N
rollout_97,2026-09-12T21:45:11,sac_Ant-v5_seed43611,541bbc18-2ae8-4e08-ae96-1d6639e16987,0.3702663859985478,4.396674835682388e-06,1.1874264764875546e-05,30.87417231797542,65.60516899896807,20.0,2.843012552183888e-06,6.642227535991196e-06,2.0561034888891792e-06,1.1541343577062962e-05,0.0,Germany,DEU,baden-wurttemberg,,,Linux-7.0.0-31-generic-x86_64-with-glibc2.43,3.14.4,3.3.0,24,Intel(R) Core(TM) Ultra 9 285K,1,1 x NVIDIA GeForce RTX 5090,9.2986,48.7383,60.816158294677734,machine,0.0,0.0,0.0,0.0,N
gradient_updates_97,2026-09-12T21:45:15,sac_Ant-v5_seed43611,541bbc18-2ae8-4e08-ae96-1d6639e16987,3.935133498000141,4.6231479389437745e-05,1.1748413620118162e-05,30.856008862841104,65.59933521442615,20.0,2.9057345468083695e-05,7.04406119080292e-05,2.18604345111088e-05,0.00012135839188722256,0.0,Germany,DEU,baden-wurttemberg,,,Linux-7.0.0-31-generic-x86_64-with-glibc2.43,3.14.4,3.3.0,24,Intel(R) Core(TM) Ultra 9 285K,1,1 x NVIDIA GeForce RTX 5090,9.2986,48.7383,60.816158294677734,machine,0.0,0.0,0.0,0.0,N
rollout_98,2026-09-12T21:45:16,sac_Ant-v5_seed43611,541bbc18-2ae8-4e08-ae96-1d6639e16987,0.3526222559994494,4.589632650032344e-06,1.3015175755498198e-05,30.875009562264726,65.61231655645126,20.0,3.4134699530008472e-06,6.676672008015805e-06,1.957719044447595e-06,1.2047861005465982e-05,0.0,Germany,DEU,baden-wurttemberg,,,Linux-7.0.0-31-generic-x86_64-with-glibc2.43,3.14.4,3.3.0,24,Intel(R) Core(TM) Ultra 9 285K,1,1 x NVIDIA GeForce RTX 5090,9.2986,48.7383,60.816158294677734,machine,0.0,0.0,0.0,0.0,N
gradient_updates_98,2026-09-12T21:45:20,sac_Ant-v5_seed43611,541bbc18-2ae8-4e08-ae96-1d6639e16987,3.9417444770006114,4.630647993653699e-05,1.1747735821241755e-05,30.88406900029397,65.60523804583904,20.0,2.937625377875952e-05,7.028144511397882e-05,2.18975706611068e-05,0.00012155526955384341,0.0,Germany,DEU,baden-wurttemberg,,,Linux-7.0.0-31-generic-x86_64-with-glibc2.43,3.14.4,3.3.0,24,Intel(R) Core(TM) Ultra 9 285K,1,1 x NVIDIA GeForce RTX 5090,9.2986,48.7383,60.816158294677734,machine,0.0,0.0,0.0,0.0,N
rollout_99,2026-09-12T21:45:20,sac_Ant-v5_seed43611,541bbc18-2ae8-4e08-ae96-1d6639e16987,0.34790664200045285,3.926737735250076e-06,1.128655601735925e-05,30.900110359355825,65.53968364181686,20.0,3.316983486920111e-06,5.058892936005144e-06,1.9318745555513966e-06,1.0307750978474917e-05,0.0,Germany,DEU,baden-wurttemberg,,,Linux-7.0.0-31-generic-x86_64-with-glibc2.43,3.14.4,3.3.0,24,Intel(R) Core(TM) Ultra 9 285K,1,1 x NVIDIA GeForce RTX 5090,9.2986,48.7383,60.816158294677734,machine,0.0,0.0,0.0,0.0,N
gradient_updates_99,2026-09-12T21:45:24,sac_Ant-v5_seed43611,541bbc18-2ae8-4e08-ae96-1d6639e16987,3.9627360079994105,4.567575749970555e-05,1.152634397178293e-05,30.90468751211955,65.53210755525502,20.0,2.7470807532181674e-05,7.042283411601291e-05,2.2005971161110586e-05,0.00011989961280930647,0.0,Germany,DEU,baden-wurttemberg,,,Linux-7.0.0-31-generic-x86_64-with-glibc2.43,3.14.4,3.3.0,24,Intel(R) Core(TM) Ultra 9 285K,1,1 x NVIDIA GeForce RTX 5090,9.2986,48.7383,60.816158294677734,machine,0.0,0.0,0.0,0.0,N
idle_baseline_tail,2026-09-12T21:46:54,sac_Ant-v5_seed43611,541bbc18-2ae8-4e08-ae96-1d6639e16987,90.00305004799884,0.0006350673278815288,7.056065360663395e-06,30.874913333283725,65.36730407334932,20.0,0.00036922245732216863,0.0007978267493719826,0.0005000129481333312,0.001667062154827481,0.0,Germany,DEU,baden-wurttemberg,,,Linux-7.0.0-31-generic-x86_64-with-glibc2.43,3.14.4,3.3.0,24,Intel(R) Core(TM) Ultra 9 285K,1,1 x NVIDIA GeForce RTX 5090,9.2986,48.7383,60.816158294677734,machine,0.0,0.0,0.0,0.0,N
