task_name,timestamp,project_name,run_id,duration,emissions,emissions_rate,cpu_power,gpu_power,ram_power,cpu_energy,gpu_energy,ram_energy,energy_consumed,water_consumed,country_name,country_iso_code,region,cloud_provider,cloud_region,os,python_version,codecarbon_version,cpu_count,cpu_model,gpu_count,gpu_model,longitude,latitude,ram_total_size,tracking_mode,cpu_utilization_percent,gpu_utilization_percent,ram_utilization_percent,ram_used_gb,on_cloud
idle_baseline_head,2026-09-10T16:06:42,tdmpc2_Ant-v5_seed331,4d6ea987-113e-4a40-87b3-d4c6e39edf3d,90.00298076400213,0.0006093071701111886,6.76985516882341e-06,12.792462981528182,13.098912641869367,20.0,0.0004051079296416432,0.0006772819307140354,0.0005170514576944293,0.0015994413180501078,0.0,Germany,DEU,baden-wurttemberg,,,Linux-7.0.0-31-generic-x86_64-with-glibc2.43,3.14.4,3.3.0,24,Intel(R) Core(TM) Ultra 9 285K,1,1 x NVIDIA GeForce RTX 5090,9.2986,48.7383,60.81614303588867,machine,0.0,0.0,0.0,0.0,N
warmup_0,2026-09-10T16:06:43,tdmpc2_Ant-v5_seed331,4d6ea987-113e-4a40-87b3-d4c6e39edf3d,0.6739883580012247,8.12942337197729e-06,1.206141691918217e-05,20.83957212438232,27.695138252015862,20.0,6.939786940704518e-06,1.0654730746018082e-05,3.745352038903439e-06,2.1339869725626147e-05,0.0,Germany,DEU,baden-wurttemberg,,,Linux-7.0.0-31-generic-x86_64-with-glibc2.43,3.14.4,3.3.0,24,Intel(R) Core(TM) Ultra 9 285K,1,1 x NVIDIA GeForce RTX 5090,9.2986,48.7383,60.81614303588867,machine,0.0,0.0,0.0,0.0,N
world_model_pretrain_0,2026-09-10T16:07:43,tdmpc2_Ant-v5_seed331,4d6ea987-113e-4a40-87b3-d4c6e39edf3d,60.047072609999304,0.001144105550375136,1.905348027346385e-05,24.83522923824634,53.25382817314192,20.0,0.0005025240042411117,0.0021671800670759467,0.00033359176901667515,0.003003295840333734,0.0,Germany,DEU,baden-wurttemberg,,,Linux-7.0.0-31-generic-x86_64-with-glibc2.43,3.14.4,3.3.0,24,Intel(R) Core(TM) Ultra 9 285K,1,1 x NVIDIA GeForce RTX 5090,9.2986,48.7383,60.81614303588867,machine,0.0,0.0,0.0,0.0,N
rollout_0,2026-09-10T16:07:55,tdmpc2_Ant-v5_seed331,4d6ea987-113e-4a40-87b3-d4c6e39edf3d,11.992618420001236,0.00026705661967124953,2.226842303760965e-05,25.97218652228795,73.72100510130004,20.0,0.00011610259927088973,0.0005183018035300746,6.662360526111621e-05,0.0007010280080620808,0.0,Germany,DEU,baden-wurttemberg,,,Linux-7.0.0-31-generic-x86_64-with-glibc2.43,3.14.4,3.3.0,24,Intel(R) Core(TM) Ultra 9 285K,1,1 x NVIDIA GeForce RTX 5090,9.2986,48.7383,60.81614303588867,machine,0.0,0.0,0.0,0.0,N
gradient_updates_0,2026-09-10T16:08:07,tdmpc2_Ant-v5_seed331,4d6ea987-113e-4a40-87b3-d4c6e39edf3d,11.800116594997235,0.00023187767100861251,1.96504755892512e-05,27.424470694586688,83.56184437991931,20.0,0.00010796540637225682,0.0004351642370199471,6.555304727221987e-05,0.0006086826906644242,0.0,Germany,DEU,baden-wurttemberg,,,Linux-7.0.0-31-generic-x86_64-with-glibc2.43,3.14.4,3.3.0,24,Intel(R) Core(TM) Ultra 9 285K,1,1 x NVIDIA GeForce RTX 5090,9.2986,48.7383,60.81614303588867,machine,0.0,0.0,0.0,0.0,N
rollout_1,2026-09-10T16:08:19,tdmpc2_Ant-v5_seed331,4d6ea987-113e-4a40-87b3-d4c6e39edf3d,11.926299083999766,0.0002671991345160026,2.240420405820098e-05,28.231225080519113,94.07024068781494,20.0,0.00011464728616220055,0.0005205004163999494,6.625440930555578e-05,0.0007014021118677055,0.0,Germany,DEU,baden-wurttemberg,,,Linux-7.0.0-31-generic-x86_64-with-glibc2.43,3.14.4,3.3.0,24,Intel(R) Core(TM) Ultra 9 285K,1,1 x NVIDIA GeForce RTX 5090,9.2986,48.7383,60.81614303588867,machine,0.0,0.0,0.0,0.0,N
gradient_updates_1,2026-09-10T16:08:31,tdmpc2_Ant-v5_seed331,4d6ea987-113e-4a40-87b3-d4c6e39edf3d,11.854267545000766,0.0002308781938669068,1.947634983930585e-05,28.998410781848612,98.84150253465843,20.0,0.00010477674909911694,0.0004354286816761199,6.585361599443585e-05,0.0006060590467696723,0.0,Germany,DEU,baden-wurttemberg,,,Linux-7.0.0-31-generic-x86_64-with-glibc2.43,3.14.4,3.3.0,24,Intel(R) Core(TM) Ultra 9 285K,1,1 x NVIDIA GeForce RTX 5090,9.2986,48.7383,60.81614303588867,machine,0.0,0.0,0.0,0.0,N
rollout_2,2026-09-10T16:08:43,tdmpc2_Ant-v5_seed331,4d6ea987-113e-4a40-87b3-d4c6e39edf3d,11.938695766002638,0.0002685522936364663,2.2494277137805196e-05,29.343877195973374,105.3297886451803,20.0,0.00011720192515035643,0.0005214284726978713,6.632377891110084e-05,0.0007049541767593284,0.0,Germany,DEU,baden-wurttemberg,,,Linux-7.0.0-31-generic-x86_64-with-glibc2.43,3.14.4,3.3.0,24,Intel(R) Core(TM) Ultra 9 285K,1,1 x NVIDIA GeForce RTX 5090,9.2986,48.7383,60.81614303588867,machine,0.0,0.0,0.0,0.0,N
gradient_updates_2,2026-09-10T16:08:54,tdmpc2_Ant-v5_seed331,4d6ea987-113e-4a40-87b3-d4c6e39edf3d,11.797365862999868,0.00023280409383099124,1.9733585382758847e-05,29.92590660347447,108.11696652839414,20.0,0.0001090883328261627,0.0004364886825239944,6.553755042223194e-05,0.0006111145657723884,0.0,Germany,DEU,baden-wurttemberg,,,Linux-7.0.0-31-generic-x86_64-with-glibc2.43,3.14.4,3.3.0,24,Intel(R) Core(TM) Ultra 9 285K,1,1 x NVIDIA GeForce RTX 5090,9.2986,48.7383,60.81614303588867,machine,0.0,0.0,0.0,0.0,N
rollout_3,2026-09-10T16:09:06,tdmpc2_Ant-v5_seed331,4d6ea987-113e-4a40-87b3-d4c6e39edf3d,11.925412515000062,0.0002680992117999135,2.2481342692042695e-05,30.248031961662637,112.55597907645733,20.0,0.00011767730358622219,0.0005198431936520587,6.624433226667557e-05,0.0007037648295049569,0.0,Germany,DEU,baden-wurttemberg,,,Linux-7.0.0-31-generic-x86_64-with-glibc2.43,3.14.4,3.3.0,24,Intel(R) Core(TM) Ultra 9 285K,1,1 x NVIDIA GeForce RTX 5090,9.2986,48.7383,60.81614303588867,machine,0.0,0.0,0.0,0.0,N
gradient_updates_3,2026-09-10T16:09:18,tdmpc2_Ant-v5_seed331,4d6ea987-113e-4a40-87b3-d4c6e39edf3d,11.894836280000163,0.0002324316118272685,1.954055783945174e-05,30.65974961600439,114.2675371471917,20.0,0.00010431669734219107,0.0004397411851260191,6.607891193333572e-05,0.0006101367944015453,0.0,Germany,DEU,baden-wurttemberg,,,Linux-7.0.0-31-generic-x86_64-with-glibc2.43,3.14.4,3.3.0,24,Intel(R) Core(TM) Ultra 9 285K,1,1 x NVIDIA GeForce RTX 5090,9.2986,48.7383,60.81614303588867,machine,0.0,0.0,0.0,0.0,N
rollout_4,2026-09-10T16:09:30,tdmpc2_Ant-v5_seed331,4d6ea987-113e-4a40-87b3-d4c6e39edf3d,11.937190184999054,0.0002659000293574218,2.2274937339930734e-05,30.745150061231012,117.51538331014166,20.0,0.00011278820967493275,0.000518888192887923,6.631553694999939e-05,0.0006979919395128549,0.0,Germany,DEU,baden-wurttemberg,,,Linux-7.0.0-31-generic-x86_64-with-glibc2.43,3.14.4,3.3.0,24,Intel(R) Core(TM) Ultra 9 285K,1,1 x NVIDIA GeForce RTX 5090,9.2986,48.7383,60.81614303588867,machine,0.0,0.0,0.0,0.0,N
gradient_updates_4,2026-09-10T16:09:42,tdmpc2_Ant-v5_seed331,4d6ea987-113e-4a40-87b3-d4c6e39edf3d,12.156145032000495,0.0002314484700444968,1.9039639668072615e-05,30.94032385858122,118.60868138396604,20.0,9.154328240124077e-05,0.0004484817476740899,6.753100101666658e-05,0.0006075560310919974,0.0,Germany,DEU,baden-wurttemberg,,,Linux-7.0.0-31-generic-x86_64-with-glibc2.43,3.14.4,3.3.0,24,Intel(R) Core(TM) Ultra 9 285K,1,1 x NVIDIA GeForce RTX 5090,9.2986,48.7383,60.81614303588867,machine,0.0,0.0,0.0,0.0,N
rollout_5,2026-09-10T16:09:54,tdmpc2_Ant-v5_seed331,4d6ea987-113e-4a40-87b3-d4c6e39edf3d,11.927947227999539,0.0002673318377237133,2.2412228260985666e-05,30.72434844791641,121.20445123768188,20.0,0.00011348911245787074,0.0005219956953739224,6.626565213332979e-05,0.0007017504599651225,0.0,Germany,DEU,baden-wurttemberg,,,Linux-7.0.0-31-generic-x86_64-with-glibc2.43,3.14.4,3.3.0,24,Intel(R) Core(TM) Ultra 9 285K,1,1 x NVIDIA GeForce RTX 5090,9.2986,48.7383,60.81614303588867,machine,0.0,0.0,0.0,0.0,N
gradient_updates_5,2026-09-10T16:10:06,tdmpc2_Ant-v5_seed331,4d6ea987-113e-4a40-87b3-d4c6e39edf3d,11.831281458002195,0.0002356884843669211,1.992076142825418e-05,30.93800962470639,122.08187825788457,20.0,0.00010850994069676323,0.0004444506333380893,6.572556421667987e-05,0.000618686138251532,0.0,Germany,DEU,baden-wurttemberg,,,Linux-7.0.0-31-generic-x86_64-with-glibc2.43,3.14.4,3.3.0,24,Intel(R) Core(TM) Ultra 9 285K,1,1 x NVIDIA GeForce RTX 5090,9.2986,48.7383,60.81614303588867,machine,0.0,0.0,0.0,0.0,N
rollout_6,2026-09-10T16:10:18,tdmpc2_Ant-v5_seed331,4d6ea987-113e-4a40-87b3-d4c6e39edf3d,11.947020660998533,0.0002682489228271988,2.2453211887423226e-05,31.06940900584017,124.15067590255774,20.0,0.00011594768886918905,0.0005218404174719415,6.636971706666379e-05,0.0007041578234077937,0.0,Germany,DEU,baden-wurttemberg,,,Linux-7.0.0-31-generic-x86_64-with-glibc2.43,3.14.4,3.3.0,24,Intel(R) Core(TM) Ultra 9 285K,1,1 x NVIDIA GeForce RTX 5090,9.2986,48.7383,60.81614303588867,machine,0.0,0.0,0.0,0.0,N
gradient_updates_6,2026-09-10T16:10:30,tdmpc2_Ant-v5_seed331,4d6ea987-113e-4a40-87b3-d4c6e39edf3d,12.106829972999549,0.000231512656952774,1.9122504140837835e-05,31.254287181484074,124.6278018218747,20.0,9.408388304482651e-05,0.0004463836904400331,6.725694929444006e-05,0.0006077245227792995,0.0,Germany,DEU,baden-wurttemberg,,,Linux-7.0.0-31-generic-x86_64-with-glibc2.43,3.14.4,3.3.0,24,Intel(R) Core(TM) Ultra 9 285K,1,1 x NVIDIA GeForce RTX 5090,9.2986,48.7383,60.81614303588867,machine,0.0,0.0,0.0,0.0,N
rollout_7,2026-09-10T16:10:42,tdmpc2_Ant-v5_seed331,4d6ea987-113e-4a40-87b3-d4c6e39edf3d,11.937275043001137,0.0002690356937813049,2.253744936389512e-05,31.109039716867912,126.4228693007866,20.0,0.00011358091919798363,0.0005263270877279291,6.631510314445126e-05,0.0007062231100703632,0.0,Germany,DEU,baden-wurttemberg,,,Linux-7.0.0-31-generic-x86_64-with-glibc2.43,3.14.4,3.3.0,24,Intel(R) Core(TM) Ultra 9 285K,1,1 x NVIDIA GeForce RTX 5090,9.2986,48.7383,60.81614303588867,machine,0.0,0.0,0.0,0.0,N
gradient_updates_7,2026-09-10T16:10:54,tdmpc2_Ant-v5_seed331,4d6ea987-113e-4a40-87b3-d4c6e39edf3d,11.981357972999831,0.00023291978851638223,1.9440195196969614e-05,31.25425230980281,126.71564229129046,20.0,0.00010463297759520651,0.0004402253521800237,6.655993644443599e-05,0.0006114182662196668,0.0,Germany,DEU,baden-wurttemberg,,,Linux-7.0.0-31-generic-x86_64-with-glibc2.43,3.14.4,3.3.0,24,Intel(R) Core(TM) Ultra 9 285K,1,1 x NVIDIA GeForce RTX 5090,9.2986,48.7383,60.81614303588867,machine,0.0,0.0,0.0,0.0,N
rollout_8,2026-09-10T16:11:06,tdmpc2_Ant-v5_seed331,4d6ea987-113e-4a40-87b3-d4c6e39edf3d,11.942420993000269,0.0002701819328819006,2.2623726801256017e-05,31.278032741173835,128.23006688448987,20.0,0.00011703991113184986,0.0005258473651220674,6.634473026111251e-05,0.0007092320065150304,0.0,Germany,DEU,baden-wurttemberg,,,Linux-7.0.0-31-generic-x86_64-with-glibc2.43,3.14.4,3.3.0,24,Intel(R) Core(TM) Ultra 9 285K,1,1 x NVIDIA GeForce RTX 5090,9.2986,48.7383,60.81614303588867,machine,0.0,0.0,0.0,0.0,N
gradient_updates_8,2026-09-10T16:11:18,tdmpc2_Ant-v5_seed331,4d6ea987-113e-4a40-87b3-d4c6e39edf3d,12.006613710000238,0.00023421796770954455,1.950743024964314e-05,31.444919846777076,128.46081868014522,20.0,0.00010354306116772127,0.0004445825778879309,6.670036884445134e-05,0.0006148260079001031,0.0,Germany,DEU,baden-wurttemberg,,,Linux-7.0.0-31-generic-x86_64-with-glibc2.43,3.14.4,3.3.0,24,Intel(R) Core(TM) Ultra 9 285K,1,1 x NVIDIA GeForce RTX 5090,9.2986,48.7383,60.81614303588867,machine,0.0,0.0,0.0,0.0,N
rollout_9,2026-09-10T16:11:30,tdmpc2_Ant-v5_seed331,4d6ea987-113e-4a40-87b3-d4c6e39edf3d,11.927433391003433,0.00026820365681287737,2.2486288589602212e-05,31.44046829109723,129.73788406080124,20.0,0.00011486392661327893,0.0005229140294420453,6.62610433222249e-05,0.00070403899937755,0.0,Germany,DEU,baden-wurttemberg,,,Linux-7.0.0-31-generic-x86_64-with-glibc2.43,3.14.4,3.3.0,24,Intel(R) Core(TM) Ultra 9 285K,1,1 x NVIDIA GeForce RTX 5090,9.2986,48.7383,60.81614303588867,machine,0.0,0.0,0.0,0.0,N
gradient_updates_9,2026-09-10T16:11:42,tdmpc2_Ant-v5_seed331,4d6ea987-113e-4a40-87b3-d4c6e39edf3d,12.032273573000566,0.00023507322360613331,1.9536861476034945e-05,31.561561392576156,129.91854741249657,20.0,0.00010213367698465314,0.00044809480292007375,6.684258875555094e-05,0.0006170710686602791,0.0,Germany,DEU,baden-wurttemberg,,,Linux-7.0.0-31-generic-x86_64-with-glibc2.43,3.14.4,3.3.0,24,Intel(R) Core(TM) Ultra 9 285K,1,1 x NVIDIA GeForce RTX 5090,9.2986,48.7383,60.81614303588867,machine,0.0,0.0,0.0,0.0,N
rollout_10,2026-09-10T16:11:54,tdmpc2_Ant-v5_seed331,4d6ea987-113e-4a40-87b3-d4c6e39edf3d,11.962013304997527,0.0002674204250691743,2.2355811525926993e-05,31.53258830532856,131.01363075945713,20.0,0.0001128766764123823,0.0005226520847879668,6.645424200000388e-05,0.000701983003200353,0.0,Germany,DEU,baden-wurttemberg,,,Linux-7.0.0-31-generic-x86_64-with-glibc2.43,3.14.4,3.3.0,24,Intel(R) Core(TM) Ultra 9 285K,1,1 x NVIDIA GeForce RTX 5090,9.2986,48.7383,60.81614303588867,machine,0.0,0.0,0.0,0.0,N
gradient_updates_10,2026-09-10T16:12:06,tdmpc2_Ant-v5_seed331,4d6ea987-113e-4a40-87b3-d4c6e39edf3d,12.164104879997467,0.00023184563176342331,1.905983926775318e-05,31.60578791831926,131.09189869617342,20.0,9.15507762961204e-05,0.0004494817484740343,6.7566062350003e-05,0.0006085985871201564,0.0,Germany,DEU,baden-wurttemberg,,,Linux-7.0.0-31-generic-x86_64-with-glibc2.43,3.14.4,3.3.0,24,Intel(R) Core(TM) Ultra 9 285K,1,1 x NVIDIA GeForce RTX 5090,9.2986,48.7383,60.81614303588867,machine,0.0,0.0,0.0,0.0,N
rollout_11,2026-09-10T16:12:18,tdmpc2_Ant-v5_seed331,4d6ea987-113e-4a40-87b3-d4c6e39edf3d,11.93765651799913,0.00026798302215028883,2.244854725907594e-05,31.461737931049942,132.07129004658125,20.0,0.000114765830145927,0.0005223759734558353,6.631802616668394e-05,0.000703459829768445,0.0,Germany,DEU,baden-wurttemberg,,,Linux-7.0.0-31-generic-x86_64-with-glibc2.43,3.14.4,3.3.0,24,Intel(R) Core(TM) Ultra 9 285K,1,1 x NVIDIA GeForce RTX 5090,9.2986,48.7383,60.81614303588867,machine,0.0,0.0,0.0,0.0,N
gradient_updates_11,2026-09-10T16:12:30,tdmpc2_Ant-v5_seed331,4d6ea987-113e-4a40-87b3-d4c6e39edf3d,11.990767183000571,0.0002350526203178131,1.960281411451692e-05,31.56442438466851,132.13468533673966,20.0,0.00010461297174586826,0.0004457920233000845,6.661198964445954e-05,0.000617016984690414,0.0,Germany,DEU,baden-wurttemberg,,,Linux-7.0.0-31-generic-x86_64-with-glibc2.43,3.14.4,3.3.0,24,Intel(R) Core(TM) Ultra 9 285K,1,1 x NVIDIA GeForce RTX 5090,9.2986,48.7383,60.81614303588867,machine,0.0,0.0,0.0,0.0,N
rollout_12,2026-09-10T16:12:42,tdmpc2_Ant-v5_seed331,4d6ea987-113e-4a40-87b3-d4c6e39edf3d,11.92851882800096,0.0002698984125015756,2.2626322028396204e-05,31.568371039759384,133.06471544083962,20.0,0.00011504576036987235,0.0005271751439619443,6.626685653332576e-05,0.0007084877608651424,0.0,Germany,DEU,baden-wurttemberg,,,Linux-7.0.0-31-generic-x86_64-with-glibc2.43,3.14.4,3.3.0,24,Intel(R) Core(TM) Ultra 9 285K,1,1 x NVIDIA GeForce RTX 5090,9.2986,48.7383,60.81614303588867,machine,0.0,0.0,0.0,0.0,N
gradient_updates_12,2026-09-10T16:12:54,tdmpc2_Ant-v5_seed331,4d6ea987-113e-4a40-87b3-d4c6e39edf3d,12.007308701999136,0.00023483235585426351,1.9557467722020527e-05,31.664008547217687,133.08622357610423,20.0,0.00010378403080493759,0.0004459509123160288,6.670384373889341e-05,0.0006164387868598589,0.0,Germany,DEU,baden-wurttemberg,,,Linux-7.0.0-31-generic-x86_64-with-glibc2.43,3.14.4,3.3.0,24,Intel(R) Core(TM) Ultra 9 285K,1,1 x NVIDIA GeForce RTX 5090,9.2986,48.7383,60.81614303588867,machine,0.0,0.0,0.0,0.0,N
rollout_13,2026-09-10T16:13:06,tdmpc2_Ant-v5_seed331,4d6ea987-113e-4a40-87b3-d4c6e39edf3d,11.92948514100135,0.0002682766474465109,2.2488536064491413e-05,31.65626147856494,133.87806535595846,20.0,0.0001155552166107604,0.000522395973472034,6.627941090555376e-05,0.0007042306009883495,0.0,Germany,DEU,baden-wurttemberg,,,Linux-7.0.0-31-generic-x86_64-with-glibc2.43,3.14.4,3.3.0,24,Intel(R) Core(TM) Ultra 9 285K,1,1 x NVIDIA GeForce RTX 5090,9.2986,48.7383,60.81614303588867,machine,0.0,0.0,0.0,0.0,N
gradient_updates_13,2026-09-10T16:13:19,tdmpc2_Ant-v5_seed331,4d6ea987-113e-4a40-87b3-d4c6e39edf3d,13.296739562003495,0.0002466448349202916,1.8549250405355212e-05,31.742853381425874,133.64809418651242,20.0,0.00010629733559334997,0.00046728231827009026,7.386708434443988e-05,0.0006474467382078797,0.0,Germany,DEU,baden-wurttemberg,,,Linux-7.0.0-31-generic-x86_64-with-glibc2.43,3.14.4,3.3.0,24,Intel(R) Core(TM) Ultra 9 285K,1,1 x NVIDIA GeForce RTX 5090,9.2986,48.7383,60.81614303588867,machine,0.0,0.0,0.0,0.0,N
rollout_14,2026-09-10T16:13:31,tdmpc2_Ant-v5_seed331,4d6ea987-113e-4a40-87b3-d4c6e39edf3d,11.93262591200255,0.00026849779534913673,2.2501158036988505e-05,31.6682070089592,134.38022134228464,20.0,0.0001154637148708948,0.0005230576406678455,6.62897623222307e-05,0.0007048111178609706,0.0,Germany,DEU,baden-wurttemberg,,,Linux-7.0.0-31-generic-x86_64-with-glibc2.43,3.14.4,3.3.0,24,Intel(R) Core(TM) Ultra 9 285K,1,1 x NVIDIA GeForce RTX 5090,9.2986,48.7383,60.81614303588867,machine,0.0,0.0,0.0,0.0,N
gradient_updates_14,2026-09-10T16:13:45,tdmpc2_Ant-v5_seed331,4d6ea987-113e-4a40-87b3-d4c6e39edf3d,13.992178001000866,0.0002522938333681425,1.803107233168549e-05,31.74458900981953,134.0589607560358,20.0,0.00010471761294068849,0.00047982677275004715,7.773106612221463e-05,0.0006622754518129485,0.0,Germany,DEU,baden-wurttemberg,,,Linux-7.0.0-31-generic-x86_64-with-glibc2.43,3.14.4,3.3.0,24,Intel(R) Core(TM) Ultra 9 285K,1,1 x NVIDIA GeForce RTX 5090,9.2986,48.7383,60.81614303588867,machine,0.0,0.0,0.0,0.0,N
rollout_15,2026-09-10T16:13:57,tdmpc2_Ant-v5_seed331,4d6ea987-113e-4a40-87b3-d4c6e39edf3d,11.927785858999414,0.00027068387525688853,2.2693559424553794e-05,31.626411927724895,134.78524979541214,20.0,0.00011590418438994776,0.0005283823671500265,6.62630619444422e-05,0.0007105496134844173,0.0,Germany,DEU,baden-wurttemberg,,,Linux-7.0.0-31-generic-x86_64-with-glibc2.43,3.14.4,3.3.0,24,Intel(R) Core(TM) Ultra 9 285K,1,1 x NVIDIA GeForce RTX 5090,9.2986,48.7383,60.81614303588867,machine,0.0,0.0,0.0,0.0,N
gradient_updates_15,2026-09-10T16:14:11,tdmpc2_Ant-v5_seed331,4d6ea987-113e-4a40-87b3-d4c6e39edf3d,14.21714397300093,0.0002501364789312885,1.7594013694195278e-05,31.698414835726403,134.4482039396945,20.0,9.327549100920929e-05,0.0004843564985960169,7.898037141666368e-05,0.0006566123610218903,0.0,Germany,DEU,baden-wurttemberg,,,Linux-7.0.0-31-generic-x86_64-with-glibc2.43,3.14.4,3.3.0,24,Intel(R) Core(TM) Ultra 9 285K,1,1 x NVIDIA GeForce RTX 5090,9.2986,48.7383,60.81614303588867,machine,0.0,0.0,0.0,0.0,N
rollout_16,2026-09-10T16:14:23,tdmpc2_Ant-v5_seed331,4d6ea987-113e-4a40-87b3-d4c6e39edf3d,11.94122084799892,0.00026876287859888166,2.250715759882061e-05,31.505027730704214,135.08331413771975,20.0,0.00011527309916285755,0.0005238962524499735,6.633761412776955e-05,0.0007055069657406002,0.0,Germany,DEU,baden-wurttemberg,,,Linux-7.0.0-31-generic-x86_64-with-glibc2.43,3.14.4,3.3.0,24,Intel(R) Core(TM) Ultra 9 285K,1,1 x NVIDIA GeForce RTX 5090,9.2986,48.7383,60.81614303588867,machine,0.0,0.0,0.0,0.0,N
gradient_updates_16,2026-09-10T16:14:37,tdmpc2_Ant-v5_seed331,4d6ea987-113e-4a40-87b3-d4c6e39edf3d,14.001000085001579,0.00025298862492882657,1.8069338995160938e-05,31.57564987949209,134.78632240413427,20.0,0.00010480016300673523,0.00048150982965200484,7.778929839999654e-05,0.0006640992910587375,0.0,Germany,DEU,baden-wurttemberg,,,Linux-7.0.0-31-generic-x86_64-with-glibc2.43,3.14.4,3.3.0,24,Intel(R) Core(TM) Ultra 9 285K,1,1 x NVIDIA GeForce RTX 5090,9.2986,48.7383,60.81614303588867,machine,0.0,0.0,0.0,0.0,N
rollout_17,2026-09-10T16:14:49,tdmpc2_Ant-v5_seed331,4d6ea987-113e-4a40-87b3-d4c6e39edf3d,11.933196712998324,0.00026900545503851653,2.254262141242443e-05,31.47124497756354,135.41534477477575,20.0,0.00011176063357511146,0.0005280898669159928,6.629323238333505e-05,0.0007061437328744376,0.0,Germany,DEU,baden-wurttemberg,,,Linux-7.0.0-31-generic-x86_64-with-glibc2.43,3.14.4,3.3.0,24,Intel(R) Core(TM) Ultra 9 285K,1,1 x NVIDIA GeForce RTX 5090,9.2986,48.7383,60.81614303588867,machine,0.0,0.0,0.0,0.0,N
gradient_updates_17,2026-09-10T16:15:03,tdmpc2_Ant-v5_seed331,4d6ea987-113e-4a40-87b3-d4c6e39edf3d,14.01317846999882,0.00025336186290406994,1.8080224994893088e-05,31.51660572889373,135.11785467967508,20.0,0.00010645109293856703,0.0004807792735119776,7.784868041667845e-05,0.0006650790468672244,0.0,Germany,DEU,baden-wurttemberg,,,Linux-7.0.0-31-generic-x86_64-with-glibc2.43,3.14.4,3.3.0,24,Intel(R) Core(TM) Ultra 9 285K,1,1 x NVIDIA GeForce RTX 5090,9.2986,48.7383,60.81614303588867,machine,0.0,0.0,0.0,0.0,N
rollout_18,2026-09-10T16:15:15,tdmpc2_Ant-v5_seed331,4d6ea987-113e-4a40-87b3-d4c6e39edf3d,11.946337487999699,0.0002678153037587276,2.241820789295419e-05,31.42855446329152,135.6698551218816,20.0,0.00011318592082644463,0.0005234673632180664,6.636628219443491e-05,0.0007030195662389473,0.0,Germany,DEU,baden-wurttemberg,,,Linux-7.0.0-31-generic-x86_64-with-glibc2.43,3.14.4,3.3.0,24,Intel(R) Core(TM) Ultra 9 285K,1,1 x NVIDIA GeForce RTX 5090,9.2986,48.7383,60.81614303588867,machine,0.0,0.0,0.0,0.0,N
gradient_updates_18,2026-09-10T16:15:29,tdmpc2_Ant-v5_seed331,4d6ea987-113e-4a40-87b3-d4c6e39edf3d,14.017859002000478,0.00025501685157825957,1.819229414155253e-05,31.481331721036334,135.40812492892445,20.0,0.00010609347848582196,0.000485456221697933,7.787371910554725e-05,0.0006694234192893035,0.0,Germany,DEU,baden-wurttemberg,,,Linux-7.0.0-31-generic-x86_64-with-glibc2.43,3.14.4,3.3.0,24,Intel(R) Core(TM) Ultra 9 285K,1,1 x NVIDIA GeForce RTX 5090,9.2986,48.7383,60.81614303588867,machine,0.0,0.0,0.0,0.0,N
rollout_19,2026-09-10T16:15:41,tdmpc2_Ant-v5_seed331,4d6ea987-113e-4a40-87b3-d4c6e39edf3d,11.936141458998463,0.00026808782563888037,2.246018038389214e-05,31.396205500569977,135.93507276232998,20.0,0.00011335441151677506,0.0005240709748119965,6.630955431666946e-05,0.000703734940645441,0.0,Germany,DEU,baden-wurttemberg,,,Linux-7.0.0-31-generic-x86_64-with-glibc2.43,3.14.4,3.3.0,24,Intel(R) Core(TM) Ultra 9 285K,1,1 x NVIDIA GeForce RTX 5090,9.2986,48.7383,60.81614303588867,machine,0.0,0.0,0.0,0.0,N
gradient_updates_19,2026-09-10T16:15:55,tdmpc2_Ant-v5_seed331,4d6ea987-113e-4a40-87b3-d4c6e39edf3d,14.004542046997813,0.00025353414488377135,1.8103716581864012e-05,31.44836526845235,135.6587543207141,20.0,0.00010623696193394483,0.0004814945518620828,7.77997760944343e-05,0.0006655312898904628,0.0,Germany,DEU,baden-wurttemberg,,,Linux-7.0.0-31-generic-x86_64-with-glibc2.43,3.14.4,3.3.0,24,Intel(R) Core(TM) Ultra 9 285K,1,1 x NVIDIA GeForce RTX 5090,9.2986,48.7383,60.81614303588867,machine,0.0,0.0,0.0,0.0,N
rollout_20,2026-09-10T16:16:07,tdmpc2_Ant-v5_seed331,4d6ea987-113e-4a40-87b3-d4c6e39edf3d,11.950307340001018,0.00027030160314119034,2.261880996202942e-05,31.370127704202083,136.17687539513327,20.0,0.00011545054152702072,0.0005277070888319857,6.638851255000994e-05,0.0007095461429090164,0.0,Germany,DEU,baden-wurttemberg,,,Linux-7.0.0-31-generic-x86_64-with-glibc2.43,3.14.4,3.3.0,24,Intel(R) Core(TM) Ultra 9 285K,1,1 x NVIDIA GeForce RTX 5090,9.2986,48.7383,60.81614303588867,machine,0.0,0.0,0.0,0.0,N
gradient_updates_20,2026-09-10T16:16:21,tdmpc2_Ant-v5_seed331,4d6ea987-113e-4a40-87b3-d4c6e39edf3d,14.056953537001391,0.00025181085637945334,1.7913625066987393e-05,31.43176582627837,135.8910580822366,20.0,0.00010253822091940701,0.0004803781620799086,7.809124629442905e-05,0.0006610076292937472,0.0,Germany,DEU,baden-wurttemberg,,,Linux-7.0.0-31-generic-x86_64-with-glibc2.43,3.14.4,3.3.0,24,Intel(R) Core(TM) Ultra 9 285K,1,1 x NVIDIA GeForce RTX 5090,9.2986,48.7383,60.81614303588867,machine,0.0,0.0,0.0,0.0,N
rollout_21,2026-09-10T16:16:33,tdmpc2_Ant-v5_seed331,4d6ea987-113e-4a40-87b3-d4c6e39edf3d,11.947307517999434,0.0002692480468735395,2.2536302929149883e-05,31.335026603926803,136.38634356479471,20.0,0.00011218981197400058,0.0005282193114640732,6.637141698334322e-05,0.00070678054042142,0.0,Germany,DEU,baden-wurttemberg,,,Linux-7.0.0-31-generic-x86_64-with-glibc2.43,3.14.4,3.3.0,24,Intel(R) Core(TM) Ultra 9 285K,1,1 x NVIDIA GeForce RTX 5090,9.2986,48.7383,60.81614303588867,machine,0.0,0.0,0.0,0.0,N
gradient_updates_21,2026-09-10T16:16:47,tdmpc2_Ant-v5_seed331,4d6ea987-113e-4a40-87b3-d4c6e39edf3d,13.889045085998077,0.0002524614016180017,1.8176990950515692e-05,31.376885872201186,136.1356140124323,20.0,0.0001058211266012632,0.00047973649490007375,7.715769971667523e-05,0.0006627153212180117,0.0,Germany,DEU,baden-wurttemberg,,,Linux-7.0.0-31-generic-x86_64-with-glibc2.43,3.14.4,3.3.0,24,Intel(R) Core(TM) Ultra 9 285K,1,1 x NVIDIA GeForce RTX 5090,9.2986,48.7383,60.81614303588867,machine,0.0,0.0,0.0,0.0,N
rollout_22,2026-09-10T16:16:59,tdmpc2_Ant-v5_seed331,4d6ea987-113e-4a40-87b3-d4c6e39edf3d,11.95048384799884,0.00027017933512366206,2.2608245075631556e-05,31.310283159201077,136.58099295603327,20.0,0.00011849152784870753,0.0005243443083638999,6.638935114442607e-05,0.0007092251873570335,0.0,Germany,DEU,baden-wurttemberg,,,Linux-7.0.0-31-generic-x86_64-with-glibc2.43,3.14.4,3.3.0,24,Intel(R) Core(TM) Ultra 9 285K,1,1 x NVIDIA GeForce RTX 5090,9.2986,48.7383,60.81614303588867,machine,0.0,0.0,0.0,0.0,N
gradient_updates_22,2026-09-10T16:17:11,tdmpc2_Ant-v5_seed331,4d6ea987-113e-4a40-87b3-d4c6e39edf3d,12.110021969001536,0.00023627254978029165,1.9510495336254454e-05,31.390129014722156,136.5234976230232,20.0,0.00010318732866090863,0.00044975702647198634,6.727496441112125e-05,0.0006202193195440145,0.0,Germany,DEU,baden-wurttemberg,,,Linux-7.0.0-31-generic-x86_64-with-glibc2.43,3.14.4,3.3.0,24,Intel(R) Core(TM) Ultra 9 285K,1,1 x NVIDIA GeForce RTX 5090,9.2986,48.7383,60.81614303588867,machine,0.0,0.0,0.0,0.0,N
rollout_23,2026-09-10T16:17:23,tdmpc2_Ant-v5_seed331,4d6ea987-113e-4a40-87b3-d4c6e39edf3d,11.946860961998027,0.0002704044933525881,2.263394702159779e-05,31.38258225484494,136.96808567676354,20.0,0.00011515589490242173,0.0005282915337440075,6.636880275556062e-05,0.0007098162314019899,0.0,Germany,DEU,baden-wurttemberg,,,Linux-7.0.0-31-generic-x86_64-with-glibc2.43,3.14.4,3.3.0,24,Intel(R) Core(TM) Ultra 9 285K,1,1 x NVIDIA GeForce RTX 5090,9.2986,48.7383,60.81614303588867,machine,0.0,0.0,0.0,0.0,N
gradient_updates_23,2026-09-10T16:17:35,tdmpc2_Ant-v5_seed331,4d6ea987-113e-4a40-87b3-d4c6e39edf3d,12.05894065100074,0.0002353224084843987,1.951436616056598e-05,31.44096709613181,136.8976925698159,20.0,0.00010421363281529206,0.0004465209127719749,6.699063746667261e-05,0.0006177251830539396,0.0,Germany,DEU,baden-wurttemberg,,,Linux-7.0.0-31-generic-x86_64-with-glibc2.43,3.14.4,3.3.0,24,Intel(R) Core(TM) Ultra 9 285K,1,1 x NVIDIA GeForce RTX 5090,9.2986,48.7383,60.81614303588867,machine,0.0,0.0,0.0,0.0,N
rollout_24,2026-09-10T16:17:47,tdmpc2_Ant-v5_seed331,4d6ea987-113e-4a40-87b3-d4c6e39edf3d,11.941930761000549,0.0002706774317780391,2.266614328397753e-05,31.440414223180596,137.32274280046678,20.0,0.000115357276452413,0.0005288334786220927,6.634194417221972e-05,0.0007105326992467229,0.0,Germany,DEU,baden-wurttemberg,,,Linux-7.0.0-31-generic-x86_64-with-glibc2.43,3.14.4,3.3.0,24,Intel(R) Core(TM) Ultra 9 285K,1,1 x NVIDIA GeForce RTX 5090,9.2986,48.7383,60.81614303588867,machine,0.0,0.0,0.0,0.0,N
gradient_updates_24,2026-09-10T16:17:59,tdmpc2_Ant-v5_seed331,4d6ea987-113e-4a40-87b3-d4c6e39edf3d,12.055900102001033,0.00023601814600986495,1.9576995699170067e-05,31.49737016760236,137.2525191522248,20.0,0.0001054217371150995,0.00044715591327992854,6.69738550777765e-05,0.0006195515054728054,0.0,Germany,DEU,baden-wurttemberg,,,Linux-7.0.0-31-generic-x86_64-with-glibc2.43,3.14.4,3.3.0,24,Intel(R) Core(TM) Ultra 9 285K,1,1 x NVIDIA GeForce RTX 5090,9.2986,48.7383,60.81614303588867,machine,0.0,0.0,0.0,0.0,N
rollout_25,2026-09-10T16:18:11,tdmpc2_Ant-v5_seed331,4d6ea987-113e-4a40-87b3-d4c6e39edf3d,11.953381388000707,0.0002715052301127986,2.2713683180910374e-05,31.503285200773202,137.64782116142422,20.0,0.00011839387193723905,0.00052790653343604,6.640527808334223e-05,0.0007127056834566187,0.0,Germany,DEU,baden-wurttemberg,,,Linux-7.0.0-31-generic-x86_64-with-glibc2.43,3.14.4,3.3.0,24,Intel(R) Core(TM) Ultra 9 285K,1,1 x NVIDIA GeForce RTX 5090,9.2986,48.7383,60.81614303588867,machine,0.0,0.0,0.0,0.0,N
gradient_updates_25,2026-09-10T16:18:23,tdmpc2_Ant-v5_seed331,4d6ea987-113e-4a40-87b3-d4c6e39edf3d,12.02024201599852,0.0002366533617426201,1.9687863330328515e-05,31.571854451310855,137.5897953491949,20.0,0.00010571121262445415,0.00044873174787396497,6.677599669443861e-05,0.0006212189571928595,0.0,Germany,DEU,baden-wurttemberg,,,Linux-7.0.0-31-generic-x86_64-with-glibc2.43,3.14.4,3.3.0,24,Intel(R) Core(TM) Ultra 9 285K,1,1 x NVIDIA GeForce RTX 5090,9.2986,48.7383,60.81614303588867,machine,0.0,0.0,0.0,0.0,N
rollout_26,2026-09-10T16:18:35,tdmpc2_Ant-v5_seed331,4d6ea987-113e-4a40-87b3-d4c6e39edf3d,11.961856795998756,0.0002716902969057272,2.2713060707439724e-05,31.578884665661356,137.96839266513788,20.0,0.00011787607430077673,0.0005288632008679794,6.645221165557224e-05,0.0007131914868243258,0.0,Germany,DEU,baden-wurttemberg,,,Linux-7.0.0-31-generic-x86_64-with-glibc2.43,3.14.4,3.3.0,24,Intel(R) Core(TM) Ultra 9 285K,1,1 x NVIDIA GeForce RTX 5090,9.2986,48.7383,60.81614303588867,machine,0.0,0.0,0.0,0.0,N
gradient_updates_26,2026-09-10T16:18:47,tdmpc2_Ant-v5_seed331,4d6ea987-113e-4a40-87b3-d4c6e39edf3d,12.032322803002899,0.00023585032265107872,1.9601409386089066e-05,31.640424537205842,137.89900960583628,20.0,0.00010460178201468495,0.0004476659136879446,6.684327069999413e-05,0.0006191109664026237,0.0,Germany,DEU,baden-wurttemberg,,,Linux-7.0.0-31-generic-x86_64-with-glibc2.43,3.14.4,3.3.0,24,Intel(R) Core(TM) Ultra 9 285K,1,1 x NVIDIA GeForce RTX 5090,9.2986,48.7383,60.81614303588867,machine,0.0,0.0,0.0,0.0,N
rollout_27,2026-09-10T16:18:59,tdmpc2_Ant-v5_seed331,4d6ea987-113e-4a40-87b3-d4c6e39edf3d,11.947997887000383,0.0002695823251414875,2.2562977894843967e-05,31.63805952906512,138.26362507570028,20.0,0.00011222851811606982,0.0005290540343541039,6.637547388889126e-05,0.0007076580263590676,0.0,Germany,DEU,baden-wurttemberg,,,Linux-7.0.0-31-generic-x86_64-with-glibc2.43,3.14.4,3.3.0,24,Intel(R) Core(TM) Ultra 9 285K,1,1 x NVIDIA GeForce RTX 5090,9.2986,48.7383,60.81614303588867,machine,0.0,0.0,0.0,0.0,N
gradient_updates_27,2026-09-10T16:19:11,tdmpc2_Ant-v5_seed331,4d6ea987-113e-4a40-87b3-d4c6e39edf3d,12.068887318000634,0.0002355418542999907,1.9516460415551348e-05,31.671176587572994,138.17620612208637,20.0,0.00010533171009863285,0.00044592313451596866,6.704638730556725e-05,0.0006183012319201722,0.0,Germany,DEU,baden-wurttemberg,,,Linux-7.0.0-31-generic-x86_64-with-glibc2.43,3.14.4,3.3.0,24,Intel(R) Core(TM) Ultra 9 285K,1,1 x NVIDIA GeForce RTX 5090,9.2986,48.7383,60.81614303588867,machine,0.0,0.0,0.0,0.0,N
rollout_28,2026-09-10T16:19:23,tdmpc2_Ant-v5_seed331,4d6ea987-113e-4a40-87b3-d4c6e39edf3d,11.944096990999242,0.0002709220545789731,2.2682517864470372e-05,31.672117507450423,138.52022660995814,20.0,0.00011677369647443425,0.0005280479224381018,6.6353219200007e-05,0.0007111748381125466,0.0,Germany,DEU,baden-wurttemberg,,,Linux-7.0.0-31-generic-x86_64-with-glibc2.43,3.14.4,3.3.0,24,Intel(R) Core(TM) Ultra 9 285K,1,1 x NVIDIA GeForce RTX 5090,9.2986,48.7383,60.81614303588867,machine,0.0,0.0,0.0,0.0,N
gradient_updates_28,2026-09-10T16:19:35,tdmpc2_Ant-v5_seed331,4d6ea987-113e-4a40-87b3-d4c6e39edf3d,12.037006986000051,0.00023441430680049002,1.9474480067848677e-05,31.723075669881307,138.43947373579516,20.0,0.0001020935127858556,0.0004463814682158507,6.686642023333734e-05,0.0006153414012350436,0.0,Germany,DEU,baden-wurttemberg,,,Linux-7.0.0-31-generic-x86_64-with-glibc2.43,3.14.4,3.3.0,24,Intel(R) Core(TM) Ultra 9 285K,1,1 x NVIDIA GeForce RTX 5090,9.2986,48.7383,60.81614303588867,machine,0.0,0.0,0.0,0.0,N
rollout_29,2026-09-10T16:19:47,tdmpc2_Ant-v5_seed331,4d6ea987-113e-4a40-87b3-d4c6e39edf3d,11.960990318002587,0.0002693960155913666,2.2522902563163204e-05,31.708610727268557,138.76458231400866,20.0,0.00011273197240772772,0.0005279907001700668,6.644628815554582e-05,0.0007071689607333412,0.0,Germany,DEU,baden-wurttemberg,,,Linux-7.0.0-31-generic-x86_64-with-glibc2.43,3.14.4,3.3.0,24,Intel(R) Core(TM) Ultra 9 285K,1,1 x NVIDIA GeForce RTX 5090,9.2986,48.7383,60.81614303588867,machine,0.0,0.0,0.0,0.0,N
gradient_updates_29,2026-09-10T16:19:59,tdmpc2_Ant-v5_seed331,4d6ea987-113e-4a40-87b3-d4c6e39edf3d,11.905599296002038,0.00023542569458950488,1.9774335463118436e-05,31.74101591551717,138.70032793893395,20.0,0.00010656588969708801,0.00044529146734395564,6.613895373334868e-05,0.0006179963107743949,0.0,Germany,DEU,baden-wurttemberg,,,Linux-7.0.0-31-generic-x86_64-with-glibc2.43,3.14.4,3.3.0,24,Intel(R) Core(TM) Ultra 9 285K,1,1 x NVIDIA GeForce RTX 5090,9.2986,48.7383,60.81614303588867,machine,0.0,0.0,0.0,0.0,N
rollout_30,2026-09-10T16:20:11,tdmpc2_Ant-v5_seed331,4d6ea987-113e-4a40-87b3-d4c6e39edf3d,11.96544469699802,0.0002702563062576477,2.2586409874126186e-05,31.75117646351173,139.01294308656887,20.0,0.00011442401653913997,0.0005285304228240806,6.647279848334079e-05,0.0007094272378465605,0.0,Germany,DEU,baden-wurttemberg,,,Linux-7.0.0-31-generic-x86_64-with-glibc2.43,3.14.4,3.3.0,24,Intel(R) Core(TM) Ultra 9 285K,1,1 x NVIDIA GeForce RTX 5090,9.2986,48.7383,60.81614303588867,machine,0.0,0.0,0.0,0.0,N
gradient_updates_30,2026-09-10T16:20:23,tdmpc2_Ant-v5_seed331,4d6ea987-113e-4a40-87b3-d4c6e39edf3d,11.925233831003425,0.0002360857880423818,1.979717811323313e-05,31.789310886939408,138.94449033241213,20.0,0.00010797754582641227,0.0004455036897359488,6.624783135555663e-05,0.000619729066917922,0.0,Germany,DEU,baden-wurttemberg,,,Linux-7.0.0-31-generic-x86_64-with-glibc2.43,3.14.4,3.3.0,24,Intel(R) Core(TM) Ultra 9 285K,1,1 x NVIDIA GeForce RTX 5090,9.2986,48.7383,60.81614303588867,machine,0.0,0.0,0.0,0.0,N
rollout_31,2026-09-10T16:20:35,tdmpc2_Ant-v5_seed331,4d6ea987-113e-4a40-87b3-d4c6e39edf3d,11.946002951000992,0.0002711984161466417,2.2702025963684782e-05,31.804697305341453,139.24670775495497,20.0,0.00011729588522552212,0.0005282401448140073,6.63642617222248e-05,0.0007119002917617551,0.0,Germany,DEU,baden-wurttemberg,,,Linux-7.0.0-31-generic-x86_64-with-glibc2.43,3.14.4,3.3.0,24,Intel(R) Core(TM) Ultra 9 285K,1,1 x NVIDIA GeForce RTX 5090,9.2986,48.7383,60.81614303588867,machine,0.0,0.0,0.0,0.0,N
gradient_updates_31,2026-09-10T16:20:47,tdmpc2_Ant-v5_seed331,4d6ea987-113e-4a40-87b3-d4c6e39edf3d,11.914272166002775,0.00023633541141370937,1.9836347897052808e-05,31.853577019605662,139.1794664252872,20.0,0.00010851011041913047,0.0004456873009939244,6.618692095000569e-05,0.0006203843323630623,0.0,Germany,DEU,baden-wurttemberg,,,Linux-7.0.0-31-generic-x86_64-with-glibc2.43,3.14.4,3.3.0,24,Intel(R) Core(TM) Ultra 9 285K,1,1 x NVIDIA GeForce RTX 5090,9.2986,48.7383,60.81614303588867,machine,0.0,0.0,0.0,0.0,N
rollout_32,2026-09-10T16:20:59,tdmpc2_Ant-v5_seed331,4d6ea987-113e-4a40-87b3-d4c6e39edf3d,11.943448300000455,0.0002685463672861786,2.2484826448918083e-05,31.868950889222106,139.4537995750928,20.0,0.00011405797596853069,0.0005245304196240808,6.635022439998792e-05,0.0007049386199925942,0.0,Germany,DEU,baden-wurttemberg,,,Linux-7.0.0-31-generic-x86_64-with-glibc2.43,3.14.4,3.3.0,24,Intel(R) Core(TM) Ultra 9 285K,1,1 x NVIDIA GeForce RTX 5090,9.2986,48.7383,60.81614303588867,machine,0.0,0.0,0.0,0.0,N
gradient_updates_32,2026-09-10T16:21:10,tdmpc2_Ant-v5_seed331,4d6ea987-113e-4a40-87b3-d4c6e39edf3d,11.883428168999671,0.0002371221033562465,1.9954025570165132e-05,31.90311027201329,139.39811602301617,20.0,0.00010899047302564274,0.00044744341350999584,6.601552508333618e-05,0.0006224494116189722,0.0,Germany,DEU,baden-wurttemberg,,,Linux-7.0.0-31-generic-x86_64-with-glibc2.43,3.14.4,3.3.0,24,Intel(R) Core(TM) Ultra 9 285K,1,1 x NVIDIA GeForce RTX 5090,9.2986,48.7383,60.81614303588867,machine,0.0,0.0,0.0,0.0,N
rollout_33,2026-09-10T16:21:22,tdmpc2_Ant-v5_seed331,4d6ea987-113e-4a40-87b3-d4c6e39edf3d,11.945098158001201,0.0002694296615763335,2.2555674181896365e-05,31.92105730760008,139.66235453220781,20.0,0.00011612847123603637,0.0005247695864820656,6.635922427778666e-05,0.0007072572819958878,0.0,Germany,DEU,baden-wurttemberg,,,Linux-7.0.0-31-generic-x86_64-with-glibc2.43,3.14.4,3.3.0,24,Intel(R) Core(TM) Ultra 9 285K,1,1 x NVIDIA GeForce RTX 5090,9.2986,48.7383,60.81614303588867,machine,0.0,0.0,0.0,0.0,N
gradient_updates_33,2026-09-10T16:21:34,tdmpc2_Ant-v5_seed331,4d6ea987-113e-4a40-87b3-d4c6e39edf3d,12.002096664000419,0.0002370301698873499,1.974903537950762e-05,31.96024594812816,139.5923781958148,20.0,0.0001066826022904574,0.00044884480351992107,6.668067894445139e-05,0.0006222080847548273,0.0,Germany,DEU,baden-wurttemberg,,,Linux-7.0.0-31-generic-x86_64-with-glibc2.43,3.14.4,3.3.0,24,Intel(R) Core(TM) Ultra 9 285K,1,1 x NVIDIA GeForce RTX 5090,9.2986,48.7383,60.81614303588867,machine,0.0,0.0,0.0,0.0,N
rollout_34,2026-09-10T16:21:46,tdmpc2_Ant-v5_seed331,4d6ea987-113e-4a40-87b3-d4c6e39edf3d,11.942996058998688,0.0002690694270734012,2.2529481701804805e-05,31.963514162534878,139.85032061557882,20.0,0.00011441616681063735,0.0005255481982160415,6.634729548887774e-05,0.00070631166051556,0.0,Germany,DEU,baden-wurttemberg,,,Linux-7.0.0-31-generic-x86_64-with-glibc2.43,3.14.4,3.3.0,24,Intel(R) Core(TM) Ultra 9 285K,1,1 x NVIDIA GeForce RTX 5090,9.2986,48.7383,60.81614303588867,machine,0.0,0.0,0.0,0.0,N
gradient_updates_34,2026-09-10T16:21:58,tdmpc2_Ant-v5_seed331,4d6ea987-113e-4a40-87b3-d4c6e39edf3d,12.039697061998595,0.0002359893974002887,1.9600951353010583e-05,31.994469117824405,139.76749949497753,20.0,0.00010539684820629926,0.00044719507997803554,6.688411171667727e-05,0.0006194760399010069,0.0,Germany,DEU,baden-wurttemberg,,,Linux-7.0.0-31-generic-x86_64-with-glibc2.43,3.14.4,3.3.0,24,Intel(R) Core(TM) Ultra 9 285K,1,1 x NVIDIA GeForce RTX 5090,9.2986,48.7383,60.81614303588867,machine,0.0,0.0,0.0,0.0,N
rollout_35,2026-09-10T16:22:10,tdmpc2_Ant-v5_seed331,4d6ea987-113e-4a40-87b3-d4c6e39edf3d,11.943220278000808,0.00027023429666299045,2.2626586299221598e-05,31.99112743993629,140.0306317817543,20.0,0.0001138787702696098,0.0005291420899798949,6.634860204998792e-05,0.0007093694622994917,0.0,Germany,DEU,baden-wurttemberg,,,Linux-7.0.0-31-generic-x86_64-with-glibc2.43,3.14.4,3.3.0,24,Intel(R) Core(TM) Ultra 9 285K,1,1 x NVIDIA GeForce RTX 5090,9.2986,48.7383,60.81614303588867,machine,0.0,0.0,0.0,0.0,N
gradient_updates_35,2026-09-10T16:22:22,tdmpc2_Ant-v5_seed331,4d6ea987-113e-4a40-87b3-d4c6e39edf3d,12.04280155699962,0.00023722057377716446,1.96981399595568e-05,32.01971673577028,139.94945929424307,20.0,0.00010802783169997464,0.00044777869155609995,6.690137483334781e-05,0.0006227078980894224,0.0,Germany,DEU,baden-wurttemberg,,,Linux-7.0.0-31-generic-x86_64-with-glibc2.43,3.14.4,3.3.0,24,Intel(R) Core(TM) Ultra 9 285K,1,1 x NVIDIA GeForce RTX 5090,9.2986,48.7383,60.81614303588867,machine,0.0,0.0,0.0,0.0,N
rollout_36,2026-09-10T16:22:34,tdmpc2_Ant-v5_seed331,4d6ea987-113e-4a40-87b3-d4c6e39edf3d,11.945964965001622,0.00027159490725987834,2.2735299496722448e-05,32.02580227528348,140.21187265344997,20.0,0.00011514609517235784,0.0005314309806999651,6.636401156665667e-05,0.0007129410874389813,0.0,Germany,DEU,baden-wurttemberg,,,Linux-7.0.0-31-generic-x86_64-with-glibc2.43,3.14.4,3.3.0,24,Intel(R) Core(TM) Ultra 9 285K,1,1 x NVIDIA GeForce RTX 5090,9.2986,48.7383,60.81614303588867,machine,0.0,0.0,0.0,0.0,N
gradient_updates_36,2026-09-10T16:22:46,tdmpc2_Ant-v5_seed331,4d6ea987-113e-4a40-87b3-d4c6e39edf3d,12.13003809500151,0.00023662370573982947,1.95072638141785e-05,32.05562154645072,140.13357810814034,20.0,0.00010191135708457512,0.00045184480591997644,6.738494669443745e-05,0.0006211411096989847,0.0,Germany,DEU,baden-wurttemberg,,,Linux-7.0.0-31-generic-x86_64-with-glibc2.43,3.14.4,3.3.0,24,Intel(R) Core(TM) Ultra 9 285K,1,1 x NVIDIA GeForce RTX 5090,9.2986,48.7383,60.81614303588867,machine,0.0,0.0,0.0,0.0,N
rollout_37,2026-09-10T16:22:58,tdmpc2_Ant-v5_seed331,4d6ea987-113e-4a40-87b3-d4c6e39edf3d,11.962561762997211,0.0002714595370575078,2.26924299104158e-05,32.03737977463051,140.3814712641142,20.0,0.00011541763344514316,0.0005307120912361185,6.645601375556819e-05,0.0007125857384368273,0.0,Germany,DEU,baden-wurttemberg,,,Linux-7.0.0-31-generic-x86_64-with-glibc2.43,3.14.4,3.3.0,24,Intel(R) Core(TM) Ultra 9 285K,1,1 x NVIDIA GeForce RTX 5090,9.2986,48.7383,60.81614303588867,machine,0.0,0.0,0.0,0.0,N
gradient_updates_37,2026-09-10T16:23:11,tdmpc2_Ant-v5_seed331,4d6ea987-113e-4a40-87b3-d4c6e39edf3d,12.150883171001624,0.00023550897868532608,1.9382020664205093e-05,32.06584551081946,140.29928032269663,20.0,9.910289706003064e-05,0.00045161036128782417,6.750167454445347e-05,0.0006182149328923109,0.0,Germany,DEU,baden-wurttemberg,,,Linux-7.0.0-31-generic-x86_64-with-glibc2.43,3.14.4,3.3.0,24,Intel(R) Core(TM) Ultra 9 285K,1,1 x NVIDIA GeForce RTX 5090,9.2986,48.7383,60.81614303588867,machine,0.0,0.0,0.0,0.0,N
rollout_38,2026-09-10T16:23:22,tdmpc2_Ant-v5_seed331,4d6ea987-113e-4a40-87b3-d4c6e39edf3d,11.945768670000689,0.00027122450540599877,2.270467668959749e-05,32.03742945938763,140.5464133908616,20.0,0.00011364843091867145,0.0005319576477880172,6.636269778890775e-05,0.0007119687764955973,0.0,Germany,DEU,baden-wurttemberg,,,Linux-7.0.0-31-generic-x86_64-with-glibc2.43,3.14.4,3.3.0,24,Intel(R) Core(TM) Ultra 9 285K,1,1 x NVIDIA GeForce RTX 5090,9.2986,48.7383,60.81614303588867,machine,0.0,0.0,0.0,0.0,N
gradient_updates_38,2026-09-10T16:23:35,tdmpc2_Ant-v5_seed331,4d6ea987-113e-4a40-87b3-d4c6e39edf3d,12.040273390997754,0.00023691142722931033,1.9676599781904887e-05,32.0616377289522,140.47361547582219,20.0,0.00010493272727944876,0.0004500764711721228,6.688718487777006e-05,0.0006218963833293373,0.0,Germany,DEU,baden-wurttemberg,,,Linux-7.0.0-31-generic-x86_64-with-glibc2.43,3.14.4,3.3.0,24,Intel(R) Core(TM) Ultra 9 285K,1,1 x NVIDIA GeForce RTX 5090,9.2986,48.7383,60.81614303588867,machine,0.0,0.0,0.0,0.0,N
rollout_39,2026-09-10T16:23:46,tdmpc2_Ant-v5_seed331,4d6ea987-113e-4a40-87b3-d4c6e39edf3d,11.943779828998231,0.0002715118183646559,2.27324952517958e-05,32.05688014027319,140.7072982920638,20.0,0.00011594222969815368,0.0005304240354498946,6.635671257778676e-05,0.0007127229777258368,0.0,Germany,DEU,baden-wurttemberg,,,Linux-7.0.0-31-generic-x86_64-with-glibc2.43,3.14.4,3.3.0,24,Intel(R) Core(TM) Ultra 9 285K,1,1 x NVIDIA GeForce RTX 5090,9.2986,48.7383,60.81614303588867,machine,0.0,0.0,0.0,0.0,N
gradient_updates_39,2026-09-10T16:23:59,tdmpc2_Ant-v5_seed331,4d6ea987-113e-4a40-87b3-d4c6e39edf3d,12.201827015996969,0.00023500184291012222,1.925957413195524e-05,32.084933166514645,140.62612615667348,20.0,9.531502791862781e-05,0.0004537839741379779,6.778469110554908e-05,0.0006168836931621513,0.0,Germany,DEU,baden-wurttemberg,,,Linux-7.0.0-31-generic-x86_64-with-glibc2.43,3.14.4,3.3.0,24,Intel(R) Core(TM) Ultra 9 285K,1,1 x NVIDIA GeForce RTX 5090,9.2986,48.7383,60.81614303588867,machine,0.0,0.0,0.0,0.0,N
rollout_40,2026-09-10T16:24:11,tdmpc2_Ant-v5_seed331,4d6ea987-113e-4a40-87b3-d4c6e39edf3d,11.977555000998109,0.00027051632316505564,2.2585275877241632e-05,32.044037538076,140.84713206503727,20.0,0.00011320414639657758,0.0005303657020701014,6.653993802776485e-05,0.0007101097864944395,0.0,Germany,DEU,baden-wurttemberg,,,Linux-7.0.0-31-generic-x86_64-with-glibc2.43,3.14.4,3.3.0,24,Intel(R) Core(TM) Ultra 9 285K,1,1 x NVIDIA GeForce RTX 5090,9.2986,48.7383,60.81614303588867,machine,0.0,0.0,0.0,0.0,N
gradient_updates_40,2026-09-10T16:24:23,tdmpc2_Ant-v5_seed331,4d6ea987-113e-4a40-87b3-d4c6e39edf3d,12.278120844999648,0.00023376527685791543,1.9039187816431785e-05,32.06091124257385,140.75258283472658,20.0,9.280957313648891e-05,0.0004526198065399889,6.820830731109426e-05,0.0006136376869875712,0.0,Germany,DEU,baden-wurttemberg,,,Linux-7.0.0-31-generic-x86_64-with-glibc2.43,3.14.4,3.3.0,24,Intel(R) Core(TM) Ultra 9 285K,1,1 x NVIDIA GeForce RTX 5090,9.2986,48.7383,60.81614303588867,machine,0.0,0.0,0.0,0.0,N
rollout_41,2026-09-10T16:24:35,tdmpc2_Ant-v5_seed331,4d6ea987-113e-4a40-87b3-d4c6e39edf3d,11.948175933001039,0.00027078410323277957,2.2663218620829193e-05,32.01180027632967,140.97377222155544,20.0,0.00011343579130411625,0.000531000702578055,6.63762196833383e-05,0.0007108127135655104,0.0,Germany,DEU,baden-wurttemberg,,,Linux-7.0.0-31-generic-x86_64-with-glibc2.43,3.14.4,3.3.0,24,Intel(R) Core(TM) Ultra 9 285K,1,1 x NVIDIA GeForce RTX 5090,9.2986,48.7383,60.81614303588867,machine,0.0,0.0,0.0,0.0,N
gradient_updates_41,2026-09-10T16:24:47,tdmpc2_Ant-v5_seed331,4d6ea987-113e-4a40-87b3-d4c6e39edf3d,12.031157054003415,0.00023735174328100989,1.9728062113996358e-05,32.03424037206134,140.9022489002979,20.0,0.00010613925463355892,0.00045007674894992356,6.683621660554841e-05,0.0006230522201890257,0.0,Germany,DEU,baden-wurttemberg,,,Linux-7.0.0-31-generic-x86_64-with-glibc2.43,3.14.4,3.3.0,24,Intel(R) Core(TM) Ultra 9 285K,1,1 x NVIDIA GeForce RTX 5090,9.2986,48.7383,60.81614303588867,machine,0.0,0.0,0.0,0.0,N
rollout_42,2026-09-10T16:24:59,tdmpc2_Ant-v5_seed331,4d6ea987-113e-4a40-87b3-d4c6e39edf3d,11.943589025999245,0.00027121060865983176,2.2707640421593257e-05,32.03371414307317,141.11695244740775,20.0,0.00011466995423588949,0.0005309043136119129,6.635802946111657e-05,0.000711932297308919,0.0,Germany,DEU,baden-wurttemberg,,,Linux-7.0.0-31-generic-x86_64-with-glibc2.43,3.14.4,3.3.0,24,Intel(R) Core(TM) Ultra 9 285K,1,1 x NVIDIA GeForce RTX 5090,9.2986,48.7383,60.81614303588867,machine,0.0,0.0,0.0,0.0,N
gradient_updates_42,2026-09-10T16:25:11,tdmpc2_Ant-v5_seed331,4d6ea987-113e-4a40-87b3-d4c6e39edf3d,12.037650595000741,0.00023698095678700848,1.9686662860067732e-05,32.05910217905711,141.0439167437242,20.0,0.00010533740676985787,0.00044986869322805045,6.687279956111344e-05,0.0006220788995590226,0.0,Germany,DEU,baden-wurttemberg,,,Linux-7.0.0-31-generic-x86_64-with-glibc2.43,3.14.4,3.3.0,24,Intel(R) Core(TM) Ultra 9 285K,1,1 x NVIDIA GeForce RTX 5090,9.2986,48.7383,60.81614303588867,machine,0.0,0.0,0.0,0.0,N
rollout_43,2026-09-10T16:25:23,tdmpc2_Ant-v5_seed331,4d6ea987-113e-4a40-87b3-d4c6e39edf3d,11.942865249999159,0.0002709588604075143,2.2687934971133008e-05,32.05495519023685,141.25977784350377,20.0,0.00011185742504142386,0.000533066259785997,6.634776918888578e-05,0.0007112714540163101,0.0,Germany,DEU,baden-wurttemberg,,,Linux-7.0.0-31-generic-x86_64-with-glibc2.43,3.14.4,3.3.0,24,Intel(R) Core(TM) Ultra 9 285K,1,1 x NVIDIA GeForce RTX 5090,9.2986,48.7383,60.81614303588867,machine,0.0,0.0,0.0,0.0,N
gradient_updates_43,2026-09-10T16:25:35,tdmpc2_Ant-v5_seed331,4d6ea987-113e-4a40-87b3-d4c6e39edf3d,12.03018607699778,0.0002374958592250044,1.97416631970985e-05,32.07112587605854,141.19219590311093,20.0,0.00010534062816132395,0.00045125813878399423,6.683175996111297e-05,0.0006234305269064294,0.0,Germany,DEU,baden-wurttemberg,,,Linux-7.0.0-31-generic-x86_64-with-glibc2.43,3.14.4,3.3.0,24,Intel(R) Core(TM) Ultra 9 285K,1,1 x NVIDIA GeForce RTX 5090,9.2986,48.7383,60.81614303588867,machine,0.0,0.0,0.0,0.0,N
rollout_44,2026-09-10T16:25:47,tdmpc2_Ant-v5_seed331,4d6ea987-113e-4a40-87b3-d4c6e39edf3d,11.9506092240008,0.00027151405396348346,2.2719692090173573e-05,32.0678659545578,141.39634233445705,20.0,0.00011462297392052755,0.0005317157031500264,6.63901691388873e-05,0.0007127288462094317,0.0,Germany,DEU,baden-wurttemberg,,,Linux-7.0.0-31-generic-x86_64-with-glibc2.43,3.14.4,3.3.0,24,Intel(R) Core(TM) Ultra 9 285K,1,1 x NVIDIA GeForce RTX 5090,9.2986,48.7383,60.81614303588867,machine,0.0,0.0,0.0,0.0,N
gradient_updates_44,2026-09-10T16:25:59,tdmpc2_Ant-v5_seed331,4d6ea987-113e-4a40-87b3-d4c6e39edf3d,12.031640777000575,0.00023697042189361334,1.9695609662330006e-05,32.09131326289631,141.3268898727048,20.0,0.00010448191580768838,0.0004507295272500045,6.683980223333528e-05,0.0006220512452910221,0.0,Germany,DEU,baden-wurttemberg,,,Linux-7.0.0-31-generic-x86_64-with-glibc2.43,3.14.4,3.3.0,24,Intel(R) Core(TM) Ultra 9 285K,1,1 x NVIDIA GeForce RTX 5090,9.2986,48.7383,60.81614303588867,machine,0.0,0.0,0.0,0.0,N
rollout_45,2026-09-10T16:26:11,tdmpc2_Ant-v5_seed331,4d6ea987-113e-4a40-87b3-d4c6e39edf3d,11.935351044998242,0.0002692128111090944,2.255592468608899e-05,32.084927852264144,141.51463498418798,20.0,0.00011271510322756473,0.0005276679221341007,6.630502059999568e-05,0.000706688045961662,0.0,Germany,DEU,baden-wurttemberg,,,Linux-7.0.0-31-generic-x86_64-with-glibc2.43,3.14.4,3.3.0,24,Intel(R) Core(TM) Ultra 9 285K,1,1 x NVIDIA GeForce RTX 5090,9.2986,48.7383,60.81614303588867,machine,0.0,0.0,0.0,0.0,N
gradient_updates_45,2026-09-10T16:26:23,tdmpc2_Ant-v5_seed331,4d6ea987-113e-4a40-87b3-d4c6e39edf3d,12.033244227997784,0.00023813505889397346,1.9789733604663043e-05,32.10267744722288,141.45369242701403,20.0,0.00010481269190564142,0.00045344758497989357,6.68481596388824e-05,0.0006251084365244131,0.0,Germany,DEU,baden-wurttemberg,,,Linux-7.0.0-31-generic-x86_64-with-glibc2.43,3.14.4,3.3.0,24,Intel(R) Core(TM) Ultra 9 285K,1,1 x NVIDIA GeForce RTX 5090,9.2986,48.7383,60.81614303588867,machine,0.0,0.0,0.0,0.0,N
rollout_46,2026-09-10T16:26:35,tdmpc2_Ant-v5_seed331,4d6ea987-113e-4a40-87b3-d4c6e39edf3d,11.938795646001381,0.00026938931170115976,2.2564208854545274e-05,32.097447112555066,141.63415740678616,20.0,0.00011368383094699161,0.00052714347727012,6.632405469445078e-05,0.000707151362911565,0.0,Germany,DEU,baden-wurttemberg,,,Linux-7.0.0-31-generic-x86_64-with-glibc2.43,3.14.4,3.3.0,24,Intel(R) Core(TM) Ultra 9 285K,1,1 x NVIDIA GeForce RTX 5090,9.2986,48.7383,60.81614303588867,machine,0.0,0.0,0.0,0.0,N
gradient_updates_46,2026-09-10T16:26:47,tdmpc2_Ant-v5_seed331,4d6ea987-113e-4a40-87b3-d4c6e39edf3d,12.051639928999066,0.00023812016097391614,1.9758334296642373e-05,32.11724458077313,141.57179625221374,20.0,0.00010445723051016181,0.00045366258515189273,6.69495135777751e-05,0.0006250693292398357,0.0,Germany,DEU,baden-wurttemberg,,,Linux-7.0.0-31-generic-x86_64-with-glibc2.43,3.14.4,3.3.0,24,Intel(R) Core(TM) Ultra 9 285K,1,1 x NVIDIA GeForce RTX 5090,9.2986,48.7383,60.81614303588867,machine,0.0,0.0,0.0,0.0,N
rollout_47,2026-09-10T16:26:59,tdmpc2_Ant-v5_seed331,4d6ea987-113e-4a40-87b3-d4c6e39edf3d,11.950993523998477,0.0002691778134234629,2.2523475992562844e-05,32.110319133901356,141.74625321688703,20.0,0.00011290265032204774,0.0005273012551739731,6.639227096667203e-05,0.0007065961764626955,0.0,Germany,DEU,baden-wurttemberg,,,Linux-7.0.0-31-generic-x86_64-with-glibc2.43,3.14.4,3.3.0,24,Intel(R) Core(TM) Ultra 9 285K,1,1 x NVIDIA GeForce RTX 5090,9.2986,48.7383,60.81614303588867,machine,0.0,0.0,0.0,0.0,N
gradient_updates_47,2026-09-10T16:27:11,tdmpc2_Ant-v5_seed331,4d6ea987-113e-4a40-87b3-d4c6e39edf3d,12.056907694000984,0.00023857757007401947,1.9787645049283894e-05,32.127188565455455,141.68556337043736,20.0,0.00010490671975864167,0.00045438369684003277,6.697961903335235e-05,0.0006262700356320233,0.0,Germany,DEU,baden-wurttemberg,,,Linux-7.0.0-31-generic-x86_64-with-glibc2.43,3.14.4,3.3.0,24,Intel(R) Core(TM) Ultra 9 285K,1,1 x NVIDIA GeForce RTX 5090,9.2986,48.7383,60.81614303588867,machine,0.0,0.0,0.0,0.0,N
rollout_48,2026-09-10T16:27:23,tdmpc2_Ant-v5_seed331,4d6ea987-113e-4a40-87b3-d4c6e39edf3d,11.948538046002795,0.00026928698724119904,2.253724407610176e-05,32.12128336366679,141.85807928158286,20.0,0.0001124290352209345,0.0005280754224600281,6.637830184443201e-05,0.0007068827595253929,0.0,Germany,DEU,baden-wurttemberg,,,Linux-7.0.0-31-generic-x86_64-with-glibc2.43,3.14.4,3.3.0,24,Intel(R) Core(TM) Ultra 9 285K,1,1 x NVIDIA GeForce RTX 5090,9.2986,48.7383,60.81614303588867,machine,0.0,0.0,0.0,0.0,N
gradient_updates_48,2026-09-10T16:27:35,tdmpc2_Ant-v5_seed331,4d6ea987-113e-4a40-87b3-d4c6e39edf3d,12.06357252199814,0.00023838207005090484,1.9760502793992415e-05,32.13614601865866,141.7993945024574,20.0,0.00010345172887242862,0.0004552884197859264,6.701669620554941e-05,0.0006257568448639061,0.0,Germany,DEU,baden-wurttemberg,,,Linux-7.0.0-31-generic-x86_64-with-glibc2.43,3.14.4,3.3.0,24,Intel(R) Core(TM) Ultra 9 285K,1,1 x NVIDIA GeForce RTX 5090,9.2986,48.7383,60.81614303588867,machine,0.0,0.0,0.0,0.0,N
rollout_49,2026-09-10T16:27:47,tdmpc2_Ant-v5_seed331,4d6ea987-113e-4a40-87b3-d4c6e39edf3d,11.9412397039996,0.0002700536706491431,2.261522182829626e-05,32.12690129452554,141.96652913945283,20.0,0.00011504189481121967,0.000527506810894085,6.634661034442789e-05,0.0007088953160497291,0.0,Germany,DEU,baden-wurttemberg,,,Linux-7.0.0-31-generic-x86_64-with-glibc2.43,3.14.4,3.3.0,24,Intel(R) Core(TM) Ultra 9 285K,1,1 x NVIDIA GeForce RTX 5090,9.2986,48.7383,60.81614303588867,machine,0.0,0.0,0.0,0.0,N
gradient_updates_49,2026-09-10T16:27:59,tdmpc2_Ant-v5_seed331,4d6ea987-113e-4a40-87b3-d4c6e39edf3d,12.063926963000995,0.00023957427022587574,1.98586910677154e-05,32.14899412855311,141.91118895758993,20.0,0.00010543107878924034,0.0004564367540380587,6.701855705555822e-05,0.0006288863898828573,0.0,Germany,DEU,baden-wurttemberg,,,Linux-7.0.0-31-generic-x86_64-with-glibc2.43,3.14.4,3.3.0,24,Intel(R) Core(TM) Ultra 9 285K,1,1 x NVIDIA GeForce RTX 5090,9.2986,48.7383,60.81614303588867,machine,0.0,0.0,0.0,0.0,N
rollout_50,2026-09-10T16:28:11,tdmpc2_Ant-v5_seed331,4d6ea987-113e-4a40-87b3-d4c6e39edf3d,11.983464567001647,0.0002723144552768085,2.2724191120508137e-05,32.1454641435288,142.07799469479835,20.0,0.00011758319073314379,0.0005306740356498807,6.657268640556172e-05,0.000714829912788581,0.0,Germany,DEU,baden-wurttemberg,,,Linux-7.0.0-31-generic-x86_64-with-glibc2.43,3.14.4,3.3.0,24,Intel(R) Core(TM) Ultra 9 285K,1,1 x NVIDIA GeForce RTX 5090,9.2986,48.7383,60.81614303588867,machine,0.0,0.0,0.0,0.0,N
gradient_updates_50,2026-09-10T16:28:23,tdmpc2_Ant-v5_seed331,4d6ea987-113e-4a40-87b3-d4c6e39edf3d,12.051957948999188,0.00023732473964055423,1.9691808204520735e-05,32.17263354452956,142.00717992121187,20.0,0.00010553387192703025,0.00045049536039609706,6.69521028666669e-05,0.0006229813351898011,0.0,Germany,DEU,baden-wurttemberg,,,Linux-7.0.0-31-generic-x86_64-with-glibc2.43,3.14.4,3.3.0,24,Intel(R) Core(TM) Ultra 9 285K,1,1 x NVIDIA GeForce RTX 5090,9.2986,48.7383,60.81614303588867,machine,0.0,0.0,0.0,0.0,N
rollout_51,2026-09-10T16:28:35,tdmpc2_Ant-v5_seed331,4d6ea987-113e-4a40-87b3-d4c6e39edf3d,11.944819288000872,0.0002727818014473041,2.283683573879159e-05,32.169666925556854,142.17768567541398,20.0,0.00011800440023677743,0.000531695147577893,6.635715633890663e-05,0.0007160567041535754,0.0,Germany,DEU,baden-wurttemberg,,,Linux-7.0.0-31-generic-x86_64-with-glibc2.43,3.14.4,3.3.0,24,Intel(R) Core(TM) Ultra 9 285K,1,1 x NVIDIA GeForce RTX 5090,9.2986,48.7383,60.81614303588867,machine,0.0,0.0,0.0,0.0,N
gradient_updates_51,2026-09-10T16:28:47,tdmpc2_Ant-v5_seed331,4d6ea987-113e-4a40-87b3-d4c6e39edf3d,12.140911267000774,0.00023711082519530316,1.9529914141128983e-05,32.19747133028715,142.1021756387333,20.0,0.00010300076462276854,0.0004519723060220082,6.7446735616674e-05,0.0006224198062614594,0.0,Germany,DEU,baden-wurttemberg,,,Linux-7.0.0-31-generic-x86_64-with-glibc2.43,3.14.4,3.3.0,24,Intel(R) Core(TM) Ultra 9 285K,1,1 x NVIDIA GeForce RTX 5090,9.2986,48.7383,60.81614303588867,machine,0.0,0.0,0.0,0.0,N
rollout_52,2026-09-10T16:28:59,tdmpc2_Ant-v5_seed331,4d6ea987-113e-4a40-87b3-d4c6e39edf3d,11.952824488998885,0.00027164409980353493,2.27263572936845e-05,32.18551694771974,142.26576345383305,20.0,0.00011567004725818522,0.0005309982025760718,6.640196883888824e-05,0.0007130702186731452,0.0,Germany,DEU,baden-wurttemberg,,,Linux-7.0.0-31-generic-x86_64-with-glibc2.43,3.14.4,3.3.0,24,Intel(R) Core(TM) Ultra 9 285K,1,1 x NVIDIA GeForce RTX 5090,9.2986,48.7383,60.81614303588867,machine,0.0,0.0,0.0,0.0,N
gradient_updates_52,2026-09-10T16:29:11,tdmpc2_Ant-v5_seed331,4d6ea987-113e-4a40-87b3-d4c6e39edf3d,12.04702366499987,0.0002368130612183418,1.9657406756329836e-05,32.207272009526164,142.19268729316667,20.0,0.00010555038527357286,0.0004491625815520317,6.692520411110715e-05,0.0006216381709367169,0.0,Germany,DEU,baden-wurttemberg,,,Linux-7.0.0-31-generic-x86_64-with-glibc2.43,3.14.4,3.3.0,24,Intel(R) Core(TM) Ultra 9 285K,1,1 x NVIDIA GeForce RTX 5090,9.2986,48.7383,60.81614303588867,machine,0.0,0.0,0.0,0.0,N
rollout_53,2026-09-10T16:29:23,tdmpc2_Ant-v5_seed331,4d6ea987-113e-4a40-87b3-d4c6e39edf3d,11.937605825998617,0.0002703925028006912,2.2650492959139114e-05,32.20308234000928,142.3534682847832,20.0,0.00011279173606664958,0.0005306754245398837,6.63175953999999e-05,0.0007097847560065401,0.0,Germany,DEU,baden-wurttemberg,,,Linux-7.0.0-31-generic-x86_64-with-glibc2.43,3.14.4,3.3.0,24,Intel(R) Core(TM) Ultra 9 285K,1,1 x NVIDIA GeForce RTX 5090,9.2986,48.7383,60.81614303588867,machine,0.0,0.0,0.0,0.0,N
gradient_updates_53,2026-09-10T16:29:35,tdmpc2_Ant-v5_seed331,4d6ea987-113e-4a40-87b3-d4c6e39edf3d,12.043853249000676,0.0002369859515408898,1.9676898142545232e-05,32.2175542411267,142.2819409682443,20.0,0.00010575929460736669,0.0004494256373180905,6.690707894445487e-05,0.0006220920108699068,0.0,Germany,DEU,baden-wurttemberg,,,Linux-7.0.0-31-generic-x86_64-with-glibc2.43,3.14.4,3.3.0,24,Intel(R) Core(TM) Ultra 9 285K,1,1 x NVIDIA GeForce RTX 5090,9.2986,48.7383,60.81614303588867,machine,0.0,0.0,0.0,0.0,N
rollout_54,2026-09-10T16:29:47,tdmpc2_Ant-v5_seed331,4d6ea987-113e-4a40-87b3-d4c6e39edf3d,11.950736988001154,0.0002706458357322611,2.2646797293575128e-05,32.214250962094106,142.43484624042793,20.0,0.0001143926345695892,0.0005296668126218984,6.639031191668122e-05,0.000710449759108181,0.0,Germany,DEU,baden-wurttemberg,,,Linux-7.0.0-31-generic-x86_64-with-glibc2.43,3.14.4,3.3.0,24,Intel(R) Core(TM) Ultra 9 285K,1,1 x NVIDIA GeForce RTX 5090,9.2986,48.7383,60.81614303588867,machine,0.0,0.0,0.0,0.0,N
gradient_updates_54,2026-09-10T16:29:59,tdmpc2_Ant-v5_seed331,4d6ea987-113e-4a40-87b3-d4c6e39edf3d,12.18882732399652,0.00023596750627241994,1.93593468924614e-05,32.23008799322385,142.36203193843627,20.0,9.757483361536035e-05,0.00045413119663806345,6.771254507776693e-05,0.0006194185753311959,0.0,Germany,DEU,baden-wurttemberg,,,Linux-7.0.0-31-generic-x86_64-with-glibc2.43,3.14.4,3.3.0,24,Intel(R) Core(TM) Ultra 9 285K,1,1 x NVIDIA GeForce RTX 5090,9.2986,48.7383,60.81614303588867,machine,0.0,0.0,0.0,0.0,N
rollout_55,2026-09-10T16:30:11,tdmpc2_Ant-v5_seed331,4d6ea987-113e-4a40-87b3-d4c6e39edf3d,11.952044911002304,0.0002690043926991681,2.25069851564994e-05,32.20425277310141,142.50271193091527,20.0,0.00011340235766625802,0.0005263406988499364,6.639788770001695e-05,0.0007061409442162131,0.0,Germany,DEU,baden-wurttemberg,,,Linux-7.0.0-31-generic-x86_64-with-glibc2.43,3.14.4,3.3.0,24,Intel(R) Core(TM) Ultra 9 285K,1,1 x NVIDIA GeForce RTX 5090,9.2986,48.7383,60.81614303588867,machine,0.0,0.0,0.0,0.0,N
gradient_updates_55,2026-09-10T16:30:23,tdmpc2_Ant-v5_seed331,4d6ea987-113e-4a40-87b3-d4c6e39edf3d,12.183934815999237,0.00023637339051695017,1.940042000578357e-05,32.21753081946437,142.4333194745436,20.0,9.770714427676484e-05,0.0004550834196220821,6.769346423332254e-05,0.0006204840281321677,0.0,Germany,DEU,baden-wurttemberg,,,Linux-7.0.0-31-generic-x86_64-with-glibc2.43,3.14.4,3.3.0,24,Intel(R) Core(TM) Ultra 9 285K,1,1 x NVIDIA GeForce RTX 5090,9.2986,48.7383,60.81614303588867,machine,0.0,0.0,0.0,0.0,N
rollout_56,2026-09-10T16:30:35,tdmpc2_Ant-v5_seed331,4d6ea987-113e-4a40-87b3-d4c6e39edf3d,11.952664470001764,0.0002714544291260862,2.271081570628772e-05,32.193184249509066,142.5808331985809,20.0,0.00011606468951834426,0.000530115979648027,6.639166086667113e-05,0.0007125723300330372,0.0,Germany,DEU,baden-wurttemberg,,,Linux-7.0.0-31-generic-x86_64-with-glibc2.43,3.14.4,3.3.0,24,Intel(R) Core(TM) Ultra 9 285K,1,1 x NVIDIA GeForce RTX 5090,9.2986,48.7383,60.81614303588867,machine,0.0,0.0,0.0,0.0,N
gradient_updates_56,2026-09-10T16:30:47,tdmpc2_Ant-v5_seed331,4d6ea987-113e-4a40-87b3-d4c6e39edf3d,12.058136421001109,0.0002366581748943948,1.96264388204641e-05,32.21423513907263,142.50883876524247,20.0,0.00010514224744706535,0.0004491023037259678,6.698704062220971e-05,0.0006212315917952377,0.0,Germany,DEU,baden-wurttemberg,,,Linux-7.0.0-31-generic-x86_64-with-glibc2.43,3.14.4,3.3.0,24,Intel(R) Core(TM) Ultra 9 285K,1,1 x NVIDIA GeForce RTX 5090,9.2986,48.7383,60.81614303588867,machine,0.0,0.0,0.0,0.0,N
rollout_57,2026-09-10T16:30:59,tdmpc2_Ant-v5_seed331,4d6ea987-113e-4a40-87b3-d4c6e39edf3d,11.951330957999744,0.00027218426414672703,2.2774395257358797e-05,32.21000819734752,142.65516479410888,20.0,0.00011720034848242654,0.0005308940358259573,6.639377462777478e-05,0.0007144881589361551,0.0,Germany,DEU,baden-wurttemberg,,,Linux-7.0.0-31-generic-x86_64-with-glibc2.43,3.14.4,3.3.0,24,Intel(R) Core(TM) Ultra 9 285K,1,1 x NVIDIA GeForce RTX 5090,9.2986,48.7383,60.81614303588867,machine,0.0,0.0,0.0,0.0,N
gradient_updates_57,2026-09-10T16:31:11,tdmpc2_Ant-v5_seed331,4d6ea987-113e-4a40-87b3-d4c6e39edf3d,12.046499604999553,0.00023616144870085634,1.9604129043621804e-05,32.23308728272886,142.58384256353116,20.0,0.00010430413427657374,0.00044870174785005545,6.69217952610976e-05,0.0006199276773877355,0.0,Germany,DEU,baden-wurttemberg,,,Linux-7.0.0-31-generic-x86_64-with-glibc2.43,3.14.4,3.3.0,24,Intel(R) Core(TM) Ultra 9 285K,1,1 x NVIDIA GeForce RTX 5090,9.2986,48.7383,60.81614303588867,machine,0.0,0.0,0.0,0.0,N
rollout_58,2026-09-10T16:31:23,tdmpc2_Ant-v5_seed331,4d6ea987-113e-4a40-87b3-d4c6e39edf3d,11.934069225997519,0.0002702619733021723,2.2646262063575894e-05,32.22613899871837,142.72876032581632,20.0,0.00011236201544509439,0.0005307820912918704,6.629800719444232e-05,0.0007094421139314105,0.0,Germany,DEU,baden-wurttemberg,,,Linux-7.0.0-31-generic-x86_64-with-glibc2.43,3.14.4,3.3.0,24,Intel(R) Core(TM) Ultra 9 285K,1,1 x NVIDIA GeForce RTX 5090,9.2986,48.7383,60.81614303588867,machine,0.0,0.0,0.0,0.0,N
gradient_updates_58,2026-09-10T16:31:35,tdmpc2_Ant-v5_seed331,4d6ea987-113e-4a40-87b3-d4c6e39edf3d,12.223640255000646,0.00023451967484927616,1.918576418444624e-05,32.23596009184775,142.65279854549118,20.0,9.456948482219549e-05,0.00045314286251407765,6.79056467555502e-05,0.0006156179940918216,0.0,Germany,DEU,baden-wurttemberg,,,Linux-7.0.0-31-generic-x86_64-with-glibc2.43,3.14.4,3.3.0,24,Intel(R) Core(TM) Ultra 9 285K,1,1 x NVIDIA GeForce RTX 5090,9.2986,48.7383,60.81614303588867,machine,0.0,0.0,0.0,0.0,N
rollout_59,2026-09-10T16:31:47,tdmpc2_Ant-v5_seed331,4d6ea987-113e-4a40-87b3-d4c6e39edf3d,11.956228289000137,0.0002705973269884615,2.263233568117203e-05,32.204644376013945,142.79048798778572,20.0,0.00011389914917480162,0.0005300026462239371,6.642062746112926e-05,0.0007103224228598576,0.0,Germany,DEU,baden-wurttemberg,,,Linux-7.0.0-31-generic-x86_64-with-glibc2.43,3.14.4,3.3.0,24,Intel(R) Core(TM) Ultra 9 285K,1,1 x NVIDIA GeForce RTX 5090,9.2986,48.7383,60.81614303588867,machine,0.0,0.0,0.0,0.0,N
gradient_updates_59,2026-09-10T16:32:00,tdmpc2_Ant-v5_seed331,4d6ea987-113e-4a40-87b3-d4c6e39edf3d,12.08418949100087,0.0002364424644747884,1.9566281011770462e-05,32.21965559043116,142.71568110098698,20.0,0.00010538055513771051,0.0004481534140781118,6.713137918890749e-05,0.000620665348404742,0.0,Germany,DEU,baden-wurttemberg,,,Linux-7.0.0-31-generic-x86_64-with-glibc2.43,3.14.4,3.3.0,24,Intel(R) Core(TM) Ultra 9 285K,1,1 x NVIDIA GeForce RTX 5090,9.2986,48.7383,60.81614303588867,machine,0.0,0.0,0.0,0.0,N
rollout_60,2026-09-10T16:32:12,tdmpc2_Ant-v5_seed331,4d6ea987-113e-4a40-87b3-d4c6e39edf3d,12.011232512999413,0.00027137015019848554,2.259303186062721e-05,32.21494551913386,142.84569198095204,20.0,0.00011525049914476969,0.0005303734798539628,6.672711746664832e-05,0.0007123510964653773,0.0,Germany,DEU,baden-wurttemberg,,,Linux-7.0.0-31-generic-x86_64-with-glibc2.43,3.14.4,3.3.0,24,Intel(R) Core(TM) Ultra 9 285K,1,1 x NVIDIA GeForce RTX 5090,9.2986,48.7383,60.81614303588867,machine,0.0,0.0,0.0,0.0,N
gradient_updates_60,2026-09-10T16:32:24,tdmpc2_Ant-v5_seed331,4d6ea987-113e-4a40-87b3-d4c6e39edf3d,12.089076692998788,0.0002373755647824688,1.9635536001734734e-05,32.231188054986895,142.78028854529782,20.0,0.00010396895011953802,0.0004519884171461097,6.715738475555205e-05,0.0006231147520211894,0.0,Germany,DEU,baden-wurttemberg,,,Linux-7.0.0-31-generic-x86_64-with-glibc2.43,3.14.4,3.3.0,24,Intel(R) Core(TM) Ultra 9 285K,1,1 x NVIDIA GeForce RTX 5090,9.2986,48.7383,60.81614303588867,machine,0.0,0.0,0.0,0.0,N
rollout_61,2026-09-10T16:32:36,tdmpc2_Ant-v5_seed331,4d6ea987-113e-4a40-87b3-d4c6e39edf3d,11.941419480997865,0.00026946797167584635,2.2565828061284036e-05,32.223386443976366,142.90699338635537,20.0,0.00011403257844821296,0.0005269848660318655,6.634040215556386e-05,0.0007073578466356423,0.0,Germany,DEU,baden-wurttemberg,,,Linux-7.0.0-31-generic-x86_64-with-glibc2.43,3.14.4,3.3.0,24,Intel(R) Core(TM) Ultra 9 285K,1,1 x NVIDIA GeForce RTX 5090,9.2986,48.7383,60.81614303588867,machine,0.0,0.0,0.0,0.0,N
gradient_updates_61,2026-09-10T16:32:48,tdmpc2_Ant-v5_seed331,4d6ea987-113e-4a40-87b3-d4c6e39edf3d,12.094529179998062,0.0002382839900465436,1.97017685389094e-05,32.23846368220103,142.84250916616574,20.0,0.00010595550559766923,0.00045235591744008374,6.718796020557284e-05,0.0006254993832433275,0.0,Germany,DEU,baden-wurttemberg,,,Linux-7.0.0-31-generic-x86_64-with-glibc2.43,3.14.4,3.3.0,24,Intel(R) Core(TM) Ultra 9 285K,1,1 x NVIDIA GeForce RTX 5090,9.2986,48.7383,60.81614303588867,machine,0.0,0.0,0.0,0.0,N
rollout_62,2026-09-10T16:33:00,tdmpc2_Ant-v5_seed331,4d6ea987-113e-4a40-87b3-d4c6e39edf3d,11.941380691998347,0.0002706858376610999,2.266789143807276e-05,32.235471408245274,142.96658640579915,20.0,0.00011731890913283145,0.0005268968104059635,6.633904528888582e-05,0.0007105547648276755,0.0,Germany,DEU,baden-wurttemberg,,,Linux-7.0.0-31-generic-x86_64-with-glibc2.43,3.14.4,3.3.0,24,Intel(R) Core(TM) Ultra 9 285K,1,1 x NVIDIA GeForce RTX 5090,9.2986,48.7383,60.81614303588867,machine,0.0,0.0,0.0,0.0,N
gradient_updates_62,2026-09-10T16:33:12,tdmpc2_Ant-v5_seed331,4d6ea987-113e-4a40-87b3-d4c6e39edf3d,12.097500689000299,0.0002381755582322731,1.968800785627226e-05,32.25709410361859,142.90377345472402,20.0,0.0001050421668114445,0.00045296758459600905,6.720499654444892e-05,0.0006252147479518938,0.0,Germany,DEU,baden-wurttemberg,,,Linux-7.0.0-31-generic-x86_64-with-glibc2.43,3.14.4,3.3.0,24,Intel(R) Core(TM) Ultra 9 285K,1,1 x NVIDIA GeForce RTX 5090,9.2986,48.7383,60.81614303588867,machine,0.0,0.0,0.0,0.0,N
rollout_63,2026-09-10T16:33:24,tdmpc2_Ant-v5_seed331,4d6ea987-113e-4a40-87b3-d4c6e39edf3d,11.94150707800145,0.00027036013721828955,2.2640373522304077e-05,32.25125774926357,143.03300136689623,20.0,0.00011320228167286533,0.0005301587574599864,6.633875668889642e-05,0.000709699795821736,0.0,Germany,DEU,baden-wurttemberg,,,Linux-7.0.0-31-generic-x86_64-with-glibc2.43,3.14.4,3.3.0,24,Intel(R) Core(TM) Ultra 9 285K,1,1 x NVIDIA GeForce RTX 5090,9.2986,48.7383,60.81614303588867,machine,0.0,0.0,0.0,0.0,N
gradient_updates_63,2026-09-10T16:33:36,tdmpc2_Ant-v5_seed331,4d6ea987-113e-4a40-87b3-d4c6e39edf3d,12.105140894000215,0.00023824169680698726,1.968105213754269e-05,32.26392262738574,142.96793318037322,20.0,0.00010608600181317811,0.0004520548060880092,6.724755489443193e-05,0.0006253883627956175,0.0,Germany,DEU,baden-wurttemberg,,,Linux-7.0.0-31-generic-x86_64-with-glibc2.43,3.14.4,3.3.0,24,Intel(R) Core(TM) Ultra 9 285K,1,1 x NVIDIA GeForce RTX 5090,9.2986,48.7383,60.81614303588867,machine,0.0,0.0,0.0,0.0,N
rollout_64,2026-09-10T16:33:48,tdmpc2_Ant-v5_seed331,4d6ea987-113e-4a40-87b3-d4c6e39edf3d,11.944216416999552,0.00027022124512819656,2.2623607259125682e-05,32.26056813701386,143.08822393143097,20.0,0.00011557101773451879,0.0005274098663720084,6.635431769999589e-05,0.0007093352018065213,0.0,Germany,DEU,baden-wurttemberg,,,Linux-7.0.0-31-generic-x86_64-with-glibc2.43,3.14.4,3.3.0,24,Intel(R) Core(TM) Ultra 9 285K,1,1 x NVIDIA GeForce RTX 5090,9.2986,48.7383,60.81614303588867,machine,0.0,0.0,0.0,0.0,N
gradient_updates_64,2026-09-10T16:34:00,tdmpc2_Ant-v5_seed331,4d6ea987-113e-4a40-87b3-d4c6e39edf3d,12.10196884600009,0.00023862730653301245,1.971807010990321e-05,32.27780129078322,143.02680960050748,20.0,0.00010584121745068308,0.00045332952932997106,6.722984787221366e-05,0.0006264005946528678,0.0,Germany,DEU,baden-wurttemberg,,,Linux-7.0.0-31-generic-x86_64-with-glibc2.43,3.14.4,3.3.0,24,Intel(R) Core(TM) Ultra 9 285K,1,1 x NVIDIA GeForce RTX 5090,9.2986,48.7383,60.81614303588867,machine,0.0,0.0,0.0,0.0,N
rollout_65,2026-09-10T16:34:12,tdmpc2_Ant-v5_seed331,4d6ea987-113e-4a40-87b3-d4c6e39edf3d,11.947277739000128,0.00027187050045617694,2.2755865037172594e-05,32.273960656721854,143.154076863311,20.0,0.00011562888250303202,0.0005316643142199151,6.63713273777837e-05,0.0007136645241007378,0.0,Germany,DEU,baden-wurttemberg,,,Linux-7.0.0-31-generic-x86_64-with-glibc2.43,3.14.4,3.3.0,24,Intel(R) Core(TM) Ultra 9 285K,1,1 x NVIDIA GeForce RTX 5090,9.2986,48.7383,60.81614303588867,machine,0.0,0.0,0.0,0.0,N
gradient_updates_65,2026-09-10T16:34:24,tdmpc2_Ant-v5_seed331,4d6ea987-113e-4a40-87b3-d4c6e39edf3d,12.182863778001774,0.0002377158823559794,1.9512285120663847e-05,32.28998219389039,143.090711624917,20.0,0.00010105934168074329,0.0004552695308820409,6.767921867222894e-05,0.0006240080912350149,0.0,Germany,DEU,baden-wurttemberg,,,Linux-7.0.0-31-generic-x86_64-with-glibc2.43,3.14.4,3.3.0,24,Intel(R) Core(TM) Ultra 9 285K,1,1 x NVIDIA GeForce RTX 5090,9.2986,48.7383,60.81614303588867,machine,0.0,0.0,0.0,0.0,N
rollout_66,2026-09-10T16:34:36,tdmpc2_Ant-v5_seed331,4d6ea987-113e-4a40-87b3-d4c6e39edf3d,11.964095344999805,0.00026887874755630176,2.2473812376285518e-05,32.274742984883744,143.2023846242948,20.0,0.00011297852010496573,0.0005263681988720847,6.646440467777438e-05,0.0007058111236548231,0.0,Germany,DEU,baden-wurttemberg,,,Linux-7.0.0-31-generic-x86_64-with-glibc2.43,3.14.4,3.3.0,24,Intel(R) Core(TM) Ultra 9 285K,1,1 x NVIDIA GeForce RTX 5090,9.2986,48.7383,60.81614303588867,machine,0.0,0.0,0.0,0.0,N
gradient_updates_66,2026-09-10T16:34:48,tdmpc2_Ant-v5_seed331,4d6ea987-113e-4a40-87b3-d4c6e39edf3d,12.11107143299887,0.00023832020989545538,1.967789055447099e-05,32.28569054199732,143.14009358635582,20.0,0.00010544949102619244,0.0004528589733980848,6.728599651667326e-05,0.0006255944609409592,0.0,Germany,DEU,baden-wurttemberg,,,Linux-7.0.0-31-generic-x86_64-with-glibc2.43,3.14.4,3.3.0,24,Intel(R) Core(TM) Ultra 9 285K,1,1 x NVIDIA GeForce RTX 5090,9.2986,48.7383,60.81614303588867,machine,0.0,0.0,0.0,0.0,N
rollout_67,2026-09-10T16:35:00,tdmpc2_Ant-v5_seed331,4d6ea987-113e-4a40-87b3-d4c6e39edf3d,11.945438733000628,0.00026951089047552723,2.256183575215041e-05,32.28061830564163,143.25387731566266,20.0,0.00011370287068444666,0.0005274090330378289,6.635860546666712e-05,0.0007074705091889427,0.0,Germany,DEU,baden-wurttemberg,,,Linux-7.0.0-31-generic-x86_64-with-glibc2.43,3.14.4,3.3.0,24,Intel(R) Core(TM) Ultra 9 285K,1,1 x NVIDIA GeForce RTX 5090,9.2986,48.7383,60.81614303588867,machine,0.0,0.0,0.0,0.0,N
gradient_updates_67,2026-09-10T16:35:12,tdmpc2_Ant-v5_seed331,4d6ea987-113e-4a40-87b3-d4c6e39edf3d,12.08776282100007,0.00023835733240944873,1.9718910039937806e-05,32.2931514761277,143.19505676639875,20.0,0.00010520531694196283,0.0004533356404461397,6.715095076112107e-05,0.000625691908149234,0.0,Germany,DEU,baden-wurttemberg,,,Linux-7.0.0-31-generic-x86_64-with-glibc2.43,3.14.4,3.3.0,24,Intel(R) Core(TM) Ultra 9 285K,1,1 x NVIDIA GeForce RTX 5090,9.2986,48.7383,60.81614303588867,machine,0.0,0.0,0.0,0.0,N
rollout_68,2026-09-10T16:35:24,tdmpc2_Ant-v5_seed331,4d6ea987-113e-4a40-87b3-d4c6e39edf3d,11.948866675000318,0.000271575744186868,2.2728158787372634e-05,32.28834727250695,143.31418998115078,20.0,0.00011548811183486121,0.0005310223692619465,6.63803029611193e-05,0.0007128907840579235,0.0,Germany,DEU,baden-wurttemberg,,,Linux-7.0.0-31-generic-x86_64-with-glibc2.43,3.14.4,3.3.0,24,Intel(R) Core(TM) Ultra 9 285K,1,1 x NVIDIA GeForce RTX 5090,9.2986,48.7383,60.81614303588867,machine,0.0,0.0,0.0,0.0,N
gradient_updates_68,2026-09-10T16:35:38,tdmpc2_Ant-v5_seed331,4d6ea987-113e-4a40-87b3-d4c6e39edf3d,13.702834054998675,0.00024968537293552917,1.82214554517334e-05,32.301613515196884,143.19251959737764,20.0,9.958076744233033e-05,0.00047972371711191286,7.612371582777638e-05,0.0006554282003820161,0.0,Germany,DEU,baden-wurttemberg,,,Linux-7.0.0-31-generic-x86_64-with-glibc2.43,3.14.4,3.3.0,24,Intel(R) Core(TM) Ultra 9 285K,1,1 x NVIDIA GeForce RTX 5090,9.2986,48.7383,60.81614303588867,machine,0.0,0.0,0.0,0.0,N
rollout_69,2026-09-10T16:35:50,tdmpc2_Ant-v5_seed331,4d6ea987-113e-4a40-87b3-d4c6e39edf3d,11.94986043100289,0.000269292827094883,2.2535226107706113e-05,32.26349337894468,143.29949311054423,20.0,0.00011443427404734738,0.0005260779208620114,6.638589432776676e-05,0.000706898089237129,0.0,Germany,DEU,baden-wurttemberg,,,Linux-7.0.0-31-generic-x86_64-with-glibc2.43,3.14.4,3.3.0,24,Intel(R) Core(TM) Ultra 9 285K,1,1 x NVIDIA GeForce RTX 5090,9.2986,48.7383,60.81614303588867,machine,0.0,0.0,0.0,0.0,N
gradient_updates_69,2026-09-10T16:36:04,tdmpc2_Ant-v5_seed331,4d6ea987-113e-4a40-87b3-d4c6e39edf3d,14.089342046001548,0.0002554305486671543,1.812932708987417e-05,32.27540385959094,143.1668817755184,20.0,0.00010615971853881676,0.0004860787221960816,7.827094020000647e-05,0.0006705093809349083,0.0,Germany,DEU,baden-wurttemberg,,,Linux-7.0.0-31-generic-x86_64-with-glibc2.43,3.14.4,3.3.0,24,Intel(R) Core(TM) Ultra 9 285K,1,1 x NVIDIA GeForce RTX 5090,9.2986,48.7383,60.81614303588867,machine,0.0,0.0,0.0,0.0,N
rollout_70,2026-09-10T16:36:16,tdmpc2_Ant-v5_seed331,4d6ea987-113e-4a40-87b3-d4c6e39edf3d,11.980017927002336,0.0002706484489508401,2.259165307407848e-05,32.24407423572314,143.27631567560604,20.0,0.0001146838734136929,0.0005292193122639066,6.655343317221729e-05,0.0007104566188498168,0.0,Germany,DEU,baden-wurttemberg,,,Linux-7.0.0-31-generic-x86_64-with-glibc2.43,3.14.4,3.3.0,24,Intel(R) Core(TM) Ultra 9 285K,1,1 x NVIDIA GeForce RTX 5090,9.2986,48.7383,60.81614303588867,machine,0.0,0.0,0.0,0.0,N
gradient_updates_70,2026-09-10T16:36:30,tdmpc2_Ant-v5_seed331,4d6ea987-113e-4a40-87b3-d4c6e39edf3d,14.139529586998833,0.0002535289727465251,1.793052071431553e-05,32.255452677892954,143.13919140574552,20.0,0.00010286974285128592,0.0004840970539440326,7.855091615001537e-05,0.0006655177129453321,0.0,Germany,DEU,baden-wurttemberg,,,Linux-7.0.0-31-generic-x86_64-with-glibc2.43,3.14.4,3.3.0,24,Intel(R) Core(TM) Ultra 9 285K,1,1 x NVIDIA GeForce RTX 5090,9.2986,48.7383,60.81614303588867,machine,0.0,0.0,0.0,0.0,N
rollout_71,2026-09-10T16:36:42,tdmpc2_Ant-v5_seed331,4d6ea987-113e-4a40-87b3-d4c6e39edf3d,11.941318585999397,0.0002708388715638582,2.2680821187788345e-05,32.21899062304973,143.25148843332587,20.0,0.00011508041484203577,0.0005295379236299746,6.633814286111962e-05,0.0007109564813331387,0.0,Germany,DEU,baden-wurttemberg,,,Linux-7.0.0-31-generic-x86_64-with-glibc2.43,3.14.4,3.3.0,24,Intel(R) Core(TM) Ultra 9 285K,1,1 x NVIDIA GeForce RTX 5090,9.2986,48.7383,60.81614303588867,machine,0.0,0.0,0.0,0.0,N
gradient_updates_71,2026-09-10T16:36:56,tdmpc2_Ant-v5_seed331,4d6ea987-113e-4a40-87b3-d4c6e39edf3d,14.080218000999594,0.00025587148519775477,1.8172419116296252e-05,32.232390929295754,143.12362403620145,20.0,0.0001071924651983476,0.0004862534445579936,7.822093680555885e-05,0.0006716668465618914,0.0,Germany,DEU,baden-wurttemberg,,,Linux-7.0.0-31-generic-x86_64-with-glibc2.43,3.14.4,3.3.0,24,Intel(R) Core(TM) Ultra 9 285K,1,1 x NVIDIA GeForce RTX 5090,9.2986,48.7383,60.81614303588867,machine,0.0,0.0,0.0,0.0,N
rollout_72,2026-09-10T16:37:08,tdmpc2_Ant-v5_seed331,4d6ea987-113e-4a40-87b3-d4c6e39edf3d,11.952708632001304,0.0002689214559691219,2.249880208784691e-05,32.20392186345201,143.22451919868269,20.0,0.00011442399987245805,0.0005250976423000209,6.640159176666931e-05,0.0007059232339391569,0.0,Germany,DEU,baden-wurttemberg,,,Linux-7.0.0-31-generic-x86_64-with-glibc2.43,3.14.4,3.3.0,24,Intel(R) Core(TM) Ultra 9 285K,1,1 x NVIDIA GeForce RTX 5090,9.2986,48.7383,60.81614303588867,machine,0.0,0.0,0.0,0.0,N
gradient_updates_72,2026-09-10T16:37:22,tdmpc2_Ant-v5_seed331,4d6ea987-113e-4a40-87b3-d4c6e39edf3d,14.086192767001194,0.0002562076408669234,1.8188582088890207e-05,32.21592261345563,143.09785457167825,20.0,0.0001082421493714264,0.0004860537221760275,7.825338916110126e-05,0.0006725492607085604,0.0,Germany,DEU,baden-wurttemberg,,,Linux-7.0.0-31-generic-x86_64-with-glibc2.43,3.14.4,3.3.0,24,Intel(R) Core(TM) Ultra 9 285K,1,1 x NVIDIA GeForce RTX 5090,9.2986,48.7383,60.81614303588867,machine,0.0,0.0,0.0,0.0,N
rollout_73,2026-09-10T16:37:34,tdmpc2_Ant-v5_seed331,4d6ea987-113e-4a40-87b3-d4c6e39edf3d,11.964488327001163,0.00026930182221483745,2.2508440500659676e-05,32.189072410128084,143.2033106901255,20.0,0.00011196688124009979,0.000528487922790033,6.646689754444268e-05,0.0007069217015745755,0.0,Germany,DEU,baden-wurttemberg,,,Linux-7.0.0-31-generic-x86_64-with-glibc2.43,3.14.4,3.3.0,24,Intel(R) Core(TM) Ultra 9 285K,1,1 x NVIDIA GeForce RTX 5090,9.2986,48.7383,60.81614303588867,machine,0.0,0.0,0.0,0.0,N
gradient_updates_73,2026-09-10T16:37:48,tdmpc2_Ant-v5_seed331,4d6ea987-113e-4a40-87b3-d4c6e39edf3d,14.119321368998499,0.00025575000791659697,1.8113456233239766e-05,32.19621872095907,143.07448819487954,20.0,0.00010807682923917247,0.00048483372120000645,7.843741626667108e-05,0.000671347966705857,0.0,Germany,DEU,baden-wurttemberg,,,Linux-7.0.0-31-generic-x86_64-with-glibc2.43,3.14.4,3.3.0,24,Intel(R) Core(TM) Ultra 9 285K,1,1 x NVIDIA GeForce RTX 5090,9.2986,48.7383,60.81614303588867,machine,0.0,0.0,0.0,0.0,N
rollout_74,2026-09-10T16:38:00,tdmpc2_Ant-v5_seed331,4d6ea987-113e-4a40-87b3-d4c6e39edf3d,11.951993504000711,0.0002698284860217087,2.257603306969045e-05,32.16940051346504,143.18057251740865,20.0,0.00011302909458986779,0.0005288776453239441,6.639746279443921e-05,0.0007083042027082459,0.0,Germany,DEU,baden-wurttemberg,,,Linux-7.0.0-31-generic-x86_64-with-glibc2.43,3.14.4,3.3.0,24,Intel(R) Core(TM) Ultra 9 285K,1,1 x NVIDIA GeForce RTX 5090,9.2986,48.7383,60.81614303588867,machine,0.0,0.0,0.0,0.0,N
gradient_updates_74,2026-09-10T16:38:14,tdmpc2_Ant-v5_seed331,4d6ea987-113e-4a40-87b3-d4c6e39edf3d,14.112061971998628,0.0002550881773178554,1.8075910529407147e-05,32.178604400848776,143.05320865415328,20.0,0.00010684626103249495,0.0004843670541601064,7.839733533334531e-05,0.0006696106505259397,0.0,Germany,DEU,baden-wurttemberg,,,Linux-7.0.0-31-generic-x86_64-with-glibc2.43,3.14.4,3.3.0,24,Intel(R) Core(TM) Ultra 9 285K,1,1 x NVIDIA GeForce RTX 5090,9.2986,48.7383,60.81614303588867,machine,0.0,0.0,0.0,0.0,N
rollout_75,2026-09-10T16:38:26,tdmpc2_Ant-v5_seed331,4d6ea987-113e-4a40-87b3-d4c6e39edf3d,11.938674352000817,0.00026855708766115177,2.2494720265899984e-05,32.15063330011508,143.15117338765378,20.0,0.00011389314722555499,0.0005247498642438897,6.632374968333632e-05,0.000704966761152781,0.0,Germany,DEU,baden-wurttemberg,,,Linux-7.0.0-31-generic-x86_64-with-glibc2.43,3.14.4,3.3.0,24,Intel(R) Core(TM) Ultra 9 285K,1,1 x NVIDIA GeForce RTX 5090,9.2986,48.7383,60.81614303588867,machine,0.0,0.0,0.0,0.0,N
gradient_updates_75,2026-09-10T16:38:40,tdmpc2_Ant-v5_seed331,4d6ea987-113e-4a40-87b3-d4c6e39edf3d,14.099987683999643,0.0002540506088703348,1.801779742901369e-05,32.161542027527126,143.02335854814405,20.0,0.00010599343201690009,0.00048256344160602094,7.833014270555543e-05,0.0006668870163284851,0.0,Germany,DEU,baden-wurttemberg,,,Linux-7.0.0-31-generic-x86_64-with-glibc2.43,3.14.4,3.3.0,24,Intel(R) Core(TM) Ultra 9 285K,1,1 x NVIDIA GeForce RTX 5090,9.2986,48.7383,60.81614303588867,machine,0.0,0.0,0.0,0.0,N
rollout_76,2026-09-10T16:38:52,tdmpc2_Ant-v5_seed331,4d6ea987-113e-4a40-87b3-d4c6e39edf3d,11.940200112003367,0.000268385552716556,2.2477480849970307e-05,32.13257390419498,143.12317504666456,20.0,0.0001118612567111571,0.0005263240321700113,6.633119022778078e-05,0.0007045164791089492,0.0,Germany,DEU,baden-wurttemberg,,,Linux-7.0.0-31-generic-x86_64-with-glibc2.43,3.14.4,3.3.0,24,Intel(R) Core(TM) Ultra 9 285K,1,1 x NVIDIA GeForce RTX 5090,9.2986,48.7383,60.81614303588867,machine,0.0,0.0,0.0,0.0,N
gradient_updates_76,2026-09-10T16:39:06,tdmpc2_Ant-v5_seed331,4d6ea987-113e-4a40-87b3-d4c6e39edf3d,14.31578289800018,0.0002513597725950015,1.7558236753905963e-05,32.13855721840213,142.98861693821985,20.0,9.577216356211615e-05,0.0004845312209579289,7.95201424388832e-05,0.0006598235269589248,0.0,Germany,DEU,baden-wurttemberg,,,Linux-7.0.0-31-generic-x86_64-with-glibc2.43,3.14.4,3.3.0,24,Intel(R) Core(TM) Ultra 9 285K,1,1 x NVIDIA GeForce RTX 5090,9.2986,48.7383,60.81614303588867,machine,0.0,0.0,0.0,0.0,N
rollout_77,2026-09-10T16:39:18,tdmpc2_Ant-v5_seed331,4d6ea987-113e-4a40-87b3-d4c6e39edf3d,11.956820859002619,0.000268762237824155,2.2477741985143613e-05,32.09346719010667,143.08103860806196,20.0,0.00011542217705988803,0.0005236640300421147,6.641907659444245e-05,0.0007055052836964365,0.0,Germany,DEU,baden-wurttemberg,,,Linux-7.0.0-31-generic-x86_64-with-glibc2.43,3.14.4,3.3.0,24,Intel(R) Core(TM) Ultra 9 285K,1,1 x NVIDIA GeForce RTX 5090,9.2986,48.7383,60.81614303588867,machine,0.0,0.0,0.0,0.0,N
gradient_updates_77,2026-09-10T16:39:33,tdmpc2_Ant-v5_seed331,4d6ea987-113e-4a40-87b3-d4c6e39edf3d,14.12417276600172,0.00025699826662258646,1.8195601795525492e-05,32.10700410093108,142.9649113400644,20.0,0.00010771055144615307,0.0004884492796478623,7.84648351944469e-05,0.0006746246662884536,0.0,Germany,DEU,baden-wurttemberg,,,Linux-7.0.0-31-generic-x86_64-with-glibc2.43,3.14.4,3.3.0,24,Intel(R) Core(TM) Ultra 9 285K,1,1 x NVIDIA GeForce RTX 5090,9.2986,48.7383,60.81614303588867,machine,0.0,0.0,0.0,0.0,N
rollout_78,2026-09-10T16:39:44,tdmpc2_Ant-v5_seed331,4d6ea987-113e-4a40-87b3-d4c6e39edf3d,11.967029071998695,0.00026800589541531306,2.2395373301695957e-05,32.081562431518265,143.0548865478622,20.0,0.00011366201092953554,0.000523377085368204,6.648077616666463e-05,0.000703519872464406,0.0,Germany,DEU,baden-wurttemberg,,,Linux-7.0.0-31-generic-x86_64-with-glibc2.43,3.14.4,3.3.0,24,Intel(R) Core(TM) Ultra 9 285K,1,1 x NVIDIA GeForce RTX 5090,9.2986,48.7383,60.81614303588867,machine,0.0,0.0,0.0,0.0,N
gradient_updates_78,2026-09-10T16:39:59,tdmpc2_Ant-v5_seed331,4d6ea987-113e-4a40-87b3-d4c6e39edf3d,14.113111087997822,0.00025518234429059566,1.8081241027948805e-05,32.09172671799114,142.934560319415,20.0,0.00010706897121066233,0.000484385665285858,7.840320387778044e-05,0.0006698578403743077,0.0,Germany,DEU,baden-wurttemberg,,,Linux-7.0.0-31-generic-x86_64-with-glibc2.43,3.14.4,3.3.0,24,Intel(R) Core(TM) Ultra 9 285K,1,1 x NVIDIA GeForce RTX 5090,9.2986,48.7383,60.81614303588867,machine,0.0,0.0,0.0,0.0,N
rollout_79,2026-09-10T16:40:11,tdmpc2_Ant-v5_seed331,4d6ea987-113e-4a40-87b3-d4c6e39edf3d,11.963072823000402,0.0002700870882466344,2.257675047324014e-05,32.0661678477823,143.0309436682498,20.0,0.00011541564983244545,0.0005271156994700599,6.645168848889473e-05,0.0007089830377914053,0.0,Germany,DEU,baden-wurttemberg,,,Linux-7.0.0-31-generic-x86_64-with-glibc2.43,3.14.4,3.3.0,24,Intel(R) Core(TM) Ultra 9 285K,1,1 x NVIDIA GeForce RTX 5090,9.2986,48.7383,60.81614303588867,machine,0.0,0.0,0.0,0.0,N
gradient_updates_79,2026-09-10T16:40:25,tdmpc2_Ant-v5_seed331,4d6ea987-113e-4a40-87b3-d4c6e39edf3d,14.117704152999067,0.0002544395920071607,1.802273558218546e-05,32.079395634800385,142.908470744938,20.0,0.0001073562258849109,0.00048212344125397877,7.842843630555263e-05,0.0006679081034444423,0.0,Germany,DEU,baden-wurttemberg,,,Linux-7.0.0-31-generic-x86_64-with-glibc2.43,3.14.4,3.3.0,24,Intel(R) Core(TM) Ultra 9 285K,1,1 x NVIDIA GeForce RTX 5090,9.2986,48.7383,60.81614303588867,machine,0.0,0.0,0.0,0.0,N
rollout_80,2026-09-10T16:40:37,tdmpc2_Ant-v5_seed331,4d6ea987-113e-4a40-87b3-d4c6e39edf3d,11.986042794000241,0.0002696534395528194,2.2497284933158626e-05,32.05447888073723,143.00036931194674,20.0,0.0001149756547582266,0.0005262818099139865,6.658723818333406e-05,0.0007078447028555507,0.0,Germany,DEU,baden-wurttemberg,,,Linux-7.0.0-31-generic-x86_64-with-glibc2.43,3.14.4,3.3.0,24,Intel(R) Core(TM) Ultra 9 285K,1,1 x NVIDIA GeForce RTX 5090,9.2986,48.7383,60.81614303588867,machine,0.0,0.0,0.0,0.0,N
gradient_updates_80,2026-09-10T16:40:51,tdmpc2_Ant-v5_seed331,4d6ea987-113e-4a40-87b3-d4c6e39edf3d,14.121504943999753,0.0002547074595207685,1.8036856147302448e-05,32.06655363036101,142.87955734973602,20.0,0.00010790835577106223,0.00048225344135799375,7.844946293332836e-05,0.0006686112600623878,0.0,Germany,DEU,baden-wurttemberg,,,Linux-7.0.0-31-generic-x86_64-with-glibc2.43,3.14.4,3.3.0,24,Intel(R) Core(TM) Ultra 9 285K,1,1 x NVIDIA GeForce RTX 5090,9.2986,48.7383,60.81614303588867,machine,0.0,0.0,0.0,0.0,N
rollout_81,2026-09-10T16:41:03,tdmpc2_Ant-v5_seed331,4d6ea987-113e-4a40-87b3-d4c6e39edf3d,11.95798120299878,0.000268440038535038,2.2448616233703777e-05,32.042716200109275,142.96810994929925,20.0,0.00011451901105958076,0.0005237090300779235,6.643146413888579e-05,0.0007046595052763865,0.0,Germany,DEU,baden-wurttemberg,,,Linux-7.0.0-31-generic-x86_64-with-glibc2.43,3.14.4,3.3.0,24,Intel(R) Core(TM) Ultra 9 285K,1,1 x NVIDIA GeForce RTX 5090,9.2986,48.7383,60.81614303588867,machine,0.0,0.0,0.0,0.0,N
gradient_updates_81,2026-09-10T16:41:17,tdmpc2_Ant-v5_seed331,4d6ea987-113e-4a40-87b3-d4c6e39edf3d,14.206135295997228,0.0002527164968327278,1.7789231682496283e-05,32.053595742727936,142.8469927110099,20.0,0.00010053459264983133,0.0004839209426920066,7.892941500000847e-05,0.0006633849503418499,0.0,Germany,DEU,baden-wurttemberg,,,Linux-7.0.0-31-generic-x86_64-with-glibc2.43,3.14.4,3.3.0,24,Intel(R) Core(TM) Ultra 9 285K,1,1 x NVIDIA GeForce RTX 5090,9.2986,48.7383,60.81614303588867,machine,0.0,0.0,0.0,0.0,N
rollout_82,2026-09-10T16:41:29,tdmpc2_Ant-v5_seed331,4d6ea987-113e-4a40-87b3-d4c6e39edf3d,11.961262546999933,0.00026991572715176493,2.2565830653896132e-05,32.01918036110042,142.94002300106126,20.0,0.00011524270024964103,0.0005268415325840881,6.644897927223295e-05,0.0007085332121059551,0.0,Germany,DEU,baden-wurttemberg,,,Linux-7.0.0-31-generic-x86_64-with-glibc2.43,3.14.4,3.3.0,24,Intel(R) Core(TM) Ultra 9 285K,1,1 x NVIDIA GeForce RTX 5090,9.2986,48.7383,60.81614303588867,machine,0.0,0.0,0.0,0.0,N
gradient_updates_82,2026-09-10T16:41:43,tdmpc2_Ant-v5_seed331,4d6ea987-113e-4a40-87b3-d4c6e39edf3d,14.113407056000142,0.0002540469133693671,1.8000410591298215e-05,32.03204449848145,142.8199040465721,20.0,0.00010816465180943022,0.00048030816202393467,7.840450174444354e-05,0.0006668773155778102,0.0,Germany,DEU,baden-wurttemberg,,,Linux-7.0.0-31-generic-x86_64-with-glibc2.43,3.14.4,3.3.0,24,Intel(R) Core(TM) Ultra 9 285K,1,1 x NVIDIA GeForce RTX 5090,9.2986,48.7383,60.81614303588867,machine,0.0,0.0,0.0,0.0,N
rollout_83,2026-09-10T16:41:55,tdmpc2_Ant-v5_seed331,4d6ea987-113e-4a40-87b3-d4c6e39edf3d,11.938835343000392,0.0002675888436490456,2.2413305045756376e-05,32.00941181831339,142.90466804739114,20.0,0.00011440596041358692,0.0005216945840220699,6.632456029999692e-05,0.0007024251047356433,0.0,Germany,DEU,baden-wurttemberg,,,Linux-7.0.0-31-generic-x86_64-with-glibc2.43,3.14.4,3.3.0,24,Intel(R) Core(TM) Ultra 9 285K,1,1 x NVIDIA GeForce RTX 5090,9.2986,48.7383,60.81614303588867,machine,0.0,0.0,0.0,0.0,N
gradient_updates_83,2026-09-10T16:42:09,tdmpc2_Ant-v5_seed331,4d6ea987-113e-4a40-87b3-d4c6e39edf3d,14.117213051998988,0.00025581213930218893,1.8120591578342217e-05,32.02116259010172,142.7928336965101,20.0,0.00010814115345729805,0.00048494427684397934,7.842563231111495e-05,0.0006715110626123871,0.0,Germany,DEU,baden-wurttemberg,,,Linux-7.0.0-31-generic-x86_64-with-glibc2.43,3.14.4,3.3.0,24,Intel(R) Core(TM) Ultra 9 285K,1,1 x NVIDIA GeForce RTX 5090,9.2986,48.7383,60.81614303588867,machine,0.0,0.0,0.0,0.0,N
rollout_84,2026-09-10T16:42:21,tdmpc2_Ant-v5_seed331,4d6ea987-113e-4a40-87b3-d4c6e39edf3d,11.943764383999223,0.0002685515260279006,2.2484663944898504e-05,31.999093117816027,142.87695148534164,20.0,0.00011658998104968968,0.0005220104176079099,6.635176311665415e-05,0.0007049521617742555,0.0,Germany,DEU,baden-wurttemberg,,,Linux-7.0.0-31-generic-x86_64-with-glibc2.43,3.14.4,3.3.0,24,Intel(R) Core(TM) Ultra 9 285K,1,1 x NVIDIA GeForce RTX 5090,9.2986,48.7383,60.81614303588867,machine,0.0,0.0,0.0,0.0,N
gradient_updates_84,2026-09-10T16:42:35,tdmpc2_Ant-v5_seed331,4d6ea987-113e-4a40-87b3-d4c6e39edf3d,14.092622330001177,0.0002543300784479882,1.8047052611164728e-05,32.01412653717609,142.7639310321328,20.0,0.00010698299669743838,0.0004823428858741208,7.829474598333372e-05,0.0006676206285548963,0.0,Germany,DEU,baden-wurttemberg,,,Linux-7.0.0-31-generic-x86_64-with-glibc2.43,3.14.4,3.3.0,24,Intel(R) Core(TM) Ultra 9 285K,1,1 x NVIDIA GeForce RTX 5090,9.2986,48.7383,60.81614303588867,machine,0.0,0.0,0.0,0.0,N
rollout_85,2026-09-10T16:42:47,tdmpc2_Ant-v5_seed331,4d6ea987-113e-4a40-87b3-d4c6e39edf3d,11.93657507700118,0.0002684478107156177,2.2489525539793057e-05,31.99096722368594,142.84842024350303,20.0,0.00011599999252214291,0.0005223687512280195,6.631116362776877e-05,0.0007046799073779225,0.0,Germany,DEU,baden-wurttemberg,,,Linux-7.0.0-31-generic-x86_64-with-glibc2.43,3.14.4,3.3.0,24,Intel(R) Core(TM) Ultra 9 285K,1,1 x NVIDIA GeForce RTX 5090,9.2986,48.7383,60.81614303588867,machine,0.0,0.0,0.0,0.0,N
gradient_updates_85,2026-09-10T16:43:01,tdmpc2_Ant-v5_seed331,4d6ea987-113e-4a40-87b3-d4c6e39edf3d,14.101544673998433,0.00025495032100978504,1.8079580066236036e-05,32.00495481691427,142.74003360918024,20.0,0.00010609980237977212,0.00048481038784797814,7.833858522778188e-05,0.0006692487754555304,0.0,Germany,DEU,baden-wurttemberg,,,Linux-7.0.0-31-generic-x86_64-with-glibc2.43,3.14.4,3.3.0,24,Intel(R) Core(TM) Ultra 9 285K,1,1 x NVIDIA GeForce RTX 5090,9.2986,48.7383,60.81614303588867,machine,0.0,0.0,0.0,0.0,N
rollout_86,2026-09-10T16:43:13,tdmpc2_Ant-v5_seed331,4d6ea987-113e-4a40-87b3-d4c6e39edf3d,11.960364841997944,0.0002676658560350001,2.23794188232873e-05,31.980440461042992,142.82286607473142,20.0,0.00011325404254760446,0.00052292847389801,6.644474706665564e-05,0.0007026272635122649,0.0,Germany,DEU,baden-wurttemberg,,,Linux-7.0.0-31-generic-x86_64-with-glibc2.43,3.14.4,3.3.0,24,Intel(R) Core(TM) Ultra 9 285K,1,1 x NVIDIA GeForce RTX 5090,9.2986,48.7383,60.81614303588867,machine,0.0,0.0,0.0,0.0,N
gradient_updates_86,2026-09-10T16:43:27,tdmpc2_Ant-v5_seed331,4d6ea987-113e-4a40-87b3-d4c6e39edf3d,14.120474347000709,0.0002541440948975737,1.7998281457071882e-05,31.989718524895217,142.71017737106516,20.0,0.00010718003796618761,0.00048150844076200183,7.844393995555012e-05,0.0006671324186837413,0.0,Germany,DEU,baden-wurttemberg,,,Linux-7.0.0-31-generic-x86_64-with-glibc2.43,3.14.4,3.3.0,24,Intel(R) Core(TM) Ultra 9 285K,1,1 x NVIDIA GeForce RTX 5090,9.2986,48.7383,60.81614303588867,machine,0.0,0.0,0.0,0.0,N
rollout_87,2026-09-10T16:43:39,tdmpc2_Ant-v5_seed331,4d6ea987-113e-4a40-87b3-d4c6e39edf3d,11.981754339001782,0.00026808016745529656,2.2374035771701166e-05,31.966695045469606,142.7930899371089,20.0,0.00011279500829149136,0.0005243570861519498,6.656274334444767e-05,0.0007037148377878888,0.0,Germany,DEU,baden-wurttemberg,,,Linux-7.0.0-31-generic-x86_64-with-glibc2.43,3.14.4,3.3.0,24,Intel(R) Core(TM) Ultra 9 285K,1,1 x NVIDIA GeForce RTX 5090,9.2986,48.7383,60.81614303588867,machine,0.0,0.0,0.0,0.0,N
gradient_updates_87,2026-09-10T16:43:53,tdmpc2_Ant-v5_seed331,4d6ea987-113e-4a40-87b3-d4c6e39edf3d,14.14797135399931,0.00025393078078392306,1.7948221839743005e-05,31.974681738366943,142.68280225294967,20.0,0.0001048830686286098,0.0004830995531459603,7.858984386111857e-05,0.0006665724656357008,0.0,Germany,DEU,baden-wurttemberg,,,Linux-7.0.0-31-generic-x86_64-with-glibc2.43,3.14.4,3.3.0,24,Intel(R) Core(TM) Ultra 9 285K,1,1 x NVIDIA GeForce RTX 5090,9.2986,48.7383,60.81614303588867,machine,0.0,0.0,0.0,0.0,N
rollout_88,2026-09-10T16:44:05,tdmpc2_Ant-v5_seed331,4d6ea987-113e-4a40-87b3-d4c6e39edf3d,11.946359026998834,0.0002686211737517735,2.2485617473904082e-05,31.949252926100808,142.76493761775023,20.0,0.00011596406666006948,0.0005228043071320299,6.636661439998574e-05,0.0007051349881920799,0.0,Germany,DEU,baden-wurttemberg,,,Linux-7.0.0-31-generic-x86_64-with-glibc2.43,3.14.4,3.3.0,24,Intel(R) Core(TM) Ultra 9 285K,1,1 x NVIDIA GeForce RTX 5090,9.2986,48.7383,60.81614303588867,machine,0.0,0.0,0.0,0.0,N
gradient_updates_88,2026-09-10T16:44:19,tdmpc2_Ant-v5_seed331,4d6ea987-113e-4a40-87b3-d4c6e39edf3d,13.25653340899953,0.0002457925498109831,1.8541256359644905e-05,31.96276810715017,142.68219383370473,20.0,0.00010132448800397043,0.0004702409317479672,7.364405606111006e-05,0.0006452094758130494,0.0,Germany,DEU,baden-wurttemberg,,,Linux-7.0.0-31-generic-x86_64-with-glibc2.43,3.14.4,3.3.0,24,Intel(R) Core(TM) Ultra 9 285K,1,1 x NVIDIA GeForce RTX 5090,9.2986,48.7383,60.81614303588867,machine,0.0,0.0,0.0,0.0,N
rollout_89,2026-09-10T16:44:31,tdmpc2_Ant-v5_seed331,4d6ea987-113e-4a40-87b3-d4c6e39edf3d,11.947765171000356,0.0002684239751954004,2.246645869791049e-05,31.94184247493359,142.76232918078236,20.0,0.0001160733703586235,0.0005221723621821051,6.637160620555534e-05,0.0007046173387462856,0.0,Germany,DEU,baden-wurttemberg,,,Linux-7.0.0-31-generic-x86_64-with-glibc2.43,3.14.4,3.3.0,24,Intel(R) Core(TM) Ultra 9 285K,1,1 x NVIDIA GeForce RTX 5090,9.2986,48.7383,60.81614303588867,machine,0.0,0.0,0.0,0.0,N
gradient_updates_89,2026-09-10T16:44:43,tdmpc2_Ant-v5_seed331,4d6ea987-113e-4a40-87b3-d4c6e39edf3d,12.272359405000316,0.00023522729067105425,1.916721879712643e-05,31.95549213211215,142.708511173223,20.0,9.640133323211494e-05,0.00045289786231794693,6.817630168332207e-05,0.0006174754972333718,0.0,Germany,DEU,baden-wurttemberg,,,Linux-7.0.0-31-generic-x86_64-with-glibc2.43,3.14.4,3.3.0,24,Intel(R) Core(TM) Ultra 9 285K,1,1 x NVIDIA GeForce RTX 5090,9.2986,48.7383,60.81614303588867,machine,0.0,0.0,0.0,0.0,N
rollout_90,2026-09-10T16:44:55,tdmpc2_Ant-v5_seed331,4d6ea987-113e-4a40-87b3-d4c6e39edf3d,11.982695106002211,0.0002693216742788232,2.2475892304646496e-05,31.93839895074849,142.79058322650386,20.0,0.00011486862328371344,0.0005255365315400828,6.656865874443176e-05,0.0007069738135682402,0.0,Germany,DEU,baden-wurttemberg,,,Linux-7.0.0-31-generic-x86_64-with-glibc2.43,3.14.4,3.3.0,24,Intel(R) Core(TM) Ultra 9 285K,1,1 x NVIDIA GeForce RTX 5090,9.2986,48.7383,60.81614303588867,machine,0.0,0.0,0.0,0.0,N
gradient_updates_90,2026-09-10T16:45:07,tdmpc2_Ant-v5_seed331,4d6ea987-113e-4a40-87b3-d4c6e39edf3d,12.155922866000765,0.00023836931379745546,1.9609325227930366e-05,31.950970201939384,142.74218121755246,20.0,0.00010652508105333039,0.0004516773057859913,6.752097265000194e-05,0.0006257233594893219,0.0,Germany,DEU,baden-wurttemberg,,,Linux-7.0.0-31-generic-x86_64-with-glibc2.43,3.14.4,3.3.0,24,Intel(R) Core(TM) Ultra 9 285K,1,1 x NVIDIA GeForce RTX 5090,9.2986,48.7383,60.81614303588867,machine,0.0,0.0,0.0,0.0,N
rollout_91,2026-09-10T16:45:19,tdmpc2_Ant-v5_seed331,4d6ea987-113e-4a40-87b3-d4c6e39edf3d,11.975098131999403,0.00026962330369341425,2.2515341122905206e-05,31.950440374836393,142.8211822560145,20.0,0.00011729249466725308,0.0005239470858240391,6.652601523890293e-05,0.0007077655957301865,0.0,Germany,DEU,baden-wurttemberg,,,Linux-7.0.0-31-generic-x86_64-with-glibc2.43,3.14.4,3.3.0,24,Intel(R) Core(TM) Ultra 9 285K,1,1 x NVIDIA GeForce RTX 5090,9.2986,48.7383,60.81614303588867,machine,0.0,0.0,0.0,0.0,N
gradient_updates_91,2026-09-10T16:45:31,tdmpc2_Ant-v5_seed331,4d6ea987-113e-4a40-87b3-d4c6e39edf3d,12.159622745999513,0.00023846634926805166,1.9611336835447666e-05,31.966513088738523,142.77292468614124,20.0,0.00010668409423609387,0.000451743416949979,6.755056800555187e-05,0.0006259780791916247,0.0,Germany,DEU,baden-wurttemberg,,,Linux-7.0.0-31-generic-x86_64-with-glibc2.43,3.14.4,3.3.0,24,Intel(R) Core(TM) Ultra 9 285K,1,1 x NVIDIA GeForce RTX 5090,9.2986,48.7383,60.81614303588867,machine,0.0,0.0,0.0,0.0,N
rollout_92,2026-09-10T16:45:43,tdmpc2_Ant-v5_seed331,4d6ea987-113e-4a40-87b3-d4c6e39edf3d,11.952556486001413,0.0002698824434219302,2.2579487731824832e-05,31.96616760200165,142.85317521591475,20.0,0.00011767482830645631,0.0005243704194959342,6.640059396666176e-05,0.0007084458417690731,0.0,Germany,DEU,baden-wurttemberg,,,Linux-7.0.0-31-generic-x86_64-with-glibc2.43,3.14.4,3.3.0,24,Intel(R) Core(TM) Ultra 9 285K,1,1 x NVIDIA GeForce RTX 5090,9.2986,48.7383,60.81614303588867,machine,0.0,0.0,0.0,0.0,N
gradient_updates_92,2026-09-10T16:45:55,tdmpc2_Ant-v5_seed331,4d6ea987-113e-4a40-87b3-d4c6e39edf3d,12.156855582001299,0.00023723595663715374,1.9514586812318538e-05,31.98283823230459,142.80080272177514,20.0,0.00010639117705731754,0.00044881674794194915,6.754035334999818e-05,0.0006227482783492666,0.0,Germany,DEU,baden-wurttemberg,,,Linux-7.0.0-31-generic-x86_64-with-glibc2.43,3.14.4,3.3.0,24,Intel(R) Core(TM) Ultra 9 285K,1,1 x NVIDIA GeForce RTX 5090,9.2986,48.7383,60.81614303588867,machine,0.0,0.0,0.0,0.0,N
rollout_93,2026-09-10T16:46:07,tdmpc2_Ant-v5_seed331,4d6ea987-113e-4a40-87b3-d4c6e39edf3d,11.945377011998062,0.00027010865377122273,2.2611986222656703e-05,31.981521361619382,142.88760522576533,20.0,0.00011383412967834114,0.0005288434786300256,6.636203933889535e-05,0.0007090396476472638,0.0,Germany,DEU,baden-wurttemberg,,,Linux-7.0.0-31-generic-x86_64-with-glibc2.43,3.14.4,3.3.0,24,Intel(R) Core(TM) Ultra 9 285K,1,1 x NVIDIA GeForce RTX 5090,9.2986,48.7383,60.81614303588867,machine,0.0,0.0,0.0,0.0,N
gradient_updates_93,2026-09-10T16:46:19,tdmpc2_Ant-v5_seed331,4d6ea987-113e-4a40-87b3-d4c6e39edf3d,12.15737077599988,0.0002375004776090442,1.9535478208926348e-05,31.99259434364851,142.83514212371827,20.0,0.00010740179869915198,0.00044850313658006957,6.75377149611054e-05,0.0006234426502403079,0.0,Germany,DEU,baden-wurttemberg,,,Linux-7.0.0-31-generic-x86_64-with-glibc2.43,3.14.4,3.3.0,24,Intel(R) Core(TM) Ultra 9 285K,1,1 x NVIDIA GeForce RTX 5090,9.2986,48.7383,60.81614303588867,machine,0.0,0.0,0.0,0.0,N
rollout_94,2026-09-10T16:46:31,tdmpc2_Ant-v5_seed331,4d6ea987-113e-4a40-87b3-d4c6e39edf3d,11.959235533999163,0.00027080580490550926,2.264408323436024e-05,31.99297410831036,142.91878653719675,20.0,0.0001163216641683687,0.0005281112558218615,6.643676082223639e-05,0.0007108696808124648,0.0,Germany,DEU,baden-wurttemberg,,,Linux-7.0.0-31-generic-x86_64-with-glibc2.43,3.14.4,3.3.0,24,Intel(R) Core(TM) Ultra 9 285K,1,1 x NVIDIA GeForce RTX 5090,9.2986,48.7383,60.81614303588867,machine,0.0,0.0,0.0,0.0,N
gradient_updates_94,2026-09-10T16:46:43,tdmpc2_Ant-v5_seed331,4d6ea987-113e-4a40-87b3-d4c6e39edf3d,12.168606029998045,0.00023873200054811555,1.9618689188813584e-05,32.00725092856881,142.87082884517227,20.0,0.00010750732128356547,0.0004515750834821475,6.759301339445516e-05,0.0006266754181601664,0.0,Germany,DEU,baden-wurttemberg,,,Linux-7.0.0-31-generic-x86_64-with-glibc2.43,3.14.4,3.3.0,24,Intel(R) Core(TM) Ultra 9 285K,1,1 x NVIDIA GeForce RTX 5090,9.2986,48.7383,60.81614303588867,machine,0.0,0.0,0.0,0.0,N
rollout_95,2026-09-10T16:46:55,tdmpc2_Ant-v5_seed331,4d6ea987-113e-4a40-87b3-d4c6e39edf3d,11.96209592300147,0.00026838643580647664,2.243641424551209e-05,32.00714738915907,142.9483105152373,20.0,0.00011313907634452267,0.0005249254199399811,6.64543009499946e-05,0.000704518797234488,0.0,Germany,DEU,baden-wurttemberg,,,Linux-7.0.0-31-generic-x86_64-with-glibc2.43,3.14.4,3.3.0,24,Intel(R) Core(TM) Ultra 9 285K,1,1 x NVIDIA GeForce RTX 5090,9.2986,48.7383,60.81614303588867,machine,0.0,0.0,0.0,0.0,N
gradient_updates_95,2026-09-10T16:47:09,tdmpc2_Ant-v5_seed331,4d6ea987-113e-4a40-87b3-d4c6e39edf3d,13.165614905003167,0.00024738498424902583,1.8790247177071804e-05,32.015692259362076,142.87503494186933,20.0,0.00010601353953298281,0.000470237042855981,7.313905994999273e-05,0.00064938964233896,0.0,Germany,DEU,baden-wurttemberg,,,Linux-7.0.0-31-generic-x86_64-with-glibc2.43,3.14.4,3.3.0,24,Intel(R) Core(TM) Ultra 9 285K,1,1 x NVIDIA GeForce RTX 5090,9.2986,48.7383,60.81614303588867,machine,0.0,0.0,0.0,0.0,N
rollout_96,2026-09-10T16:47:21,tdmpc2_Ant-v5_seed331,4d6ea987-113e-4a40-87b3-d4c6e39edf3d,11.952097702000174,0.00026836362706747496,2.2453276666102348e-05,32.002607076580354,142.95055481227377,20.0,0.00011433339646664542,0.0005237273634259854,6.639816402779011e-05,0.0007044589239204035,0.0,Germany,DEU,baden-wurttemberg,,,Linux-7.0.0-31-generic-x86_64-with-glibc2.43,3.14.4,3.3.0,24,Intel(R) Core(TM) Ultra 9 285K,1,1 x NVIDIA GeForce RTX 5090,9.2986,48.7383,60.81614303588867,machine,0.0,0.0,0.0,0.0,N
gradient_updates_96,2026-09-10T16:47:35,tdmpc2_Ant-v5_seed331,4d6ea987-113e-4a40-87b3-d4c6e39edf3d,14.148244564999914,0.0002571268873095972,1.817377823013596e-05,32.01258573202979,142.8554073830181,20.0,0.00010861487022515923,0.00048774927908801224,7.859814838888715e-05,0.0006749622977020586,0.0,Germany,DEU,baden-wurttemberg,,,Linux-7.0.0-31-generic-x86_64-with-glibc2.43,3.14.4,3.3.0,24,Intel(R) Core(TM) Ultra 9 285K,1,1 x NVIDIA GeForce RTX 5090,9.2986,48.7383,60.81614303588867,machine,0.0,0.0,0.0,0.0,N
rollout_97,2026-09-10T16:47:47,tdmpc2_Ant-v5_seed331,4d6ea987-113e-4a40-87b3-d4c6e39edf3d,11.956644532001519,0.00027048587718702527,2.26222303424652e-05,31.99353867228121,142.93694391054436,20.0,0.00011528032139085029,0.0005283276448839747,6.64218990277729e-05,0.0007100298653026083,0.0,Germany,DEU,baden-wurttemberg,,,Linux-7.0.0-31-generic-x86_64-with-glibc2.43,3.14.4,3.3.0,24,Intel(R) Core(TM) Ultra 9 285K,1,1 x NVIDIA GeForce RTX 5090,9.2986,48.7383,60.81614303588867,machine,0.0,0.0,0.0,0.0,N
gradient_updates_97,2026-09-10T16:48:01,tdmpc2_Ant-v5_seed331,4d6ea987-113e-4a40-87b3-d4c6e39edf3d,14.144855069000187,0.0002547560965515533,1.8010484679368385e-05,32.00466126447639,142.83617260595082,20.0,0.00010774656203051472,0.0004824128859300947,7.85794851055465e-05,0.0006687389330661542,0.0,Germany,DEU,baden-wurttemberg,,,Linux-7.0.0-31-generic-x86_64-with-glibc2.43,3.14.4,3.3.0,24,Intel(R) Core(TM) Ultra 9 285K,1,1 x NVIDIA GeForce RTX 5090,9.2986,48.7383,60.81614303588867,machine,0.0,0.0,0.0,0.0,N
rollout_98,2026-09-10T16:48:13,tdmpc2_Ant-v5_seed331,4d6ea987-113e-4a40-87b3-d4c6e39edf3d,11.94894849800039,0.0002694938565682703,2.255377644890098e-05,31.9846581432184,142.91625332550882,20.0,0.00011354568833648118,0.0005275001442219818,6.637996234445942e-05,0.0007074257949029328,0.0,Germany,DEU,baden-wurttemberg,,,Linux-7.0.0-31-generic-x86_64-with-glibc2.43,3.14.4,3.3.0,24,Intel(R) Core(TM) Ultra 9 285K,1,1 x NVIDIA GeForce RTX 5090,9.2986,48.7383,60.81614303588867,machine,0.0,0.0,0.0,0.0,N
gradient_updates_98,2026-09-10T16:48:27,tdmpc2_Ant-v5_seed331,4d6ea987-113e-4a40-87b3-d4c6e39edf3d,14.14015023400134,0.000254586917479295,1.8004555156496832e-05,31.993375459488842,142.81671510852516,20.0,0.00010738228423909021,0.0004823589969978892,7.855355398888632e-05,0.0006682948352258744,0.0,Germany,DEU,baden-wurttemberg,,,Linux-7.0.0-31-generic-x86_64-with-glibc2.43,3.14.4,3.3.0,24,Intel(R) Core(TM) Ultra 9 285K,1,1 x NVIDIA GeForce RTX 5090,9.2986,48.7383,60.81614303588867,machine,0.0,0.0,0.0,0.0,N
rollout_99,2026-09-10T16:48:39,tdmpc2_Ant-v5_seed331,4d6ea987-113e-4a40-87b3-d4c6e39edf3d,11.960640516997955,0.0002698861506516409,2.2564535048959974e-05,31.97335506880191,142.89530232198544,20.0,0.00011453006523509321,0.0005274801442061161,6.644536386667989e-05,0.0007084555733078979,0.0,Germany,DEU,baden-wurttemberg,,,Linux-7.0.0-31-generic-x86_64-with-glibc2.43,3.14.4,3.3.0,24,Intel(R) Core(TM) Ultra 9 285K,1,1 x NVIDIA GeForce RTX 5090,9.2986,48.7383,60.81614303588867,machine,0.0,0.0,0.0,0.0,N
gradient_updates_99,2026-09-10T16:48:53,tdmpc2_Ant-v5_seed331,4d6ea987-113e-4a40-87b3-d4c6e39edf3d,14.23928080100086,0.0002530861653933514,1.7773805161295188e-05,31.982749293466647,142.79358999231707,20.0,0.00010213623726448157,0.00048311510871390517,7.91039904000073e-05,0.0006643553363784027,0.0,Germany,DEU,baden-wurttemberg,,,Linux-7.0.0-31-generic-x86_64-with-glibc2.43,3.14.4,3.3.0,24,Intel(R) Core(TM) Ultra 9 285K,1,1 x NVIDIA GeForce RTX 5090,9.2986,48.7383,60.81614303588867,machine,0.0,0.0,0.0,0.0,N
idle_baseline_tail,2026-09-10T16:50:23,tdmpc2_Ant-v5_seed331,4d6ea987-113e-4a40-87b3-d4c6e39edf3d,90.00355894800305,0.0006914126670682641,7.682060267022023e-06,31.95210352997289,142.27956109956042,20.0,0.00037948806081242875,0.0009354682483739829,0.0005000132854277688,0.001814969594614163,0.0,Germany,DEU,baden-wurttemberg,,,Linux-7.0.0-31-generic-x86_64-with-glibc2.43,3.14.4,3.3.0,24,Intel(R) Core(TM) Ultra 9 285K,1,1 x NVIDIA GeForce RTX 5090,9.2986,48.7383,60.81614303588867,machine,0.0,0.0,0.0,0.0,N
