task_name,timestamp,project_name,run_id,duration,emissions,emissions_rate,cpu_power,gpu_power,ram_power,cpu_energy,gpu_energy,ram_energy,energy_consumed,water_consumed,country_name,country_iso_code,region,cloud_provider,cloud_region,os,python_version,codecarbon_version,cpu_count,cpu_model,gpu_count,gpu_model,longitude,latitude,ram_total_size,tracking_mode,cpu_utilization_percent,gpu_utilization_percent,ram_utilization_percent,ram_used_gb,on_cloud
idle_baseline_head,2026-09-19T12:26:02,tdmpc2_HalfCheetah-v5_seed85062,50929971-aed1-4008-a44d-79d5e57422ee,90.00383740699908,0.0006129723075887019,6.810512762674514e-06,16.17945697368335,839.4812494360738,20.0,0.00041647601262498335,0.0006748358176462688,0.000517750533788866,0.001609062364060118,0.0,Germany,DEU,baden-wurttemberg,,,Linux-7.0.0-31-generic-x86_64-with-glibc2.43,3.14.4,3.3.0,24,Intel(R) Core(TM) Ultra 9 285K,1,1 x NVIDIA GeForce RTX 5090,9.2986,48.7383,60.81615447998047,machine,0.0,0.0,0.0,0.0,N
warmup_0,2026-09-19T12:26:03,tdmpc2_HalfCheetah-v5_seed85062,50929971-aed1-4008-a44d-79d5e57422ee,0.15415020499494858,1.5521920285613885e-06,1.0067891996466223e-05,23.176629504658788,572.1051931972103,20.0,1.6166149044011258e-06,1.6011123920023351e-06,8.568022443796851e-07,4.074529540783146e-06,0.0,Germany,DEU,baden-wurttemberg,,,Linux-7.0.0-31-generic-x86_64-with-glibc2.43,3.14.4,3.3.0,24,Intel(R) Core(TM) Ultra 9 285K,1,1 x NVIDIA GeForce RTX 5090,9.2986,48.7383,60.81615447998047,machine,0.0,0.0,0.0,0.0,N
world_model_pretrain_0,2026-09-19T12:27:14,tdmpc2_HalfCheetah-v5_seed85062,50929971-aed1-4008-a44d-79d5e57422ee,70.51656611199724,0.0013386166970349633,1.8983015491337357e-05,26.64218780879566,461.97889056345923,20.0,0.0005443839093956793,0.002577751784421878,0.00039175509771666845,0.0035138907915342257,0.0,Germany,DEU,baden-wurttemberg,,,Linux-7.0.0-31-generic-x86_64-with-glibc2.43,3.14.4,3.3.0,24,Intel(R) Core(TM) Ultra 9 285K,1,1 x NVIDIA GeForce RTX 5090,9.2986,48.7383,60.81615447998047,machine,0.0,0.0,0.0,0.0,N
rollout_0,2026-09-19T12:27:27,tdmpc2_HalfCheetah-v5_seed85062,50929971-aed1-4008-a44d-79d5e57422ee,13.631850085002952,0.0003041843276233619,2.231424698788133e-05,26.969193969739983,400.8369521978933,20.0,0.00013102824565584814,0.0005917290844941192,7.573152041667427e-05,0.0007984888505666414,0.0,Germany,DEU,baden-wurttemberg,,,Linux-7.0.0-31-generic-x86_64-with-glibc2.43,3.14.4,3.3.0,24,Intel(R) Core(TM) Ultra 9 285K,1,1 x NVIDIA GeForce RTX 5090,9.2986,48.7383,60.81615447998047,machine,0.0,0.0,0.0,0.0,N
gradient_updates_0,2026-09-19T12:27:41,tdmpc2_HalfCheetah-v5_seed85062,50929971-aed1-4008-a44d-79d5e57422ee,13.868247362988768,0.00026980912248074796,1.9455188775834966e-05,28.19410912245981,356.2243214578443,20.0,0.00011825313515798075,0.0005129576325875185,7.704260535004617e-05,0.0007082533730955456,0.0,Germany,DEU,baden-wurttemberg,,,Linux-7.0.0-31-generic-x86_64-with-glibc2.43,3.14.4,3.3.0,24,Intel(R) Core(TM) Ultra 9 285K,1,1 x NVIDIA GeForce RTX 5090,9.2986,48.7383,60.81615447998047,machine,0.0,0.0,0.0,0.0,N
rollout_1,2026-09-19T12:27:55,tdmpc2_HalfCheetah-v5_seed85062,50929971-aed1-4008-a44d-79d5e57422ee,13.560905114994966,0.0003030633943863978,2.234832793635477e-05,28.585911042384065,327.7752850755122,20.0,0.00012851607697944578,0.0005916946400219558,7.533566542778205e-05,0.0007955463824291841,0.0,Germany,DEU,baden-wurttemberg,,,Linux-7.0.0-31-generic-x86_64-with-glibc2.43,3.14.4,3.3.0,24,Intel(R) Core(TM) Ultra 9 285K,1,1 x NVIDIA GeForce RTX 5090,9.2986,48.7383,60.81615447998047,machine,0.0,0.0,0.0,0.0,N
gradient_updates_1,2026-09-19T12:28:09,tdmpc2_HalfCheetah-v5_seed85062,50929971-aed1-4008-a44d-79d5e57422ee,13.974223580997204,0.000269919306939224,1.9315477910853494e-05,29.22903937950283,303.5230411889155,20.0,0.0001117200790982098,0.0005191912486863792,7.763128132218201e-05,0.0007085426091067697,0.0,Germany,DEU,baden-wurttemberg,,,Linux-7.0.0-31-generic-x86_64-with-glibc2.43,3.14.4,3.3.0,24,Intel(R) Core(TM) Ultra 9 285K,1,1 x NVIDIA GeForce RTX 5090,9.2986,48.7383,60.81615447998047,machine,0.0,0.0,0.0,0.0,N
rollout_2,2026-09-19T12:28:22,tdmpc2_HalfCheetah-v5_seed85062,50929971-aed1-4008-a44d-79d5e57422ee,13.602619969999068,0.0003038170046043018,2.2335197002240434e-05,29.223911523358236,287.19914560767705,20.0,0.0001302260077918338,0.000591730751162256,7.556786266108657e-05,0.0007975246216151768,0.0,Germany,DEU,baden-wurttemberg,,,Linux-7.0.0-31-generic-x86_64-with-glibc2.43,3.14.4,3.3.0,24,Intel(R) Core(TM) Ultra 9 285K,1,1 x NVIDIA GeForce RTX 5090,9.2986,48.7383,60.81615447998047,machine,0.0,0.0,0.0,0.0,N
gradient_updates_2,2026-09-19T12:28:36,tdmpc2_HalfCheetah-v5_seed85062,50929971-aed1-4008-a44d-79d5e57422ee,13.862031110998942,0.00027208302200739396,1.962794518246298e-05,29.72518744279717,271.8943421642198,20.0,0.00012067600626294861,0.0005165384687852992,7.700792161113986e-05,0.0007142223966593881,0.0,Germany,DEU,baden-wurttemberg,,,Linux-7.0.0-31-generic-x86_64-with-glibc2.43,3.14.4,3.3.0,24,Intel(R) Core(TM) Ultra 9 285K,1,1 x NVIDIA GeForce RTX 5090,9.2986,48.7383,60.81615447998047,machine,0.0,0.0,0.0,0.0,N
rollout_3,2026-09-19T12:28:50,tdmpc2_HalfCheetah-v5_seed85062,50929971-aed1-4008-a44d-79d5e57422ee,13.564184485003352,0.0003030546631136756,2.234228109862419e-05,29.8918117886952,261.41845364289253,20.0,0.00012984660721053476,0.0005903146389178993,7.536221656660519e-05,0.0007955234626950396,0.0,Germany,DEU,baden-wurttemberg,,,Linux-7.0.0-31-generic-x86_64-with-glibc2.43,3.14.4,3.3.0,24,Intel(R) Core(TM) Ultra 9 285K,1,1 x NVIDIA GeForce RTX 5090,9.2986,48.7383,60.81615447998047,machine,0.0,0.0,0.0,0.0,N
gradient_updates_3,2026-09-19T12:29:04,tdmpc2_HalfCheetah-v5_seed85062,50929971-aed1-4008-a44d-79d5e57422ee,13.892268230003538,0.0002715786451092453,1.954892050939174e-05,30.24533142606582,250.8640519039951,20.0,0.00011573477814330602,0.0005199940271056747,7.716959377778235e-05,0.000712898399026763,0.0,Germany,DEU,baden-wurttemberg,,,Linux-7.0.0-31-generic-x86_64-with-glibc2.43,3.14.4,3.3.0,24,Intel(R) Core(TM) Ultra 9 285K,1,1 x NVIDIA GeForce RTX 5090,9.2986,48.7383,60.81615447998047,machine,0.0,0.0,0.0,0.0,N
rollout_4,2026-09-19T12:29:17,tdmpc2_HalfCheetah-v5_seed85062,50929971-aed1-4008-a44d-79d5e57422ee,13.549720217997674,0.00030469909196912184,2.24874982419044e-05,30.249349710356423,243.73388102955397,20.0,0.00012925531312638072,0.000595311309582236,7.527349271104974e-05,0.0007998401154196665,0.0,Germany,DEU,baden-wurttemberg,,,Linux-7.0.0-31-generic-x86_64-with-glibc2.43,3.14.4,3.3.0,24,Intel(R) Core(TM) Ultra 9 285K,1,1 x NVIDIA GeForce RTX 5090,9.2986,48.7383,60.81615447998047,machine,0.0,0.0,0.0,0.0,N
gradient_updates_4,2026-09-19T12:29:31,tdmpc2_HalfCheetah-v5_seed85062,50929971-aed1-4008-a44d-79d5e57422ee,13.753428741998505,0.00027252315922336994,1.9814945480643983e-05,30.531099726767287,235.9610005710328,20.0,0.0001235659988527288,0.0005154068012140911,7.6404964005552e-05,0.000715377764072371,0.0,Germany,DEU,baden-wurttemberg,,,Linux-7.0.0-31-generic-x86_64-with-glibc2.43,3.14.4,3.3.0,24,Intel(R) Core(TM) Ultra 9 285K,1,1 x NVIDIA GeForce RTX 5090,9.2986,48.7383,60.81615447998047,machine,0.0,0.0,0.0,0.0,N
rollout_5,2026-09-19T12:29:44,tdmpc2_HalfCheetah-v5_seed85062,50929971-aed1-4008-a44d-79d5e57422ee,13.553903179999907,0.0003038969283993267,2.2421371451400025e-05,30.659445709390408,230.75702199975782,20.0,0.0001279573520880234,0.0005944799200281459,7.529715077220721e-05,0.0007977344228883767,0.0,Germany,DEU,baden-wurttemberg,,,Linux-7.0.0-31-generic-x86_64-with-glibc2.43,3.14.4,3.3.0,24,Intel(R) Core(TM) Ultra 9 285K,1,1 x NVIDIA GeForce RTX 5090,9.2986,48.7383,60.81615447998047,machine,0.0,0.0,0.0,0.0,N
gradient_updates_5,2026-09-19T12:30:00,tdmpc2_HalfCheetah-v5_seed85062,50929971-aed1-4008-a44d-79d5e57422ee,15.058841199002927,0.00028239345282638894,1.8752645360602912e-05,30.845440948347292,224.3826455574166,20.0,0.0001190163107685216,0.0005386151531139305,8.365598283336219e-05,0.0007412874467158138,0.0,Germany,DEU,baden-wurttemberg,,,Linux-7.0.0-31-generic-x86_64-with-glibc2.43,3.14.4,3.3.0,24,Intel(R) Core(TM) Ultra 9 285K,1,1 x NVIDIA GeForce RTX 5090,9.2986,48.7383,60.81615447998047,machine,0.0,0.0,0.0,0.0,N
rollout_6,2026-09-19T12:30:13,tdmpc2_HalfCheetah-v5_seed85062,50929971-aed1-4008-a44d-79d5e57422ee,13.557920052990085,0.00030343805171892044,2.2380882518784833e-05,30.725109618055264,220.4857416599033,20.0,0.0001256757599849695,0.000595534920872165,7.53191832166824e-05,0.0007965298640738167,0.0,Germany,DEU,baden-wurttemberg,,,Linux-7.0.0-31-generic-x86_64-with-glibc2.43,3.14.4,3.3.0,24,Intel(R) Core(TM) Ultra 9 285K,1,1 x NVIDIA GeForce RTX 5090,9.2986,48.7383,60.81615447998047,machine,0.0,0.0,0.0,0.0,N
gradient_updates_6,2026-09-19T12:30:29,tdmpc2_HalfCheetah-v5_seed85062,50929971-aed1-4008-a44d-79d5e57422ee,16.3487991639995,0.00029626248901106194,1.8121366442279245e-05,30.850166485636286,215.15337767136734,20.0,0.00012148339801998365,0.0005653879523097594,9.082254391113483e-05,0.000777693894240877,0.0,Germany,DEU,baden-wurttemberg,,,Linux-7.0.0-31-generic-x86_64-with-glibc2.43,3.14.4,3.3.0,24,Intel(R) Core(TM) Ultra 9 285K,1,1 x NVIDIA GeForce RTX 5090,9.2986,48.7383,60.81615447998047,machine,0.0,0.0,0.0,0.0,N
rollout_7,2026-09-19T12:30:43,tdmpc2_HalfCheetah-v5_seed85062,50929971-aed1-4008-a44d-79d5e57422ee,13.545078798997565,0.00030441691049443945,2.2474363381254332e-05,30.66417225972195,212.12786431774478,20.0,0.0001306282458913982,0.0005932224190221547,7.524871950550334e-05,0.0007990993844190566,0.0,Germany,DEU,baden-wurttemberg,,,Linux-7.0.0-31-generic-x86_64-with-glibc2.43,3.14.4,3.3.0,24,Intel(R) Core(TM) Ultra 9 285K,1,1 x NVIDIA GeForce RTX 5090,9.2986,48.7383,60.81615447998047,machine,0.0,0.0,0.0,0.0,N
gradient_updates_7,2026-09-19T12:30:59,tdmpc2_HalfCheetah-v5_seed85062,50929971-aed1-4008-a44d-79d5e57422ee,16.35913575300947,0.00029654449199603694,1.8127162120813527e-05,30.842964334519003,207.7527197835972,20.0,0.00012125027838903735,0.0005663032308196314,9.088064749440596e-05,0.0007784341567030756,0.0,Germany,DEU,baden-wurttemberg,,,Linux-7.0.0-31-generic-x86_64-with-glibc2.43,3.14.4,3.3.0,24,Intel(R) Core(TM) Ultra 9 285K,1,1 x NVIDIA GeForce RTX 5090,9.2986,48.7383,60.81615447998047,machine,0.0,0.0,0.0,0.0,N
rollout_8,2026-09-19T12:31:13,tdmpc2_HalfCheetah-v5_seed85062,50929971-aed1-4008-a44d-79d5e57422ee,13.538603003995377,0.0003040676203545081,2.2459316679824057e-05,30.671371531862974,205.3701482231658,20.0,0.0001298535413827573,0.0005931174189384159,7.521153174998817e-05,0.0007981824920711596,0.0,Germany,DEU,baden-wurttemberg,,,Linux-7.0.0-31-generic-x86_64-with-glibc2.43,3.14.4,3.3.0,24,Intel(R) Core(TM) Ultra 9 285K,1,1 x NVIDIA GeForce RTX 5090,9.2986,48.7383,60.81615447998047,machine,0.0,0.0,0.0,0.0,N
gradient_updates_8,2026-09-19T12:31:29,tdmpc2_HalfCheetah-v5_seed85062,50929971-aed1-4008-a44d-79d5e57422ee,16.343132337002316,0.00029658812971495706,1.814758390641836e-05,30.82492715634082,201.71887762903182,20.0,0.0001201501047311121,0.0005676118429778221,9.078675872224284e-05,0.0007785487064311779,0.0,Germany,DEU,baden-wurttemberg,,,Linux-7.0.0-31-generic-x86_64-with-glibc2.43,3.14.4,3.3.0,24,Intel(R) Core(TM) Ultra 9 285K,1,1 x NVIDIA GeForce RTX 5090,9.2986,48.7383,60.81615447998047,machine,0.0,0.0,0.0,0.0,N
rollout_9,2026-09-19T12:31:43,tdmpc2_HalfCheetah-v5_seed85062,50929971-aed1-4008-a44d-79d5e57422ee,13.544106232002378,0.000304440198589522,2.2477701898684782e-05,30.660600340082848,199.8092754347893,20.0,0.00013025655920516355,0.0005936613082622166,7.524264858333905e-05,0.0007991605160507197,0.0,Germany,DEU,baden-wurttemberg,,,Linux-7.0.0-31-generic-x86_64-with-glibc2.43,3.14.4,3.3.0,24,Intel(R) Core(TM) Ultra 9 285K,1,1 x NVIDIA GeForce RTX 5090,9.2986,48.7383,60.81615447998047,machine,0.0,0.0,0.0,0.0,N
gradient_updates_9,2026-09-19T12:31:59,tdmpc2_HalfCheetah-v5_seed85062,50929971-aed1-4008-a44d-79d5e57422ee,16.354821583998273,0.00029683960217056094,1.814995537493806e-05,30.806115108369895,196.68335104060745,20.0,0.00012146230744754238,0.0005668898979553916,9.08566203499505e-05,0.0007792088257528827,0.0,Germany,DEU,baden-wurttemberg,,,Linux-7.0.0-31-generic-x86_64-with-glibc2.43,3.14.4,3.3.0,24,Intel(R) Core(TM) Ultra 9 285K,1,1 x NVIDIA GeForce RTX 5090,9.2986,48.7383,60.81615447998047,machine,0.0,0.0,0.0,0.0,N
rollout_10,2026-09-19T12:32:13,tdmpc2_HalfCheetah-v5_seed85062,50929971-aed1-4008-a44d-79d5e57422ee,13.612463692988968,0.0003061284629973758,2.248884309818624e-05,30.665940895126518,195.1289239959847,20.0,0.00013121779330747818,0.0005967518662899352,7.562257822218152e-05,0.0008035922378195962,0.0,Germany,DEU,baden-wurttemberg,,,Linux-7.0.0-31-generic-x86_64-with-glibc2.43,3.14.4,3.3.0,24,Intel(R) Core(TM) Ultra 9 285K,1,1 x NVIDIA GeForce RTX 5090,9.2986,48.7383,60.81615447998047,machine,0.0,0.0,0.0,0.0,N
gradient_updates_10,2026-09-19T12:32:29,tdmpc2_HalfCheetah-v5_seed85062,50929971-aed1-4008-a44d-79d5e57422ee,16.43154392699944,0.00029497701726731787,1.7951890938880697e-05,30.80038883906817,192.39529506795486,20.0,0.00011682906874095622,0.0005662073974104231,9.128304367226909e-05,0.0007743195098236476,0.0,Germany,DEU,baden-wurttemberg,,,Linux-7.0.0-31-generic-x86_64-with-glibc2.43,3.14.4,3.3.0,24,Intel(R) Core(TM) Ultra 9 285K,1,1 x NVIDIA GeForce RTX 5090,9.2986,48.7383,60.81615447998047,machine,0.0,0.0,0.0,0.0,N
rollout_11,2026-09-19T12:32:43,tdmpc2_HalfCheetah-v5_seed85062,50929971-aed1-4008-a44d-79d5e57422ee,13.553141871001571,0.0003044590172348368,2.2464099339653657e-05,30.629276063285882,191.1378913517509,20.0,0.00012733855825966534,0.000596569088366028,7.530226867772088e-05,0.000799209915303415,0.0,Germany,DEU,baden-wurttemberg,,,Linux-7.0.0-31-generic-x86_64-with-glibc2.43,3.14.4,3.3.0,24,Intel(R) Core(TM) Ultra 9 285K,1,1 x NVIDIA GeForce RTX 5090,9.2986,48.7383,60.81615447998047,machine,0.0,0.0,0.0,0.0,N
gradient_updates_11,2026-09-19T12:32:59,tdmpc2_HalfCheetah-v5_seed85062,50929971-aed1-4008-a44d-79d5e57422ee,16.351654250000138,0.0002957705554351743,1.80881220367655e-05,30.72813969716907,188.74765855550004,20.0,0.00012139640628371084,0.0005641668402218691,9.0839314027754e-05,0.000776402560533334,0.0,Germany,DEU,baden-wurttemberg,,,Linux-7.0.0-31-generic-x86_64-with-glibc2.43,3.14.4,3.3.0,24,Intel(R) Core(TM) Ultra 9 285K,1,1 x NVIDIA GeForce RTX 5090,9.2986,48.7383,60.81615447998047,machine,0.0,0.0,0.0,0.0,N
rollout_12,2026-09-19T12:33:13,tdmpc2_HalfCheetah-v5_seed85062,50929971-aed1-4008-a44d-79d5e57422ee,13.553801697999006,0.0003048147296050227,2.2489246555053146e-05,30.60745992732517,187.7126650801445,20.0,0.00012724354707252528,0.0005976038114163806,7.529630762219321e-05,0.0008001436661111,0.0,Germany,DEU,baden-wurttemberg,,,Linux-7.0.0-31-generic-x86_64-with-glibc2.43,3.14.4,3.3.0,24,Intel(R) Core(TM) Ultra 9 285K,1,1 x NVIDIA GeForce RTX 5090,9.2986,48.7383,60.81615447998047,machine,0.0,0.0,0.0,0.0,N
gradient_updates_12,2026-09-19T12:33:28,tdmpc2_HalfCheetah-v5_seed85062,50929971-aed1-4008-a44d-79d5e57422ee,15.355546682985732,0.00028689814615587284,1.8683696126458852e-05,30.702104050132288,185.73201007108955,20.0,0.00012059989897983403,0.0005472071044314575,8.530533720000266e-05,0.0007531123406112929,0.0,Germany,DEU,baden-wurttemberg,,,Linux-7.0.0-31-generic-x86_64-with-glibc2.43,3.14.4,3.3.0,24,Intel(R) Core(TM) Ultra 9 285K,1,1 x NVIDIA GeForce RTX 5090,9.2986,48.7383,60.81615447998047,machine,0.0,0.0,0.0,0.0,N
rollout_13,2026-09-19T12:33:42,tdmpc2_HalfCheetah-v5_seed85062,50929971-aed1-4008-a44d-79d5e57422ee,13.577750359996571,0.0003059578074447785,2.2533777254303185e-05,30.637632423292686,184.85706851039782,20.0,0.0001295237147300038,0.0005981913118864313,7.542923757775707e-05,0.000803144264194193,0.0,Germany,DEU,baden-wurttemberg,,,Linux-7.0.0-31-generic-x86_64-with-glibc2.43,3.14.4,3.3.0,24,Intel(R) Core(TM) Ultra 9 285K,1,1 x NVIDIA GeForce RTX 5090,9.2986,48.7383,60.81615447998047,machine,0.0,0.0,0.0,0.0,N
gradient_updates_13,2026-09-19T12:33:55,tdmpc2_HalfCheetah-v5_seed85062,50929971-aed1-4008-a44d-79d5e57422ee,13.816296618999331,0.0002747352805380736,1.988484576292654e-05,30.747339021744974,183.3370785984727,20.0,0.00012166514705426457,0.0005227654182120567,7.675405354998959e-05,0.0007211846188163104,0.0,Germany,DEU,baden-wurttemberg,,,Linux-7.0.0-31-generic-x86_64-with-glibc2.43,3.14.4,3.3.0,24,Intel(R) Core(TM) Ultra 9 285K,1,1 x NVIDIA GeForce RTX 5090,9.2986,48.7383,60.81615447998047,machine,0.0,0.0,0.0,0.0,N
rollout_14,2026-09-19T12:34:09,tdmpc2_HalfCheetah-v5_seed85062,50929971-aed1-4008-a44d-79d5e57422ee,13.57591616800346,0.0003064126865069492,2.2570322666802337e-05,30.782258854706605,182.59206072014751,20.0,0.00013026759643620933,0.0005986513122535619,7.541942050552771e-05,0.0008043383291952977,0.0,Germany,DEU,baden-wurttemberg,,,Linux-7.0.0-31-generic-x86_64-with-glibc2.43,3.14.4,3.3.0,24,Intel(R) Core(TM) Ultra 9 285K,1,1 x NVIDIA GeForce RTX 5090,9.2986,48.7383,60.81615447998047,machine,0.0,0.0,0.0,0.0,N
gradient_updates_14,2026-09-19T12:34:23,tdmpc2_HalfCheetah-v5_seed85062,50929971-aed1-4008-a44d-79d5e57422ee,13.760604473995045,0.00027724798140603066,2.0147960590179847e-05,30.889033557893004,181.2694715276365,20.0,0.00012530158135229397,0.0005260343097166498,7.644460875000933e-05,0.0007277804998189544,0.0,Germany,DEU,baden-wurttemberg,,,Linux-7.0.0-31-generic-x86_64-with-glibc2.43,3.14.4,3.3.0,24,Intel(R) Core(TM) Ultra 9 285K,1,1 x NVIDIA GeForce RTX 5090,9.2986,48.7383,60.81615447998047,machine,0.0,0.0,0.0,0.0,N
rollout_15,2026-09-19T12:34:36,tdmpc2_HalfCheetah-v5_seed85062,50929971-aed1-4008-a44d-79d5e57422ee,13.561171630004537,0.00030503629354885695,2.2493371874857222e-05,30.946158377277815,180.6108254557395,20.0,0.00012940311963352547,0.0005959849212318069,7.53372342333831e-05,0.0008007252750987168,0.0,Germany,DEU,baden-wurttemberg,,,Linux-7.0.0-31-generic-x86_64-with-glibc2.43,3.14.4,3.3.0,24,Intel(R) Core(TM) Ultra 9 285K,1,1 x NVIDIA GeForce RTX 5090,9.2986,48.7383,60.81615447998047,machine,0.0,0.0,0.0,0.0,N
gradient_updates_15,2026-09-19T12:34:53,tdmpc2_HalfCheetah-v5_seed85062,50929971-aed1-4008-a44d-79d5e57422ee,16.36268076300621,0.00029817770793560787,1.8223039361132492e-05,31.02798739908451,179.08259376846755,20.0,0.00012098726790084335,0.0005708335122220909,9.090059521663042e-05,0.0007827213753395651,0.0,Germany,DEU,baden-wurttemberg,,,Linux-7.0.0-31-generic-x86_64-with-glibc2.43,3.14.4,3.3.0,24,Intel(R) Core(TM) Ultra 9 285K,1,1 x NVIDIA GeForce RTX 5090,9.2986,48.7383,60.81615447998047,machine,0.0,0.0,0.0,0.0,N
rollout_16,2026-09-19T12:35:06,tdmpc2_HalfCheetah-v5_seed85062,50929971-aed1-4008-a44d-79d5e57422ee,13.5670770759898,0.00030585139652702237,2.2543658203814248e-05,30.923118619350262,178.53898998254152,20.0,0.00012841058828394394,0.0005990838125997655,7.537053290555687e-05,0.0008028649337892685,0.0,Germany,DEU,baden-wurttemberg,,,Linux-7.0.0-31-generic-x86_64-with-glibc2.43,3.14.4,3.3.0,24,Intel(R) Core(TM) Ultra 9 285K,1,1 x NVIDIA GeForce RTX 5090,9.2986,48.7383,60.81615447998047,machine,0.0,0.0,0.0,0.0,N
gradient_updates_16,2026-09-19T12:35:23,tdmpc2_HalfCheetah-v5_seed85062,50929971-aed1-4008-a44d-79d5e57422ee,16.324537340988172,0.0002960977363541586,1.813820187808507e-05,30.994100121212096,177.12888285775753,20.0,0.00011997010180933836,0.0005666026755042353,9.068863849994759e-05,0.0007772614158135169,0.0,Germany,DEU,baden-wurttemberg,,,Linux-7.0.0-31-generic-x86_64-with-glibc2.43,3.14.4,3.3.0,24,Intel(R) Core(TM) Ultra 9 285K,1,1 x NVIDIA GeForce RTX 5090,9.2986,48.7383,60.81615447998047,machine,0.0,0.0,0.0,0.0,N
rollout_17,2026-09-19T12:35:36,tdmpc2_HalfCheetah-v5_seed85062,50929971-aed1-4008-a44d-79d5e57422ee,13.56512100699183,0.0003065908425719417,2.2601417514358992e-05,30.89226909898258,176.66810439582403,20.0,0.00012972865683839787,0.0005997168686615595,7.536046628883915e-05,0.0008048059917887956,0.0,Germany,DEU,baden-wurttemberg,,,Linux-7.0.0-31-generic-x86_64-with-glibc2.43,3.14.4,3.3.0,24,Intel(R) Core(TM) Ultra 9 285K,1,1 x NVIDIA GeForce RTX 5090,9.2986,48.7383,60.81615447998047,machine,0.0,0.0,0.0,0.0,N
gradient_updates_17,2026-09-19T12:35:53,tdmpc2_HalfCheetah-v5_seed85062,50929971-aed1-4008-a44d-79d5e57422ee,16.34955811499094,0.0002970995945089233,1.8171702459832174e-05,30.969541787535853,175.3709577949689,20.0,0.00012237912151433043,0.0005666848977923244,9.082729059995895e-05,0.0007798913099066121,0.0,Germany,DEU,baden-wurttemberg,,,Linux-7.0.0-31-generic-x86_64-with-glibc2.43,3.14.4,3.3.0,24,Intel(R) Core(TM) Ultra 9 285K,1,1 x NVIDIA GeForce RTX 5090,9.2986,48.7383,60.81615447998047,machine,0.0,0.0,0.0,0.0,N
rollout_18,2026-09-19T12:36:06,tdmpc2_HalfCheetah-v5_seed85062,50929971-aed1-4008-a44d-79d5e57422ee,13.548378164996393,0.00030781826612355685,2.2719944189240885e-05,30.88624021818395,174.97641642884713,20.0,0.00013361068938846574,0.0005991457570941883,7.527155226667252e-05,0.0008080279987493291,0.0,Germany,DEU,baden-wurttemberg,,,Linux-7.0.0-31-generic-x86_64-with-glibc2.43,3.14.4,3.3.0,24,Intel(R) Core(TM) Ultra 9 285K,1,1 x NVIDIA GeForce RTX 5090,9.2986,48.7383,60.81615447998047,machine,0.0,0.0,0.0,0.0,N
gradient_updates_18,2026-09-19T12:36:22,tdmpc2_HalfCheetah-v5_seed85062,50929971-aed1-4008-a44d-79d5e57422ee,16.33240937499795,0.0002960514786541201,1.8126639661531556e-05,30.98364284365758,173.77693789050505,20.0,0.00012115074025384823,0.0005652571188714539,9.073212946669696e-05,0.0007771399885919961,0.0,Germany,DEU,baden-wurttemberg,,,Linux-7.0.0-31-generic-x86_64-with-glibc2.43,3.14.4,3.3.0,24,Intel(R) Core(TM) Ultra 9 285K,1,1 x NVIDIA GeForce RTX 5090,9.2986,48.7383,60.81615447998047,machine,0.0,0.0,0.0,0.0,N
rollout_19,2026-09-19T12:36:36,tdmpc2_HalfCheetah-v5_seed85062,50929971-aed1-4008-a44d-79d5e57422ee,13.536957981996238,0.0003067978738708222,2.2663732107289722e-05,30.897858732708247,173.43693095530998,20.0,0.0001316927478541138,0.0005984540898742452,7.520261461662226e-05,0.0008053494523449847,0.0,Germany,DEU,baden-wurttemberg,,,Linux-7.0.0-31-generic-x86_64-with-glibc2.43,3.14.4,3.3.0,24,Intel(R) Core(TM) Ultra 9 285K,1,1 x NVIDIA GeForce RTX 5090,9.2986,48.7383,60.81615447998047,machine,0.0,0.0,0.0,0.0,N
gradient_updates_19,2026-09-19T12:36:52,tdmpc2_HalfCheetah-v5_seed85062,50929971-aed1-4008-a44d-79d5e57422ee,16.352203399001155,0.00029624312454996915,1.8116420383321436e-05,30.98060489668778,172.32078580065547,20.0,0.00012214322104783185,0.000564664618398325,9.083522276665066e-05,0.0007776430622128058,0.0,Germany,DEU,baden-wurttemberg,,,Linux-7.0.0-31-generic-x86_64-with-glibc2.43,3.14.4,3.3.0,24,Intel(R) Core(TM) Ultra 9 285K,1,1 x NVIDIA GeForce RTX 5090,9.2986,48.7383,60.81615447998047,machine,0.0,0.0,0.0,0.0,N
rollout_20,2026-09-19T12:37:06,tdmpc2_HalfCheetah-v5_seed85062,50929971-aed1-4008-a44d-79d5e57422ee,13.605395567996311,0.00030742954297043046,2.2596153459136476e-05,30.902761244546063,172.01098028578275,20.0,0.00013288298186185567,0.0005985418677219023,7.558274451108064e-05,0.0008070075940948412,0.0,Germany,DEU,baden-wurttemberg,,,Linux-7.0.0-31-generic-x86_64-with-glibc2.43,3.14.4,3.3.0,24,Intel(R) Core(TM) Ultra 9 285K,1,1 x NVIDIA GeForce RTX 5090,9.2986,48.7383,60.81615447998047,machine,0.0,0.0,0.0,0.0,N
gradient_updates_20,2026-09-19T12:37:22,tdmpc2_HalfCheetah-v5_seed85062,50929971-aed1-4008-a44d-79d5e57422ee,16.456339714990463,0.0002961819208720049,1.7998058777996995e-05,30.98246920784353,170.98678592763602,20.0,0.00011514453544888767,0.000570917123399628,9.142074270550651e-05,0.0007774824015540222,0.0,Germany,DEU,baden-wurttemberg,,,Linux-7.0.0-31-generic-x86_64-with-glibc2.43,3.14.4,3.3.0,24,Intel(R) Core(TM) Ultra 9 285K,1,1 x NVIDIA GeForce RTX 5090,9.2986,48.7383,60.81615447998047,machine,0.0,0.0,0.0,0.0,N
rollout_21,2026-09-19T12:37:36,tdmpc2_HalfCheetah-v5_seed85062,50929971-aed1-4008-a44d-79d5e57422ee,13.558183271990856,0.0003046991573724782,2.2473473362555204e-05,30.873823703810714,170.70045166060677,20.0,0.00013125911084053803,0.000593261030163994,7.532014610001688e-05,0.0007998402871045515,0.0,Germany,DEU,baden-wurttemberg,,,Linux-7.0.0-31-generic-x86_64-with-glibc2.43,3.14.4,3.3.0,24,Intel(R) Core(TM) Ultra 9 285K,1,1 x NVIDIA GeForce RTX 5090,9.2986,48.7383,60.81615447998047,machine,0.0,0.0,0.0,0.0,N
gradient_updates_21,2026-09-19T12:37:52,tdmpc2_HalfCheetah-v5_seed85062,50929971-aed1-4008-a44d-79d5e57422ee,16.33347902499372,0.0002978562845073005,1.8235908040373576e-05,30.946843062507472,169.75767536440168,20.0,0.00012199205759356839,0.0005691471219844146,9.073845398888808e-05,0.0007818776335668728,0.0,Germany,DEU,baden-wurttemberg,,,Linux-7.0.0-31-generic-x86_64-with-glibc2.43,3.14.4,3.3.0,24,Intel(R) Core(TM) Ultra 9 285K,1,1 x NVIDIA GeForce RTX 5090,9.2986,48.7383,60.81615447998047,machine,0.0,0.0,0.0,0.0,N
rollout_22,2026-09-19T12:38:06,tdmpc2_HalfCheetah-v5_seed85062,50929971-aed1-4008-a44d-79d5e57422ee,13.558782745996723,0.00030544081364428446,2.252716912415633e-05,30.875767813317736,169.51534740227945,20.0,0.00013183763824780367,0.0005946254756992175,7.532403303889094e-05,0.0008017871469859147,0.0,Germany,DEU,baden-wurttemberg,,,Linux-7.0.0-31-generic-x86_64-with-glibc2.43,3.14.4,3.3.0,24,Intel(R) Core(TM) Ultra 9 285K,1,1 x NVIDIA GeForce RTX 5090,9.2986,48.7383,60.81615447998047,machine,0.0,0.0,0.0,0.0,N
gradient_updates_22,2026-09-19T12:38:22,tdmpc2_HalfCheetah-v5_seed85062,50929971-aed1-4008-a44d-79d5e57422ee,16.380849362991285,0.00029852072753204853,1.8223776466558203e-05,30.948394206822964,168.63669142463502,20.0,0.00012121092752421982,0.0005714099015725616,9.100097831113863e-05,0.0007836218074079235,0.0,Germany,DEU,baden-wurttemberg,,,Linux-7.0.0-31-generic-x86_64-with-glibc2.43,3.14.4,3.3.0,24,Intel(R) Core(TM) Ultra 9 285K,1,1 x NVIDIA GeForce RTX 5090,9.2986,48.7383,60.81615447998047,machine,0.0,0.0,0.0,0.0,N
rollout_23,2026-09-19T12:38:36,tdmpc2_HalfCheetah-v5_seed85062,50929971-aed1-4008-a44d-79d5e57422ee,13.544923383989953,0.0003067433121107469,2.26463754390515e-05,30.875211002768626,168.452637965529,20.0,0.00013082501604881787,0.0005991368681974585,7.524434258335093e-05,0.0008052062268296273,0.0,Germany,DEU,baden-wurttemberg,,,Linux-7.0.0-31-generic-x86_64-with-glibc2.43,3.14.4,3.3.0,24,Intel(R) Core(TM) Ultra 9 285K,1,1 x NVIDIA GeForce RTX 5090,9.2986,48.7383,60.81615447998047,machine,0.0,0.0,0.0,0.0,N
gradient_updates_23,2026-09-19T12:38:52,tdmpc2_HalfCheetah-v5_seed85062,50929971-aed1-4008-a44d-79d5e57422ee,16.372552843997255,0.0002967005652055772,1.8121833861427344e-05,30.941140782670352,167.60442416113816,20.0,0.0001223901754120616,0.0005654982301765976,9.09554458500576e-05,0.0007788438514387125,0.0,Germany,DEU,baden-wurttemberg,,,Linux-7.0.0-31-generic-x86_64-with-glibc2.43,3.14.4,3.3.0,24,Intel(R) Core(TM) Ultra 9 285K,1,1 x NVIDIA GeForce RTX 5090,9.2986,48.7383,60.81615447998047,machine,0.0,0.0,0.0,0.0,N
rollout_24,2026-09-19T12:39:06,tdmpc2_HalfCheetah-v5_seed85062,50929971-aed1-4008-a44d-79d5e57422ee,13.55141139900661,0.0003063023553885637,2.2602995985412723e-05,30.876403308383054,167.4276694544433,20.0,0.00013305878005804954,0.000595698254335808,7.529167380554164e-05,0.0008040487081994036,0.0,Germany,DEU,baden-wurttemberg,,,Linux-7.0.0-31-generic-x86_64-with-glibc2.43,3.14.4,3.3.0,24,Intel(R) Core(TM) Ultra 9 285K,1,1 x NVIDIA GeForce RTX 5090,9.2986,48.7383,60.81615447998047,machine,0.0,0.0,0.0,0.0,N
gradient_updates_24,2026-09-19T12:39:22,tdmpc2_HalfCheetah-v5_seed85062,50929971-aed1-4008-a44d-79d5e57422ee,16.380603213998256,0.00029850187719251617,1.8222898716832903e-05,30.950071593177828,166.64379338997236,20.0,0.00012337129703029158,0.000569201010915954,9.100001701113376e-05,0.0007835723249573837,0.0,Germany,DEU,baden-wurttemberg,,,Linux-7.0.0-31-generic-x86_64-with-glibc2.43,3.14.4,3.3.0,24,Intel(R) Core(TM) Ultra 9 285K,1,1 x NVIDIA GeForce RTX 5090,9.2986,48.7383,60.81615447998047,machine,0.0,0.0,0.0,0.0,N
rollout_25,2026-09-19T12:39:36,tdmpc2_HalfCheetah-v5_seed85062,50929971-aed1-4008-a44d-79d5e57422ee,13.547584346000804,0.0003048247205463782,2.2500313047780625e-05,30.889791884759894,166.48937364207657,20.0,0.00012968454208088336,0.0005952140872818035,7.527126313337535e-05,0.0008001698924960665,0.0,Germany,DEU,baden-wurttemberg,,,Linux-7.0.0-31-generic-x86_64-with-glibc2.43,3.14.4,3.3.0,24,Intel(R) Core(TM) Ultra 9 285K,1,1 x NVIDIA GeForce RTX 5090,9.2986,48.7383,60.81615447998047,machine,0.0,0.0,0.0,0.0,N
gradient_updates_25,2026-09-19T12:39:52,tdmpc2_HalfCheetah-v5_seed85062,50929971-aed1-4008-a44d-79d5e57422ee,16.359440804997575,0.0002976383675283127,1.819365657670219e-05,30.945175620275354,165.75396727544063,20.0,0.00012101164819812958,0.0005694115666403654,9.088238308330686e-05,0.0007813055979218053,0.0,Germany,DEU,baden-wurttemberg,,,Linux-7.0.0-31-generic-x86_64-with-glibc2.43,3.14.4,3.3.0,24,Intel(R) Core(TM) Ultra 9 285K,1,1 x NVIDIA GeForce RTX 5090,9.2986,48.7383,60.81615447998047,machine,0.0,0.0,0.0,0.0,N
rollout_26,2026-09-19T12:40:06,tdmpc2_HalfCheetah-v5_seed85062,50929971-aed1-4008-a44d-79d5e57422ee,13.54368810300366,0.00030552257135790795,2.2558312910732102e-05,30.878731230977923,165.6373748209327,20.0,0.00012819203172020985,0.0005985696455219625,7.524008508335081e-05,0.0008020017623255257,0.0,Germany,DEU,baden-wurttemberg,,,Linux-7.0.0-31-generic-x86_64-with-glibc2.43,3.14.4,3.3.0,24,Intel(R) Core(TM) Ultra 9 285K,1,1 x NVIDIA GeForce RTX 5090,9.2986,48.7383,60.81615447998047,machine,0.0,0.0,0.0,0.0,N
gradient_updates_26,2026-09-19T12:40:22,tdmpc2_HalfCheetah-v5_seed85062,50929971-aed1-4008-a44d-79d5e57422ee,16.489193273009732,0.00029433934288805585,1.7850455696037874e-05,30.924386526737017,164.91675984753428,20.0,0.00011381997327812761,0.0005672218426657771,9.160378817226356e-05,0.0007726456041161692,0.0,Germany,DEU,baden-wurttemberg,,,Linux-7.0.0-31-generic-x86_64-with-glibc2.43,3.14.4,3.3.0,24,Intel(R) Core(TM) Ultra 9 285K,1,1 x NVIDIA GeForce RTX 5090,9.2986,48.7383,60.81615447998047,machine,0.0,0.0,0.0,0.0,N
rollout_27,2026-09-19T12:40:36,tdmpc2_HalfCheetah-v5_seed85062,50929971-aed1-4008-a44d-79d5e57422ee,13.561999657002161,0.0003060664759221843,2.2567951974776318e-05,30.833182708806014,164.81078826722245,20.0,0.00013036996596255557,0.0005977165892843139,7.534296548336768e-05,0.000803429520730238,0.0,Germany,DEU,baden-wurttemberg,,,Linux-7.0.0-31-generic-x86_64-with-glibc2.43,3.14.4,3.3.0,24,Intel(R) Core(TM) Ultra 9 285K,1,1 x NVIDIA GeForce RTX 5090,9.2986,48.7383,60.81615447998047,machine,0.0,0.0,0.0,0.0,N
gradient_updates_27,2026-09-19T12:40:52,tdmpc2_HalfCheetah-v5_seed85062,50929971-aed1-4008-a44d-79d5e57422ee,16.351582857998437,0.0002983119766509987,1.8243618763572513e-05,30.8881824847406,164.1599387087801,20.0,0.00012103529932816146,0.000571199345847706,9.083918774445508e-05,0.0007830738329203252,0.0,Germany,DEU,baden-wurttemberg,,,Linux-7.0.0-31-generic-x86_64-with-glibc2.43,3.14.4,3.3.0,24,Intel(R) Core(TM) Ultra 9 285K,1,1 x NVIDIA GeForce RTX 5090,9.2986,48.7383,60.81615447998047,machine,0.0,0.0,0.0,0.0,N
rollout_28,2026-09-19T12:41:05,tdmpc2_HalfCheetah-v5_seed85062,50929971-aed1-4008-a44d-79d5e57422ee,13.543764723988716,0.000305519631930571,2.2557964702193527e-05,30.82815050294284,164.06518314487437,20.0,0.0001309224344600863,0.0005958313099982959,7.524030182216347e-05,0.0008019940462805422,0.0,Germany,DEU,baden-wurttemberg,,,Linux-7.0.0-31-generic-x86_64-with-glibc2.43,3.14.4,3.3.0,24,Intel(R) Core(TM) Ultra 9 285K,1,1 x NVIDIA GeForce RTX 5090,9.2986,48.7383,60.81615447998047,machine,0.0,0.0,0.0,0.0,N
gradient_updates_28,2026-09-19T12:41:22,tdmpc2_HalfCheetah-v5_seed85062,50929971-aed1-4008-a44d-79d5e57422ee,16.52656994899735,0.0002946333350393876,1.782787223719696e-05,30.881922369343982,163.42590635001258,20.0,0.00011037154385271954,0.0005712307347618406,9.181505972220404e-05,0.0007734173383367599,0.0,Germany,DEU,baden-wurttemberg,,,Linux-7.0.0-31-generic-x86_64-with-glibc2.43,3.14.4,3.3.0,24,Intel(R) Core(TM) Ultra 9 285K,1,1 x NVIDIA GeForce RTX 5090,9.2986,48.7383,60.81615447998047,machine,0.0,0.0,0.0,0.0,N
rollout_29,2026-09-19T12:41:36,tdmpc2_HalfCheetah-v5_seed85062,50929971-aed1-4008-a44d-79d5e57422ee,13.55720072099939,0.0003060843945143013,2.2577262458873683e-05,30.785151369847913,163.35344782138387,20.0,0.00012992598671848418,0.0005982354785878385,7.531509202219483e-05,0.000803476557328521,0.0,Germany,DEU,baden-wurttemberg,,,Linux-7.0.0-31-generic-x86_64-with-glibc2.43,3.14.4,3.3.0,24,Intel(R) Core(TM) Ultra 9 285K,1,1 x NVIDIA GeForce RTX 5090,9.2986,48.7383,60.81615447998047,machine,0.0,0.0,0.0,0.0,N
gradient_updates_29,2026-09-19T12:41:52,tdmpc2_HalfCheetah-v5_seed85062,50929971-aed1-4008-a44d-79d5e57422ee,16.37386136999703,0.0002967824910658154,1.812536375423995e-05,30.835447099980513,162.75649566390234,20.0,0.00011890336206705696,0.0005691932331322036,9.096231296668207e-05,0.0007790589081659444,0.0,Germany,DEU,baden-wurttemberg,,,Linux-7.0.0-31-generic-x86_64-with-glibc2.43,3.14.4,3.3.0,24,Intel(R) Core(TM) Ultra 9 285K,1,1 x NVIDIA GeForce RTX 5090,9.2986,48.7383,60.81615447998047,machine,0.0,0.0,0.0,0.0,N
rollout_30,2026-09-19T12:42:06,tdmpc2_HalfCheetah-v5_seed85062,50929971-aed1-4008-a44d-79d5e57422ee,13.600375238005654,0.00030677381771668233,2.255628968997951e-05,30.772514824739524,162.6916440401065,20.0,0.00013079705852645125,0.0005989340902581297,7.555515576111987e-05,0.0008052863045456965,0.0,Germany,DEU,baden-wurttemberg,,,Linux-7.0.0-31-generic-x86_64-with-glibc2.43,3.14.4,3.3.0,24,Intel(R) Core(TM) Ultra 9 285K,1,1 x NVIDIA GeForce RTX 5090,9.2986,48.7383,60.81615447998047,machine,0.0,0.0,0.0,0.0,N
gradient_updates_30,2026-09-19T12:42:19,tdmpc2_HalfCheetah-v5_seed85062,50929971-aed1-4008-a44d-79d5e57422ee,13.86020911099331,0.00027488169522546513,1.98324488779455e-05,30.827188382370096,162.28875900390423,20.0,0.00012059106591721935,0.0005239798636278437,7.699803022777688e-05,0.0007215689597728434,0.0,Germany,DEU,baden-wurttemberg,,,Linux-7.0.0-31-generic-x86_64-with-glibc2.43,3.14.4,3.3.0,24,Intel(R) Core(TM) Ultra 9 285K,1,1 x NVIDIA GeForce RTX 5090,9.2986,48.7383,60.81615447998047,machine,0.0,0.0,0.0,0.0,N
rollout_31,2026-09-19T12:42:33,tdmpc2_HalfCheetah-v5_seed85062,50929971-aed1-4008-a44d-79d5e57422ee,13.560226407993468,0.000307080936066427,2.2645717171156047e-05,30.838116401601443,162.24411913685626,20.0,0.00013074658598607493,0.0006000140911219809,7.533181814441299e-05,0.0008060924952524653,0.0,Germany,DEU,baden-wurttemberg,,,Linux-7.0.0-31-generic-x86_64-with-glibc2.43,3.14.4,3.3.0,24,Intel(R) Core(TM) Ultra 9 285K,1,1 x NVIDIA GeForce RTX 5090,9.2986,48.7383,60.81615447998047,machine,0.0,0.0,0.0,0.0,N
gradient_updates_31,2026-09-19T12:42:47,tdmpc2_HalfCheetah-v5_seed85062,50929971-aed1-4008-a44d-79d5e57422ee,13.87413414400362,0.0002755467888641387,1.986048708379579e-05,30.89115447846206,161.8674888199078,20.0,0.00011968483102556618,0.0005265548656883112,7.707514477224304e-05,0.0007233148414861196,0.0,Germany,DEU,baden-wurttemberg,,,Linux-7.0.0-31-generic-x86_64-with-glibc2.43,3.14.4,3.3.0,24,Intel(R) Core(TM) Ultra 9 285K,1,1 x NVIDIA GeForce RTX 5090,9.2986,48.7383,60.81615447998047,machine,0.0,0.0,0.0,0.0,N
rollout_32,2026-09-19T12:43:00,tdmpc2_HalfCheetah-v5_seed85062,50929971-aed1-4008-a44d-79d5e57422ee,13.54511127700971,0.00030430558018983145,2.2466091486584172e-05,30.89672825389725,161.81307495231388,20.0,0.00012869279045414975,0.0005948688092276555,7.524554086113435e-05,0.000798807140542937,0.0,Germany,DEU,baden-wurttemberg,,,Linux-7.0.0-31-generic-x86_64-with-glibc2.43,3.14.4,3.3.0,24,Intel(R) Core(TM) Ultra 9 285K,1,1 x NVIDIA GeForce RTX 5090,9.2986,48.7383,60.81615447998047,machine,0.0,0.0,0.0,0.0,N
gradient_updates_32,2026-09-19T12:43:14,tdmpc2_HalfCheetah-v5_seed85062,50929971-aed1-4008-a44d-79d5e57422ee,13.963588088998222,0.00027447214943709594,1.9656289784682706e-05,30.93911126177278,161.44785750331098,20.0,0.00011446445240482356,0.0005284570894321661,7.757235352223203e-05,0.0007204938953592199,0.0,Germany,DEU,baden-wurttemberg,,,Linux-7.0.0-31-generic-x86_64-with-glibc2.43,3.14.4,3.3.0,24,Intel(R) Core(TM) Ultra 9 285K,1,1 x NVIDIA GeForce RTX 5090,9.2986,48.7383,60.81615447998047,machine,0.0,0.0,0.0,0.0,N
rollout_33,2026-09-19T12:43:28,tdmpc2_HalfCheetah-v5_seed85062,50929971-aed1-4008-a44d-79d5e57422ee,13.55009913899994,0.00030550632115008275,2.25464317956042e-05,30.923315510102974,161.41644501236914,20.0,0.00012748600893316975,0.0005992049238079389,7.526817252227237e-05,0.0008019591052633793,0.0,Germany,DEU,baden-wurttemberg,,,Linux-7.0.0-31-generic-x86_64-with-glibc2.43,3.14.4,3.3.0,24,Intel(R) Core(TM) Ultra 9 285K,1,1 x NVIDIA GeForce RTX 5090,9.2986,48.7383,60.81615447998047,machine,0.0,0.0,0.0,0.0,N
gradient_updates_33,2026-09-19T12:43:42,tdmpc2_HalfCheetah-v5_seed85062,50929971-aed1-4008-a44d-79d5e57422ee,13.913523933006218,0.0002757110937578952,1.9816015161842723e-05,30.961463037077408,161.0653386421425,20.0,0.00012032025681168318,0.0005261318097939949,7.729407792220547e-05,0.00072374614452788,0.0,Germany,DEU,baden-wurttemberg,,,Linux-7.0.0-31-generic-x86_64-with-glibc2.43,3.14.4,3.3.0,24,Intel(R) Core(TM) Ultra 9 285K,1,1 x NVIDIA GeForce RTX 5090,9.2986,48.7383,60.81615447998047,machine,0.0,0.0,0.0,0.0,N
rollout_34,2026-09-19T12:43:55,tdmpc2_HalfCheetah-v5_seed85062,50929971-aed1-4008-a44d-79d5e57422ee,13.549144579010317,0.00030477286205967194,2.2493901193217425e-05,30.966952112120286,161.02527232828604,20.0,0.0001295535880872327,0.0005952051983859619,7.527497664446426e-05,0.000800033763117658,0.0,Germany,DEU,baden-wurttemberg,,,Linux-7.0.0-31-generic-x86_64-with-glibc2.43,3.14.4,3.3.0,24,Intel(R) Core(TM) Ultra 9 285K,1,1 x NVIDIA GeForce RTX 5090,9.2986,48.7383,60.81615447998047,machine,0.0,0.0,0.0,0.0,N
gradient_updates_34,2026-09-19T12:44:09,tdmpc2_HalfCheetah-v5_seed85062,50929971-aed1-4008-a44d-79d5e57422ee,13.915282120986376,0.00027661012407640545,1.9878165399586007e-05,31.01073135303981,160.69188499427045,20.0,0.00012176183685383771,0.0005270404216322078,7.730385537773471e-05,0.0007261061138637767,0.0,Germany,DEU,baden-wurttemberg,,,Linux-7.0.0-31-generic-x86_64-with-glibc2.43,3.14.4,3.3.0,24,Intel(R) Core(TM) Ultra 9 285K,1,1 x NVIDIA GeForce RTX 5090,9.2986,48.7383,60.81615447998047,machine,0.0,0.0,0.0,0.0,N
rollout_35,2026-09-19T12:44:23,tdmpc2_HalfCheetah-v5_seed85062,50929971-aed1-4008-a44d-79d5e57422ee,13.569427062000614,0.0003072145645753206,2.2640215566833274e-05,31.020388465123695,160.67083387353384,20.0,0.0001313334886778178,0.0005997265908916916,7.538319271116044e-05,0.0008064432722806672,0.0,Germany,DEU,baden-wurttemberg,,,Linux-7.0.0-31-generic-x86_64-with-glibc2.43,3.14.4,3.3.0,24,Intel(R) Core(TM) Ultra 9 285K,1,1 x NVIDIA GeForce RTX 5090,9.2986,48.7383,60.81615447998047,machine,0.0,0.0,0.0,0.0,N
gradient_updates_35,2026-09-19T12:44:37,tdmpc2_HalfCheetah-v5_seed85062,50929971-aed1-4008-a44d-79d5e57422ee,13.888570140989032,0.0002766992883129239,1.9922818798065645e-05,31.067475358192848,160.35648770379785,20.0,0.00012151384804433285,0.0005276709776920185,7.715534571115217e-05,0.000726340171447501,0.0,Germany,DEU,baden-wurttemberg,,,Linux-7.0.0-31-generic-x86_64-with-glibc2.43,3.14.4,3.3.0,24,Intel(R) Core(TM) Ultra 9 285K,1,1 x NVIDIA GeForce RTX 5090,9.2986,48.7383,60.81615447998047,machine,0.0,0.0,0.0,0.0,N
rollout_36,2026-09-19T12:44:50,tdmpc2_HalfCheetah-v5_seed85062,50929971-aed1-4008-a44d-79d5e57422ee,13.559502689997316,0.0003069570088572206,2.263778811228302e-05,31.075981061775618,160.34170145539397,20.0,0.00013075240126850587,0.0005996863130821595,7.532846994444224e-05,0.0008057671842951059,0.0,Germany,DEU,baden-wurttemberg,,,Linux-7.0.0-31-generic-x86_64-with-glibc2.43,3.14.4,3.3.0,24,Intel(R) Core(TM) Ultra 9 285K,1,1 x NVIDIA GeForce RTX 5090,9.2986,48.7383,60.81615447998047,machine,0.0,0.0,0.0,0.0,N
gradient_updates_36,2026-09-19T12:45:04,tdmpc2_HalfCheetah-v5_seed85062,50929971-aed1-4008-a44d-79d5e57422ee,13.888189335993957,0.00027660314090506913,1.991644136967094e-05,31.11952118759393,160.04016506406543,20.0,0.00012111605189276363,0.0005278182000316711,7.715353100001127e-05,0.0007260877829244478,0.0,Germany,DEU,baden-wurttemberg,,,Linux-7.0.0-31-generic-x86_64-with-glibc2.43,3.14.4,3.3.0,24,Intel(R) Core(TM) Ultra 9 285K,1,1 x NVIDIA GeForce RTX 5090,9.2986,48.7383,60.81615447998047,machine,0.0,0.0,0.0,0.0,N
rollout_37,2026-09-19T12:45:18,tdmpc2_HalfCheetah-v5_seed85062,50929971-aed1-4008-a44d-79d5e57422ee,13.527216136004427,0.00030575008478718815,2.2602600372708916e-05,31.125844247647066,160.02702116742987,20.0,0.00013000604428252925,0.0005974440890663679,7.514885546115735e-05,0.0008025989888100493,0.0,Germany,DEU,baden-wurttemberg,,,Linux-7.0.0-31-generic-x86_64-with-glibc2.43,3.14.4,3.3.0,24,Intel(R) Core(TM) Ultra 9 285K,1,1 x NVIDIA GeForce RTX 5090,9.2986,48.7383,60.81615447998047,machine,0.0,0.0,0.0,0.0,N
gradient_updates_37,2026-09-19T12:45:32,tdmpc2_HalfCheetah-v5_seed85062,50929971-aed1-4008-a44d-79d5e57422ee,14.06784805499774,0.00027322703907985135,1.9422072434897803e-05,31.163327049923502,159.7262902059029,20.0,0.00010772525062457614,0.0005313437584080205,7.815645121113986e-05,0.0007172254602437339,0.0,Germany,DEU,baden-wurttemberg,,,Linux-7.0.0-31-generic-x86_64-with-glibc2.43,3.14.4,3.3.0,24,Intel(R) Core(TM) Ultra 9 285K,1,1 x NVIDIA GeForce RTX 5090,9.2986,48.7383,60.81615447998047,machine,0.0,0.0,0.0,0.0,N
rollout_38,2026-09-19T12:45:45,tdmpc2_HalfCheetah-v5_seed85062,50929971-aed1-4008-a44d-79d5e57422ee,13.564776450002682,0.00030483973143321727,2.2472901324777795e-05,31.12459250580861,159.70879220220075,20.0,0.0001283625229677142,0.0005964896438581668,7.535712949441678e-05,0.0008002092963202978,0.0,Germany,DEU,baden-wurttemberg,,,Linux-7.0.0-31-generic-x86_64-with-glibc2.43,3.14.4,3.3.0,24,Intel(R) Core(TM) Ultra 9 285K,1,1 x NVIDIA GeForce RTX 5090,9.2986,48.7383,60.81615447998047,machine,0.0,0.0,0.0,0.0,N
gradient_updates_38,2026-09-19T12:45:59,tdmpc2_HalfCheetah-v5_seed85062,50929971-aed1-4008-a44d-79d5e57422ee,13.90439768700162,0.00027702626461617585,1.9923650047360845e-05,31.157966643828388,159.43193052901142,20.0,0.00012075701327219843,0.0005291912566858237,7.725021964999704e-05,0.0007271984896080191,0.0,Germany,DEU,baden-wurttemberg,,,Linux-7.0.0-31-generic-x86_64-with-glibc2.43,3.14.4,3.3.0,24,Intel(R) Core(TM) Ultra 9 285K,1,1 x NVIDIA GeForce RTX 5090,9.2986,48.7383,60.81615447998047,machine,0.0,0.0,0.0,0.0,N
rollout_39,2026-09-19T12:46:13,tdmpc2_HalfCheetah-v5_seed85062,50929971-aed1-4008-a44d-79d5e57422ee,13.552012151994859,0.00030716977124271155,2.2666000652672597e-05,31.16175351812599,159.4380217561312,20.0,0.0001289790448498196,0.0006020602038701028,7.528644032774728e-05,0.0008063256890476767,0.0,Germany,DEU,baden-wurttemberg,,,Linux-7.0.0-31-generic-x86_64-with-glibc2.43,3.14.4,3.3.0,24,Intel(R) Core(TM) Ultra 9 285K,1,1 x NVIDIA GeForce RTX 5090,9.2986,48.7383,60.81615447998047,machine,0.0,0.0,0.0,0.0,N
gradient_updates_39,2026-09-19T12:46:27,tdmpc2_HalfCheetah-v5_seed85062,50929971-aed1-4008-a44d-79d5e57422ee,13.916939278991777,0.0002770387624956537,1.9906603229476565e-05,31.195960888486677,159.170794732109,20.0,0.00012042442300612757,0.0005295026458238539,7.730422791670834e-05,0.0007272312967466915,0.0,Germany,DEU,baden-wurttemberg,,,Linux-7.0.0-31-generic-x86_64-with-glibc2.43,3.14.4,3.3.0,24,Intel(R) Core(TM) Ultra 9 285K,1,1 x NVIDIA GeForce RTX 5090,9.2986,48.7383,60.81615447998047,machine,0.0,0.0,0.0,0.0,N
rollout_40,2026-09-19T12:46:40,tdmpc2_HalfCheetah-v5_seed85062,50929971-aed1-4008-a44d-79d5e57422ee,13.630440911001642,0.00030767024836536594,2.2572291539954233e-05,31.198267045348807,159.1655957916483,20.0,0.00013095039226022898,0.0006009671474398459,7.572191000557085e-05,0.0008076394497056466,0.0,Germany,DEU,baden-wurttemberg,,,Linux-7.0.0-31-generic-x86_64-with-glibc2.43,3.14.4,3.3.0,24,Intel(R) Core(TM) Ultra 9 285K,1,1 x NVIDIA GeForce RTX 5090,9.2986,48.7383,60.81615447998047,machine,0.0,0.0,0.0,0.0,N
gradient_updates_40,2026-09-19T12:46:54,tdmpc2_HalfCheetah-v5_seed85062,50929971-aed1-4008-a44d-79d5e57422ee,13.910083770999336,0.00027854768346406364,2.002488872054845e-05,31.234834085890864,158.91932033110822,20.0,0.00012077261134023354,0.0005331448709600117,7.727475674441323e-05,0.0007311922390446646,0.0,Germany,DEU,baden-wurttemberg,,,Linux-7.0.0-31-generic-x86_64-with-glibc2.43,3.14.4,3.3.0,24,Intel(R) Core(TM) Ultra 9 285K,1,1 x NVIDIA GeForce RTX 5090,9.2986,48.7383,60.81615447998047,machine,0.0,0.0,0.0,0.0,N
rollout_41,2026-09-19T12:47:08,tdmpc2_HalfCheetah-v5_seed85062,50929971-aed1-4008-a44d-79d5e57422ee,13.55000263400143,0.00030612234990969045,2.2592065262713358e-05,31.237753118123138,158.91970521835003,20.0,0.00013012041715180708,0.0005981899229956511,7.526585071666175e-05,0.0008035761908641303,0.0,Germany,DEU,baden-wurttemberg,,,Linux-7.0.0-31-generic-x86_64-with-glibc2.43,3.14.4,3.3.0,24,Intel(R) Core(TM) Ultra 9 285K,1,1 x NVIDIA GeForce RTX 5090,9.2986,48.7383,60.81615447998047,machine,0.0,0.0,0.0,0.0,N
gradient_updates_41,2026-09-19T12:47:22,tdmpc2_HalfCheetah-v5_seed85062,50929971-aed1-4008-a44d-79d5e57422ee,13.902295136998873,0.0002769287494265721,1.991961490007869e-05,31.2728099571323,158.67149477354576,20.0,0.00012037205185311955,0.0005293387568046093,7.723170197770912e-05,0.0007269425106354449,0.0,Germany,DEU,baden-wurttemberg,,,Linux-7.0.0-31-generic-x86_64-with-glibc2.43,3.14.4,3.3.0,24,Intel(R) Core(TM) Ultra 9 285K,1,1 x NVIDIA GeForce RTX 5090,9.2986,48.7383,60.81615447998047,machine,0.0,0.0,0.0,0.0,N
rollout_42,2026-09-19T12:47:35,tdmpc2_HalfCheetah-v5_seed85062,50929971-aed1-4008-a44d-79d5e57422ee,13.544658858998446,0.0003065914912407479,2.263561202510142e-05,31.27366460722283,158.6884596211106,20.0,0.0001269132626416404,0.0006026490932300455,7.524533868337197e-05,0.000804807694555057,0.0,Germany,DEU,baden-wurttemberg,,,Linux-7.0.0-31-generic-x86_64-with-glibc2.43,3.14.4,3.3.0,24,Intel(R) Core(TM) Ultra 9 285K,1,1 x NVIDIA GeForce RTX 5090,9.2986,48.7383,60.81615447998047,machine,0.0,0.0,0.0,0.0,N
gradient_updates_42,2026-09-19T12:47:49,tdmpc2_HalfCheetah-v5_seed85062,50929971-aed1-4008-a44d-79d5e57422ee,13.889850253995974,0.0002761614884629407,1.988226785048153e-05,31.298494662724515,158.44996224426419,20.0,0.00011833605827988106,0.000529429867988096,7.716251174998568e-05,0.0007249284380179549,0.0,Germany,DEU,baden-wurttemberg,,,Linux-7.0.0-31-generic-x86_64-with-glibc2.43,3.14.4,3.3.0,24,Intel(R) Core(TM) Ultra 9 285K,1,1 x NVIDIA GeForce RTX 5090,9.2986,48.7383,60.81615447998047,machine,0.0,0.0,0.0,0.0,N
rollout_43,2026-09-19T12:48:03,tdmpc2_HalfCheetah-v5_seed85062,50929971-aed1-4008-a44d-79d5e57422ee,13.540348586990149,0.00030628225178604834,2.2619982346345112e-05,31.29469370067629,158.45693154618218,20.0,0.00013044127518626984,0.0005983329786656277,7.522168206107634e-05,0.0008039959359129739,0.0,Germany,DEU,baden-wurttemberg,,,Linux-7.0.0-31-generic-x86_64-with-glibc2.43,3.14.4,3.3.0,24,Intel(R) Core(TM) Ultra 9 285K,1,1 x NVIDIA GeForce RTX 5090,9.2986,48.7383,60.81615447998047,machine,0.0,0.0,0.0,0.0,N
gradient_updates_43,2026-09-19T12:48:17,tdmpc2_HalfCheetah-v5_seed85062,50929971-aed1-4008-a44d-79d5e57422ee,13.916787216003286,0.00027618543239895516,1.984550308686127e-05,31.328315488957152,158.22255234093032,20.0,0.00011849673285286612,0.0005291823677899821,7.731219059997803e-05,0.0007249912912428297,0.0,Germany,DEU,baden-wurttemberg,,,Linux-7.0.0-31-generic-x86_64-with-glibc2.43,3.14.4,3.3.0,24,Intel(R) Core(TM) Ultra 9 285K,1,1 x NVIDIA GeForce RTX 5090,9.2986,48.7383,60.81615447998047,machine,0.0,0.0,0.0,0.0,N
rollout_44,2026-09-19T12:48:30,tdmpc2_HalfCheetah-v5_seed85062,50929971-aed1-4008-a44d-79d5e57422ee,13.535091233003186,0.00030690107282038345,2.2674484776696474e-05,31.323575907601022,158.24467555937608,20.0,0.00012783378976695056,0.0006025943709637716,7.519219054997334e-05,0.0008056203512807059,0.0,Germany,DEU,baden-wurttemberg,,,Linux-7.0.0-31-generic-x86_64-with-glibc2.43,3.14.4,3.3.0,24,Intel(R) Core(TM) Ultra 9 285K,1,1 x NVIDIA GeForce RTX 5090,9.2986,48.7383,60.81615447998047,machine,0.0,0.0,0.0,0.0,N
gradient_updates_44,2026-09-19T12:48:44,tdmpc2_HalfCheetah-v5_seed85062,50929971-aed1-4008-a44d-79d5e57422ee,13.9622460410028,0.0002753413763868298,1.9720437985859363e-05,31.3491621038693,158.0091178766855,20.0,0.00011737078889655778,0.0005278401444943626,7.756469697220957e-05,0.0007227756303631178,0.0,Germany,DEU,baden-wurttemberg,,,Linux-7.0.0-31-generic-x86_64-with-glibc2.43,3.14.4,3.3.0,24,Intel(R) Core(TM) Ultra 9 285K,1,1 x NVIDIA GeForce RTX 5090,9.2986,48.7383,60.81615447998047,machine,0.0,0.0,0.0,0.0,N
rollout_45,2026-09-19T12:48:58,tdmpc2_HalfCheetah-v5_seed85062,50929971-aed1-4008-a44d-79d5e57422ee,13.577460840009735,0.00030598697755893425,2.2536403423205424e-05,31.340418850637658,158.0202794979661,20.0,0.00012787683646805527,0.0005999163132655028,7.54276864888704e-05,0.0008032208362224319,0.0,Germany,DEU,baden-wurttemberg,,,Linux-7.0.0-31-generic-x86_64-with-glibc2.43,3.14.4,3.3.0,24,Intel(R) Core(TM) Ultra 9 285K,1,1 x NVIDIA GeForce RTX 5090,9.2986,48.7383,60.81615447998047,machine,0.0,0.0,0.0,0.0,N
gradient_updates_45,2026-09-19T12:49:12,tdmpc2_HalfCheetah-v5_seed85062,50929971-aed1-4008-a44d-79d5e57422ee,13.952126156989834,0.00027817471373482033,1.9937775431105678e-05,31.365128972159933,157.80289201482142,20.0,0.00012118485222558338,0.0005315201474385134,7.75081877222375e-05,0.0007302131873863221,0.0,Germany,DEU,baden-wurttemberg,,,Linux-7.0.0-31-generic-x86_64-with-glibc2.43,3.14.4,3.3.0,24,Intel(R) Core(TM) Ultra 9 285K,1,1 x NVIDIA GeForce RTX 5090,9.2986,48.7383,60.81615447998047,machine,0.0,0.0,0.0,0.0,N
rollout_46,2026-09-19T12:49:25,tdmpc2_HalfCheetah-v5_seed85062,50929971-aed1-4008-a44d-79d5e57422ee,13.536529878998408,0.00030604094021259576,2.26085289557847e-05,31.36650851789813,157.81630050048676,20.0,0.0001299261392186061,0.0005982360341438842,7.520031571111793e-05,0.0008033624890736168,0.0,Germany,DEU,baden-wurttemberg,,,Linux-7.0.0-31-generic-x86_64-with-glibc2.43,3.14.4,3.3.0,24,Intel(R) Core(TM) Ultra 9 285K,1,1 x NVIDIA GeForce RTX 5090,9.2986,48.7383,60.81615447998047,machine,0.0,0.0,0.0,0.0,N
gradient_updates_46,2026-09-19T12:49:39,tdmpc2_HalfCheetah-v5_seed85062,50929971-aed1-4008-a44d-79d5e57422ee,13.93353433298762,0.0002763176010240516,1.9831135832727208e-05,31.396408947991162,157.59757420006375,20.0,0.00012009995413544104,0.0005278332000444586,7.740508187222689e-05,0.0007253382360521143,0.0,Germany,DEU,baden-wurttemberg,,,Linux-7.0.0-31-generic-x86_64-with-glibc2.43,3.14.4,3.3.0,24,Intel(R) Core(TM) Ultra 9 285K,1,1 x NVIDIA GeForce RTX 5090,9.2986,48.7383,60.81615447998047,machine,0.0,0.0,0.0,0.0,N
rollout_47,2026-09-19T12:49:53,tdmpc2_HalfCheetah-v5_seed85062,50929971-aed1-4008-a44d-79d5e57422ee,13.539029735999065,0.00030729075328024893,2.2696674973085024e-05,31.395079440092577,157.6229908856698,20.0,0.00012928488120559842,0.0006021443706032414,7.521401707223652e-05,0.0008066432688810798,0.0,Germany,DEU,baden-wurttemberg,,,Linux-7.0.0-31-generic-x86_64-with-glibc2.43,3.14.4,3.3.0,24,Intel(R) Core(TM) Ultra 9 285K,1,1 x NVIDIA GeForce RTX 5090,9.2986,48.7383,60.81615447998047,machine,0.0,0.0,0.0,0.0,N
gradient_updates_47,2026-09-19T12:50:08,tdmpc2_HalfCheetah-v5_seed85062,50929971-aed1-4008-a44d-79d5e57422ee,15.242376427995623,0.000283489347465464,1.8598777793667577e-05,31.419256240905767,157.35006955715843,20.0,0.0001076829500351803,0.0005518043303323061,8.467690775554142e-05,0.0007441641881230227,0.0,Germany,DEU,baden-wurttemberg,,,Linux-7.0.0-31-generic-x86_64-with-glibc2.43,3.14.4,3.3.0,24,Intel(R) Core(TM) Ultra 9 285K,1,1 x NVIDIA GeForce RTX 5090,9.2986,48.7383,60.81615447998047,machine,0.0,0.0,0.0,0.0,N
rollout_48,2026-09-19T12:50:22,tdmpc2_HalfCheetah-v5_seed85062,50929971-aed1-4008-a44d-79d5e57422ee,13.550217322990648,0.00030673842674795726,2.2637169456818346e-05,31.36606682475704,157.3747951433746,20.0,0.0001282778198443968,0.0006016393701999689,7.527621262779643e-05,0.0008051934026721552,0.0,Germany,DEU,baden-wurttemberg,,,Linux-7.0.0-31-generic-x86_64-with-glibc2.43,3.14.4,3.3.0,24,Intel(R) Core(TM) Ultra 9 285K,1,1 x NVIDIA GeForce RTX 5090,9.2986,48.7383,60.81615447998047,machine,0.0,0.0,0.0,0.0,N
gradient_updates_48,2026-09-19T12:50:38,tdmpc2_HalfCheetah-v5_seed85062,50929971-aed1-4008-a44d-79d5e57422ee,16.414485387009336,0.00030045365696984225,1.8304185627113808e-05,31.388654542790793,157.06520093419144,20.0,0.00012394600999006238,0.0005735612921822231,9.118847672216421e-05,0.0007886957788944549,0.0,Germany,DEU,baden-wurttemberg,,,Linux-7.0.0-31-generic-x86_64-with-glibc2.43,3.14.4,3.3.0,24,Intel(R) Core(TM) Ultra 9 285K,1,1 x NVIDIA GeForce RTX 5090,9.2986,48.7383,60.81615447998047,machine,0.0,0.0,0.0,0.0,N
rollout_49,2026-09-19T12:50:51,tdmpc2_HalfCheetah-v5_seed85062,50929971-aed1-4008-a44d-79d5e57422ee,13.551159916998586,0.0003087219743338511,2.2781978102271337e-05,31.35351873339759,157.0923376041851,20.0,0.0001333879114324664,0.0006017307591621446,7.528157703329437e-05,0.0008104002476279071,0.0,Germany,DEU,baden-wurttemberg,,,Linux-7.0.0-31-generic-x86_64-with-glibc2.43,3.14.4,3.3.0,24,Intel(R) Core(TM) Ultra 9 285K,1,1 x NVIDIA GeForce RTX 5090,9.2986,48.7383,60.81615447998047,machine,0.0,0.0,0.0,0.0,N
gradient_updates_49,2026-09-19T12:51:08,tdmpc2_HalfCheetah-v5_seed85062,50929971-aed1-4008-a44d-79d5e57422ee,16.407663303005393,0.0003005045306318961,1.831486276554721e-05,31.38808637305072,156.79185135004874,20.0,0.00012414734098445922,0.0005735312921575364,9.115068994999288e-05,0.0007888293230919885,0.0,Germany,DEU,baden-wurttemberg,,,Linux-7.0.0-31-generic-x86_64-with-glibc2.43,3.14.4,3.3.0,24,Intel(R) Core(TM) Ultra 9 285K,1,1 x NVIDIA GeForce RTX 5090,9.2986,48.7383,60.81615447998047,machine,0.0,0.0,0.0,0.0,N
rollout_50,2026-09-19T12:51:22,tdmpc2_HalfCheetah-v5_seed85062,50929971-aed1-4008-a44d-79d5e57422ee,13.602948474013829,0.0003082192787446647,2.2658274971415045e-05,31.35370848529141,156.8156294280545,20.0,0.00013164149531311176,0.000601869925940246,7.556924220552923e-05,0.0008090806634588887,0.0,Germany,DEU,baden-wurttemberg,,,Linux-7.0.0-31-generic-x86_64-with-glibc2.43,3.14.4,3.3.0,24,Intel(R) Core(TM) Ultra 9 285K,1,1 x NVIDIA GeForce RTX 5090,9.2986,48.7383,60.81615447998047,machine,0.0,0.0,0.0,0.0,N
gradient_updates_50,2026-09-19T12:51:38,tdmpc2_HalfCheetah-v5_seed85062,50929971-aed1-4008-a44d-79d5e57422ee,16.549344677987392,0.00029862183664681324,1.8044340712139388e-05,31.38127929592868,156.51701703606602,20.0,0.00011658994716077196,0.0005753599047322311,9.193736860001536e-05,0.0007838872204930097,0.0,Germany,DEU,baden-wurttemberg,,,Linux-7.0.0-31-generic-x86_64-with-glibc2.43,3.14.4,3.3.0,24,Intel(R) Core(TM) Ultra 9 285K,1,1 x NVIDIA GeForce RTX 5090,9.2986,48.7383,60.81615447998047,machine,0.0,0.0,0.0,0.0,N
rollout_51,2026-09-19T12:51:52,tdmpc2_HalfCheetah-v5_seed85062,50929971-aed1-4008-a44d-79d5e57422ee,13.549420429000747,0.0003082347966700469,2.274893742707345e-05,31.33142049516103,156.54968495036027,20.0,0.0001316860000709387,0.0006021704817356088,7.526491646106699e-05,0.0008091213982676093,0.0,Germany,DEU,baden-wurttemberg,,,Linux-7.0.0-31-generic-x86_64-with-glibc2.43,3.14.4,3.3.0,24,Intel(R) Core(TM) Ultra 9 285K,1,1 x NVIDIA GeForce RTX 5090,9.2986,48.7383,60.81615447998047,machine,0.0,0.0,0.0,0.0,N
gradient_updates_51,2026-09-19T12:52:08,tdmpc2_HalfCheetah-v5_seed85062,50929971-aed1-4008-a44d-79d5e57422ee,16.406180271995254,0.0003001624633517108,1.8295709342571518e-05,31.360865166289795,156.26616736239117,20.0,0.0001229094822163962,0.0005738796257697132,9.114228288332679e-05,0.0007879313908694396,0.0,Germany,DEU,baden-wurttemberg,,,Linux-7.0.0-31-generic-x86_64-with-glibc2.43,3.14.4,3.3.0,24,Intel(R) Core(TM) Ultra 9 285K,1,1 x NVIDIA GeForce RTX 5090,9.2986,48.7383,60.81615447998047,machine,0.0,0.0,0.0,0.0,N
rollout_52,2026-09-19T12:52:22,tdmpc2_HalfCheetah-v5_seed85062,50929971-aed1-4008-a44d-79d5e57422ee,13.548161690006964,0.00030577858451174417,2.2569752191602956e-05,31.325402574604045,156.29048014776677,20.0,0.0001293621246007265,0.0005980465895483178,7.526508690554844e-05,0.0008026738010545875,0.0,Germany,DEU,baden-wurttemberg,,,Linux-7.0.0-31-generic-x86_64-with-glibc2.43,3.14.4,3.3.0,24,Intel(R) Core(TM) Ultra 9 285K,1,1 x NVIDIA GeForce RTX 5090,9.2986,48.7383,60.81615447998047,machine,0.0,0.0,0.0,0.0,N
gradient_updates_52,2026-09-19T12:52:36,tdmpc2_HalfCheetah-v5_seed85062,50929971-aed1-4008-a44d-79d5e57422ee,13.962113153000246,0.0002792878983618116,2.0003284588676377e-05,31.351368966079203,156.117690829886,20.0,0.00012315389352303592,0.0005324173703780133,7.756405139443777e-05,0.00073313531529548,0.0,Germany,DEU,baden-wurttemberg,,,Linux-7.0.0-31-generic-x86_64-with-glibc2.43,3.14.4,3.3.0,24,Intel(R) Core(TM) Ultra 9 285K,1,1 x NVIDIA GeForce RTX 5090,9.2986,48.7383,60.81615447998047,machine,0.0,0.0,0.0,0.0,N
rollout_53,2026-09-19T12:52:49,tdmpc2_HalfCheetah-v5_seed85062,50929971-aed1-4008-a44d-79d5e57422ee,13.547737691988004,0.0003047289160554578,2.2492986150221915e-05,31.356370689863684,156.1401709935768,20.0,0.00012777185638407004,0.0005968840886181326,7.526245913338885e-05,0.0007999184041355967,0.0,Germany,DEU,baden-wurttemberg,,,Linux-7.0.0-31-generic-x86_64-with-glibc2.43,3.14.4,3.3.0,24,Intel(R) Core(TM) Ultra 9 285K,1,1 x NVIDIA GeForce RTX 5090,9.2986,48.7383,60.81615447998047,machine,0.0,0.0,0.0,0.0,N
gradient_updates_53,2026-09-19T12:53:03,tdmpc2_HalfCheetah-v5_seed85062,50929971-aed1-4008-a44d-79d5e57422ee,14.052234888993553,0.00027381431173213733,1.9485444302887247e-05,31.376114446022704,155.95926927776992,20.0,0.0001102986068499262,0.000530399590985553,7.806886275551171e-05,0.0007187670605909857,0.0,Germany,DEU,baden-wurttemberg,,,Linux-7.0.0-31-generic-x86_64-with-glibc2.43,3.14.4,3.3.0,24,Intel(R) Core(TM) Ultra 9 285K,1,1 x NVIDIA GeForce RTX 5090,9.2986,48.7383,60.81615447998047,machine,0.0,0.0,0.0,0.0,N
rollout_54,2026-09-19T12:53:17,tdmpc2_HalfCheetah-v5_seed85062,50929971-aed1-4008-a44d-79d5e57422ee,13.561722143000225,0.0003067505707046378,2.2618852608767655e-05,31.352112186101532,155.9926010370986,20.0,0.00012819020088541098,0.0006016946480222884,7.534043184997431e-05,0.0008052252807576737,0.0,Germany,DEU,baden-wurttemberg,,,Linux-7.0.0-31-generic-x86_64-with-glibc2.43,3.14.4,3.3.0,24,Intel(R) Core(TM) Ultra 9 285K,1,1 x NVIDIA GeForce RTX 5090,9.2986,48.7383,60.81615447998047,machine,0.0,0.0,0.0,0.0,N
gradient_updates_54,2026-09-19T12:53:31,tdmpc2_HalfCheetah-v5_seed85062,50929971-aed1-4008-a44d-79d5e57422ee,13.869603375991574,0.0002764414333229215,1.993147717566241e-05,31.374446084330703,155.817950398446,20.0,0.00012435172337018664,0.0005242615305203202,7.705004397778013e-05,0.000725663297868287,0.0,Germany,DEU,baden-wurttemberg,,,Linux-7.0.0-31-generic-x86_64-with-glibc2.43,3.14.4,3.3.0,24,Intel(R) Core(TM) Ultra 9 285K,1,1 x NVIDIA GeForce RTX 5090,9.2986,48.7383,60.81615447998047,machine,0.0,0.0,0.0,0.0,N
rollout_55,2026-09-19T12:53:44,tdmpc2_HalfCheetah-v5_seed85062,50929971-aed1-4008-a44d-79d5e57422ee,13.548114292003447,0.000306560227737257,2.262753309901332e-05,31.383463163519362,155.85090761606563,20.0,0.00012881152054913456,0.0006006490916297125,7.526501516662808e-05,0.0008047256273454734,0.0,Germany,DEU,baden-wurttemberg,,,Linux-7.0.0-31-generic-x86_64-with-glibc2.43,3.14.4,3.3.0,24,Intel(R) Core(TM) Ultra 9 285K,1,1 x NVIDIA GeForce RTX 5090,9.2986,48.7383,60.81615447998047,machine,0.0,0.0,0.0,0.0,N
gradient_updates_55,2026-09-19T12:53:58,tdmpc2_HalfCheetah-v5_seed85062,50929971-aed1-4008-a44d-79d5e57422ee,13.910709214993403,0.000277892638055402,1.9976896232936026e-05,31.40652961265967,155.68710360816561,20.0,0.00012341637817746796,0.0005287782008003283,7.727815512221722e-05,0.0007294727341000118,0.0,Germany,DEU,baden-wurttemberg,,,Linux-7.0.0-31-generic-x86_64-with-glibc2.43,3.14.4,3.3.0,24,Intel(R) Core(TM) Ultra 9 285K,1,1 x NVIDIA GeForce RTX 5090,9.2986,48.7383,60.81615447998047,machine,0.0,0.0,0.0,0.0,N
rollout_56,2026-09-19T12:54:12,tdmpc2_HalfCheetah-v5_seed85062,50929971-aed1-4008-a44d-79d5e57422ee,13.56532051799877,0.00030710408449459436,2.263892109598213e-05,31.41255727687065,155.71991751339894,20.0,0.00012969108653056519,0.0006011018697700266,7.536030395559508e-05,0.0008061532602561816,0.0,Germany,DEU,baden-wurttemberg,,,Linux-7.0.0-31-generic-x86_64-with-glibc2.43,3.14.4,3.3.0,24,Intel(R) Core(TM) Ultra 9 285K,1,1 x NVIDIA GeForce RTX 5090,9.2986,48.7383,60.81615447998047,machine,0.0,0.0,0.0,0.0,N
gradient_updates_56,2026-09-19T12:54:25,tdmpc2_HalfCheetah-v5_seed85062,50929971-aed1-4008-a44d-79d5e57422ee,13.86494796500483,0.00027632318953906,1.9929637812178986e-05,31.436394677425174,155.5574328983512,20.0,0.00012245490657495847,0.0005258737540319025,7.702424538882924e-05,0.0007253529059956937,0.0,Germany,DEU,baden-wurttemberg,,,Linux-7.0.0-31-generic-x86_64-with-glibc2.43,3.14.4,3.3.0,24,Intel(R) Core(TM) Ultra 9 285K,1,1 x NVIDIA GeForce RTX 5090,9.2986,48.7383,60.81615447998047,machine,0.0,0.0,0.0,0.0,N
rollout_57,2026-09-19T12:54:39,tdmpc2_HalfCheetah-v5_seed85062,50929971-aed1-4008-a44d-79d5e57422ee,13.548925579991192,0.0003072470015887882,2.2676864905886007e-05,31.440983133808313,155.59326532223042,20.0,0.00012977348381870354,0.0006014857589655698,7.526917718892606e-05,0.0008065284199731959,0.0,Germany,DEU,baden-wurttemberg,,,Linux-7.0.0-31-generic-x86_64-with-glibc2.43,3.14.4,3.3.0,24,Intel(R) Core(TM) Ultra 9 285K,1,1 x NVIDIA GeForce RTX 5090,9.2986,48.7383,60.81615447998047,machine,0.0,0.0,0.0,0.0,N
gradient_updates_57,2026-09-19T12:54:53,tdmpc2_HalfCheetah-v5_seed85062,50929971-aed1-4008-a44d-79d5e57422ee,13.875815614999738,0.000276055266653176,1.989468145773873e-05,31.46407816774766,155.44019497581613,20.0,0.00011866673243331183,0.0005288984786746553,7.708439291665044e-05,0.0007246496040246159,0.0,Germany,DEU,baden-wurttemberg,,,Linux-7.0.0-31-generic-x86_64-with-glibc2.43,3.14.4,3.3.0,24,Intel(R) Core(TM) Ultra 9 285K,1,1 x NVIDIA GeForce RTX 5090,9.2986,48.7383,60.81615447998047,machine,0.0,0.0,0.0,0.0,N
rollout_58,2026-09-19T12:55:06,tdmpc2_HalfCheetah-v5_seed85062,50929971-aed1-4008-a44d-79d5e57422ee,13.557683769002324,0.0003054679240975869,2.2530993771214495e-05,31.46063540836797,155.46493798851495,20.0,0.00012988992530074683,0.0005966504773198267,7.531790975004275e-05,0.000801858312370618,0.0,Germany,DEU,baden-wurttemberg,,,Linux-7.0.0-31-generic-x86_64-with-glibc2.43,3.14.4,3.3.0,24,Intel(R) Core(TM) Ultra 9 285K,1,1 x NVIDIA GeForce RTX 5090,9.2986,48.7383,60.81615447998047,machine,0.0,0.0,0.0,0.0,N
gradient_updates_58,2026-09-19T12:55:21,tdmpc2_HalfCheetah-v5_seed85062,50929971-aed1-4008-a44d-79d5e57422ee,14.115640978998272,0.00027651514492132295,1.95892875381666e-05,31.481955975340785,155.31344087650015,20.0,0.00011034997800213504,0.0005370898741157148,7.841693990558347e-05,0.0007258567920234299,0.0,Germany,DEU,baden-wurttemberg,,,Linux-7.0.0-31-generic-x86_64-with-glibc2.43,3.14.4,3.3.0,24,Intel(R) Core(TM) Ultra 9 285K,1,1 x NVIDIA GeForce RTX 5090,9.2986,48.7383,60.81615447998047,machine,0.0,0.0,0.0,0.0,N
rollout_59,2026-09-19T12:55:34,tdmpc2_HalfCheetah-v5_seed85062,50929971-aed1-4008-a44d-79d5e57422ee,13.585048934997758,0.0003063373757465973,2.2549600284253447e-05,31.45872149288594,155.33664454091496,20.0,0.00013181970045567787,0.0005968507552580604,7.54701815000678e-05,0.0008041406372138044,0.0,Germany,DEU,baden-wurttemberg,,,Linux-7.0.0-31-generic-x86_64-with-glibc2.43,3.14.4,3.3.0,24,Intel(R) Core(TM) Ultra 9 285K,1,1 x NVIDIA GeForce RTX 5090,9.2986,48.7383,60.81615447998047,machine,0.0,0.0,0.0,0.0,N
gradient_updates_59,2026-09-19T12:55:48,tdmpc2_HalfCheetah-v5_seed85062,50929971-aed1-4008-a44d-79d5e57422ee,13.846562344988342,0.00027786063368204217,2.0067139501051254e-05,31.48496492096019,155.19442475071375,20.0,0.00012284993911320513,0.0005296168125816791,7.692197039998322e-05,0.0007293887220948675,0.0,Germany,DEU,baden-wurttemberg,,,Linux-7.0.0-31-generic-x86_64-with-glibc2.43,3.14.4,3.3.0,24,Intel(R) Core(TM) Ultra 9 285K,1,1 x NVIDIA GeForce RTX 5090,9.2986,48.7383,60.81615447998047,machine,0.0,0.0,0.0,0.0,N
rollout_60,2026-09-19T12:56:02,tdmpc2_HalfCheetah-v5_seed85062,50929971-aed1-4008-a44d-79d5e57422ee,13.607067554999958,0.0003079442307382871,2.2631204519952654e-05,31.490243542534504,155.22487256350854,20.0,0.00013180293294226195,0.0006009635363262156,7.559218866113465e-05,0.0008083586579296226,0.0,Germany,DEU,baden-wurttemberg,,,Linux-7.0.0-31-generic-x86_64-with-glibc2.43,3.14.4,3.3.0,24,Intel(R) Core(TM) Ultra 9 285K,1,1 x NVIDIA GeForce RTX 5090,9.2986,48.7383,60.81615447998047,machine,0.0,0.0,0.0,0.0,N
gradient_updates_60,2026-09-19T12:56:15,tdmpc2_HalfCheetah-v5_seed85062,50929971-aed1-4008-a44d-79d5e57422ee,13.85316009199596,0.0002779069718122293,2.0060924409444148e-05,31.51542525715576,155.08458672392229,20.0,0.00012326963972674257,0.0005292820900923978,7.695863062771348e-05,0.0007295103604468556,0.0,Germany,DEU,baden-wurttemberg,,,Linux-7.0.0-31-generic-x86_64-with-glibc2.43,3.14.4,3.3.0,24,Intel(R) Core(TM) Ultra 9 285K,1,1 x NVIDIA GeForce RTX 5090,9.2986,48.7383,60.81615447998047,machine,0.0,0.0,0.0,0.0,N
rollout_61,2026-09-19T12:56:29,tdmpc2_HalfCheetah-v5_seed85062,50929971-aed1-4008-a44d-79d5e57422ee,13.538013251003576,0.0003064920096587098,2.2639376937782736e-05,31.52117647732703,155.11449920411172,20.0,0.00013186576521475105,0.0005974724224220296,7.520836613330098e-05,0.0008045465537700747,0.0,Germany,DEU,baden-wurttemberg,,,Linux-7.0.0-31-generic-x86_64-with-glibc2.43,3.14.4,3.3.0,24,Intel(R) Core(TM) Ultra 9 285K,1,1 x NVIDIA GeForce RTX 5090,9.2986,48.7383,60.81615447998047,machine,0.0,0.0,0.0,0.0,N
gradient_updates_61,2026-09-19T12:56:43,tdmpc2_HalfCheetah-v5_seed85062,50929971-aed1-4008-a44d-79d5e57422ee,14.011101273004897,0.00027452419801028694,1.9593310266827388e-05,31.545687078839457,154.96614523745586,20.0,0.00011301676874667446,0.0005297773682655382,7.783638670557161e-05,0.0007206305237177774,0.0,Germany,DEU,baden-wurttemberg,,,Linux-7.0.0-31-generic-x86_64-with-glibc2.43,3.14.4,3.3.0,24,Intel(R) Core(TM) Ultra 9 285K,1,1 x NVIDIA GeForce RTX 5090,9.2986,48.7383,60.81615447998047,machine,0.0,0.0,0.0,0.0,N
rollout_62,2026-09-19T12:56:57,tdmpc2_HalfCheetah-v5_seed85062,50929971-aed1-4008-a44d-79d5e57422ee,13.539187629998196,0.00030700376832577814,2.2675206826599337e-05,31.5291850194225,155.00432979434146,20.0,0.00012935752987482813,0.0006013174254979603,7.521497329443169e-05,0.0008058899286672166,0.0,Germany,DEU,baden-wurttemberg,,,Linux-7.0.0-31-generic-x86_64-with-glibc2.43,3.14.4,3.3.0,24,Intel(R) Core(TM) Ultra 9 285K,1,1 x NVIDIA GeForce RTX 5090,9.2986,48.7383,60.81615447998047,machine,0.0,0.0,0.0,0.0,N
gradient_updates_62,2026-09-19T12:57:11,tdmpc2_HalfCheetah-v5_seed85062,50929971-aed1-4008-a44d-79d5e57422ee,14.153772454010323,0.00027371815511011144,1.933889203873819e-05,31.5476791503085,154.8521336542252,20.0,0.00010827726162173854,0.0005316084808422161,7.862890541663475e-05,0.0007185146478805859,0.0,Germany,DEU,baden-wurttemberg,,,Linux-7.0.0-31-generic-x86_64-with-glibc2.43,3.14.4,3.3.0,24,Intel(R) Core(TM) Ultra 9 285K,1,1 x NVIDIA GeForce RTX 5090,9.2986,48.7383,60.81615447998047,machine,0.0,0.0,0.0,0.0,N
rollout_63,2026-09-19T12:57:24,tdmpc2_HalfCheetah-v5_seed85062,50929971-aed1-4008-a44d-79d5e57422ee,13.555688808992272,0.0003080891191317367,2.272767364065713e-05,31.521027066977215,154.89114650438995,20.0,0.00013111333877947537,0.0006023188151877967,7.53068383722473e-05,0.0008087389923395194,0.0,Germany,DEU,baden-wurttemberg,,,Linux-7.0.0-31-generic-x86_64-with-glibc2.43,3.14.4,3.3.0,24,Intel(R) Core(TM) Ultra 9 285K,1,1 x NVIDIA GeForce RTX 5090,9.2986,48.7383,60.81615447998047,machine,0.0,0.0,0.0,0.0,N
gradient_updates_63,2026-09-19T12:57:39,tdmpc2_HalfCheetah-v5_seed85062,50929971-aed1-4008-a44d-79d5e57422ee,14.308846222003922,0.00027513971435508267,1.9228653351312694e-05,31.541884498974426,154.74051192811095,20.0,0.00010616394020886155,0.0005365920959401471,7.949022807224489e-05,0.0007222462642212518,0.0,Germany,DEU,baden-wurttemberg,,,Linux-7.0.0-31-generic-x86_64-with-glibc2.43,3.14.4,3.3.0,24,Intel(R) Core(TM) Ultra 9 285K,1,1 x NVIDIA GeForce RTX 5090,9.2986,48.7383,60.81615447998047,machine,0.0,0.0,0.0,0.0,N
rollout_64,2026-09-19T12:57:52,tdmpc2_HalfCheetah-v5_seed85062,50929971-aed1-4008-a44d-79d5e57422ee,13.54261460500129,0.00030551174414220755,2.255930095843714e-05,31.50959763908347,154.77177910239106,20.0,0.00012899625319692104,0.0005977421448597475,7.523494265001748e-05,0.0008019733407066826,0.0,Germany,DEU,baden-wurttemberg,,,Linux-7.0.0-31-generic-x86_64-with-glibc2.43,3.14.4,3.3.0,24,Intel(R) Core(TM) Ultra 9 285K,1,1 x NVIDIA GeForce RTX 5090,9.2986,48.7383,60.81615447998047,machine,0.0,0.0,0.0,0.0,N
gradient_updates_64,2026-09-19T12:58:06,tdmpc2_HalfCheetah-v5_seed85062,50929971-aed1-4008-a44d-79d5e57422ee,13.936654796998482,0.0002783263974250119,1.9970825413240114e-05,31.52873034677876,154.64218930765242,20.0,0.00012126297673252517,0.0005319254255402583,7.74229572888651e-05,0.0007306113595616504,0.0,Germany,DEU,baden-wurttemberg,,,Linux-7.0.0-31-generic-x86_64-with-glibc2.43,3.14.4,3.3.0,24,Intel(R) Core(TM) Ultra 9 285K,1,1 x NVIDIA GeForce RTX 5090,9.2986,48.7383,60.81615447998047,machine,0.0,0.0,0.0,0.0,N
rollout_65,2026-09-19T12:58:20,tdmpc2_HalfCheetah-v5_seed85062,50929971-aed1-4008-a44d-79d5e57422ee,13.541342887998326,0.0003060464033429397,2.260090389272518e-05,31.52907785266543,154.67200668020578,20.0,0.00013133971090501656,0.0005968099218920386,7.522719708334333e-05,0.0008033768298804089,0.0,Germany,DEU,baden-wurttemberg,,,Linux-7.0.0-31-generic-x86_64-with-glibc2.43,3.14.4,3.3.0,24,Intel(R) Core(TM) Ultra 9 285K,1,1 x NVIDIA GeForce RTX 5090,9.2986,48.7383,60.81615447998047,machine,0.0,0.0,0.0,0.0,N
gradient_updates_65,2026-09-19T12:58:34,tdmpc2_HalfCheetah-v5_seed85062,50929971-aed1-4008-a44d-79d5e57422ee,14.02025805399171,0.00027597964050312535,1.968431806051512e-05,31.55147924968663,154.53580542165554,20.0,0.00011634991002430067,0.0005302140352823059,7.78871388333862e-05,0.0007244510841399876,0.0,Germany,DEU,baden-wurttemberg,,,Linux-7.0.0-31-generic-x86_64-with-glibc2.43,3.14.4,3.3.0,24,Intel(R) Core(TM) Ultra 9 285K,1,1 x NVIDIA GeForce RTX 5090,9.2986,48.7383,60.81615447998047,machine,0.0,0.0,0.0,0.0,N
rollout_66,2026-09-19T12:58:47,tdmpc2_HalfCheetah-v5_seed85062,50929971-aed1-4008-a44d-79d5e57422ee,13.543507568989298,0.0003079059029886533,2.2734589117847566e-05,31.54184754310128,154.57509184503968,20.0,0.000131402305677316,0.0006016157590695848,7.523998221109322e-05,0.0008082580469579992,0.0,Germany,DEU,baden-wurttemberg,,,Linux-7.0.0-31-generic-x86_64-with-glibc2.43,3.14.4,3.3.0,24,Intel(R) Core(TM) Ultra 9 285K,1,1 x NVIDIA GeForce RTX 5090,9.2986,48.7383,60.81615447998047,machine,0.0,0.0,0.0,0.0,N
gradient_updates_66,2026-09-19T12:59:01,tdmpc2_HalfCheetah-v5_seed85062,50929971-aed1-4008-a44d-79d5e57422ee,13.986810230009723,0.00027720837371501134,1.9819279971161314e-05,31.564156994844794,154.44483279068925,20.0,0.00011927648958778153,0.0005306990356701569,7.770100372225808e-05,0.0007276765289802034,0.0,Germany,DEU,baden-wurttemberg,,,Linux-7.0.0-31-generic-x86_64-with-glibc2.43,3.14.4,3.3.0,24,Intel(R) Core(TM) Ultra 9 285K,1,1 x NVIDIA GeForce RTX 5090,9.2986,48.7383,60.81615447998047,machine,0.0,0.0,0.0,0.0,N
rollout_67,2026-09-19T12:59:15,tdmpc2_HalfCheetah-v5_seed85062,50929971-aed1-4008-a44d-79d5e57422ee,13.5403021969978,0.000306288963239601,2.2620545537419587e-05,31.560015744001817,154.4773913579748,20.0,0.00013088918748904374,0.0005979029783218515,7.522138777777548e-05,0.0008040135535886672,0.0,Germany,DEU,baden-wurttemberg,,,Linux-7.0.0-31-generic-x86_64-with-glibc2.43,3.14.4,3.3.0,24,Intel(R) Core(TM) Ultra 9 285K,1,1 x NVIDIA GeForce RTX 5090,9.2986,48.7383,60.81615447998047,machine,0.0,0.0,0.0,0.0,N
gradient_updates_67,2026-09-19T12:59:29,tdmpc2_HalfCheetah-v5_seed85062,50929971-aed1-4008-a44d-79d5e57422ee,13.949323891996755,0.00027792978692168374,1.9924261600487398e-05,31.581313536419845,154.35279725217248,20.0,0.00012111471244724559,0.0005309626469918172,7.749289104443287e-05,0.0007295702504834939,0.0,Germany,DEU,baden-wurttemberg,,,Linux-7.0.0-31-generic-x86_64-with-glibc2.43,3.14.4,3.3.0,24,Intel(R) Core(TM) Ultra 9 285K,1,1 x NVIDIA GeForce RTX 5090,9.2986,48.7383,60.81615447998047,machine,0.0,0.0,0.0,0.0,N
rollout_68,2026-09-19T12:59:42,tdmpc2_HalfCheetah-v5_seed85062,50929971-aed1-4008-a44d-79d5e57422ee,13.553821206995053,0.0003058141553157895,2.2562975715899168e-05,31.580742926224797,154.38214462683672,20.0,0.0001307766118434292,0.0005966940884665206,7.529647468885146e-05,0.0008027671749987891,0.0,Germany,DEU,baden-wurttemberg,,,Linux-7.0.0-31-generic-x86_64-with-glibc2.43,3.14.4,3.3.0,24,Intel(R) Core(TM) Ultra 9 285K,1,1 x NVIDIA GeForce RTX 5090,9.2986,48.7383,60.81615447998047,machine,0.0,0.0,0.0,0.0,N
gradient_updates_68,2026-09-19T12:59:56,tdmpc2_HalfCheetah-v5_seed85062,50929971-aed1-4008-a44d-79d5e57422ee,13.925325353004155,0.0002787135658864903,2.001487959875984e-05,31.60137315012079,154.26319684738166,20.0,0.00012245051573811158,0.0005318176476758474,7.735951971109094e-05,0.0007316276831250551,0.0,Germany,DEU,baden-wurttemberg,,,Linux-7.0.0-31-generic-x86_64-with-glibc2.43,3.14.4,3.3.0,24,Intel(R) Core(TM) Ultra 9 285K,1,1 x NVIDIA GeForce RTX 5090,9.2986,48.7383,60.81615447998047,machine,0.0,0.0,0.0,0.0,N
rollout_69,2026-09-19T13:00:10,tdmpc2_HalfCheetah-v5_seed85062,50929971-aed1-4008-a44d-79d5e57422ee,13.548561218995019,0.00030510819019641255,2.2519613596441017e-05,31.60325212664343,154.29003925273676,20.0,0.00013064847201869553,0.000594998253776069,7.526727918335044e-05,0.0008009140049781149,0.0,Germany,DEU,baden-wurttemberg,,,Linux-7.0.0-31-generic-x86_64-with-glibc2.43,3.14.4,3.3.0,24,Intel(R) Core(TM) Ultra 9 285K,1,1 x NVIDIA GeForce RTX 5090,9.2986,48.7383,60.81615447998047,machine,0.0,0.0,0.0,0.0,N
gradient_updates_69,2026-09-19T13:00:24,tdmpc2_HalfCheetah-v5_seed85062,50929971-aed1-4008-a44d-79d5e57422ee,13.89051577000646,0.0002779494375004521,2.000999034503078e-05,31.62348814217897,154.17052868762167,20.0,0.0001235561994004375,0.0005288998675636591,7.716576661106166e-05,0.0007296218335751531,0.0,Germany,DEU,baden-wurttemberg,,,Linux-7.0.0-31-generic-x86_64-with-glibc2.43,3.14.4,3.3.0,24,Intel(R) Core(TM) Ultra 9 285K,1,1 x NVIDIA GeForce RTX 5090,9.2986,48.7383,60.81615447998047,machine,0.0,0.0,0.0,0.0,N
rollout_70,2026-09-19T13:00:37,tdmpc2_HalfCheetah-v5_seed85062,50929971-aed1-4008-a44d-79d5e57422ee,13.612117570010014,0.00030820709535837876,2.264212356908941e-05,31.627696607163205,154.20332400734924,20.0,0.0001325209765722507,0.0006009071473922489,7.562055790549457e-05,0.0008090486818699977,0.0,Germany,DEU,baden-wurttemberg,,,Linux-7.0.0-31-generic-x86_64-with-glibc2.43,3.14.4,3.3.0,24,Intel(R) Core(TM) Ultra 9 285K,1,1 x NVIDIA GeForce RTX 5090,9.2986,48.7383,60.81615447998047,machine,0.0,0.0,0.0,0.0,N
gradient_updates_70,2026-09-19T13:00:51,tdmpc2_HalfCheetah-v5_seed85062,50929971-aed1-4008-a44d-79d5e57422ee,13.916922560994863,0.0002765707132088152,1.9872999422256358e-05,31.64930299868567,154.08141863435634,20.0,0.0001213914560019777,0.0005272981996156112,7.731300407217041e-05,0.0007260026596897645,0.0,Germany,DEU,baden-wurttemberg,,,Linux-7.0.0-31-generic-x86_64-with-glibc2.43,3.14.4,3.3.0,24,Intel(R) Core(TM) Ultra 9 285K,1,1 x NVIDIA GeForce RTX 5090,9.2986,48.7383,60.81615447998047,machine,0.0,0.0,0.0,0.0,N
rollout_71,2026-09-19T13:01:05,tdmpc2_HalfCheetah-v5_seed85062,50929971-aed1-4008-a44d-79d5e57422ee,13.536270096999942,0.00030796106881714885,2.275081730955018e-05,31.64952133355608,154.11906468979458,20.0,0.00013305457533246273,0.0006001493690082071,7.519891382220915e-05,0.0008084028581628877,0.0,Germany,DEU,baden-wurttemberg,,,Linux-7.0.0-31-generic-x86_64-with-glibc2.43,3.14.4,3.3.0,24,Intel(R) Core(TM) Ultra 9 285K,1,1 x NVIDIA GeForce RTX 5090,9.2986,48.7383,60.81615447998047,machine,0.0,0.0,0.0,0.0,N
gradient_updates_71,2026-09-19T13:01:19,tdmpc2_HalfCheetah-v5_seed85062,50929971-aed1-4008-a44d-79d5e57422ee,14.065624633993139,0.00027461310913737963,1.952372322914333e-05,31.671948778423342,153.99192489815405,20.0,0.00011410168378127306,0.0005286232006760372,7.813903242778059e-05,0.0007208639168850978,0.0,Germany,DEU,baden-wurttemberg,,,Linux-7.0.0-31-generic-x86_64-with-glibc2.43,3.14.4,3.3.0,24,Intel(R) Core(TM) Ultra 9 285K,1,1 x NVIDIA GeForce RTX 5090,9.2986,48.7383,60.81615447998047,machine,0.0,0.0,0.0,0.0,N
rollout_72,2026-09-19T13:01:32,tdmpc2_HalfCheetah-v5_seed85062,50929971-aed1-4008-a44d-79d5e57422ee,13.545987801000592,0.00030805666558328393,2.2741548159500512e-05,31.658129679240083,154.0317152032899,20.0,0.00013166989339138263,0.0006017307591621446,7.52531486888381e-05,0.0008086538012423705,0.0,Germany,DEU,baden-wurttemberg,,,Linux-7.0.0-31-generic-x86_64-with-glibc2.43,3.14.4,3.3.0,24,Intel(R) Core(TM) Ultra 9 285K,1,1 x NVIDIA GeForce RTX 5090,9.2986,48.7383,60.81615447998047,machine,0.0,0.0,0.0,0.0,N
gradient_updates_72,2026-09-19T13:01:46,tdmpc2_HalfCheetah-v5_seed85062,50929971-aed1-4008-a44d-79d5e57422ee,13.882830406000721,0.00027754489508970137,1.9991971018385428e-05,31.678796028918697,153.91918159118933,20.0,0.00012255244387521236,0.0005288840342179135,7.712342501674588e-05,0.0007285599031098683,0.0,Germany,DEU,baden-wurttemberg,,,Linux-7.0.0-31-generic-x86_64-with-glibc2.43,3.14.4,3.3.0,24,Intel(R) Core(TM) Ultra 9 285K,1,1 x NVIDIA GeForce RTX 5090,9.2986,48.7383,60.81615447998047,machine,0.0,0.0,0.0,0.0,N
rollout_73,2026-09-19T13:02:00,tdmpc2_HalfCheetah-v5_seed85062,50929971-aed1-4008-a44d-79d5e57422ee,13.555442030003178,0.00030591789877702086,2.2567908144286323e-05,31.68067705280522,153.9519201092156,20.0,0.00012956732115377428,0.0005981665896439559,7.530559248884391e-05,0.0008030395032865706,0.0,Germany,DEU,baden-wurttemberg,,,Linux-7.0.0-31-generic-x86_64-with-glibc2.43,3.14.4,3.3.0,24,Intel(R) Core(TM) Ultra 9 285K,1,1 x NVIDIA GeForce RTX 5090,9.2986,48.7383,60.81615447998047,machine,0.0,0.0,0.0,0.0,N
gradient_updates_73,2026-09-19T13:02:14,tdmpc2_HalfCheetah-v5_seed85062,50929971-aed1-4008-a44d-79d5e57422ee,13.90961131999211,0.0002783206564798829,2.000921006409389e-05,31.696991066629145,153.84767697920782,20.0,0.00011972765717093922,0.0005335962602099897,7.727237210557354e-05,0.0007305962894865042,0.0,Germany,DEU,baden-wurttemberg,,,Linux-7.0.0-31-generic-x86_64-with-glibc2.43,3.14.4,3.3.0,24,Intel(R) Core(TM) Ultra 9 285K,1,1 x NVIDIA GeForce RTX 5090,9.2986,48.7383,60.81615447998047,machine,0.0,0.0,0.0,0.0,N
rollout_74,2026-09-19T13:02:27,tdmpc2_HalfCheetah-v5_seed85062,50929971-aed1-4008-a44d-79d5e57422ee,13.562913375993958,0.000306163880374119,2.2573619867825677e-05,31.69413379441104,153.8778218769828,20.0,0.00013135863175349136,0.0005969793664721834,7.53472107889435e-05,0.0008036852090146235,0.0,Germany,DEU,baden-wurttemberg,,,Linux-7.0.0-31-generic-x86_64-with-glibc2.43,3.14.4,3.3.0,24,Intel(R) Core(TM) Ultra 9 285K,1,1 x NVIDIA GeForce RTX 5090,9.2986,48.7383,60.81615447998047,machine,0.0,0.0,0.0,0.0,N
gradient_updates_74,2026-09-19T13:02:41,tdmpc2_HalfCheetah-v5_seed85062,50929971-aed1-4008-a44d-79d5e57422ee,13.879143380996538,0.00027791217329103945,2.0023741177741517e-05,31.713293139478075,153.7708041705375,20.0,0.00012273020846186727,0.0005296907015299723,7.710310442222805e-05,0.0007295240144140624,0.0,Germany,DEU,baden-wurttemberg,,,Linux-7.0.0-31-generic-x86_64-with-glibc2.43,3.14.4,3.3.0,24,Intel(R) Core(TM) Ultra 9 285K,1,1 x NVIDIA GeForce RTX 5090,9.2986,48.7383,60.81615447998047,machine,0.0,0.0,0.0,0.0,N
rollout_75,2026-09-19T13:02:55,tdmpc2_HalfCheetah-v5_seed85062,50929971-aed1-4008-a44d-79d5e57422ee,13.558431811004994,0.000307982221900191,2.2715193868721378e-05,31.715493912860943,153.80893749341575,20.0,0.0001317562242937817,0.0006013802033257853,7.532195773334548e-05,0.0008084583853529143,0.0,Germany,DEU,baden-wurttemberg,,,Linux-7.0.0-31-generic-x86_64-with-glibc2.43,3.14.4,3.3.0,24,Intel(R) Core(TM) Ultra 9 285K,1,1 x NVIDIA GeForce RTX 5090,9.2986,48.7383,60.81615447998047,machine,0.0,0.0,0.0,0.0,N
gradient_updates_75,2026-09-19T13:03:09,tdmpc2_HalfCheetah-v5_seed85062,50929971-aed1-4008-a44d-79d5e57422ee,13.940446995999082,0.00027615071662223656,1.9809334004541567e-05,31.734679375933784,153.69478836496242,20.0,0.00012083259499933233,0.0005266243101877954,7.744325657226339e-05,0.0007249001617593842,0.0,Germany,DEU,baden-wurttemberg,,,Linux-7.0.0-31-generic-x86_64-with-glibc2.43,3.14.4,3.3.0,24,Intel(R) Core(TM) Ultra 9 285K,1,1 x NVIDIA GeForce RTX 5090,9.2986,48.7383,60.81615447998047,machine,0.0,0.0,0.0,0.0,N
rollout_76,2026-09-19T13:03:22,tdmpc2_HalfCheetah-v5_seed85062,50929971-aed1-4008-a44d-79d5e57422ee,13.54732036399946,0.000306054807987427,2.2591550456247903e-05,31.732594469634453,153.7310101456035,20.0,0.00012837362797659888,0.0005997643687001286,7.526089553333212e-05,0.0008033988922100666,0.0,Germany,DEU,baden-wurttemberg,,,Linux-7.0.0-31-generic-x86_64-with-glibc2.43,3.14.4,3.3.0,24,Intel(R) Core(TM) Ultra 9 285K,1,1 x NVIDIA GeForce RTX 5090,9.2986,48.7383,60.81615447998047,machine,0.0,0.0,0.0,0.0,N
gradient_updates_76,2026-09-19T13:03:36,tdmpc2_HalfCheetah-v5_seed85062,50929971-aed1-4008-a44d-79d5e57422ee,13.956823649990838,0.0002766457244279888,1.9821558882494e-05,31.746426482700745,153.61794729914985,20.0,0.00012193926227355156,0.0005267254213805472,7.75348817166465e-05,0.000726199565370747,0.0,Germany,DEU,baden-wurttemberg,,,Linux-7.0.0-31-generic-x86_64-with-glibc2.43,3.14.4,3.3.0,24,Intel(R) Core(TM) Ultra 9 285K,1,1 x NVIDIA GeForce RTX 5090,9.2986,48.7383,60.81615447998047,machine,0.0,0.0,0.0,0.0,N
rollout_77,2026-09-19T13:03:50,tdmpc2_HalfCheetah-v5_seed85062,50929971-aed1-4008-a44d-79d5e57422ee,13.53862659400329,0.0003072531014841895,2.2694570155443925e-05,31.745974290423312,153.65714065923683,20.0,0.00013019874554780209,0.0006011338142397626,7.521187251113663e-05,0.0008065444322987031,0.0,Germany,DEU,baden-wurttemberg,,,Linux-7.0.0-31-generic-x86_64-with-glibc2.43,3.14.4,3.3.0,24,Intel(R) Core(TM) Ultra 9 285K,1,1 x NVIDIA GeForce RTX 5090,9.2986,48.7383,60.81615447998047,machine,0.0,0.0,0.0,0.0,N
gradient_updates_77,2026-09-19T13:04:04,tdmpc2_HalfCheetah-v5_seed85062,50929971-aed1-4008-a44d-79d5e57422ee,14.808982176997233,0.0002830948090902022,1.911640417129607e-05,31.761352431618228,153.52286633814865,20.0,0.00011717120401466552,0.000543688768283701,8.226854611663621e-05,0.0007431285184150149,0.0,Germany,DEU,baden-wurttemberg,,,Linux-7.0.0-31-generic-x86_64-with-glibc2.43,3.14.4,3.3.0,24,Intel(R) Core(TM) Ultra 9 285K,1,1 x NVIDIA GeForce RTX 5090,9.2986,48.7383,60.81615447998047,machine,0.0,0.0,0.0,0.0,N
rollout_78,2026-09-19T13:04:18,tdmpc2_HalfCheetah-v5_seed85062,50929971-aed1-4008-a44d-79d5e57422ee,13.53942815499613,0.00030449025320249123,2.2489159122196045e-05,31.743502171022442,153.55264036559757,20.0,0.0001285969145441157,0.0005954701985979582,7.522479708891791e-05,0.0007992919102309815,0.0,Germany,DEU,baden-wurttemberg,,,Linux-7.0.0-31-generic-x86_64-with-glibc2.43,3.14.4,3.3.0,24,Intel(R) Core(TM) Ultra 9 285K,1,1 x NVIDIA GeForce RTX 5090,9.2986,48.7383,60.81615447998047,machine,0.0,0.0,0.0,0.0,N
gradient_updates_78,2026-09-19T13:04:34,tdmpc2_HalfCheetah-v5_seed85062,50929971-aed1-4008-a44d-79d5e57422ee,16.14005945000099,0.00029254779272056,1.8125582603818135e-05,31.755149037269966,153.38570318634817,20.0,0.0001111135602796659,0.0005671654537318105,8.966374152223622e-05,0.0007679427555336849,0.0,Germany,DEU,baden-wurttemberg,,,Linux-7.0.0-31-generic-x86_64-with-glibc2.43,3.14.4,3.3.0,24,Intel(R) Core(TM) Ultra 9 285K,1,1 x NVIDIA GeForce RTX 5090,9.2986,48.7383,60.81615447998047,machine,0.0,0.0,0.0,0.0,N
rollout_79,2026-09-19T13:04:48,tdmpc2_HalfCheetah-v5_seed85062,50929971-aed1-4008-a44d-79d5e57422ee,13.561805869001546,0.0003050526178673893,2.249351749356732e-05,31.71672117266294,153.41298269503176,20.0,0.00013086207774513567,0.0005945651978742639,7.534085108329425e-05,0.0008007681267026834,0.0,Germany,DEU,baden-wurttemberg,,,Linux-7.0.0-31-generic-x86_64-with-glibc2.43,3.14.4,3.3.0,24,Intel(R) Core(TM) Ultra 9 285K,1,1 x NVIDIA GeForce RTX 5090,9.2986,48.7383,60.81615447998047,machine,0.0,0.0,0.0,0.0,N
gradient_updates_79,2026-09-19T13:05:02,tdmpc2_HalfCheetah-v5_seed85062,50929971-aed1-4008-a44d-79d5e57422ee,14.264547247992596,0.0002790430078575684,1.9562004413610218e-05,31.73315068587612,153.30039148142362,20.0,0.00011855230873066003,0.0005346959833123499,7.924418166108463e-05,0.0007324924737040772,0.0,Germany,DEU,baden-wurttemberg,,,Linux-7.0.0-31-generic-x86_64-with-glibc2.43,3.14.4,3.3.0,24,Intel(R) Core(TM) Ultra 9 285K,1,1 x NVIDIA GeForce RTX 5090,9.2986,48.7383,60.81615447998047,machine,0.0,0.0,0.0,0.0,N
rollout_80,2026-09-19T13:05:16,tdmpc2_HalfCheetah-v5_seed85062,50929971-aed1-4008-a44d-79d5e57422ee,13.613816631012014,0.0003073947962392576,2.257961875511353e-05,31.72431803721297,153.33126016615063,20.0,0.00013224355496142814,0.0005990346458939477,7.563818250006654e-05,0.0008069163833554494,0.0,Germany,DEU,baden-wurttemberg,,,Linux-7.0.0-31-generic-x86_64-with-glibc2.43,3.14.4,3.3.0,24,Intel(R) Core(TM) Ultra 9 285K,1,1 x NVIDIA GeForce RTX 5090,9.2986,48.7383,60.81615447998047,machine,0.0,0.0,0.0,0.0,N
gradient_updates_80,2026-09-19T13:05:32,tdmpc2_HalfCheetah-v5_seed85062,50929971-aed1-4008-a44d-79d5e57422ee,16.41590905599878,0.0002989504278541888,1.8211029024853215e-05,31.740957986600346,153.16180681759604,20.0,0.00012265349090049074,0.0005709001789417911,9.119610796106889e-05,0.0007847497778033508,0.0,Germany,DEU,baden-wurttemberg,,,Linux-7.0.0-31-generic-x86_64-with-glibc2.43,3.14.4,3.3.0,24,Intel(R) Core(TM) Ultra 9 285K,1,1 x NVIDIA GeForce RTX 5090,9.2986,48.7383,60.81615447998047,machine,0.0,0.0,0.0,0.0,N
rollout_81,2026-09-19T13:05:46,tdmpc2_HalfCheetah-v5_seed85062,50929971-aed1-4008-a44d-79d5e57422ee,13.559291876008501,0.00030518546199190255,2.2507488946906536e-05,31.71486380586866,153.19653212713516,20.0,0.00012708071916449348,0.0005987088123000639,7.532731324447206e-05,0.0008011168447090156,0.0,Germany,DEU,baden-wurttemberg,,,Linux-7.0.0-31-generic-x86_64-with-glibc2.43,3.14.4,3.3.0,24,Intel(R) Core(TM) Ultra 9 285K,1,1 x NVIDIA GeForce RTX 5090,9.2986,48.7383,60.81615447998047,machine,0.0,0.0,0.0,0.0,N
gradient_updates_81,2026-09-19T13:06:02,tdmpc2_HalfCheetah-v5_seed85062,50929971-aed1-4008-a44d-79d5e57422ee,16.443734893997316,0.0002989637135732484,1.8180988088883156e-05,31.72456408512593,153.02690575398674,20.0,0.00012379727098217955,0.0005696276779239007,9.135970412777784e-05,0.0007847846530338598,0.0,Germany,DEU,baden-wurttemberg,,,Linux-7.0.0-31-generic-x86_64-with-glibc2.43,3.14.4,3.3.0,24,Intel(R) Core(TM) Ultra 9 285K,1,1 x NVIDIA GeForce RTX 5090,9.2986,48.7383,60.81615447998047,machine,0.0,0.0,0.0,0.0,N
rollout_82,2026-09-19T13:06:16,tdmpc2_HalfCheetah-v5_seed85062,50929971-aed1-4008-a44d-79d5e57422ee,13.552306982004666,0.0003067993388204959,2.263817201787597e-05,31.700428086156606,153.06322961168715,20.0,0.0001309466114238697,0.0005991240904101858,7.528259602784457e-05,0.0008053532978619105,0.0,Germany,DEU,baden-wurttemberg,,,Linux-7.0.0-31-generic-x86_64-with-glibc2.43,3.14.4,3.3.0,24,Intel(R) Core(TM) Ultra 9 285K,1,1 x NVIDIA GeForce RTX 5090,9.2986,48.7383,60.81615447998047,machine,0.0,0.0,0.0,0.0,N
gradient_updates_82,2026-09-19T13:06:32,tdmpc2_HalfCheetah-v5_seed85062,50929971-aed1-4008-a44d-79d5e57422ee,16.449272872996517,0.0002987257791277273,1.816044132000772e-05,31.715770115927036,152.89717667537278,20.0,0.00012239741514007488,0.0005703810118595776,9.138164421108527e-05,0.0007841600712107377,0.0,Germany,DEU,baden-wurttemberg,,,Linux-7.0.0-31-generic-x86_64-with-glibc2.43,3.14.4,3.3.0,24,Intel(R) Core(TM) Ultra 9 285K,1,1 x NVIDIA GeForce RTX 5090,9.2986,48.7383,60.81615447998047,machine,0.0,0.0,0.0,0.0,N
rollout_83,2026-09-19T13:06:46,tdmpc2_HalfCheetah-v5_seed85062,50929971-aed1-4008-a44d-79d5e57422ee,13.527141393002239,0.0003080599019659458,2.277347810271041e-05,31.690577107837044,152.9369271380523,20.0,0.00013347252983349212,0.0006000415911442403,7.514817582220286e-05,0.0008086622967999613,0.0,Germany,DEU,baden-wurttemberg,,,Linux-7.0.0-31-generic-x86_64-with-glibc2.43,3.14.4,3.3.0,24,Intel(R) Core(TM) Ultra 9 285K,1,1 x NVIDIA GeForce RTX 5090,9.2986,48.7383,60.81615447998047,machine,0.0,0.0,0.0,0.0,N
gradient_updates_83,2026-09-19T13:07:02,tdmpc2_HalfCheetah-v5_seed85062,50929971-aed1-4008-a44d-79d5e57422ee,16.284331707007368,0.000294834780947828,1.8105449478503025e-05,31.70926915517361,152.78008597894905,20.0,0.00011372881042742006,0.0005697524002461485,9.046492647782171e-05,0.0007739461371513989,0.0,Germany,DEU,baden-wurttemberg,,,Linux-7.0.0-31-generic-x86_64-with-glibc2.43,3.14.4,3.3.0,24,Intel(R) Core(TM) Ultra 9 285K,1,1 x NVIDIA GeForce RTX 5090,9.2986,48.7383,60.81615447998047,machine,0.0,0.0,0.0,0.0,N
rollout_84,2026-09-19T13:07:15,tdmpc2_HalfCheetah-v5_seed85062,50929971-aed1-4008-a44d-79d5e57422ee,13.550219159005792,0.0003041658255410404,2.2447305824032155e-05,31.674970208932802,152.81071686144134,20.0,0.00012817565420710983,0.0005949879759898913,7.527665210000159e-05,0.0007984402822970027,0.0,Germany,DEU,baden-wurttemberg,,,Linux-7.0.0-31-generic-x86_64-with-glibc2.43,3.14.4,3.3.0,24,Intel(R) Core(TM) Ultra 9 285K,1,1 x NVIDIA GeForce RTX 5090,9.2986,48.7383,60.81615447998047,machine,0.0,0.0,0.0,0.0,N
gradient_updates_84,2026-09-19T13:07:29,tdmpc2_HalfCheetah-v5_seed85062,50929971-aed1-4008-a44d-79d5e57422ee,13.895529703993816,0.0002764159133777644,1.989245389295106e-05,31.687645555565904,152.7157613959164,20.0,0.0001223651003920065,0.0005260370874959897,7.719411970554327e-05,0.0007255963075935568,0.0,Germany,DEU,baden-wurttemberg,,,Linux-7.0.0-31-generic-x86_64-with-glibc2.43,3.14.4,3.3.0,24,Intel(R) Core(TM) Ultra 9 285K,1,1 x NVIDIA GeForce RTX 5090,9.2986,48.7383,60.81615447998047,machine,0.0,0.0,0.0,0.0,N
rollout_85,2026-09-19T13:07:43,tdmpc2_HalfCheetah-v5_seed85062,50929971-aed1-4008-a44d-79d5e57422ee,13.554832836991409,0.00030575066554586194,2.2556598260231193e-05,31.688750257906037,152.7510729728977,20.0,0.00012904465740230797,0.0005982546452698578,7.530121063892802e-05,0.0008026005133111025,0.0,Germany,DEU,baden-wurttemberg,,,Linux-7.0.0-31-generic-x86_64-with-glibc2.43,3.14.4,3.3.0,24,Intel(R) Core(TM) Ultra 9 285K,1,1 x NVIDIA GeForce RTX 5090,9.2986,48.7383,60.81615447998047,machine,0.0,0.0,0.0,0.0,N
gradient_updates_85,2026-09-19T13:07:57,tdmpc2_HalfCheetah-v5_seed85062,50929971-aed1-4008-a44d-79d5e57422ee,13.972392038005637,0.0002739022394425625,1.960307678858401e-05,31.701752625167543,152.6505101609587,20.0,0.00011723139184059359,0.000524145697093914,7.76207833389185e-05,0.0007189978722734192,0.0,Germany,DEU,baden-wurttemberg,,,Linux-7.0.0-31-generic-x86_64-with-glibc2.43,3.14.4,3.3.0,24,Intel(R) Core(TM) Ultra 9 285K,1,1 x NVIDIA GeForce RTX 5090,9.2986,48.7383,60.81615447998047,machine,0.0,0.0,0.0,0.0,N
rollout_86,2026-09-19T13:08:10,tdmpc2_HalfCheetah-v5_seed85062,50929971-aed1-4008-a44d-79d5e57422ee,13.556675302999793,0.00030381778932743464,2.2410948679027862e-05,31.694827036058292,152.6791996362813,20.0,0.00012826749483613523,0.000593947141823481,7.531204486666693e-05,0.0007975266815262727,0.0,Germany,DEU,baden-wurttemberg,,,Linux-7.0.0-31-generic-x86_64-with-glibc2.43,3.14.4,3.3.0,24,Intel(R) Core(TM) Ultra 9 285K,1,1 x NVIDIA GeForce RTX 5090,9.2986,48.7383,60.81615447998047,machine,0.0,0.0,0.0,0.0,N
gradient_updates_86,2026-09-19T13:08:25,tdmpc2_HalfCheetah-v5_seed85062,50929971-aed1-4008-a44d-79d5e57422ee,14.25351157199475,0.0002789946286118686,1.957376480454492e-05,31.706755609024928,152.57703783847379,20.0,0.00012069562238975484,0.0005324868148783857,7.91830401222493e-05,0.0007323654773903898,0.0,Germany,DEU,baden-wurttemberg,,,Linux-7.0.0-31-generic-x86_64-with-glibc2.43,3.14.4,3.3.0,24,Intel(R) Core(TM) Ultra 9 285K,1,1 x NVIDIA GeForce RTX 5090,9.2986,48.7383,60.81615447998047,machine,0.0,0.0,0.0,0.0,N
rollout_87,2026-09-19T13:08:38,tdmpc2_HalfCheetah-v5_seed85062,50929971-aed1-4008-a44d-79d5e57422ee,13.567155459008063,0.0003043917520314521,2.243593418987516e-05,31.70157002875603,152.6037459284968,20.0,0.0001306508286872468,0.0005930118632981873,7.537065105554797e-05,0.0007990333430409613,0.0,Germany,DEU,baden-wurttemberg,,,Linux-7.0.0-31-generic-x86_64-with-glibc2.43,3.14.4,3.3.0,24,Intel(R) Core(TM) Ultra 9 285K,1,1 x NVIDIA GeForce RTX 5090,9.2986,48.7383,60.81615447998047,machine,0.0,0.0,0.0,0.0,N
gradient_updates_87,2026-09-19T13:08:55,tdmpc2_HalfCheetah-v5_seed85062,50929971-aed1-4008-a44d-79d5e57422ee,16.42984533100389,0.0003004189653995279,1.8284968483939085e-05,31.71563140694496,152.45285425370045,20.0,0.00012484541209847183,0.0005724857357658486,9.127356508890731e-05,0.0007886047129532225,0.0,Germany,DEU,baden-wurttemberg,,,Linux-7.0.0-31-generic-x86_64-with-glibc2.43,3.14.4,3.3.0,24,Intel(R) Core(TM) Ultra 9 285K,1,1 x NVIDIA GeForce RTX 5090,9.2986,48.7383,60.81615447998047,machine,0.0,0.0,0.0,0.0,N
rollout_88,2026-09-19T13:09:08,tdmpc2_HalfCheetah-v5_seed85062,50929971-aed1-4008-a44d-79d5e57422ee,13.567671425000299,0.0003049375543597854,2.2475314390843434e-05,31.694450604461103,152.48141644334194,20.0,0.0001310626626278219,0.0005940301974463047,7.537322303331935e-05,0.000800466083107465,0.0,Germany,DEU,baden-wurttemberg,,,Linux-7.0.0-31-generic-x86_64-with-glibc2.43,3.14.4,3.3.0,24,Intel(R) Core(TM) Ultra 9 285K,1,1 x NVIDIA GeForce RTX 5090,9.2986,48.7383,60.81615447998047,machine,0.0,0.0,0.0,0.0,N
gradient_updates_88,2026-09-19T13:09:25,tdmpc2_HalfCheetah-v5_seed85062,50929971-aed1-4008-a44d-79d5e57422ee,16.42382309200184,0.0003000331536541223,1.8268180943702986e-05,31.708786121580147,152.33485339714656,20.0,0.00012241633598854273,0.0005739354591476342,9.124015565555726e-05,0.000787591950791755,0.0,Germany,DEU,baden-wurttemberg,,,Linux-7.0.0-31-generic-x86_64-with-glibc2.43,3.14.4,3.3.0,24,Intel(R) Core(TM) Ultra 9 285K,1,1 x NVIDIA GeForce RTX 5090,9.2986,48.7383,60.81615447998047,machine,0.0,0.0,0.0,0.0,N
rollout_89,2026-09-19T13:09:38,tdmpc2_HalfCheetah-v5_seed85062,50929971-aed1-4008-a44d-79d5e57422ee,13.55546322200098,0.00030542006115809317,2.2531144062186346e-05,31.68524357492696,152.36635275137502,20.0,0.00013113551463055095,0.0005952915873441711,7.530556939446854e-05,0.0008017326713691819,0.0,Germany,DEU,baden-wurttemberg,,,Linux-7.0.0-31-generic-x86_64-with-glibc2.43,3.14.4,3.3.0,24,Intel(R) Core(TM) Ultra 9 285K,1,1 x NVIDIA GeForce RTX 5090,9.2986,48.7383,60.81615447998047,machine,0.0,0.0,0.0,0.0,N
gradient_updates_89,2026-09-19T13:09:55,tdmpc2_HalfCheetah-v5_seed85062,50929971-aed1-4008-a44d-79d5e57422ee,16.429802496000775,0.00030056088790234026,1.8293624714396583e-05,31.699812390133843,152.22195309956092,20.0,0.0001236079097195822,0.0005740962926097382,9.127305952222504e-05,0.0007889772618515367,0.0,Germany,DEU,baden-wurttemberg,,,Linux-7.0.0-31-generic-x86_64-with-glibc2.43,3.14.4,3.3.0,24,Intel(R) Core(TM) Ultra 9 285K,1,1 x NVIDIA GeForce RTX 5090,9.2986,48.7383,60.81615447998047,machine,0.0,0.0,0.0,0.0,N
rollout_90,2026-09-19T13:10:08,tdmpc2_HalfCheetah-v5_seed85062,50929971-aed1-4008-a44d-79d5e57422ee,13.632848573994124,0.0003088319733039399,2.265353418912161e-05,31.67834446212022,152.25283313474418,20.0,0.00013688794951027122,0.000598065756229893,7.573529098889482e-05,0.0008106889967290642,0.0,Germany,DEU,baden-wurttemberg,,,Linux-7.0.0-31-generic-x86_64-with-glibc2.43,3.14.4,3.3.0,24,Intel(R) Core(TM) Ultra 9 285K,1,1 x NVIDIA GeForce RTX 5090,9.2986,48.7383,60.81615447998047,machine,0.0,0.0,0.0,0.0,N
gradient_updates_90,2026-09-19T13:10:25,tdmpc2_HalfCheetah-v5_seed85062,50929971-aed1-4008-a44d-79d5e57422ee,16.498034887001268,0.00029747828130236714,1.803114445507746e-05,31.698939445363383,152.10643329186726,20.0,0.00011629691109300844,0.0005729357361259346,9.165272173332698e-05,0.0007808853689522666,0.0,Germany,DEU,baden-wurttemberg,,,Linux-7.0.0-31-generic-x86_64-with-glibc2.43,3.14.4,3.3.0,24,Intel(R) Core(TM) Ultra 9 285K,1,1 x NVIDIA GeForce RTX 5090,9.2986,48.7383,60.81615447998047,machine,0.0,0.0,0.0,0.0,N
rollout_91,2026-09-19T13:10:38,tdmpc2_HalfCheetah-v5_seed85062,50929971-aed1-4008-a44d-79d5e57422ee,13.584715632998268,0.00030714796967259983,2.260982938523555e-05,31.668733149140863,152.14233220033273,20.0,0.00013150930354069099,0.000599291590544393,7.546756548334858e-05,0.0008062684595684377,0.0,Germany,DEU,baden-wurttemberg,,,Linux-7.0.0-31-generic-x86_64-with-glibc2.43,3.14.4,3.3.0,24,Intel(R) Core(TM) Ultra 9 285K,1,1 x NVIDIA GeForce RTX 5090,9.2986,48.7383,60.81615447998047,machine,0.0,0.0,0.0,0.0,N
gradient_updates_91,2026-09-19T13:10:55,tdmpc2_HalfCheetah-v5_seed85062,50929971-aed1-4008-a44d-79d5e57422ee,16.42737747100182,0.00029828699816807774,1.8157932168342386e-05,31.683097879928123,151.99711400264414,20.0,0.0001220938335083216,0.0005696543446123137,9.12600858722322e-05,0.0007830082639928571,0.0,Germany,DEU,baden-wurttemberg,,,Linux-7.0.0-31-generic-x86_64-with-glibc2.43,3.14.4,3.3.0,24,Intel(R) Core(TM) Ultra 9 285K,1,1 x NVIDIA GeForce RTX 5090,9.2986,48.7383,60.81615447998047,machine,0.0,0.0,0.0,0.0,N
rollout_92,2026-09-19T13:11:08,tdmpc2_HalfCheetah-v5_seed85062,50929971-aed1-4008-a44d-79d5e57422ee,13.557912908989238,0.00030585997684933613,2.2559523839538277e-05,31.65982853606828,152.03410194409653,20.0,0.00012882254083572756,0.0005987457567737664,7.531915966658975e-05,0.000802887457276108,0.0,Germany,DEU,baden-wurttemberg,,,Linux-7.0.0-31-generic-x86_64-with-glibc2.43,3.14.4,3.3.0,24,Intel(R) Core(TM) Ultra 9 285K,1,1 x NVIDIA GeForce RTX 5090,9.2986,48.7383,60.81615447998047,machine,0.0,0.0,0.0,0.0,N
gradient_updates_92,2026-09-19T13:11:25,tdmpc2_HalfCheetah-v5_seed85062,50929971-aed1-4008-a44d-79d5e57422ee,16.426254215009976,0.00029838337998729786,1.8165043427372304e-05,31.670945364639206,151.89050882834528,20.0,0.00012280292518670327,0.0005692046220295843,9.12537206332973e-05,0.0007832612678495832,0.0,Germany,DEU,baden-wurttemberg,,,Linux-7.0.0-31-generic-x86_64-with-glibc2.43,3.14.4,3.3.0,24,Intel(R) Core(TM) Ultra 9 285K,1,1 x NVIDIA GeForce RTX 5090,9.2986,48.7383,60.81615447998047,machine,0.0,0.0,0.0,0.0,N
rollout_93,2026-09-19T13:11:38,tdmpc2_HalfCheetah-v5_seed85062,50929971-aed1-4008-a44d-79d5e57422ee,13.55460398500145,0.0003067028382447365,2.262721783365909e-05,31.648933287959,151.9284219577015,20.0,0.00013066145897353,0.0005991382570882386,7.530026620556143e-05,0.0008050999822673266,0.0,Germany,DEU,baden-wurttemberg,,,Linux-7.0.0-31-generic-x86_64-with-glibc2.43,3.14.4,3.3.0,24,Intel(R) Core(TM) Ultra 9 285K,1,1 x NVIDIA GeForce RTX 5090,9.2986,48.7383,60.81615447998047,machine,0.0,0.0,0.0,0.0,N
gradient_updates_93,2026-09-19T13:11:55,tdmpc2_HalfCheetah-v5_seed85062,50929971-aed1-4008-a44d-79d5e57422ee,16.416586122999433,0.0002983448791384277,1.8173352515971563e-05,31.66247437633119,151.78645686434024,20.0,0.00012345472848592637,0.0005685051770258909,9.120029697781695e-05,0.0007831602024896411,0.0,Germany,DEU,baden-wurttemberg,,,Linux-7.0.0-31-generic-x86_64-with-glibc2.43,3.14.4,3.3.0,24,Intel(R) Core(TM) Ultra 9 285K,1,1 x NVIDIA GeForce RTX 5090,9.2986,48.7383,60.81615447998047,machine,0.0,0.0,0.0,0.0,N
rollout_94,2026-09-19T13:12:08,tdmpc2_HalfCheetah-v5_seed85062,50929971-aed1-4008-a44d-79d5e57422ee,13.551319065998541,0.00030522035656459917,2.2523301171820272e-05,31.64151662985001,151.8191586439942,20.0,0.00013082062465642058,0.0005951051983061895,7.528262057223539e-05,0.0008012084435348454,0.0,Germany,DEU,baden-wurttemberg,,,Linux-7.0.0-31-generic-x86_64-with-glibc2.43,3.14.4,3.3.0,24,Intel(R) Core(TM) Ultra 9 285K,1,1 x NVIDIA GeForce RTX 5090,9.2986,48.7383,60.81615447998047,machine,0.0,0.0,0.0,0.0,N
gradient_updates_94,2026-09-19T13:12:25,tdmpc2_HalfCheetah-v5_seed85062,50929971-aed1-4008-a44d-79d5e57422ee,16.422433371000807,0.0003009215344445537,1.8323821453530676e-05,31.655192775213422,151.68671479348546,20.0,0.00012335552979545958,0.0005753362936018469,9.123214154444295e-05,0.0007899239649417356,0.0,Germany,DEU,baden-wurttemberg,,,Linux-7.0.0-31-generic-x86_64-with-glibc2.43,3.14.4,3.3.0,24,Intel(R) Core(TM) Ultra 9 285K,1,1 x NVIDIA GeForce RTX 5090,9.2986,48.7383,60.81615447998047,machine,0.0,0.0,0.0,0.0,N
rollout_95,2026-09-19T13:12:38,tdmpc2_HalfCheetah-v5_seed85062,50929971-aed1-4008-a44d-79d5e57422ee,13.554529591012397,0.0003043501699894688,2.245376529526447e-05,31.63414685288098,151.7189037015811,20.0,0.00012888420310727677,0.000594739642457931,7.530034393332316e-05,0.0007989241894985344,0.0,Germany,DEU,baden-wurttemberg,,,Linux-7.0.0-31-generic-x86_64-with-glibc2.43,3.14.4,3.3.0,24,Intel(R) Core(TM) Ultra 9 285K,1,1 x NVIDIA GeForce RTX 5090,9.2986,48.7383,60.81615447998047,machine,0.0,0.0,0.0,0.0,N
gradient_updates_95,2026-09-19T13:12:55,tdmpc2_HalfCheetah-v5_seed85062,50929971-aed1-4008-a44d-79d5e57422ee,16.45326698900317,0.0002995835779402503,1.8208160919219348e-05,31.6450459301655,151.58556941869347,20.0,0.00012105494906610587,0.0005739529591619608,9.140389893889586e-05,0.000786411807166959,0.0,Germany,DEU,baden-wurttemberg,,,Linux-7.0.0-31-generic-x86_64-with-glibc2.43,3.14.4,3.3.0,24,Intel(R) Core(TM) Ultra 9 285K,1,1 x NVIDIA GeForce RTX 5090,9.2986,48.7383,60.81615447998047,machine,0.0,0.0,0.0,0.0,N
rollout_96,2026-09-19T13:13:08,tdmpc2_HalfCheetah-v5_seed85062,50929971-aed1-4008-a44d-79d5e57422ee,13.557207165998989,0.0003040100159318604,2.2424248030114135e-05,31.621553411268582,151.61793130262032,20.0,0.0001278666809043788,0.0005948490869900347,7.531551162222316e-05,0.0007980312795166367,0.0,Germany,DEU,baden-wurttemberg,,,Linux-7.0.0-31-generic-x86_64-with-glibc2.43,3.14.4,3.3.0,24,Intel(R) Core(TM) Ultra 9 285K,1,1 x NVIDIA GeForce RTX 5090,9.2986,48.7383,60.81615447998047,machine,0.0,0.0,0.0,0.0,N
gradient_updates_96,2026-09-19T13:13:25,tdmpc2_HalfCheetah-v5_seed85062,50929971-aed1-4008-a44d-79d5e57422ee,16.418670001003193,0.0002992769922878155,1.8227863129829105e-05,31.63109131178972,151.48736495618184,20.0,0.00012082781416217561,0.0005735676810760815,9.121151956108589e-05,0.0007856070147993499,0.0,Germany,DEU,baden-wurttemberg,,,Linux-7.0.0-31-generic-x86_64-with-glibc2.43,3.14.4,3.3.0,24,Intel(R) Core(TM) Ultra 9 285K,1,1 x NVIDIA GeForce RTX 5090,9.2986,48.7383,60.81615447998047,machine,0.0,0.0,0.0,0.0,N
rollout_97,2026-09-19T13:13:38,tdmpc2_HalfCheetah-v5_seed85062,50929971-aed1-4008-a44d-79d5e57422ee,13.565995365002891,0.00030507918103597764,2.248852935038018e-05,31.60827342266453,151.5181749849078,20.0,0.00013152391827460364,0.0005939490862703067,7.536485091113806e-05,0.000800837855456038,0.0,Germany,DEU,baden-wurttemberg,,,Linux-7.0.0-31-generic-x86_64-with-glibc2.43,3.14.4,3.3.0,24,Intel(R) Core(TM) Ultra 9 285K,1,1 x NVIDIA GeForce RTX 5090,9.2986,48.7383,60.81615447998047,machine,0.0,0.0,0.0,0.0,N
gradient_updates_97,2026-09-19T13:13:55,tdmpc2_HalfCheetah-v5_seed85062,50929971-aed1-4008-a44d-79d5e57422ee,16.4288023130066,0.0002993739091054215,1.822248577853566e-05,31.622326970105078,151.38774613054156,20.0,0.0001221954230340369,0.000572398513473793,9.126748652779626e-05,0.0007858614230356331,0.0,Germany,DEU,baden-wurttemberg,,,Linux-7.0.0-31-generic-x86_64-with-glibc2.43,3.14.4,3.3.0,24,Intel(R) Core(TM) Ultra 9 285K,1,1 x NVIDIA GeForce RTX 5090,9.2986,48.7383,60.81615447998047,machine,0.0,0.0,0.0,0.0,N
rollout_98,2026-09-19T13:14:08,tdmpc2_HalfCheetah-v5_seed85062,50929971-aed1-4008-a44d-79d5e57422ee,13.538215359003516,0.0003046516610447775,2.250309574465726e-05,31.600905694962588,151.42200289868148,20.0,0.00012931646706420066,0.0005951893650397722,7.520977636110357e-05,0.0007997156084650903,0.0,Germany,DEU,baden-wurttemberg,,,Linux-7.0.0-31-generic-x86_64-with-glibc2.43,3.14.4,3.3.0,24,Intel(R) Core(TM) Ultra 9 285K,1,1 x NVIDIA GeForce RTX 5090,9.2986,48.7383,60.81615447998047,machine,0.0,0.0,0.0,0.0,N
gradient_updates_98,2026-09-19T13:14:25,tdmpc2_HalfCheetah-v5_seed85062,50929971-aed1-4008-a44d-79d5e57422ee,16.40705055599392,0.00029877822016240174,1.8210369051992447e-05,31.61247495899294,151.2924532393234,20.0,0.00012232613980528093,0.0005708246233262493,9.114696665557184e-05,0.000784297729787109,0.0,Germany,DEU,baden-wurttemberg,,,Linux-7.0.0-31-generic-x86_64-with-glibc2.43,3.14.4,3.3.0,24,Intel(R) Core(TM) Ultra 9 285K,1,1 x NVIDIA GeForce RTX 5090,9.2986,48.7383,60.81615447998047,machine,0.0,0.0,0.0,0.0,N
rollout_99,2026-09-19T13:14:38,tdmpc2_HalfCheetah-v5_seed85062,50929971-aed1-4008-a44d-79d5e57422ee,13.555797758002882,0.00030698707493236055,2.264619376568509e-05,31.591697399396026,151.3322303332833,20.0,0.00013045541491980145,0.0006000829800658636,7.530771324996272e-05,0.0008058461082356139,0.0,Germany,DEU,baden-wurttemberg,,,Linux-7.0.0-31-generic-x86_64-with-glibc2.43,3.14.4,3.3.0,24,Intel(R) Core(TM) Ultra 9 285K,1,1 x NVIDIA GeForce RTX 5090,9.2986,48.7383,60.81615447998047,machine,0.0,0.0,0.0,0.0,N
gradient_updates_99,2026-09-19T13:14:55,tdmpc2_HalfCheetah-v5_seed85062,50929971-aed1-4008-a44d-79d5e57422ee,16.41987091199553,0.0002985202266198375,1.8180440927028086e-05,31.60439748587094,151.20279282379968,20.0,0.0001225714836126622,0.00056982434474806,9.122466414442434e-05,0.0007836204925051604,0.0,Germany,DEU,baden-wurttemberg,,,Linux-7.0.0-31-generic-x86_64-with-glibc2.43,3.14.4,3.3.0,24,Intel(R) Core(TM) Ultra 9 285K,1,1 x NVIDIA GeForce RTX 5090,9.2986,48.7383,60.81615447998047,machine,0.0,0.0,0.0,0.0,N
idle_baseline_tail,2026-09-19T13:16:25,tdmpc2_HalfCheetah-v5_seed85062,50929971-aed1-4008-a44d-79d5e57422ee,90.00339807200362,0.0006847612428109301,7.608171530634221e-06,31.580667447652914,150.64373781378936,20.0,0.00038255734382340936,0.0009149387875062587,0.0005000133654833525,0.0017975094968130378,0.0,Germany,DEU,baden-wurttemberg,,,Linux-7.0.0-31-generic-x86_64-with-glibc2.43,3.14.4,3.3.0,24,Intel(R) Core(TM) Ultra 9 285K,1,1 x NVIDIA GeForce RTX 5090,9.2986,48.7383,60.81615447998047,machine,0.0,0.0,0.0,0.0,N
