task_name,timestamp,project_name,run_id,duration,emissions,emissions_rate,cpu_power,gpu_power,ram_power,cpu_energy,gpu_energy,ram_energy,energy_consumed,water_consumed,country_name,country_iso_code,region,cloud_provider,cloud_region,os,python_version,codecarbon_version,cpu_count,cpu_model,gpu_count,gpu_model,longitude,latitude,ram_total_size,tracking_mode,cpu_utilization_percent,gpu_utilization_percent,ram_utilization_percent,ram_used_gb,on_cloud
idle_baseline_head,2026-09-15T20:56:05,td3_HalfCheetah-v5_seed331,6bb30b05-42b8-4ff1-ad88-36414a4bcffe,90.00278776000778,0.0005886080639026374,6.539886786856145e-06,8.658253243865351,12.006683658074895,20.0,0.0004074185639901455,0.0006207141076823852,0.0005169731529832966,0.0015451058246558273,0.0,Germany,DEU,baden-wurttemberg,,,Linux-7.0.0-31-generic-x86_64-with-glibc2.43,3.14.4,3.3.0,24,Intel(R) Core(TM) Ultra 9 285K,1,1 x NVIDIA GeForce RTX 5090,9.2986,48.7383,60.81614303588867,machine,0.0,0.0,0.0,0.0,N
warmup_0,2026-09-15T20:56:05,td3_HalfCheetah-v5_seed331,6bb30b05-42b8-4ff1-ad88-36414a4bcffe,0.30738134498824365,3.572589602509257e-06,1.1621925195462425e-05,17.75000241086904,25.88352947542738,20.0,3.0900858053999752e-06,4.580559219924396e-06,1.7074612944270161e-06,9.378106319751387e-06,0.0,Germany,DEU,baden-wurttemberg,,,Linux-7.0.0-31-generic-x86_64-with-glibc2.43,3.14.4,3.3.0,24,Intel(R) Core(TM) Ultra 9 285K,1,1 x NVIDIA GeForce RTX 5090,9.2986,48.7383,60.81614303588867,machine,0.0,0.0,0.0,0.0,N
rollout_0,2026-09-15T20:56:06,td3_HalfCheetah-v5_seed331,6bb30b05-42b8-4ff1-ad88-36414a4bcffe,0.2050331149948761,2.3878473976965712e-06,1.164701665943227e-05,21.36347361457637,33.84052058289272,20.0,1.851617036848028e-06,3.280280402417901e-06,1.13624115555364e-06,6.268138594819677e-06,0.0,Germany,DEU,baden-wurttemberg,,,Linux-7.0.0-31-generic-x86_64-with-glibc2.43,3.14.4,3.3.0,24,Intel(R) Core(TM) Ultra 9 285K,1,1 x NVIDIA GeForce RTX 5090,9.2986,48.7383,60.81614303588867,machine,0.0,0.0,0.0,0.0,N
gradient_updates_0,2026-09-15T20:56:08,td3_HalfCheetah-v5_seed331,6bb30b05-42b8-4ff1-ad88-36414a4bcffe,2.39957444499305,5.0905282705753516e-05,2.1214361779174564e-05,23.151273073813208,57.87188622308031,20.0,1.7677903308977328e-05,0.00010262202654143238,1.3327272422207449e-05,0.00013362720227261715,0.0,Germany,DEU,baden-wurttemberg,,,Linux-7.0.0-31-generic-x86_64-with-glibc2.43,3.14.4,3.3.0,24,Intel(R) Core(TM) Ultra 9 285K,1,1 x NVIDIA GeForce RTX 5090,9.2986,48.7383,60.81614303588867,machine,0.0,0.0,0.0,0.0,N
rollout_1,2026-09-15T20:56:08,td3_HalfCheetah-v5_seed331,6bb30b05-42b8-4ff1-ad88-36414a4bcffe,0.1196310240047751,1.8996506956703903e-06,1.587871652252148e-05,24.89994971853059,64.22792480710662,20.0,1.1371845208578077e-06,3.1861136604582896e-06,6.633160611575284e-07,4.986614242473734e-06,0.0,Germany,DEU,baden-wurttemberg,,,Linux-7.0.0-31-generic-x86_64-with-glibc2.43,3.14.4,3.3.0,24,Intel(R) Core(TM) Ultra 9 285K,1,1 x NVIDIA GeForce RTX 5090,9.2986,48.7383,60.81614303588867,machine,0.0,0.0,0.0,0.0,N
gradient_updates_1,2026-09-15T20:56:10,td3_HalfCheetah-v5_seed331,6bb30b05-42b8-4ff1-ad88-36414a4bcffe,2.3065666899929056,4.948306810204127e-05,2.145318201013549e-05,25.810891595815438,77.36657971175657,20.0,1.702104750571625e-05,0.00010006119115990586,1.281162693889603e-05,0.00012989386560451825,0.0,Germany,DEU,baden-wurttemberg,,,Linux-7.0.0-31-generic-x86_64-with-glibc2.43,3.14.4,3.3.0,24,Intel(R) Core(TM) Ultra 9 285K,1,1 x NVIDIA GeForce RTX 5090,9.2986,48.7383,60.81614303588867,machine,0.0,0.0,0.0,0.0,N
rollout_2,2026-09-15T20:56:11,td3_HalfCheetah-v5_seed331,6bb30b05-42b8-4ff1-ad88-36414a4bcffe,0.1158235449984204,2.097536277681066e-06,1.8106230484087357e-05,26.605034020935918,82.56062392277428,20.0,1.052718897730058e-06,3.8125030497049295e-06,6.408451943975364e-07,5.5060671418324155e-06,0.0,Germany,DEU,baden-wurttemberg,,,Linux-7.0.0-31-generic-x86_64-with-glibc2.43,3.14.4,3.3.0,24,Intel(R) Core(TM) Ultra 9 285K,1,1 x NVIDIA GeForce RTX 5090,9.2986,48.7383,60.81614303588867,machine,0.0,0.0,0.0,0.0,N
gradient_updates_2,2026-09-15T20:56:13,td3_HalfCheetah-v5_seed331,6bb30b05-42b8-4ff1-ad88-36414a4bcffe,2.321020685994881,5.044066197254873e-05,2.173216870656943e-05,26.941556504202556,91.24528488456154,20.0,1.5862416023255943e-05,0.00010364786069638754,1.2897288505579773e-05,0.00013240756522522315,0.0,Germany,DEU,baden-wurttemberg,,,Linux-7.0.0-31-generic-x86_64-with-glibc2.43,3.14.4,3.3.0,24,Intel(R) Core(TM) Ultra 9 285K,1,1 x NVIDIA GeForce RTX 5090,9.2986,48.7383,60.81614303588867,machine,0.0,0.0,0.0,0.0,N
rollout_3,2026-09-15T20:56:13,td3_HalfCheetah-v5_seed331,6bb30b05-42b8-4ff1-ad88-36414a4bcffe,0.11383887600095477,1.307367286208479e-06,1.1484255263633255e-05,26.776250320390766,88.32542060539303,20.0,8.205992675907464e-07,1.975001580056812e-06,6.362597277782779e-07,3.431860575425945e-06,0.0,Germany,DEU,baden-wurttemberg,,,Linux-7.0.0-31-generic-x86_64-with-glibc2.43,3.14.4,3.3.0,24,Intel(R) Core(TM) Ultra 9 285K,1,1 x NVIDIA GeForce RTX 5090,9.2986,48.7383,60.81614303588867,machine,0.0,0.0,0.0,0.0,N
gradient_updates_3,2026-09-15T20:56:15,td3_HalfCheetah-v5_seed331,6bb30b05-42b8-4ff1-ad88-36414a4bcffe,2.2978892109968,4.990888030139524e-05,2.171951081921595e-05,26.677484925653246,94.7274185932201,20.0,1.692549381816181e-05,0.00010132146994568103,1.2764665850004868e-05,0.0001310116296138475,0.0,Germany,DEU,baden-wurttemberg,,,Linux-7.0.0-31-generic-x86_64-with-glibc2.43,3.14.4,3.3.0,24,Intel(R) Core(TM) Ultra 9 285K,1,1 x NVIDIA GeForce RTX 5090,9.2986,48.7383,60.81614303588867,machine,0.0,0.0,0.0,0.0,N
rollout_4,2026-09-15T20:56:15,td3_HalfCheetah-v5_seed331,6bb30b05-42b8-4ff1-ad88-36414a4bcffe,0.11001860701071564,1.611380494300342e-06,1.4646275655669091e-05,27.169069347769987,93.93981301052726,20.0,1.0146227561414964e-06,2.604724306021211e-06,6.105531722521004e-07,4.229900234414916e-06,0.0,Germany,DEU,baden-wurttemberg,,,Linux-7.0.0-31-generic-x86_64-with-glibc2.43,3.14.4,3.3.0,24,Intel(R) Core(TM) Ultra 9 285K,1,1 x NVIDIA GeForce RTX 5090,9.2986,48.7383,60.81614303588867,machine,0.0,0.0,0.0,0.0,N
gradient_updates_4,2026-09-15T20:56:18,td3_HalfCheetah-v5_seed331,6bb30b05-42b8-4ff1-ad88-36414a4bcffe,2.318818878993625,4.9012677216307525e-05,2.1137051516560922e-05,27.364759561138797,98.6956019479135,20.0,1.546285653694201e-05,0.00010031619136396941,1.2880033911157355e-05,0.00012865908181206856,0.0,Germany,DEU,baden-wurttemberg,,,Linux-7.0.0-31-generic-x86_64-with-glibc2.43,3.14.4,3.3.0,24,Intel(R) Core(TM) Ultra 9 285K,1,1 x NVIDIA GeForce RTX 5090,9.2986,48.7383,60.81614303588867,machine,0.0,0.0,0.0,0.0,N
rollout_5,2026-09-15T20:56:18,td3_HalfCheetah-v5_seed331,6bb30b05-42b8-4ff1-ad88-36414a4bcffe,0.11386673399829306,2.037912785758959e-06,1.7897116068787697e-05,27.373580682544695,100.31904511254241,20.0,8.846354299296352e-07,3.8338919563507545e-06,6.310271110528381e-07,5.349554497333011e-06,0.0,Germany,DEU,baden-wurttemberg,,,Linux-7.0.0-31-generic-x86_64-with-glibc2.43,3.14.4,3.3.0,24,Intel(R) Core(TM) Ultra 9 285K,1,1 x NVIDIA GeForce RTX 5090,9.2986,48.7383,60.81614303588867,machine,0.0,0.0,0.0,0.0,N
gradient_updates_5,2026-09-15T20:56:20,td3_HalfCheetah-v5_seed331,6bb30b05-42b8-4ff1-ad88-36414a4bcffe,2.2946625709882937,4.942484886660717e-05,2.1539069913577465e-05,27.357261988383918,104.10627072238618,20.0,1.684877625678788e-05,0.0001001456356717334,1.2746627227817105e-05,0.00012974103915633839,0.0,Germany,DEU,baden-wurttemberg,,,Linux-7.0.0-31-generic-x86_64-with-glibc2.43,3.14.4,3.3.0,24,Intel(R) Core(TM) Ultra 9 285K,1,1 x NVIDIA GeForce RTX 5090,9.2986,48.7383,60.81614303588867,machine,0.0,0.0,0.0,0.0,N
rollout_6,2026-09-15T20:56:20,td3_HalfCheetah-v5_seed331,6bb30b05-42b8-4ff1-ad88-36414a4bcffe,0.10958046199812088,2.2229519853606255e-06,2.0283280658813998e-05,27.66665731708117,106.28933958091399,20.0,1.0012460787750185e-06,4.22639226993482e-06,6.076470833957801e-07,5.83528543210551e-06,0.0,Germany,DEU,baden-wurttemberg,,,Linux-7.0.0-31-generic-x86_64-with-glibc2.43,3.14.4,3.3.0,24,Intel(R) Core(TM) Ultra 9 285K,1,1 x NVIDIA GeForce RTX 5090,9.2986,48.7383,60.81614303588867,machine,0.0,0.0,0.0,0.0,N
gradient_updates_6,2026-09-15T20:56:23,td3_HalfCheetah-v5_seed331,6bb30b05-42b8-4ff1-ad88-36414a4bcffe,2.306722579000052,5.107573467664085e-05,2.214218836126556e-05,27.82452209924456,109.6143302602634,20.0,1.6953451340528426e-05,0.0001043084167799968,1.2812773372166287e-05,0.00013407464149269152,0.0,Germany,DEU,baden-wurttemberg,,,Linux-7.0.0-31-generic-x86_64-with-glibc2.43,3.14.4,3.3.0,24,Intel(R) Core(TM) Ultra 9 285K,1,1 x NVIDIA GeForce RTX 5090,9.2986,48.7383,60.81614303588867,machine,0.0,0.0,0.0,0.0,N
rollout_7,2026-09-15T20:56:23,td3_HalfCheetah-v5_seed331,6bb30b05-42b8-4ff1-ad88-36414a4bcffe,0.10948248399654403,1.3412905853001523e-06,1.2250201051923304e-05,28.054238430373783,107.04237963281888,20.0,9.900394031423995e-07,1.923612650056583e-06,6.072577389002257e-07,3.5209097920992083e-06,0.0,Germany,DEU,baden-wurttemberg,,,Linux-7.0.0-31-generic-x86_64-with-glibc2.43,3.14.4,3.3.0,24,Intel(R) Core(TM) Ultra 9 285K,1,1 x NVIDIA GeForce RTX 5090,9.2986,48.7383,60.81614303588867,machine,0.0,0.0,0.0,0.0,N
gradient_updates_7,2026-09-15T20:56:25,td3_HalfCheetah-v5_seed331,6bb30b05-42b8-4ff1-ad88-36414a4bcffe,2.3109027609898476,4.972875821786834e-05,2.151926654823288e-05,28.136497476641065,109.74670287457877,20.0,1.6018377259135845e-05,0.00010168397023591069,1.2836458694396712e-05,0.00013053880618944325,0.0,Germany,DEU,baden-wurttemberg,,,Linux-7.0.0-31-generic-x86_64-with-glibc2.43,3.14.4,3.3.0,24,Intel(R) Core(TM) Ultra 9 285K,1,1 x NVIDIA GeForce RTX 5090,9.2986,48.7383,60.81614303588867,machine,0.0,0.0,0.0,0.0,N
rollout_8,2026-09-15T20:56:25,td3_HalfCheetah-v5_seed331,6bb30b05-42b8-4ff1-ad88-36414a4bcffe,0.11242628301260993,1.5410638385623433e-06,1.3706069483779435e-05,28.0064499941909,108.44111297064246,20.0,8.118509272582106e-07,2.6097243099876266e-06,6.237426222165934e-07,4.045317859462539e-06,0.0,Germany,DEU,baden-wurttemberg,,,Linux-7.0.0-31-generic-x86_64-with-glibc2.43,3.14.4,3.3.0,24,Intel(R) Core(TM) Ultra 9 285K,1,1 x NVIDIA GeForce RTX 5090,9.2986,48.7383,60.81614303588867,machine,0.0,0.0,0.0,0.0,N
gradient_updates_8,2026-09-15T20:56:27,td3_HalfCheetah-v5_seed331,6bb30b05-42b8-4ff1-ad88-36414a4bcffe,2.2967298309959006,4.985741358089625e-05,2.1708079489109352e-05,27.905604021772735,110.82668609159343,20.0,1.6982154696824382e-05,0.00010113619202023472,1.2758181911097705e-05,0.0001308765286281567,0.0,Germany,DEU,baden-wurttemberg,,,Linux-7.0.0-31-generic-x86_64-with-glibc2.43,3.14.4,3.3.0,24,Intel(R) Core(TM) Ultra 9 285K,1,1 x NVIDIA GeForce RTX 5090,9.2986,48.7383,60.81614303588867,machine,0.0,0.0,0.0,0.0,N
rollout_9,2026-09-15T20:56:28,td3_HalfCheetah-v5_seed331,6bb30b05-42b8-4ff1-ad88-36414a4bcffe,0.10932931299612392,1.8301914595289775e-06,1.6738622037781894e-05,28.101411899252806,110.58417764589159,20.0,9.96600797280485e-07,3.201113671913447e-06,6.06568138836216e-07,4.8042826080300395e-06,0.0,Germany,DEU,baden-wurttemberg,,,Linux-7.0.0-31-generic-x86_64-with-glibc2.43,3.14.4,3.3.0,24,Intel(R) Core(TM) Ultra 9 285K,1,1 x NVIDIA GeForce RTX 5090,9.2986,48.7383,60.81614303588867,machine,0.0,0.0,0.0,0.0,N
gradient_updates_9,2026-09-15T20:56:30,td3_HalfCheetah-v5_seed331,6bb30b05-42b8-4ff1-ad88-36414a4bcffe,2.3533615860069403,5.070433685249636e-05,2.154560743302866e-05,28.165775372988342,112.70204641787211,20.0,1.5910616339594e-05,0.00010411730551584952,1.3071794255584937e-05,0.00013309971611102835,0.0,Germany,DEU,baden-wurttemberg,,,Linux-7.0.0-31-generic-x86_64-with-glibc2.43,3.14.4,3.3.0,24,Intel(R) Core(TM) Ultra 9 285K,1,1 x NVIDIA GeForce RTX 5090,9.2986,48.7383,60.81614303588867,machine,0.0,0.0,0.0,0.0,N
rollout_10,2026-09-15T20:56:30,td3_HalfCheetah-v5_seed331,6bb30b05-42b8-4ff1-ad88-36414a4bcffe,0.11692598499939777,1.3632830069320104e-06,1.1656940930766099e-05,28.158688458977824,110.56720206911315,20.0,9.283599093539222e-07,2.000001600332979e-06,6.502787500115058e-07,3.5786402596982986e-06,0.0,Germany,DEU,baden-wurttemberg,,,Linux-7.0.0-31-generic-x86_64-with-glibc2.43,3.14.4,3.3.0,24,Intel(R) Core(TM) Ultra 9 285K,1,1 x NVIDIA GeForce RTX 5090,9.2986,48.7383,60.81614303588867,machine,0.0,0.0,0.0,0.0,N
gradient_updates_10,2026-09-15T20:56:32,td3_HalfCheetah-v5_seed331,6bb30b05-42b8-4ff1-ad88-36414a4bcffe,2.244392341002822,4.8895310531245004e-05,2.1785581862774396e-05,28.143755517371655,112.48717093212014,20.0,1.707533477136782e-05,9.881285682800112e-05,1.2462800738851179e-05,0.00012835099233822,0.0,Germany,DEU,baden-wurttemberg,,,Linux-7.0.0-31-generic-x86_64-with-glibc2.43,3.14.4,3.3.0,24,Intel(R) Core(TM) Ultra 9 285K,1,1 x NVIDIA GeForce RTX 5090,9.2986,48.7383,60.81614303588867,machine,0.0,0.0,0.0,0.0,N
rollout_11,2026-09-15T20:56:32,td3_HalfCheetah-v5_seed331,6bb30b05-42b8-4ff1-ad88-36414a4bcffe,0.11177384199982043,2.2187469291001793e-06,1.9850402409475186e-05,28.32629625007858,113.23608385184212,20.0,1.0549061217023092e-06,4.141947757663189e-06,6.273932110666862e-07,5.824247090432076e-06,0.0,Germany,DEU,baden-wurttemberg,,,Linux-7.0.0-31-generic-x86_64-with-glibc2.43,3.14.4,3.3.0,24,Intel(R) Core(TM) Ultra 9 285K,1,1 x NVIDIA GeForce RTX 5090,9.2986,48.7383,60.81614303588867,machine,0.0,0.0,0.0,0.0,N
gradient_updates_11,2026-09-15T20:56:34,td3_HalfCheetah-v5_seed331,6bb30b05-42b8-4ff1-ad88-36414a4bcffe,2.0258145879924996,4.817333106206111e-05,2.3779874732557167e-05,28.436107135598135,115.58045225537924,20.0,1.5831559054125914e-05,9.936702393797958e-05,1.1257201394457511e-05,0.0001264557843865628,0.0,Germany,DEU,baden-wurttemberg,,,Linux-7.0.0-31-generic-x86_64-with-glibc2.43,3.14.4,3.3.0,24,Intel(R) Core(TM) Ultra 9 285K,1,1 x NVIDIA GeForce RTX 5090,9.2986,48.7383,60.81614303588867,machine,0.0,0.0,0.0,0.0,N
rollout_12,2026-09-15T20:56:34,td3_HalfCheetah-v5_seed331,6bb30b05-42b8-4ff1-ad88-36414a4bcffe,0.10886668199964333,1.6222579460440333e-06,1.4899925447305153e-05,28.57808189970646,114.59167328086572,20.0,9.986013544361835e-07,2.655835458220679e-06,6.040169110443656e-07,4.258453723701445e-06,0.0,Germany,DEU,baden-wurttemberg,,,Linux-7.0.0-31-generic-x86_64-with-glibc2.43,3.14.4,3.3.0,24,Intel(R) Core(TM) Ultra 9 285K,1,1 x NVIDIA GeForce RTX 5090,9.2986,48.7383,60.81614303588867,machine,0.0,0.0,0.0,0.0,N
gradient_updates_12,2026-09-15T20:56:37,td3_HalfCheetah-v5_seed331,6bb30b05-42b8-4ff1-ad88-36414a4bcffe,2.0197513319872087,4.6782922924600446e-05,2.316278153924706e-05,28.654264430551166,116.54905832206188,20.0,1.5465908483828193e-05,9.612146578596992e-05,1.1218565944404418e-05,0.00012280594021420264,0.0,Germany,DEU,baden-wurttemberg,,,Linux-7.0.0-31-generic-x86_64-with-glibc2.43,3.14.4,3.3.0,24,Intel(R) Core(TM) Ultra 9 285K,1,1 x NVIDIA GeForce RTX 5090,9.2986,48.7383,60.81614303588867,machine,0.0,0.0,0.0,0.0,N
rollout_13,2026-09-15T20:56:37,td3_HalfCheetah-v5_seed331,6bb30b05-42b8-4ff1-ad88-36414a4bcffe,0.10904910899989773,1.913575274461836e-06,1.754736202327659e-05,28.782438732915907,116.4278379792656,20.0,1.0026194132064375e-06,3.4158360660008213e-06,6.047110110456904e-07,5.023166490252841e-06,0.0,Germany,DEU,baden-wurttemberg,,,Linux-7.0.0-31-generic-x86_64-with-glibc2.43,3.14.4,3.3.0,24,Intel(R) Core(TM) Ultra 9 285K,1,1 x NVIDIA GeForce RTX 5090,9.2986,48.7383,60.81614303588867,machine,0.0,0.0,0.0,0.0,N
gradient_updates_13,2026-09-15T20:56:39,td3_HalfCheetah-v5_seed331,6bb30b05-42b8-4ff1-ad88-36414a4bcffe,2.0286761919996934,4.762535153462555e-05,2.3476171829979983e-05,28.825662889086306,118.36447585654209,20.0,1.4311006448795849e-05,9.943674621570864e-05,1.126957647219469e-05,0.00012501732913669907,0.0,Germany,DEU,baden-wurttemberg,,,Linux-7.0.0-31-generic-x86_64-with-glibc2.43,3.14.4,3.3.0,24,Intel(R) Core(TM) Ultra 9 285K,1,1 x NVIDIA GeForce RTX 5090,9.2986,48.7383,60.81614303588867,machine,0.0,0.0,0.0,0.0,N
rollout_14,2026-09-15T20:56:39,td3_HalfCheetah-v5_seed331,6bb30b05-42b8-4ff1-ad88-36414a4bcffe,0.11337747400102671,1.2656431052019811e-06,1.1161058682317772e-05,28.736954396357532,116.51160860483871,20.0,8.340270561098609e-07,1.8591681540947036e-06,6.291387055373278e-07,3.3223339157418923e-06,0.0,Germany,DEU,baden-wurttemberg,,,Linux-7.0.0-31-generic-x86_64-with-glibc2.43,3.14.4,3.3.0,24,Intel(R) Core(TM) Ultra 9 285K,1,1 x NVIDIA GeForce RTX 5090,9.2986,48.7383,60.81614303588867,machine,0.0,0.0,0.0,0.0,N
gradient_updates_14,2026-09-15T20:56:41,td3_HalfCheetah-v5_seed331,6bb30b05-42b8-4ff1-ad88-36414a4bcffe,2.0269175059947884,4.6980797917441823e-05,2.317852388837068e-05,28.66579004365604,118.186180844713,20.0,1.5330275041988348e-05,9.673257738596064e-05,1.1262512888869343e-05,0.0001233253653168181,0.0,Germany,DEU,baden-wurttemberg,,,Linux-7.0.0-31-generic-x86_64-with-glibc2.43,3.14.4,3.3.0,24,Intel(R) Core(TM) Ultra 9 285K,1,1 x NVIDIA GeForce RTX 5090,9.2986,48.7383,60.81614303588867,machine,0.0,0.0,0.0,0.0,N
rollout_15,2026-09-15T20:56:41,td3_HalfCheetah-v5_seed331,6bb30b05-42b8-4ff1-ad88-36414a4bcffe,0.10970710299443454,1.9110268450717952e-06,1.7418911480554094e-05,28.784813927832595,117.98921523344339,20.0,1.015080812064549e-06,3.3930582703511902e-06,6.08337738877804e-07,5.016476821293435e-06,0.0,Germany,DEU,baden-wurttemberg,,,Linux-7.0.0-31-generic-x86_64-with-glibc2.43,3.14.4,3.3.0,24,Intel(R) Core(TM) Ultra 9 285K,1,1 x NVIDIA GeForce RTX 5090,9.2986,48.7383,60.81614303588867,machine,0.0,0.0,0.0,0.0,N
gradient_updates_15,2026-09-15T20:56:43,td3_HalfCheetah-v5_seed331,6bb30b05-42b8-4ff1-ad88-36414a4bcffe,2.015617828001268,4.662459378802536e-05,2.3131842200744917e-05,28.85164459774766,119.49374929687892,20.0,1.5662254752015978e-05,9.553202086998169e-05,1.1196048011091406e-05,0.00012239032363308908,0.0,Germany,DEU,baden-wurttemberg,,,Linux-7.0.0-31-generic-x86_64-with-glibc2.43,3.14.4,3.3.0,24,Intel(R) Core(TM) Ultra 9 285K,1,1 x NVIDIA GeForce RTX 5090,9.2986,48.7383,60.81614303588867,machine,0.0,0.0,0.0,0.0,N
rollout_16,2026-09-15T20:56:43,td3_HalfCheetah-v5_seed331,6bb30b05-42b8-4ff1-ad88-36414a4bcffe,0.10951388999819756,2.2128403451755242e-06,2.020422499041492e-05,28.968302992132156,119.99152702948248,20.0,1.0241680415560075e-06,4.176947785872187e-06,6.07626383296268e-07,5.8087422107246794e-06,0.0,Germany,DEU,baden-wurttemberg,,,Linux-7.0.0-31-generic-x86_64-with-glibc2.43,3.14.4,3.3.0,24,Intel(R) Core(TM) Ultra 9 285K,1,1 x NVIDIA GeForce RTX 5090,9.2986,48.7383,60.81614303588867,machine,0.0,0.0,0.0,0.0,N
gradient_updates_16,2026-09-15T20:56:45,td3_HalfCheetah-v5_seed331,6bb30b05-42b8-4ff1-ad88-36414a4bcffe,2.0194882359937765,4.796571509417232e-05,2.375153431200752e-05,29.024128358385983,121.54389490375655,20.0,1.5162242129784093e-05,9.952980184602112e-05,1.1218745088828865e-05,0.00012591078906463386,0.0,Germany,DEU,baden-wurttemberg,,,Linux-7.0.0-31-generic-x86_64-with-glibc2.43,3.14.4,3.3.0,24,Intel(R) Core(TM) Ultra 9 285K,1,1 x NVIDIA GeForce RTX 5090,9.2986,48.7383,60.81614303588867,machine,0.0,0.0,0.0,0.0,N
rollout_17,2026-09-15T20:56:45,td3_HalfCheetah-v5_seed331,6bb30b05-42b8-4ff1-ad88-36414a4bcffe,0.11286025600566063,1.3325355245465218e-06,1.1805726707993764e-05,28.958635366156788,120.0461753761176,20.0,8.46980122028336e-07,2.0247238419202063e-06,6.262236500333791e-07,3.4979276139820298e-06,0.0,Germany,DEU,baden-wurttemberg,,,Linux-7.0.0-31-generic-x86_64-with-glibc2.43,3.14.4,3.3.0,24,Intel(R) Core(TM) Ultra 9 285K,1,1 x NVIDIA GeForce RTX 5090,9.2986,48.7383,60.81614303588867,machine,0.0,0.0,0.0,0.0,N
gradient_updates_17,2026-09-15T20:56:47,td3_HalfCheetah-v5_seed331,6bb30b05-42b8-4ff1-ad88-36414a4bcffe,2.0147082390030846,4.7197667953239285e-05,2.342662799676147e-05,28.913043870059052,121.40500781570879,20.0,1.594956025963764e-05,9.676174407591276e-05,1.1183348383282405e-05,0.0001238946527188328,0.0,Germany,DEU,baden-wurttemberg,,,Linux-7.0.0-31-generic-x86_64-with-glibc2.43,3.14.4,3.3.0,24,Intel(R) Core(TM) Ultra 9 285K,1,1 x NVIDIA GeForce RTX 5090,9.2986,48.7383,60.81614303588867,machine,0.0,0.0,0.0,0.0,N
rollout_18,2026-09-15T20:56:47,td3_HalfCheetah-v5_seed331,6bb30b05-42b8-4ff1-ad88-36414a4bcffe,0.10875469801248983,1.8665063611501657e-06,1.715900188771059e-05,29.01237677599998,121.09110599602816,20.0,1.011978031804396e-06,3.2844470720938546e-06,6.031847166822245e-07,4.899609820580367e-06,0.0,Germany,DEU,baden-wurttemberg,,,Linux-7.0.0-31-generic-x86_64-with-glibc2.43,3.14.4,3.3.0,24,Intel(R) Core(TM) Ultra 9 285K,1,1 x NVIDIA GeForce RTX 5090,9.2986,48.7383,60.81614303588867,machine,0.0,0.0,0.0,0.0,N
gradient_updates_18,2026-09-15T20:56:49,td3_HalfCheetah-v5_seed331,6bb30b05-42b8-4ff1-ad88-36414a4bcffe,2.011118783004349,4.680996305830875e-05,2.327569848905658e-05,29.068878185984193,122.32635656127553,20.0,1.5777272066252145e-05,9.592841007588504e-05,1.117123886667994e-05,0.00012287692100881702,0.0,Germany,DEU,baden-wurttemberg,,,Linux-7.0.0-31-generic-x86_64-with-glibc2.43,3.14.4,3.3.0,24,Intel(R) Core(TM) Ultra 9 285K,1,1 x NVIDIA GeForce RTX 5090,9.2986,48.7383,60.81614303588867,machine,0.0,0.0,0.0,0.0,N
rollout_19,2026-09-15T20:56:49,td3_HalfCheetah-v5_seed331,6bb30b05-42b8-4ff1-ad88-36414a4bcffe,0.1093365599954268,2.1943912653207744e-06,2.0068256716834546e-05,29.153878502642637,122.66625713378892,20.0,1.009723030000187e-06,4.144169982289725e-06,6.064200611338808e-07,5.760313073423576e-06,0.0,Germany,DEU,baden-wurttemberg,,,Linux-7.0.0-31-generic-x86_64-with-glibc2.43,3.14.4,3.3.0,24,Intel(R) Core(TM) Ultra 9 285K,1,1 x NVIDIA GeForce RTX 5090,9.2986,48.7383,60.81614303588867,machine,0.0,0.0,0.0,0.0,N
gradient_updates_19,2026-09-15T20:56:51,td3_HalfCheetah-v5_seed331,6bb30b05-42b8-4ff1-ad88-36414a4bcffe,2.0237709850043757,4.784884379671248e-05,2.3643562057937868e-05,29.184776607695834,123.93348500143834,20.0,1.473403012054817e-05,9.962341303193512e-05,1.1246556838887087e-05,0.00012560399999137026,0.0,Germany,DEU,baden-wurttemberg,,,Linux-7.0.0-31-generic-x86_64-with-glibc2.43,3.14.4,3.3.0,24,Intel(R) Core(TM) Ultra 9 285K,1,1 x NVIDIA GeForce RTX 5090,9.2986,48.7383,60.81614303588867,machine,0.0,0.0,0.0,0.0,N
rollout_20,2026-09-15T20:56:52,td3_HalfCheetah-v5_seed331,6bb30b05-42b8-4ff1-ad88-36414a4bcffe,0.1111187000060454,1.4001100857004636e-06,1.2599042266362811e-05,29.29084252081191,122.57974676730247,20.0,1.0677233541782002e-06,1.9897238137112083e-06,6.178647777738697e-07,3.6753119456636035e-06,0.0,Germany,DEU,baden-wurttemberg,,,Linux-7.0.0-31-generic-x86_64-with-glibc2.43,3.14.4,3.3.0,24,Intel(R) Core(TM) Ultra 9 285K,1,1 x NVIDIA GeForce RTX 5090,9.2986,48.7383,60.81614303588867,machine,0.0,0.0,0.0,0.0,N
gradient_updates_20,2026-09-15T20:56:54,td3_HalfCheetah-v5_seed331,6bb30b05-42b8-4ff1-ad88-36414a4bcffe,2.0257879330019932,4.7193854131567835e-05,2.329661435891102e-05,29.352613678879308,123.67099300858936,20.0,1.6058185902094284e-05,9.657646615002236e-05,1.1249989322257323e-05,0.00012388464137437407,0.0,Germany,DEU,baden-wurttemberg,,,Linux-7.0.0-31-generic-x86_64-with-glibc2.43,3.14.4,3.3.0,24,Intel(R) Core(TM) Ultra 9 285K,1,1 x NVIDIA GeForce RTX 5090,9.2986,48.7383,60.81614303588867,machine,0.0,0.0,0.0,0.0,N
rollout_21,2026-09-15T20:56:54,td3_HalfCheetah-v5_seed331,6bb30b05-42b8-4ff1-ad88-36414a4bcffe,0.11133852800412569,1.9420526278671277e-06,1.7441522529856736e-05,29.43021485001581,123.42554060509272,20.0,1.0375449967020209e-06,3.4472249801353883e-06,6.131500333140085e-07,5.097920010151309e-06,0.0,Germany,DEU,baden-wurttemberg,,,Linux-7.0.0-31-generic-x86_64-with-glibc2.43,3.14.4,3.3.0,24,Intel(R) Core(TM) Ultra 9 285K,1,1 x NVIDIA GeForce RTX 5090,9.2986,48.7383,60.81614303588867,machine,0.0,0.0,0.0,0.0,N
gradient_updates_21,2026-09-15T20:56:56,td3_HalfCheetah-v5_seed331,6bb30b05-42b8-4ff1-ad88-36414a4bcffe,2.0258375059929676,4.6158731245335254e-05,2.2785093947011157e-05,29.4541690415921,124.40582795203395,20.0,1.4546720526256544e-05,9.536813185029303e-05,1.125257443887267e-05,0.00012116742681542256,0.0,Germany,DEU,baden-wurttemberg,,,Linux-7.0.0-31-generic-x86_64-with-glibc2.43,3.14.4,3.3.0,24,Intel(R) Core(TM) Ultra 9 285K,1,1 x NVIDIA GeForce RTX 5090,9.2986,48.7383,60.81614303588867,machine,0.0,0.0,0.0,0.0,N
rollout_22,2026-09-15T20:56:56,td3_HalfCheetah-v5_seed331,6bb30b05-42b8-4ff1-ad88-36414a4bcffe,0.11221936799120158,2.9561206643935467e-06,2.633706431809516e-05,29.39036467987653,126.02968131058452,20.0,8.375026144466502e-07,6.3000050398720475e-06,6.223575888725024e-07,7.759865243190875e-06,0.0,Germany,DEU,baden-wurttemberg,,,Linux-7.0.0-31-generic-x86_64-with-glibc2.43,3.14.4,3.3.0,24,Intel(R) Core(TM) Ultra 9 285K,1,1 x NVIDIA GeForce RTX 5090,9.2986,48.7383,60.81614303588867,machine,0.0,0.0,0.0,0.0,N
gradient_updates_22,2026-09-15T20:56:58,td3_HalfCheetah-v5_seed331,6bb30b05-42b8-4ff1-ad88-36414a4bcffe,2.012632462006877,4.769006535139484e-05,2.3695532101869615e-05,29.34710132933293,127.02690157264155,20.0,1.6245309107348026e-05,9.776257821014767e-05,1.1179316649941018e-05,0.00012518720396743638,0.0,Germany,DEU,baden-wurttemberg,,,Linux-7.0.0-31-generic-x86_64-with-glibc2.43,3.14.4,3.3.0,24,Intel(R) Core(TM) Ultra 9 285K,1,1 x NVIDIA GeForce RTX 5090,9.2986,48.7383,60.81614303588867,machine,0.0,0.0,0.0,0.0,N
rollout_23,2026-09-15T20:56:58,td3_HalfCheetah-v5_seed331,6bb30b05-42b8-4ff1-ad88-36414a4bcffe,0.10859611599880736,1.3829841982886983e-06,1.2733640676234123e-05,29.43511228317933,125.80542813724409,20.0,1.0379349970144475e-06,1.989446035466358e-06,6.029751777532648e-07,3.6303562102341785e-06,0.0,Germany,DEU,baden-wurttemberg,,,Linux-7.0.0-31-generic-x86_64-with-glibc2.43,3.14.4,3.3.0,24,Intel(R) Core(TM) Ultra 9 285K,1,1 x NVIDIA GeForce RTX 5090,9.2986,48.7383,60.81614303588867,machine,0.0,0.0,0.0,0.0,N
gradient_updates_23,2026-09-15T20:57:00,td3_HalfCheetah-v5_seed331,6bb30b05-42b8-4ff1-ad88-36414a4bcffe,2.0286263339949073,4.630482291867596e-05,2.282580515087417e-05,29.464287292940547,126.68075103538017,20.0,1.4255973349214072e-05,9.602757682225516e-05,1.1267369683304828e-05,0.00012155091985477373,0.0,Germany,DEU,baden-wurttemberg,,,Linux-7.0.0-31-generic-x86_64-with-glibc2.43,3.14.4,3.3.0,24,Intel(R) Core(TM) Ultra 9 285K,1,1 x NVIDIA GeForce RTX 5090,9.2986,48.7383,60.81614303588867,machine,0.0,0.0,0.0,0.0,N
rollout_24,2026-09-15T20:57:00,td3_HalfCheetah-v5_seed331,6bb30b05-42b8-4ff1-ad88-36414a4bcffe,0.11208730700309388,2.104063513644382e-06,1.8769526217282377e-05,29.399562739094886,126.76288500816989,20.0,8.27448717513786e-07,4.073892148070968e-06,6.218603777395594e-07,5.5232012433244215e-06,0.0,Germany,DEU,baden-wurttemberg,,,Linux-7.0.0-31-generic-x86_64-with-glibc2.43,3.14.4,3.3.0,24,Intel(R) Core(TM) Ultra 9 285K,1,1 x NVIDIA GeForce RTX 5090,9.2986,48.7383,60.81614303588867,machine,0.0,0.0,0.0,0.0,N
gradient_updates_24,2026-09-15T20:57:02,td3_HalfCheetah-v5_seed331,6bb30b05-42b8-4ff1-ad88-36414a4bcffe,2.025078663005843,4.8611159749560205e-05,2.400463421966401e-05,29.362310862739317,127.70655424646324,20.0,1.6936700493794428e-05,9.942063509171817e-05,1.1247756288907513e-05,0.00012760509187441978,0.0,Germany,DEU,baden-wurttemberg,,,Linux-7.0.0-31-generic-x86_64-with-glibc2.43,3.14.4,3.3.0,24,Intel(R) Core(TM) Ultra 9 285K,1,1 x NVIDIA GeForce RTX 5090,9.2986,48.7383,60.81614303588867,machine,0.0,0.0,0.0,0.0,N
rollout_25,2026-09-15T20:57:02,td3_HalfCheetah-v5_seed331,6bb30b05-42b8-4ff1-ad88-36414a4bcffe,0.10820406100538094,1.3715290407344087e-06,1.267417956074969e-05,29.444551655113838,126.55335027918842,20.0,1.0353580505075705e-06,1.96472379432322e-06,6.002043888859304e-07,3.6002862337167207e-06,0.0,Germany,DEU,baden-wurttemberg,,,Linux-7.0.0-31-generic-x86_64-with-glibc2.43,3.14.4,3.3.0,24,Intel(R) Core(TM) Ultra 9 285K,1,1 x NVIDIA GeForce RTX 5090,9.2986,48.7383,60.81614303588867,machine,0.0,0.0,0.0,0.0,N
gradient_updates_25,2026-09-15T20:57:04,td3_HalfCheetah-v5_seed331,6bb30b05-42b8-4ff1-ad88-36414a4bcffe,2.012354195001535,4.749321920722552e-05,2.3600885769273214e-05,29.495508209226113,127.41359593998142,20.0,1.6304021376540266e-05,9.718729997176823e-05,1.117915826115575e-05,0.00012467047960946446,0.0,Germany,DEU,baden-wurttemberg,,,Linux-7.0.0-31-generic-x86_64-with-glibc2.43,3.14.4,3.3.0,24,Intel(R) Core(TM) Ultra 9 285K,1,1 x NVIDIA GeForce RTX 5090,9.2986,48.7383,60.81614303588867,machine,0.0,0.0,0.0,0.0,N
rollout_26,2026-09-15T20:57:04,td3_HalfCheetah-v5_seed331,6bb30b05-42b8-4ff1-ad88-36414a4bcffe,0.10950005800987128,1.671971432857947e-06,1.526617675724998e-05,29.56161279258087,126.78086305990406,20.0,1.0281186002721043e-06,2.7608355419594943e-06,5.999982999735018e-07,4.3889524422051004e-06,0.0,Germany,DEU,baden-wurttemberg,,,Linux-7.0.0-31-generic-x86_64-with-glibc2.43,3.14.4,3.3.0,24,Intel(R) Core(TM) Ultra 9 285K,1,1 x NVIDIA GeForce RTX 5090,9.2986,48.7383,60.81614303588867,machine,0.0,0.0,0.0,0.0,N
gradient_updates_26,2026-09-15T20:57:06,td3_HalfCheetah-v5_seed331,6bb30b05-42b8-4ff1-ad88-36414a4bcffe,2.0197000600019237,4.684436852211331e-05,2.3193828253709215e-05,29.593952276592162,127.5630555663763,20.0,1.5623209165223535e-05,9.612563245608996e-05,1.121839429445875e-05,0.00012296723591577203,0.0,Germany,DEU,baden-wurttemberg,,,Linux-7.0.0-31-generic-x86_64-with-glibc2.43,3.14.4,3.3.0,24,Intel(R) Core(TM) Ultra 9 285K,1,1 x NVIDIA GeForce RTX 5090,9.2986,48.7383,60.81614303588867,machine,0.0,0.0,0.0,0.0,N
rollout_27,2026-09-15T20:57:07,td3_HalfCheetah-v5_seed331,6bb30b05-42b8-4ff1-ad88-36414a4bcffe,0.11160957100219093,2.122263404849816e-06,1.9015255356138754e-05,29.539273476048432,127.6574062055682,20.0,8.338406670719764e-07,4.118336628167185e-06,6.187989610933293e-07,5.570976256332599e-06,0.0,Germany,DEU,baden-wurttemberg,,,Linux-7.0.0-31-generic-x86_64-with-glibc2.43,3.14.4,3.3.0,24,Intel(R) Core(TM) Ultra 9 285K,1,1 x NVIDIA GeForce RTX 5090,9.2986,48.7383,60.81614303588867,machine,0.0,0.0,0.0,0.0,N
gradient_updates_27,2026-09-15T20:57:09,td3_HalfCheetah-v5_seed331,6bb30b05-42b8-4ff1-ad88-36414a4bcffe,2.068103682002402,4.7127786725919326e-05,2.2787996988043477e-05,29.471798753273525,128.39846226187572,20.0,1.3711625413736009e-05,9.850452324799974e-05,1.1495064688885255e-05,0.00012371121335062133,0.0,Germany,DEU,baden-wurttemberg,,,Linux-7.0.0-31-generic-x86_64-with-glibc2.43,3.14.4,3.3.0,24,Intel(R) Core(TM) Ultra 9 285K,1,1 x NVIDIA GeForce RTX 5090,9.2986,48.7383,60.81614303588867,machine,0.0,0.0,0.0,0.0,N
rollout_28,2026-09-15T20:57:09,td3_HalfCheetah-v5_seed331,6bb30b05-42b8-4ff1-ad88-36414a4bcffe,0.11391383000591304,1.857851076822372e-06,1.6308824110633634e-05,29.403999017958316,128.06537601887243,20.0,8.181070433738169e-07,3.4269471860248757e-06,6.318353278200045e-07,4.876889557218697e-06,0.0,Germany,DEU,baden-wurttemberg,,,Linux-7.0.0-31-generic-x86_64-with-glibc2.43,3.14.4,3.3.0,24,Intel(R) Core(TM) Ultra 9 285K,1,1 x NVIDIA GeForce RTX 5090,9.2986,48.7383,60.81614303588867,machine,0.0,0.0,0.0,0.0,N
gradient_updates_28,2026-09-15T20:57:11,td3_HalfCheetah-v5_seed331,6bb30b05-42b8-4ff1-ad88-36414a4bcffe,2.021654154988937,4.66753550246962e-05,2.3087754520535363e-05,29.35381237086917,128.751819477907,20.0,1.5864569080534414e-05,9.542840967613486e-05,1.1230593955487101e-05,0.0001225235727121566,0.0,Germany,DEU,baden-wurttemberg,,,Linux-7.0.0-31-generic-x86_64-with-glibc2.43,3.14.4,3.3.0,24,Intel(R) Core(TM) Ultra 9 285K,1,1 x NVIDIA GeForce RTX 5090,9.2986,48.7383,60.81614303588867,machine,0.0,0.0,0.0,0.0,N
rollout_29,2026-09-15T20:57:11,td3_HalfCheetah-v5_seed331,6bb30b05-42b8-4ff1-ad88-36414a4bcffe,0.10869973499211483,3.0434414584482386e-06,2.7995718210017336e-05,29.430956160822436,130.07413394866057,20.0,1.0507183405743595e-06,6.337227291819403e-06,6.011381278059899e-07,7.989083760200077e-06,0.0,Germany,DEU,baden-wurttemberg,,,Linux-7.0.0-31-generic-x86_64-with-glibc2.43,3.14.4,3.3.0,24,Intel(R) Core(TM) Ultra 9 285K,1,1 x NVIDIA GeForce RTX 5090,9.2986,48.7383,60.81614303588867,machine,0.0,0.0,0.0,0.0,N
gradient_updates_29,2026-09-15T20:57:13,td3_HalfCheetah-v5_seed331,6bb30b05-42b8-4ff1-ad88-36414a4bcffe,2.0176128200109815,4.787168625795509e-05,2.3726956473368372e-05,29.479895875404647,130.7884976010185,20.0,1.6420377858514072e-05,9.804396732393528e-05,1.1199616644444205e-05,0.00012566396182689312,0.0,Germany,DEU,baden-wurttemberg,,,Linux-7.0.0-31-generic-x86_64-with-glibc2.43,3.14.4,3.3.0,24,Intel(R) Core(TM) Ultra 9 285K,1,1 x NVIDIA GeForce RTX 5090,9.2986,48.7383,60.81614303588867,machine,0.0,0.0,0.0,0.0,N
rollout_30,2026-09-15T20:57:13,td3_HalfCheetah-v5_seed331,6bb30b05-42b8-4ff1-ad88-36414a4bcffe,0.11247179399651941,1.6475895428386123e-06,1.464655179956117e-05,29.55828352940239,130.05761256619695,20.0,1.0999703244207043e-06,2.6052798620668227e-06,6.196993943982871e-07,4.324949580886139e-06,0.0,Germany,DEU,baden-wurttemberg,,,Linux-7.0.0-31-generic-x86_64-with-glibc2.43,3.14.4,3.3.0,24,Intel(R) Core(TM) Ultra 9 285K,1,1 x NVIDIA GeForce RTX 5090,9.2986,48.7383,60.81614303588867,machine,0.0,0.0,0.0,0.0,N
gradient_updates_30,2026-09-15T20:57:15,td3_HalfCheetah-v5_seed331,6bb30b05-42b8-4ff1-ad88-36414a4bcffe,2.0425401110114763,4.7228601051115416e-05,2.312249044873468e-05,29.605981664993664,130.66787687720662,20.0,1.6460339001594416e-05,9.61820213900566e-05,1.1333492216605563e-05,0.0001239758526082567,0.0,Germany,DEU,baden-wurttemberg,,,Linux-7.0.0-31-generic-x86_64-with-glibc2.43,3.14.4,3.3.0,24,Intel(R) Core(TM) Ultra 9 285K,1,1 x NVIDIA GeForce RTX 5090,9.2986,48.7383,60.81614303588867,machine,0.0,0.0,0.0,0.0,N
rollout_31,2026-09-15T20:57:15,td3_HalfCheetah-v5_seed331,6bb30b05-42b8-4ff1-ad88-36414a4bcffe,0.1109845140017569,2.405186386549886e-06,2.1670446883928016e-05,29.67267204701764,130.96540914666647,20.0,1.0685708548563433e-06,4.629448147941417e-06,6.156347222309715e-07,6.313653725028949e-06,0.0,Germany,DEU,baden-wurttemberg,,,Linux-7.0.0-31-generic-x86_64-with-glibc2.43,3.14.4,3.3.0,24,Intel(R) Core(TM) Ultra 9 285K,1,1 x NVIDIA GeForce RTX 5090,9.2986,48.7383,60.81614303588867,machine,0.0,0.0,0.0,0.0,N
gradient_updates_31,2026-09-15T20:57:17,td3_HalfCheetah-v5_seed331,6bb30b05-42b8-4ff1-ad88-36414a4bcffe,2.2746576700010337,4.979731200526307e-05,2.1892286803951705e-05,29.69397256600619,131.4226161103507,20.0,1.599035195893727e-05,0.00010209341500821978,1.2634994038914307e-05,0.00013071876100607168,0.0,Germany,DEU,baden-wurttemberg,,,Linux-7.0.0-31-generic-x86_64-with-glibc2.43,3.14.4,3.3.0,24,Intel(R) Core(TM) Ultra 9 285K,1,1 x NVIDIA GeForce RTX 5090,9.2986,48.7383,60.81614303588867,machine,0.0,0.0,0.0,0.0,N
rollout_32,2026-09-15T20:57:18,td3_HalfCheetah-v5_seed331,6bb30b05-42b8-4ff1-ad88-36414a4bcffe,0.11302479599544313,2.0365153340635815e-06,1.8016242327840914e-05,29.633899370259844,131.31835936528594,20.0,8.18547877060212e-07,3.900280897806141e-06,6.270573888388043e-07,5.345886163705266e-06,0.0,Germany,DEU,baden-wurttemberg,,,Linux-7.0.0-31-generic-x86_64-with-glibc2.43,3.14.4,3.3.0,24,Intel(R) Core(TM) Ultra 9 285K,1,1 x NVIDIA GeForce RTX 5090,9.2986,48.7383,60.81614303588867,machine,0.0,0.0,0.0,0.0,N
gradient_updates_32,2026-09-15T20:57:20,td3_HalfCheetah-v5_seed331,6bb30b05-42b8-4ff1-ad88-36414a4bcffe,2.283230318003916,4.9926125440646636e-05,2.1866513826780644e-05,29.58106107361897,131.73228933606362,20.0,1.6979577472539704e-05,0.00010139397000363815,1.2683350911134338e-05,0.0001310568983873125,0.0,Germany,DEU,baden-wurttemberg,,,Linux-7.0.0-31-generic-x86_64-with-glibc2.43,3.14.4,3.3.0,24,Intel(R) Core(TM) Ultra 9 285K,1,1 x NVIDIA GeForce RTX 5090,9.2986,48.7383,60.81614303588867,machine,0.0,0.0,0.0,0.0,N
rollout_33,2026-09-15T20:57:20,td3_HalfCheetah-v5_seed331,6bb30b05-42b8-4ff1-ad88-36414a4bcffe,0.10891627900127787,2.111133474215574e-06,1.938269669109558e-05,29.624406034850225,131.7096332183251,20.0,1.0049930262157059e-06,3.932780924031931e-06,6.039860555675548e-07,5.5417600058156255e-06,0.0,Germany,DEU,baden-wurttemberg,,,Linux-7.0.0-31-generic-x86_64-with-glibc2.43,3.14.4,3.3.0,24,Intel(R) Core(TM) Ultra 9 285K,1,1 x NVIDIA GeForce RTX 5090,9.2986,48.7383,60.81614303588867,machine,0.0,0.0,0.0,0.0,N
gradient_updates_33,2026-09-15T20:57:22,td3_HalfCheetah-v5_seed331,6bb30b05-42b8-4ff1-ad88-36414a4bcffe,2.282969531006529,4.9995882350389095e-05,2.1899600231866666e-05,29.638441540604042,132.11267492101015,20.0,1.690367380070574e-05,0.00010165563688024903,1.2680700738888404e-05,0.00013124001141984285,0.0,Germany,DEU,baden-wurttemberg,,,Linux-7.0.0-31-generic-x86_64-with-glibc2.43,3.14.4,3.3.0,24,Intel(R) Core(TM) Ultra 9 285K,1,1 x NVIDIA GeForce RTX 5090,9.2986,48.7383,60.81614303588867,machine,0.0,0.0,0.0,0.0,N
rollout_34,2026-09-15T20:57:22,td3_HalfCheetah-v5_seed331,6bb30b05-42b8-4ff1-ad88-36414a4bcffe,0.10843129199929535,2.0951753255927207e-06,1.9319848363196522e-05,29.675365688649972,132.08899457452762,20.0,9.908530149045636e-07,3.90972535013745e-06,5.992912388238548e-07,5.499869603865434e-06,0.0,Germany,DEU,baden-wurttemberg,,,Linux-7.0.0-31-generic-x86_64-with-glibc2.43,3.14.4,3.3.0,24,Intel(R) Core(TM) Ultra 9 285K,1,1 x NVIDIA GeForce RTX 5090,9.2986,48.7383,60.81614303588867,machine,0.0,0.0,0.0,0.0,N
gradient_updates_34,2026-09-15T20:57:25,td3_HalfCheetah-v5_seed331,6bb30b05-42b8-4ff1-ad88-36414a4bcffe,2.2906389600102557,4.970325722294727e-05,2.169855305340292e-05,29.680262720787027,132.46516325131125,20.0,1.624235910498758e-05,0.00010150591453772506,1.2723592016684231e-05,0.00013047186565939665,0.0,Germany,DEU,baden-wurttemberg,,,Linux-7.0.0-31-generic-x86_64-with-glibc2.43,3.14.4,3.3.0,24,Intel(R) Core(TM) Ultra 9 285K,1,1 x NVIDIA GeForce RTX 5090,9.2986,48.7383,60.81614303588867,machine,0.0,0.0,0.0,0.0,N
rollout_35,2026-09-15T20:57:25,td3_HalfCheetah-v5_seed331,6bb30b05-42b8-4ff1-ad88-36414a4bcffe,0.11267207798664458,2.028852657373799e-06,1.800599020445353e-05,29.633344295715958,132.34928317732886,20.0,8.349253901619724e-07,3.866947538178067e-06,6.238985833382149e-07,5.325771511677929e-06,0.0,Germany,DEU,baden-wurttemberg,,,Linux-7.0.0-31-generic-x86_64-with-glibc2.43,3.14.4,3.3.0,24,Intel(R) Core(TM) Ultra 9 285K,1,1 x NVIDIA GeForce RTX 5090,9.2986,48.7383,60.81614303588867,machine,0.0,0.0,0.0,0.0,N
gradient_updates_35,2026-09-15T20:57:27,td3_HalfCheetah-v5_seed331,6bb30b05-42b8-4ff1-ad88-36414a4bcffe,2.285560390999308,4.996744499361633e-05,2.1862294802336627e-05,29.589530383963307,132.71739134472656,20.0,1.6920152980555436e-05,0.00010154869235012853,1.2696517561077304e-05,0.00013116536289176084,0.0,Germany,DEU,baden-wurttemberg,,,Linux-7.0.0-31-generic-x86_64-with-glibc2.43,3.14.4,3.3.0,24,Intel(R) Core(TM) Ultra 9 285K,1,1 x NVIDIA GeForce RTX 5090,9.2986,48.7383,60.81614303588867,machine,0.0,0.0,0.0,0.0,N
rollout_36,2026-09-15T20:57:27,td3_HalfCheetah-v5_seed331,6bb30b05-42b8-4ff1-ad88-36414a4bcffe,0.10859615499794018,2.1009122333167686e-06,1.934407935077024e-05,29.643726399540068,132.64114394009712,20.0,1.0467002818041055e-06,3.8602808656307275e-06,6.079479333291789e-07,5.514929080763578e-06,0.0,Germany,DEU,baden-wurttemberg,,,Linux-7.0.0-31-generic-x86_64-with-glibc2.43,3.14.4,3.3.0,24,Intel(R) Core(TM) Ultra 9 285K,1,1 x NVIDIA GeForce RTX 5090,9.2986,48.7383,60.81614303588867,machine,0.0,0.0,0.0,0.0,N
gradient_updates_36,2026-09-15T20:57:29,td3_HalfCheetah-v5_seed331,6bb30b05-42b8-4ff1-ad88-36414a4bcffe,2.2888529659976484,5.005184749324633e-05,2.1867712794755233e-05,29.666420748163706,132.9962419901957,20.0,1.7027846122265322e-05,0.00010165174798792975,1.2707326727831895e-05,0.0001313869208380272,0.0,Germany,DEU,baden-wurttemberg,,,Linux-7.0.0-31-generic-x86_64-with-glibc2.43,3.14.4,3.3.0,24,Intel(R) Core(TM) Ultra 9 285K,1,1 x NVIDIA GeForce RTX 5090,9.2986,48.7383,60.81614303588867,machine,0.0,0.0,0.0,0.0,N
rollout_37,2026-09-15T20:57:30,td3_HalfCheetah-v5_seed331,6bb30b05-42b8-4ff1-ad88-36414a4bcffe,0.10889664600836113,2.263119547442436e-06,2.0780073870314844e-05,29.705235157802957,133.12733706547135,20.0,1.0076380283314743e-06,4.328892352134517e-06,6.04195561108075e-07,5.9407259415736324e-06,0.0,Germany,DEU,baden-wurttemberg,,,Linux-7.0.0-31-generic-x86_64-with-glibc2.43,3.14.4,3.3.0,24,Intel(R) Core(TM) Ultra 9 285K,1,1 x NVIDIA GeForce RTX 5090,9.2986,48.7383,60.81614303588867,machine,0.0,0.0,0.0,0.0,N
gradient_updates_37,2026-09-15T20:57:32,td3_HalfCheetah-v5_seed331,6bb30b05-42b8-4ff1-ad88-36414a4bcffe,2.392419710988179,5.001935900830019e-05,2.0907525691253384e-05,29.6986620653981,133.4093838961524,20.0,1.4745423462995608e-05,0.00010326702705798496,1.3289187511044331e-05,0.00013130163803202512,0.0,Germany,DEU,baden-wurttemberg,,,Linux-7.0.0-31-generic-x86_64-with-glibc2.43,3.14.4,3.3.0,24,Intel(R) Core(TM) Ultra 9 285K,1,1 x NVIDIA GeForce RTX 5090,9.2986,48.7383,60.81614303588867,machine,0.0,0.0,0.0,0.0,N
rollout_38,2026-09-15T20:57:32,td3_HalfCheetah-v5_seed331,6bb30b05-42b8-4ff1-ad88-36414a4bcffe,0.10823491399060003,2.8883574551921178e-06,2.668042609363542e-05,29.740102859153552,134.2246741640056,20.0,1.0114863647440325e-06,5.969726998067415e-06,6.007723444782093e-07,7.581985707289657e-06,0.0,Germany,DEU,baden-wurttemberg,,,Linux-7.0.0-31-generic-x86_64-with-glibc2.43,3.14.4,3.3.0,24,Intel(R) Core(TM) Ultra 9 285K,1,1 x NVIDIA GeForce RTX 5090,9.2986,48.7383,60.81614303588867,machine,0.0,0.0,0.0,0.0,N
gradient_updates_38,2026-09-15T20:57:34,td3_HalfCheetah-v5_seed331,6bb30b05-42b8-4ff1-ad88-36414a4bcffe,2.289219904007041,4.917924673843383e-05,2.148302618752992e-05,29.75467063541741,134.49631344259788,20.0,1.7018640003790136e-05,9.935841281993874e-05,1.2719276716719212e-05,0.0001290963295404483,0.0,Germany,DEU,baden-wurttemberg,,,Linux-7.0.0-31-generic-x86_64-with-glibc2.43,3.14.4,3.3.0,24,Intel(R) Core(TM) Ultra 9 285K,1,1 x NVIDIA GeForce RTX 5090,9.2986,48.7383,60.81614303588867,machine,0.0,0.0,0.0,0.0,N
rollout_39,2026-09-15T20:57:34,td3_HalfCheetah-v5_seed331,6bb30b05-42b8-4ff1-ad88-36414a4bcffe,0.10909863500273786,2.935398137159876e-06,2.690375103321928e-05,29.807827654782642,135.29267873446085,20.0,1.0532444537055333e-06,6.047227059990945e-06,6.049967555250921e-07,7.705468269221354e-06,0.0,Germany,DEU,baden-wurttemberg,,,Linux-7.0.0-31-generic-x86_64-with-glibc2.43,3.14.4,3.3.0,24,Intel(R) Core(TM) Ultra 9 285K,1,1 x NVIDIA GeForce RTX 5090,9.2986,48.7383,60.81614303588867,machine,0.0,0.0,0.0,0.0,N
gradient_updates_39,2026-09-15T20:57:37,td3_HalfCheetah-v5_seed331,6bb30b05-42b8-4ff1-ad88-36414a4bcffe,2.298482152997167,5.080388252144295e-05,2.2103377465444465e-05,29.830083711504805,135.61619879914042,20.0,1.7086287280130598e-05,0.00010350786058399564,1.2766877261068035e-05,0.0001333610251251947,0.0,Germany,DEU,baden-wurttemberg,,,Linux-7.0.0-31-generic-x86_64-with-glibc2.43,3.14.4,3.3.0,24,Intel(R) Core(TM) Ultra 9 285K,1,1 x NVIDIA GeForce RTX 5090,9.2986,48.7383,60.81614303588867,machine,0.0,0.0,0.0,0.0,N
rollout_40,2026-09-15T20:57:37,td3_HalfCheetah-v5_seed331,6bb30b05-42b8-4ff1-ad88-36414a4bcffe,0.11151177401188761,1.3904436530899449e-06,1.2467625369212526e-05,29.879210674225614,134.76360920361918,20.0,1.0719958575960975e-06,1.9644460160783694e-06,6.134955277956652e-07,3.649937401470349e-06,0.0,Germany,DEU,baden-wurttemberg,,,Linux-7.0.0-31-generic-x86_64-with-glibc2.43,3.14.4,3.3.0,24,Intel(R) Core(TM) Ultra 9 285K,1,1 x NVIDIA GeForce RTX 5090,9.2986,48.7383,60.81614303588867,machine,0.0,0.0,0.0,0.0,N
gradient_updates_40,2026-09-15T20:57:39,td3_HalfCheetah-v5_seed331,6bb30b05-42b8-4ff1-ad88-36414a4bcffe,2.3178212429920677,5.079784293381779e-05,2.191628028728776e-05,29.900814263249156,135.0574789263594,20.0,1.756112265999775e-05,0.00010290119343192572,1.2882855016666927e-05,0.00013334517110859083,0.0,Germany,DEU,baden-wurttemberg,,,Linux-7.0.0-31-generic-x86_64-with-glibc2.43,3.14.4,3.3.0,24,Intel(R) Core(TM) Ultra 9 285K,1,1 x NVIDIA GeForce RTX 5090,9.2986,48.7383,60.81614303588867,machine,0.0,0.0,0.0,0.0,N
rollout_41,2026-09-15T20:57:39,td3_HalfCheetah-v5_seed331,6bb30b05-42b8-4ff1-ad88-36414a4bcffe,0.1110279599961359,1.6275249151965175e-06,1.4657468315207184e-05,29.940629998235483,134.47470611181507,20.0,1.0470394487416962e-06,2.61083542207885e-06,6.14404733318601e-07,4.27227960413893e-06,0.0,Germany,DEU,baden-wurttemberg,,,Linux-7.0.0-31-generic-x86_64-with-glibc2.43,3.14.4,3.3.0,24,Intel(R) Core(TM) Ultra 9 285K,1,1 x NVIDIA GeForce RTX 5090,9.2986,48.7383,60.81614303588867,machine,0.0,0.0,0.0,0.0,N
gradient_updates_41,2026-09-15T20:57:42,td3_HalfCheetah-v5_seed331,6bb30b05-42b8-4ff1-ad88-36414a4bcffe,2.292674703989178,5.0307513704851096e-05,2.1942795341471774e-05,29.954713163898123,134.7731201565569,20.0,1.711944980665927e-05,0.0001021989706480042,1.2739628383375608e-05,0.00013205804883803952,0.0,Germany,DEU,baden-wurttemberg,,,Linux-7.0.0-31-generic-x86_64-with-glibc2.43,3.14.4,3.3.0,24,Intel(R) Core(TM) Ultra 9 285K,1,1 x NVIDIA GeForce RTX 5090,9.2986,48.7383,60.81614303588867,machine,0.0,0.0,0.0,0.0,N
rollout_42,2026-09-15T20:57:42,td3_HalfCheetah-v5_seed331,6bb30b05-42b8-4ff1-ad88-36414a4bcffe,0.1101044419920072,1.8726340569666378e-06,1.700445901805025e-05,29.988402635584986,134.4803099315951,20.0,1.0253549869504094e-06,3.287502630122674e-06,6.028375055596325e-07,4.915695122632499e-06,0.0,Germany,DEU,baden-wurttemberg,,,Linux-7.0.0-31-generic-x86_64-with-glibc2.43,3.14.4,3.3.0,24,Intel(R) Core(TM) Ultra 9 285K,1,1 x NVIDIA GeForce RTX 5090,9.2986,48.7383,60.81614303588867,machine,0.0,0.0,0.0,0.0,N
gradient_updates_42,2026-09-15T20:57:44,td3_HalfCheetah-v5_seed331,6bb30b05-42b8-4ff1-ad88-36414a4bcffe,2.2901662579970434,5.0126793152703835e-05,2.188780405457362e-05,29.99738241211038,134.77064399378335,20.0,1.688824545502919e-05,0.00010197452602422885,1.2720882944429728e-05,0.00013158365442368734,0.0,Germany,DEU,baden-wurttemberg,,,Linux-7.0.0-31-generic-x86_64-with-glibc2.43,3.14.4,3.3.0,24,Intel(R) Core(TM) Ultra 9 285K,1,1 x NVIDIA GeForce RTX 5090,9.2986,48.7383,60.81614303588867,machine,0.0,0.0,0.0,0.0,N
rollout_43,2026-09-15T20:57:44,td3_HalfCheetah-v5_seed331,6bb30b05-42b8-4ff1-ad88-36414a4bcffe,0.10832721799670253,1.8562713931455366e-06,1.7135627671626643e-05,30.027923941708025,134.48148643836217,20.0,1.0036535807002658e-06,3.2683359476592955e-06,6.007533332901861e-07,4.872742861650181e-06,0.0,Germany,DEU,baden-wurttemberg,,,Linux-7.0.0-31-generic-x86_64-with-glibc2.43,3.14.4,3.3.0,24,Intel(R) Core(TM) Ultra 9 285K,1,1 x NVIDIA GeForce RTX 5090,9.2986,48.7383,60.81614303588867,machine,0.0,0.0,0.0,0.0,N
gradient_updates_43,2026-09-15T20:57:46,td3_HalfCheetah-v5_seed331,6bb30b05-42b8-4ff1-ad88-36414a4bcffe,2.3183479419967625,4.936051329813016e-05,2.1291416542815394e-05,30.025576996568155,134.73177792331427,20.0,1.5436899849510625e-05,0.00010125785878400961,1.287739860005477e-05,0.0001295721572335748,0.0,Germany,DEU,baden-wurttemberg,,,Linux-7.0.0-31-generic-x86_64-with-glibc2.43,3.14.4,3.3.0,24,Intel(R) Core(TM) Ultra 9 285K,1,1 x NVIDIA GeForce RTX 5090,9.2986,48.7383,60.81614303588867,machine,0.0,0.0,0.0,0.0,N
rollout_44,2026-09-15T20:57:47,td3_HalfCheetah-v5_seed331,6bb30b05-42b8-4ff1-ad88-36414a4bcffe,0.11346670000057202,2.8962868443634278e-06,2.5522934994801435e-05,29.984975365073954,135.40683898523554,20.0,8.435723415235047e-07,6.13611602018338e-06,6.231121222502294e-07,7.60280048395668e-06,0.0,Germany,DEU,baden-wurttemberg,,,Linux-7.0.0-31-generic-x86_64-with-glibc2.43,3.14.4,3.3.0,24,Intel(R) Core(TM) Ultra 9 285K,1,1 x NVIDIA GeForce RTX 5090,9.2986,48.7383,60.81614303588867,machine,0.0,0.0,0.0,0.0,N
gradient_updates_44,2026-09-15T20:57:49,td3_HalfCheetah-v5_seed331,6bb30b05-42b8-4ff1-ad88-36414a4bcffe,2.2975396029942203,5.0799043929494834e-05,2.211028234100246e-05,29.944936294347745,135.70092082492772,20.0,1.6738251723923472e-05,0.00010384924974582432,1.276082227219988e-05,0.00013334832374194746,0.0,Germany,DEU,baden-wurttemberg,,,Linux-7.0.0-31-generic-x86_64-with-glibc2.43,3.14.4,3.3.0,24,Intel(R) Core(TM) Ultra 9 285K,1,1 x NVIDIA GeForce RTX 5090,9.2986,48.7383,60.81614303588867,machine,0.0,0.0,0.0,0.0,N
rollout_45,2026-09-15T20:57:49,td3_HalfCheetah-v5_seed331,6bb30b05-42b8-4ff1-ad88-36414a4bcffe,0.11191709099512082,1.2831043289568585e-06,1.1464255181721427e-05,29.902461659177398,134.9169490224203,20.0,8.218876019544172e-07,1.9255570959941792e-06,6.20725216625255e-07,3.3681699145738514e-06,0.0,Germany,DEU,baden-wurttemberg,,,Linux-7.0.0-31-generic-x86_64-with-glibc2.43,3.14.4,3.3.0,24,Intel(R) Core(TM) Ultra 9 285K,1,1 x NVIDIA GeForce RTX 5090,9.2986,48.7383,60.81614303588867,machine,0.0,0.0,0.0,0.0,N
gradient_updates_45,2026-09-15T20:57:51,td3_HalfCheetah-v5_seed331,6bb30b05-42b8-4ff1-ad88-36414a4bcffe,2.2898725560080493,5.091470106420972e-05,2.223481889612771e-05,29.86483034677553,135.21295408306858,20.0,1.723880684658969e-05,0.00010369341628813089,1.271970248336511e-05,0.0001336519256180859,0.0,Germany,DEU,baden-wurttemberg,,,Linux-7.0.0-31-generic-x86_64-with-glibc2.43,3.14.4,3.3.0,24,Intel(R) Core(TM) Ultra 9 285K,1,1 x NVIDIA GeForce RTX 5090,9.2986,48.7383,60.81614303588867,machine,0.0,0.0,0.0,0.0,N
rollout_46,2026-09-15T20:57:51,td3_HalfCheetah-v5_seed331,6bb30b05-42b8-4ff1-ad88-36414a4bcffe,0.10888047199114226,1.386698495454107e-06,1.2733308685134848e-05,29.89324342597891,134.5051035199917,20.0,1.004263858966556e-06,2.0319460700690684e-06,6.038963721948475e-07,3.6401063012309054e-06,0.0,Germany,DEU,baden-wurttemberg,,,Linux-7.0.0-31-generic-x86_64-with-glibc2.43,3.14.4,3.3.0,24,Intel(R) Core(TM) Ultra 9 285K,1,1 x NVIDIA GeForce RTX 5090,9.2986,48.7383,60.81614303588867,machine,0.0,0.0,0.0,0.0,N
gradient_updates_46,2026-09-15T20:57:54,td3_HalfCheetah-v5_seed331,6bb30b05-42b8-4ff1-ad88-36414a4bcffe,2.285818650998408,5.083592738602729e-05,2.2239785490630237e-05,29.9014014894383,134.80189242118826,20.0,1.70753686602838e-05,0.00010367258293797477,1.2697191822209908e-05,0.00013344514342046847,0.0,Germany,DEU,baden-wurttemberg,,,Linux-7.0.0-31-generic-x86_64-with-glibc2.43,3.14.4,3.3.0,24,Intel(R) Core(TM) Ultra 9 285K,1,1 x NVIDIA GeForce RTX 5090,9.2986,48.7383,60.81614303588867,machine,0.0,0.0,0.0,0.0,N
rollout_47,2026-09-15T20:57:54,td3_HalfCheetah-v5_seed331,6bb30b05-42b8-4ff1-ad88-36414a4bcffe,0.12106281099840999,1.4454429630196552e-06,1.1939696290624911e-05,29.927442040386268,134.03797178067109,20.0,1.1094986653754912e-06,2.0133349436513015e-06,6.714778833460076e-07,3.794311492373234e-06,0.0,Germany,DEU,baden-wurttemberg,,,Linux-7.0.0-31-generic-x86_64-with-glibc2.43,3.14.4,3.3.0,24,Intel(R) Core(TM) Ultra 9 285K,1,1 x NVIDIA GeForce RTX 5090,9.2986,48.7383,60.81614303588867,machine,0.0,0.0,0.0,0.0,N
gradient_updates_47,2026-09-15T20:57:56,td3_HalfCheetah-v5_seed331,6bb30b05-42b8-4ff1-ad88-36414a4bcffe,2.292709458997706,5.059290655961635e-05,2.2066990679822064e-05,29.932373286721987,134.3224590272561,20.0,1.6789487320468394e-05,0.00010328313818241952,1.2734584261165196e-05,0.00013280720976405376,0.0,Germany,DEU,baden-wurttemberg,,,Linux-7.0.0-31-generic-x86_64-with-glibc2.43,3.14.4,3.3.0,24,Intel(R) Core(TM) Ultra 9 285K,1,1 x NVIDIA GeForce RTX 5090,9.2986,48.7383,60.81614303588867,machine,0.0,0.0,0.0,0.0,N
rollout_48,2026-09-15T20:57:56,td3_HalfCheetah-v5_seed331,6bb30b05-42b8-4ff1-ad88-36414a4bcffe,0.1128117649932392,1.5571275470680802e-06,1.3801815996839167e-05,29.89565299554892,133.81735209291136,20.0,8.378415036064402e-07,2.623890987596411e-06,6.257528666335933e-07,4.087485357837095e-06,0.0,Germany,DEU,baden-wurttemberg,,,Linux-7.0.0-31-generic-x86_64-with-glibc2.43,3.14.4,3.3.0,24,Intel(R) Core(TM) Ultra 9 285K,1,1 x NVIDIA GeForce RTX 5090,9.2986,48.7383,60.81614303588867,machine,0.0,0.0,0.0,0.0,N
gradient_updates_48,2026-09-15T20:57:59,td3_HalfCheetah-v5_seed331,6bb30b05-42b8-4ff1-ad88-36414a4bcffe,2.359870669999509,5.107977542603403e-05,2.1645233555552384e-05,29.851304984631113,134.08468825657107,20.0,1.556805717665803e-05,0.00010540869543840259,1.310849591108212e-05,0.00013408524852614317,0.0,Germany,DEU,baden-wurttemberg,,,Linux-7.0.0-31-generic-x86_64-with-glibc2.43,3.14.4,3.3.0,24,Intel(R) Core(TM) Ultra 9 285K,1,1 x NVIDIA GeForce RTX 5090,9.2986,48.7383,60.81614303588867,machine,0.0,0.0,0.0,0.0,N
rollout_49,2026-09-15T20:57:59,td3_HalfCheetah-v5_seed331,6bb30b05-42b8-4ff1-ad88-36414a4bcffe,0.1148827870056266,1.3092456610198575e-06,1.1395192089701086e-05,29.807536734320376,133.38746837813363,20.0,8.246176041379338e-07,1.9827793638071967e-06,6.293943721781808e-07,3.4367913401226607e-06,0.0,Germany,DEU,baden-wurttemberg,,,Linux-7.0.0-31-generic-x86_64-with-glibc2.43,3.14.4,3.3.0,24,Intel(R) Core(TM) Ultra 9 285K,1,1 x NVIDIA GeForce RTX 5090,9.2986,48.7383,60.81614303588867,machine,0.0,0.0,0.0,0.0,N
gradient_updates_49,2026-09-15T20:58:01,td3_HalfCheetah-v5_seed331,6bb30b05-42b8-4ff1-ad88-36414a4bcffe,2.306792139002937,5.049048940673371e-05,2.1887789512815505e-05,29.766327597462418,133.65483162949698,20.0,1.6620386351853464e-05,0.00010310452692774419,1.2813449777847102e-05,0.00013253836305744497,0.0,Germany,DEU,baden-wurttemberg,,,Linux-7.0.0-31-generic-x86_64-with-glibc2.43,3.14.4,3.3.0,24,Intel(R) Core(TM) Ultra 9 285K,1,1 x NVIDIA GeForce RTX 5090,9.2986,48.7383,60.81614303588867,machine,0.0,0.0,0.0,0.0,N
rollout_50,2026-09-15T20:58:01,td3_HalfCheetah-v5_seed331,6bb30b05-42b8-4ff1-ad88-36414a4bcffe,0.11591182400297839,1.5993775971841206e-06,1.379481083887016e-05,29.73134169811959,133.1735888445726,20.0,8.587970759263777e-07,2.6952799343504807e-06,6.44315422283076e-07,4.198392432560802e-06,0.0,Germany,DEU,baden-wurttemberg,,,Linux-7.0.0-31-generic-x86_64-with-glibc2.43,3.14.4,3.3.0,24,Intel(R) Core(TM) Ultra 9 285K,1,1 x NVIDIA GeForce RTX 5090,9.2986,48.7383,60.81614303588867,machine,0.0,0.0,0.0,0.0,N
gradient_updates_50,2026-09-15T20:58:03,td3_HalfCheetah-v5_seed331,6bb30b05-42b8-4ff1-ad88-36414a4bcffe,2.335808920994168,5.028422184098118e-05,2.152760304421722e-05,29.698888025129456,133.3980019092745,20.0,1.7349009156973627e-05,0.00010167452578402347,1.2973372372248812e-05,0.0001319969073132459,0.0,Germany,DEU,baden-wurttemberg,,,Linux-7.0.0-31-generic-x86_64-with-glibc2.43,3.14.4,3.3.0,24,Intel(R) Core(TM) Ultra 9 285K,1,1 x NVIDIA GeForce RTX 5090,9.2986,48.7383,60.81614303588867,machine,0.0,0.0,0.0,0.0,N
rollout_51,2026-09-15T20:58:04,td3_HalfCheetah-v5_seed331,6bb30b05-42b8-4ff1-ad88-36414a4bcffe,0.11512865000986494,2.8603121550929353e-06,2.4842978722113334e-05,29.672934601678016,133.90898621200535,20.0,8.778873689758646e-07,5.9919492376714345e-06,6.385297277625938e-07,7.508366334408809e-06,0.0,Germany,DEU,baden-wurttemberg,,,Linux-7.0.0-31-generic-x86_64-with-glibc2.43,3.14.4,3.3.0,24,Intel(R) Core(TM) Ultra 9 285K,1,1 x NVIDIA GeForce RTX 5090,9.2986,48.7383,60.81614303588867,machine,0.0,0.0,0.0,0.0,N
gradient_updates_51,2026-09-15T20:58:06,td3_HalfCheetah-v5_seed331,6bb30b05-42b8-4ff1-ad88-36414a4bcffe,2.2935087380028563,5.110506082069014e-05,2.228252605961587e-05,29.648408189756964,134.18383931416219,20.0,1.7376254456549084e-05,0.00010403563878425004,1.2739729861156431e-05,0.0001341516231019562,0.0,Germany,DEU,baden-wurttemberg,,,Linux-7.0.0-31-generic-x86_64-with-glibc2.43,3.14.4,3.3.0,24,Intel(R) Core(TM) Ultra 9 285K,1,1 x NVIDIA GeForce RTX 5090,9.2986,48.7383,60.81614303588867,machine,0.0,0.0,0.0,0.0,N
rollout_52,2026-09-15T20:58:06,td3_HalfCheetah-v5_seed331,6bb30b05-42b8-4ff1-ad88-36414a4bcffe,0.10836611098784488,1.3597342430810878e-06,1.254649551758388e-05,29.683468150669032,133.53905563522798,20.0,1.0260160985898006e-06,1.9419459977854103e-06,6.013625999912956e-07,3.569324696367157e-06,0.0,Germany,DEU,baden-wurttemberg,,,Linux-7.0.0-31-generic-x86_64-with-glibc2.43,3.14.4,3.3.0,24,Intel(R) Core(TM) Ultra 9 285K,1,1 x NVIDIA GeForce RTX 5090,9.2986,48.7383,60.81614303588867,machine,0.0,0.0,0.0,0.0,N
gradient_updates_52,2026-09-15T20:58:08,td3_HalfCheetah-v5_seed331,6bb30b05-42b8-4ff1-ad88-36414a4bcffe,2.3419823919975897,4.99855531172883e-05,2.1343346926762585e-05,29.68932653359686,133.75986309451622,20.0,1.568907616236216e-05,0.00010251535979000082,1.3008461061124509e-05,0.00013121289701348814,0.0,Germany,DEU,baden-wurttemberg,,,Linux-7.0.0-31-generic-x86_64-with-glibc2.43,3.14.4,3.3.0,24,Intel(R) Core(TM) Ultra 9 285K,1,1 x NVIDIA GeForce RTX 5090,9.2986,48.7383,60.81614303588867,machine,0.0,0.0,0.0,0.0,N
rollout_53,2026-09-15T20:58:08,td3_HalfCheetah-v5_seed331,6bb30b05-42b8-4ff1-ad88-36414a4bcffe,0.11320767100551166,1.7908985618392964e-06,1.581907914278152e-05,29.6467956366573,133.47096130751902,20.0,8.124442610665111e-07,3.251391490266542e-06,6.373023556079452e-07,4.701138106941866e-06,0.0,Germany,DEU,baden-wurttemberg,,,Linux-7.0.0-31-generic-x86_64-with-glibc2.43,3.14.4,3.3.0,24,Intel(R) Core(TM) Ultra 9 285K,1,1 x NVIDIA GeForce RTX 5090,9.2986,48.7383,60.81614303588867,machine,0.0,0.0,0.0,0.0,N
gradient_updates_53,2026-09-15T20:58:11,td3_HalfCheetah-v5_seed331,6bb30b05-42b8-4ff1-ad88-36414a4bcffe,2.2910412219935097,5.024249818814811e-05,2.193007171470433e-05,29.611183459416246,133.71159107102696,20.0,1.7235924622062068e-05,0.00010192563709576774,1.2725820322197646e-05,0.00013188738204002702,0.0,Germany,DEU,baden-wurttemberg,,,Linux-7.0.0-31-generic-x86_64-with-glibc2.43,3.14.4,3.3.0,24,Intel(R) Core(TM) Ultra 9 285K,1,1 x NVIDIA GeForce RTX 5090,9.2986,48.7383,60.81614303588867,machine,0.0,0.0,0.0,0.0,N
rollout_54,2026-09-15T20:58:11,td3_HalfCheetah-v5_seed331,6bb30b05-42b8-4ff1-ad88-36414a4bcffe,0.10854137000569608,2.107995132158858e-06,1.9418725565571528e-05,29.64000113003258,133.68063622109545,20.0,1.0087058069634808e-06,3.9227809160991e-06,6.020350833649702e-07,5.5335218064282016e-06,0.0,Germany,DEU,baden-wurttemberg,,,Linux-7.0.0-31-generic-x86_64-with-glibc2.43,3.14.4,3.3.0,24,Intel(R) Core(TM) Ultra 9 285K,1,1 x NVIDIA GeForce RTX 5090,9.2986,48.7383,60.81614303588867,machine,0.0,0.0,0.0,0.0,N
gradient_updates_54,2026-09-15T20:58:13,td3_HalfCheetah-v5_seed331,6bb30b05-42b8-4ff1-ad88-36414a4bcffe,2.28834301099414,5.022881891707199e-05,2.1949921719207282e-05,29.651040343891225,133.9174518358732,20.0,1.716814206783636e-05,0.0001019723038000464,1.2711027861142749e-05,0.0001318514737290253,0.0,Germany,DEU,baden-wurttemberg,,,Linux-7.0.0-31-generic-x86_64-with-glibc2.43,3.14.4,3.3.0,24,Intel(R) Core(TM) Ultra 9 285K,1,1 x NVIDIA GeForce RTX 5090,9.2986,48.7383,60.81614303588867,machine,0.0,0.0,0.0,0.0,N
rollout_55,2026-09-15T20:58:13,td3_HalfCheetah-v5_seed331,6bb30b05-42b8-4ff1-ad88-36414a4bcffe,0.10895078400790226,2.111819046522398e-06,1.9381281672661686e-05,29.67716048597911,133.89567564638668,20.0,1.0059591381006427e-06,3.9386142618447195e-06,5.989862444241104e-07,5.543559644369256e-06,0.0,Germany,DEU,baden-wurttemberg,,,Linux-7.0.0-31-generic-x86_64-with-glibc2.43,3.14.4,3.3.0,24,Intel(R) Core(TM) Ultra 9 285K,1,1 x NVIDIA GeForce RTX 5090,9.2986,48.7383,60.81614303588867,machine,0.0,0.0,0.0,0.0,N
gradient_updates_55,2026-09-15T20:58:16,td3_HalfCheetah-v5_seed331,6bb30b05-42b8-4ff1-ad88-36414a4bcffe,2.298206872001174,5.023343133437122e-05,2.1857711780673827e-05,29.686603032287607,134.11848510397877,20.0,1.727183381745618e-05,0.00010182563701599534,1.2766110566654783e-05,0.00013186358140010804,0.0,Germany,DEU,baden-wurttemberg,,,Linux-7.0.0-31-generic-x86_64-with-glibc2.43,3.14.4,3.3.0,24,Intel(R) Core(TM) Ultra 9 285K,1,1 x NVIDIA GeForce RTX 5090,9.2986,48.7383,60.81614303588867,machine,0.0,0.0,0.0,0.0,N
rollout_56,2026-09-15T20:58:16,td3_HalfCheetah-v5_seed331,6bb30b05-42b8-4ff1-ad88-36414a4bcffe,0.10805297600745689,2.256022950940153e-06,2.087947460602891e-05,29.713042678952057,134.20733735482716,20.0,1.0013816344380672e-06,4.322503458276117e-06,5.98212166611628e-07,5.922097259325812e-06,0.0,Germany,DEU,baden-wurttemberg,,,Linux-7.0.0-31-generic-x86_64-with-glibc2.43,3.14.4,3.3.0,24,Intel(R) Core(TM) Ultra 9 285K,1,1 x NVIDIA GeForce RTX 5090,9.2986,48.7383,60.81614303588867,machine,0.0,0.0,0.0,0.0,N
gradient_updates_56,2026-09-15T20:58:18,td3_HalfCheetah-v5_seed331,6bb30b05-42b8-4ff1-ad88-36414a4bcffe,2.3353198650002014,5.0939630429934664e-05,2.1812756784516365e-05,29.713935898851098,134.44633441737275,20.0,1.5548068549556433e-05,0.00010519619526805357,1.2973101794503056e-05,0.0001337173656121137,0.0,Germany,DEU,baden-wurttemberg,,,Linux-7.0.0-31-generic-x86_64-with-glibc2.43,3.14.4,3.3.0,24,Intel(R) Core(TM) Ultra 9 285K,1,1 x NVIDIA GeForce RTX 5090,9.2986,48.7383,60.81614303588867,machine,0.0,0.0,0.0,0.0,N
rollout_57,2026-09-15T20:58:18,td3_HalfCheetah-v5_seed331,6bb30b05-42b8-4ff1-ad88-36414a4bcffe,0.11155379799311049,1.5535955452477233e-06,1.3925889380968064e-05,29.681780737177434,134.02987598214023,20.0,8.178864876421527e-07,2.6413910019229547e-06,6.189363055454384e-07,4.078213795111196e-06,0.0,Germany,DEU,baden-wurttemberg,,,Linux-7.0.0-31-generic-x86_64-with-glibc2.43,3.14.4,3.3.0,24,Intel(R) Core(TM) Ultra 9 285K,1,1 x NVIDIA GeForce RTX 5090,9.2986,48.7383,60.81614303588867,machine,0.0,0.0,0.0,0.0,N
gradient_updates_57,2026-09-15T20:58:20,td3_HalfCheetah-v5_seed331,6bb30b05-42b8-4ff1-ad88-36414a4bcffe,2.351969367999118,5.120459505101628e-05,2.1771010765463877e-05,29.6454884529968,134.2605692806623,20.0,1.5856549629674095e-05,0.0001054914732820933,1.3064879177788211e-05,0.00013441290208955625,0.0,Germany,DEU,baden-wurttemberg,,,Linux-7.0.0-31-generic-x86_64-with-glibc2.43,3.14.4,3.3.0,24,Intel(R) Core(TM) Ultra 9 285K,1,1 x NVIDIA GeForce RTX 5090,9.2986,48.7383,60.81614303588867,machine,0.0,0.0,0.0,0.0,N
rollout_58,2026-09-15T20:58:21,td3_HalfCheetah-v5_seed331,6bb30b05-42b8-4ff1-ad88-36414a4bcffe,0.11192724999273196,1.2941026521925102e-06,1.1559819314259369e-05,29.632569957583936,133.6487022605964,20.0,8.894501560040638e-07,1.8875015097563619e-06,6.200890277493695e-07,3.397040693509795e-06,0.0,Germany,DEU,baden-wurttemberg,,,Linux-7.0.0-31-generic-x86_64-with-glibc2.43,3.14.4,3.3.0,24,Intel(R) Core(TM) Ultra 9 285K,1,1 x NVIDIA GeForce RTX 5090,9.2986,48.7383,60.81614303588867,machine,0.0,0.0,0.0,0.0,N
gradient_updates_58,2026-09-15T20:58:23,td3_HalfCheetah-v5_seed331,6bb30b05-42b8-4ff1-ad88-36414a4bcffe,2.3524584540136857,4.98832286692113e-05,2.1204765433936505e-05,29.608366227855324,133.83657337162256,20.0,1.5651234465422978e-05,0.00010222035955420594,1.3072699638885495e-05,0.00013094429365851507,0.0,Germany,DEU,baden-wurttemberg,,,Linux-7.0.0-31-generic-x86_64-with-glibc2.43,3.14.4,3.3.0,24,Intel(R) Core(TM) Ultra 9 285K,1,1 x NVIDIA GeForce RTX 5090,9.2986,48.7383,60.81614303588867,machine,0.0,0.0,0.0,0.0,N
rollout_59,2026-09-15T20:58:23,td3_HalfCheetah-v5_seed331,6bb30b05-42b8-4ff1-ad88-36414a4bcffe,0.11306695600796957,2.0311944063829135e-06,1.7963168208088202e-05,29.580756519120456,133.74910151522462,20.0,8.389945600839957e-07,3.8655586478419934e-06,6.273654333198951e-07,5.331918641247185e-06,0.0,Germany,DEU,baden-wurttemberg,,,Linux-7.0.0-31-generic-x86_64-with-glibc2.43,3.14.4,3.3.0,24,Intel(R) Core(TM) Ultra 9 285K,1,1 x NVIDIA GeForce RTX 5090,9.2986,48.7383,60.81614303588867,machine,0.0,0.0,0.0,0.0,N
gradient_updates_59,2026-09-15T20:58:25,td3_HalfCheetah-v5_seed331,6bb30b05-42b8-4ff1-ad88-36414a4bcffe,2.3263000959996134,5.176297535083949e-05,2.2251292629072643e-05,29.555996865456567,133.9881310738849,20.0,1.7543761812775262e-05,0.0001054131398858793,1.2921757838921548e-05,0.00013587865953757633,0.0,Germany,DEU,baden-wurttemberg,,,Linux-7.0.0-31-generic-x86_64-with-glibc2.43,3.14.4,3.3.0,24,Intel(R) Core(TM) Ultra 9 285K,1,1 x NVIDIA GeForce RTX 5090,9.2986,48.7383,60.81614303588867,machine,0.0,0.0,0.0,0.0,N
rollout_60,2026-09-15T20:58:25,td3_HalfCheetah-v5_seed331,6bb30b05-42b8-4ff1-ad88-36414a4bcffe,0.11426602900610305,1.3572349580682e-06,1.1876809073182506e-05,29.539971978046896,133.42536639483689,20.0,8.928240475920488e-07,2.036112740189111e-06,6.3382724442302e-07,3.56276403220418e-06,0.0,Germany,DEU,baden-wurttemberg,,,Linux-7.0.0-31-generic-x86_64-with-glibc2.43,3.14.4,3.3.0,24,Intel(R) Core(TM) Ultra 9 285K,1,1 x NVIDIA GeForce RTX 5090,9.2986,48.7383,60.81614303588867,machine,0.0,0.0,0.0,0.0,N
gradient_updates_60,2026-09-15T20:58:28,td3_HalfCheetah-v5_seed331,6bb30b05-42b8-4ff1-ad88-36414a4bcffe,2.343622176005738,5.06082089587862e-05,2.1594083557337136e-05,29.523379832428766,133.61229503614996,20.0,1.7763589766415892e-05,0.00010206508165211403,1.3018707394399408e-05,0.00013284737881293085,0.0,Germany,DEU,baden-wurttemberg,,,Linux-7.0.0-31-generic-x86_64-with-glibc2.43,3.14.4,3.3.0,24,Intel(R) Core(TM) Ultra 9 285K,1,1 x NVIDIA GeForce RTX 5090,9.2986,48.7383,60.81614303588867,machine,0.0,0.0,0.0,0.0,N
rollout_61,2026-09-15T20:58:28,td3_HalfCheetah-v5_seed331,6bb30b05-42b8-4ff1-ad88-36414a4bcffe,0.11072075700212736,2.1105908559015778e-06,1.9063939670157986e-05,29.56149488457365,133.52954039790896,20.0,1.0905097612952733e-06,3.828614173695399e-06,6.212116888490871e-07,5.540335623839543e-06,0.0,Germany,DEU,baden-wurttemberg,,,Linux-7.0.0-31-generic-x86_64-with-glibc2.43,3.14.4,3.3.0,24,Intel(R) Core(TM) Ultra 9 285K,1,1 x NVIDIA GeForce RTX 5090,9.2986,48.7383,60.81614303588867,machine,0.0,0.0,0.0,0.0,N
gradient_updates_61,2026-09-15T20:58:30,td3_HalfCheetah-v5_seed331,6bb30b05-42b8-4ff1-ad88-36414a4bcffe,2.323372778002522,5.189770553123887e-05,2.2337239865372166e-05,29.581477521801872,133.7649408129846,20.0,1.7859380954159988e-05,0.00010546647326181713,1.2906474255578414e-05,0.00013623232847155553,0.0,Germany,DEU,baden-wurttemberg,,,Linux-7.0.0-31-generic-x86_64-with-glibc2.43,3.14.4,3.3.0,24,Intel(R) Core(TM) Ultra 9 285K,1,1 x NVIDIA GeForce RTX 5090,9.2986,48.7383,60.81614303588867,machine,0.0,0.0,0.0,0.0,N
rollout_62,2026-09-15T20:58:30,td3_HalfCheetah-v5_seed331,6bb30b05-42b8-4ff1-ad88-36414a4bcffe,0.10922537499573082,1.392388475829863e-06,1.2745906196452949e-05,29.60580097586614,133.24045352393532,20.0,1.0167760911969012e-06,2.02944606852995e-06,6.088204333434735e-07,3.655042593069674e-06,0.0,Germany,DEU,baden-wurttemberg,,,Linux-7.0.0-31-generic-x86_64-with-glibc2.43,3.14.4,3.3.0,24,Intel(R) Core(TM) Ultra 9 285K,1,1 x NVIDIA GeForce RTX 5090,9.2986,48.7383,60.81614303588867,machine,0.0,0.0,0.0,0.0,N
gradient_updates_62,2026-09-15T20:58:33,td3_HalfCheetah-v5_seed331,6bb30b05-42b8-4ff1-ad88-36414a4bcffe,2.3153942549979547,5.075068812620143e-05,2.1918905629397906e-05,29.615739208502276,133.44669854798482,20.0,1.755822376878994e-05,0.00010280119335170923,1.2861971844459804e-05,0.00013322138896496027,0.0,Germany,DEU,baden-wurttemberg,,,Linux-7.0.0-31-generic-x86_64-with-glibc2.43,3.14.4,3.3.0,24,Intel(R) Core(TM) Ultra 9 285K,1,1 x NVIDIA GeForce RTX 5090,9.2986,48.7383,60.81614303588867,machine,0.0,0.0,0.0,0.0,N
rollout_63,2026-09-15T20:58:33,td3_HalfCheetah-v5_seed331,6bb30b05-42b8-4ff1-ad88-36414a4bcffe,0.11256152100395411,1.7697673031585003e-06,1.5722315914039086e-05,29.584771422743003,133.2100459141444,20.0,8.144789849151221e-07,3.2069470101703246e-06,6.242422111325113e-07,4.645668206217091e-06,0.0,Germany,DEU,baden-wurttemberg,,,Linux-7.0.0-31-generic-x86_64-with-glibc2.43,3.14.4,3.3.0,24,Intel(R) Core(TM) Ultra 9 285K,1,1 x NVIDIA GeForce RTX 5090,9.2986,48.7383,60.81614303588867,machine,0.0,0.0,0.0,0.0,N
gradient_updates_63,2026-09-15T20:58:35,td3_HalfCheetah-v5_seed331,6bb30b05-42b8-4ff1-ad88-36414a4bcffe,2.324479393006186,5.0237665868109634e-05,2.161252031861923e-05,29.55779836242087,133.39374667452932,20.0,1.7431169222701867e-05,0.00010153258122569397,1.2910946672248713e-05,0.00013187469712064477,0.0,Germany,DEU,baden-wurttemberg,,,Linux-7.0.0-31-generic-x86_64-with-glibc2.43,3.14.4,3.3.0,24,Intel(R) Core(TM) Ultra 9 285K,1,1 x NVIDIA GeForce RTX 5090,9.2986,48.7383,60.81614303588867,machine,0.0,0.0,0.0,0.0,N
rollout_64,2026-09-15T20:58:35,td3_HalfCheetah-v5_seed331,6bb30b05-42b8-4ff1-ad88-36414a4bcffe,0.10843471599218901,2.916417465111034e-06,2.6893187249097627e-05,29.58835664614708,133.90087726124378,20.0,1.0309838803417362e-06,6.023615930050852e-06,6.010438832972e-07,7.655643693689138e-06,0.0,Germany,DEU,baden-wurttemberg,,,Linux-7.0.0-31-generic-x86_64-with-glibc2.43,3.14.4,3.3.0,24,Intel(R) Core(TM) Ultra 9 285K,1,1 x NVIDIA GeForce RTX 5090,9.2986,48.7383,60.81614303588867,machine,0.0,0.0,0.0,0.0,N
gradient_updates_64,2026-09-15T20:58:38,td3_HalfCheetah-v5_seed331,6bb30b05-42b8-4ff1-ad88-36414a4bcffe,2.3279800480086124,5.0948890603769e-05,2.188553435196409e-05,29.601939988987507,134.09570919313057,20.0,1.747635203662619e-05,0.00010333397155593005,1.2931350127797078e-05,0.00013374167372035353,0.0,Germany,DEU,baden-wurttemberg,,,Linux-7.0.0-31-generic-x86_64-with-glibc2.43,3.14.4,3.3.0,24,Intel(R) Core(TM) Ultra 9 285K,1,1 x NVIDIA GeForce RTX 5090,9.2986,48.7383,60.81614303588867,machine,0.0,0.0,0.0,0.0,N
rollout_65,2026-09-15T20:58:38,td3_HalfCheetah-v5_seed331,6bb30b05-42b8-4ff1-ad88-36414a4bcffe,0.1079975180036854,1.6197251149086683e-06,1.4996506376519272e-05,29.627407464479617,133.75341905094956,20.0,1.0089433071548692e-06,2.6438910043502517e-06,5.989706889117201e-07,4.251805000417275e-06,0.0,Germany,DEU,baden-wurttemberg,,,Linux-7.0.0-31-generic-x86_64-with-glibc2.43,3.14.4,3.3.0,24,Intel(R) Core(TM) Ultra 9 285K,1,1 x NVIDIA GeForce RTX 5090,9.2986,48.7383,60.81614303588867,machine,0.0,0.0,0.0,0.0,N
gradient_updates_65,2026-09-15T20:58:40,td3_HalfCheetah-v5_seed331,6bb30b05-42b8-4ff1-ad88-36414a4bcffe,2.3492648889950942,5.000142861635772e-05,2.1283964196363172e-05,29.63411570325854,133.91501070214198,20.0,1.6700206415710614e-05,0.00010150591453772506,1.3048449505570015e-05,0.00013125457045900547,0.0,Germany,DEU,baden-wurttemberg,,,Linux-7.0.0-31-generic-x86_64-with-glibc2.43,3.14.4,3.3.0,24,Intel(R) Core(TM) Ultra 9 285K,1,1 x NVIDIA GeForce RTX 5090,9.2986,48.7383,60.81614303588867,machine,0.0,0.0,0.0,0.0,N
rollout_66,2026-09-15T20:58:40,td3_HalfCheetah-v5_seed331,6bb30b05-42b8-4ff1-ad88-36414a4bcffe,0.1090938150009606,2.913917393002931e-06,2.6704512571940872e-05,29.68780928634856,134.3659867663304,20.0,1.1397275784487057e-06,5.905004723860685e-06,6.043486610804449e-07,7.649080963388968e-06,0.0,Germany,DEU,baden-wurttemberg,,,Linux-7.0.0-31-generic-x86_64-with-glibc2.43,3.14.4,3.3.0,24,Intel(R) Core(TM) Ultra 9 285K,1,1 x NVIDIA GeForce RTX 5090,9.2986,48.7383,60.81614303588867,machine,0.0,0.0,0.0,0.0,N
gradient_updates_66,2026-09-15T20:58:43,td3_HalfCheetah-v5_seed331,6bb30b05-42b8-4ff1-ad88-36414a4bcffe,2.3602734029991552,4.9700504170117725e-05,2.105721090472489e-05,29.70747902051368,134.5218754104911,20.0,1.527239332901626e-05,0.00010208202611039496,1.311021941114137e-05,0.0001304646388505526,0.0,Germany,DEU,baden-wurttemberg,,,Linux-7.0.0-31-generic-x86_64-with-glibc2.43,3.14.4,3.3.0,24,Intel(R) Core(TM) Ultra 9 285K,1,1 x NVIDIA GeForce RTX 5090,9.2986,48.7383,60.81614303588867,machine,0.0,0.0,0.0,0.0,N
rollout_67,2026-09-15T20:58:43,td3_HalfCheetah-v5_seed331,6bb30b05-42b8-4ff1-ad88-36414a4bcffe,0.11125583799730521,2.053625095816379e-06,1.845865130225211e-05,29.68406591497334,134.47249094160085,20.0,8.328231662574695e-07,3.941114263827927e-06,6.168621389305001e-07,5.390799569016114e-06,0.0,Germany,DEU,baden-wurttemberg,,,Linux-7.0.0-31-generic-x86_64-with-glibc2.43,3.14.4,3.3.0,24,Intel(R) Core(TM) Ultra 9 285K,1,1 x NVIDIA GeForce RTX 5090,9.2986,48.7383,60.81614303588867,machine,0.0,0.0,0.0,0.0,N
gradient_updates_67,2026-09-15T20:58:45,td3_HalfCheetah-v5_seed331,6bb30b05-42b8-4ff1-ad88-36414a4bcffe,2.327633943001274,5.198181447336157e-05,2.2332544255194676e-05,29.66373441257191,134.6807820652821,20.0,1.7874385132829462e-05,0.00010564980674176994,1.292892394994861e-05,0.0001364531158245478,0.0,Germany,DEU,baden-wurttemberg,,,Linux-7.0.0-31-generic-x86_64-with-glibc2.43,3.14.4,3.3.0,24,Intel(R) Core(TM) Ultra 9 285K,1,1 x NVIDIA GeForce RTX 5090,9.2986,48.7383,60.81614303588867,machine,0.0,0.0,0.0,0.0,N
rollout_68,2026-09-15T20:58:45,td3_HalfCheetah-v5_seed331,6bb30b05-42b8-4ff1-ad88-36414a4bcffe,0.10872320100315847,1.401114465830744e-06,1.2886231303933275e-05,29.69297313515656,134.2007637605085,20.0,1.038663886486664e-06,2.036112740189111e-06,6.031718333056758e-07,3.6779484599829687e-06,0.0,Germany,DEU,baden-wurttemberg,,,Linux-7.0.0-31-generic-x86_64-with-glibc2.43,3.14.4,3.3.0,24,Intel(R) Core(TM) Ultra 9 285K,1,1 x NVIDIA GeForce RTX 5090,9.2986,48.7383,60.81614303588867,machine,0.0,0.0,0.0,0.0,N
gradient_updates_68,2026-09-15T20:58:47,td3_HalfCheetah-v5_seed331,6bb30b05-42b8-4ff1-ad88-36414a4bcffe,2.330078484999831,5.082631509065877e-05,2.181323142347878e-05,29.707024404649193,134.3739830934435,20.0,1.7819691200186144e-05,0.00010265730434833031,1.2942915438907132e-05,0.0001334199109874236,0.0,Germany,DEU,baden-wurttemberg,,,Linux-7.0.0-31-generic-x86_64-with-glibc2.43,3.14.4,3.3.0,24,Intel(R) Core(TM) Ultra 9 285K,1,1 x NVIDIA GeForce RTX 5090,9.2986,48.7383,60.81614303588867,machine,0.0,0.0,0.0,0.0,N
rollout_69,2026-09-15T20:58:48,td3_HalfCheetah-v5_seed331,6bb30b05-42b8-4ff1-ad88-36414a4bcffe,0.1077573200018378,1.8616698769097217e-06,1.72765049940865e-05,29.73649704695695,134.19436620788903,20.0,1.033611660220847e-06,3.2555581599424954e-06,5.97744149935216e-07,4.886913970100076e-06,0.0,Germany,DEU,baden-wurttemberg,,,Linux-7.0.0-31-generic-x86_64-with-glibc2.43,3.14.4,3.3.0,24,Intel(R) Core(TM) Ultra 9 285K,1,1 x NVIDIA GeForce RTX 5090,9.2986,48.7383,60.81614303588867,machine,0.0,0.0,0.0,0.0,N
gradient_updates_69,2026-09-15T20:58:50,td3_HalfCheetah-v5_seed331,6bb30b05-42b8-4ff1-ad88-36414a4bcffe,2.335426588993869,5.199739379346813e-05,2.2264781427014552e-05,29.7508919725759,134.39447650537426,20.0,1.7920399058530406e-05,0.00010560175114804338,1.297186158885264e-05,0.00013649401179542664,0.0,Germany,DEU,baden-wurttemberg,,,Linux-7.0.0-31-generic-x86_64-with-glibc2.43,3.14.4,3.3.0,24,Intel(R) Core(TM) Ultra 9 285K,1,1 x NVIDIA GeForce RTX 5090,9.2986,48.7383,60.81614303588867,machine,0.0,0.0,0.0,0.0,N
rollout_70,2026-09-15T20:58:50,td3_HalfCheetah-v5_seed331,6bb30b05-42b8-4ff1-ad88-36414a4bcffe,0.11112273301114328,1.4203577343692778e-06,1.2779743327342696e-05,29.78706333001365,133.91349859700756,20.0,1.101326436616333e-06,2.010279385622482e-06,6.168565333710806e-07,3.7284623556101126e-06,0.0,Germany,DEU,baden-wurttemberg,,,Linux-7.0.0-31-generic-x86_64-with-glibc2.43,3.14.4,3.3.0,24,Intel(R) Core(TM) Ultra 9 285K,1,1 x NVIDIA GeForce RTX 5090,9.2986,48.7383,60.81614303588867,machine,0.0,0.0,0.0,0.0,N
gradient_updates_70,2026-09-15T20:58:52,td3_HalfCheetah-v5_seed331,6bb30b05-42b8-4ff1-ad88-36414a4bcffe,2.353830028005177,5.092259003025047e-05,2.1633944575336907e-05,29.806431271471936,134.06895124713606,20.0,1.824781793157565e-05,0.00010234258187402645,1.3082234477769863e-05,0.00013367263428337196,0.0,Germany,DEU,baden-wurttemberg,,,Linux-7.0.0-31-generic-x86_64-with-glibc2.43,3.14.4,3.3.0,24,Intel(R) Core(TM) Ultra 9 285K,1,1 x NVIDIA GeForce RTX 5090,9.2986,48.7383,60.81614303588867,machine,0.0,0.0,0.0,0.0,N
rollout_71,2026-09-15T20:58:52,td3_HalfCheetah-v5_seed331,6bb30b05-42b8-4ff1-ad88-36414a4bcffe,0.11040741199394688,2.1010917825832823e-06,1.9028512717915855e-05,29.831473524403712,134.01357793456847,20.0,1.0455472253256826e-06,3.857780864091609e-06,6.120723111153071e-07,5.515400400533249e-06,0.0,Germany,DEU,baden-wurttemberg,,,Linux-7.0.0-31-generic-x86_64-with-glibc2.43,3.14.4,3.3.0,24,Intel(R) Core(TM) Ultra 9 285K,1,1 x NVIDIA GeForce RTX 5090,9.2986,48.7383,60.81614303588867,machine,0.0,0.0,0.0,0.0,N
gradient_updates_71,2026-09-15T20:58:55,td3_HalfCheetah-v5_seed331,6bb30b05-42b8-4ff1-ad88-36414a4bcffe,2.318684262005263,5.196153098862167e-05,2.24100073898338e-05,29.842525312193082,134.2198761416778,20.0,1.7690551096874625e-05,0.00010583036244193877,1.2878957805514827e-05,0.00013639987134432714,0.0,Germany,DEU,baden-wurttemberg,,,Linux-7.0.0-31-generic-x86_64-with-glibc2.43,3.14.4,3.3.0,24,Intel(R) Core(TM) Ultra 9 285K,1,1 x NVIDIA GeForce RTX 5090,9.2986,48.7383,60.81614303588867,machine,0.0,0.0,0.0,0.0,N
rollout_72,2026-09-15T20:58:55,td3_HalfCheetah-v5_seed331,6bb30b05-42b8-4ff1-ad88-36414a4bcffe,0.10966910899151117,1.4075950474186014e-06,1.2834048615937965e-05,29.8693267133908,133.77382771739016,20.0,1.0491755615613108e-06,2.046112748121942e-06,5.996717832911034e-07,3.6949600929741394e-06,0.0,Germany,DEU,baden-wurttemberg,,,Linux-7.0.0-31-generic-x86_64-with-glibc2.43,3.14.4,3.3.0,24,Intel(R) Core(TM) Ultra 9 285K,1,1 x NVIDIA GeForce RTX 5090,9.2986,48.7383,60.81614303588867,machine,0.0,0.0,0.0,0.0,N
gradient_updates_72,2026-09-15T20:58:57,td3_HalfCheetah-v5_seed331,6bb30b05-42b8-4ff1-ad88-36414a4bcffe,2.317611142003443,5.094967509980744e-05,2.198381692950081e-05,29.881977604806487,133.95056737220452,20.0,1.7812231471996814e-05,0.00010305841577995523,1.2873085783374162e-05,0.00013374373303532555,0.0,Germany,DEU,baden-wurttemberg,,,Linux-7.0.0-31-generic-x86_64-with-glibc2.43,3.14.4,3.3.0,24,Intel(R) Core(TM) Ultra 9 285K,1,1 x NVIDIA GeForce RTX 5090,9.2986,48.7383,60.81614303588867,machine,0.0,0.0,0.0,0.0,N
rollout_73,2026-09-15T20:58:57,td3_HalfCheetah-v5_seed331,6bb30b05-42b8-4ff1-ad88-36414a4bcffe,0.10833071600063704,1.8290892813983134e-06,1.6882895928115617e-05,29.907897928178183,133.7607838038456,20.0,1.0353069393549338e-06,3.1661136441485382e-06,5.999687888510064e-07,4.801389372354262e-06,0.0,Germany,DEU,baden-wurttemberg,,,Linux-7.0.0-31-generic-x86_64-with-glibc2.43,3.14.4,3.3.0,24,Intel(R) Core(TM) Ultra 9 285K,1,1 x NVIDIA GeForce RTX 5090,9.2986,48.7383,60.81614303588867,machine,0.0,0.0,0.0,0.0,N
gradient_updates_73,2026-09-15T20:59:00,td3_HalfCheetah-v5_seed331,6bb30b05-42b8-4ff1-ad88-36414a4bcffe,2.3197715930000413,5.054106629417531e-05,2.1787206077625105e-05,29.91942348714191,133.92446176171134,20.0,1.76756824738682e-05,0.00010210952613176616,1.2885919611128156e-05,0.000132671128216761,0.0,Germany,DEU,baden-wurttemberg,,,Linux-7.0.0-31-generic-x86_64-with-glibc2.43,3.14.4,3.3.0,24,Intel(R) Core(TM) Ultra 9 285K,1,1 x NVIDIA GeForce RTX 5090,9.2986,48.7383,60.81614303588867,machine,0.0,0.0,0.0,0.0,N
rollout_74,2026-09-15T20:59:00,td3_HalfCheetah-v5_seed331,6bb30b05-42b8-4ff1-ad88-36414a4bcffe,0.10826330698910169,2.1115524550616854e-06,1.9501390553995552e-05,29.943224391295445,133.90127212433856,20.0,1.0271349883753111e-06,3.915558687950238e-06,6.00166161085448e-07,5.542859837410347e-06,0.0,Germany,DEU,baden-wurttemberg,,,Linux-7.0.0-31-generic-x86_64-with-glibc2.43,3.14.4,3.3.0,24,Intel(R) Core(TM) Ultra 9 285K,1,1 x NVIDIA GeForce RTX 5090,9.2986,48.7383,60.81614303588867,machine,0.0,0.0,0.0,0.0,N
gradient_updates_74,2026-09-15T20:59:02,td3_HalfCheetah-v5_seed331,6bb30b05-42b8-4ff1-ad88-36414a4bcffe,2.3175542979879538,5.19518510729948e-05,2.2416831079027652e-05,29.95321687515431,134.10130786882445,20.0,1.761656298212861e-05,0.00010588536248601343,1.2872535938852903e-05,0.00013637446140699408,0.0,Germany,DEU,baden-wurttemberg,,,Linux-7.0.0-31-generic-x86_64-with-glibc2.43,3.14.4,3.3.0,24,Intel(R) Core(TM) Ultra 9 285K,1,1 x NVIDIA GeForce RTX 5090,9.2986,48.7383,60.81614303588867,machine,0.0,0.0,0.0,0.0,N
rollout_75,2026-09-15T20:59:02,td3_HalfCheetah-v5_seed331,6bb30b05-42b8-4ff1-ad88-36414a4bcffe,0.1081666679965565,1.3807316889434193e-06,1.2763674259566887e-05,29.974221741414148,133.66514373334357,20.0,1.0159791461166606e-06,2.0086127179297364e-06,5.998514721998211e-07,3.6244433362468687e-06,0.0,Germany,DEU,baden-wurttemberg,,,Linux-7.0.0-31-generic-x86_64-with-glibc2.43,3.14.4,3.3.0,24,Intel(R) Core(TM) Ultra 9 285K,1,1 x NVIDIA GeForce RTX 5090,9.2986,48.7383,60.81614303588867,machine,0.0,0.0,0.0,0.0,N
gradient_updates_75,2026-09-15T20:59:04,td3_HalfCheetah-v5_seed331,6bb30b05-42b8-4ff1-ad88-36414a4bcffe,2.326581575005548,5.0518809197803646e-05,2.1713835013784754e-05,29.979672478018283,133.82933607955073,20.0,1.6870036551573826e-05,0.00010281924892208139,1.2923417499971198e-05,0.00013261270297362793,0.0,Germany,DEU,baden-wurttemberg,,,Linux-7.0.0-31-generic-x86_64-with-glibc2.43,3.14.4,3.3.0,24,Intel(R) Core(TM) Ultra 9 285K,1,1 x NVIDIA GeForce RTX 5090,9.2986,48.7383,60.81614303588867,machine,0.0,0.0,0.0,0.0,N
rollout_76,2026-09-15T20:59:05,td3_HalfCheetah-v5_seed331,6bb30b05-42b8-4ff1-ad88-36414a4bcffe,0.11416311099310406,1.799514531078579e-06,1.576096956114304e-05,29.954863311737853,133.638162220422,20.0,8.428262298154979e-07,3.255280382141734e-06,6.25648555594837e-07,4.723755167551635e-06,0.0,Germany,DEU,baden-wurttemberg,,,Linux-7.0.0-31-generic-x86_64-with-glibc2.43,3.14.4,3.3.0,24,Intel(R) Core(TM) Ultra 9 285K,1,1 x NVIDIA GeForce RTX 5090,9.2986,48.7383,60.81614303588867,machine,0.0,0.0,0.0,0.0,N
gradient_updates_76,2026-09-15T20:59:07,td3_HalfCheetah-v5_seed331,6bb30b05-42b8-4ff1-ad88-36414a4bcffe,2.3193672350025736,5.039922193388318e-05,2.1729812040285893e-05,29.93326956730366,133.7925494192591,20.0,1.7716694728900362e-05,0.00010169924802605479,1.2882841688891195e-05,0.00013229878444384613,0.0,Germany,DEU,baden-wurttemberg,,,Linux-7.0.0-31-generic-x86_64-with-glibc2.43,3.14.4,3.3.0,24,Intel(R) Core(TM) Ultra 9 285K,1,1 x NVIDIA GeForce RTX 5090,9.2986,48.7383,60.81614303588867,machine,0.0,0.0,0.0,0.0,N
rollout_77,2026-09-15T20:59:07,td3_HalfCheetah-v5_seed331,6bb30b05-42b8-4ff1-ad88-36414a4bcffe,0.1088506310043158,2.2751705167078917e-06,2.090143720851636e-05,29.955591783128384,133.85482083200554,20.0,1.0305769355721875e-06,4.338059025776886e-06,6.037239722598078e-07,5.9723599336071465e-06,0.0,Germany,DEU,baden-wurttemberg,,,Linux-7.0.0-31-generic-x86_64-with-glibc2.43,3.14.4,3.3.0,24,Intel(R) Core(TM) Ultra 9 285K,1,1 x NVIDIA GeForce RTX 5090,9.2986,48.7383,60.81614303588867,machine,0.0,0.0,0.0,0.0,N
gradient_updates_77,2026-09-15T20:59:09,td3_HalfCheetah-v5_seed331,6bb30b05-42b8-4ff1-ad88-36414a4bcffe,2.314561278995825,5.198908456616625e-05,2.2461867037088993e-05,29.965027399248186,134.04958371574818,20.0,1.766167829599704e-05,0.00010595425143034021,1.285627021109883e-05,0.00013647219993743673,0.0,Germany,DEU,baden-wurttemberg,,,Linux-7.0.0-31-generic-x86_64-with-glibc2.43,3.14.4,3.3.0,24,Intel(R) Core(TM) Ultra 9 285K,1,1 x NVIDIA GeForce RTX 5090,9.2986,48.7383,60.81614303588867,machine,0.0,0.0,0.0,0.0,N
rollout_78,2026-09-15T20:59:09,td3_HalfCheetah-v5_seed331,6bb30b05-42b8-4ff1-ad88-36414a4bcffe,0.10856164999131579,1.4134340624418276e-06,1.3017898447059408e-05,29.992155083615586,133.63858253865803,20.0,1.0532105647904216e-06,2.0555571995650723e-06,6.015198388518994e-07,3.7102876032073934e-06,0.0,Germany,DEU,baden-wurttemberg,,,Linux-7.0.0-31-generic-x86_64-with-glibc2.43,3.14.4,3.3.0,24,Intel(R) Core(TM) Ultra 9 285K,1,1 x NVIDIA GeForce RTX 5090,9.2986,48.7383,60.81614303588867,machine,0.0,0.0,0.0,0.0,N
gradient_updates_78,2026-09-15T20:59:12,td3_HalfCheetah-v5_seed331,6bb30b05-42b8-4ff1-ad88-36414a4bcffe,2.316478102991823,5.0863435570789456e-05,2.195724408093709e-05,30.0048076373964,133.80278508628214,20.0,1.769568832320559e-05,0.00010295841570018283,1.2863248833390418e-05,0.00013351735285677818,0.0,Germany,DEU,baden-wurttemberg,,,Linux-7.0.0-31-generic-x86_64-with-glibc2.43,3.14.4,3.3.0,24,Intel(R) Core(TM) Ultra 9 285K,1,1 x NVIDIA GeForce RTX 5090,9.2986,48.7383,60.81614303588867,machine,0.0,0.0,0.0,0.0,N
rollout_79,2026-09-15T20:59:12,td3_HalfCheetah-v5_seed331,6bb30b05-42b8-4ff1-ad88-36414a4bcffe,0.10785374899569433,1.8352427448836e-06,1.7016771839008574e-05,30.036640956859717,133.6269157197979,20.0,1.0729622472579678e-06,3.14722473993001e-06,5.973553277725981e-07,4.817542314959275e-06,0.0,Germany,DEU,baden-wurttemberg,,,Linux-7.0.0-31-generic-x86_64-with-glibc2.43,3.14.4,3.3.0,24,Intel(R) Core(TM) Ultra 9 285K,1,1 x NVIDIA GeForce RTX 5090,9.2986,48.7383,60.81614303588867,machine,0.0,0.0,0.0,0.0,N
gradient_updates_79,2026-09-15T20:59:14,td3_HalfCheetah-v5_seed331,6bb30b05-42b8-4ff1-ad88-36414a4bcffe,2.315873304993147,5.049384674860394e-05,2.180349217534755e-05,30.051972211176153,133.7810326951616,20.0,1.756787072095152e-05,0.00010211480391397743,1.2864501500007555e-05,0.00013254717613493672,0.0,Germany,DEU,baden-wurttemberg,,,Linux-7.0.0-31-generic-x86_64-with-glibc2.43,3.14.4,3.3.0,24,Intel(R) Core(TM) Ultra 9 285K,1,1 x NVIDIA GeForce RTX 5090,9.2986,48.7383,60.81614303588867,machine,0.0,0.0,0.0,0.0,N
rollout_80,2026-09-15T20:59:14,td3_HalfCheetah-v5_seed331,6bb30b05-42b8-4ff1-ad88-36414a4bcffe,0.1158559980103746,2.1497309795988004e-06,1.8554436459657013e-05,30.074439137550144,133.70620960236855,20.0,1.1048019949513876e-06,3.897225340221411e-06,6.410517555195845e-07,5.643079090691949e-06,0.0,Germany,DEU,baden-wurttemberg,,,Linux-7.0.0-31-generic-x86_64-with-glibc2.43,3.14.4,3.3.0,24,Intel(R) Core(TM) Ultra 9 285K,1,1 x NVIDIA GeForce RTX 5090,9.2986,48.7383,60.81614303588867,machine,0.0,0.0,0.0,0.0,N
gradient_updates_80,2026-09-15T20:59:17,td3_HalfCheetah-v5_seed331,6bb30b05-42b8-4ff1-ad88-36414a4bcffe,2.350577978999354,5.181312731988852e-05,2.2042795876747068e-05,30.08349082383201,133.87200727017532,20.0,1.7797175904396903e-05,0.0001051559174580774,1.3057215916665536e-05,0.0001360103092791394,0.0,Germany,DEU,baden-wurttemberg,,,Linux-7.0.0-31-generic-x86_64-with-glibc2.43,3.14.4,3.3.0,24,Intel(R) Core(TM) Ultra 9 285K,1,1 x NVIDIA GeForce RTX 5090,9.2986,48.7383,60.81614303588867,machine,0.0,0.0,0.0,0.0,N
rollout_81,2026-09-15T20:59:17,td3_HalfCheetah-v5_seed331,6bb30b05-42b8-4ff1-ad88-36414a4bcffe,0.11194941599387676,1.8504982834790032e-06,1.652886880134632e-05,30.103902518364066,133.68753189394806,20.0,1.0599922368815032e-06,3.1816692116493073e-06,6.159269055287103e-07,4.857588354060388e-06,0.0,Germany,DEU,baden-wurttemberg,,,Linux-7.0.0-31-generic-x86_64-with-glibc2.43,3.14.4,3.3.0,24,Intel(R) Core(TM) Ultra 9 285K,1,1 x NVIDIA GeForce RTX 5090,9.2986,48.7383,60.81614303588867,machine,0.0,0.0,0.0,0.0,N
gradient_updates_81,2026-09-15T20:59:19,td3_HalfCheetah-v5_seed331,6bb30b05-42b8-4ff1-ad88-36414a4bcffe,2.3228857799986145,5.0542337462222003e-05,2.175857475958996e-05,30.112018052487084,133.8345048302138,20.0,1.7716067228397414e-05,0.00010205897053650048,1.2899427288842356e-05,0.0001326744650537396,0.0,Germany,DEU,baden-wurttemberg,,,Linux-7.0.0-31-generic-x86_64-with-glibc2.43,3.14.4,3.3.0,24,Intel(R) Core(TM) Ultra 9 285K,1,1 x NVIDIA GeForce RTX 5090,9.2986,48.7383,60.81614303588867,machine,0.0,0.0,0.0,0.0,N
rollout_82,2026-09-15T20:59:19,td3_HalfCheetah-v5_seed331,6bb30b05-42b8-4ff1-ad88-36414a4bcffe,0.11253567799576558,2.2087009289850634e-06,1.962327982036951e-05,30.08770222684164,133.87270469250882,20.0,8.285676072975617e-07,4.349447923601701e-06,6.198606444134721e-07,5.797876175312952e-06,0.0,Germany,DEU,baden-wurttemberg,,,Linux-7.0.0-31-generic-x86_64-with-glibc2.43,3.14.4,3.3.0,24,Intel(R) Core(TM) Ultra 9 285K,1,1 x NVIDIA GeForce RTX 5090,9.2986,48.7383,60.81614303588867,machine,0.0,0.0,0.0,0.0,N
gradient_updates_82,2026-09-15T20:59:22,td3_HalfCheetah-v5_seed331,6bb30b05-42b8-4ff1-ad88-36414a4bcffe,2.342411297999206,5.082160732037492e-05,2.169633641846299e-05,30.06425839792609,134.01982084916128,20.0,1.7142642880769825e-05,0.00010325563816016015,1.3009271972259841e-05,0.00013340755301318938,0.0,Germany,DEU,baden-wurttemberg,,,Linux-7.0.0-31-generic-x86_64-with-glibc2.43,3.14.4,3.3.0,24,Intel(R) Core(TM) Ultra 9 285K,1,1 x NVIDIA GeForce RTX 5090,9.2986,48.7383,60.81614303588867,machine,0.0,0.0,0.0,0.0,N
rollout_83,2026-09-15T20:59:22,td3_HalfCheetah-v5_seed331,6bb30b05-42b8-4ff1-ad88-36414a4bcffe,0.10870286400313489,1.8647634163725113e-06,1.7154574297607715e-05,30.090771195568728,133.8615988397376,20.0,1.063315295096387e-06,3.2291692502184333e-06,6.025500166287508e-07,4.895034561943137e-06,0.0,Germany,DEU,baden-wurttemberg,,,Linux-7.0.0-31-generic-x86_64-with-glibc2.43,3.14.4,3.3.0,24,Intel(R) Core(TM) Ultra 9 285K,1,1 x NVIDIA GeForce RTX 5090,9.2986,48.7383,60.81614303588867,machine,0.0,0.0,0.0,0.0,N
gradient_updates_83,2026-09-15T20:59:24,td3_HalfCheetah-v5_seed331,6bb30b05-42b8-4ff1-ad88-36414a4bcffe,2.3230215079966,5.050656942712575e-05,2.174192147657772e-05,30.102890616585054,134.0034769598875,20.0,1.766118662893841e-05,0.00010201647050145368,1.2902916244396075e-05,0.00013258057337478882,0.0,Germany,DEU,baden-wurttemberg,,,Linux-7.0.0-31-generic-x86_64-with-glibc2.43,3.14.4,3.3.0,24,Intel(R) Core(TM) Ultra 9 285K,1,1 x NVIDIA GeForce RTX 5090,9.2986,48.7383,60.81614303588867,machine,0.0,0.0,0.0,0.0,N
rollout_84,2026-09-15T20:59:24,td3_HalfCheetah-v5_seed331,6bb30b05-42b8-4ff1-ad88-36414a4bcffe,0.10918558599951211,2.109905441074686e-06,1.9322856301816437e-05,30.12460630693903,133.9625205125633,20.0,1.0543975101848235e-06,3.874169766326929e-06,6.099691221607157e-07,5.538536398673119e-06,0.0,Germany,DEU,baden-wurttemberg,,,Linux-7.0.0-31-generic-x86_64-with-glibc2.43,3.14.4,3.3.0,24,Intel(R) Core(TM) Ultra 9 285K,1,1 x NVIDIA GeForce RTX 5090,9.2986,48.7383,60.81614303588867,machine,0.0,0.0,0.0,0.0,N
gradient_updates_84,2026-09-15T20:59:27,td3_HalfCheetah-v5_seed331,6bb30b05-42b8-4ff1-ad88-36414a4bcffe,2.377154524991056,5.080161972082376e-05,2.1370858101948056e-05,30.127556536952603,134.09980556321716,20.0,1.6013596144200462e-05,0.00010413619442006805,1.3205294672176708e-05,0.00013335508523644457,0.0,Germany,DEU,baden-wurttemberg,,,Linux-7.0.0-31-generic-x86_64-with-glibc2.43,3.14.4,3.3.0,24,Intel(R) Core(TM) Ultra 9 285K,1,1 x NVIDIA GeForce RTX 5090,9.2986,48.7383,60.81614303588867,machine,0.0,0.0,0.0,0.0,N
rollout_85,2026-09-15T20:59:27,td3_HalfCheetah-v5_seed331,6bb30b05-42b8-4ff1-ad88-36414a4bcffe,0.11274466100439895,2.0040642500582934e-06,1.777303231549509e-05,30.102392080907133,134.02963304056084,20.0,8.210401012762741e-07,3.8141697178417644e-06,6.254917166693096e-07,5.260701535787782e-06,0.0,Germany,DEU,baden-wurttemberg,,,Linux-7.0.0-31-generic-x86_64-with-glibc2.43,3.14.4,3.3.0,24,Intel(R) Core(TM) Ultra 9 285K,1,1 x NVIDIA GeForce RTX 5090,9.2986,48.7383,60.81614303588867,machine,0.0,0.0,0.0,0.0,N
gradient_updates_85,2026-09-15T20:59:29,td3_HalfCheetah-v5_seed331,6bb30b05-42b8-4ff1-ad88-36414a4bcffe,2.3176406849961495,5.192130870580996e-05,2.2402737159547335e-05,30.080536489063654,134.20302320743207,20.0,1.761342659073028e-05,0.00010580730686804429,1.2873553733273478e-05,0.00013629428719204653,0.0,Germany,DEU,baden-wurttemberg,,,Linux-7.0.0-31-generic-x86_64-with-glibc2.43,3.14.4,3.3.0,24,Intel(R) Core(TM) Ultra 9 285K,1,1 x NVIDIA GeForce RTX 5090,9.2986,48.7383,60.81614303588867,machine,0.0,0.0,0.0,0.0,N
rollout_86,2026-09-15T20:59:29,td3_HalfCheetah-v5_seed331,6bb30b05-42b8-4ff1-ad88-36414a4bcffe,0.10834998700011056,1.3838188505149382e-06,1.2770196419291918e-05,30.095414536713402,133.82378327026083,20.0,1.002805802244322e-06,2.0286127337953985e-06,6.011286499819739e-07,3.632547186022128e-06,0.0,Germany,DEU,baden-wurttemberg,,,Linux-7.0.0-31-generic-x86_64-with-glibc2.43,3.14.4,3.3.0,24,Intel(R) Core(TM) Ultra 9 285K,1,1 x NVIDIA GeForce RTX 5090,9.2986,48.7383,60.81614303588867,machine,0.0,0.0,0.0,0.0,N
gradient_updates_86,2026-09-15T20:59:31,td3_HalfCheetah-v5_seed331,6bb30b05-42b8-4ff1-ad88-36414a4bcffe,2.368939779000357,4.986512034795953e-05,2.1049620446679383e-05,30.094375109894205,133.94106349062204,20.0,1.6027566433154776e-05,0.00010171035914607884,1.3158833438905657e-05,0.0001308967590181384,0.0,Germany,DEU,baden-wurttemberg,,,Linux-7.0.0-31-generic-x86_64-with-glibc2.43,3.14.4,3.3.0,24,Intel(R) Core(TM) Ultra 9 285K,1,1 x NVIDIA GeForce RTX 5090,9.2986,48.7383,60.81614303588867,machine,0.0,0.0,0.0,0.0,N
rollout_87,2026-09-15T20:59:32,td3_HalfCheetah-v5_seed331,6bb30b05-42b8-4ff1-ad88-36414a4bcffe,0.1124281520023942,2.8707801538463418e-06,2.5532656847557823e-05,30.074300199537365,134.28295871744433,20.0,8.432837301820817e-07,6.069727078283904e-06,6.22834194412801e-07,7.5358450028779195e-06,0.0,Germany,DEU,baden-wurttemberg,,,Linux-7.0.0-31-generic-x86_64-with-glibc2.43,3.14.4,3.3.0,24,Intel(R) Core(TM) Ultra 9 285K,1,1 x NVIDIA GeForce RTX 5090,9.2986,48.7383,60.81614303588867,machine,0.0,0.0,0.0,0.0,N
gradient_updates_87,2026-09-15T20:59:34,td3_HalfCheetah-v5_seed331,6bb30b05-42b8-4ff1-ad88-36414a4bcffe,2.3180475210101577,5.113704626154986e-05,2.206047545674318e-05,30.056460412713093,134.4314342669842,20.0,1.7788071452667052e-05,0.00010357091618962144,1.2876597766686834e-05,0.0001342355854089764,0.0,Germany,DEU,baden-wurttemberg,,,Linux-7.0.0-31-generic-x86_64-with-glibc2.43,3.14.4,3.3.0,24,Intel(R) Core(TM) Ultra 9 285K,1,1 x NVIDIA GeForce RTX 5090,9.2986,48.7383,60.81614303588867,machine,0.0,0.0,0.0,0.0,N
rollout_88,2026-09-15T20:59:34,td3_HalfCheetah-v5_seed331,6bb30b05-42b8-4ff1-ad88-36414a4bcffe,0.10842631400737446,1.6141055341487368e-06,1.4885601066689292e-05,30.074965069751272,134.16684984433417,20.0,1.0243885972885391e-06,2.6113909781244615e-06,6.012739333122619e-07,4.237053508725913e-06,0.0,Germany,DEU,baden-wurttemberg,,,Linux-7.0.0-31-generic-x86_64-with-glibc2.43,3.14.4,3.3.0,24,Intel(R) Core(TM) Ultra 9 285K,1,1 x NVIDIA GeForce RTX 5090,9.2986,48.7383,60.81614303588867,machine,0.0,0.0,0.0,0.0,N
gradient_updates_88,2026-09-15T20:59:36,td3_HalfCheetah-v5_seed331,6bb30b05-42b8-4ff1-ad88-36414a4bcffe,2.3218074750038795,5.068925300294024e-05,2.183188593374179e-05,30.082243888378517,134.3035728582933,20.0,1.7688296372849084e-05,0.0001024753597578254,1.289646462779878e-05,0.00013306012075847348,0.0,Germany,DEU,baden-wurttemberg,,,Linux-7.0.0-31-generic-x86_64-with-glibc2.43,3.14.4,3.3.0,24,Intel(R) Core(TM) Ultra 9 285K,1,1 x NVIDIA GeForce RTX 5090,9.2986,48.7383,60.81614303588867,machine,0.0,0.0,0.0,0.0,N
rollout_89,2026-09-15T20:59:36,td3_HalfCheetah-v5_seed331,6bb30b05-42b8-4ff1-ad88-36414a4bcffe,0.10838915800559334,1.8743561682275228e-06,1.7292147846109463e-05,30.101780140390243,134.16338411529804,20.0,1.034916939044242e-06,3.2822248483554972e-06,6.030739055455907e-07,4.920215692944679e-06,0.0,Germany,DEU,baden-wurttemberg,,,Linux-7.0.0-31-generic-x86_64-with-glibc2.43,3.14.4,3.3.0,24,Intel(R) Core(TM) Ultra 9 285K,1,1 x NVIDIA GeForce RTX 5090,9.2986,48.7383,60.81614303588867,machine,0.0,0.0,0.0,0.0,N
gradient_updates_89,2026-09-15T20:59:39,td3_HalfCheetah-v5_seed331,6bb30b05-42b8-4ff1-ad88-36414a4bcffe,2.3128834630042547,5.033222628858785e-05,2.1761739536689754e-05,30.109590390587062,134.29544114847116,20.0,1.756547988570646e-05,0.000101710081367834,1.2847358522251242e-05,0.00013212291977579213,0.0,Germany,DEU,baden-wurttemberg,,,Linux-7.0.0-31-generic-x86_64-with-glibc2.43,3.14.4,3.3.0,24,Intel(R) Core(TM) Ultra 9 285K,1,1 x NVIDIA GeForce RTX 5090,9.2986,48.7383,60.81614303588867,machine,0.0,0.0,0.0,0.0,N
rollout_90,2026-09-15T20:59:39,td3_HalfCheetah-v5_seed331,6bb30b05-42b8-4ff1-ad88-36414a4bcffe,0.1104084920079913,3.0082335409483893e-06,2.7240730586332053e-05,30.135342615771684,134.6629081582191,20.0,1.0908658726925882e-06,6.1927827319507855e-06,6.130137944840037e-07,7.896662399128895e-06,0.0,Germany,DEU,baden-wurttemberg,,,Linux-7.0.0-31-generic-x86_64-with-glibc2.43,3.14.4,3.3.0,24,Intel(R) Core(TM) Ultra 9 285K,1,1 x NVIDIA GeForce RTX 5090,9.2986,48.7383,60.81614303588867,machine,0.0,0.0,0.0,0.0,N
gradient_updates_90,2026-09-15T20:59:41,td3_HalfCheetah-v5_seed331,6bb30b05-42b8-4ff1-ad88-36414a4bcffe,2.35479899100028,5.114376891986183e-05,2.171901727038986e-05,30.147909584428238,134.78642301729585,20.0,1.8129376170156197e-05,0.00010304091576607277,1.3082940561111615e-05,0.00013425323249733993,0.0,Germany,DEU,baden-wurttemberg,,,Linux-7.0.0-31-generic-x86_64-with-glibc2.43,3.14.4,3.3.0,24,Intel(R) Core(TM) Ultra 9 285K,1,1 x NVIDIA GeForce RTX 5090,9.2986,48.7383,60.81614303588867,machine,0.0,0.0,0.0,0.0,N
rollout_91,2026-09-15T20:59:41,td3_HalfCheetah-v5_seed331,6bb30b05-42b8-4ff1-ad88-36414a4bcffe,0.11100096299196593,1.8782640289777969e-06,1.6922019565090523e-05,30.169187062329705,134.628865609721,20.0,1.0708939122703112e-06,3.2447248181632915e-06,6.148551610952752e-07,4.930473891528661e-06,0.0,Germany,DEU,baden-wurttemberg,,,Linux-7.0.0-31-generic-x86_64-with-glibc2.43,3.14.4,3.3.0,24,Intel(R) Core(TM) Ultra 9 285K,1,1 x NVIDIA GeForce RTX 5090,9.2986,48.7383,60.81614303588867,machine,0.0,0.0,0.0,0.0,N
gradient_updates_91,2026-09-15T20:59:44,td3_HalfCheetah-v5_seed331,6bb30b05-42b8-4ff1-ad88-36414a4bcffe,2.3562615150003694,5.179481538279771e-05,2.1981747439708683e-05,30.17802327752869,134.76710705966585,20.0,1.7853209560333462e-05,0.00010502119512789676,1.3087835455614146e-05,0.00013596224014384567,0.0,Germany,DEU,baden-wurttemberg,,,Linux-7.0.0-31-generic-x86_64-with-glibc2.43,3.14.4,3.3.0,24,Intel(R) Core(TM) Ultra 9 285K,1,1 x NVIDIA GeForce RTX 5090,9.2986,48.7383,60.81614303588867,machine,0.0,0.0,0.0,0.0,N
rollout_92,2026-09-15T20:59:44,td3_HalfCheetah-v5_seed331,6bb30b05-42b8-4ff1-ad88-36414a4bcffe,0.10815592200378887,1.632600458255709e-06,1.5094606648284597e-05,30.192139056719338,134.52639123564097,20.0,1.0047558038029855e-06,2.6819465896998906e-06,5.989005944380919e-07,4.285602987940534e-06,0.0,Germany,DEU,baden-wurttemberg,,,Linux-7.0.0-31-generic-x86_64-with-glibc2.43,3.14.4,3.3.0,24,Intel(R) Core(TM) Ultra 9 285K,1,1 x NVIDIA GeForce RTX 5090,9.2986,48.7383,60.81614303588867,machine,0.0,0.0,0.0,0.0,N
gradient_updates_92,2026-09-15T20:59:46,td3_HalfCheetah-v5_seed331,6bb30b05-42b8-4ff1-ad88-36414a4bcffe,2.380004917999031,5.120000975205284e-05,2.1512691484217023e-05,30.19025435461625,134.65868069938,20.0,1.5777085399435592e-05,0.00010540925099400411,1.321452921110907e-05,0.0001344008656045479,0.0,Germany,DEU,baden-wurttemberg,,,Linux-7.0.0-31-generic-x86_64-with-glibc2.43,3.14.4,3.3.0,24,Intel(R) Core(TM) Ultra 9 285K,1,1 x NVIDIA GeForce RTX 5090,9.2986,48.7383,60.81614303588867,machine,0.0,0.0,0.0,0.0,N
rollout_93,2026-09-15T20:59:46,td3_HalfCheetah-v5_seed331,6bb30b05-42b8-4ff1-ad88-36414a4bcffe,0.11179537899442948,1.515829570941131e-06,1.3559001575902325e-05,30.16969817258537,134.37863857093888,20.0,8.313142761621345e-07,2.5275020223425315e-06,6.202611944495368e-07,3.979077492954203e-06,0.0,Germany,DEU,baden-wurttemberg,,,Linux-7.0.0-31-generic-x86_64-with-glibc2.43,3.14.4,3.3.0,24,Intel(R) Core(TM) Ultra 9 285K,1,1 x NVIDIA GeForce RTX 5090,9.2986,48.7383,60.81614303588867,machine,0.0,0.0,0.0,0.0,N
gradient_updates_93,2026-09-15T20:59:49,td3_HalfCheetah-v5_seed331,6bb30b05-42b8-4ff1-ad88-36414a4bcffe,2.3324763099954,5.0554481956406605e-05,2.1674260138021892e-05,30.150720829220308,134.5010410443871,20.0,1.7551424874463067e-05,0.0001021989706480042,1.295594902775421e-05,0.00013270634455022148,0.0,Germany,DEU,baden-wurttemberg,,,Linux-7.0.0-31-generic-x86_64-with-glibc2.43,3.14.4,3.3.0,24,Intel(R) Core(TM) Ultra 9 285K,1,1 x NVIDIA GeForce RTX 5090,9.2986,48.7383,60.81614303588867,machine,0.0,0.0,0.0,0.0,N
rollout_94,2026-09-15T20:59:49,td3_HalfCheetah-v5_seed331,6bb30b05-42b8-4ff1-ad88-36414a4bcffe,0.1084420469996985,2.1130038190854405e-06,1.9483311796455062e-05,30.165526681292917,134.48519253791986,20.0,1.0120969207889907e-06,3.936114259861512e-06,5.984585111338831e-07,5.546669691785036e-06,0.0,Germany,DEU,baden-wurttemberg,,,Linux-7.0.0-31-generic-x86_64-with-glibc2.43,3.14.4,3.3.0,24,Intel(R) Core(TM) Ultra 9 285K,1,1 x NVIDIA GeForce RTX 5090,9.2986,48.7383,60.81614303588867,machine,0.0,0.0,0.0,0.0,N
gradient_updates_94,2026-09-15T20:59:51,td3_HalfCheetah-v5_seed331,6bb30b05-42b8-4ff1-ad88-36414a4bcffe,2.3426113949972205,5.168603321980495e-05,2.20635078048167e-05,30.168957011722423,134.62778330558126,20.0,1.7256167971590845e-05,0.00010540813988191289,1.3012377327767301e-05,0.0001356766851812706,0.0,Germany,DEU,baden-wurttemberg,,,Linux-7.0.0-31-generic-x86_64-with-glibc2.43,3.14.4,3.3.0,24,Intel(R) Core(TM) Ultra 9 285K,1,1 x NVIDIA GeForce RTX 5090,9.2986,48.7383,60.81614303588867,machine,0.0,0.0,0.0,0.0,N
rollout_95,2026-09-15T20:59:51,td3_HalfCheetah-v5_seed331,6bb30b05-42b8-4ff1-ad88-36414a4bcffe,0.108472959997016,1.6341963198513582e-06,1.5065256667806006e-05,30.187040984092526,134.38857243938088,20.0,1.0335777713066027e-06,2.6547243461294556e-06,6.014900333765373e-07,4.289792150811295e-06,0.0,Germany,DEU,baden-wurttemberg,,,Linux-7.0.0-31-generic-x86_64-with-glibc2.43,3.14.4,3.3.0,24,Intel(R) Core(TM) Ultra 9 285K,1,1 x NVIDIA GeForce RTX 5090,9.2986,48.7383,60.81614303588867,machine,0.0,0.0,0.0,0.0,N
gradient_updates_95,2026-09-15T20:59:54,td3_HalfCheetah-v5_seed331,6bb30b05-42b8-4ff1-ad88-36414a4bcffe,2.340193456009729,5.048676227148788e-05,2.1573824728091336e-05,30.193283104805083,134.5038669941796,20.0,1.7486151488909675e-05,0.00010203424829402508,1.3008179483343452e-05,0.00013252857926627712,0.0,Germany,DEU,baden-wurttemberg,,,Linux-7.0.0-31-generic-x86_64-with-glibc2.43,3.14.4,3.3.0,24,Intel(R) Core(TM) Ultra 9 285K,1,1 x NVIDIA GeForce RTX 5090,9.2986,48.7383,60.81614303588867,machine,0.0,0.0,0.0,0.0,N
rollout_96,2026-09-15T20:59:54,td3_HalfCheetah-v5_seed331,6bb30b05-42b8-4ff1-ad88-36414a4bcffe,0.10840099198685493,2.2750517859214045e-06,2.098481211771728e-05,30.211459092712875,134.55272678208885,20.0,1.0356291618362698e-06,4.335003468192156e-06,6.014156333144713e-07,5.9720482633446315e-06,0.0,Germany,DEU,baden-wurttemberg,,,Linux-7.0.0-31-generic-x86_64-with-glibc2.43,3.14.4,3.3.0,24,Intel(R) Core(TM) Ultra 9 285K,1,1 x NVIDIA GeForce RTX 5090,9.2986,48.7383,60.81614303588867,machine,0.0,0.0,0.0,0.0,N
gradient_updates_96,2026-09-15T20:59:56,td3_HalfCheetah-v5_seed331,6bb30b05-42b8-4ff1-ad88-36414a4bcffe,2.3486694550083485,5.125737754136522e-05,2.1824077343756697e-05,30.214534301619164,134.68849090110086,20.0,1.6284914139031922e-05,0.00010522036195359519,1.304618090006344e-05,0.00013455145699269033,0.0,Germany,DEU,baden-wurttemberg,,,Linux-7.0.0-31-generic-x86_64-with-glibc2.43,3.14.4,3.3.0,24,Intel(R) Core(TM) Ultra 9 285K,1,1 x NVIDIA GeForce RTX 5090,9.2986,48.7383,60.81614303588867,machine,0.0,0.0,0.0,0.0,N
rollout_97,2026-09-15T20:59:56,td3_HalfCheetah-v5_seed331,6bb30b05-42b8-4ff1-ad88-36414a4bcffe,0.10837509899283759,1.8546032225473519e-06,1.7111724248418785e-05,30.230166160044774,134.55326331993322,20.0,1.0216249839651095e-06,3.2455581524537536e-06,6.011807500423509e-07,4.86836388646078e-06,0.0,Germany,DEU,baden-wurttemberg,,,Linux-7.0.0-31-generic-x86_64-with-glibc2.43,3.14.4,3.3.0,24,Intel(R) Core(TM) Ultra 9 285K,1,1 x NVIDIA GeForce RTX 5090,9.2986,48.7383,60.81614303588867,machine,0.0,0.0,0.0,0.0,N
gradient_updates_97,2026-09-15T20:59:58,td3_HalfCheetah-v5_seed331,6bb30b05-42b8-4ff1-ad88-36414a4bcffe,2.361109799996484,5.1114960129549324e-05,2.164879466858446e-05,30.229082584008733,134.68699120655458,20.0,1.537606813417896e-05,0.00010568675121591653,1.3114789600028208e-05,0.00013417760895012218,0.0,Germany,DEU,baden-wurttemberg,,,Linux-7.0.0-31-generic-x86_64-with-glibc2.43,3.14.4,3.3.0,24,Intel(R) Core(TM) Ultra 9 285K,1,1 x NVIDIA GeForce RTX 5090,9.2986,48.7383,60.81614303588867,machine,0.0,0.0,0.0,0.0,N
rollout_98,2026-09-15T20:59:59,td3_HalfCheetah-v5_seed331,6bb30b05-42b8-4ff1-ad88-36414a4bcffe,0.11331115999200847,1.3497536168584692e-06,1.1910542179248962e-05,30.20934795203467,134.33888490963676,20.0,8.484381787505699e-07,2.06139053782195e-06,6.332966722159741e-07,3.5431253887878433e-06,0.0,Germany,DEU,baden-wurttemberg,,,Linux-7.0.0-31-generic-x86_64-with-glibc2.43,3.14.4,3.3.0,24,Intel(R) Core(TM) Ultra 9 285K,1,1 x NVIDIA GeForce RTX 5090,9.2986,48.7383,60.81614303588867,machine,0.0,0.0,0.0,0.0,N
gradient_updates_98,2026-09-15T21:00:01,td3_HalfCheetah-v5_seed331,6bb30b05-42b8-4ff1-ad88-36414a4bcffe,2.0606818230007775,4.730006620815106e-05,2.2953723678799064e-05,30.194304951870116,134.50592938714072,20.0,1.6612214678650775e-05,9.610479910593384e-05,1.144643603337393e-05,0.00012416344981795897,0.0,Germany,DEU,baden-wurttemberg,,,Linux-7.0.0-31-generic-x86_64-with-glibc2.43,3.14.4,3.3.0,24,Intel(R) Core(TM) Ultra 9 285K,1,1 x NVIDIA GeForce RTX 5090,9.2986,48.7383,60.81614303588867,machine,0.0,0.0,0.0,0.0,N
rollout_99,2026-09-15T21:00:01,td3_HalfCheetah-v5_seed331,6bb30b05-42b8-4ff1-ad88-36414a4bcffe,0.10928621199855115,1.3781934835449539e-06,1.2609923180094755e-05,30.211197866470936,134.1572384841429,20.0,1.0484802832281398e-06,1.9583349000207306e-06,6.109653221857483e-07,3.6177805054337514e-06,0.0,Germany,DEU,baden-wurttemberg,,,Linux-7.0.0-31-generic-x86_64-with-glibc2.43,3.14.4,3.3.0,24,Intel(R) Core(TM) Ultra 9 285K,1,1 x NVIDIA GeForce RTX 5090,9.2986,48.7383,60.81614303588867,machine,0.0,0.0,0.0,0.0,N
gradient_updates_99,2026-09-15T21:00:03,td3_HalfCheetah-v5_seed331,6bb30b05-42b8-4ff1-ad88-36414a4bcffe,2.0605750370013993,4.7464319331821936e-05,2.303472266026306e-05,30.219099355173782,134.33096453589263,20.0,1.6176661552429715e-05,9.697118868778887e-05,1.1446766722171238e-05,0.0001245946169623896,0.0,Germany,DEU,baden-wurttemberg,,,Linux-7.0.0-31-generic-x86_64-with-glibc2.43,3.14.4,3.3.0,24,Intel(R) Core(TM) Ultra 9 285K,1,1 x NVIDIA GeForce RTX 5090,9.2986,48.7383,60.81614303588867,machine,0.0,0.0,0.0,0.0,N
idle_baseline_tail,2026-09-15T21:01:33,td3_HalfCheetah-v5_seed331,6bb30b05-42b8-4ff1-ad88-36414a4bcffe,90.00344323999889,0.000683891295782427,7.5985019931278386e-06,30.20866735037944,133.85036908454862,20.0,0.0003879454673005704,0.0009072657258122341,0.0005000146784777623,0.001795225871590568,0.0,Germany,DEU,baden-wurttemberg,,,Linux-7.0.0-31-generic-x86_64-with-glibc2.43,3.14.4,3.3.0,24,Intel(R) Core(TM) Ultra 9 285K,1,1 x NVIDIA GeForce RTX 5090,9.2986,48.7383,60.81614303588867,machine,0.0,0.0,0.0,0.0,N
