task_name,timestamp,project_name,run_id,duration,emissions,emissions_rate,cpu_power,gpu_power,ram_power,cpu_energy,gpu_energy,ram_energy,energy_consumed,water_consumed,country_name,country_iso_code,region,cloud_provider,cloud_region,os,python_version,codecarbon_version,cpu_count,cpu_model,gpu_count,gpu_model,longitude,latitude,ram_total_size,tracking_mode,cpu_utilization_percent,gpu_utilization_percent,ram_utilization_percent,ram_used_gb,on_cloud
idle_baseline_head,2026-09-12T21:49:10,sac_Ant-v5_seed85062,4a5b87a5-bd62-475b-abc8-89df608da152,90.00336644899835,0.0006054514357247666,6.726986124939e-06,15.84111735341607,13.129740939249425,20.0,0.0003931893442734452,0.0006789913765259947,0.0005171392312277728,0.0015893199520272126,0.0,Germany,DEU,baden-wurttemberg,,,Linux-7.0.0-31-generic-x86_64-with-glibc2.43,3.14.4,3.3.0,24,Intel(R) Core(TM) Ultra 9 285K,1,1 x NVIDIA GeForce RTX 5090,9.2986,48.7383,60.816158294677734,machine,0.0,0.0,0.0,0.0,N
warmup_0,2026-09-12T21:49:11,sac_Ant-v5_seed85062,4a5b87a5-bd62-475b-abc8-89df608da152,0.6651138380002521,8.0939959946994e-06,1.2169196043046019e-05,22.831040948697265,28.081809599938442,20.0,6.828499629463192e-06,1.072167524401868e-05,3.696697405555587e-06,2.1246872279037567e-05,0.0,Germany,DEU,baden-wurttemberg,,,Linux-7.0.0-31-generic-x86_64-with-glibc2.43,3.14.4,3.3.0,24,Intel(R) Core(TM) Ultra 9 285K,1,1 x NVIDIA GeForce RTX 5090,9.2986,48.7383,60.816158294677734,machine,0.0,0.0,0.0,0.0,N
rollout_0,2026-09-12T21:49:11,sac_Ant-v5_seed85062,4a5b87a5-bd62-475b-abc8-89df608da152,0.4678683930014813,5.100318998935518e-06,1.0901263418708485e-05,25.440482939065205,33.47636705270131,20.0,4.342050418076893e-06,6.449449603984636e-06,2.5969210277758566e-06,1.3388421049837385e-05,0.0,Germany,DEU,baden-wurttemberg,,,Linux-7.0.0-31-generic-x86_64-with-glibc2.43,3.14.4,3.3.0,24,Intel(R) Core(TM) Ultra 9 285K,1,1 x NVIDIA GeForce RTX 5090,9.2986,48.7383,60.816158294677734,machine,0.0,0.0,0.0,0.0,N
gradient_updates_0,2026-09-12T21:49:16,sac_Ant-v5_seed85062,4a5b87a5-bd62-475b-abc8-89df608da152,4.432191423000404,5.0668755164808964e-05,1.14320371912343e-05,26.633213486890696,39.59781423229485,20.0,2.9493627483764828e-05,7.889172977998404e-05,2.4620956333334726e-05,0.0001330063135970836,0.0,Germany,DEU,baden-wurttemberg,,,Linux-7.0.0-31-generic-x86_64-with-glibc2.43,3.14.4,3.3.0,24,Intel(R) Core(TM) Ultra 9 285K,1,1 x NVIDIA GeForce RTX 5090,9.2986,48.7383,60.816158294677734,machine,0.0,0.0,0.0,0.0,N
rollout_1,2026-09-12T21:49:16,sac_Ant-v5_seed85062,4a5b87a5-bd62-475b-abc8-89df608da152,0.3628794429987465,3.692460152939967e-06,1.0175728313486968e-05,26.560362736576796,41.30602192011091,20.0,2.6551432352334148e-06,5.0227817960379895e-06,2.014843449999024e-06,9.69276848127032e-06,0.0,Germany,DEU,baden-wurttemberg,,,Linux-7.0.0-31-generic-x86_64-with-glibc2.43,3.14.4,3.3.0,24,Intel(R) Core(TM) Ultra 9 285K,1,1 x NVIDIA GeForce RTX 5090,9.2986,48.7383,60.816158294677734,machine,0.0,0.0,0.0,0.0,N
gradient_updates_1,2026-09-12T21:49:20,sac_Ant-v5_seed85062,4a5b87a5-bd62-475b-abc8-89df608da152,4.16642154299916,4.743710128867569e-05,1.1385599024833158e-05,26.447303691387788,44.48062053515529,20.0,2.7859397287499643e-05,7.35189477039655e-05,2.314482416111588e-05,0.0001245231691525809,0.0,Germany,DEU,baden-wurttemberg,,,Linux-7.0.0-31-generic-x86_64-with-glibc2.43,3.14.4,3.3.0,24,Intel(R) Core(TM) Ultra 9 285K,1,1 x NVIDIA GeForce RTX 5090,9.2986,48.7383,60.816158294677734,machine,0.0,0.0,0.0,0.0,N
rollout_2,2026-09-12T21:49:21,sac_Ant-v5_seed85062,4a5b87a5-bd62-475b-abc8-89df608da152,0.36188244500044675,4.332755100894801e-06,1.1971971703784023e-05,26.416368390114485,47.27349330666498,20.0,2.648429340959546e-06,6.715560928044484e-06,2.0095629555523737e-06,1.1373553224556512e-05,0.0,Germany,DEU,baden-wurttemberg,,,Linux-7.0.0-31-generic-x86_64-with-glibc2.43,3.14.4,3.3.0,24,Intel(R) Core(TM) Ultra 9 285K,1,1 x NVIDIA GeForce RTX 5090,9.2986,48.7383,60.816158294677734,machine,0.0,0.0,0.0,0.0,N
gradient_updates_2,2026-09-12T21:49:25,sac_Ant-v5_seed85062,4a5b87a5-bd62-475b-abc8-89df608da152,4.203261643000587,4.766201939080002e-05,1.1339320415817078e-05,26.3162767712269,49.17326749262247,20.0,2.6608178508760738e-05,7.515533790197759e-05,2.335006645000446e-05,0.0001251135828607428,0.0,Germany,DEU,baden-wurttemberg,,,Linux-7.0.0-31-generic-x86_64-with-glibc2.43,3.14.4,3.3.0,24,Intel(R) Core(TM) Ultra 9 285K,1,1 x NVIDIA GeForce RTX 5090,9.2986,48.7383,60.816158294677734,machine,0.0,0.0,0.0,0.0,N
rollout_3,2026-09-12T21:49:25,sac_Ant-v5_seed85062,4a5b87a5-bd62-475b-abc8-89df608da152,0.36471599799915566,4.328595324105174e-06,1.18682269391944e-05,26.314194677122856,50.83104057209864,20.0,2.6786418651225663e-06,6.658894215999522e-06,2.0250976611148807e-06,1.1362633742237078e-05,0.0,Germany,DEU,baden-wurttemberg,,,Linux-7.0.0-31-generic-x86_64-with-glibc2.43,3.14.4,3.3.0,24,Intel(R) Core(TM) Ultra 9 285K,1,1 x NVIDIA GeForce RTX 5090,9.2986,48.7383,60.816158294677734,machine,0.0,0.0,0.0,0.0,N
gradient_updates_3,2026-09-12T21:49:29,sac_Ant-v5_seed85062,4a5b87a5-bd62-475b-abc8-89df608da152,4.159008265000011,4.757080091485444e-05,1.1438038262123987e-05,26.278170156762737,51.998055673728146,20.0,2.821302757040345e-05,7.355561439997826e-05,2.3105490894441676e-05,0.0001248741328648234,0.0,Germany,DEU,baden-wurttemberg,,,Linux-7.0.0-31-generic-x86_64-with-glibc2.43,3.14.4,3.3.0,24,Intel(R) Core(TM) Ultra 9 285K,1,1 x NVIDIA GeForce RTX 5090,9.2986,48.7383,60.816158294677734,machine,0.0,0.0,0.0,0.0,N
rollout_4,2026-09-12T21:49:30,sac_Ant-v5_seed85062,4a5b87a5-bd62-475b-abc8-89df608da152,0.3648912520002341,4.362359795829899e-06,1.1954982563978411e-05,26.235216119980056,53.25637747965556,20.0,2.6258296006581583e-06,6.799172106025653e-06,2.0262643277823428e-06,1.1451266034466154e-05,0.0,Germany,DEU,baden-wurttemberg,,,Linux-7.0.0-31-generic-x86_64-with-glibc2.43,3.14.4,3.3.0,24,Intel(R) Core(TM) Ultra 9 285K,1,1 x NVIDIA GeForce RTX 5090,9.2986,48.7383,60.816158294677734,machine,0.0,0.0,0.0,0.0,N
gradient_updates_4,2026-09-12T21:49:34,sac_Ant-v5_seed85062,4a5b87a5-bd62-475b-abc8-89df608da152,4.255424285000117,4.830997904092067e-05,1.135258941089747e-05,26.16442597323383,54.06369018081075,20.0,2.781960558899399e-05,7.535506028397143e-05,2.363982169999873e-05,0.00012681448757296404,0.0,Germany,DEU,baden-wurttemberg,,,Linux-7.0.0-31-generic-x86_64-with-glibc2.43,3.14.4,3.3.0,24,Intel(R) Core(TM) Ultra 9 285K,1,1 x NVIDIA GeForce RTX 5090,9.2986,48.7383,60.816158294677734,machine,0.0,0.0,0.0,0.0,N
rollout_5,2026-09-12T21:49:34,sac_Ant-v5_seed85062,4a5b87a5-bd62-475b-abc8-89df608da152,0.3648144469989347,4.364697324137534e-06,1.196407764811497e-05,26.143468851584764,54.994803600001255,20.0,2.6360190532592753e-06,6.796116548024589e-06,2.025266483340394e-06,1.145740208462415e-05,0.0,Germany,DEU,baden-wurttemberg,,,Linux-7.0.0-31-generic-x86_64-with-glibc2.43,3.14.4,3.3.0,24,Intel(R) Core(TM) Ultra 9 285K,1,1 x NVIDIA GeForce RTX 5090,9.2986,48.7383,60.816158294677734,machine,0.0,0.0,0.0,0.0,N
gradient_updates_5,2026-09-12T21:49:39,sac_Ant-v5_seed85062,4a5b87a5-bd62-475b-abc8-89df608da152,4.145399482000357,4.914539140847421e-05,1.1855423401266993e-05,26.127797739307717,55.72398026355954,20.0,3.002956624585662e-05,7.59420051980042e-05,2.3035887300001294e-05,0.0001290074587438619,0.0,Germany,DEU,baden-wurttemberg,,,Linux-7.0.0-31-generic-x86_64-with-glibc2.43,3.14.4,3.3.0,24,Intel(R) Core(TM) Ultra 9 285K,1,1 x NVIDIA GeForce RTX 5090,9.2986,48.7383,60.816158294677734,machine,0.0,0.0,0.0,0.0,N
rollout_6,2026-09-12T21:49:39,sac_Ant-v5_seed85062,4a5b87a5-bd62-475b-abc8-89df608da152,0.35003779900034715,3.9374861916173206e-06,1.1248006350952692e-05,26.64934534007834,55.470148880384826,20.0,3.371016585693165e-06,5.0213929059794715e-06,1.9435563611094366e-06,1.0335965852782073e-05,0.0,Germany,DEU,baden-wurttemberg,,,Linux-7.0.0-31-generic-x86_64-with-glibc2.43,3.14.4,3.3.0,24,Intel(R) Core(TM) Ultra 9 285K,1,1 x NVIDIA GeForce RTX 5090,9.2986,48.7383,60.816158294677734,machine,0.0,0.0,0.0,0.0,N
gradient_updates_6,2026-09-12T21:49:43,sac_Ant-v5_seed85062,4a5b87a5-bd62-475b-abc8-89df608da152,4.139535985999828,4.89885638353453e-05,1.1834329292726654e-05,27.00889097607857,56.084319573619496,20.0,2.981680802009723e-05,7.57836717379945e-05,2.2995304033338482e-05,0.0001285957837914302,0.0,Germany,DEU,baden-wurttemberg,,,Linux-7.0.0-31-generic-x86_64-with-glibc2.43,3.14.4,3.3.0,24,Intel(R) Core(TM) Ultra 9 285K,1,1 x NVIDIA GeForce RTX 5090,9.2986,48.7383,60.816158294677734,machine,0.0,0.0,0.0,0.0,N
rollout_7,2026-09-12T21:49:43,sac_Ant-v5_seed85062,4a5b87a5-bd62-475b-abc8-89df608da152,0.3452338620008959,3.880004790138064e-06,1.1238643394238646e-05,27.362624206254466,55.893128046691814,20.0,3.21992090927814e-06,5.047781816008845e-06,1.917373505552376e-06,1.0185076230839144e-05,0.0,Germany,DEU,baden-wurttemberg,,,Linux-7.0.0-31-generic-x86_64-with-glibc2.43,3.14.4,3.3.0,24,Intel(R) Core(TM) Ultra 9 285K,1,1 x NVIDIA GeForce RTX 5090,9.2986,48.7383,60.816158294677734,machine,0.0,0.0,0.0,0.0,N
gradient_updates_7,2026-09-12T21:49:48,sac_Ant-v5_seed85062,4a5b87a5-bd62-475b-abc8-89df608da152,4.152605383000264,4.908435142009617e-05,1.1820145999154495e-05,27.59850235084865,56.42380533927698,20.0,2.9678936798685496e-05,7.609978310202381e-05,2.3068507872216724e-05,0.00012884722777292603,0.0,Germany,DEU,baden-wurttemberg,,,Linux-7.0.0-31-generic-x86_64-with-glibc2.43,3.14.4,3.3.0,24,Intel(R) Core(TM) Ultra 9 285K,1,1 x NVIDIA GeForce RTX 5090,9.2986,48.7383,60.816158294677734,machine,0.0,0.0,0.0,0.0,N
rollout_8,2026-09-12T21:49:48,sac_Ant-v5_seed85062,4a5b87a5-bd62-475b-abc8-89df608da152,0.3465492600007565,3.880150867681138e-06,1.1196458475369375e-05,27.893752586671752,56.20974499037362,20.0,3.2437756505715454e-06,5.017504013993257e-06,1.92418002222135e-06,1.018545968678626e-05,0.0,Germany,DEU,baden-wurttemberg,,,Linux-7.0.0-31-generic-x86_64-with-glibc2.43,3.14.4,3.3.0,24,Intel(R) Core(TM) Ultra 9 285K,1,1 x NVIDIA GeForce RTX 5090,9.2986,48.7383,60.816158294677734,machine,0.0,0.0,0.0,0.0,N
gradient_updates_8,2026-09-12T21:49:52,sac_Ant-v5_seed85062,4a5b87a5-bd62-475b-abc8-89df608da152,4.153492417999587,4.89664440146084e-05,1.1789244062908038e-05,28.087180931383024,56.65860914869462,20.0,2.9740276847753377e-05,7.572394946800398e-05,2.307349258333282e-05,0.00012853771889909018,0.0,Germany,DEU,baden-wurttemberg,,,Linux-7.0.0-31-generic-x86_64-with-glibc2.43,3.14.4,3.3.0,24,Intel(R) Core(TM) Ultra 9 285K,1,1 x NVIDIA GeForce RTX 5090,9.2986,48.7383,60.816158294677734,machine,0.0,0.0,0.0,0.0,N
rollout_9,2026-09-12T21:49:52,sac_Ant-v5_seed85062,4a5b87a5-bd62-475b-abc8-89df608da152,0.3435859259989229,3.884791387082824e-06,1.1306388137085887e-05,28.349721777824985,56.48405402426862,20.0,3.2507603783815675e-06,5.0391706979679984e-06,1.9077100499999104e-06,1.0197641126349476e-05,0.0,Germany,DEU,baden-wurttemberg,,,Linux-7.0.0-31-generic-x86_64-with-glibc2.43,3.14.4,3.3.0,24,Intel(R) Core(TM) Ultra 9 285K,1,1 x NVIDIA GeForce RTX 5090,9.2986,48.7383,60.816158294677734,machine,0.0,0.0,0.0,0.0,N
gradient_updates_9,2026-09-12T21:49:57,sac_Ant-v5_seed85062,4a5b87a5-bd62-475b-abc8-89df608da152,4.164072149000276,4.910908400025801e-05,1.1793539387133412e-05,28.517760564527016,56.8899936350826,20.0,2.9649233163814293e-05,7.61306164600295e-05,2.3132301577778844e-05,0.00012891215120162253,0.0,Germany,DEU,baden-wurttemberg,,,Linux-7.0.0-31-generic-x86_64-with-glibc2.43,3.14.4,3.3.0,24,Intel(R) Core(TM) Ultra 9 285K,1,1 x NVIDIA GeForce RTX 5090,9.2986,48.7383,60.816158294677734,machine,0.0,0.0,0.0,0.0,N
rollout_10,2026-09-12T21:49:57,sac_Ant-v5_seed85062,4a5b87a5-bd62-475b-abc8-89df608da152,0.3499173439995502,3.964127092272651e-06,1.1327952344404827e-05,28.746220556650837,56.72403559230974,20.0,3.323697381180102e-06,5.1397263340080546e-06,1.9424749388943134e-06,1.0405898654082361e-05,0.0,Germany,DEU,baden-wurttemberg,,,Linux-7.0.0-31-generic-x86_64-with-glibc2.43,3.14.4,3.3.0,24,Intel(R) Core(TM) Ultra 9 285K,1,1 x NVIDIA GeForce RTX 5090,9.2986,48.7383,60.816158294677734,machine,0.0,0.0,0.0,0.0,N
gradient_updates_10,2026-09-12T21:50:01,sac_Ant-v5_seed85062,4a5b87a5-bd62-475b-abc8-89df608da152,4.001672413000051,4.699167476772078e-05,1.1743019210738915e-05,28.86623058218171,57.09437222427493,20.0,2.7784917505699336e-05,7.33395031159989e-05,2.2229496605551623e-05,0.00012335391722724997,0.0,Germany,DEU,baden-wurttemberg,,,Linux-7.0.0-31-generic-x86_64-with-glibc2.43,3.14.4,3.3.0,24,Intel(R) Core(TM) Ultra 9 285K,1,1 x NVIDIA GeForce RTX 5090,9.2986,48.7383,60.816158294677734,machine,0.0,0.0,0.0,0.0,N
rollout_11,2026-09-12T21:50:01,sac_Ant-v5_seed85062,4a5b87a5-bd62-475b-abc8-89df608da152,0.34764927699870896,4.567006974024899e-06,1.3136820228273694e-05,29.059404514692645,57.59236902037579,20.0,3.292891800982245e-06,6.7644498559782384e-06,1.931126577781289e-06,1.198846823474188e-05,0.0,Germany,DEU,baden-wurttemberg,,,Linux-7.0.0-31-generic-x86_64-with-glibc2.43,3.14.4,3.3.0,24,Intel(R) Core(TM) Ultra 9 285K,1,1 x NVIDIA GeForce RTX 5090,9.2986,48.7383,60.816158294677734,machine,0.0,0.0,0.0,0.0,N
gradient_updates_11,2026-09-12T21:50:05,sac_Ant-v5_seed85062,4a5b87a5-bd62-475b-abc8-89df608da152,3.8991887510001106,4.5269341862385314e-05,1.160996603529456e-05,29.144421201391847,57.90212286157203,20.0,2.574031114778441e-05,7.143227936798335e-05,2.1660174577775473e-05,0.00011883276509354335,0.0,Germany,DEU,baden-wurttemberg,,,Linux-7.0.0-31-generic-x86_64-with-glibc2.43,3.14.4,3.3.0,24,Intel(R) Core(TM) Ultra 9 285K,1,1 x NVIDIA GeForce RTX 5090,9.2986,48.7383,60.816158294677734,machine,0.0,0.0,0.0,0.0,N
rollout_12,2026-09-12T21:50:06,sac_Ant-v5_seed85062,4a5b87a5-bd62-475b-abc8-89df608da152,0.3545746069994493,3.717135592298977e-06,1.048328996559668e-05,29.074771091897475,57.68250122944876,20.0,2.6935785437387505e-06,5.0952818540228595e-06,1.9686815166601417e-06,9.757541914421752e-06,0.0,Germany,DEU,baden-wurttemberg,,,Linux-7.0.0-31-generic-x86_64-with-glibc2.43,3.14.4,3.3.0,24,Intel(R) Core(TM) Ultra 9 285K,1,1 x NVIDIA GeForce RTX 5090,9.2986,48.7383,60.816158294677734,machine,0.0,0.0,0.0,0.0,N
gradient_updates_12,2026-09-12T21:50:09,sac_Ant-v5_seed85062,4a5b87a5-bd62-475b-abc8-89df608da152,3.858736639000199,4.6052168493936453e-05,1.1934543589014621e-05,28.9993920826561,57.99691062689041,20.0,2.785368367180796e-05,7.15981128339982e-05,2.143590133888817e-05,0.00012088769784469443,0.0,Germany,DEU,baden-wurttemberg,,,Linux-7.0.0-31-generic-x86_64-with-glibc2.43,3.14.4,3.3.0,24,Intel(R) Core(TM) Ultra 9 285K,1,1 x NVIDIA GeForce RTX 5090,9.2986,48.7383,60.816158294677734,machine,0.0,0.0,0.0,0.0,N
rollout_13,2026-09-12T21:50:10,sac_Ant-v5_seed85062,4a5b87a5-bd62-475b-abc8-89df608da152,0.34231665799961775,3.92868093836889e-06,1.1476656564919127e-05,29.173839854221317,57.86543421170354,20.0,3.2740387303359375e-06,5.138059665982242e-06,1.9007535222246436e-06,1.0312851918542823e-05,0.0,Germany,DEU,baden-wurttemberg,,,Linux-7.0.0-31-generic-x86_64-with-glibc2.43,3.14.4,3.3.0,24,Intel(R) Core(TM) Ultra 9 285K,1,1 x NVIDIA GeForce RTX 5090,9.2986,48.7383,60.816158294677734,machine,0.0,0.0,0.0,0.0,N
gradient_updates_13,2026-09-12T21:50:14,sac_Ant-v5_seed85062,4a5b87a5-bd62-475b-abc8-89df608da152,3.849009837000267,4.6274970405185906e-05,1.2022584848935827e-05,29.274763770687606,58.163138401427,20.0,2.8359681298828487e-05,7.1731168496042e-05,2.138170672222057e-05,0.00012147255651709116,0.0,Germany,DEU,baden-wurttemberg,,,Linux-7.0.0-31-generic-x86_64-with-glibc2.43,3.14.4,3.3.0,24,Intel(R) Core(TM) Ultra 9 285K,1,1 x NVIDIA GeForce RTX 5090,9.2986,48.7383,60.816158294677734,machine,0.0,0.0,0.0,0.0,N
rollout_14,2026-09-12T21:50:14,sac_Ant-v5_seed85062,4a5b87a5-bd62-475b-abc8-89df608da152,0.3385430599992105,3.91271608362752e-06,1.1556808314512943e-05,29.43848854432603,58.04969855399935,20.0,3.2648153896197574e-06,5.126392989968087e-06,1.8797355333339877e-06,1.027094391292194e-05,0.0,Germany,DEU,baden-wurttemberg,,,Linux-7.0.0-31-generic-x86_64-with-glibc2.43,3.14.4,3.3.0,24,Intel(R) Core(TM) Ultra 9 285K,1,1 x NVIDIA GeForce RTX 5090,9.2986,48.7383,60.816158294677734,machine,0.0,0.0,0.0,0.0,N
gradient_updates_14,2026-09-12T21:50:18,sac_Ant-v5_seed85062,4a5b87a5-bd62-475b-abc8-89df608da152,3.8409221269994305,4.6037523090712096e-05,1.1986077000433475e-05,29.527727638246805,58.32906345637674,20.0,2.7745363307379867e-05,7.17670018580141e-05,2.1336888255559113e-05,0.00012084925342095319,0.0,Germany,DEU,baden-wurttemberg,,,Linux-7.0.0-31-generic-x86_64-with-glibc2.43,3.14.4,3.3.0,24,Intel(R) Core(TM) Ultra 9 285K,1,1 x NVIDIA GeForce RTX 5090,9.2986,48.7383,60.816158294677734,machine,0.0,0.0,0.0,0.0,N
rollout_15,2026-09-12T21:50:18,sac_Ant-v5_seed85062,4a5b87a5-bd62-475b-abc8-89df608da152,0.3404626299998199,3.898482693374863e-06,1.1450173456496202e-05,29.660341352541163,58.20157375184907,20.0,3.238028145974292e-06,5.1050040840161515e-06,1.8905487999998534e-06,1.0233581029990297e-05,0.0,Germany,DEU,baden-wurttemberg,,,Linux-7.0.0-31-generic-x86_64-with-glibc2.43,3.14.4,3.3.0,24,Intel(R) Core(TM) Ultra 9 285K,1,1 x NVIDIA GeForce RTX 5090,9.2986,48.7383,60.816158294677734,machine,0.0,0.0,0.0,0.0,N
gradient_updates_15,2026-09-12T21:50:22,sac_Ant-v5_seed85062,4a5b87a5-bd62-475b-abc8-89df608da152,3.842277017000015,4.611130888522029e-05,1.2001057146062644e-05,29.72849598306541,58.462359125130625,20.0,2.7842120884788435e-05,7.185644637397459e-05,2.1344375083329702e-05,0.00012104294234209284,0.0,Germany,DEU,baden-wurttemberg,,,Linux-7.0.0-31-generic-x86_64-with-glibc2.43,3.14.4,3.3.0,24,Intel(R) Core(TM) Ultra 9 285K,1,1 x NVIDIA GeForce RTX 5090,9.2986,48.7383,60.816158294677734,machine,0.0,0.0,0.0,0.0,N
rollout_16,2026-09-12T21:50:22,sac_Ant-v5_seed85062,4a5b87a5-bd62-475b-abc8-89df608da152,0.34367847200155666,3.9247438269891365e-06,1.1419642845985452e-05,29.856704614574944,58.30899613412969,20.0,3.3118126494535716e-06,5.074170726010463e-06,1.9165335611129623e-06,1.0302516936577105e-05,0.0,Germany,DEU,baden-wurttemberg,,,Linux-7.0.0-31-generic-x86_64-with-glibc2.43,3.14.4,3.3.0,24,Intel(R) Core(TM) Ultra 9 285K,1,1 x NVIDIA GeForce RTX 5090,9.2986,48.7383,60.816158294677734,machine,0.0,0.0,0.0,0.0,N
gradient_updates_16,2026-09-12T21:50:26,sac_Ant-v5_seed85062,4a5b87a5-bd62-475b-abc8-89df608da152,3.887180259998786,4.582020107938667e-05,1.1787550545808077e-05,29.91527607864575,58.525552814076576,20.0,2.707665666130954e-05,7.160839062000934e-05,2.1593732294443056e-05,0.00012027877957576216,0.0,Germany,DEU,baden-wurttemberg,,,Linux-7.0.0-31-generic-x86_64-with-glibc2.43,3.14.4,3.3.0,24,Intel(R) Core(TM) Ultra 9 285K,1,1 x NVIDIA GeForce RTX 5090,9.2986,48.7383,60.816158294677734,machine,0.0,0.0,0.0,0.0,N
rollout_17,2026-09-12T21:50:27,sac_Ant-v5_seed85062,4a5b87a5-bd62-475b-abc8-89df608da152,0.35398718699980236,4.347449121147855e-06,1.2281521488897171e-05,29.82895627381943,58.80999271140676,20.0,2.633509606803086e-06,6.81361656199031e-06,1.9649991000026236e-06,1.1412125268795911e-05,0.0,Germany,DEU,baden-wurttemberg,,,Linux-7.0.0-31-generic-x86_64-with-glibc2.43,3.14.4,3.3.0,24,Intel(R) Core(TM) Ultra 9 285K,1,1 x NVIDIA GeForce RTX 5090,9.2986,48.7383,60.816158294677734,machine,0.0,0.0,0.0,0.0,N
gradient_updates_17,2026-09-12T21:50:30,sac_Ant-v5_seed85062,4a5b87a5-bd62-475b-abc8-89df608da152,3.8508536290009943,4.5625578842972995e-05,1.1848189946375175e-05,29.74439082596329,58.98765201301491,20.0,2.8059626058785092e-05,7.031672292001634e-05,2.1391544033334277e-05,0.00011976789301213538,0.0,Germany,DEU,baden-wurttemberg,,,Linux-7.0.0-31-generic-x86_64-with-glibc2.43,3.14.4,3.3.0,24,Intel(R) Core(TM) Ultra 9 285K,1,1 x NVIDIA GeForce RTX 5090,9.2986,48.7383,60.816158294677734,machine,0.0,0.0,0.0,0.0,N
rollout_18,2026-09-12T21:50:31,sac_Ant-v5_seed85062,4a5b87a5-bd62-475b-abc8-89df608da152,0.3408520779994433,4.553747667591923e-06,1.3358970917055331e-05,29.83173230585719,59.33453081236017,20.0,3.1653625322952683e-06,6.895838849968472e-06,1.8924609555546253e-06,1.1953662337818582e-05,0.0,Germany,DEU,baden-wurttemberg,,,Linux-7.0.0-31-generic-x86_64-with-glibc2.43,3.14.4,3.3.0,24,Intel(R) Core(TM) Ultra 9 285K,1,1 x NVIDIA GeForce RTX 5090,9.2986,48.7383,60.816158294677734,machine,0.0,0.0,0.0,0.0,N
gradient_updates_18,2026-09-12T21:50:35,sac_Ant-v5_seed85062,4a5b87a5-bd62-475b-abc8-89df608da152,3.8964625500011607,4.528770088440344e-05,1.1622799568905729e-05,29.85551582987691,59.50482933552603,20.0,2.546246620328818e-05,7.177339075203903e-05,2.1645100872218605e-05,0.0001188809578275456,0.0,Germany,DEU,baden-wurttemberg,,,Linux-7.0.0-31-generic-x86_64-with-glibc2.43,3.14.4,3.3.0,24,Intel(R) Core(TM) Ultra 9 285K,1,1 x NVIDIA GeForce RTX 5090,9.2986,48.7383,60.816158294677734,machine,0.0,0.0,0.0,0.0,N
rollout_19,2026-09-12T21:50:35,sac_Ant-v5_seed85062,4a5b87a5-bd62-475b-abc8-89df608da152,0.34968128400032583,3.6964414889368528e-06,1.0570644353936204e-05,29.792550124846798,59.33926706388018,20.0,2.658398237834203e-06,5.103059637967533e-06,1.9417616777799712e-06,9.703219553581707e-06,0.0,Germany,DEU,baden-wurttemberg,,,Linux-7.0.0-31-generic-x86_64-with-glibc2.43,3.14.4,3.3.0,24,Intel(R) Core(TM) Ultra 9 285K,1,1 x NVIDIA GeForce RTX 5090,9.2986,48.7383,60.816158294677734,machine,0.0,0.0,0.0,0.0,N
gradient_updates_19,2026-09-12T21:50:39,sac_Ant-v5_seed85062,4a5b87a5-bd62-475b-abc8-89df608da152,3.834018735000427,4.555256142794984e-05,1.1881178761763664e-05,29.72797624493123,59.49038066246593,20.0,2.8163571975284296e-05,7.011394498002144e-05,2.1298704144444682e-05,0.0001195762210997502,0.0,Germany,DEU,baden-wurttemberg,,,Linux-7.0.0-31-generic-x86_64-with-glibc2.43,3.14.4,3.3.0,24,Intel(R) Core(TM) Ultra 9 285K,1,1 x NVIDIA GeForce RTX 5090,9.2986,48.7383,60.816158294677734,machine,0.0,0.0,0.0,0.0,N
rollout_20,2026-09-12T21:50:39,sac_Ant-v5_seed85062,4a5b87a5-bd62-475b-abc8-89df608da152,0.35002953100047307,4.011462470068696e-06,1.1460279931071692e-05,29.83998059156929,59.353999269213794,20.0,3.388971044515632e-06,5.198059713995562e-06,1.943124038886494e-06,1.0530154797397905e-05,0.0,Germany,DEU,baden-wurttemberg,,,Linux-7.0.0-31-generic-x86_64-with-glibc2.43,3.14.4,3.3.0,24,Intel(R) Core(TM) Ultra 9 285K,1,1 x NVIDIA GeForce RTX 5090,9.2986,48.7383,60.816158294677734,machine,0.0,0.0,0.0,0.0,N
gradient_updates_20,2026-09-12T21:50:43,sac_Ant-v5_seed85062,4a5b87a5-bd62-475b-abc8-89df608da152,3.9273220590002893,4.636902603729655e-05,1.1806809226733949e-05,29.895889184127455,59.504189772378794,20.0,2.7783645838011517e-05,7.211922436203833e-05,2.1816583894441284e-05,0.00012171945409449134,0.0,Germany,DEU,baden-wurttemberg,,,Linux-7.0.0-31-generic-x86_64-with-glibc2.43,3.14.4,3.3.0,24,Intel(R) Core(TM) Ultra 9 285K,1,1 x NVIDIA GeForce RTX 5090,9.2986,48.7383,60.816158294677734,machine,0.0,0.0,0.0,0.0,N
rollout_21,2026-09-12T21:50:43,sac_Ant-v5_seed85062,4a5b87a5-bd62-475b-abc8-89df608da152,0.3449267840005632,4.581068638399898e-06,1.3281012971047746e-05,29.98176282753807,59.75840455633322,20.0,3.2697153935501433e-06,6.8358388019829075e-06,1.9198261388940225e-06,1.2025380334426856e-05,0.0,Germany,DEU,baden-wurttemberg,,,Linux-7.0.0-31-generic-x86_64-with-glibc2.43,3.14.4,3.3.0,24,Intel(R) Core(TM) Ultra 9 285K,1,1 x NVIDIA GeForce RTX 5090,9.2986,48.7383,60.816158294677734,machine,0.0,0.0,0.0,0.0,N
gradient_updates_21,2026-09-12T21:50:47,sac_Ant-v5_seed85062,4a5b87a5-bd62-475b-abc8-89df608da152,3.87634642500052,4.5725983143663634e-05,1.179620486428711e-05,30.016393910700373,59.90333269428853,20.0,2.6824242848264013e-05,7.167422400600199e-05,2.1532989094450545e-05,0.00012003145594871676,0.0,Germany,DEU,baden-wurttemberg,,,Linux-7.0.0-31-generic-x86_64-with-glibc2.43,3.14.4,3.3.0,24,Intel(R) Core(TM) Ultra 9 285K,1,1 x NVIDIA GeForce RTX 5090,9.2986,48.7383,60.816158294677734,machine,0.0,0.0,0.0,0.0,N
rollout_22,2026-09-12T21:50:48,sac_Ant-v5_seed85062,4a5b87a5-bd62-475b-abc8-89df608da152,0.3409948129992699,3.890761881659424e-06,1.1409403919626115e-05,30.09923006212459,59.773296538659594,20.0,3.2387739799105697e-06,5.081115175997741e-06,1.8934246166584477e-06,1.0213313772567192e-05,0.0,Germany,DEU,baden-wurttemberg,,,Linux-7.0.0-31-generic-x86_64-with-glibc2.43,3.14.4,3.3.0,24,Intel(R) Core(TM) Ultra 9 285K,1,1 x NVIDIA GeForce RTX 5090,9.2986,48.7383,60.816158294677734,machine,0.0,0.0,0.0,0.0,N
gradient_updates_22,2026-09-12T21:50:52,sac_Ant-v5_seed85062,4a5b87a5-bd62-475b-abc8-89df608da152,3.8351424039992708,4.52239653989852e-05,1.179200687875603e-05,30.13759585950396,59.88991978119276,20.0,2.7647537951341894e-05,6.97614446979744e-05,2.1304668483339414e-05,0.00011871365113265593,0.0,Germany,DEU,baden-wurttemberg,,,Linux-7.0.0-31-generic-x86_64-with-glibc2.43,3.14.4,3.3.0,24,Intel(R) Core(TM) Ultra 9 285K,1,1 x NVIDIA GeForce RTX 5090,9.2986,48.7383,60.816158294677734,machine,0.0,0.0,0.0,0.0,N
rollout_23,2026-09-12T21:50:52,sac_Ant-v5_seed85062,4a5b87a5-bd62-475b-abc8-89df608da152,0.34302354200008267,4.574562653072165e-06,1.3335791706205386e-05,30.211317094287686,60.132803925480346,20.0,3.2418937046252427e-06,6.8616721560221805e-06,1.9047361555547555e-06,1.2008302016201962e-05,0.0,Germany,DEU,baden-wurttemberg,,,Linux-7.0.0-31-generic-x86_64-with-glibc2.43,3.14.4,3.3.0,24,Intel(R) Core(TM) Ultra 9 285K,1,1 x NVIDIA GeForce RTX 5090,9.2986,48.7383,60.816158294677734,machine,0.0,0.0,0.0,0.0,N
gradient_updates_23,2026-09-12T21:50:56,sac_Ant-v5_seed85062,4a5b87a5-bd62-475b-abc8-89df608da152,3.83459234700058,4.544536047067422e-05,1.185146492185784e-05,30.244513800201556,60.24477883121537,20.0,2.7864347847017523e-05,7.0129222769999e-05,2.130124621110862e-05,0.00011929481682812493,0.0,Germany,DEU,baden-wurttemberg,,,Linux-7.0.0-31-generic-x86_64-with-glibc2.43,3.14.4,3.3.0,24,Intel(R) Core(TM) Ultra 9 285K,1,1 x NVIDIA GeForce RTX 5090,9.2986,48.7383,60.816158294677734,machine,0.0,0.0,0.0,0.0,N
rollout_24,2026-09-12T21:50:56,sac_Ant-v5_seed85062,4a5b87a5-bd62-475b-abc8-89df608da152,0.3469596459999593,4.592272662053186e-06,1.3235332920705097e-05,30.31010449708731,60.456638972014225,20.0,3.2623742765580666e-06,6.865838826003445e-06,1.926577977772164e-06,1.205479108033411e-05,0.0,Germany,DEU,baden-wurttemberg,,,Linux-7.0.0-31-generic-x86_64-with-glibc2.43,3.14.4,3.3.0,24,Intel(R) Core(TM) Ultra 9 285K,1,1 x NVIDIA GeForce RTX 5090,9.2986,48.7383,60.816158294677734,machine,0.0,0.0,0.0,0.0,N
gradient_updates_24,2026-09-12T21:51:00,sac_Ant-v5_seed85062,4a5b87a5-bd62-475b-abc8-89df608da152,3.9244375500002207,4.516307391459317e-05,1.1508188843865303e-05,30.32244508341667,60.55801667040024,20.0,2.4972235811118737e-05,7.177561297599944e-05,2.1805961200000844e-05,0.00011855380998711945,0.0,Germany,DEU,baden-wurttemberg,,,Linux-7.0.0-31-generic-x86_64-with-glibc2.43,3.14.4,3.3.0,24,Intel(R) Core(TM) Ultra 9 285K,1,1 x NVIDIA GeForce RTX 5090,9.2986,48.7383,60.816158294677734,machine,0.0,0.0,0.0,0.0,N
rollout_25,2026-09-12T21:51:00,sac_Ant-v5_seed85062,4a5b87a5-bd62-475b-abc8-89df608da152,0.3548293260009814,4.397436713592974e-06,1.2392844844648932e-05,30.260506570810165,60.732507201299754,20.0,2.674962695528582e-06,6.8975055179942846e-06,1.9708753055561277e-06,1.1543343519078778e-05,0.0,Germany,DEU,baden-wurttemberg,,,Linux-7.0.0-31-generic-x86_64-with-glibc2.43,3.14.4,3.3.0,24,Intel(R) Core(TM) Ultra 9 285K,1,1 x NVIDIA GeForce RTX 5090,9.2986,48.7383,60.816158294677734,machine,0.0,0.0,0.0,0.0,N
gradient_updates_25,2026-09-12T21:51:04,sac_Ant-v5_seed85062,4a5b87a5-bd62-475b-abc8-89df608da152,3.8715223750004952,4.5311145463267435e-05,1.1703719131712366e-05,30.192788910371668,60.817029163301456,20.0,2.7126315589917627e-05,7.03092229140112e-05,2.1506961727775237e-05,0.00011894250023170364,0.0,Germany,DEU,baden-wurttemberg,,,Linux-7.0.0-31-generic-x86_64-with-glibc2.43,3.14.4,3.3.0,24,Intel(R) Core(TM) Ultra 9 285K,1,1 x NVIDIA GeForce RTX 5090,9.2986,48.7383,60.816158294677734,machine,0.0,0.0,0.0,0.0,N
rollout_26,2026-09-12T21:51:05,sac_Ant-v5_seed85062,4a5b87a5-bd62-475b-abc8-89df608da152,0.3404545079993113,4.592596245410561e-06,1.3488645748281248e-05,30.262016616305313,61.028654574978205,20.0,3.2555248266341597e-06,6.901116631985449e-06,1.8989990333364865e-06,1.2055640491955878e-05,0.0,Germany,DEU,baden-wurttemberg,,,Linux-7.0.0-31-generic-x86_64-with-glibc2.43,3.14.4,3.3.0,24,Intel(R) Core(TM) Ultra 9 285K,1,1 x NVIDIA GeForce RTX 5090,9.2986,48.7383,60.816158294677734,machine,0.0,0.0,0.0,0.0,N
gradient_updates_26,2026-09-12T21:51:09,sac_Ant-v5_seed85062,4a5b87a5-bd62-475b-abc8-89df608da152,4.040671607001059,4.787045127512316e-05,1.1847173141584652e-05,30.301162707631395,61.11165068318934,20.0,2.9408687138035572e-05,7.380533682199708e-05,2.244669601666636e-05,0.00012566071997669858,0.0,Germany,DEU,baden-wurttemberg,,,Linux-7.0.0-31-generic-x86_64-with-glibc2.43,3.14.4,3.3.0,24,Intel(R) Core(TM) Ultra 9 285K,1,1 x NVIDIA GeForce RTX 5090,9.2986,48.7383,60.816158294677734,machine,0.0,0.0,0.0,0.0,N
rollout_27,2026-09-12T21:51:09,sac_Ant-v5_seed85062,4a5b87a5-bd62-475b-abc8-89df608da152,0.3451084730004368,4.611777714527178e-06,1.3362990580098701e-05,30.366035762011187,61.30059213176183,20.0,3.2844315164259896e-06,6.9055610799895195e-06,1.9159995666693554e-06,1.210599216308443e-05,0.0,Germany,DEU,baden-wurttemberg,,,Linux-7.0.0-31-generic-x86_64-with-glibc2.43,3.14.4,3.3.0,24,Intel(R) Core(TM) Ultra 9 285K,1,1 x NVIDIA GeForce RTX 5090,9.2986,48.7383,60.816158294677734,machine,0.0,0.0,0.0,0.0,N
gradient_updates_27,2026-09-12T21:51:13,sac_Ant-v5_seed85062,4a5b87a5-bd62-475b-abc8-89df608da152,4.150916526999936,4.859811451747749e-05,1.1707851020875589e-05,30.398590307732764,61.37099221049858,20.0,2.904520656947518e-05,7.546672704003554e-05,2.3058914316667796e-05,0.00012757084792617852,0.0,Germany,DEU,baden-wurttemberg,,,Linux-7.0.0-31-generic-x86_64-with-glibc2.43,3.14.4,3.3.0,24,Intel(R) Core(TM) Ultra 9 285K,1,1 x NVIDIA GeForce RTX 5090,9.2986,48.7383,60.816158294677734,machine,0.0,0.0,0.0,0.0,N
rollout_28,2026-09-12T21:51:13,sac_Ant-v5_seed85062,4a5b87a5-bd62-475b-abc8-89df608da152,0.35495743800129276,4.385581065920619e-06,1.2355063329374157e-05,30.33448209187586,61.51596583998163,20.0,2.6331876620960815e-06,6.907783304005433e-06,1.971251283329348e-06,1.1512222249430645e-05,0.0,Germany,DEU,baden-wurttemberg,,,Linux-7.0.0-31-generic-x86_64-with-glibc2.43,3.14.4,3.3.0,24,Intel(R) Core(TM) Ultra 9 285K,1,1 x NVIDIA GeForce RTX 5090,9.2986,48.7383,60.816158294677734,machine,0.0,0.0,0.0,0.0,N
gradient_updates_28,2026-09-12T21:51:18,sac_Ant-v5_seed85062,4a5b87a5-bd62-475b-abc8-89df608da152,4.13680419100092,4.906034341889886e-05,1.1859496809757802e-05,30.271787259632593,61.58491362894,20.0,3.0284642005481976e-05,7.551867152597036e-05,2.29808928444476e-05,0.00012878420637589972,0.0,Germany,DEU,baden-wurttemberg,,,Linux-7.0.0-31-generic-x86_64-with-glibc2.43,3.14.4,3.3.0,24,Intel(R) Core(TM) Ultra 9 285K,1,1 x NVIDIA GeForce RTX 5090,9.2986,48.7383,60.816158294677734,machine,0.0,0.0,0.0,0.0,N
rollout_29,2026-09-12T21:51:18,sac_Ant-v5_seed85062,4a5b87a5-bd62-475b-abc8-89df608da152,0.34454794299927016,4.6098973150660374e-06,1.3379140724949507e-05,30.319698080576973,61.7696351417251,20.0,3.2001353378746655e-06,6.987783367995437e-06,1.9131373777780784e-06,1.2101056083648615e-05,0.0,Germany,DEU,baden-wurttemberg,,,Linux-7.0.0-31-generic-x86_64-with-glibc2.43,3.14.4,3.3.0,24,Intel(R) Core(TM) Ultra 9 285K,1,1 x NVIDIA GeForce RTX 5090,9.2986,48.7383,60.816158294677734,machine,0.0,0.0,0.0,0.0,N
gradient_updates_29,2026-09-12T21:51:22,sac_Ant-v5_seed85062,4a5b87a5-bd62-475b-abc8-89df608da152,4.154813080998792,4.876899570860826e-05,1.173798136013746e-05,30.341509311862325,61.8275226771473,20.0,2.944385022173035e-05,7.549478261803522e-05,2.3080781016667764e-05,0.00012801941385643355,0.0,Germany,DEU,baden-wurttemberg,,,Linux-7.0.0-31-generic-x86_64-with-glibc2.43,3.14.4,3.3.0,24,Intel(R) Core(TM) Ultra 9 285K,1,1 x NVIDIA GeForce RTX 5090,9.2986,48.7383,60.816158294677734,machine,0.0,0.0,0.0,0.0,N
rollout_30,2026-09-12T21:51:22,sac_Ant-v5_seed85062,4a5b87a5-bd62-475b-abc8-89df608da152,0.36355320700022276,4.516523986637048e-06,1.2422579053704284e-05,30.302936042140413,61.94626302874768,20.0,2.8302461530793632e-06,7.007505605977071e-06,2.018197805551134e-06,1.1855949564607351e-05,0.0,Germany,DEU,baden-wurttemberg,,,Linux-7.0.0-31-generic-x86_64-with-glibc2.43,3.14.4,3.3.0,24,Intel(R) Core(TM) Ultra 9 285K,1,1 x NVIDIA GeForce RTX 5090,9.2986,48.7383,60.816158294677734,machine,0.0,0.0,0.0,0.0,N
gradient_updates_30,2026-09-12T21:51:27,sac_Ant-v5_seed85062,4a5b87a5-bd62-475b-abc8-89df608da152,4.239998545999697,4.9912926877119373e-05,1.1771929371126421e-05,30.257760218599003,62.00705568833242,20.0,2.9860532777301052e-05,7.760811764198627e-05,2.3553601522224984e-05,0.00013102225194151253,0.0,Germany,DEU,baden-wurttemberg,,,Linux-7.0.0-31-generic-x86_64-with-glibc2.43,3.14.4,3.3.0,24,Intel(R) Core(TM) Ultra 9 285K,1,1 x NVIDIA GeForce RTX 5090,9.2986,48.7383,60.816158294677734,machine,0.0,0.0,0.0,0.0,N
rollout_31,2026-09-12T21:51:27,sac_Ant-v5_seed85062,4a5b87a5-bd62-475b-abc8-89df608da152,0.3573896430007153,4.40278226970835e-06,1.2318937518241438e-05,30.205678094451088,62.12016351293109,20.0,2.677794086677898e-06,6.895005516011077e-06,1.9845760888933996e-06,1.1557375691582591e-05,0.0,Germany,DEU,baden-wurttemberg,,,Linux-7.0.0-31-generic-x86_64-with-glibc2.43,3.14.4,3.3.0,24,Intel(R) Core(TM) Ultra 9 285K,1,1 x NVIDIA GeForce RTX 5090,9.2986,48.7383,60.816158294677734,machine,0.0,0.0,0.0,0.0,N
gradient_updates_31,2026-09-12T21:51:31,sac_Ant-v5_seed85062,4a5b87a5-bd62-475b-abc8-89df608da152,4.15403100200092,4.925725890704818e-05,1.1857727350154666e-05,30.15455953246674,62.169482227186414,20.0,3.0734554865394226e-05,7.549006039200834e-05,2.3076497505553593e-05,0.00012930111276295616,0.0,Germany,DEU,baden-wurttemberg,,,Linux-7.0.0-31-generic-x86_64-with-glibc2.43,3.14.4,3.3.0,24,Intel(R) Core(TM) Ultra 9 285K,1,1 x NVIDIA GeForce RTX 5090,9.2986,48.7383,60.816158294677734,machine,0.0,0.0,0.0,0.0,N
rollout_32,2026-09-12T21:51:32,sac_Ant-v5_seed85062,4a5b87a5-bd62-475b-abc8-89df608da152,0.34169368900074915,4.5941404429494966e-06,1.344497134420245e-05,30.210453321286234,62.328173045631665,20.0,3.2417412045016025e-06,6.921116647989889e-06,1.8968361833382116e-06,1.2059694035829703e-05,0.0,Germany,DEU,baden-wurttemberg,,,Linux-7.0.0-31-generic-x86_64-with-glibc2.43,3.14.4,3.3.0,24,Intel(R) Core(TM) Ultra 9 285K,1,1 x NVIDIA GeForce RTX 5090,9.2986,48.7383,60.816158294677734,machine,0.0,0.0,0.0,0.0,N
gradient_updates_32,2026-09-12T21:51:36,sac_Ant-v5_seed85062,4a5b87a5-bd62-475b-abc8-89df608da152,4.169079680001232,5.000381575260594e-05,1.1993993045499704e-05,30.242624150831457,62.39597912021331,20.0,3.0506606071928344e-05,7.759450652000677e-05,2.3159724138885384e-05,0.00013126083673082028,0.0,Germany,DEU,baden-wurttemberg,,,Linux-7.0.0-31-generic-x86_64-with-glibc2.43,3.14.4,3.3.0,24,Intel(R) Core(TM) Ultra 9 285K,1,1 x NVIDIA GeForce RTX 5090,9.2986,48.7383,60.816158294677734,machine,0.0,0.0,0.0,0.0,N
rollout_33,2026-09-12T21:51:36,sac_Ant-v5_seed85062,4a5b87a5-bd62-475b-abc8-89df608da152,0.344609396001033,3.9315147920214975e-06,1.1408282021805874e-05,30.293528408618347,62.27363887271415,20.0,3.2549989928826184e-06,5.151670787989504e-06,1.913621050001228e-06,1.0320290830873567e-05,0.0,Germany,DEU,baden-wurttemberg,,,Linux-7.0.0-31-generic-x86_64-with-glibc2.43,3.14.4,3.3.0,24,Intel(R) Core(TM) Ultra 9 285K,1,1 x NVIDIA GeForce RTX 5090,9.2986,48.7383,60.816158294677734,machine,0.0,0.0,0.0,0.0,N
gradient_updates_33,2026-09-12T21:51:40,sac_Ant-v5_seed85062,4a5b87a5-bd62-475b-abc8-89df608da152,4.170402223000565,5.011210452958957e-05,1.2016153854537585e-05,30.321985166176074,62.343040757479585,20.0,3.053490248346169e-05,7.784339560801268e-05,2.3166798455551705e-05,0.00013154509654702586,0.0,Germany,DEU,baden-wurttemberg,,,Linux-7.0.0-31-generic-x86_64-with-glibc2.43,3.14.4,3.3.0,24,Intel(R) Core(TM) Ultra 9 285K,1,1 x NVIDIA GeForce RTX 5090,9.2986,48.7383,60.816158294677734,machine,0.0,0.0,0.0,0.0,N
rollout_34,2026-09-12T21:51:41,sac_Ant-v5_seed85062,4a5b87a5-bd62-475b-abc8-89df608da152,0.34171281099952466,3.958569019849988e-06,1.1583745529997462e-05,30.380493327497618,62.237707602065,20.0,3.2973676378916794e-06,5.196393045997505e-06,1.8975479388952648e-06,1.0391308622784666e-05,0.0,Germany,DEU,baden-wurttemberg,,,Linux-7.0.0-31-generic-x86_64-with-glibc2.43,3.14.4,3.3.0,24,Intel(R) Core(TM) Ultra 9 285K,1,1 x NVIDIA GeForce RTX 5090,9.2986,48.7383,60.816158294677734,machine,0.0,0.0,0.0,0.0,N
gradient_updates_34,2026-09-12T21:51:45,sac_Ant-v5_seed85062,4a5b87a5-bd62-475b-abc8-89df608da152,4.191699737999443,4.980670242026855e-05,1.1882246921852383e-05,30.412958405900397,62.29837690441107,20.0,2.9837780536862146e-05,7.762006209599548e-05,2.3285568366665857e-05,0.00013074341099952348,0.0,Germany,DEU,baden-wurttemberg,,,Linux-7.0.0-31-generic-x86_64-with-glibc2.43,3.14.4,3.3.0,24,Intel(R) Core(TM) Ultra 9 285K,1,1 x NVIDIA GeForce RTX 5090,9.2986,48.7383,60.816158294677734,machine,0.0,0.0,0.0,0.0,N
rollout_35,2026-09-12T21:51:45,sac_Ant-v5_seed85062,4a5b87a5-bd62-475b-abc8-89df608da152,0.3429317620011716,4.627226785192291e-06,1.3492808034623572e-05,30.458134850596117,62.45084510908196,20.0,3.2346711988373578e-06,7.007505605977071e-06,1.9043694222294072e-06,1.2146546227043836e-05,0.0,Germany,DEU,baden-wurttemberg,,,Linux-7.0.0-31-generic-x86_64-with-glibc2.43,3.14.4,3.3.0,24,Intel(R) Core(TM) Ultra 9 285K,1,1 x NVIDIA GeForce RTX 5090,9.2986,48.7383,60.816158294677734,machine,0.0,0.0,0.0,0.0,N
gradient_updates_35,2026-09-12T21:51:49,sac_Ant-v5_seed85062,4a5b87a5-bd62-475b-abc8-89df608da152,4.140798354999788,4.925923886586834e-05,1.1896114674071457e-05,30.48151084556194,62.5032236948353,20.0,2.9957205632411e-05,7.634644996604156e-05,2.300265458889052e-05,0.00012930631018734286,0.0,Germany,DEU,baden-wurttemberg,,,Linux-7.0.0-31-generic-x86_64-with-glibc2.43,3.14.4,3.3.0,24,Intel(R) Core(TM) Ultra 9 285K,1,1 x NVIDIA GeForce RTX 5090,9.2986,48.7383,60.816158294677734,machine,0.0,0.0,0.0,0.0,N
rollout_36,2026-09-12T21:51:50,sac_Ant-v5_seed85062,4a5b87a5-bd62-475b-abc8-89df608da152,0.3450142190013139,4.634592621205469e-06,1.3432716097955603e-05,30.533134223446357,62.63357674904419,20.0,3.3168140423367465e-06,6.934172213979295e-06,1.9148954111087527e-06,1.2165881667424577e-05,0.0,Germany,DEU,baden-wurttemberg,,,Linux-7.0.0-31-generic-x86_64-with-glibc2.43,3.14.4,3.3.0,24,Intel(R) Core(TM) Ultra 9 285K,1,1 x NVIDIA GeForce RTX 5090,9.2986,48.7383,60.816158294677734,machine,0.0,0.0,0.0,0.0,N
gradient_updates_36,2026-09-12T21:51:54,sac_Ant-v5_seed85062,4a5b87a5-bd62-475b-abc8-89df608da152,4.138129717000993,4.916743293637048e-05,1.1881576502073273e-05,30.561221126725993,62.68259047730007,20.0,2.974085351488409e-05,7.63350610679947e-05,2.2989403533332136e-05,0.0001290653181162107,0.0,Germany,DEU,baden-wurttemberg,,,Linux-7.0.0-31-generic-x86_64-with-glibc2.43,3.14.4,3.3.0,24,Intel(R) Core(TM) Ultra 9 285K,1,1 x NVIDIA GeForce RTX 5090,9.2986,48.7383,60.816158294677734,machine,0.0,0.0,0.0,0.0,N
rollout_37,2026-09-12T21:51:54,sac_Ant-v5_seed85062,4a5b87a5-bd62-475b-abc8-89df608da152,0.3503952240007493,3.975677434732688e-06,1.13459778002998e-05,30.593789146967804,62.57079173770744,20.0,3.2403845367512396e-06,5.250281978008697e-06,1.9455519777793976e-06,1.0436218492539118e-05,0.0,Germany,DEU,baden-wurttemberg,,,Linux-7.0.0-31-generic-x86_64-with-glibc2.43,3.14.4,3.3.0,24,Intel(R) Core(TM) Ultra 9 285K,1,1 x NVIDIA GeForce RTX 5090,9.2986,48.7383,60.816158294677734,machine,0.0,0.0,0.0,0.0,N
gradient_updates_37,2026-09-12T21:51:58,sac_Ant-v5_seed85062,4a5b87a5-bd62-475b-abc8-89df608da152,4.158629368999755,4.88551241280351e-05,1.1747908899539005e-05,30.605134145769725,62.61378882388314,20.0,2.894402398852247e-05,7.619978318196274e-05,2.3101695199996726e-05,0.00012824550237048194,0.0,Germany,DEU,baden-wurttemberg,,,Linux-7.0.0-31-generic-x86_64-with-glibc2.43,3.14.4,3.3.0,24,Intel(R) Core(TM) Ultra 9 285K,1,1 x NVIDIA GeForce RTX 5090,9.2986,48.7383,60.816158294677734,machine,0.0,0.0,0.0,0.0,N
rollout_38,2026-09-12T21:51:59,sac_Ant-v5_seed85062,4a5b87a5-bd62-475b-abc8-89df608da152,0.36005767899951024,4.379509321896392e-06,1.2162850323673532e-05,30.543408096966452,62.69612382168519,20.0,2.588835404410128e-06,6.910561084011446e-06,1.996887333330496e-06,1.1496283821752287e-05,0.0,Germany,DEU,baden-wurttemberg,,,Linux-7.0.0-31-generic-x86_64-with-glibc2.43,3.14.4,3.3.0,24,Intel(R) Core(TM) Ultra 9 285K,1,1 x NVIDIA GeForce RTX 5090,9.2986,48.7383,60.816158294677734,machine,0.0,0.0,0.0,0.0,N
gradient_updates_38,2026-09-12T21:52:03,sac_Ant-v5_seed85062,4a5b87a5-bd62-475b-abc8-89df608da152,4.1723970959992585,4.952076906724213e-05,1.1868684974938646e-05,30.484420021806475,62.7368050723436,20.0,3.0332588432713248e-05,7.64814500739952e-05,2.317879274999846e-05,0.00012999283125670648,0.0,Germany,DEU,baden-wurttemberg,,,Linux-7.0.0-31-generic-x86_64-with-glibc2.43,3.14.4,3.3.0,24,Intel(R) Core(TM) Ultra 9 285K,1,1 x NVIDIA GeForce RTX 5090,9.2986,48.7383,60.816158294677734,machine,0.0,0.0,0.0,0.0,N
rollout_39,2026-09-12T21:52:03,sac_Ant-v5_seed85062,4a5b87a5-bd62-475b-abc8-89df608da152,0.3468048130016541,3.978699441225392e-06,1.1472165113735968e-05,30.527483228363085,62.63304840371607,20.0,3.295909581160772e-06,5.222504178004073e-06,1.925737549997048e-06,1.0444151309162326e-05,0.0,Germany,DEU,baden-wurttemberg,,,Linux-7.0.0-31-generic-x86_64-with-glibc2.43,3.14.4,3.3.0,24,Intel(R) Core(TM) Ultra 9 285K,1,1 x NVIDIA GeForce RTX 5090,9.2986,48.7383,60.816158294677734,machine,0.0,0.0,0.0,0.0,N
gradient_updates_39,2026-09-12T21:52:07,sac_Ant-v5_seed85062,4a5b87a5-bd62-475b-abc8-89df608da152,4.160314450999067,5.001811591806354e-05,1.2022698790708525e-05,30.550221362774725,62.69285387525611,20.0,3.007391850355645e-05,7.811339582397547e-05,2.3111060572227927e-05,0.00013129837489975985,0.0,Germany,DEU,baden-wurttemberg,,,Linux-7.0.0-31-generic-x86_64-with-glibc2.43,3.14.4,3.3.0,24,Intel(R) Core(TM) Ultra 9 285K,1,1 x NVIDIA GeForce RTX 5090,9.2986,48.7383,60.816158294677734,machine,0.0,0.0,0.0,0.0,N
rollout_40,2026-09-12T21:52:08,sac_Ant-v5_seed85062,4a5b87a5-bd62-475b-abc8-89df608da152,0.3505943460004346,4.026847267770556e-06,1.148575094992575e-05,30.596010021398932,62.589221945227806,20.0,3.368880195100954e-06,5.2552819820028684e-06,1.946377966669313e-06,1.0570540143773136e-05,0.0,Germany,DEU,baden-wurttemberg,,,Linux-7.0.0-31-generic-x86_64-with-glibc2.43,3.14.4,3.3.0,24,Intel(R) Core(TM) Ultra 9 285K,1,1 x NVIDIA GeForce RTX 5090,9.2986,48.7383,60.816158294677734,machine,0.0,0.0,0.0,0.0,N
gradient_updates_40,2026-09-12T21:52:12,sac_Ant-v5_seed85062,4a5b87a5-bd62-475b-abc8-89df608da152,4.124308402999304,4.879959271964678e-05,1.1832208668956781e-05,30.617576361100284,62.64406071134505,20.0,2.8150212242367134e-05,7.70389505200253e-05,2.291056875000229e-05,0.0001280997315123945,0.0,Germany,DEU,baden-wurttemberg,,,Linux-7.0.0-31-generic-x86_64-with-glibc2.43,3.14.4,3.3.0,24,Intel(R) Core(TM) Ultra 9 285K,1,1 x NVIDIA GeForce RTX 5090,9.2986,48.7383,60.816158294677734,machine,0.0,0.0,0.0,0.0,N
rollout_41,2026-09-12T21:52:12,sac_Ant-v5_seed85062,4a5b87a5-bd62-475b-abc8-89df608da152,0.3533125129997643,4.413653347444275e-06,1.2491776077791332e-05,30.562562635269888,62.753275670098276,20.0,2.555147321892104e-06,7.068616765998348e-06,1.962148361104102e-06,1.1585912448994554e-05,0.0,Germany,DEU,baden-wurttemberg,,,Linux-7.0.0-31-generic-x86_64-with-glibc2.43,3.14.4,3.3.0,24,Intel(R) Core(TM) Ultra 9 285K,1,1 x NVIDIA GeForce RTX 5090,9.2986,48.7383,60.816158294677734,machine,0.0,0.0,0.0,0.0,N
gradient_updates_41,2026-09-12T21:52:16,sac_Ant-v5_seed85062,4a5b87a5-bd62-475b-abc8-89df608da152,3.8847738950007624,4.699057370803096e-05,1.2096111285427414e-05,30.50969157468389,62.814826885588175,20.0,2.8278589289526535e-05,7.349200323797378e-05,2.1580434399998604e-05,0.00012335102692749914,0.0,Germany,DEU,baden-wurttemberg,,,Linux-7.0.0-31-generic-x86_64-with-glibc2.43,3.14.4,3.3.0,24,Intel(R) Core(TM) Ultra 9 285K,1,1 x NVIDIA GeForce RTX 5090,9.2986,48.7383,60.816158294677734,machine,0.0,0.0,0.0,0.0,N
rollout_42,2026-09-12T21:52:16,sac_Ant-v5_seed85062,4a5b87a5-bd62-475b-abc8-89df608da152,0.348543210000571,4.031073097920772e-06,1.1564790047608668e-05,30.560168102235664,62.71672614703502,20.0,3.4032124447830325e-06,5.243337528021419e-06,1.9350830444435016e-06,1.0581633017247953e-05,0.0,Germany,DEU,baden-wurttemberg,,,Linux-7.0.0-31-generic-x86_64-with-glibc2.43,3.14.4,3.3.0,24,Intel(R) Core(TM) Ultra 9 285K,1,1 x NVIDIA GeForce RTX 5090,9.2986,48.7383,60.816158294677734,machine,0.0,0.0,0.0,0.0,N
gradient_updates_42,2026-09-12T21:52:20,sac_Ant-v5_seed85062,4a5b87a5-bd62-475b-abc8-89df608da152,3.879654381000364,4.707752121737782e-05,1.2134486968003457e-05,30.586122250202855,62.776501279561245,20.0,2.8708411577815784e-05,7.331866976598156e-05,2.155218422222882e-05,0.00012357926556602616,0.0,Germany,DEU,baden-wurttemberg,,,Linux-7.0.0-31-generic-x86_64-with-glibc2.43,3.14.4,3.3.0,24,Intel(R) Core(TM) Ultra 9 285K,1,1 x NVIDIA GeForce RTX 5090,9.2986,48.7383,60.816158294677734,machine,0.0,0.0,0.0,0.0,N
rollout_43,2026-09-12T21:52:21,sac_Ant-v5_seed85062,4a5b87a5-bd62-475b-abc8-89df608da152,0.3471444610004255,4.728439479393699e-06,1.3620800768062468e-05,30.63849821924287,62.89281658891882,20.0,3.4237271834131056e-06,7.060838981998163e-06,1.927665044442785e-06,1.2412231209854054e-05,0.0,Germany,DEU,baden-wurttemberg,,,Linux-7.0.0-31-generic-x86_64-with-glibc2.43,3.14.4,3.3.0,24,Intel(R) Core(TM) Ultra 9 285K,1,1 x NVIDIA GeForce RTX 5090,9.2986,48.7383,60.816158294677734,machine,0.0,0.0,0.0,0.0,N
gradient_updates_43,2026-09-12T21:52:25,sac_Ant-v5_seed85062,4a5b87a5-bd62-475b-abc8-89df608da152,3.884400752000147,4.7208277067334325e-05,1.215332532559855e-05,30.66615977988612,62.95041806554896,20.0,2.884869057893924e-05,7.349950324400667e-05,2.1574307994443216e-05,0.00012392250181738913,0.0,Germany,DEU,baden-wurttemberg,,,Linux-7.0.0-31-generic-x86_64-with-glibc2.43,3.14.4,3.3.0,24,Intel(R) Core(TM) Ultra 9 285K,1,1 x NVIDIA GeForce RTX 5090,9.2986,48.7383,60.816158294677734,machine,0.0,0.0,0.0,0.0,N
rollout_44,2026-09-12T21:52:25,sac_Ant-v5_seed85062,4a5b87a5-bd62-475b-abc8-89df608da152,0.3399289900007716,3.963848354883361e-06,1.1660594536348279e-05,30.71100404365605,62.86626835412964,20.0,3.305098755179703e-06,5.21222639202068e-06,1.8878418166624975e-06,1.0405166963862664e-05,0.0,Germany,DEU,baden-wurttemberg,,,Linux-7.0.0-31-generic-x86_64-with-glibc2.43,3.14.4,3.3.0,24,Intel(R) Core(TM) Ultra 9 285K,1,1 x NVIDIA GeForce RTX 5090,9.2986,48.7383,60.816158294677734,machine,0.0,0.0,0.0,0.0,N
gradient_updates_44,2026-09-12T21:52:29,sac_Ant-v5_seed85062,4a5b87a5-bd62-475b-abc8-89df608da152,3.8725767449996056,4.71452000330632e-05,1.217413868132843e-05,30.73260178029475,62.92722077585521,20.0,2.852420448601345e-05,7.37200589759901e-05,2.1512660105559413e-05,0.00012375692356756274,0.0,Germany,DEU,baden-wurttemberg,,,Linux-7.0.0-31-generic-x86_64-with-glibc2.43,3.14.4,3.3.0,24,Intel(R) Core(TM) Ultra 9 285K,1,1 x NVIDIA GeForce RTX 5090,9.2986,48.7383,60.816158294677734,machine,0.0,0.0,0.0,0.0,N
rollout_45,2026-09-12T21:52:29,sac_Ant-v5_seed85062,4a5b87a5-bd62-475b-abc8-89df608da152,0.3410688100011612,3.9476288223099995e-06,1.1573966274896706e-05,30.772303686193833,62.83994621028218,20.0,3.2848384611955384e-06,5.183615258003149e-06,1.8941367055554104e-06,1.0362590424754098e-05,0.0,Germany,DEU,baden-wurttemberg,,,Linux-7.0.0-31-generic-x86_64-with-glibc2.43,3.14.4,3.3.0,24,Intel(R) Core(TM) Ultra 9 285K,1,1 x NVIDIA GeForce RTX 5090,9.2986,48.7383,60.816158294677734,machine,0.0,0.0,0.0,0.0,N
gradient_updates_45,2026-09-12T21:52:33,sac_Ant-v5_seed85062,4a5b87a5-bd62-475b-abc8-89df608da152,3.9416089130008913,4.6781429577098365e-05,1.1868646773188135e-05,30.781822038232075,62.90311095183498,20.0,2.5537318763174666e-05,7.536867140600645e-05,2.1896029983327e-05,0.00012280202015250898,0.0,Germany,DEU,baden-wurttemberg,,,Linux-7.0.0-31-generic-x86_64-with-glibc2.43,3.14.4,3.3.0,24,Intel(R) Core(TM) Ultra 9 285K,1,1 x NVIDIA GeForce RTX 5090,9.2986,48.7383,60.816158294677734,machine,0.0,0.0,0.0,0.0,N
rollout_46,2026-09-12T21:52:33,sac_Ant-v5_seed85062,4a5b87a5-bd62-475b-abc8-89df608da152,0.35418231199946604,3.7637275463828918e-06,1.062583603383375e-05,30.742229525076425,62.80322675942796,20.0,2.6695543578619807e-06,5.243615305988714e-06,1.966676894446474e-06,9.879846558296518e-06,0.0,Germany,DEU,baden-wurttemberg,,,Linux-7.0.0-31-generic-x86_64-with-glibc2.43,3.14.4,3.3.0,24,Intel(R) Core(TM) Ultra 9 285K,1,1 x NVIDIA GeForce RTX 5090,9.2986,48.7383,60.816158294677734,machine,0.0,0.0,0.0,0.0,N
gradient_updates_46,2026-09-12T21:52:37,sac_Ant-v5_seed85062,4a5b87a5-bd62-475b-abc8-89df608da152,3.966588027000398,4.7173311813774634e-05,1.1892696232140505e-05,30.695302424480825,62.86258263701326,20.0,2.6257023783365918e-05,7.553867154200256e-05,2.20350221277739e-05,0.00012383071745314216,0.0,Germany,DEU,baden-wurttemberg,,,Linux-7.0.0-31-generic-x86_64-with-glibc2.43,3.14.4,3.3.0,24,Intel(R) Core(TM) Ultra 9 285K,1,1 x NVIDIA GeForce RTX 5090,9.2986,48.7383,60.816158294677734,machine,0.0,0.0,0.0,0.0,N
rollout_47,2026-09-12T21:52:38,sac_Ant-v5_seed85062,4a5b87a5-bd62-475b-abc8-89df608da152,0.3605955110015202,3.7760833517005814e-06,1.0471553837165826e-05,30.65381430280995,62.75372024176228,20.0,2.6824735348540685e-06,5.2272264040031935e-06,2.002580811111092e-06,9.912280749969221e-06,0.0,Germany,DEU,baden-wurttemberg,,,Linux-7.0.0-31-generic-x86_64-with-glibc2.43,3.14.4,3.3.0,24,Intel(R) Core(TM) Ultra 9 285K,1,1 x NVIDIA GeForce RTX 5090,9.2986,48.7383,60.816158294677734,machine,0.0,0.0,0.0,0.0,N
gradient_updates_47,2026-09-12T21:52:42,sac_Ant-v5_seed85062,4a5b87a5-bd62-475b-abc8-89df608da152,3.872324583000591,4.7060659226398974e-05,1.2153104975939103e-05,30.61250319255205,62.81145405739467,20.0,2.837719492394808e-05,7.364617002800222e-05,2.151163761111288e-05,0.00012353500256306361,0.0,Germany,DEU,baden-wurttemberg,,,Linux-7.0.0-31-generic-x86_64-with-glibc2.43,3.14.4,3.3.0,24,Intel(R) Core(TM) Ultra 9 285K,1,1 x NVIDIA GeForce RTX 5090,9.2986,48.7383,60.816158294677734,machine,0.0,0.0,0.0,0.0,N
rollout_48,2026-09-12T21:52:42,sac_Ant-v5_seed85062,4a5b87a5-bd62-475b-abc8-89df608da152,0.343901274000018,4.699433281204687e-06,1.3664744674284918e-05,30.650784479148125,62.92880173914231,20.0,3.3093882030599264e-06,7.1175056939876136e-06,1.909195566673124e-06,1.2336089463721098e-05,0.0,Germany,DEU,baden-wurttemberg,,,Linux-7.0.0-31-generic-x86_64-with-glibc2.43,3.14.4,3.3.0,24,Intel(R) Core(TM) Ultra 9 285K,1,1 x NVIDIA GeForce RTX 5090,9.2986,48.7383,60.816158294677734,machine,0.0,0.0,0.0,0.0,N
gradient_updates_48,2026-09-12T21:52:46,sac_Ant-v5_seed85062,4a5b87a5-bd62-475b-abc8-89df608da152,3.956401632000052,4.620307611146596e-05,1.1678085923368903e-05,30.66058718469235,62.97020211197114,20.0,2.5555154610765185e-05,7.375033677800569e-05,2.1978341427782502e-05,0.00012128383281655337,0.0,Germany,DEU,baden-wurttemberg,,,Linux-7.0.0-31-generic-x86_64-with-glibc2.43,3.14.4,3.3.0,24,Intel(R) Core(TM) Ultra 9 285K,1,1 x NVIDIA GeForce RTX 5090,9.2986,48.7383,60.816158294677734,machine,0.0,0.0,0.0,0.0,N
rollout_49,2026-09-12T21:52:46,sac_Ant-v5_seed85062,4a5b87a5-bd62-475b-abc8-89df608da152,0.3521258750006382,4.456295104454666e-06,1.2655279573252894e-05,30.62360519361673,63.06446533713999,20.0,2.645123504979585e-06,7.0975056779831736e-06,1.9552185777785887e-06,1.1697847760741564e-05,0.0,Germany,DEU,baden-wurttemberg,,,Linux-7.0.0-31-generic-x86_64-with-glibc2.43,3.14.4,3.3.0,24,Intel(R) Core(TM) Ultra 9 285K,1,1 x NVIDIA GeForce RTX 5090,9.2986,48.7383,60.816158294677734,machine,0.0,0.0,0.0,0.0,N
gradient_updates_49,2026-09-12T21:52:50,sac_Ant-v5_seed85062,4a5b87a5-bd62-475b-abc8-89df608da152,3.8841898999999103,4.737102097314731e-05,1.2195870034104185e-05,30.58613150281135,63.12066464914517,20.0,2.8488007234844792e-05,7.428450387200747e-05,2.1577196133330334e-05,0.00012434970724018238,0.0,Germany,DEU,baden-wurttemberg,,,Linux-7.0.0-31-generic-x86_64-with-glibc2.43,3.14.4,3.3.0,24,Intel(R) Core(TM) Ultra 9 285K,1,1 x NVIDIA GeForce RTX 5090,9.2986,48.7383,60.816158294677734,machine,0.0,0.0,0.0,0.0,N
rollout_50,2026-09-12T21:52:50,sac_Ant-v5_seed85062,4a5b87a5-bd62-475b-abc8-89df608da152,0.35334655699989526,4.1174276387417885e-06,1.165186884091566e-05,30.63397085084616,63.03201448335015,20.0,3.526249209892529e-06,5.311670915997269e-06,1.9703949777774912e-06,1.0808315103666422e-05,0.0,Germany,DEU,baden-wurttemberg,,,Linux-7.0.0-31-generic-x86_64-with-glibc2.43,3.14.4,3.3.0,24,Intel(R) Core(TM) Ultra 9 285K,1,1 x NVIDIA GeForce RTX 5090,9.2986,48.7383,60.816158294677734,machine,0.0,0.0,0.0,0.0,N
gradient_updates_50,2026-09-12T21:52:55,sac_Ant-v5_seed85062,4a5b87a5-bd62-475b-abc8-89df608da152,4.161892017000355,5.152542687127592e-05,1.2380302361762525e-05,30.665543541624473,63.093537133532635,20.0,3.180733072362385e-05,8.03292309300152e-05,2.3118529227778928e-05,0.00013525509088141777,0.0,Germany,DEU,baden-wurttemberg,,,Linux-7.0.0-31-generic-x86_64-with-glibc2.43,3.14.4,3.3.0,24,Intel(R) Core(TM) Ultra 9 285K,1,1 x NVIDIA GeForce RTX 5090,9.2986,48.7383,60.816158294677734,machine,0.0,0.0,0.0,0.0,N
rollout_51,2026-09-12T21:52:55,sac_Ant-v5_seed85062,4a5b87a5-bd62-475b-abc8-89df608da152,0.34390496500054724,3.990984733615987e-06,1.1604755872225042e-05,30.699286091315862,63.019434570221634,20.0,3.2907554103622783e-06,5.275837553997409e-06,1.909807438884659e-06,1.047640040324413e-05,0.0,Germany,DEU,baden-wurttemberg,,,Linux-7.0.0-31-generic-x86_64-with-glibc2.43,3.14.4,3.3.0,24,Intel(R) Core(TM) Ultra 9 285K,1,1 x NVIDIA GeForce RTX 5090,9.2986,48.7383,60.816158294677734,machine,0.0,0.0,0.0,0.0,N
gradient_updates_51,2026-09-12T21:52:59,sac_Ant-v5_seed85062,4a5b87a5-bd62-475b-abc8-89df608da152,4.141534357999262,5.0651088311891735e-05,1.2230052048468315e-05,30.717186502871517,63.07967142501904,20.0,3.004516403611046e-05,7.990839725999233e-05,2.3006376522223667e-05,0.00013295993781832667,0.0,Germany,DEU,baden-wurttemberg,,,Linux-7.0.0-31-generic-x86_64-with-glibc2.43,3.14.4,3.3.0,24,Intel(R) Core(TM) Ultra 9 285K,1,1 x NVIDIA GeForce RTX 5090,9.2986,48.7383,60.816158294677734,machine,0.0,0.0,0.0,0.0,N
rollout_52,2026-09-12T21:52:59,sac_Ant-v5_seed85062,4a5b87a5-bd62-475b-abc8-89df608da152,0.3421191209999961,4.0009286064730636e-06,1.169463539282387e-05,30.746236657561127,63.01882956268147,20.0,3.236078144411292e-06,5.367226516006518e-06,1.899198572219733e-06,1.0502503232636892e-05,0.0,Germany,DEU,baden-wurttemberg,,,Linux-7.0.0-31-generic-x86_64-with-glibc2.43,3.14.4,3.3.0,24,Intel(R) Core(TM) Ultra 9 285K,1,1 x NVIDIA GeForce RTX 5090,9.2986,48.7383,60.816158294677734,machine,0.0,0.0,0.0,0.0,N
gradient_updates_52,2026-09-12T21:53:04,sac_Ant-v5_seed85062,4a5b87a5-bd62-475b-abc8-89df608da152,4.144489919999614,5.088907036674556e-05,1.2278752248824873e-05,30.760972286567412,63.08026743340115,20.0,3.0342591218507353e-05,8.022700862600485e-05,2.3015044772222966e-05,0.00013358464461673582,0.0,Germany,DEU,baden-wurttemberg,,,Linux-7.0.0-31-generic-x86_64-with-glibc2.43,3.14.4,3.3.0,24,Intel(R) Core(TM) Ultra 9 285K,1,1 x NVIDIA GeForce RTX 5090,9.2986,48.7383,60.816158294677734,machine,0.0,0.0,0.0,0.0,N
rollout_53,2026-09-12T21:53:04,sac_Ant-v5_seed85062,4a5b87a5-bd62-475b-abc8-89df608da152,0.34102348500164226,4.040074945210487e-06,1.1846986449579064e-05,30.795817668869915,63.02679781930984,20.0,3.296214859185853e-06,5.4158376660007335e-06,1.8932104888841252e-06,1.0605263014070929e-05,0.0,Germany,DEU,baden-wurttemberg,,,Linux-7.0.0-31-generic-x86_64-with-glibc2.43,3.14.4,3.3.0,24,Intel(R) Core(TM) Ultra 9 285K,1,1 x NVIDIA GeForce RTX 5090,9.2986,48.7383,60.816158294677734,machine,0.0,0.0,0.0,0.0,N
gradient_updates_53,2026-09-12T21:53:08,sac_Ant-v5_seed85062,4a5b87a5-bd62-475b-abc8-89df608da152,4.15759550599978,5.094462938944229e-05,1.2253394852859352e-05,30.81546582086287,63.083122992773994,20.0,3.062832005819305e-05,8.00058973379758e-05,2.3096270566667172e-05,0.00013373048796283538,0.0,Germany,DEU,baden-wurttemberg,,,Linux-7.0.0-31-generic-x86_64-with-glibc2.43,3.14.4,3.3.0,24,Intel(R) Core(TM) Ultra 9 285K,1,1 x NVIDIA GeForce RTX 5090,9.2986,48.7383,60.816158294677734,machine,0.0,0.0,0.0,0.0,N
rollout_54,2026-09-12T21:53:08,sac_Ant-v5_seed85062,4a5b87a5-bd62-475b-abc8-89df608da152,0.35072719600066193,4.053791527058696e-06,1.1557553404959819e-05,30.844896578033396,63.01063184483052,20.0,3.342245451579129e-06,5.351948726001199e-06,1.9470750888810496e-06,1.0641269266462028e-05,0.0,Germany,DEU,baden-wurttemberg,,,Linux-7.0.0-31-generic-x86_64-with-glibc2.43,3.14.4,3.3.0,24,Intel(R) Core(TM) Ultra 9 285K,1,1 x NVIDIA GeForce RTX 5090,9.2986,48.7383,60.816158294677734,machine,0.0,0.0,0.0,0.0,N
gradient_updates_54,2026-09-12T21:53:13,sac_Ant-v5_seed85062,4a5b87a5-bd62-475b-abc8-89df608da152,4.179912166000577,5.040396644401604e-05,1.2058637033907833e-05,30.858029999311313,63.061336910275834,20.0,2.9276257865432087e-05,7.981367496201486e-05,2.3221306033337913e-05,0.00013231123886078486,0.0,Germany,DEU,baden-wurttemberg,,,Linux-7.0.0-31-generic-x86_64-with-glibc2.43,3.14.4,3.3.0,24,Intel(R) Core(TM) Ultra 9 285K,1,1 x NVIDIA GeForce RTX 5090,9.2986,48.7383,60.816158294677734,machine,0.0,0.0,0.0,0.0,N
rollout_55,2026-09-12T21:53:13,sac_Ant-v5_seed85062,4a5b87a5-bd62-475b-abc8-89df608da152,0.351019517000168,4.742290055556684e-06,1.3509621425827946e-05,30.883159209366767,63.155352478279575,20.0,3.3074215348288805e-06,7.191950198021102e-06,1.949217466669026e-06,1.2448589199519008e-05,0.0,Germany,DEU,baden-wurttemberg,,,Linux-7.0.0-31-generic-x86_64-with-glibc2.43,3.14.4,3.3.0,24,Intel(R) Core(TM) Ultra 9 285K,1,1 x NVIDIA GeForce RTX 5090,9.2986,48.7383,60.816158294677734,machine,0.0,0.0,0.0,0.0,N
gradient_updates_55,2026-09-12T21:53:17,sac_Ant-v5_seed85062,4a5b87a5-bd62-475b-abc8-89df608da152,4.164302883998971,5.009731909020069e-05,1.2030207605869285e-05,30.894706227687493,63.19325595541307,20.0,3.0279826723836334e-05,7.809311803000374e-05,2.3133339772216056e-05,0.00013150628452605548,0.0,Germany,DEU,baden-wurttemberg,,,Linux-7.0.0-31-generic-x86_64-with-glibc2.43,3.14.4,3.3.0,24,Intel(R) Core(TM) Ultra 9 285K,1,1 x NVIDIA GeForce RTX 5090,9.2986,48.7383,60.816158294677734,machine,0.0,0.0,0.0,0.0,N
rollout_56,2026-09-12T21:53:18,sac_Ant-v5_seed85062,4a5b87a5-bd62-475b-abc8-89df608da152,0.34455891600009636,4.761788758109436e-06,1.3819483220298315e-05,30.928354508540487,63.300468442491464,20.0,3.3501121245310683e-06,7.2363946779785415e-06,1.913266811111921e-06,1.2499773613621964e-05,0.0,Germany,DEU,baden-wurttemberg,,,Linux-7.0.0-31-generic-x86_64-with-glibc2.43,3.14.4,3.3.0,24,Intel(R) Core(TM) Ultra 9 285K,1,1 x NVIDIA GeForce RTX 5090,9.2986,48.7383,60.816158294677734,machine,0.0,0.0,0.0,0.0,N
gradient_updates_56,2026-09-12T21:53:22,sac_Ant-v5_seed85062,4a5b87a5-bd62-475b-abc8-89df608da152,4.174823213999844,5.0534705086492746e-05,1.2104657254255342e-05,30.94521269905757,63.34978160080712,20.0,2.9367827660900514e-05,8.009478629800171e-05,2.319181598332853e-05,0.00013265442994223053,0.0,Germany,DEU,baden-wurttemberg,,,Linux-7.0.0-31-generic-x86_64-with-glibc2.43,3.14.4,3.3.0,24,Intel(R) Core(TM) Ultra 9 285K,1,1 x NVIDIA GeForce RTX 5090,9.2986,48.7383,60.816158294677734,machine,0.0,0.0,0.0,0.0,N
rollout_57,2026-09-12T21:53:22,sac_Ant-v5_seed85062,4a5b87a5-bd62-475b-abc8-89df608da152,0.35266411299926403,3.7404286180450427e-06,1.0605884827803731e-05,30.902002396037627,63.275340688211315,20.0,2.5464331482594194e-06,5.321948702008417e-06,1.9503046388914987e-06,9.818686489158901e-06,0.0,Germany,DEU,baden-wurttemberg,,,Linux-7.0.0-31-generic-x86_64-with-glibc2.43,3.14.4,3.3.0,24,Intel(R) Core(TM) Ultra 9 285K,1,1 x NVIDIA GeForce RTX 5090,9.2986,48.7383,60.816158294677734,machine,0.0,0.0,0.0,0.0,N
gradient_updates_57,2026-09-12T21:53:26,sac_Ant-v5_seed85062,4a5b87a5-bd62-475b-abc8-89df608da152,4.174481330999697,5.090935924405423e-05,1.2195392556343488e-05,30.860129533405736,63.32368167344208,20.0,3.040735599253719e-05,8.004034181000041e-05,2.319020544999965e-05,0.0001336379032525377,0.0,Germany,DEU,baden-wurttemberg,,,Linux-7.0.0-31-generic-x86_64-with-glibc2.43,3.14.4,3.3.0,24,Intel(R) Core(TM) Ultra 9 285K,1,1 x NVIDIA GeForce RTX 5090,9.2986,48.7383,60.816158294677734,machine,0.0,0.0,0.0,0.0,N
rollout_58,2026-09-12T21:53:27,sac_Ant-v5_seed85062,4a5b87a5-bd62-475b-abc8-89df608da152,0.34950681699956476,4.031281037190741e-06,1.1533410245363774e-05,30.885993367987577,63.25207986220169,20.0,3.3204254341195893e-06,5.3186153660123026e-06,1.943138061111932e-06,1.0582178861243824e-05,0.0,Germany,DEU,baden-wurttemberg,,,Linux-7.0.0-31-generic-x86_64-with-glibc2.43,3.14.4,3.3.0,24,Intel(R) Core(TM) Ultra 9 285K,1,1 x NVIDIA GeForce RTX 5090,9.2986,48.7383,60.816158294677734,machine,0.0,0.0,0.0,0.0,N
gradient_updates_58,2026-09-12T21:53:31,sac_Ant-v5_seed85062,4a5b87a5-bd62-475b-abc8-89df608da152,4.0856613050000306,4.9107500768177416e-05,1.2019498871188545e-05,30.895543134508763,63.301452247540496,20.0,2.765101323190522e-05,7.856061840397222e-05,2.2696363555557405e-05,0.0001289079951914355,0.0,Germany,DEU,baden-wurttemberg,,,Linux-7.0.0-31-generic-x86_64-with-glibc2.43,3.14.4,3.3.0,24,Intel(R) Core(TM) Ultra 9 285K,1,1 x NVIDIA GeForce RTX 5090,9.2986,48.7383,60.816158294677734,machine,0.0,0.0,0.0,0.0,N
rollout_59,2026-09-12T21:53:31,sac_Ant-v5_seed85062,4a5b87a5-bd62-475b-abc8-89df608da152,0.35595732199908525,4.495964121888855e-06,1.26302034051556e-05,30.858567054906494,63.37965728301592,20.0,2.624032376996599e-06,7.201116871996538e-06,1.976830333337131e-06,1.1801979582330702e-05,0.0,Germany,DEU,baden-wurttemberg,,,Linux-7.0.0-31-generic-x86_64-with-glibc2.43,3.14.4,3.3.0,24,Intel(R) Core(TM) Ultra 9 285K,1,1 x NVIDIA GeForce RTX 5090,9.2986,48.7383,60.816158294677734,machine,0.0,0.0,0.0,0.0,N
gradient_updates_59,2026-09-12T21:53:35,sac_Ant-v5_seed85062,4a5b87a5-bd62-475b-abc8-89df608da152,3.852545240000836,4.674448950140473e-05,1.2133430679529192e-05,30.821368759397615,63.42236156577029,20.0,2.782609920530532e-05,7.346978099800894e-05,2.1409171644447365e-05,0.0001227050518477612,0.0,Germany,DEU,baden-wurttemberg,,,Linux-7.0.0-31-generic-x86_64-with-glibc2.43,3.14.4,3.3.0,24,Intel(R) Core(TM) Ultra 9 285K,1,1 x NVIDIA GeForce RTX 5090,9.2986,48.7383,60.816158294677734,machine,0.0,0.0,0.0,0.0,N
rollout_60,2026-09-12T21:53:35,sac_Ant-v5_seed85062,4a5b87a5-bd62-475b-abc8-89df608da152,0.34888732000035816,4.793977932196058e-06,1.3740884371570955e-05,30.84735794005994,63.521173362023916,20.0,3.3182382101620833e-06,7.329450307985708e-06,1.9365822055581947e-06,1.2584270723706853e-05,0.0,Germany,DEU,baden-wurttemberg,,,Linux-7.0.0-31-generic-x86_64-with-glibc2.43,3.14.4,3.3.0,24,Intel(R) Core(TM) Ultra 9 285K,1,1 x NVIDIA GeForce RTX 5090,9.2986,48.7383,60.816158294677734,machine,0.0,0.0,0.0,0.0,N
gradient_updates_60,2026-09-12T21:53:39,sac_Ant-v5_seed85062,4a5b87a5-bd62-475b-abc8-89df608da152,3.960696256999654,4.887529287189631e-05,1.2340091216325092e-05,30.856995013371492,63.57726608257618,20.0,2.8702799906660248e-05,7.759395096401667e-05,2.2001694783335256e-05,0.0001282984456540126,0.0,Germany,DEU,baden-wurttemberg,,,Linux-7.0.0-31-generic-x86_64-with-glibc2.43,3.14.4,3.3.0,24,Intel(R) Core(TM) Ultra 9 285K,1,1 x NVIDIA GeForce RTX 5090,9.2986,48.7383,60.816158294677734,machine,0.0,0.0,0.0,0.0,N
rollout_61,2026-09-12T21:53:40,sac_Ant-v5_seed85062,4a5b87a5-bd62-475b-abc8-89df608da152,0.3463899170001241,4.006211243284558e-06,1.1565236957399554e-05,30.88116085687174,63.51092847490236,20.0,3.281210124966849e-06,5.311670915969513e-06,1.9234891999986813e-06,1.0516370240935477e-05,0.0,Germany,DEU,baden-wurttemberg,,,Linux-7.0.0-31-generic-x86_64-with-glibc2.43,3.14.4,3.3.0,24,Intel(R) Core(TM) Ultra 9 285K,1,1 x NVIDIA GeForce RTX 5090,9.2986,48.7383,60.816158294677734,machine,0.0,0.0,0.0,0.0,N
gradient_updates_61,2026-09-12T21:53:44,sac_Ant-v5_seed85062,4a5b87a5-bd62-475b-abc8-89df608da152,3.937914030000684,4.7439152091845876e-05,1.2046795739840829e-05,30.884692993900966,63.56349326168879,20.0,2.5850937069624158e-05,7.679506143604131e-05,2.1882554038883326e-05,0.0001245285525445488,0.0,Germany,DEU,baden-wurttemberg,,,Linux-7.0.0-31-generic-x86_64-with-glibc2.43,3.14.4,3.3.0,24,Intel(R) Core(TM) Ultra 9 285K,1,1 x NVIDIA GeForce RTX 5090,9.2986,48.7383,60.816158294677734,machine,0.0,0.0,0.0,0.0,N
rollout_62,2026-09-12T21:53:44,sac_Ant-v5_seed85062,4a5b87a5-bd62-475b-abc8-89df608da152,0.36381319599968265,3.86820882089349e-06,1.0631760167814731e-05,30.857818458195798,63.48013616155545,20.0,2.7892338980428644e-06,5.344448719996064e-06,2.0204290000036366e-06,1.0154111618042999e-05,0.0,Germany,DEU,baden-wurttemberg,,,Linux-7.0.0-31-generic-x86_64-with-glibc2.43,3.14.4,3.3.0,24,Intel(R) Core(TM) Ultra 9 285K,1,1 x NVIDIA GeForce RTX 5090,9.2986,48.7383,60.816158294677734,machine,0.0,0.0,0.0,0.0,N
gradient_updates_62,2026-09-12T21:53:48,sac_Ant-v5_seed85062,4a5b87a5-bd62-475b-abc8-89df608da152,3.885340640999857,4.746289699528606e-05,1.2215903789317304e-05,30.828156083317058,63.52789322991985,20.0,2.7849852002090336e-05,7.515728234799846e-05,2.1583748955557227e-05,0.00012459088330564645,0.0,Germany,DEU,baden-wurttemberg,,,Linux-7.0.0-31-generic-x86_64-with-glibc2.43,3.14.4,3.3.0,24,Intel(R) Core(TM) Ultra 9 285K,1,1 x NVIDIA GeForce RTX 5090,9.2986,48.7383,60.816158294677734,machine,0.0,0.0,0.0,0.0,N
rollout_63,2026-09-12T21:53:48,sac_Ant-v5_seed85062,4a5b87a5-bd62-475b-abc8-89df608da152,0.34740768400115485,4.7409515864065e-06,1.3646099367324029e-05,30.854716990689653,63.61235817490026,20.0,3.327546273149129e-06,7.188339084002182e-06,1.929190338887353e-06,1.2445075696039531e-05,0.0,Germany,DEU,baden-wurttemberg,,,Linux-7.0.0-31-generic-x86_64-with-glibc2.43,3.14.4,3.3.0,24,Intel(R) Core(TM) Ultra 9 285K,1,1 x NVIDIA GeForce RTX 5090,9.2986,48.7383,60.816158294677734,machine,0.0,0.0,0.0,0.0,N
gradient_updates_63,2026-09-12T21:53:52,sac_Ant-v5_seed85062,4a5b87a5-bd62-475b-abc8-89df608da152,3.8835568860013154,4.67776893803987e-05,1.2045110097512256e-05,30.864389605976967,63.647186598419516,20.0,2.7677987420149375e-05,7.354061438799575e-05,2.157360026666449e-05,0.00012279220207481005,0.0,Germany,DEU,baden-wurttemberg,,,Linux-7.0.0-31-generic-x86_64-with-glibc2.43,3.14.4,3.3.0,24,Intel(R) Core(TM) Ultra 9 285K,1,1 x NVIDIA GeForce RTX 5090,9.2986,48.7383,60.816158294677734,machine,0.0,0.0,0.0,0.0,N
rollout_64,2026-09-12T21:53:52,sac_Ant-v5_seed85062,4a5b87a5-bd62-475b-abc8-89df608da152,0.3436202479988424,4.748211324660627e-06,1.3817969067593582e-05,30.889205737708895,63.74276207097047,20.0,3.278158455854996e-06,7.277783599990428e-06,1.9081905722182803e-06,1.246413262806327e-05,0.0,Germany,DEU,baden-wurttemberg,,,Linux-7.0.0-31-generic-x86_64-with-glibc2.43,3.14.4,3.3.0,24,Intel(R) Core(TM) Ultra 9 285K,1,1 x NVIDIA GeForce RTX 5090,9.2986,48.7383,60.816158294677734,machine,0.0,0.0,0.0,0.0,N
gradient_updates_64,2026-09-12T21:53:56,sac_Ant-v5_seed85062,4a5b87a5-bd62-475b-abc8-89df608da152,3.8796197890005715,4.764202222354557e-05,1.2280098295855797e-05,30.89870009512105,63.78870083709624,20.0,2.8235797033052124e-05,7.527367133000618e-05,2.1551621605562458e-05,0.00012506108996862032,0.0,Germany,DEU,baden-wurttemberg,,,Linux-7.0.0-31-generic-x86_64-with-glibc2.43,3.14.4,3.3.0,24,Intel(R) Core(TM) Ultra 9 285K,1,1 x NVIDIA GeForce RTX 5090,9.2986,48.7383,60.816158294677734,machine,0.0,0.0,0.0,0.0,N
rollout_65,2026-09-12T21:53:57,sac_Ant-v5_seed85062,4a5b87a5-bd62-475b-abc8-89df608da152,0.3449819050001679,4.009718583724772e-06,1.1622650504635114e-05,30.921999174724885,63.725711200152425,20.0,3.288110408256051e-06,5.31667091999144e-06,1.9207957388869823e-06,1.0525577067134473e-05,0.0,Germany,DEU,baden-wurttemberg,,,Linux-7.0.0-31-generic-x86_64-with-glibc2.43,3.14.4,3.3.0,24,Intel(R) Core(TM) Ultra 9 285K,1,1 x NVIDIA GeForce RTX 5090,9.2986,48.7383,60.816158294677734,machine,0.0,0.0,0.0,0.0,N
gradient_updates_65,2026-09-12T21:54:00,sac_Ant-v5_seed85062,4a5b87a5-bd62-475b-abc8-89df608da152,3.88592286399944,4.76936728519544e-05,1.2273476251822705e-05,30.93038974728012,63.77085462246615,20.0,2.8248410932046886e-05,7.536144917799636e-05,2.158681360554804e-05,0.0001251966737155913,0.0,Germany,DEU,baden-wurttemberg,,,Linux-7.0.0-31-generic-x86_64-with-glibc2.43,3.14.4,3.3.0,24,Intel(R) Core(TM) Ultra 9 285K,1,1 x NVIDIA GeForce RTX 5090,9.2986,48.7383,60.816158294677734,machine,0.0,0.0,0.0,0.0,N
rollout_66,2026-09-12T21:54:01,sac_Ant-v5_seed85062,4a5b87a5-bd62-475b-abc8-89df608da152,0.3501733869998134,4.7687239045409585e-06,1.3617426130435734e-05,30.95794462450454,63.84503834395538,20.0,3.3923449360984126e-06,7.181394634014904e-06,1.9442389166722876e-06,1.2517978486784737e-05,0.0,Germany,DEU,baden-wurttemberg,,,Linux-7.0.0-31-generic-x86_64-with-glibc2.43,3.14.4,3.3.0,24,Intel(R) Core(TM) Ultra 9 285K,1,1 x NVIDIA GeForce RTX 5090,9.2986,48.7383,60.816158294677734,machine,0.0,0.0,0.0,0.0,N
gradient_updates_66,2026-09-12T21:54:05,sac_Ant-v5_seed85062,4a5b87a5-bd62-475b-abc8-89df608da152,3.9471069160008483,4.6695630655494216e-05,1.1830365294842828e-05,30.963940518645938,63.880529720102025,20.0,2.5322339980080044e-05,7.532783804001242e-05,2.1926618555557272e-05,0.00012257679657565017,0.0,Germany,DEU,baden-wurttemberg,,,Linux-7.0.0-31-generic-x86_64-with-glibc2.43,3.14.4,3.3.0,24,Intel(R) Core(TM) Ultra 9 285K,1,1 x NVIDIA GeForce RTX 5090,9.2986,48.7383,60.816158294677734,machine,0.0,0.0,0.0,0.0,N
rollout_67,2026-09-12T21:54:05,sac_Ant-v5_seed85062,4a5b87a5-bd62-475b-abc8-89df608da152,0.343378235000273,4.728162982728726e-06,1.3769112937562502e-05,30.98735923641812,63.96181263253376,20.0,3.2975540269208903e-06,7.197505757977618e-06,1.916445616674013e-06,1.2411505401571654e-05,0.0,Germany,DEU,baden-wurttemberg,,,Linux-7.0.0-31-generic-x86_64-with-glibc2.43,3.14.4,3.3.0,24,Intel(R) Core(TM) Ultra 9 285K,1,1 x NVIDIA GeForce RTX 5090,9.2986,48.7383,60.816158294677734,machine,0.0,0.0,0.0,0.0,N
gradient_updates_67,2026-09-12T21:54:09,sac_Ant-v5_seed85062,4a5b87a5-bd62-475b-abc8-89df608da152,3.868934360001731,4.679790931400637e-05,1.2095834798327336e-05,30.995123061344234,63.99531964619828,20.0,2.761142542245798e-05,7.37414478820253e-05,2.1492406427781312e-05,0.00012284527973226503,0.0,Germany,DEU,baden-wurttemberg,,,Linux-7.0.0-31-generic-x86_64-with-glibc2.43,3.14.4,3.3.0,24,Intel(R) Core(TM) Ultra 9 285K,1,1 x NVIDIA GeForce RTX 5090,9.2986,48.7383,60.816158294677734,machine,0.0,0.0,0.0,0.0,N
rollout_68,2026-09-12T21:54:09,sac_Ant-v5_seed85062,4a5b87a5-bd62-475b-abc8-89df608da152,0.3454531639999914,4.7439738845439505e-06,1.3732572934060542e-05,31.01792025847022,64.07709589151938,20.0,3.299469861800519e-06,7.235839121988441e-06,1.917700294446281e-06,1.2453009278235241e-05,0.0,Germany,DEU,baden-wurttemberg,,,Linux-7.0.0-31-generic-x86_64-with-glibc2.43,3.14.4,3.3.0,24,Intel(R) Core(TM) Ultra 9 285K,1,1 x NVIDIA GeForce RTX 5090,9.2986,48.7383,60.816158294677734,machine,0.0,0.0,0.0,0.0,N
gradient_updates_68,2026-09-12T21:54:13,sac_Ant-v5_seed85062,4a5b87a5-bd62-475b-abc8-89df608da152,3.8696154200006276,4.676336812963963e-05,1.2084771504395273e-05,31.02535147766172,64.10839759717189,20.0,2.7641891835711307e-05,7.361644778200449e-05,2.149626893889131e-05,0.0001227546085566071,0.0,Germany,DEU,baden-wurttemberg,,,Linux-7.0.0-31-generic-x86_64-with-glibc2.43,3.14.4,3.3.0,24,Intel(R) Core(TM) Ultra 9 285K,1,1 x NVIDIA GeForce RTX 5090,9.2986,48.7383,60.816158294677734,machine,0.0,0.0,0.0,0.0,N
rollout_69,2026-09-12T21:54:14,sac_Ant-v5_seed85062,4a5b87a5-bd62-475b-abc8-89df608da152,0.347619725000186,4.046102642880044e-06,1.1639153016389728e-05,31.045541023153888,64.05081400539825,20.0,3.291670966659721e-06,5.399170986020163e-06,1.930243866667559e-06,1.062108581934701e-05,0.0,Germany,DEU,baden-wurttemberg,,,Linux-7.0.0-31-generic-x86_64-with-glibc2.43,3.14.4,3.3.0,24,Intel(R) Core(TM) Ultra 9 285K,1,1 x NVIDIA GeForce RTX 5090,9.2986,48.7383,60.816158294677734,machine,0.0,0.0,0.0,0.0,N
gradient_updates_69,2026-09-12T21:54:17,sac_Ant-v5_seed85062,4a5b87a5-bd62-475b-abc8-89df608da152,3.8735565339993627,4.751152568565047e-05,1.2265631493564451e-05,31.050828888653495,64.09501885975689,20.0,2.748406559834049e-05,7.57161716840038e-05,2.1518297133328243e-05,0.00012471853441567253,0.0,Germany,DEU,baden-wurttemberg,,,Linux-7.0.0-31-generic-x86_64-with-glibc2.43,3.14.4,3.3.0,24,Intel(R) Core(TM) Ultra 9 285K,1,1 x NVIDIA GeForce RTX 5090,9.2986,48.7383,60.816158294677734,machine,0.0,0.0,0.0,0.0,N
rollout_70,2026-09-12T21:54:18,sac_Ant-v5_seed85062,4a5b87a5-bd62-475b-abc8-89df608da152,0.35165356900142797,4.123065099333016e-06,1.1723849051264404e-05,31.072663841555716,64.04197562933727,20.0,3.359402965294467e-06,5.511671076013913e-06,1.952039488899073e-06,1.0823113530207887e-05,0.0,Germany,DEU,baden-wurttemberg,,,Linux-7.0.0-31-generic-x86_64-with-glibc2.43,3.14.4,3.3.0,24,Intel(R) Core(TM) Ultra 9 285K,1,1 x NVIDIA GeForce RTX 5090,9.2986,48.7383,60.816158294677734,machine,0.0,0.0,0.0,0.0,N
gradient_updates_70,2026-09-12T21:54:22,sac_Ant-v5_seed85062,4a5b87a5-bd62-475b-abc8-89df608da152,3.9497821599998133,4.871737688964296e-05,1.2334228512503893e-05,31.079328958575626,64.08983973546106,20.0,2.806974773356119e-05,7.787311785398265e-05,2.1941048022230004e-05,0.00012788391360977341,0.0,Germany,DEU,baden-wurttemberg,,,Linux-7.0.0-31-generic-x86_64-with-glibc2.43,3.14.4,3.3.0,24,Intel(R) Core(TM) Ultra 9 285K,1,1 x NVIDIA GeForce RTX 5090,9.2986,48.7383,60.816158294677734,machine,0.0,0.0,0.0,0.0,N
rollout_71,2026-09-12T21:54:22,sac_Ant-v5_seed85062,4a5b87a5-bd62-475b-abc8-89df608da152,0.3513941519995569,3.824488140514483e-06,1.0883434217807392e-05,31.05224077057921,64.03162402563557,20.0,2.6629085192186874e-06,5.425004339976169e-06,1.951431255555608e-06,1.0039344114750465e-05,0.0,Germany,DEU,baden-wurttemberg,,,Linux-7.0.0-31-generic-x86_64-with-glibc2.43,3.14.4,3.3.0,24,Intel(R) Core(TM) Ultra 9 285K,1,1 x NVIDIA GeForce RTX 5090,9.2986,48.7383,60.816158294677734,machine,0.0,0.0,0.0,0.0,N
gradient_updates_71,2026-09-12T21:54:26,sac_Ant-v5_seed85062,4a5b87a5-bd62-475b-abc8-89df608da152,3.879482085001655,4.774775069948511e-05,1.2307792274742022e-05,31.023705180412417,64.0738977230006,20.0,2.809407691968524e-05,7.56939494440112e-05,2.1550602588882393e-05,0.0001253386289525784,0.0,Germany,DEU,baden-wurttemberg,,,Linux-7.0.0-31-generic-x86_64-with-glibc2.43,3.14.4,3.3.0,24,Intel(R) Core(TM) Ultra 9 285K,1,1 x NVIDIA GeForce RTX 5090,9.2986,48.7383,60.816158294677734,machine,0.0,0.0,0.0,0.0,N
rollout_72,2026-09-12T21:54:26,sac_Ant-v5_seed85062,4a5b87a5-bd62-475b-abc8-89df608da152,0.34804155200072273,4.764678423312303e-06,1.3689803629436704e-05,31.041050969335345,64.15196365049631,20.0,3.266358446413209e-06,7.308616957996117e-06,1.9323836277789115e-06,1.2507359032187804e-05,0.0,Germany,DEU,baden-wurttemberg,,,Linux-7.0.0-31-generic-x86_64-with-glibc2.43,3.14.4,3.3.0,24,Intel(R) Core(TM) Ultra 9 285K,1,1 x NVIDIA GeForce RTX 5090,9.2986,48.7383,60.816158294677734,machine,0.0,0.0,0.0,0.0,N
gradient_updates_72,2026-09-12T21:54:30,sac_Ant-v5_seed85062,4a5b87a5-bd62-475b-abc8-89df608da152,3.9031767689994012,4.7539003627109985e-05,1.217959244049523e-05,31.04376356075197,64.1919109466515,20.0,2.712797670235967e-05,7.59853385660092e-05,2.1677349194447124e-05,0.000124790664462816,0.0,Germany,DEU,baden-wurttemberg,,,Linux-7.0.0-31-generic-x86_64-with-glibc2.43,3.14.4,3.3.0,24,Intel(R) Core(TM) Ultra 9 285K,1,1 x NVIDIA GeForce RTX 5090,9.2986,48.7383,60.816158294677734,machine,0.0,0.0,0.0,0.0,N
rollout_73,2026-09-12T21:54:31,sac_Ant-v5_seed85062,4a5b87a5-bd62-475b-abc8-89df608da152,0.3421104449989798,4.043509521286723e-06,1.181892044524867e-05,31.064534687075643,64.14629779929183,20.0,3.265510945732464e-06,5.4488932479945795e-06,1.8998746388913454e-06,1.0614278832619256e-05,0.0,Germany,DEU,baden-wurttemberg,,,Linux-7.0.0-31-generic-x86_64-with-glibc2.43,3.14.4,3.3.0,24,Intel(R) Core(TM) Ultra 9 285K,1,1 x NVIDIA GeForce RTX 5090,9.2986,48.7383,60.816158294677734,machine,0.0,0.0,0.0,0.0,N
gradient_updates_73,2026-09-12T21:54:35,sac_Ant-v5_seed85062,4a5b87a5-bd62-475b-abc8-89df608da152,3.927524654998706,4.717694576697375e-05,1.2011917601704563e-05,31.06864743190918,64.18003658527984,20.0,2.6485159243680445e-05,7.55370048740045e-05,2.1818092522224095e-05,0.00012384025663990904,0.0,Germany,DEU,baden-wurttemberg,,,Linux-7.0.0-31-generic-x86_64-with-glibc2.43,3.14.4,3.3.0,24,Intel(R) Core(TM) Ultra 9 285K,1,1 x NVIDIA GeForce RTX 5090,9.2986,48.7383,60.816158294677734,machine,0.0,0.0,0.0,0.0,N
rollout_74,2026-09-12T21:54:35,sac_Ant-v5_seed85062,4a5b87a5-bd62-475b-abc8-89df608da152,0.35805149000043457,3.8603706512437e-06,1.0780955917254836e-05,31.043796627351824,64.11616683390916,20.0,2.7295891281142737e-06,5.4158376660007335e-06,1.988109500002458e-06,1.0133536294117465e-05,0.0,Germany,DEU,baden-wurttemberg,,,Linux-7.0.0-31-generic-x86_64-with-glibc2.43,3.14.4,3.3.0,24,Intel(R) Core(TM) Ultra 9 285K,1,1 x NVIDIA GeForce RTX 5090,9.2986,48.7383,60.816158294677734,machine,0.0,0.0,0.0,0.0,N
gradient_updates_74,2026-09-12T21:54:39,sac_Ant-v5_seed85062,4a5b87a5-bd62-475b-abc8-89df608da152,3.884174279000945,4.782805408648158e-05,1.2313591365405926e-05,31.01752672533878,64.15547687972058,20.0,2.8308682924707562e-05,7.566339386400056e-05,2.1577349872222828e-05,0.00012554942666093138,0.0,Germany,DEU,baden-wurttemberg,,,Linux-7.0.0-31-generic-x86_64-with-glibc2.43,3.14.4,3.3.0,24,Intel(R) Core(TM) Ultra 9 285K,1,1 x NVIDIA GeForce RTX 5090,9.2986,48.7383,60.816158294677734,machine,0.0,0.0,0.0,0.0,N
rollout_75,2026-09-12T21:54:39,sac_Ant-v5_seed85062,4a5b87a5-bd62-475b-abc8-89df608da152,0.35293263099993055,4.789071936982248e-06,1.3569069505694245e-05,31.037530084393545,64.21914451912397,20.0,3.3619463006701045e-06,7.249450243995703e-06,1.959995861115088e-06,1.2571392405780896e-05,0.0,Germany,DEU,baden-wurttemberg,,,Linux-7.0.0-31-generic-x86_64-with-glibc2.43,3.14.4,3.3.0,24,Intel(R) Core(TM) Ultra 9 285K,1,1 x NVIDIA GeForce RTX 5090,9.2986,48.7383,60.816158294677734,machine,0.0,0.0,0.0,0.0,N
gradient_updates_75,2026-09-12T21:54:43,sac_Ant-v5_seed85062,4a5b87a5-bd62-475b-abc8-89df608da152,3.9415695480001887,4.7172291342959145e-05,1.1967928295342944e-05,31.04095233160466,64.25068999765539,20.0,2.6266806291197486e-05,7.566450497598076e-05,2.1896727433330567e-05,0.00012382803870050925,0.0,Germany,DEU,baden-wurttemberg,,,Linux-7.0.0-31-generic-x86_64-with-glibc2.43,3.14.4,3.3.0,24,Intel(R) Core(TM) Ultra 9 285K,1,1 x NVIDIA GeForce RTX 5090,9.2986,48.7383,60.816158294677734,machine,0.0,0.0,0.0,0.0,N
rollout_76,2026-09-12T21:54:43,sac_Ant-v5_seed85062,4a5b87a5-bd62-475b-abc8-89df608da152,0.35743673000069975,4.563629302230081e-06,1.2767486231700685e-05,31.01797953983786,64.30744539321357,20.0,2.74160941550472e-06,7.253894692027529e-06,1.984097683331923e-06,1.1979601790864172e-05,0.0,Germany,DEU,baden-wurttemberg,,,Linux-7.0.0-31-generic-x86_64-with-glibc2.43,3.14.4,3.3.0,24,Intel(R) Core(TM) Ultra 9 285K,1,1 x NVIDIA GeForce RTX 5090,9.2986,48.7383,60.816158294677734,machine,0.0,0.0,0.0,0.0,N
gradient_updates_76,2026-09-12T21:54:47,sac_Ant-v5_seed85062,4a5b87a5-bd62-475b-abc8-89df608da152,3.8652510219999385,4.717631057610423e-05,1.220525803408779e-05,30.994051419302693,64.33512012266203,20.0,2.8654921257240118e-05,7.371061452399186e-05,2.147305347222463e-05,0.00012383858925345617,0.0,Germany,DEU,baden-wurttemberg,,,Linux-7.0.0-31-generic-x86_64-with-glibc2.43,3.14.4,3.3.0,24,Intel(R) Core(TM) Ultra 9 285K,1,1 x NVIDIA GeForce RTX 5090,9.2986,48.7383,60.816158294677734,machine,0.0,0.0,0.0,0.0,N
rollout_77,2026-09-12T21:54:48,sac_Ant-v5_seed85062,4a5b87a5-bd62-475b-abc8-89df608da152,0.34532576099991275,4.771180432641686e-06,1.3816185252607956e-05,31.016933304202166,64.40763411012149,20.0,3.3391937824672757e-06,7.267783592002086e-06,1.9174495388850007e-06,1.2524426913353495e-05,0.0,Germany,DEU,baden-wurttemberg,,,Linux-7.0.0-31-generic-x86_64-with-glibc2.43,3.14.4,3.3.0,24,Intel(R) Core(TM) Ultra 9 285K,1,1 x NVIDIA GeForce RTX 5090,9.2986,48.7383,60.816158294677734,machine,0.0,0.0,0.0,0.0,N
gradient_updates_77,2026-09-12T21:54:52,sac_Ant-v5_seed85062,4a5b87a5-bd62-475b-abc8-89df608da152,3.9226900539997587,4.750070649907519e-05,1.210923990089146e-05,31.024156873101862,64.44018314312407,20.0,2.7075401938067567e-05,7.582200510200532e-05,2.1792726833337085e-05,0.0001246901338734091,0.0,Germany,DEU,baden-wurttemberg,,,Linux-7.0.0-31-generic-x86_64-with-glibc2.43,3.14.4,3.3.0,24,Intel(R) Core(TM) Ultra 9 285K,1,1 x NVIDIA GeForce RTX 5090,9.2986,48.7383,60.816158294677734,machine,0.0,0.0,0.0,0.0,N
rollout_78,2026-09-12T21:54:52,sac_Ant-v5_seed85062,4a5b87a5-bd62-475b-abc8-89df608da152,0.36016778200064437,4.5622390234967974e-06,1.2666151478138708e-05,30.99837337329596,64.49173200062455,20.0,2.706327998383551e-06,7.269728037995193e-06,1.999896250001656e-06,1.1975952286380834e-05,0.0,Germany,DEU,baden-wurttemberg,,,Linux-7.0.0-31-generic-x86_64-with-glibc2.43,3.14.4,3.3.0,24,Intel(R) Core(TM) Ultra 9 285K,1,1 x NVIDIA GeForce RTX 5090,9.2986,48.7383,60.816158294677734,machine,0.0,0.0,0.0,0.0,N
gradient_updates_78,2026-09-12T21:54:56,sac_Ant-v5_seed85062,4a5b87a5-bd62-475b-abc8-89df608da152,3.8655447109995293,4.694743661057526e-05,1.214512534119445e-05,30.971216242217107,64.5194553703155,20.0,2.7725933847394524e-05,7.403811478601252e-05,2.147374270554999e-05,0.00012323779133895617,0.0,Germany,DEU,baden-wurttemberg,,,Linux-7.0.0-31-generic-x86_64-with-glibc2.43,3.14.4,3.3.0,24,Intel(R) Core(TM) Ultra 9 285K,1,1 x NVIDIA GeForce RTX 5090,9.2986,48.7383,60.816158294677734,machine,0.0,0.0,0.0,0.0,N
rollout_79,2026-09-12T21:54:56,sac_Ant-v5_seed85062,4a5b87a5-bd62-475b-abc8-89df608da152,0.3485600840012921,4.7606702389168046e-06,1.365766497140683e-05,30.98713232432361,64.58635716045546,20.0,3.2671720581883834e-06,7.2941725019759485e-06,1.935492922227125e-06,1.2496837482391457e-05,0.0,Germany,DEU,baden-wurttemberg,,,Linux-7.0.0-31-generic-x86_64-with-glibc2.43,3.14.4,3.3.0,24,Intel(R) Core(TM) Ultra 9 285K,1,1 x NVIDIA GeForce RTX 5090,9.2986,48.7383,60.816158294677734,machine,0.0,0.0,0.0,0.0,N
gradient_updates_79,2026-09-12T21:55:00,sac_Ant-v5_seed85062,4a5b87a5-bd62-475b-abc8-89df608da152,3.9545418609995977,4.6981788960448814e-05,1.1880517581084659e-05,30.986744092476023,64.61476388565028,20.0,2.532900276318306e-05,7.60306163800073e-05,2.196834767777961e-05,0.00012332796682096997,0.0,Germany,DEU,baden-wurttemberg,,,Linux-7.0.0-31-generic-x86_64-with-glibc2.43,3.14.4,3.3.0,24,Intel(R) Core(TM) Ultra 9 285K,1,1 x NVIDIA GeForce RTX 5090,9.2986,48.7383,60.816158294677734,machine,0.0,0.0,0.0,0.0,N
rollout_80,2026-09-12T21:55:00,sac_Ant-v5_seed85062,4a5b87a5-bd62-475b-abc8-89df608da152,0.3571748350004782,4.635548542380151e-06,1.2978385888287894e-05,30.96525015492389,64.67857031766589,20.0,2.739948303076556e-06,7.4455615119983776e-06,1.9828811611156266e-06,1.216839097619056e-05,0.0,Germany,DEU,baden-wurttemberg,,,Linux-7.0.0-31-generic-x86_64-with-glibc2.43,3.14.4,3.3.0,24,Intel(R) Core(TM) Ultra 9 285K,1,1 x NVIDIA GeForce RTX 5090,9.2986,48.7383,60.816158294677734,machine,0.0,0.0,0.0,0.0,N
gradient_updates_80,2026-09-12T21:55:04,sac_Ant-v5_seed85062,4a5b87a5-bd62-475b-abc8-89df608da152,3.9160352620001504,4.873147178274112e-05,1.2444084816194722e-05,30.943717878160587,64.71284852702384,20.0,2.967317234961464e-05,7.649617230801042e-05,2.1751568277775506e-05,0.000127920912935401,0.0,Germany,DEU,baden-wurttemberg,,,Linux-7.0.0-31-generic-x86_64-with-glibc2.43,3.14.4,3.3.0,24,Intel(R) Core(TM) Ultra 9 285K,1,1 x NVIDIA GeForce RTX 5090,9.2986,48.7383,60.816158294677734,machine,0.0,0.0,0.0,0.0,N
rollout_81,2026-09-12T21:55:05,sac_Ant-v5_seed85062,4a5b87a5-bd62-475b-abc8-89df608da152,0.3470352049989742,4.824506003640525e-06,1.3901926591830154e-05,30.96892306754491,64.78128090921899,20.0,3.40624744722684e-06,7.331116975983765e-06,1.927042988892052e-06,1.266440741210309e-05,0.0,Germany,DEU,baden-wurttemberg,,,Linux-7.0.0-31-generic-x86_64-with-glibc2.43,3.14.4,3.3.0,24,Intel(R) Core(TM) Ultra 9 285K,1,1 x NVIDIA GeForce RTX 5090,9.2986,48.7383,60.816158294677734,machine,0.0,0.0,0.0,0.0,N
gradient_updates_81,2026-09-12T21:55:09,sac_Ant-v5_seed85062,4a5b87a5-bd62-475b-abc8-89df608da152,3.9486909600000217,4.701286929229172e-05,1.190596868681784e-05,30.975943395672385,64.80849723258349,20.0,2.543996785195346e-05,7.603478305001632e-05,2.193480230000414e-05,0.00012340955320197348,0.0,Germany,DEU,baden-wurttemberg,,,Linux-7.0.0-31-generic-x86_64-with-glibc2.43,3.14.4,3.3.0,24,Intel(R) Core(TM) Ultra 9 285K,1,1 x NVIDIA GeForce RTX 5090,9.2986,48.7383,60.816158294677734,machine,0.0,0.0,0.0,0.0,N
rollout_82,2026-09-12T21:55:09,sac_Ant-v5_seed85062,4a5b87a5-bd62-475b-abc8-89df608da152,0.35379285299859475,4.580948720627788e-06,1.294725247713325e-05,30.95190082452054,64.87091510656235,20.0,2.6626201856533305e-06,7.397783695989313e-06,1.9646616666656007e-06,1.2025065548308678e-05,0.0,Germany,DEU,baden-wurttemberg,,,Linux-7.0.0-31-generic-x86_64-with-glibc2.43,3.14.4,3.3.0,24,Intel(R) Core(TM) Ultra 9 285K,1,1 x NVIDIA GeForce RTX 5090,9.2986,48.7383,60.816158294677734,machine,0.0,0.0,0.0,0.0,N
gradient_updates_82,2026-09-12T21:55:13,sac_Ant-v5_seed85062,4a5b87a5-bd62-475b-abc8-89df608da152,3.8715225439991627,4.730760378823459e-05,1.2219403627740771e-05,30.926977576303603,64.8971506269573,20.0,2.813861556642816e-05,7.453561518402929e-05,2.1509005338885e-05,0.00012418323608934245,0.0,Germany,DEU,baden-wurttemberg,,,Linux-7.0.0-31-generic-x86_64-with-glibc2.43,3.14.4,3.3.0,24,Intel(R) Core(TM) Ultra 9 285K,1,1 x NVIDIA GeForce RTX 5090,9.2986,48.7383,60.816158294677734,machine,0.0,0.0,0.0,0.0,N
rollout_83,2026-09-12T21:55:13,sac_Ant-v5_seed85062,4a5b87a5-bd62-475b-abc8-89df608da152,0.34599583899944264,4.792776009292406e-06,1.3851973160862292e-05,30.945502089738266,64.96867563656264,20.0,3.294095413053366e-06,7.3736170099758525e-06,1.9134032333365664e-06,1.2581115656365785e-05,0.0,Germany,DEU,baden-wurttemberg,,,Linux-7.0.0-31-generic-x86_64-with-glibc2.43,3.14.4,3.3.0,24,Intel(R) Core(TM) Ultra 9 285K,1,1 x NVIDIA GeForce RTX 5090,9.2986,48.7383,60.816158294677734,machine,0.0,0.0,0.0,0.0,N
gradient_updates_83,2026-09-12T21:55:17,sac_Ant-v5_seed85062,4a5b87a5-bd62-475b-abc8-89df608da152,3.9552170040005876,4.781683823685927e-05,1.208958745384667e-05,30.94787382618901,65.00432002324709,20.0,2.5475452880341365e-05,7.807256245798144e-05,2.1971969533337264e-05,0.00012551998487166094,0.0,Germany,DEU,baden-wurttemberg,,,Linux-7.0.0-31-generic-x86_64-with-glibc2.43,3.14.4,3.3.0,24,Intel(R) Core(TM) Ultra 9 285K,1,1 x NVIDIA GeForce RTX 5090,9.2986,48.7383,60.816158294677734,machine,0.0,0.0,0.0,0.0,N
rollout_84,2026-09-12T21:55:18,sac_Ant-v5_seed85062,4a5b87a5-bd62-475b-abc8-89df608da152,0.3536938369998097,3.847757121012117e-06,1.0878527752507906e-05,30.924988162978483,64.95001813568688,20.0,2.669232135391053e-06,5.467226596028718e-06,1.963966838896495e-06,1.0100425570315832e-05,0.0,Germany,DEU,baden-wurttemberg,,,Linux-7.0.0-31-generic-x86_64-with-glibc2.43,3.14.4,3.3.0,24,Intel(R) Core(TM) Ultra 9 285K,1,1 x NVIDIA GeForce RTX 5090,9.2986,48.7383,60.816158294677734,machine,0.0,0.0,0.0,0.0,N
gradient_updates_84,2026-09-12T21:55:21,sac_Ant-v5_seed85062,4a5b87a5-bd62-475b-abc8-89df608da152,3.875474935000966,4.7742185161786e-05,1.231906826020329e-05,30.9007135690422,64.98232342249428,20.0,2.7861278955682023e-05,7.593367185801392e-05,2.1529068511113615e-05,0.0001253240193248087,0.0,Germany,DEU,baden-wurttemberg,,,Linux-7.0.0-31-generic-x86_64-with-glibc2.43,3.14.4,3.3.0,24,Intel(R) Core(TM) Ultra 9 285K,1,1 x NVIDIA GeForce RTX 5090,9.2986,48.7383,60.816158294677734,machine,0.0,0.0,0.0,0.0,N
rollout_85,2026-09-12T21:55:22,sac_Ant-v5_seed85062,4a5b87a5-bd62-475b-abc8-89df608da152,0.35049181599970325,4.075683213334083e-06,1.1628422607148284e-05,30.919553101613033,64.92810686390435,20.0,3.346551843905199e-06,5.406115435979686e-06,1.946068022213362e-06,1.069873530209868e-05,0.0,Germany,DEU,baden-wurttemberg,,,Linux-7.0.0-31-generic-x86_64-with-glibc2.43,3.14.4,3.3.0,24,Intel(R) Core(TM) Ultra 9 285K,1,1 x NVIDIA GeForce RTX 5090,9.2986,48.7383,60.816158294677734,machine,0.0,0.0,0.0,0.0,N
gradient_updates_85,2026-09-12T21:55:26,sac_Ant-v5_seed85062,4a5b87a5-bd62-475b-abc8-89df608da152,3.8747644260001834,4.7836787661200905e-05,1.2345753921265154e-05,30.926283189597125,64.9616977953032,20.0,2.7840442550108868e-05,7.620700540997283e-05,2.1524904477771955e-05,0.00012557235243785408,0.0,Germany,DEU,baden-wurttemberg,,,Linux-7.0.0-31-generic-x86_64-with-glibc2.43,3.14.4,3.3.0,24,Intel(R) Core(TM) Ultra 9 285K,1,1 x NVIDIA GeForce RTX 5090,9.2986,48.7383,60.816158294677734,machine,0.0,0.0,0.0,0.0,N
rollout_86,2026-09-12T21:55:26,sac_Ant-v5_seed85062,4a5b87a5-bd62-475b-abc8-89df608da152,0.34266153699900315,4.787799768917779e-06,1.3971828501781522e-05,30.947765853080515,65.03116505305735,20.0,3.3226971026117935e-06,7.343061430020725e-06,1.9022944111081463e-06,1.2568052943740665e-05,0.0,Germany,DEU,baden-wurttemberg,,,Linux-7.0.0-31-generic-x86_64-with-glibc2.43,3.14.4,3.3.0,24,Intel(R) Core(TM) Ultra 9 285K,1,1 x NVIDIA GeForce RTX 5090,9.2986,48.7383,60.816158294677734,machine,0.0,0.0,0.0,0.0,N
gradient_updates_86,2026-09-12T21:55:30,sac_Ant-v5_seed85062,4a5b87a5-bd62-475b-abc8-89df608da152,3.8778231569995114,4.7420332325783486e-05,1.2228621816262859e-05,30.95721297911603,65.05468932022347,20.0,2.8406508558537213e-05,7.453089295800241e-05,2.1541748833331202e-05,0.0001244791503498717,0.0,Germany,DEU,baden-wurttemberg,,,Linux-7.0.0-31-generic-x86_64-with-glibc2.43,3.14.4,3.3.0,24,Intel(R) Core(TM) Ultra 9 285K,1,1 x NVIDIA GeForce RTX 5090,9.2986,48.7383,60.816158294677734,machine,0.0,0.0,0.0,0.0,N
rollout_87,2026-09-12T21:55:30,sac_Ant-v5_seed85062,4a5b87a5-bd62-475b-abc8-89df608da152,0.35557433899884927,4.864236096516726e-06,1.3679946256040347e-05,30.977512649061488,65.10802460319746,20.0,3.4338319137156015e-06,7.360561444014202e-06,1.974306199998589e-06,1.276869955772926e-05,0.0,Germany,DEU,baden-wurttemberg,,,Linux-7.0.0-31-generic-x86_64-with-glibc2.43,3.14.4,3.3.0,24,Intel(R) Core(TM) Ultra 9 285K,1,1 x NVIDIA GeForce RTX 5090,9.2986,48.7383,60.816158294677734,machine,0.0,0.0,0.0,0.0,N
gradient_updates_87,2026-09-12T21:55:34,sac_Ant-v5_seed85062,4a5b87a5-bd62-475b-abc8-89df608da152,3.8804578130002483,4.801801732842812e-05,1.2374339661640062e-05,30.985587460799632,65.14066079974364,20.0,2.8018190192311e-05,7.647339451199997e-05,2.1556498583332438e-05,0.00012604808328764427,0.0,Germany,DEU,baden-wurttemberg,,,Linux-7.0.0-31-generic-x86_64-with-glibc2.43,3.14.4,3.3.0,24,Intel(R) Core(TM) Ultra 9 285K,1,1 x NVIDIA GeForce RTX 5090,9.2986,48.7383,60.816158294677734,machine,0.0,0.0,0.0,0.0,N
rollout_88,2026-09-12T21:55:34,sac_Ant-v5_seed85062,4a5b87a5-bd62-475b-abc8-89df608da152,0.34344943500036607,4.071423244237857e-06,1.1854287927704252e-05,31.007270336379463,65.09522288673601,20.0,3.3480268450958306e-06,5.432504346009059e-06,1.9070216222241872e-06,1.0687552813328643e-05,0.0,Germany,DEU,baden-wurttemberg,,,Linux-7.0.0-31-generic-x86_64-with-glibc2.43,3.14.4,3.3.0,24,Intel(R) Core(TM) Ultra 9 285K,1,1 x NVIDIA GeForce RTX 5090,9.2986,48.7383,60.816158294677734,machine,0.0,0.0,0.0,0.0,N
gradient_updates_88,2026-09-12T21:55:38,sac_Ant-v5_seed85062,4a5b87a5-bd62-475b-abc8-89df608da152,3.880106403001264,4.808459687940213e-05,1.2392626463992343e-05,31.016740876049237,65.12719704821322,20.0,2.827470678641586e-05,7.639367222597726e-05,2.1554476688884997e-05,0.00012622285570127768,0.0,Germany,DEU,baden-wurttemberg,,,Linux-7.0.0-31-generic-x86_64-with-glibc2.43,3.14.4,3.3.0,24,Intel(R) Core(TM) Ultra 9 285K,1,1 x NVIDIA GeForce RTX 5090,9.2986,48.7383,60.816158294677734,machine,0.0,0.0,0.0,0.0,N
rollout_89,2026-09-12T21:55:39,sac_Ant-v5_seed85062,4a5b87a5-bd62-475b-abc8-89df608da152,0.33990308200009167,4.7063347331953095e-06,1.3845748617027737e-05,31.031452404076344,65.19370702444645,20.0,3.200525338198368e-06,7.2711169279982e-06,1.8825636222269404e-06,1.2354205888423508e-05,0.0,Germany,DEU,baden-wurttemberg,,,Linux-7.0.0-31-generic-x86_64-with-glibc2.43,3.14.4,3.3.0,24,Intel(R) Core(TM) Ultra 9 285K,1,1 x NVIDIA GeForce RTX 5090,9.2986,48.7383,60.816158294677734,machine,0.0,0.0,0.0,0.0,N
gradient_updates_89,2026-09-12T21:55:43,sac_Ant-v5_seed85062,4a5b87a5-bd62-475b-abc8-89df608da152,3.8819926910000504,4.7083011490357124e-05,1.212858563025899e-05,31.034890672348723,65.21475899262069,20.0,2.7576364005535425e-05,7.445200400602037e-05,2.156530961111569e-05,0.00012359367762267148,0.0,Germany,DEU,baden-wurttemberg,,,Linux-7.0.0-31-generic-x86_64-with-glibc2.43,3.14.4,3.3.0,24,Intel(R) Core(TM) Ultra 9 285K,1,1 x NVIDIA GeForce RTX 5090,9.2986,48.7383,60.816158294677734,machine,0.0,0.0,0.0,0.0,N
rollout_90,2026-09-12T21:55:43,sac_Ant-v5_seed85062,4a5b87a5-bd62-475b-abc8-89df608da152,0.36572937199889566,4.701236288492429e-06,1.2853603073600666e-05,31.020113981252074,65.2574180873479,20.0,2.8923489805571245e-06,7.418339267983853e-06,2.0301341388910543e-06,1.2340822387432032e-05,0.0,Germany,DEU,baden-wurttemberg,,,Linux-7.0.0-31-generic-x86_64-with-glibc2.43,3.14.4,3.3.0,24,Intel(R) Core(TM) Ultra 9 285K,1,1 x NVIDIA GeForce RTX 5090,9.2986,48.7383,60.816158294677734,machine,0.0,0.0,0.0,0.0,N
gradient_updates_90,2026-09-12T21:55:47,sac_Ant-v5_seed85062,4a5b87a5-bd62-475b-abc8-89df608da152,3.939321415999075,4.8737706582715166e-05,1.2372121606495184e-05,31.00354487821538,65.28325892231129,20.0,2.9419266590946513e-05,7.663478353001074e-05,2.1883229266667602e-05,0.000127937279387624,0.0,Germany,DEU,baden-wurttemberg,,,Linux-7.0.0-31-generic-x86_64-with-glibc2.43,3.14.4,3.3.0,24,Intel(R) Core(TM) Ultra 9 285K,1,1 x NVIDIA GeForce RTX 5090,9.2986,48.7383,60.816158294677734,machine,0.0,0.0,0.0,0.0,N
rollout_91,2026-09-12T21:55:47,sac_Ant-v5_seed85062,4a5b87a5-bd62-475b-abc8-89df608da152,0.3512158609992184,3.824345073028673e-06,1.0888987228028147e-05,30.98235040923565,65.2318913712772,20.0,2.655024624029223e-06,5.4341710140071164e-06,1.9497729222164688e-06,1.0038968560253242e-05,0.0,Germany,DEU,baden-wurttemberg,,,Linux-7.0.0-31-generic-x86_64-with-glibc2.43,3.14.4,3.3.0,24,Intel(R) Core(TM) Ultra 9 285K,1,1 x NVIDIA GeForce RTX 5090,9.2986,48.7383,60.816158294677734,machine,0.0,0.0,0.0,0.0,N
gradient_updates_91,2026-09-12T21:55:51,sac_Ant-v5_seed85062,4a5b87a5-bd62-475b-abc8-89df608da152,3.862000781999086,4.82236533438608e-05,1.2486719279846413e-05,30.96066640353236,65.2652375465146,20.0,2.8470985276779492e-05,7.666339466400052e-05,2.1453501261112316e-05,0.0001265878812018919,0.0,Germany,DEU,baden-wurttemberg,,,Linux-7.0.0-31-generic-x86_64-with-glibc2.43,3.14.4,3.3.0,24,Intel(R) Core(TM) Ultra 9 285K,1,1 x NVIDIA GeForce RTX 5090,9.2986,48.7383,60.816158294677734,machine,0.0,0.0,0.0,0.0,N
rollout_92,2026-09-12T21:55:51,sac_Ant-v5_seed85062,4a5b87a5-bd62-475b-abc8-89df608da152,0.34936967300018296,4.098589670275404e-06,1.1731264079209888e-05,30.983088666692485,65.21336064784265,20.0,3.4334080245002063e-06,5.385559863985145e-06,1.9398972388950074e-06,1.0758865127380793e-05,0.0,Germany,DEU,baden-wurttemberg,,,Linux-7.0.0-31-generic-x86_64-with-glibc2.43,3.14.4,3.3.0,24,Intel(R) Core(TM) Ultra 9 285K,1,1 x NVIDIA GeForce RTX 5090,9.2986,48.7383,60.816158294677734,machine,0.0,0.0,0.0,0.0,N
gradient_updates_92,2026-09-12T21:55:55,sac_Ant-v5_seed85062,4a5b87a5-bd62-475b-abc8-89df608da152,3.867898817999958,4.817672564881581e-05,1.2455546041814673e-05,30.99367472434752,65.2455151000904,20.0,2.8387011320699096e-05,7.65911723840107e-05,2.1486511527776548e-05,0.0001264646952324859,0.0,Germany,DEU,baden-wurttemberg,,,Linux-7.0.0-31-generic-x86_64-with-glibc2.43,3.14.4,3.3.0,24,Intel(R) Core(TM) Ultra 9 285K,1,1 x NVIDIA GeForce RTX 5090,9.2986,48.7383,60.816158294677734,machine,0.0,0.0,0.0,0.0,N
rollout_93,2026-09-12T21:55:56,sac_Ant-v5_seed85062,4a5b87a5-bd62-475b-abc8-89df608da152,0.3468556699990586,4.04442270407826e-06,1.1660183498260393e-05,31.007923909143773,65.19852812522751,20.0,3.265866779345039e-06,5.424726561981119e-06,1.9260826111047735e-06,1.0616675952430932e-05,0.0,Germany,DEU,baden-wurttemberg,,,Linux-7.0.0-31-generic-x86_64-with-glibc2.43,3.14.4,3.3.0,24,Intel(R) Core(TM) Ultra 9 285K,1,1 x NVIDIA GeForce RTX 5090,9.2986,48.7383,60.816158294677734,machine,0.0,0.0,0.0,0.0,N
gradient_updates_93,2026-09-12T21:56:00,sac_Ant-v5_seed85062,4a5b87a5-bd62-475b-abc8-89df608da152,3.91269879399988,4.863070627357871e-05,1.2428978717749045e-05,31.0108324384467,65.23586153648353,20.0,2.734914410151834e-05,7.857950730802421e-05,2.1727750411113054e-05,0.00012765640182065517,0.0,Germany,DEU,baden-wurttemberg,,,Linux-7.0.0-31-generic-x86_64-with-glibc2.43,3.14.4,3.3.0,24,Intel(R) Core(TM) Ultra 9 285K,1,1 x NVIDIA GeForce RTX 5090,9.2986,48.7383,60.816158294677734,machine,0.0,0.0,0.0,0.0,N
rollout_94,2026-09-12T21:56:00,sac_Ant-v5_seed85062,4a5b87a5-bd62-475b-abc8-89df608da152,0.3576052720000007,3.883872652927882e-06,1.086016751474901e-05,30.993489181966577,65.18158614030743,20.0,2.7654302678925546e-06,5.443893244000408e-06,1.985905922224744e-06,1.0195229434118575e-05,0.0,Germany,DEU,baden-wurttemberg,,,Linux-7.0.0-31-generic-x86_64-with-glibc2.43,3.14.4,3.3.0,24,Intel(R) Core(TM) Ultra 9 285K,1,1 x NVIDIA GeForce RTX 5090,9.2986,48.7383,60.816158294677734,machine,0.0,0.0,0.0,0.0,N
gradient_updates_94,2026-09-12T21:56:04,sac_Ant-v5_seed85062,4a5b87a5-bd62-475b-abc8-89df608da152,3.8535907919995225,4.8341523701822715e-05,1.2544565591398776e-05,30.975226362812045,65.2153906550081,20.0,2.8737284656479845e-05,7.675283917998876e-05,2.140716898889469e-05,0.00012689729282536373,0.0,Germany,DEU,baden-wurttemberg,,,Linux-7.0.0-31-generic-x86_64-with-glibc2.43,3.14.4,3.3.0,24,Intel(R) Core(TM) Ultra 9 285K,1,1 x NVIDIA GeForce RTX 5090,9.2986,48.7383,60.816158294677734,machine,0.0,0.0,0.0,0.0,N
rollout_95,2026-09-12T21:56:04,sac_Ant-v5_seed85062,4a5b87a5-bd62-475b-abc8-89df608da152,0.3510484800008271,4.093655012979772e-06,1.1660903005150486e-05,30.994786497138445,65.16220263679722,20.0,3.420997459022135e-06,5.369170961999625e-06,1.955743149998669e-06,1.0745911571019562e-05,0.0,Germany,DEU,baden-wurttemberg,,,Linux-7.0.0-31-generic-x86_64-with-glibc2.43,3.14.4,3.3.0,24,Intel(R) Core(TM) Ultra 9 285K,1,1 x NVIDIA GeForce RTX 5090,9.2986,48.7383,60.816158294677734,machine,0.0,0.0,0.0,0.0,N
gradient_updates_95,2026-09-12T21:56:08,sac_Ant-v5_seed85062,4a5b87a5-bd62-475b-abc8-89df608da152,4.062488233999829,4.986107089297899e-05,1.2273581495689732e-05,31.00408224242913,65.19224869022375,20.0,2.8177457541953e-05,8.014089744598496e-05,2.2567774144438904e-05,0.00013088612913237686,0.0,Germany,DEU,baden-wurttemberg,,,Linux-7.0.0-31-generic-x86_64-with-glibc2.43,3.14.4,3.3.0,24,Intel(R) Core(TM) Ultra 9 285K,1,1 x NVIDIA GeForce RTX 5090,9.2986,48.7383,60.816158294677734,machine,0.0,0.0,0.0,0.0,N
rollout_96,2026-09-12T21:56:09,sac_Ant-v5_seed85062,4a5b87a5-bd62-475b-abc8-89df608da152,0.35778597699936654,4.845686529902221e-06,1.3543264673904369e-05,31.0208558272301,65.23206726035764,20.0,3.4415288643341313e-06,7.283339160030211e-06,1.9951386166718217e-06,1.272000664103573e-05,0.0,Germany,DEU,baden-wurttemberg,,,Linux-7.0.0-31-generic-x86_64-with-glibc2.43,3.14.4,3.3.0,24,Intel(R) Core(TM) Ultra 9 285K,1,1 x NVIDIA GeForce RTX 5090,9.2986,48.7383,60.816158294677734,machine,0.0,0.0,0.0,0.0,N
gradient_updates_96,2026-09-12T21:56:13,sac_Ant-v5_seed85062,4a5b87a5-bd62-475b-abc8-89df608da152,4.132210353000119,5.0648128222954315e-05,1.2256925185603128e-05,31.02925410433312,65.2542914494161,20.0,3.0099027412536228e-05,7.989784169598613e-05,2.2955298427778867e-05,0.00013295216753630122,0.0,Germany,DEU,baden-wurttemberg,,,Linux-7.0.0-31-generic-x86_64-with-glibc2.43,3.14.4,3.3.0,24,Intel(R) Core(TM) Ultra 9 285K,1,1 x NVIDIA GeForce RTX 5090,9.2986,48.7383,60.816158294677734,machine,0.0,0.0,0.0,0.0,N
rollout_97,2026-09-12T21:56:13,sac_Ant-v5_seed85062,4a5b87a5-bd62-475b-abc8-89df608da152,0.3406114890003664,4.016172212581784e-06,1.1790762746859678e-05,31.0425421789367,65.21561583229371,20.0,3.2037464518797076e-06,5.447504357991573e-06,1.8912671388938637e-06,1.0542517948764277e-05,0.0,Germany,DEU,baden-wurttemberg,,,Linux-7.0.0-31-generic-x86_64-with-glibc2.43,3.14.4,3.3.0,24,Intel(R) Core(TM) Ultra 9 285K,1,1 x NVIDIA GeForce RTX 5090,9.2986,48.7383,60.816158294677734,machine,0.0,0.0,0.0,0.0,N
gradient_updates_97,2026-09-12T21:56:17,sac_Ant-v5_seed85062,4a5b87a5-bd62-475b-abc8-89df608da152,4.16525157399883,5.127781900401626e-05,1.2310890746294184e-05,31.047864610522893,65.24198749407626,20.0,2.9943048954414464e-05,8.152339855199697e-05,2.313866866110806e-05,0.0001346051161675195,0.0,Germany,DEU,baden-wurttemberg,,,Linux-7.0.0-31-generic-x86_64-with-glibc2.43,3.14.4,3.3.0,24,Intel(R) Core(TM) Ultra 9 285K,1,1 x NVIDIA GeForce RTX 5090,9.2986,48.7383,60.816158294677734,machine,0.0,0.0,0.0,0.0,N
rollout_98,2026-09-12T21:56:18,sac_Ant-v5_seed85062,4a5b87a5-bd62-475b-abc8-89df608da152,0.34549945600156207,4.075555372660272e-06,1.1795285913750472e-05,31.0628180734997,65.20204958576772,20.0,3.2861270733430814e-06,5.49361550600258e-06,1.9186571388876347e-06,1.069839971823243e-05,0.0,Germany,DEU,baden-wurttemberg,,,Linux-7.0.0-31-generic-x86_64-with-glibc2.43,3.14.4,3.3.0,24,Intel(R) Core(TM) Ultra 9 285K,1,1 x NVIDIA GeForce RTX 5090,9.2986,48.7383,60.816158294677734,machine,0.0,0.0,0.0,0.0,N
gradient_updates_98,2026-09-12T21:56:22,sac_Ant-v5_seed85062,4a5b87a5-bd62-475b-abc8-89df608da152,4.194948121999914,5.087928114271001e-05,1.2128730281328697e-05,31.068323977057585,65.22550521889008,20.0,2.8787723307943658e-05,8.146756517399267e-05,2.3303659261101565e-05,0.00013355894774303746,0.0,Germany,DEU,baden-wurttemberg,,,Linux-7.0.0-31-generic-x86_64-with-glibc2.43,3.14.4,3.3.0,24,Intel(R) Core(TM) Ultra 9 285K,1,1 x NVIDIA GeForce RTX 5090,9.2986,48.7383,60.816158294677734,machine,0.0,0.0,0.0,0.0,N
rollout_99,2026-09-12T21:56:22,sac_Ant-v5_seed85062,4a5b87a5-bd62-475b-abc8-89df608da152,0.35568346599939105,4.558047477243483e-06,1.281455465114925e-05,31.04695112913707,65.27012183239752,20.0,2.658110182032769e-06,7.331950309996671e-06,1.974888916669946e-06,1.1964949408698952e-05,0.0,Germany,DEU,baden-wurttemberg,,,Linux-7.0.0-31-generic-x86_64-with-glibc2.43,3.14.4,3.3.0,24,Intel(R) Core(TM) Ultra 9 285K,1,1 x NVIDIA GeForce RTX 5090,9.2986,48.7383,60.816158294677734,machine,0.0,0.0,0.0,0.0,N
gradient_updates_99,2026-09-12T21:56:26,sac_Ant-v5_seed85062,4a5b87a5-bd62-475b-abc8-89df608da152,4.144637280000097,5.0612565720592126e-05,1.2211602825003384e-05,31.025048403276248,65.29042597897134,20.0,2.9947406180133584e-05,7.988700835401263e-05,2.3024400850004626e-05,0.0001328588153841504,0.0,Germany,DEU,baden-wurttemberg,,,Linux-7.0.0-31-generic-x86_64-with-glibc2.43,3.14.4,3.3.0,24,Intel(R) Core(TM) Ultra 9 285K,1,1 x NVIDIA GeForce RTX 5090,9.2986,48.7383,60.816158294677734,machine,0.0,0.0,0.0,0.0,N
idle_baseline_tail,2026-09-12T21:57:56,sac_Ant-v5_seed85062,4a5b87a5-bd62-475b-abc8-89df608da152,90.00312156499967,0.0007373450593849418,8.192439525688735e-06,30.999791816914236,65.1803118872956,20.0,0.00036482113519001325,0.0010707086343439975,0.0005000131084944466,0.0019355428780284591,0.0,Germany,DEU,baden-wurttemberg,,,Linux-7.0.0-31-generic-x86_64-with-glibc2.43,3.14.4,3.3.0,24,Intel(R) Core(TM) Ultra 9 285K,1,1 x NVIDIA GeForce RTX 5090,9.2986,48.7383,60.816158294677734,machine,0.0,0.0,0.0,0.0,N
