task_name,timestamp,project_name,run_id,duration,emissions,emissions_rate,cpu_power,gpu_power,ram_power,cpu_energy,gpu_energy,ram_energy,energy_consumed,water_consumed,country_name,country_iso_code,region,cloud_provider,cloud_region,os,python_version,codecarbon_version,cpu_count,cpu_model,gpu_count,gpu_model,longitude,latitude,ram_total_size,tracking_mode,cpu_utilization_percent,gpu_utilization_percent,ram_utilization_percent,ram_used_gb,on_cloud
idle_baseline_head,2026-09-09T22:02:02,td3_Ant-v5_seed43611,f0c67b85-0302-4a9a-8591-e24f5c5041a1,90.00317978300154,0.0006311762559951063,7.0128216130334065e-06,14.607589636647504,13.635439698783053,20.0,0.0004348738242876682,0.0007049652861941258,0.0005170089168055307,0.0016568480272873246,0.0,Germany,DEU,baden-wurttemberg,,,Linux-7.0.0-31-generic-x86_64-with-glibc2.43,3.14.4,3.3.0,24,Intel(R) Core(TM) Ultra 9 285K,1,1 x NVIDIA GeForce RTX 5090,9.2986,48.7383,60.81614685058594,machine,0.0,0.0,0.0,0.0,N
warmup_0,2026-09-09T22:02:04,td3_Ant-v5_seed43611,f0c67b85-0302-4a9a-8591-e24f5c5041a1,1.342190606999793,1.658492034699473e-05,1.2356598929619797e-05,18.8603957029312,28.693779672581275,20.0,1.4156944103324576e-05,2.1923628650055704e-05,7.455115255531101e-06,4.353568800891127e-05,0.0,Germany,DEU,baden-wurttemberg,,,Linux-7.0.0-31-generic-x86_64-with-glibc2.43,3.14.4,3.3.0,24,Intel(R) Core(TM) Ultra 9 285K,1,1 x NVIDIA GeForce RTX 5090,9.2986,48.7383,60.81614685058594,machine,0.0,0.0,0.0,0.0,N
rollout_0,2026-09-09T22:02:04,td3_Ant-v5_seed43611,f0c67b85-0302-4a9a-8591-e24f5c5041a1,0.3434633830038365,3.89041197742981e-06,1.1327077717887064e-05,23.03241656255598,34.363868808403836,20.0,3.4115710625809426e-06,4.895559472251065e-06,1.9052647333915292e-06,1.0212395268223646e-05,0.0,Germany,DEU,baden-wurttemberg,,,Linux-7.0.0-31-generic-x86_64-with-glibc2.43,3.14.4,3.3.0,24,Intel(R) Core(TM) Ultra 9 285K,1,1 x NVIDIA GeForce RTX 5090,9.2986,48.7383,60.81614685058594,machine,0.0,0.0,0.0,0.0,N
gradient_updates_0,2026-09-09T22:02:12,td3_Ant-v5_seed43611,f0c67b85-0302-4a9a-8591-e24f5c5041a1,7.894896329002222,0.00011347881015966752,1.4373697592949287e-05,25.3320998675415,45.175717650963314,20.0,6.012026892951439e-05,0.00019390543290187523,4.3858036611103064e-05,0.00029788373844249257,0.0,Germany,DEU,baden-wurttemberg,,,Linux-7.0.0-31-generic-x86_64-with-glibc2.43,3.14.4,3.3.0,24,Intel(R) Core(TM) Ultra 9 285K,1,1 x NVIDIA GeForce RTX 5090,9.2986,48.7383,60.81614685058594,machine,0.0,0.0,0.0,0.0,N
rollout_1,2026-09-09T22:02:13,td3_Ant-v5_seed43611,f0c67b85-0302-4a9a-8591-e24f5c5041a1,0.25603727099951357,3.6606944497445107e-06,1.4297278515979594e-05,26.871288770567915,51.029989558502244,20.0,2.479006149878893e-06,5.708893455969033e-06,1.421483383374925e-06,9.609382989223068e-06,0.0,Germany,DEU,baden-wurttemberg,,,Linux-7.0.0-31-generic-x86_64-with-glibc2.43,3.14.4,3.3.0,24,Intel(R) Core(TM) Ultra 9 285K,1,1 x NVIDIA GeForce RTX 5090,9.2986,48.7383,60.81614685058594,machine,0.0,0.0,0.0,0.0,N
gradient_updates_1,2026-09-09T22:02:20,td3_Ant-v5_seed43611,f0c67b85-0302-4a9a-8591-e24f5c5041a1,7.8151791429991135,0.00011078681943203447,1.4175870872512705e-05,27.806505852272334,56.39597304739277,20.0,5.509308351887149e-05,0.00019230987607010697,4.3414259027728494e-05,0.00029081721861670684,0.0,Germany,DEU,baden-wurttemberg,,,Linux-7.0.0-31-generic-x86_64-with-glibc2.43,3.14.4,3.3.0,24,Intel(R) Core(TM) Ultra 9 285K,1,1 x NVIDIA GeForce RTX 5090,9.2986,48.7383,60.81614685058594,machine,0.0,0.0,0.0,0.0,N
rollout_2,2026-09-09T22:02:21,td3_Ant-v5_seed43611,f0c67b85-0302-4a9a-8591-e24f5c5041a1,0.2541804819920799,3.3660034474989947e-06,1.324137271367443e-05,27.78471758827902,59.019449942853015,20.0,1.966498517635973e-06,5.4588932558718994e-06,1.410422500015959e-06,8.835814273524048e-06,0.0,Germany,DEU,baden-wurttemberg,,,Linux-7.0.0-31-generic-x86_64-with-glibc2.43,3.14.4,3.3.0,24,Intel(R) Core(TM) Ultra 9 285K,1,1 x NVIDIA GeForce RTX 5090,9.2986,48.7383,60.81614685058594,machine,0.0,0.0,0.0,0.0,N
gradient_updates_2,2026-09-09T22:02:28,td3_Ant-v5_seed43611,f0c67b85-0302-4a9a-8591-e24f5c5041a1,7.784235675993841,0.00010951492412605553,1.406882602592391e-05,27.731451235590924,62.23208831529938,20.0,5.4108350786646886e-05,0.0001901270965458668,4.324302523883586e-05,0.00028747847257134954,0.0,Germany,DEU,baden-wurttemberg,,,Linux-7.0.0-31-generic-x86_64-with-glibc2.43,3.14.4,3.3.0,24,Intel(R) Core(TM) Ultra 9 285K,1,1 x NVIDIA GeForce RTX 5090,9.2986,48.7383,60.81614685058594,machine,0.0,0.0,0.0,0.0,N
rollout_3,2026-09-09T22:02:29,td3_Ant-v5_seed43611,f0c67b85-0302-4a9a-8591-e24f5c5041a1,0.2513338680000743,3.468718670478557e-06,1.3801776608947156e-05,27.79227064230585,64.20605653765881,20.0,1.994133539746923e-06,5.7169490181863125e-06,1.394360861094201e-06,9.105443419027328e-06,0.0,Germany,DEU,baden-wurttemberg,,,Linux-7.0.0-31-generic-x86_64-with-glibc2.43,3.14.4,3.3.0,24,Intel(R) Core(TM) Ultra 9 285K,1,1 x NVIDIA GeForce RTX 5090,9.2986,48.7383,60.81614685058594,machine,0.0,0.0,0.0,0.0,N
gradient_updates_3,2026-09-09T22:02:36,td3_Ant-v5_seed43611,f0c67b85-0302-4a9a-8591-e24f5c5041a1,7.645139540996752,0.00011086878898731436,1.450187014479054e-05,27.84337644465438,66.42225430327973,20.0,6.045068919385138e-05,0.00018811153937803304,4.2470161472253176e-05,0.0002910323900441377,0.0,Germany,DEU,baden-wurttemberg,,,Linux-7.0.0-31-generic-x86_64-with-glibc2.43,3.14.4,3.3.0,24,Intel(R) Core(TM) Ultra 9 285K,1,1 x NVIDIA GeForce RTX 5090,9.2986,48.7383,60.81614685058594,machine,0.0,0.0,0.0,0.0,N
rollout_4,2026-09-09T22:02:37,td3_Ant-v5_seed43611,f0c67b85-0302-4a9a-8591-e24f5c5041a1,0.23933401600515936,2.7275267747079498e-06,1.1396347395055436e-05,28.52629145648117,65.17384823264048,20.0,2.4159199882925475e-06,3.416113844023627e-06,1.3277687000583282e-06,7.159802532374394e-06,0.0,Germany,DEU,baden-wurttemberg,,,Linux-7.0.0-31-generic-x86_64-with-glibc2.43,3.14.4,3.3.0,24,Intel(R) Core(TM) Ultra 9 285K,1,1 x NVIDIA GeForce RTX 5090,9.2986,48.7383,60.81614685058594,machine,0.0,0.0,0.0,0.0,N
gradient_updates_4,2026-09-09T22:02:44,td3_Ant-v5_seed43611,f0c67b85-0302-4a9a-8591-e24f5c5041a1,7.6342172250006115,0.00011070201916609174,1.4500800300431709e-05,29.026378982017295,67.01165320066823,20.0,5.9295685492059824e-05,0.00018888459555199688,4.241433548328737e-05,0.0002905946165273443,0.0,Germany,DEU,baden-wurttemberg,,,Linux-7.0.0-31-generic-x86_64-with-glibc2.43,3.14.4,3.3.0,24,Intel(R) Core(TM) Ultra 9 285K,1,1 x NVIDIA GeForce RTX 5090,9.2986,48.7383,60.81614685058594,machine,0.0,0.0,0.0,0.0,N
rollout_5,2026-09-09T22:02:44,td3_Ant-v5_seed43611,f0c67b85-0302-4a9a-8591-e24f5c5041a1,0.24506358201324474,3.6105842019704647e-06,1.4732848243843549e-05,29.450824379093834,68.23059873163159,20.0,2.3999996977691618e-06,5.718060130055491e-06,1.3597829388648213e-06,9.477842766689691e-06,0.0,Germany,DEU,baden-wurttemberg,,,Linux-7.0.0-31-generic-x86_64-with-glibc2.43,3.14.4,3.3.0,24,Intel(R) Core(TM) Ultra 9 285K,1,1 x NVIDIA GeForce RTX 5090,9.2986,48.7383,60.81614685058594,machine,0.0,0.0,0.0,0.0,N
gradient_updates_5,2026-09-09T22:02:53,td3_Ant-v5_seed43611,f0c67b85-0302-4a9a-8591-e24f5c5041a1,8.501508707005996,0.0001188886971661275,1.3984435563644407e-05,29.747897787353182,69.46453258592493,20.0,6.0028445244934836e-05,0.00020482849719605234,4.722783814997656e-05,0.00031208478059096363,0.0,Germany,DEU,baden-wurttemberg,,,Linux-7.0.0-31-generic-x86_64-with-glibc2.43,3.14.4,3.3.0,24,Intel(R) Core(TM) Ultra 9 285K,1,1 x NVIDIA GeForce RTX 5090,9.2986,48.7383,60.81614685058594,machine,0.0,0.0,0.0,0.0,N
rollout_6,2026-09-09T22:02:53,td3_Ant-v5_seed43611,f0c67b85-0302-4a9a-8591-e24f5c5041a1,0.23686989200359676,2.7657277493235363e-06,1.16753076430012e-05,30.050015264067053,68.59424367620376,20.0,2.294612669019591e-06,3.651114031777425e-06,1.314354016681619e-06,7.260080717478527e-06,0.0,Germany,DEU,baden-wurttemberg,,,Linux-7.0.0-31-generic-x86_64-with-glibc2.43,3.14.4,3.3.0,24,Intel(R) Core(TM) Ultra 9 285K,1,1 x NVIDIA GeForce RTX 5090,9.2986,48.7383,60.81614685058594,machine,0.0,0.0,0.0,0.0,N
gradient_updates_6,2026-09-09T22:03:02,td3_Ant-v5_seed43611,f0c67b85-0302-4a9a-8591-e24f5c5041a1,8.90630723698996,0.00012432190420088034,1.395887906166032e-05,30.26270161477921,69.59308613188453,20.0,6.517139408152711e-05,0.00021169905824813817,4.9476585866634407e-05,0.0003263470381962997,0.0,Germany,DEU,baden-wurttemberg,,,Linux-7.0.0-31-generic-x86_64-with-glibc2.43,3.14.4,3.3.0,24,Intel(R) Core(TM) Ultra 9 285K,1,1 x NVIDIA GeForce RTX 5090,9.2986,48.7383,60.81614685058594,machine,0.0,0.0,0.0,0.0,N
rollout_7,2026-09-09T22:03:02,td3_Ant-v5_seed43611,f0c67b85-0302-4a9a-8591-e24f5c5041a1,0.2426685410027858,3.571325485389465e-06,1.4716546859348853e-05,30.502472705029035,70.42239383431611,20.0,2.3504599359208678e-06,5.68056010008533e-06,1.3437679555661133e-06,9.374787991572528e-06,0.0,Germany,DEU,baden-wurttemberg,,,Linux-7.0.0-31-generic-x86_64-with-glibc2.43,3.14.4,3.3.0,24,Intel(R) Core(TM) Ultra 9 285K,1,1 x NVIDIA GeForce RTX 5090,9.2986,48.7383,60.81614685058594,machine,0.0,0.0,0.0,0.0,N
gradient_updates_7,2026-09-09T22:03:10,td3_Ant-v5_seed43611,f0c67b85-0302-4a9a-8591-e24f5c5041a1,8.064424191004946,0.00011295971888814773,1.400718467938198e-05,30.656098805715306,71.35836896822116,20.0,5.414271692525535e-05,0.00019757932472974638,4.4799073683356606e-05,0.00029652111533835877,0.0,Germany,DEU,baden-wurttemberg,,,Linux-7.0.0-31-generic-x86_64-with-glibc2.43,3.14.4,3.3.0,24,Intel(R) Core(TM) Ultra 9 285K,1,1 x NVIDIA GeForce RTX 5090,9.2986,48.7383,60.81614685058594,machine,0.0,0.0,0.0,0.0,N
rollout_8,2026-09-09T22:03:11,td3_Ant-v5_seed43611,f0c67b85-0302-4a9a-8591-e24f5c5041a1,0.2436622810055269,3.4619018718339e-06,1.4207661978929856e-05,30.454137874727554,72.16708791362598,20.0,1.816335341957298e-06,5.9191714021356034e-06,1.3520424666542538e-06,9.08754921074683e-06,0.0,Germany,DEU,baden-wurttemberg,,,Linux-7.0.0-31-generic-x86_64-with-glibc2.43,3.14.4,3.3.0,24,Intel(R) Core(TM) Ultra 9 285K,1,1 x NVIDIA GeForce RTX 5090,9.2986,48.7383,60.81614685058594,machine,0.0,0.0,0.0,0.0,N
gradient_updates_8,2026-09-09T22:03:18,td3_Ant-v5_seed43611,f0c67b85-0302-4a9a-8591-e24f5c5041a1,7.670446240008459,0.00011335891388323757,1.47786750651525e-05,30.28449718282212,73.05641077570674,20.0,6.14123810743078e-05,0.00019354598816989643,4.26106395055993e-05,0.0002975690087498031,0.0,Germany,DEU,baden-wurttemberg,,,Linux-7.0.0-31-generic-x86_64-with-glibc2.43,3.14.4,3.3.0,24,Intel(R) Core(TM) Ultra 9 285K,1,1 x NVIDIA GeForce RTX 5090,9.2986,48.7383,60.81614685058594,machine,0.0,0.0,0.0,0.0,N
rollout_9,2026-09-09T22:03:19,td3_Ant-v5_seed43611,f0c67b85-0302-4a9a-8591-e24f5c5041a1,0.24110398600168992,2.8024704225154944e-06,1.162381518693577e-05,30.568686879506046,72.14873374314472,20.0,2.467256973802401e-06,3.5516695080506366e-06,1.337604355568212e-06,7.356530837420924e-06,0.0,Germany,DEU,baden-wurttemberg,,,Linux-7.0.0-31-generic-x86_64-with-glibc2.43,3.14.4,3.3.0,24,Intel(R) Core(TM) Ultra 9 285K,1,1 x NVIDIA GeForce RTX 5090,9.2986,48.7383,60.81614685058594,machine,0.0,0.0,0.0,0.0,N
gradient_updates_9,2026-09-09T22:03:26,td3_Ant-v5_seed43611,f0c67b85-0302-4a9a-8591-e24f5c5041a1,7.69667012100399,0.00011260848666317237,1.4630819045249594e-05,30.7798518277806,72.95159942794257,20.0,5.9123566743257694e-05,0.00019371932164213845,4.2756236599961975e-05,0.00029559912498535856,0.0,Germany,DEU,baden-wurttemberg,,,Linux-7.0.0-31-generic-x86_64-with-glibc2.43,3.14.4,3.3.0,24,Intel(R) Core(TM) Ultra 9 285K,1,1 x NVIDIA GeForce RTX 5090,9.2986,48.7383,60.81614685058594,machine,0.0,0.0,0.0,0.0,N
rollout_10,2026-09-09T22:03:27,td3_Ant-v5_seed43611,f0c67b85-0302-4a9a-8591-e24f5c5041a1,0.24917822699353565,3.513336505625358e-06,1.4098974534081374e-05,30.759201174510423,73.37041867988582,20.0,2.1127622457650652e-06,5.7297268059031126e-06,1.3800769166360822e-06,9.222565968304043e-06,0.0,Germany,DEU,baden-wurttemberg,,,Linux-7.0.0-31-generic-x86_64-with-glibc2.43,3.14.4,3.3.0,24,Intel(R) Core(TM) Ultra 9 285K,1,1 x NVIDIA GeForce RTX 5090,9.2986,48.7383,60.81614685058594,machine,0.0,0.0,0.0,0.0,N
gradient_updates_10,2026-09-09T22:03:34,td3_Ant-v5_seed43611,f0c67b85-0302-4a9a-8591-e24f5c5041a1,7.87080997400335,0.00011497528265422188,1.4607814775643455e-05,30.732155508189965,74.01033159321922,20.0,6.270930822296211e-05,0.00019537876741382298,4.3723927655567665e-05,0.00030181200329235276,0.0,Germany,DEU,baden-wurttemberg,,,Linux-7.0.0-31-generic-x86_64-with-glibc2.43,3.14.4,3.3.0,24,Intel(R) Core(TM) Ultra 9 285K,1,1 x NVIDIA GeForce RTX 5090,9.2986,48.7383,60.81614685058594,machine,0.0,0.0,0.0,0.0,N
rollout_11,2026-09-09T22:03:35,td3_Ant-v5_seed43611,f0c67b85-0302-4a9a-8591-e24f5c5041a1,0.2398719839984551,3.6582064338915986e-06,1.525104731320385e-05,30.938558404975993,74.54233387589244,20.0,2.425431107011544e-06,5.846671344178489e-06,1.3307494556001349e-06,9.602851906789951e-06,0.0,Germany,DEU,baden-wurttemberg,,,Linux-7.0.0-31-generic-x86_64-with-glibc2.43,3.14.4,3.3.0,24,Intel(R) Core(TM) Ultra 9 285K,1,1 x NVIDIA GeForce RTX 5090,9.2986,48.7383,60.81614685058594,machine,0.0,0.0,0.0,0.0,N
gradient_updates_11,2026-09-09T22:03:42,td3_Ant-v5_seed43611,f0c67b85-0302-4a9a-8591-e24f5c5041a1,7.688678104997962,0.00011324001967208766,1.4728171371503416e-05,31.092534793339013,75.15543905918571,20.0,5.998433048742119e-05,0.00019455821120195615,4.2714367805537015e-05,0.00029725690949491436,0.0,Germany,DEU,baden-wurttemberg,,,Linux-7.0.0-31-generic-x86_64-with-glibc2.43,3.14.4,3.3.0,24,Intel(R) Core(TM) Ultra 9 285K,1,1 x NVIDIA GeForce RTX 5090,9.2986,48.7383,60.81614685058594,machine,0.0,0.0,0.0,0.0,N
rollout_12,2026-09-09T22:03:43,td3_Ant-v5_seed43611,f0c67b85-0302-4a9a-8591-e24f5c5041a1,0.24843640299513936,2.6308404754492136e-06,1.0589330593570461e-05,30.998388300266555,74.30842008920422,20.0,1.9799768617573266e-06,3.547225059907788e-06,1.3787974888852719e-06,6.905999410550603e-06,0.0,Germany,DEU,baden-wurttemberg,,,Linux-7.0.0-31-generic-x86_64-with-glibc2.43,3.14.4,3.3.0,24,Intel(R) Core(TM) Ultra 9 285K,1,1 x NVIDIA GeForce RTX 5090,9.2986,48.7383,60.81614685058594,machine,0.0,0.0,0.0,0.0,N
gradient_updates_12,2026-09-09T22:03:50,td3_Ant-v5_seed43611,f0c67b85-0302-4a9a-8591-e24f5c5041a1,7.653499355990789,0.00011311757289291999,1.4779867160970382e-05,30.908877331988045,74.90618151608959,20.0,5.959719878882719e-05,0.0001948215447462598,4.2516741155607845e-05,0.0002969354846906946,0.0,Germany,DEU,baden-wurttemberg,,,Linux-7.0.0-31-generic-x86_64-with-glibc2.43,3.14.4,3.3.0,24,Intel(R) Core(TM) Ultra 9 285K,1,1 x NVIDIA GeForce RTX 5090,9.2986,48.7383,60.81614685058594,machine,0.0,0.0,0.0,0.0,N
rollout_13,2026-09-09T22:03:50,td3_Ant-v5_seed43611,f0c67b85-0302-4a9a-8591-e24f5c5041a1,0.23461621400201693,2.732947138624122e-06,1.164868293567723e-05,31.038104034092978,74.22954673616145,20.0,2.296155448035242e-06,3.5705584118250755e-06,1.3073172167221616e-06,7.174031076582696e-06,0.0,Germany,DEU,baden-wurttemberg,,,Linux-7.0.0-31-generic-x86_64-with-glibc2.43,3.14.4,3.3.0,24,Intel(R) Core(TM) Ultra 9 285K,1,1 x NVIDIA GeForce RTX 5090,9.2986,48.7383,60.81614685058594,machine,0.0,0.0,0.0,0.0,N
gradient_updates_13,2026-09-09T22:03:58,td3_Ant-v5_seed43611,f0c67b85-0302-4a9a-8591-e24f5c5041a1,7.693762942988542,0.00011263740308405362,1.4640109615261772e-05,31.128171869878102,74.77723489961564,20.0,5.8021240028065246e-05,0.00019491376704205976,4.274002399445929e-05,0.0002956750310645845,0.0,Germany,DEU,baden-wurttemberg,,,Linux-7.0.0-31-generic-x86_64-with-glibc2.43,3.14.4,3.3.0,24,Intel(R) Core(TM) Ultra 9 285K,1,1 x NVIDIA GeForce RTX 5090,9.2986,48.7383,60.81614685058594,machine,0.0,0.0,0.0,0.0,N
rollout_14,2026-09-09T22:03:58,td3_Ant-v5_seed43611,f0c67b85-0302-4a9a-8591-e24f5c5041a1,0.24986755898862612,3.465472551026326e-06,1.3868537116814802e-05,31.041924018294473,75.02218100017335,20.0,1.9843510319222935e-06,5.726671248096338e-06,1.3859000221904706e-06,9.096922302208668e-06,0.0,Germany,DEU,baden-wurttemberg,,,Linux-7.0.0-31-generic-x86_64-with-glibc2.43,3.14.4,3.3.0,24,Intel(R) Core(TM) Ultra 9 285K,1,1 x NVIDIA GeForce RTX 5090,9.2986,48.7383,60.81614685058594,machine,0.0,0.0,0.0,0.0,N
gradient_updates_14,2026-09-09T22:04:06,td3_Ant-v5_seed43611,f0c67b85-0302-4a9a-8591-e24f5c5041a1,7.871780448011123,0.00011538675955299503,1.465829286643062e-05,30.961222579630434,75.47810706536376,20.0,6.223077645124697e-05,0.00019693210199012157,4.372925846109861e-05,0.0003028921369024676,0.0,Germany,DEU,baden-wurttemberg,,,Linux-7.0.0-31-generic-x86_64-with-glibc2.43,3.14.4,3.3.0,24,Intel(R) Core(TM) Ultra 9 285K,1,1 x NVIDIA GeForce RTX 5090,9.2986,48.7383,60.81614685058594,machine,0.0,0.0,0.0,0.0,N
rollout_15,2026-09-09T22:04:07,td3_Ant-v5_seed43611,f0c67b85-0302-4a9a-8591-e24f5c5041a1,0.2370840980001958,3.67694535001635e-06,1.55085283426179e-05,31.126664604036016,75.89795404152042,20.0,2.4305850000183593e-06,5.9058380579291025e-06,1.3156188111073872e-06,9.652041869054849e-06,0.0,Germany,DEU,baden-wurttemberg,,,Linux-7.0.0-31-generic-x86_64-with-glibc2.43,3.14.4,3.3.0,24,Intel(R) Core(TM) Ultra 9 285K,1,1 x NVIDIA GeForce RTX 5090,9.2986,48.7383,60.81614685058594,machine,0.0,0.0,0.0,0.0,N
gradient_updates_15,2026-09-09T22:04:14,td3_Ant-v5_seed43611,f0c67b85-0302-4a9a-8591-e24f5c5041a1,7.692098191997502,0.00011449620933074844,1.4884923994124994e-05,31.254662061503133,76.3555151975764,20.0,6.144352582145018e-05,0.0001963796015480579,4.273130058888154e-05,0.00030055442795838983,0.0,Germany,DEU,baden-wurttemberg,,,Linux-7.0.0-31-generic-x86_64-with-glibc2.43,3.14.4,3.3.0,24,Intel(R) Core(TM) Ultra 9 285K,1,1 x NVIDIA GeForce RTX 5090,9.2986,48.7383,60.81614685058594,machine,0.0,0.0,0.0,0.0,N
rollout_16,2026-09-09T22:04:14,td3_Ant-v5_seed43611,f0c67b85-0302-4a9a-8591-e24f5c5041a1,0.24131889001000673,2.7856833896434258e-06,1.1543644564946847e-05,31.36416204210076,75.72543725907214,20.0,2.379027458775107e-06,3.5944473197879745e-06,1.3389898221552628e-06,7.312464600717911e-06,0.0,Germany,DEU,baden-wurttemberg,,,Linux-7.0.0-31-generic-x86_64-with-glibc2.43,3.14.4,3.3.0,24,Intel(R) Core(TM) Ultra 9 285K,1,1 x NVIDIA GeForce RTX 5090,9.2986,48.7383,60.81614685058594,machine,0.0,0.0,0.0,0.0,N
gradient_updates_16,2026-09-09T22:04:22,td3_Ant-v5_seed43611,f0c67b85-0302-4a9a-8591-e24f5c5041a1,7.706496579005034,0.00011323329847285788,1.4693241420378781e-05,31.44075391965206,76.15501533017314,20.0,5.826861828153035e-05,0.00019615237914405448,4.281826881108127e-05,0.0002972392662366659,0.0,Germany,DEU,baden-wurttemberg,,,Linux-7.0.0-31-generic-x86_64-with-glibc2.43,3.14.4,3.3.0,24,Intel(R) Core(TM) Ultra 9 285K,1,1 x NVIDIA GeForce RTX 5090,9.2986,48.7383,60.81614685058594,machine,0.0,0.0,0.0,0.0,N
rollout_17,2026-09-09T22:04:22,td3_Ant-v5_seed43611,f0c67b85-0302-4a9a-8591-e24f5c5041a1,0.23520867299521342,3.6542806767800654e-06,1.5536126604946723e-05,31.523782210150415,76.57358417345759,20.0,2.279642379268698e-06,6.008060361883949e-06,1.3048439888127972e-06,9.592546729965228e-06,0.0,Germany,DEU,baden-wurttemberg,,,Linux-7.0.0-31-generic-x86_64-with-glibc2.43,3.14.4,3.3.0,24,Intel(R) Core(TM) Ultra 9 285K,1,1 x NVIDIA GeForce RTX 5090,9.2986,48.7383,60.81614685058594,machine,0.0,0.0,0.0,0.0,N
gradient_updates_17,2026-09-09T22:04:30,td3_Ant-v5_seed43611,f0c67b85-0302-4a9a-8591-e24f5c5041a1,7.755146964002051,0.0001138142118066632,1.4675974443723873e-05,31.579422284924924,76.95142503018701,20.0,5.899544386298722e-05,0.00019668765735003646,4.3081072055550264e-05,0.00029876417326857394,0.0,Germany,DEU,baden-wurttemberg,,,Linux-7.0.0-31-generic-x86_64-with-glibc2.43,3.14.4,3.3.0,24,Intel(R) Core(TM) Ultra 9 285K,1,1 x NVIDIA GeForce RTX 5090,9.2986,48.7383,60.81614685058594,machine,0.0,0.0,0.0,0.0,N
rollout_18,2026-09-09T22:04:30,td3_Ant-v5_seed43611,f0c67b85-0302-4a9a-8591-e24f5c5041a1,0.2352216379949823,3.621944049543059e-06,1.5396686252630934e-05,31.660798522450364,77.29548199119124,20.0,2.295392669653118e-06,5.909726950026339e-06,1.3025429332629186e-06,9.507662552941942e-06,0.0,Germany,DEU,baden-wurttemberg,,,Linux-7.0.0-31-generic-x86_64-with-glibc2.43,3.14.4,3.3.0,24,Intel(R) Core(TM) Ultra 9 285K,1,1 x NVIDIA GeForce RTX 5090,9.2986,48.7383,60.81614685058594,machine,0.0,0.0,0.0,0.0,N
gradient_updates_18,2026-09-09T22:04:39,td3_Ant-v5_seed43611,f0c67b85-0302-4a9a-8591-e24f5c5041a1,8.16818736899586,0.0001168566255059459,1.430633296209927e-05,31.711952679317807,77.6065102511324,20.0,5.707183982411185e-05,0.00020430266344217962,4.5376055877811025e-05,0.0003067505591441023,0.0,Germany,DEU,baden-wurttemberg,,,Linux-7.0.0-31-generic-x86_64-with-glibc2.43,3.14.4,3.3.0,24,Intel(R) Core(TM) Ultra 9 285K,1,1 x NVIDIA GeForce RTX 5090,9.2986,48.7383,60.81614685058594,machine,0.0,0.0,0.0,0.0,N
rollout_19,2026-09-09T22:04:39,td3_Ant-v5_seed43611,f0c67b85-0302-4a9a-8591-e24f5c5041a1,0.2466395469964482,3.5404779665255265e-06,1.4355417845310522e-05,31.61491678656029,77.8584079770221,20.0,1.9086340269022783e-06,6.020282593777182e-06,1.364896127779413e-06,9.293812748459307e-06,0.0,Germany,DEU,baden-wurttemberg,,,Linux-7.0.0-31-generic-x86_64-with-glibc2.43,3.14.4,3.3.0,24,Intel(R) Core(TM) Ultra 9 285K,1,1 x NVIDIA GeForce RTX 5090,9.2986,48.7383,60.81614685058594,machine,0.0,0.0,0.0,0.0,N
gradient_updates_19,2026-09-09T22:04:47,td3_Ant-v5_seed43611,f0c67b85-0302-4a9a-8591-e24f5c5041a1,7.730705555994064,0.00011369550448858332,1.4707014809373625e-05,31.520721807888194,78.18542019158205,20.0,5.8126847612562094e-05,0.00019738015790404795,4.2945559094449736e-05,0.00029845256461105956,0.0,Germany,DEU,baden-wurttemberg,,,Linux-7.0.0-31-generic-x86_64-with-glibc2.43,3.14.4,3.3.0,24,Intel(R) Core(TM) Ultra 9 285K,1,1 x NVIDIA GeForce RTX 5090,9.2986,48.7383,60.81614685058594,machine,0.0,0.0,0.0,0.0,N
rollout_20,2026-09-09T22:04:47,td3_Ant-v5_seed43611,f0c67b85-0302-4a9a-8591-e24f5c5041a1,0.25961131798976567,3.578559162955696e-06,1.3784170350566739e-05,31.46406562506149,78.2540121102936,20.0,2.109693354422626e-06,5.845004676041654e-06,1.4390784833975129e-06,9.393776513861793e-06,0.0,Germany,DEU,baden-wurttemberg,,,Linux-7.0.0-31-generic-x86_64-with-glibc2.43,3.14.4,3.3.0,24,Intel(R) Core(TM) Ultra 9 285K,1,1 x NVIDIA GeForce RTX 5090,9.2986,48.7383,60.81614685058594,machine,0.0,0.0,0.0,0.0,N
gradient_updates_20,2026-09-09T22:04:55,td3_Ant-v5_seed43611,f0c67b85-0302-4a9a-8591-e24f5c5041a1,7.841598162995069,0.00011393358467276038,1.4529391992316979e-05,31.400315952831775,78.55303551269228,20.0,5.571691235127518e-05,0.00019979099316591586,4.3569623483361106e-05,0.0002990775290005517,0.0,Germany,DEU,baden-wurttemberg,,,Linux-7.0.0-31-generic-x86_64-with-glibc2.43,3.14.4,3.3.0,24,Intel(R) Core(TM) Ultra 9 285K,1,1 x NVIDIA GeForce RTX 5090,9.2986,48.7383,60.81614685058594,machine,0.0,0.0,0.0,0.0,N
rollout_21,2026-09-09T22:04:55,td3_Ant-v5_seed43611,f0c67b85-0302-4a9a-8591-e24f5c5041a1,0.24653170400415547,3.538923235595591e-06,1.4354787412853306e-05,31.313073951943085,78.76198761140554,20.0,1.890933734968736e-06,6.031115936000475e-06,1.3676818832917496e-06,9.289731554260744e-06,0.0,Germany,DEU,baden-wurttemberg,,,Linux-7.0.0-31-generic-x86_64-with-glibc2.43,3.14.4,3.3.0,24,Intel(R) Core(TM) Ultra 9 285K,1,1 x NVIDIA GeForce RTX 5090,9.2986,48.7383,60.81614685058594,machine,0.0,0.0,0.0,0.0,N
gradient_updates_21,2026-09-09T22:05:03,td3_Ant-v5_seed43611,f0c67b85-0302-4a9a-8591-e24f5c5041a1,7.814130635000765,0.00011237730329448359,1.4381308522028351e-05,31.220548691126012,79.0414935629068,20.0,5.211821836120789e-05,0.00019946488179400923,4.3409164694458054e-05,0.0002949922648496743,0.0,Germany,DEU,baden-wurttemberg,,,Linux-7.0.0-31-generic-x86_64-with-glibc2.43,3.14.4,3.3.0,24,Intel(R) Core(TM) Ultra 9 285K,1,1 x NVIDIA GeForce RTX 5090,9.2986,48.7383,60.81614685058594,machine,0.0,0.0,0.0,0.0,N
rollout_22,2026-09-09T22:05:03,td3_Ant-v5_seed43611,f0c67b85-0302-4a9a-8591-e24f5c5041a1,0.2462164250027854,2.706589603132265e-06,1.0992004580030215e-05,31.14399811667609,78.56593895755785,20.0,1.8991056859526956e-06,3.840003071964304e-06,1.365733355568246e-06,7.104842113485679e-06,0.0,Germany,DEU,baden-wurttemberg,,,Linux-7.0.0-31-generic-x86_64-with-glibc2.43,3.14.4,3.3.0,24,Intel(R) Core(TM) Ultra 9 285K,1,1 x NVIDIA GeForce RTX 5090,9.2986,48.7383,60.81614685058594,machine,0.0,0.0,0.0,0.0,N
gradient_updates_22,2026-09-09T22:05:11,td3_Ant-v5_seed43611,f0c67b85-0302-4a9a-8591-e24f5c5041a1,7.679796009004349,0.00011467925909004577,1.4932604290999593e-05,31.0725357055935,78.85621950113705,20.0,6.042834362041116e-05,0.00019794238057602165,4.266421238329106e-05,0.00030103493657972387,0.0,Germany,DEU,baden-wurttemberg,,,Linux-7.0.0-31-generic-x86_64-with-glibc2.43,3.14.4,3.3.0,24,Intel(R) Core(TM) Ultra 9 285K,1,1 x NVIDIA GeForce RTX 5090,9.2986,48.7383,60.81614685058594,machine,0.0,0.0,0.0,0.0,N
rollout_23,2026-09-09T22:05:11,td3_Ant-v5_seed43611,f0c67b85-0302-4a9a-8591-e24f5c5041a1,0.23870375800470356,3.731591231750063e-06,1.563263990650104e-05,31.16483849361467,79.11723905402084,20.0,2.3864196869102794e-06,6.085282646006718e-06,1.323785872227659e-06,9.795488205144656e-06,0.0,Germany,DEU,baden-wurttemberg,,,Linux-7.0.0-31-generic-x86_64-with-glibc2.43,3.14.4,3.3.0,24,Intel(R) Core(TM) Ultra 9 285K,1,1 x NVIDIA GeForce RTX 5090,9.2986,48.7383,60.81614685058594,machine,0.0,0.0,0.0,0.0,N
gradient_updates_23,2026-09-09T22:05:19,td3_Ant-v5_seed43611,f0c67b85-0302-4a9a-8591-e24f5c5041a1,7.677580599003704,0.00011406689431527322,1.4857166928425023e-05,31.235197420400986,79.37353712616479,20.0,6.018108370038633e-05,0.00019659599061006006,4.265039468882609e-05,0.0002994274689992731,0.0,Germany,DEU,baden-wurttemberg,,,Linux-7.0.0-31-generic-x86_64-with-glibc2.43,3.14.4,3.3.0,24,Intel(R) Core(TM) Ultra 9 285K,1,1 x NVIDIA GeForce RTX 5090,9.2986,48.7383,60.81614685058594,machine,0.0,0.0,0.0,0.0,N
rollout_24,2026-09-09T22:05:19,td3_Ant-v5_seed43611,f0c67b85-0302-4a9a-8591-e24f5c5041a1,0.2415810039965436,3.796595977181589e-06,1.5715514273910913e-05,31.312970529518687,79.63651075042573,20.0,2.3873349654229825e-06,6.238338324138226e-06,1.3404534388327706e-06,9.966126728393546e-06,0.0,Germany,DEU,baden-wurttemberg,,,Linux-7.0.0-31-generic-x86_64-with-glibc2.43,3.14.4,3.3.0,24,Intel(R) Core(TM) Ultra 9 285K,1,1 x NVIDIA GeForce RTX 5090,9.2986,48.7383,60.81614685058594,machine,0.0,0.0,0.0,0.0,N
gradient_updates_24,2026-09-09T22:05:26,td3_Ant-v5_seed43611,f0c67b85-0302-4a9a-8591-e24f5c5041a1,7.617525838999427,0.00011453192648774651,1.5035345105681966e-05,31.3723276822378,79.89560717574788,20.0,6.077665028794699e-05,0.00019755488026573786,4.231665552781316e-05,0.000300648186081498,0.0,Germany,DEU,baden-wurttemberg,,,Linux-7.0.0-31-generic-x86_64-with-glibc2.43,3.14.4,3.3.0,24,Intel(R) Core(TM) Ultra 9 285K,1,1 x NVIDIA GeForce RTX 5090,9.2986,48.7383,60.81614685058594,machine,0.0,0.0,0.0,0.0,N
rollout_25,2026-09-09T22:05:27,td3_Ant-v5_seed43611,f0c67b85-0302-4a9a-8591-e24f5c5041a1,0.24033638200489804,2.975470740189997e-06,1.2380724414500334e-05,31.449081025818646,79.5505293829903,20.0,2.3909971905711203e-06,4.086114380186245e-06,1.33354793886405e-06,7.810659509620982e-06,0.0,Germany,DEU,baden-wurttemberg,,,Linux-7.0.0-31-generic-x86_64-with-glibc2.43,3.14.4,3.3.0,24,Intel(R) Core(TM) Ultra 9 285K,1,1 x NVIDIA GeForce RTX 5090,9.2986,48.7383,60.81614685058594,machine,0.0,0.0,0.0,0.0,N
gradient_updates_25,2026-09-09T22:05:34,td3_Ant-v5_seed43611,f0c67b85-0302-4a9a-8591-e24f5c5041a1,7.6632376779889455,0.00011471952997427507,1.4970150382314724e-05,31.505566121225876,79.80673241878125,20.0,5.9249841288723515e-05,0.00019932043723391857,4.2570369788882045e-05,0.00030114064831152434,0.0,Germany,DEU,baden-wurttemberg,,,Linux-7.0.0-31-generic-x86_64-with-glibc2.43,3.14.4,3.3.0,24,Intel(R) Core(TM) Ultra 9 285K,1,1 x NVIDIA GeForce RTX 5090,9.2986,48.7383,60.81614685058594,machine,0.0,0.0,0.0,0.0,N
rollout_26,2026-09-09T22:05:35,td3_Ant-v5_seed43611,f0c67b85-0302-4a9a-8591-e24f5c5041a1,0.24333018199831713,3.6845205363699764e-06,1.514080428312206e-05,31.57085174077952,79.9484126574948,20.0,2.396405528230783e-06,5.925282518193242e-06,1.3502388110889652e-06,9.67192685751364e-06,0.0,Germany,DEU,baden-wurttemberg,,,Linux-7.0.0-31-generic-x86_64-with-glibc2.43,3.14.4,3.3.0,24,Intel(R) Core(TM) Ultra 9 285K,1,1 x NVIDIA GeForce RTX 5090,9.2986,48.7383,60.81614685058594,machine,0.0,0.0,0.0,0.0,N
gradient_updates_26,2026-09-09T22:05:43,td3_Ant-v5_seed43611,f0c67b85-0302-4a9a-8591-e24f5c5041a1,7.89147769700503,0.00011411958405952447,1.4461134605035669e-05,31.61144039991511,80.15482307867747,20.0,5.469389736619673e-05,0.00020103321638176297,4.3838666694419976e-05,0.000299565780442379,0.0,Germany,DEU,baden-wurttemberg,,,Linux-7.0.0-31-generic-x86_64-with-glibc2.43,3.14.4,3.3.0,24,Intel(R) Core(TM) Ultra 9 285K,1,1 x NVIDIA GeForce RTX 5090,9.2986,48.7383,60.81614685058594,machine,0.0,0.0,0.0,0.0,N
rollout_27,2026-09-09T22:05:43,td3_Ant-v5_seed43611,f0c67b85-0302-4a9a-8591-e24f5c5041a1,0.24865362999844365,2.6637605073376314e-06,1.0712593595719333e-05,31.534653660492488,79.7023353454407,20.0,1.8912556796757407e-06,3.721114087973376e-06,1.380045266705576e-06,6.99241503435491e-06,0.0,Germany,DEU,baden-wurttemberg,,,Linux-7.0.0-31-generic-x86_64-with-glibc2.43,3.14.4,3.3.0,24,Intel(R) Core(TM) Ultra 9 285K,1,1 x NVIDIA GeForce RTX 5090,9.2986,48.7383,60.81614685058594,machine,0.0,0.0,0.0,0.0,N
gradient_updates_27,2026-09-09T22:05:51,td3_Ant-v5_seed43611,f0c67b85-0302-4a9a-8591-e24f5c5041a1,8.057555015999242,0.00011721999174449339,1.4547856095510164e-05,31.45644716194724,79.91848441457516,20.0,5.601805259218551e-05,0.00020692460998406048,4.4761738905557116e-05,0.0003077044014818033,0.0,Germany,DEU,baden-wurttemberg,,,Linux-7.0.0-31-generic-x86_64-with-glibc2.43,3.14.4,3.3.0,24,Intel(R) Core(TM) Ultra 9 285K,1,1 x NVIDIA GeForce RTX 5090,9.2986,48.7383,60.81614685058594,machine,0.0,0.0,0.0,0.0,N
rollout_28,2026-09-09T22:05:51,td3_Ant-v5_seed43611,f0c67b85-0302-4a9a-8591-e24f5c5041a1,0.25113319599768147,2.725218587982213e-06,1.085165640386991e-05,31.409431456050743,79.4845337423278,20.0,2.0137835554656647e-06,3.7488918878114674e-06,1.3910680610731627e-06,7.153743504351162e-06,0.0,Germany,DEU,baden-wurttemberg,,,Linux-7.0.0-31-generic-x86_64-with-glibc2.43,3.14.4,3.3.0,24,Intel(R) Core(TM) Ultra 9 285K,1,1 x NVIDIA GeForce RTX 5090,9.2986,48.7383,60.81614685058594,machine,0.0,0.0,0.0,0.0,N
gradient_updates_28,2026-09-09T22:05:59,td3_Ant-v5_seed43611,f0c67b85-0302-4a9a-8591-e24f5c5041a1,7.682523144001607,0.00011564430294583837,1.5052922421713748e-05,31.363854017950395,79.71697158246269,20.0,6.101773853637443e-05,0.00019987210434213587,4.267834965551937e-05,0.00030356819253402924,0.0,Germany,DEU,baden-wurttemberg,,,Linux-7.0.0-31-generic-x86_64-with-glibc2.43,3.14.4,3.3.0,24,Intel(R) Core(TM) Ultra 9 285K,1,1 x NVIDIA GeForce RTX 5090,9.2986,48.7383,60.81614685058594,machine,0.0,0.0,0.0,0.0,N
rollout_29,2026-09-09T22:05:59,td3_Ant-v5_seed43611,f0c67b85-0302-4a9a-8591-e24f5c5041a1,0.23901339499570895,3.0071230100563173e-06,1.2581561005292372e-05,31.44952756467952,79.43118390092863,20.0,2.455389186535595e-06,4.112225511887502e-06,1.326132538896586e-06,7.893747237319032e-06,0.0,Germany,DEU,baden-wurttemberg,,,Linux-7.0.0-31-generic-x86_64-with-glibc2.43,3.14.4,3.3.0,24,Intel(R) Core(TM) Ultra 9 285K,1,1 x NVIDIA GeForce RTX 5090,9.2986,48.7383,60.81614685058594,machine,0.0,0.0,0.0,0.0,N
gradient_updates_29,2026-09-09T22:06:07,td3_Ant-v5_seed43611,f0c67b85-0302-4a9a-8591-e24f5c5041a1,7.75120952600264,0.00011547389134783197,1.4897547747489494e-05,31.51295523895042,79.66159259663775,20.0,5.779274845638116e-05,0.00020226849514815015,4.3059615688899626e-05,0.0003031208592934303,0.0,Germany,DEU,baden-wurttemberg,,,Linux-7.0.0-31-generic-x86_64-with-glibc2.43,3.14.4,3.3.0,24,Intel(R) Core(TM) Ultra 9 285K,1,1 x NVIDIA GeForce RTX 5090,9.2986,48.7383,60.81614685058594,machine,0.0,0.0,0.0,0.0,N
rollout_30,2026-09-09T22:06:07,td3_Ant-v5_seed43611,f0c67b85-0302-4a9a-8591-e24f5c5041a1,0.25281694399018306,2.9183771363501185e-06,1.1542859991445441e-05,31.484798962698452,79.34346658107953,20.0,2.1027422377473126e-06,4.1566699917616745e-06,1.4013756333345999e-06,7.66078786284402e-06,0.0,Germany,DEU,baden-wurttemberg,,,Linux-7.0.0-31-generic-x86_64-with-glibc2.43,3.14.4,3.3.0,24,Intel(R) Core(TM) Ultra 9 285K,1,1 x NVIDIA GeForce RTX 5090,9.2986,48.7383,60.81614685058594,machine,0.0,0.0,0.0,0.0,N
gradient_updates_30,2026-09-09T22:06:15,td3_Ant-v5_seed43611,f0c67b85-0302-4a9a-8591-e24f5c5041a1,7.661138716008281,0.00011604514731619175,1.514725444810006e-05,31.456778945350237,79.5656832366559,20.0,6.244600940121664e-05,0.00019960877079805428,4.256563538332955e-05,0.0003046204155825998,0.0,Germany,DEU,baden-wurttemberg,,,Linux-7.0.0-31-generic-x86_64-with-glibc2.43,3.14.4,3.3.0,24,Intel(R) Core(TM) Ultra 9 285K,1,1 x NVIDIA GeForce RTX 5090,9.2986,48.7383,60.81614685058594,machine,0.0,0.0,0.0,0.0,N
rollout_31,2026-09-09T22:06:15,td3_Ant-v5_seed43611,f0c67b85-0302-4a9a-8591-e24f5c5041a1,0.24147869501030073,3.8053214704387647e-06,1.5758168967659512e-05,31.525451741404375,79.76528167880365,20.0,2.434467503129034e-06,6.214727193754044e-06,1.3398365944644348e-06,9.989031291348163e-06,0.0,Germany,DEU,baden-wurttemberg,,,Linux-7.0.0-31-generic-x86_64-with-glibc2.43,3.14.4,3.3.0,24,Intel(R) Core(TM) Ultra 9 285K,1,1 x NVIDIA GeForce RTX 5090,9.2986,48.7383,60.81614685058594,machine,0.0,0.0,0.0,0.0,N
gradient_updates_31,2026-09-09T22:06:23,td3_Ant-v5_seed43611,f0c67b85-0302-4a9a-8591-e24f5c5041a1,7.664560279008583,0.0001155219713427488,1.5072249701531013e-05,31.57861470070664,79.97264611045075,20.0,6.127818874473306e-05,0.00019939127062418294,4.257761069998713e-05,0.00030324707006890335,0.0,Germany,DEU,baden-wurttemberg,,,Linux-7.0.0-31-generic-x86_64-with-glibc2.43,3.14.4,3.3.0,24,Intel(R) Core(TM) Ultra 9 285K,1,1 x NVIDIA GeForce RTX 5090,9.2986,48.7383,60.81614685058594,machine,0.0,0.0,0.0,0.0,N
rollout_32,2026-09-09T22:06:23,td3_Ant-v5_seed43611,f0c67b85-0302-4a9a-8591-e24f5c5041a1,0.23473676000139676,3.7407384624920173e-06,1.593575691105398e-05,31.63630863862351,80.19221203112394,20.0,2.334844923436441e-06,6.182227167972343e-06,1.3024277445059483e-06,9.819499835915166e-06,0.0,Germany,DEU,baden-wurttemberg,,,Linux-7.0.0-31-generic-x86_64-with-glibc2.43,3.14.4,3.3.0,24,Intel(R) Core(TM) Ultra 9 285K,1,1 x NVIDIA GeForce RTX 5090,9.2986,48.7383,60.81614685058594,machine,0.0,0.0,0.0,0.0,N
gradient_updates_32,2026-09-09T22:06:30,td3_Ant-v5_seed43611,f0c67b85-0302-4a9a-8591-e24f5c5041a1,7.630643000986311,0.00011531917091584312,1.5112655429822406e-05,31.679545098338508,80.39769506654687,20.0,6.030705324559793e-05,0.00020001821556991928,4.2389446805545135e-05,0.0003027147156210615,0.0,Germany,DEU,baden-wurttemberg,,,Linux-7.0.0-31-generic-x86_64-with-glibc2.43,3.14.4,3.3.0,24,Intel(R) Core(TM) Ultra 9 285K,1,1 x NVIDIA GeForce RTX 5090,9.2986,48.7383,60.81614685058594,machine,0.0,0.0,0.0,0.0,N
rollout_33,2026-09-09T22:06:31,td3_Ant-v5_seed43611,f0c67b85-0302-4a9a-8591-e24f5c5041a1,0.23591327299072873,2.984773869414009e-06,1.2652621707648665e-05,31.733711685227053,80.16182470803717,20.0,2.3440679863609426e-06,4.182225567861408e-06,1.3087868222403862e-06,7.835080376463605e-06,0.0,Germany,DEU,baden-wurttemberg,,,Linux-7.0.0-31-generic-x86_64-with-glibc2.43,3.14.4,3.3.0,24,Intel(R) Core(TM) Ultra 9 285K,1,1 x NVIDIA GeForce RTX 5090,9.2986,48.7383,60.81614685058594,machine,0.0,0.0,0.0,0.0,N
gradient_updates_33,2026-09-09T22:06:38,td3_Ant-v5_seed43611,f0c67b85-0302-4a9a-8591-e24f5c5041a1,7.689954638000927,0.00011529281750722025,1.4992665804200763e-05,31.771413607715115,80.36652068199105,20.0,5.7659352794108e-05,0.00020226710625803612,4.271907843891908e-05,0.00030264553749106277,0.0,Germany,DEU,baden-wurttemberg,,,Linux-7.0.0-31-generic-x86_64-with-glibc2.43,3.14.4,3.3.0,24,Intel(R) Core(TM) Ultra 9 285K,1,1 x NVIDIA GeForce RTX 5090,9.2986,48.7383,60.81614685058594,machine,0.0,0.0,0.0,0.0,N
rollout_34,2026-09-09T22:06:39,td3_Ant-v5_seed43611,f0c67b85-0302-4a9a-8591-e24f5c5041a1,0.24705079400155228,3.6449620641389874e-06,1.475266892864856e-05,31.735559130811698,80.501727329362,20.0,2.0194293933184504e-06,6.177782720051539e-06,1.3708731055280844e-06,9.56808521889764e-06,0.0,Germany,DEU,baden-wurttemberg,,,Linux-7.0.0-31-generic-x86_64-with-glibc2.43,3.14.4,3.3.0,24,Intel(R) Core(TM) Ultra 9 285K,1,1 x NVIDIA GeForce RTX 5090,9.2986,48.7383,60.81614685058594,machine,0.0,0.0,0.0,0.0,N
gradient_updates_34,2026-09-09T22:06:46,td3_Ant-v5_seed43611,f0c67b85-0302-4a9a-8591-e24f5c5041a1,7.66970390699862,0.0001157576026025349,1.5092858191674328e-05,31.699955269223018,80.68483802990413,20.0,6.129402403518003e-05,0.0001999665488621183,4.260503309439336e-05,0.00030386560599169124,0.0,Germany,DEU,baden-wurttemberg,,,Linux-7.0.0-31-generic-x86_64-with-glibc2.43,3.14.4,3.3.0,24,Intel(R) Core(TM) Ultra 9 285K,1,1 x NVIDIA GeForce RTX 5090,9.2986,48.7383,60.81614685058594,machine,0.0,0.0,0.0,0.0,N
rollout_35,2026-09-09T22:06:47,td3_Ant-v5_seed43611,f0c67b85-0302-4a9a-8591-e24f5c5041a1,0.23775635099445935,2.8823142349480163e-06,1.2123245487454387e-05,31.763467628389183,80.37107297443715,20.0,2.43553583731404e-06,3.8063919343134245e-06,1.3241943833740104e-06,7.566122155001909e-06,0.0,Germany,DEU,baden-wurttemberg,,,Linux-7.0.0-31-generic-x86_64-with-glibc2.43,3.14.4,3.3.0,24,Intel(R) Core(TM) Ultra 9 285K,1,1 x NVIDIA GeForce RTX 5090,9.2986,48.7383,60.81614685058594,machine,0.0,0.0,0.0,0.0,N
gradient_updates_35,2026-09-09T22:06:54,td3_Ant-v5_seed43611,f0c67b85-0302-4a9a-8591-e24f5c5041a1,7.7138354610069655,0.00011539414241493358,1.4959403256823016e-05,31.81016959562782,80.55326818716993,20.0,5.8575675471607414e-05,0.0002014837722978946,4.2852069266680407e-05,0.0003029115170361824,0.0,Germany,DEU,baden-wurttemberg,,,Linux-7.0.0-31-generic-x86_64-with-glibc2.43,3.14.4,3.3.0,24,Intel(R) Core(TM) Ultra 9 285K,1,1 x NVIDIA GeForce RTX 5090,9.2986,48.7383,60.81614685058594,machine,0.0,0.0,0.0,0.0,N
rollout_36,2026-09-09T22:06:55,td3_Ant-v5_seed43611,f0c67b85-0302-4a9a-8591-e24f5c5041a1,0.24417792199528776,3.552310015487656e-06,1.4548330751419177e-05,31.766944660355726,80.66316523611049,20.0,1.9496629486207007e-06,6.021115928067644e-06,1.3540931944186138e-06,9.324872071106091e-06,0.0,Germany,DEU,baden-wurttemberg,,,Linux-7.0.0-31-generic-x86_64-with-glibc2.43,3.14.4,3.3.0,24,Intel(R) Core(TM) Ultra 9 285K,1,1 x NVIDIA GeForce RTX 5090,9.2986,48.7383,60.81614685058594,machine,0.0,0.0,0.0,0.0,N
gradient_updates_36,2026-09-09T22:07:02,td3_Ant-v5_seed43611,f0c67b85-0302-4a9a-8591-e24f5c5041a1,7.660783544997685,0.00011520464698519181,1.5038249790400975e-05,31.725350320161546,80.82692690386074,20.0,6.13834741067451e-05,0.0001984734921118836,4.2557122205552026e-05,0.0003024140884241803,0.0,Germany,DEU,baden-wurttemberg,,,Linux-7.0.0-31-generic-x86_64-with-glibc2.43,3.14.4,3.3.0,24,Intel(R) Core(TM) Ultra 9 285K,1,1 x NVIDIA GeForce RTX 5090,9.2986,48.7383,60.81614685058594,machine,0.0,0.0,0.0,0.0,N
rollout_37,2026-09-09T22:07:02,td3_Ant-v5_seed43611,f0c67b85-0302-4a9a-8591-e24f5c5041a1,0.23597241500101518,3.7775944860384686e-06,1.6009154685096392e-05,31.790467316976347,80.99963849768801,20.0,2.432992779723142e-06,6.174171605977108e-06,1.309083116696804e-06,9.916247502397488e-06,0.0,Germany,DEU,baden-wurttemberg,,,Linux-7.0.0-31-generic-x86_64-with-glibc2.43,3.14.4,3.3.0,24,Intel(R) Core(TM) Ultra 9 285K,1,1 x NVIDIA GeForce RTX 5090,9.2986,48.7383,60.81614685058594,machine,0.0,0.0,0.0,0.0,N
gradient_updates_37,2026-09-09T22:07:10,td3_Ant-v5_seed43611,f0c67b85-0302-4a9a-8591-e24f5c5041a1,7.7553550739976345,0.00011533664096295953,1.4871893560872336e-05,31.839922765034178,81.14637703475283,20.0,6.0223316511946734e-05,0.00019945515956387716,4.308209870553881e-05,0.00030276057478136227,0.0,Germany,DEU,baden-wurttemberg,,,Linux-7.0.0-31-generic-x86_64-with-glibc2.43,3.14.4,3.3.0,24,Intel(R) Core(TM) Ultra 9 285K,1,1 x NVIDIA GeForce RTX 5090,9.2986,48.7383,60.81614685058594,machine,0.0,0.0,0.0,0.0,N
rollout_38,2026-09-09T22:07:10,td3_Ant-v5_seed43611,f0c67b85-0302-4a9a-8591-e24f5c5041a1,0.23683036399597768,3.7477030192150165e-06,1.5823124167702813e-05,31.90300937298692,81.29294057924528,20.0,2.4458269566596247e-06,6.082504866000704e-06,1.3094500889159096e-06,9.837781911575805e-06,0.0,Germany,DEU,baden-wurttemberg,,,Linux-7.0.0-31-generic-x86_64-with-glibc2.43,3.14.4,3.3.0,24,Intel(R) Core(TM) Ultra 9 285K,1,1 x NVIDIA GeForce RTX 5090,9.2986,48.7383,60.81614685058594,machine,0.0,0.0,0.0,0.0,N
gradient_updates_38,2026-09-09T22:07:18,td3_Ant-v5_seed43611,f0c67b85-0302-4a9a-8591-e24f5c5041a1,7.702821995990234,0.00011577102402197947,1.502970042745455e-05,31.952976717473682,81.43296786550067,20.0,6.291231727425378e-05,0.00019819793633590876,4.27905838277687e-05,0.0003039008374379308,0.0,Germany,DEU,baden-wurttemberg,,,Linux-7.0.0-31-generic-x86_64-with-glibc2.43,3.14.4,3.3.0,24,Intel(R) Core(TM) Ultra 9 285K,1,1 x NVIDIA GeForce RTX 5090,9.2986,48.7383,60.81614685058594,machine,0.0,0.0,0.0,0.0,N
rollout_39,2026-09-09T22:07:18,td3_Ant-v5_seed43611,f0c67b85-0302-4a9a-8591-e24f5c5041a1,0.2376203629974043,2.8482235102387024e-06,1.198670580961894e-05,32.01435929068491,81.12342054744146,20.0,2.4620689140983365e-06,3.6961140681412985e-06,1.3184504610965278e-06,7.4766334433352954e-06,0.0,Germany,DEU,baden-wurttemberg,,,Linux-7.0.0-31-generic-x86_64-with-glibc2.43,3.14.4,3.3.0,24,Intel(R) Core(TM) Ultra 9 285K,1,1 x NVIDIA GeForce RTX 5090,9.2986,48.7383,60.81614685058594,machine,0.0,0.0,0.0,0.0,N
gradient_updates_39,2026-09-09T22:07:26,td3_Ant-v5_seed43611,f0c67b85-0302-4a9a-8591-e24f5c5041a1,7.642187004996231,0.00011481517464428069,1.5023879064037344e-05,32.06325024147063,81.25810178985955,20.0,6.300927818515822e-05,0.0001959290456321483,4.245339332216349e-05,0.00030139171713946915,0.0,Germany,DEU,baden-wurttemberg,,,Linux-7.0.0-31-generic-x86_64-with-glibc2.43,3.14.4,3.3.0,24,Intel(R) Core(TM) Ultra 9 285K,1,1 x NVIDIA GeForce RTX 5090,9.2986,48.7383,60.81614685058594,machine,0.0,0.0,0.0,0.0,N
rollout_40,2026-09-09T22:07:26,td3_Ant-v5_seed43611,f0c67b85-0302-4a9a-8591-e24f5c5041a1,0.2546604049857706,3.872052642491311e-06,1.5205093731286104e-05,32.111356171396665,81.33218822282129,20.0,2.574237892717657e-06,6.1780604978523e-06,1.4119033222314593e-06,1.0164201712800983e-05,0.0,Germany,DEU,baden-wurttemberg,,,Linux-7.0.0-31-generic-x86_64-with-glibc2.43,3.14.4,3.3.0,24,Intel(R) Core(TM) Ultra 9 285K,1,1 x NVIDIA GeForce RTX 5090,9.2986,48.7383,60.81614685058594,machine,0.0,0.0,0.0,0.0,N
gradient_updates_40,2026-09-09T22:07:34,td3_Ant-v5_seed43611,f0c67b85-0302-4a9a-8591-e24f5c5041a1,8.157569165996392,0.00011866828843977266,1.4547029110831206e-05,32.14455591032893,81.4565603437189,20.0,5.7948574414379284e-05,0.00020824099992600154,4.531662972779779e-05,0.0003115062040681786,0.0,Germany,DEU,baden-wurttemberg,,,Linux-7.0.0-31-generic-x86_64-with-glibc2.43,3.14.4,3.3.0,24,Intel(R) Core(TM) Ultra 9 285K,1,1 x NVIDIA GeForce RTX 5090,9.2986,48.7383,60.81614685058594,machine,0.0,0.0,0.0,0.0,N
rollout_41,2026-09-09T22:07:35,td3_Ant-v5_seed43611,f0c67b85-0302-4a9a-8591-e24f5c5041a1,0.24924144499527756,2.652587543684401e-06,1.0642805196651305e-05,32.08606008815345,81.1306967642982,20.0,1.8923240138538078e-06,3.6900029520836597e-06,1.3807588555210006e-06,6.963085821458034e-06,0.0,Germany,DEU,baden-wurttemberg,,,Linux-7.0.0-31-generic-x86_64-with-glibc2.43,3.14.4,3.3.0,24,Intel(R) Core(TM) Ultra 9 285K,1,1 x NVIDIA GeForce RTX 5090,9.2986,48.7383,60.81614685058594,machine,0.0,0.0,0.0,0.0,N
gradient_updates_41,2026-09-09T22:07:42,td3_Ant-v5_seed43611,f0c67b85-0302-4a9a-8591-e24f5c5041a1,7.632260482001584,0.00011422792439894167,1.4966476748134865e-05,32.03212888964476,81.25651936415301,20.0,6.225134174547842e-05,0.0001952001561598138,4.239867770552833e-05,0.0002998501756108201,0.0,Germany,DEU,baden-wurttemberg,,,Linux-7.0.0-31-generic-x86_64-with-glibc2.43,3.14.4,3.3.0,24,Intel(R) Core(TM) Ultra 9 285K,1,1 x NVIDIA GeForce RTX 5090,9.2986,48.7383,60.81614685058594,machine,0.0,0.0,0.0,0.0,N
rollout_42,2026-09-09T22:07:43,td3_Ant-v5_seed43611,f0c67b85-0302-4a9a-8591-e24f5c5041a1,0.24548373199650086,2.874110640404756e-06,1.1707277183387345e-05,32.080286396883274,80.94856552707576,20.0,2.4934003280477346e-06,3.6891696177931976e-06,1.3620176388942293e-06,7.544587584734294e-06,0.0,Germany,DEU,baden-wurttemberg,,,Linux-7.0.0-31-generic-x86_64-with-glibc2.43,3.14.4,3.3.0,24,Intel(R) Core(TM) Ultra 9 285K,1,1 x NVIDIA GeForce RTX 5090,9.2986,48.7383,60.81614685058594,machine,0.0,0.0,0.0,0.0,N
gradient_updates_42,2026-09-09T22:07:51,td3_Ant-v5_seed43611,f0c67b85-0302-4a9a-8591-e24f5c5041a1,8.143449350987794,0.00011974480440403272,1.4704450143573971e-05,32.11814560183717,81.05104705654894,20.0,6.536221340083109e-05,0.00020373155187414227,4.52383108610877e-05,0.0003143320761360615,0.0,Germany,DEU,baden-wurttemberg,,,Linux-7.0.0-31-generic-x86_64-with-glibc2.43,3.14.4,3.3.0,24,Intel(R) Core(TM) Ultra 9 285K,1,1 x NVIDIA GeForce RTX 5090,9.2986,48.7383,60.81614685058594,machine,0.0,0.0,0.0,0.0,N
rollout_43,2026-09-09T22:07:51,td3_Ant-v5_seed43611,f0c67b85-0302-4a9a-8591-e24f5c5041a1,0.23880191700300202,3.6924636713335512e-06,1.5462609722207306e-05,32.15339803312509,81.15848641130788,20.0,2.3609543887553874e-06,6.007782583861143e-06,1.3240407444959149e-06,9.692777717111578e-06,0.0,Germany,DEU,baden-wurttemberg,,,Linux-7.0.0-31-generic-x86_64-with-glibc2.43,3.14.4,3.3.0,24,Intel(R) Core(TM) Ultra 9 285K,1,1 x NVIDIA GeForce RTX 5090,9.2986,48.7383,60.81614685058594,machine,0.0,0.0,0.0,0.0,N
gradient_updates_43,2026-09-09T22:07:59,td3_Ant-v5_seed43611,f0c67b85-0302-4a9a-8591-e24f5c5041a1,8.247703703993466,0.00012011450124932259,1.4563398623605449e-05,32.17927554360024,81.24876711100252,20.0,6.473245039703701e-05,0.00020475155268995238,4.581853333333538e-05,0.00031530253642032477,0.0,Germany,DEU,baden-wurttemberg,,,Linux-7.0.0-31-generic-x86_64-with-glibc2.43,3.14.4,3.3.0,24,Intel(R) Core(TM) Ultra 9 285K,1,1 x NVIDIA GeForce RTX 5090,9.2986,48.7383,60.81614685058594,machine,0.0,0.0,0.0,0.0,N
rollout_44,2026-09-09T22:07:59,td3_Ant-v5_seed43611,f0c67b85-0302-4a9a-8591-e24f5c5041a1,0.2450381689995993,3.8006143747194854e-06,1.5510116100332404e-05,32.22121211226788,81.34756947554649,20.0,2.4733436453441837e-06,6.1436160259109585e-06,1.3597154166038183e-06,9.97667508785896e-06,0.0,Germany,DEU,baden-wurttemberg,,,Linux-7.0.0-31-generic-x86_64-with-glibc2.43,3.14.4,3.3.0,24,Intel(R) Core(TM) Ultra 9 285K,1,1 x NVIDIA GeForce RTX 5090,9.2986,48.7383,60.81614685058594,machine,0.0,0.0,0.0,0.0,N
gradient_updates_44,2026-09-09T22:08:07,td3_Ant-v5_seed43611,f0c67b85-0302-4a9a-8591-e24f5c5041a1,7.682858324988047,0.0001149314920390089,1.4959502127734186e-05,32.25319754547611,81.46279890806315,20.0,6.25560083781021e-05,0.00019646210161416988,4.267894221670265e-05,0.00030169705220897507,0.0,Germany,DEU,baden-wurttemberg,,,Linux-7.0.0-31-generic-x86_64-with-glibc2.43,3.14.4,3.3.0,24,Intel(R) Core(TM) Ultra 9 285K,1,1 x NVIDIA GeForce RTX 5090,9.2986,48.7383,60.81614685058594,machine,0.0,0.0,0.0,0.0,N
rollout_45,2026-09-09T22:08:07,td3_Ant-v5_seed43611,f0c67b85-0302-4a9a-8591-e24f5c5041a1,0.24694377300329506,2.842307788976893e-06,1.1509617272388163e-05,32.29109808608186,81.1570855593948,20.0,2.477175315068747e-06,3.6136140018072638e-06,1.370315261091208e-06,7.461104577968086e-06,0.0,Germany,DEU,baden-wurttemberg,,,Linux-7.0.0-31-generic-x86_64-with-glibc2.43,3.14.4,3.3.0,24,Intel(R) Core(TM) Ultra 9 285K,1,1 x NVIDIA GeForce RTX 5090,9.2986,48.7383,60.81614685058594,machine,0.0,0.0,0.0,0.0,N
gradient_updates_45,2026-09-09T22:08:15,td3_Ant-v5_seed43611,f0c67b85-0302-4a9a-8591-e24f5c5041a1,7.686208490005811,0.00011434409178481646,1.4876564124091952e-05,32.31935999744856,81.26582249317701,20.0,6.213922387800913e-05,0.00019531793403215758,4.2697958994459325e-05,0.00030015511690462474,0.0,Germany,DEU,baden-wurttemberg,,,Linux-7.0.0-31-generic-x86_64-with-glibc2.43,3.14.4,3.3.0,24,Intel(R) Core(TM) Ultra 9 285K,1,1 x NVIDIA GeForce RTX 5090,9.2986,48.7383,60.81614685058594,machine,0.0,0.0,0.0,0.0,N
rollout_46,2026-09-09T22:08:15,td3_Ant-v5_seed43611,f0c67b85-0302-4a9a-8591-e24f5c5041a1,0.24578782700700685,3.6812677034871524e-06,1.4976609682630394e-05,32.35961065593344,81.30682270805602,20.0,2.490993103912431e-06,5.809171313986283e-06,1.3632236999304263e-06,9.663388117829574e-06,0.0,Germany,DEU,baden-wurttemberg,,,Linux-7.0.0-31-generic-x86_64-with-glibc2.43,3.14.4,3.3.0,24,Intel(R) Core(TM) Ultra 9 285K,1,1 x NVIDIA GeForce RTX 5090,9.2986,48.7383,60.81614685058594,machine,0.0,0.0,0.0,0.0,N
gradient_updates_46,2026-09-09T22:08:23,td3_Ant-v5_seed43611,f0c67b85-0302-4a9a-8591-e24f5c5041a1,7.695967174004181,0.00011433595666808603,1.4856621505222273e-05,32.389757018117,81.41119088855581,20.0,6.198278764174558e-05,0.00019540710077015078,4.274387367784365e-05,0.0003001337620897396,0.0,Germany,DEU,baden-wurttemberg,,,Linux-7.0.0-31-generic-x86_64-with-glibc2.43,3.14.4,3.3.0,24,Intel(R) Core(TM) Ultra 9 285K,1,1 x NVIDIA GeForce RTX 5090,9.2986,48.7383,60.81614685058594,machine,0.0,0.0,0.0,0.0,N
rollout_47,2026-09-09T22:08:23,td3_Ant-v5_seed43611,f0c67b85-0302-4a9a-8591-e24f5c5041a1,0.24492819300212432,2.8205846198201684e-06,1.1516306761616957e-05,32.42334868836262,81.12035698224331,20.0,2.447895291649016e-06,3.596947321993227e-06,1.3592382888923463e-06,7.404080902533722e-06,0.0,Germany,DEU,baden-wurttemberg,,,Linux-7.0.0-31-generic-x86_64-with-glibc2.43,3.14.4,3.3.0,24,Intel(R) Core(TM) Ultra 9 285K,1,1 x NVIDIA GeForce RTX 5090,9.2986,48.7383,60.81614685058594,machine,0.0,0.0,0.0,0.0,N
gradient_updates_47,2026-09-09T22:08:31,td3_Ant-v5_seed43611,f0c67b85-0302-4a9a-8591-e24f5c5041a1,7.7172788540046895,0.00011310986326516347,1.4656734636873844e-05,32.446358402787396,81.2168162521446,20.0,5.96917183088852e-05,0.0001943534888158016,4.287003966666012e-05,0.00029691524679134607,0.0,Germany,DEU,baden-wurttemberg,,,Linux-7.0.0-31-generic-x86_64-with-glibc2.43,3.14.4,3.3.0,24,Intel(R) Core(TM) Ultra 9 285K,1,1 x NVIDIA GeForce RTX 5090,9.2986,48.7383,60.81614685058594,machine,0.0,0.0,0.0,0.0,N
rollout_48,2026-09-09T22:08:31,td3_Ant-v5_seed43611,f0c67b85-0302-4a9a-8591-e24f5c5041a1,0.2394144530117046,3.6868354959217198e-06,1.5399028306919704e-05,32.478491817738806,81.30161535943694,20.0,2.3916585799935164e-06,5.959171434311017e-06,1.327173650012524e-06,9.678003664317925e-06,0.0,Germany,DEU,baden-wurttemberg,,,Linux-7.0.0-31-generic-x86_64-with-glibc2.43,3.14.4,3.3.0,24,Intel(R) Core(TM) Ultra 9 285K,1,1 x NVIDIA GeForce RTX 5090,9.2986,48.7383,60.81614685058594,machine,0.0,0.0,0.0,0.0,N
gradient_updates_48,2026-09-09T22:08:39,td3_Ant-v5_seed43611,f0c67b85-0302-4a9a-8591-e24f5c5041a1,7.773573495011078,0.00011232192820274066,1.4449226920725586e-05,32.49868429633263,81.38794698037933,20.0,5.729170138887851e-05,0.00019437209994199733,4.3183102994468446e-05,0.00029484690432534516,0.0,Germany,DEU,baden-wurttemberg,,,Linux-7.0.0-31-generic-x86_64-with-glibc2.43,3.14.4,3.3.0,24,Intel(R) Core(TM) Ultra 9 285K,1,1 x NVIDIA GeForce RTX 5090,9.2986,48.7383,60.81614685058594,machine,0.0,0.0,0.0,0.0,N
rollout_49,2026-09-09T22:08:39,td3_Ant-v5_seed43611,f0c67b85-0302-4a9a-8591-e24f5c5041a1,0.24965504900319502,3.5713118916418096e-06,1.4304978251904067e-05,32.45510795458938,81.44284820681477,20.0,1.9614968469680583e-06,6.027782599726805e-06,1.3854728610667236e-06,9.37475230776072e-06,0.0,Germany,DEU,baden-wurttemberg,,,Linux-7.0.0-31-generic-x86_64-with-glibc2.43,3.14.4,3.3.0,24,Intel(R) Core(TM) Ultra 9 285K,1,1 x NVIDIA GeForce RTX 5090,9.2986,48.7383,60.81614685058594,machine,0.0,0.0,0.0,0.0,N
gradient_updates_49,2026-09-09T22:08:47,td3_Ant-v5_seed43611,f0c67b85-0302-4a9a-8591-e24f5c5041a1,7.777266600998701,0.00011263098431733148,1.4482090395293215e-05,32.409713157713014,81.53561260552706,20.0,5.587773970214954e-05,0.0001965762683722172,4.3204173622264815e-05,0.0002956581816966307,0.0,Germany,DEU,baden-wurttemberg,,,Linux-7.0.0-31-generic-x86_64-with-glibc2.43,3.14.4,3.3.0,24,Intel(R) Core(TM) Ultra 9 285K,1,1 x NVIDIA GeForce RTX 5090,9.2986,48.7383,60.81614685058594,machine,0.0,0.0,0.0,0.0,N
rollout_50,2026-09-09T22:08:47,td3_Ant-v5_seed43611,f0c67b85-0302-4a9a-8591-e24f5c5041a1,0.2439110880077351,2.8384240336283215e-06,1.1636355926949662e-05,32.44892331124636,81.26422889587606,20.0,2.492451160622522e-06,3.6061139958576405e-06,1.352344499981964e-06,7.450909656460392e-06,0.0,Germany,DEU,baden-wurttemberg,,,Linux-7.0.0-31-generic-x86_64-with-glibc2.43,3.14.4,3.3.0,24,Intel(R) Core(TM) Ultra 9 285K,1,1 x NVIDIA GeForce RTX 5090,9.2986,48.7383,60.81614685058594,machine,0.0,0.0,0.0,0.0,N
gradient_updates_50,2026-09-09T22:08:55,td3_Ant-v5_seed43611,f0c67b85-0302-4a9a-8591-e24f5c5041a1,7.656518606003374,0.00011407813885483831,1.489948359268465e-05,32.47904917744259,81.35996097790542,20.0,6.272375295673926e-05,0.0001942001553600914,4.253307778328457e-05,0.0002994569861001148,0.0,Germany,DEU,baden-wurttemberg,,,Linux-7.0.0-31-generic-x86_64-with-glibc2.43,3.14.4,3.3.0,24,Intel(R) Core(TM) Ultra 9 285K,1,1 x NVIDIA GeForce RTX 5090,9.2986,48.7383,60.81614685058594,machine,0.0,0.0,0.0,0.0,N
rollout_51,2026-09-09T22:08:55,td3_Ant-v5_seed43611,f0c67b85-0302-4a9a-8591-e24f5c5041a1,0.23530298200785182,2.826995185265836e-06,1.201393437442823e-05,32.51012081702294,81.13505639615734,20.0,2.3584282756242136e-06,3.756669672005941e-06,1.3058107943735367e-06,7.420908742002824e-06,0.0,Germany,DEU,baden-wurttemberg,,,Linux-7.0.0-31-generic-x86_64-with-glibc2.43,3.14.4,3.3.0,24,Intel(R) Core(TM) Ultra 9 285K,1,1 x NVIDIA GeForce RTX 5090,9.2986,48.7383,60.81614685058594,machine,0.0,0.0,0.0,0.0,N
gradient_updates_51,2026-09-09T22:09:03,td3_Ant-v5_seed43611,f0c67b85-0302-4a9a-8591-e24f5c5041a1,7.775838278001174,0.00011455500677820182,1.4732197540365795e-05,32.53260225073126,81.22094694086903,20.0,6.247415359039027e-05,0.00019504737825992713,4.3187240372289e-05,0.00030070877222260553,0.0,Germany,DEU,baden-wurttemberg,,,Linux-7.0.0-31-generic-x86_64-with-glibc2.43,3.14.4,3.3.0,24,Intel(R) Core(TM) Ultra 9 285K,1,1 x NVIDIA GeForce RTX 5090,9.2986,48.7383,60.81614685058594,machine,0.0,0.0,0.0,0.0,N
rollout_52,2026-09-09T22:09:03,td3_Ant-v5_seed43611,f0c67b85-0302-4a9a-8591-e24f5c5041a1,0.2475788980082143,2.9484044139016855e-06,1.1908739872056616e-05,32.56687748689686,80.98805271296514,20.0,2.51254173225246e-06,3.853058637925955e-06,1.3740095888754335e-06,7.73960995905515e-06,0.0,Germany,DEU,baden-wurttemberg,,,Linux-7.0.0-31-generic-x86_64-with-glibc2.43,3.14.4,3.3.0,24,Intel(R) Core(TM) Ultra 9 285K,1,1 x NVIDIA GeForce RTX 5090,9.2986,48.7383,60.81614685058594,machine,0.0,0.0,0.0,0.0,N
gradient_updates_52,2026-09-09T22:09:11,td3_Ant-v5_seed43611,f0c67b85-0302-4a9a-8591-e24f5c5041a1,7.991460059012752,0.00011626031860000486,1.4548080581135592e-05,32.59161786196305,81.0616625802169,20.0,6.321096529095238e-05,0.0001975804358418376,4.439384259999823e-05,0.0003051852437327869,0.0,Germany,DEU,baden-wurttemberg,,,Linux-7.0.0-31-generic-x86_64-with-glibc2.43,3.14.4,3.3.0,24,Intel(R) Core(TM) Ultra 9 285K,1,1 x NVIDIA GeForce RTX 5090,9.2986,48.7383,60.81614685058594,machine,0.0,0.0,0.0,0.0,N
rollout_53,2026-09-09T22:09:11,td3_Ant-v5_seed43611,f0c67b85-0302-4a9a-8591-e24f5c5041a1,0.24624321299779695,3.7412561037005604e-06,1.519314646968665e-05,32.62499707322863,81.11671530258185,20.0,2.5008942229343134e-06,5.953615874076945e-06,1.366348555570298e-06,9.820858652580255e-06,0.0,Germany,DEU,baden-wurttemberg,,,Linux-7.0.0-31-generic-x86_64-with-glibc2.43,3.14.4,3.3.0,24,Intel(R) Core(TM) Ultra 9 285K,1,1 x NVIDIA GeForce RTX 5090,9.2986,48.7383,60.81614685058594,machine,0.0,0.0,0.0,0.0,N
gradient_updates_53,2026-09-09T22:09:19,td3_Ant-v5_seed43611,f0c67b85-0302-4a9a-8591-e24f5c5041a1,7.6932259280001745,0.00011301467276862622,1.4690179342323203e-05,32.64915407436445,81.19868018557125,20.0,6.115110030972815e-05,0.0001927773764442975,4.273689342218067e-05,0.00029666537017620717,0.0,Germany,DEU,baden-wurttemberg,,,Linux-7.0.0-31-generic-x86_64-with-glibc2.43,3.14.4,3.3.0,24,Intel(R) Core(TM) Ultra 9 285K,1,1 x NVIDIA GeForce RTX 5090,9.2986,48.7383,60.81614685058594,machine,0.0,0.0,0.0,0.0,N
rollout_54,2026-09-09T22:09:19,td3_Ant-v5_seed43611,f0c67b85-0302-4a9a-8591-e24f5c5041a1,0.24278412999410648,2.6835346423033715e-06,1.1052506687737525e-05,32.61765501360785,80.96631474748428,20.0,1.98006158404207e-06,3.7172251956540947e-06,1.34703568336475e-06,7.044322463060915e-06,0.0,Germany,DEU,baden-wurttemberg,,,Linux-7.0.0-31-generic-x86_64-with-glibc2.43,3.14.4,3.3.0,24,Intel(R) Core(TM) Ultra 9 285K,1,1 x NVIDIA GeForce RTX 5090,9.2986,48.7383,60.81614685058594,machine,0.0,0.0,0.0,0.0,N
gradient_updates_54,2026-09-09T22:09:27,td3_Ant-v5_seed43611,f0c67b85-0302-4a9a-8591-e24f5c5041a1,7.716564535003272,0.0001120769969378127,1.4524224181671584e-05,32.58509401573784,81.04269115269034,20.0,5.929841521647161e-05,0.000192038764742275,4.2866775777737533e-05,0.00029420395573648284,0.0,Germany,DEU,baden-wurttemberg,,,Linux-7.0.0-31-generic-x86_64-with-glibc2.43,3.14.4,3.3.0,24,Intel(R) Core(TM) Ultra 9 285K,1,1 x NVIDIA GeForce RTX 5090,9.2986,48.7383,60.81614685058594,machine,0.0,0.0,0.0,0.0,N
rollout_55,2026-09-09T22:09:27,td3_Ant-v5_seed43611,f0c67b85-0302-4a9a-8591-e24f5c5041a1,0.2452221730054589,3.675811571028989e-06,1.4990032283381188e-05,32.60980271984204,81.08690424108305,20.0,2.4310600004046057e-06,5.857504685735648e-06,1.3605009944713323e-06,9.649065680610719e-06,0.0,Germany,DEU,baden-wurttemberg,,,Linux-7.0.0-31-generic-x86_64-with-glibc2.43,3.14.4,3.3.0,24,Intel(R) Core(TM) Ultra 9 285K,1,1 x NVIDIA GeForce RTX 5090,9.2986,48.7383,60.81614685058594,machine,0.0,0.0,0.0,0.0,N
gradient_updates_55,2026-09-09T22:09:35,td3_Ant-v5_seed43611,f0c67b85-0302-4a9a-8591-e24f5c5041a1,7.667197176997433,0.00011337267091047522,1.4786740106765665e-05,32.62751389912601,81.16769961034959,20.0,6.254507309157165e-05,0.00019246876508605126,4.2591282994382945e-05,0.00029760512117200585,0.0,Germany,DEU,baden-wurttemberg,,,Linux-7.0.0-31-generic-x86_64-with-glibc2.43,3.14.4,3.3.0,24,Intel(R) Core(TM) Ultra 9 285K,1,1 x NVIDIA GeForce RTX 5090,9.2986,48.7383,60.81614685058594,machine,0.0,0.0,0.0,0.0,N
rollout_56,2026-09-09T22:09:35,td3_Ant-v5_seed43611,f0c67b85-0302-4a9a-8591-e24f5c5041a1,0.2416580389981391,2.7643542630908027e-06,1.1438915878289499e-05,32.647626737155626,80.92403147090299,20.0,2.3667018933595796e-06,3.548613950243862e-06,1.341159449980752e-06,7.2564752935828924e-06,0.0,Germany,DEU,baden-wurttemberg,,,Linux-7.0.0-31-generic-x86_64-with-glibc2.43,3.14.4,3.3.0,24,Intel(R) Core(TM) Ultra 9 285K,1,1 x NVIDIA GeForce RTX 5090,9.2986,48.7383,60.81614685058594,machine,0.0,0.0,0.0,0.0,N
gradient_updates_56,2026-09-09T22:09:43,td3_Ant-v5_seed43611,f0c67b85-0302-4a9a-8591-e24f5c5041a1,7.659449931001291,0.00011265706499043703,1.4708258472925425e-05,32.66073107181084,81.00391554626512,20.0,6.11263811232804e-05,0.00019205070919592337,4.2549553572219546e-05,0.00029572664389142245,0.0,Germany,DEU,baden-wurttemberg,,,Linux-7.0.0-31-generic-x86_64-with-glibc2.43,3.14.4,3.3.0,24,Intel(R) Core(TM) Ultra 9 285K,1,1 x NVIDIA GeForce RTX 5090,9.2986,48.7383,60.81614685058594,machine,0.0,0.0,0.0,0.0,N
rollout_57,2026-09-09T22:09:43,td3_Ant-v5_seed43611,f0c67b85-0302-4a9a-8591-e24f5c5041a1,0.24491811900225002,2.7760567080535245e-06,1.1335181332903758e-05,32.682819172142075,80.75497113636666,20.0,2.4190733241419293e-06,3.5091694738920154e-06,1.358951605572034e-06,7.287194403605979e-06,0.0,Germany,DEU,baden-wurttemberg,,,Linux-7.0.0-31-generic-x86_64-with-glibc2.43,3.14.4,3.3.0,24,Intel(R) Core(TM) Ultra 9 285K,1,1 x NVIDIA GeForce RTX 5090,9.2986,48.7383,60.81614685058594,machine,0.0,0.0,0.0,0.0,N
gradient_updates_57,2026-09-09T22:09:51,td3_Ant-v5_seed43611,f0c67b85-0302-4a9a-8591-e24f5c5041a1,8.276826863992028,0.00011795607319242674,1.4251386587696364e-05,32.69675274623804,80.813713449227,20.0,6.193260315715682e-05,0.00020172488360192808,4.5979140599956836e-05,0.00030963662735904174,0.0,Germany,DEU,baden-wurttemberg,,,Linux-7.0.0-31-generic-x86_64-with-glibc2.43,3.14.4,3.3.0,24,Intel(R) Core(TM) Ultra 9 285K,1,1 x NVIDIA GeForce RTX 5090,9.2986,48.7383,60.81614685058594,machine,0.0,0.0,0.0,0.0,N
rollout_58,2026-09-09T22:09:52,td3_Ant-v5_seed43611,f0c67b85-0302-4a9a-8591-e24f5c5041a1,0.24296444600622635,2.8627425416290556e-06,1.1781469170514784e-05,32.7122469704738,80.61174646658868,20.0,2.3515446590099964e-06,3.8150030521322265e-06,1.34819842779587e-06,7.51474613893896e-06,0.0,Germany,DEU,baden-wurttemberg,,,Linux-7.0.0-31-generic-x86_64-with-glibc2.43,3.14.4,3.3.0,24,Intel(R) Core(TM) Ultra 9 285K,1,1 x NVIDIA GeForce RTX 5090,9.2986,48.7383,60.81614685058594,machine,0.0,0.0,0.0,0.0,N
gradient_updates_58,2026-09-09T22:10:01,td3_Ant-v5_seed43611,f0c67b85-0302-4a9a-8591-e24f5c5041a1,9.12321440699452,0.0001250316741156941,1.3704799410774098e-05,32.718670604245254,80.65314679476926,20.0,6.055704261226369e-05,0.00021697184024405125,5.068131301110652e-05,0.0003282101958674219,0.0,Germany,DEU,baden-wurttemberg,,,Linux-7.0.0-31-generic-x86_64-with-glibc2.43,3.14.4,3.3.0,24,Intel(R) Core(TM) Ultra 9 285K,1,1 x NVIDIA GeForce RTX 5090,9.2986,48.7383,60.81614685058594,machine,0.0,0.0,0.0,0.0,N
rollout_59,2026-09-09T22:10:01,td3_Ant-v5_seed43611,f0c67b85-0302-4a9a-8591-e24f5c5041a1,0.2506607810064452,2.595706775625206e-06,1.035533125424259e-05,32.673304059339515,80.4026721083984,20.0,1.9164665331777853e-06,3.500280577828363e-06,1.3970257610909469e-06,6.813772872097529e-06,0.0,Germany,DEU,baden-wurttemberg,,,Linux-7.0.0-31-generic-x86_64-with-glibc2.43,3.14.4,3.3.0,24,Intel(R) Core(TM) Ultra 9 285K,1,1 x NVIDIA GeForce RTX 5090,9.2986,48.7383,60.81614685058594,machine,0.0,0.0,0.0,0.0,N
gradient_updates_59,2026-09-09T22:10:10,td3_Ant-v5_seed43611,f0c67b85-0302-4a9a-8591-e24f5c5041a1,8.896783877004054,0.0001254572078327621,1.4101424271220438e-05,32.62934625967958,80.4427423970437,20.0,6.903201355889371e-05,0.00021087155758614529,4.9423657711142755e-05,0.0003293272288561813,0.0,Germany,DEU,baden-wurttemberg,,,Linux-7.0.0-31-generic-x86_64-with-glibc2.43,3.14.4,3.3.0,24,Intel(R) Core(TM) Ultra 9 285K,1,1 x NVIDIA GeForce RTX 5090,9.2986,48.7383,60.81614685058594,machine,0.0,0.0,0.0,0.0,N
rollout_60,2026-09-09T22:10:10,td3_Ant-v5_seed43611,f0c67b85-0302-4a9a-8591-e24f5c5041a1,0.2474809700070182,3.6842877669668317e-06,1.4887283666151746e-05,32.66433952088171,80.46825411321865,20.0,2.562149549717452e-06,5.7372268120747805e-06,1.3719394722205153e-06,9.671315834011013e-06,0.0,Germany,DEU,baden-wurttemberg,,,Linux-7.0.0-31-generic-x86_64-with-glibc2.43,3.14.4,3.3.0,24,Intel(R) Core(TM) Ultra 9 285K,1,1 x NVIDIA GeForce RTX 5090,9.2986,48.7383,60.81614685058594,machine,0.0,0.0,0.0,0.0,N
gradient_updates_60,2026-09-09T22:10:18,td3_Ant-v5_seed43611,f0c67b85-0302-4a9a-8591-e24f5c5041a1,7.997446476001642,0.00011671011219565285,1.4593429646068708e-05,32.69109727045294,80.53343000998557,20.0,6.50906751280475e-05,0.00019684821303389555,4.442707113889305e-05,0.0003063659593008361,0.0,Germany,DEU,baden-wurttemberg,,,Linux-7.0.0-31-generic-x86_64-with-glibc2.43,3.14.4,3.3.0,24,Intel(R) Core(TM) Ultra 9 285K,1,1 x NVIDIA GeForce RTX 5090,9.2986,48.7383,60.81614685058594,machine,0.0,0.0,0.0,0.0,N
rollout_61,2026-09-09T22:10:18,td3_Ant-v5_seed43611,f0c67b85-0302-4a9a-8591-e24f5c5041a1,0.24669951599207707,2.8558491359659266e-06,1.1576532490031283e-05,32.713822569293086,80.32004232653345,20.0,2.4562027982899526e-06,3.6719473821555937e-06,1.3685006555329456e-06,7.496650835978058e-06,0.0,Germany,DEU,baden-wurttemberg,,,Linux-7.0.0-31-generic-x86_64-with-glibc2.43,3.14.4,3.3.0,24,Intel(R) Core(TM) Ultra 9 285K,1,1 x NVIDIA GeForce RTX 5090,9.2986,48.7383,60.81614685058594,machine,0.0,0.0,0.0,0.0,N
gradient_updates_61,2026-09-09T22:10:26,td3_Ant-v5_seed43611,f0c67b85-0302-4a9a-8591-e24f5c5041a1,7.742488137009786,0.00011208239462102629,1.4476292573486163e-05,32.72796722674518,80.39312604147332,20.0,5.85140640334339e-05,0.00019269348748784942,4.3010573222191945e-05,0.00029421812474347483,0.0,Germany,DEU,baden-wurttemberg,,,Linux-7.0.0-31-generic-x86_64-with-glibc2.43,3.14.4,3.3.0,24,Intel(R) Core(TM) Ultra 9 285K,1,1 x NVIDIA GeForce RTX 5090,9.2986,48.7383,60.81614685058594,machine,0.0,0.0,0.0,0.0,N
rollout_62,2026-09-09T22:10:26,td3_Ant-v5_seed43611,f0c67b85-0302-4a9a-8591-e24f5c5041a1,0.25373963700258173,2.6362131805759276e-06,1.0389053653641847e-05,32.69845607494025,80.14895772617776,20.0,2.0562030338469595e-06,3.4572249880682193e-06,1.4066748277399323e-06,6.920102849656412e-06,0.0,Germany,DEU,baden-wurttemberg,,,Linux-7.0.0-31-generic-x86_64-with-glibc2.43,3.14.4,3.3.0,24,Intel(R) Core(TM) Ultra 9 285K,1,1 x NVIDIA GeForce RTX 5090,9.2986,48.7383,60.81614685058594,machine,0.0,0.0,0.0,0.0,N
gradient_updates_62,2026-09-09T22:10:34,td3_Ant-v5_seed43611,f0c67b85-0302-4a9a-8591-e24f5c5041a1,7.65551840000262,0.0001124510993128526,1.4688904770727139e-05,32.66963884060487,80.22230925742691,20.0,6.210105995858167e-05,0.00019055598577777388,4.252893487225991e-05,0.00029518598060861503,0.0,Germany,DEU,baden-wurttemberg,,,Linux-7.0.0-31-generic-x86_64-with-glibc2.43,3.14.4,3.3.0,24,Intel(R) Core(TM) Ultra 9 285K,1,1 x NVIDIA GeForce RTX 5090,9.2986,48.7383,60.81614685058594,machine,0.0,0.0,0.0,0.0,N
rollout_63,2026-09-09T22:10:34,td3_Ant-v5_seed43611,f0c67b85-0302-4a9a-8591-e24f5c5041a1,0.23762483800237533,2.811822769042266e-06,1.1832747248691168e-05,32.69121480481754,80.03707306225901,20.0,2.3615138336485764e-06,3.70139185013052e-06,1.3181752167132528e-06,7.381080900491915e-06,0.0,Germany,DEU,baden-wurttemberg,,,Linux-7.0.0-31-generic-x86_64-with-glibc2.43,3.14.4,3.3.0,24,Intel(R) Core(TM) Ultra 9 285K,1,1 x NVIDIA GeForce RTX 5090,9.2986,48.7383,60.81614685058594,machine,0.0,0.0,0.0,0.0,N
gradient_updates_63,2026-09-09T22:10:42,td3_Ant-v5_seed43611,f0c67b85-0302-4a9a-8591-e24f5c5041a1,7.6911396060022525,0.00011261502749194442,1.4642200940672799e-05,32.706558691588434,80.10610791163997,20.0,6.258857729304901e-05,0.0001903023744640464,4.272534301109996e-05,0.0002956162947681945,0.0,Germany,DEU,baden-wurttemberg,,,Linux-7.0.0-31-generic-x86_64-with-glibc2.43,3.14.4,3.3.0,24,Intel(R) Core(TM) Ultra 9 285K,1,1 x NVIDIA GeForce RTX 5090,9.2986,48.7383,60.81614685058594,machine,0.0,0.0,0.0,0.0,N
rollout_64,2026-09-09T22:10:42,td3_Ant-v5_seed43611,f0c67b85-0302-4a9a-8591-e24f5c5041a1,0.24865242899977602,3.6536853747683867e-06,1.4694362549148699e-05,32.72412380928347,80.1330579525989,20.0,2.438638339798127e-06,5.772782395885301e-06,1.3795633167319396e-06,9.590984052416235e-06,0.0,Germany,DEU,baden-wurttemberg,,,Linux-7.0.0-31-generic-x86_64-with-glibc2.43,3.14.4,3.3.0,24,Intel(R) Core(TM) Ultra 9 285K,1,1 x NVIDIA GeForce RTX 5090,9.2986,48.7383,60.81614685058594,machine,0.0,0.0,0.0,0.0,N
gradient_updates_64,2026-09-09T22:10:50,td3_Ant-v5_seed43611,f0c67b85-0302-4a9a-8591-e24f5c5041a1,7.762710138995317,0.0001113412618579876,1.4343117713676144e-05,32.734165769082495,80.1940267743706,20.0,5.888532655266149e-05,0.0001902645966562755,4.3122715872272524e-05,0.00029227263908121123,0.0,Germany,DEU,baden-wurttemberg,,,Linux-7.0.0-31-generic-x86_64-with-glibc2.43,3.14.4,3.3.0,24,Intel(R) Core(TM) Ultra 9 285K,1,1 x NVIDIA GeForce RTX 5090,9.2986,48.7383,60.81614685058594,machine,0.0,0.0,0.0,0.0,N
rollout_65,2026-09-09T22:10:50,td3_Ant-v5_seed43611,f0c67b85-0302-4a9a-8591-e24f5c5041a1,0.2530900109995855,3.54693430654196e-06,1.4014583349244942e-05,32.70195559413057,80.22153846367873,20.0,2.0140718890310216e-06,5.892226935699796e-06,1.404461922195361e-06,9.310760746925745e-06,0.0,Germany,DEU,baden-wurttemberg,,,Linux-7.0.0-31-generic-x86_64-with-glibc2.43,3.14.4,3.3.0,24,Intel(R) Core(TM) Ultra 9 285K,1,1 x NVIDIA GeForce RTX 5090,9.2986,48.7383,60.81614685058594,machine,0.0,0.0,0.0,0.0,N
gradient_updates_65,2026-09-09T22:10:58,td3_Ant-v5_seed43611,f0c67b85-0302-4a9a-8591-e24f5c5041a1,7.684994458992151,0.00011231373186632206,1.4614692011046311e-05,32.67071714123261,80.28773948033505,20.0,6.181979001134569e-05,0.0001903148744741845,4.269072432224559e-05,0.0002948253888077762,0.0,Germany,DEU,baden-wurttemberg,,,Linux-7.0.0-31-generic-x86_64-with-glibc2.43,3.14.4,3.3.0,24,Intel(R) Core(TM) Ultra 9 285K,1,1 x NVIDIA GeForce RTX 5090,9.2986,48.7383,60.81614685058594,machine,0.0,0.0,0.0,0.0,N
rollout_66,2026-09-09T22:10:58,td3_Ant-v5_seed43611,f0c67b85-0302-4a9a-8591-e24f5c5041a1,0.24472189499647357,2.864635231053514e-06,1.1704931750635577e-05,32.695677907710525,80.09707844784295,20.0,2.4713600326395357e-06,3.6908362859300325e-06,1.357518161158519e-06,7.519714479729822e-06,0.0,Germany,DEU,baden-wurttemberg,,,Linux-7.0.0-31-generic-x86_64-with-glibc2.43,3.14.4,3.3.0,24,Intel(R) Core(TM) Ultra 9 285K,1,1 x NVIDIA GeForce RTX 5090,9.2986,48.7383,60.81614685058594,machine,0.0,0.0,0.0,0.0,N
gradient_updates_66,2026-09-09T22:11:06,td3_Ant-v5_seed43611,f0c67b85-0302-4a9a-8591-e24f5c5041a1,7.721060372990905,0.00011202882031231647,1.4509519625990385e-05,32.713879286992146,80.1551944376587,20.0,6.233440042303223e-05,0.00018885153996994752,4.289155091117018e-05,0.00029407749130415037,0.0,Germany,DEU,baden-wurttemberg,,,Linux-7.0.0-31-generic-x86_64-with-glibc2.43,3.14.4,3.3.0,24,Intel(R) Core(TM) Ultra 9 285K,1,1 x NVIDIA GeForce RTX 5090,9.2986,48.7383,60.81614685058594,machine,0.0,0.0,0.0,0.0,N
rollout_67,2026-09-09T22:11:06,td3_Ant-v5_seed43611,f0c67b85-0302-4a9a-8591-e24f5c5041a1,0.2558658269990701,2.660955864951242e-06,1.0399909758576808e-05,32.69249789298421,79.9246795666057,20.0,2.132242539122642e-06,3.43305830186047e-06,1.419751961091384e-06,6.98505280207623e-06,0.0,Germany,DEU,baden-wurttemberg,,,Linux-7.0.0-31-generic-x86_64-with-glibc2.43,3.14.4,3.3.0,24,Intel(R) Core(TM) Ultra 9 285K,1,1 x NVIDIA GeForce RTX 5090,9.2986,48.7383,60.81614685058594,machine,0.0,0.0,0.0,0.0,N
gradient_updates_67,2026-09-09T22:11:14,td3_Ant-v5_seed43611,f0c67b85-0302-4a9a-8591-e24f5c5041a1,7.681784193991916,0.00011240287799090844,1.463239831194936e-05,32.671231358544446,79.9880053057317,20.0,6.30687365660576e-05,0.0001893170958979784,4.267356638334215e-05,0.00029505939884737903,0.0,Germany,DEU,baden-wurttemberg,,,Linux-7.0.0-31-generic-x86_64-with-glibc2.43,3.14.4,3.3.0,24,Intel(R) Core(TM) Ultra 9 285K,1,1 x NVIDIA GeForce RTX 5090,9.2986,48.7383,60.81614685058594,machine,0.0,0.0,0.0,0.0,N
rollout_68,2026-09-09T22:11:14,td3_Ant-v5_seed43611,f0c67b85-0302-4a9a-8591-e24f5c5041a1,0.24651605500548612,2.862569992491751e-06,1.1611942030648892e-05,32.69712667468016,79.79656443636733,20.0,2.5063364495134244e-06,3.6397251339526093e-06,1.3682316111550234e-06,7.514293194621491e-06,0.0,Germany,DEU,baden-wurttemberg,,,Linux-7.0.0-31-generic-x86_64-with-glibc2.43,3.14.4,3.3.0,24,Intel(R) Core(TM) Ultra 9 285K,1,1 x NVIDIA GeForce RTX 5090,9.2986,48.7383,60.81614685058594,machine,0.0,0.0,0.0,0.0,N
gradient_updates_68,2026-09-09T22:11:22,td3_Ant-v5_seed43611,f0c67b85-0302-4a9a-8591-e24f5c5041a1,7.66365357900213,0.0001124757315229697,1.4676527360220955e-05,32.71674210498339,79.86229653697062,20.0,6.30867929693954e-05,0.00018959070722823768,4.257314036666595e-05,0.0002952506405642999,0.0,Germany,DEU,baden-wurttemberg,,,Linux-7.0.0-31-generic-x86_64-with-glibc2.43,3.14.4,3.3.0,24,Intel(R) Core(TM) Ultra 9 285K,1,1 x NVIDIA GeForce RTX 5090,9.2986,48.7383,60.81614685058594,machine,0.0,0.0,0.0,0.0,N
rollout_69,2026-09-09T22:11:22,td3_Ant-v5_seed43611,f0c67b85-0302-4a9a-8591-e24f5c5041a1,0.25021774700144306,3.5811287602289382e-06,1.4312505531851853e-05,32.73751835257588,79.85924472386452,20.0,2.498367832025339e-06,5.514171077969365e-06,1.3879828388678461e-06,9.40052174886255e-06,0.0,Germany,DEU,baden-wurttemberg,,,Linux-7.0.0-31-generic-x86_64-with-glibc2.43,3.14.4,3.3.0,24,Intel(R) Core(TM) Ultra 9 285K,1,1 x NVIDIA GeForce RTX 5090,9.2986,48.7383,60.81614685058594,machine,0.0,0.0,0.0,0.0,N
gradient_updates_69,2026-09-09T22:11:30,td3_Ant-v5_seed43611,f0c67b85-0302-4a9a-8591-e24f5c5041a1,7.623720293995575,0.00011154636998062482,1.4631511399332125e-05,32.75290872161553,79.91918239461,20.0,6.320384445192284e-05,0.00018725653869400283,4.235066812228365e-05,0.0002928110512682089,0.0,Germany,DEU,baden-wurttemberg,,,Linux-7.0.0-31-generic-x86_64-with-glibc2.43,3.14.4,3.3.0,24,Intel(R) Core(TM) Ultra 9 285K,1,1 x NVIDIA GeForce RTX 5090,9.2986,48.7383,60.81614685058594,machine,0.0,0.0,0.0,0.0,N
rollout_70,2026-09-09T22:11:30,td3_Ant-v5_seed43611,f0c67b85-0302-4a9a-8591-e24f5c5041a1,0.2548476859956281,2.9254960253379675e-06,1.1478706636164302e-05,32.77996525192618,79.72308887756215,20.0,2.614775425152649e-06,3.6519473658458423e-06,1.4127522722346374e-06,7.679475063231828e-06,0.0,Germany,DEU,baden-wurttemberg,,,Linux-7.0.0-31-generic-x86_64-with-glibc2.43,3.14.4,3.3.0,24,Intel(R) Core(TM) Ultra 9 285K,1,1 x NVIDIA GeForce RTX 5090,9.2986,48.7383,60.81614685058594,machine,0.0,0.0,0.0,0.0,N
gradient_updates_70,2026-09-09T22:11:38,td3_Ant-v5_seed43611,f0c67b85-0302-4a9a-8591-e24f5c5041a1,7.65869020500395,0.00011294096705097116,1.4746787984173252e-05,32.801242335317184,79.7869266806104,20.0,6.464284754756355e-05,0.0001892840403161511,4.254500359440706e-05,0.00029647189145812214,0.0,Germany,DEU,baden-wurttemberg,,,Linux-7.0.0-31-generic-x86_64-with-glibc2.43,3.14.4,3.3.0,24,Intel(R) Core(TM) Ultra 9 285K,1,1 x NVIDIA GeForce RTX 5090,9.2986,48.7383,60.81614685058594,machine,0.0,0.0,0.0,0.0,N
rollout_71,2026-09-09T22:11:38,td3_Ant-v5_seed43611,f0c67b85-0302-4a9a-8591-e24f5c5041a1,0.24029230599990115,2.909767644375741e-06,1.2109627852964213e-05,32.82669171812631,79.6356766328267,20.0,2.457593354966703e-06,3.8475030779139274e-06,1.3330913722813323e-06,7.638187805161095e-06,0.0,Germany,DEU,baden-wurttemberg,,,Linux-7.0.0-31-generic-x86_64-with-glibc2.43,3.14.4,3.3.0,24,Intel(R) Core(TM) Ultra 9 285K,1,1 x NVIDIA GeForce RTX 5090,9.2986,48.7383,60.81614685058594,machine,0.0,0.0,0.0,0.0,N
gradient_updates_71,2026-09-09T22:11:46,td3_Ant-v5_seed43611,f0c67b85-0302-4a9a-8591-e24f5c5041a1,7.6883147900080075,0.00011197053196790666,1.4563742056156117e-05,32.84530929429034,79.69759038982328,20.0,6.171435187144608e-05,0.00018950015160013045,4.270997997219729e-05,0.00029392448344377556,0.0,Germany,DEU,baden-wurttemberg,,,Linux-7.0.0-31-generic-x86_64-with-glibc2.43,3.14.4,3.3.0,24,Intel(R) Core(TM) Ultra 9 285K,1,1 x NVIDIA GeForce RTX 5090,9.2986,48.7383,60.81614685058594,machine,0.0,0.0,0.0,0.0,N
rollout_72,2026-09-09T22:11:46,td3_Ant-v5_seed43611,f0c67b85-0302-4a9a-8591-e24f5c5041a1,0.24419024500821251,3.6968691027559897e-06,1.5139544396704317e-05,32.87299674321993,79.74023747157273,20.0,2.5262745210197224e-06,5.82417132588553e-06,1.353896199967914e-06,9.704342046872733e-06,0.0,Germany,DEU,baden-wurttemberg,,,Linux-7.0.0-31-generic-x86_64-with-glibc2.43,3.14.4,3.3.0,24,Intel(R) Core(TM) Ultra 9 285K,1,1 x NVIDIA GeForce RTX 5090,9.2986,48.7383,60.81614685058594,machine,0.0,0.0,0.0,0.0,N
gradient_updates_72,2026-09-09T22:11:54,td3_Ant-v5_seed43611,f0c67b85-0302-4a9a-8591-e24f5c5041a1,7.654777522009681,0.00011159898673106759,1.4579017983737059e-05,32.894526450570304,79.793675967122,20.0,6.391464835390354e-05,0.00018650403809195026,4.2530484655516065e-05,0.00029294917110136987,0.0,Germany,DEU,baden-wurttemberg,,,Linux-7.0.0-31-generic-x86_64-with-glibc2.43,3.14.4,3.3.0,24,Intel(R) Core(TM) Ultra 9 285K,1,1 x NVIDIA GeForce RTX 5090,9.2986,48.7383,60.81614685058594,machine,0.0,0.0,0.0,0.0,N
rollout_73,2026-09-09T22:11:54,td3_Ant-v5_seed43611,f0c67b85-0302-4a9a-8591-e24f5c5041a1,0.2474771109991707,3.6793436941750385e-06,1.4867530170616684e-05,32.919032209075304,79.82358260727364,20.0,2.5342261940550226e-06,5.758060162230905e-06,1.3660512055342112e-06,9.65833756182144e-06,0.0,Germany,DEU,baden-wurttemberg,,,Linux-7.0.0-31-generic-x86_64-with-glibc2.43,3.14.4,3.3.0,24,Intel(R) Core(TM) Ultra 9 285K,1,1 x NVIDIA GeForce RTX 5090,9.2986,48.7383,60.81614685058594,machine,0.0,0.0,0.0,0.0,N
gradient_updates_73,2026-09-09T22:12:01,td3_Ant-v5_seed43611,f0c67b85-0302-4a9a-8591-e24f5c5041a1,7.704459289001534,0.00011173348428864492,1.450246467817067e-05,32.936600184763435,79.88083038812523,20.0,6.118394061378069e-05,0.00018931931812171676,4.2798970661129306e-05,0.00029330222939662545,0.0,Germany,DEU,baden-wurttemberg,,,Linux-7.0.0-31-generic-x86_64-with-glibc2.43,3.14.4,3.3.0,24,Intel(R) Core(TM) Ultra 9 285K,1,1 x NVIDIA GeForce RTX 5090,9.2986,48.7383,60.81614685058594,machine,0.0,0.0,0.0,0.0,N
rollout_74,2026-09-09T22:12:02,td3_Ant-v5_seed43611,f0c67b85-0302-4a9a-8591-e24f5c5041a1,0.2557430290034972,3.4427097845620563e-06,1.3460424834716627e-05,32.912073471822154,79.86759926467015,20.0,2.0914169509139713e-06,5.526671088107449e-06,1.419081627763042e-06,9.037169666784028e-06,0.0,Germany,DEU,baden-wurttemberg,,,Linux-7.0.0-31-generic-x86_64-with-glibc2.43,3.14.4,3.3.0,24,Intel(R) Core(TM) Ultra 9 285K,1,1 x NVIDIA GeForce RTX 5090,9.2986,48.7383,60.81614685058594,machine,0.0,0.0,0.0,0.0,N
gradient_updates_74,2026-09-09T22:12:09,td3_Ant-v5_seed43611,f0c67b85-0302-4a9a-8591-e24f5c5041a1,7.6208775069972035,0.000111653618522424,1.4651042047803669e-05,32.88846559926004,79.92408840742613,20.0,6.339869877447502e-05,0.00018735848321993487,4.233539845558375e-05,0.0002930925804499919,0.0,Germany,DEU,baden-wurttemberg,,,Linux-7.0.0-31-generic-x86_64-with-glibc2.43,3.14.4,3.3.0,24,Intel(R) Core(TM) Ultra 9 285K,1,1 x NVIDIA GeForce RTX 5090,9.2986,48.7383,60.81614685058594,machine,0.0,0.0,0.0,0.0,N
rollout_75,2026-09-09T22:12:10,td3_Ant-v5_seed43611,f0c67b85-0302-4a9a-8591-e24f5c5041a1,0.2385282260074746,2.8397428418879683e-06,1.1905891295484358e-05,32.915964193410204,79.76337024590572,20.0,2.480277817552834e-06,3.651114032221514e-06,1.3229797000044972e-06,7.454371549777544e-06,0.0,Germany,DEU,baden-wurttemberg,,,Linux-7.0.0-31-generic-x86_64-with-glibc2.43,3.14.4,3.3.0,24,Intel(R) Core(TM) Ultra 9 285K,1,1 x NVIDIA GeForce RTX 5090,9.2986,48.7383,60.81614685058594,machine,0.0,0.0,0.0,0.0,N
gradient_updates_75,2026-09-09T22:12:17,td3_Ant-v5_seed43611,f0c67b85-0302-4a9a-8591-e24f5c5041a1,7.682123499995214,0.00011209296480732371,1.4591414843494471e-05,32.93688061922262,79.81965388209704,20.0,6.275640687175565e-05,0.00018881403993975532,4.267542484441122e-05,0.00029424587165592306,0.0,Germany,DEU,baden-wurttemberg,,,Linux-7.0.0-31-generic-x86_64-with-glibc2.43,3.14.4,3.3.0,24,Intel(R) Core(TM) Ultra 9 285K,1,1 x NVIDIA GeForce RTX 5090,9.2986,48.7383,60.81614685058594,machine,0.0,0.0,0.0,0.0,N
rollout_76,2026-09-09T22:12:18,td3_Ant-v5_seed43611,f0c67b85-0302-4a9a-8591-e24f5c5041a1,0.24864311899000313,3.588143241152128e-06,1.4431489486958973e-05,32.959322693550796,79.81936941950575,20.0,2.5366673071097745e-06,5.503059958167356e-06,1.3792076110907825e-06,9.418934876367913e-06,0.0,Germany,DEU,baden-wurttemberg,,,Linux-7.0.0-31-generic-x86_64-with-glibc2.43,3.14.4,3.3.0,24,Intel(R) Core(TM) Ultra 9 285K,1,1 x NVIDIA GeForce RTX 5090,9.2986,48.7383,60.81614685058594,machine,0.0,0.0,0.0,0.0,N
gradient_updates_76,2026-09-09T22:12:25,td3_Ant-v5_seed43611,f0c67b85-0302-4a9a-8591-e24f5c5041a1,7.622558080998715,0.0001113050207115808,1.4602080143459484e-05,32.97613931068583,79.8731222155227,20.0,6.296860537484406e-05,0.00018686459393579824,4.234430616666552e-05,0.00029217750547730695,0.0,Germany,DEU,baden-wurttemberg,,,Linux-7.0.0-31-generic-x86_64-with-glibc2.43,3.14.4,3.3.0,24,Intel(R) Core(TM) Ultra 9 285K,1,1 x NVIDIA GeForce RTX 5090,9.2986,48.7383,60.81614685058594,machine,0.0,0.0,0.0,0.0,N
rollout_77,2026-09-09T22:12:25,td3_Ant-v5_seed43611,f0c67b85-0302-4a9a-8591-e24f5c5041a1,0.24774609800078906,2.833363167722286e-06,1.1436698934362096e-05,32.98900765702465,79.70219330946962,20.0,2.4286013873206502e-06,3.634447351963388e-06,1.3745760611425309e-06,7.437624800425702e-06,0.0,Germany,DEU,baden-wurttemberg,,,Linux-7.0.0-31-generic-x86_64-with-glibc2.43,3.14.4,3.3.0,24,Intel(R) Core(TM) Ultra 9 285K,1,1 x NVIDIA GeForce RTX 5090,9.2986,48.7383,60.81614685058594,machine,0.0,0.0,0.0,0.0,N
gradient_updates_77,2026-09-09T22:12:33,td3_Ant-v5_seed43611,f0c67b85-0302-4a9a-8591-e24f5c5041a1,7.775975909011322,0.00011005332443356913,1.4153018684104722e-05,32.99439072586363,79.75482695444882,20.0,5.551261441005817e-05,0.00019018959659611312,4.318957120558447e-05,0.0002888917822117566,0.0,Germany,DEU,baden-wurttemberg,,,Linux-7.0.0-31-generic-x86_64-with-glibc2.43,3.14.4,3.3.0,24,Intel(R) Core(TM) Ultra 9 285K,1,1 x NVIDIA GeForce RTX 5090,9.2986,48.7383,60.81614685058594,machine,0.0,0.0,0.0,0.0,N
rollout_78,2026-09-09T22:12:33,td3_Ant-v5_seed43611,f0c67b85-0302-4a9a-8591-e24f5c5041a1,0.24766548199113458,3.4776636778938858e-06,1.4040582272113634e-05,32.974043711829395,79.77447962633838,20.0,2.062476094417953e-06,5.693337888024175e-06,1.3731102278041404e-06,9.128924210247136e-06,0.0,Germany,DEU,baden-wurttemberg,,,Linux-7.0.0-31-generic-x86_64-with-glibc2.43,3.14.4,3.3.0,24,Intel(R) Core(TM) Ultra 9 285K,1,1 x NVIDIA GeForce RTX 5090,9.2986,48.7383,60.81614685058594,machine,0.0,0.0,0.0,0.0,N
gradient_updates_78,2026-09-09T22:12:41,td3_Ant-v5_seed43611,f0c67b85-0302-4a9a-8591-e24f5c5041a1,7.668944443998043,0.00011122105818862395,1.4502804546149897e-05,32.953851207418765,79.82205128152444,20.0,6.310055964706823e-05,0.0001862526490021832,4.2603893827779585e-05,0.0002919571024770293,0.0,Germany,DEU,baden-wurttemberg,,,Linux-7.0.0-31-generic-x86_64-with-glibc2.43,3.14.4,3.3.0,24,Intel(R) Core(TM) Ultra 9 285K,1,1 x NVIDIA GeForce RTX 5090,9.2986,48.7383,60.81614685058594,machine,0.0,0.0,0.0,0.0,N
rollout_79,2026-09-09T22:12:41,td3_Ant-v5_seed43611,f0c67b85-0302-4a9a-8591-e24f5c5041a1,0.2465025880082976,3.6699441679065997e-06,1.488745669238394e-05,32.97250343810553,79.85091327551972,20.0,2.4839228204703856e-06,5.781671291726909e-06,1.3680695389569134e-06,9.63366365115334e-06,0.0,Germany,DEU,baden-wurttemberg,,,Linux-7.0.0-31-generic-x86_64-with-glibc2.43,3.14.4,3.3.0,24,Intel(R) Core(TM) Ultra 9 285K,1,1 x NVIDIA GeForce RTX 5090,9.2986,48.7383,60.81614685058594,machine,0.0,0.0,0.0,0.0,N
gradient_updates_79,2026-09-09T22:12:49,td3_Ant-v5_seed43611,f0c67b85-0302-4a9a-8591-e24f5c5041a1,7.6641635530104395,0.00011206579099855285,1.4622066575185946e-05,32.985987252471986,79.90485503412182,20.0,6.289298975879765e-05,0.00018870570651996488,4.257584368331461e-05,0.00029417453996207626,0.0,Germany,DEU,baden-wurttemberg,,,Linux-7.0.0-31-generic-x86_64-with-glibc2.43,3.14.4,3.3.0,24,Intel(R) Core(TM) Ultra 9 285K,1,1 x NVIDIA GeForce RTX 5090,9.2986,48.7383,60.81614685058594,machine,0.0,0.0,0.0,0.0,N
rollout_80,2026-09-09T22:12:49,td3_Ant-v5_seed43611,f0c67b85-0302-4a9a-8591-e24f5c5041a1,0.24153833799937274,2.777777735296985e-06,1.1500552827305347e-05,33.00765561436807,79.73410775994284,20.0,2.4735130899136704e-06,3.4783361162471493e-06,1.3398629221932773e-06,7.291712128355832e-06,0.0,Germany,DEU,baden-wurttemberg,,,Linux-7.0.0-31-generic-x86_64-with-glibc2.43,3.14.4,3.3.0,24,Intel(R) Core(TM) Ultra 9 285K,1,1 x NVIDIA GeForce RTX 5090,9.2986,48.7383,60.81614685058594,machine,0.0,0.0,0.0,0.0,N
gradient_updates_80,2026-09-09T22:12:57,td3_Ant-v5_seed43611,f0c67b85-0302-4a9a-8591-e24f5c5041a1,7.802742214989848,0.00011143236296541278,1.4281193053352104e-05,33.021914790142056,79.7833056618984,20.0,5.876569784585978e-05,0.00019040070787590402,4.3345375261075875e-05,0.00029251178098283967,0.0,Germany,DEU,baden-wurttemberg,,,Linux-7.0.0-31-generic-x86_64-with-glibc2.43,3.14.4,3.3.0,24,Intel(R) Core(TM) Ultra 9 285K,1,1 x NVIDIA GeForce RTX 5090,9.2986,48.7383,60.81614685058594,machine,0.0,0.0,0.0,0.0,N
rollout_81,2026-09-09T22:12:57,td3_Ant-v5_seed43611,f0c67b85-0302-4a9a-8591-e24f5c5041a1,0.24725982100062538,3.388534079154168e-06,1.3704296763001927e-05,32.998586896767655,79.78578900060599,20.0,2.018530781480732e-06,5.50417106981449e-06,1.3722556999710978e-06,8.89495755126632e-06,0.0,Germany,DEU,baden-wurttemberg,,,Linux-7.0.0-31-generic-x86_64-with-glibc2.43,3.14.4,3.3.0,24,Intel(R) Core(TM) Ultra 9 285K,1,1 x NVIDIA GeForce RTX 5090,9.2986,48.7383,60.81614685058594,machine,0.0,0.0,0.0,0.0,N
gradient_updates_81,2026-09-09T22:13:05,td3_Ant-v5_seed43611,f0c67b85-0302-4a9a-8591-e24f5c5041a1,7.680458116999944,0.0001111260390746268,1.4468689813967275e-05,32.97562073279731,79.83178993362434,20.0,6.244063495246949e-05,0.00018660042705809232,4.266661373330833e-05,0.00029170767574386927,0.0,Germany,DEU,baden-wurttemberg,,,Linux-7.0.0-31-generic-x86_64-with-glibc2.43,3.14.4,3.3.0,24,Intel(R) Core(TM) Ultra 9 285K,1,1 x NVIDIA GeForce RTX 5090,9.2986,48.7383,60.81614685058594,machine,0.0,0.0,0.0,0.0,N
rollout_82,2026-09-09T22:13:05,td3_Ant-v5_seed43611,f0c67b85-0302-4a9a-8591-e24f5c5041a1,0.24936775999958627,3.6922810701597863e-06,1.4805703073287306e-05,32.99312627044344,79.85558657354497,20.0,2.50759117273458e-06,5.801115752213093e-06,1.3835914610856037e-06,9.692298386033277e-06,0.0,Germany,DEU,baden-wurttemberg,,,Linux-7.0.0-31-generic-x86_64-with-glibc2.43,3.14.4,3.3.0,24,Intel(R) Core(TM) Ultra 9 285K,1,1 x NVIDIA GeForce RTX 5090,9.2986,48.7383,60.81614685058594,machine,0.0,0.0,0.0,0.0,N
gradient_updates_82,2026-09-09T22:13:13,td3_Ant-v5_seed43611,f0c67b85-0302-4a9a-8591-e24f5c5041a1,7.788378301993362,0.00011041727934318381,1.417721602895659e-05,33.003029493244405,79.90412031353563,20.0,5.6086615147027397e-05,0.00019049515239588644,4.326540227775691e-05,0.00028984716982067074,0.0,Germany,DEU,baden-wurttemberg,,,Linux-7.0.0-31-generic-x86_64-with-glibc2.43,3.14.4,3.3.0,24,Intel(R) Core(TM) Ultra 9 285K,1,1 x NVIDIA GeForce RTX 5090,9.2986,48.7383,60.81614685058594,machine,0.0,0.0,0.0,0.0,N
rollout_83,2026-09-09T22:13:13,td3_Ant-v5_seed43611,f0c67b85-0302-4a9a-8591-e24f5c5041a1,0.25355931199737824,2.6625170343550636e-06,1.050058719632963e-05,32.9728595789327,79.73638242881576,20.0,1.978874916437612e-06,3.608058442017281e-06,1.4022175389176092e-06,6.98915089737337e-06,0.0,Germany,DEU,baden-wurttemberg,,,Linux-7.0.0-31-generic-x86_64-with-glibc2.43,3.14.4,3.3.0,24,Intel(R) Core(TM) Ultra 9 285K,1,1 x NVIDIA GeForce RTX 5090,9.2986,48.7383,60.81614685058594,machine,0.0,0.0,0.0,0.0,N
gradient_updates_83,2026-09-09T22:13:21,td3_Ant-v5_seed43611,f0c67b85-0302-4a9a-8591-e24f5c5041a1,7.689182608999545,0.00011137336667289138,1.4484434713651739e-05,32.943712585334474,79.78521718420926,20.0,6.150968115214983e-05,0.00018813265050598993,4.271458308891581e-05,0.00029235691474705644,0.0,Germany,DEU,baden-wurttemberg,,,Linux-7.0.0-31-generic-x86_64-with-glibc2.43,3.14.4,3.3.0,24,Intel(R) Core(TM) Ultra 9 285K,1,1 x NVIDIA GeForce RTX 5090,9.2986,48.7383,60.81614685058594,machine,0.0,0.0,0.0,0.0,N
rollout_84,2026-09-09T22:13:21,td3_Ant-v5_seed43611,f0c67b85-0302-4a9a-8591-e24f5c5041a1,0.2393017659924226,3.5616992317116097e-06,1.4883712355773066e-05,32.95675731086743,79.81731738969636,20.0,2.35852994237562e-06,5.663615642026443e-06,1.3273733333336174e-06,9.349518917733946e-06,0.0,Germany,DEU,baden-wurttemberg,,,Linux-7.0.0-31-generic-x86_64-with-glibc2.43,3.14.4,3.3.0,24,Intel(R) Core(TM) Ultra 9 285K,1,1 x NVIDIA GeForce RTX 5090,9.2986,48.7383,60.81614685058594,machine,0.0,0.0,0.0,0.0,N
gradient_updates_84,2026-09-09T22:13:29,td3_Ant-v5_seed43611,f0c67b85-0302-4a9a-8591-e24f5c5041a1,7.733320432991604,0.0001115790931616057,1.4428369941509792e-05,32.965029855381985,79.86205407111498,20.0,6.186398976892882e-05,0.00018807320601399447,4.2959754372229146e-05,0.0002928969501551533,0.0,Germany,DEU,baden-wurttemberg,,,Linux-7.0.0-31-generic-x86_64-with-glibc2.43,3.14.4,3.3.0,24,Intel(R) Core(TM) Ultra 9 285K,1,1 x NVIDIA GeForce RTX 5090,9.2986,48.7383,60.81614685058594,machine,0.0,0.0,0.0,0.0,N
rollout_85,2026-09-09T22:13:29,td3_Ant-v5_seed43611,f0c67b85-0302-4a9a-8591-e24f5c5041a1,0.24415712599875405,2.8949292913520164e-06,1.185686449612583e-05,32.982205930091474,79.72440903464187,20.0,2.458508633479406e-06,3.786669696026479e-06,1.3540585555244303e-06,7.599236885029448e-06,0.0,Germany,DEU,baden-wurttemberg,,,Linux-7.0.0-31-generic-x86_64-with-glibc2.43,3.14.4,3.3.0,24,Intel(R) Core(TM) Ultra 9 285K,1,1 x NVIDIA GeForce RTX 5090,9.2986,48.7383,60.81614685058594,machine,0.0,0.0,0.0,0.0,N
gradient_updates_85,2026-09-09T22:13:37,td3_Ant-v5_seed43611,f0c67b85-0302-4a9a-8591-e24f5c5041a1,7.821852045002743,0.00011051832622000976,1.4129451681265477e-05,32.99211322474273,79.76859014185807,20.0,5.6625571689311593e-05,0.0001900301520241232,4.3456695816712285e-05,0.0002901124195301488,0.0,Germany,DEU,baden-wurttemberg,,,Linux-7.0.0-31-generic-x86_64-with-glibc2.43,3.14.4,3.3.0,24,Intel(R) Core(TM) Ultra 9 285K,1,1 x NVIDIA GeForce RTX 5090,9.2986,48.7383,60.81614685058594,machine,0.0,0.0,0.0,0.0,N
rollout_86,2026-09-09T22:13:37,td3_Ant-v5_seed43611,f0c67b85-0302-4a9a-8591-e24f5c5041a1,0.2555738129885867,2.6924428590240773e-06,1.0533849486334639e-05,32.967684419387815,79.60449436003299,20.0,2.0528969200891978e-06,3.600280658044852e-06,1.4145290999694957e-06,7.067706678104413e-06,0.0,Germany,DEU,baden-wurttemberg,,,Linux-7.0.0-31-generic-x86_64-with-glibc2.43,3.14.4,3.3.0,24,Intel(R) Core(TM) Ultra 9 285K,1,1 x NVIDIA GeForce RTX 5090,9.2986,48.7383,60.81614685058594,machine,0.0,0.0,0.0,0.0,N
gradient_updates_86,2026-09-09T22:13:45,td3_Ant-v5_seed43611,f0c67b85-0302-4a9a-8591-e24f5c5041a1,7.71436698200705,0.00011218186357400857,1.4541953956265192e-05,32.94342089875265,79.65692546927777,20.0,6.116476532065651e-05,0.00019045959681185387,4.2854870244466055e-05,0.00029447923237697557,0.0,Germany,DEU,baden-wurttemberg,,,Linux-7.0.0-31-generic-x86_64-with-glibc2.43,3.14.4,3.3.0,24,Intel(R) Core(TM) Ultra 9 285K,1,1 x NVIDIA GeForce RTX 5090,9.2986,48.7383,60.81614685058594,machine,0.0,0.0,0.0,0.0,N
rollout_87,2026-09-09T22:13:45,td3_Ant-v5_seed43611,f0c67b85-0302-4a9a-8591-e24f5c5041a1,0.23785881100047845,2.7084679917917243e-06,1.1386802526840647e-05,32.955534562192945,79.50266657217338,20.0,2.340626316946204e-06,3.448336092004567e-06,1.3208105055836222e-06,7.109772914532658e-06,0.0,Germany,DEU,baden-wurttemberg,,,Linux-7.0.0-31-generic-x86_64-with-glibc2.43,3.14.4,3.3.0,24,Intel(R) Core(TM) Ultra 9 285K,1,1 x NVIDIA GeForce RTX 5090,9.2986,48.7383,60.81614685058594,machine,0.0,0.0,0.0,0.0,N
gradient_updates_87,2026-09-09T22:13:53,td3_Ant-v5_seed43611,f0c67b85-0302-4a9a-8591-e24f5c5041a1,7.719396013999358,0.00011110344572783093,1.4392787328487498e-05,32.962894305017194,79.5475399434399,20.0,6.109745721126492e-05,0.0001876720945821475,4.287881604444349e-05,0.0002916483678378559,0.0,Germany,DEU,baden-wurttemberg,,,Linux-7.0.0-31-generic-x86_64-with-glibc2.43,3.14.4,3.3.0,24,Intel(R) Core(TM) Ultra 9 285K,1,1 x NVIDIA GeForce RTX 5090,9.2986,48.7383,60.81614685058594,machine,0.0,0.0,0.0,0.0,N
rollout_88,2026-09-09T22:13:53,td3_Ant-v5_seed43611,f0c67b85-0302-4a9a-8591-e24f5c5041a1,0.24829377299465705,3.5935806319397495e-06,1.4473499870023233e-05,32.975249492400856,79.55782558824257,20.0,2.446640846198722e-06,5.608893375752544e-06,1.3776738944414404e-06,9.433208116391839e-06,0.0,Germany,DEU,baden-wurttemberg,,,Linux-7.0.0-31-generic-x86_64-with-glibc2.43,3.14.4,3.3.0,24,Intel(R) Core(TM) Ultra 9 285K,1,1 x NVIDIA GeForce RTX 5090,9.2986,48.7383,60.81614685058594,machine,0.0,0.0,0.0,0.0,N
gradient_updates_88,2026-09-09T22:14:01,td3_Ant-v5_seed43611,f0c67b85-0302-4a9a-8591-e24f5c5041a1,7.795487309995224,0.00011100319265640833,1.423943323093392e-05,32.981704496001406,79.60293252597349,20.0,5.813652817584364e-05,0.00018994348528811322,4.330518841662648e-05,0.00029138520188058334,0.0,Germany,DEU,baden-wurttemberg,,,Linux-7.0.0-31-generic-x86_64-with-glibc2.43,3.14.4,3.3.0,24,Intel(R) Core(TM) Ultra 9 285K,1,1 x NVIDIA GeForce RTX 5090,9.2986,48.7383,60.81614685058594,machine,0.0,0.0,0.0,0.0,N
rollout_89,2026-09-09T22:14:01,td3_Ant-v5_seed43611,f0c67b85-0302-4a9a-8591-e24f5c5041a1,0.24977965699508786,2.7880751423473016e-06,1.1162005665467069e-05,32.99696250113505,79.43754631337977,20.0,2.501080889748264e-06,3.43166941219053e-06,1.38599268886732e-06,7.318742990806981e-06,0.0,Germany,DEU,baden-wurttemberg,,,Linux-7.0.0-31-generic-x86_64-with-glibc2.43,3.14.4,3.3.0,24,Intel(R) Core(TM) Ultra 9 285K,1,1 x NVIDIA GeForce RTX 5090,9.2986,48.7383,60.81614685058594,machine,0.0,0.0,0.0,0.0,N
gradient_updates_89,2026-09-09T22:14:09,td3_Ant-v5_seed43611,f0c67b85-0302-4a9a-8591-e24f5c5041a1,7.804872407999937,0.00011082802547871667,1.4199866509801609e-05,33.00570359349453,79.4828469914331,20.0,5.738471201884032e-05,0.00019018348547983344,4.3357187666616566e-05,0.00029092538516528946,0.0,Germany,DEU,baden-wurttemberg,,,Linux-7.0.0-31-generic-x86_64-with-glibc2.43,3.14.4,3.3.0,24,Intel(R) Core(TM) Ultra 9 285K,1,1 x NVIDIA GeForce RTX 5090,9.2986,48.7383,60.81614685058594,machine,0.0,0.0,0.0,0.0,N
rollout_90,2026-09-09T22:14:09,td3_Ant-v5_seed43611,f0c67b85-0302-4a9a-8591-e24f5c5041a1,0.2561386240122374,3.528818828197125e-06,1.3775785837832032e-05,32.991219628726846,79.48451955392576,20.0,2.1756284071666743e-06,5.66750453412368e-06,1.4200743777715436e-06,9.263207319063632e-06,0.0,Germany,DEU,baden-wurttemberg,,,Linux-7.0.0-31-generic-x86_64-with-glibc2.43,3.14.4,3.3.0,24,Intel(R) Core(TM) Ultra 9 285K,1,1 x NVIDIA GeForce RTX 5090,9.2986,48.7383,60.81614685058594,machine,0.0,0.0,0.0,0.0,N
gradient_updates_90,2026-09-09T22:14:17,td3_Ant-v5_seed43611,f0c67b85-0302-4a9a-8591-e24f5c5041a1,7.730238396994537,0.00011251576956444916,1.4555287326777205e-05,32.976631321934285,79.52834315559025,20.0,6.433794369253842e-05,0.00018807487268190926,4.2942924705615705e-05,0.0002953557410800625,0.0,Germany,DEU,baden-wurttemberg,,,Linux-7.0.0-31-generic-x86_64-with-glibc2.43,3.14.4,3.3.0,24,Intel(R) Core(TM) Ultra 9 285K,1,1 x NVIDIA GeForce RTX 5090,9.2986,48.7383,60.81614685058594,machine,0.0,0.0,0.0,0.0,N
rollout_91,2026-09-09T22:14:17,td3_Ant-v5_seed43611,f0c67b85-0302-4a9a-8591-e24f5c5041a1,0.24292929501098115,3.6036914072921228e-06,1.4834664059140229e-05,32.996901607038915,79.54844815760494,20.0,2.499961722191024e-06,5.612226712026214e-06,1.3475606333588144e-06,9.459749067575185e-06,0.0,Germany,DEU,baden-wurttemberg,,,Linux-7.0.0-31-generic-x86_64-with-glibc2.43,3.14.4,3.3.0,24,Intel(R) Core(TM) Ultra 9 285K,1,1 x NVIDIA GeForce RTX 5090,9.2986,48.7383,60.81614685058594,machine,0.0,0.0,0.0,0.0,N
gradient_updates_91,2026-09-09T22:14:25,td3_Ant-v5_seed43611,f0c67b85-0302-4a9a-8591-e24f5c5041a1,7.811306620002142,0.00011011923194579123,1.4097431818405827e-05,33.009807440508446,79.58924265746586,20.0,5.654627718143512e-05,0.0001891293179701048,4.338919536110361e-05,0.0002890647905126435,0.0,Germany,DEU,baden-wurttemberg,,,Linux-7.0.0-31-generic-x86_64-with-glibc2.43,3.14.4,3.3.0,24,Intel(R) Core(TM) Ultra 9 285K,1,1 x NVIDIA GeForce RTX 5090,9.2986,48.7383,60.81614685058594,machine,0.0,0.0,0.0,0.0,N
rollout_92,2026-09-09T22:14:25,td3_Ant-v5_seed43611,f0c67b85-0302-4a9a-8591-e24f5c5041a1,0.24053023599844892,2.773931222232323e-06,1.1532483424233941e-05,33.020846499045135,79.45141719238457,20.0,2.363972168947792e-06,3.5830584217411143e-06,1.3345843777644653e-06,7.2816149684525044e-06,0.0,Germany,DEU,baden-wurttemberg,,,Linux-7.0.0-31-generic-x86_64-with-glibc2.43,3.14.4,3.3.0,24,Intel(R) Core(TM) Ultra 9 285K,1,1 x NVIDIA GeForce RTX 5090,9.2986,48.7383,60.81614685058594,machine,0.0,0.0,0.0,0.0,N
gradient_updates_92,2026-09-09T22:14:33,td3_Ant-v5_seed43611,f0c67b85-0302-4a9a-8591-e24f5c5041a1,7.819817903990042,0.00010996856671317314,1.406282130772116e-05,33.02566931741831,79.49152146511446,20.0,5.619284995424939e-05,0.00018903598456199155,4.344045728891296e-05,0.00028866929180515477,0.0,Germany,DEU,baden-wurttemberg,,,Linux-7.0.0-31-generic-x86_64-with-glibc2.43,3.14.4,3.3.0,24,Intel(R) Core(TM) Ultra 9 285K,1,1 x NVIDIA GeForce RTX 5090,9.2986,48.7383,60.81614685058594,machine,0.0,0.0,0.0,0.0,N
rollout_93,2026-09-09T22:14:33,td3_Ant-v5_seed43611,f0c67b85-0302-4a9a-8591-e24f5c5041a1,0.25594417499087285,3.5099847127996464e-06,1.3714273780909366e-05,33.003372791628955,79.49779044855373,20.0,2.0627983169096975e-06,5.730837917994336e-06,1.4201312222416468e-06,9.213767457143945e-06,0.0,Germany,DEU,baden-wurttemberg,,,Linux-7.0.0-31-generic-x86_64-with-glibc2.43,3.14.4,3.3.0,24,Intel(R) Core(TM) Ultra 9 285K,1,1 x NVIDIA GeForce RTX 5090,9.2986,48.7383,60.81614685058594,machine,0.0,0.0,0.0,0.0,N
gradient_updates_93,2026-09-09T22:14:41,td3_Ant-v5_seed43611,f0c67b85-0302-4a9a-8591-e24f5c5041a1,7.686998853998375,0.00011131716513098841,1.4481238753579292e-05,32.981335120552444,79.54240225954389,20.0,6.157229286890553e-05,0.00018793431701413787,4.270277489445626e-05,0.00029220938477749966,0.0,Germany,DEU,baden-wurttemberg,,,Linux-7.0.0-31-generic-x86_64-with-glibc2.43,3.14.4,3.3.0,24,Intel(R) Core(TM) Ultra 9 285K,1,1 x NVIDIA GeForce RTX 5090,9.2986,48.7383,60.81614685058594,machine,0.0,0.0,0.0,0.0,N
rollout_94,2026-09-09T22:14:41,td3_Ant-v5_seed43611,f0c67b85-0302-4a9a-8591-e24f5c5041a1,0.24394071799179073,2.7883128524853334e-06,1.1429340010161043e-05,32.98880952671198,79.40615190159309,20.0,2.3515788257072456e-06,3.61416955807492e-06,1.3536186000339887e-06,7.319366983817022e-06,0.0,Germany,DEU,baden-wurttemberg,,,Linux-7.0.0-31-generic-x86_64-with-glibc2.43,3.14.4,3.3.0,24,Intel(R) Core(TM) Ultra 9 285K,1,1 x NVIDIA GeForce RTX 5090,9.2986,48.7383,60.81614685058594,machine,0.0,0.0,0.0,0.0,N
gradient_updates_94,2026-09-09T22:14:49,td3_Ant-v5_seed43611,f0c67b85-0302-4a9a-8591-e24f5c5041a1,7.798207858999376,0.00011052564089680632,1.4173241588050471e-05,32.99084909053796,79.44961245984845,20.0,5.664764615141704e-05,0.00019016404101979134,4.3319933505537624e-05,0.00029013162067674514,0.0,Germany,DEU,baden-wurttemberg,,,Linux-7.0.0-31-generic-x86_64-with-glibc2.43,3.14.4,3.3.0,24,Intel(R) Core(TM) Ultra 9 285K,1,1 x NVIDIA GeForce RTX 5090,9.2986,48.7383,60.81614685058594,machine,0.0,0.0,0.0,0.0,N
rollout_95,2026-09-09T22:14:49,td3_Ant-v5_seed43611,f0c67b85-0302-4a9a-8591-e24f5c5041a1,0.24293607300205622,3.4632216203249466e-06,1.425567188056214e-05,32.968076878161554,79.48342128715574,20.0,1.9441190552901833e-06,5.798893528030646e-06,1.348000988865214e-06,9.091013572187778e-06,0.0,Germany,DEU,baden-wurttemberg,,,Linux-7.0.0-31-generic-x86_64-with-glibc2.43,3.14.4,3.3.0,24,Intel(R) Core(TM) Ultra 9 285K,1,1 x NVIDIA GeForce RTX 5090,9.2986,48.7383,60.81614685058594,machine,0.0,0.0,0.0,0.0,N
gradient_updates_95,2026-09-09T22:14:57,td3_Ant-v5_seed43611,f0c67b85-0302-4a9a-8591-e24f5c5041a1,7.696577933005756,0.00011141124619364062,1.4475436083260566e-05,32.94573702162887,79.52663293224292,20.0,6.176631663523668e-05,0.00018793431701413787,4.2755715461115056e-05,0.0002924563491104905,0.0,Germany,DEU,baden-wurttemberg,,,Linux-7.0.0-31-generic-x86_64-with-glibc2.43,3.14.4,3.3.0,24,Intel(R) Core(TM) Ultra 9 285K,1,1 x NVIDIA GeForce RTX 5090,9.2986,48.7383,60.81614685058594,machine,0.0,0.0,0.0,0.0,N
rollout_96,2026-09-09T22:14:57,td3_Ant-v5_seed43611,f0c67b85-0302-4a9a-8591-e24f5c5041a1,0.24159305800276343,2.7989121321129323e-06,1.1585626941786006e-05,32.957566388668646,79.39648497367916,20.0,2.386182186724095e-06,3.620836229956126e-06,1.3401718500566026e-06,7.347190266737691e-06,0.0,Germany,DEU,baden-wurttemberg,,,Linux-7.0.0-31-generic-x86_64-with-glibc2.43,3.14.4,3.3.0,24,Intel(R) Core(TM) Ultra 9 285K,1,1 x NVIDIA GeForce RTX 5090,9.2986,48.7383,60.81614685058594,machine,0.0,0.0,0.0,0.0,N
gradient_updates_96,2026-09-09T22:15:05,td3_Ant-v5_seed43611,f0c67b85-0302-4a9a-8591-e24f5c5041a1,7.7690468590008095,0.00011101028072393535,1.4288815489195278e-05,32.96412557023674,79.43956133692058,20.0,5.860139493663041e-05,0.00018964431838197626,4.315809485552682e-05,0.0002914038081741309,0.0,Germany,DEU,baden-wurttemberg,,,Linux-7.0.0-31-generic-x86_64-with-glibc2.43,3.14.4,3.3.0,24,Intel(R) Core(TM) Ultra 9 285K,1,1 x NVIDIA GeForce RTX 5090,9.2986,48.7383,60.81614685058594,machine,0.0,0.0,0.0,0.0,N
rollout_97,2026-09-09T22:15:05,td3_Ant-v5_seed43611,f0c67b85-0302-4a9a-8591-e24f5c5041a1,0.24746349299675785,2.8943024084834845e-06,1.1695728722086631e-05,32.97493206938006,79.31714189707573,20.0,2.4329247241133833e-06,3.7913919219700887e-06,1.3732746611313379e-06,7.597591307216545e-06,0.0,Germany,DEU,baden-wurttemberg,,,Linux-7.0.0-31-generic-x86_64-with-glibc2.43,3.14.4,3.3.0,24,Intel(R) Core(TM) Ultra 9 285K,1,1 x NVIDIA GeForce RTX 5090,9.2986,48.7383,60.81614685058594,machine,0.0,0.0,0.0,0.0,N
gradient_updates_97,2026-09-09T22:15:13,td3_Ant-v5_seed43611,f0c67b85-0302-4a9a-8591-e24f5c5041a1,7.82576591000543,0.00011069461084991204,1.4144901757823265e-05,32.97958704502074,79.36180036158864,20.0,5.541056738397887e-05,0.00019169820891407063,4.346639327777648e-05,0.00029057516957582685,0.0,Germany,DEU,baden-wurttemberg,,,Linux-7.0.0-31-generic-x86_64-with-glibc2.43,3.14.4,3.3.0,24,Intel(R) Core(TM) Ultra 9 285K,1,1 x NVIDIA GeForce RTX 5090,9.2986,48.7383,60.81614685058594,machine,0.0,0.0,0.0,0.0,N
rollout_98,2026-09-09T22:15:13,td3_Ant-v5_seed43611,f0c67b85-0302-4a9a-8591-e24f5c5041a1,0.24065734299074393,2.7703275191706678e-06,1.1510910565690155e-05,32.98859980957584,79.23406242334089,20.0,2.3441527086595637e-06,3.5930584301180346e-06,1.334944050015649e-06,7.272155188794982e-06,0.0,Germany,DEU,baden-wurttemberg,,,Linux-7.0.0-31-generic-x86_64-with-glibc2.43,3.14.4,3.3.0,24,Intel(R) Core(TM) Ultra 9 285K,1,1 x NVIDIA GeForce RTX 5090,9.2986,48.7383,60.81614685058594,machine,0.0,0.0,0.0,0.0,N
gradient_updates_98,2026-09-09T22:15:21,td3_Ant-v5_seed43611,f0c67b85-0302-4a9a-8591-e24f5c5041a1,7.701758559996961,0.00011109507638832478,1.4424651557349106e-05,32.99375416478332,79.27563949784567,20.0,6.14629044480633e-05,0.00018737903879184614,4.278445494443686e-05,0.00029162639818434283,0.0,Germany,DEU,baden-wurttemberg,,,Linux-7.0.0-31-generic-x86_64-with-glibc2.43,3.14.4,3.3.0,24,Intel(R) Core(TM) Ultra 9 285K,1,1 x NVIDIA GeForce RTX 5090,9.2986,48.7383,60.81614685058594,machine,0.0,0.0,0.0,0.0,N
rollout_99,2026-09-09T22:15:21,td3_Ant-v5_seed43611,f0c67b85-0302-4a9a-8591-e24f5c5041a1,0.2541221150022466,3.475488425540643e-06,1.3676066064299435e-05,32.97427825332984,79.27948188620215,20.0,2.067613042971983e-06,5.645560071876332e-06,1.4100410222856949e-06,9.123214137131408e-06,0.0,Germany,DEU,baden-wurttemberg,,,Linux-7.0.0-31-generic-x86_64-with-glibc2.43,3.14.4,3.3.0,24,Intel(R) Core(TM) Ultra 9 285K,1,1 x NVIDIA GeForce RTX 5090,9.2986,48.7383,60.81614685058594,machine,0.0,0.0,0.0,0.0,N
gradient_updates_99,2026-09-09T22:15:29,td3_Ant-v5_seed43611,f0c67b85-0302-4a9a-8591-e24f5c5041a1,7.74226529301086,0.00011160893779050586,1.4415551838258371e-05,32.95496305060094,79.31859600263613,20.0,6.240423436779802e-05,0.00018756237227224304,4.300868615561473e-05,0.00029297529279565665,0.0,Germany,DEU,baden-wurttemberg,,,Linux-7.0.0-31-generic-x86_64-with-glibc2.43,3.14.4,3.3.0,24,Intel(R) Core(TM) Ultra 9 285K,1,1 x NVIDIA GeForce RTX 5090,9.2986,48.7383,60.81614685058594,machine,0.0,0.0,0.0,0.0,N
idle_baseline_tail,2026-09-09T22:16:59,td3_Ant-v5_seed43611,f0c67b85-0302-4a9a-8591-e24f5c5041a1,90.00369184699957,0.0006615339288204378,7.350076084088921e-06,32.9349155290799,79.093433664199,20.0,0.0004018628317677894,0.0008346609455058829,0.0005000136392388308,0.0017365374165125014,0.0,Germany,DEU,baden-wurttemberg,,,Linux-7.0.0-31-generic-x86_64-with-glibc2.43,3.14.4,3.3.0,24,Intel(R) Core(TM) Ultra 9 285K,1,1 x NVIDIA GeForce RTX 5090,9.2986,48.7383,60.81614685058594,machine,0.0,0.0,0.0,0.0,N
