task_name,timestamp,project_name,run_id,duration,emissions,emissions_rate,cpu_power,gpu_power,ram_power,cpu_energy,gpu_energy,ram_energy,energy_consumed,water_consumed,country_name,country_iso_code,region,cloud_provider,cloud_region,os,python_version,codecarbon_version,cpu_count,cpu_model,gpu_count,gpu_model,longitude,latitude,ram_total_size,tracking_mode,cpu_utilization_percent,gpu_utilization_percent,ram_utilization_percent,ram_used_gb,on_cloud
idle_baseline_head,2026-09-08T14:24:18,sac_HalfCheetah-v5_seed958,07f86593-cbaa-4ca9-897e-d6875f1ae654,90.00273593499878,0.0006191341510595552,6.879058589157392e-06,7.440875829308526,13.525905174110836,20.0,0.00040900544137074946,0.0006992566705159575,0.0005169751923777767,0.001625237304264484,0.0,Germany,DEU,baden-wurttemberg,,,Linux-7.0.0-31-generic-x86_64-with-glibc2.43,3.14.4,3.3.0,24,Intel(R) Core(TM) Ultra 9 285K,1,1 x NVIDIA GeForce RTX 5090,9.1827,48.767,60.81614685058594,machine,0.0,0.0,0.0,0.0,N
warmup_0,2026-09-08T14:24:19,sac_HalfCheetah-v5_seed958,07f86593-cbaa-4ca9-897e-d6875f1ae654,0.15606053000010434,2.119337654224321e-06,1.3578646137943749e-05,16.93356112220006,32.99175637074751,20.0,1.578671540714005e-06,3.1180580500056454e-06,8.665665222199522e-07,5.563296112939603e-06,0.0,Germany,DEU,baden-wurttemberg,,,Linux-7.0.0-31-generic-x86_64-with-glibc2.43,3.14.4,3.3.0,24,Intel(R) Core(TM) Ultra 9 285K,1,1 x NVIDIA GeForce RTX 5090,9.1827,48.767,60.81614685058594,machine,0.0,0.0,0.0,0.0,N
rollout_0,2026-09-08T14:24:19,sac_HalfCheetah-v5_seed958,07f86593-cbaa-4ca9-897e-d6875f1ae654,0.3466946669996105,3.827321686841962e-06,1.1039701619902697e-05,20.425151164502687,38.068605972319745,20.0,2.9934810058945827e-06,5.129170770001856e-06,1.924130444452485e-06,1.0046782220348924e-05,0.0,Germany,DEU,baden-wurttemberg,,,Linux-7.0.0-31-generic-x86_64-with-glibc2.43,3.14.4,3.3.0,24,Intel(R) Core(TM) Ultra 9 285K,1,1 x NVIDIA GeForce RTX 5090,9.1827,48.767,60.81614685058594,machine,0.0,0.0,0.0,0.0,N
gradient_updates_0,2026-09-08T14:24:36,sac_HalfCheetah-v5_seed958,07f86593-cbaa-4ca9-897e-d6875f1ae654,17.338974065000002,0.0002565209389343233,1.4794475161608654e-05,22.44708308943679,49.55091907046917,20.0,0.00011718597152647614,0.00045986036788797646,9.632533386110377e-05,0.0006733716732755565,0.0,Germany,DEU,baden-wurttemberg,,,Linux-7.0.0-31-generic-x86_64-with-glibc2.43,3.14.4,3.3.0,24,Intel(R) Core(TM) Ultra 9 285K,1,1 x NVIDIA GeForce RTX 5090,9.1827,48.767,60.81614685058594,machine,0.0,0.0,0.0,0.0,N
rollout_1,2026-09-08T14:24:36,sac_HalfCheetah-v5_seed958,07f86593-cbaa-4ca9-897e-d6875f1ae654,0.21740256900011445,2.437843319398462e-06,1.1213017927845515e-05,22.74261574254491,51.550984852032094,20.0,1.4768786815166912e-06,3.71555852801686e-06,1.2069415000041678e-06,6.399378709537936e-06,0.0,Germany,DEU,baden-wurttemberg,,,Linux-7.0.0-31-generic-x86_64-with-glibc2.43,3.14.4,3.3.0,24,Intel(R) Core(TM) Ultra 9 285K,1,1 x NVIDIA GeForce RTX 5090,9.1827,48.767,60.81614685058594,machine,0.0,0.0,0.0,0.0,N
gradient_updates_1,2026-09-08T14:24:54,sac_HalfCheetah-v5_seed958,07f86593-cbaa-4ca9-897e-d6875f1ae654,17.084708080999917,0.00025427934382492377,1.4883456145355808e-05,22.955522110285084,57.929440742917805,20.0,0.00011604022477655629,0.0004565342541159867,9.491297044444057e-05,0.0006674874493369834,0.0,Germany,DEU,baden-wurttemberg,,,Linux-7.0.0-31-generic-x86_64-with-glibc2.43,3.14.4,3.3.0,24,Intel(R) Core(TM) Ultra 9 285K,1,1 x NVIDIA GeForce RTX 5090,9.1827,48.767,60.81614685058594,machine,0.0,0.0,0.0,0.0,N
rollout_2,2026-09-08T14:24:54,sac_HalfCheetah-v5_seed958,07f86593-cbaa-4ca9-897e-d6875f1ae654,0.215598922000936,2.445654142703554e-06,1.1342305166048138e-05,23.186043501979576,58.43886569447521,20.0,1.5021573128437549e-06,3.718614086017924e-06,1.199110849999332e-06,6.419882248860902e-06,0.0,Germany,DEU,baden-wurttemberg,,,Linux-7.0.0-31-generic-x86_64-with-glibc2.43,3.14.4,3.3.0,24,Intel(R) Core(TM) Ultra 9 285K,1,1 x NVIDIA GeForce RTX 5090,9.1827,48.767,60.81614685058594,machine,0.0,0.0,0.0,0.0,N
gradient_updates_2,2026-09-08T14:25:11,sac_HalfCheetah-v5_seed958,07f86593-cbaa-4ca9-897e-d6875f1ae654,17.062148805000106,0.00025669854719277707,1.504492090067794e-05,23.366757294601953,62.73956843580192,20.0,0.00011864218269144744,0.0004604084238820083,9.47872912944452e-05,0.0006738378978679012,0.0,Germany,DEU,baden-wurttemberg,,,Linux-7.0.0-31-generic-x86_64-with-glibc2.43,3.14.4,3.3.0,24,Intel(R) Core(TM) Ultra 9 285K,1,1 x NVIDIA GeForce RTX 5090,9.1827,48.767,60.81614685058594,machine,0.0,0.0,0.0,0.0,N
rollout_3,2026-09-08T14:25:11,sac_HalfCheetah-v5_seed958,07f86593-cbaa-4ca9-897e-d6875f1ae654,0.20748599600119633,2.5576323448143513e-06,1.232615470405323e-05,24.23967818963726,62.881230456077176,20.0,1.8676384385546418e-06,3.694725177999514e-06,1.1514632500014181e-06,6.713826866555465e-06,0.0,Germany,DEU,baden-wurttemberg,,,Linux-7.0.0-31-generic-x86_64-with-glibc2.43,3.14.4,3.3.0,24,Intel(R) Core(TM) Ultra 9 285K,1,1 x NVIDIA GeForce RTX 5090,9.1827,48.767,60.81614685058594,machine,0.0,0.0,0.0,0.0,N
gradient_updates_3,2026-09-08T14:25:28,sac_HalfCheetah-v5_seed958,07f86593-cbaa-4ca9-897e-d6875f1ae654,17.127094173998557,0.00025626973069807794,1.4962837964358592e-05,24.913639281740508,66.00764722824356,20.0,0.00011479872100557398,0.000462765092433981,9.514843409444646e-05,0.0006727122475340013,0.0,Germany,DEU,baden-wurttemberg,,,Linux-7.0.0-31-generic-x86_64-with-glibc2.43,3.14.4,3.3.0,24,Intel(R) Core(TM) Ultra 9 285K,1,1 x NVIDIA GeForce RTX 5090,9.1827,48.767,60.81614685058594,machine,0.0,0.0,0.0,0.0,N
rollout_4,2026-09-08T14:25:28,sac_HalfCheetah-v5_seed958,07f86593-cbaa-4ca9-897e-d6875f1ae654,0.20781348099990282,2.729781156186103e-06,1.31350567142496e-05,25.50192155909475,66.4978911153958,20.0,1.8639934356301513e-06,4.148058873998384e-06,1.1536680111121859e-06,7.165720320740504e-06,0.0,Germany,DEU,baden-wurttemberg,,,Linux-7.0.0-31-generic-x86_64-with-glibc2.43,3.14.4,3.3.0,24,Intel(R) Core(TM) Ultra 9 285K,1,1 x NVIDIA GeForce RTX 5090,9.1827,48.767,60.81614685058594,machine,0.0,0.0,0.0,0.0,N
gradient_updates_4,2026-09-08T14:25:46,sac_HalfCheetah-v5_seed958,07f86593-cbaa-4ca9-897e-d6875f1ae654,17.178684693999458,0.0002573725549240254,1.4982094843989878e-05,25.96317420880608,68.93300386447392,20.0,0.00011180005193997533,0.00046837176358602295,9.543536369443855e-05,0.000675607179220437,0.0,Germany,DEU,baden-wurttemberg,,,Linux-7.0.0-31-generic-x86_64-with-glibc2.43,3.14.4,3.3.0,24,Intel(R) Core(TM) Ultra 9 285K,1,1 x NVIDIA GeForce RTX 5090,9.1827,48.767,60.81614685058594,machine,0.0,0.0,0.0,0.0,N
rollout_5,2026-09-08T14:25:46,sac_HalfCheetah-v5_seed958,07f86593-cbaa-4ca9-897e-d6875f1ae654,0.20828093099953549,2.675879423709145e-06,1.2847434325654171e-05,26.364773618987417,68.97641572437982,20.0,1.8455642542269945e-06,4.022225439992422e-06,1.156437694438189e-06,7.024227388657822e-06,0.0,Germany,DEU,baden-wurttemberg,,,Linux-7.0.0-31-generic-x86_64-with-glibc2.43,3.14.4,3.3.0,24,Intel(R) Core(TM) Ultra 9 285K,1,1 x NVIDIA GeForce RTX 5090,9.1827,48.767,60.81614685058594,machine,0.0,0.0,0.0,0.0,N
gradient_updates_5,2026-09-08T14:26:03,sac_HalfCheetah-v5_seed958,07f86593-cbaa-4ca9-897e-d6875f1ae654,17.208773400998325,0.0002585735522492587,1.502568952522137e-05,26.68377636945508,70.92801405660744,20.0,0.00011350574441562622,0.000469651486831979,9.560258565555462e-05,0.0006787598169031598,0.0,Germany,DEU,baden-wurttemberg,,,Linux-7.0.0-31-generic-x86_64-with-glibc2.43,3.14.4,3.3.0,24,Intel(R) Core(TM) Ultra 9 285K,1,1 x NVIDIA GeForce RTX 5090,9.1827,48.767,60.81614685058594,machine,0.0,0.0,0.0,0.0,N
rollout_6,2026-09-08T14:26:03,sac_HalfCheetah-v5_seed958,07f86593-cbaa-4ca9-897e-d6875f1ae654,0.20783546199891134,2.752835103151524e-06,1.3244068560219422e-05,26.96905781390386,71.06612513227188,20.0,1.8299834084190003e-06,4.237781168009436e-06,1.1584727333279789e-06,7.226237309755981e-06,0.0,Germany,DEU,baden-wurttemberg,,,Linux-7.0.0-31-generic-x86_64-with-glibc2.43,3.14.4,3.3.0,24,Intel(R) Core(TM) Ultra 9 285K,1,1 x NVIDIA GeForce RTX 5090,9.1827,48.767,60.81614685058594,machine,0.0,0.0,0.0,0.0,N
gradient_updates_6,2026-09-08T14:26:21,sac_HalfCheetah-v5_seed958,07f86593-cbaa-4ca9-897e-d6875f1ae654,17.39519242300048,0.00025917740059406896,1.4899376796603895e-05,27.192411117522443,72.66405271286163,20.0,0.00010906329141723015,0.00047464371304800634,9.663792424999978e-05,0.000680344928715236,0.0,Germany,DEU,baden-wurttemberg,,,Linux-7.0.0-31-generic-x86_64-with-glibc2.43,3.14.4,3.3.0,24,Intel(R) Core(TM) Ultra 9 285K,1,1 x NVIDIA GeForce RTX 5090,9.1827,48.767,60.81614685058594,machine,0.0,0.0,0.0,0.0,N
rollout_7,2026-09-08T14:26:21,sac_HalfCheetah-v5_seed958,07f86593-cbaa-4ca9-897e-d6875f1ae654,0.223358802999428,2.7289195707099617e-06,1.2217625445243516e-05,26.99688415415538,72.60785005947974,20.0,1.482032852301307e-06,4.4419479979795895e-06,1.239477794448855e-06,7.163458644729968e-06,0.0,Germany,DEU,baden-wurttemberg,,,Linux-7.0.0-31-generic-x86_64-with-glibc2.43,3.14.4,3.3.0,24,Intel(R) Core(TM) Ultra 9 285K,1,1 x NVIDIA GeForce RTX 5090,9.1827,48.767,60.81614685058594,machine,0.0,0.0,0.0,0.0,N
gradient_updates_7,2026-09-08T14:26:37,sac_HalfCheetah-v5_seed958,07f86593-cbaa-4ca9-897e-d6875f1ae654,16.472504605000722,0.0002562603155785493,1.5556859955225663e-05,26.828030758890943,74.12178947959109,20.0,0.00011733771109230517,0.0004638387044040293,9.151111719443695e-05,0.0006726875326907716,0.0,Germany,DEU,baden-wurttemberg,,,Linux-7.0.0-31-generic-x86_64-with-glibc2.43,3.14.4,3.3.0,24,Intel(R) Core(TM) Ultra 9 285K,1,1 x NVIDIA GeForce RTX 5090,9.1827,48.767,60.81614685058594,machine,0.0,0.0,0.0,0.0,N
rollout_8,2026-09-08T14:26:37,sac_HalfCheetah-v5_seed958,07f86593-cbaa-4ca9-897e-d6875f1ae654,0.20709555199937313,2.8634251190871526e-06,1.382593966352649e-05,27.04900803717191,74.37499202881266,20.0,1.8152331188597826e-06,4.551948085990132e-06,1.1493567111150581e-06,7.516537915965189e-06,0.0,Germany,DEU,baden-wurttemberg,,,Linux-7.0.0-31-generic-x86_64-with-glibc2.43,3.14.4,3.3.0,24,Intel(R) Core(TM) Ultra 9 285K,1,1 x NVIDIA GeForce RTX 5090,9.1827,48.767,60.81614685058594,machine,0.0,0.0,0.0,0.0,N
gradient_updates_8,2026-09-08T14:26:53,sac_HalfCheetah-v5_seed958,07f86593-cbaa-4ca9-897e-d6875f1ae654,15.892732804999468,0.00024751083053921666,1.5573848358867962e-05,27.22803563001627,75.73567885547362,20.0,0.00010695347945161027,0.0004544759191359993,8.829059232777774e-05,0.0006497199909153871,0.0,Germany,DEU,baden-wurttemberg,,,Linux-7.0.0-31-generic-x86_64-with-glibc2.43,3.14.4,3.3.0,24,Intel(R) Core(TM) Ultra 9 285K,1,1 x NVIDIA GeForce RTX 5090,9.1827,48.767,60.81614685058594,machine,0.0,0.0,0.0,0.0,N
rollout_9,2026-09-08T14:26:54,sac_HalfCheetah-v5_seed958,07f86593-cbaa-4ca9-897e-d6875f1ae654,0.20831192399964493,2.874459844140996e-06,1.3798137603864542e-05,27.431256575690703,75.85919879062119,20.0,1.852295092932832e-06,4.5369480740076185e-06,1.1562610833305061e-06,7.545504250271173e-06,0.0,Germany,DEU,baden-wurttemberg,,,Linux-7.0.0-31-generic-x86_64-with-glibc2.43,3.14.4,3.3.0,24,Intel(R) Core(TM) Ultra 9 285K,1,1 x NVIDIA GeForce RTX 5090,9.1827,48.767,60.81614685058594,machine,0.0,0.0,0.0,0.0,N
gradient_updates_9,2026-09-08T14:27:10,sac_HalfCheetah-v5_seed958,07f86593-cbaa-4ca9-897e-d6875f1ae654,15.938705339998705,0.00024942383914435635,1.564895047396138e-05,27.598380064420173,77.0376921844881,20.0,0.00011033707576958707,0.0004558584202420113,8.85461738777747e-05,0.0006547416698893726,0.0,Germany,DEU,baden-wurttemberg,,,Linux-7.0.0-31-generic-x86_64-with-glibc2.43,3.14.4,3.3.0,24,Intel(R) Core(TM) Ultra 9 285K,1,1 x NVIDIA GeForce RTX 5090,9.1827,48.767,60.81614685058594,machine,0.0,0.0,0.0,0.0,N
rollout_10,2026-09-08T14:27:10,sac_HalfCheetah-v5_seed958,07f86593-cbaa-4ca9-897e-d6875f1ae654,0.22211316199900466,2.6592541493950135e-06,1.1971321298406835e-05,27.5573852235086,76.59313722363088,20.0,1.6574577148542602e-06,4.090836605963322e-06,1.2322914500044208e-06,6.980585770822653e-06,0.0,Germany,DEU,baden-wurttemberg,,,Linux-7.0.0-31-generic-x86_64-with-glibc2.43,3.14.4,3.3.0,24,Intel(R) Core(TM) Ultra 9 285K,1,1 x NVIDIA GeForce RTX 5090,9.1827,48.767,60.81614685058594,machine,0.0,0.0,0.0,0.0,N
gradient_updates_10,2026-09-08T14:27:26,sac_HalfCheetah-v5_seed958,07f86593-cbaa-4ca9-897e-d6875f1ae654,16.10598020299949,0.00024689718593490706,1.5329541654394875e-05,27.510238079997777,77.61970656749573,20.0,0.00010114958869739121,0.0004574831437640092,8.947643130000462e-05,0.0006481091637614046,0.0,Germany,DEU,baden-wurttemberg,,,Linux-7.0.0-31-generic-x86_64-with-glibc2.43,3.14.4,3.3.0,24,Intel(R) Core(TM) Ultra 9 285K,1,1 x NVIDIA GeForce RTX 5090,9.1827,48.767,60.81614685058594,machine,0.0,0.0,0.0,0.0,N
rollout_11,2026-09-08T14:27:26,sac_HalfCheetah-v5_seed958,07f86593-cbaa-4ca9-897e-d6875f1ae654,0.20626928199999384,2.85604897863655e-06,1.3845883400460909e-05,27.693127378176055,77.64663787329434,20.0,1.8675709384935457e-06,4.484725809994483e-06,1.1448786777792062e-06,7.497175426267669e-06,0.0,Germany,DEU,baden-wurttemberg,,,Linux-7.0.0-31-generic-x86_64-with-glibc2.43,3.14.4,3.3.0,24,Intel(R) Core(TM) Ultra 9 285K,1,1 x NVIDIA GeForce RTX 5090,9.1827,48.767,60.81614685058594,machine,0.0,0.0,0.0,0.0,N
gradient_updates_11,2026-09-08T14:27:42,sac_HalfCheetah-v5_seed958,07f86593-cbaa-4ca9-897e-d6875f1ae654,15.996079819000443,0.00024722159933966443,1.54551446826195e-05,27.84318011738471,78.55305814437646,20.0,0.00010635340313820685,0.0004537431407720116,8.886421036111429e-05,0.0006489607542713334,0.0,Germany,DEU,baden-wurttemberg,,,Linux-7.0.0-31-generic-x86_64-with-glibc2.43,3.14.4,3.3.0,24,Intel(R) Core(TM) Ultra 9 285K,1,1 x NVIDIA GeForce RTX 5090,9.1827,48.767,60.81614685058594,machine,0.0,0.0,0.0,0.0,N
rollout_12,2026-09-08T14:27:42,sac_HalfCheetah-v5_seed958,07f86593-cbaa-4ca9-897e-d6875f1ae654,0.20885551200080954,2.91169850273219e-06,1.3940675177686257e-05,28.03141661496851,78.55720304598478,20.0,1.9400159964599872e-06,4.547503638013817e-06,1.1557367055501592e-06,7.643256340023746e-06,0.0,Germany,DEU,baden-wurttemberg,,,Linux-7.0.0-31-generic-x86_64-with-glibc2.43,3.14.4,3.3.0,24,Intel(R) Core(TM) Ultra 9 285K,1,1 x NVIDIA GeForce RTX 5090,9.1827,48.767,60.81614685058594,machine,0.0,0.0,0.0,0.0,N
gradient_updates_12,2026-09-08T14:27:59,sac_HalfCheetah-v5_seed958,07f86593-cbaa-4ca9-897e-d6875f1ae654,16.945574385999862,0.0002591079925210772,1.5290607664509248e-05,28.189646241119092,79.288905401402,20.0,0.00011637542587802918,0.00046964787571798783,9.413942978888181e-05,0.0006801627313848986,0.0,Germany,DEU,baden-wurttemberg,,,Linux-7.0.0-31-generic-x86_64-with-glibc2.43,3.14.4,3.3.0,24,Intel(R) Core(TM) Ultra 9 285K,1,1 x NVIDIA GeForce RTX 5090,9.1827,48.767,60.81614685058594,machine,0.0,0.0,0.0,0.0,N
rollout_13,2026-09-08T14:27:59,sac_HalfCheetah-v5_seed958,07f86593-cbaa-4ca9-897e-d6875f1ae654,0.20858360800048104,2.6887476880952874e-06,1.2889727326035877e-05,28.30809211030182,78.97754284771261,20.0,1.8575000971104982e-06,4.044447680012775e-06,1.1560590166684922e-06,7.058006793791982e-06,0.0,Germany,DEU,baden-wurttemberg,,,Linux-7.0.0-31-generic-x86_64-with-glibc2.43,3.14.4,3.3.0,24,Intel(R) Core(TM) Ultra 9 285K,1,1 x NVIDIA GeForce RTX 5090,9.1827,48.767,60.81614685058594,machine,0.0,0.0,0.0,0.0,N
gradient_updates_13,2026-09-08T14:28:17,sac_HalfCheetah-v5_seed958,07f86593-cbaa-4ca9-897e-d6875f1ae654,17.277896797999347,0.00025732384209894554,1.4893247759637413e-05,28.402577170800374,79.59455538808903,20.0,0.00010865659442520215,0.0004708367655579804,9.598594727222012e-05,0.0006754793072554031,0.0,Germany,DEU,baden-wurttemberg,,,Linux-7.0.0-31-generic-x86_64-with-glibc2.43,3.14.4,3.3.0,24,Intel(R) Core(TM) Ultra 9 285K,1,1 x NVIDIA GeForce RTX 5090,9.1827,48.767,60.81614685058594,machine,0.0,0.0,0.0,0.0,N
rollout_14,2026-09-08T14:28:17,sac_HalfCheetah-v5_seed958,07f86593-cbaa-4ca9-897e-d6875f1ae654,0.21622050000041781,2.5505488537632542e-06,1.1794676824076234e-05,28.310886174605766,79.18342964340538,20.0,1.54457651344031e-06,3.9591698340057935e-06,1.1914862388846554e-06,6.695232586331409e-06,0.0,Germany,DEU,baden-wurttemberg,,,Linux-7.0.0-31-generic-x86_64-with-glibc2.43,3.14.4,3.3.0,24,Intel(R) Core(TM) Ultra 9 285K,1,1 x NVIDIA GeForce RTX 5090,9.1827,48.767,60.81614685058594,machine,0.0,0.0,0.0,0.0,N
gradient_updates_14,2026-09-08T14:28:34,sac_HalfCheetah-v5_seed958,07f86593-cbaa-4ca9-897e-d6875f1ae654,17.296683522999956,0.0002558295960824455,1.4790681317759487e-05,28.219452530266825,79.73736642500985,20.0,0.00010725463635920252,0.00046822120790998567,9.608104267777476e-05,0.0006715568869469623,0.0,Germany,DEU,baden-wurttemberg,,,Linux-7.0.0-31-generic-x86_64-with-glibc2.43,3.14.4,3.3.0,24,Intel(R) Core(TM) Ultra 9 285K,1,1 x NVIDIA GeForce RTX 5090,9.1827,48.767,60.81614685058594,machine,0.0,0.0,0.0,0.0,N
rollout_15,2026-09-08T14:28:34,sac_HalfCheetah-v5_seed958,07f86593-cbaa-4ca9-897e-d6875f1ae654,0.21738124399962544,2.6142976320758446e-06,1.2025973366223708e-05,28.140186825010694,79.40675175004608,20.0,1.5557493001500111e-06,4.107781064022209e-06,1.1990438111145803e-06,6.862574175287017e-06,0.0,Germany,DEU,baden-wurttemberg,,,Linux-7.0.0-31-generic-x86_64-with-glibc2.43,3.14.4,3.3.0,24,Intel(R) Core(TM) Ultra 9 285K,1,1 x NVIDIA GeForce RTX 5090,9.1827,48.767,60.81614685058594,machine,0.0,0.0,0.0,0.0,N
gradient_updates_15,2026-09-08T14:28:52,sac_HalfCheetah-v5_seed958,07f86593-cbaa-4ca9-897e-d6875f1ae654,17.205244692000633,0.0002557709500311421,1.4865879088128532e-05,28.06165521314924,79.91938658957052,20.0,0.00011057302706946048,0.0004652470388639973,9.558287416666644e-05,0.0006714029401001242,0.0,Germany,DEU,baden-wurttemberg,,,Linux-7.0.0-31-generic-x86_64-with-glibc2.43,3.14.4,3.3.0,24,Intel(R) Core(TM) Ultra 9 285K,1,1 x NVIDIA GeForce RTX 5090,9.1827,48.767,60.81614685058594,machine,0.0,0.0,0.0,0.0,N
rollout_16,2026-09-08T14:28:52,sac_HalfCheetah-v5_seed958,07f86593-cbaa-4ca9-897e-d6875f1ae654,0.21774904299854825,2.731082063921371e-06,1.254199606154929e-05,28.0020451654391,79.71358713814936,20.0,1.5825201549052315e-06,4.3791701699880115e-06,1.207444899996215e-06,7.1691352248898915e-06,0.0,Germany,DEU,baden-wurttemberg,,,Linux-7.0.0-31-generic-x86_64-with-glibc2.43,3.14.4,3.3.0,24,Intel(R) Core(TM) Ultra 9 285K,1,1 x NVIDIA GeForce RTX 5090,9.1827,48.767,60.81614685058594,machine,0.0,0.0,0.0,0.0,N
gradient_updates_16,2026-09-08T14:29:09,sac_HalfCheetah-v5_seed958,07f86593-cbaa-4ca9-897e-d6875f1ae654,17.238904152000032,0.0002576001629638362,1.4942965252311308e-05,27.942011226847956,80.20036609787572,20.0,0.00011248432276515785,0.0004679512076939951,9.576912360000469e-05,0.0006762046540591572,0.0,Germany,DEU,baden-wurttemberg,,,Linux-7.0.0-31-generic-x86_64-with-glibc2.43,3.14.4,3.3.0,24,Intel(R) Core(TM) Ultra 9 285K,1,1 x NVIDIA GeForce RTX 5090,9.1827,48.767,60.81614685058594,machine,0.0,0.0,0.0,0.0,N
rollout_17,2026-09-08T14:29:09,sac_HalfCheetah-v5_seed958,07f86593-cbaa-4ca9-897e-d6875f1ae654,0.21392084599938244,2.5337480682270305e-06,1.1843879234505782e-05,27.860600679371906,79.84991733036733,20.0,1.491120081784092e-06,3.97250317799025e-06,1.1875069888850516e-06,6.65113024865896e-06,0.0,Germany,DEU,baden-wurttemberg,,,Linux-7.0.0-31-generic-x86_64-with-glibc2.43,3.14.4,3.3.0,24,Intel(R) Core(TM) Ultra 9 285K,1,1 x NVIDIA GeForce RTX 5090,9.1827,48.767,60.81614685058594,machine,0.0,0.0,0.0,0.0,N
gradient_updates_17,2026-09-08T14:29:26,sac_HalfCheetah-v5_seed958,07f86593-cbaa-4ca9-897e-d6875f1ae654,17.143175785000494,0.00025745509884135195,1.5017939761492126e-05,27.783193530866455,80.29458708570236,20.0,0.00011776855088142801,0.000462817870254012,9.523743722222389e-05,0.0006758238583576635,0.0,Germany,DEU,baden-wurttemberg,,,Linux-7.0.0-31-generic-x86_64-with-glibc2.43,3.14.4,3.3.0,24,Intel(R) Core(TM) Ultra 9 285K,1,1 x NVIDIA GeForce RTX 5090,9.1827,48.767,60.81614685058594,machine,0.0,0.0,0.0,0.0,N
rollout_18,2026-09-08T14:29:27,sac_HalfCheetah-v5_seed958,07f86593-cbaa-4ca9-897e-d6875f1ae654,0.20718689699970128,3.57486871246232e-06,1.725235118712116e-05,27.91766514364491,81.02913189039872,20.0,1.927045986088727e-06,6.30722726802091e-06,1.149815766661455e-06,9.384089020771091e-06,0.0,Germany,DEU,baden-wurttemberg,,,Linux-7.0.0-31-generic-x86_64-with-glibc2.43,3.14.4,3.3.0,24,Intel(R) Core(TM) Ultra 9 285K,1,1 x NVIDIA GeForce RTX 5090,9.1827,48.767,60.81614685058594,machine,0.0,0.0,0.0,0.0,N
gradient_updates_18,2026-09-08T14:29:44,sac_HalfCheetah-v5_seed958,07f86593-cbaa-4ca9-897e-d6875f1ae654,17.077158894000604,0.00025697894252370984,1.50481194335356e-05,28.034870358595203,81.4173011750874,20.0,0.00011984102976163313,0.0004598617567780072,9.487115367222323e-05,0.0006745739402118645,0.0,Germany,DEU,baden-wurttemberg,,,Linux-7.0.0-31-generic-x86_64-with-glibc2.43,3.14.4,3.3.0,24,Intel(R) Core(TM) Ultra 9 285K,1,1 x NVIDIA GeForce RTX 5090,9.1827,48.767,60.81614685058594,machine,0.0,0.0,0.0,0.0,N
rollout_19,2026-09-08T14:29:44,sac_HalfCheetah-v5_seed958,07f86593-cbaa-4ca9-897e-d6875f1ae654,0.2136109809998743,3.433505751308623e-06,1.6073533901433938e-05,27.97404503806022,82.00836077251904,20.0,1.5267578880734378e-06,6.30056059597317e-06,1.1856904444458756e-06,9.01300892849205e-06,0.0,Germany,DEU,baden-wurttemberg,,,Linux-7.0.0-31-generic-x86_64-with-glibc2.43,3.14.4,3.3.0,24,Intel(R) Core(TM) Ultra 9 285K,1,1 x NVIDIA GeForce RTX 5090,9.1827,48.767,60.81614685058594,machine,0.0,0.0,0.0,0.0,N
gradient_updates_19,2026-09-08T14:30:01,sac_HalfCheetah-v5_seed958,07f86593-cbaa-4ca9-897e-d6875f1ae654,17.100261940000564,0.0002601589460889814,1.52137449147966e-05,27.91722241402523,82.36587009761968,20.0,0.00012536268417895347,0.00046255953671400785,9.49992808500005e-05,0.0006829215017429609,0.0,Germany,DEU,baden-wurttemberg,,,Linux-7.0.0-31-generic-x86_64-with-glibc2.43,3.14.4,3.3.0,24,Intel(R) Core(TM) Ultra 9 285K,1,1 x NVIDIA GeForce RTX 5090,9.1827,48.767,60.81614685058594,machine,0.0,0.0,0.0,0.0,N
rollout_20,2026-09-08T14:30:01,sac_HalfCheetah-v5_seed958,07f86593-cbaa-4ca9-897e-d6875f1ae654,0.2109450209991337,2.6702992618190743e-06,1.2658545562356369e-05,28.068066837507676,81.96891936127449,20.0,2.0440638574814596e-06,3.796114147996965e-06,1.169401366668283e-06,7.009579372146274e-06,0.0,Germany,DEU,baden-wurttemberg,,,Linux-7.0.0-31-generic-x86_64-with-glibc2.43,3.14.4,3.3.0,24,Intel(R) Core(TM) Ultra 9 285K,1,1 x NVIDIA GeForce RTX 5090,9.1827,48.767,60.81614685058594,machine,0.0,0.0,0.0,0.0,N
gradient_updates_20,2026-09-08T14:30:19,sac_HalfCheetah-v5_seed958,07f86593-cbaa-4ca9-897e-d6875f1ae654,17.243285210999602,0.0002589215150775974,1.5015791126286924e-05,28.20050692017289,82.29898367001535,20.0,0.00012012967471478064,0.00046374953766600835,9.579401265556124e-05,0.0006796732250363494,0.0,Germany,DEU,baden-wurttemberg,,,Linux-7.0.0-31-generic-x86_64-with-glibc2.43,3.14.4,3.3.0,24,Intel(R) Core(TM) Ultra 9 285K,1,1 x NVIDIA GeForce RTX 5090,9.1827,48.767,60.81614685058594,machine,0.0,0.0,0.0,0.0,N
rollout_21,2026-09-08T14:30:19,sac_HalfCheetah-v5_seed958,07f86593-cbaa-4ca9-897e-d6875f1ae654,0.2184136910000234,2.708332628765381e-06,1.2399654016847653e-05,28.14577033643291,82.06032943895511,20.0,1.5726868137083683e-06,4.324447903991668e-06,1.2122828666684578e-06,7.109417584368061e-06,0.0,Germany,DEU,baden-wurttemberg,,,Linux-7.0.0-31-generic-x86_64-with-glibc2.43,3.14.4,3.3.0,24,Intel(R) Core(TM) Ultra 9 285K,1,1 x NVIDIA GeForce RTX 5090,9.1827,48.767,60.81614685058594,machine,0.0,0.0,0.0,0.0,N
gradient_updates_21,2026-09-08T14:30:36,sac_HalfCheetah-v5_seed958,07f86593-cbaa-4ca9-897e-d6875f1ae654,17.131609373000174,0.0002604387015149581,1.5202237169046976e-05,28.094210063665404,82.38381286467626,20.0,0.0001256436149592588,0.0004628406480499947,9.51716013166638e-05,0.0006836558643259182,0.0,Germany,DEU,baden-wurttemberg,,,Linux-7.0.0-31-generic-x86_64-with-glibc2.43,3.14.4,3.3.0,24,Intel(R) Core(TM) Ultra 9 285K,1,1 x NVIDIA GeForce RTX 5090,9.1827,48.767,60.81614685058594,machine,0.0,0.0,0.0,0.0,N
rollout_22,2026-09-08T14:30:36,sac_HalfCheetah-v5_seed958,07f86593-cbaa-4ca9-897e-d6875f1ae654,0.20734675700077787,2.6550948739930552e-06,1.2804032023538923e-05,28.19793530153602,82.07631490235794,20.0,1.9241129281810654e-06,3.894169782026058e-06,1.1513848944457589e-06,6.969667604654617e-06,0.0,Germany,DEU,baden-wurttemberg,,,Linux-7.0.0-31-generic-x86_64-with-glibc2.43,3.14.4,3.3.0,24,Intel(R) Core(TM) Ultra 9 285K,1,1 x NVIDIA GeForce RTX 5090,9.1827,48.767,60.81614685058594,machine,0.0,0.0,0.0,0.0,N
gradient_updates_22,2026-09-08T14:30:53,sac_HalfCheetah-v5_seed958,07f86593-cbaa-4ca9-897e-d6875f1ae654,16.50425236099909,0.00025218532422663625,1.5280028765047964e-05,28.289027403545333,82.40782324725012,20.0,0.00011956181148270462,0.00045074091614799583,9.16878859055538e-05,0.0006619906135362542,0.0,Germany,DEU,baden-wurttemberg,,,Linux-7.0.0-31-generic-x86_64-with-glibc2.43,3.14.4,3.3.0,24,Intel(R) Core(TM) Ultra 9 285K,1,1 x NVIDIA GeForce RTX 5090,9.1827,48.767,60.81614685058594,machine,0.0,0.0,0.0,0.0,N
rollout_23,2026-09-08T14:30:53,sac_HalfCheetah-v5_seed958,07f86593-cbaa-4ca9-897e-d6875f1ae654,0.21739363100095943,2.5958347567196782e-06,1.1940474146541368e-05,28.24563923074639,82.0897328621675,20.0,1.5924046072451903e-06,4.014725433987287e-06,1.2069787833348875e-06,6.814108824568232e-06,0.0,Germany,DEU,baden-wurttemberg,,,Linux-7.0.0-31-generic-x86_64-with-glibc2.43,3.14.4,3.3.0,24,Intel(R) Core(TM) Ultra 9 285K,1,1 x NVIDIA GeForce RTX 5090,9.1827,48.767,60.81614685058594,machine,0.0,0.0,0.0,0.0,N
gradient_updates_23,2026-09-08T14:31:09,sac_HalfCheetah-v5_seed958,07f86593-cbaa-4ca9-897e-d6875f1ae654,15.90443842500099,0.00024617369596955166,1.547830773283774e-05,28.204737091449207,82.43128835970172,20.0,0.00011823794431251033,0.0004396156294700082,8.83564169499953e-05,0.0006462099907325151,0.0,Germany,DEU,baden-wurttemberg,,,Linux-7.0.0-31-generic-x86_64-with-glibc2.43,3.14.4,3.3.0,24,Intel(R) Core(TM) Ultra 9 285K,1,1 x NVIDIA GeForce RTX 5090,9.1827,48.767,60.81614685058594,machine,0.0,0.0,0.0,0.0,N
rollout_24,2026-09-08T14:31:09,sac_HalfCheetah-v5_seed958,07f86593-cbaa-4ca9-897e-d6875f1ae654,0.2072757650003041,2.83986279424938e-06,1.3700371644611627e-05,28.298366293589154,82.31004717417724,20.0,1.9236382055864976e-06,4.380559059991018e-06,1.150489161116236e-06,7.454686426693752e-06,0.0,Germany,DEU,baden-wurttemberg,,,Linux-7.0.0-31-generic-x86_64-with-glibc2.43,3.14.4,3.3.0,24,Intel(R) Core(TM) Ultra 9 285K,1,1 x NVIDIA GeForce RTX 5090,9.1827,48.767,60.81614685058594,machine,0.0,0.0,0.0,0.0,N
gradient_updates_24,2026-09-08T14:31:25,sac_HalfCheetah-v5_seed958,07f86593-cbaa-4ca9-897e-d6875f1ae654,16.158508974998767,0.00024260407148317918,1.5014021530706667e-05,28.377130500691333,82.62533154303205,20.0,0.00010263470710770994,0.00044443813332800675,8.976682745555483e-05,0.0006368396678912702,0.0,Germany,DEU,baden-wurttemberg,,,Linux-7.0.0-31-generic-x86_64-with-glibc2.43,3.14.4,3.3.0,24,Intel(R) Core(TM) Ultra 9 285K,1,1 x NVIDIA GeForce RTX 5090,9.1827,48.767,60.81614685058594,machine,0.0,0.0,0.0,0.0,N
rollout_25,2026-09-08T14:31:25,sac_HalfCheetah-v5_seed958,07f86593-cbaa-4ca9-897e-d6875f1ae654,0.21725947000049928,2.581598001801487e-06,1.1882071790507533e-05,28.336937935962265,82.30923133630023,20.0,1.6014071144571096e-06,3.965836505998022e-06,1.2094934888815488e-06,6.776737109335379e-06,0.0,Germany,DEU,baden-wurttemberg,,,Linux-7.0.0-31-generic-x86_64-with-glibc2.43,3.14.4,3.3.0,24,Intel(R) Core(TM) Ultra 9 285K,1,1 x NVIDIA GeForce RTX 5090,9.1827,48.767,60.81614685058594,machine,0.0,0.0,0.0,0.0,N
gradient_updates_25,2026-09-08T14:31:41,sac_HalfCheetah-v5_seed958,07f86593-cbaa-4ca9-897e-d6875f1ae654,15.943529935000697,0.00024571815638001204,1.5411785667572208e-05,28.297941381227794,82.62485413633017,20.0,0.00011504428536868172,0.0004413972975619851,8.857260890556256e-05,0.0006450141918362302,0.0,Germany,DEU,baden-wurttemberg,,,Linux-7.0.0-31-generic-x86_64-with-glibc2.43,3.14.4,3.3.0,24,Intel(R) Core(TM) Ultra 9 285K,1,1 x NVIDIA GeForce RTX 5090,9.1827,48.767,60.81614685058594,machine,0.0,0.0,0.0,0.0,N
rollout_26,2026-09-08T14:31:41,sac_HalfCheetah-v5_seed958,07f86593-cbaa-4ca9-897e-d6875f1ae654,0.20735395799965772,2.5989326342488323e-06,1.2532414040005624e-05,28.3894242873294,82.3058429897142,20.0,1.9443393332319037e-06,3.7272252040032594e-06,1.150676266671244e-06,6.822240803908142e-06,0.0,Germany,DEU,baden-wurttemberg,,,Linux-7.0.0-31-generic-x86_64-with-glibc2.43,3.14.4,3.3.0,24,Intel(R) Core(TM) Ultra 9 285K,1,1 x NVIDIA GeForce RTX 5090,9.1827,48.767,60.81614685058594,machine,0.0,0.0,0.0,0.0,N
gradient_updates_26,2026-09-08T14:31:57,sac_HalfCheetah-v5_seed958,07f86593-cbaa-4ca9-897e-d6875f1ae654,15.964415952999843,0.0002442649861967754,1.5300595117276208e-05,28.46949505454819,82.59259432965965,20.0,0.0001150492867615649,0.00043746173885800266,8.868857064444442e-05,0.0006411995962640124,0.0,Germany,DEU,baden-wurttemberg,,,Linux-7.0.0-31-generic-x86_64-with-glibc2.43,3.14.4,3.3.0,24,Intel(R) Core(TM) Ultra 9 285K,1,1 x NVIDIA GeForce RTX 5090,9.1827,48.767,60.81614685058594,machine,0.0,0.0,0.0,0.0,N
rollout_27,2026-09-08T14:31:58,sac_HalfCheetah-v5_seed958,07f86593-cbaa-4ca9-897e-d6875f1ae654,0.20579483700021228,2.8799014505729442e-06,1.3993358896700353e-05,28.537629807006667,82.54084589844985,20.0,1.8716398306473092e-06,4.54611474801081e-06,1.1420339777741366e-06,7.5597885564326894e-06,0.0,Germany,DEU,baden-wurttemberg,,,Linux-7.0.0-31-generic-x86_64-with-glibc2.43,3.14.4,3.3.0,24,Intel(R) Core(TM) Ultra 9 285K,1,1 x NVIDIA GeForce RTX 5090,9.1827,48.767,60.81614685058594,machine,0.0,0.0,0.0,0.0,N
gradient_updates_27,2026-09-08T14:32:14,sac_HalfCheetah-v5_seed958,07f86593-cbaa-4ca9-897e-d6875f1ae654,16.046935831000155,0.00024359245083363425,1.5180005611528225e-05,28.59549714374562,82.82003274831654,20.0,0.00010895278410659459,0.00044133479751198856,8.914659828333261e-05,0.000639434179901914,0.0,Germany,DEU,baden-wurttemberg,,,Linux-7.0.0-31-generic-x86_64-with-glibc2.43,3.14.4,3.3.0,24,Intel(R) Core(TM) Ultra 9 285K,1,1 x NVIDIA GeForce RTX 5090,9.1827,48.767,60.81614685058594,machine,0.0,0.0,0.0,0.0,N
rollout_28,2026-09-08T14:32:14,sac_HalfCheetah-v5_seed958,07f86593-cbaa-4ca9-897e-d6875f1ae654,0.20698678900043888,2.740870959636217e-06,1.3241121894743078e-05,28.671892328125573,82.6345246784572,20.0,1.92648654118166e-06,4.119447740008608e-06,1.1488969555504928e-06,7.194831236741195e-06,0.0,Germany,DEU,baden-wurttemberg,,,Linux-7.0.0-31-generic-x86_64-with-glibc2.43,3.14.4,3.3.0,24,Intel(R) Core(TM) Ultra 9 285K,1,1 x NVIDIA GeForce RTX 5090,9.1827,48.767,60.81614685058594,machine,0.0,0.0,0.0,0.0,N
gradient_updates_28,2026-09-08T14:32:30,sac_HalfCheetah-v5_seed958,07f86593-cbaa-4ca9-897e-d6875f1ae654,15.93443568099974,0.00024420941274725175,1.5325899948768857e-05,28.738361168915628,82.90108319529116,20.0,0.0001148122335163787,0.00043771951684198895,8.852196468889023e-05,0.0006410537150472566,0.0,Germany,DEU,baden-wurttemberg,,,Linux-7.0.0-31-generic-x86_64-with-glibc2.43,3.14.4,3.3.0,24,Intel(R) Core(TM) Ultra 9 285K,1,1 x NVIDIA GeForce RTX 5090,9.1827,48.767,60.81614685058594,machine,0.0,0.0,0.0,0.0,N
rollout_29,2026-09-08T14:32:30,sac_HalfCheetah-v5_seed958,07f86593-cbaa-4ca9-897e-d6875f1ae654,0.20692359399981797,2.8654688926307847e-06,1.3847991996586181e-05,28.79776200760799,82.82654684937924,20.0,1.8815920608400427e-06,4.492781371989718e-06,1.1475294222186919e-06,7.521902855047585e-06,0.0,Germany,DEU,baden-wurttemberg,,,Linux-7.0.0-31-generic-x86_64-with-glibc2.43,3.14.4,3.3.0,24,Intel(R) Core(TM) Ultra 9 285K,1,1 x NVIDIA GeForce RTX 5090,9.1827,48.767,60.81614685058594,machine,0.0,0.0,0.0,0.0,N
gradient_updates_29,2026-09-08T14:32:46,sac_HalfCheetah-v5_seed958,07f86593-cbaa-4ca9-897e-d6875f1ae654,16.012629672999537,0.0002417046892399001,1.5094638629416856e-05,28.847426708560537,83.07730411061468,20.0,0.00010682917129661851,0.0004386884065060159,8.896119694444581e-05,0.0006344787747470798,0.0,Germany,DEU,baden-wurttemberg,,,Linux-7.0.0-31-generic-x86_64-with-glibc2.43,3.14.4,3.3.0,24,Intel(R) Core(TM) Ultra 9 285K,1,1 x NVIDIA GeForce RTX 5090,9.1827,48.767,60.81614685058594,machine,0.0,0.0,0.0,0.0,N
rollout_30,2026-09-08T14:32:46,sac_HalfCheetah-v5_seed958,07f86593-cbaa-4ca9-897e-d6875f1ae654,0.21037701400018705,2.642581413662623e-06,1.2559639225021596e-05,28.926866858577714,82.78777397092456,20.0,2.0027463244198795e-06,3.7672252360121394e-06,1.1668480055554604e-06,6.936819565987046e-06,0.0,Germany,DEU,baden-wurttemberg,,,Linux-7.0.0-31-generic-x86_64-with-glibc2.43,3.14.4,3.3.0,24,Intel(R) Core(TM) Ultra 9 285K,1,1 x NVIDIA GeForce RTX 5090,9.1827,48.767,60.81614685058594,machine,0.0,0.0,0.0,0.0,N
gradient_updates_30,2026-09-08T14:33:02,sac_HalfCheetah-v5_seed958,07f86593-cbaa-4ca9-897e-d6875f1ae654,16.139876047000143,0.0002399421936389711,1.4866430188541666e-05,28.993388478103707,83.02382670366784,20.0,0.00010024796547608572,0.0004399409075079852,8.966332189444667e-05,0.0006298521948785163,0.0,Germany,DEU,baden-wurttemberg,,,Linux-7.0.0-31-generic-x86_64-with-glibc2.43,3.14.4,3.3.0,24,Intel(R) Core(TM) Ultra 9 285K,1,1 x NVIDIA GeForce RTX 5090,9.1827,48.767,60.81614685058594,machine,0.0,0.0,0.0,0.0,N
rollout_31,2026-09-08T14:33:03,sac_HalfCheetah-v5_seed958,07f86593-cbaa-4ca9-897e-d6875f1ae654,0.21335791499950574,2.6968117816557335e-06,1.2639235235785961e-05,28.938895094859788,82.88538074564423,20.0,1.519569271218879e-06,4.375559056024603e-06,1.1840468444462848e-06,7.079175171689767e-06,0.0,Germany,DEU,baden-wurttemberg,,,Linux-7.0.0-31-generic-x86_64-with-glibc2.43,3.14.4,3.3.0,24,Intel(R) Core(TM) Ultra 9 285K,1,1 x NVIDIA GeForce RTX 5090,9.1827,48.767,60.81614685058594,machine,0.0,0.0,0.0,0.0,N
gradient_updates_31,2026-09-08T14:33:19,sac_HalfCheetah-v5_seed958,07f86593-cbaa-4ca9-897e-d6875f1ae654,16.051287996999235,0.00024245581197516672,1.5105075142984464e-05,28.88479607877236,83.12230082264925,20.0,0.0001069919144823378,0.0004402936855679995,8.916488419999933e-05,0.000636450484250338,0.0,Germany,DEU,baden-wurttemberg,,,Linux-7.0.0-31-generic-x86_64-with-glibc2.43,3.14.4,3.3.0,24,Intel(R) Core(TM) Ultra 9 285K,1,1 x NVIDIA GeForce RTX 5090,9.1827,48.767,60.81614685058594,machine,0.0,0.0,0.0,0.0,N
rollout_32,2026-09-08T14:33:19,sac_HalfCheetah-v5_seed958,07f86593-cbaa-4ca9-897e-d6875f1ae654,0.2130398219997005,2.6061494571467947e-06,1.2232411086236443e-05,28.842996103871872,82.91989122289746,20.0,1.5563937451057441e-06,4.102225503982426e-06,1.182565833328722e-06,6.841185082418627e-06,0.0,Germany,DEU,baden-wurttemberg,,,Linux-7.0.0-31-generic-x86_64-with-glibc2.43,3.14.4,3.3.0,24,Intel(R) Core(TM) Ultra 9 285K,1,1 x NVIDIA GeForce RTX 5090,9.1827,48.767,60.81614685058594,machine,0.0,0.0,0.0,0.0,N
gradient_updates_32,2026-09-08T14:33:35,sac_HalfCheetah-v5_seed958,07f86593-cbaa-4ca9-897e-d6875f1ae654,16.02222369899937,0.00024391375596442832,1.5223473881013572e-05,28.801728327156205,83.14738582961601,20.0,0.00011237191656413015,0.00043889590667200995,8.900978790555517e-05,0.0006402776111416944,0.0,Germany,DEU,baden-wurttemberg,,,Linux-7.0.0-31-generic-x86_64-with-glibc2.43,3.14.4,3.3.0,24,Intel(R) Core(TM) Ultra 9 285K,1,1 x NVIDIA GeForce RTX 5090,9.1827,48.767,60.81614685058594,machine,0.0,0.0,0.0,0.0,N
rollout_33,2026-09-08T14:33:35,sac_HalfCheetah-v5_seed958,07f86593-cbaa-4ca9-897e-d6875f1ae654,0.21691556299992953,3.453323006961939e-06,1.591942971339371e-05,28.755885315267033,83.45480091834604,20.0,1.556597078608557e-06,6.30417170999209e-06,1.204260761106593e-06,9.065029549708975e-06,0.0,Germany,DEU,baden-wurttemberg,,,Linux-7.0.0-31-generic-x86_64-with-glibc2.43,3.14.4,3.3.0,24,Intel(R) Core(TM) Ultra 9 285K,1,1 x NVIDIA GeForce RTX 5090,9.1827,48.767,60.81614685058594,machine,0.0,0.0,0.0,0.0,N
gradient_updates_33,2026-09-08T14:33:51,sac_HalfCheetah-v5_seed958,07f86593-cbaa-4ca9-897e-d6875f1ae654,15.99779147299887,0.00024615460550739265,1.5386794825038544e-05,28.712107687179017,83.6728114166753,20.0,0.00011765282162216895,0.00043963312948397393,8.887392685000012e-05,0.0006461598779561421,0.0,Germany,DEU,baden-wurttemberg,,,Linux-7.0.0-31-generic-x86_64-with-glibc2.43,3.14.4,3.3.0,24,Intel(R) Core(TM) Ultra 9 285K,1,1 x NVIDIA GeForce RTX 5090,9.1827,48.767,60.81614685058594,machine,0.0,0.0,0.0,0.0,N
rollout_34,2026-09-08T14:33:51,sac_HalfCheetah-v5_seed958,07f86593-cbaa-4ca9-897e-d6875f1ae654,0.20698356600041734,2.634546749818653e-06,1.2727632222502515e-05,28.806963274846154,83.40605170250299,20.0,2.06359498421127e-06,3.7036140740354107e-06,1.1485193833322103e-06,6.91572844157759e-06,0.0,Germany,DEU,baden-wurttemberg,,,Linux-7.0.0-31-generic-x86_64-with-glibc2.43,3.14.4,3.3.0,24,Intel(R) Core(TM) Ultra 9 285K,1,1 x NVIDIA GeForce RTX 5090,9.1827,48.767,60.81614685058594,machine,0.0,0.0,0.0,0.0,N
gradient_updates_34,2026-09-08T14:34:07,sac_HalfCheetah-v5_seed958,07f86593-cbaa-4ca9-897e-d6875f1ae654,15.946309963999738,0.00024403914156602945,1.5303799984750792e-05,28.89110292336981,83.6136352414383,20.0,0.00011545221986170029,0.0004365659048079784,8.85886257333368e-05,0.0006406067504030159,0.0,Germany,DEU,baden-wurttemberg,,,Linux-7.0.0-31-generic-x86_64-with-glibc2.43,3.14.4,3.3.0,24,Intel(R) Core(TM) Ultra 9 285K,1,1 x NVIDIA GeForce RTX 5090,9.1827,48.767,60.81614685058594,machine,0.0,0.0,0.0,0.0,N
rollout_35,2026-09-08T14:34:08,sac_HalfCheetah-v5_seed958,07f86593-cbaa-4ca9-897e-d6875f1ae654,0.20878181399893947,2.846508717060589e-06,1.363371346532924e-05,28.953776047446624,83.49564318994254,20.0,1.9674649073125883e-06,4.344725698018914e-06,1.159941477776958e-06,7.4721320831097615e-06,0.0,Germany,DEU,baden-wurttemberg,,,Linux-7.0.0-31-generic-x86_64-with-glibc2.43,3.14.4,3.3.0,24,Intel(R) Core(TM) Ultra 9 285K,1,1 x NVIDIA GeForce RTX 5090,9.1827,48.767,60.81614685058594,machine,0.0,0.0,0.0,0.0,N
gradient_updates_35,2026-09-08T14:34:23,sac_HalfCheetah-v5_seed958,07f86593-cbaa-4ca9-897e-d6875f1ae654,15.939231126001687,0.000245074278630731,1.5375544245519363e-05,29.008539005094633,83.70578851221772,20.0,0.00011531873975491325,0.00043945618489799054,8.854907752778047e-05,0.0006433240021806834,0.0,Germany,DEU,baden-wurttemberg,,,Linux-7.0.0-31-generic-x86_64-with-glibc2.43,3.14.4,3.3.0,24,Intel(R) Core(TM) Ultra 9 285K,1,1 x NVIDIA GeForce RTX 5090,9.1827,48.767,60.81614685058594,machine,0.0,0.0,0.0,0.0,N
rollout_36,2026-09-08T14:34:24,sac_HalfCheetah-v5_seed958,07f86593-cbaa-4ca9-897e-d6875f1ae654,0.20514441999875999,2.5710379812828726e-06,1.2532090250081019e-05,29.05449875348195,83.46767362673651,20.0,1.8710803857541203e-06,3.738614102022364e-06,1.1393223944447355e-06,6.749016882221653e-06,0.0,Germany,DEU,baden-wurttemberg,,,Linux-7.0.0-31-generic-x86_64-with-glibc2.43,3.14.4,3.3.0,24,Intel(R) Core(TM) Ultra 9 285K,1,1 x NVIDIA GeForce RTX 5090,9.1827,48.767,60.81614685058594,machine,0.0,0.0,0.0,0.0,N
gradient_updates_36,2026-09-08T14:34:40,sac_HalfCheetah-v5_seed958,07f86593-cbaa-4ca9-897e-d6875f1ae654,15.97189742000046,0.00024344528408836753,1.5242107882156187e-05,29.093446054374695,83.66555906209118,20.0,0.0001124070624255874,0.0004379100725499796,8.873072980555233e-05,0.0006390478647811185,0.0,Germany,DEU,baden-wurttemberg,,,Linux-7.0.0-31-generic-x86_64-with-glibc2.43,3.14.4,3.3.0,24,Intel(R) Core(TM) Ultra 9 285K,1,1 x NVIDIA GeForce RTX 5090,9.1827,48.767,60.81614685058594,machine,0.0,0.0,0.0,0.0,N
rollout_37,2026-09-08T14:34:40,sac_HalfCheetah-v5_seed958,07f86593-cbaa-4ca9-897e-d6875f1ae654,0.20621968299928994,2.5526365538246915e-06,1.2377837179833162e-05,29.149075387768107,83.40316796055484,20.0,1.9351671036865747e-06,3.620280673993781e-06,1.145265055563574e-06,6.7007128332456645e-06,0.0,Germany,DEU,baden-wurttemberg,,,Linux-7.0.0-31-generic-x86_64-with-glibc2.43,3.14.4,3.3.0,24,Intel(R) Core(TM) Ultra 9 285K,1,1 x NVIDIA GeForce RTX 5090,9.1827,48.767,60.81614685058594,machine,0.0,0.0,0.0,0.0,N
gradient_updates_37,2026-09-08T14:34:56,sac_HalfCheetah-v5_seed958,07f86593-cbaa-4ca9-897e-d6875f1ae654,15.927466101999016,0.00024383117003730533,1.5308856326236682e-05,29.19778563665766,83.59049041659941,20.0,0.00011711264452338166,0.0004344645142380088,8.848366296667059e-05,0.0006400608217280619,0.0,Germany,DEU,baden-wurttemberg,,,Linux-7.0.0-31-generic-x86_64-with-glibc2.43,3.14.4,3.3.0,24,Intel(R) Core(TM) Ultra 9 285K,1,1 x NVIDIA GeForce RTX 5090,9.1827,48.767,60.81614685058594,machine,0.0,0.0,0.0,0.0,N
rollout_38,2026-09-08T14:34:56,sac_HalfCheetah-v5_seed958,07f86593-cbaa-4ca9-897e-d6875f1ae654,0.20580952000091202,2.6604915329842688e-06,1.292533779832613e-05,29.24297566202684,83.40880404865291,20.0,1.895222905057281e-06,3.946114267988632e-06,1.142496750000492e-06,6.983833923047272e-06,0.0,Germany,DEU,baden-wurttemberg,,,Linux-7.0.0-31-generic-x86_64-with-glibc2.43,3.14.4,3.3.0,24,Intel(R) Core(TM) Ultra 9 285K,1,1 x NVIDIA GeForce RTX 5090,9.1827,48.767,60.81614685058594,machine,0.0,0.0,0.0,0.0,N
gradient_updates_38,2026-09-08T14:35:12,sac_HalfCheetah-v5_seed958,07f86593-cbaa-4ca9-897e-d6875f1ae654,15.922282228000768,0.0002417439314301561,1.5182750776221341e-05,29.281535442076606,83.58661119661782,20.0,0.00011353241332585917,0.0004325947905200189,8.84545822944444e-05,0.0006345817861403216,0.0,Germany,DEU,baden-wurttemberg,,,Linux-7.0.0-31-generic-x86_64-with-glibc2.43,3.14.4,3.3.0,24,Intel(R) Core(TM) Ultra 9 285K,1,1 x NVIDIA GeForce RTX 5090,9.1827,48.767,60.81614685058594,machine,0.0,0.0,0.0,0.0,N
rollout_39,2026-09-08T14:35:12,sac_HalfCheetah-v5_seed958,07f86593-cbaa-4ca9-897e-d6875f1ae654,0.20592669799953,2.8161572600271523e-06,1.3674840655505651e-05,29.32429226401437,83.49594765010303,20.0,1.8947142935432648e-06,4.354447928012206e-06,1.1432967888845916e-06,7.392459010439195e-06,0.0,Germany,DEU,baden-wurttemberg,,,Linux-7.0.0-31-generic-x86_64-with-glibc2.43,3.14.4,3.3.0,24,Intel(R) Core(TM) Ultra 9 285K,1,1 x NVIDIA GeForce RTX 5090,9.1827,48.767,60.81614685058594,machine,0.0,0.0,0.0,0.0,N
gradient_updates_39,2026-09-08T14:35:28,sac_HalfCheetah-v5_seed958,07f86593-cbaa-4ca9-897e-d6875f1ae654,16.031026818998726,0.0002421233574618764,1.5103431100111771e-05,29.35996880524506,83.67645099935385,20.0,0.00010800468945924846,0.0004385147952560009,8.905830098333845e-05,0.0006355777856985878,0.0,Germany,DEU,baden-wurttemberg,,,Linux-7.0.0-31-generic-x86_64-with-glibc2.43,3.14.4,3.3.0,24,Intel(R) Core(TM) Ultra 9 285K,1,1 x NVIDIA GeForce RTX 5090,9.1827,48.767,60.81614685058594,machine,0.0,0.0,0.0,0.0,N
rollout_40,2026-09-08T14:35:28,sac_HalfCheetah-v5_seed958,07f86593-cbaa-4ca9-897e-d6875f1ae654,0.21969042599994282,2.537832246223698e-06,1.1551704352597928e-05,29.336876197812803,83.41412108425406,20.0,1.688975517846747e-06,3.755003003952373e-06,1.217872761106846e-06,6.661851282906833e-06,0.0,Germany,DEU,baden-wurttemberg,,,Linux-7.0.0-31-generic-x86_64-with-glibc2.43,3.14.4,3.3.0,24,Intel(R) Core(TM) Ultra 9 285K,1,1 x NVIDIA GeForce RTX 5090,9.1827,48.767,60.81614685058594,machine,0.0,0.0,0.0,0.0,N
gradient_updates_40,2026-09-08T14:35:44,sac_HalfCheetah-v5_seed958,07f86593-cbaa-4ca9-897e-d6875f1ae654,15.99937287299872,0.00024379591254307734,1.5237846123155325e-05,29.313319612147655,83.58516240659081,20.0,0.00011579501624704724,0.00043529507045800275,8.887818352221882e-05,0.0006399682702272688,0.0,Germany,DEU,baden-wurttemberg,,,Linux-7.0.0-31-generic-x86_64-with-glibc2.43,3.14.4,3.3.0,24,Intel(R) Core(TM) Ultra 9 285K,1,1 x NVIDIA GeForce RTX 5090,9.1827,48.767,60.81614685058594,machine,0.0,0.0,0.0,0.0,N
rollout_41,2026-09-08T14:35:45,sac_HalfCheetah-v5_seed958,07f86593-cbaa-4ca9-897e-d6875f1ae654,0.20584177000091586,2.705240635086925e-06,1.3141552241184122e-05,29.354484650131987,83.4395699872914,20.0,1.897223739999454e-06,4.061392138016151e-06,1.1426851722210266e-06,7.101301050235764e-06,0.0,Germany,DEU,baden-wurttemberg,,,Linux-7.0.0-31-generic-x86_64-with-glibc2.43,3.14.4,3.3.0,24,Intel(R) Core(TM) Ultra 9 285K,1,1 x NVIDIA GeForce RTX 5090,9.1827,48.767,60.81614685058594,machine,0.0,0.0,0.0,0.0,N
gradient_updates_41,2026-09-08T14:36:01,sac_HalfCheetah-v5_seed958,07f86593-cbaa-4ca9-897e-d6875f1ae654,16.348480381999252,0.0002473915694236207,1.5132404347812801e-05,29.38982425016318,83.59976270630719,20.0,0.00011643966537387695,0.0004421542426119862,9.081302054444497e-05,0.0006494069285303064,0.0,Germany,DEU,baden-wurttemberg,,,Linux-7.0.0-31-generic-x86_64-with-glibc2.43,3.14.4,3.3.0,24,Intel(R) Core(TM) Ultra 9 285K,1,1 x NVIDIA GeForce RTX 5090,9.1827,48.767,60.81614685058594,machine,0.0,0.0,0.0,0.0,N
rollout_42,2026-09-08T14:36:01,sac_HalfCheetah-v5_seed958,07f86593-cbaa-4ca9-897e-d6875f1ae654,0.205273566998585,2.5363867456971306e-06,1.2354645998245486e-05,29.425346463507893,83.37657231498466,20.0,1.8728603871781546e-06,3.645558472015198e-06,1.139637961114319e-06,6.658056820308539e-06,0.0,Germany,DEU,baden-wurttemberg,,,Linux-7.0.0-31-generic-x86_64-with-glibc2.43,3.14.4,3.3.0,24,Intel(R) Core(TM) Ultra 9 285K,1,1 x NVIDIA GeForce RTX 5090,9.1827,48.767,60.81614685058594,machine,0.0,0.0,0.0,0.0,N
gradient_updates_42,2026-09-08T14:36:18,sac_HalfCheetah-v5_seed958,07f86593-cbaa-4ca9-897e-d6875f1ae654,16.42685860399979,0.00024326354406320645,1.480889798981176e-05,29.45381934102256,83.52837315512619,20.0,0.000105226543347825,0.00044208646478000047,9.125778610555735e-05,0.000638570794233382,0.0,Germany,DEU,baden-wurttemberg,,,Linux-7.0.0-31-generic-x86_64-with-glibc2.43,3.14.4,3.3.0,24,Intel(R) Core(TM) Ultra 9 285K,1,1 x NVIDIA GeForce RTX 5090,9.1827,48.767,60.81614685058594,machine,0.0,0.0,0.0,0.0,N
rollout_43,2026-09-08T14:36:18,sac_HalfCheetah-v5_seed958,07f86593-cbaa-4ca9-897e-d6875f1ae654,0.21147536399985256,2.53800553919048e-06,1.2001034957815662e-05,29.416103957191247,83.34652965190047,20.0,1.5458142922086804e-06,3.942780932020273e-06,1.1737109555619296e-06,6.662306179790883e-06,0.0,Germany,DEU,baden-wurttemberg,,,Linux-7.0.0-31-generic-x86_64-with-glibc2.43,3.14.4,3.3.0,24,Intel(R) Core(TM) Ultra 9 285K,1,1 x NVIDIA GeForce RTX 5090,9.1827,48.767,60.81614685058594,machine,0.0,0.0,0.0,0.0,N
gradient_updates_43,2026-09-08T14:36:34,sac_HalfCheetah-v5_seed958,07f86593-cbaa-4ca9-897e-d6875f1ae654,16.030815846999758,0.0002425448648240968,1.5129922052311185e-05,29.378563011729717,83.50680222836758,20.0,0.00011154821451628272,0.00043607840441797774,8.905763050555231e-05,0.000636684249439811,0.0,Germany,DEU,baden-wurttemberg,,,Linux-7.0.0-31-generic-x86_64-with-glibc2.43,3.14.4,3.3.0,24,Intel(R) Core(TM) Ultra 9 285K,1,1 x NVIDIA GeForce RTX 5090,9.1827,48.767,60.81614685058594,machine,0.0,0.0,0.0,0.0,N
rollout_44,2026-09-08T14:36:34,sac_HalfCheetah-v5_seed958,07f86593-cbaa-4ca9-897e-d6875f1ae654,0.21272802599924034,3.4393063182390493e-06,1.6166636954074887e-05,29.347423220309807,83.75307216419343,20.0,1.5819776544717667e-06,6.266116124031829e-06,1.1801417333420078e-06,9.028235511847338e-06,0.0,Germany,DEU,baden-wurttemberg,,,Linux-7.0.0-31-generic-x86_64-with-glibc2.43,3.14.4,3.3.0,24,Intel(R) Core(TM) Ultra 9 285K,1,1 x NVIDIA GeForce RTX 5090,9.1827,48.767,60.81614685058594,machine,0.0,0.0,0.0,0.0,N
gradient_updates_44,2026-09-08T14:36:50,sac_HalfCheetah-v5_seed958,07f86593-cbaa-4ca9-897e-d6875f1ae654,15.935489382000014,0.0002434480221899099,1.527710519259967e-05,29.316816766531886,83.9068716987205,20.0,0.00011648115207373022,0.0004340447916799661,8.852910858889434e-05,0.0006390550523425916,0.0,Germany,DEU,baden-wurttemberg,,,Linux-7.0.0-31-generic-x86_64-with-glibc2.43,3.14.4,3.3.0,24,Intel(R) Core(TM) Ultra 9 285K,1,1 x NVIDIA GeForce RTX 5090,9.1827,48.767,60.81614685058594,machine,0.0,0.0,0.0,0.0,N
rollout_45,2026-09-08T14:36:50,sac_HalfCheetah-v5_seed958,07f86593-cbaa-4ca9-897e-d6875f1ae654,0.20480420000058075,2.728166736081991e-06,1.332062919874641e-05,29.364790922753038,83.77726734025431,20.0,1.9441018330457194e-06,4.080003263989829e-06,1.1373773444473684e-06,7.161482441481182e-06,0.0,Germany,DEU,baden-wurttemberg,,,Linux-7.0.0-31-generic-x86_64-with-glibc2.43,3.14.4,3.3.0,24,Intel(R) Core(TM) Ultra 9 285K,1,1 x NVIDIA GeForce RTX 5090,9.1827,48.767,60.81614685058594,machine,0.0,0.0,0.0,0.0,N
gradient_updates_45,2026-09-08T14:37:07,sac_HalfCheetah-v5_seed958,07f86593-cbaa-4ca9-897e-d6875f1ae654,16.697711655000603,0.00025132382248650546,1.5051409602028038e-05,29.40688280501233,83.9088625272915,20.0,0.00012041236882981421,0.00044655452391004213,9.276226459445109e-05,0.00065972915733431,0.0,Germany,DEU,baden-wurttemberg,,,Linux-7.0.0-31-generic-x86_64-with-glibc2.43,3.14.4,3.3.0,24,Intel(R) Core(TM) Ultra 9 285K,1,1 x NVIDIA GeForce RTX 5090,9.1827,48.767,60.81614685058594,machine,0.0,0.0,0.0,0.0,N
rollout_46,2026-09-08T14:37:07,sac_HalfCheetah-v5_seed958,07f86593-cbaa-4ca9-897e-d6875f1ae654,0.2046711389994016,2.715623308649842e-06,1.3267150003399557e-05,29.44316718186124,83.78750977440576,20.0,1.8880684548999715e-06,4.10472550599339e-06,1.1357617777825457e-06,7.128555738679376e-06,0.0,Germany,DEU,baden-wurttemberg,,,Linux-7.0.0-31-generic-x86_64-with-glibc2.43,3.14.4,3.3.0,24,Intel(R) Core(TM) Ultra 9 285K,1,1 x NVIDIA GeForce RTX 5090,9.1827,48.767,60.81614685058594,machine,0.0,0.0,0.0,0.0,N
gradient_updates_46,2026-09-08T14:37:24,sac_HalfCheetah-v5_seed958,07f86593-cbaa-4ca9-897e-d6875f1ae654,16.551957306000986,0.0002489680415998525,1.5041630223115067e-05,29.474083795029493,83.92239775655456,20.0,0.00011621063130176634,0.0004453820229719796,9.195253958332612e-05,0.0006535451938570747,0.0,Germany,DEU,baden-wurttemberg,,,Linux-7.0.0-31-generic-x86_64-with-glibc2.43,3.14.4,3.3.0,24,Intel(R) Core(TM) Ultra 9 285K,1,1 x NVIDIA GeForce RTX 5090,9.1827,48.767,60.81614685058594,machine,0.0,0.0,0.0,0.0,N
rollout_47,2026-09-08T14:37:24,sac_HalfCheetah-v5_seed958,07f86593-cbaa-4ca9-897e-d6875f1ae654,0.21143877599934058,2.4284910102069512e-06,1.1485141509396787e-05,29.430749479882646,83.71031898990279,20.0,1.495867307813037e-06,3.7055585200007624e-06,1.1734029166593843e-06,6.374828744472316e-06,0.0,Germany,DEU,baden-wurttemberg,,,Linux-7.0.0-31-generic-x86_64-with-glibc2.43,3.14.4,3.3.0,24,Intel(R) Core(TM) Ultra 9 285K,1,1 x NVIDIA GeForce RTX 5090,9.1827,48.767,60.81614685058594,machine,0.0,0.0,0.0,0.0,N
gradient_updates_47,2026-09-08T14:37:40,sac_HalfCheetah-v5_seed958,07f86593-cbaa-4ca9-897e-d6875f1ae654,15.972047420000308,0.00024406439669098084,1.5280728647724473e-05,29.388915580321104,83.85654377136267,20.0,0.00011633276917724644,0.0004356097929320013,8.873048341110929e-05,0.0006406730455203596,0.0,Germany,DEU,baden-wurttemberg,,,Linux-7.0.0-31-generic-x86_64-with-glibc2.43,3.14.4,3.3.0,24,Intel(R) Core(TM) Ultra 9 285K,1,1 x NVIDIA GeForce RTX 5090,9.1827,48.767,60.81614685058594,machine,0.0,0.0,0.0,0.0,N
rollout_48,2026-09-08T14:37:40,sac_HalfCheetah-v5_seed958,07f86593-cbaa-4ca9-897e-d6875f1ae654,0.2051135540004907,2.5550343607759485e-06,1.245642818681614e-05,29.423883953022777,83.66344638823634,20.0,1.8925442918232838e-06,3.6758362740030304e-06,1.138626550002339e-06,6.707007115830388e-06,0.0,Germany,DEU,baden-wurttemberg,,,Linux-7.0.0-31-generic-x86_64-with-glibc2.43,3.14.4,3.3.0,24,Intel(R) Core(TM) Ultra 9 285K,1,1 x NVIDIA GeForce RTX 5090,9.1827,48.767,60.81614685058594,machine,0.0,0.0,0.0,0.0,N
gradient_updates_48,2026-09-08T14:37:56,sac_HalfCheetah-v5_seed958,07f86593-cbaa-4ca9-897e-d6875f1ae654,15.982827443000133,0.00024310314810604625,1.5210280779606027e-05,29.45396802856838,83.80168518808307,20.0,0.0001159421955314599,0.000433416457843977,8.879109883888885e-05,0.0006381497522143231,0.0,Germany,DEU,baden-wurttemberg,,,Linux-7.0.0-31-generic-x86_64-with-glibc2.43,3.14.4,3.3.0,24,Intel(R) Core(TM) Ultra 9 285K,1,1 x NVIDIA GeForce RTX 5090,9.1827,48.767,60.81614685058594,machine,0.0,0.0,0.0,0.0,N
rollout_49,2026-09-08T14:37:56,sac_HalfCheetah-v5_seed958,07f86593-cbaa-4ca9-897e-d6875f1ae654,0.21757560299920442,3.613149169551244e-06,1.6605503684903926e-05,29.49224863393003,83.99223629284829,20.0,2.03607829553365e-06,6.240004992025261e-06,1.2084925611107605e-06,9.484575848671406e-06,0.0,Germany,DEU,baden-wurttemberg,,,Linux-7.0.0-31-generic-x86_64-with-glibc2.43,3.14.4,3.3.0,24,Intel(R) Core(TM) Ultra 9 285K,1,1 x NVIDIA GeForce RTX 5090,9.1827,48.767,60.81614685058594,machine,0.0,0.0,0.0,0.0,N
gradient_updates_49,2026-09-08T14:38:12,sac_HalfCheetah-v5_seed958,07f86593-cbaa-4ca9-897e-d6875f1ae654,15.969786581001244,0.00024366172394303665,1.5257674426931944e-05,29.525492258048818,84.12728315465249,20.0,0.00011660615522929296,0.0004342909029879938,8.871896473332946e-05,0.0006396160229506162,0.0,Germany,DEU,baden-wurttemberg,,,Linux-7.0.0-31-generic-x86_64-with-glibc2.43,3.14.4,3.3.0,24,Intel(R) Core(TM) Ultra 9 285K,1,1 x NVIDIA GeForce RTX 5090,9.1827,48.767,60.81614685058594,machine,0.0,0.0,0.0,0.0,N
rollout_50,2026-09-08T14:38:12,sac_HalfCheetah-v5_seed958,07f86593-cbaa-4ca9-897e-d6875f1ae654,0.21056026000042039,3.603473341112426e-06,1.7112695664047026e-05,29.566031165108583,84.36466987333982,20.0,1.992811316478549e-06,6.30750504601596e-06,1.1588602777815385e-06,9.45917664027518e-06,0.0,Germany,DEU,baden-wurttemberg,,,Linux-7.0.0-31-generic-x86_64-with-glibc2.43,3.14.4,3.3.0,24,Intel(R) Core(TM) Ultra 9 285K,1,1 x NVIDIA GeForce RTX 5090,9.1827,48.767,60.81614685058594,machine,0.0,0.0,0.0,0.0,N
gradient_updates_50,2026-09-08T14:38:28,sac_HalfCheetah-v5_seed958,07f86593-cbaa-4ca9-897e-d6875f1ae654,15.979776657999537,0.00024408773362971474,1.5274795996260245e-05,29.601381560980723,84.49476129708452,20.0,0.00011685409320541518,0.0004351056258619923,8.87745863000014e-05,0.0006407343053674089,0.0,Germany,DEU,baden-wurttemberg,,,Linux-7.0.0-31-generic-x86_64-with-glibc2.43,3.14.4,3.3.0,24,Intel(R) Core(TM) Ultra 9 285K,1,1 x NVIDIA GeForce RTX 5090,9.1827,48.767,60.81614685058594,machine,0.0,0.0,0.0,0.0,N
rollout_51,2026-09-08T14:38:29,sac_HalfCheetah-v5_seed958,07f86593-cbaa-4ca9-897e-d6875f1ae654,0.20413394500064896,2.8520590502345566e-06,1.397082082167595e-05,29.62969331090226,84.4432024021926,20.0,1.8698087180801792e-06,4.482781364001376e-06,1.1341117166722287e-06,7.486701798752049e-06,0.0,Germany,DEU,baden-wurttemberg,,,Linux-7.0.0-31-generic-x86_64-with-glibc2.43,3.14.4,3.3.0,24,Intel(R) Core(TM) Ultra 9 285K,1,1 x NVIDIA GeForce RTX 5090,9.1827,48.767,60.81614685058594,machine,0.0,0.0,0.0,0.0,N
gradient_updates_51,2026-09-08T14:38:45,sac_HalfCheetah-v5_seed958,07f86593-cbaa-4ca9-897e-d6875f1ae654,16.043302047000907,0.0002408346652560192,1.5011553236850868e-05,29.652441679429582,84.57378209683473,20.0,0.0001044958183188116,0.0004385725730799983,8.912655611666154e-05,0.0006321949475154715,0.0,Germany,DEU,baden-wurttemberg,,,Linux-7.0.0-31-generic-x86_64-with-glibc2.43,3.14.4,3.3.0,24,Intel(R) Core(TM) Ultra 9 285K,1,1 x NVIDIA GeForce RTX 5090,9.1827,48.767,60.81614685058594,machine,0.0,0.0,0.0,0.0,N
rollout_52,2026-09-08T14:38:45,sac_HalfCheetah-v5_seed958,07f86593-cbaa-4ca9-897e-d6875f1ae654,0.21150583300004655,2.5486423011998605e-06,1.2049421082593645e-05,29.623181701916096,84.4095523210588,20.0,1.5762809832398084e-06,3.93639203799534e-06,1.1775548333387703e-06,6.690227854572184e-06,0.0,Germany,DEU,baden-wurttemberg,,,Linux-7.0.0-31-generic-x86_64-with-glibc2.43,3.14.4,3.3.0,24,Intel(R) Core(TM) Ultra 9 285K,1,1 x NVIDIA GeForce RTX 5090,9.1827,48.767,60.81614685058594,machine,0.0,0.0,0.0,0.0,N
gradient_updates_52,2026-09-08T14:39:01,sac_HalfCheetah-v5_seed958,07f86593-cbaa-4ca9-897e-d6875f1ae654,16.323420626998995,0.00024711589581001905,1.5138740477472524e-05,29.59409591263451,84.52727152101534,20.0,0.0001170906889502582,0.0004409092416159943,9.068335020555318e-05,0.0006486832807718057,0.0,Germany,DEU,baden-wurttemberg,,,Linux-7.0.0-31-generic-x86_64-with-glibc2.43,3.14.4,3.3.0,24,Intel(R) Core(TM) Ultra 9 285K,1,1 x NVIDIA GeForce RTX 5090,9.1827,48.767,60.81614685058594,machine,0.0,0.0,0.0,0.0,N
rollout_53,2026-09-08T14:39:01,sac_HalfCheetah-v5_seed958,07f86593-cbaa-4ca9-897e-d6875f1ae654,0.20412067899997055,2.784348532567857e-06,1.3640003213293924e-05,29.61506718719082,84.45572684275025,20.0,1.827914795665686e-06,4.347225700002122e-06,1.1338200833254167e-06,7.308960578995827e-06,0.0,Germany,DEU,baden-wurttemberg,,,Linux-7.0.0-31-generic-x86_64-with-glibc2.43,3.14.4,3.3.0,24,Intel(R) Core(TM) Ultra 9 285K,1,1 x NVIDIA GeForce RTX 5090,9.1827,48.767,60.81614685058594,machine,0.0,0.0,0.0,0.0,N
gradient_updates_53,2026-09-08T14:39:18,sac_HalfCheetah-v5_seed958,07f86593-cbaa-4ca9-897e-d6875f1ae654,16.339126473998476,0.0002474761726964352,1.5146239109716063e-05,29.632181440291852,84.57592850036885,20.0,0.00011500305283571044,0.00044385646619599095,9.076949447777826e-05,0.000649629013509477,0.0,Germany,DEU,baden-wurttemberg,,,Linux-7.0.0-31-generic-x86_64-with-glibc2.43,3.14.4,3.3.0,24,Intel(R) Core(TM) Ultra 9 285K,1,1 x NVIDIA GeForce RTX 5090,9.1827,48.767,60.81614685058594,machine,0.0,0.0,0.0,0.0,N
rollout_54,2026-09-08T14:39:18,sac_HalfCheetah-v5_seed958,07f86593-cbaa-4ca9-897e-d6875f1ae654,0.2133035059996473,2.5437773479800724e-06,1.1924153868330029e-05,29.600193916702814,84.41412910451196,20.0,1.5581909687673035e-06,3.935280926015139e-06,1.1839853777725201e-06,6.677457272556697e-06,0.0,Germany,DEU,baden-wurttemberg,,,Linux-7.0.0-31-generic-x86_64-with-glibc2.43,3.14.4,3.3.0,24,Intel(R) Core(TM) Ultra 9 285K,1,1 x NVIDIA GeForce RTX 5090,9.1827,48.767,60.81614685058594,machine,0.0,0.0,0.0,0.0,N
gradient_updates_54,2026-09-08T14:39:34,sac_HalfCheetah-v5_seed958,07f86593-cbaa-4ca9-897e-d6875f1ae654,15.974086626001736,0.0002434834139826217,1.5242406376138536e-05,29.56868290443969,84.53570826880255,20.0,0.00011488423801843395,0.0004355206261940081,8.874309216666369e-05,0.0006391479563791075,0.0,Germany,DEU,baden-wurttemberg,,,Linux-7.0.0-31-generic-x86_64-with-glibc2.43,3.14.4,3.3.0,24,Intel(R) Core(TM) Ultra 9 285K,1,1 x NVIDIA GeForce RTX 5090,9.1827,48.767,60.81614685058594,machine,0.0,0.0,0.0,0.0,N
rollout_55,2026-09-08T14:39:34,sac_HalfCheetah-v5_seed958,07f86593-cbaa-4ca9-897e-d6875f1ae654,0.20411333899937745,2.616194536895697e-06,1.2816987536539468e-05,29.59305122183863,84.3945592246573,20.0,1.8530578713288337e-06,3.880836438013846e-06,1.1336592722222677e-06,6.867553581563213e-06,0.0,Germany,DEU,baden-wurttemberg,,,Linux-7.0.0-31-generic-x86_64-with-glibc2.43,3.14.4,3.3.0,24,Intel(R) Core(TM) Ultra 9 285K,1,1 x NVIDIA GeForce RTX 5090,9.1827,48.767,60.81614685058594,machine,0.0,0.0,0.0,0.0,N
gradient_updates_55,2026-09-08T14:39:50,sac_HalfCheetah-v5_seed958,07f86593-cbaa-4ca9-897e-d6875f1ae654,16.08561893099977,0.00024190919827606246,1.5038858742587753e-05,29.6128095536133,84.51247353878775,20.0,0.00010797790166003352,0.0004376753501399988,8.93623625222266e-05,0.0006350156143222555,0.0,Germany,DEU,baden-wurttemberg,,,Linux-7.0.0-31-generic-x86_64-with-glibc2.43,3.14.4,3.3.0,24,Intel(R) Core(TM) Ultra 9 285K,1,1 x NVIDIA GeForce RTX 5090,9.1827,48.767,60.81614685058594,machine,0.0,0.0,0.0,0.0,N
rollout_56,2026-09-08T14:39:50,sac_HalfCheetah-v5_seed958,07f86593-cbaa-4ca9-897e-d6875f1ae654,0.2156555080000544,2.474843719251288e-06,1.1475150056390832e-05,29.578692189417033,84.31708680830674,20.0,1.5625143055530977e-06,3.7286140939785106e-06,1.2053769666633962e-06,6.4965053661950045e-06,0.0,Germany,DEU,baden-wurttemberg,,,Linux-7.0.0-31-generic-x86_64-with-glibc2.43,3.14.4,3.3.0,24,Intel(R) Core(TM) Ultra 9 285K,1,1 x NVIDIA GeForce RTX 5090,9.1827,48.767,60.81614685058594,machine,0.0,0.0,0.0,0.0,N
gradient_updates_56,2026-09-08T14:40:07,sac_HalfCheetah-v5_seed958,07f86593-cbaa-4ca9-897e-d6875f1ae654,16.73748269600037,0.00025169601389955255,1.503787365484129e-05,29.545359442577585,84.41738707933311,20.0,0.00012115577581342518,0.0004465667461419909,9.298364394444425e-05,0.0006607061658998603,0.0,Germany,DEU,baden-wurttemberg,,,Linux-7.0.0-31-generic-x86_64-with-glibc2.43,3.14.4,3.3.0,24,Intel(R) Core(TM) Ultra 9 285K,1,1 x NVIDIA GeForce RTX 5090,9.1827,48.767,60.81614685058594,machine,0.0,0.0,0.0,0.0,N
rollout_57,2026-09-08T14:40:07,sac_HalfCheetah-v5_seed958,07f86593-cbaa-4ca9-897e-d6875f1ae654,0.2044829739988927,2.790352125135384e-06,1.3645549981096073e-05,29.568596533602634,84.34366470432668,20.0,1.8619078784171128e-06,4.32167012401341e-06,1.1411421055526616e-06,7.324720107983185e-06,0.0,Germany,DEU,baden-wurttemberg,,,Linux-7.0.0-31-generic-x86_64-with-glibc2.43,3.14.4,3.3.0,24,Intel(R) Core(TM) Ultra 9 285K,1,1 x NVIDIA GeForce RTX 5090,9.1827,48.767,60.81614685058594,machine,0.0,0.0,0.0,0.0,N
gradient_updates_57,2026-09-08T14:40:24,sac_HalfCheetah-v5_seed958,07f86593-cbaa-4ca9-897e-d6875f1ae654,16.25532929700057,0.00024189672053084692,1.4881079060782034e-05,29.586870399323022,84.454977324324,20.0,0.00010403271489277388,0.00044064507473801084,9.030507040556045e-05,0.0006349828600363469,0.0,Germany,DEU,baden-wurttemberg,,,Linux-7.0.0-31-generic-x86_64-with-glibc2.43,3.14.4,3.3.0,24,Intel(R) Core(TM) Ultra 9 285K,1,1 x NVIDIA GeForce RTX 5090,9.1827,48.767,60.81614685058594,machine,0.0,0.0,0.0,0.0,N
rollout_58,2026-09-08T14:40:24,sac_HalfCheetah-v5_seed958,07f86593-cbaa-4ca9-897e-d6875f1ae654,0.21140978400035237,2.5742436000775887e-06,1.2175037831660108e-05,29.55021206167456,84.3322536286442,20.0,1.4932734168360273e-06,4.0911143839861275e-06,1.1730438833285409e-06,6.757431684149828e-06,0.0,Germany,DEU,baden-wurttemberg,,,Linux-7.0.0-31-generic-x86_64-with-glibc2.43,3.14.4,3.3.0,24,Intel(R) Core(TM) Ultra 9 285K,1,1 x NVIDIA GeForce RTX 5090,9.1827,48.767,60.81614685058594,machine,0.0,0.0,0.0,0.0,N
gradient_updates_58,2026-09-08T14:40:40,sac_HalfCheetah-v5_seed958,07f86593-cbaa-4ca9-897e-d6875f1ae654,15.992288938999991,0.0002435968232718834,1.5232148940480957e-05,29.514535799710924,84.44541320258054,20.0,0.0001151446371156356,0.0004354553483639778,8.884567214444226e-05,0.0006394456576240548,0.0,Germany,DEU,baden-wurttemberg,,,Linux-7.0.0-31-generic-x86_64-with-glibc2.43,3.14.4,3.3.0,24,Intel(R) Core(TM) Ultra 9 285K,1,1 x NVIDIA GeForce RTX 5090,9.1827,48.767,60.81614685058594,machine,0.0,0.0,0.0,0.0,N
rollout_59,2026-09-08T14:40:40,sac_HalfCheetah-v5_seed958,07f86593-cbaa-4ca9-897e-d6875f1ae654,0.2047033899998496,2.7202792498570716e-06,1.3288873505406127e-05,29.537108315240616,84.35329264677452,20.0,1.8531256491677306e-06,4.153336656015361e-06,1.134315355557497e-06,7.140777660737119e-06,0.0,Germany,DEU,baden-wurttemberg,,,Linux-7.0.0-31-generic-x86_64-with-glibc2.43,3.14.4,3.3.0,24,Intel(R) Core(TM) Ultra 9 285K,1,1 x NVIDIA GeForce RTX 5090,9.1827,48.767,60.81614685058594,machine,0.0,0.0,0.0,0.0,N
gradient_updates_59,2026-09-08T14:40:56,sac_HalfCheetah-v5_seed958,07f86593-cbaa-4ca9-897e-d6875f1ae654,16.053852301000006,0.00024235393170918273,1.509632786861847e-05,29.555846413277244,84.46133185086332,20.0,0.00011157978343043218,0.0004354172927779898,8.918597067222433e-05,0.0006361830468806437,0.0,Germany,DEU,baden-wurttemberg,,,Linux-7.0.0-31-generic-x86_64-with-glibc2.43,3.14.4,3.3.0,24,Intel(R) Core(TM) Ultra 9 285K,1,1 x NVIDIA GeForce RTX 5090,9.1827,48.767,60.81614685058594,machine,0.0,0.0,0.0,0.0,N
rollout_60,2026-09-08T14:40:56,sac_HalfCheetah-v5_seed958,07f86593-cbaa-4ca9-897e-d6875f1ae654,0.21756050099975255,2.5169440605009308e-06,1.156856890752523e-05,29.53648311544951,84.27955140773011,20.0,1.6583560489003002e-06,3.7408363260105215e-06,1.2078270777739208e-06,6.607019452688212e-06,0.0,Germany,DEU,baden-wurttemberg,,,Linux-7.0.0-31-generic-x86_64-with-glibc2.43,3.14.4,3.3.0,24,Intel(R) Core(TM) Ultra 9 285K,1,1 x NVIDIA GeForce RTX 5090,9.1827,48.767,60.81614685058594,machine,0.0,0.0,0.0,0.0,N
gradient_updates_60,2026-09-08T14:41:12,sac_HalfCheetah-v5_seed958,07f86593-cbaa-4ca9-897e-d6875f1ae654,15.999816464000105,0.0002445277417245373,1.5283160809084537e-05,29.517116973844846,84.3884755672489,20.0,0.00011792307128281887,0.0004350797925079808,8.888647004444764e-05,0.0006418893338352508,0.0,Germany,DEU,baden-wurttemberg,,,Linux-7.0.0-31-generic-x86_64-with-glibc2.43,3.14.4,3.3.0,24,Intel(R) Core(TM) Ultra 9 285K,1,1 x NVIDIA GeForce RTX 5090,9.1827,48.767,60.81614685058594,machine,0.0,0.0,0.0,0.0,N
rollout_61,2026-09-08T14:41:13,sac_HalfCheetah-v5_seed958,07f86593-cbaa-4ca9-897e-d6875f1ae654,0.2049234299993259,2.718902337852519e-06,1.3267297349610837e-05,29.545073342895048,84.2905412002747,20.0,1.9001226312098662e-06,4.099447724031924e-06,1.1375928888907733e-06,7.137163244130829e-06,0.0,Germany,DEU,baden-wurttemberg,,,Linux-7.0.0-31-generic-x86_64-with-glibc2.43,3.14.4,3.3.0,24,Intel(R) Core(TM) Ultra 9 285K,1,1 x NVIDIA GeForce RTX 5090,9.1827,48.767,60.81614685058594,machine,0.0,0.0,0.0,0.0,N
gradient_updates_61,2026-09-08T14:41:29,sac_HalfCheetah-v5_seed958,07f86593-cbaa-4ca9-897e-d6875f1ae654,16.040235374000986,0.00024093192128344862,1.5020480080378836e-05,29.568632584263014,84.39413995940171,20.0,0.00010916172732931828,0.0004341786806759951,8.910983817777413e-05,0.0006324502461830875,0.0,Germany,DEU,baden-wurttemberg,,,Linux-7.0.0-31-generic-x86_64-with-glibc2.43,3.14.4,3.3.0,24,Intel(R) Core(TM) Ultra 9 285K,1,1 x NVIDIA GeForce RTX 5090,9.1827,48.767,60.81614685058594,machine,0.0,0.0,0.0,0.0,N
rollout_62,2026-09-08T14:41:29,sac_HalfCheetah-v5_seed958,07f86593-cbaa-4ca9-897e-d6875f1ae654,0.21308110799873248,3.3862211529199493e-06,1.5889911973215132e-05,29.53074194190249,84.55789061781718,20.0,1.4768786815028134e-06,6.229727206014113e-06,1.1822801944411793e-06,8.888886081956371e-06,0.0,Germany,DEU,baden-wurttemberg,,,Linux-7.0.0-31-generic-x86_64-with-glibc2.43,3.14.4,3.3.0,24,Intel(R) Core(TM) Ultra 9 285K,1,1 x NVIDIA GeForce RTX 5090,9.1827,48.767,60.81614685058594,machine,0.0,0.0,0.0,0.0,N
gradient_updates_62,2026-09-08T14:41:45,sac_HalfCheetah-v5_seed958,07f86593-cbaa-4ca9-897e-d6875f1ae654,15.991111408000506,0.00024370191374761818,1.5239844717375156e-05,29.494091464476337,84.66172470665424,20.0,0.00011579832263858281,0.0004350872925139859,8.883590669444587e-05,0.0006397215218470129,0.0,Germany,DEU,baden-wurttemberg,,,Linux-7.0.0-31-generic-x86_64-with-glibc2.43,3.14.4,3.3.0,24,Intel(R) Core(TM) Ultra 9 285K,1,1 x NVIDIA GeForce RTX 5090,9.1827,48.767,60.81614685058594,machine,0.0,0.0,0.0,0.0,N
rollout_63,2026-09-08T14:41:45,sac_HalfCheetah-v5_seed958,07f86593-cbaa-4ca9-897e-d6875f1ae654,0.20414547700056573,2.5486009519321007e-06,1.2484024972379922e-05,29.51916423770117,84.50988592273634,20.0,1.8764887234207217e-06,3.6802807219793454e-06,1.1333498666724756e-06,6.690119312070808e-06,0.0,Germany,DEU,baden-wurttemberg,,,Linux-7.0.0-31-generic-x86_64-with-glibc2.43,3.14.4,3.3.0,24,Intel(R) Core(TM) Ultra 9 285K,1,1 x NVIDIA GeForce RTX 5090,9.1827,48.767,60.81614685058594,machine,0.0,0.0,0.0,0.0,N
gradient_updates_63,2026-09-08T14:42:01,sac_HalfCheetah-v5_seed958,07f86593-cbaa-4ca9-897e-d6875f1ae654,16.108239064000372,0.00024128147979401993,1.4978767959686155e-05,29.539828025360244,84.61111015837953,20.0,0.00010644990627096951,0.0004374359055040189,8.94820312333346e-05,0.0006333678430083256,0.0,Germany,DEU,baden-wurttemberg,,,Linux-7.0.0-31-generic-x86_64-with-glibc2.43,3.14.4,3.3.0,24,Intel(R) Core(TM) Ultra 9 285K,1,1 x NVIDIA GeForce RTX 5090,9.1827,48.767,60.81614685058594,machine,0.0,0.0,0.0,0.0,N
rollout_64,2026-09-08T14:42:01,sac_HalfCheetah-v5_seed958,07f86593-cbaa-4ca9-897e-d6875f1ae654,0.20457131900002423,2.6149771609196293e-06,1.2782052496873767e-05,29.562235216036086,84.48534672105887,20.0,1.8659939927945235e-06,3.862780867974758e-06,1.1355830888837987e-06,6.864357949651345e-06,0.0,Germany,DEU,baden-wurttemberg,,,Linux-7.0.0-31-generic-x86_64-with-glibc2.43,3.14.4,3.3.0,24,Intel(R) Core(TM) Ultra 9 285K,1,1 x NVIDIA GeForce RTX 5090,9.1827,48.767,60.81614685058594,machine,0.0,0.0,0.0,0.0,N
gradient_updates_64,2026-09-08T14:42:17,sac_HalfCheetah-v5_seed958,07f86593-cbaa-4ca9-897e-d6875f1ae654,16.059723538999606,0.00024183378923870943,1.5058416175833669e-05,29.580810497846798,84.58475068867013,20.0,0.00010973532112153184,0.0004358634042460341,8.921893899444845e-05,0.0006348176643620126,0.0,Germany,DEU,baden-wurttemberg,,,Linux-7.0.0-31-generic-x86_64-with-glibc2.43,3.14.4,3.3.0,24,Intel(R) Core(TM) Ultra 9 285K,1,1 x NVIDIA GeForce RTX 5090,9.1827,48.767,60.81614685058594,machine,0.0,0.0,0.0,0.0,N
rollout_65,2026-09-08T14:42:18,sac_HalfCheetah-v5_seed958,07f86593-cbaa-4ca9-897e-d6875f1ae654,0.20411628399961046,3.5373575865693674e-06,1.7329026710504793e-05,29.604368372542734,84.78022093123563,20.0,1.8754206669996387e-06,6.277227244000372e-06,1.1329737888846406e-06,9.285621699883784e-06,0.0,Germany,DEU,baden-wurttemberg,,,Linux-7.0.0-31-generic-x86_64-with-glibc2.43,3.14.4,3.3.0,24,Intel(R) Core(TM) Ultra 9 285K,1,1 x NVIDIA GeForce RTX 5090,9.1827,48.767,60.81614685058594,machine,0.0,0.0,0.0,0.0,N
gradient_updates_65,2026-09-08T14:42:34,sac_HalfCheetah-v5_seed958,07f86593-cbaa-4ca9-897e-d6875f1ae654,16.12943004800036,0.00024079429215874415,1.4928886302453136e-05,29.623459745731267,84.87655798392113,20.0,0.00010435606515145357,0.00043812423938796585,8.960866293332946e-05,0.0006320889674727506,0.0,Germany,DEU,baden-wurttemberg,,,Linux-7.0.0-31-generic-x86_64-with-glibc2.43,3.14.4,3.3.0,24,Intel(R) Core(TM) Ultra 9 285K,1,1 x NVIDIA GeForce RTX 5090,9.1827,48.767,60.81614685058594,machine,0.0,0.0,0.0,0.0,N
rollout_66,2026-09-08T14:42:34,sac_HalfCheetah-v5_seed958,07f86593-cbaa-4ca9-897e-d6875f1ae654,0.20404555599998275,2.6418748100415224e-06,1.2945985324881078e-05,29.644070720512527,84.76486884191236,20.0,1.8559739847767709e-06,3.946669824006488e-06,1.1323209111041566e-06,6.934964719887415e-06,0.0,Germany,DEU,baden-wurttemberg,,,Linux-7.0.0-31-generic-x86_64-with-glibc2.43,3.14.4,3.3.0,24,Intel(R) Core(TM) Ultra 9 285K,1,1 x NVIDIA GeForce RTX 5090,9.1827,48.767,60.81614685058594,machine,0.0,0.0,0.0,0.0,N
gradient_updates_66,2026-09-08T14:42:50,sac_HalfCheetah-v5_seed958,07f86593-cbaa-4ca9-897e-d6875f1ae654,16.24255311900015,0.00024062478430427608,1.4814476459258373e-05,29.660219744424204,84.85603387138015,20.0,0.00010259617013243238,0.0004388089621580049,9.023887428333613e-05,0.00063164400657377,0.0,Germany,DEU,baden-wurttemberg,,,Linux-7.0.0-31-generic-x86_64-with-glibc2.43,3.14.4,3.3.0,24,Intel(R) Core(TM) Ultra 9 285K,1,1 x NVIDIA GeForce RTX 5090,9.1827,48.767,60.81614685058594,machine,0.0,0.0,0.0,0.0,N
rollout_67,2026-09-08T14:42:50,sac_HalfCheetah-v5_seed958,07f86593-cbaa-4ca9-897e-d6875f1ae654,0.21499404899986985,3.4287228099921796e-06,1.594725763921336e-05,29.631095669541303,85.00129459305828,20.0,1.546356792642145e-06,6.260838341987096e-06,1.1932584944385552e-06,9.000453629066929e-06,0.0,Germany,DEU,baden-wurttemberg,,,Linux-7.0.0-31-generic-x86_64-with-glibc2.43,3.14.4,3.3.0,24,Intel(R) Core(TM) Ultra 9 285K,1,1 x NVIDIA GeForce RTX 5090,9.1827,48.767,60.81614685058594,machine,0.0,0.0,0.0,0.0,N
gradient_updates_67,2026-09-08T14:43:07,sac_HalfCheetah-v5_seed958,07f86593-cbaa-4ca9-897e-d6875f1ae654,16.22337832700032,0.00024136080129583126,1.4877354674355544e-05,29.60138019591872,85.09003414105227,20.0,0.00010480611356704361,0.0004386411842460247,9.01287654388903e-05,0.000633576063251956,0.0,Germany,DEU,baden-wurttemberg,,,Linux-7.0.0-31-generic-x86_64-with-glibc2.43,3.14.4,3.3.0,24,Intel(R) Core(TM) Ultra 9 285K,1,1 x NVIDIA GeForce RTX 5090,9.1827,48.767,60.81614685058594,machine,0.0,0.0,0.0,0.0,N
rollout_68,2026-09-08T14:43:07,sac_HalfCheetah-v5_seed958,07f86593-cbaa-4ca9-897e-d6875f1ae654,0.21270270900095056,2.5370676565057704e-06,1.1927306096292633e-05,29.574335734471976,84.95880757213988,20.0,1.5398634541086142e-06,3.939447596024159e-06,1.1805331722215817e-06,6.659844222357825e-06,0.0,Germany,DEU,baden-wurttemberg,,,Linux-7.0.0-31-generic-x86_64-with-glibc2.43,3.14.4,3.3.0,24,Intel(R) Core(TM) Ultra 9 285K,1,1 x NVIDIA GeForce RTX 5090,9.1827,48.767,60.81614685058594,machine,0.0,0.0,0.0,0.0,N
gradient_updates_68,2026-09-08T14:43:23,sac_HalfCheetah-v5_seed958,07f86593-cbaa-4ca9-897e-d6875f1ae654,16.09905758200148,0.00024260499916592404,1.5069525213213951e-05,29.547086701711947,85.05131180536367,20.0,0.00010915304676681337,0.0004382520172679927,8.943703903888621e-05,0.000636842103073694,0.0,Germany,DEU,baden-wurttemberg,,,Linux-7.0.0-31-generic-x86_64-with-glibc2.43,3.14.4,3.3.0,24,Intel(R) Core(TM) Ultra 9 285K,1,1 x NVIDIA GeForce RTX 5090,9.1827,48.767,60.81614685058594,machine,0.0,0.0,0.0,0.0,N
rollout_69,2026-09-08T14:43:23,sac_HalfCheetah-v5_seed958,07f86593-cbaa-4ca9-897e-d6875f1ae654,0.2149349480005185,2.61906247137067e-06,1.2184816561080014e-05,29.518845956920927,84.94117793172661,20.0,1.5397106762071733e-06,4.142225535963551e-06,1.1931457444408489e-06,6.875081956611573e-06,0.0,Germany,DEU,baden-wurttemberg,,,Linux-7.0.0-31-generic-x86_64-with-glibc2.43,3.14.4,3.3.0,24,Intel(R) Core(TM) Ultra 9 285K,1,1 x NVIDIA GeForce RTX 5090,9.1827,48.767,60.81614685058594,machine,0.0,0.0,0.0,0.0,N
gradient_updates_69,2026-09-08T14:43:39,sac_HalfCheetah-v5_seed958,07f86593-cbaa-4ca9-897e-d6875f1ae654,15.998423091001314,0.0002445929748255936,1.5288577015472244e-05,29.49128919291919,85.03444744426524,20.0,0.00011643946204038802,0.0004367431271720401,8.887798258333003e-05,0.0006420605717957564,0.0,Germany,DEU,baden-wurttemberg,,,Linux-7.0.0-31-generic-x86_64-with-glibc2.43,3.14.4,3.3.0,24,Intel(R) Core(TM) Ultra 9 285K,1,1 x NVIDIA GeForce RTX 5090,9.1827,48.767,60.81614685058594,machine,0.0,0.0,0.0,0.0,N
rollout_70,2026-09-08T14:43:39,sac_HalfCheetah-v5_seed958,07f86593-cbaa-4ca9-897e-d6875f1ae654,0.20907628900022246,2.8569058584185236e-06,1.3662993893074215e-05,29.51786576841757,84.96910585353633,20.0,1.954155729996798e-06,4.38583684198024e-06,1.1594321777715771e-06,7.49942474975035e-06,0.0,Germany,DEU,baden-wurttemberg,,,Linux-7.0.0-31-generic-x86_64-with-glibc2.43,3.14.4,3.3.0,24,Intel(R) Core(TM) Ultra 9 285K,1,1 x NVIDIA GeForce RTX 5090,9.1827,48.767,60.81614685058594,machine,0.0,0.0,0.0,0.0,N
gradient_updates_70,2026-09-08T14:43:55,sac_HalfCheetah-v5_seed958,07f86593-cbaa-4ca9-897e-d6875f1ae654,16.07370519200049,0.000242660441476545,1.509673927302257e-05,29.54048756790596,85.06023368151799,20.0,0.00010929202021132955,0.0004383942396040119,8.930138023333697e-05,0.0006369876400486793,0.0,Germany,DEU,baden-wurttemberg,,,Linux-7.0.0-31-generic-x86_64-with-glibc2.43,3.14.4,3.3.0,24,Intel(R) Core(TM) Ultra 9 285K,1,1 x NVIDIA GeForce RTX 5090,9.1827,48.767,60.81614685058594,machine,0.0,0.0,0.0,0.0,N
rollout_71,2026-09-08T14:43:56,sac_HalfCheetah-v5_seed958,07f86593-cbaa-4ca9-897e-d6875f1ae654,0.20355839300100342,2.7432951850286935e-06,1.3475959691831831e-05,29.56370521789643,84.98555468591402,20.0,1.8807609490634203e-06,4.1905589079904715e-06,1.1298750111164019e-06,7.201194868168559e-06,0.0,Germany,DEU,baden-wurttemberg,,,Linux-7.0.0-31-generic-x86_64-with-glibc2.43,3.14.4,3.3.0,24,Intel(R) Core(TM) Ultra 9 285K,1,1 x NVIDIA GeForce RTX 5090,9.1827,48.767,60.81614685058594,machine,0.0,0.0,0.0,0.0,N
gradient_updates_71,2026-09-08T14:44:12,sac_HalfCheetah-v5_seed958,07f86593-cbaa-4ca9-897e-d6875f1ae654,16.11662122300004,0.00024037016150884813,1.4914434496349495e-05,29.58266150885629,85.07321636126623,20.0,0.00010329578458100064,0.00043814562829400105,8.95342046833324e-05,0.0006309756175583367,0.0,Germany,DEU,baden-wurttemberg,,,Linux-7.0.0-31-generic-x86_64-with-glibc2.43,3.14.4,3.3.0,24,Intel(R) Core(TM) Ultra 9 285K,1,1 x NVIDIA GeForce RTX 5090,9.1827,48.767,60.81614685058594,machine,0.0,0.0,0.0,0.0,N
rollout_72,2026-09-08T14:44:12,sac_HalfCheetah-v5_seed958,07f86593-cbaa-4ca9-897e-d6875f1ae654,0.2050706279987935,2.870752536496962e-06,1.3998254677658396e-05,29.606662145135125,85.03144662189156,20.0,1.906124580453028e-06,4.491392481986711e-06,1.1382554444428622e-06,7.535772506880867e-06,0.0,Germany,DEU,baden-wurttemberg,,,Linux-7.0.0-31-generic-x86_64-with-glibc2.43,3.14.4,3.3.0,24,Intel(R) Core(TM) Ultra 9 285K,1,1 x NVIDIA GeForce RTX 5090,9.1827,48.767,60.81614685058594,machine,0.0,0.0,0.0,0.0,N
gradient_updates_72,2026-09-08T14:44:28,sac_HalfCheetah-v5_seed958,07f86593-cbaa-4ca9-897e-d6875f1ae654,16.070479244001035,0.00024246747677851566,1.5087764945701203e-05,29.626808112817887,85.12111597927449,20.0,0.0001079846155542935,0.00043921785137399083,8.927863762222231e-05,0.0006364811045505084,0.0,Germany,DEU,baden-wurttemberg,,,Linux-7.0.0-31-generic-x86_64-with-glibc2.43,3.14.4,3.3.0,24,Intel(R) Core(TM) Ultra 9 285K,1,1 x NVIDIA GeForce RTX 5090,9.1827,48.767,60.81614685058594,machine,0.0,0.0,0.0,0.0,N
rollout_73,2026-09-08T14:44:28,sac_HalfCheetah-v5_seed958,07f86593-cbaa-4ca9-897e-d6875f1ae654,0.21147480999934487,2.675916505209125e-06,1.2652951425397337e-05,29.601245914655422,85.04644052751264,20.0,1.5301995575089933e-06,4.324447904019424e-06,1.169677266676418e-06,7.024324728203968e-06,0.0,Germany,DEU,baden-wurttemberg,,,Linux-7.0.0-31-generic-x86_64-with-glibc2.43,3.14.4,3.3.0,24,Intel(R) Core(TM) Ultra 9 285K,1,1 x NVIDIA GeForce RTX 5090,9.1827,48.767,60.81614685058594,machine,0.0,0.0,0.0,0.0,N
gradient_updates_73,2026-09-08T14:44:44,sac_HalfCheetah-v5_seed958,07f86593-cbaa-4ca9-897e-d6875f1ae654,15.982269033000193,0.00024471592980750134,1.5311722281210152e-05,29.576130656863025,85.13637174667862,20.0,0.00011569571588983252,0.0004378900725340029,8.879754221666723e-05,0.0006423833306405044,0.0,Germany,DEU,baden-wurttemberg,,,Linux-7.0.0-31-generic-x86_64-with-glibc2.43,3.14.4,3.3.0,24,Intel(R) Core(TM) Ultra 9 285K,1,1 x NVIDIA GeForce RTX 5090,9.1827,48.767,60.81614685058594,machine,0.0,0.0,0.0,0.0,N
rollout_74,2026-09-08T14:44:45,sac_HalfCheetah-v5_seed958,07f86593-cbaa-4ca9-897e-d6875f1ae654,0.20469818199853762,2.8157107504443724e-06,1.3753994822266015e-05,29.599419653568674,85.08044974221627,20.0,1.9015467990213253e-06,4.35389237199435e-06,1.1358477444442863e-06,7.391286915459094e-06,0.0,Germany,DEU,baden-wurttemberg,,,Linux-7.0.0-31-generic-x86_64-with-glibc2.43,3.14.4,3.3.0,24,Intel(R) Core(TM) Ultra 9 285K,1,1 x NVIDIA GeForce RTX 5090,9.1827,48.767,60.81614685058594,machine,0.0,0.0,0.0,0.0,N
gradient_updates_74,2026-09-08T14:45:01,sac_HalfCheetah-v5_seed958,07f86593-cbaa-4ca9-897e-d6875f1ae654,16.024769912999545,0.0002446348420616397,1.5266063484569624e-05,29.61944341304331,85.1704381611259,20.0,0.00011314445079327329,0.00044000118533399357,8.90248378499969e-05,0.0006421704739772646,0.0,Germany,DEU,baden-wurttemberg,,,Linux-7.0.0-31-generic-x86_64-with-glibc2.43,3.14.4,3.3.0,24,Intel(R) Core(TM) Ultra 9 285K,1,1 x NVIDIA GeForce RTX 5090,9.1827,48.767,60.81614685058594,machine,0.0,0.0,0.0,0.0,N
rollout_75,2026-09-08T14:45:01,sac_HalfCheetah-v5_seed958,07f86593-cbaa-4ca9-897e-d6875f1ae654,0.21072586999980558,2.428649348993478e-06,1.1524987576280226e-05,29.59669889395852,85.02365087674572,20.0,1.5441187352915886e-06,3.6611140399878117e-06,1.1700116111061643e-06,6.375244386389034e-06,0.0,Germany,DEU,baden-wurttemberg,,,Linux-7.0.0-31-generic-x86_64-with-glibc2.43,3.14.4,3.3.0,24,Intel(R) Core(TM) Ultra 9 285K,1,1 x NVIDIA GeForce RTX 5090,9.1827,48.767,60.81614685058594,machine,0.0,0.0,0.0,0.0,N
gradient_updates_75,2026-09-08T14:45:17,sac_HalfCheetah-v5_seed958,07f86593-cbaa-4ca9-897e-d6875f1ae654,16.00198779800121,0.00024289485151985507,1.5179051060898841e-05,29.5738705681796,85.10905094140438,20.0,0.00011194446788884149,0.00043676062718600583,8.88978751833339e-05,0.0006376029702581804,0.0,Germany,DEU,baden-wurttemberg,,,Linux-7.0.0-31-generic-x86_64-with-glibc2.43,3.14.4,3.3.0,24,Intel(R) Core(TM) Ultra 9 285K,1,1 x NVIDIA GeForce RTX 5090,9.1827,48.767,60.81614685058594,machine,0.0,0.0,0.0,0.0,N
rollout_76,2026-09-08T14:45:17,sac_HalfCheetah-v5_seed958,07f86593-cbaa-4ca9-897e-d6875f1ae654,0.20414734500081977,2.5856506871251017e-06,1.2665015210581008e-05,29.59543218155104,84.98616148310352,20.0,1.894866793666905e-06,3.7541696700227334e-06,1.138339011110337e-06,6.787375474798241e-06,0.0,Germany,DEU,baden-wurttemberg,,,Linux-7.0.0-31-generic-x86_64-with-glibc2.43,3.14.4,3.3.0,24,Intel(R) Core(TM) Ultra 9 285K,1,1 x NVIDIA GeForce RTX 5090,9.1827,48.767,60.81614685058594,machine,0.0,0.0,0.0,0.0,N
gradient_updates_76,2026-09-08T14:45:33,sac_HalfCheetah-v5_seed958,07f86593-cbaa-4ca9-897e-d6875f1ae654,16.15071763599917,0.00024209612245304143,1.4989823735003089e-05,29.61333964053756,85.06737579437011,20.0,0.00010731536640777584,0.00043846729521801464,8.972363172777241e-05,0.0006355062933535646,0.0,Germany,DEU,baden-wurttemberg,,,Linux-7.0.0-31-generic-x86_64-with-glibc2.43,3.14.4,3.3.0,24,Intel(R) Core(TM) Ultra 9 285K,1,1 x NVIDIA GeForce RTX 5090,9.1827,48.767,60.81614685058594,machine,0.0,0.0,0.0,0.0,N
rollout_77,2026-09-08T14:45:33,sac_HalfCheetah-v5_seed958,07f86593-cbaa-4ca9-897e-d6875f1ae654,0.21639670399963506,3.3857826203936847e-06,1.5645495143074518e-05,29.582980658654723,85.17998153377151,20.0,1.5061075937794488e-06,6.1802827219792356e-06,1.2013446111167059e-06,8.88773492687539e-06,0.0,Germany,DEU,baden-wurttemberg,,,Linux-7.0.0-31-generic-x86_64-with-glibc2.43,3.14.4,3.3.0,24,Intel(R) Core(TM) Ultra 9 285K,1,1 x NVIDIA GeForce RTX 5090,9.1827,48.767,60.81614685058594,machine,0.0,0.0,0.0,0.0,N
gradient_updates_77,2026-09-08T14:45:49,sac_HalfCheetah-v5_seed958,07f86593-cbaa-4ca9-897e-d6875f1ae654,15.983507499999178,0.0002437708129204262,1.5251405056260799e-05,29.553535802470805,85.26030519175961,20.0,0.00011621207213624585,0.0004348931256920041,8.87971854777684e-05,0.0006399023833060166,0.0,Germany,DEU,baden-wurttemberg,,,Linux-7.0.0-31-generic-x86_64-with-glibc2.43,3.14.4,3.3.0,24,Intel(R) Core(TM) Ultra 9 285K,1,1 x NVIDIA GeForce RTX 5090,9.1827,48.767,60.81614685058594,machine,0.0,0.0,0.0,0.0,N
rollout_78,2026-09-08T14:45:50,sac_HalfCheetah-v5_seed958,07f86593-cbaa-4ca9-897e-d6875f1ae654,0.2048934320009721,2.844092476840532e-06,1.3879478030128362e-05,29.570914918827988,85.21865131954668,20.0,1.8583306533297844e-06,4.47028135400207e-06,1.1371774055581388e-06,7.46578941289433e-06,0.0,Germany,DEU,baden-wurttemberg,,,Linux-7.0.0-31-generic-x86_64-with-glibc2.43,3.14.4,3.3.0,24,Intel(R) Core(TM) Ultra 9 285K,1,1 x NVIDIA GeForce RTX 5090,9.1827,48.767,60.81614685058594,machine,0.0,0.0,0.0,0.0,N
gradient_updates_78,2026-09-08T14:46:06,sac_HalfCheetah-v5_seed958,07f86593-cbaa-4ca9-897e-d6875f1ae654,16.12939163900046,0.0002411103066426376,1.4948519852514878e-05,29.58473814594273,85.29847899347239,20.0,0.00010392490313985633,0.00043938785150998694,8.960575602777639e-05,0.0006329185106776145,0.0,Germany,DEU,baden-wurttemberg,,,Linux-7.0.0-31-generic-x86_64-with-glibc2.43,3.14.4,3.3.0,24,Intel(R) Core(TM) Ultra 9 285K,1,1 x NVIDIA GeForce RTX 5090,9.1827,48.767,60.81614685058594,machine,0.0,0.0,0.0,0.0,N
rollout_79,2026-09-08T14:46:06,sac_HalfCheetah-v5_seed958,07f86593-cbaa-4ca9-897e-d6875f1ae654,0.211457610999787,2.5246711841467318e-06,1.1938663820620178e-05,29.56338879521212,85.18215853567393,20.0,1.5499170732662798e-06,3.903058677978688e-06,1.1743275277796908e-06,6.627303279028995e-06,0.0,Germany,DEU,baden-wurttemberg,,,Linux-7.0.0-31-generic-x86_64-with-glibc2.43,3.14.4,3.3.0,24,Intel(R) Core(TM) Ultra 9 285K,1,1 x NVIDIA GeForce RTX 5090,9.1827,48.767,60.81614685058594,machine,0.0,0.0,0.0,0.0,N
gradient_updates_79,2026-09-08T14:46:22,sac_HalfCheetah-v5_seed958,07f86593-cbaa-4ca9-897e-d6875f1ae654,15.972320181999748,0.00024419289916865344,1.5288514208337033e-05,29.54229644175915,85.26301998136867,20.0,0.00011587317547624362,0.00043640396023403305,8.873323092222721e-05,0.0006410103666325065,0.0,Germany,DEU,baden-wurttemberg,,,Linux-7.0.0-31-generic-x86_64-with-glibc2.43,3.14.4,3.3.0,24,Intel(R) Core(TM) Ultra 9 285K,1,1 x NVIDIA GeForce RTX 5090,9.1827,48.767,60.81614685058594,machine,0.0,0.0,0.0,0.0,N
rollout_80,2026-09-08T14:46:22,sac_HalfCheetah-v5_seed958,07f86593-cbaa-4ca9-897e-d6875f1ae654,0.20804274900001474,2.617106707850786e-06,1.2579651170014009e-05,29.56496758267461,85.14203613450047,20.0,1.941355441972825e-06,3.7750030199845686e-06,1.1535895833320736e-06,6.869948045287733e-06,0.0,Germany,DEU,baden-wurttemberg,,,Linux-7.0.0-31-generic-x86_64-with-glibc2.43,3.14.4,3.3.0,24,Intel(R) Core(TM) Ultra 9 285K,1,1 x NVIDIA GeForce RTX 5090,9.1827,48.767,60.81614685058594,machine,0.0,0.0,0.0,0.0,N
gradient_updates_80,2026-09-08T14:46:38,sac_HalfCheetah-v5_seed958,07f86593-cbaa-4ca9-897e-d6875f1ae654,16.06230798300021,0.00024251467855638392,1.5098374823247542e-05,29.584333284171656,85.21948073161191,20.0,0.00011048459422093732,0.000436887571731992,8.923284403888551e-05,0.0006366050099918183,0.0,Germany,DEU,baden-wurttemberg,,,Linux-7.0.0-31-generic-x86_64-with-glibc2.43,3.14.4,3.3.0,24,Intel(R) Core(TM) Ultra 9 285K,1,1 x NVIDIA GeForce RTX 5090,9.1827,48.767,60.81614685058594,machine,0.0,0.0,0.0,0.0,N
rollout_81,2026-09-08T14:46:38,sac_HalfCheetah-v5_seed958,07f86593-cbaa-4ca9-897e-d6875f1ae654,0.20444723200125736,3.5370641886973975e-06,1.7299833679999673e-05,29.601715411462457,85.37351164938427,20.0,1.8622978787252026e-06,6.287782808034326e-06,1.134770838890839e-06,9.284851525653837e-06,0.0,Germany,DEU,baden-wurttemberg,,,Linux-7.0.0-31-generic-x86_64-with-glibc2.43,3.14.4,3.3.0,24,Intel(R) Core(TM) Ultra 9 285K,1,1 x NVIDIA GeForce RTX 5090,9.1827,48.767,60.81614685058594,machine,0.0,0.0,0.0,0.0,N
gradient_updates_81,2026-09-08T14:46:54,sac_HalfCheetah-v5_seed958,07f86593-cbaa-4ca9-897e-d6875f1ae654,16.060072131998822,0.0002411632673280338,1.5016335160783778e-05,29.61600809294496,85.44679502007918,20.0,0.00010837608753413476,0.0004354592372559918,8.922220855554601e-05,0.0006330575333456726,0.0,Germany,DEU,baden-wurttemberg,,,Linux-7.0.0-31-generic-x86_64-with-glibc2.43,3.14.4,3.3.0,24,Intel(R) Core(TM) Ultra 9 285K,1,1 x NVIDIA GeForce RTX 5090,9.1827,48.767,60.81614685058594,machine,0.0,0.0,0.0,0.0,N
rollout_82,2026-09-08T14:46:55,sac_HalfCheetah-v5_seed958,07f86593-cbaa-4ca9-897e-d6875f1ae654,0.21125698600008036,2.6660655929357235e-06,1.2618724702244372e-05,29.595170957117034,85.37249590766996,20.0,1.54706873765377e-06,4.278892311998517e-06,1.1725048722124182e-06,6.998465921864705e-06,0.0,Germany,DEU,baden-wurttemberg,,,Linux-7.0.0-31-generic-x86_64-with-glibc2.43,3.14.4,3.3.0,24,Intel(R) Core(TM) Ultra 9 285K,1,1 x NVIDIA GeForce RTX 5090,9.1827,48.767,60.81614685058594,machine,0.0,0.0,0.0,0.0,N
gradient_updates_82,2026-09-08T14:47:11,sac_HalfCheetah-v5_seed958,07f86593-cbaa-4ca9-897e-d6875f1ae654,16.04268176699952,0.00024334037261215455,1.5168319139369807e-05,29.574277997305565,85.44776824917287,20.0,0.0001125206047386338,0.00043712757192398977,8.912429377222822e-05,0.0006387724704348466,0.0,Germany,DEU,baden-wurttemberg,,,Linux-7.0.0-31-generic-x86_64-with-glibc2.43,3.14.4,3.3.0,24,Intel(R) Core(TM) Ultra 9 285K,1,1 x NVIDIA GeForce RTX 5090,9.1827,48.767,60.81614685058594,machine,0.0,0.0,0.0,0.0,N
rollout_83,2026-09-08T14:47:11,sac_HalfCheetah-v5_seed958,07f86593-cbaa-4ca9-897e-d6875f1ae654,0.20483943900035229,2.6363210102464674e-06,1.2869494771844089e-05,29.593427118222618,85.34805321871264,20.0,1.8873392876473521e-06,3.895836449996359e-06,1.1372101666688034e-06,6.9203859043090454e-06,0.0,Germany,DEU,baden-wurttemberg,,,Linux-7.0.0-31-generic-x86_64-with-glibc2.43,3.14.4,3.3.0,24,Intel(R) Core(TM) Ultra 9 285K,1,1 x NVIDIA GeForce RTX 5090,9.1827,48.767,60.81614685058594,machine,0.0,0.0,0.0,0.0,N
gradient_updates_83,2026-09-08T14:47:27,sac_HalfCheetah-v5_seed958,07f86593-cbaa-4ca9-897e-d6875f1ae654,15.972639083000104,0.0002438708706081344,1.526804931234506e-05,29.60983405486293,85.42405402060297,20.0,0.00011510487958383067,0.00043632618239400345,8.873397440000048e-05,0.0006401650363778294,0.0,Germany,DEU,baden-wurttemberg,,,Linux-7.0.0-31-generic-x86_64-with-glibc2.43,3.14.4,3.3.0,24,Intel(R) Core(TM) Ultra 9 285K,1,1 x NVIDIA GeForce RTX 5090,9.1827,48.767,60.81614685058594,machine,0.0,0.0,0.0,0.0,N
rollout_84,2026-09-08T14:47:27,sac_HalfCheetah-v5_seed958,07f86593-cbaa-4ca9-897e-d6875f1ae654,0.21198223300052632,2.4493360152345878e-06,1.1553974531452761e-05,29.591047740962107,85.29144151000715,20.0,1.568617921559809e-06,3.684447391988366e-06,1.1764819111102776e-06,6.4295472246567176e-06,0.0,Germany,DEU,baden-wurttemberg,,,Linux-7.0.0-31-generic-x86_64-with-glibc2.43,3.14.4,3.3.0,24,Intel(R) Core(TM) Ultra 9 285K,1,1 x NVIDIA GeForce RTX 5090,9.1827,48.767,60.81614685058594,machine,0.0,0.0,0.0,0.0,N
gradient_updates_84,2026-09-08T14:47:43,sac_HalfCheetah-v5_seed958,07f86593-cbaa-4ca9-897e-d6875f1ae654,15.861265920999358,0.00024269985214565165,1.5301423091151677e-05,29.57244591840481,85.3666911595555,20.0,0.00011583802905923771,0.00043313673539799313,8.811632924443993e-05,0.0006370910937016708,0.0,Germany,DEU,baden-wurttemberg,,,Linux-7.0.0-31-generic-x86_64-with-glibc2.43,3.14.4,3.3.0,24,Intel(R) Core(TM) Ultra 9 285K,1,1 x NVIDIA GeForce RTX 5090,9.1827,48.767,60.81614685058594,machine,0.0,0.0,0.0,0.0,N
rollout_85,2026-09-08T14:47:43,sac_HalfCheetah-v5_seed958,07f86593-cbaa-4ca9-897e-d6875f1ae654,0.20391735200064431,2.8788952834112036e-06,1.4117633990935688e-05,29.595611471653896,85.33298657999369,20.0,1.923044871768656e-06,4.501948046020665e-06,1.1321544333333516e-06,7.557147351122673e-06,0.0,Germany,DEU,baden-wurttemberg,,,Linux-7.0.0-31-generic-x86_64-with-glibc2.43,3.14.4,3.3.0,24,Intel(R) Core(TM) Ultra 9 285K,1,1 x NVIDIA GeForce RTX 5090,9.1827,48.767,60.81614685058594,machine,0.0,0.0,0.0,0.0,N
gradient_updates_85,2026-09-08T14:47:59,sac_HalfCheetah-v5_seed958,07f86593-cbaa-4ca9-897e-d6875f1ae654,16.272693724999044,0.00024437512127984187,1.501750563875611e-05,29.61550400018224,85.40115356592615,20.0,0.00011145310166241033,0.00043963424059600964,9.040136040555646e-05,0.0006414887026639782,0.0,Germany,DEU,baden-wurttemberg,,,Linux-7.0.0-31-generic-x86_64-with-glibc2.43,3.14.4,3.3.0,24,Intel(R) Core(TM) Ultra 9 285K,1,1 x NVIDIA GeForce RTX 5090,9.1827,48.767,60.81614685058594,machine,0.0,0.0,0.0,0.0,N
rollout_86,2026-09-08T14:48:00,sac_HalfCheetah-v5_seed958,07f86593-cbaa-4ca9-897e-d6875f1ae654,0.20526733999940916,2.7828290727512084e-06,1.355628499352263e-05,29.630140173881827,85.34626574045018,20.0,1.8533970382716286e-06,4.313059006000319e-06,1.138515927777417e-06,7.3049719720511e-06,0.0,Germany,DEU,baden-wurttemberg,,,Linux-7.0.0-31-generic-x86_64-with-glibc2.43,3.14.4,3.3.0,24,Intel(R) Core(TM) Ultra 9 285K,1,1 x NVIDIA GeForce RTX 5090,9.1827,48.767,60.81614685058594,machine,0.0,0.0,0.0,0.0,N
gradient_updates_86,2026-09-08T14:48:17,sac_HalfCheetah-v5_seed958,07f86593-cbaa-4ca9-897e-d6875f1ae654,17.09837123699981,0.000252609666982085,1.4773909757377712e-05,29.642245288651367,85.40057723244215,20.0,0.00011711081368857672,0.0004510050830259793,9.498862351666609e-05,0.0006631045202312238,0.0,Germany,DEU,baden-wurttemberg,,,Linux-7.0.0-31-generic-x86_64-with-glibc2.43,3.14.4,3.3.0,24,Intel(R) Core(TM) Ultra 9 285K,1,1 x NVIDIA GeForce RTX 5090,9.1827,48.767,60.81614685058594,machine,0.0,0.0,0.0,0.0,N
rollout_87,2026-09-08T14:48:17,sac_HalfCheetah-v5_seed958,07f86593-cbaa-4ca9-897e-d6875f1ae654,0.20426707399929,2.7962300867788448e-06,1.3688020985383248e-05,29.660732001157832,85.3484769676312,20.0,1.8880006770662788e-06,4.3180590099944904e-06,1.1340901666691272e-06,7.340149853735101e-06,0.0,Germany,DEU,baden-wurttemberg,,,Linux-7.0.0-31-generic-x86_64-with-glibc2.43,3.14.4,3.3.0,24,Intel(R) Core(TM) Ultra 9 285K,1,1 x NVIDIA GeForce RTX 5090,9.1827,48.767,60.81614685058594,machine,0.0,0.0,0.0,0.0,N
gradient_updates_87,2026-09-08T14:48:34,sac_HalfCheetah-v5_seed958,07f86593-cbaa-4ca9-897e-d6875f1ae654,17.246163710000474,0.00025224707263410764,1.4626278221674264e-05,29.676032405914462,85.40176639469266,20.0,0.00011178760776334694,0.00045455591920001703,9.580917715555984e-05,0.000662152704118929,0.0,Germany,DEU,baden-wurttemberg,,,Linux-7.0.0-31-generic-x86_64-with-glibc2.43,3.14.4,3.3.0,24,Intel(R) Core(TM) Ultra 9 285K,1,1 x NVIDIA GeForce RTX 5090,9.1827,48.767,60.81614685058594,machine,0.0,0.0,0.0,0.0,N
rollout_88,2026-09-08T14:48:34,sac_HalfCheetah-v5_seed958,07f86593-cbaa-4ca9-897e-d6875f1ae654,0.20390967599996657,2.639748667356001e-06,1.294537420734589e-05,29.694848978631384,85.31076751277915,20.0,1.8914084575702428e-06,3.906392014002558e-06,1.1315830888841694e-06,6.92938356045697e-06,0.0,Germany,DEU,baden-wurttemberg,,,Linux-7.0.0-31-generic-x86_64-with-glibc2.43,3.14.4,3.3.0,24,Intel(R) Core(TM) Ultra 9 285K,1,1 x NVIDIA GeForce RTX 5090,9.1827,48.767,60.81614685058594,machine,0.0,0.0,0.0,0.0,N
gradient_updates_88,2026-09-08T14:48:51,sac_HalfCheetah-v5_seed958,07f86593-cbaa-4ca9-897e-d6875f1ae654,17.077280183000767,0.0002545770701869836,1.4907363532665381e-05,29.711239337781358,85.36450337088709,20.0,0.0001225720430575554,0.0004508239717699869,9.48729710944455e-05,0.0006682689859219895,0.0,Germany,DEU,baden-wurttemberg,,,Linux-7.0.0-31-generic-x86_64-with-glibc2.43,3.14.4,3.3.0,24,Intel(R) Core(TM) Ultra 9 285K,1,1 x NVIDIA GeForce RTX 5090,9.1827,48.767,60.81614685058594,machine,0.0,0.0,0.0,0.0,N
rollout_89,2026-09-08T14:48:52,sac_HalfCheetah-v5_seed958,07f86593-cbaa-4ca9-897e-d6875f1ae654,0.20367863000137731,2.5680145925022213e-06,1.2607744507028305e-05,29.72812792486216,85.25763483009615,20.0,1.8760478897265204e-06,3.7327807640152866e-06,1.132251783332941e-06,6.7410804370712785e-06,0.0,Germany,DEU,baden-wurttemberg,,,Linux-7.0.0-31-generic-x86_64-with-glibc2.43,3.14.4,3.3.0,24,Intel(R) Core(TM) Ultra 9 285K,1,1 x NVIDIA GeForce RTX 5090,9.1827,48.767,60.81614685058594,machine,0.0,0.0,0.0,0.0,N
gradient_updates_89,2026-09-08T14:49:09,sac_HalfCheetah-v5_seed958,07f86593-cbaa-4ca9-897e-d6875f1ae654,16.997852534999765,0.00025127511375477515,1.4782756829201877e-05,29.742185733449556,85.31166316024142,20.0,0.00011594226358706966,0.0004492289704939867,9.443006203332938e-05,0.0006596012961143857,0.0,Germany,DEU,baden-wurttemberg,,,Linux-7.0.0-31-generic-x86_64-with-glibc2.43,3.14.4,3.3.0,24,Intel(R) Core(TM) Ultra 9 285K,1,1 x NVIDIA GeForce RTX 5090,9.1827,48.767,60.81614685058594,machine,0.0,0.0,0.0,0.0,N
rollout_90,2026-09-08T14:49:09,sac_HalfCheetah-v5_seed958,07f86593-cbaa-4ca9-897e-d6875f1ae654,0.2078668750000361,2.6863917145687755e-06,1.2922457724728934e-05,29.76342953053231,85.21900953437144,20.0,1.9618868472865564e-06,3.936947594013196e-06,1.152987883334955e-06,7.0518223246329725e-06,0.0,Germany,DEU,baden-wurttemberg,,,Linux-7.0.0-31-generic-x86_64-with-glibc2.43,3.14.4,3.3.0,24,Intel(R) Core(TM) Ultra 9 285K,1,1 x NVIDIA GeForce RTX 5090,9.1827,48.767,60.81614685058594,machine,0.0,0.0,0.0,0.0,N
gradient_updates_90,2026-09-08T14:49:26,sac_HalfCheetah-v5_seed958,07f86593-cbaa-4ca9-897e-d6875f1ae654,16.816691410000203,0.0002475950750132523,1.4723180807007e-05,29.781274748482055,85.27425890762119,20.0,0.000110659934361209,0.00044585119001400164,9.343000966666529e-05,0.0006499411340418759,0.0,Germany,DEU,baden-wurttemberg,,,Linux-7.0.0-31-generic-x86_64-with-glibc2.43,3.14.4,3.3.0,24,Intel(R) Core(TM) Ultra 9 285K,1,1 x NVIDIA GeForce RTX 5090,9.1827,48.767,60.81614685058594,machine,0.0,0.0,0.0,0.0,N
rollout_91,2026-09-08T14:49:26,sac_HalfCheetah-v5_seed958,07f86593-cbaa-4ca9-897e-d6875f1ae654,0.21093066399953386,2.589442853230539e-06,1.2275842777796647e-05,29.75952484103588,85.19234807573146,20.0,1.5230109406301484e-06,4.103058837967577e-06,1.1712601944453144e-06,6.7973299730447745e-06,0.0,Germany,DEU,baden-wurttemberg,,,Linux-7.0.0-31-generic-x86_64-with-glibc2.43,3.14.4,3.3.0,24,Intel(R) Core(TM) Ultra 9 285K,1,1 x NVIDIA GeForce RTX 5090,9.1827,48.767,60.81614685058594,machine,0.0,0.0,0.0,0.0,N
gradient_updates_91,2026-09-08T14:49:43,sac_HalfCheetah-v5_seed958,07f86593-cbaa-4ca9-897e-d6875f1ae654,17.061985346001165,0.00025435280106505045,1.490758027849078e-05,29.738028212250978,85.24517276738264,20.0,0.00012231773035410558,0.00045057536046003155,9.478718498333663e-05,0.000667680275797479,0.0,Germany,DEU,baden-wurttemberg,,,Linux-7.0.0-31-generic-x86_64-with-glibc2.43,3.14.4,3.3.0,24,Intel(R) Core(TM) Ultra 9 285K,1,1 x NVIDIA GeForce RTX 5090,9.1827,48.767,60.81614685058594,machine,0.0,0.0,0.0,0.0,N
rollout_92,2026-09-08T14:49:43,sac_HalfCheetah-v5_seed958,07f86593-cbaa-4ca9-897e-d6875f1ae654,0.20528861100137874,2.6586130787466244e-06,1.295035490698353e-05,29.753139046088165,85.15800591837274,20.0,1.8870173429455517e-06,3.9461142680163874e-06,1.1457713388861313e-06,6.97890294985154e-06,0.0,Germany,DEU,baden-wurttemberg,,,Linux-7.0.0-31-generic-x86_64-with-glibc2.43,3.14.4,3.3.0,24,Intel(R) Core(TM) Ultra 9 285K,1,1 x NVIDIA GeForce RTX 5090,9.1827,48.767,60.81614685058594,machine,0.0,0.0,0.0,0.0,N
gradient_updates_92,2026-09-08T14:49:59,sac_HalfCheetah-v5_seed958,07f86593-cbaa-4ca9-897e-d6875f1ae654,16.259787237000637,0.0002461569211040793,1.5139013675794516e-05,29.765991218887667,85.22187201162434,20.0,0.00011670303141790572,0.000439133406861969,9.032951815555329e-05,0.000646165956435435,0.0,Germany,DEU,baden-wurttemberg,,,Linux-7.0.0-31-generic-x86_64-with-glibc2.43,3.14.4,3.3.0,24,Intel(R) Core(TM) Ultra 9 285K,1,1 x NVIDIA GeForce RTX 5090,9.1827,48.767,60.81614685058594,machine,0.0,0.0,0.0,0.0,N
rollout_93,2026-09-08T14:50:00,sac_HalfCheetah-v5_seed958,07f86593-cbaa-4ca9-897e-d6875f1ae654,0.20499778799967316,2.562315354077277e-06,1.2498837544204848e-05,29.780174503723273,85.11738785404413,20.0,1.8672653826993374e-06,3.7208363100060815e-06,1.1380181500000863e-06,6.7261198427037705e-06,0.0,Germany,DEU,baden-wurttemberg,,,Linux-7.0.0-31-generic-x86_64-with-glibc2.43,3.14.4,3.3.0,24,Intel(R) Core(TM) Ultra 9 285K,1,1 x NVIDIA GeForce RTX 5090,9.1827,48.767,60.81614685058594,machine,0.0,0.0,0.0,0.0,N
gradient_updates_93,2026-09-08T14:50:17,sac_HalfCheetah-v5_seed958,07f86593-cbaa-4ca9-897e-d6875f1ae654,17.014008483998623,0.0002545462771600497,1.4960990137327236e-05,29.792315824705167,85.17130910888419,20.0,0.00012267483647312484,0.0004509839718979669,9.452934534999978e-05,0.0006681881537210915,0.0,Germany,DEU,baden-wurttemberg,,,Linux-7.0.0-31-generic-x86_64-with-glibc2.43,3.14.4,3.3.0,24,Intel(R) Core(TM) Ultra 9 285K,1,1 x NVIDIA GeForce RTX 5090,9.1827,48.767,60.81614685058594,machine,0.0,0.0,0.0,0.0,N
rollout_94,2026-09-08T14:50:17,sac_HalfCheetah-v5_seed958,07f86593-cbaa-4ca9-897e-d6875f1ae654,0.2048109529987414,2.651222954414695e-06,1.2943191944680185e-05,29.80799928250067,85.08819556240606,20.0,1.885254008201706e-06,3.9369475940409515e-06,1.1373021500029473e-06,6.9595037522351966e-06,0.0,Germany,DEU,baden-wurttemberg,,,Linux-7.0.0-31-generic-x86_64-with-glibc2.43,3.14.4,3.3.0,24,Intel(R) Core(TM) Ultra 9 285K,1,1 x NVIDIA GeForce RTX 5090,9.1827,48.767,60.81614685058594,machine,0.0,0.0,0.0,0.0,N
gradient_updates_94,2026-09-08T14:50:34,sac_HalfCheetah-v5_seed958,07f86593-cbaa-4ca9-897e-d6875f1ae654,17.13830131100076,0.00025309227013815133,1.4767649278966111e-05,29.821144682607894,85.13956888649595,20.0,0.0001168919349023613,0.00045226869514797263,9.521073138332378e-05,0.0006643713614336577,0.0,Germany,DEU,baden-wurttemberg,,,Linux-7.0.0-31-generic-x86_64-with-glibc2.43,3.14.4,3.3.0,24,Intel(R) Core(TM) Ultra 9 285K,1,1 x NVIDIA GeForce RTX 5090,9.1827,48.767,60.81614685058594,machine,0.0,0.0,0.0,0.0,N
rollout_95,2026-09-08T14:50:34,sac_HalfCheetah-v5_seed958,07f86593-cbaa-4ca9-897e-d6875f1ae654,0.21140849400035222,3.389491194872446e-06,1.603218858842482e-05,29.795334798807396,85.24969984509247,20.0,1.4718431219171851e-06,6.251949446034466e-06,1.1736774277772144e-06,8.8974699957306e-06,0.0,Germany,DEU,baden-wurttemberg,,,Linux-7.0.0-31-generic-x86_64-with-glibc2.43,3.14.4,3.3.0,24,Intel(R) Core(TM) Ultra 9 285K,1,1 x NVIDIA GeForce RTX 5090,9.1827,48.767,60.81614685058594,machine,0.0,0.0,0.0,0.0,N
gradient_updates_95,2026-09-08T14:50:51,sac_HalfCheetah-v5_seed958,07f86593-cbaa-4ca9-897e-d6875f1ae654,17.20113282099919,0.0002547352092237727,1.48092216362815e-05,29.769810823642928,85.30000227706077,20.0,0.00011893323514651152,0.0004541911966859935,9.555967165554916e-05,0.0006686841034880542,0.0,Germany,DEU,baden-wurttemberg,,,Linux-7.0.0-31-generic-x86_64-with-glibc2.43,3.14.4,3.3.0,24,Intel(R) Core(TM) Ultra 9 285K,1,1 x NVIDIA GeForce RTX 5090,9.1827,48.767,60.81614685058594,machine,0.0,0.0,0.0,0.0,N
rollout_96,2026-09-08T14:50:52,sac_HalfCheetah-v5_seed958,07f86593-cbaa-4ca9-897e-d6875f1ae654,0.2153498989991931,2.426246137200716e-06,1.1266311292532958e-05,29.74493017451993,85.1776523204422,20.0,1.504174814450504e-06,3.668614045992946e-06,1.1961470555536813e-06,6.36893591600407e-06,0.0,Germany,DEU,baden-wurttemberg,,,Linux-7.0.0-31-generic-x86_64-with-glibc2.43,3.14.4,3.3.0,24,Intel(R) Core(TM) Ultra 9 285K,1,1 x NVIDIA GeForce RTX 5090,9.1827,48.767,60.81614685058594,machine,0.0,0.0,0.0,0.0,N
gradient_updates_96,2026-09-08T14:51:08,sac_HalfCheetah-v5_seed958,07f86593-cbaa-4ca9-897e-d6875f1ae654,16.651597710000715,0.00024872360127327353,1.493692805198289e-05,29.720412647133404,85.23203287184045,20.0,0.00011686889405059658,0.0004435281325999574,9.250650733889053e-05,0.0006529035339894323,0.0,Germany,DEU,baden-wurttemberg,,,Linux-7.0.0-31-generic-x86_64-with-glibc2.43,3.14.4,3.3.0,24,Intel(R) Core(TM) Ultra 9 285K,1,1 x NVIDIA GeForce RTX 5090,9.1827,48.767,60.81614685058594,machine,0.0,0.0,0.0,0.0,N
rollout_97,2026-09-08T14:51:09,sac_HalfCheetah-v5_seed958,07f86593-cbaa-4ca9-897e-d6875f1ae654,0.21135500899981707,2.711247733790806e-06,1.2828092351029056e-05,29.703088595452048,85.17899184653729,20.0,1.5585637468500113e-06,4.38528128604565e-06,1.1732247499930681e-06,7.11706978288873e-06,0.0,Germany,DEU,baden-wurttemberg,,,Linux-7.0.0-31-generic-x86_64-with-glibc2.43,3.14.4,3.3.0,24,Intel(R) Core(TM) Ultra 9 285K,1,1 x NVIDIA GeForce RTX 5090,9.1827,48.767,60.81614685058594,machine,0.0,0.0,0.0,0.0,N
gradient_updates_97,2026-09-08T14:51:24,sac_HalfCheetah-v5_seed958,07f86593-cbaa-4ca9-897e-d6875f1ae654,15.98379656600082,0.0002443280798199998,1.528599133070436e-05,29.686029219644457,85.24278493805029,20.0,0.00011802301608500494,0.00043454562541400676,8.87965765611013e-05,0.0006413652180601165,0.0,Germany,DEU,baden-wurttemberg,,,Linux-7.0.0-31-generic-x86_64-with-glibc2.43,3.14.4,3.3.0,24,Intel(R) Core(TM) Ultra 9 285K,1,1 x NVIDIA GeForce RTX 5090,9.1827,48.767,60.81614685058594,machine,0.0,0.0,0.0,0.0,N
rollout_98,2026-09-08T14:51:25,sac_HalfCheetah-v5_seed958,07f86593-cbaa-4ca9-897e-d6875f1ae654,0.2049968600003922,2.8358011714274545e-06,1.3832541161234731e-05,29.70366134142551,85.19856166654063,20.0,1.9226718159133516e-06,4.376114612014703e-06,1.1452381722242694e-06,7.444024600150589e-06,0.0,Germany,DEU,baden-wurttemberg,,,Linux-7.0.0-31-generic-x86_64-with-glibc2.43,3.14.4,3.3.0,24,Intel(R) Core(TM) Ultra 9 285K,1,1 x NVIDIA GeForce RTX 5090,9.1827,48.767,60.81614685058594,machine,0.0,0.0,0.0,0.0,N
gradient_updates_98,2026-09-08T14:51:41,sac_HalfCheetah-v5_seed958,07f86593-cbaa-4ca9-897e-d6875f1ae654,16.117783158999373,0.00024114279541666978,1.4961297449403261e-05,29.718300820652985,85.26125202398856,20.0,0.00010561158976698203,0.0004378517391699366,8.954046530555704e-05,0.0006330037942424704,0.0,Germany,DEU,baden-wurttemberg,,,Linux-7.0.0-31-generic-x86_64-with-glibc2.43,3.14.4,3.3.0,24,Intel(R) Core(TM) Ultra 9 285K,1,1 x NVIDIA GeForce RTX 5090,9.1827,48.767,60.81614685058594,machine,0.0,0.0,0.0,0.0,N
rollout_99,2026-09-08T14:51:41,sac_HalfCheetah-v5_seed958,07f86593-cbaa-4ca9-897e-d6875f1ae654,0.21154432000002998,2.4347604596214323e-06,1.1508864693009764e-05,29.6976291237798,85.15145067531678,20.0,1.5152628788754618e-06,3.7025029620552097e-06,1.1735203111033765e-06,6.391286152040987e-06,0.0,Germany,DEU,baden-wurttemberg,,,Linux-7.0.0-31-generic-x86_64-with-glibc2.43,3.14.4,3.3.0,24,Intel(R) Core(TM) Ultra 9 285K,1,1 x NVIDIA GeForce RTX 5090,9.1827,48.767,60.81614685058594,machine,0.0,0.0,0.0,0.0,N
gradient_updates_99,2026-09-08T14:51:57,sac_HalfCheetah-v5_seed958,07f86593-cbaa-4ca9-897e-d6875f1ae654,16.020978096999897,0.00024288113856115248,1.5160201136405497e-05,29.677191872507514,85.21284189459391,20.0,0.00011415948049417826,0.0004344034030779875,8.900408994444095e-05,0.0006375669735166067,0.0,Germany,DEU,baden-wurttemberg,,,Linux-7.0.0-31-generic-x86_64-with-glibc2.43,3.14.4,3.3.0,24,Intel(R) Core(TM) Ultra 9 285K,1,1 x NVIDIA GeForce RTX 5090,9.1827,48.767,60.81614685058594,machine,0.0,0.0,0.0,0.0,N
idle_baseline_tail,2026-09-08T14:53:27,sac_HalfCheetah-v5_seed958,07f86593-cbaa-4ca9-897e-d6875f1ae654,90.00375475500005,0.0006548818873982482,7.276162972929109e-06,29.656874249907837,84.95980195931294,20.0,0.0003792213717101877,0.0008398409496500059,0.0005000133772833284,0.0017190756986435185,0.0,Germany,DEU,baden-wurttemberg,,,Linux-7.0.0-31-generic-x86_64-with-glibc2.43,3.14.4,3.3.0,24,Intel(R) Core(TM) Ultra 9 285K,1,1 x NVIDIA GeForce RTX 5090,9.1827,48.767,60.81614685058594,machine,0.0,0.0,0.0,0.0,N
