task_name,timestamp,project_name,run_id,duration,emissions,emissions_rate,cpu_power,gpu_power,ram_power,cpu_energy,gpu_energy,ram_energy,energy_consumed,water_consumed,country_name,country_iso_code,region,cloud_provider,cloud_region,os,python_version,codecarbon_version,cpu_count,cpu_model,gpu_count,gpu_model,longitude,latitude,ram_total_size,tracking_mode,cpu_utilization_percent,gpu_utilization_percent,ram_utilization_percent,ram_used_gb,on_cloud
idle_baseline_head,2026-09-12T22:33:17,sac_Ant-v5_seed43611,b82b5a05-be9a-490a-88d8-9eef856b4861,90.00325674499982,0.0006054810716164959,6.727323737521107e-06,13.929861431860795,13.011922868544465,20.0,0.00039953822713032633,0.0006727977604600033,0.0005170617591388893,0.0015893977467292188,0.0,Germany,DEU,baden-wurttemberg,,,Linux-7.0.0-31-generic-x86_64-with-glibc2.43,3.14.4,3.3.0,24,Intel(R) Core(TM) Ultra 9 285K,1,1 x NVIDIA GeForce RTX 5090,9.2986,48.7383,60.816158294677734,machine,0.0,0.0,0.0,0.0,N
warmup_0,2026-09-12T22:33:18,sac_Ant-v5_seed43611,b82b5a05-be9a-490a-88d8-9eef856b4861,0.665223510000942,8.111381381827802e-06,1.2193305555051437e-05,22.050350127448883,27.609442149192773,20.0,7.0995798463271975e-06,1.0497508398044086e-05,3.6954209611091355e-06,2.1292509205480528e-05,0.0,Germany,DEU,baden-wurttemberg,,,Linux-7.0.0-31-generic-x86_64-with-glibc2.43,3.14.4,3.3.0,24,Intel(R) Core(TM) Ultra 9 285K,1,1 x NVIDIA GeForce RTX 5090,9.2986,48.7383,60.816158294677734,machine,0.0,0.0,0.0,0.0,N
rollout_0,2026-09-12T22:33:19,sac_Ant-v5_seed43611,b82b5a05-be9a-490a-88d8-9eef856b4861,0.477737375000288,5.128396270569278e-06,1.0734769870539083e-05,24.847375105221086,32.737987667966195,20.0,4.42956771031823e-06,6.381116215981031e-06,2.6514404222224537e-06,1.3462124348521606e-05,0.0,Germany,DEU,baden-wurttemberg,,,Linux-7.0.0-31-generic-x86_64-with-glibc2.43,3.14.4,3.3.0,24,Intel(R) Core(TM) Ultra 9 285K,1,1 x NVIDIA GeForce RTX 5090,9.2986,48.7383,60.816158294677734,machine,0.0,0.0,0.0,0.0,N
gradient_updates_0,2026-09-12T22:33:23,sac_Ant-v5_seed43611,b82b5a05-be9a-490a-88d8-9eef856b4861,4.46875881699998,5.384129455936377e-05,1.2048391488052517e-05,26.211014285765327,39.88587689217134,20.0,3.15114632647058e-05,8.499812355400316e-05,2.482469473888058e-05,0.00014133428155758965,0.0,Germany,DEU,baden-wurttemberg,,,Linux-7.0.0-31-generic-x86_64-with-glibc2.43,3.14.4,3.3.0,24,Intel(R) Core(TM) Ultra 9 285K,1,1 x NVIDIA GeForce RTX 5090,9.2986,48.7383,60.816158294677734,machine,0.0,0.0,0.0,0.0,N
rollout_1,2026-09-12T22:33:24,sac_Ant-v5_seed43611,b82b5a05-be9a-490a-88d8-9eef856b4861,0.35523523700067017,4.607627434144901e-06,1.2970284137666813e-05,27.49541207178464,44.65246926962274,20.0,3.365981303894011e-06,6.7563942939830035e-06,1.9727220111134813e-06,1.2095097608990496e-05,0.0,Germany,DEU,baden-wurttemberg,,,Linux-7.0.0-31-generic-x86_64-with-glibc2.43,3.14.4,3.3.0,24,Intel(R) Core(TM) Ultra 9 285K,1,1 x NVIDIA GeForce RTX 5090,9.2986,48.7383,60.816158294677734,machine,0.0,0.0,0.0,0.0,N
gradient_updates_1,2026-09-12T22:33:28,sac_Ant-v5_seed43611,b82b5a05-be9a-490a-88d8-9eef856b4861,4.189667990998714,5.0982746647171696e-05,1.2168700993159906e-05,28.189612893274386,48.11421092932343,20.0,3.0394708204636856e-05,8.016200857399736e-05,2.327382961110646e-05,0.00013383054638974067,0.0,Germany,DEU,baden-wurttemberg,,,Linux-7.0.0-31-generic-x86_64-with-glibc2.43,3.14.4,3.3.0,24,Intel(R) Core(TM) Ultra 9 285K,1,1 x NVIDIA GeForce RTX 5090,9.2986,48.7383,60.816158294677734,machine,0.0,0.0,0.0,0.0,N
rollout_2,2026-09-12T22:33:28,sac_Ant-v5_seed43611,b82b5a05-be9a-490a-88d8-9eef856b4861,0.35619627899905026,3.9088628556779165e-06,1.0973083924161218e-05,28.860251009117636,48.34802317023657,20.0,3.338769893236268e-06,4.944170621995481e-06,1.9778886111048496e-06,1.0260829126336598e-05,0.0,Germany,DEU,baden-wurttemberg,,,Linux-7.0.0-31-generic-x86_64-with-glibc2.43,3.14.4,3.3.0,24,Intel(R) Core(TM) Ultra 9 285K,1,1 x NVIDIA GeForce RTX 5090,9.2986,48.7383,60.816158294677734,machine,0.0,0.0,0.0,0.0,N
gradient_updates_2,2026-09-12T22:33:32,sac_Ant-v5_seed43611,b82b5a05-be9a-490a-88d8-9eef856b4861,4.19283319600072,5.076421335646847e-05,1.2107392270834592e-05,29.194914753517423,50.672219279090854,20.0,2.9296501492737798e-05,8.066839786802227e-05,2.329199355555016e-05,0.00013325689291631033,0.0,Germany,DEU,baden-wurttemberg,,,Linux-7.0.0-31-generic-x86_64-with-glibc2.43,3.14.4,3.3.0,24,Intel(R) Core(TM) Ultra 9 285K,1,1 x NVIDIA GeForce RTX 5090,9.2986,48.7383,60.816158294677734,machine,0.0,0.0,0.0,0.0,N
rollout_3,2026-09-12T22:33:33,sac_Ant-v5_seed43611,b82b5a05-be9a-490a-88d8-9eef856b4861,0.3596559530014929,4.368711645147145e-06,1.2146571211594962e-05,28.91866676844858,52.42793260807862,20.0,2.6556010133682584e-06,6.815005451993317e-06,1.997333277773219e-06,1.1467939743134686e-05,0.0,Germany,DEU,baden-wurttemberg,,,Linux-7.0.0-31-generic-x86_64-with-glibc2.43,3.14.4,3.3.0,24,Intel(R) Core(TM) Ultra 9 285K,1,1 x NVIDIA GeForce RTX 5090,9.2986,48.7383,60.816158294677734,machine,0.0,0.0,0.0,0.0,N
gradient_updates_3,2026-09-12T22:33:37,sac_Ant-v5_seed43611,b82b5a05-be9a-490a-88d8-9eef856b4861,4.162918373000139,5.022613258094395e-05,1.2065143672127364e-05,28.68304078666421,53.85302567541451,20.0,2.996910758637679e-05,7.874950744402032e-05,2.3125807022218725e-05,0.00013184442205261583,0.0,Germany,DEU,baden-wurttemberg,,,Linux-7.0.0-31-generic-x86_64-with-glibc2.43,3.14.4,3.3.0,24,Intel(R) Core(TM) Ultra 9 285K,1,1 x NVIDIA GeForce RTX 5090,9.2986,48.7383,60.816158294677734,machine,0.0,0.0,0.0,0.0,N
rollout_4,2026-09-12T22:33:37,sac_Ant-v5_seed43611,b82b5a05-be9a-490a-88d8-9eef856b4861,0.3523793009990186,3.898295107631158e-06,1.1062772444531095e-05,29.07016065247603,53.58217366351837,20.0,3.2948581914389596e-06,4.973059534008062e-06,1.9651708888886914e-06,1.0233088614335605e-05,0.0,Germany,DEU,baden-wurttemberg,,,Linux-7.0.0-31-generic-x86_64-with-glibc2.43,3.14.4,3.3.0,24,Intel(R) Core(TM) Ultra 9 285K,1,1 x NVIDIA GeForce RTX 5090,9.2986,48.7383,60.816158294677734,machine,0.0,0.0,0.0,0.0,N
gradient_updates_4,2026-09-12T22:33:41,sac_Ant-v5_seed43611,b82b5a05-be9a-490a-88d8-9eef856b4861,4.165161773000364,5.1326233755606644e-05,1.2322768626560694e-05,29.293653634802915,54.837286162166265,20.0,3.0748745432311944e-05,8.085034245799982e-05,2.3133117794441244e-05,0.0001347322056847529,0.0,Germany,DEU,baden-wurttemberg,,,Linux-7.0.0-31-generic-x86_64-with-glibc2.43,3.14.4,3.3.0,24,Intel(R) Core(TM) Ultra 9 285K,1,1 x NVIDIA GeForce RTX 5090,9.2986,48.7383,60.816158294677734,machine,0.0,0.0,0.0,0.0,N
rollout_5,2026-09-12T22:33:42,sac_Ant-v5_seed43611,b82b5a05-be9a-490a-88d8-9eef856b4861,0.3496889640009613,3.962314080354322e-06,1.1331395359865682e-05,29.70139264712723,54.62952137173649,20.0,3.418963012945253e-06,5.041115143988861e-06,1.941061311117628e-06,1.0401139468051851e-05,0.0,Germany,DEU,baden-wurttemberg,,,Linux-7.0.0-31-generic-x86_64-with-glibc2.43,3.14.4,3.3.0,24,Intel(R) Core(TM) Ultra 9 285K,1,1 x NVIDIA GeForce RTX 5090,9.2986,48.7383,60.816158294677734,machine,0.0,0.0,0.0,0.0,N
gradient_updates_5,2026-09-12T22:33:46,sac_Ant-v5_seed43611,b82b5a05-be9a-490a-88d8-9eef856b4861,4.140477254000871,5.105067495055082e-05,1.232967533783506e-05,29.940535502665764,55.65910929398709,20.0,3.0417986278813425e-05,8.058978669397976e-05,2.300108632777363e-05,0.0001340088593005666,0.0,Germany,DEU,baden-wurttemberg,,,Linux-7.0.0-31-generic-x86_64-with-glibc2.43,3.14.4,3.3.0,24,Intel(R) Core(TM) Ultra 9 285K,1,1 x NVIDIA GeForce RTX 5090,9.2986,48.7383,60.816158294677734,machine,0.0,0.0,0.0,0.0,N
rollout_6,2026-09-12T22:33:46,sac_Ant-v5_seed43611,b82b5a05-be9a-490a-88d8-9eef856b4861,0.3593720939988998,3.670622616248052e-06,1.0213241565730337e-05,29.73352875640303,55.28954415689367,20.0,2.6731149162673856e-06,4.9661150840207835e-06,1.996214588891455e-06,9.635444589179733e-06,0.0,Germany,DEU,baden-wurttemberg,,,Linux-7.0.0-31-generic-x86_64-with-glibc2.43,3.14.4,3.3.0,24,Intel(R) Core(TM) Ultra 9 285K,1,1 x NVIDIA GeForce RTX 5090,9.2986,48.7383,60.816158294677734,machine,0.0,0.0,0.0,0.0,N
gradient_updates_6,2026-09-12T22:33:50,sac_Ant-v5_seed43611,b82b5a05-be9a-490a-88d8-9eef856b4861,4.1958900860008725,5.1202696082181345e-05,1.220306612232006e-05,29.545253058143043,56.104530899413334,20.0,3.049794217611229e-05,8.059756447797994e-05,2.3312410611116448e-05,0.00013440791726520868,0.0,Germany,DEU,baden-wurttemberg,,,Linux-7.0.0-31-generic-x86_64-with-glibc2.43,3.14.4,3.3.0,24,Intel(R) Core(TM) Ultra 9 285K,1,1 x NVIDIA GeForce RTX 5090,9.2986,48.7383,60.816158294677734,machine,0.0,0.0,0.0,0.0,N
rollout_7,2026-09-12T22:33:51,sac_Ant-v5_seed43611,b82b5a05-be9a-490a-88d8-9eef856b4861,0.34785634899890283,4.559639534318198e-06,1.3107434221815424e-05,29.749841958041706,56.874211201783694,20.0,3.2429784277126367e-06,6.786394318031297e-06,1.9397558388946834e-06,1.1969128584638725e-05,0.0,Germany,DEU,baden-wurttemberg,,,Linux-7.0.0-31-generic-x86_64-with-glibc2.43,3.14.4,3.3.0,24,Intel(R) Core(TM) Ultra 9 285K,1,1 x NVIDIA GeForce RTX 5090,9.2986,48.7383,60.816158294677734,machine,0.0,0.0,0.0,0.0,N
gradient_updates_7,2026-09-12T22:33:55,sac_Ant-v5_seed43611,b82b5a05-be9a-490a-88d8-9eef856b4861,4.199283632000515,5.131936085756516e-05,1.222099514891385e-05,29.858926190049146,57.52719669166589,20.0,3.057669446133483e-05,8.080978686997309e-05,2.332768288332667e-05,0.0001347141642146347,0.0,Germany,DEU,baden-wurttemberg,,,Linux-7.0.0-31-generic-x86_64-with-glibc2.43,3.14.4,3.3.0,24,Intel(R) Core(TM) Ultra 9 285K,1,1 x NVIDIA GeForce RTX 5090,9.2986,48.7383,60.816158294677734,machine,0.0,0.0,0.0,0.0,N
rollout_8,2026-09-12T22:33:55,sac_Ant-v5_seed43611,b82b5a05-be9a-490a-88d8-9eef856b4861,0.35274492600001395,3.909469336551251e-06,1.1082669489281977e-05,30.035812200568323,57.209667690990365,20.0,3.290975966114759e-06,5.012781788021892e-06,1.9586633944426073e-06,1.026242114857915e-05,0.0,Germany,DEU,baden-wurttemberg,,,Linux-7.0.0-31-generic-x86_64-with-glibc2.43,3.14.4,3.3.0,24,Intel(R) Core(TM) Ultra 9 285K,1,1 x NVIDIA GeForce RTX 5090,9.2986,48.7383,60.816158294677734,machine,0.0,0.0,0.0,0.0,N
gradient_updates_8,2026-09-12T22:34:00,sac_Ant-v5_seed43611,b82b5a05-be9a-490a-88d8-9eef856b4861,4.215180395998686,5.158611864453208e-05,1.2238197041710453e-05,30.11876316147147,57.83501355067456,20.0,2.96399251008099e-05,8.235839922002275e-05,2.341608346111265e-05,0.0001354144077819453,0.0,Germany,DEU,baden-wurttemberg,,,Linux-7.0.0-31-generic-x86_64-with-glibc2.43,3.14.4,3.3.0,24,Intel(R) Core(TM) Ultra 9 285K,1,1 x NVIDIA GeForce RTX 5090,9.2986,48.7383,60.816158294677734,machine,0.0,0.0,0.0,0.0,N
rollout_9,2026-09-12T22:34:00,sac_Ant-v5_seed43611,b82b5a05-be9a-490a-88d8-9eef856b4861,0.3598332239998854,3.655114570848229e-06,1.0157614136887366e-05,29.930194101246215,57.47317230701122,20.0,2.6103334771539893e-06,4.985559543979612e-06,1.998842694441263e-06,9.594735715574756e-06,0.0,Germany,DEU,baden-wurttemberg,,,Linux-7.0.0-31-generic-x86_64-with-glibc2.43,3.14.4,3.3.0,24,Intel(R) Core(TM) Ultra 9 285K,1,1 x NVIDIA GeForce RTX 5090,9.2986,48.7383,60.816158294677734,machine,0.0,0.0,0.0,0.0,N
gradient_updates_9,2026-09-12T22:34:04,sac_Ant-v5_seed43611,b82b5a05-be9a-490a-88d8-9eef856b4861,4.200183791999734,5.090056833015333e-05,1.2118657762175308e-05,29.752131837784706,57.98410383720782,20.0,2.952278861821124e-05,8.075978683000362e-05,2.333225151110636e-05,0.00013361482695932111,0.0,Germany,DEU,baden-wurttemberg,,,Linux-7.0.0-31-generic-x86_64-with-glibc2.43,3.14.4,3.3.0,24,Intel(R) Core(TM) Ultra 9 285K,1,1 x NVIDIA GeForce RTX 5090,9.2986,48.7383,60.816158294677734,machine,0.0,0.0,0.0,0.0,N
rollout_10,2026-09-12T22:34:05,sac_Ant-v5_seed43611,b82b5a05-be9a-490a-88d8-9eef856b4861,0.36029990700080816,4.732107943184035e-06,1.3132877637229447e-05,29.96810127243457,58.44505215623318,20.0,3.51577142372779e-06,6.90611663597962e-06,1.9999729277818835e-06,1.2421860987489076e-05,0.0,Germany,DEU,baden-wurttemberg,,,Linux-7.0.0-31-generic-x86_64-with-glibc2.43,3.14.4,3.3.0,24,Intel(R) Core(TM) Ultra 9 285K,1,1 x NVIDIA GeForce RTX 5090,9.2986,48.7383,60.816158294677734,machine,0.0,0.0,0.0,0.0,N
gradient_updates_10,2026-09-12T22:34:09,sac_Ant-v5_seed43611,b82b5a05-be9a-490a-88d8-9eef856b4861,4.218959457999517,5.227458476124609e-05,1.2390400995565729e-05,30.1044708808369,58.90478842232232,20.0,3.182718407283673e-05,8.195784334402711e-05,2.3436615216673447e-05,0.0001372216426335374,0.0,Germany,DEU,baden-wurttemberg,,,Linux-7.0.0-31-generic-x86_64-with-glibc2.43,3.14.4,3.3.0,24,Intel(R) Core(TM) Ultra 9 285K,1,1 x NVIDIA GeForce RTX 5090,9.2986,48.7383,60.816158294677734,machine,0.0,0.0,0.0,0.0,N
rollout_11,2026-09-12T22:34:09,sac_Ant-v5_seed43611,b82b5a05-be9a-490a-88d8-9eef856b4861,0.3486971820002509,4.602261059696248e-06,1.319810982044916e-05,30.242793377442844,59.36477886156175,20.0,3.2831259598308654e-06,6.861672155966669e-06,1.936212672222189e-06,1.208101078801994e-05,0.0,Germany,DEU,baden-wurttemberg,,,Linux-7.0.0-31-generic-x86_64-with-glibc2.43,3.14.4,3.3.0,24,Intel(R) Core(TM) Ultra 9 285K,1,1 x NVIDIA GeForce RTX 5090,9.2986,48.7383,60.816158294677734,machine,0.0,0.0,0.0,0.0,N
gradient_updates_11,2026-09-12T22:34:13,sac_Ant-v5_seed43611,b82b5a05-be9a-490a-88d8-9eef856b4861,4.180547769999976,5.072501960389441e-05,1.2133599285433651e-05,30.312751314536264,59.714378641703426,20.0,3.003900958674366e-05,7.989228613602961e-05,2.3222712950003656e-05,0.00013315400867277682,0.0,Germany,DEU,baden-wurttemberg,,,Linux-7.0.0-31-generic-x86_64-with-glibc2.43,3.14.4,3.3.0,24,Intel(R) Core(TM) Ultra 9 285K,1,1 x NVIDIA GeForce RTX 5090,9.2986,48.7383,60.816158294677734,machine,0.0,0.0,0.0,0.0,N
rollout_12,2026-09-12T22:34:14,sac_Ant-v5_seed43611,b82b5a05-be9a-490a-88d8-9eef856b4861,0.34436291299971344,4.60300589019344e-06,1.3366390633899562e-05,30.39187432685846,60.20919097298832,20.0,3.1312336160969206e-06,7.03861674197781e-06,1.913115622220328e-06,1.208296598029495e-05,0.0,Germany,DEU,baden-wurttemberg,,,Linux-7.0.0-31-generic-x86_64-with-glibc2.43,3.14.4,3.3.0,24,Intel(R) Core(TM) Ultra 9 285K,1,1 x NVIDIA GeForce RTX 5090,9.2986,48.7383,60.816158294677734,machine,0.0,0.0,0.0,0.0,N
gradient_updates_12,2026-09-12T22:34:18,sac_Ant-v5_seed43611,b82b5a05-be9a-490a-88d8-9eef856b4861,4.237320229000034,5.046250634377792e-05,1.1909083531418899e-05,30.399763707097307,60.53124149070924,20.0,2.7073163880736092e-05,8.185367659402365e-05,2.3538066583326665e-05,0.0001324649070580863,0.0,Germany,DEU,baden-wurttemberg,,,Linux-7.0.0-31-generic-x86_64-with-glibc2.43,3.14.4,3.3.0,24,Intel(R) Core(TM) Ultra 9 285K,1,1 x NVIDIA GeForce RTX 5090,9.2986,48.7383,60.816158294677734,machine,0.0,0.0,0.0,0.0,N
rollout_13,2026-09-12T22:34:18,sac_Ant-v5_seed43611,b82b5a05-be9a-490a-88d8-9eef856b4861,0.3493593220009643,4.619911752713236e-06,1.3224002801842355e-05,30.49582817328548,60.88930101089149,20.0,3.254863437222172e-06,6.928616653995023e-06,1.9438640555562896e-06,1.2127344146773376e-05,0.0,Germany,DEU,baden-wurttemberg,,,Linux-7.0.0-31-generic-x86_64-with-glibc2.43,3.14.4,3.3.0,24,Intel(R) Core(TM) Ultra 9 285K,1,1 x NVIDIA GeForce RTX 5090,9.2986,48.7383,60.816158294677734,machine,0.0,0.0,0.0,0.0,N
gradient_updates_13,2026-09-12T22:34:22,sac_Ant-v5_seed43611,b82b5a05-be9a-490a-88d8-9eef856b4861,4.204892768000718,5.1650274885848765e-05,1.2283391425383407e-05,30.53845619293494,61.18679831622217,20.0,3.033582649086472e-05,8.188812106599275e-05,2.335887141111418e-05,0.00013558281896797154,0.0,Germany,DEU,baden-wurttemberg,,,Linux-7.0.0-31-generic-x86_64-with-glibc2.43,3.14.4,3.3.0,24,Intel(R) Core(TM) Ultra 9 285K,1,1 x NVIDIA GeForce RTX 5090,9.2986,48.7383,60.816158294677734,machine,0.0,0.0,0.0,0.0,N
rollout_14,2026-09-12T22:34:23,sac_Ant-v5_seed43611,b82b5a05-be9a-490a-88d8-9eef856b4861,0.3486676600005012,3.887330812289182e-06,1.1148314184060422e-05,30.608736679306794,60.91274427908536,20.0,3.193692832728981e-06,5.074726282000563e-06,1.9358880444491754e-06,1.0204307159178937e-05,0.0,Germany,DEU,baden-wurttemberg,,,Linux-7.0.0-31-generic-x86_64-with-glibc2.43,3.14.4,3.3.0,24,Intel(R) Core(TM) Ultra 9 285K,1,1 x NVIDIA GeForce RTX 5090,9.2986,48.7383,60.816158294677734,machine,0.0,0.0,0.0,0.0,N
gradient_updates_14,2026-09-12T22:34:27,sac_Ant-v5_seed43611,b82b5a05-be9a-490a-88d8-9eef856b4861,4.226729003999935,5.194899769485708e-05,1.2290602958250023e-05,30.62774910642385,61.22170491266572,20.0,2.9402431021927772e-05,8.348423345397316e-05,2.348030676666891e-05,0.00013636697124257005,0.0,Germany,DEU,baden-wurttemberg,,,Linux-7.0.0-31-generic-x86_64-with-glibc2.43,3.14.4,3.3.0,24,Intel(R) Core(TM) Ultra 9 285K,1,1 x NVIDIA GeForce RTX 5090,9.2986,48.7383,60.816158294677734,machine,0.0,0.0,0.0,0.0,N
rollout_15,2026-09-12T22:34:27,sac_Ant-v5_seed43611,b82b5a05-be9a-490a-88d8-9eef856b4861,0.3661120430006122,3.7233447451707428e-06,1.0169676207882153e-05,30.493840233696613,60.888878131089314,20.0,2.666553522131035e-06,5.074170726010463e-06,2.0331167944378625e-06,9.773841042579577e-06,0.0,Germany,DEU,baden-wurttemberg,,,Linux-7.0.0-31-generic-x86_64-with-glibc2.43,3.14.4,3.3.0,24,Intel(R) Core(TM) Ultra 9 285K,1,1 x NVIDIA GeForce RTX 5090,9.2986,48.7383,60.816158294677734,machine,0.0,0.0,0.0,0.0,N
gradient_updates_15,2026-09-12T22:34:32,sac_Ant-v5_seed43611,b82b5a05-be9a-490a-88d8-9eef856b4861,4.20241136200093,5.1554514550481096e-05,1.2267854544727197e-05,30.3666273323843,61.14964015153293,20.0,3.0257379205884255e-05,8.172867649400284e-05,2.33453908166666e-05,0.00013533144651655359,0.0,Germany,DEU,baden-wurttemberg,,,Linux-7.0.0-31-generic-x86_64-with-glibc2.43,3.14.4,3.3.0,24,Intel(R) Core(TM) Ultra 9 285K,1,1 x NVIDIA GeForce RTX 5090,9.2986,48.7383,60.816158294677734,machine,0.0,0.0,0.0,0.0,N
rollout_16,2026-09-12T22:34:32,sac_Ant-v5_seed43611,b82b5a05-be9a-490a-88d8-9eef856b4861,0.3507108199992217,4.66814861850638e-06,1.3310364822650466e-05,30.465172767528216,61.45030194396718,20.0,3.323002380621262e-06,6.9891722580261995e-06,1.941792072223769e-06,1.2253966710871339e-05,0.0,Germany,DEU,baden-wurttemberg,,,Linux-7.0.0-31-generic-x86_64-with-glibc2.43,3.14.4,3.3.0,24,Intel(R) Core(TM) Ultra 9 285K,1,1 x NVIDIA GeForce RTX 5090,9.2986,48.7383,60.816158294677734,machine,0.0,0.0,0.0,0.0,N
gradient_updates_16,2026-09-12T22:34:36,sac_Ant-v5_seed43611,b82b5a05-be9a-490a-88d8-9eef856b4861,4.211743471001682,5.137580086115104e-05,1.2198251773939466e-05,30.511926833383896,61.67998900218244,20.0,2.9634516763151972e-05,8.183089879798544e-05,2.3396904588884773e-05,0.0001348623201500223,0.0,Germany,DEU,baden-wurttemberg,,,Linux-7.0.0-31-generic-x86_64-with-glibc2.43,3.14.4,3.3.0,24,Intel(R) Core(TM) Ultra 9 285K,1,1 x NVIDIA GeForce RTX 5090,9.2986,48.7383,60.816158294677734,machine,0.0,0.0,0.0,0.0,N
rollout_17,2026-09-12T22:34:37,sac_Ant-v5_seed43611,b82b5a05-be9a-490a-88d8-9eef856b4861,0.34539321699958236,4.585430792985795e-06,1.3275502953925255e-05,30.581145768556166,61.95560301883125,20.0,3.1983381142252493e-06,6.920561091999788e-06,1.917931855556737e-06,1.2036831061781883e-05,0.0,Germany,DEU,baden-wurttemberg,,,Linux-7.0.0-31-generic-x86_64-with-glibc2.43,3.14.4,3.3.0,24,Intel(R) Core(TM) Ultra 9 285K,1,1 x NVIDIA GeForce RTX 5090,9.2986,48.7383,60.816158294677734,machine,0.0,0.0,0.0,0.0,N
gradient_updates_17,2026-09-12T22:34:41,sac_Ant-v5_seed43611,b82b5a05-be9a-490a-88d8-9eef856b4861,4.249518647000514,5.082306793639021e-05,1.1959744713332537e-05,30.597603180072586,62.14814957998493,20.0,2.7807754746185173e-05,8.199617670801018e-05,2.3607455699998928e-05,0.00013341138715419407,0.0,Germany,DEU,baden-wurttemberg,,,Linux-7.0.0-31-generic-x86_64-with-glibc2.43,3.14.4,3.3.0,24,Intel(R) Core(TM) Ultra 9 285K,1,1 x NVIDIA GeForce RTX 5090,9.2986,48.7383,60.816158294677734,machine,0.0,0.0,0.0,0.0,N
rollout_18,2026-09-12T22:34:41,sac_Ant-v5_seed43611,b82b5a05-be9a-490a-88d8-9eef856b4861,0.35998100800134125,4.395302185548422e-06,1.220896104784446e-05,30.4989067535761,62.31011946537908,20.0,2.6796421437116913e-06,6.859449932006267e-06,1.99864827222368e-06,1.1537740347941638e-05,0.0,Germany,DEU,baden-wurttemberg,,,Linux-7.0.0-31-generic-x86_64-with-glibc2.43,3.14.4,3.3.0,24,Intel(R) Core(TM) Ultra 9 285K,1,1 x NVIDIA GeForce RTX 5090,9.2986,48.7383,60.816158294677734,machine,0.0,0.0,0.0,0.0,N
gradient_updates_18,2026-09-12T22:34:45,sac_Ant-v5_seed43611,b82b5a05-be9a-490a-88d8-9eef856b4861,4.2090483579995634,5.1633841398758974e-05,1.2267362096716976e-05,30.401628350520046,62.49631764113175,20.0,3.0364309569206813e-05,8.178895431998345e-05,2.3386416905557626e-05,0.00013553968079474746,0.0,Germany,DEU,baden-wurttemberg,,,Linux-7.0.0-31-generic-x86_64-with-glibc2.43,3.14.4,3.3.0,24,Intel(R) Core(TM) Ultra 9 285K,1,1 x NVIDIA GeForce RTX 5090,9.2986,48.7383,60.816158294677734,machine,0.0,0.0,0.0,0.0,N
rollout_19,2026-09-12T22:34:46,sac_Ant-v5_seed43611,b82b5a05-be9a-490a-88d8-9eef856b4861,0.34842198099977395,3.906288385647312e-06,1.1211032825776846e-05,30.454672712613014,62.27436070017315,20.0,3.176179207609389e-06,5.143615225994269e-06,1.9342766666644983e-06,1.0254071100268373e-05,0.0,Germany,DEU,baden-wurttemberg,,,Linux-7.0.0-31-generic-x86_64-with-glibc2.43,3.14.4,3.3.0,24,Intel(R) Core(TM) Ultra 9 285K,1,1 x NVIDIA GeForce RTX 5090,9.2986,48.7383,60.816158294677734,machine,0.0,0.0,0.0,0.0,N
gradient_updates_19,2026-09-12T22:34:50,sac_Ant-v5_seed43611,b82b5a05-be9a-490a-88d8-9eef856b4861,4.206442272999993,5.179470992887521e-05,1.2313204252691778e-05,30.475081732096488,62.458903567502425,20.0,3.0561673060430436e-05,8.203284340402295e-05,2.3367446861114567e-05,0.00013596196332556817,0.0,Germany,DEU,baden-wurttemberg,,,Linux-7.0.0-31-generic-x86_64-with-glibc2.43,3.14.4,3.3.0,24,Intel(R) Core(TM) Ultra 9 285K,1,1 x NVIDIA GeForce RTX 5090,9.2986,48.7383,60.816158294677734,machine,0.0,0.0,0.0,0.0,N
rollout_20,2026-09-12T22:34:50,sac_Ant-v5_seed43611,b82b5a05-be9a-490a-88d8-9eef856b4861,0.35812083599921607,4.749333525057254e-06,1.3261748501979473e-05,30.563466148577696,62.649524574613835,20.0,3.4376294167689364e-06,7.041950077973924e-06,1.987498927772096e-06,1.246707842251539e-05,0.0,Germany,DEU,baden-wurttemberg,,,Linux-7.0.0-31-generic-x86_64-with-glibc2.43,3.14.4,3.3.0,24,Intel(R) Core(TM) Ultra 9 285K,1,1 x NVIDIA GeForce RTX 5090,9.2986,48.7383,60.816158294677734,machine,0.0,0.0,0.0,0.0,N
gradient_updates_20,2026-09-12T22:34:54,sac_Ant-v5_seed43611,b82b5a05-be9a-490a-88d8-9eef856b4861,4.22065717499936,5.2374818334870784e-05,1.2409182469415997e-05,30.61559561259446,62.81667318283872,20.0,3.177571125388169e-05,8.226312136599967e-05,2.3445924788888456e-05,0.0001374847574087696,0.0,Germany,DEU,baden-wurttemberg,,,Linux-7.0.0-31-generic-x86_64-with-glibc2.43,3.14.4,3.3.0,24,Intel(R) Core(TM) Ultra 9 285K,1,1 x NVIDIA GeForce RTX 5090,9.2986,48.7383,60.816158294677734,machine,0.0,0.0,0.0,0.0,N
rollout_21,2026-09-12T22:34:55,sac_Ant-v5_seed43611,b82b5a05-be9a-490a-88d8-9eef856b4861,0.3507582079982967,4.642387808990447e-06,1.3234975769213248e-05,30.6760100489289,63.00597280165351,20.0,3.272377340123034e-06,6.966394462015746e-06,1.9475723611120377e-06,1.2186344163250817e-05,0.0,Germany,DEU,baden-wurttemberg,,,Linux-7.0.0-31-generic-x86_64-with-glibc2.43,3.14.4,3.3.0,24,Intel(R) Core(TM) Ultra 9 285K,1,1 x NVIDIA GeForce RTX 5090,9.2986,48.7383,60.816158294677734,machine,0.0,0.0,0.0,0.0,N
gradient_updates_21,2026-09-12T22:34:59,sac_Ant-v5_seed43611,b82b5a05-be9a-490a-88d8-9eef856b4861,4.193942122001317,5.182291519540555e-05,1.2356622218192314e-05,30.70404832978641,63.16275561686365,20.0,3.0758985996059626e-05,8.197951002800186e-05,2.329750658889478e-05,0.00013603600261295583,0.0,Germany,DEU,baden-wurttemberg,,,Linux-7.0.0-31-generic-x86_64-with-glibc2.43,3.14.4,3.3.0,24,Intel(R) Core(TM) Ultra 9 285K,1,1 x NVIDIA GeForce RTX 5090,9.2986,48.7383,60.816158294677734,machine,0.0,0.0,0.0,0.0,N
rollout_22,2026-09-12T22:34:59,sac_Ant-v5_seed43611,b82b5a05-be9a-490a-88d8-9eef856b4861,0.34514791400033573,3.941081845883947e-06,1.1417771857463926e-05,30.768003671633124,62.97108488446326,20.0,3.256965938903608e-06,5.171948581988994e-06,1.9164899833312796e-06,1.0345404504223665e-05,0.0,Germany,DEU,baden-wurttemberg,,,Linux-7.0.0-31-generic-x86_64-with-glibc2.43,3.14.4,3.3.0,24,Intel(R) Core(TM) Ultra 9 285K,1,1 x NVIDIA GeForce RTX 5090,9.2986,48.7383,60.816158294677734,machine,0.0,0.0,0.0,0.0,N
gradient_updates_22,2026-09-12T22:35:04,sac_Ant-v5_seed43611,b82b5a05-be9a-490a-88d8-9eef856b4861,4.243704188000265,5.160277604000958e-05,1.2159898112022765e-05,30.787642671055245,63.142112447337176,20.0,2.7780458613237483e-05,8.410367839400967e-05,2.3573996711113206e-05,0.0001354581337183608,0.0,Germany,DEU,baden-wurttemberg,,,Linux-7.0.0-31-generic-x86_64-with-glibc2.43,3.14.4,3.3.0,24,Intel(R) Core(TM) Ultra 9 285K,1,1 x NVIDIA GeForce RTX 5090,9.2986,48.7383,60.816158294677734,machine,0.0,0.0,0.0,0.0,N
rollout_23,2026-09-12T22:35:04,sac_Ant-v5_seed43611,b82b5a05-be9a-490a-88d8-9eef856b4861,0.354226817999006,3.677762943956383e-06,1.0382301999011085e-05,30.69742459071308,62.90679629843647,20.0,2.609332920797472e-06,5.0711151679816435e-06,1.973739977782123e-06,9.654188066561022e-06,0.0,Germany,DEU,baden-wurttemberg,,,Linux-7.0.0-31-generic-x86_64-with-glibc2.43,3.14.4,3.3.0,24,Intel(R) Core(TM) Ultra 9 285K,1,1 x NVIDIA GeForce RTX 5090,9.2986,48.7383,60.816158294677734,machine,0.0,0.0,0.0,0.0,N
gradient_updates_23,2026-09-12T22:35:08,sac_Ant-v5_seed43611,b82b5a05-be9a-490a-88d8-9eef856b4861,4.1892269529998885,5.177094759216687e-05,1.2358133324937973e-05,30.60961479447918,63.0613143455903,20.0,3.0257057261182455e-05,8.23703436740042e-05,2.3272185866668807e-05,0.00013589958680185546,0.0,Germany,DEU,baden-wurttemberg,,,Linux-7.0.0-31-generic-x86_64-with-glibc2.43,3.14.4,3.3.0,24,Intel(R) Core(TM) Ultra 9 285K,1,1 x NVIDIA GeForce RTX 5090,9.2986,48.7383,60.816158294677734,machine,0.0,0.0,0.0,0.0,N
rollout_24,2026-09-12T22:35:09,sac_Ant-v5_seed43611,b82b5a05-be9a-490a-88d8-9eef856b4861,0.35860054700060573,4.69150381157777e-06,1.3082363595845461e-05,30.657073411541187,63.2024340146928,20.0,3.3134401507487615e-06,7.010561164005891e-06,1.9912731611031274e-06,1.2315274475857563e-05,0.0,Germany,DEU,baden-wurttemberg,,,Linux-7.0.0-31-generic-x86_64-with-glibc2.43,3.14.4,3.3.0,24,Intel(R) Core(TM) Ultra 9 285K,1,1 x NVIDIA GeForce RTX 5090,9.2986,48.7383,60.816158294677734,machine,0.0,0.0,0.0,0.0,N
gradient_updates_24,2026-09-12T22:35:13,sac_Ant-v5_seed43611,b82b5a05-be9a-490a-88d8-9eef856b4861,4.186018569000225,5.19815758656594e-05,1.2417913185031514e-05,30.67608649891978,63.35576125273023,20.0,3.026288948807139e-05,8.293562190400672e-05,2.32539780833374e-05,0.0001364524894754155,0.0,Germany,DEU,baden-wurttemberg,,,Linux-7.0.0-31-generic-x86_64-with-glibc2.43,3.14.4,3.3.0,24,Intel(R) Core(TM) Ultra 9 285K,1,1 x NVIDIA GeForce RTX 5090,9.2986,48.7383,60.816158294677734,machine,0.0,0.0,0.0,0.0,N
rollout_25,2026-09-12T22:35:13,sac_Ant-v5_seed43611,b82b5a05-be9a-490a-88d8-9eef856b4861,0.34420612500071,3.908839966045886e-06,1.1355797158695821e-05,30.736015385433642,63.16825913340393,20.0,3.2613909424442783e-06,5.088059626012775e-06,1.9113184722200065e-06,1.0260769040677277e-05,0.0,Germany,DEU,baden-wurttemberg,,,Linux-7.0.0-31-generic-x86_64-with-glibc2.43,3.14.4,3.3.0,24,Intel(R) Core(TM) Ultra 9 285K,1,1 x NVIDIA GeForce RTX 5090,9.2986,48.7383,60.816158294677734,machine,0.0,0.0,0.0,0.0,N
gradient_updates_25,2026-09-12T22:35:17,sac_Ant-v5_seed43611,b82b5a05-be9a-490a-88d8-9eef856b4861,4.237121063000814,5.177933152689931e-05,1.2220431231521747e-05,30.756477086795407,63.32556261157155,20.0,2.7857922008543354e-05,8.452590095398005e-05,2.3537771805553836e-05,0.00013592159476807746,0.0,Germany,DEU,baden-wurttemberg,,,Linux-7.0.0-31-generic-x86_64-with-glibc2.43,3.14.4,3.3.0,24,Intel(R) Core(TM) Ultra 9 285K,1,1 x NVIDIA GeForce RTX 5090,9.2986,48.7383,60.816158294677734,machine,0.0,0.0,0.0,0.0,N
rollout_26,2026-09-12T22:35:18,sac_Ant-v5_seed43611,b82b5a05-be9a-490a-88d8-9eef856b4861,0.35549978699964413,3.713330245935873e-06,1.044468822883984e-05,30.68143408945469,63.127498967089004,20.0,2.6375279433520082e-06,5.141670780001162e-06,1.968354094434308e-06,9.747552817787261e-06,0.0,Germany,DEU,baden-wurttemberg,,,Linux-7.0.0-31-generic-x86_64-with-glibc2.43,3.14.4,3.3.0,24,Intel(R) Core(TM) Ultra 9 285K,1,1 x NVIDIA GeForce RTX 5090,9.2986,48.7383,60.816158294677734,machine,0.0,0.0,0.0,0.0,N
gradient_updates_26,2026-09-12T22:35:22,sac_Ant-v5_seed43611,b82b5a05-be9a-490a-88d8-9eef856b4861,4.1796102819989756,5.1842681520115376e-05,1.2403733478171432e-05,30.60754045989253,63.2669312984384,20.0,3.0353136504710637e-05,8.251589934601955e-05,2.3218853688882152e-05,0.00013608788953961212,0.0,Germany,DEU,baden-wurttemberg,,,Linux-7.0.0-31-generic-x86_64-with-glibc2.43,3.14.4,3.3.0,24,Intel(R) Core(TM) Ultra 9 285K,1,1 x NVIDIA GeForce RTX 5090,9.2986,48.7383,60.816158294677734,machine,0.0,0.0,0.0,0.0,N
rollout_27,2026-09-12T22:35:22,sac_Ant-v5_seed43611,b82b5a05-be9a-490a-88d8-9eef856b4861,0.3527000499998394,4.693081194911963e-06,1.3305810321494409e-05,30.671778743999912,63.40431671706552,20.0,3.382935206344348e-06,6.977783359979339e-06,1.95869656666528e-06,1.2319415132988967e-05,0.0,Germany,DEU,baden-wurttemberg,,,Linux-7.0.0-31-generic-x86_64-with-glibc2.43,3.14.4,3.3.0,24,Intel(R) Core(TM) Ultra 9 285K,1,1 x NVIDIA GeForce RTX 5090,9.2986,48.7383,60.816158294677734,machine,0.0,0.0,0.0,0.0,N
gradient_updates_27,2026-09-12T22:35:26,sac_Ant-v5_seed43611,b82b5a05-be9a-490a-88d8-9eef856b4861,4.1736326569989615,5.145790156779262e-05,1.232930387627884e-05,30.706393647368316,63.52054458827431,20.0,3.0433550457930822e-05,8.145784294399938e-05,2.318644244999929e-05,0.00013507783585192928,0.0,Germany,DEU,baden-wurttemberg,,,Linux-7.0.0-31-generic-x86_64-with-glibc2.43,3.14.4,3.3.0,24,Intel(R) Core(TM) Ultra 9 285K,1,1 x NVIDIA GeForce RTX 5090,9.2986,48.7383,60.816158294677734,machine,0.0,0.0,0.0,0.0,N
rollout_28,2026-09-12T22:35:27,sac_Ant-v5_seed43611,b82b5a05-be9a-490a-88d8-9eef856b4861,0.3461233699999866,4.641452213353242e-06,1.3409528126590537e-05,30.74956620201655,63.682765549618836,20.0,3.2200228537934694e-06,7.0416723000066295e-06,1.922193055553219e-06,1.2183888209353101e-05,0.0,Germany,DEU,baden-wurttemberg,,,Linux-7.0.0-31-generic-x86_64-with-glibc2.43,3.14.4,3.3.0,24,Intel(R) Core(TM) Ultra 9 285K,1,1 x NVIDIA GeForce RTX 5090,9.2986,48.7383,60.816158294677734,machine,0.0,0.0,0.0,0.0,N
gradient_updates_28,2026-09-12T22:35:31,sac_Ant-v5_seed43611,b82b5a05-be9a-490a-88d8-9eef856b4861,4.200519764999626,5.237941019349676e-05,1.2469768147827645e-05,30.768756121323854,63.80957898176752,20.0,3.083434716745666e-05,8.332784443998431e-05,2.3334619505557385e-05,0.00013749681111299792,0.0,Germany,DEU,baden-wurttemberg,,,Linux-7.0.0-31-generic-x86_64-with-glibc2.43,3.14.4,3.3.0,24,Intel(R) Core(TM) Ultra 9 285K,1,1 x NVIDIA GeForce RTX 5090,9.2986,48.7383,60.816158294677734,machine,0.0,0.0,0.0,0.0,N
rollout_29,2026-09-12T22:35:31,sac_Ant-v5_seed43611,b82b5a05-be9a-490a-88d8-9eef856b4861,0.3588937979984621,4.058002834158615e-06,1.1306903090132081e-05,30.81889210099363,63.63233404104641,20.0,3.3961085502184213e-06,5.263615322020909e-06,1.992600144452286e-06,1.0652324016691833e-05,0.0,Germany,DEU,baden-wurttemberg,,,Linux-7.0.0-31-generic-x86_64-with-glibc2.43,3.14.4,3.3.0,24,Intel(R) Core(TM) Ultra 9 285K,1,1 x NVIDIA GeForce RTX 5090,9.2986,48.7383,60.816158294677734,machine,0.0,0.0,0.0,0.0,N
gradient_updates_29,2026-09-12T22:35:35,sac_Ant-v5_seed43611,b82b5a05-be9a-490a-88d8-9eef856b4861,4.197766185001456,5.216118196757231e-05,1.2425954653591039e-05,30.84199506745027,63.758130177877746,20.0,3.0171778026291673e-05,8.343340007999078e-05,2.3318780333334444e-05,0.00013692395843961733,0.0,Germany,DEU,baden-wurttemberg,,,Linux-7.0.0-31-generic-x86_64-with-glibc2.43,3.14.4,3.3.0,24,Intel(R) Core(TM) Ultra 9 285K,1,1 x NVIDIA GeForce RTX 5090,9.2986,48.7383,60.816158294677734,machine,0.0,0.0,0.0,0.0,N
rollout_30,2026-09-12T22:35:36,sac_Ant-v5_seed43611,b82b5a05-be9a-490a-88d8-9eef856b4861,0.3544096259993239,4.764364647224725e-06,1.344234942322453e-05,30.890059088395766,63.902452223629176,20.0,3.3579449085757024e-06,7.181394634014904e-06,1.96719582222114e-06,1.2506535364811312e-05,0.0,Germany,DEU,baden-wurttemberg,,,Linux-7.0.0-31-generic-x86_64-with-glibc2.43,3.14.4,3.3.0,24,Intel(R) Core(TM) Ultra 9 285K,1,1 x NVIDIA GeForce RTX 5090,9.2986,48.7383,60.816158294677734,machine,0.0,0.0,0.0,0.0,N
gradient_updates_30,2026-09-12T22:35:40,sac_Ant-v5_seed43611,b82b5a05-be9a-490a-88d8-9eef856b4861,4.256134469000244,5.2963367361475496e-05,1.2444023802959869e-05,30.90871051874107,64.03862223871073,20.0,2.9380577115553988e-05,8.60064576939934e-05,2.364267345000273e-05,0.00013902970825954968,0.0,Germany,DEU,baden-wurttemberg,,,Linux-7.0.0-31-generic-x86_64-with-glibc2.43,3.14.4,3.3.0,24,Intel(R) Core(TM) Ultra 9 285K,1,1 x NVIDIA GeForce RTX 5090,9.2986,48.7383,60.816158294677734,machine,0.0,0.0,0.0,0.0,N
rollout_31,2026-09-12T22:35:40,sac_Ant-v5_seed43611,b82b5a05-be9a-490a-88d8-9eef856b4861,0.361275270999613,3.787345812002619e-06,1.0483040158601523e-05,30.850192046814257,63.85457032104787,20.0,2.7299449617303184e-06,5.205837497967991e-06,2.0060624333381565e-06,9.9418448930369e-06,0.0,Germany,DEU,baden-wurttemberg,,,Linux-7.0.0-31-generic-x86_64-with-glibc2.43,3.14.4,3.3.0,24,Intel(R) Core(TM) Ultra 9 285K,1,1 x NVIDIA GeForce RTX 5090,9.2986,48.7383,60.816158294677734,machine,0.0,0.0,0.0,0.0,N
gradient_updates_31,2026-09-12T22:35:45,sac_Ant-v5_seed43611,b82b5a05-be9a-490a-88d8-9eef856b4861,4.194175815000563,5.145606605140357e-05,1.2268475796242378e-05,30.785358878965745,63.96996416999377,20.0,2.8377737146615886e-05,8.339617782801567e-05,2.329910261666241e-05,0.00013507301759129418,0.0,Germany,DEU,baden-wurttemberg,,,Linux-7.0.0-31-generic-x86_64-with-glibc2.43,3.14.4,3.3.0,24,Intel(R) Core(TM) Ultra 9 285K,1,1 x NVIDIA GeForce RTX 5090,9.2986,48.7383,60.816158294677734,machine,0.0,0.0,0.0,0.0,N
rollout_32,2026-09-12T22:35:45,sac_Ant-v5_seed43611,b82b5a05-be9a-490a-88d8-9eef856b4861,0.35554472699914186,4.4672738409739544e-06,1.2564592809965945e-05,30.72467932464978,64.08749558007673,20.0,2.647751284865635e-06,7.104727906021013e-06,1.9741879333397532e-06,1.1726667124226618e-05,0.0,Germany,DEU,baden-wurttemberg,,,Linux-7.0.0-31-generic-x86_64-with-glibc2.43,3.14.4,3.3.0,24,Intel(R) Core(TM) Ultra 9 285K,1,1 x NVIDIA GeForce RTX 5090,9.2986,48.7383,60.816158294677734,machine,0.0,0.0,0.0,0.0,N
gradient_updates_32,2026-09-12T22:35:49,sac_Ant-v5_seed43611,b82b5a05-be9a-490a-88d8-9eef856b4861,4.222600138000416,5.164668733461785e-05,1.2231047246397513e-05,30.658902690567835,64.19177152631023,20.0,2.850896280715172e-05,8.360701132997805e-05,2.3457427450001775e-05,0.00013557340158713155,0.0,Germany,DEU,baden-wurttemberg,,,Linux-7.0.0-31-generic-x86_64-with-glibc2.43,3.14.4,3.3.0,24,Intel(R) Core(TM) Ultra 9 285K,1,1 x NVIDIA GeForce RTX 5090,9.2986,48.7383,60.816158294677734,machine,0.0,0.0,0.0,0.0,N
rollout_33,2026-09-12T22:35:50,sac_Ant-v5_seed43611,b82b5a05-be9a-490a-88d8-9eef856b4861,0.3556181000003562,4.4809749937600556e-06,1.260062037120743e-05,30.609440084721356,64.30006516792265,20.0,2.701614661289667e-06,7.086672336009681e-06,1.9743458777763626e-06,1.1762632875075493e-05,0.0,Germany,DEU,baden-wurttemberg,,,Linux-7.0.0-31-generic-x86_64-with-glibc2.43,3.14.4,3.3.0,24,Intel(R) Core(TM) Ultra 9 285K,1,1 x NVIDIA GeForce RTX 5090,9.2986,48.7383,60.816158294677734,machine,0.0,0.0,0.0,0.0,N
gradient_updates_33,2026-09-12T22:35:54,sac_Ant-v5_seed43611,b82b5a05-be9a-490a-88d8-9eef856b4861,4.174097066001195,5.1627522805671854e-05,1.2368569641560256e-05,30.55845870340618,64.39033683587618,20.0,3.0350305113556117e-05,8.198423225400098e-05,2.3188557016672095e-05,0.00013552309438422897,0.0,Germany,DEU,baden-wurttemberg,,,Linux-7.0.0-31-generic-x86_64-with-glibc2.43,3.14.4,3.3.0,24,Intel(R) Core(TM) Ultra 9 285K,1,1 x NVIDIA GeForce RTX 5090,9.2986,48.7383,60.816158294677734,machine,0.0,0.0,0.0,0.0,N
rollout_34,2026-09-12T22:35:54,sac_Ant-v5_seed43611,b82b5a05-be9a-490a-88d8-9eef856b4861,0.34421533299973817,4.696241983603942e-06,1.3642397812438086e-05,30.599897215555238,64.54070416984958,20.0,3.225872025142129e-06,7.190283530023045e-06,1.9115566999971384e-06,1.2327712255162313e-05,0.0,Germany,DEU,baden-wurttemberg,,,Linux-7.0.0-31-generic-x86_64-with-glibc2.43,3.14.4,3.3.0,24,Intel(R) Core(TM) Ultra 9 285K,1,1 x NVIDIA GeForce RTX 5090,9.2986,48.7383,60.816158294677734,machine,0.0,0.0,0.0,0.0,N
gradient_updates_34,2026-09-12T22:35:58,sac_Ant-v5_seed43611,b82b5a05-be9a-490a-88d8-9eef856b4861,4.190038470998843,5.2395685542664956e-05,1.2504840915750118e-05,30.61975318300462,64.64405656040893,20.0,3.0367327349397483e-05,8.389590044996509e-05,2.3276306372220805e-05,0.0001375395341715836,0.0,Germany,DEU,baden-wurttemberg,,,Linux-7.0.0-31-generic-x86_64-with-glibc2.43,3.14.4,3.3.0,24,Intel(R) Core(TM) Ultra 9 285K,1,1 x NVIDIA GeForce RTX 5090,9.2986,48.7383,60.816158294677734,machine,0.0,0.0,0.0,0.0,N
rollout_35,2026-09-12T22:35:59,sac_Ant-v5_seed43611,b82b5a05-be9a-490a-88d8-9eef856b4861,0.34515254399957485,3.965723641685074e-06,1.1489362250681528e-05,30.649195742845112,64.52196931294078,20.0,3.163107252705452e-06,5.330282041998702e-06,1.916700327779519e-06,1.0410089622483673e-05,0.0,Germany,DEU,baden-wurttemberg,,,Linux-7.0.0-31-generic-x86_64-with-glibc2.43,3.14.4,3.3.0,24,Intel(R) Core(TM) Ultra 9 285K,1,1 x NVIDIA GeForce RTX 5090,9.2986,48.7383,60.816158294677734,machine,0.0,0.0,0.0,0.0,N
gradient_updates_35,2026-09-12T22:36:03,sac_Ant-v5_seed43611,b82b5a05-be9a-490a-88d8-9eef856b4861,4.141903986001125,5.133764801279819e-05,1.2394726043496597e-05,30.6540425440651,64.63841938903491,20.0,2.7475605313801582e-05,8.42778452000148e-05,2.3008717783330962e-05,0.00013476216829714713,0.0,Germany,DEU,baden-wurttemberg,,,Linux-7.0.0-31-generic-x86_64-with-glibc2.43,3.14.4,3.3.0,24,Intel(R) Core(TM) Ultra 9 285K,1,1 x NVIDIA GeForce RTX 5090,9.2986,48.7383,60.816158294677734,machine,0.0,0.0,0.0,0.0,N
rollout_36,2026-09-12T22:36:03,sac_Ant-v5_seed43611,b82b5a05-be9a-490a-88d8-9eef856b4861,0.3590306280002551,3.776112321451225e-06,1.0517131502004718e-05,30.608394272646084,64.47313527752851,20.0,2.7264185700221627e-06,5.19222637601624e-06,1.993711850001084e-06,9.912356796039704e-06,0.0,Germany,DEU,baden-wurttemberg,,,Linux-7.0.0-31-generic-x86_64-with-glibc2.43,3.14.4,3.3.0,24,Intel(R) Core(TM) Ultra 9 285K,1,1 x NVIDIA GeForce RTX 5090,9.2986,48.7383,60.816158294677734,machine,0.0,0.0,0.0,0.0,N
gradient_updates_36,2026-09-12T22:36:07,sac_Ant-v5_seed43611,b82b5a05-be9a-490a-88d8-9eef856b4861,3.993024127999888,5.0384823309571666e-05,1.2618237588830466e-05,30.561897929201372,64.57966865776854,20.0,2.947270607814821e-05,8.060645337398809e-05,2.2181828366663265e-05,0.00013226098781879934,0.0,Germany,DEU,baden-wurttemberg,,,Linux-7.0.0-31-generic-x86_64-with-glibc2.43,3.14.4,3.3.0,24,Intel(R) Core(TM) Ultra 9 285K,1,1 x NVIDIA GeForce RTX 5090,9.2986,48.7383,60.816158294677734,machine,0.0,0.0,0.0,0.0,N
rollout_37,2026-09-12T22:36:08,sac_Ant-v5_seed43611,b82b5a05-be9a-490a-88d8-9eef856b4861,0.3504586559993186,4.7443963053141885e-06,1.3537332216688403e-05,30.608050986246827,64.6953047212384,20.0,3.3449071203672798e-06,7.163061285980765e-06,1.9461497333395084e-06,1.2454118139687553e-05,0.0,Germany,DEU,baden-wurttemberg,,,Linux-7.0.0-31-generic-x86_64-with-glibc2.43,3.14.4,3.3.0,24,Intel(R) Core(TM) Ultra 9 285K,1,1 x NVIDIA GeForce RTX 5090,9.2986,48.7383,60.816158294677734,machine,0.0,0.0,0.0,0.0,N
gradient_updates_37,2026-09-12T22:36:12,sac_Ant-v5_seed43611,b82b5a05-be9a-490a-88d8-9eef856b4861,4.199273088001064,5.262209058939666e-05,1.2531254972987803e-05,30.63260313888877,64.79185259807643,20.0,3.044857185883869e-05,8.435756748600975e-05,2.3327711788887233e-05,0.0001381338511337359,0.0,Germany,DEU,baden-wurttemberg,,,Linux-7.0.0-31-generic-x86_64-with-glibc2.43,3.14.4,3.3.0,24,Intel(R) Core(TM) Ultra 9 285K,1,1 x NVIDIA GeForce RTX 5090,9.2986,48.7383,60.816158294677734,machine,0.0,0.0,0.0,0.0,N
rollout_38,2026-09-12T22:36:12,sac_Ant-v5_seed43611,b82b5a05-be9a-490a-88d8-9eef856b4861,0.3490187489987875,4.020010575374756e-06,1.1517585722423949e-05,30.671994280759936,64.6682947388612,20.0,3.294010690761684e-06,5.3208375899727045e-06,1.9377454333355335e-06,1.0552593714069705e-05,0.0,Germany,DEU,baden-wurttemberg,,,Linux-7.0.0-31-generic-x86_64-with-glibc2.43,3.14.4,3.3.0,24,Intel(R) Core(TM) Ultra 9 285K,1,1 x NVIDIA GeForce RTX 5090,9.2986,48.7383,60.816158294677734,machine,0.0,0.0,0.0,0.0,N
gradient_updates_38,2026-09-12T22:36:16,sac_Ant-v5_seed43611,b82b5a05-be9a-490a-88d8-9eef856b4861,4.2000539250002475,5.2485314334331686e-05,1.2496359404293912e-05,30.691146574099626,64.75958938123614,20.0,3.033635204683846e-05,8.40986783900155e-05,2.3339780783337332e-05,0.00013777481122019108,0.0,Germany,DEU,baden-wurttemberg,,,Linux-7.0.0-31-generic-x86_64-with-glibc2.43,3.14.4,3.3.0,24,Intel(R) Core(TM) Ultra 9 285K,1,1 x NVIDIA GeForce RTX 5090,9.2986,48.7383,60.816158294677734,machine,0.0,0.0,0.0,0.0,N
rollout_39,2026-09-12T22:36:17,sac_Ant-v5_seed43611,b82b5a05-be9a-490a-88d8-9eef856b4861,0.3542585799987137,4.771409806721312e-06,1.3468507540838091e-05,30.726712335782416,64.86635062103781,20.0,3.3259184940674646e-06,7.2319502300022265e-06,1.9671603000057623e-06,1.252502902407502e-05,0.0,Germany,DEU,baden-wurttemberg,,,Linux-7.0.0-31-generic-x86_64-with-glibc2.43,3.14.4,3.3.0,24,Intel(R) Core(TM) Ultra 9 285K,1,1 x NVIDIA GeForce RTX 5090,9.2986,48.7383,60.816158294677734,machine,0.0,0.0,0.0,0.0,N
gradient_updates_39,2026-09-12T22:36:21,sac_Ant-v5_seed43611,b82b5a05-be9a-490a-88d8-9eef856b4861,4.2031067550014996,5.2440830894346334e-05,1.2476708955548903e-05,30.74226287608115,64.95494429580754,20.0,2.9974702313077806e-05,8.433006746400018e-05,2.335327168334015e-05,0.00013765804146041814,0.0,Germany,DEU,baden-wurttemberg,,,Linux-7.0.0-31-generic-x86_64-with-glibc2.43,3.14.4,3.3.0,24,Intel(R) Core(TM) Ultra 9 285K,1,1 x NVIDIA GeForce RTX 5090,9.2986,48.7383,60.816158294677734,machine,0.0,0.0,0.0,0.0,N
rollout_40,2026-09-12T22:36:21,sac_Ant-v5_seed43611,b82b5a05-be9a-490a-88d8-9eef856b4861,0.3565196569998079,4.819701997133257e-06,1.351862920617513e-05,30.788945527057233,65.05031999141043,20.0,3.452193039531551e-06,7.220839110005928e-06,1.978764666667578e-06,1.265179681620484e-05,0.0,Germany,DEU,baden-wurttemberg,,,Linux-7.0.0-31-generic-x86_64-with-glibc2.43,3.14.4,3.3.0,24,Intel(R) Core(TM) Ultra 9 285K,1,1 x NVIDIA GeForce RTX 5090,9.2986,48.7383,60.816158294677734,machine,0.0,0.0,0.0,0.0,N
gradient_updates_40,2026-09-12T22:36:25,sac_Ant-v5_seed43611,b82b5a05-be9a-490a-88d8-9eef856b4861,4.255073515998447,5.3401381897978314e-05,1.255005743136621e-05,30.815693122893094,65.13152208973075,20.0,3.152375521898315e-05,8.502312357400177e-05,2.363262481110519e-05,0.00014017950360409055,0.0,Germany,DEU,baden-wurttemberg,,,Linux-7.0.0-31-generic-x86_64-with-glibc2.43,3.14.4,3.3.0,24,Intel(R) Core(TM) Ultra 9 285K,1,1 x NVIDIA GeForce RTX 5090,9.2986,48.7383,60.816158294677734,machine,0.0,0.0,0.0,0.0,N
rollout_41,2026-09-12T22:36:26,sac_Ant-v5_seed43611,b82b5a05-be9a-490a-88d8-9eef856b4861,0.351549367998814,4.7584460238061024e-06,1.3535307838532497e-05,30.851404806851374,65.23312445802162,20.0,3.3282243292430402e-06,7.21083910198983e-06,1.9519354500011337e-06,1.249099888123422e-05,0.0,Germany,DEU,baden-wurttemberg,,,Linux-7.0.0-31-generic-x86_64-with-glibc2.43,3.14.4,3.3.0,24,Intel(R) Core(TM) Ultra 9 285K,1,1 x NVIDIA GeForce RTX 5090,9.2986,48.7383,60.816158294677734,machine,0.0,0.0,0.0,0.0,N
gradient_updates_41,2026-09-12T22:36:30,sac_Ant-v5_seed43611,b82b5a05-be9a-490a-88d8-9eef856b4861,4.224629176000235,5.231313384749213e-05,1.2382914645850579e-05,30.866072776321353,65.31004882349357,20.0,2.9457023287823153e-05,8.439812307400874e-05,2.346768825555053e-05,0.00013732283461738264,0.0,Germany,DEU,baden-wurttemberg,,,Linux-7.0.0-31-generic-x86_64-with-glibc2.43,3.14.4,3.3.0,24,Intel(R) Core(TM) Ultra 9 285K,1,1 x NVIDIA GeForce RTX 5090,9.2986,48.7383,60.816158294677734,machine,0.0,0.0,0.0,0.0,N
rollout_42,2026-09-12T22:36:30,sac_Ant-v5_seed43611,b82b5a05-be9a-490a-88d8-9eef856b4861,0.3472478260009666,3.997891450278554e-06,1.1512447472824073e-05,30.889527302544273,65.20109440653638,20.0,3.19443894443959e-06,5.372226520028445e-06,1.927865183329802e-06,1.0494530647798053e-05,0.0,Germany,DEU,baden-wurttemberg,,,Linux-7.0.0-31-generic-x86_64-with-glibc2.43,3.14.4,3.3.0,24,Intel(R) Core(TM) Ultra 9 285K,1,1 x NVIDIA GeForce RTX 5090,9.2986,48.7383,60.816158294677734,machine,0.0,0.0,0.0,0.0,N
gradient_updates_42,2026-09-12T22:36:35,sac_Ant-v5_seed43611,b82b5a05-be9a-490a-88d8-9eef856b4861,4.214720775999012,5.318675944359849e-05,1.2619315807855043e-05,30.895682340250545,65.2975067724049,20.0,2.9828591362853624e-05,8.637451354398529e-05,2.341301123333318e-05,0.00013961611614017166,0.0,Germany,DEU,baden-wurttemberg,,,Linux-7.0.0-31-generic-x86_64-with-glibc2.43,3.14.4,3.3.0,24,Intel(R) Core(TM) Ultra 9 285K,1,1 x NVIDIA GeForce RTX 5090,9.2986,48.7383,60.816158294677734,machine,0.0,0.0,0.0,0.0,N
rollout_43,2026-09-12T22:36:35,sac_Ant-v5_seed43611,b82b5a05-be9a-490a-88d8-9eef856b4861,0.3605811850011378,3.782562762031337e-06,1.04901318506442e-05,30.846298704824125,65.15603377057077,20.0,2.6641290757460634e-06,5.2630597659752976e-06,2.002100466668485e-06,9.92928930839028e-06,0.0,Germany,DEU,baden-wurttemberg,,,Linux-7.0.0-31-generic-x86_64-with-glibc2.43,3.14.4,3.3.0,24,Intel(R) Core(TM) Ultra 9 285K,1,1 x NVIDIA GeForce RTX 5090,9.2986,48.7383,60.816158294677734,machine,0.0,0.0,0.0,0.0,N
gradient_updates_43,2026-09-12T22:36:39,sac_Ant-v5_seed43611,b82b5a05-be9a-490a-88d8-9eef856b4861,4.200898908000454,5.263635118199538e-05,1.2529811513799898e-05,30.797183104523082,65.2347686290211,20.0,3.044685935746881e-05,8.438784528802534e-05,2.333658077777732e-05,0.00013817128542327126,0.0,Germany,DEU,baden-wurttemberg,,,Linux-7.0.0-31-generic-x86_64-with-glibc2.43,3.14.4,3.3.0,24,Intel(R) Core(TM) Ultra 9 285K,1,1 x NVIDIA GeForce RTX 5090,9.2986,48.7383,60.816158294677734,machine,0.0,0.0,0.0,0.0,N
rollout_44,2026-09-12T22:36:40,sac_Ant-v5_seed43611,b82b5a05-be9a-490a-88d8-9eef856b4861,0.3484310399999231,4.739964089550512e-06,1.360336878196171e-05,30.837808761211182,65.32845782189365,20.0,3.3618782450568763e-06,7.145839049982339e-06,1.9347662055528743e-06,1.2442483500591656e-05,0.0,Germany,DEU,baden-wurttemberg,,,Linux-7.0.0-31-generic-x86_64-with-glibc2.43,3.14.4,3.3.0,24,Intel(R) Core(TM) Ultra 9 285K,1,1 x NVIDIA GeForce RTX 5090,9.2986,48.7383,60.816158294677734,machine,0.0,0.0,0.0,0.0,N
gradient_updates_44,2026-09-12T22:36:44,sac_Ant-v5_seed43611,b82b5a05-be9a-490a-88d8-9eef856b4861,4.199024004999956,5.303182273559519e-05,1.262958179771739e-05,30.860011312811388,65.41060498992739,20.0,3.0777449066383966e-05,8.510562364000274e-05,2.3326332033330897e-05,0.00013920940473971695,0.0,Germany,DEU,baden-wurttemberg,,,Linux-7.0.0-31-generic-x86_64-with-glibc2.43,3.14.4,3.3.0,24,Intel(R) Core(TM) Ultra 9 285K,1,1 x NVIDIA GeForce RTX 5090,9.2986,48.7383,60.816158294677734,machine,0.0,0.0,0.0,0.0,N
rollout_45,2026-09-12T22:36:44,sac_Ant-v5_seed43611,b82b5a05-be9a-490a-88d8-9eef856b4861,0.3545597419997648,4.08535000457266e-06,1.1522106995723275e-05,30.89622632148344,65.29409816795352,20.0,3.3937691039029327e-06,5.361670956022246e-06,1.9686707277690937e-06,1.072411078769514e-05,0.0,Germany,DEU,baden-wurttemberg,,,Linux-7.0.0-31-generic-x86_64-with-glibc2.43,3.14.4,3.3.0,24,Intel(R) Core(TM) Ultra 9 285K,1,1 x NVIDIA GeForce RTX 5090,9.2986,48.7383,60.816158294677734,machine,0.0,0.0,0.0,0.0,N
gradient_updates_45,2026-09-12T22:36:48,sac_Ant-v5_seed43611,b82b5a05-be9a-490a-88d8-9eef856b4861,4.204411804999836,5.292046922972249e-05,1.258689875326072e-05,30.914781626722498,65.37207688517748,20.0,3.0657667581670406e-05,8.490340125599793e-05,2.335603112222891e-05,0.00013891709995989682,0.0,Germany,DEU,baden-wurttemberg,,,Linux-7.0.0-31-generic-x86_64-with-glibc2.43,3.14.4,3.3.0,24,Intel(R) Core(TM) Ultra 9 285K,1,1 x NVIDIA GeForce RTX 5090,9.2986,48.7383,60.816158294677734,machine,0.0,0.0,0.0,0.0,N
rollout_46,2026-09-12T22:36:49,sac_Ant-v5_seed43611,b82b5a05-be9a-490a-88d8-9eef856b4861,0.35355157000049076,4.7524502224853896e-06,1.3441114702525151e-05,30.93622842598162,65.46109229116392,20.0,3.2568978832921147e-06,7.255561359997831e-06,1.962800561108825e-06,1.247525980439812e-05,0.0,Germany,DEU,baden-wurttemberg,,,Linux-7.0.0-31-generic-x86_64-with-glibc2.43,3.14.4,3.3.0,24,Intel(R) Core(TM) Ultra 9 285K,1,1 x NVIDIA GeForce RTX 5090,9.2986,48.7383,60.816158294677734,machine,0.0,0.0,0.0,0.0,N
gradient_updates_46,2026-09-12T22:36:53,sac_Ant-v5_seed43611,b82b5a05-be9a-490a-88d8-9eef856b4861,4.21498734799934,5.236378936106841e-05,1.2423243272254163e-05,30.940840948212138,65.5323226610782,20.0,2.9312014560703425e-05,8.472895667199776e-05,2.3414834938891276e-05,0.0001374558061715929,0.0,Germany,DEU,baden-wurttemberg,,,Linux-7.0.0-31-generic-x86_64-with-glibc2.43,3.14.4,3.3.0,24,Intel(R) Core(TM) Ultra 9 285K,1,1 x NVIDIA GeForce RTX 5090,9.2986,48.7383,60.816158294677734,machine,0.0,0.0,0.0,0.0,N
rollout_47,2026-09-12T22:36:53,sac_Ant-v5_seed43611,b82b5a05-be9a-490a-88d8-9eef856b4861,0.3527806660003989,4.730932275831719e-06,1.3410081584103589e-05,30.95801961546638,65.62244640084869,20.0,3.215411183437114e-06,7.253061357959112e-06,1.950302300004602e-06,1.2418774841401262e-05,0.0,Germany,DEU,baden-wurttemberg,,,Linux-7.0.0-31-generic-x86_64-with-glibc2.43,3.14.4,3.3.0,24,Intel(R) Core(TM) Ultra 9 285K,1,1 x NVIDIA GeForce RTX 5090,9.2986,48.7383,60.816158294677734,machine,0.0,0.0,0.0,0.0,N
gradient_updates_47,2026-09-12T22:36:57,sac_Ant-v5_seed43611,b82b5a05-be9a-490a-88d8-9eef856b4861,3.955363294999188,4.9345137471420216e-05,1.2475527914207337e-05,30.95546437101876,65.69635766674752,20.0,2.742357304995162e-05,8.01356196640235e-05,2.197260272222487e-05,0.00012953179543619998,0.0,Germany,DEU,baden-wurttemberg,,,Linux-7.0.0-31-generic-x86_64-with-glibc2.43,3.14.4,3.3.0,24,Intel(R) Core(TM) Ultra 9 285K,1,1 x NVIDIA GeForce RTX 5090,9.2986,48.7383,60.816158294677734,machine,0.0,0.0,0.0,0.0,N
rollout_48,2026-09-12T22:36:58,sac_Ant-v5_seed43611,b82b5a05-be9a-490a-88d8-9eef856b4861,0.35658003200114763,4.536484128598618e-06,1.2721812949279558e-05,30.913112335868586,65.77312549009308,20.0,2.662026851842428e-06,7.266116924004029e-06,1.980201488883471e-06,1.1908345264729711e-05,0.0,Germany,DEU,baden-wurttemberg,,,Linux-7.0.0-31-generic-x86_64-with-glibc2.43,3.14.4,3.3.0,24,Intel(R) Core(TM) Ultra 9 285K,1,1 x NVIDIA GeForce RTX 5090,9.2986,48.7383,60.816158294677734,machine,0.0,0.0,0.0,0.0,N
gradient_updates_48,2026-09-12T22:37:01,sac_Ant-v5_seed43611,b82b5a05-be9a-490a-88d8-9eef856b4861,3.931554637998488,4.970682200096952e-05,1.2643072619206117e-05,30.870438991394636,65.84666616228908,20.0,2.868830378395873e-05,7.994950840400916e-05,2.1843411072222825e-05,0.00013048122326018985,0.0,Germany,DEU,baden-wurttemberg,,,Linux-7.0.0-31-generic-x86_64-with-glibc2.43,3.14.4,3.3.0,24,Intel(R) Core(TM) Ultra 9 285K,1,1 x NVIDIA GeForce RTX 5090,9.2986,48.7383,60.816158294677734,machine,0.0,0.0,0.0,0.0,N
rollout_49,2026-09-12T22:37:02,sac_Ant-v5_seed43611,b82b5a05-be9a-490a-88d8-9eef856b4861,0.3514270300001954,4.821928027191457e-06,1.3720728960676555e-05,30.908558648143387,65.93383742082673,20.0,3.4126052300808424e-06,7.293616945985848e-06,1.951418005561841e-06,1.2657640181629182e-05,0.0,Germany,DEU,baden-wurttemberg,,,Linux-7.0.0-31-generic-x86_64-with-glibc2.43,3.14.4,3.3.0,24,Intel(R) Core(TM) Ultra 9 285K,1,1 x NVIDIA GeForce RTX 5090,9.2986,48.7383,60.816158294677734,machine,0.0,0.0,0.0,0.0,N
gradient_updates_49,2026-09-12T22:37:06,sac_Ant-v5_seed43611,b82b5a05-be9a-490a-88d8-9eef856b4861,3.9326811829996586,4.999733044843682e-05,1.2713321310334095e-05,30.926336735285943,66.0068085539057,20.0,2.916346166408415e-05,8.023367529799708e-05,2.1846675738894806e-05,0.0001312438127009756,0.0,Germany,DEU,baden-wurttemberg,,,Linux-7.0.0-31-generic-x86_64-with-glibc2.43,3.14.4,3.3.0,24,Intel(R) Core(TM) Ultra 9 285K,1,1 x NVIDIA GeForce RTX 5090,9.2986,48.7383,60.816158294677734,machine,0.0,0.0,0.0,0.0,N
rollout_50,2026-09-12T22:37:06,sac_Ant-v5_seed43611,b82b5a05-be9a-490a-88d8-9eef856b4861,0.3572524869996414,4.925018499169886e-06,1.3784968689756439e-05,30.97516514328118,66.08503288890657,20.0,3.5932350968079924e-06,7.352228103996161e-06,1.9827911611073126e-06,1.2928254361910599e-05,0.0,Germany,DEU,baden-wurttemberg,,,Linux-7.0.0-31-generic-x86_64-with-glibc2.43,3.14.4,3.3.0,24,Intel(R) Core(TM) Ultra 9 285K,1,1 x NVIDIA GeForce RTX 5090,9.2986,48.7383,60.816158294677734,machine,0.0,0.0,0.0,0.0,N
gradient_updates_50,2026-09-12T22:37:10,sac_Ant-v5_seed43611,b82b5a05-be9a-490a-88d8-9eef856b4861,3.9785151060004864,5.178020941192397e-05,1.3014964433966275e-05,31.004159092798904,66.16918050842234,20.0,3.103111732487285e-05,8.279201067801223e-05,2.2100771227784918e-05,0.00013592389923067043,0.0,Germany,DEU,baden-wurttemberg,,,Linux-7.0.0-31-generic-x86_64-with-glibc2.43,3.14.4,3.3.0,24,Intel(R) Core(TM) Ultra 9 285K,1,1 x NVIDIA GeForce RTX 5090,9.2986,48.7383,60.816158294677734,machine,0.0,0.0,0.0,0.0,N
rollout_51,2026-09-12T22:37:10,sac_Ant-v5_seed43611,b82b5a05-be9a-490a-88d8-9eef856b4861,0.34735272800025996,4.011204687425808e-06,1.1547641068521052e-05,31.02947172371002,66.06623517136262,20.0,3.2699528937380623e-06,5.330559819993752e-06,1.928965400000175e-06,1.0529478113731339e-05,0.0,Germany,DEU,baden-wurttemberg,,,Linux-7.0.0-31-generic-x86_64-with-glibc2.43,3.14.4,3.3.0,24,Intel(R) Core(TM) Ultra 9 285K,1,1 x NVIDIA GeForce RTX 5090,9.2986,48.7383,60.816158294677734,machine,0.0,0.0,0.0,0.0,N
gradient_updates_51,2026-09-12T22:37:14,sac_Ant-v5_seed43611,b82b5a05-be9a-490a-88d8-9eef856b4861,3.938165678999212,4.988393054536312e-05,1.2666806952948324e-05,31.036800747313286,66.1357629943637,20.0,2.8667552100691135e-05,8.040256432201298e-05,2.1876019672223803e-05,0.00013094613609492857,0.0,Germany,DEU,baden-wurttemberg,,,Linux-7.0.0-31-generic-x86_64-with-glibc2.43,3.14.4,3.3.0,24,Intel(R) Core(TM) Ultra 9 285K,1,1 x NVIDIA GeForce RTX 5090,9.2986,48.7383,60.816158294677734,machine,0.0,0.0,0.0,0.0,N
rollout_52,2026-09-12T22:37:15,sac_Ant-v5_seed43611,b82b5a05-be9a-490a-88d8-9eef856b4861,0.3498608770005376,4.781151041440782e-06,1.366551144712844e-05,31.061375696840038,66.22043515747062,20.0,3.2932648568323453e-06,7.314450295975439e-06,1.9428847722238046e-06,1.2550599925031589e-05,0.0,Germany,DEU,baden-wurttemberg,,,Linux-7.0.0-31-generic-x86_64-with-glibc2.43,3.14.4,3.3.0,24,Intel(R) Core(TM) Ultra 9 285K,1,1 x NVIDIA GeForce RTX 5090,9.2986,48.7383,60.816158294677734,machine,0.0,0.0,0.0,0.0,N
gradient_updates_52,2026-09-12T22:37:19,sac_Ant-v5_seed43611,b82b5a05-be9a-490a-88d8-9eef856b4861,3.9300252480006748,4.972840202450892e-05,1.2653480389663669e-05,31.068321480235284,66.28600532881028,20.0,2.861753733845486e-05,8.008867518202734e-05,2.183165865554757e-05,0.00013053787117603063,0.0,Germany,DEU,baden-wurttemberg,,,Linux-7.0.0-31-generic-x86_64-with-glibc2.43,3.14.4,3.3.0,24,Intel(R) Core(TM) Ultra 9 285K,1,1 x NVIDIA GeForce RTX 5090,9.2986,48.7383,60.816158294677734,machine,0.0,0.0,0.0,0.0,N
rollout_53,2026-09-12T22:37:19,sac_Ant-v5_seed43611,b82b5a05-be9a-490a-88d8-9eef856b4861,0.35103003599942895,4.767419412599842e-06,1.3581008586190867e-05,31.091465887134774,66.36095161725753,20.0,3.2975709713875534e-06,7.26722803598423e-06,1.949755166667051e-06,1.2514554174038184e-05,0.0,Germany,DEU,baden-wurttemberg,,,Linux-7.0.0-31-generic-x86_64-with-glibc2.43,3.14.4,3.3.0,24,Intel(R) Core(TM) Ultra 9 285K,1,1 x NVIDIA GeForce RTX 5090,9.2986,48.7383,60.816158294677734,machine,0.0,0.0,0.0,0.0,N
gradient_updates_53,2026-09-12T22:37:23,sac_Ant-v5_seed43611,b82b5a05-be9a-490a-88d8-9eef856b4861,3.946847715000331,4.942943277892265e-05,1.2523821178267717e-05,31.094808074473708,66.4238061057581,20.0,2.743006666625601e-05,8.039811987400891e-05,2.1924885461107203e-05,0.0001297530720013717,0.0,Germany,DEU,baden-wurttemberg,,,Linux-7.0.0-31-generic-x86_64-with-glibc2.43,3.14.4,3.3.0,24,Intel(R) Core(TM) Ultra 9 285K,1,1 x NVIDIA GeForce RTX 5090,9.2986,48.7383,60.816158294677734,machine,0.0,0.0,0.0,0.0,N
rollout_54,2026-09-12T22:37:23,sac_Ant-v5_seed43611,b82b5a05-be9a-490a-88d8-9eef856b4861,0.3620209180007805,4.603203741133065e-06,1.2714643482207869e-05,31.05624756515635,66.4851012236211,20.0,2.707243276903193e-06,7.366394782021279e-06,2.0098472833321186e-06,1.2083485342257241e-05,0.0,Germany,DEU,baden-wurttemberg,,,Linux-7.0.0-31-generic-x86_64-with-glibc2.43,3.14.4,3.3.0,24,Intel(R) Core(TM) Ultra 9 285K,1,1 x NVIDIA GeForce RTX 5090,9.2986,48.7383,60.816158294677734,machine,0.0,0.0,0.0,0.0,N
gradient_updates_54,2026-09-12T22:37:27,sac_Ant-v5_seed43611,b82b5a05-be9a-490a-88d8-9eef856b4861,3.9490193049987283,4.989090380714493e-05,1.2633767160485554e-05,31.0175392142421,66.54258243076362,20.0,2.8975015957773825e-05,8.005200848595906e-05,2.1937416577778434e-05,0.00013096444102151175,0.0,Germany,DEU,baden-wurttemberg,,,Linux-7.0.0-31-generic-x86_64-with-glibc2.43,3.14.4,3.3.0,24,Intel(R) Core(TM) Ultra 9 285K,1,1 x NVIDIA GeForce RTX 5090,9.2986,48.7383,60.816158294677734,machine,0.0,0.0,0.0,0.0,N
rollout_55,2026-09-12T22:37:28,sac_Ant-v5_seed43611,b82b5a05-be9a-490a-88d8-9eef856b4861,0.3485498509999161,4.067764804651427e-06,1.1670160150848988e-05,31.047399171046123,66.44389021079797,20.0,3.363980468960512e-06,5.371393185987783e-06,1.9425756944454597e-06,1.0677949349393104e-05,0.0,Germany,DEU,baden-wurttemberg,,,Linux-7.0.0-31-generic-x86_64-with-glibc2.43,3.14.4,3.3.0,24,Intel(R) Core(TM) Ultra 9 285K,1,1 x NVIDIA GeForce RTX 5090,9.2986,48.7383,60.816158294677734,machine,0.0,0.0,0.0,0.0,N
gradient_updates_55,2026-09-12T22:37:32,sac_Ant-v5_seed43611,b82b5a05-be9a-490a-88d8-9eef856b4861,3.9335769610006537,4.971696332102451e-05,1.2639130917916951e-05,31.057746460799038,66.50740924846707,20.0,2.8078835240828715e-05,8.057756446200326e-05,2.185144468888514e-05,0.00013050784439171646,0.0,Germany,DEU,baden-wurttemberg,,,Linux-7.0.0-31-generic-x86_64-with-glibc2.43,3.14.4,3.3.0,24,Intel(R) Core(TM) Ultra 9 285K,1,1 x NVIDIA GeForce RTX 5090,9.2986,48.7383,60.816158294677734,machine,0.0,0.0,0.0,0.0,N
rollout_56,2026-09-12T22:37:32,sac_Ant-v5_seed43611,b82b5a05-be9a-490a-88d8-9eef856b4861,0.34711976800099364,4.7815095013154126e-06,1.3774726514232769e-05,31.07858037734564,66.59381929246737,20.0,3.2467762085298946e-06,7.377228123994772e-06,1.927536555558539e-06,1.2551540888083856e-05,0.0,Germany,DEU,baden-wurttemberg,,,Linux-7.0.0-31-generic-x86_64-with-glibc2.43,3.14.4,3.3.0,24,Intel(R) Core(TM) Ultra 9 285K,1,1 x NVIDIA GeForce RTX 5090,9.2986,48.7383,60.816158294677734,machine,0.0,0.0,0.0,0.0,N
gradient_updates_56,2026-09-12T22:37:36,sac_Ant-v5_seed43611,b82b5a05-be9a-490a-88d8-9eef856b4861,3.9405155000004015,4.97856150875331e-05,1.263431155342673e-05,31.082816810028998,66.65297150418857,20.0,2.8335063501366484e-05,8.046311992598865e-05,2.188987297777208e-05,0.00013068805640512743,0.0,Germany,DEU,baden-wurttemberg,,,Linux-7.0.0-31-generic-x86_64-with-glibc2.43,3.14.4,3.3.0,24,Intel(R) Core(TM) Ultra 9 285K,1,1 x NVIDIA GeForce RTX 5090,9.2986,48.7383,60.816158294677734,machine,0.0,0.0,0.0,0.0,N
rollout_57,2026-09-12T22:37:36,sac_Ant-v5_seed43611,b82b5a05-be9a-490a-88d8-9eef856b4861,0.3493924779995723,4.792964888632959e-06,1.3717625918466047e-05,31.107141401391917,66.72737358831068,20.0,3.3166107088408725e-06,7.323616970006386e-06,1.941383788885533e-06,1.2581611467733442e-05,0.0,Germany,DEU,baden-wurttemberg,,,Linux-7.0.0-31-generic-x86_64-with-glibc2.43,3.14.4,3.3.0,24,Intel(R) Core(TM) Ultra 9 285K,1,1 x NVIDIA GeForce RTX 5090,9.2986,48.7383,60.816158294677734,machine,0.0,0.0,0.0,0.0,N
gradient_updates_57,2026-09-12T22:37:40,sac_Ant-v5_seed43611,b82b5a05-be9a-490a-88d8-9eef856b4861,3.9298250200008624,4.969671833924584e-05,1.2646060254107981e-05,31.113429625786537,66.78794475438073,20.0,2.7918533445919422e-05,8.070534234203008e-05,2.1830825194451425e-05,0.00013045470098240093,0.0,Germany,DEU,baden-wurttemberg,,,Linux-7.0.0-31-generic-x86_64-with-glibc2.43,3.14.4,3.3.0,24,Intel(R) Core(TM) Ultra 9 285K,1,1 x NVIDIA GeForce RTX 5090,9.2986,48.7383,60.816158294677734,machine,0.0,0.0,0.0,0.0,N
rollout_58,2026-09-12T22:37:40,sac_Ant-v5_seed43611,b82b5a05-be9a-490a-88d8-9eef856b4861,0.34471590099929017,4.780865756551754e-06,1.38680196579731e-05,31.13742667815009,66.87227742288711,20.0,3.2741234526293544e-06,7.361672555994403e-06,1.914055038893577e-06,1.2549851047517768e-05,0.0,Germany,DEU,baden-wurttemberg,,,Linux-7.0.0-31-generic-x86_64-with-glibc2.43,3.14.4,3.3.0,24,Intel(R) Core(TM) Ultra 9 285K,1,1 x NVIDIA GeForce RTX 5090,9.2986,48.7383,60.816158294677734,machine,0.0,0.0,0.0,0.0,N
gradient_updates_58,2026-09-12T22:37:44,sac_Ant-v5_seed43611,b82b5a05-be9a-490a-88d8-9eef856b4861,3.9393145260000892,4.976249063355816e-05,1.2632282195582305e-05,31.14303243074953,66.93188797657878,20.0,2.7680649366724e-05,8.106339818400587e-05,2.188330678332519e-05,0.00013062735433405463,0.0,Germany,DEU,baden-wurttemberg,,,Linux-7.0.0-31-generic-x86_64-with-glibc2.43,3.14.4,3.3.0,24,Intel(R) Core(TM) Ultra 9 285K,1,1 x NVIDIA GeForce RTX 5090,9.2986,48.7383,60.816158294677734,machine,0.0,0.0,0.0,0.0,N
rollout_59,2026-09-12T22:37:45,sac_Ant-v5_seed43611,b82b5a05-be9a-490a-88d8-9eef856b4861,0.36354069899971364,4.5708273138916206e-06,1.2572840755255947e-05,31.10569346429967,66.9744365444244,20.0,2.699749937575685e-06,7.280283602001392e-06,2.0184631499939494e-06,1.1998496689570592e-05,0.0,Germany,DEU,baden-wurttemberg,,,Linux-7.0.0-31-generic-x86_64-with-glibc2.43,3.14.4,3.3.0,24,Intel(R) Core(TM) Ultra 9 285K,1,1 x NVIDIA GeForce RTX 5090,9.2986,48.7383,60.816158294677734,machine,0.0,0.0,0.0,0.0,N
gradient_updates_59,2026-09-12T22:37:49,sac_Ant-v5_seed43611,b82b5a05-be9a-490a-88d8-9eef856b4861,3.9468133469999884,4.991115688021165e-05,1.2645961629301211e-05,31.067597796198253,67.02796053172293,20.0,2.8433008024165984e-05,8.065534230197735e-05,2.1929255344447368e-05,0.0001310176056705907,0.0,Germany,DEU,baden-wurttemberg,,,Linux-7.0.0-31-generic-x86_64-with-glibc2.43,3.14.4,3.3.0,24,Intel(R) Core(TM) Ultra 9 285K,1,1 x NVIDIA GeForce RTX 5090,9.2986,48.7383,60.816158294677734,machine,0.0,0.0,0.0,0.0,N
rollout_60,2026-09-12T22:37:49,sac_Ant-v5_seed43611,b82b5a05-be9a-490a-88d8-9eef856b4861,0.3557953700001235,4.910019827797721e-06,1.3800118734485221e-05,31.101458427004857,67.09237221860596,20.0,3.5051750263605935e-06,7.408894816013367e-06,1.9748127611110902e-06,1.2888882603485918e-05,0.0,Germany,DEU,baden-wurttemberg,,,Linux-7.0.0-31-generic-x86_64-with-glibc2.43,3.14.4,3.3.0,24,Intel(R) Core(TM) Ultra 9 285K,1,1 x NVIDIA GeForce RTX 5090,9.2986,48.7383,60.816158294677734,machine,0.0,0.0,0.0,0.0,N
gradient_updates_60,2026-09-12T22:37:53,sac_Ant-v5_seed43611,b82b5a05-be9a-490a-88d8-9eef856b4861,4.008581648000472,5.086018663545428e-05,1.2687830270115659e-05,31.118411216483576,67.15449609021081,20.0,2.7893051203311744e-05,8.33478444560165e-05,2.226792868889084e-05,0.0001335088243482191,0.0,Germany,DEU,baden-wurttemberg,,,Linux-7.0.0-31-generic-x86_64-with-glibc2.43,3.14.4,3.3.0,24,Intel(R) Core(TM) Ultra 9 285K,1,1 x NVIDIA GeForce RTX 5090,9.2986,48.7383,60.816158294677734,machine,0.0,0.0,0.0,0.0,N
rollout_61,2026-09-12T22:37:53,sac_Ant-v5_seed43611,b82b5a05-be9a-490a-88d8-9eef856b4861,0.3650472039989836,4.560625092217378e-06,1.2492947669677606e-05,31.083096331235193,67.18470296219567,20.0,2.7267746814194777e-06,7.212505769987887e-06,2.0324352388847652e-06,1.1971715690292997e-05,0.0,Germany,DEU,baden-wurttemberg,,,Linux-7.0.0-31-generic-x86_64-with-glibc2.43,3.14.4,3.3.0,24,Intel(R) Core(TM) Ultra 9 285K,1,1 x NVIDIA GeForce RTX 5090,9.2986,48.7383,60.816158294677734,machine,0.0,0.0,0.0,0.0,N
gradient_updates_61,2026-09-12T22:37:57,sac_Ant-v5_seed43611,b82b5a05-be9a-490a-88d8-9eef856b4861,3.9582413570005883,5.056265863635952e-05,1.2774041834163012e-05,31.048962137704716,67.23617462579588,20.0,2.9686582915914445e-05,8.105284261999968e-05,2.1988382933331007e-05,0.00013272780846924556,0.0,Germany,DEU,baden-wurttemberg,,,Linux-7.0.0-31-generic-x86_64-with-glibc2.43,3.14.4,3.3.0,24,Intel(R) Core(TM) Ultra 9 285K,1,1 x NVIDIA GeForce RTX 5090,9.2986,48.7383,60.816158294677734,machine,0.0,0.0,0.0,0.0,N
rollout_62,2026-09-12T22:37:58,sac_Ant-v5_seed43611,b82b5a05-be9a-490a-88d8-9eef856b4861,0.351691349000248,4.8407796992408145e-06,1.3763542450120323e-05,31.076585345178426,67.30144822300122,20.0,3.3984313298519864e-06,7.361394777971597e-06,1.947300022220582e-06,1.27071261300446e-05,0.0,Germany,DEU,baden-wurttemberg,,,Linux-7.0.0-31-generic-x86_64-with-glibc2.43,3.14.4,3.3.0,24,Intel(R) Core(TM) Ultra 9 285K,1,1 x NVIDIA GeForce RTX 5090,9.2986,48.7383,60.816158294677734,machine,0.0,0.0,0.0,0.0,N
gradient_updates_62,2026-09-12T22:38:02,sac_Ant-v5_seed43611,b82b5a05-be9a-490a-88d8-9eef856b4861,3.945256878998407,5.029744395995076e-05,1.274889215063548e-05,31.088081720278925,67.35327624164223,20.0,2.9038645175340563e-05,8.107700930601314e-05,2.191596111111296e-05,0.0001320316155924671,0.0,Germany,DEU,baden-wurttemberg,,,Linux-7.0.0-31-generic-x86_64-with-glibc2.43,3.14.4,3.3.0,24,Intel(R) Core(TM) Ultra 9 285K,1,1 x NVIDIA GeForce RTX 5090,9.2986,48.7383,60.816158294677734,machine,0.0,0.0,0.0,0.0,N
rollout_63,2026-09-12T22:38:02,sac_Ant-v5_seed43611,b82b5a05-be9a-490a-88d8-9eef856b4861,0.34536051499890164,4.794312315138834e-06,1.3881727686081605e-05,31.10899984196266,67.42934932026193,20.0,3.2621706652930654e-06,7.405839258012303e-06,1.9171385611115206e-06,1.2585148484416456e-05,0.0,Germany,DEU,baden-wurttemberg,,,Linux-7.0.0-31-generic-x86_64-with-glibc2.43,3.14.4,3.3.0,24,Intel(R) Core(TM) Ultra 9 285K,1,1 x NVIDIA GeForce RTX 5090,9.2986,48.7383,60.816158294677734,machine,0.0,0.0,0.0,0.0,N
gradient_updates_63,2026-09-12T22:38:06,sac_Ant-v5_seed43611,b82b5a05-be9a-490a-88d8-9eef856b4861,4.007265394000569,4.982175694892826e-05,1.2432880111954262e-05,31.11287398798603,67.48434025940068,20.0,2.545059813823837e-05,8.307145534600102e-05,2.226087590000451e-05,0.00013078292938424434,0.0,Germany,DEU,baden-wurttemberg,,,Linux-7.0.0-31-generic-x86_64-with-glibc2.43,3.14.4,3.3.0,24,Intel(R) Core(TM) Ultra 9 285K,1,1 x NVIDIA GeForce RTX 5090,9.2986,48.7383,60.816158294677734,machine,0.0,0.0,0.0,0.0,N
rollout_64,2026-09-12T22:38:06,sac_Ant-v5_seed43611,b82b5a05-be9a-490a-88d8-9eef856b4861,0.3696494050000183,4.584190540637273e-06,1.2401178471555404e-05,31.076149759901504,67.50949714888294,20.0,2.7118552250390837e-06,7.268894703982287e-06,2.052825449997634e-06,1.2033575379018571e-05,0.0,Germany,DEU,baden-wurttemberg,,,Linux-7.0.0-31-generic-x86_64-with-glibc2.43,3.14.4,3.3.0,24,Intel(R) Core(TM) Ultra 9 285K,1,1 x NVIDIA GeForce RTX 5090,9.2986,48.7383,60.816158294677734,machine,0.0,0.0,0.0,0.0,N
gradient_updates_64,2026-09-12T22:38:10,sac_Ant-v5_seed43611,b82b5a05-be9a-490a-88d8-9eef856b4861,3.9487841409991233,5.027355153154004e-05,1.2731426134473849e-05,31.039713191821928,67.55963625524036,20.0,2.8670434047441823e-05,8.136200953401396e-05,2.1936453994445947e-05,0.00013196889757590216,0.0,Germany,DEU,baden-wurttemberg,,,Linux-7.0.0-31-generic-x86_64-with-glibc2.43,3.14.4,3.3.0,24,Intel(R) Core(TM) Ultra 9 285K,1,1 x NVIDIA GeForce RTX 5090,9.2986,48.7383,60.816158294677734,machine,0.0,0.0,0.0,0.0,N
rollout_65,2026-09-12T22:38:11,sac_Ant-v5_seed43611,b82b5a05-be9a-490a-88d8-9eef856b4861,0.3485038180006086,4.80024991752169e-06,1.3773528050008836e-05,31.063153388493866,67.62131240741905,20.0,3.3281901625492605e-06,7.3375058699809426e-06,1.9350387555580086e-06,1.2600734788087778e-05,0.0,Germany,DEU,baden-wurttemberg,,,Linux-7.0.0-31-generic-x86_64-with-glibc2.43,3.14.4,3.3.0,24,Intel(R) Core(TM) Ultra 9 285K,1,1 x NVIDIA GeForce RTX 5090,9.2986,48.7383,60.816158294677734,machine,0.0,0.0,0.0,0.0,N
gradient_updates_65,2026-09-12T22:38:15,sac_Ant-v5_seed43611,b82b5a05-be9a-490a-88d8-9eef856b4861,3.9531161800005066,5.0306865321547885e-05,1.2725898523247492e-05,31.071654981331555,67.66819083780835,20.0,2.8895992561223452e-05,8.120006496001309e-05,2.1960289299992504e-05,0.0001320563468212299,0.0,Germany,DEU,baden-wurttemberg,,,Linux-7.0.0-31-generic-x86_64-with-glibc2.43,3.14.4,3.3.0,24,Intel(R) Core(TM) Ultra 9 285K,1,1 x NVIDIA GeForce RTX 5090,9.2986,48.7383,60.816158294677734,machine,0.0,0.0,0.0,0.0,N
rollout_66,2026-09-12T22:38:15,sac_Ant-v5_seed43611,b82b5a05-be9a-490a-88d8-9eef856b4861,0.35244037799930084,4.82168128414142e-06,1.368023568146296e-05,31.098198602311548,67.71820437122857,20.0,3.4141480090947585e-06,7.286394717975764e-06,1.9564497500041723e-06,1.2656992477074261e-05,0.0,Germany,DEU,baden-wurttemberg,,,Linux-7.0.0-31-generic-x86_64-with-glibc2.43,3.14.4,3.3.0,24,Intel(R) Core(TM) Ultra 9 285K,1,1 x NVIDIA GeForce RTX 5090,9.2986,48.7383,60.816158294677734,machine,0.0,0.0,0.0,0.0,N
gradient_updates_66,2026-09-12T22:38:19,sac_Ant-v5_seed43611,b82b5a05-be9a-490a-88d8-9eef856b4861,3.9385051030003524,5.021592043674434e-05,1.2750017017273072e-05,31.108856062137136,67.76619260888265,20.0,2.8665110709844704e-05,8.127367613003367e-05,2.187882816667014e-05,0.0001318176150065485,0.0,Germany,DEU,baden-wurttemberg,,,Linux-7.0.0-31-generic-x86_64-with-glibc2.43,3.14.4,3.3.0,24,Intel(R) Core(TM) Ultra 9 285K,1,1 x NVIDIA GeForce RTX 5090,9.2986,48.7383,60.816158294677734,machine,0.0,0.0,0.0,0.0,N
rollout_67,2026-09-12T22:38:19,sac_Ant-v5_seed43611,b82b5a05-be9a-490a-88d8-9eef856b4861,0.35077436400024453,4.824222360804743e-06,1.3752762932253453e-05,31.13444716933257,67.81979283921035,20.0,3.3948374380896734e-06,7.321116968023178e-06,1.947708438890857e-06,1.2663662845004142e-05,0.0,Germany,DEU,baden-wurttemberg,,,Linux-7.0.0-31-generic-x86_64-with-glibc2.43,3.14.4,3.3.0,24,Intel(R) Core(TM) Ultra 9 285K,1,1 x NVIDIA GeForce RTX 5090,9.2986,48.7383,60.816158294677734,machine,0.0,0.0,0.0,0.0,N
gradient_updates_67,2026-09-12T22:38:23,sac_Ant-v5_seed43611,b82b5a05-be9a-490a-88d8-9eef856b4861,3.933709175000331,5.0441433421079436e-05,1.2822893923900479e-05,31.145564490210464,67.86692703309974,20.0,2.9296501492737798e-05,8.12608983419838e-05,2.1852190455552527e-05,0.00013240959029027326,0.0,Germany,DEU,baden-wurttemberg,,,Linux-7.0.0-31-generic-x86_64-with-glibc2.43,3.14.4,3.3.0,24,Intel(R) Core(TM) Ultra 9 285K,1,1 x NVIDIA GeForce RTX 5090,9.2986,48.7383,60.816158294677734,machine,0.0,0.0,0.0,0.0,N
rollout_68,2026-09-12T22:38:24,sac_Ant-v5_seed43611,b82b5a05-be9a-490a-88d8-9eef856b4861,0.35157449699909193,4.155590342071712e-06,1.181951175105318e-05,31.17135729357878,67.78763333654584,20.0,3.4139616200551393e-06,5.54222665596904e-06,1.9523045499932404e-06,1.0908492826018287e-05,0.0,Germany,DEU,baden-wurttemberg,,,Linux-7.0.0-31-generic-x86_64-with-glibc2.43,3.14.4,3.3.0,24,Intel(R) Core(TM) Ultra 9 285K,1,1 x NVIDIA GeForce RTX 5090,9.2986,48.7383,60.816158294677734,machine,0.0,0.0,0.0,0.0,N
gradient_updates_68,2026-09-12T22:38:28,sac_Ant-v5_seed43611,b82b5a05-be9a-490a-88d8-9eef856b4861,3.9422710300004837,5.017543384850873e-05,1.2727565304674266e-05,31.181103935037658,67.83439012607886,20.0,2.839080910151809e-05,8.142645403000359e-05,2.1894073916670694e-05,0.0001317113370481928,0.0,Germany,DEU,baden-wurttemberg,,,Linux-7.0.0-31-generic-x86_64-with-glibc2.43,3.14.4,3.3.0,24,Intel(R) Core(TM) Ultra 9 285K,1,1 x NVIDIA GeForce RTX 5090,9.2986,48.7383,60.816158294677734,machine,0.0,0.0,0.0,0.0,N
rollout_69,2026-09-12T22:38:28,sac_Ant-v5_seed43611,b82b5a05-be9a-490a-88d8-9eef856b4861,0.34537079599977005,4.078332246667052e-06,1.1808273576878446e-05,31.201213467888554,67.76074212738165,20.0,3.2847876278285087e-06,5.503059958000822e-06,1.917841472226685e-06,1.0705689058056883e-05,0.0,Germany,DEU,baden-wurttemberg,,,Linux-7.0.0-31-generic-x86_64-with-glibc2.43,3.14.4,3.3.0,24,Intel(R) Core(TM) Ultra 9 285K,1,1 x NVIDIA GeForce RTX 5090,9.2986,48.7383,60.816158294677734,machine,0.0,0.0,0.0,0.0,N
gradient_updates_69,2026-09-12T22:38:32,sac_Ant-v5_seed43611,b82b5a05-be9a-490a-88d8-9eef856b4861,3.9369649479995132,5.126823854754298e-05,1.3022297177154e-05,31.20819629363959,67.82090881487895,20.0,2.9201812250320355e-05,8.350784458399652e-05,2.1870310477778692e-05,0.000134579967312096,0.0,Germany,DEU,baden-wurttemberg,,,Linux-7.0.0-31-generic-x86_64-with-glibc2.43,3.14.4,3.3.0,24,Intel(R) Core(TM) Ultra 9 285K,1,1 x NVIDIA GeForce RTX 5090,9.2986,48.7383,60.816158294677734,machine,0.0,0.0,0.0,0.0,N
rollout_70,2026-09-12T22:38:32,sac_Ant-v5_seed43611,b82b5a05-be9a-490a-88d8-9eef856b4861,0.35743438499957847,4.195562296607086e-06,1.1737266500150759e-05,31.2345546993554,67.73728436896432,20.0,3.495036407138649e-06,5.534448871996611e-06,1.983934583333572e-06,1.1013419862468399e-05,0.0,Germany,DEU,baden-wurttemberg,,,Linux-7.0.0-31-generic-x86_64-with-glibc2.43,3.14.4,3.3.0,24,Intel(R) Core(TM) Ultra 9 285K,1,1 x NVIDIA GeForce RTX 5090,9.2986,48.7383,60.816158294677734,machine,0.0,0.0,0.0,0.0,N
gradient_updates_70,2026-09-12T22:38:36,sac_Ant-v5_seed43611,b82b5a05-be9a-490a-88d8-9eef856b4861,4.014742258001206,5.175066732108439e-05,1.2890171308696487e-05,31.245974667907895,67.80372381728661,20.0,2.72657973681735e-05,8.627840235603257e-05,2.2302151033333495e-05,0.00013584635075753956,0.0,Germany,DEU,baden-wurttemberg,,,Linux-7.0.0-31-generic-x86_64-with-glibc2.43,3.14.4,3.3.0,24,Intel(R) Core(TM) Ultra 9 285K,1,1 x NVIDIA GeForce RTX 5090,9.2986,48.7383,60.816158294677734,machine,0.0,0.0,0.0,0.0,N
rollout_71,2026-09-12T22:38:37,sac_Ant-v5_seed43611,b82b5a05-be9a-490a-88d8-9eef856b4861,0.36255186299968045,3.8622036494058085e-06,1.0652534295994064e-05,31.213268100182823,67.70966058947971,20.0,2.680777977954324e-06,5.444171021967703e-06,2.0133989444425134e-06,1.0138347944364107e-05,0.0,Germany,DEU,baden-wurttemberg,,,Linux-7.0.0-31-generic-x86_64-with-glibc2.43,3.14.4,3.3.0,24,Intel(R) Core(TM) Ultra 9 285K,1,1 x NVIDIA GeForce RTX 5090,9.2986,48.7383,60.816158294677734,machine,0.0,0.0,0.0,0.0,N
gradient_updates_71,2026-09-12T22:38:41,sac_Ant-v5_seed43611,b82b5a05-be9a-490a-88d8-9eef856b4861,3.9158387719999155,5.025491683814925e-05,1.2833780047721165e-05,31.179699199084016,67.76312078162556,20.0,2.797197293311765e-05,8.219478797802382e-05,2.175322028888328e-05,0.00013191998120002518,0.0,Germany,DEU,baden-wurttemberg,,,Linux-7.0.0-31-generic-x86_64-with-glibc2.43,3.14.4,3.3.0,24,Intel(R) Core(TM) Ultra 9 285K,1,1 x NVIDIA GeForce RTX 5090,9.2986,48.7383,60.816158294677734,machine,0.0,0.0,0.0,0.0,N
rollout_72,2026-09-12T22:38:41,sac_Ant-v5_seed43611,b82b5a05-be9a-490a-88d8-9eef856b4861,0.35865197100065416,4.6513658462374666e-06,1.2968771121629382e-05,31.15358866295654,67.81294653929655,20.0,2.736506355868404e-06,7.4822282080111435e-06,1.991177094441774e-06,1.2209911658320888e-05,0.0,Germany,DEU,baden-wurttemberg,,,Linux-7.0.0-31-generic-x86_64-with-glibc2.43,3.14.4,3.3.0,24,Intel(R) Core(TM) Ultra 9 285K,1,1 x NVIDIA GeForce RTX 5090,9.2986,48.7383,60.816158294677734,machine,0.0,0.0,0.0,0.0,N
gradient_updates_72,2026-09-12T22:38:45,sac_Ant-v5_seed43611,b82b5a05-be9a-490a-88d8-9eef856b4861,3.933574208000209,5.031767961522979e-05,1.2791877299719438e-05,31.12553971047507,67.86066758533529,20.0,2.837034519625678e-05,8.186256548997628e-05,2.1851823833336868e-05,0.0001320847345195695,0.0,Germany,DEU,baden-wurttemberg,,,Linux-7.0.0-31-generic-x86_64-with-glibc2.43,3.14.4,3.3.0,24,Intel(R) Core(TM) Ultra 9 285K,1,1 x NVIDIA GeForce RTX 5090,9.2986,48.7383,60.816158294677734,machine,0.0,0.0,0.0,0.0,N
rollout_73,2026-09-12T22:38:45,sac_Ant-v5_seed43611,b82b5a05-be9a-490a-88d8-9eef856b4861,0.35187252600007923,4.861529343781583e-06,1.3815772980696772e-05,31.1425060516349,67.92077283565267,20.0,3.3100834813983016e-06,7.500561555989771e-06,1.9509492500016483e-06,1.2761594287390154e-05,0.0,Germany,DEU,baden-wurttemberg,,,Linux-7.0.0-31-generic-x86_64-with-glibc2.43,3.14.4,3.3.0,24,Intel(R) Core(TM) Ultra 9 285K,1,1 x NVIDIA GeForce RTX 5090,9.2986,48.7383,60.816158294677734,machine,0.0,0.0,0.0,0.0,N
gradient_updates_73,2026-09-12T22:38:49,sac_Ant-v5_seed43611,b82b5a05-be9a-490a-88d8-9eef856b4861,3.92618265999954,5.058908915824868e-05,1.2885110786288647e-05,31.147285813646928,67.96972305538898,20.0,2.8856031695919174e-05,8.213089903802429e-05,2.1810258288890855e-05,0.00013279718902283431,0.0,Germany,DEU,baden-wurttemberg,,,Linux-7.0.0-31-generic-x86_64-with-glibc2.43,3.14.4,3.3.0,24,Intel(R) Core(TM) Ultra 9 285K,1,1 x NVIDIA GeForce RTX 5090,9.2986,48.7383,60.816158294677734,machine,0.0,0.0,0.0,0.0,N
rollout_74,2026-09-12T22:38:50,sac_Ant-v5_seed43611,b82b5a05-be9a-490a-88d8-9eef856b4861,0.34999517800133617,4.8216601962374275e-06,1.3775448502706665e-05,31.160855663689755,68.02803863467679,20.0,3.2470817643310418e-06,7.4666726399830186e-06,1.943182716665059e-06,1.2656937120979553e-05,0.0,Germany,DEU,baden-wurttemberg,,,Linux-7.0.0-31-generic-x86_64-with-glibc2.43,3.14.4,3.3.0,24,Intel(R) Core(TM) Ultra 9 285K,1,1 x NVIDIA GeForce RTX 5090,9.2986,48.7383,60.816158294677734,machine,0.0,0.0,0.0,0.0,N
gradient_updates_74,2026-09-12T22:38:53,sac_Ant-v5_seed43611,b82b5a05-be9a-490a-88d8-9eef856b4861,3.936342617998889,5.0219978018475886e-05,1.2758030522827884e-05,31.16159574933396,68.07441405278134,20.0,2.7860092288056748e-05,8.210895457599898e-05,2.1859219361107778e-05,0.00013182826622516394,0.0,Germany,DEU,baden-wurttemberg,,,Linux-7.0.0-31-generic-x86_64-with-glibc2.43,3.14.4,3.3.0,24,Intel(R) Core(TM) Ultra 9 285K,1,1 x NVIDIA GeForce RTX 5090,9.2986,48.7383,60.816158294677734,machine,0.0,0.0,0.0,0.0,N
rollout_75,2026-09-12T22:38:54,sac_Ant-v5_seed43611,b82b5a05-be9a-490a-88d8-9eef856b4861,0.36369051600013336,4.6597516416471e-06,1.2812116716050728e-05,31.13627849826264,68.11091442633679,20.0,2.7696516601630194e-06,7.4427837320201196e-06,2.0194891166688475e-06,1.2231924508851119e-05,0.0,Germany,DEU,baden-wurttemberg,,,Linux-7.0.0-31-generic-x86_64-with-glibc2.43,3.14.4,3.3.0,24,Intel(R) Core(TM) Ultra 9 285K,1,1 x NVIDIA GeForce RTX 5090,9.2986,48.7383,60.816158294677734,machine,0.0,0.0,0.0,0.0,N
gradient_updates_75,2026-09-12T22:38:58,sac_Ant-v5_seed43611,b82b5a05-be9a-490a-88d8-9eef856b4861,3.9597422900005768,4.987463990303517e-05,1.2595472661890663e-05,31.106232671545605,68.15466231654176,20.0,2.655302679795829e-05,8.237173256397945e-05,2.199698864445345e-05,0.00013092174800639206,0.0,Germany,DEU,baden-wurttemberg,,,Linux-7.0.0-31-generic-x86_64-with-glibc2.43,3.14.4,3.3.0,24,Intel(R) Core(TM) Ultra 9 285K,1,1 x NVIDIA GeForce RTX 5090,9.2986,48.7383,60.816158294677734,machine,0.0,0.0,0.0,0.0,N
rollout_76,2026-09-12T22:38:58,sac_Ant-v5_seed43611,b82b5a05-be9a-490a-88d8-9eef856b4861,0.3612090200003877,4.6446047357656325e-06,1.285818137978467e-05,31.076719984800494,68.19782953246403,20.0,2.6740813059283886e-06,7.512228232031681e-06,2.0058540944468788e-06,1.2192163632407382e-05,0.0,Germany,DEU,baden-wurttemberg,,,Linux-7.0.0-31-generic-x86_64-with-glibc2.43,3.14.4,3.3.0,24,Intel(R) Core(TM) Ultra 9 285K,1,1 x NVIDIA GeForce RTX 5090,9.2986,48.7383,60.816158294677734,machine,0.0,0.0,0.0,0.0,N
gradient_updates_76,2026-09-12T22:39:02,sac_Ant-v5_seed43611,b82b5a05-be9a-490a-88d8-9eef856b4861,3.9301111749991833,5.0681927661389015e-05,1.28958187812179e-05,31.047558719789667,68.24351650207554,20.0,2.8930392588740958e-05,8.227812137798218e-05,2.1832377649995318e-05,0.0001330408916167189,0.0,Germany,DEU,baden-wurttemberg,,,Linux-7.0.0-31-generic-x86_64-with-glibc2.43,3.14.4,3.3.0,24,Intel(R) Core(TM) Ultra 9 285K,1,1 x NVIDIA GeForce RTX 5090,9.2986,48.7383,60.816158294677734,machine,0.0,0.0,0.0,0.0,N
rollout_77,2026-09-12T22:39:02,sac_Ant-v5_seed43611,b82b5a05-be9a-490a-88d8-9eef856b4861,0.34926678099873243,4.904735395450284e-06,1.4042627228550108e-05,31.0714130277998,68.3035446844083,20.0,3.3973635512243167e-06,7.538339363982738e-06,1.939307966666772e-06,1.287501088187426e-05,0.0,Germany,DEU,baden-wurttemberg,,,Linux-7.0.0-31-generic-x86_64-with-glibc2.43,3.14.4,3.3.0,24,Intel(R) Core(TM) Ultra 9 285K,1,1 x NVIDIA GeForce RTX 5090,9.2986,48.7383,60.816158294677734,machine,0.0,0.0,0.0,0.0,N
gradient_updates_77,2026-09-12T22:39:06,sac_Ant-v5_seed43611,b82b5a05-be9a-490a-88d8-9eef856b4861,3.9416579190001357,5.049435072193315e-05,1.2810467123976723e-05,31.08089187515602,68.34666561142838,20.0,2.8339827671844744e-05,8.230728806801757e-05,2.190138333333161e-05,0.00013254849907319392,0.0,Germany,DEU,baden-wurttemberg,,,Linux-7.0.0-31-generic-x86_64-with-glibc2.43,3.14.4,3.3.0,24,Intel(R) Core(TM) Ultra 9 285K,1,1 x NVIDIA GeForce RTX 5090,9.2986,48.7383,60.816158294677734,machine,0.0,0.0,0.0,0.0,N
rollout_78,2026-09-12T22:39:07,sac_Ant-v5_seed43611,b82b5a05-be9a-490a-88d8-9eef856b4861,0.36451145299906784,4.66616544659345e-06,1.2800583295817547e-05,31.051169845235954,68.3853776880571,20.0,2.6800660329392295e-06,7.544728258007671e-06,2.023966561117037e-06,1.224876085206307e-05,0.0,Germany,DEU,baden-wurttemberg,,,Linux-7.0.0-31-generic-x86_64-with-glibc2.43,3.14.4,3.3.0,24,Intel(R) Core(TM) Ultra 9 285K,1,1 x NVIDIA GeForce RTX 5090,9.2986,48.7383,60.816158294677734,machine,0.0,0.0,0.0,0.0,N
gradient_updates_78,2026-09-12T22:39:11,sac_Ant-v5_seed43611,b82b5a05-be9a-490a-88d8-9eef856b4861,3.919864448000226,5.0585645879721794e-05,1.290497286723144e-05,31.022176210109194,68.42887311412528,20.0,2.8930833700204286e-05,8.208201011000726e-05,2.177530654999928e-05,0.0001327881503602104,0.0,Germany,DEU,baden-wurttemberg,,,Linux-7.0.0-31-generic-x86_64-with-glibc2.43,3.14.4,3.3.0,24,Intel(R) Core(TM) Ultra 9 285K,1,1 x NVIDIA GeForce RTX 5090,9.2986,48.7383,60.816158294677734,machine,0.0,0.0,0.0,0.0,N
rollout_79,2026-09-12T22:39:11,sac_Ant-v5_seed43611,b82b5a05-be9a-490a-88d8-9eef856b4861,0.341457738999452,4.797159614001664e-06,1.4048735700511124e-05,31.039142694647293,68.49308350113002,20.0,3.2222267444433073e-06,7.474450423983203e-06,1.8959455222204366e-06,1.259262269064608e-05,0.0,Germany,DEU,baden-wurttemberg,,,Linux-7.0.0-31-generic-x86_64-with-glibc2.43,3.14.4,3.3.0,24,Intel(R) Core(TM) Ultra 9 285K,1,1 x NVIDIA GeForce RTX 5090,9.2986,48.7383,60.816158294677734,machine,0.0,0.0,0.0,0.0,N
gradient_updates_79,2026-09-12T22:39:15,sac_Ant-v5_seed43611,b82b5a05-be9a-490a-88d8-9eef856b4861,3.9160662360009155,5.058240423397916e-05,1.2916665498987064e-05,31.044118952813303,68.53893300731347,20.0,2.8393691326046577e-05,8.263173277200941e-05,2.1754216888894128e-05,0.00013277964098695055,0.0,Germany,DEU,baden-wurttemberg,,,Linux-7.0.0-31-generic-x86_64-with-glibc2.43,3.14.4,3.3.0,24,Intel(R) Core(TM) Ultra 9 285K,1,1 x NVIDIA GeForce RTX 5090,9.2986,48.7383,60.816158294677734,machine,0.0,0.0,0.0,0.0,N
rollout_80,2026-09-12T22:39:15,sac_Ant-v5_seed43611,b82b5a05-be9a-490a-88d8-9eef856b4861,0.34885518699957174,4.131058470107328e-06,1.1841935922053608e-05,31.064649578099644,68.47077507020202,20.0,3.3534351827450848e-06,5.554448888001051e-06,1.9362121888863784e-06,1.0844096259633382e-05,0.0,Germany,DEU,baden-wurttemberg,,,Linux-7.0.0-31-generic-x86_64-with-glibc2.43,3.14.4,3.3.0,24,Intel(R) Core(TM) Ultra 9 285K,1,1 x NVIDIA GeForce RTX 5090,9.2986,48.7383,60.816158294677734,machine,0.0,0.0,0.0,0.0,N
gradient_updates_80,2026-09-12T22:39:19,sac_Ant-v5_seed43611,b82b5a05-be9a-490a-88d8-9eef856b4861,4.012312138000198,5.238544708886274e-05,1.3056192040756093e-05,31.074051286088253,68.52835065859973,20.0,2.8363004079273377e-05,8.686784727199304e-05,2.228180671110967e-05,0.00013751265806237652,0.0,Germany,DEU,baden-wurttemberg,,,Linux-7.0.0-31-generic-x86_64-with-glibc2.43,3.14.4,3.3.0,24,Intel(R) Core(TM) Ultra 9 285K,1,1 x NVIDIA GeForce RTX 5090,9.2986,48.7383,60.816158294677734,machine,0.0,0.0,0.0,0.0,N
rollout_81,2026-09-12T22:39:20,sac_Ant-v5_seed43611,b82b5a05-be9a-490a-88d8-9eef856b4861,0.3483109080007125,4.066177909971963e-06,1.1673764422060822e-05,31.09076053026173,68.45460534671714,20.0,3.294366802158999e-06,5.445004356008365e-06,1.9344125666573633e-06,1.067378372482386e-05,0.0,Germany,DEU,baden-wurttemberg,,,Linux-7.0.0-31-generic-x86_64-with-glibc2.43,3.14.4,3.3.0,24,Intel(R) Core(TM) Ultra 9 285K,1,1 x NVIDIA GeForce RTX 5090,9.2986,48.7383,60.816158294677734,machine,0.0,0.0,0.0,0.0,N
gradient_updates_81,2026-09-12T22:39:24,sac_Ant-v5_seed43611,b82b5a05-be9a-490a-88d8-9eef856b4861,3.9764045709998754,5.032013279106934e-05,1.2654717191048822e-05,31.091463981537128,68.50155610798112,20.0,2.5737462812177106e-05,8.426506741199269e-05,2.2088643922224104e-05,0.00013209117414639433,0.0,Germany,DEU,baden-wurttemberg,,,Linux-7.0.0-31-generic-x86_64-with-glibc2.43,3.14.4,3.3.0,24,Intel(R) Core(TM) Ultra 9 285K,1,1 x NVIDIA GeForce RTX 5090,9.2986,48.7383,60.816158294677734,machine,0.0,0.0,0.0,0.0,N
rollout_82,2026-09-12T22:39:24,sac_Ant-v5_seed43611,b82b5a05-be9a-490a-88d8-9eef856b4861,0.3583117250000214,3.900329525048998e-06,1.0884535749857465e-05,31.06920764936661,68.42346604211879,20.0,2.7378966347586797e-06,5.510837742001007e-06,1.989694616673192e-06,1.0238428993433746e-05,0.0,Germany,DEU,baden-wurttemberg,,,Linux-7.0.0-31-generic-x86_64-with-glibc2.43,3.14.4,3.3.0,24,Intel(R) Core(TM) Ultra 9 285K,1,1 x NVIDIA GeForce RTX 5090,9.2986,48.7383,60.816158294677734,machine,0.0,0.0,0.0,0.0,N
gradient_updates_82,2026-09-12T22:39:28,sac_Ant-v5_seed43611,b82b5a05-be9a-490a-88d8-9eef856b4861,3.909852882999985,5.145765305310246e-05,1.3161036247454753e-05,31.045651383193057,68.48053086135333,20.0,2.8573778414558992e-05,8.478340115999905e-05,2.1720003922230842e-05,0.00013507718349678975,0.0,Germany,DEU,baden-wurttemberg,,,Linux-7.0.0-31-generic-x86_64-with-glibc2.43,3.14.4,3.3.0,24,Intel(R) Core(TM) Ultra 9 285K,1,1 x NVIDIA GeForce RTX 5090,9.2986,48.7383,60.816158294677734,machine,0.0,0.0,0.0,0.0,N
rollout_83,2026-09-12T22:39:28,sac_Ant-v5_seed43611,b82b5a05-be9a-490a-88d8-9eef856b4861,0.349775808999766,4.07737601794151e-06,1.1656987302875165e-05,31.059605821521718,68.4104260259872,20.0,3.2663245575006994e-06,5.494448840015487e-06,1.94240554444872e-06,1.0703178941964472e-05,0.0,Germany,DEU,baden-wurttemberg,,,Linux-7.0.0-31-generic-x86_64-with-glibc2.43,3.14.4,3.3.0,24,Intel(R) Core(TM) Ultra 9 285K,1,1 x NVIDIA GeForce RTX 5090,9.2986,48.7383,60.816158294677734,machine,0.0,0.0,0.0,0.0,N
gradient_updates_83,2026-09-12T22:39:32,sac_Ant-v5_seed43611,b82b5a05-be9a-490a-88d8-9eef856b4861,3.9880241610007943,5.0609772458190365e-05,1.2690463508447034e-05,31.058634687608656,68.45831108651038,20.0,2.5846817344103365e-05,8.485062343596694e-05,2.215404224444788e-05,0.00013285148302451776,0.0,Germany,DEU,baden-wurttemberg,,,Linux-7.0.0-31-generic-x86_64-with-glibc2.43,3.14.4,3.3.0,24,Intel(R) Core(TM) Ultra 9 285K,1,1 x NVIDIA GeForce RTX 5090,9.2986,48.7383,60.816158294677734,machine,0.0,0.0,0.0,0.0,N
rollout_84,2026-09-12T22:39:33,sac_Ant-v5_seed43611,b82b5a05-be9a-490a-88d8-9eef856b4861,0.35729726499994285,4.642622111987807e-06,1.2993429108104309e-05,31.03725840289761,68.49804595663734,20.0,2.7330646864501956e-06,7.470005976006888e-06,1.983888550007116e-06,1.2186959212463766e-05,0.0,Germany,DEU,baden-wurttemberg,,,Linux-7.0.0-31-generic-x86_64-with-glibc2.43,3.14.4,3.3.0,24,Intel(R) Core(TM) Ultra 9 285K,1,1 x NVIDIA GeForce RTX 5090,9.2986,48.7383,60.816158294677734,machine,0.0,0.0,0.0,0.0,N
gradient_updates_84,2026-09-12T22:39:37,sac_Ant-v5_seed43611,b82b5a05-be9a-490a-88d8-9eef856b4861,3.935335304000546,5.073743620707949e-05,1.2892825136568506e-05,31.013900651001936,68.54134202709386,20.0,2.8261211220062185e-05,8.306367756200084e-05,2.186171367778416e-05,0.00013318660245984805,0.0,Germany,DEU,baden-wurttemberg,,,Linux-7.0.0-31-generic-x86_64-with-glibc2.43,3.14.4,3.3.0,24,Intel(R) Core(TM) Ultra 9 285K,1,1 x NVIDIA GeForce RTX 5090,9.2986,48.7383,60.816158294677734,machine,0.0,0.0,0.0,0.0,N
rollout_85,2026-09-12T22:39:37,sac_Ant-v5_seed43611,b82b5a05-be9a-490a-88d8-9eef856b4861,0.34652713399918866,4.1587838508225575e-06,1.2001195249650041e-05,31.033699504145325,68.48533683120097,20.0,3.3361079466616428e-06,5.656948970006459e-06,1.923818922215225e-06,1.091687583888376e-05,0.0,Germany,DEU,baden-wurttemberg,,,Linux-7.0.0-31-generic-x86_64-with-glibc2.43,3.14.4,3.3.0,24,Intel(R) Core(TM) Ultra 9 285K,1,1 x NVIDIA GeForce RTX 5090,9.2986,48.7383,60.816158294677734,machine,0.0,0.0,0.0,0.0,N
gradient_updates_85,2026-09-12T22:39:41,sac_Ant-v5_seed43611,b82b5a05-be9a-490a-88d8-9eef856b4861,3.9820288350001647,5.1156831973701855e-05,1.284694057059892e-05,31.03907338829856,68.53329872239769,20.0,2.7135300874890286e-05,8.50317346919871e-05,2.212048766111075e-05,0.00013428752322798727,0.0,Germany,DEU,baden-wurttemberg,,,Linux-7.0.0-31-generic-x86_64-with-glibc2.43,3.14.4,3.3.0,24,Intel(R) Core(TM) Ultra 9 285K,1,1 x NVIDIA GeForce RTX 5090,9.2986,48.7383,60.816158294677734,machine,0.0,0.0,0.0,0.0,N
rollout_86,2026-09-12T22:39:41,sac_Ant-v5_seed43611,b82b5a05-be9a-490a-88d8-9eef856b4861,0.35106390200053283,4.878775370715377e-06,1.3896248584773726e-05,31.0583461714298,68.57964955800641,20.0,3.377951035691759e-06,7.4788948720150294e-06,1.9500194833300087e-06,1.2806865391037231e-05,0.0,Germany,DEU,baden-wurttemberg,,,Linux-7.0.0-31-generic-x86_64-with-glibc2.43,3.14.4,3.3.0,24,Intel(R) Core(TM) Ultra 9 285K,1,1 x NVIDIA GeForce RTX 5090,9.2986,48.7383,60.816158294677734,machine,0.0,0.0,0.0,0.0,N
gradient_updates_86,2026-09-12T22:39:45,sac_Ant-v5_seed43611,b82b5a05-be9a-490a-88d8-9eef856b4861,3.9285323090007296,5.08165721620317e-05,1.2935281746759325e-05,31.065918572239784,68.62117589870631,20.0,2.871604102836975e-05,8.285478850600381e-05,2.1823506105556577e-05,0.000133394335639931,0.0,Germany,DEU,baden-wurttemberg,,,Linux-7.0.0-31-generic-x86_64-with-glibc2.43,3.14.4,3.3.0,24,Intel(R) Core(TM) Ultra 9 285K,1,1 x NVIDIA GeForce RTX 5090,9.2986,48.7383,60.816158294677734,machine,0.0,0.0,0.0,0.0,N
rollout_87,2026-09-12T22:39:46,sac_Ant-v5_seed43611,b82b5a05-be9a-490a-88d8-9eef856b4861,0.35240570199857757,4.93153686738617e-06,1.3993610912013253e-05,31.087924862716868,68.6688396581323,20.0,3.444021366325392e-06,7.544728257979916e-06,1.9566155611151076e-06,1.2945365185420415e-05,0.0,Germany,DEU,baden-wurttemberg,,,Linux-7.0.0-31-generic-x86_64-with-glibc2.43,3.14.4,3.3.0,24,Intel(R) Core(TM) Ultra 9 285K,1,1 x NVIDIA GeForce RTX 5090,9.2986,48.7383,60.816158294677734,machine,0.0,0.0,0.0,0.0,N
gradient_updates_87,2026-09-12T22:39:49,sac_Ant-v5_seed43611,b82b5a05-be9a-490a-88d8-9eef856b4861,3.9363663669992093,5.085029565080404e-05,1.2918096467640776e-05,31.097678100448782,68.70792764738339,20.0,2.886986642920697e-05,8.274284397202791e-05,2.1870149950003158e-05,0.0001334828603512389,0.0,Germany,DEU,baden-wurttemberg,,,Linux-7.0.0-31-generic-x86_64-with-glibc2.43,3.14.4,3.3.0,24,Intel(R) Core(TM) Ultra 9 285K,1,1 x NVIDIA GeForce RTX 5090,9.2986,48.7383,60.816158294677734,machine,0.0,0.0,0.0,0.0,N
rollout_88,2026-09-12T22:39:50,sac_Ant-v5_seed43611,b82b5a05-be9a-490a-88d8-9eef856b4861,0.3495563240012416,4.828277972942531e-06,1.3812216819019115e-05,31.112279568596072,68.75000011871506,20.0,3.302894864536804e-06,7.4250059399760815e-06,1.946408088891304e-06,1.2674308893404623e-05,0.0,Germany,DEU,baden-wurttemberg,,,Linux-7.0.0-31-generic-x86_64-with-glibc2.43,3.14.4,3.3.0,24,Intel(R) Core(TM) Ultra 9 285K,1,1 x NVIDIA GeForce RTX 5090,9.2986,48.7383,60.816158294677734,machine,0.0,0.0,0.0,0.0,N
gradient_updates_88,2026-09-12T22:39:54,sac_Ant-v5_seed43611,b82b5a05-be9a-490a-88d8-9eef856b4861,3.992075598000156,5.1113787031616294e-05,1.2803871376489128e-05,31.113493369658872,68.79471134116936,20.0,2.679323365679248e-05,8.520534594200213e-05,2.2175949950006824e-05,0.00013417452954880144,0.0,Germany,DEU,baden-wurttemberg,,,Linux-7.0.0-31-generic-x86_64-with-glibc2.43,3.14.4,3.3.0,24,Intel(R) Core(TM) Ultra 9 285K,1,1 x NVIDIA GeForce RTX 5090,9.2986,48.7383,60.816158294677734,machine,0.0,0.0,0.0,0.0,N
rollout_89,2026-09-12T22:39:54,sac_Ant-v5_seed43611,b82b5a05-be9a-490a-88d8-9eef856b4861,0.35915401300007943,3.9068605356311695e-06,1.087765124406194e-05,31.09178895189227,68.72167461849274,20.0,2.7253166246972438e-06,5.535837761999618e-06,1.9944186166664588e-06,1.0255573003364188e-05,0.0,Germany,DEU,baden-wurttemberg,,,Linux-7.0.0-31-generic-x86_64-with-glibc2.43,3.14.4,3.3.0,24,Intel(R) Core(TM) Ultra 9 285K,1,1 x NVIDIA GeForce RTX 5090,9.2986,48.7383,60.816158294677734,machine,0.0,0.0,0.0,0.0,N
gradient_updates_89,2026-09-12T22:39:58,sac_Ant-v5_seed43611,b82b5a05-be9a-490a-88d8-9eef856b4861,3.9518178409998654,5.188154510121865e-05,1.3128557773992904e-05,31.0690503027769,68.77156263177864,20.0,2.8810916659828545e-05,8.543201279001544e-05,2.1946977627774426e-05,0.00013618990707761798,0.0,Germany,DEU,baden-wurttemberg,,,Linux-7.0.0-31-generic-x86_64-with-glibc2.43,3.14.4,3.3.0,24,Intel(R) Core(TM) Ultra 9 285K,1,1 x NVIDIA GeForce RTX 5090,9.2986,48.7383,60.816158294677734,machine,0.0,0.0,0.0,0.0,N
rollout_90,2026-09-12T22:39:58,sac_Ant-v5_seed43611,b82b5a05-be9a-490a-88d8-9eef856b4861,0.36659365000014077,4.041571061156463e-06,1.1023979080484312e-05,31.0551146326593,68.69988162555762,20.0,2.918712890525449e-06,5.6558378579985025e-06,2.0346395944517703e-06,1.0609190342975722e-05,0.0,Germany,DEU,baden-wurttemberg,,,Linux-7.0.0-31-generic-x86_64-with-glibc2.43,3.14.4,3.3.0,24,Intel(R) Core(TM) Ultra 9 285K,1,1 x NVIDIA GeForce RTX 5090,9.2986,48.7383,60.816158294677734,machine,0.0,0.0,0.0,0.0,N
gradient_updates_90,2026-09-12T22:40:02,sac_Ant-v5_seed43611,b82b5a05-be9a-490a-88d8-9eef856b4861,3.9679936499996984,5.218154615609441e-05,1.3150623608842744e-05,31.038389908335873,68.74993774720458,20.0,2.903574600635582e-05,8.59042353900108e-05,2.203743337222475e-05,0.00013697741476859093,0.0,Germany,DEU,baden-wurttemberg,,,Linux-7.0.0-31-generic-x86_64-with-glibc2.43,3.14.4,3.3.0,24,Intel(R) Core(TM) Ultra 9 285K,1,1 x NVIDIA GeForce RTX 5090,9.2986,48.7383,60.816158294677734,machine,0.0,0.0,0.0,0.0,N
rollout_91,2026-09-12T22:40:03,sac_Ant-v5_seed43611,b82b5a05-be9a-490a-88d8-9eef856b4861,0.35006527599944093,4.923444748167541e-06,1.4063907892120504e-05,31.057974738884912,68.79997051329916,20.0,3.3921582692809926e-06,7.58806162598491e-06,1.9439033444438626e-06,1.2924123239709331e-05,0.0,Germany,DEU,baden-wurttemberg,,,Linux-7.0.0-31-generic-x86_64-with-glibc2.43,3.14.4,3.3.0,24,Intel(R) Core(TM) Ultra 9 285K,1,1 x NVIDIA GeForce RTX 5090,9.2986,48.7383,60.816158294677734,machine,0.0,0.0,0.0,0.0,N
gradient_updates_91,2026-09-12T22:40:07,sac_Ant-v5_seed43611,b82b5a05-be9a-490a-88d8-9eef856b4861,3.975898173999667,4.994773784598467e-05,1.2562666126174034e-05,31.06244402461497,68.83411475231567,20.0,2.600130357880391e-05,8.302701086598807e-05,2.2085316861113116e-05,0.00013111363130590553,0.0,Germany,DEU,baden-wurttemberg,,,Linux-7.0.0-31-generic-x86_64-with-glibc2.43,3.14.4,3.3.0,24,Intel(R) Core(TM) Ultra 9 285K,1,1 x NVIDIA GeForce RTX 5090,9.2986,48.7383,60.816158294677734,machine,0.0,0.0,0.0,0.0,N
rollout_92,2026-09-12T22:40:07,sac_Ant-v5_seed43611,b82b5a05-be9a-490a-88d8-9eef856b4861,0.3546441229991615,4.687142447341863e-06,1.3216230862456864e-05,31.043823964545204,68.87866225404544,20.0,2.730640517843025e-06,7.603894972008085e-06,1.9692903333329986e-06,1.2303825823184109e-05,0.0,Germany,DEU,baden-wurttemberg,,,Linux-7.0.0-31-generic-x86_64-with-glibc2.43,3.14.4,3.3.0,24,Intel(R) Core(TM) Ultra 9 285K,1,1 x NVIDIA GeForce RTX 5090,9.2986,48.7383,60.816158294677734,machine,0.0,0.0,0.0,0.0,N
gradient_updates_92,2026-09-12T22:40:11,sac_Ant-v5_seed43611,b82b5a05-be9a-490a-88d8-9eef856b4861,4.031884981000985,5.082005555307259e-05,1.2604557343485847e-05,31.020384376048796,68.91784690384584,20.0,2.5571854346356088e-05,8.54334016799907e-05,2.2398223572215725e-05,0.00013340347959856294,0.0,Germany,DEU,baden-wurttemberg,,,Linux-7.0.0-31-generic-x86_64-with-glibc2.43,3.14.4,3.3.0,24,Intel(R) Core(TM) Ultra 9 285K,1,1 x NVIDIA GeForce RTX 5090,9.2986,48.7383,60.816158294677734,machine,0.0,0.0,0.0,0.0,N
rollout_93,2026-09-12T22:40:12,sac_Ant-v5_seed43611,b82b5a05-be9a-490a-88d8-9eef856b4861,0.3640252139994118,4.705948701442739e-06,1.2927257847050787e-05,30.99747794405572,68.95185015810102,20.0,2.7117702249696007e-06,7.620006095998555e-06,2.0214162277727883e-06,1.235319254874051e-05,0.0,Germany,DEU,baden-wurttemberg,,,Linux-7.0.0-31-generic-x86_64-with-glibc2.43,3.14.4,3.3.0,24,Intel(R) Core(TM) Ultra 9 285K,1,1 x NVIDIA GeForce RTX 5090,9.2986,48.7383,60.816158294677734,machine,0.0,0.0,0.0,0.0,N
gradient_updates_93,2026-09-12T22:40:15,sac_Ant-v5_seed43611,b82b5a05-be9a-490a-88d8-9eef856b4861,3.919528659000207,5.0935436469119744e-05,1.2995326638946893e-05,30.974569216306104,68.99039888261744,20.0,2.8848537801032595e-05,8.308423313402313e-05,2.1773585461111553e-05,0.00013370635639616685,0.0,Germany,DEU,baden-wurttemberg,,,Linux-7.0.0-31-generic-x86_64-with-glibc2.43,3.14.4,3.3.0,24,Intel(R) Core(TM) Ultra 9 285K,1,1 x NVIDIA GeForce RTX 5090,9.2986,48.7383,60.816158294677734,machine,0.0,0.0,0.0,0.0,N
rollout_94,2026-09-12T22:40:16,sac_Ant-v5_seed43611,b82b5a05-be9a-490a-88d8-9eef856b4861,0.3511626290001004,4.904959299951994e-06,1.3967015467357792e-05,30.992804060304668,69.03395257343817,20.0,3.382223261332723e-06,7.543339367976909e-06,1.9500360055545694e-06,1.2875598634864635e-05,0.0,Germany,DEU,baden-wurttemberg,,,Linux-7.0.0-31-generic-x86_64-with-glibc2.43,3.14.4,3.3.0,24,Intel(R) Core(TM) Ultra 9 285K,1,1 x NVIDIA GeForce RTX 5090,9.2986,48.7383,60.816158294677734,machine,0.0,0.0,0.0,0.0,N
gradient_updates_94,2026-09-12T22:40:20,sac_Ant-v5_seed43611,b82b5a05-be9a-490a-88d8-9eef856b4861,3.925169874999483,5.105640870828841e-05,1.3007505895328624e-05,31.00041689903052,69.07260236746887,20.0,2.8822021668709757e-05,8.339728893999587e-05,2.180459989999193e-05,0.0001340239105086967,0.0,Germany,DEU,baden-wurttemberg,,,Linux-7.0.0-31-generic-x86_64-with-glibc2.43,3.14.4,3.3.0,24,Intel(R) Core(TM) Ultra 9 285K,1,1 x NVIDIA GeForce RTX 5090,9.2986,48.7383,60.816158294677734,machine,0.0,0.0,0.0,0.0,N
rollout_95,2026-09-12T22:40:20,sac_Ant-v5_seed43611,b82b5a05-be9a-490a-88d8-9eef856b4861,0.35288259600019956,4.896065521247175e-06,1.3874226378048485e-05,31.018664698593643,69.11045203637515,20.0,3.4050943907397435e-06,7.487783767995415e-06,1.9593741611163146e-06,1.2852252319851473e-05,0.0,Germany,DEU,baden-wurttemberg,,,Linux-7.0.0-31-generic-x86_64-with-glibc2.43,3.14.4,3.3.0,24,Intel(R) Core(TM) Ultra 9 285K,1,1 x NVIDIA GeForce RTX 5090,9.2986,48.7383,60.816158294677734,machine,0.0,0.0,0.0,0.0,N
gradient_updates_95,2026-09-12T22:40:24,sac_Ant-v5_seed43611,b82b5a05-be9a-490a-88d8-9eef856b4861,3.918568011999014,5.085653927742323e-05,1.297837684641006e-05,31.02593052060147,69.14843411708219,20.0,2.8446384979313732e-05,8.328451107200707e-05,2.1768353922228464e-05,0.00013349924997354927,0.0,Germany,DEU,baden-wurttemberg,,,Linux-7.0.0-31-generic-x86_64-with-glibc2.43,3.14.4,3.3.0,24,Intel(R) Core(TM) Ultra 9 285K,1,1 x NVIDIA GeForce RTX 5090,9.2986,48.7383,60.816158294677734,machine,0.0,0.0,0.0,0.0,N
rollout_96,2026-09-12T22:40:24,sac_Ant-v5_seed43611,b82b5a05-be9a-490a-88d8-9eef856b4861,0.3491118349993485,4.117023828413731e-06,1.179251419202441e-05,31.038308102098416,69.0906578051967,20.0,3.2628320547085227e-06,5.60583781800128e-06,1.9385852222208837e-06,1.0807255094929386e-05,0.0,Germany,DEU,baden-wurttemberg,,,Linux-7.0.0-31-generic-x86_64-with-glibc2.43,3.14.4,3.3.0,24,Intel(R) Core(TM) Ultra 9 285K,1,1 x NVIDIA GeForce RTX 5090,9.2986,48.7383,60.816158294677734,machine,0.0,0.0,0.0,0.0,N
gradient_updates_96,2026-09-12T22:40:28,sac_Ant-v5_seed43611,b82b5a05-be9a-490a-88d8-9eef856b4861,3.9207210050008143,5.166132880966411e-05,1.3176528346404205e-05,31.04113348182311,69.13837486283651,20.0,2.8356680185324945e-05,8.547590171401054e-05,2.1779253800004e-05,0.00013561183569934035,0.0,Germany,DEU,baden-wurttemberg,,,Linux-7.0.0-31-generic-x86_64-with-glibc2.43,3.14.4,3.3.0,24,Intel(R) Core(TM) Ultra 9 285K,1,1 x NVIDIA GeForce RTX 5090,9.2986,48.7383,60.816158294677734,machine,0.0,0.0,0.0,0.0,N
rollout_97,2026-09-12T22:40:29,sac_Ant-v5_seed43611,b82b5a05-be9a-490a-88d8-9eef856b4861,0.3647049830015021,3.902411921893369e-06,1.0699915963240115e-05,31.017933850067305,69.06464903278082,20.0,2.694409099968445e-06,5.524171086013219e-06,2.025315133333608e-06,1.0243895319315272e-05,0.0,Germany,DEU,baden-wurttemberg,,,Linux-7.0.0-31-generic-x86_64-with-glibc2.43,3.14.4,3.3.0,24,Intel(R) Core(TM) Ultra 9 285K,1,1 x NVIDIA GeForce RTX 5090,9.2986,48.7383,60.816158294677734,machine,0.0,0.0,0.0,0.0,N
gradient_updates_97,2026-09-12T22:40:33,sac_Ant-v5_seed43611,b82b5a05-be9a-490a-88d8-9eef856b4861,3.983021067999289,5.10277674012731e-05,1.2811360933991343e-05,30.991274579474698,69.1073034243272,20.0,2.6022360817872653e-05,8.580006864000733e-05,2.2126297150003305e-05,0.0001339487266078833,0.0,Germany,DEU,baden-wurttemberg,,,Linux-7.0.0-31-generic-x86_64-with-glibc2.43,3.14.4,3.3.0,24,Intel(R) Core(TM) Ultra 9 285K,1,1 x NVIDIA GeForce RTX 5090,9.2986,48.7383,60.816158294677734,machine,0.0,0.0,0.0,0.0,N
rollout_98,2026-09-12T22:40:33,sac_Ant-v5_seed43611,b82b5a05-be9a-490a-88d8-9eef856b4861,0.3557541179998225,4.672773430522588e-06,1.3133957270046545e-05,30.97609231518381,69.1407160876951,20.0,2.7842833385353927e-06,7.502506001982878e-06,1.9793175777722827e-06,1.2266106918290554e-05,0.0,Germany,DEU,baden-wurttemberg,,,Linux-7.0.0-31-generic-x86_64-with-glibc2.43,3.14.4,3.3.0,24,Intel(R) Core(TM) Ultra 9 285K,1,1 x NVIDIA GeForce RTX 5090,9.2986,48.7383,60.816158294677734,machine,0.0,0.0,0.0,0.0,N
gradient_updates_98,2026-09-12T22:40:37,sac_Ant-v5_seed43611,b82b5a05-be9a-490a-88d8-9eef856b4861,3.930065085000024,5.099493994915362e-05,1.2975607697519322e-05,30.958658690335852,69.1777664338922,20.0,2.8423818850147053e-05,8.360645577401571e-05,2.1832279383327078e-05,0.00013386255400749114,0.0,Germany,DEU,baden-wurttemberg,,,Linux-7.0.0-31-generic-x86_64-with-glibc2.43,3.14.4,3.3.0,24,Intel(R) Core(TM) Ultra 9 285K,1,1 x NVIDIA GeForce RTX 5090,9.2986,48.7383,60.816158294677734,machine,0.0,0.0,0.0,0.0,N
rollout_99,2026-09-12T22:40:37,sac_Ant-v5_seed43611,b82b5a05-be9a-490a-88d8-9eef856b4861,0.3490767359999154,4.864754276590229e-06,1.3935685401326091e-05,30.97599739618528,69.21899006584843,20.0,3.3609118553941386e-06,7.479450427977374e-06,1.929697505551921e-06,1.2770059788922566e-05,0.0,Germany,DEU,baden-wurttemberg,,,Linux-7.0.0-31-generic-x86_64-with-glibc2.43,3.14.4,3.3.0,24,Intel(R) Core(TM) Ultra 9 285K,1,1 x NVIDIA GeForce RTX 5090,9.2986,48.7383,60.816158294677734,machine,0.0,0.0,0.0,0.0,N
gradient_updates_99,2026-09-12T22:40:41,sac_Ant-v5_seed43611,b82b5a05-be9a-490a-88d8-9eef856b4861,3.978093047000584,5.04638249296278e-05,1.2685461046883237e-05,30.980427199142508,69.25117466603724,20.0,2.6664212164687756e-05,8.370506696400715e-05,2.2099089238882593e-05,0.0001324683683675762,0.0,Germany,DEU,baden-wurttemberg,,,Linux-7.0.0-31-generic-x86_64-with-glibc2.43,3.14.4,3.3.0,24,Intel(R) Core(TM) Ultra 9 285K,1,1 x NVIDIA GeForce RTX 5090,9.2986,48.7383,60.816158294677734,machine,0.0,0.0,0.0,0.0,N
idle_baseline_tail,2026-09-12T22:42:11,sac_Ant-v5_seed43611,b82b5a05-be9a-490a-88d8-9eef856b4861,90.00338342799841,0.000745902546600217,8.28749539714121e-06,30.946274114823137,69.1254836897352,20.0,0.0003677066011094892,0.0010902864277839985,0.0005000133934722219,0.00195800642236571,0.0,Germany,DEU,baden-wurttemberg,,,Linux-7.0.0-31-generic-x86_64-with-glibc2.43,3.14.4,3.3.0,24,Intel(R) Core(TM) Ultra 9 285K,1,1 x NVIDIA GeForce RTX 5090,9.2986,48.7383,60.816158294677734,machine,0.0,0.0,0.0,0.0,N
