task_name,timestamp,project_name,run_id,duration,emissions,emissions_rate,cpu_power,gpu_power,ram_power,cpu_energy,gpu_energy,ram_energy,energy_consumed,water_consumed,country_name,country_iso_code,region,cloud_provider,cloud_region,os,python_version,codecarbon_version,cpu_count,cpu_model,gpu_count,gpu_model,longitude,latitude,ram_total_size,tracking_mode,cpu_utilization_percent,gpu_utilization_percent,ram_utilization_percent,ram_used_gb,on_cloud
idle_baseline_head,2026-08-31T14:38:24,sac_HalfCheetah-v5_seed56,94c76186-0ecd-4c8f-b836-1505ccf51b23,90.01296699800059,0.0005701703366736022,6.33431306951199e-06,10.061330116866618,10.486983781817079,20.0,0.0004362692212373162,0.0005428223787019987,0.0005176148882444422,0.001496706488183757,0.0,Germany,DEU,baden-wurttemberg,,,Linux-7.0.0-30-generic-x86_64-with-glibc2.43,3.14.4,3.3.0,24,Intel(R) Core(TM) Ultra 9 285K,1,1 x NVIDIA GeForce RTX 5090,9.1827,48.767,60.816158294677734,machine,0.0,0.0,0.0,0.0,N
warmup_0,2026-08-31T14:38:25,sac_HalfCheetah-v5_seed56,94c76186-0ecd-4c8f-b836-1505ccf51b23,0.15767434800000046,1.4676246264236142e-06,9.307482927214983e-06,19.154908002496168,16.76055450090825,20.0,1.7000802489536282e-06,1.279723245997677e-06,8.727352277774917e-07,3.852538722728905e-06,0.0,Germany,DEU,baden-wurttemberg,,,Linux-7.0.0-30-generic-x86_64-with-glibc2.43,3.14.4,3.3.0,24,Intel(R) Core(TM) Ultra 9 285K,1,1 x NVIDIA GeForce RTX 5090,9.1827,48.767,60.816158294677734,machine,0.0,0.0,0.0,0.0,N
rollout_0,2026-08-31T14:38:26,sac_HalfCheetah-v5_seed56,94c76186-0ecd-4c8f-b836-1505ccf51b23,0.7175086269999156,6.1502674779719685e-06,8.571702194110676e-06,23.36405275874231,18.790764927827503,20.0,7.216716328917183e-06,4.94972618199363e-06,3.978110522221984e-06,1.6144553033132798e-05,0.0,Germany,DEU,baden-wurttemberg,,,Linux-7.0.0-30-generic-x86_64-with-glibc2.43,3.14.4,3.3.0,24,Intel(R) Core(TM) Ultra 9 285K,1,1 x NVIDIA GeForce RTX 5090,9.1827,48.767,60.816158294677734,machine,0.0,0.0,0.0,0.0,N
gradient_updates_0,2026-08-31T14:38:49,sac_HalfCheetah-v5_seed56,94c76186-0ecd-4c8f-b836-1505ccf51b23,22.64284040199982,0.0002307333804817416,1.0190131493158785e-05,25.87998928765557,23.312551069515752,20.0,0.00021951402811107995,0.00026037798608000845,0.0001257868950666661,0.0006056789092577545,0.0,Germany,DEU,baden-wurttemberg,,,Linux-7.0.0-30-generic-x86_64-with-glibc2.43,3.14.4,3.3.0,24,Intel(R) Core(TM) Ultra 9 285K,1,1 x NVIDIA GeForce RTX 5090,9.1827,48.767,60.816158294677734,machine,0.0,0.0,0.0,0.0,N
rollout_1,2026-08-31T14:38:49,sac_HalfCheetah-v5_seed56,94c76186-0ecd-4c8f-b836-1505ccf51b23,0.5122936329998993,4.349982311050273e-06,8.491314380836932e-06,27.199912278312663,23.814941616004177,20.0,4.851760825853868e-06,3.7322252079974305e-06,2.8347888999986654e-06,1.141877493385018e-05,0.0,Germany,DEU,baden-wurttemberg,,,Linux-7.0.0-30-generic-x86_64-with-glibc2.43,3.14.4,3.3.0,24,Intel(R) Core(TM) Ultra 9 285K,1,1 x NVIDIA GeForce RTX 5090,9.1827,48.767,60.816158294677734,machine,0.0,0.0,0.0,0.0,N
gradient_updates_1,2026-08-31T14:39:13,sac_HalfCheetah-v5_seed56,94c76186-0ecd-4c8f-b836-1505ccf51b23,24.23897513600059,0.00024734077386522773,1.0204264908930547e-05,28.151843405146508,26.27470715567991,20.0,0.00023837372264327167,0.00027625244322399684,0.0001346474234888875,0.000649273589356156,0.0,Germany,DEU,baden-wurttemberg,,,Linux-7.0.0-30-generic-x86_64-with-glibc2.43,3.14.4,3.3.0,24,Intel(R) Core(TM) Ultra 9 285K,1,1 x NVIDIA GeForce RTX 5090,9.1827,48.767,60.816158294677734,machine,0.0,0.0,0.0,0.0,N
rollout_2,2026-08-31T14:39:14,sac_HalfCheetah-v5_seed56,94c76186-0ecd-4c8f-b836-1505ccf51b23,0.5287114410002687,4.864462450080223e-06,9.200301537091728e-06,29.06064817403177,26.90495344982519,20.0,5.255270315321359e-06,4.585837002003823e-06,2.9281864222209996e-06,1.276929373954629e-05,0.0,Germany,DEU,baden-wurttemberg,,,Linux-7.0.0-30-generic-x86_64-with-glibc2.43,3.14.4,3.3.0,24,Intel(R) Core(TM) Ultra 9 285K,1,1 x NVIDIA GeForce RTX 5090,9.1827,48.767,60.816158294677734,machine,0.0,0.0,0.0,0.0,N
gradient_updates_2,2026-08-31T14:39:43,sac_HalfCheetah-v5_seed56,94c76186-0ecd-4c8f-b836-1505ccf51b23,28.741412665999633,0.00029639939571497916,1.0312628207644482e-05,29.770608253543212,28.495827559071284,20.0,0.000289325408404581,0.00032907276325799817,0.00015965510492221965,0.0007780532765847988,0.0,Germany,DEU,baden-wurttemberg,,,Linux-7.0.0-30-generic-x86_64-with-glibc2.43,3.14.4,3.3.0,24,Intel(R) Core(TM) Ultra 9 285K,1,1 x NVIDIA GeForce RTX 5090,9.1827,48.767,60.816158294677734,machine,0.0,0.0,0.0,0.0,N
rollout_3,2026-08-31T14:39:43,sac_HalfCheetah-v5_seed56,94c76186-0ecd-4c8f-b836-1505ccf51b23,0.7894178879996616,7.429618682681894e-06,9.411642917220292e-06,30.551681903696146,28.781676914072857,20.0,8.284016071648248e-06,6.850005480001087e-06,4.368849383333995e-06,1.950287093498322e-05,0.0,Germany,DEU,baden-wurttemberg,,,Linux-7.0.0-30-generic-x86_64-with-glibc2.43,3.14.4,3.3.0,24,Intel(R) Core(TM) Ultra 9 285K,1,1 x NVIDIA GeForce RTX 5090,9.1827,48.767,60.816158294677734,machine,0.0,0.0,0.0,0.0,N
gradient_updates_3,2026-08-31T14:40:13,sac_HalfCheetah-v5_seed56,94c76186-0ecd-4c8f-b836-1505ccf51b23,29.17602491100024,0.0002996709039367728,1.0271137045393228e-05,31.186124983074055,29.892843735200664,20.0,0.0002922717227060792,0.0003322933213900023,0.00016207599524444352,0.0007866410393405246,0.0,Germany,DEU,baden-wurttemberg,,,Linux-7.0.0-30-generic-x86_64-with-glibc2.43,3.14.4,3.3.0,24,Intel(R) Core(TM) Ultra 9 285K,1,1 x NVIDIA GeForce RTX 5090,9.1827,48.767,60.816158294677734,machine,0.0,0.0,0.0,0.0,N
rollout_4,2026-08-31T14:40:13,sac_HalfCheetah-v5_seed56,94c76186-0ecd-4c8f-b836-1505ccf51b23,0.4997199469999032,4.484941263146764e-06,8.975119041546426e-06,31.530035097365143,29.844738960855434,20.0,4.94327951017226e-06,4.060281026001256e-06,2.769483861114492e-06,1.1773044397287574e-05,0.0,Germany,DEU,baden-wurttemberg,,,Linux-7.0.0-30-generic-x86_64-with-glibc2.43,3.14.4,3.3.0,24,Intel(R) Core(TM) Ultra 9 285K,1,1 x NVIDIA GeForce RTX 5090,9.1827,48.767,60.816158294677734,machine,0.0,0.0,0.0,0.0,N
gradient_updates_4,2026-08-31T14:40:36,sac_HalfCheetah-v5_seed56,94c76186-0ecd-4c8f-b836-1505ccf51b23,22.701807895000456,0.00023100995061020807,1.0175846336135346e-05,31.81634697717336,30.799670962902812,20.0,0.00021388329055093552,0.0002664285464759955,0.00012609307335555457,0.000606404910382486,0.0,Germany,DEU,baden-wurttemberg,,,Linux-7.0.0-30-generic-x86_64-with-glibc2.43,3.14.4,3.3.0,24,Intel(R) Core(TM) Ultra 9 285K,1,1 x NVIDIA GeForce RTX 5090,9.1827,48.767,60.816158294677734,machine,0.0,0.0,0.0,0.0,N
rollout_5,2026-08-31T14:40:36,sac_HalfCheetah-v5_seed56,94c76186-0ecd-4c8f-b836-1505ccf51b23,0.5453828069994415,4.950503010925757e-06,9.077244187472046e-06,32.018106548929175,30.79504047575674,20.0,5.311998971822829e-06,4.654725945997529e-06,3.0284267055573615e-06,1.2995151623377936e-05,0.0,Germany,DEU,baden-wurttemberg,,,Linux-7.0.0-30-generic-x86_64-with-glibc2.43,3.14.4,3.3.0,24,Intel(R) Core(TM) Ultra 9 285K,1,1 x NVIDIA GeForce RTX 5090,9.1827,48.767,60.816158294677734,machine,0.0,0.0,0.0,0.0,N
gradient_updates_5,2026-08-31T14:41:10,sac_HalfCheetah-v5_seed56,94c76186-0ecd-4c8f-b836-1505ccf51b23,33.84590647799996,0.000340815791161212,1.0069633317127068e-05,32.196116976452316,31.336033003925657,20.0,0.0003408416346175336,0.00036578807040800465,0.00018801733831666457,0.0008946470433422024,0.0,Germany,DEU,baden-wurttemberg,,,Linux-7.0.0-30-generic-x86_64-with-glibc2.43,3.14.4,3.3.0,24,Intel(R) Core(TM) Ultra 9 285K,1,1 x NVIDIA GeForce RTX 5090,9.1827,48.767,60.816158294677734,machine,0.0,0.0,0.0,0.0,N
rollout_6,2026-08-31T14:41:11,sac_HalfCheetah-v5_seed56,94c76186-0ecd-4c8f-b836-1505ccf51b23,0.5043114199997945,4.5068309104806525e-06,8.936278705298703e-06,32.38291478877729,31.196148509238245,20.0,4.975272035780132e-06,4.06305880600033e-06,2.792174238887366e-06,1.1830505080668262e-05,0.0,Germany,DEU,baden-wurttemberg,,,Linux-7.0.0-30-generic-x86_64-with-glibc2.43,3.14.4,3.3.0,24,Intel(R) Core(TM) Ultra 9 285K,1,1 x NVIDIA GeForce RTX 5090,9.1827,48.767,60.816158294677734,machine,0.0,0.0,0.0,0.0,N
gradient_updates_6,2026-08-31T14:41:34,sac_HalfCheetah-v5_seed56,94c76186-0ecd-4c8f-b836-1505ccf51b23,23.646748753999418,0.000245200321146828,1.036930385764074e-05,32.55015568975415,31.82091935367704,20.0,0.00023764242094711369,0.0002746538308339985,0.00013135861407222366,0.0006436548658533357,0.0,Germany,DEU,baden-wurttemberg,,,Linux-7.0.0-30-generic-x86_64-with-glibc2.43,3.14.4,3.3.0,24,Intel(R) Core(TM) Ultra 9 285K,1,1 x NVIDIA GeForce RTX 5090,9.1827,48.767,60.816158294677734,machine,0.0,0.0,0.0,0.0,N
rollout_7,2026-08-31T14:41:35,sac_HalfCheetah-v5_seed56,94c76186-0ecd-4c8f-b836-1505ccf51b23,0.5470465429998512,4.5661150731481775e-06,8.34697193410369e-06,32.57306513236839,31.489694400198694,20.0,5.050107651193014e-06,3.911392018003668e-06,3.0246273111111683e-06,1.1986126980307633e-05,0.0,Germany,DEU,baden-wurttemberg,,,Linux-7.0.0-30-generic-x86_64-with-glibc2.43,3.14.4,3.3.0,24,Intel(R) Core(TM) Ultra 9 285K,1,1 x NVIDIA GeForce RTX 5090,9.1827,48.767,60.816158294677734,machine,0.0,0.0,0.0,0.0,N
gradient_updates_7,2026-08-31T14:41:59,sac_HalfCheetah-v5_seed56,94c76186-0ecd-4c8f-b836-1505ccf51b23,24.039286176000132,0.0002452143101970266,1.020056650798337e-05,32.59755196539506,32.018748625794885,20.0,0.00023280581735561634,0.00027735522188399725,0.00013353054810000286,0.0006436915873396162,0.0,Germany,DEU,baden-wurttemberg,,,Linux-7.0.0-30-generic-x86_64-with-glibc2.43,3.14.4,3.3.0,24,Intel(R) Core(TM) Ultra 9 285K,1,1 x NVIDIA GeForce RTX 5090,9.1827,48.767,60.816158294677734,machine,0.0,0.0,0.0,0.0,N
rollout_8,2026-08-31T14:41:59,sac_HalfCheetah-v5_seed56,94c76186-0ecd-4c8f-b836-1505ccf51b23,0.49831467299918586,4.32245838800395e-06,8.67424789519564e-06,32.70819868511845,31.766338743446948,20.0,4.8592377762876615e-06,3.7252807579962743e-06,2.7620056500027215e-06,1.1346524184286874e-05,0.0,Germany,DEU,baden-wurttemberg,,,Linux-7.0.0-30-generic-x86_64-with-glibc2.43,3.14.4,3.3.0,24,Intel(R) Core(TM) Ultra 9 285K,1,1 x NVIDIA GeForce RTX 5090,9.1827,48.767,60.816158294677734,machine,0.0,0.0,0.0,0.0,N
gradient_updates_8,2026-08-31T14:42:25,sac_HalfCheetah-v5_seed56,94c76186-0ecd-4c8f-b836-1505ccf51b23,25.591950214999997,0.00025930548190951884,1.013231106332248e-05,32.80821977313096,32.205480940580614,20.0,0.00024716558412119644,0.00029135245530399756,0.0001421631048444448,0.0006806811442696386,0.0,Germany,DEU,baden-wurttemberg,,,Linux-7.0.0-30-generic-x86_64-with-glibc2.43,3.14.4,3.3.0,24,Intel(R) Core(TM) Ultra 9 285K,1,1 x NVIDIA GeForce RTX 5090,9.1827,48.767,60.816158294677734,machine,0.0,0.0,0.0,0.0,N
rollout_9,2026-08-31T14:42:26,sac_HalfCheetah-v5_seed56,94c76186-0ecd-4c8f-b836-1505ccf51b23,0.498575517000063,4.374016983747873e-06,8.77288940549682e-06,32.924486848397585,31.980541257605626,20.0,4.943059232223601e-06,3.7716696840023323e-06,2.7671374277764976e-06,1.1481866344002431e-05,0.0,Germany,DEU,baden-wurttemberg,,,Linux-7.0.0-30-generic-x86_64-with-glibc2.43,3.14.4,3.3.0,24,Intel(R) Core(TM) Ultra 9 285K,1,1 x NVIDIA GeForce RTX 5090,9.1827,48.767,60.816158294677734,machine,0.0,0.0,0.0,0.0,N
gradient_updates_9,2026-08-31T14:42:49,sac_HalfCheetah-v5_seed56,94c76186-0ecd-4c8f-b836-1505ccf51b23,23.029287651999766,0.0002329050011005522,1.0113430610591495e-05,33.027570260609444,32.41191007130308,20.0,0.00021542718900827845,0.00026802382553000464,0.00012792843447222276,0.0006113794490105063,0.0,Germany,DEU,baden-wurttemberg,,,Linux-7.0.0-30-generic-x86_64-with-glibc2.43,3.14.4,3.3.0,24,Intel(R) Core(TM) Ultra 9 285K,1,1 x NVIDIA GeForce RTX 5090,9.1827,48.767,60.816158294677734,machine,0.0,0.0,0.0,0.0,N
rollout_10,2026-08-31T14:42:49,sac_HalfCheetah-v5_seed56,94c76186-0ecd-4c8f-b836-1505ccf51b23,0.635753907000435,5.963324075931777e-06,9.379545050833997e-06,33.15054758385528,32.4198020641006,20.0,6.397981785054296e-06,5.7369490339964635e-06,3.5188927166676133e-06,1.565382353571794e-05,0.0,Germany,DEU,baden-wurttemberg,,,Linux-7.0.0-30-generic-x86_64-with-glibc2.43,3.14.4,3.3.0,24,Intel(R) Core(TM) Ultra 9 285K,1,1 x NVIDIA GeForce RTX 5090,9.1827,48.767,60.816158294677734,machine,0.0,0.0,0.0,0.0,N
gradient_updates_10,2026-08-31T14:43:12,sac_HalfCheetah-v5_seed56,94c76186-0ecd-4c8f-b836-1505ccf51b23,23.23779501900026,0.00023497266210000586,1.0111661346847578e-05,33.26007541952952,32.792659034365656,20.0,0.00021829819297174147,0.00026941910442399714,0.00012908979566110838,0.0006168070930568474,0.0,Germany,DEU,baden-wurttemberg,,,Linux-7.0.0-30-generic-x86_64-with-glibc2.43,3.14.4,3.3.0,24,Intel(R) Core(TM) Ultra 9 285K,1,1 x NVIDIA GeForce RTX 5090,9.1827,48.767,60.816158294677734,machine,0.0,0.0,0.0,0.0,N
rollout_11,2026-08-31T14:43:13,sac_HalfCheetah-v5_seed56,94c76186-0ecd-4c8f-b836-1505ccf51b23,0.4990534670005218,4.406102733873259e-06,8.828871375092146e-06,33.317450879936736,32.629364422020814,20.0,4.858118608709605e-06,3.944725378006442e-06,2.763247977777012e-06,1.1566091964492625e-05,0.0,Germany,DEU,baden-wurttemberg,,,Linux-7.0.0-30-generic-x86_64-with-glibc2.43,3.14.4,3.3.0,24,Intel(R) Core(TM) Ultra 9 285K,1,1 x NVIDIA GeForce RTX 5090,9.1827,48.767,60.816158294677734,machine,0.0,0.0,0.0,0.0,N
gradient_updates_11,2026-08-31T14:43:35,sac_HalfCheetah-v5_seed56,94c76186-0ecd-4c8f-b836-1505ccf51b23,22.38965354500033,0.0002281630561970895,1.0190560715629044e-05,33.37031862237517,32.965655958511796,20.0,0.00021518157381179154,0.0002593768741679936,0.00012437331786111123,0.0005989317658408964,0.0,Germany,DEU,baden-wurttemberg,,,Linux-7.0.0-30-generic-x86_64-with-glibc2.43,3.14.4,3.3.0,24,Intel(R) Core(TM) Ultra 9 285K,1,1 x NVIDIA GeForce RTX 5090,9.1827,48.767,60.816158294677734,machine,0.0,0.0,0.0,0.0,N
rollout_12,2026-08-31T14:43:36,sac_HalfCheetah-v5_seed56,94c76186-0ecd-4c8f-b836-1505ccf51b23,0.4972725029992944,4.439209283473543e-06,8.92713169280476e-06,33.44171579613505,32.816516711358304,20.0,4.927393386353063e-06,3.9688920639990855e-06,2.7567117499983744e-06,1.1652997200350956e-05,0.0,Germany,DEU,baden-wurttemberg,,,Linux-7.0.0-30-generic-x86_64-with-glibc2.43,3.14.4,3.3.0,24,Intel(R) Core(TM) Ultra 9 285K,1,1 x NVIDIA GeForce RTX 5090,9.1827,48.767,60.816158294677734,machine,0.0,0.0,0.0,0.0,N
gradient_updates_12,2026-08-31T14:44:00,sac_HalfCheetah-v5_seed56,94c76186-0ecd-4c8f-b836-1505ccf51b23,23.953046996000012,0.0002497508042653162,1.0426684989375232e-05,33.50991297416099,33.13206595316356,20.0,0.00024336432135797087,0.00027918689001600605,0.0001330487473222195,0.0006555999586961968,0.0,Germany,DEU,baden-wurttemberg,,,Linux-7.0.0-30-generic-x86_64-with-glibc2.43,3.14.4,3.3.0,24,Intel(R) Core(TM) Ultra 9 285K,1,1 x NVIDIA GeForce RTX 5090,9.1827,48.767,60.816158294677734,machine,0.0,0.0,0.0,0.0,N
rollout_13,2026-08-31T14:44:00,sac_HalfCheetah-v5_seed56,94c76186-0ecd-4c8f-b836-1505ccf51b23,0.5366771919998428,4.627361614237789e-06,8.622427898466608e-06,33.5705725560858,32.897096771164385,20.0,5.3110495266128765e-06,3.86944754000168e-06,2.9664030888852666e-06,1.2146900155499823e-05,0.0,Germany,DEU,baden-wurttemberg,,,Linux-7.0.0-30-generic-x86_64-with-glibc2.43,3.14.4,3.3.0,24,Intel(R) Core(TM) Ultra 9 285K,1,1 x NVIDIA GeForce RTX 5090,9.1827,48.767,60.816158294677734,machine,0.0,0.0,0.0,0.0,N
gradient_updates_13,2026-08-31T14:44:25,sac_HalfCheetah-v5_seed56,94c76186-0ecd-4c8f-b836-1505ccf51b23,24.84444581400021,0.00025420449662218354,1.0231845602609043e-05,33.62666520076785,33.18649854253504,20.0,0.00024036439756915107,0.00028891606446600215,0.00013801051216666763,0.0006672909742018208,0.0,Germany,DEU,baden-wurttemberg,,,Linux-7.0.0-30-generic-x86_64-with-glibc2.43,3.14.4,3.3.0,24,Intel(R) Core(TM) Ultra 9 285K,1,1 x NVIDIA GeForce RTX 5090,9.1827,48.767,60.816158294677734,machine,0.0,0.0,0.0,0.0,N
rollout_14,2026-08-31T14:44:26,sac_HalfCheetah-v5_seed56,94c76186-0ecd-4c8f-b836-1505ccf51b23,0.5235372990000542,4.517577189049049e-06,8.628585490708534e-06,33.668044135366074,32.977837926681566,20.0,5.127503546441259e-06,3.836947513997935e-06,2.8942631777784285e-06,1.1858714238217188e-05,0.0,Germany,DEU,baden-wurttemberg,,,Linux-7.0.0-30-generic-x86_64-with-glibc2.43,3.14.4,3.3.0,24,Intel(R) Core(TM) Ultra 9 285K,1,1 x NVIDIA GeForce RTX 5090,9.1827,48.767,60.816158294677734,machine,0.0,0.0,0.0,0.0,N
gradient_updates_14,2026-08-31T14:44:49,sac_HalfCheetah-v5_seed56,94c76186-0ecd-4c8f-b836-1505ccf51b23,23.11381324499962,0.00023619259974151652,1.0218678769399056e-05,33.706182372715034,33.25722464550348,20.0,0.00022071696101787913,0.0002708979944959916,0.0001283944938666689,0.0006200094493805392,0.0,Germany,DEU,baden-wurttemberg,,,Linux-7.0.0-30-generic-x86_64-with-glibc2.43,3.14.4,3.3.0,24,Intel(R) Core(TM) Ultra 9 285K,1,1 x NVIDIA GeForce RTX 5090,9.1827,48.767,60.816158294677734,machine,0.0,0.0,0.0,0.0,N
rollout_15,2026-08-31T14:44:49,sac_HalfCheetah-v5_seed56,94c76186-0ecd-4c8f-b836-1505ccf51b23,0.5539228009993167,5.195855815995701e-06,9.38019952356501e-06,33.76400477914991,33.24851925971592,20.0,5.530860535798987e-06,5.046670704007827e-06,3.061675522222744e-06,1.3639206762030426e-05,0.0,Germany,DEU,baden-wurttemberg,,,Linux-7.0.0-30-generic-x86_64-with-glibc2.43,3.14.4,3.3.0,24,Intel(R) Core(TM) Ultra 9 285K,1,1 x NVIDIA GeForce RTX 5090,9.1827,48.767,60.816158294677734,machine,0.0,0.0,0.0,0.0,N
gradient_updates_15,2026-08-31T14:45:14,sac_HalfCheetah-v5_seed56,94c76186-0ecd-4c8f-b836-1505ccf51b23,24.26269120300003,0.0002512306483568507,1.0354612239171012e-05,33.81829885445858,33.509321387263036,20.0,0.00023913545686376353,0.00028557161734599906,0.00013477749950555626,0.0006594845737153184,0.0,Germany,DEU,baden-wurttemberg,,,Linux-7.0.0-30-generic-x86_64-with-glibc2.43,3.14.4,3.3.0,24,Intel(R) Core(TM) Ultra 9 285K,1,1 x NVIDIA GeForce RTX 5090,9.1827,48.767,60.816158294677734,machine,0.0,0.0,0.0,0.0,N
rollout_16,2026-08-31T14:45:14,sac_HalfCheetah-v5_seed56,94c76186-0ecd-4c8f-b836-1505ccf51b23,0.520423332000064,4.82757578754503e-06,9.276304052337492e-06,33.77767434310021,33.55393285168122,20.0,4.735421288322439e-06,5.057226268000148e-06,2.8798180888921047e-06,1.2672465645215125e-05,0.0,Germany,DEU,baden-wurttemberg,,,Linux-7.0.0-30-generic-x86_64-with-glibc2.43,3.14.4,3.3.0,24,Intel(R) Core(TM) Ultra 9 285K,1,1 x NVIDIA GeForce RTX 5090,9.1827,48.767,60.816158294677734,machine,0.0,0.0,0.0,0.0,N
gradient_updates_16,2026-08-31T14:45:39,sac_HalfCheetah-v5_seed56,94c76186-0ecd-4c8f-b836-1505ccf51b23,25.0166977709996,0.0002574804953379738,1.0292349243883542e-05,33.74231318987455,33.78096003262372,20.0,0.0002453929227030707,0.00029152439988600065,0.00013897320198888756,0.0006758905245779594,0.0,Germany,DEU,baden-wurttemberg,,,Linux-7.0.0-30-generic-x86_64-with-glibc2.43,3.14.4,3.3.0,24,Intel(R) Core(TM) Ultra 9 285K,1,1 x NVIDIA GeForce RTX 5090,9.1827,48.767,60.816158294677734,machine,0.0,0.0,0.0,0.0,N
rollout_17,2026-08-31T14:45:40,sac_HalfCheetah-v5_seed56,94c76186-0ecd-4c8f-b836-1505ccf51b23,0.4998818490003032,4.4188186405814955e-06,8.839647894436908e-06,33.77376399431006,33.642026015963914,20.0,4.892230302665224e-06,3.941669819998439e-06,2.7655713055589094e-06,1.1599471428222138e-05,0.0,Germany,DEU,baden-wurttemberg,,,Linux-7.0.0-30-generic-x86_64-with-glibc2.43,3.14.4,3.3.0,24,Intel(R) Core(TM) Ultra 9 285K,1,1 x NVIDIA GeForce RTX 5090,9.1827,48.767,60.816158294677734,machine,0.0,0.0,0.0,0.0,N
gradient_updates_17,2026-08-31T14:46:03,sac_HalfCheetah-v5_seed56,94c76186-0ecd-4c8f-b836-1505ccf51b23,23.686940964000314,0.0002452564512977831,1.0354082225860446e-05,33.80422221789379,33.864820522946324,20.0,0.00023374163699315526,0.00027848577834399535,0.00013157479308333183,0.0006438022084204829,0.0,Germany,DEU,baden-wurttemberg,,,Linux-7.0.0-30-generic-x86_64-with-glibc2.43,3.14.4,3.3.0,24,Intel(R) Core(TM) Ultra 9 285K,1,1 x NVIDIA GeForce RTX 5090,9.1827,48.767,60.816158294677734,machine,0.0,0.0,0.0,0.0,N
rollout_18,2026-08-31T14:46:04,sac_HalfCheetah-v5_seed56,94c76186-0ecd-4c8f-b836-1505ccf51b23,0.5022103020000941,4.4404537756321735e-06,8.841479961611364e-06,33.84278519405764,33.72058704859943,20.0,4.971965922015431e-06,3.905003123999551e-06,2.779294966669208e-06,1.1656264012683756e-05,0.0,Germany,DEU,baden-wurttemberg,,,Linux-7.0.0-30-generic-x86_64-with-glibc2.43,3.14.4,3.3.0,24,Intel(R) Core(TM) Ultra 9 285K,1,1 x NVIDIA GeForce RTX 5090,9.1827,48.767,60.816158294677734,machine,0.0,0.0,0.0,0.0,N
gradient_updates_18,2026-08-31T14:46:28,sac_HalfCheetah-v5_seed56,94c76186-0ecd-4c8f-b836-1505ccf51b23,23.607104808999793,0.00024829110287820626,1.0517646557709925e-05,33.88124302715324,33.929888610658416,20.0,0.00024329213018910167,0.0002773485552119981,0.0001311275332055578,0.0006517682186066576,0.0,Germany,DEU,baden-wurttemberg,,,Linux-7.0.0-30-generic-x86_64-with-glibc2.43,3.14.4,3.3.0,24,Intel(R) Core(TM) Ultra 9 285K,1,1 x NVIDIA GeForce RTX 5090,9.1827,48.767,60.816158294677734,machine,0.0,0.0,0.0,0.0,N
rollout_19,2026-08-31T14:46:28,sac_HalfCheetah-v5_seed56,94c76186-0ecd-4c8f-b836-1505ccf51b23,0.5022125820005385,4.588711901670241e-06,9.137058599258195e-06,33.95137174649612,33.81951480520648,20.0,5.183214979900819e-06,4.0783365960056495e-06,2.7838924500024793e-06,1.2045444025908514e-05,0.0,Germany,DEU,baden-wurttemberg,,,Linux-7.0.0-30-generic-x86_64-with-glibc2.43,3.14.4,3.3.0,24,Intel(R) Core(TM) Ultra 9 285K,1,1 x NVIDIA GeForce RTX 5090,9.1827,48.767,60.816158294677734,machine,0.0,0.0,0.0,0.0,N
gradient_updates_19,2026-08-31T14:46:51,sac_HalfCheetah-v5_seed56,94c76186-0ecd-4c8f-b836-1505ccf51b23,22.768844692999664,0.00023437281006068612,1.0293576972143983e-05,34.016224943418685,34.01997483350662,20.0,0.0002203632629571295,0.00026838854804400736,0.00012648066061111008,0.0006152324716122478,0.0,Germany,DEU,baden-wurttemberg,,,Linux-7.0.0-30-generic-x86_64-with-glibc2.43,3.14.4,3.3.0,24,Intel(R) Core(TM) Ultra 9 285K,1,1 x NVIDIA GeForce RTX 5090,9.1827,48.767,60.816158294677734,machine,0.0,0.0,0.0,0.0,N
rollout_20,2026-08-31T14:46:51,sac_HalfCheetah-v5_seed56,94c76186-0ecd-4c8f-b836-1505ccf51b23,0.5597376220002843,4.929058753040498e-06,8.806068119070153e-06,34.067303101505495,33.85658421734269,20.0,5.683278435510142e-06,4.157225547987697e-06,3.0983561111093405e-06,1.293886009460718e-05,0.0,Germany,DEU,baden-wurttemberg,,,Linux-7.0.0-30-generic-x86_64-with-glibc2.43,3.14.4,3.3.0,24,Intel(R) Core(TM) Ultra 9 285K,1,1 x NVIDIA GeForce RTX 5090,9.1827,48.767,60.816158294677734,machine,0.0,0.0,0.0,0.0,N
gradient_updates_20,2026-08-31T14:47:14,sac_HalfCheetah-v5_seed56,94c76186-0ecd-4c8f-b836-1505ccf51b23,22.411706949999825,0.00023120126221708778,1.0316094514632781e-05,34.11429658776663,34.0620314831268,20.0,0.0002141089846203828,0.0002683016035300023,0.00012449651833888612,0.0006069071064892708,0.0,Germany,DEU,baden-wurttemberg,,,Linux-7.0.0-30-generic-x86_64-with-glibc2.43,3.14.4,3.3.0,24,Intel(R) Core(TM) Ultra 9 285K,1,1 x NVIDIA GeForce RTX 5090,9.1827,48.767,60.816158294677734,machine,0.0,0.0,0.0,0.0,N
rollout_21,2026-08-31T14:47:14,sac_HalfCheetah-v5_seed56,94c76186-0ecd-4c8f-b836-1505ccf51b23,0.49892046300010406,4.462700905097199e-06,8.944818918978402e-06,34.15516637329725,33.937319296077185,20.0,5.031492080746769e-06,3.917503133998856e-06,2.765667877777881e-06,1.1714663092524807e-05,0.0,Germany,DEU,baden-wurttemberg,,,Linux-7.0.0-30-generic-x86_64-with-glibc2.43,3.14.4,3.3.0,24,Intel(R) Core(TM) Ultra 9 285K,1,1 x NVIDIA GeForce RTX 5090,9.1827,48.767,60.816158294677734,machine,0.0,0.0,0.0,0.0,N
gradient_updates_21,2026-08-31T14:47:37,sac_HalfCheetah-v5_seed56,94c76186-0ecd-4c8f-b836-1505ccf51b23,22.218481964999228,0.00022659663058572678,1.0198568364198394e-05,34.191919054650945,34.1291478757771,20.0,0.00020632538839351205,0.0002650716009460069,0.00012342288357222037,0.0005948198729117393,0.0,Germany,DEU,baden-wurttemberg,,,Linux-7.0.0-30-generic-x86_64-with-glibc2.43,3.14.4,3.3.0,24,Intel(R) Core(TM) Ultra 9 285K,1,1 x NVIDIA GeForce RTX 5090,9.1827,48.767,60.816158294677734,machine,0.0,0.0,0.0,0.0,N
rollout_22,2026-08-31T14:47:37,sac_HalfCheetah-v5_seed56,94c76186-0ecd-4c8f-b836-1505ccf51b23,0.5027908829997614,4.4546263206326e-06,8.859403259741364e-06,34.1942814004195,34.02169941853254,20.0,4.853676660719619e-06,4.046669904000932e-06,2.7931206111084066e-06,1.1693467175829392e-05,0.0,Germany,DEU,baden-wurttemberg,,,Linux-7.0.0-30-generic-x86_64-with-glibc2.43,3.14.4,3.3.0,24,Intel(R) Core(TM) Ultra 9 285K,1,1 x NVIDIA GeForce RTX 5090,9.1827,48.767,60.816158294677734,machine,0.0,0.0,0.0,0.0,N
gradient_updates_22,2026-08-31T14:47:59,sac_HalfCheetah-v5_seed56,94c76186-0ecd-4c8f-b836-1505ccf51b23,22.245288725000137,0.0002309830110386853,1.038346185688757e-05,34.197428219855354,34.201377212382944,20.0,0.00021815815147081807,0.00026460437834999184,0.00012357166374444596,0.0006063341935652576,0.0,Germany,DEU,baden-wurttemberg,,,Linux-7.0.0-30-generic-x86_64-with-glibc2.43,3.14.4,3.3.0,24,Intel(R) Core(TM) Ultra 9 285K,1,1 x NVIDIA GeForce RTX 5090,9.1827,48.767,60.816158294677734,machine,0.0,0.0,0.0,0.0,N
rollout_23,2026-08-31T14:48:00,sac_HalfCheetah-v5_seed56,94c76186-0ecd-4c8f-b836-1505ccf51b23,0.5016075220000857,4.337703519420762e-06,8.64772566896346e-06,34.21157889429285,34.0463821122318,20.0,4.920187825031841e-06,3.6825029460091363e-06,2.7838521333301697e-06,1.1386542904372882e-05,0.0,Germany,DEU,baden-wurttemberg,,,Linux-7.0.0-30-generic-x86_64-with-glibc2.43,3.14.4,3.3.0,24,Intel(R) Core(TM) Ultra 9 285K,1,1 x NVIDIA GeForce RTX 5090,9.1827,48.767,60.816158294677734,machine,0.0,0.0,0.0,0.0,N
gradient_updates_23,2026-08-31T14:48:22,sac_HalfCheetah-v5_seed56,94c76186-0ecd-4c8f-b836-1505ccf51b23,22.252644963999956,0.00022984661540581628,1.0328957816415083e-05,34.225465880865094,34.20943324081317,20.0,0.0002179135026639939,0.0002618249316819893,0.00012361270203888747,0.0006033511363848706,0.0,Germany,DEU,baden-wurttemberg,,,Linux-7.0.0-30-generic-x86_64-with-glibc2.43,3.14.4,3.3.0,24,Intel(R) Core(TM) Ultra 9 285K,1,1 x NVIDIA GeForce RTX 5090,9.1827,48.767,60.816158294677734,machine,0.0,0.0,0.0,0.0,N
rollout_24,2026-08-31T14:48:23,sac_HalfCheetah-v5_seed56,94c76186-0ecd-4c8f-b836-1505ccf51b23,0.49853265899946564,4.479952647927499e-06,8.9861549327511e-06,34.23551968677285,34.126793751635745,20.0,4.8558977736035125e-06,4.1377810880011134e-06,2.7662703388866595e-06,1.1759949200492587e-05,0.0,Germany,DEU,baden-wurttemberg,,,Linux-7.0.0-30-generic-x86_64-with-glibc2.43,3.14.4,3.3.0,24,Intel(R) Core(TM) Ultra 9 285K,1,1 x NVIDIA GeForce RTX 5090,9.1827,48.767,60.816158294677734,machine,0.0,0.0,0.0,0.0,N
gradient_updates_24,2026-08-31T14:48:45,sac_HalfCheetah-v5_seed56,94c76186-0ecd-4c8f-b836-1505ccf51b23,22.220850442000483,0.0002291378616677657,1.031184229649247e-05,34.244761027636535,34.298436914395765,20.0,0.00021126651456863238,0.00026678243564801085,0.00012344169597778166,0.000601490646194424,0.0,Germany,DEU,baden-wurttemberg,,,Linux-7.0.0-30-generic-x86_64-with-glibc2.43,3.14.4,3.3.0,24,Intel(R) Core(TM) Ultra 9 285K,1,1 x NVIDIA GeForce RTX 5090,9.1827,48.767,60.816158294677734,machine,0.0,0.0,0.0,0.0,N
rollout_25,2026-08-31T14:48:45,sac_HalfCheetah-v5_seed56,94c76186-0ecd-4c8f-b836-1505ccf51b23,0.497286429000269,4.491000920232337e-06,9.030946209405853e-06,34.243625918620765,34.23594425058209,20.0,4.764582422780994e-06,4.265836745995233e-06,2.7585319277781406e-06,1.1788951096554368e-05,0.0,Germany,DEU,baden-wurttemberg,,,Linux-7.0.0-30-generic-x86_64-with-glibc2.43,3.14.4,3.3.0,24,Intel(R) Core(TM) Ultra 9 285K,1,1 x NVIDIA GeForce RTX 5090,9.1827,48.767,60.816158294677734,machine,0.0,0.0,0.0,0.0,N
gradient_updates_25,2026-08-31T14:49:07,sac_HalfCheetah-v5_seed56,94c76186-0ecd-4c8f-b836-1505ccf51b23,22.224731379999866,0.00023036027059111178,1.0365045132428083e-05,34.24336753192631,34.389852544171234,20.0,0.00021761951715103256,0.00026361159977800197,0.00012346837274444626,0.0006046994896734791,0.0,Germany,DEU,baden-wurttemberg,,,Linux-7.0.0-30-generic-x86_64-with-glibc2.43,3.14.4,3.3.0,24,Intel(R) Core(TM) Ultra 9 285K,1,1 x NVIDIA GeForce RTX 5090,9.1827,48.767,60.816158294677734,machine,0.0,0.0,0.0,0.0,N
rollout_26,2026-08-31T14:49:08,sac_HalfCheetah-v5_seed56,94c76186-0ecd-4c8f-b836-1505ccf51b23,0.4992463939997833,4.4838513942645555e-06,8.98091387449766e-06,34.27590064736756,34.28581198962594,20.0,5.046988204256142e-06,3.954725386001723e-06,2.7684698833329788e-06,1.1770183473591711e-05,0.0,Germany,DEU,baden-wurttemberg,,,Linux-7.0.0-30-generic-x86_64-with-glibc2.43,3.14.4,3.3.0,24,Intel(R) Core(TM) Ultra 9 285K,1,1 x NVIDIA GeForce RTX 5090,9.1827,48.767,60.816158294677734,machine,0.0,0.0,0.0,0.0,N
gradient_updates_26,2026-08-31T14:49:30,sac_HalfCheetah-v5_seed56,94c76186-0ecd-4c8f-b836-1505ccf51b23,22.198503162000634,0.00022729743936724962,1.0239319906208306e-05,34.30559202959514,34.437388380287956,20.0,0.00020868385028027792,0.00026466354506400613,0.00012331211211666793,0.0005966595074609511,0.0,Germany,DEU,baden-wurttemberg,,,Linux-7.0.0-30-generic-x86_64-with-glibc2.43,3.14.4,3.3.0,24,Intel(R) Core(TM) Ultra 9 285K,1,1 x NVIDIA GeForce RTX 5090,9.1827,48.767,60.816158294677734,machine,0.0,0.0,0.0,0.0,N
rollout_27,2026-08-31T14:49:31,sac_HalfCheetah-v5_seed56,94c76186-0ecd-4c8f-b836-1505ccf51b23,0.4975559009999415,4.442902010174353e-06,8.929341345706457e-06,34.304927857031025,34.3565425653926,20.0,4.785673272972302e-06,4.112503289993574e-06,2.7645141055573225e-06,1.1662690668524933e-05,0.0,Germany,DEU,baden-wurttemberg,,,Linux-7.0.0-30-generic-x86_64-with-glibc2.43,3.14.4,3.3.0,24,Intel(R) Core(TM) Ultra 9 285K,1,1 x NVIDIA GeForce RTX 5090,9.1827,48.767,60.816158294677734,machine,0.0,0.0,0.0,0.0,N
gradient_updates_27,2026-08-31T14:49:53,sac_HalfCheetah-v5_seed56,94c76186-0ecd-4c8f-b836-1505ccf51b23,22.224950000999343,0.0002273522368869945,1.0229599730396131e-05,34.304002780972866,34.4994577247651,20.0,0.00020921929737531542,0.00026412743352399737,0.00012345662094999637,0.00059680335184931,0.0,Germany,DEU,baden-wurttemberg,,,Linux-7.0.0-30-generic-x86_64-with-glibc2.43,3.14.4,3.3.0,24,Intel(R) Core(TM) Ultra 9 285K,1,1 x NVIDIA GeForce RTX 5090,9.1827,48.767,60.816158294677734,machine,0.0,0.0,0.0,0.0,N
rollout_28,2026-08-31T14:49:53,sac_HalfCheetah-v5_seed56,94c76186-0ecd-4c8f-b836-1505ccf51b23,0.497341403000064,4.509572076696541e-06,9.067203195575017e-06,34.29657317066872,34.45205351395908,20.0,4.717025995838731e-06,4.363892380010448e-06,2.7567823111087145e-06,1.1837700686957026e-05,0.0,Germany,DEU,baden-wurttemberg,,,Linux-7.0.0-30-generic-x86_64-with-glibc2.43,3.14.4,3.3.0,24,Intel(R) Core(TM) Ultra 9 285K,1,1 x NVIDIA GeForce RTX 5090,9.1827,48.767,60.816158294677734,machine,0.0,0.0,0.0,0.0,N
gradient_updates_28,2026-08-31T14:50:16,sac_HalfCheetah-v5_seed56,94c76186-0ecd-4c8f-b836-1505ccf51b23,22.233109198999955,0.00023056858884526726,1.0370510072222775e-05,34.29012774427782,34.593873680305975,20.0,0.00021556399245105384,0.0002661760462739915,0.000123506289783336,0.0006052463285083805,0.0,Germany,DEU,baden-wurttemberg,,,Linux-7.0.0-30-generic-x86_64-with-glibc2.43,3.14.4,3.3.0,24,Intel(R) Core(TM) Ultra 9 285K,1,1 x NVIDIA GeForce RTX 5090,9.1827,48.767,60.816158294677734,machine,0.0,0.0,0.0,0.0,N
rollout_29,2026-08-31T14:50:16,sac_HalfCheetah-v5_seed56,94c76186-0ecd-4c8f-b836-1505ccf51b23,0.4990076929998395,4.405726838435653e-06,8.829047814868069e-06,34.30233329697427,34.49005448578723,20.0,4.9015550323550094e-06,3.896392006000338e-06,2.7671581944461315e-06,1.1565105232799744e-05,0.0,Germany,DEU,baden-wurttemberg,,,Linux-7.0.0-30-generic-x86_64-with-glibc2.43,3.14.4,3.3.0,24,Intel(R) Core(TM) Ultra 9 285K,1,1 x NVIDIA GeForce RTX 5090,9.1827,48.767,60.816158294677734,machine,0.0,0.0,0.0,0.0,N
gradient_updates_29,2026-08-31T14:50:38,sac_HalfCheetah-v5_seed56,94c76186-0ecd-4c8f-b836-1505ccf51b23,22.1994819370002,0.00022774508297355306,1.0259029181081745e-05,34.31353228381094,34.62186382140861,20.0,0.00021064256684725363,0.0002638710444300002,0.00012332096799444383,0.0005978345792716985,0.0,Germany,DEU,baden-wurttemberg,,,Linux-7.0.0-30-generic-x86_64-with-glibc2.43,3.14.4,3.3.0,24,Intel(R) Core(TM) Ultra 9 285K,1,1 x NVIDIA GeForce RTX 5090,9.1827,48.767,60.816158294677734,machine,0.0,0.0,0.0,0.0,N
rollout_30,2026-08-31T14:50:39,sac_HalfCheetah-v5_seed56,94c76186-0ecd-4c8f-b836-1505ccf51b23,0.5683560539991959,4.899659684601265e-06,8.620409448342587e-06,34.32506295238202,34.49238208871414,20.0,5.577586406513291e-06,4.140281089998199e-06,3.1438195611122738e-06,1.2861687057622029e-05,0.0,Germany,DEU,baden-wurttemberg,,,Linux-7.0.0-30-generic-x86_64-with-glibc2.43,3.14.4,3.3.0,24,Intel(R) Core(TM) Ultra 9 285K,1,1 x NVIDIA GeForce RTX 5090,9.1827,48.767,60.816158294677734,machine,0.0,0.0,0.0,0.0,N
gradient_updates_30,2026-08-31T14:51:01,sac_HalfCheetah-v5_seed56,94c76186-0ecd-4c8f-b836-1505ccf51b23,22.393423950000397,0.00023011974467269242,1.0276220683340349e-05,34.33564374836206,34.62237587032961,20.0,0.0002125531164312508,0.0002671102136879988,0.00012440477507222238,0.0006040681051914729,0.0,Germany,DEU,baden-wurttemberg,,,Linux-7.0.0-30-generic-x86_64-with-glibc2.43,3.14.4,3.3.0,24,Intel(R) Core(TM) Ultra 9 285K,1,1 x NVIDIA GeForce RTX 5090,9.1827,48.767,60.816158294677734,machine,0.0,0.0,0.0,0.0,N
rollout_31,2026-08-31T14:51:02,sac_HalfCheetah-v5_seed56,94c76186-0ecd-4c8f-b836-1505ccf51b23,0.4966252899994288,4.4352896659879265e-06,8.930797250783948e-06,34.34188479534486,34.54148988741588,20.0,4.842961374366961e-06,4.040558787998805e-06,2.759187977779791e-06,1.1642708140146424e-05,0.0,Germany,DEU,baden-wurttemberg,,,Linux-7.0.0-30-generic-x86_64-with-glibc2.43,3.14.4,3.3.0,24,Intel(R) Core(TM) Ultra 9 285K,1,1 x NVIDIA GeForce RTX 5090,9.1827,48.767,60.816158294677734,machine,0.0,0.0,0.0,0.0,N
gradient_updates_31,2026-08-31T14:51:24,sac_HalfCheetah-v5_seed56,94c76186-0ecd-4c8f-b836-1505ccf51b23,22.220605860999967,0.00022941178931736722,1.0324284150211322e-05,34.34766408139153,34.671331573164814,20.0,0.00021189919368588828,0.0002668746579440051,0.00012343585913888837,0.00060220971076878,0.0,Germany,DEU,baden-wurttemberg,,,Linux-7.0.0-30-generic-x86_64-with-glibc2.43,3.14.4,3.3.0,24,Intel(R) Core(TM) Ultra 9 285K,1,1 x NVIDIA GeForce RTX 5090,9.1827,48.767,60.816158294677734,machine,0.0,0.0,0.0,0.0,N
rollout_32,2026-08-31T14:51:25,sac_HalfCheetah-v5_seed56,94c76186-0ecd-4c8f-b836-1505ccf51b23,0.4972261749999234,4.445942806290126e-06,8.941338510667608e-06,34.34443416168625,34.60480280398836,20.0,4.755851026896907e-06,4.157225547987697e-06,2.7575962333334716e-06,1.1670672808217208e-05,0.0,Germany,DEU,baden-wurttemberg,,,Linux-7.0.0-30-generic-x86_64-with-glibc2.43,3.14.4,3.3.0,24,Intel(R) Core(TM) Ultra 9 285K,1,1 x NVIDIA GeForce RTX 5090,9.1827,48.767,60.816158294677734,machine,0.0,0.0,0.0,0.0,N
gradient_updates_32,2026-08-31T14:51:47,sac_HalfCheetah-v5_seed56,94c76186-0ecd-4c8f-b836-1505ccf51b23,22.249382269999842,0.00022857416338425106,1.0273285215872451e-05,34.3410955676523,34.73055225523945,20.0,0.00020897929384996322,0.00026744715840200384,0.00012358447669999929,0.0006000109289519655,0.0,Germany,DEU,baden-wurttemberg,,,Linux-7.0.0-30-generic-x86_64-with-glibc2.43,3.14.4,3.3.0,24,Intel(R) Core(TM) Ultra 9 285K,1,1 x NVIDIA GeForce RTX 5090,9.1827,48.767,60.816158294677734,machine,0.0,0.0,0.0,0.0,N
rollout_33,2026-08-31T14:51:47,sac_HalfCheetah-v5_seed56,94c76186-0ecd-4c8f-b836-1505ccf51b23,0.4975989269996717,4.576647322528105e-06,9.197401981910073e-06,34.346740126160945,34.690313436113996,20.0,4.846335543727542e-06,4.406392414002536e-06,2.761046349997187e-06,1.2013774307727265e-05,0.0,Germany,DEU,baden-wurttemberg,,,Linux-7.0.0-30-generic-x86_64-with-glibc2.43,3.14.4,3.3.0,24,Intel(R) Core(TM) Ultra 9 285K,1,1 x NVIDIA GeForce RTX 5090,9.1827,48.767,60.816158294677734,machine,0.0,0.0,0.0,0.0,N
gradient_updates_33,2026-08-31T14:52:12,sac_HalfCheetah-v5_seed56,94c76186-0ecd-4c8f-b836-1505ccf51b23,24.89121053300005,0.0002634394826638974,1.0583638163159109e-05,34.35384274555478,34.79900495312136,20.0,0.0002600668505533116,0.0002931924567760036,0.00013827365674444307,0.0006915329640737565,0.0,Germany,DEU,baden-wurttemberg,,,Linux-7.0.0-30-generic-x86_64-with-glibc2.43,3.14.4,3.3.0,24,Intel(R) Core(TM) Ultra 9 285K,1,1 x NVIDIA GeForce RTX 5090,9.1827,48.767,60.816158294677734,machine,0.0,0.0,0.0,0.0,N
rollout_34,2026-08-31T14:52:13,sac_HalfCheetah-v5_seed56,94c76186-0ecd-4c8f-b836-1505ccf51b23,0.5014390609994734,4.3896758356570115e-06,8.753776201070526e-06,34.31128064480107,34.74933600371787,20.0,4.397032962066838e-06,4.34389236399213e-06,2.7820457611090962e-06,1.1522971087168932e-05,0.0,Germany,DEU,baden-wurttemberg,,,Linux-7.0.0-30-generic-x86_64-with-glibc2.43,3.14.4,3.3.0,24,Intel(R) Core(TM) Ultra 9 285K,1,1 x NVIDIA GeForce RTX 5090,9.1827,48.767,60.816158294677734,machine,0.0,0.0,0.0,0.0,N
gradient_updates_34,2026-08-31T14:52:35,sac_HalfCheetah-v5_seed56,94c76186-0ecd-4c8f-b836-1505ccf51b23,22.41542329599997,0.00023176419637251436,1.0339500115031541e-05,34.27200974603777,34.86031920480281,20.0,0.0002170827647771864,0.000266785213428003,0.0001245168396777751,0.0006083848178829628,0.0,Germany,DEU,baden-wurttemberg,,,Linux-7.0.0-30-generic-x86_64-with-glibc2.43,3.14.4,3.3.0,24,Intel(R) Core(TM) Ultra 9 285K,1,1 x NVIDIA GeForce RTX 5090,9.1827,48.767,60.816158294677734,machine,0.0,0.0,0.0,0.0,N
rollout_35,2026-08-31T14:52:36,sac_HalfCheetah-v5_seed56,94c76186-0ecd-4c8f-b836-1505ccf51b23,0.5001224480001838,4.238308819279335e-06,8.474401260602586e-06,34.24801244782421,34.75878239536004,20.0,4.55502864402102e-06,3.7952808139979366e-06,2.7753207277785366e-06,1.1125630185796626e-05,0.0,Germany,DEU,baden-wurttemberg,,,Linux-7.0.0-30-generic-x86_64-with-glibc2.43,3.14.4,3.3.0,24,Intel(R) Core(TM) Ultra 9 285K,1,1 x NVIDIA GeForce RTX 5090,9.1827,48.767,60.816158294677734,machine,0.0,0.0,0.0,0.0,N
gradient_updates_35,2026-08-31T14:52:58,sac_HalfCheetah-v5_seed56,94c76186-0ecd-4c8f-b836-1505ccf51b23,22.21253567599979,0.0002291818154197909,1.0317684504332379e-05,34.225816521401754,34.86859463164471,20.0,0.00021292816006460852,0.00026527799000000685,0.00012339987544999868,0.0006016060255146123,0.0,Germany,DEU,baden-wurttemberg,,,Linux-7.0.0-30-generic-x86_64-with-glibc2.43,3.14.4,3.3.0,24,Intel(R) Core(TM) Ultra 9 285K,1,1 x NVIDIA GeForce RTX 5090,9.1827,48.767,60.816158294677734,machine,0.0,0.0,0.0,0.0,N
rollout_36,2026-08-31T14:52:58,sac_HalfCheetah-v5_seed56,94c76186-0ecd-4c8f-b836-1505ccf51b23,0.5026382920004835,4.267845796991979e-06,8.490823788557451e-06,34.16915006453492,34.803167366985384,20.0,4.2272197706624826e-06,4.180003343998151e-06,2.795942122222131e-06,1.12031652368845e-05,0.0,Germany,DEU,baden-wurttemberg,,,Linux-7.0.0-30-generic-x86_64-with-glibc2.43,3.14.4,3.3.0,24,Intel(R) Core(TM) Ultra 9 285K,1,1 x NVIDIA GeForce RTX 5090,9.1827,48.767,60.816158294677734,machine,0.0,0.0,0.0,0.0,N
gradient_updates_36,2026-08-31T14:53:22,sac_HalfCheetah-v5_seed56,94c76186-0ecd-4c8f-b836-1505ccf51b23,23.55398638800034,0.00024406455369721004,1.0361925304085338e-05,34.11656638302074,34.91203622220417,20.0,0.00022736637355961348,0.0002824852259880051,0.00013082185811666858,0.0006406734576642863,0.0,Germany,DEU,baden-wurttemberg,,,Linux-7.0.0-30-generic-x86_64-with-glibc2.43,3.14.4,3.3.0,24,Intel(R) Core(TM) Ultra 9 285K,1,1 x NVIDIA GeForce RTX 5090,9.1827,48.767,60.816158294677734,machine,0.0,0.0,0.0,0.0,N
rollout_37,2026-08-31T14:53:23,sac_HalfCheetah-v5_seed56,94c76186-0ecd-4c8f-b836-1505ccf51b23,0.5349496199996793,4.746197224856155e-06,8.872294690874448e-06,34.13672377292103,34.823901197357465,20.0,5.350468169261491e-06,4.1491699859924625e-06,2.959207427779241e-06,1.2458845583034062e-05,0.0,Germany,DEU,baden-wurttemberg,,,Linux-7.0.0-30-generic-x86_64-with-glibc2.43,3.14.4,3.3.0,24,Intel(R) Core(TM) Ultra 9 285K,1,1 x NVIDIA GeForce RTX 5090,9.1827,48.767,60.816158294677734,machine,0.0,0.0,0.0,0.0,N
gradient_updates_37,2026-08-31T14:53:47,sac_HalfCheetah-v5_seed56,94c76186-0ecd-4c8f-b836-1505ccf51b23,24.021453696000208,0.00024882019755188313,1.0358250385787904e-05,34.15598450562135,34.92699764743939,20.0,0.0002330915967509034,0.00028664495153800373,0.00013342055251666565,0.0006531571008055737,0.0,Germany,DEU,baden-wurttemberg,,,Linux-7.0.0-30-generic-x86_64-with-glibc2.43,3.14.4,3.3.0,24,Intel(R) Core(TM) Ultra 9 285K,1,1 x NVIDIA GeForce RTX 5090,9.1827,48.767,60.816158294677734,machine,0.0,0.0,0.0,0.0,N
rollout_38,2026-08-31T14:53:47,sac_HalfCheetah-v5_seed56,94c76186-0ecd-4c8f-b836-1505ccf51b23,0.547360812000079,5.229665637755676e-06,9.553952268968938e-06,34.1743678878985,34.920191815846636,20.0,5.474674379744859e-06,5.218337507995052e-06,3.034946211108447e-06,1.3727958098848358e-05,0.0,Germany,DEU,baden-wurttemberg,,,Linux-7.0.0-30-generic-x86_64-with-glibc2.43,3.14.4,3.3.0,24,Intel(R) Core(TM) Ultra 9 285K,1,1 x NVIDIA GeForce RTX 5090,9.1827,48.767,60.816158294677734,machine,0.0,0.0,0.0,0.0,N
gradient_updates_38,2026-08-31T14:54:10,sac_HalfCheetah-v5_seed56,94c76186-0ecd-4c8f-b836-1505ccf51b23,22.507362958000158,0.00023157873474712216,1.0289022844009076e-05,34.191444586018356,35.022333362874875,20.0,0.00021284850916756387,0.0002700216049059956,0.00012502786399999806,0.0006078979780735592,0.0,Germany,DEU,baden-wurttemberg,,,Linux-7.0.0-30-generic-x86_64-with-glibc2.43,3.14.4,3.3.0,24,Intel(R) Core(TM) Ultra 9 285K,1,1 x NVIDIA GeForce RTX 5090,9.1827,48.767,60.816158294677734,machine,0.0,0.0,0.0,0.0,N
rollout_39,2026-08-31T14:54:10,sac_HalfCheetah-v5_seed56,94c76186-0ecd-4c8f-b836-1505ccf51b23,0.4976260240000556,4.506550586053787e-06,9.056089268673656e-06,34.20927028723058,34.95791916654899,20.0,4.971118143556885e-06,4.101114392002225e-06,2.7575366888920455e-06,1.1829769224449421e-05,0.0,Germany,DEU,baden-wurttemberg,,,Linux-7.0.0-30-generic-x86_64-with-glibc2.43,3.14.4,3.3.0,24,Intel(R) Core(TM) Ultra 9 285K,1,1 x NVIDIA GeForce RTX 5090,9.1827,48.767,60.816158294677734,machine,0.0,0.0,0.0,0.0,N
gradient_updates_39,2026-08-31T14:54:32,sac_HalfCheetah-v5_seed56,94c76186-0ecd-4c8f-b836-1505ccf51b23,22.224763556999278,0.00022686034443538533,1.0207550510678427e-05,34.225671113800274,35.051305098144745,20.0,0.00020841780534522347,0.00026363715535400456,0.00012345716539444336,0.0005955121260936731,0.0,Germany,DEU,baden-wurttemberg,,,Linux-7.0.0-30-generic-x86_64-with-glibc2.43,3.14.4,3.3.0,24,Intel(R) Core(TM) Ultra 9 285K,1,1 x NVIDIA GeForce RTX 5090,9.1827,48.767,60.816158294677734,machine,0.0,0.0,0.0,0.0,N
rollout_40,2026-08-31T14:54:33,sac_HalfCheetah-v5_seed56,94c76186-0ecd-4c8f-b836-1505ccf51b23,0.5790432189996864,5.325458071532563e-06,9.197018226937983e-06,34.23962950166711,35.00830054960976,20.0,5.7377862568916416e-06,5.037504029997697e-06,3.2041245222238363e-06,1.397941480911491e-05,0.0,Germany,DEU,baden-wurttemberg,,,Linux-7.0.0-30-generic-x86_64-with-glibc2.43,3.14.4,3.3.0,24,Intel(R) Core(TM) Ultra 9 285K,1,1 x NVIDIA GeForce RTX 5090,9.1827,48.767,60.816158294677734,machine,0.0,0.0,0.0,0.0,N
gradient_updates_40,2026-08-31T14:54:55,sac_HalfCheetah-v5_seed56,94c76186-0ecd-4c8f-b836-1505ccf51b23,22.408378312000423,0.00022856912217211756,1.0200165603786054e-05,34.2523339193638,35.10000069283049,20.0,0.0002091171992380722,0.00026640215756600083,0.00012447833888333364,0.0005999976956874049,0.0,Germany,DEU,baden-wurttemberg,,,Linux-7.0.0-30-generic-x86_64-with-glibc2.43,3.14.4,3.3.0,24,Intel(R) Core(TM) Ultra 9 285K,1,1 x NVIDIA GeForce RTX 5090,9.1827,48.767,60.816158294677734,machine,0.0,0.0,0.0,0.0,N
rollout_41,2026-08-31T14:54:56,sac_HalfCheetah-v5_seed56,94c76186-0ecd-4c8f-b836-1505ccf51b23,0.49735719399996015,4.555425955503345e-06,9.159231429382473e-06,34.26857783187005,35.048723193012385,20.0,4.967235640453149e-06,4.232781164001387e-06,2.7580510666667946e-06,1.195806787112133e-05,0.0,Germany,DEU,baden-wurttemberg,,,Linux-7.0.0-30-generic-x86_64-with-glibc2.43,3.14.4,3.3.0,24,Intel(R) Core(TM) Ultra 9 285K,1,1 x NVIDIA GeForce RTX 5090,9.1827,48.767,60.816158294677734,machine,0.0,0.0,0.0,0.0,N
gradient_updates_41,2026-08-31T14:55:18,sac_HalfCheetah-v5_seed56,94c76186-0ecd-4c8f-b836-1505ccf51b23,22.2746478199997,0.0002274284524698099,1.02101967887937e-05,34.283568917376215,35.13550084618,20.0,0.00020972705805928638,0.0002635429886120033,0.00012373337233332997,0.0005970034190046179,0.0,Germany,DEU,baden-wurttemberg,,,Linux-7.0.0-30-generic-x86_64-with-glibc2.43,3.14.4,3.3.0,24,Intel(R) Core(TM) Ultra 9 285K,1,1 x NVIDIA GeForce RTX 5090,9.1827,48.767,60.816158294677734,machine,0.0,0.0,0.0,0.0,N
rollout_42,2026-08-31T14:55:19,sac_HalfCheetah-v5_seed56,94c76186-0ecd-4c8f-b836-1505ccf51b23,0.49755292300051224,4.420429806082857e-06,8.883998050157518e-06,34.282635252339254,35.07169585289225,20.0,4.770126316097634e-06,4.073892148001579e-06,2.759682299999233e-06,1.1603700764098446e-05,0.0,Germany,DEU,baden-wurttemberg,,,Linux-7.0.0-30-generic-x86_64-with-glibc2.43,3.14.4,3.3.0,24,Intel(R) Core(TM) Ultra 9 285K,1,1 x NVIDIA GeForce RTX 5090,9.1827,48.767,60.816158294677734,machine,0.0,0.0,0.0,0.0,N
gradient_updates_42,2026-08-31T14:55:42,sac_HalfCheetah-v5_seed56,94c76186-0ecd-4c8f-b836-1505ccf51b23,22.900002883000525,0.0002336817364159676,1.0204447745377285e-05,34.28170584835493,35.15255288066711,20.0,0.00021738958446709117,0.000268827715061995,0.00012720109242777677,0.0006134183919568638,0.0,Germany,DEU,baden-wurttemberg,,,Linux-7.0.0-30-generic-x86_64-with-glibc2.43,3.14.4,3.3.0,24,Intel(R) Core(TM) Ultra 9 285K,1,1 x NVIDIA GeForce RTX 5090,9.1827,48.767,60.816158294677734,machine,0.0,0.0,0.0,0.0,N
rollout_43,2026-08-31T14:55:42,sac_HalfCheetah-v5_seed56,94c76186-0ecd-4c8f-b836-1505ccf51b23,0.5453290420000485,5.149891196539608e-06,9.443909594876823e-06,34.304973855912635,35.12689001847511,20.0,5.555647500071759e-06,4.94944840399858e-06,3.0134529777773103e-06,1.3518548881846781e-05,0.0,Germany,DEU,baden-wurttemberg,,,Linux-7.0.0-30-generic-x86_64-with-glibc2.43,3.14.4,3.3.0,24,Intel(R) Core(TM) Ultra 9 285K,1,1 x NVIDIA GeForce RTX 5090,9.1827,48.767,60.816158294677734,machine,0.0,0.0,0.0,0.0,N
gradient_updates_43,2026-08-31T14:56:07,sac_HalfCheetah-v5_seed56,94c76186-0ecd-4c8f-b836-1505ccf51b23,24.65224798500003,0.00025648020895269186,1.04039288786032e-05,34.32761755719991,35.20469750043528,20.0,0.0002473793423477602,0.00028896134228000026,0.00013692407177778084,0.0006732647564055422,0.0,Germany,DEU,baden-wurttemberg,,,Linux-7.0.0-30-generic-x86_64-with-glibc2.43,3.14.4,3.3.0,24,Intel(R) Core(TM) Ultra 9 285K,1,1 x NVIDIA GeForce RTX 5090,9.1827,48.767,60.816158294677734,machine,0.0,0.0,0.0,0.0,N
rollout_44,2026-08-31T14:56:07,sac_HalfCheetah-v5_seed56,94c76186-0ecd-4c8f-b836-1505ccf51b23,0.5566489109996837,5.341950809914162e-06,9.596752478498702e-06,34.36051334521847,35.1799347807952,20.0,5.843291896845404e-06,5.088892959997926e-06,3.0905236611134673e-06,1.4022708517955063e-05,0.0,Germany,DEU,baden-wurttemberg,,,Linux-7.0.0-30-generic-x86_64-with-glibc2.43,3.14.4,3.3.0,24,Intel(R) Core(TM) Ultra 9 285K,1,1 x NVIDIA GeForce RTX 5090,9.1827,48.767,60.816158294677734,machine,0.0,0.0,0.0,0.0,N
gradient_updates_44,2026-08-31T14:56:32,sac_HalfCheetah-v5_seed56,94c76186-0ecd-4c8f-b836-1505ccf51b23,25.069624552999812,0.00026160337663346835,1.043507699562545e-05,34.39217432479088,35.25892140387358,20.0,0.000251311406604518,0.00029613079246000595,0.00013927095655555301,0.0006867131556200778,0.0,Germany,DEU,baden-wurttemberg,,,Linux-7.0.0-30-generic-x86_64-with-glibc2.43,3.14.4,3.3.0,24,Intel(R) Core(TM) Ultra 9 285K,1,1 x NVIDIA GeForce RTX 5090,9.1827,48.767,60.816158294677734,machine,0.0,0.0,0.0,0.0,N
rollout_45,2026-08-31T14:56:33,sac_HalfCheetah-v5_seed56,94c76186-0ecd-4c8f-b836-1505ccf51b23,0.5925109390000216,5.773287331070978e-06,9.74383201501487e-06,34.486042762969106,35.189541258403956,20.0,7.166091010646358e-06,4.7108371020038176e-06,3.2780458499980653e-06,1.5154973962646506e-05,0.0,Germany,DEU,baden-wurttemberg,,,Linux-7.0.0-30-generic-x86_64-with-glibc2.43,3.14.4,3.3.0,24,Intel(R) Core(TM) Ultra 9 285K,1,1 x NVIDIA GeForce RTX 5090,9.1827,48.767,60.816158294677734,machine,0.0,0.0,0.0,0.0,N
gradient_updates_45,2026-08-31T14:56:57,sac_HalfCheetah-v5_seed56,94c76186-0ecd-4c8f-b836-1505ccf51b23,23.79051371300011,0.0002444124646793222,1.0273527525337687e-05,34.57413663063064,35.26681031649441,20.0,0.000228401087165174,0.0002810302248239943,0.00013215541771111148,0.0006415867297002824,0.0,Germany,DEU,baden-wurttemberg,,,Linux-7.0.0-30-generic-x86_64-with-glibc2.43,3.14.4,3.3.0,24,Intel(R) Core(TM) Ultra 9 285K,1,1 x NVIDIA GeForce RTX 5090,9.1827,48.767,60.816158294677734,machine,0.0,0.0,0.0,0.0,N
rollout_46,2026-08-31T14:56:57,sac_HalfCheetah-v5_seed56,94c76186-0ecd-4c8f-b836-1505ccf51b23,0.49893214300027466,4.381848672503283e-06,8.782032331593676e-06,34.573593466567054,35.195224571665726,20.0,4.8246341374791335e-06,3.918336467997885e-06,2.7594540500004705e-06,1.150242465547402e-05,0.0,Germany,DEU,baden-wurttemberg,,,Linux-7.0.0-30-generic-x86_64-with-glibc2.43,3.14.4,3.3.0,24,Intel(R) Core(TM) Ultra 9 285K,1,1 x NVIDIA GeForce RTX 5090,9.1827,48.767,60.816158294677734,machine,0.0,0.0,0.0,0.0,N
gradient_updates_46,2026-08-31T14:57:20,sac_HalfCheetah-v5_seed56,94c76186-0ecd-4c8f-b836-1505ccf51b23,22.328704913000365,0.00022759423006250834,1.0192899816100943e-05,34.572610580700356,35.27369804821001,20.0,0.0002079209121699302,0.00026548187905199583,0.00012403579668333192,0.0005974385879052579,0.0,Germany,DEU,baden-wurttemberg,,,Linux-7.0.0-30-generic-x86_64-with-glibc2.43,3.14.4,3.3.0,24,Intel(R) Core(TM) Ultra 9 285K,1,1 x NVIDIA GeForce RTX 5090,9.1827,48.767,60.816158294677734,machine,0.0,0.0,0.0,0.0,N
rollout_47,2026-08-31T14:57:20,sac_HalfCheetah-v5_seed56,94c76186-0ecd-4c8f-b836-1505ccf51b23,0.49680734499997925,4.409362210400919e-06,8.87530321853972e-06,34.56933009967771,35.213505433369704,20.0,4.770363816283818e-06,4.048336572012867e-06,2.7559477555512413e-06,1.1574648143851396e-05,0.0,Germany,DEU,baden-wurttemberg,,,Linux-7.0.0-30-generic-x86_64-with-glibc2.43,3.14.4,3.3.0,24,Intel(R) Core(TM) Ultra 9 285K,1,1 x NVIDIA GeForce RTX 5090,9.1827,48.767,60.816158294677734,machine,0.0,0.0,0.0,0.0,N
gradient_updates_47,2026-08-31T14:57:42,sac_HalfCheetah-v5_seed56,94c76186-0ecd-4c8f-b836-1505ccf51b23,22.289504785000645,0.00022734823919457088,1.0199791876090894e-05,34.56579031267727,35.29093003310771,20.0,0.000207518776014895,0.0002654566012539883,0.00012381748057222353,0.0005967928578411094,0.0,Germany,DEU,baden-wurttemberg,,,Linux-7.0.0-30-generic-x86_64-with-glibc2.43,3.14.4,3.3.0,24,Intel(R) Core(TM) Ultra 9 285K,1,1 x NVIDIA GeForce RTX 5090,9.1827,48.767,60.816158294677734,machine,0.0,0.0,0.0,0.0,N
rollout_48,2026-08-31T14:57:43,sac_HalfCheetah-v5_seed56,94c76186-0ecd-4c8f-b836-1505ccf51b23,0.49720371199964575,4.456799269528938e-06,8.963609275992604e-06,34.56732125977438,35.235295501360305,20.0,4.839299426996624e-06,4.101114392002225e-06,2.7587573833342746e-06,1.1699171202333991e-05,0.0,Germany,DEU,baden-wurttemberg,,,Linux-7.0.0-30-generic-x86_64-with-glibc2.43,3.14.4,3.3.0,24,Intel(R) Core(TM) Ultra 9 285K,1,1 x NVIDIA GeForce RTX 5090,9.1827,48.767,60.816158294677734,machine,0.0,0.0,0.0,0.0,N
gradient_updates_48,2026-08-31T14:58:05,sac_HalfCheetah-v5_seed56,94c76186-0ecd-4c8f-b836-1505ccf51b23,22.281040103000123,0.0002268845203753176,1.0182855461507355e-05,34.56825189269401,35.31052561699334,20.0,0.00020672762621529867,0.0002650774342840001,0.0001237705278333322,0.0005955755883326336,0.0,Germany,DEU,baden-wurttemberg,,,Linux-7.0.0-30-generic-x86_64-with-glibc2.43,3.14.4,3.3.0,24,Intel(R) Core(TM) Ultra 9 285K,1,1 x NVIDIA GeForce RTX 5090,9.1827,48.767,60.816158294677734,machine,0.0,0.0,0.0,0.0,N
rollout_49,2026-08-31T14:58:06,sac_HalfCheetah-v5_seed56,94c76186-0ecd-4c8f-b836-1505ccf51b23,0.4969510310002079,4.373986098094029e-06,8.801492257505665e-06,34.56208264826454,35.24858415626782,20.0,4.7274868375385415e-06,3.9972254200076884e-06,2.7570730111118463e-06,1.1481785268656342e-05,0.0,Germany,DEU,baden-wurttemberg,,,Linux-7.0.0-30-generic-x86_64-with-glibc2.43,3.14.4,3.3.0,24,Intel(R) Core(TM) Ultra 9 285K,1,1 x NVIDIA GeForce RTX 5090,9.1827,48.767,60.816158294677734,machine,0.0,0.0,0.0,0.0,N
gradient_updates_49,2026-08-31T14:58:28,sac_HalfCheetah-v5_seed56,94c76186-0ecd-4c8f-b836-1505ccf51b23,22.350170802999855,0.00023170586318371073,1.0367077900105341e-05,34.556695186435135,35.31860907290414,20.0,0.00022048682500043493,0.00026358965531599055,0.00012415521198888904,0.000608231692305318,0.0,Germany,DEU,baden-wurttemberg,,,Linux-7.0.0-30-generic-x86_64-with-glibc2.43,3.14.4,3.3.0,24,Intel(R) Core(TM) Ultra 9 285K,1,1 x NVIDIA GeForce RTX 5090,9.1827,48.767,60.816158294677734,machine,0.0,0.0,0.0,0.0,N
rollout_50,2026-08-31T14:58:29,sac_HalfCheetah-v5_seed56,94c76186-0ecd-4c8f-b836-1505ccf51b23,0.5674566210000194,5.252811738042096e-06,9.256447959062562e-06,34.5615677427726,35.290111595483275,20.0,5.570363622954544e-06,5.079170730004634e-06,3.1391826388850116e-06,1.3788716991841588e-05,0.0,Germany,DEU,baden-wurttemberg,,,Linux-7.0.0-30-generic-x86_64-with-glibc2.43,3.14.4,3.3.0,24,Intel(R) Core(TM) Ultra 9 285K,1,1 x NVIDIA GeForce RTX 5090,9.1827,48.767,60.816158294677734,machine,0.0,0.0,0.0,0.0,N
gradient_updates_50,2026-08-31T14:58:51,sac_HalfCheetah-v5_seed56,94c76186-0ecd-4c8f-b836-1505ccf51b23,22.514452590000474,0.0002306494522322164,1.0244509396998848e-05,34.565993877852364,35.35978790780755,20.0,0.0002139879656346752,0.00026641271313000703,0.00012505791746111276,0.0006054585962257941,0.0,Germany,DEU,baden-wurttemberg,,,Linux-7.0.0-30-generic-x86_64-with-glibc2.43,3.14.4,3.3.0,24,Intel(R) Core(TM) Ultra 9 285K,1,1 x NVIDIA GeForce RTX 5090,9.1827,48.767,60.816158294677734,machine,0.0,0.0,0.0,0.0,N
rollout_51,2026-08-31T14:58:52,sac_HalfCheetah-v5_seed56,94c76186-0ecd-4c8f-b836-1505ccf51b23,0.4977717120000307,4.43749386706653e-06,8.914599668607171e-06,34.565030992379604,35.30493052548868,20.0,4.807408568140159e-06,4.0797254859947785e-06,2.7613601500031323e-06,1.1648494204138937e-05,0.0,Germany,DEU,baden-wurttemberg,,,Linux-7.0.0-30-generic-x86_64-with-glibc2.43,3.14.4,3.3.0,24,Intel(R) Core(TM) Ultra 9 285K,1,1 x NVIDIA GeForce RTX 5090,9.1827,48.767,60.816158294677734,machine,0.0,0.0,0.0,0.0,N
gradient_updates_51,2026-08-31T14:59:17,sac_HalfCheetah-v5_seed56,94c76186-0ecd-4c8f-b836-1505ccf51b23,25.23681854300048,0.00026383277299928294,1.0454286067747427e-05,34.564999302413185,35.36553284886662,20.0,0.00025945597423127076,0.0002929207898920011,0.00014018859353333649,0.0006925653576566049,0.0,Germany,DEU,baden-wurttemberg,,,Linux-7.0.0-30-generic-x86_64-with-glibc2.43,3.14.4,3.3.0,24,Intel(R) Core(TM) Ultra 9 285K,1,1 x NVIDIA GeForce RTX 5090,9.1827,48.767,60.816158294677734,machine,0.0,0.0,0.0,0.0,N
rollout_52,2026-08-31T14:59:17,sac_HalfCheetah-v5_seed56,94c76186-0ecd-4c8f-b836-1505ccf51b23,0.6066758540000592,5.518287222191706e-06,9.096124778775656e-06,34.57759946645984,35.31586970396976,20.0,6.096536821674492e-06,5.033892915992655e-06,3.3551647555521077e-06,1.4485594493220122e-05,0.0,Germany,DEU,baden-wurttemberg,,,Linux-7.0.0-30-generic-x86_64-with-glibc2.43,3.14.4,3.3.0,24,Intel(R) Core(TM) Ultra 9 285K,1,1 x NVIDIA GeForce RTX 5090,9.1827,48.767,60.816158294677734,machine,0.0,0.0,0.0,0.0,N
gradient_updates_52,2026-08-31T14:59:43,sac_HalfCheetah-v5_seed56,94c76186-0ecd-4c8f-b836-1505ccf51b23,25.936935945000187,0.0002725979154140964,1.051003109733464e-05,34.590404278737644,35.37864535718564,20.0,0.0002677801547795039,0.0003037127429700026,0.00014408110254999964,0.000715574000299507,0.0,Germany,DEU,baden-wurttemberg,,,Linux-7.0.0-30-generic-x86_64-with-glibc2.43,3.14.4,3.3.0,24,Intel(R) Core(TM) Ultra 9 285K,1,1 x NVIDIA GeForce RTX 5090,9.1827,48.767,60.816158294677734,machine,0.0,0.0,0.0,0.0,N
rollout_53,2026-08-31T14:59:44,sac_HalfCheetah-v5_seed56,94c76186-0ecd-4c8f-b836-1505ccf51b23,0.4969323559998884,4.638757188432999e-06,9.33478099927452e-06,34.601150167212616,35.34960344732914,20.0,4.982579263838882e-06,4.4372257719943464e-06,2.7570086888872164e-06,1.217681372472218e-05,0.0,Germany,DEU,baden-wurttemberg,,,Linux-7.0.0-30-generic-x86_64-with-glibc2.43,3.14.4,3.3.0,24,Intel(R) Core(TM) Ultra 9 285K,1,1 x NVIDIA GeForce RTX 5090,9.1827,48.767,60.816158294677734,machine,0.0,0.0,0.0,0.0,N
gradient_updates_53,2026-08-31T15:00:06,sac_HalfCheetah-v5_seed56,94c76186-0ecd-4c8f-b836-1505ccf51b23,22.331896018000407,0.0002287964274096197,1.0245279209248679e-05,34.610850988160514,35.42056094879169,20.0,0.0002084651414942032,0.0002680888255820052,0.00012404040858889163,0.0006005943756650992,0.0,Germany,DEU,baden-wurttemberg,,,Linux-7.0.0-30-generic-x86_64-with-glibc2.43,3.14.4,3.3.0,24,Intel(R) Core(TM) Ultra 9 285K,1,1 x NVIDIA GeForce RTX 5090,9.1827,48.767,60.816158294677734,machine,0.0,0.0,0.0,0.0,N
rollout_54,2026-08-31T15:00:07,sac_HalfCheetah-v5_seed56,94c76186-0ecd-4c8f-b836-1505ccf51b23,0.49749971800065396,4.403856340552334e-06,8.851611647149742e-06,34.60266541480906,35.36949387735116,20.0,4.699241259391307e-06,4.100281058003197e-06,2.7606728277788234e-06,1.1560195145171592e-05,0.0,Germany,DEU,baden-wurttemberg,,,Linux-7.0.0-30-generic-x86_64-with-glibc2.43,3.14.4,3.3.0,24,Intel(R) Core(TM) Ultra 9 285K,1,1 x NVIDIA GeForce RTX 5090,9.1827,48.767,60.816158294677734,machine,0.0,0.0,0.0,0.0,N
gradient_updates_54,2026-08-31T15:00:29,sac_HalfCheetah-v5_seed56,94c76186-0ecd-4c8f-b836-1505ccf51b23,22.373000352000417,0.00022945825680006048,1.0256038715925642e-05,34.594652561576844,35.43837755827304,20.0,0.00020989114069056014,0.00026815910341598803,0.0001242814445666634,0.0006023316886732133,0.0,Germany,DEU,baden-wurttemberg,,,Linux-7.0.0-30-generic-x86_64-with-glibc2.43,3.14.4,3.3.0,24,Intel(R) Core(TM) Ultra 9 285K,1,1 x NVIDIA GeForce RTX 5090,9.1827,48.767,60.816158294677734,machine,0.0,0.0,0.0,0.0,N
rollout_55,2026-08-31T15:00:30,sac_HalfCheetah-v5_seed56,94c76186-0ecd-4c8f-b836-1505ccf51b23,0.49765439499969943,4.403750618074687e-06,8.84889955618004e-06,34.59204945144378,35.38239806424526,20.0,4.785452995023642e-06,4.012780988021936e-06,2.7616836388872495e-06,1.1559917621931093e-05,0.0,Germany,DEU,baden-wurttemberg,,,Linux-7.0.0-30-generic-x86_64-with-glibc2.43,3.14.4,3.3.0,24,Intel(R) Core(TM) Ultra 9 285K,1,1 x NVIDIA GeForce RTX 5090,9.1827,48.767,60.816158294677734,machine,0.0,0.0,0.0,0.0,N
gradient_updates_55,2026-08-31T15:00:52,sac_HalfCheetah-v5_seed56,94c76186-0ecd-4c8f-b836-1505ccf51b23,22.362419571999453,0.0002314610638161005,1.035045267637849e-05,34.58975408766749,35.44707731327235,20.0,0.00021740430086775175,0.00026596299054798545,0.0001242217985333357,0.0006075890899490746,0.0,Germany,DEU,baden-wurttemberg,,,Linux-7.0.0-30-generic-x86_64-with-glibc2.43,3.14.4,3.3.0,24,Intel(R) Core(TM) Ultra 9 285K,1,1 x NVIDIA GeForce RTX 5090,9.1827,48.767,60.816158294677734,machine,0.0,0.0,0.0,0.0,N
rollout_56,2026-08-31T15:00:53,sac_HalfCheetah-v5_seed56,94c76186-0ecd-4c8f-b836-1505ccf51b23,0.5005221270002949,4.582345838669705e-06,9.155032934505639e-06,34.5901990247297,35.41270896607189,20.0,4.88010834853031e-06,4.370559052002676e-06,2.7780656055558656e-06,1.2028733006090586e-05,0.0,Germany,DEU,baden-wurttemberg,,,Linux-7.0.0-30-generic-x86_64-with-glibc2.43,3.14.4,3.3.0,24,Intel(R) Core(TM) Ultra 9 285K,1,1 x NVIDIA GeForce RTX 5090,9.1827,48.767,60.816158294677734,machine,0.0,0.0,0.0,0.0,N
gradient_updates_56,2026-08-31T15:01:15,sac_HalfCheetah-v5_seed56,94c76186-0ecd-4c8f-b836-1505ccf51b23,22.336872857000344,0.0002297933847982426,1.0287628354975753e-05,34.59047277091334,35.477715387064144,20.0,0.00021224685618623923,0.0002668854912859925,0.00012407905769444214,0.0006032114051666704,0.0,Germany,DEU,baden-wurttemberg,,,Linux-7.0.0-30-generic-x86_64-with-glibc2.43,3.14.4,3.3.0,24,Intel(R) Core(TM) Ultra 9 285K,1,1 x NVIDIA GeForce RTX 5090,9.1827,48.767,60.816158294677734,machine,0.0,0.0,0.0,0.0,N
rollout_57,2026-08-31T15:01:15,sac_HalfCheetah-v5_seed56,94c76186-0ecd-4c8f-b836-1505ccf51b23,0.49803521700050624,4.452781387512261e-06,8.940628384454997e-06,34.58997144367827,35.42884569189336,20.0,4.820717745455949e-06,4.105003284002318e-06,2.7629031666646237e-06,1.1688624196121156e-05,0.0,Germany,DEU,baden-wurttemberg,,,Linux-7.0.0-30-generic-x86_64-with-glibc2.43,3.14.4,3.3.0,24,Intel(R) Core(TM) Ultra 9 285K,1,1 x NVIDIA GeForce RTX 5090,9.1827,48.767,60.816158294677734,machine,0.0,0.0,0.0,0.0,N
gradient_updates_57,2026-08-31T15:01:38,sac_HalfCheetah-v5_seed56,94c76186-0ecd-4c8f-b836-1505ccf51b23,22.314569766000204,0.00022881344830293776,1.0253996970377547e-05,34.58936046989738,35.4898791324442,20.0,0.00021208180716530967,0.0002645996561240066,0.0001239575924999979,0.0006006390557893107,0.0,Germany,DEU,baden-wurttemberg,,,Linux-7.0.0-30-generic-x86_64-with-glibc2.43,3.14.4,3.3.0,24,Intel(R) Core(TM) Ultra 9 285K,1,1 x NVIDIA GeForce RTX 5090,9.1827,48.767,60.816158294677734,machine,0.0,0.0,0.0,0.0,N
rollout_58,2026-08-31T15:01:38,sac_HalfCheetah-v5_seed56,94c76186-0ecd-4c8f-b836-1505ccf51b23,0.4976289030000771,4.477509029866128e-06,8.997297421988709e-06,34.58863496223629,35.44704834545966,20.0,4.8092905141003395e-06,4.186114460000279e-06,2.7581296888918444e-06,1.1753534662990728e-05,0.0,Germany,DEU,baden-wurttemberg,,,Linux-7.0.0-30-generic-x86_64-with-glibc2.43,3.14.4,3.3.0,24,Intel(R) Core(TM) Ultra 9 285K,1,1 x NVIDIA GeForce RTX 5090,9.1827,48.767,60.816158294677734,machine,0.0,0.0,0.0,0.0,N
gradient_updates_58,2026-08-31T15:02:01,sac_HalfCheetah-v5_seed56,94c76186-0ecd-4c8f-b836-1505ccf51b23,22.334109217999867,0.00023098409892551366,1.034221535051491e-05,34.58795369048249,35.51062696094096,20.0,0.00021464853449646576,0.00026761910298400693,0.00012406941180555763,0.000606337049286032,0.0,Germany,DEU,baden-wurttemberg,,,Linux-7.0.0-30-generic-x86_64-with-glibc2.43,3.14.4,3.3.0,24,Intel(R) Core(TM) Ultra 9 285K,1,1 x NVIDIA GeForce RTX 5090,9.1827,48.767,60.816158294677734,machine,0.0,0.0,0.0,0.0,N
rollout_59,2026-08-31T15:02:01,sac_HalfCheetah-v5_seed56,94c76186-0ecd-4c8f-b836-1505ccf51b23,0.49692032300026767,4.58742385860654e-06,9.231768419500986e-06,34.59429997878969,35.47944687467178,20.0,4.921900048630856e-06,4.366392381993656e-06,2.7537704611092784e-06,1.204206289173726e-05,0.0,Germany,DEU,baden-wurttemberg,,,Linux-7.0.0-30-generic-x86_64-with-glibc2.43,3.14.4,3.3.0,24,Intel(R) Core(TM) Ultra 9 285K,1,1 x NVIDIA GeForce RTX 5090,9.1827,48.767,60.816158294677734,machine,0.0,0.0,0.0,0.0,N
gradient_updates_59,2026-08-31T15:02:23,sac_HalfCheetah-v5_seed56,94c76186-0ecd-4c8f-b836-1505ccf51b23,22.330067554999914,0.00022924123611049035,1.0266035543406854e-05,34.60012149393696,35.53932622626605,20.0,0.0002119889490354715,0.00026572993480598883,0.00012404312196111038,0.0006017620058025724,0.0,Germany,DEU,baden-wurttemberg,,,Linux-7.0.0-30-generic-x86_64-with-glibc2.43,3.14.4,3.3.0,24,Intel(R) Core(TM) Ultra 9 285K,1,1 x NVIDIA GeForce RTX 5090,9.1827,48.767,60.816158294677734,machine,0.0,0.0,0.0,0.0,N
rollout_60,2026-08-31T15:02:24,sac_HalfCheetah-v5_seed56,94c76186-0ecd-4c8f-b836-1505ccf51b23,0.5729137489997811,5.2640257186681305e-06,9.188275311568245e-06,34.604946845460205,35.50735433823221,20.0,5.645352294060546e-06,5.0038928920137504e-06,3.1689086888893325e-06,1.3818153874967098e-05,0.0,Germany,DEU,baden-wurttemberg,,,Linux-7.0.0-30-generic-x86_64-with-glibc2.43,3.14.4,3.3.0,24,Intel(R) Core(TM) Ultra 9 285K,1,1 x NVIDIA GeForce RTX 5090,9.1827,48.767,60.816158294677734,machine,0.0,0.0,0.0,0.0,N
gradient_updates_60,2026-08-31T15:02:46,sac_HalfCheetah-v5_seed56,94c76186-0ecd-4c8f-b836-1505ccf51b23,22.524417321999863,0.0002334574714416976,1.0364642299663632e-05,34.609666682458226,35.565924342107856,20.0,0.0002197613388644909,0.00026794465879999285,0.0001251236950555526,0.0006128296927200363,0.0,Germany,DEU,baden-wurttemberg,,,Linux-7.0.0-30-generic-x86_64-with-glibc2.43,3.14.4,3.3.0,24,Intel(R) Core(TM) Ultra 9 285K,1,1 x NVIDIA GeForce RTX 5090,9.1827,48.767,60.816158294677734,machine,0.0,0.0,0.0,0.0,N
rollout_61,2026-08-31T15:02:47,sac_HalfCheetah-v5_seed56,94c76186-0ecd-4c8f-b836-1505ccf51b23,0.4969343739994656,4.403819945557677e-06,8.861976319056208e-06,34.605392617234564,35.51667708751789,20.0,4.750747967262325e-06,4.050558796001025e-06,2.7587928444466198e-06,1.1560099607711705e-05,0.0,Germany,DEU,baden-wurttemberg,,,Linux-7.0.0-30-generic-x86_64-with-glibc2.43,3.14.4,3.3.0,24,Intel(R) Core(TM) Ultra 9 285K,1,1 x NVIDIA GeForce RTX 5090,9.1827,48.767,60.816158294677734,machine,0.0,0.0,0.0,0.0,N
gradient_updates_61,2026-08-31T15:03:09,sac_HalfCheetah-v5_seed56,94c76186-0ecd-4c8f-b836-1505ccf51b23,22.311555387000226,0.00022736892393525159,1.0190638125427173e-05,34.6011421317573,35.570544266653044,20.0,0.00021041222721853575,0.0002624940988840002,0.00012394082952222468,0.0005968471556247607,0.0,Germany,DEU,baden-wurttemberg,,,Linux-7.0.0-30-generic-x86_64-with-glibc2.43,3.14.4,3.3.0,24,Intel(R) Core(TM) Ultra 9 285K,1,1 x NVIDIA GeForce RTX 5090,9.1827,48.767,60.816158294677734,machine,0.0,0.0,0.0,0.0,N
rollout_62,2026-08-31T15:03:10,sac_HalfCheetah-v5_seed56,94c76186-0ecd-4c8f-b836-1505ccf51b23,0.49658236899995245,4.447485587026623e-06,8.95581769803922e-06,34.60543694020239,35.5202071825123,20.0,4.898147529623642e-06,4.018058770011157e-06,2.7585163333287976e-06,1.1674722632963597e-05,0.0,Germany,DEU,baden-wurttemberg,,,Linux-7.0.0-30-generic-x86_64-with-glibc2.43,3.14.4,3.3.0,24,Intel(R) Core(TM) Ultra 9 285K,1,1 x NVIDIA GeForce RTX 5090,9.1827,48.767,60.816158294677734,machine,0.0,0.0,0.0,0.0,N
gradient_updates_62,2026-08-31T15:03:32,sac_HalfCheetah-v5_seed56,94c76186-0ecd-4c8f-b836-1505ccf51b23,22.315564262000407,0.00022948372998794417,1.0283575801243856e-05,34.60950134440084,35.57442562513683,20.0,0.00021492434499489205,0.0002635113219199986,0.00012396288929444367,0.0006023985562093326,0.0,Germany,DEU,baden-wurttemberg,,,Linux-7.0.0-30-generic-x86_64-with-glibc2.43,3.14.4,3.3.0,24,Intel(R) Core(TM) Ultra 9 285K,1,1 x NVIDIA GeForce RTX 5090,9.1827,48.767,60.816158294677734,machine,0.0,0.0,0.0,0.0,N
rollout_63,2026-08-31T15:03:33,sac_HalfCheetah-v5_seed56,94c76186-0ecd-4c8f-b836-1505ccf51b23,0.4973323659996822,4.505434606314612e-06,9.059124487274387e-06,34.609540366379065,35.53832204258987,20.0,4.823345525338529e-06,4.250836733984964e-06,2.7526575000040576e-06,1.1826839759324081e-05,0.0,Germany,DEU,baden-wurttemberg,,,Linux-7.0.0-30-generic-x86_64-with-glibc2.43,3.14.4,3.3.0,24,Intel(R) Core(TM) Ultra 9 285K,1,1 x NVIDIA GeForce RTX 5090,9.1827,48.767,60.816158294677734,machine,0.0,0.0,0.0,0.0,N
gradient_updates_63,2026-08-31T15:03:55,sac_HalfCheetah-v5_seed56,94c76186-0ecd-4c8f-b836-1505ccf51b23,22.335717134999868,0.0002292481884671807,1.026375270885779e-05,34.60948357736286,35.592721036180144,20.0,0.00021302439180826555,0.0002646810450780135,0.00012407481896667058,0.0006017802558529461,0.0,Germany,DEU,baden-wurttemberg,,,Linux-7.0.0-30-generic-x86_64-with-glibc2.43,3.14.4,3.3.0,24,Intel(R) Core(TM) Ultra 9 285K,1,1 x NVIDIA GeForce RTX 5090,9.1827,48.767,60.816158294677734,machine,0.0,0.0,0.0,0.0,N
rollout_64,2026-08-31T15:03:55,sac_HalfCheetah-v5_seed56,94c76186-0ecd-4c8f-b836-1505ccf51b23,0.4985483219998059,4.382684532781844e-06,8.790834072406184e-06,34.61233694268417,35.533958295741726,20.0,4.8894161337534325e-06,3.8497253019992295e-06,2.765477366665353e-06,1.1504618802421485e-05,0.0,Germany,DEU,baden-wurttemberg,,,Linux-7.0.0-30-generic-x86_64-with-glibc2.43,3.14.4,3.3.0,24,Intel(R) Core(TM) Ultra 9 285K,1,1 x NVIDIA GeForce RTX 5090,9.1827,48.767,60.816158294677734,machine,0.0,0.0,0.0,0.0,N
gradient_updates_64,2026-08-31T15:04:18,sac_HalfCheetah-v5_seed56,94c76186-0ecd-4c8f-b836-1505ccf51b23,22.335451751999244,0.00022957977591162373,1.027871951237082e-05,34.61504443112659,35.586060753209814,20.0,0.0002151502932312005,0.00026342826629799365,0.00012407211880555852,0.0006026506783347527,0.0,Germany,DEU,baden-wurttemberg,,,Linux-7.0.0-30-generic-x86_64-with-glibc2.43,3.14.4,3.3.0,24,Intel(R) Core(TM) Ultra 9 285K,1,1 x NVIDIA GeForce RTX 5090,9.1827,48.767,60.816158294677734,machine,0.0,0.0,0.0,0.0,N
rollout_65,2026-08-31T15:04:18,sac_HalfCheetah-v5_seed56,94c76186-0ecd-4c8f-b836-1505ccf51b23,0.4964855070002159,4.540570448071518e-06,9.14538370483667e-06,34.615103666301565,35.55589248276328,20.0,4.81910718860834e-06,4.345281253995137e-06,2.754683477780226e-06,1.1919071920385438e-05,0.0,Germany,DEU,baden-wurttemberg,,,Linux-7.0.0-30-generic-x86_64-with-glibc2.43,3.14.4,3.3.0,24,Intel(R) Core(TM) Ultra 9 285K,1,1 x NVIDIA GeForce RTX 5090,9.1827,48.767,60.816158294677734,machine,0.0,0.0,0.0,0.0,N
gradient_updates_65,2026-08-31T15:04:41,sac_HalfCheetah-v5_seed56,94c76186-0ecd-4c8f-b836-1505ccf51b23,22.313586188000045,0.0002306018189985777,1.0334597226449941e-05,34.61515706086931,35.61144064614486,20.0,0.00021454738580443944,0.00026683549124600914,0.00012395068115555498,0.0006053335582060018,0.0,Germany,DEU,baden-wurttemberg,,,Linux-7.0.0-30-generic-x86_64-with-glibc2.43,3.14.4,3.3.0,24,Intel(R) Core(TM) Ultra 9 285K,1,1 x NVIDIA GeForce RTX 5090,9.1827,48.767,60.816158294677734,machine,0.0,0.0,0.0,0.0,N
rollout_66,2026-08-31T15:04:41,sac_HalfCheetah-v5_seed56,94c76186-0ecd-4c8f-b836-1505ccf51b23,0.49717207200046687,4.592640002683973e-06,9.23716722432821e-06,34.62308568832799,35.58026060230661,20.0,4.9730339784087585e-06,4.325559015999625e-06,2.757162361109733e-06,1.2055755355518116e-05,0.0,Germany,DEU,baden-wurttemberg,,,Linux-7.0.0-30-generic-x86_64-with-glibc2.43,3.14.4,3.3.0,24,Intel(R) Core(TM) Ultra 9 285K,1,1 x NVIDIA GeForce RTX 5090,9.1827,48.767,60.816158294677734,machine,0.0,0.0,0.0,0.0,N
gradient_updates_66,2026-08-31T15:05:03,sac_HalfCheetah-v5_seed56,94c76186-0ecd-4c8f-b836-1505ccf51b23,22.344985046999682,0.00022807859718915538,1.0207150581518758e-05,34.63040420026583,35.62951237209624,20.0,0.00021191997953584618,0.00026267548791800155,0.00012411459210556058,0.0005987100595594083,0.0,Germany,DEU,baden-wurttemberg,,,Linux-7.0.0-30-generic-x86_64-with-glibc2.43,3.14.4,3.3.0,24,Intel(R) Core(TM) Ultra 9 285K,1,1 x NVIDIA GeForce RTX 5090,9.1827,48.767,60.816158294677734,machine,0.0,0.0,0.0,0.0,N
rollout_67,2026-08-31T15:05:04,sac_HalfCheetah-v5_seed56,94c76186-0ecd-4c8f-b836-1505ccf51b23,0.497551600999941,4.330440569945415e-06,8.703349184450095e-06,34.627425789344514,35.57302912618678,20.0,4.769668815726713e-06,3.8394475159880814e-06,2.7583612111203165e-06,1.1367477542836846e-05,0.0,Germany,DEU,baden-wurttemberg,,,Linux-7.0.0-30-generic-x86_64-with-glibc2.43,3.14.4,3.3.0,24,Intel(R) Core(TM) Ultra 9 285K,1,1 x NVIDIA GeForce RTX 5090,9.1827,48.767,60.816158294677734,machine,0.0,0.0,0.0,0.0,N
gradient_updates_67,2026-08-31T15:05:26,sac_HalfCheetah-v5_seed56,94c76186-0ecd-4c8f-b836-1505ccf51b23,22.34726889800004,0.00022963393620783687,1.0275709120069558e-05,34.624586752098274,35.6234207586524,20.0,0.0002143779287244324,0.00026427632253200883,0.00012413859874444225,0.00060279285000088,0.0,Germany,DEU,baden-wurttemberg,,,Linux-7.0.0-30-generic-x86_64-with-glibc2.43,3.14.4,3.3.0,24,Intel(R) Core(TM) Ultra 9 285K,1,1 x NVIDIA GeForce RTX 5090,9.1827,48.767,60.816158294677734,machine,0.0,0.0,0.0,0.0,N
rollout_68,2026-08-31T15:05:27,sac_HalfCheetah-v5_seed56,94c76186-0ecd-4c8f-b836-1505ccf51b23,0.4988834819996555,4.433324702964037e-06,8.886286018641057e-06,34.626069131311056,35.57618366814495,20.0,4.874140288199658e-06,4.0036143139909885e-06,2.7597954777771466e-06,1.1637550079969528e-05,0.0,Germany,DEU,baden-wurttemberg,,,Linux-7.0.0-30-generic-x86_64-with-glibc2.43,3.14.4,3.3.0,24,Intel(R) Core(TM) Ultra 9 285K,1,1 x NVIDIA GeForce RTX 5090,9.1827,48.767,60.816158294677734,machine,0.0,0.0,0.0,0.0,N
gradient_updates_68,2026-08-31T15:05:50,sac_HalfCheetah-v5_seed56,94c76186-0ecd-4c8f-b836-1505ccf51b23,23.619175138999708,0.000247093830734485,1.0461584651617028e-05,34.62792530156663,35.62666385077457,20.0,0.0002373388901487361,0.00028008216850999856,0.0001312043009277855,0.0006486253595865202,0.0,Germany,DEU,baden-wurttemberg,,,Linux-7.0.0-30-generic-x86_64-with-glibc2.43,3.14.4,3.3.0,24,Intel(R) Core(TM) Ultra 9 285K,1,1 x NVIDIA GeForce RTX 5090,9.1827,48.767,60.816158294677734,machine,0.0,0.0,0.0,0.0,N
rollout_69,2026-08-31T15:05:51,sac_HalfCheetah-v5_seed56,94c76186-0ecd-4c8f-b836-1505ccf51b23,0.49712375499984773,4.357128958222545e-06,8.764588442863305e-06,34.62118423164095,35.579357317784144,20.0,4.692425420588231e-06,3.988058746004497e-06,2.757050833336605e-06,1.1437534999929333e-05,0.0,Germany,DEU,baden-wurttemberg,,,Linux-7.0.0-30-generic-x86_64-with-glibc2.43,3.14.4,3.3.0,24,Intel(R) Core(TM) Ultra 9 285K,1,1 x NVIDIA GeForce RTX 5090,9.1827,48.767,60.816158294677734,machine,0.0,0.0,0.0,0.0,N
gradient_updates_69,2026-08-31T15:06:13,sac_HalfCheetah-v5_seed56,94c76186-0ecd-4c8f-b836-1505ccf51b23,22.35446228100045,0.0002311146853692693,1.0338642628942449e-05,34.614971825807125,35.62845008554265,20.0,0.00021799488272909728,0.0002645041004920162,0.00012418085762222648,0.0006066798408433383,0.0,Germany,DEU,baden-wurttemberg,,,Linux-7.0.0-30-generic-x86_64-with-glibc2.43,3.14.4,3.3.0,24,Intel(R) Core(TM) Ultra 9 285K,1,1 x NVIDIA GeForce RTX 5090,9.1827,48.767,60.816158294677734,machine,0.0,0.0,0.0,0.0,N
rollout_70,2026-08-31T15:06:14,sac_HalfCheetah-v5_seed56,94c76186-0ecd-4c8f-b836-1505ccf51b23,0.5645911139999953,5.698060412548389e-06,1.0091941415817401e-05,34.67189958436114,35.60628710966378,20.0,6.767786525335717e-06,5.0663929419964004e-06,3.123322599994302e-06,1.4957502067328154e-05,0.0,Germany,DEU,baden-wurttemberg,,,Linux-7.0.0-30-generic-x86_64-with-glibc2.43,3.14.4,3.3.0,24,Intel(R) Core(TM) Ultra 9 285K,1,1 x NVIDIA GeForce RTX 5090,9.1827,48.767,60.816158294677734,machine,0.0,0.0,0.0,0.0,N
gradient_updates_70,2026-08-31T15:06:36,sac_HalfCheetah-v5_seed56,94c76186-0ecd-4c8f-b836-1505ccf51b23,22.48756487799983,0.00023030876593236466,1.0241607144036715e-05,34.72535241802899,35.656867328828326,20.0,0.00021144066776350445,0.0002682046590079812,0.00012491896232777466,0.0006045642890992603,0.0,Germany,DEU,baden-wurttemberg,,,Linux-7.0.0-30-generic-x86_64-with-glibc2.43,3.14.4,3.3.0,24,Intel(R) Core(TM) Ultra 9 285K,1,1 x NVIDIA GeForce RTX 5090,9.1827,48.767,60.816158294677734,machine,0.0,0.0,0.0,0.0,N
rollout_71,2026-08-31T15:06:37,sac_HalfCheetah-v5_seed56,94c76186-0ecd-4c8f-b836-1505ccf51b23,0.4993922889989335,4.418795009515641e-06,8.848193871555302e-06,34.71964392053398,35.61539147431676,20.0,4.744508517839918e-06,4.091114384013883e-06,2.7637864944349277e-06,1.1599409396288729e-05,0.0,Germany,DEU,baden-wurttemberg,,,Linux-7.0.0-30-generic-x86_64-with-glibc2.43,3.14.4,3.3.0,24,Intel(R) Core(TM) Ultra 9 285K,1,1 x NVIDIA GeForce RTX 5090,9.1827,48.767,60.816158294677734,machine,0.0,0.0,0.0,0.0,N
gradient_updates_71,2026-08-31T15:06:59,sac_HalfCheetah-v5_seed56,94c76186-0ecd-4c8f-b836-1505ccf51b23,22.329495715999656,0.0002298311568756442,1.0292721137475908e-05,34.714157204830386,35.664865401102055,20.0,0.0002132823836813319,0.000265989657235996,0.00012403851657222242,0.0006033105574895503,0.0,Germany,DEU,baden-wurttemberg,,,Linux-7.0.0-30-generic-x86_64-with-glibc2.43,3.14.4,3.3.0,24,Intel(R) Core(TM) Ultra 9 285K,1,1 x NVIDIA GeForce RTX 5090,9.1827,48.767,60.816158294677734,machine,0.0,0.0,0.0,0.0,N
rollout_72,2026-08-31T15:07:00,sac_HalfCheetah-v5_seed56,94c76186-0ecd-4c8f-b836-1505ccf51b23,0.4998220079996827,4.6474174812405344e-06,9.298210324415624e-06,34.73065972415268,35.63035838186375,20.0,5.205662497870245e-06,4.227503381998288e-06,2.766381255554437e-06,1.2199547135424704e-05,0.0,Germany,DEU,baden-wurttemberg,,,Linux-7.0.0-30-generic-x86_64-with-glibc2.43,3.14.4,3.3.0,24,Intel(R) Core(TM) Ultra 9 285K,1,1 x NVIDIA GeForce RTX 5090,9.1827,48.767,60.816158294677734,machine,0.0,0.0,0.0,0.0,N
gradient_updates_72,2026-08-31T15:07:22,sac_HalfCheetah-v5_seed56,94c76186-0ecd-4c8f-b836-1505ccf51b23,22.338797726999474,0.00023122874311613806,1.0350995107963103e-05,34.74629743289792,35.678915362650756,20.0,0.0002169309229890365,0.00026595854609999525,0.00012408977521110622,0.0006069792443001362,0.0,Germany,DEU,baden-wurttemberg,,,Linux-7.0.0-30-generic-x86_64-with-glibc2.43,3.14.4,3.3.0,24,Intel(R) Core(TM) Ultra 9 285K,1,1 x NVIDIA GeForce RTX 5090,9.1827,48.767,60.816158294677734,machine,0.0,0.0,0.0,0.0,N
rollout_73,2026-08-31T15:07:23,sac_HalfCheetah-v5_seed56,94c76186-0ecd-4c8f-b836-1505ccf51b23,0.49660824599959597,4.468042445339437e-06,8.997096758966667e-06,34.74622008590452,35.641299892598056,20.0,4.835230534849799e-06,4.138336644005092e-06,2.7551175444378434e-06,1.1728684723294469e-05,0.0,Germany,DEU,baden-wurttemberg,,,Linux-7.0.0-30-generic-x86_64-with-glibc2.43,3.14.4,3.3.0,24,Intel(R) Core(TM) Ultra 9 285K,1,1 x NVIDIA GeForce RTX 5090,9.1827,48.767,60.816158294677734,machine,0.0,0.0,0.0,0.0,N
gradient_updates_73,2026-08-31T15:07:45,sac_HalfCheetah-v5_seed56,94c76186-0ecd-4c8f-b836-1505ccf51b23,22.332320716999675,0.00022890202436327833,1.024981148561485e-05,34.74596278763927,35.68842491952906,20.0,0.00021161743234936192,0.0002652035454960011,0.00012405059155555336,0.0006008715694009181,0.0,Germany,DEU,baden-wurttemberg,,,Linux-7.0.0-30-generic-x86_64-with-glibc2.43,3.14.4,3.3.0,24,Intel(R) Core(TM) Ultra 9 285K,1,1 x NVIDIA GeForce RTX 5090,9.1827,48.767,60.816158294677734,machine,0.0,0.0,0.0,0.0,N
rollout_74,2026-08-31T15:07:45,sac_HalfCheetah-v5_seed56,94c76186-0ecd-4c8f-b836-1505ccf51b23,0.4970709889985301,4.446029994019385e-06,8.944084507761489e-06,34.74332691726869,35.651077433562776,20.0,4.782096047886708e-06,4.134169973996071e-06,2.754635655553145e-06,1.1670901677432455e-05,0.0,Germany,DEU,baden-wurttemberg,,,Linux-7.0.0-30-generic-x86_64-with-glibc2.43,3.14.4,3.3.0,24,Intel(R) Core(TM) Ultra 9 285K,1,1 x NVIDIA GeForce RTX 5090,9.1827,48.767,60.816158294677734,machine,0.0,0.0,0.0,0.0,N
gradient_updates_74,2026-08-31T15:08:08,sac_HalfCheetah-v5_seed56,94c76186-0ecd-4c8f-b836-1505ccf51b23,22.31265068799985,0.00022810924888339024,1.0223320756666604e-05,34.740553671220646,35.698290724517406,20.0,0.0002091619414960888,0.00026569076810800674,0.00012393781115556043,0.0005987905207596525,0.0,Germany,DEU,baden-wurttemberg,,,Linux-7.0.0-30-generic-x86_64-with-glibc2.43,3.14.4,3.3.0,24,Intel(R) Core(TM) Ultra 9 285K,1,1 x NVIDIA GeForce RTX 5090,9.1827,48.767,60.816158294677734,machine,0.0,0.0,0.0,0.0,N
rollout_75,2026-08-31T15:08:08,sac_HalfCheetah-v5_seed56,94c76186-0ecd-4c8f-b836-1505ccf51b23,0.4963228019987582,4.363970490747077e-06,8.792627781346916e-06,34.74031521765296,35.64944218098661,20.0,4.8260583052905925e-06,3.877503101989976e-06,2.7519327277739786e-06,1.1455494135052813e-05,0.0,Germany,DEU,baden-wurttemberg,,,Linux-7.0.0-30-generic-x86_64-with-glibc2.43,3.14.4,3.3.0,24,Intel(R) Core(TM) Ultra 9 285K,1,1 x NVIDIA GeForce RTX 5090,9.1827,48.767,60.816158294677734,machine,0.0,0.0,0.0,0.0,N
gradient_updates_75,2026-08-31T15:08:31,sac_HalfCheetah-v5_seed56,94c76186-0ecd-4c8f-b836-1505ccf51b23,22.35697380200145,0.0002307614880914903,1.0321681275370575e-05,34.740121441963744,35.694834127805784,20.0,0.00021648687624492569,0.0002650691009440098,0.0001241967150055548,0.0006057526921944903,0.0,Germany,DEU,baden-wurttemberg,,,Linux-7.0.0-30-generic-x86_64-with-glibc2.43,3.14.4,3.3.0,24,Intel(R) Core(TM) Ultra 9 285K,1,1 x NVIDIA GeForce RTX 5090,9.1827,48.767,60.816158294677734,machine,0.0,0.0,0.0,0.0,N
rollout_76,2026-08-31T15:08:31,sac_HalfCheetah-v5_seed56,94c76186-0ecd-4c8f-b836-1505ccf51b23,0.49600467500022205,4.4789123662646035e-06,9.029872313852124e-06,34.73739184174051,35.66347882147539,20.0,4.769244926511318e-06,4.23722561199158e-06,2.750747905551007e-06,1.175721844405564e-05,0.0,Germany,DEU,baden-wurttemberg,,,Linux-7.0.0-30-generic-x86_64-with-glibc2.43,3.14.4,3.3.0,24,Intel(R) Core(TM) Ultra 9 285K,1,1 x NVIDIA GeForce RTX 5090,9.1827,48.767,60.816158294677734,machine,0.0,0.0,0.0,0.0,N
gradient_updates_76,2026-08-31T15:08:53,sac_HalfCheetah-v5_seed56,94c76186-0ecd-4c8f-b836-1505ccf51b23,22.33801205800046,0.00022931993651040955,1.0265910423358507e-05,34.73465473387717,35.70926034548593,20.0,0.00021201573683467256,0.0002658654904699881,0.0001240873683388908,0.0006019685956435497,0.0,Germany,DEU,baden-wurttemberg,,,Linux-7.0.0-30-generic-x86_64-with-glibc2.43,3.14.4,3.3.0,24,Intel(R) Core(TM) Ultra 9 285K,1,1 x NVIDIA GeForce RTX 5090,9.1827,48.767,60.816158294677734,machine,0.0,0.0,0.0,0.0,N
rollout_77,2026-08-31T15:08:54,sac_HalfCheetah-v5_seed56,94c76186-0ecd-4c8f-b836-1505ccf51b23,0.49649982399932924,4.336110536171112e-06,8.733197479787713e-06,34.73005713449948,35.66226064666467,20.0,4.733420731178883e-06,3.895003116025086e-06,2.753937450000743e-06,1.1382361297204713e-05,0.0,Germany,DEU,baden-wurttemberg,,,Linux-7.0.0-30-generic-x86_64-with-glibc2.43,3.14.4,3.3.0,24,Intel(R) Core(TM) Ultra 9 285K,1,1 x NVIDIA GeForce RTX 5090,9.1827,48.767,60.816158294677734,machine,0.0,0.0,0.0,0.0,N
gradient_updates_77,2026-08-31T15:09:16,sac_HalfCheetah-v5_seed56,94c76186-0ecd-4c8f-b836-1505ccf51b23,22.336481330001334,0.00022908562466837298,1.0256122689127283e-05,34.72555380682383,35.70702004820433,20.0,0.00021187574616712834,0.00026539910120798593,0.0001240786758388828,0.0006013535232139988,0.0,Germany,DEU,baden-wurttemberg,,,Linux-7.0.0-30-generic-x86_64-with-glibc2.43,3.14.4,3.3.0,24,Intel(R) Core(TM) Ultra 9 285K,1,1 x NVIDIA GeForce RTX 5090,9.1827,48.767,60.816158294677734,machine,0.0,0.0,0.0,0.0,N
rollout_78,2026-08-31T15:09:17,sac_HalfCheetah-v5_seed56,94c76186-0ecd-4c8f-b836-1505ccf51b23,0.4967824040013511,4.48188815955694e-06,9.021400987022941e-06,34.72450232867243,35.67255350291531,20.0,4.826176916494784e-06,4.174170006004951e-06,2.7646830277772844e-06,1.1765029950275285e-05,0.0,Germany,DEU,baden-wurttemberg,,,Linux-7.0.0-30-generic-x86_64-with-glibc2.43,3.14.4,3.3.0,24,Intel(R) Core(TM) Ultra 9 285K,1,1 x NVIDIA GeForce RTX 5090,9.1827,48.767,60.816158294677734,machine,0.0,0.0,0.0,0.0,N
gradient_updates_78,2026-08-31T15:09:39,sac_HalfCheetah-v5_seed56,94c76186-0ecd-4c8f-b836-1505ccf51b23,22.31401509599891,0.00022811196461011013,1.0222816216766343e-05,34.72321210980852,35.71795347862305,20.0,0.00020845791898842225,0.00026638715755399056,0.0001239525730444349,0.0005987976495868477,0.0,Germany,DEU,baden-wurttemberg,,,Linux-7.0.0-30-generic-x86_64-with-glibc2.43,3.14.4,3.3.0,24,Intel(R) Core(TM) Ultra 9 285K,1,1 x NVIDIA GeForce RTX 5090,9.1827,48.767,60.816158294677734,machine,0.0,0.0,0.0,0.0,N
rollout_79,2026-08-31T15:09:40,sac_HalfCheetah-v5_seed56,94c76186-0ecd-4c8f-b836-1505ccf51b23,0.49595740900076635,4.572744821303154e-06,9.220078138536817e-06,34.72542289620447,35.693380867539055,20.0,4.880548904434567e-06,4.3697257180036475e-06,2.753255555550116e-06,1.200353017798833e-05,0.0,Germany,DEU,baden-wurttemberg,,,Linux-7.0.0-30-generic-x86_64-with-glibc2.43,3.14.4,3.3.0,24,Intel(R) Core(TM) Ultra 9 285K,1,1 x NVIDIA GeForce RTX 5090,9.1827,48.767,60.816158294677734,machine,0.0,0.0,0.0,0.0,N
gradient_updates_79,2026-08-31T15:10:02,sac_HalfCheetah-v5_seed56,94c76186-0ecd-4c8f-b836-1505ccf51b23,22.337632137001492,0.00023066593852255277,1.0326340575350676e-05,34.72753996398075,35.73667598470977,20.0,0.00021617122321462845,0.00026524243441600204,0.00012408821537778295,0.00060550187300841,0.0,Germany,DEU,baden-wurttemberg,,,Linux-7.0.0-30-generic-x86_64-with-glibc2.43,3.14.4,3.3.0,24,Intel(R) Core(TM) Ultra 9 285K,1,1 x NVIDIA GeForce RTX 5090,9.1827,48.767,60.816158294677734,machine,0.0,0.0,0.0,0.0,N
rollout_80,2026-08-31T15:10:03,sac_HalfCheetah-v5_seed56,94c76186-0ecd-4c8f-b836-1505ccf51b23,0.5767704440004309,5.2983218889642025e-06,9.186241437565273e-06,34.73574627825332,35.705693018959806,20.0,5.824727159778331e-06,4.892226136005151e-06,3.1912285888818087e-06,1.3908181884667026e-05,0.0,Germany,DEU,baden-wurttemberg,,,Linux-7.0.0-30-generic-x86_64-with-glibc2.43,3.14.4,3.3.0,24,Intel(R) Core(TM) Ultra 9 285K,1,1 x NVIDIA GeForce RTX 5090,9.1827,48.767,60.816158294677734,machine,0.0,0.0,0.0,0.0,N
gradient_updates_80,2026-08-31T15:10:25,sac_HalfCheetah-v5_seed56,94c76186-0ecd-4c8f-b836-1505ccf51b23,22.527810691999548,0.0002336008413595346,1.0369444082254393e-05,34.743622991688014,35.74863417179083,20.0,0.0002203158593080956,0.00026774826975399513,0.00012514191204444566,0.0006132060411065329,0.0,Germany,DEU,baden-wurttemberg,,,Linux-7.0.0-30-generic-x86_64-with-glibc2.43,3.14.4,3.3.0,24,Intel(R) Core(TM) Ultra 9 285K,1,1 x NVIDIA GeForce RTX 5090,9.1827,48.767,60.816158294677734,machine,0.0,0.0,0.0,0.0,N
rollout_81,2026-08-31T15:10:26,sac_HalfCheetah-v5_seed56,94c76186-0ecd-4c8f-b836-1505ccf51b23,0.4979864960005216,4.442047986948083e-06,8.920031713175129e-06,34.7414011506199,35.71240353102012,20.0,4.799423283977089e-06,4.102225504010182e-06,2.758800055551597e-06,1.1660448843542337e-05,0.0,Germany,DEU,baden-wurttemberg,,,Linux-7.0.0-30-generic-x86_64-with-glibc2.43,3.14.4,3.3.0,24,Intel(R) Core(TM) Ultra 9 285K,1,1 x NVIDIA GeForce RTX 5090,9.1827,48.767,60.816158294677734,machine,0.0,0.0,0.0,0.0,N
gradient_updates_81,2026-08-31T15:10:48,sac_HalfCheetah-v5_seed56,94c76186-0ecd-4c8f-b836-1505ccf51b23,22.342381584001487,0.00022889272224507415,1.0244780685811492e-05,34.73919378910891,35.75295712839585,20.0,0.00021309100463934305,0.00026364437758200077,0.00012411176896666778,0.0006008471511880151,0.0,Germany,DEU,baden-wurttemberg,,,Linux-7.0.0-30-generic-x86_64-with-glibc2.43,3.14.4,3.3.0,24,Intel(R) Core(TM) Ultra 9 285K,1,1 x NVIDIA GeForce RTX 5090,9.1827,48.767,60.816158294677734,machine,0.0,0.0,0.0,0.0,N
rollout_82,2026-08-31T15:10:48,sac_HalfCheetah-v5_seed56,94c76186-0ecd-4c8f-b836-1505ccf51b23,0.4979619379992073,4.4534325716744094e-06,8.942895048007336e-06,34.73802235758211,35.71720833563978,20.0,4.820734412130934e-06,4.108058841989504e-06,2.761540311105315e-06,1.1690333565225752e-05,0.0,Germany,DEU,baden-wurttemberg,,,Linux-7.0.0-30-generic-x86_64-with-glibc2.43,3.14.4,3.3.0,24,Intel(R) Core(TM) Ultra 9 285K,1,1 x NVIDIA GeForce RTX 5090,9.1827,48.767,60.816158294677734,machine,0.0,0.0,0.0,0.0,N
gradient_updates_82,2026-08-31T15:11:11,sac_HalfCheetah-v5_seed56,94c76186-0ecd-4c8f-b836-1505ccf51b23,22.313891175999743,0.00022781696243778446,1.0209651450201499e-05,34.73672528048808,35.757231584717054,20.0,0.00021078506668348318,0.0002632849328499942,0.00012395326451110703,0.000598023264044581,0.0,Germany,DEU,baden-wurttemberg,,,Linux-7.0.0-30-generic-x86_64-with-glibc2.43,3.14.4,3.3.0,24,Intel(R) Core(TM) Ultra 9 285K,1,1 x NVIDIA GeForce RTX 5090,9.1827,48.767,60.816158294677734,machine,0.0,0.0,0.0,0.0,N
rollout_83,2026-08-31T15:11:11,sac_HalfCheetah-v5_seed56,94c76186-0ecd-4c8f-b836-1505ccf51b23,0.49677314200016554,4.449423869446606e-06,8.956749163372199e-06,34.7409033517494,35.71714572935468,20.0,4.93597228211351e-06,3.988336523999547e-06,2.7555018500009104e-06,1.1679810656112233e-05,0.0,Germany,DEU,baden-wurttemberg,,,Linux-7.0.0-30-generic-x86_64-with-glibc2.43,3.14.4,3.3.0,24,Intel(R) Core(TM) Ultra 9 285K,1,1 x NVIDIA GeForce RTX 5090,9.1827,48.767,60.816158294677734,machine,0.0,0.0,0.0,0.0,N
gradient_updates_83,2026-08-31T15:11:34,sac_HalfCheetah-v5_seed56,94c76186-0ecd-4c8f-b836-1505ccf51b23,22.341874235999057,0.0002293827730361804,1.0266945574089202e-05,34.744888626653456,35.754662102978386,20.0,0.00021653733184082147,0.00026147576473600775,0.00012412044597777915,0.0006021335425546101,0.0,Germany,DEU,baden-wurttemberg,,,Linux-7.0.0-30-generic-x86_64-with-glibc2.43,3.14.4,3.3.0,24,Intel(R) Core(TM) Ultra 9 285K,1,1 x NVIDIA GeForce RTX 5090,9.1827,48.767,60.816158294677734,machine,0.0,0.0,0.0,0.0,N
rollout_84,2026-08-31T15:11:34,sac_HalfCheetah-v5_seed56,94c76186-0ecd-4c8f-b836-1505ccf51b23,0.4970297550007672,4.475068789647901e-06,9.003489883397851e-06,34.749848644539846,35.716767789961146,20.0,4.960216745952817e-06,4.030281001987657e-06,2.756631244443461e-06,1.174712899238567e-05,0.0,Germany,DEU,baden-wurttemberg,,,Linux-7.0.0-30-generic-x86_64-with-glibc2.43,3.14.4,3.3.0,24,Intel(R) Core(TM) Ultra 9 285K,1,1 x NVIDIA GeForce RTX 5090,9.1827,48.767,60.816158294677734,machine,0.0,0.0,0.0,0.0,N
gradient_updates_84,2026-08-31T15:11:56,sac_HalfCheetah-v5_seed56,94c76186-0ecd-4c8f-b836-1505ccf51b23,22.338515363000624,0.00022813013637179233,1.0212416735098249e-05,34.75428090426354,35.757602236385914,20.0,0.00020931829273228286,0.00026543687901600665,0.0001240901790111118,0.0005988453507594013,0.0,Germany,DEU,baden-wurttemberg,,,Linux-7.0.0-30-generic-x86_64-with-glibc2.43,3.14.4,3.3.0,24,Intel(R) Core(TM) Ultra 9 285K,1,1 x NVIDIA GeForce RTX 5090,9.1827,48.767,60.816158294677734,machine,0.0,0.0,0.0,0.0,N
rollout_85,2026-08-31T15:11:57,sac_HalfCheetah-v5_seed56,94c76186-0ecd-4c8f-b836-1505ccf51b23,0.49586941699999443,4.43461974438536e-06,8.942960966374105e-06,34.754686448459964,35.72136463959049,20.0,4.840638872502523e-06,4.050281017992097e-06,2.7500296944510394e-06,1.1640949584945659e-05,0.0,Germany,DEU,baden-wurttemberg,,,Linux-7.0.0-30-generic-x86_64-with-glibc2.43,3.14.4,3.3.0,24,Intel(R) Core(TM) Ultra 9 285K,1,1 x NVIDIA GeForce RTX 5090,9.1827,48.767,60.816158294677734,machine,0.0,0.0,0.0,0.0,N
gradient_updates_85,2026-08-31T15:12:19,sac_HalfCheetah-v5_seed56,94c76186-0ecd-4c8f-b836-1505ccf51b23,22.339004627001486,0.00022857041483775875,1.0231902941049232e-05,34.7548322573763,35.76235769140118,20.0,0.0002097653236454583,0.00026614521291601356,0.00012409055239444994,0.0006000010889559218,0.0,Germany,DEU,baden-wurttemberg,,,Linux-7.0.0-30-generic-x86_64-with-glibc2.43,3.14.4,3.3.0,24,Intel(R) Core(TM) Ultra 9 285K,1,1 x NVIDIA GeForce RTX 5090,9.1827,48.767,60.816158294677734,machine,0.0,0.0,0.0,0.0,N
rollout_86,2026-08-31T15:12:20,sac_HalfCheetah-v5_seed56,94c76186-0ecd-4c8f-b836-1505ccf51b23,0.49729442699936044,4.435277754927247e-06,8.918435109769197e-06,34.74983571230593,35.730465251578615,20.0,4.723434612080579e-06,4.160003328007589e-06,2.759238933332936e-06,1.1642676873417634e-05,0.0,Germany,DEU,baden-wurttemberg,,,Linux-7.0.0-30-generic-x86_64-with-glibc2.43,3.14.4,3.3.0,24,Intel(R) Core(TM) Ultra 9 285K,1,1 x NVIDIA GeForce RTX 5090,9.1827,48.767,60.816158294677734,machine,0.0,0.0,0.0,0.0,N
gradient_updates_86,2026-08-31T15:12:42,sac_HalfCheetah-v5_seed56,94c76186-0ecd-4c8f-b836-1505ccf51b23,22.33729071000016,0.00023004704260017744,1.0298793846765591e-05,34.7449274259876,35.77336131409723,20.0,0.00021103644632902707,0.0002687660483459836,0.0001240747663833336,0.0006038772610583443,0.0,Germany,DEU,baden-wurttemberg,,,Linux-7.0.0-30-generic-x86_64-with-glibc2.43,3.14.4,3.3.0,24,Intel(R) Core(TM) Ultra 9 285K,1,1 x NVIDIA GeForce RTX 5090,9.1827,48.767,60.816158294677734,machine,0.0,0.0,0.0,0.0,N
rollout_87,2026-08-31T15:12:43,sac_HalfCheetah-v5_seed56,94c76186-0ecd-4c8f-b836-1505ccf51b23,0.4981566339993151,4.442295875196206e-06,8.917489832864135e-06,34.74565116912686,35.73659588304002,20.0,4.867002504710394e-06,4.034169894001627e-06,2.7599271555517335e-06,1.1661099554263754e-05,0.0,Germany,DEU,baden-wurttemberg,,,Linux-7.0.0-30-generic-x86_64-with-glibc2.43,3.14.4,3.3.0,24,Intel(R) Core(TM) Ultra 9 285K,1,1 x NVIDIA GeForce RTX 5090,9.1827,48.767,60.816158294677734,machine,0.0,0.0,0.0,0.0,N
gradient_updates_87,2026-08-31T15:13:05,sac_HalfCheetah-v5_seed56,94c76186-0ecd-4c8f-b836-1505ccf51b23,22.337604099999226,0.00023312335586446117,1.0436367031548027e-05,34.746450542540934,35.779432011006016,20.0,0.00021857123985684346,0.00026929493765799617,0.00012408645633333638,0.0006119526338481743,0.0,Germany,DEU,baden-wurttemberg,,,Linux-7.0.0-30-generic-x86_64-with-glibc2.43,3.14.4,3.3.0,24,Intel(R) Core(TM) Ultra 9 285K,1,1 x NVIDIA GeForce RTX 5090,9.1827,48.767,60.816158294677734,machine,0.0,0.0,0.0,0.0,N
rollout_88,2026-08-31T15:13:05,sac_HalfCheetah-v5_seed56,94c76186-0ecd-4c8f-b836-1505ccf51b23,0.4973332820009091,4.5504847420232974e-06,9.14973756697056e-06,34.74942136653836,35.75252349344342,20.0,4.918628101549527e-06,4.267781192002218e-06,2.7586878111121593e-06,1.1945097104663904e-05,0.0,Germany,DEU,baden-wurttemberg,,,Linux-7.0.0-30-generic-x86_64-with-glibc2.43,3.14.4,3.3.0,24,Intel(R) Core(TM) Ultra 9 285K,1,1 x NVIDIA GeForce RTX 5090,9.1827,48.767,60.816158294677734,machine,0.0,0.0,0.0,0.0,N
gradient_updates_88,2026-08-31T15:13:28,sac_HalfCheetah-v5_seed56,94c76186-0ecd-4c8f-b836-1505ccf51b23,22.314873309998802,0.00023041821839039564,1.0325772967483255e-05,34.75207455969514,35.79523432491634,20.0,0.0002113859904975396,0.00026950688227199426,0.00012395873082778064,0.0006048516035973145,0.0,Germany,DEU,baden-wurttemberg,,,Linux-7.0.0-30-generic-x86_64-with-glibc2.43,3.14.4,3.3.0,24,Intel(R) Core(TM) Ultra 9 285K,1,1 x NVIDIA GeForce RTX 5090,9.1827,48.767,60.816158294677734,machine,0.0,0.0,0.0,0.0,N
rollout_89,2026-08-31T15:13:28,sac_HalfCheetah-v5_seed56,94c76186-0ecd-4c8f-b836-1505ccf51b23,0.49693985100020654,4.554822513908041e-06,9.165856494281234e-06,34.7515433106484,35.772902589787996,20.0,4.827126361697798e-06,4.37333683200869e-06,2.7560206333262366e-06,1.1956483827034459e-05,0.0,Germany,DEU,baden-wurttemberg,,,Linux-7.0.0-30-generic-x86_64-with-glibc2.43,3.14.4,3.3.0,24,Intel(R) Core(TM) Ultra 9 285K,1,1 x NVIDIA GeForce RTX 5090,9.1827,48.767,60.816158294677734,machine,0.0,0.0,0.0,0.0,N
gradient_updates_89,2026-08-31T15:13:51,sac_HalfCheetah-v5_seed56,94c76186-0ecd-4c8f-b836-1505ccf51b23,22.335661802000686,0.00023149130279469937,1.0364202013158532e-05,34.75090919166073,35.816460542567775,20.0,0.00021221823727445022,0.0002713760504340079,0.0001240741800555556,0.0006076684677640137,0.0,Germany,DEU,baden-wurttemberg,,,Linux-7.0.0-30-generic-x86_64-with-glibc2.43,3.14.4,3.3.0,24,Intel(R) Core(TM) Ultra 9 285K,1,1 x NVIDIA GeForce RTX 5090,9.1827,48.767,60.816158294677734,machine,0.0,0.0,0.0,0.0,N
rollout_90,2026-08-31T15:13:51,sac_HalfCheetah-v5_seed56,94c76186-0ecd-4c8f-b836-1505ccf51b23,0.5746906599997601,4.9396077823199436e-06,8.594927661083457e-06,34.75127073618368,35.764095521060675,20.0,5.6110878222104255e-06,4.170281113990981e-06,3.1851825333332334e-06,1.2966551469532905e-05,0.0,Germany,DEU,baden-wurttemberg,,,Linux-7.0.0-30-generic-x86_64-with-glibc2.43,3.14.4,3.3.0,24,Intel(R) Core(TM) Ultra 9 285K,1,1 x NVIDIA GeForce RTX 5090,9.1827,48.767,60.816158294677734,machine,0.0,0.0,0.0,0.0,N
gradient_updates_90,2026-08-31T15:14:14,sac_HalfCheetah-v5_seed56,94c76186-0ecd-4c8f-b836-1505ccf51b23,22.507252764999066,0.00023395770211048425,1.0394771997797446e-05,34.75158472371537,35.80642982825725,20.0,0.00021656447547367674,0.0002725460513699901,0.00012503227958888738,0.0006141428064325577,0.0,Germany,DEU,baden-wurttemberg,,,Linux-7.0.0-30-generic-x86_64-with-glibc2.43,3.14.4,3.3.0,24,Intel(R) Core(TM) Ultra 9 285K,1,1 x NVIDIA GeForce RTX 5090,9.1827,48.767,60.816158294677734,machine,0.0,0.0,0.0,0.0,N
rollout_91,2026-08-31T15:14:14,sac_HalfCheetah-v5_seed56,94c76186-0ecd-4c8f-b836-1505ccf51b23,0.49613855999996304,4.432797461734195e-06,8.934535262821513e-06,34.75119334609241,35.77259268750459,20.0,4.82331163642602e-06,4.061114359993345e-06,2.751740066671629e-06,1.163616606308926e-05,0.0,Germany,DEU,baden-wurttemberg,,,Linux-7.0.0-30-generic-x86_64-with-glibc2.43,3.14.4,3.3.0,24,Intel(R) Core(TM) Ultra 9 285K,1,1 x NVIDIA GeForce RTX 5090,9.1827,48.767,60.816158294677734,machine,0.0,0.0,0.0,0.0,N
gradient_updates_91,2026-08-31T15:14:37,sac_HalfCheetah-v5_seed56,94c76186-0ecd-4c8f-b836-1505ccf51b23,22.310818428999482,0.00023043409210088753,1.0328359848036924e-05,34.75066219330779,35.81414407426504,20.0,0.00021112654084555482,0.0002698293825300069,0.00012393734897222022,0.0006048932723477854,0.0,Germany,DEU,baden-wurttemberg,,,Linux-7.0.0-30-generic-x86_64-with-glibc2.43,3.14.4,3.3.0,24,Intel(R) Core(TM) Ultra 9 285K,1,1 x NVIDIA GeForce RTX 5090,9.1827,48.767,60.816158294677734,machine,0.0,0.0,0.0,0.0,N
rollout_92,2026-08-31T15:14:37,sac_HalfCheetah-v5_seed56,94c76186-0ecd-4c8f-b836-1505ccf51b23,0.5009840840011748,4.570546208067239e-06,9.123044388635228e-06,34.74998875711599,35.791374777053996,20.0,4.859661387718317e-06,4.3680590500055905e-06,2.7700383444431015e-06,1.1997758782168744e-05,0.0,Germany,DEU,baden-wurttemberg,,,Linux-7.0.0-30-generic-x86_64-with-glibc2.43,3.14.4,3.3.0,24,Intel(R) Core(TM) Ultra 9 285K,1,1 x NVIDIA GeForce RTX 5090,9.1827,48.767,60.816158294677734,machine,0.0,0.0,0.0,0.0,N
gradient_updates_92,2026-08-31T15:14:59,sac_HalfCheetah-v5_seed56,94c76186-0ecd-4c8f-b836-1505ccf51b23,22.32976292800049,0.000230479527657073,1.0321632716182939e-05,34.749159367553,35.83282789716128,20.0,0.0002104048691570909,0.00027056827200999667,0.00012403940026111358,0.0006050125414282029,0.0,Germany,DEU,baden-wurttemberg,,,Linux-7.0.0-30-generic-x86_64-with-glibc2.43,3.14.4,3.3.0,24,Intel(R) Core(TM) Ultra 9 285K,1,1 x NVIDIA GeForce RTX 5090,9.1827,48.767,60.816158294677734,machine,0.0,0.0,0.0,0.0,N
rollout_93,2026-08-31T15:15:00,sac_HalfCheetah-v5_seed56,94c76186-0ecd-4c8f-b836-1505ccf51b23,0.4997045540003455,4.5623804081837416e-06,9.130124015545113e-06,34.74881172154166,35.80980386372183,20.0,4.8579999974984744e-06,4.351947926001243e-06,2.7663755000004175e-06,1.1976323423500135e-05,0.0,Germany,DEU,baden-wurttemberg,,,Linux-7.0.0-30-generic-x86_64-with-glibc2.43,3.14.4,3.3.0,24,Intel(R) Core(TM) Ultra 9 285K,1,1 x NVIDIA GeForce RTX 5090,9.1827,48.767,60.816158294677734,machine,0.0,0.0,0.0,0.0,N
gradient_updates_93,2026-08-31T15:15:22,sac_HalfCheetah-v5_seed56,94c76186-0ecd-4c8f-b836-1505ccf51b23,22.362809530999584,0.00023372583608213815,1.0451545222092221e-05,34.74864116365723,35.84916042266534,20.0,0.0002202216617327446,0.0002690963263879964,0.0001242161661833361,0.0006135341543040754,0.0,Germany,DEU,baden-wurttemberg,,,Linux-7.0.0-30-generic-x86_64-with-glibc2.43,3.14.4,3.3.0,24,Intel(R) Core(TM) Ultra 9 285K,1,1 x NVIDIA GeForce RTX 5090,9.1827,48.767,60.816158294677734,machine,0.0,0.0,0.0,0.0,N
rollout_94,2026-08-31T15:15:23,sac_HalfCheetah-v5_seed56,94c76186-0ecd-4c8f-b836-1505ccf51b23,0.4966230039990478,4.5537965470410224e-06,9.169136263315491e-06,34.749146345081755,35.826705915719,20.0,4.851472770059373e-06,4.346392366003093e-06,2.755925511115781e-06,1.1953790647174778e-05,0.0,Germany,DEU,baden-wurttemberg,,,Linux-7.0.0-30-generic-x86_64-with-glibc2.43,3.14.4,3.3.0,24,Intel(R) Core(TM) Ultra 9 285K,1,1 x NVIDIA GeForce RTX 5090,9.1827,48.767,60.816158294677734,machine,0.0,0.0,0.0,0.0,N
gradient_updates_94,2026-08-31T15:15:45,sac_HalfCheetah-v5_seed56,94c76186-0ecd-4c8f-b836-1505ccf51b23,22.329514200999256,0.00023016621287052716,1.0307716431850475e-05,34.74939881624024,35.86729149764827,20.0,0.00020936303471251472,0.0002707843832939899,0.00012404266696666028,0.0006041900849731649,0.0,Germany,DEU,baden-wurttemberg,,,Linux-7.0.0-30-generic-x86_64-with-glibc2.43,3.14.4,3.3.0,24,Intel(R) Core(TM) Ultra 9 285K,1,1 x NVIDIA GeForce RTX 5090,9.1827,48.767,60.816158294677734,machine,0.0,0.0,0.0,0.0,N
rollout_95,2026-08-31T15:15:46,sac_HalfCheetah-v5_seed56,94c76186-0ecd-4c8f-b836-1505ccf51b23,0.4972732789992733,4.62374310671379e-06,9.298142979862233e-06,34.75052373340914,35.8513228651305,20.0,4.875666122755584e-06,4.50972583002085e-06,2.752009561107077e-06,1.213740151388698e-05,0.0,Germany,DEU,baden-wurttemberg,,,Linux-7.0.0-30-generic-x86_64-with-glibc2.43,3.14.4,3.3.0,24,Intel(R) Core(TM) Ultra 9 285K,1,1 x NVIDIA GeForce RTX 5090,9.1827,48.767,60.816158294677734,machine,0.0,0.0,0.0,0.0,N
gradient_updates_95,2026-08-31T15:16:08,sac_HalfCheetah-v5_seed56,94c76186-0ecd-4c8f-b836-1505ccf51b23,22.31447708399901,0.00022980128648148954,1.0298306590989203e-05,34.75130957910014,35.892192068319666,20.0,0.00020768179058974767,0.0002715941061639804,0.00012395625046110643,0.0006032321472148328,0.0,Germany,DEU,baden-wurttemberg,,,Linux-7.0.0-30-generic-x86_64-with-glibc2.43,3.14.4,3.3.0,24,Intel(R) Core(TM) Ultra 9 285K,1,1 x NVIDIA GeForce RTX 5090,9.1827,48.767,60.816158294677734,machine,0.0,0.0,0.0,0.0,N
rollout_96,2026-08-31T15:16:08,sac_HalfCheetah-v5_seed56,94c76186-0ecd-4c8f-b836-1505ccf51b23,0.4975073670011625,4.416781669795006e-06,8.877729636165265e-06,34.75038237603401,35.85763059072827,20.0,4.819479966694518e-06,4.0163921020131e-06,2.758252277777068e-06,1.1594124346488155e-05,0.0,Germany,DEU,baden-wurttemberg,,,Linux-7.0.0-30-generic-x86_64-with-glibc2.43,3.14.4,3.3.0,24,Intel(R) Core(TM) Ultra 9 285K,1,1 x NVIDIA GeForce RTX 5090,9.1827,48.767,60.816158294677734,machine,0.0,0.0,0.0,0.0,N
gradient_updates_96,2026-08-31T15:16:31,sac_HalfCheetah-v5_seed56,94c76186-0ecd-4c8f-b836-1505ccf51b23,22.33889679999993,0.0002327033572560623,1.0416961337087785e-05,34.74956801879036,35.895922263126046,20.0,0.00021746577675026135,0.000269290770988001,0.00012409358287221797,0.0006108501306104769,0.0,Germany,DEU,baden-wurttemberg,,,Linux-7.0.0-30-generic-x86_64-with-glibc2.43,3.14.4,3.3.0,24,Intel(R) Core(TM) Ultra 9 285K,1,1 x NVIDIA GeForce RTX 5090,9.1827,48.767,60.816158294677734,machine,0.0,0.0,0.0,0.0,N
rollout_97,2026-08-31T15:16:31,sac_HalfCheetah-v5_seed56,94c76186-0ecd-4c8f-b836-1505ccf51b23,0.49728790299923276,4.533917281397681e-06,9.11724497965539e-06,34.74837661909624,35.873357572876394,20.0,4.8106127373687135e-06,4.333614578008738e-06,2.7573799333373283e-06,1.1901607248718249e-05,0.0,Germany,DEU,baden-wurttemberg,,,Linux-7.0.0-30-generic-x86_64-with-glibc2.43,3.14.4,3.3.0,24,Intel(R) Core(TM) Ultra 9 285K,1,1 x NVIDIA GeForce RTX 5090,9.1827,48.767,60.816158294677734,machine,0.0,0.0,0.0,0.0,N
gradient_updates_97,2026-08-31T15:16:54,sac_HalfCheetah-v5_seed56,94c76186-0ecd-4c8f-b836-1505ccf51b23,22.332425884998884,0.00023112910270210035,1.0349490848334812e-05,34.747202583921904,35.91049697953023,20.0,0.00021430032949568134,0.00026836077024398886,0.0001240565868388839,0.0006067176865785506,0.0,Germany,DEU,baden-wurttemberg,,,Linux-7.0.0-30-generic-x86_64-with-glibc2.43,3.14.4,3.3.0,24,Intel(R) Core(TM) Ultra 9 285K,1,1 x NVIDIA GeForce RTX 5090,9.1827,48.767,60.816158294677734,machine,0.0,0.0,0.0,0.0,N
rollout_98,2026-08-31T15:16:54,sac_HalfCheetah-v5_seed56,94c76186-0ecd-4c8f-b836-1505ccf51b23,0.49766946799900325,4.558468107745267e-06,9.159249824754706e-06,34.74666997011695,35.88942290879314,20.0,4.831958309997608e-06,4.374447943988891e-06,2.7596473166739688e-06,1.1966053570663937e-05,0.0,Germany,DEU,baden-wurttemberg,,,Linux-7.0.0-30-generic-x86_64-with-glibc2.43,3.14.4,3.3.0,24,Intel(R) Core(TM) Ultra 9 285K,1,1 x NVIDIA GeForce RTX 5090,9.1827,48.767,60.816158294677734,machine,0.0,0.0,0.0,0.0,N
gradient_updates_98,2026-08-31T15:17:16,sac_HalfCheetah-v5_seed56,94c76186-0ecd-4c8f-b836-1505ccf51b23,22.33540980500038,0.00023107287436673757,1.0345587997273516e-05,34.74604985660796,35.92755805304279,20.0,0.0002123009231739248,0.00027019688282402254,0.0001240722802777778,0.0006065700862757234,0.0,Germany,DEU,baden-wurttemberg,,,Linux-7.0.0-30-generic-x86_64-with-glibc2.43,3.14.4,3.3.0,24,Intel(R) Core(TM) Ultra 9 285K,1,1 x NVIDIA GeForce RTX 5090,9.1827,48.767,60.816158294677734,machine,0.0,0.0,0.0,0.0,N
rollout_99,2026-08-31T15:17:17,sac_HalfCheetah-v5_seed56,94c76186-0ecd-4c8f-b836-1505ccf51b23,0.4972007059986936,4.5508808055177985e-06,9.153042557103222e-06,34.751937979626476,35.89968221871069,20.0,5.0081292842785174e-06,4.179447787994173e-06,2.7585597055599514e-06,1.1946136777837846e-05,0.0,Germany,DEU,baden-wurttemberg,,,Linux-7.0.0-30-generic-x86_64-with-glibc2.43,3.14.4,3.3.0,24,Intel(R) Core(TM) Ultra 9 285K,1,1 x NVIDIA GeForce RTX 5090,9.1827,48.767,60.816158294677734,machine,0.0,0.0,0.0,0.0,N
gradient_updates_99,2026-08-31T15:17:39,sac_HalfCheetah-v5_seed56,94c76186-0ecd-4c8f-b836-1505ccf51b23,22.30865325800005,0.00023084347797446697,1.0347711918462581e-05,34.757388163933676,35.93772446992487,20.0,0.00021174131633736049,0.00027029966068398137,0.00012392693996111578,0.0006059679169824611,0.0,Germany,DEU,baden-wurttemberg,,,Linux-7.0.0-30-generic-x86_64-with-glibc2.43,3.14.4,3.3.0,24,Intel(R) Core(TM) Ultra 9 285K,1,1 x NVIDIA GeForce RTX 5090,9.1827,48.767,60.816158294677734,machine,0.0,0.0,0.0,0.0,N
idle_baseline_tail,2026-08-31T15:19:09,sac_HalfCheetah-v5_seed56,94c76186-0ecd-4c8f-b836-1505ccf51b23,90.00809012999889,0.0005404848919769445,6.004848590406715e-06,34.75343033924832,35.86757466463724,20.0,0.0003780450566024801,0.0005407093214560149,0.0005000273307666659,0.0014187817088251592,0.0,Germany,DEU,baden-wurttemberg,,,Linux-7.0.0-30-generic-x86_64-with-glibc2.43,3.14.4,3.3.0,24,Intel(R) Core(TM) Ultra 9 285K,1,1 x NVIDIA GeForce RTX 5090,9.1827,48.767,60.816158294677734,machine,0.0,0.0,0.0,0.0,N
