task_name,timestamp,project_name,run_id,duration,emissions,emissions_rate,cpu_power,gpu_power,ram_power,cpu_energy,gpu_energy,ram_energy,energy_consumed,water_consumed,country_name,country_iso_code,region,cloud_provider,cloud_region,os,python_version,codecarbon_version,cpu_count,cpu_model,gpu_count,gpu_model,longitude,latitude,ram_total_size,tracking_mode,cpu_utilization_percent,gpu_utilization_percent,ram_utilization_percent,ram_used_gb,on_cloud
idle_baseline_head,2026-09-19T06:36:38,tdmpc2_Ant-v5_seed958,ca878388-c102-443c-b8af-0a413301f3f9,90.00356074499723,0.0006246254989723222,6.94000838615773e-06,15.346443937007535,13.623629101443234,20.0,0.00041797084576529475,0.0007045380636299114,0.0005171432732332808,0.0016396521826284871,0.0,Germany,DEU,baden-wurttemberg,,,Linux-7.0.0-31-generic-x86_64-with-glibc2.43,3.14.4,3.3.0,24,Intel(R) Core(TM) Ultra 9 285K,1,1 x NVIDIA GeForce RTX 5090,9.2986,48.7383,60.81615447998047,machine,0.0,0.0,0.0,0.0,N
warmup_0,2026-09-19T06:36:39,tdmpc2_Ant-v5_seed958,ca878388-c102-443c-b8af-0a413301f3f9,0.6811025380011415,8.399701272709796e-06,1.233228251393282e-05,23.103734519629636,28.251375536830064,20.0,7.349738935340244e-06,1.0906953169520506e-05,3.7926615444626227e-06,2.204935364932348e-05,0.0,Germany,DEU,baden-wurttemberg,,,Linux-7.0.0-31-generic-x86_64-with-glibc2.43,3.14.4,3.3.0,24,Intel(R) Core(TM) Ultra 9 285K,1,1 x NVIDIA GeForce RTX 5090,9.2986,48.7383,60.81615447998047,machine,0.0,0.0,0.0,0.0,N
world_model_pretrain_0,2026-09-19T06:37:33,tdmpc2_Ant-v5_seed958,ca878388-c102-443c-b8af-0a413301f3f9,54.557936334997066,0.0007962630645250961,1.4594818865344286e-05,26.926482174774094,44.08872441770489,20.0,0.00039890726051444725,0.0013881991661142123,0.00030309718152226803,0.0020902036081509277,0.0,Germany,DEU,baden-wurttemberg,,,Linux-7.0.0-31-generic-x86_64-with-glibc2.43,3.14.4,3.3.0,24,Intel(R) Core(TM) Ultra 9 285K,1,1 x NVIDIA GeForce RTX 5090,9.2986,48.7383,60.81615447998047,machine,0.0,0.0,0.0,0.0,N
rollout_0,2026-09-19T06:37:41,tdmpc2_Ant-v5_seed958,ca878388-c102-443c-b8af-0a413301f3f9,7.421173290989827,0.00015963931403894334,2.151133658286423e-05,26.994936624991873,65.1450515705382,20.0,6.991291898585106e-05,0.0003079149685540905,4.122793091115048e-05,0.00041905581845109183,0.0,Germany,DEU,baden-wurttemberg,,,Linux-7.0.0-31-generic-x86_64-with-glibc2.43,3.14.4,3.3.0,24,Intel(R) Core(TM) Ultra 9 285K,1,1 x NVIDIA GeForce RTX 5090,9.2986,48.7383,60.81615447998047,machine,0.0,0.0,0.0,0.0,N
gradient_updates_0,2026-09-19T06:37:52,tdmpc2_Ant-v5_seed958,ca878388-c102-443c-b8af-0a413301f3f9,11.03010934399208,0.00016057638587201853,1.4558025857309709e-05,28.011961299435697,69.84690852625593,20.0,7.421812770779662e-05,0.00028602245104014656,6.127506863890127e-05,0.00042151564738684456,0.0,Germany,DEU,baden-wurttemberg,,,Linux-7.0.0-31-generic-x86_64-with-glibc2.43,3.14.4,3.3.0,24,Intel(R) Core(TM) Ultra 9 285K,1,1 x NVIDIA GeForce RTX 5090,9.2986,48.7383,60.81615447998047,machine,0.0,0.0,0.0,0.0,N
rollout_1,2026-09-19T06:37:59,tdmpc2_Ant-v5_seed958,ca878388-c102-443c-b8af-0a413301f3f9,7.399391721992288,0.00015872631112616507,2.145126176220518e-05,27.62340568761118,81.28455791234016,20.0,6.744284728756045e-05,0.00030811080204395935,4.1105521494480676e-05,0.0004166591708260007,0.0,Germany,DEU,baden-wurttemberg,,,Linux-7.0.0-31-generic-x86_64-with-glibc2.43,3.14.4,3.3.0,24,Intel(R) Core(TM) Ultra 9 285K,1,1 x NVIDIA GeForce RTX 5090,9.2986,48.7383,60.81615447998047,machine,0.0,0.0,0.0,0.0,N
gradient_updates_1,2026-09-19T06:38:10,tdmpc2_Ant-v5_seed958,ca878388-c102-443c-b8af-0a413301f3f9,10.867845287008095,0.00016063303429503456,1.4780553844912013e-05,28.208023171070653,82.67541176042218,20.0,8.23280750290728e-05,0.00027896272316985105,6.037355222773225e-05,0.000421664350426656,0.0,Germany,DEU,baden-wurttemberg,,,Linux-7.0.0-31-generic-x86_64-with-glibc2.43,3.14.4,3.3.0,24,Intel(R) Core(TM) Ultra 9 285K,1,1 x NVIDIA GeForce RTX 5090,9.2986,48.7383,60.81615447998047,machine,0.0,0.0,0.0,0.0,N
rollout_2,2026-09-19T06:38:18,tdmpc2_Ant-v5_seed958,ca878388-c102-443c-b8af-0a413301f3f9,7.347102319006808,0.00015819656965741563,2.1531851662201934e-05,28.19347787423394,90.12517835549293,20.0,6.890192401038525e-05,0.0003055516333301256,4.081503343889687e-05,0.0004152685907794079,0.0,Germany,DEU,baden-wurttemberg,,,Linux-7.0.0-31-generic-x86_64-with-glibc2.43,3.14.4,3.3.0,24,Intel(R) Core(TM) Ultra 9 285K,1,1 x NVIDIA GeForce RTX 5090,9.2986,48.7383,60.81615447998047,machine,0.0,0.0,0.0,0.0,N
gradient_updates_2,2026-09-19T06:38:28,tdmpc2_Ant-v5_seed958,ca878388-c102-443c-b8af-0a413301f3f9,10.908292590000201,0.0001615890157954888,1.481342075407001e-05,28.690174633985446,90.38659161963683,20.0,8.258152328738388e-05,0.0002809941136843186,6.059818057781532e-05,0.0004241738175495176,0.0,Germany,DEU,baden-wurttemberg,,,Linux-7.0.0-31-generic-x86_64-with-glibc2.43,3.14.4,3.3.0,24,Intel(R) Core(TM) Ultra 9 285K,1,1 x NVIDIA GeForce RTX 5090,9.2986,48.7383,60.81615447998047,machine,0.0,0.0,0.0,0.0,N
rollout_3,2026-09-19T06:38:36,tdmpc2_Ant-v5_seed958,ca878388-c102-443c-b8af-0a413301f3f9,7.362109451001743,0.00015892996167262427,2.1587589754140172e-05,28.631246238972402,95.8394952945208,20.0,6.8731602207453e-05,0.0003075558015996904,4.090635304447566e-05,0.0004171937568516193,0.0,Germany,DEU,baden-wurttemberg,,,Linux-7.0.0-31-generic-x86_64-with-glibc2.43,3.14.4,3.3.0,24,Intel(R) Core(TM) Ultra 9 285K,1,1 x NVIDIA GeForce RTX 5090,9.2986,48.7383,60.81615447998047,machine,0.0,0.0,0.0,0.0,N
gradient_updates_3,2026-09-19T06:38:46,tdmpc2_Ant-v5_seed958,ca878388-c102-443c-b8af-0a413301f3f9,9.729754775005858,0.0001507918860576855,1.5498032837135314e-05,29.017388006069556,95.8648672383955,20.0,8.194387638837952e-05,0.00025983631898007786,5.405097947780934e-05,0.00039583117484626694,0.0,Germany,DEU,baden-wurttemberg,,,Linux-7.0.0-31-generic-x86_64-with-glibc2.43,3.14.4,3.3.0,24,Intel(R) Core(TM) Ultra 9 285K,1,1 x NVIDIA GeForce RTX 5090,9.2986,48.7383,60.81615447998047,machine,0.0,0.0,0.0,0.0,N
rollout_4,2026-09-19T06:38:53,tdmpc2_Ant-v5_seed958,ca878388-c102-443c-b8af-0a413301f3f9,7.359398113010684,0.00015871429660980303,2.1566221215626824e-05,29.14213436610193,100.09685481765725,20.0,6.732020080056633e-05,0.00030842469118397275,4.0882740538897245e-05,0.00041662763252343655,0.0,Germany,DEU,baden-wurttemberg,,,Linux-7.0.0-31-generic-x86_64-with-glibc2.43,3.14.4,3.3.0,24,Intel(R) Core(TM) Ultra 9 285K,1,1 x NVIDIA GeForce RTX 5090,9.2986,48.7383,60.81615447998047,machine,0.0,0.0,0.0,0.0,N
gradient_updates_4,2026-09-19T06:39:02,tdmpc2_Ant-v5_seed958,ca878388-c102-443c-b8af-0a413301f3f9,9.472972406001645,0.00014836709757149336,1.5662161740443904e-05,29.40083214138532,99.85137432021887,20.0,8.249002154751828e-05,0.00025434909236832226,5.2626951372237996e-05,0.00038946606528807853,0.0,Germany,DEU,baden-wurttemberg,,,Linux-7.0.0-31-generic-x86_64-with-glibc2.43,3.14.4,3.3.0,24,Intel(R) Core(TM) Ultra 9 285K,1,1 x NVIDIA GeForce RTX 5090,9.2986,48.7383,60.81615447998047,machine,0.0,0.0,0.0,0.0,N
rollout_5,2026-09-19T06:39:10,tdmpc2_Ant-v5_seed958,ca878388-c102-443c-b8af-0a413301f3f9,7.350253667013021,0.00015916431132378213,2.165427767500637e-05,29.551039516932715,103.24693065368456,20.0,6.912795724676318e-05,0.00030784857961174694,4.083239167222111e-05,0.0004178089285307319,0.0,Germany,DEU,baden-wurttemberg,,,Linux-7.0.0-31-generic-x86_64-with-glibc2.43,3.14.4,3.3.0,24,Intel(R) Core(TM) Ultra 9 285K,1,1 x NVIDIA GeForce RTX 5090,9.2986,48.7383,60.81615447998047,machine,0.0,0.0,0.0,0.0,N
gradient_updates_5,2026-09-19T06:39:19,tdmpc2_Ant-v5_seed958,ca878388-c102-443c-b8af-0a413301f3f9,9.456935602996964,0.0001491521338055665,1.5771692485004416e-05,29.802479867503077,102.91505116243124,20.0,8.173352594232491e-05,0.00025725826136202556,5.253501097775173e-05,0.00039152679828210156,0.0,Germany,DEU,baden-wurttemberg,,,Linux-7.0.0-31-generic-x86_64-with-glibc2.43,3.14.4,3.3.0,24,Intel(R) Core(TM) Ultra 9 285K,1,1 x NVIDIA GeForce RTX 5090,9.2986,48.7383,60.81615447998047,machine,0.0,0.0,0.0,0.0,N
rollout_6,2026-09-19T06:39:27,tdmpc2_Ant-v5_seed958,ca878388-c102-443c-b8af-0a413301f3f9,7.335576248995494,0.00015795216698146711,2.1532365103421976e-05,29.898253445318634,105.67220251889373,20.0,6.8676281052088e-05,0.0003051999663821192,4.0750782311079186e-05,0.00041462702974528684,0.0,Germany,DEU,baden-wurttemberg,,,Linux-7.0.0-31-generic-x86_64-with-glibc2.43,3.14.4,3.3.0,24,Intel(R) Core(TM) Ultra 9 285K,1,1 x NVIDIA GeForce RTX 5090,9.2986,48.7383,60.81615447998047,machine,0.0,0.0,0.0,0.0,N
gradient_updates_6,2026-09-19T06:39:36,tdmpc2_Ant-v5_seed958,ca878388-c102-443c-b8af-0a413301f3f9,9.559366557994508,0.00014822276673093736,1.5505515669444728e-05,30.082032764258617,105.22998666818341,20.0,7.653125428050411e-05,0.00025945131867199933,5.3104621511172604e-05,0.00038908719446367583,0.0,Germany,DEU,baden-wurttemberg,,,Linux-7.0.0-31-generic-x86_64-with-glibc2.43,3.14.4,3.3.0,24,Intel(R) Core(TM) Ultra 9 285K,1,1 x NVIDIA GeForce RTX 5090,9.2986,48.7383,60.81615447998047,machine,0.0,0.0,0.0,0.0,N
rollout_7,2026-09-19T06:39:43,tdmpc2_Ant-v5_seed958,ca878388-c102-443c-b8af-0a413301f3f9,7.366252891995828,0.00015826568096061026,2.1485249685212378e-05,30.05296340149034,107.50761594724686,20.0,7.067873932072033e-05,0.00030385052085790676,4.092074890553097e-05,0.00041545000908415827,0.0,Germany,DEU,baden-wurttemberg,,,Linux-7.0.0-31-generic-x86_64-with-glibc2.43,3.14.4,3.3.0,24,Intel(R) Core(TM) Ultra 9 285K,1,1 x NVIDIA GeForce RTX 5090,9.2986,48.7383,60.81615447998047,machine,0.0,0.0,0.0,0.0,N
gradient_updates_7,2026-09-19T06:39:53,tdmpc2_Ant-v5_seed958,ca878388-c102-443c-b8af-0a413301f3f9,9.623229104996426,0.00014887974437295627,1.547088452458675e-05,30.2449824014869,107.03393236352909,20.0,7.525682548318452e-05,0.0002620868763361095,5.346806973328868e-05,0.00039081177155258183,0.0,Germany,DEU,baden-wurttemberg,,,Linux-7.0.0-31-generic-x86_64-with-glibc2.43,3.14.4,3.3.0,24,Intel(R) Core(TM) Ultra 9 285K,1,1 x NVIDIA GeForce RTX 5090,9.2986,48.7383,60.81615447998047,machine,0.0,0.0,0.0,0.0,N
rollout_8,2026-09-19T06:40:00,tdmpc2_Ant-v5_seed958,ca878388-c102-443c-b8af-0a413301f3f9,7.361554030008847,0.0001571989165876607,2.135405450025611e-05,30.17320221313076,109.02718406872347,20.0,6.730370439847477e-05,0.00030445107689391904,4.08949538110593e-05,0.0004126497351034531,0.0,Germany,DEU,baden-wurttemberg,,,Linux-7.0.0-31-generic-x86_64-with-glibc2.43,3.14.4,3.3.0,24,Intel(R) Core(TM) Ultra 9 285K,1,1 x NVIDIA GeForce RTX 5090,9.2986,48.7383,60.81615447998047,machine,0.0,0.0,0.0,0.0,N
gradient_updates_8,2026-09-19T06:40:10,tdmpc2_Ant-v5_seed958,ca878388-c102-443c-b8af-0a413301f3f9,9.531199464006932,0.00014935911136655568,1.567056538530046e-05,30.28499419076338,108.52133732545481,20.0,7.994536840068983e-05,0.0002591771517859165,5.294759758883933e-05,0.0003920701177754452,0.0,Germany,DEU,baden-wurttemberg,,,Linux-7.0.0-31-generic-x86_64-with-glibc2.43,3.14.4,3.3.0,24,Intel(R) Core(TM) Ultra 9 285K,1,1 x NVIDIA GeForce RTX 5090,9.2986,48.7383,60.81615447998047,machine,0.0,0.0,0.0,0.0,N
rollout_9,2026-09-19T06:40:17,tdmpc2_Ant-v5_seed958,ca878388-c102-443c-b8af-0a413301f3f9,7.339591436990304,0.0001584080219929427,2.158268434241383e-05,30.305435659067463,110.29186903200323,20.0,7.079180663339263e-05,0.0003042588545181246,4.077299547781076e-05,0.00041582365662932823,0.0,Germany,DEU,baden-wurttemberg,,,Linux-7.0.0-31-generic-x86_64-with-glibc2.43,3.14.4,3.3.0,24,Intel(R) Core(TM) Ultra 9 285K,1,1 x NVIDIA GeForce RTX 5090,9.2986,48.7383,60.81615447998047,machine,0.0,0.0,0.0,0.0,N
gradient_updates_9,2026-09-19T06:40:27,tdmpc2_Ant-v5_seed958,ca878388-c102-443c-b8af-0a413301f3f9,9.535963614995126,0.00014856088985901184,1.5578986360431282e-05,30.471701398239585,109.72481494660394,20.0,8.091333334172418e-05,0.0002560871493137995,5.297429056671621e-05,0.00038997477322223924,0.0,Germany,DEU,baden-wurttemberg,,,Linux-7.0.0-31-generic-x86_64-with-glibc2.43,3.14.4,3.3.0,24,Intel(R) Core(TM) Ultra 9 285K,1,1 x NVIDIA GeForce RTX 5090,9.2986,48.7383,60.81615447998047,machine,0.0,0.0,0.0,0.0,N
rollout_10,2026-09-19T06:40:34,tdmpc2_Ant-v5_seed958,ca878388-c102-443c-b8af-0a413301f3f9,7.380646655001328,0.00015954217377801925,2.161629290874844e-05,30.49341980005587,111.33324232861838,20.0,7.041718716704198e-05,0.0003073821903498697,4.100144615553692e-05,0.0004188008236724484,0.0,Germany,DEU,baden-wurttemberg,,,Linux-7.0.0-31-generic-x86_64-with-glibc2.43,3.14.4,3.3.0,24,Intel(R) Core(TM) Ultra 9 285K,1,1 x NVIDIA GeForce RTX 5090,9.2986,48.7383,60.81615447998047,machine,0.0,0.0,0.0,0.0,N
gradient_updates_10,2026-09-19T06:40:45,tdmpc2_Ant-v5_seed958,ca878388-c102-443c-b8af-0a413301f3f9,10.33441429999948,0.00015612335205765927,1.5107147838733967e-05,30.61925146842609,110.69433388862714,20.0,8.051326552167143e-05,0.00027190271752219886,5.741037752223844e-05,0.0004098263605661085,0.0,Germany,DEU,baden-wurttemberg,,,Linux-7.0.0-31-generic-x86_64-with-glibc2.43,3.14.4,3.3.0,24,Intel(R) Core(TM) Ultra 9 285K,1,1 x NVIDIA GeForce RTX 5090,9.2986,48.7383,60.81615447998047,machine,0.0,0.0,0.0,0.0,N
rollout_11,2026-09-19T06:40:52,tdmpc2_Ant-v5_seed958,ca878388-c102-443c-b8af-0a413301f3f9,7.343945238011656,0.00015780095975960647,2.1487229398334678e-05,30.550936769980236,112.11841789131692,20.0,6.919299340989865e-05,0.00030423968783610533,4.079742706113989e-05,0.0004142301083071443,0.0,Germany,DEU,baden-wurttemberg,,,Linux-7.0.0-31-generic-x86_64-with-glibc2.43,3.14.4,3.3.0,24,Intel(R) Core(TM) Ultra 9 285K,1,1 x NVIDIA GeForce RTX 5090,9.2986,48.7383,60.81615447998047,machine,0.0,0.0,0.0,0.0,N
gradient_updates_11,2026-09-19T06:41:03,tdmpc2_Ant-v5_seed958,ca878388-c102-443c-b8af-0a413301f3f9,10.935018718009815,0.00016142668667261557,1.4762371199761216e-05,30.649768296474324,111.40319177204636,20.0,8.328039134648108e-05,0.0002797199459978472,6.074736359441878e-05,0.00042374770093874664,0.0,Germany,DEU,baden-wurttemberg,,,Linux-7.0.0-31-generic-x86_64-with-glibc2.43,3.14.4,3.3.0,24,Intel(R) Core(TM) Ultra 9 285K,1,1 x NVIDIA GeForce RTX 5090,9.2986,48.7383,60.81615447998047,machine,0.0,0.0,0.0,0.0,N
rollout_12,2026-09-19T06:41:10,tdmpc2_Ant-v5_seed958,ca878388-c102-443c-b8af-0a413301f3f9,7.355713996003033,0.00015830170228269685,2.1520922270941695e-05,30.563692383985813,112.73516884624608,20.0,6.814737840674101e-05,0.0003065346896722332,4.0862497566639816e-05,0.000415544565645614,0.0,Germany,DEU,baden-wurttemberg,,,Linux-7.0.0-31-generic-x86_64-with-glibc2.43,3.14.4,3.3.0,24,Intel(R) Core(TM) Ultra 9 285K,1,1 x NVIDIA GeForce RTX 5090,9.2986,48.7383,60.81615447998047,machine,0.0,0.0,0.0,0.0,N
gradient_updates_12,2026-09-19T06:41:21,tdmpc2_Ant-v5_seed958,ca878388-c102-443c-b8af-0a413301f3f9,10.901257782999892,0.00016041230830311868,1.471504153763635e-05,30.637577667696082,112.04100101766285,20.0,8.222774022657864e-05,0.0002782988337499681,6.0558367100020574e-05,0.00042108494107656776,0.0,Germany,DEU,baden-wurttemberg,,,Linux-7.0.0-31-generic-x86_64-with-glibc2.43,3.14.4,3.3.0,24,Intel(R) Core(TM) Ultra 9 285K,1,1 x NVIDIA GeForce RTX 5090,9.2986,48.7383,60.81615447998047,machine,0.0,0.0,0.0,0.0,N
rollout_13,2026-09-19T06:41:29,tdmpc2_Ant-v5_seed958,ca878388-c102-443c-b8af-0a413301f3f9,7.37539755499165,0.0001585391859645277,2.149571739791969e-05,30.550709068069303,113.25351754726549,20.0,6.86630565970639e-05,0.00030653302300409635,4.097188460550072e-05,0.00041616796420666097,0.0,Germany,DEU,baden-wurttemberg,,,Linux-7.0.0-31-generic-x86_64-with-glibc2.43,3.14.4,3.3.0,24,Intel(R) Core(TM) Ultra 9 285K,1,1 x NVIDIA GeForce RTX 5090,9.2986,48.7383,60.81615447998047,machine,0.0,0.0,0.0,0.0,N
gradient_updates_13,2026-09-19T06:41:39,tdmpc2_Ant-v5_seed958,ca878388-c102-443c-b8af-0a413301f3f9,10.93392079800833,0.00016046168272528492,1.467556201130693e-05,30.62509542228025,112.57382619379685,20.0,8.256916355527805e-05,0.0002779041112117575,6.074127497777233e-05,0.0004212145497448083,0.0,Germany,DEU,baden-wurttemberg,,,Linux-7.0.0-31-generic-x86_64-with-glibc2.43,3.14.4,3.3.0,24,Intel(R) Core(TM) Ultra 9 285K,1,1 x NVIDIA GeForce RTX 5090,9.2986,48.7383,60.81615447998047,machine,0.0,0.0,0.0,0.0,N
rollout_14,2026-09-19T06:41:47,tdmpc2_Ant-v5_seed958,ca878388-c102-443c-b8af-0a413301f3f9,7.354955842005438,0.000158107714636287,2.149677805710196e-05,30.544061582323653,113.70196593184431,20.0,6.813766367675528e-05,0.0003060391337199597,4.0858547494442964e-05,0.0004150353448911584,0.0,Germany,DEU,baden-wurttemberg,,,Linux-7.0.0-31-generic-x86_64-with-glibc2.43,3.14.4,3.3.0,24,Intel(R) Core(TM) Ultra 9 285K,1,1 x NVIDIA GeForce RTX 5090,9.2986,48.7383,60.81615447998047,machine,0.0,0.0,0.0,0.0,N
gradient_updates_14,2026-09-19T06:41:58,tdmpc2_Ant-v5_seed958,ca878388-c102-443c-b8af-0a413301f3f9,11.044636110003921,0.00015769194413268583,1.4277701090958135e-05,30.60307306336806,113.03665263521653,20.0,7.316725686708908e-05,0.0002794207790919323,6.135590453890897e-05,0.0004139439404979295,0.0,Germany,DEU,baden-wurttemberg,,,Linux-7.0.0-31-generic-x86_64-with-glibc2.43,3.14.4,3.3.0,24,Intel(R) Core(TM) Ultra 9 285K,1,1 x NVIDIA GeForce RTX 5090,9.2986,48.7383,60.81615447998047,machine,0.0,0.0,0.0,0.0,N
rollout_15,2026-09-19T06:42:05,tdmpc2_Ant-v5_seed958,ca878388-c102-443c-b8af-0a413301f3f9,7.359875883004861,0.00015803824414114143,2.147297105094645e-05,30.443903665205106,114.08064369871956,20.0,6.818923816245825e-05,0.0003057783001780834,4.0885445361103084e-05,0.0004148529837016447,0.0,Germany,DEU,baden-wurttemberg,,,Linux-7.0.0-31-generic-x86_64-with-glibc2.43,3.14.4,3.3.0,24,Intel(R) Core(TM) Ultra 9 285K,1,1 x NVIDIA GeForce RTX 5090,9.2986,48.7383,60.81615447998047,machine,0.0,0.0,0.0,0.0,N
gradient_updates_15,2026-09-19T06:42:16,tdmpc2_Ant-v5_seed958,ca878388-c102-443c-b8af-0a413301f3f9,10.957307756994851,0.0001620332623323865,1.4787703200393801e-05,30.512490324589262,113.44371170493194,20.0,8.704589796999784e-05,0.0002774235552718274,6.087051875551357e-05,0.0004253399719973405,0.0,Germany,DEU,baden-wurttemberg,,,Linux-7.0.0-31-generic-x86_64-with-glibc2.43,3.14.4,3.3.0,24,Intel(R) Core(TM) Ultra 9 285K,1,1 x NVIDIA GeForce RTX 5090,9.2986,48.7383,60.81615447998047,machine,0.0,0.0,0.0,0.0,N
rollout_16,2026-09-19T06:42:24,tdmpc2_Ant-v5_seed958,ca878388-c102-443c-b8af-0a413301f3f9,7.384882933998597,0.0001687866763553439,2.2855706017468142e-05,30.527494930089972,114.36679714351229,20.0,9.928432387185104e-05,0.00030275913109578667,4.1024339638857585e-05,0.00044306779460649356,0.0,Germany,DEU,baden-wurttemberg,,,Linux-7.0.0-31-generic-x86_64-with-glibc2.43,3.14.4,3.3.0,24,Intel(R) Core(TM) Ultra 9 285K,1,1 x NVIDIA GeForce RTX 5090,9.2986,48.7383,60.81615447998047,machine,0.0,0.0,0.0,0.0,N
gradient_updates_16,2026-09-19T06:42:34,tdmpc2_Ant-v5_seed958,ca878388-c102-443c-b8af-0a413301f3f9,10.910054580002907,0.00016095031681395526,1.475249061567185e-05,30.946967728607056,113.78165539484696,20.0,8.268872420648388e-05,0.0002791999455822314,6.0608552455555884e-05,0.00042249722224427244,0.0,Germany,DEU,baden-wurttemberg,,,Linux-7.0.0-31-generic-x86_64-with-glibc2.43,3.14.4,3.3.0,24,Intel(R) Core(TM) Ultra 9 285K,1,1 x NVIDIA GeForce RTX 5090,9.2986,48.7383,60.81615447998047,machine,0.0,0.0,0.0,0.0,N
rollout_17,2026-09-19T06:42:42,tdmpc2_Ant-v5_seed958,ca878388-c102-443c-b8af-0a413301f3f9,7.370244753998122,0.00015747276461697875,2.1366029061689306e-05,30.873700072351884,114.66292474274458,20.0,6.913139891618486e-05,0.0003032938537459451,4.0943338011129385e-05,0.00041336859067326107,0.0,Germany,DEU,baden-wurttemberg,,,Linux-7.0.0-31-generic-x86_64-with-glibc2.43,3.14.4,3.3.0,24,Intel(R) Core(TM) Ultra 9 285K,1,1 x NVIDIA GeForce RTX 5090,9.2986,48.7383,60.81615447998047,machine,0.0,0.0,0.0,0.0,N
gradient_updates_17,2026-09-19T06:42:53,tdmpc2_Ant-v5_seed958,ca878388-c102-443c-b8af-0a413301f3f9,10.892493388004368,0.00016012858144074608,1.4700786090430642e-05,30.93013117439613,114.09796022999592,20.0,8.128446030529479e-05,0.0002785452228359908,6.051047026663179e-05,0.00042034015340791653,0.0,Germany,DEU,baden-wurttemberg,,,Linux-7.0.0-31-generic-x86_64-with-glibc2.43,3.14.4,3.3.0,24,Intel(R) Core(TM) Ultra 9 285K,1,1 x NVIDIA GeForce RTX 5090,9.2986,48.7383,60.81615447998047,machine,0.0,0.0,0.0,0.0,N
rollout_18,2026-09-19T06:43:00,tdmpc2_Ant-v5_seed958,ca878388-c102-443c-b8af-0a413301f3f9,7.348552903000382,0.00015812554510464573,2.151792836054656e-05,30.851094169504467,114.96991666334046,20.0,6.839655388386073e-05,0.0003058630224681558,4.08225738111165e-05,0.0004150821501631326,0.0,Germany,DEU,baden-wurttemberg,,,Linux-7.0.0-31-generic-x86_64-with-glibc2.43,3.14.4,3.3.0,24,Intel(R) Core(TM) Ultra 9 285K,1,1 x NVIDIA GeForce RTX 5090,9.2986,48.7383,60.81615447998047,machine,0.0,0.0,0.0,0.0,N
gradient_updates_18,2026-09-19T06:43:11,tdmpc2_Ant-v5_seed958,ca878388-c102-443c-b8af-0a413301f3f9,11.009908872001688,0.00015806653782819528,1.4356764560549317e-05,30.896221954363053,114.40371930199895,20.0,7.488893685554665e-05,0.0002788749453221939,6.116337291661895e-05,0.0004149272550943578,0.0,Germany,DEU,baden-wurttemberg,,,Linux-7.0.0-31-generic-x86_64-with-glibc2.43,3.14.4,3.3.0,24,Intel(R) Core(TM) Ultra 9 285K,1,1 x NVIDIA GeForce RTX 5090,9.2986,48.7383,60.81615447998047,machine,0.0,0.0,0.0,0.0,N
rollout_19,2026-09-19T06:43:18,tdmpc2_Ant-v5_seed958,ca878388-c102-443c-b8af-0a413301f3f9,7.337567153997952,0.00015674423482913563,2.136188949147402e-05,30.772775800980067,115.1977274037236,20.0,6.79443179665215e-05,0.0003027505199777458,4.0761350083387896e-05,0.00041145618802765696,0.0,Germany,DEU,baden-wurttemberg,,,Linux-7.0.0-31-generic-x86_64-with-glibc2.43,3.14.4,3.3.0,24,Intel(R) Core(TM) Ultra 9 285K,1,1 x NVIDIA GeForce RTX 5090,9.2986,48.7383,60.81615447998047,machine,0.0,0.0,0.0,0.0,N
gradient_updates_19,2026-09-19T06:43:29,tdmpc2_Ant-v5_seed958,ca878388-c102-443c-b8af-0a413301f3f9,11.040668151996215,0.00015836128683428732,1.4343465538829178e-05,30.81240475774985,114.66907987514686,20.0,7.242188321524012e-05,0.0002819452255558019,6.133386730006228e-05,0.0004157009760711039,0.0,Germany,DEU,baden-wurttemberg,,,Linux-7.0.0-31-generic-x86_64-with-glibc2.43,3.14.4,3.3.0,24,Intel(R) Core(TM) Ultra 9 285K,1,1 x NVIDIA GeForce RTX 5090,9.2986,48.7383,60.81615447998047,machine,0.0,0.0,0.0,0.0,N
rollout_20,2026-09-19T06:43:37,tdmpc2_Ant-v5_seed958,ca878388-c102-443c-b8af-0a413301f3f9,7.389920756002539,0.00015933425737401155,2.156103054969486e-05,30.682723973207644,115.43666085747248,20.0,7.092708396384123e-05,0.0003062755227980496,4.105243293888632e-05,0.0004182550397007767,0.0,Germany,DEU,baden-wurttemberg,,,Linux-7.0.0-31-generic-x86_64-with-glibc2.43,3.14.4,3.3.0,24,Intel(R) Core(TM) Ultra 9 285K,1,1 x NVIDIA GeForce RTX 5090,9.2986,48.7383,60.81615447998047,machine,0.0,0.0,0.0,0.0,N
gradient_updates_20,2026-09-19T06:43:48,tdmpc2_Ant-v5_seed958,ca878388-c102-443c-b8af-0a413301f3f9,11.005848935994436,0.00015835431415265298,1.4388198713737727e-05,30.749034383898586,114.90856515843865,20.0,7.591040906160251e-05,0.0002786318895724449,6.114037403337231e-05,0.00041568267266741885,0.0,Germany,DEU,baden-wurttemberg,,,Linux-7.0.0-31-generic-x86_64-with-glibc2.43,3.14.4,3.3.0,24,Intel(R) Core(TM) Ultra 9 285K,1,1 x NVIDIA GeForce RTX 5090,9.2986,48.7383,60.81615447998047,machine,0.0,0.0,0.0,0.0,N
rollout_21,2026-09-19T06:43:55,tdmpc2_Ant-v5_seed958,ca878388-c102-443c-b8af-0a413301f3f9,7.3446762500097975,0.00015688136716788224,2.1359876846320985e-05,30.646375697078128,115.61771410806175,20.0,6.859578237658481e-05,0.0003024191308234059,4.080124946671685e-05,0.00041181616266670884,0.0,Germany,DEU,baden-wurttemberg,,,Linux-7.0.0-31-generic-x86_64-with-glibc2.43,3.14.4,3.3.0,24,Intel(R) Core(TM) Ultra 9 285K,1,1 x NVIDIA GeForce RTX 5090,9.2986,48.7383,60.81615447998047,machine,0.0,0.0,0.0,0.0,N
gradient_updates_21,2026-09-19T06:44:06,tdmpc2_Ant-v5_seed958,ca878388-c102-443c-b8af-0a413301f3f9,10.903504870992037,0.00016028513767202615,1.4700307567614784e-05,30.695844913330273,115.1219932942128,20.0,8.209044511674896e-05,0.0002780905002501832,6.057017071660906e-05,0.00042075111608354254,0.0,Germany,DEU,baden-wurttemberg,,,Linux-7.0.0-31-generic-x86_64-with-glibc2.43,3.14.4,3.3.0,24,Intel(R) Core(TM) Ultra 9 285K,1,1 x NVIDIA GeForce RTX 5090,9.2986,48.7383,60.81615447998047,machine,0.0,0.0,0.0,0.0,N
rollout_22,2026-09-19T06:44:14,tdmpc2_Ant-v5_seed958,ca878388-c102-443c-b8af-0a413301f3f9,7.357030960993143,0.0001581293312261766,2.149365080368117e-05,30.639419696886126,115.82078396774608,20.0,6.899856297658963e-05,0.00030522385528986007,4.0869670527818834e-05,0.0004150920887942694,0.0,Germany,DEU,baden-wurttemberg,,,Linux-7.0.0-31-generic-x86_64-with-glibc2.43,3.14.4,3.3.0,24,Intel(R) Core(TM) Ultra 9 285K,1,1 x NVIDIA GeForce RTX 5090,9.2986,48.7383,60.81615447998047,machine,0.0,0.0,0.0,0.0,N
gradient_updates_22,2026-09-19T06:44:24,tdmpc2_Ant-v5_seed958,ca878388-c102-443c-b8af-0a413301f3f9,10.90530519800086,0.0001591699291053853,1.4595649653778318e-05,30.689385540479066,115.3234142922237,20.0,8.173767983454122e-05,0.0002755043870705798,6.0581608394487656e-05,0.0004178236752996091,0.0,Germany,DEU,baden-wurttemberg,,,Linux-7.0.0-31-generic-x86_64-with-glibc2.43,3.14.4,3.3.0,24,Intel(R) Core(TM) Ultra 9 285K,1,1 x NVIDIA GeForce RTX 5090,9.2986,48.7383,60.81615447998047,machine,0.0,0.0,0.0,0.0,N
rollout_23,2026-09-19T06:44:32,tdmpc2_Ant-v5_seed958,ca878388-c102-443c-b8af-0a413301f3f9,7.329821578998235,0.00015668894407890738,2.137693395291037e-05,30.63328637541079,115.96865860308597,20.0,6.879916503928912e-05,0.00030179301921196,4.071886464993837e-05,0.0004113110489011862,0.0,Germany,DEU,baden-wurttemberg,,,Linux-7.0.0-31-generic-x86_64-with-glibc2.43,3.14.4,3.3.0,24,Intel(R) Core(TM) Ultra 9 285K,1,1 x NVIDIA GeForce RTX 5090,9.2986,48.7383,60.81615447998047,machine,0.0,0.0,0.0,0.0,N
gradient_updates_23,2026-09-19T06:44:43,tdmpc2_Ant-v5_seed958,ca878388-c102-443c-b8af-0a413301f3f9,10.978951776996837,0.00016091594014811667,1.4656779150750461e-05,30.68290256810869,115.48795788647877,20.0,8.398943219149052e-05,0.0002774266108298562,6.0990939911102424e-05,0.0004224069829324509,0.0,Germany,DEU,baden-wurttemberg,,,Linux-7.0.0-31-generic-x86_64-with-glibc2.43,3.14.4,3.3.0,24,Intel(R) Core(TM) Ultra 9 285K,1,1 x NVIDIA GeForce RTX 5090,9.2986,48.7383,60.81615447998047,machine,0.0,0.0,0.0,0.0,N
rollout_24,2026-09-19T06:44:50,tdmpc2_Ant-v5_seed958,ca878388-c102-443c-b8af-0a413301f3f9,7.3525821970106335,0.00015760821915513507,2.1435763919777385e-05,30.637131790613847,116.1251164229777,20.0,6.805129888543676e-05,0.0003048274660839567,4.084539608884387e-05,0.0004137241610582369,0.0,Germany,DEU,baden-wurttemberg,,,Linux-7.0.0-31-generic-x86_64-with-glibc2.43,3.14.4,3.3.0,24,Intel(R) Core(TM) Ultra 9 285K,1,1 x NVIDIA GeForce RTX 5090,9.2986,48.7383,60.81615447998047,machine,0.0,0.0,0.0,0.0,N
gradient_updates_24,2026-09-19T06:45:01,tdmpc2_Ant-v5_seed958,ca878388-c102-443c-b8af-0a413301f3f9,10.942168195004342,0.0001595077445433659,1.4577354773126691e-05,30.67657986361868,115.64905838993324,20.0,8.3112070378491e-05,0.00027481188651590216,6.078648947222985e-05,0.00041871044636662344,0.0,Germany,DEU,baden-wurttemberg,,,Linux-7.0.0-31-generic-x86_64-with-glibc2.43,3.14.4,3.3.0,24,Intel(R) Core(TM) Ultra 9 285K,1,1 x NVIDIA GeForce RTX 5090,9.2986,48.7383,60.81615447998047,machine,0.0,0.0,0.0,0.0,N
rollout_25,2026-09-19T06:45:08,tdmpc2_Ant-v5_seed958,ca878388-c102-443c-b8af-0a413301f3f9,7.356577327998821,0.0001585492534375843,2.1552047240568468e-05,30.631511945864354,116.26373388429614,20.0,6.992551566259442e-05,0.00030540107765375524,4.086779817225744e-05,0.0004161943914886071,0.0,Germany,DEU,baden-wurttemberg,,,Linux-7.0.0-31-generic-x86_64-with-glibc2.43,3.14.4,3.3.0,24,Intel(R) Core(TM) Ultra 9 285K,1,1 x NVIDIA GeForce RTX 5090,9.2986,48.7383,60.81615447998047,machine,0.0,0.0,0.0,0.0,N
gradient_updates_25,2026-09-19T06:45:19,tdmpc2_Ant-v5_seed958,ca878388-c102-443c-b8af-0a413301f3f9,10.990314494003542,0.0001586354298637859,1.4434089525056482e-05,30.681210416591515,115.81138904508954,20.0,7.777606416523725e-05,0.0002775907776282338,6.105376422775501e-05,0.00041642060602122694,0.0,Germany,DEU,baden-wurttemberg,,,Linux-7.0.0-31-generic-x86_64-with-glibc2.43,3.14.4,3.3.0,24,Intel(R) Core(TM) Ultra 9 285K,1,1 x NVIDIA GeForce RTX 5090,9.2986,48.7383,60.81615447998047,machine,0.0,0.0,0.0,0.0,N
rollout_26,2026-09-19T06:45:27,tdmpc2_Ant-v5_seed958,ca878388-c102-443c-b8af-0a413301f3f9,7.3541849220055155,0.00015687476869949944,2.133137776285987e-05,30.607716018577754,116.37532651068891,20.0,6.872473609085411e-05,0.0003022216306658443,4.085247482224887e-05,0.00041179884157894683,0.0,Germany,DEU,baden-wurttemberg,,,Linux-7.0.0-31-generic-x86_64-with-glibc2.43,3.14.4,3.3.0,24,Intel(R) Core(TM) Ultra 9 285K,1,1 x NVIDIA GeForce RTX 5090,9.2986,48.7383,60.81615447998047,machine,0.0,0.0,0.0,0.0,N
gradient_updates_26,2026-09-19T06:45:38,tdmpc2_Ant-v5_seed958,ca878388-c102-443c-b8af-0a413301f3f9,10.989845696996781,0.00015958883744076474,1.4521491914244038e-05,30.64803432285578,115.94036625310909,20.0,7.96330384285962e-05,0.0002782385559241263,6.105172220001497e-05,0.000418923316552737,0.0,Germany,DEU,baden-wurttemberg,,,Linux-7.0.0-31-generic-x86_64-with-glibc2.43,3.14.4,3.3.0,24,Intel(R) Core(TM) Ultra 9 285K,1,1 x NVIDIA GeForce RTX 5090,9.2986,48.7383,60.81615447998047,machine,0.0,0.0,0.0,0.0,N
rollout_27,2026-09-19T06:45:45,tdmpc2_Ant-v5_seed958,ca878388-c102-443c-b8af-0a413301f3f9,7.364280790003249,0.0001574849577709158,2.1384993306928396e-05,30.585828987788403,116.49824605706254,20.0,6.804973916196833e-05,0.00030444635466819747,4.090450407222496e-05,0.00041340059790239206,0.0,Germany,DEU,baden-wurttemberg,,,Linux-7.0.0-31-generic-x86_64-with-glibc2.43,3.14.4,3.3.0,24,Intel(R) Core(TM) Ultra 9 285K,1,1 x NVIDIA GeForce RTX 5090,9.2986,48.7383,60.81615447998047,machine,0.0,0.0,0.0,0.0,N
gradient_updates_27,2026-09-19T06:45:56,tdmpc2_Ant-v5_seed958,ca878388-c102-443c-b8af-0a413301f3f9,10.942888270990807,0.00015972384680789688,1.4596142361809096e-05,30.62123612585607,116.06809107923331,20.0,8.283371654470295e-05,0.00027565355385616996,6.079044795559516e-05,0.0004192777183564672,0.0,Germany,DEU,baden-wurttemberg,,,Linux-7.0.0-31-generic-x86_64-with-glibc2.43,3.14.4,3.3.0,24,Intel(R) Core(TM) Ultra 9 285K,1,1 x NVIDIA GeForce RTX 5090,9.2986,48.7383,60.81615447998047,machine,0.0,0.0,0.0,0.0,N
rollout_28,2026-09-19T06:46:03,tdmpc2_Ant-v5_seed958,ca878388-c102-443c-b8af-0a413301f3f9,7.35205130999384,0.00015793754373587786,2.1482117571223423e-05,30.57891137606624,116.6147097144721,20.0,6.86273001795773e-05,0.000305119132983922,4.0842210322201197e-05,0.0004145886434856992,0.0,Germany,DEU,baden-wurttemberg,,,Linux-7.0.0-31-generic-x86_64-with-glibc2.43,3.14.4,3.3.0,24,Intel(R) Core(TM) Ultra 9 285K,1,1 x NVIDIA GeForce RTX 5090,9.2986,48.7383,60.81615447998047,machine,0.0,0.0,0.0,0.0,N
gradient_updates_28,2026-09-19T06:46:14,tdmpc2_Ant-v5_seed958,ca878388-c102-443c-b8af-0a413301f3f9,10.923235662994557,0.00016034801754081368,1.467954574290179e-05,30.61867890780636,116.20449199147626,20.0,8.358270131054307e-05,0.00027665216576577834,6.068130969441761e-05,0.00042091617677074075,0.0,Germany,DEU,baden-wurttemberg,,,Linux-7.0.0-31-generic-x86_64-with-glibc2.43,3.14.4,3.3.0,24,Intel(R) Core(TM) Ultra 9 285K,1,1 x NVIDIA GeForce RTX 5090,9.2986,48.7383,60.81615447998047,machine,0.0,0.0,0.0,0.0,N
rollout_29,2026-09-19T06:46:22,tdmpc2_Ant-v5_seed958,ca878388-c102-443c-b8af-0a413301f3f9,7.350449819001369,0.0001586517692446568,2.15839815442059e-05,30.582939389385867,116.7385096543762,20.0,6.973681578940905e-05,0.0003058991336080119,4.082754776665951e-05,0.0004164634971640796,0.0,Germany,DEU,baden-wurttemberg,,,Linux-7.0.0-31-generic-x86_64-with-glibc2.43,3.14.4,3.3.0,24,Intel(R) Core(TM) Ultra 9 285K,1,1 x NVIDIA GeForce RTX 5090,9.2986,48.7383,60.81615447998047,machine,0.0,0.0,0.0,0.0,N
gradient_updates_29,2026-09-19T06:46:33,tdmpc2_Ant-v5_seed958,ca878388-c102-443c-b8af-0a413301f3f9,10.929459562990814,0.00015964001566396747,1.4606372704248744e-05,30.62857254498498,116.3355168397023,20.0,8.224157495988205e-05,0.00027609994310173747,6.071614216667095e-05,0.00041905766022828916,0.0,Germany,DEU,baden-wurttemberg,,,Linux-7.0.0-31-generic-x86_64-with-glibc2.43,3.14.4,3.3.0,24,Intel(R) Core(TM) Ultra 9 285K,1,1 x NVIDIA GeForce RTX 5090,9.2986,48.7383,60.81615447998047,machine,0.0,0.0,0.0,0.0,N
rollout_30,2026-09-19T06:46:40,tdmpc2_Ant-v5_seed958,ca878388-c102-443c-b8af-0a413301f3f9,7.3941908679989865,0.00015878795817887183,2.1474698562573545e-05,30.58760362061599,116.83497177902652,20.0,7.01317972165022e-05,0.0003056127444898138,4.107645364444289e-05,0.00041682099535075845,0.0,Germany,DEU,baden-wurttemberg,,,Linux-7.0.0-31-generic-x86_64-with-glibc2.43,3.14.4,3.3.0,24,Intel(R) Core(TM) Ultra 9 285K,1,1 x NVIDIA GeForce RTX 5090,9.2986,48.7383,60.81615447998047,machine,0.0,0.0,0.0,0.0,N
gradient_updates_30,2026-09-19T06:46:51,tdmpc2_Ant-v5_seed958,ca878388-c102-443c-b8af-0a413301f3f9,10.936378817001241,0.00016025772833463438,1.4653653299259286e-05,30.632216868119475,116.443264740963,20.0,8.354509683602268e-05,0.0002763799433260772,6.075412596110276e-05,0.0004206791661232022,0.0,Germany,DEU,baden-wurttemberg,,,Linux-7.0.0-31-generic-x86_64-with-glibc2.43,3.14.4,3.3.0,24,Intel(R) Core(TM) Ultra 9 285K,1,1 x NVIDIA GeForce RTX 5090,9.2986,48.7383,60.81615447998047,machine,0.0,0.0,0.0,0.0,N
rollout_31,2026-09-19T06:46:58,tdmpc2_Ant-v5_seed958,ca878388-c102-443c-b8af-0a413301f3f9,7.338169045993709,0.0001580845844183828,2.1542789900175167e-05,30.59748045033603,116.93831588609903,20.0,6.925355373612468e-05,0.00030495524396467744,4.076582998887787e-05,0.00041497462768968,0.0,Germany,DEU,baden-wurttemberg,,,Linux-7.0.0-31-generic-x86_64-with-glibc2.43,3.14.4,3.3.0,24,Intel(R) Core(TM) Ultra 9 285K,1,1 x NVIDIA GeForce RTX 5090,9.2986,48.7383,60.81615447998047,machine,0.0,0.0,0.0,0.0,N
gradient_updates_31,2026-09-19T06:47:09,tdmpc2_Ant-v5_seed958,ca878388-c102-443c-b8af-0a413301f3f9,10.969717378000496,0.00015896989863437537,1.4491719160000623e-05,30.637210922829954,116.5467491741528,20.0,8.117885299858962e-05,0.0002751802201439446,6.093951888890177e-05,0.00041729859203143427,0.0,Germany,DEU,baden-wurttemberg,,,Linux-7.0.0-31-generic-x86_64-with-glibc2.43,3.14.4,3.3.0,24,Intel(R) Core(TM) Ultra 9 285K,1,1 x NVIDIA GeForce RTX 5090,9.2986,48.7383,60.81615447998047,machine,0.0,0.0,0.0,0.0,N
rollout_32,2026-09-19T06:47:17,tdmpc2_Ant-v5_seed958,ca878388-c102-443c-b8af-0a413301f3f9,7.340896789988619,0.00015812331208194148,2.1540066599903998e-05,30.592356314797836,117.02679450052078,20.0,6.91141564023931e-05,0.00030518191081174706,4.078022122775988e-05,0.00041507628844189917,0.0,Germany,DEU,baden-wurttemberg,,,Linux-7.0.0-31-generic-x86_64-with-glibc2.43,3.14.4,3.3.0,24,Intel(R) Core(TM) Ultra 9 285K,1,1 x NVIDIA GeForce RTX 5090,9.2986,48.7383,60.81615447998047,machine,0.0,0.0,0.0,0.0,N
gradient_updates_32,2026-09-19T06:47:28,tdmpc2_Ant-v5_seed958,ca878388-c102-443c-b8af-0a413301f3f9,11.027834893000545,0.00015809563959263452,1.4336069916664842e-05,30.628598434088183,116.65008140388494,20.0,7.60462461147221e-05,0.00027769494437768216,6.126245721105924e-05,0.0004150036477034644,0.0,Germany,DEU,baden-wurttemberg,,,Linux-7.0.0-31-generic-x86_64-with-glibc2.43,3.14.4,3.3.0,24,Intel(R) Core(TM) Ultra 9 285K,1,1 x NVIDIA GeForce RTX 5090,9.2986,48.7383,60.81615447998047,machine,0.0,0.0,0.0,0.0,N
rollout_33,2026-09-19T06:47:35,tdmpc2_Ant-v5_seed958,ca878388-c102-443c-b8af-0a413301f3f9,7.373345397994854,0.00015688770439397683,2.127768330359204e-05,30.560140822121436,117.10085828488799,20.0,6.63855844973138e-05,0.00030448274358629845,4.096446990556075e-05,0.0004118327979891756,0.0,Germany,DEU,baden-wurttemberg,,,Linux-7.0.0-31-generic-x86_64-with-glibc2.43,3.14.4,3.3.0,24,Intel(R) Core(TM) Ultra 9 285K,1,1 x NVIDIA GeForce RTX 5090,9.2986,48.7383,60.81615447998047,machine,0.0,0.0,0.0,0.0,N
gradient_updates_33,2026-09-19T06:47:46,tdmpc2_Ant-v5_seed958,ca878388-c102-443c-b8af-0a413301f3f9,11.038490988008562,0.00015746722580815657,1.4265269178379161e-05,30.576336951431763,116.73141572941702,20.0,7.454685213743872e-05,0.00027748549976625014,6.132169930553755e-05,0.000413354051209229,0.0,Germany,DEU,baden-wurttemberg,,,Linux-7.0.0-31-generic-x86_64-with-glibc2.43,3.14.4,3.3.0,24,Intel(R) Core(TM) Ultra 9 285K,1,1 x NVIDIA GeForce RTX 5090,9.2986,48.7383,60.81615447998047,machine,0.0,0.0,0.0,0.0,N
rollout_34,2026-09-19T06:47:53,tdmpc2_Ant-v5_seed958,ca878388-c102-443c-b8af-0a413301f3f9,7.369536679994781,0.00015739903145157823,2.1358097427826438e-05,30.505253705479074,117.17193653676271,20.0,6.745702118778757e-05,0.00030477829937769485,4.093971933891421e-05,0.000413175039904394,0.0,Germany,DEU,baden-wurttemberg,,,Linux-7.0.0-31-generic-x86_64-with-glibc2.43,3.14.4,3.3.0,24,Intel(R) Core(TM) Ultra 9 285K,1,1 x NVIDIA GeForce RTX 5090,9.2986,48.7383,60.81615447998047,machine,0.0,0.0,0.0,0.0,N
gradient_updates_34,2026-09-19T06:48:04,tdmpc2_Ant-v5_seed958,ca878388-c102-443c-b8af-0a413301f3f9,10.925366240000585,0.00015957095540216487,1.4605553909238087e-05,30.530875462236754,116.81888942941355,20.0,8.188809717709494e-05,0.00027629549881424964,6.06927799166844e-05,0.00041887637590803245,0.0,Germany,DEU,baden-wurttemberg,,,Linux-7.0.0-31-generic-x86_64-with-glibc2.43,3.14.4,3.3.0,24,Intel(R) Core(TM) Ultra 9 285K,1,1 x NVIDIA GeForce RTX 5090,9.2986,48.7383,60.81615447998047,machine,0.0,0.0,0.0,0.0,N
rollout_35,2026-09-19T06:48:12,tdmpc2_Ant-v5_seed958,ca878388-c102-443c-b8af-0a413301f3f9,7.349289235993638,0.00015772864977629288,2.1461764000827626e-05,30.494608553231405,117.25027220153342,20.0,6.86969819019903e-05,0.0003045163547237273,4.082695678888672e-05,0.0004140402934146026,0.0,Germany,DEU,baden-wurttemberg,,,Linux-7.0.0-31-generic-x86_64-with-glibc2.43,3.14.4,3.3.0,24,Intel(R) Core(TM) Ultra 9 285K,1,1 x NVIDIA GeForce RTX 5090,9.2986,48.7383,60.81615447998047,machine,0.0,0.0,0.0,0.0,N
gradient_updates_35,2026-09-19T06:48:23,tdmpc2_Ant-v5_seed958,ca878388-c102-443c-b8af-0a413301f3f9,10.931097723005223,0.00015921727934511097,1.4565544995855047e-05,30.528057943176602,116.90032838856523,20.0,8.197015529828877e-05,0.0002752527202019017,6.072509495554362e-05,0.0004179479704557315,0.0,Germany,DEU,baden-wurttemberg,,,Linux-7.0.0-31-generic-x86_64-with-glibc2.43,3.14.4,3.3.0,24,Intel(R) Core(TM) Ultra 9 285K,1,1 x NVIDIA GeForce RTX 5090,9.2986,48.7383,60.81615447998047,machine,0.0,0.0,0.0,0.0,N
rollout_36,2026-09-19T06:48:30,tdmpc2_Ant-v5_seed958,ca878388-c102-443c-b8af-0a413301f3f9,7.357928482990246,0.00015813801155204095,2.1492202025017382e-05,30.493840786330505,117.31579361791884,20.0,6.994179178673038e-05,0.0003042982989942544,4.0874784011086726e-05,0.00041511487479207326,0.0,Germany,DEU,baden-wurttemberg,,,Linux-7.0.0-31-generic-x86_64-with-glibc2.43,3.14.4,3.3.0,24,Intel(R) Core(TM) Ultra 9 285K,1,1 x NVIDIA GeForce RTX 5090,9.2986,48.7383,60.81615447998047,machine,0.0,0.0,0.0,0.0,N
gradient_updates_36,2026-09-19T06:48:41,tdmpc2_Ant-v5_seed958,ca878388-c102-443c-b8af-0a413301f3f9,10.951309908996336,0.00016002167993653393,1.4612112927336634e-05,30.53366569081103,116.97319471891467,20.0,8.364783914043689e-05,0.0002755743871261096,6.083730893895103e-05,0.0004200595352054984,0.0,Germany,DEU,baden-wurttemberg,,,Linux-7.0.0-31-generic-x86_64-with-glibc2.43,3.14.4,3.3.0,24,Intel(R) Core(TM) Ultra 9 285K,1,1 x NVIDIA GeForce RTX 5090,9.2986,48.7383,60.81615447998047,machine,0.0,0.0,0.0,0.0,N
rollout_37,2026-09-19T06:48:48,tdmpc2_Ant-v5_seed958,ca878388-c102-443c-b8af-0a413301f3f9,7.357002889999421,0.0001578341748753112,2.1453602992926315e-05,30.504970337513477,117.37891067113293,20.0,6.887044009631221e-05,0.00030457191032340347,4.0874948111094614e-05,0.00041431729853080856,0.0,Germany,DEU,baden-wurttemberg,,,Linux-7.0.0-31-generic-x86_64-with-glibc2.43,3.14.4,3.3.0,24,Intel(R) Core(TM) Ultra 9 285K,1,1 x NVIDIA GeForce RTX 5090,9.2986,48.7383,60.81615447998047,machine,0.0,0.0,0.0,0.0,N
gradient_updates_37,2026-09-19T06:48:59,tdmpc2_Ant-v5_seed958,ca878388-c102-443c-b8af-0a413301f3f9,10.945787951000966,0.00015957819666748488,1.4578934064306165e-05,30.537224197040057,117.04544568088895,20.0,8.231888585506081e-05,0.0002757691095043313,6.080738898890572e-05,0.0004188953843482987,0.0,Germany,DEU,baden-wurttemberg,,,Linux-7.0.0-31-generic-x86_64-with-glibc2.43,3.14.4,3.3.0,24,Intel(R) Core(TM) Ultra 9 285K,1,1 x NVIDIA GeForce RTX 5090,9.2986,48.7383,60.81615447998047,machine,0.0,0.0,0.0,0.0,N
rollout_38,2026-09-19T06:49:07,tdmpc2_Ant-v5_seed958,ca878388-c102-443c-b8af-0a413301f3f9,7.351226995000616,0.00015699151430231123,2.1355839119860993e-05,30.50311132270699,117.4414773186018,20.0,6.681113483775203e-05,0.0003044613546805408,4.083281118340276e-05,0.0004121053007016956,0.0,Germany,DEU,baden-wurttemberg,,,Linux-7.0.0-31-generic-x86_64-with-glibc2.43,3.14.4,3.3.0,24,Intel(R) Core(TM) Ultra 9 285K,1,1 x NVIDIA GeForce RTX 5090,9.2986,48.7383,60.81615447998047,machine,0.0,0.0,0.0,0.0,N
gradient_updates_38,2026-09-19T06:49:18,tdmpc2_Ant-v5_seed958,ca878388-c102-443c-b8af-0a413301f3f9,10.935129712001071,0.00015961272622205466,1.4596342512260686e-05,30.523879692847675,117.11620782208877,20.0,8.253622158448104e-05,0.0002757024427832988,6.0747360627767984e-05,0.00041898602499555043,0.0,Germany,DEU,baden-wurttemberg,,,Linux-7.0.0-31-generic-x86_64-with-glibc2.43,3.14.4,3.3.0,24,Intel(R) Core(TM) Ultra 9 285K,1,1 x NVIDIA GeForce RTX 5090,9.2986,48.7383,60.81615447998047,machine,0.0,0.0,0.0,0.0,N
rollout_39,2026-09-19T06:49:25,tdmpc2_Ant-v5_seed958,ca878388-c102-443c-b8af-0a413301f3f9,7.3501307500118855,0.00015786560102849616,2.1477943644464412e-05,30.493492830897708,117.5018144209192,20.0,6.911810668333573e-05,0.00030444968800402705,4.083199801114233e-05,0.00041439979269850685,0.0,Germany,DEU,baden-wurttemberg,,,Linux-7.0.0-31-generic-x86_64-with-glibc2.43,3.14.4,3.3.0,24,Intel(R) Core(TM) Ultra 9 285K,1,1 x NVIDIA GeForce RTX 5090,9.2986,48.7383,60.81615447998047,machine,0.0,0.0,0.0,0.0,N
gradient_updates_39,2026-09-19T06:49:36,tdmpc2_Ant-v5_seed958,ca878388-c102-443c-b8af-0a413301f3f9,10.976418076010305,0.00016055471064615502,1.462725181446671e-05,30.52638889518231,117.18442855622565,20.0,8.351900431514958e-05,0.000276962999348207,6.0976745899986654e-05,0.0004214587495633415,0.0,Germany,DEU,baden-wurttemberg,,,Linux-7.0.0-31-generic-x86_64-with-glibc2.43,3.14.4,3.3.0,24,Intel(R) Core(TM) Ultra 9 285K,1,1 x NVIDIA GeForce RTX 5090,9.2986,48.7383,60.81615447998047,machine,0.0,0.0,0.0,0.0,N
rollout_40,2026-09-19T06:49:43,tdmpc2_Ant-v5_seed958,ca878388-c102-443c-b8af-0a413301f3f9,7.418325141989044,0.00015858346915087994,2.1377261270735517e-05,30.49972717509318,117.54276096720538,20.0,7.084528000951551e-05,0.00030422802116003567,4.121090712780849e-05,0.0004162842082973614,0.0,Germany,DEU,baden-wurttemberg,,,Linux-7.0.0-31-generic-x86_64-with-glibc2.43,3.14.4,3.3.0,24,Intel(R) Core(TM) Ultra 9 285K,1,1 x NVIDIA GeForce RTX 5090,9.2986,48.7383,60.81615447998047,machine,0.0,0.0,0.0,0.0,N
gradient_updates_40,2026-09-19T06:49:54,tdmpc2_Ant-v5_seed958,ca878388-c102-443c-b8af-0a413301f3f9,10.946895709013916,0.00015889134682601884,1.4514754906307389e-05,30.53664771544213,117.2276738510674,20.0,8.126542112339707e-05,0.0002750141089000735,6.081286222227658e-05,0.0004170923922457506,0.0,Germany,DEU,baden-wurttemberg,,,Linux-7.0.0-31-generic-x86_64-with-glibc2.43,3.14.4,3.3.0,24,Intel(R) Core(TM) Ultra 9 285K,1,1 x NVIDIA GeForce RTX 5090,9.2986,48.7383,60.81615447998047,machine,0.0,0.0,0.0,0.0,N
rollout_41,2026-09-19T06:50:02,tdmpc2_Ant-v5_seed958,ca878388-c102-443c-b8af-0a413301f3f9,7.370700211991789,0.00015702019962251894,2.130331853724808e-05,30.50173553477958,117.58557875056373,20.0,6.748682648942406e-05,0.0003037482985539519,4.094547509448602e-05,0.0004121806001378611,0.0,Germany,DEU,baden-wurttemberg,,,Linux-7.0.0-31-generic-x86_64-with-glibc2.43,3.14.4,3.3.0,24,Intel(R) Core(TM) Ultra 9 285K,1,1 x NVIDIA GeForce RTX 5090,9.2986,48.7383,60.81615447998047,machine,0.0,0.0,0.0,0.0,N
gradient_updates_41,2026-09-19T06:50:13,tdmpc2_Ant-v5_seed958,ca878388-c102-443c-b8af-0a413301f3f9,11.016038360990933,0.00015836983453311818,1.4376273049439544e-05,30.52243451459059,117.27735757935743,20.0,7.772326884522562e-05,0.00027680299921994944,6.119714585559738e-05,0.00041572341392077244,0.0,Germany,DEU,baden-wurttemberg,,,Linux-7.0.0-31-generic-x86_64-with-glibc2.43,3.14.4,3.3.0,24,Intel(R) Core(TM) Ultra 9 285K,1,1 x NVIDIA GeForce RTX 5090,9.2986,48.7383,60.81615447998047,machine,0.0,0.0,0.0,0.0,N
rollout_42,2026-09-19T06:50:20,tdmpc2_Ant-v5_seed958,ca878388-c102-443c-b8af-0a413301f3f9,7.381283850001637,0.00015715461156194308,2.1290963854469977e-05,30.475633216895535,117.62378283997701,20.0,6.786753262731648e-05,0.00030366135404014116,4.100454701660462e-05,0.00041253343368406054,0.0,Germany,DEU,baden-wurttemberg,,,Linux-7.0.0-31-generic-x86_64-with-glibc2.43,3.14.4,3.3.0,24,Intel(R) Core(TM) Ultra 9 285K,1,1 x NVIDIA GeForce RTX 5090,9.2986,48.7383,60.81615447998047,machine,0.0,0.0,0.0,0.0,N
gradient_updates_42,2026-09-19T06:50:31,tdmpc2_Ant-v5_seed958,ca878388-c102-443c-b8af-0a413301f3f9,10.902296012995066,0.00015990958396565162,1.4667521583919612e-05,30.49909807292725,117.32860293938819,20.0,8.345047564921326e-05,0.0002757493872658223,6.05654185278073e-05,0.00041976528144284375,0.0,Germany,DEU,baden-wurttemberg,,,Linux-7.0.0-31-generic-x86_64-with-glibc2.43,3.14.4,3.3.0,24,Intel(R) Core(TM) Ultra 9 285K,1,1 x NVIDIA GeForce RTX 5090,9.2986,48.7383,60.81615447998047,machine,0.0,0.0,0.0,0.0,N
rollout_43,2026-09-19T06:50:38,tdmpc2_Ant-v5_seed958,ca878388-c102-443c-b8af-0a413301f3f9,7.373942111007636,0.000158347180689156,2.1473895403482106e-05,30.476366697022787,117.66962556307016,20.0,7.086947363998258e-05,0.0003038360764020531,4.095839716667087e-05,0.000415663947208704,0.0,Germany,DEU,baden-wurttemberg,,,Linux-7.0.0-31-generic-x86_64-with-glibc2.43,3.14.4,3.3.0,24,Intel(R) Core(TM) Ultra 9 285K,1,1 x NVIDIA GeForce RTX 5090,9.2986,48.7383,60.81615447998047,machine,0.0,0.0,0.0,0.0,N
gradient_updates_43,2026-09-19T06:50:48,tdmpc2_Ant-v5_seed958,ca878388-c102-443c-b8af-0a413301f3f9,9.564432008002768,0.00014878897191177888,1.5556510868218945e-05,30.517351146558614,117.43239663826827,20.0,8.281555875239155e-05,0.00025462548147814346,5.3132452122210336e-05,0.0003905734923527471,0.0,Germany,DEU,baden-wurttemberg,,,Linux-7.0.0-31-generic-x86_64-with-glibc2.43,3.14.4,3.3.0,24,Intel(R) Core(TM) Ultra 9 285K,1,1 x NVIDIA GeForce RTX 5090,9.2986,48.7383,60.81615447998047,machine,0.0,0.0,0.0,0.0,N
rollout_44,2026-09-19T06:50:55,tdmpc2_Ant-v5_seed958,ca878388-c102-443c-b8af-0a413301f3f9,7.395541677004076,0.00015778458891081704,2.1335130948904645e-05,30.527256714973593,117.7639301921954,20.0,6.85394098314876e-05,0.00030456441031789794,4.1083314411096035e-05,0.00041418713456048417,0.0,Germany,DEU,baden-wurttemberg,,,Linux-7.0.0-31-generic-x86_64-with-glibc2.43,3.14.4,3.3.0,24,Intel(R) Core(TM) Ultra 9 285K,1,1 x NVIDIA GeForce RTX 5090,9.2986,48.7383,60.81615447998047,machine,0.0,0.0,0.0,0.0,N
gradient_updates_44,2026-09-19T06:51:05,tdmpc2_Ant-v5_seed958,ca878388-c102-443c-b8af-0a413301f3f9,9.560909555002581,0.00014759214261166748,1.5437053255064307e-05,30.554793660956847,117.5208377972765,20.0,8.225830858436811e-05,0.00025206020164780796,5.311328557218095e-05,0.00038743179580435355,0.0,Germany,DEU,baden-wurttemberg,,,Linux-7.0.0-31-generic-x86_64-with-glibc2.43,3.14.4,3.3.0,24,Intel(R) Core(TM) Ultra 9 285K,1,1 x NVIDIA GeForce RTX 5090,9.2986,48.7383,60.81615447998047,machine,0.0,0.0,0.0,0.0,N
rollout_45,2026-09-19T06:51:12,tdmpc2_Ant-v5_seed958,ca878388-c102-443c-b8af-0a413301f3f9,7.367735684005311,0.00015772276770664728,2.1407232039070433e-05,30.56254532488569,117.84959087835611,20.0,6.871215580300793e-05,0.0003043877435100484,4.092495357221632e-05,0.00041402485288527524,0.0,Germany,DEU,baden-wurttemberg,,,Linux-7.0.0-31-generic-x86_64-with-glibc2.43,3.14.4,3.3.0,24,Intel(R) Core(TM) Ultra 9 285K,1,1 x NVIDIA GeForce RTX 5090,9.2986,48.7383,60.81615447998047,machine,0.0,0.0,0.0,0.0,N
gradient_updates_45,2026-09-19T06:51:22,tdmpc2_Ant-v5_seed958,ca878388-c102-443c-b8af-0a413301f3f9,9.792538057998172,0.00014965644726972274,1.528266454705251e-05,30.589577636103325,117.61083357565771,20.0,8.024355863923971e-05,0.0002582074287880154,5.439964197220294e-05,0.0003928506293994563,0.0,Germany,DEU,baden-wurttemberg,,,Linux-7.0.0-31-generic-x86_64-with-glibc2.43,3.14.4,3.3.0,24,Intel(R) Core(TM) Ultra 9 285K,1,1 x NVIDIA GeForce RTX 5090,9.2986,48.7383,60.81615447998047,machine,0.0,0.0,0.0,0.0,N
rollout_46,2026-09-19T06:51:29,tdmpc2_Ant-v5_seed958,ca878388-c102-443c-b8af-0a413301f3f9,7.379871843993897,0.00015764098758857398,2.1360937671511446e-05,30.583017566648337,117.93125846359885,20.0,6.801610219062115e-05,0.00030479746605971414,4.099661048328693e-05,0.0004138101787336257,0.0,Germany,DEU,baden-wurttemberg,,,Linux-7.0.0-31-generic-x86_64-with-glibc2.43,3.14.4,3.3.0,24,Intel(R) Core(TM) Ultra 9 285K,1,1 x NVIDIA GeForce RTX 5090,9.2986,48.7383,60.81615447998047,machine,0.0,0.0,0.0,0.0,N
gradient_updates_46,2026-09-19T06:51:40,tdmpc2_Ant-v5_seed958,ca878388-c102-443c-b8af-0a413301f3f9,10.96283878799295,0.0001597437857681662,1.4571402974632187e-05,30.604003488390024,117.64995158275804,20.0,8.326469161170497e-05,0.00027516410902039823,6.090125782219624e-05,0.00041933005845429944,0.0,Germany,DEU,baden-wurttemberg,,,Linux-7.0.0-31-generic-x86_64-with-glibc2.43,3.14.4,3.3.0,24,Intel(R) Core(TM) Ultra 9 285K,1,1 x NVIDIA GeForce RTX 5090,9.2986,48.7383,60.81615447998047,machine,0.0,0.0,0.0,0.0,N
rollout_47,2026-09-19T06:51:48,tdmpc2_Ant-v5_seed958,ca878388-c102-443c-b8af-0a413301f3f9,7.357806239000638,0.0001575814857805516,2.1416909887100824e-05,30.578665550313094,117.9664521914356,20.0,6.82853176837625e-05,0.00030449302137203205,4.0875646455566274e-05,0.00041365398551135996,0.0,Germany,DEU,baden-wurttemberg,,,Linux-7.0.0-31-generic-x86_64-with-glibc2.43,3.14.4,3.3.0,24,Intel(R) Core(TM) Ultra 9 285K,1,1 x NVIDIA GeForce RTX 5090,9.2986,48.7383,60.81615447998047,machine,0.0,0.0,0.0,0.0,N
gradient_updates_47,2026-09-19T06:51:59,tdmpc2_Ant-v5_seed958,ca878388-c102-443c-b8af-0a413301f3f9,10.976586199001758,0.00015970477293932722,1.4549601383512197e-05,30.600810119358265,117.69451842237875,20.0,8.1490826859279e-05,0.00027675911029589884,6.097771198336748e-05,0.0004192276491385427,0.0,Germany,DEU,baden-wurttemberg,,,Linux-7.0.0-31-generic-x86_64-with-glibc2.43,3.14.4,3.3.0,24,Intel(R) Core(TM) Ultra 9 285K,1,1 x NVIDIA GeForce RTX 5090,9.2986,48.7383,60.81615447998047,machine,0.0,0.0,0.0,0.0,N
rollout_48,2026-09-19T06:52:06,tdmpc2_Ant-v5_seed958,ca878388-c102-443c-b8af-0a413301f3f9,7.378152895995299,0.00015754950191031875,2.1353525303146265e-05,30.570458396014903,118.00013868166266,20.0,6.81227269981391e-05,0.0003044602435680055,4.098705676110984e-05,0.00041357002732725356,0.0,Germany,DEU,baden-wurttemberg,,,Linux-7.0.0-31-generic-x86_64-with-glibc2.43,3.14.4,3.3.0,24,Intel(R) Core(TM) Ultra 9 285K,1,1 x NVIDIA GeForce RTX 5090,9.2986,48.7383,60.81615447998047,machine,0.0,0.0,0.0,0.0,N
gradient_updates_48,2026-09-19T06:52:17,tdmpc2_Ant-v5_seed958,ca878388-c102-443c-b8af-0a413301f3f9,10.961531666005612,0.00015979574164799726,1.4577886158852113e-05,30.59138310755954,117.72864660061427,20.0,8.360875966472586e-05,0.00027496355330436373,6.089413052217871e-05,0.00041946644349126483,0.0,Germany,DEU,baden-wurttemberg,,,Linux-7.0.0-31-generic-x86_64-with-glibc2.43,3.14.4,3.3.0,24,Intel(R) Core(TM) Ultra 9 285K,1,1 x NVIDIA GeForce RTX 5090,9.2986,48.7383,60.81615447998047,machine,0.0,0.0,0.0,0.0,N
rollout_49,2026-09-19T06:52:24,tdmpc2_Ant-v5_seed958,ca878388-c102-443c-b8af-0a413301f3f9,7.363865000996157,0.00015819131685979038,2.1482108232153195e-05,30.56926214783802,118.02916729680233,20.0,7.02326239638354e-05,0.0003041146877356127,4.090749040001895e-05,0.000415254802099467,0.0,Germany,DEU,baden-wurttemberg,,,Linux-7.0.0-31-generic-x86_64-with-glibc2.43,3.14.4,3.3.0,24,Intel(R) Core(TM) Ultra 9 285K,1,1 x NVIDIA GeForce RTX 5090,9.2986,48.7383,60.81615447998047,machine,0.0,0.0,0.0,0.0,N
gradient_updates_49,2026-09-19T06:52:35,tdmpc2_Ant-v5_seed958,ca878388-c102-443c-b8af-0a413301f3f9,10.967491817995324,0.00016008267733998854,1.4596079141405991e-05,30.598802020325664,117.77043437407194,20.0,8.167093117002894e-05,0.0002776157776480659,6.093294557221133e-05,0.0004202196543903053,0.0,Germany,DEU,baden-wurttemberg,,,Linux-7.0.0-31-generic-x86_64-with-glibc2.43,3.14.4,3.3.0,24,Intel(R) Core(TM) Ultra 9 285K,1,1 x NVIDIA GeForce RTX 5090,9.2986,48.7383,60.81615447998047,machine,0.0,0.0,0.0,0.0,N
rollout_50,2026-09-19T06:52:43,tdmpc2_Ant-v5_seed958,ca878388-c102-443c-b8af-0a413301f3f9,7.413666259002639,0.00015925805785481362,2.1481694396556887e-05,30.572392712899568,118.05832970484833,20.0,7.210307684907963e-05,0.00030476746603591565,4.1184471827727595e-05,0.0004180550147127246,0.0,Germany,DEU,baden-wurttemberg,,,Linux-7.0.0-31-generic-x86_64-with-glibc2.43,3.14.4,3.3.0,24,Intel(R) Core(TM) Ultra 9 285K,1,1 x NVIDIA GeForce RTX 5090,9.2986,48.7383,60.81615447998047,machine,0.0,0.0,0.0,0.0,N
gradient_updates_50,2026-09-19T06:52:54,tdmpc2_Ant-v5_seed958,ca878388-c102-443c-b8af-0a413301f3f9,10.992702708987053,0.0001591762321868015,1.4480182552848028e-05,30.606663389538117,117.79955435325165,20.0,8.00964132437465e-05,0.000276684943570249,6.105886417774164e-05,0.0004178402209917345,0.0,Germany,DEU,baden-wurttemberg,,,Linux-7.0.0-31-generic-x86_64-with-glibc2.43,3.14.4,3.3.0,24,Intel(R) Core(TM) Ultra 9 285K,1,1 x NVIDIA GeForce RTX 5090,9.2986,48.7383,60.81615447998047,machine,0.0,0.0,0.0,0.0,N
rollout_51,2026-09-19T06:53:01,tdmpc2_Ant-v5_seed958,ca878388-c102-443c-b8af-0a413301f3f9,7.357941259993822,0.00015605749936456123,2.1209400822260084e-05,30.57406383656717,118.07303320193202,20.0,6.821553401683417e-05,0.00030056274044953923,4.0875221699954514e-05,0.0004096534961663262,0.0,Germany,DEU,baden-wurttemberg,,,Linux-7.0.0-31-generic-x86_64-with-glibc2.43,3.14.4,3.3.0,24,Intel(R) Core(TM) Ultra 9 285K,1,1 x NVIDIA GeForce RTX 5090,9.2986,48.7383,60.81615447998047,machine,0.0,0.0,0.0,0.0,N
gradient_updates_51,2026-09-19T06:53:12,tdmpc2_Ant-v5_seed958,ca878388-c102-443c-b8af-0a413301f3f9,11.049391464999644,0.00015874012276565971,1.436642835931674e-05,30.593397221937977,117.82096629813917,20.0,7.648191757437389e-05,0.0002788310563985874,6.138245263330976e-05,0.0004166954266062728,0.0,Germany,DEU,baden-wurttemberg,,,Linux-7.0.0-31-generic-x86_64-with-glibc2.43,3.14.4,3.3.0,24,Intel(R) Core(TM) Ultra 9 285K,1,1 x NVIDIA GeForce RTX 5090,9.2986,48.7383,60.81615447998047,machine,0.0,0.0,0.0,0.0,N
rollout_52,2026-09-19T06:53:20,tdmpc2_Ant-v5_seed958,ca878388-c102-443c-b8af-0a413301f3f9,7.374396857005195,0.00015741903266979634,2.134671075383682e-05,30.550385143563187,118.10595669448507,20.0,6.729309105665132e-05,0.00030496802175150606,4.096643062221142e-05,0.00041322754343036533,0.0,Germany,DEU,baden-wurttemberg,,,Linux-7.0.0-31-generic-x86_64-with-glibc2.43,3.14.4,3.3.0,24,Intel(R) Core(TM) Ultra 9 285K,1,1 x NVIDIA GeForce RTX 5090,9.2986,48.7383,60.81615447998047,machine,0.0,0.0,0.0,0.0,N
gradient_updates_52,2026-09-19T06:53:30,tdmpc2_Ant-v5_seed958,ca878388-c102-443c-b8af-0a413301f3f9,10.726927294002962,0.00015763355668768284,1.4695137112965878e-05,30.56677996454058,117.86322588288884,20.0,8.187882328079127e-05,0.0002723260511938719,5.958579802221083e-05,0.00041379067249687485,0.0,Germany,DEU,baden-wurttemberg,,,Linux-7.0.0-31-generic-x86_64-with-glibc2.43,3.14.4,3.3.0,24,Intel(R) Core(TM) Ultra 9 285K,1,1 x NVIDIA GeForce RTX 5090,9.2986,48.7383,60.81615447998047,machine,0.0,0.0,0.0,0.0,N
rollout_53,2026-09-19T06:53:38,tdmpc2_Ant-v5_seed958,ca878388-c102-443c-b8af-0a413301f3f9,7.354704158991808,0.0001579646060813865,2.147805059199956e-05,30.54544820552754,118.14998451943885,20.0,6.799801189836391e-05,0.00030580468908825154,4.08569816000336e-05,0.00041465968258665165,0.0,Germany,DEU,baden-wurttemberg,,,Linux-7.0.0-31-generic-x86_64-with-glibc2.43,3.14.4,3.3.0,24,Intel(R) Core(TM) Ultra 9 285K,1,1 x NVIDIA GeForce RTX 5090,9.2986,48.7383,60.81615447998047,machine,0.0,0.0,0.0,0.0,N
gradient_updates_53,2026-09-19T06:53:47,tdmpc2_Ant-v5_seed958,ca878388-c102-443c-b8af-0a413301f3f9,9.596183893008856,0.00014613181550793622,1.5228088564565128e-05,30.56625785023598,117.93988076245391,20.0,7.80864613580054e-05,0.0002522029795404279,5.3308972299984624e-05,0.0003835984131984188,0.0,Germany,DEU,baden-wurttemberg,,,Linux-7.0.0-31-generic-x86_64-with-glibc2.43,3.14.4,3.3.0,24,Intel(R) Core(TM) Ultra 9 285K,1,1 x NVIDIA GeForce RTX 5090,9.2986,48.7383,60.81615447998047,machine,0.0,0.0,0.0,0.0,N
rollout_54,2026-09-19T06:53:55,tdmpc2_Ant-v5_seed958,ca878388-c102-443c-b8af-0a413301f3f9,7.354661496996414,0.00015701524143385895,2.134908807913738e-05,30.56014862069811,118.20355904693048,20.0,6.947031279842808e-05,0.00030183607480172014,4.0861197211132516e-05,0.00041216758481128074,0.0,Germany,DEU,baden-wurttemberg,,,Linux-7.0.0-31-generic-x86_64-with-glibc2.43,3.14.4,3.3.0,24,Intel(R) Core(TM) Ultra 9 285K,1,1 x NVIDIA GeForce RTX 5090,9.2986,48.7383,60.81615447998047,machine,0.0,0.0,0.0,0.0,N
gradient_updates_54,2026-09-19T06:54:04,tdmpc2_Ant-v5_seed958,ca878388-c102-443c-b8af-0a413301f3f9,9.576260493995505,0.00014868238008942242,1.5526156176948425e-05,30.58721718199671,118.0104302525822,20.0,8.124409277299877e-05,0.00025585131579175524,5.319827850552329e-05,0.00039029368707027556,0.0,Germany,DEU,baden-wurttemberg,,,Linux-7.0.0-31-generic-x86_64-with-glibc2.43,3.14.4,3.3.0,24,Intel(R) Core(TM) Ultra 9 285K,1,1 x NVIDIA GeForce RTX 5090,9.2986,48.7383,60.81615447998047,machine,0.0,0.0,0.0,0.0,N
rollout_55,2026-09-19T06:54:12,tdmpc2_Ant-v5_seed958,ca878388-c102-443c-b8af-0a413301f3f9,7.351160334990709,0.00015689021348578094,2.1342259434347374e-05,30.590655612857265,118.26751571548267,20.0,6.967279684930161e-05,0.00030132968550811157,4.083690203891214e-05,0.00041183938439632445,0.0,Germany,DEU,baden-wurttemberg,,,Linux-7.0.0-31-generic-x86_64-with-glibc2.43,3.14.4,3.3.0,24,Intel(R) Core(TM) Ultra 9 285K,1,1 x NVIDIA GeForce RTX 5090,9.2986,48.7383,60.81615447998047,machine,0.0,0.0,0.0,0.0,N
gradient_updates_55,2026-09-19T06:54:21,tdmpc2_Ant-v5_seed958,ca878388-c102-443c-b8af-0a413301f3f9,9.593395924006472,0.00014784295462303212,1.5410926869840776e-05,30.617071896565268,118.07625713713126,20.0,7.876849412585124e-05,0.0002560282603787378,5.3293426944502585e-05,0.0003880901814490925,0.0,Germany,DEU,baden-wurttemberg,,,Linux-7.0.0-31-generic-x86_64-with-glibc2.43,3.14.4,3.3.0,24,Intel(R) Core(TM) Ultra 9 285K,1,1 x NVIDIA GeForce RTX 5090,9.2986,48.7383,60.81615447998047,machine,0.0,0.0,0.0,0.0,N
rollout_56,2026-09-19T06:54:28,tdmpc2_Ant-v5_seed958,ca878388-c102-443c-b8af-0a413301f3f9,7.358041967003373,0.00015738549702828952,2.1389603944933213e-05,30.611849060099686,118.34013897034025,20.0,6.783715065857704e-05,0.0003044266324292444,4.087572873338798e-05,0.0004131395118212103,0.0,Germany,DEU,baden-wurttemberg,,,Linux-7.0.0-31-generic-x86_64-with-glibc2.43,3.14.4,3.3.0,24,Intel(R) Core(TM) Ultra 9 285K,1,1 x NVIDIA GeForce RTX 5090,9.2986,48.7383,60.81615447998047,machine,0.0,0.0,0.0,0.0,N
gradient_updates_56,2026-09-19T06:54:38,tdmpc2_Ant-v5_seed958,ca878388-c102-443c-b8af-0a413301f3f9,9.621420312003465,0.0001473497906092705,1.5314782919116093e-05,30.630317809170343,118.14608969067307,20.0,7.827821317808042e-05,0.0002550682596105247,5.3449145033340924e-05,0.00038679561782194866,0.0,Germany,DEU,baden-wurttemberg,,,Linux-7.0.0-31-generic-x86_64-with-glibc2.43,3.14.4,3.3.0,24,Intel(R) Core(TM) Ultra 9 285K,1,1 x NVIDIA GeForce RTX 5090,9.2986,48.7383,60.81615447998047,machine,0.0,0.0,0.0,0.0,N
rollout_57,2026-09-19T06:54:46,tdmpc2_Ant-v5_seed958,ca878388-c102-443c-b8af-0a413301f3f9,7.379376536991913,0.00015769977642459548,2.137034545714222e-05,30.62337014076244,118.40119015291307,20.0,6.858123569827151e-05,0.0003043894101777411,4.099385451667749e-05,0.0004139645003926884,0.0,Germany,DEU,baden-wurttemberg,,,Linux-7.0.0-31-generic-x86_64-with-glibc2.43,3.14.4,3.3.0,24,Intel(R) Core(TM) Ultra 9 285K,1,1 x NVIDIA GeForce RTX 5090,9.2986,48.7383,60.81615447998047,machine,0.0,0.0,0.0,0.0,N
gradient_updates_57,2026-09-19T06:54:55,tdmpc2_Ant-v5_seed958,ca878388-c102-443c-b8af-0a413301f3f9,9.599616910010809,0.00014866904687839064,1.548695293574392e-05,30.64449673661528,118.21284774358523,20.0,8.14889107466285e-05,0.0002554421487981351,5.332762762781315e-05,0.0003902586871725733,0.0,Germany,DEU,baden-wurttemberg,,,Linux-7.0.0-31-generic-x86_64-with-glibc2.43,3.14.4,3.3.0,24,Intel(R) Core(TM) Ultra 9 285K,1,1 x NVIDIA GeForce RTX 5090,9.2986,48.7383,60.81615447998047,machine,0.0,0.0,0.0,0.0,N
rollout_58,2026-09-19T06:55:02,tdmpc2_Ant-v5_seed958,ca878388-c102-443c-b8af-0a413301f3f9,7.380592226007138,0.0001571958683222706,2.1298556461791053e-05,30.646412270017752,118.46014312265989,20.0,6.795379519632799e-05,0.0003036871873938196,4.1000750766640066e-05,0.0004126417333567903,0.0,Germany,DEU,baden-wurttemberg,,,Linux-7.0.0-31-generic-x86_64-with-glibc2.43,3.14.4,3.3.0,24,Intel(R) Core(TM) Ultra 9 285K,1,1 x NVIDIA GeForce RTX 5090,9.2986,48.7383,60.81615447998047,machine,0.0,0.0,0.0,0.0,N
gradient_updates_58,2026-09-19T06:55:12,tdmpc2_Ant-v5_seed958,ca878388-c102-443c-b8af-0a413301f3f9,9.874714431003667,0.00015110952609977482,1.530269256424113e-05,30.664248090305453,118.26466281247795,20.0,8.22956077808773e-05,0.00025951159649828526,5.485778088889972e-05,0.00039666498516806314,0.0,Germany,DEU,baden-wurttemberg,,,Linux-7.0.0-31-generic-x86_64-with-glibc2.43,3.14.4,3.3.0,24,Intel(R) Core(TM) Ultra 9 285K,1,1 x NVIDIA GeForce RTX 5090,9.2986,48.7383,60.81615447998047,machine,0.0,0.0,0.0,0.0,N
rollout_59,2026-09-19T06:55:20,tdmpc2_Ant-v5_seed958,ca878388-c102-443c-b8af-0a413301f3f9,7.369489834993146,0.00015662346706886085,2.1252984581937413e-05,30.662232797513767,118.50215669307494,20.0,6.831608937504785e-05,0.0003018835748394011,4.0939506461129364e-05,0.0004111391706755757,0.0,Germany,DEU,baden-wurttemberg,,,Linux-7.0.0-31-generic-x86_64-with-glibc2.43,3.14.4,3.3.0,24,Intel(R) Core(TM) Ultra 9 285K,1,1 x NVIDIA GeForce RTX 5090,9.2986,48.7383,60.81615447998047,machine,0.0,0.0,0.0,0.0,N
gradient_updates_59,2026-09-19T06:55:31,tdmpc2_Ant-v5_seed958,ca878388-c102-443c-b8af-0a413301f3f9,11.13120543101104,0.00015931333844688284,1.4312329748731343e-05,30.677330107228073,118.2871088335458,20.0,7.241739015609316e-05,0.0002839457827121805,6.183695430558508e-05,0.00041820012717386223,0.0,Germany,DEU,baden-wurttemberg,,,Linux-7.0.0-31-generic-x86_64-with-glibc2.43,3.14.4,3.3.0,24,Intel(R) Core(TM) Ultra 9 285K,1,1 x NVIDIA GeForce RTX 5090,9.2986,48.7383,60.81615447998047,machine,0.0,0.0,0.0,0.0,N
rollout_60,2026-09-19T06:55:38,tdmpc2_Ant-v5_seed958,ca878388-c102-443c-b8af-0a413301f3f9,7.407954001013422,0.00015809314477639377,2.134100384865122e-05,30.629216155456547,118.52708025879548,20.0,6.872434609055122e-05,0.0003051196885404117,4.1153064138941924e-05,0.00041499709876990226,0.0,Germany,DEU,baden-wurttemberg,,,Linux-7.0.0-31-generic-x86_64-with-glibc2.43,3.14.4,3.3.0,24,Intel(R) Core(TM) Ultra 9 285K,1,1 x NVIDIA GeForce RTX 5090,9.2986,48.7383,60.81615447998047,machine,0.0,0.0,0.0,0.0,N
gradient_updates_60,2026-09-19T06:55:49,tdmpc2_Ant-v5_seed958,ca878388-c102-443c-b8af-0a413301f3f9,11.069465313004912,0.00015946092603252512,1.4405488763874261e-05,30.64571224354076,118.30791739177438,20.0,7.756152593805382e-05,0.00027953189029172876,6.149413077776757e-05,0.0004185875470075484,0.0,Germany,DEU,baden-wurttemberg,,,Linux-7.0.0-31-generic-x86_64-with-glibc2.43,3.14.4,3.3.0,24,Intel(R) Core(TM) Ultra 9 285K,1,1 x NVIDIA GeForce RTX 5090,9.2986,48.7383,60.81615447998047,machine,0.0,0.0,0.0,0.0,N
rollout_61,2026-09-19T06:55:57,tdmpc2_Ant-v5_seed958,ca878388-c102-443c-b8af-0a413301f3f9,7.39272881099896,0.0001574860874078536,2.1302836927806765e-05,30.61038568933834,118.54625314609216,20.0,6.724155018208999e-05,0.0003050935774080443,4.1068435627756965e-05,0.0004134035632178887,0.0,Germany,DEU,baden-wurttemberg,,,Linux-7.0.0-31-generic-x86_64-with-glibc2.43,3.14.4,3.3.0,24,Intel(R) Core(TM) Ultra 9 285K,1,1 x NVIDIA GeForce RTX 5090,9.2986,48.7383,60.81615447998047,machine,0.0,0.0,0.0,0.0,N
gradient_updates_61,2026-09-19T06:56:08,tdmpc2_Ant-v5_seed958,ca878388-c102-443c-b8af-0a413301f3f9,11.005394480001996,0.0001603997309145011,1.4574624700107158e-05,30.623245335930793,118.32903942697482,20.0,8.25193690709991e-05,0.00027739438858187526,6.113816757222397e-05,0.0004210519252250966,0.0,Germany,DEU,baden-wurttemberg,,,Linux-7.0.0-31-generic-x86_64-with-glibc2.43,3.14.4,3.3.0,24,Intel(R) Core(TM) Ultra 9 285K,1,1 x NVIDIA GeForce RTX 5090,9.2986,48.7383,60.81615447998047,machine,0.0,0.0,0.0,0.0,N
rollout_62,2026-09-19T06:56:15,tdmpc2_Ant-v5_seed958,ca878388-c102-443c-b8af-0a413301f3f9,7.357179685001029,0.00015682765239650662,2.1316287155655883e-05,30.601674733262033,118.5561943095829,20.0,6.911137612239382e-05,0.00030169329691043245,4.087048747775622e-05,0.0004116751605105842,0.0,Germany,DEU,baden-wurttemberg,,,Linux-7.0.0-31-generic-x86_64-with-glibc2.43,3.14.4,3.3.0,24,Intel(R) Core(TM) Ultra 9 285K,1,1 x NVIDIA GeForce RTX 5090,9.2986,48.7383,60.81615447998047,machine,0.0,0.0,0.0,0.0,N
gradient_updates_62,2026-09-19T06:56:26,tdmpc2_Ant-v5_seed958,ca878388-c102-443c-b8af-0a413301f3f9,11.00105878499744,0.00016070075614486173,1.4607769426775614e-05,30.62158715458455,118.34447755376047,20.0,8.255760076825158e-05,0.0002781707780918907,6.111374253337572e-05,0.0004218421213935189,0.0,Germany,DEU,baden-wurttemberg,,,Linux-7.0.0-31-generic-x86_64-with-glibc2.43,3.14.4,3.3.0,24,Intel(R) Core(TM) Ultra 9 285K,1,1 x NVIDIA GeForce RTX 5090,9.2986,48.7383,60.81615447998047,machine,0.0,0.0,0.0,0.0,N
rollout_63,2026-09-19T06:56:33,tdmpc2_Ant-v5_seed958,ca878388-c102-443c-b8af-0a413301f3f9,7.356398186995648,0.00015834782875161213,2.1525196605670683e-05,30.601109765860492,118.57834049384978,20.0,7.038066769338158e-05,0.00030441857686769325,4.0866403822211426e-05,0.0004156656483832871,0.0,Germany,DEU,baden-wurttemberg,,,Linux-7.0.0-31-generic-x86_64-with-glibc2.43,3.14.4,3.3.0,24,Intel(R) Core(TM) Ultra 9 285K,1,1 x NVIDIA GeForce RTX 5090,9.2986,48.7383,60.81615447998047,machine,0.0,0.0,0.0,0.0,N
gradient_updates_63,2026-09-19T06:56:44,tdmpc2_Ant-v5_seed958,ca878388-c102-443c-b8af-0a413301f3f9,10.997398980005528,0.00016071549718612438,1.4613965221533446e-05,30.6252183436861,118.36796628654893,20.0,8.339152587983484e-05,0.0002773954996944106,6.109379129443874e-05,0.0004218808168686833,0.0,Germany,DEU,baden-wurttemberg,,,Linux-7.0.0-31-generic-x86_64-with-glibc2.43,3.14.4,3.3.0,24,Intel(R) Core(TM) Ultra 9 285K,1,1 x NVIDIA GeForce RTX 5090,9.2986,48.7383,60.81615447998047,machine,0.0,0.0,0.0,0.0,N
rollout_64,2026-09-19T06:56:52,tdmpc2_Ant-v5_seed958,ca878388-c102-443c-b8af-0a413301f3f9,7.348910369008081,0.00015711200148279744,2.137895881419832e-05,30.60668180978202,118.58929272002551,20.0,6.988874229982983e-05,0.00030170801914408685,4.0824820083313826e-05,0.00041242158152723224,0.0,Germany,DEU,baden-wurttemberg,,,Linux-7.0.0-31-generic-x86_64-with-glibc2.43,3.14.4,3.3.0,24,Intel(R) Core(TM) Ultra 9 285K,1,1 x NVIDIA GeForce RTX 5090,9.2986,48.7383,60.81615447998047,machine,0.0,0.0,0.0,0.0,N
gradient_updates_64,2026-09-19T06:57:03,tdmpc2_Ant-v5_seed958,ca878388-c102-443c-b8af-0a413301f3f9,10.982850254993537,0.00016149127849585457,1.4703950642923548e-05,30.62905639416636,118.38765564152808,20.0,8.355742267921601e-05,0.0002793474456996847,6.1012387155561995e-05,0.00042391725553446447,0.0,Germany,DEU,baden-wurttemberg,,,Linux-7.0.0-31-generic-x86_64-with-glibc2.43,3.14.4,3.3.0,24,Intel(R) Core(TM) Ultra 9 285K,1,1 x NVIDIA GeForce RTX 5090,9.2986,48.7383,60.81615447998047,machine,0.0,0.0,0.0,0.0,N
rollout_65,2026-09-19T06:57:10,tdmpc2_Ant-v5_seed958,ca878388-c102-443c-b8af-0a413301f3f9,7.355888435995439,0.00015850368418262456,2.1547869378845365e-05,30.61162152763485,118.61525728766635,20.0,7.054631004811684e-05,0.00030466552150976156,4.086293988883778e-05,0.00041607477144671445,0.0,Germany,DEU,baden-wurttemberg,,,Linux-7.0.0-31-generic-x86_64-with-glibc2.43,3.14.4,3.3.0,24,Intel(R) Core(TM) Ultra 9 285K,1,1 x NVIDIA GeForce RTX 5090,9.2986,48.7383,60.81615447998047,machine,0.0,0.0,0.0,0.0,N
gradient_updates_65,2026-09-19T06:57:21,tdmpc2_Ant-v5_seed958,ca878388-c102-443c-b8af-0a413301f3f9,10.988263560997439,0.00016103084179307572,1.4654780152235112e-05,30.635601963439687,118.41259711078031,20.0,8.377592813180179e-05,0.00027789355564822316,6.103911785556009e-05,0.00042270860163558244,0.0,Germany,DEU,baden-wurttemberg,,,Linux-7.0.0-31-generic-x86_64-with-glibc2.43,3.14.4,3.3.0,24,Intel(R) Core(TM) Ultra 9 285K,1,1 x NVIDIA GeForce RTX 5090,9.2986,48.7383,60.81615447998047,machine,0.0,0.0,0.0,0.0,N
rollout_66,2026-09-19T06:57:29,tdmpc2_Ant-v5_seed958,ca878388-c102-443c-b8af-0a413301f3f9,7.363474240002688,0.0001578053210572368,2.143084491603802e-05,30.619228269429843,118.62471959060969,20.0,7.170923097844784e-05,0.0003016269079676448,4.090541783888409e-05,0.000414241556784975,0.0,Germany,DEU,baden-wurttemberg,,,Linux-7.0.0-31-generic-x86_64-with-glibc2.43,3.14.4,3.3.0,24,Intel(R) Core(TM) Ultra 9 285K,1,1 x NVIDIA GeForce RTX 5090,9.2986,48.7383,60.81615447998047,machine,0.0,0.0,0.0,0.0,N
gradient_updates_66,2026-09-19T06:57:40,tdmpc2_Ant-v5_seed958,ca878388-c102-443c-b8af-0a413301f3f9,10.994018986006267,0.0001617271385778163,1.4710468957865684e-05,30.646345341848818,118.42838845368424,20.0,8.394650410159521e-05,0.000279514945834336,6.107494218328315e-05,0.00042453639211921523,0.0,Germany,DEU,baden-wurttemberg,,,Linux-7.0.0-31-generic-x86_64-with-glibc2.43,3.14.4,3.3.0,24,Intel(R) Core(TM) Ultra 9 285K,1,1 x NVIDIA GeForce RTX 5090,9.2986,48.7383,60.81615447998047,machine,0.0,0.0,0.0,0.0,N
rollout_67,2026-09-19T06:57:47,tdmpc2_Ant-v5_seed958,ca878388-c102-443c-b8af-0a413301f3f9,7.354257682993193,0.00015919289999732217,2.164636963206079e-05,30.630437994699744,118.65164971935174,20.0,7.171982737582544e-05,0.00030530996646982445,4.0854180422158874e-05,0.00041788397426780616,0.0,Germany,DEU,baden-wurttemberg,,,Linux-7.0.0-31-generic-x86_64-with-glibc2.43,3.14.4,3.3.0,24,Intel(R) Core(TM) Ultra 9 285K,1,1 x NVIDIA GeForce RTX 5090,9.2986,48.7383,60.81615447998047,machine,0.0,0.0,0.0,0.0,N
gradient_updates_67,2026-09-19T06:57:58,tdmpc2_Ant-v5_seed958,ca878388-c102-443c-b8af-0a413301f3f9,10.96304263600905,0.0001603857369950161,1.4629682522351616e-05,30.656948043099938,118.45754535055943,20.0,8.155172607465788e-05,0.0002785610561821805,6.090240870002591e-05,0.0004210151909568652,0.0,Germany,DEU,baden-wurttemberg,,,Linux-7.0.0-31-generic-x86_64-with-glibc2.43,3.14.4,3.3.0,24,Intel(R) Core(TM) Ultra 9 285K,1,1 x NVIDIA GeForce RTX 5090,9.2986,48.7383,60.81615447998047,machine,0.0,0.0,0.0,0.0,N
rollout_68,2026-09-19T06:58:05,tdmpc2_Ant-v5_seed958,ca878388-c102-443c-b8af-0a413301f3f9,7.372545456993976,0.00015616087160839898,2.118142566562844e-05,30.63502089267969,118.66044934117745,20.0,6.780139424107656e-05,0.00030116746315567156,4.0955992605611925e-05,0.0004099248500023592,0.0,Germany,DEU,baden-wurttemberg,,,Linux-7.0.0-31-generic-x86_64-with-glibc2.43,3.14.4,3.3.0,24,Intel(R) Core(TM) Ultra 9 285K,1,1 x NVIDIA GeForce RTX 5090,9.2986,48.7383,60.81615447998047,machine,0.0,0.0,0.0,0.0,N
gradient_updates_68,2026-09-19T06:58:16,tdmpc2_Ant-v5_seed958,ca878388-c102-443c-b8af-0a413301f3f9,10.368004544987343,0.00015373710570445662,1.4828049222100396e-05,30.64823963602469,118.48309079009601,20.0,7.676881613723208e-05,0.000269196882024314,5.759672657780664e-05,0.000403562424739351,0.0,Germany,DEU,baden-wurttemberg,,,Linux-7.0.0-31-generic-x86_64-with-glibc2.43,3.14.4,3.3.0,24,Intel(R) Core(TM) Ultra 9 285K,1,1 x NVIDIA GeForce RTX 5090,9.2986,48.7383,60.81615447998047,machine,0.0,0.0,0.0,0.0,N
rollout_69,2026-09-19T06:58:23,tdmpc2_Ant-v5_seed958,ca878388-c102-443c-b8af-0a413301f3f9,7.37342785699002,0.00015737488553463352,2.1343528284681163e-05,30.62593209473953,118.6936125743872,20.0,6.783526871261686e-05,0.0003043157990081369,4.096058875551964e-05,0.0004131116564762699,0.0,Germany,DEU,baden-wurttemberg,,,Linux-7.0.0-31-generic-x86_64-with-glibc2.43,3.14.4,3.3.0,24,Intel(R) Core(TM) Ultra 9 285K,1,1 x NVIDIA GeForce RTX 5090,9.2986,48.7383,60.81615447998047,machine,0.0,0.0,0.0,0.0,N
gradient_updates_69,2026-09-19T06:58:33,tdmpc2_Ant-v5_seed958,ca878388-c102-443c-b8af-0a413301f3f9,9.56918413900712,0.00014826002648190076,1.5493458306602042e-05,30.6417961280314,118.5312288806669,20.0,8.269765921362776e-05,0.00025332909155206806,5.3158251155561824e-05,0.00038918500192125505,0.0,Germany,DEU,baden-wurttemberg,,,Linux-7.0.0-31-generic-x86_64-with-glibc2.43,3.14.4,3.3.0,24,Intel(R) Core(TM) Ultra 9 285K,1,1 x NVIDIA GeForce RTX 5090,9.2986,48.7383,60.81615447998047,machine,0.0,0.0,0.0,0.0,N
rollout_70,2026-09-19T06:58:40,tdmpc2_Ant-v5_seed958,ca878388-c102-443c-b8af-0a413301f3f9,7.38670973200351,0.00015754359093709397,2.132798300159813e-05,30.64835674216258,118.72437350525225,20.0,7.18534263715806e-05,0.0003006655183095397,4.103556624443852e-05,0.0004135545109255623,0.0,Germany,DEU,baden-wurttemberg,,,Linux-7.0.0-31-generic-x86_64-with-glibc2.43,3.14.4,3.3.0,24,Intel(R) Core(TM) Ultra 9 285K,1,1 x NVIDIA GeForce RTX 5090,9.2986,48.7383,60.81615447998047,machine,0.0,0.0,0.0,0.0,N
gradient_updates_70,2026-09-19T06:58:50,tdmpc2_Ant-v5_seed958,ca878388-c102-443c-b8af-0a413301f3f9,9.601532351996866,0.00014804328117870927,1.5418719458820513e-05,30.675122117764186,118.56339715586626,20.0,8.132533700466044e-05,0.0002539521476063733,5.333855733333573e-05,0.00038861604194437294,0.0,Germany,DEU,baden-wurttemberg,,,Linux-7.0.0-31-generic-x86_64-with-glibc2.43,3.14.4,3.3.0,24,Intel(R) Core(TM) Ultra 9 285K,1,1 x NVIDIA GeForce RTX 5090,9.2986,48.7383,60.81615447998047,machine,0.0,0.0,0.0,0.0,N
rollout_71,2026-09-19T06:58:57,tdmpc2_Ant-v5_seed958,ca878388-c102-443c-b8af-0a413301f3f9,7.350128888996551,0.00015675544958283771,2.132690863576811e-05,30.677090263908305,118.7583792053598,20.0,7.007954467470878e-05,0.00030057468490429784,4.083139736111609e-05,0.00041148562694011404,0.0,Germany,DEU,baden-wurttemberg,,,Linux-7.0.0-31-generic-x86_64-with-glibc2.43,3.14.4,3.3.0,24,Intel(R) Core(TM) Ultra 9 285K,1,1 x NVIDIA GeForce RTX 5090,9.2986,48.7383,60.81615447998047,machine,0.0,0.0,0.0,0.0,N
gradient_updates_71,2026-09-19T06:59:06,tdmpc2_Ant-v5_seed958,ca878388-c102-443c-b8af-0a413301f3f9,9.606018580001546,0.00014806103151639854,1.5413370170231788e-05,30.699182443736717,118.59799754751876,20.0,8.176141540907483e-05,0.0002535377028296537,5.3363518633300216e-05,0.0003886626368720253,0.0,Germany,DEU,baden-wurttemberg,,,Linux-7.0.0-31-generic-x86_64-with-glibc2.43,3.14.4,3.3.0,24,Intel(R) Core(TM) Ultra 9 285K,1,1 x NVIDIA GeForce RTX 5090,9.2986,48.7383,60.81615447998047,machine,0.0,0.0,0.0,0.0,N
rollout_72,2026-09-19T06:59:14,tdmpc2_Ant-v5_seed958,ca878388-c102-443c-b8af-0a413301f3f9,7.355442361003952,0.00015788762461896658,2.1465420113788615e-05,30.70155895454889,118.80101728492092,20.0,6.945602056477457e-05,0.00030413663219786,4.086495222218288e-05,0.0004144576049848192,0.0,Germany,DEU,baden-wurttemberg,,,Linux-7.0.0-31-generic-x86_64-with-glibc2.43,3.14.4,3.3.0,24,Intel(R) Core(TM) Ultra 9 285K,1,1 x NVIDIA GeForce RTX 5090,9.2986,48.7383,60.81615447998047,machine,0.0,0.0,0.0,0.0,N
gradient_updates_72,2026-09-19T06:59:23,tdmpc2_Ant-v5_seed958,ca878388-c102-443c-b8af-0a413301f3f9,9.602422373005538,0.0001479649834725573,1.540913957192736e-05,30.721153064564138,118.64263672039412,20.0,8.156501830752089e-05,0.00025350186946804243,5.33436214055754e-05,0.0003884105091811474,0.0,Germany,DEU,baden-wurttemberg,,,Linux-7.0.0-31-generic-x86_64-with-glibc2.43,3.14.4,3.3.0,24,Intel(R) Core(TM) Ultra 9 285K,1,1 x NVIDIA GeForce RTX 5090,9.2986,48.7383,60.81615447998047,machine,0.0,0.0,0.0,0.0,N
rollout_73,2026-09-19T06:59:31,tdmpc2_Ant-v5_seed958,ca878388-c102-443c-b8af-0a413301f3f9,7.380149689997779,0.0001580024723629933,2.1409131178756294e-05,30.722825731648793,118.8406132370502,20.0,6.926881263722567e-05,0.0003044919102599408,4.099835929996e-05,0.00041475908219712476,0.0,Germany,DEU,baden-wurttemberg,,,Linux-7.0.0-31-generic-x86_64-with-glibc2.43,3.14.4,3.3.0,24,Intel(R) Core(TM) Ultra 9 285K,1,1 x NVIDIA GeForce RTX 5090,9.2986,48.7383,60.81615447998047,machine,0.0,0.0,0.0,0.0,N
gradient_updates_73,2026-09-19T06:59:40,tdmpc2_Ant-v5_seed958,ca878388-c102-443c-b8af-0a413301f3f9,9.590240965000703,0.00014830147746265968,1.5463760182268154e-05,30.740906484949512,118.68667196159885,20.0,8.17811840360047e-05,0.00025423714783423534,5.327547955554651e-05,0.00038929381142580044,0.0,Germany,DEU,baden-wurttemberg,,,Linux-7.0.0-31-generic-x86_64-with-glibc2.43,3.14.4,3.3.0,24,Intel(R) Core(TM) Ultra 9 285K,1,1 x NVIDIA GeForce RTX 5090,9.2986,48.7383,60.81615447998047,machine,0.0,0.0,0.0,0.0,N
rollout_74,2026-09-19T06:59:48,tdmpc2_Ant-v5_seed958,ca878388-c102-443c-b8af-0a413301f3f9,7.34394912100106,0.00015736852498119888,2.14283347558227e-05,30.743380499534712,118.88073096262839,20.0,6.959760484470667e-05,0.00030269690882445133,4.0800446249987174e-05,0.0004130949599191469,0.0,Germany,DEU,baden-wurttemberg,,,Linux-7.0.0-31-generic-x86_64-with-glibc2.43,3.14.4,3.3.0,24,Intel(R) Core(TM) Ultra 9 285K,1,1 x NVIDIA GeForce RTX 5090,9.2986,48.7383,60.81615447998047,machine,0.0,0.0,0.0,0.0,N
gradient_updates_74,2026-09-19T06:59:57,tdmpc2_Ant-v5_seed958,ca878388-c102-443c-b8af-0a413301f3f9,9.593023497000104,0.0001489243450896252,1.5524246480180923e-05,30.762955827468424,118.73271555888064,20.0,8.165246782192159e-05,0.0002559929825713958,5.328339877224732e-05,0.0003909288491655699,0.0,Germany,DEU,baden-wurttemberg,,,Linux-7.0.0-31-generic-x86_64-with-glibc2.43,3.14.4,3.3.0,24,Intel(R) Core(TM) Ultra 9 285K,1,1 x NVIDIA GeForce RTX 5090,9.2986,48.7383,60.81615447998047,machine,0.0,0.0,0.0,0.0,N
rollout_75,2026-09-19T07:00:05,tdmpc2_Ant-v5_seed958,ca878388-c102-443c-b8af-0a413301f3f9,7.38365666300524,0.00015857971295721654,2.147712958043025e-05,30.76508831677796,118.92579873416905,20.0,7.036622295959749e-05,0.00030489024391222586,4.10178813555432e-05,0.00041627434822737175,0.0,Germany,DEU,baden-wurttemberg,,,Linux-7.0.0-31-generic-x86_64-with-glibc2.43,3.14.4,3.3.0,24,Intel(R) Core(TM) Ultra 9 285K,1,1 x NVIDIA GeForce RTX 5090,9.2986,48.7383,60.81615447998047,machine,0.0,0.0,0.0,0.0,N
gradient_updates_75,2026-09-19T07:00:14,tdmpc2_Ant-v5_seed958,ca878388-c102-443c-b8af-0a413301f3f9,9.605644448005478,0.00014869801000110677,1.5480289144316885e-05,30.78544916595424,118.776035108392,20.0,8.200250393528008e-05,0.00025497075953184734,5.3361452377753346e-05,0.00039033471584487556,0.0,Germany,DEU,baden-wurttemberg,,,Linux-7.0.0-31-generic-x86_64-with-glibc2.43,3.14.4,3.3.0,24,Intel(R) Core(TM) Ultra 9 285K,1,1 x NVIDIA GeForce RTX 5090,9.2986,48.7383,60.81615447998047,machine,0.0,0.0,0.0,0.0,N
rollout_76,2026-09-19T07:00:22,tdmpc2_Ant-v5_seed958,ca878388-c102-443c-b8af-0a413301f3f9,7.350555088996771,0.00015660954856766898,2.130581746316849e-05,30.787389456346475,118.96030234927416,20.0,6.869518467832875e-05,0.00030157357459215106,4.083387511111258e-05,0.00041110263438159933,0.0,Germany,DEU,baden-wurttemberg,,,Linux-7.0.0-31-generic-x86_64-with-glibc2.43,3.14.4,3.3.0,24,Intel(R) Core(TM) Ultra 9 285K,1,1 x NVIDIA GeForce RTX 5090,9.2986,48.7383,60.81615447998047,machine,0.0,0.0,0.0,0.0,N
gradient_updates_76,2026-09-19T07:00:31,tdmpc2_Ant-v5_seed958,ca878388-c102-443c-b8af-0a413301f3f9,9.60993341699941,0.00014989304935197553,1.5597733478609883e-05,30.803490297640526,118.82006139069418,20.0,8.169921063709562e-05,0.0002583882622655409,5.338424084450934e-05,0.00039347171374715106,0.0,Germany,DEU,baden-wurttemberg,,,Linux-7.0.0-31-generic-x86_64-with-glibc2.43,3.14.4,3.3.0,24,Intel(R) Core(TM) Ultra 9 285K,1,1 x NVIDIA GeForce RTX 5090,9.2986,48.7383,60.81615447998047,machine,0.0,0.0,0.0,0.0,N
rollout_77,2026-09-19T07:00:39,tdmpc2_Ant-v5_seed958,ca878388-c102-443c-b8af-0a413301f3f9,7.377199392998591,0.0001558955063273408,2.1132083232455904e-05,30.80399961422184,118.99614653873775,20.0,6.739846114094811e-05,0.00030084774067828945,4.098205996666028e-05,0.00040922826178591,0.0,Germany,DEU,baden-wurttemberg,,,Linux-7.0.0-31-generic-x86_64-with-glibc2.43,3.14.4,3.3.0,24,Intel(R) Core(TM) Ultra 9 285K,1,1 x NVIDIA GeForce RTX 5090,9.2986,48.7383,60.81615447998047,machine,0.0,0.0,0.0,0.0,N
gradient_updates_77,2026-09-19T07:00:48,tdmpc2_Ant-v5_seed958,ca878388-c102-443c-b8af-0a413301f3f9,9.63355236001371,0.00014951580069274759,1.5520282450428356e-05,30.815506735504634,118.85330935800457,20.0,8.170314397356465e-05,0.0002572618724761,5.3516413377736535e-05,0.000392481429827396,0.0,Germany,DEU,baden-wurttemberg,,,Linux-7.0.0-31-generic-x86_64-with-glibc2.43,3.14.4,3.3.0,24,Intel(R) Core(TM) Ultra 9 285K,1,1 x NVIDIA GeForce RTX 5090,9.2986,48.7383,60.81615447998047,machine,0.0,0.0,0.0,0.0,N
rollout_78,2026-09-19T07:00:56,tdmpc2_Ant-v5_seed958,ca878388-c102-443c-b8af-0a413301f3f9,7.352065207989654,0.00015599099725452717,2.121731036227805e-05,30.81570417162646,119.03064093320639,20.0,6.761396575780121e-05,0.00030102218526195657,4.0842776016668594e-05,0.00040947892703642463,0.0,Germany,DEU,baden-wurttemberg,,,Linux-7.0.0-31-generic-x86_64-with-glibc2.43,3.14.4,3.3.0,24,Intel(R) Core(TM) Ultra 9 285K,1,1 x NVIDIA GeForce RTX 5090,9.2986,48.7383,60.81615447998047,machine,0.0,0.0,0.0,0.0,N
gradient_updates_78,2026-09-19T07:01:05,tdmpc2_Ant-v5_seed958,ca878388-c102-443c-b8af-0a413301f3f9,9.736445826012641,0.00014715243323607657,1.51135793432265e-05,30.826252585260047,118.88518088445714,20.0,7.400955726315217e-05,0.00025818020654400087,5.408778767224294e-05,0.00038627755147939424,0.0,Germany,DEU,baden-wurttemberg,,,Linux-7.0.0-31-generic-x86_64-with-glibc2.43,3.14.4,3.3.0,24,Intel(R) Core(TM) Ultra 9 285K,1,1 x NVIDIA GeForce RTX 5090,9.2986,48.7383,60.81615447998047,machine,0.0,0.0,0.0,0.0,N
rollout_79,2026-09-19T07:01:13,tdmpc2_Ant-v5_seed958,ca878388-c102-443c-b8af-0a413301f3f9,7.385770788998343,0.00015774432665143293,2.1357871444906256e-05,30.809582284528123,119.06671808864715,20.0,6.845482531937785e-05,0.0003045971881219245,4.10294320277501e-05,0.00041408144546904724,0.0,Germany,DEU,baden-wurttemberg,,,Linux-7.0.0-31-generic-x86_64-with-glibc2.43,3.14.4,3.3.0,24,Intel(R) Core(TM) Ultra 9 285K,1,1 x NVIDIA GeForce RTX 5090,9.2986,48.7383,60.81615447998047,machine,0.0,0.0,0.0,0.0,N
gradient_updates_79,2026-09-19T07:01:22,tdmpc2_Ant-v5_seed958,ca878388-c102-443c-b8af-0a413301f3f9,9.626803382998332,0.00014824659497800208,1.5399369193428558e-05,30.82354000482349,118.91847052353944,20.0,8.229957500627966e-05,0.0002533710360301811,5.3479132966700524e-05,0.00038914974400315605,0.0,Germany,DEU,baden-wurttemberg,,,Linux-7.0.0-31-generic-x86_64-with-glibc2.43,3.14.4,3.3.0,24,Intel(R) Core(TM) Ultra 9 285K,1,1 x NVIDIA GeForce RTX 5090,9.2986,48.7383,60.81615447998047,machine,0.0,0.0,0.0,0.0,N
rollout_80,2026-09-19T07:01:30,tdmpc2_Ant-v5_seed958,ca878388-c102-443c-b8af-0a413301f3f9,7.407749081001384,0.00015843262700038566,2.1387420229358605e-05,30.825623038526967,119.09570612084472,20.0,6.987467034413192e-05,0.00030486163277787526,4.1151942055553045e-05,0.0004158882451775481,0.0,Germany,DEU,baden-wurttemberg,,,Linux-7.0.0-31-generic-x86_64-with-glibc2.43,3.14.4,3.3.0,24,Intel(R) Core(TM) Ultra 9 285K,1,1 x NVIDIA GeForce RTX 5090,9.2986,48.7383,60.81615447998047,machine,0.0,0.0,0.0,0.0,N
gradient_updates_80,2026-09-19T07:01:40,tdmpc2_Ant-v5_seed958,ca878388-c102-443c-b8af-0a413301f3f9,9.663835016996018,0.00014729232515540633,1.524161480027904e-05,30.84115151760448,118.95377613641244,20.0,7.651916593750391e-05,0.0002564410384864324,5.368456563883267e-05,0.0003866447700627551,0.0,Germany,DEU,baden-wurttemberg,,,Linux-7.0.0-31-generic-x86_64-with-glibc2.43,3.14.4,3.3.0,24,Intel(R) Core(TM) Ultra 9 285K,1,1 x NVIDIA GeForce RTX 5090,9.2986,48.7383,60.81615447998047,machine,0.0,0.0,0.0,0.0,N
rollout_81,2026-09-19T07:01:47,tdmpc2_Ant-v5_seed958,ca878388-c102-443c-b8af-0a413301f3f9,7.35833711399755,0.00015707610905490652,2.1346695857175902e-05,30.831350637999154,119.12523202165772,20.0,6.979990222876625e-05,0.00030165024131978413,4.087721976660068e-05,0.00041232736331514586,0.0,Germany,DEU,baden-wurttemberg,,,Linux-7.0.0-31-generic-x86_64-with-glibc2.43,3.14.4,3.3.0,24,Intel(R) Core(TM) Ultra 9 285K,1,1 x NVIDIA GeForce RTX 5090,9.2986,48.7383,60.81615447998047,machine,0.0,0.0,0.0,0.0,N
gradient_updates_81,2026-09-19T07:01:57,tdmpc2_Ant-v5_seed958,ca878388-c102-443c-b8af-0a413301f3f9,9.630724849004764,0.00014951156826971748,1.5524389955156147e-05,30.84886726979712,118.98890206329031,20.0,8.156988414474015e-05,0.00025739965036386536,5.350078513891021e-05,0.0003924703196475088,0.0,Germany,DEU,baden-wurttemberg,,,Linux-7.0.0-31-generic-x86_64-with-glibc2.43,3.14.4,3.3.0,24,Intel(R) Core(TM) Ultra 9 285K,1,1 x NVIDIA GeForce RTX 5090,9.2986,48.7383,60.81615447998047,machine,0.0,0.0,0.0,0.0,N
rollout_82,2026-09-19T07:02:04,tdmpc2_Ant-v5_seed958,ca878388-c102-443c-b8af-0a413301f3f9,7.357217683005729,0.00015629906781666064,2.124433066361625e-05,30.848580735047037,119.15906969787486,20.0,6.748062120667808e-05,0.0003019355193263351,4.087147678332598e-05,0.0004102876173163461,0.0,Germany,DEU,baden-wurttemberg,,,Linux-7.0.0-31-generic-x86_64-with-glibc2.43,3.14.4,3.3.0,24,Intel(R) Core(TM) Ultra 9 285K,1,1 x NVIDIA GeForce RTX 5090,9.2986,48.7383,60.81615447998047,machine,0.0,0.0,0.0,0.0,N
gradient_updates_82,2026-09-19T07:02:14,tdmpc2_Ant-v5_seed958,ca878388-c102-443c-b8af-0a413301f3f9,9.718516973996884,0.0001477358519214808,1.5201492368721741e-05,30.85862006611582,119.01809176494609,20.0,7.685165453683723e-05,0.00025696881668579863,5.39885638777271e-05,0.000387809035100356,0.0,Germany,DEU,baden-wurttemberg,,,Linux-7.0.0-31-generic-x86_64-with-glibc2.43,3.14.4,3.3.0,24,Intel(R) Core(TM) Ultra 9 285K,1,1 x NVIDIA GeForce RTX 5090,9.2986,48.7383,60.81615447998047,machine,0.0,0.0,0.0,0.0,N
rollout_83,2026-09-19T07:02:21,tdmpc2_Ant-v5_seed958,ca878388-c102-443c-b8af-0a413301f3f9,7.342963735005469,0.00015775045214024355,2.148322179994219e-05,30.84819208843331,119.19721249356071,20.0,6.80809008535635e-05,0.00030522468862415053,4.079193549995537e-05,0.0004140975249776746,0.0,Germany,DEU,baden-wurttemberg,,,Linux-7.0.0-31-generic-x86_64-with-glibc2.43,3.14.4,3.3.0,24,Intel(R) Core(TM) Ultra 9 285K,1,1 x NVIDIA GeForce RTX 5090,9.2986,48.7383,60.81615447998047,machine,0.0,0.0,0.0,0.0,N
gradient_updates_83,2026-09-19T07:02:31,tdmpc2_Ant-v5_seed958,ca878388-c102-443c-b8af-0a413301f3f9,9.610645879001822,0.00014864953093394334,1.5467192174766178e-05,30.861143615128892,119.06073358314484,20.0,8.12865119736092e-05,0.00025553159331348496,5.338935221112055e-05,0.0003902074574982095,0.0,Germany,DEU,baden-wurttemberg,,,Linux-7.0.0-31-generic-x86_64-with-glibc2.43,3.14.4,3.3.0,24,Intel(R) Core(TM) Ultra 9 285K,1,1 x NVIDIA GeForce RTX 5090,9.2986,48.7383,60.81615447998047,machine,0.0,0.0,0.0,0.0,N
rollout_84,2026-09-19T07:02:38,tdmpc2_Ant-v5_seed958,ca878388-c102-443c-b8af-0a413301f3f9,7.374206898995908,0.00015804946050552646,2.1432751515892323e-05,30.860896144418266,119.23439883993439,20.0,6.85370870518523e-05,0.00030538357764031687,4.096176215001232e-05,0.000414882426842178,0.0,Germany,DEU,baden-wurttemberg,,,Linux-7.0.0-31-generic-x86_64-with-glibc2.43,3.14.4,3.3.0,24,Intel(R) Core(TM) Ultra 9 285K,1,1 x NVIDIA GeForce RTX 5090,9.2986,48.7383,60.81615447998047,machine,0.0,0.0,0.0,0.0,N
gradient_updates_84,2026-09-19T07:02:48,tdmpc2_Ant-v5_seed958,ca878388-c102-443c-b8af-0a413301f3f9,9.66137076599989,0.00014924399538617655,1.5447509231864057e-05,30.874294265348773,119.0957365798256,20.0,8.287048990744672e-05,0.00025522659306975726,5.3670853461113e-05,0.000391767936438317,0.0,Germany,DEU,baden-wurttemberg,,,Linux-7.0.0-31-generic-x86_64-with-glibc2.43,3.14.4,3.3.0,24,Intel(R) Core(TM) Ultra 9 285K,1,1 x NVIDIA GeForce RTX 5090,9.2986,48.7383,60.81615447998047,machine,0.0,0.0,0.0,0.0,N
rollout_85,2026-09-19T07:02:55,tdmpc2_Ant-v5_seed958,ca878388-c102-443c-b8af-0a413301f3f9,7.348751116005587,0.00015837019162699348,2.155064284116631e-05,30.876453222281114,119.27089091932459,20.0,6.923307288640712e-05,0.0003056674667560877,4.0823811655557596e-05,0.0004157243512980524,0.0,Germany,DEU,baden-wurttemberg,,,Linux-7.0.0-31-generic-x86_64-with-glibc2.43,3.14.4,3.3.0,24,Intel(R) Core(TM) Ultra 9 285K,1,1 x NVIDIA GeForce RTX 5090,9.2986,48.7383,60.81615447998047,machine,0.0,0.0,0.0,0.0,N
gradient_updates_85,2026-09-19T07:03:05,tdmpc2_Ant-v5_seed958,ca878388-c102-443c-b8af-0a413301f3f9,10.507566874002805,0.00015492102209291314,1.4743731179683366e-05,30.88986168872859,119.12046535765234,20.0,7.746202196956542e-05,0.00027083632777991085,5.8371874933314805e-05,0.000406670224682798,0.0,Germany,DEU,baden-wurttemberg,,,Linux-7.0.0-31-generic-x86_64-with-glibc2.43,3.14.4,3.3.0,24,Intel(R) Core(TM) Ultra 9 285K,1,1 x NVIDIA GeForce RTX 5090,9.2986,48.7383,60.81615447998047,machine,0.0,0.0,0.0,0.0,N
rollout_86,2026-09-19T07:03:13,tdmpc2_Ant-v5_seed958,ca878388-c102-443c-b8af-0a413301f3f9,7.382045723992633,0.00015791819387100253,2.139220082554422e-05,30.870094510585382,119.28796167470165,20.0,6.848300311969313e-05,0.00030504552181431777,4.100932483892816e-05,0.00041453784977293906,0.0,Germany,DEU,baden-wurttemberg,,,Linux-7.0.0-31-generic-x86_64-with-glibc2.43,3.14.4,3.3.0,24,Intel(R) Core(TM) Ultra 9 285K,1,1 x NVIDIA GeForce RTX 5090,9.2986,48.7383,60.81615447998047,machine,0.0,0.0,0.0,0.0,N
gradient_updates_86,2026-09-19T07:03:24,tdmpc2_Ant-v5_seed958,ca878388-c102-443c-b8af-0a413301f3f9,11.053473485007999,0.00016038510376616827,1.450994664320144e-05,30.880969182513898,119.127461374555,20.0,8.108409597833849e-05,0.0002785257783757267,6.140365436666656e-05,0.0004210135287207456,0.0,Germany,DEU,baden-wurttemberg,,,Linux-7.0.0-31-generic-x86_64-with-glibc2.43,3.14.4,3.3.0,24,Intel(R) Core(TM) Ultra 9 285K,1,1 x NVIDIA GeForce RTX 5090,9.2986,48.7383,60.81615447998047,machine,0.0,0.0,0.0,0.0,N
rollout_87,2026-09-19T07:03:31,tdmpc2_Ant-v5_seed958,ca878388-c102-443c-b8af-0a413301f3f9,7.367126311990432,0.0001572845399549494,2.1349509943562042e-05,30.860412436442925,119.29415853459639,20.0,6.711232563425679e-05,0.0003048357994241968,4.0926372788898865e-05,0.0004128744978473542,0.0,Germany,DEU,baden-wurttemberg,,,Linux-7.0.0-31-generic-x86_64-with-glibc2.43,3.14.4,3.3.0,24,Intel(R) Core(TM) Ultra 9 285K,1,1 x NVIDIA GeForce RTX 5090,9.2986,48.7383,60.81615447998047,machine,0.0,0.0,0.0,0.0,N
gradient_updates_87,2026-09-19T07:03:42,tdmpc2_Ant-v5_seed958,ca878388-c102-443c-b8af-0a413301f3f9,11.071424252004363,0.0001615034058099693,1.4587428780645268e-05,30.86841418554026,119.13633485332225,20.0,8.29456819120486e-05,0.0002794985569321007,6.150485108883004e-05,0.0004239490899329845,0.0,Germany,DEU,baden-wurttemberg,,,Linux-7.0.0-31-generic-x86_64-with-glibc2.43,3.14.4,3.3.0,24,Intel(R) Core(TM) Ultra 9 285K,1,1 x NVIDIA GeForce RTX 5090,9.2986,48.7383,60.81615447998047,machine,0.0,0.0,0.0,0.0,N
rollout_88,2026-09-19T07:03:50,tdmpc2_Ant-v5_seed958,ca878388-c102-443c-b8af-0a413301f3f9,7.360113009999623,0.00015591144450851843,2.1183306086335243e-05,30.850841727919917,119.29271763659317,20.0,6.6961043291007e-05,0.0003014224633597351,4.088659312223575e-05,0.0004092700997729848,0.0,Germany,DEU,baden-wurttemberg,,,Linux-7.0.0-31-generic-x86_64-with-glibc2.43,3.14.4,3.3.0,24,Intel(R) Core(TM) Ultra 9 285K,1,1 x NVIDIA GeForce RTX 5090,9.2986,48.7383,60.81615447998047,machine,0.0,0.0,0.0,0.0,N
gradient_updates_88,2026-09-19T07:04:01,tdmpc2_Ant-v5_seed958,ca878388-c102-443c-b8af-0a413301f3f9,11.02976521399978,0.00016071722548170395,1.4571235584231336e-05,30.858764460223142,119.13375260528153,20.0,8.377402924138189e-05,0.00027683799924815844,6.127332518339641e-05,0.000421885353672935,0.0,Germany,DEU,baden-wurttemberg,,,Linux-7.0.0-31-generic-x86_64-with-glibc2.43,3.14.4,3.3.0,24,Intel(R) Core(TM) Ultra 9 285K,1,1 x NVIDIA GeForce RTX 5090,9.2986,48.7383,60.81615447998047,machine,0.0,0.0,0.0,0.0,N
rollout_89,2026-09-19T07:04:08,tdmpc2_Ant-v5_seed958,ca878388-c102-443c-b8af-0a413301f3f9,7.36334387199895,0.00015688098387293264,2.130567085548054e-05,30.844044749958126,119.28813363786325,20.0,6.946754946288852e-05,0.0003014427411538456,4.090486589444081e-05,0.00041181515651117495,0.0,Germany,DEU,baden-wurttemberg,,,Linux-7.0.0-31-generic-x86_64-with-glibc2.43,3.14.4,3.3.0,24,Intel(R) Core(TM) Ultra 9 285K,1,1 x NVIDIA GeForce RTX 5090,9.2986,48.7383,60.81615447998047,machine,0.0,0.0,0.0,0.0,N
gradient_updates_89,2026-09-19T07:04:19,tdmpc2_Ant-v5_seed958,ca878388-c102-443c-b8af-0a413301f3f9,11.000409144995501,0.00016214684232189122,1.4740047858843849e-05,30.85756656492466,119.14081530726051,20.0,8.286347129072419e-05,0.0002816643919980599,6.111025804445176e-05,0.0004256381213332272,0.0,Germany,DEU,baden-wurttemberg,,,Linux-7.0.0-31-generic-x86_64-with-glibc2.43,3.14.4,3.3.0,24,Intel(R) Core(TM) Ultra 9 285K,1,1 x NVIDIA GeForce RTX 5090,9.2986,48.7383,60.81615447998047,machine,0.0,0.0,0.0,0.0,N
rollout_90,2026-09-19T07:04:27,tdmpc2_Ant-v5_seed958,ca878388-c102-443c-b8af-0a413301f3f9,7.431260266006575,0.0001590106406755172,2.1397543697997298e-05,30.84215512483708,119.29645622346072,20.0,7.074462298454348e-05,0.00030537607763436725,4.128483993893865e-05,0.00041740554055785806,0.0,Germany,DEU,baden-wurttemberg,,,Linux-7.0.0-31-generic-x86_64-with-glibc2.43,3.14.4,3.3.0,24,Intel(R) Core(TM) Ultra 9 285K,1,1 x NVIDIA GeForce RTX 5090,9.2986,48.7383,60.81615447998047,machine,0.0,0.0,0.0,0.0,N
gradient_updates_90,2026-09-19T07:04:38,tdmpc2_Ant-v5_seed958,ca878388-c102-443c-b8af-0a413301f3f9,11.023236124005052,0.00016112938396597304,1.461725618854094e-05,30.857248831383163,119.14539648985595,20.0,8.248976710287237e-05,0.0002792405011700083,6.123700818328262e-05,0.00042296727645615984,0.0,Germany,DEU,baden-wurttemberg,,,Linux-7.0.0-31-generic-x86_64-with-glibc2.43,3.14.4,3.3.0,24,Intel(R) Core(TM) Ultra 9 285K,1,1 x NVIDIA GeForce RTX 5090,9.2986,48.7383,60.81615447998047,machine,0.0,0.0,0.0,0.0,N
rollout_91,2026-09-19T07:04:45,tdmpc2_Ant-v5_seed958,ca878388-c102-443c-b8af-0a413301f3f9,7.352825878988369,0.0001585647175823511,2.156514990199232e-05,30.84085501176652,119.31039552663339,20.0,6.903067411338087e-05,0.0003063588561977859,4.084545481115691e-05,0.00041623498512233237,0.0,Germany,DEU,baden-wurttemberg,,,Linux-7.0.0-31-generic-x86_64-with-glibc2.43,3.14.4,3.3.0,24,Intel(R) Core(TM) Ultra 9 285K,1,1 x NVIDIA GeForce RTX 5090,9.2986,48.7383,60.81615447998047,machine,0.0,0.0,0.0,0.0,N
gradient_updates_91,2026-09-19T07:04:56,tdmpc2_Ant-v5_seed958,ca878388-c102-443c-b8af-0a413301f3f9,11.069156272002147,0.00015968893478845309,1.4426478481969963e-05,30.852932439259177,119.15802215874714,20.0,7.893439064746849e-05,0.0002787593896740326,6.149229341115454e-05,0.00041918607373264694,0.0,Germany,DEU,baden-wurttemberg,,,Linux-7.0.0-31-generic-x86_64-with-glibc2.43,3.14.4,3.3.0,24,Intel(R) Core(TM) Ultra 9 285K,1,1 x NVIDIA GeForce RTX 5090,9.2986,48.7383,60.81615447998047,machine,0.0,0.0,0.0,0.0,N
rollout_92,2026-09-19T07:05:03,tdmpc2_Ant-v5_seed958,ca878388-c102-443c-b8af-0a413301f3f9,7.3620668450021185,0.000157641801385857,2.141272911149735e-05,30.83033561185074,119.31783368077468,20.0,6.747933259453748e-05,0.0003054349665703171,4.089801579999948e-05,0.0004138123149648454,0.0,Germany,DEU,baden-wurttemberg,,,Linux-7.0.0-31-generic-x86_64-with-glibc2.43,3.14.4,3.3.0,24,Intel(R) Core(TM) Ultra 9 285K,1,1 x NVIDIA GeForce RTX 5090,9.2986,48.7383,60.81615447998047,machine,0.0,0.0,0.0,0.0,N
gradient_updates_92,2026-09-19T07:05:15,tdmpc2_Ant-v5_seed958,ca878388-c102-443c-b8af-0a413301f3f9,11.14962553800433,0.0001601927948204733,1.4367564920291503e-05,30.837712470647038,119.17329255210568,20.0,7.409727844443631e-05,0.0002844724497998996,6.193898633888827e-05,0.00042050871458321204,0.0,Germany,DEU,baden-wurttemberg,,,Linux-7.0.0-31-generic-x86_64-with-glibc2.43,3.14.4,3.3.0,24,Intel(R) Core(TM) Ultra 9 285K,1,1 x NVIDIA GeForce RTX 5090,9.2986,48.7383,60.81615447998047,machine,0.0,0.0,0.0,0.0,N
rollout_93,2026-09-19T07:05:22,tdmpc2_Ant-v5_seed958,ca878388-c102-443c-b8af-0a413301f3f9,7.367264597007306,0.00015651622091234635,2.1244817582349436e-05,30.8072871169415,119.32418079311603,20.0,6.707990921943352e-05,0.0003028505200579623,4.0927218477817065e-05,0.00041085764775521116,0.0,Germany,DEU,baden-wurttemberg,,,Linux-7.0.0-31-generic-x86_64-with-glibc2.43,3.14.4,3.3.0,24,Intel(R) Core(TM) Ultra 9 285K,1,1 x NVIDIA GeForce RTX 5090,9.2986,48.7383,60.81615447998047,machine,0.0,0.0,0.0,0.0,N
gradient_updates_93,2026-09-19T07:05:33,tdmpc2_Ant-v5_seed958,ca878388-c102-443c-b8af-0a413301f3f9,11.281103143002838,0.0001599926261437179,1.4182323002283028e-05,30.81322267767017,119.17729415191535,20.0,7.178296492632574e-05,0.0002855307839797483,6.266951961661146e-05,0.00041998326852268897,0.0,Germany,DEU,baden-wurttemberg,,,Linux-7.0.0-31-generic-x86_64-with-glibc2.43,3.14.4,3.3.0,24,Intel(R) Core(TM) Ultra 9 285K,1,1 x NVIDIA GeForce RTX 5090,9.2986,48.7383,60.81615447998047,machine,0.0,0.0,0.0,0.0,N
rollout_94,2026-09-19T07:05:41,tdmpc2_Ant-v5_seed958,ca878388-c102-443c-b8af-0a413301f3f9,7.37075656199886,0.00015774905665924197,2.140203110800788e-05,30.778559931752405,119.33482687845472,20.0,6.689768574032195e-05,0.00030624913388788144,4.094704218894282e-05,0.0004140938618171497,0.0,Germany,DEU,baden-wurttemberg,,,Linux-7.0.0-31-generic-x86_64-with-glibc2.43,3.14.4,3.3.0,24,Intel(R) Core(TM) Ultra 9 285K,1,1 x NVIDIA GeForce RTX 5090,9.2986,48.7383,60.81615447998047,machine,0.0,0.0,0.0,0.0,N
gradient_updates_94,2026-09-19T07:05:52,tdmpc2_Ant-v5_seed958,ca878388-c102-443c-b8af-0a413301f3f9,11.01960687499377,0.0001612911524704122,1.4636754008256141e-05,30.785818800945055,119.19074852090407,20.0,8.246231846979757e-05,0.00027971272377014245,6.121687919439893e-05,0.0004233919214343407,0.0,Germany,DEU,baden-wurttemberg,,,Linux-7.0.0-31-generic-x86_64-with-glibc2.43,3.14.4,3.3.0,24,Intel(R) Core(TM) Ultra 9 285K,1,1 x NVIDIA GeForce RTX 5090,9.2986,48.7383,60.81615447998047,machine,0.0,0.0,0.0,0.0,N
rollout_95,2026-09-19T07:05:59,tdmpc2_Ant-v5_seed958,ca878388-c102-443c-b8af-0a413301f3f9,7.359999478998361,0.00015805168824974125,2.1474422616987743e-05,30.77008366348077,119.34741066712436,20.0,6.788599569763909e-05,0.0003061163560040825,4.088592300556873e-05,0.00041488827470728684,0.0,Germany,DEU,baden-wurttemberg,,,Linux-7.0.0-31-generic-x86_64-with-glibc2.43,3.14.4,3.3.0,24,Intel(R) Core(TM) Ultra 9 285K,1,1 x NVIDIA GeForce RTX 5090,9.2986,48.7383,60.81615447998047,machine,0.0,0.0,0.0,0.0,N
gradient_updates_95,2026-09-19T07:06:10,tdmpc2_Ant-v5_seed958,ca878388-c102-443c-b8af-0a413301f3f9,11.027927519011428,0.00016138452699913236,1.4634176389298688e-05,30.77980486022434,119.20446250574507,20.0,8.257808134019134e-05,0.00027978911271953066,6.126983704444859e-05,0.0004236370311041654,0.0,Germany,DEU,baden-wurttemberg,,,Linux-7.0.0-31-generic-x86_64-with-glibc2.43,3.14.4,3.3.0,24,Intel(R) Core(TM) Ultra 9 285K,1,1 x NVIDIA GeForce RTX 5090,9.2986,48.7383,60.81615447998047,machine,0.0,0.0,0.0,0.0,N
rollout_96,2026-09-19T07:06:17,tdmpc2_Ant-v5_seed958,ca878388-c102-443c-b8af-0a413301f3f9,7.3488856949988985,0.00015882189512995276,2.1611699271583722e-05,30.764815367249177,119.36217109004978,20.0,6.936255243444878e-05,0.0003067255231585797,4.082200481110056e-05,0.00041691008040413424,0.0,Germany,DEU,baden-wurttemberg,,,Linux-7.0.0-31-generic-x86_64-with-glibc2.43,3.14.4,3.3.0,24,Intel(R) Core(TM) Ultra 9 285K,1,1 x NVIDIA GeForce RTX 5090,9.2986,48.7383,60.81615447998047,machine,0.0,0.0,0.0,0.0,N
gradient_updates_96,2026-09-19T07:06:28,tdmpc2_Ant-v5_seed958,ca878388-c102-443c-b8af-0a413301f3f9,11.017995454007178,0.00016090974163322086,1.4604265561982321e-05,30.777990944057947,119.21989467522042,20.0,8.209865095665236e-05,0.0002790841121558252,6.120794861668062e-05,0.00042239071172915643,0.0,Germany,DEU,baden-wurttemberg,,,Linux-7.0.0-31-generic-x86_64-with-glibc2.43,3.14.4,3.3.0,24,Intel(R) Core(TM) Ultra 9 285K,1,1 x NVIDIA GeForce RTX 5090,9.2986,48.7383,60.81615447998047,machine,0.0,0.0,0.0,0.0,N
rollout_97,2026-09-19T07:06:36,tdmpc2_Ant-v5_seed958,ca878388-c102-443c-b8af-0a413301f3f9,7.356024224005523,0.00015732380468223145,2.1387088927699203e-05,30.7627096402807,119.36438614075738,20.0,6.981599196385913e-05,0.0003023030196200871,4.085855681672246e-05,0.0004129775684006687,0.0,Germany,DEU,baden-wurttemberg,,,Linux-7.0.0-31-generic-x86_64-with-glibc2.43,3.14.4,3.3.0,24,Intel(R) Core(TM) Ultra 9 285K,1,1 x NVIDIA GeForce RTX 5090,9.2986,48.7383,60.81615447998047,machine,0.0,0.0,0.0,0.0,N
gradient_updates_97,2026-09-19T07:06:47,tdmpc2_Ant-v5_seed958,ca878388-c102-443c-b8af-0a413301f3f9,11.01141259301221,0.00016186455519627552,1.4699687249740453e-05,30.77678310614496,119.22616944611394,20.0,8.318949988488089e-05,0.0002805363355400381,6.117127757226774e-05,0.00042489711299718846,0.0,Germany,DEU,baden-wurttemberg,,,Linux-7.0.0-31-generic-x86_64-with-glibc2.43,3.14.4,3.3.0,24,Intel(R) Core(TM) Ultra 9 285K,1,1 x NVIDIA GeForce RTX 5090,9.2986,48.7383,60.81615447998047,machine,0.0,0.0,0.0,0.0,N
rollout_98,2026-09-19T07:06:54,tdmpc2_Ant-v5_seed958,ca878388-c102-443c-b8af-0a413301f3f9,7.337306435991195,0.00015750112663451277,2.146580732946967e-05,30.76303685795638,119.37474707124433,20.0,6.883017395298285e-05,0.00030385246530384435,4.076040217777452e-05,0.0004134430414346052,0.0,Germany,DEU,baden-wurttemberg,,,Linux-7.0.0-31-generic-x86_64-with-glibc2.43,3.14.4,3.3.0,24,Intel(R) Core(TM) Ultra 9 285K,1,1 x NVIDIA GeForce RTX 5090,9.2986,48.7383,60.81615447998047,machine,0.0,0.0,0.0,0.0,N
gradient_updates_98,2026-09-19T07:07:05,tdmpc2_Ant-v5_seed958,ca878388-c102-443c-b8af-0a413301f3f9,11.162597772010486,0.00015915432999701745,1.4257834042453619e-05,30.773650179210495,119.23550400489493,20.0,7.289241248054773e-05,0.00028288661519804137,6.200369970562475e-05,0.00041778272738421385,0.0,Germany,DEU,baden-wurttemberg,,,Linux-7.0.0-31-generic-x86_64-with-glibc2.43,3.14.4,3.3.0,24,Intel(R) Core(TM) Ultra 9 285K,1,1 x NVIDIA GeForce RTX 5090,9.2986,48.7383,60.81615447998047,machine,0.0,0.0,0.0,0.0,N
rollout_99,2026-09-19T07:07:13,tdmpc2_Ant-v5_seed958,ca878388-c102-443c-b8af-0a413301f3f9,7.3490590900037205,0.00015672920091281545,2.1326456403168245e-05,30.743930646952748,119.37787937714538,20.0,6.819668094618786e-05,0.00030239440858226274,4.082563422222463e-05,0.0004114167237506683,0.0,Germany,DEU,baden-wurttemberg,,,Linux-7.0.0-31-generic-x86_64-with-glibc2.43,3.14.4,3.3.0,24,Intel(R) Core(TM) Ultra 9 285K,1,1 x NVIDIA GeForce RTX 5090,9.2986,48.7383,60.81615447998047,machine,0.0,0.0,0.0,0.0,N
gradient_updates_99,2026-09-19T07:07:24,tdmpc2_Ant-v5_seed958,ca878388-c102-443c-b8af-0a413301f3f9,11.085345939005492,0.00015993005268784277,1.4427171081471583e-05,30.753473494293406,119.24092193961806,20.0,7.673760361225773e-05,0.0002815085585399224,6.157285002223595e-05,0.0004198190121744161,0.0,Germany,DEU,baden-wurttemberg,,,Linux-7.0.0-31-generic-x86_64-with-glibc2.43,3.14.4,3.3.0,24,Intel(R) Core(TM) Ultra 9 285K,1,1 x NVIDIA GeForce RTX 5090,9.2986,48.7383,60.81615447998047,machine,0.0,0.0,0.0,0.0,N
idle_baseline_tail,2026-09-19T07:08:54,tdmpc2_Ant-v5_seed958,ca878388-c102-443c-b8af-0a413301f3f9,90.00410215600277,0.0006534959647250538,7.260735663416397e-06,30.724505475478598,118.81932092896079,20.0,0.0003950825835658117,0.0008203414896059691,0.000500013555716659,0.0017154376288884415,0.0,Germany,DEU,baden-wurttemberg,,,Linux-7.0.0-31-generic-x86_64-with-glibc2.43,3.14.4,3.3.0,24,Intel(R) Core(TM) Ultra 9 285K,1,1 x NVIDIA GeForce RTX 5090,9.2986,48.7383,60.81615447998047,machine,0.0,0.0,0.0,0.0,N
