task_name,timestamp,project_name,run_id,duration,emissions,emissions_rate,cpu_power,gpu_power,ram_power,cpu_energy,gpu_energy,ram_energy,energy_consumed,water_consumed,country_name,country_iso_code,region,cloud_provider,cloud_region,os,python_version,codecarbon_version,cpu_count,cpu_model,gpu_count,gpu_model,longitude,latitude,ram_total_size,tracking_mode,cpu_utilization_percent,gpu_utilization_percent,ram_utilization_percent,ram_used_gb,on_cloud
idle_baseline_head,2026-09-17T18:21:31,mbpo_Ant-v5_seed14577,3a088b14-308d-4a82-afa7-336bf7a5986c,90.0027457340002,0.0005991264315134247,6.656756962037815e-06,11.78901809951889,12.916551696826765,20.0,0.0003875846484008051,0.0006679813677180624,0.0005171506960833237,0.001572716712202191,0.0,Germany,DEU,baden-wurttemberg,,,Linux-7.0.0-31-generic-x86_64-with-glibc2.43,3.14.4,3.3.0,24,Intel(R) Core(TM) Ultra 9 285K,1,1 x NVIDIA GeForce RTX 5090,9.2986,48.7383,60.81613540649414,machine,0.0,0.0,0.0,0.0,N
warmup_0,2026-09-17T18:21:32,mbpo_Ant-v5_seed14577,3a088b14-308d-4a82-afa7-336bf7a5986c,0.6743287430035707,7.587750662631752e-06,1.125214092452391e-05,20.18783828805216,25.022820372891328,20.0,6.9500780600605105e-06,9.222229599981091e-06,3.7456623166791337e-06,1.9917969976720844e-05,0.0,Germany,DEU,baden-wurttemberg,,,Linux-7.0.0-31-generic-x86_64-with-glibc2.43,3.14.4,3.3.0,24,Intel(R) Core(TM) Ultra 9 285K,1,1 x NVIDIA GeForce RTX 5090,9.2986,48.7383,60.81613540649414,machine,0.0,0.0,0.0,0.0,N
dynamics_model_update_0,2026-09-17T18:21:38,mbpo_Ant-v5_seed14577,3a088b14-308d-4a82-afa7-336bf7a5986c,5.7492402989992115,6.928240408472103e-05,1.205071981512594e-05,23.833297531414345,36.31412193281334,20.0,3.7847155833253127e-05,0.00011208286744401885,3.193742411666692e-05,0.0001818674473939388,0.0,Germany,DEU,baden-wurttemberg,,,Linux-7.0.0-31-generic-x86_64-with-glibc2.43,3.14.4,3.3.0,24,Intel(R) Core(TM) Ultra 9 285K,1,1 x NVIDIA GeForce RTX 5090,9.2986,48.7383,60.81613540649414,machine,0.0,0.0,0.0,0.0,N
rollout_0,2026-09-17T18:21:39,mbpo_Ant-v5_seed14577,3a088b14-308d-4a82-afa7-336bf7a5986c,0.4044702649989631,4.599469787207929e-06,1.137171962351549e-05,24.337911751964842,41.25972923865487,20.0,2.9757807139541015e-06,6.853061037981334e-06,2.244841900008246e-06,1.2073683651943681e-05,0.0,Germany,DEU,baden-wurttemberg,,,Linux-7.0.0-31-generic-x86_64-with-glibc2.43,3.14.4,3.3.0,24,Intel(R) Core(TM) Ultra 9 285K,1,1 x NVIDIA GeForce RTX 5090,9.2986,48.7383,60.81613540649414,machine,0.0,0.0,0.0,0.0,N
synthetic_rollout_generation_0,2026-09-17T18:21:39,mbpo_Ant-v5_seed14577,3a088b14-308d-4a82-afa7-336bf7a5986c,0.021959956000500824,1.1146896251911301e-07,5.077911962404301e-06,24.622596449788983,34.38310769887906,20.0,1.734412498621829e-07,0.0,1.1916660554969934e-07,2.9260785541188224e-07,0.0,Germany,DEU,baden-wurttemberg,,,Linux-7.0.0-31-generic-x86_64-with-glibc2.43,3.14.4,3.3.0,24,Intel(R) Core(TM) Ultra 9 285K,1,1 x NVIDIA GeForce RTX 5090,9.2986,48.7383,60.81613540649414,machine,0.0,0.0,0.0,0.0,N
gradient_updates_0,2026-09-17T18:21:43,mbpo_Ant-v5_seed14577,3a088b14-308d-4a82-afa7-336bf7a5986c,4.271603369001241,8.806189282146634e-05,2.0615664281791386e-05,24.83872840427933,50.66009046958998,20.0,3.145219155062037e-05,0.00017598236300797598,2.3729358872212006e-05,0.00023116391343080815,0.0,Germany,DEU,baden-wurttemberg,,,Linux-7.0.0-31-generic-x86_64-with-glibc2.43,3.14.4,3.3.0,24,Intel(R) Core(TM) Ultra 9 285K,1,1 x NVIDIA GeForce RTX 5090,9.2986,48.7383,60.81613540649414,machine,0.0,0.0,0.0,0.0,N
dynamics_model_update_1,2026-09-17T18:21:47,mbpo_Ant-v5_seed14577,3a088b14-308d-4a82-afa7-336bf7a5986c,4.376380199999403,5.443536008307786e-05,1.2438379418791993e-05,25.01146438925233,53.38147756414831,20.0,3.056211389411423e-05,8.802590375411867e-05,2.4305695655554393e-05,0.0001428937133037874,0.0,Germany,DEU,baden-wurttemberg,,,Linux-7.0.0-31-generic-x86_64-with-glibc2.43,3.14.4,3.3.0,24,Intel(R) Core(TM) Ultra 9 285K,1,1 x NVIDIA GeForce RTX 5090,9.2986,48.7383,60.81613540649414,machine,0.0,0.0,0.0,0.0,N
rollout_1,2026-09-17T18:21:48,mbpo_Ant-v5_seed14577,3a088b14-308d-4a82-afa7-336bf7a5986c,0.35761442100192653,4.02677582099064e-06,1.1259834388176999e-05,26.005966423525237,53.28448205604249,20.0,3.393124936721531e-06,5.197781935861734e-06,1.979445722220894e-06,1.0570352594804159e-05,0.0,Germany,DEU,baden-wurttemberg,,,Linux-7.0.0-31-generic-x86_64-with-glibc2.43,3.14.4,3.3.0,24,Intel(R) Core(TM) Ultra 9 285K,1,1 x NVIDIA GeForce RTX 5090,9.2986,48.7383,60.81613540649414,machine,0.0,0.0,0.0,0.0,N
synthetic_rollout_generation_1,2026-09-17T18:21:48,mbpo_Ant-v5_seed14577,3a088b14-308d-4a82-afa7-336bf7a5986c,0.007412843002384761,3.909404812060032e-08,5.272054212291066e-06,25.84411486934412,47.95603385043824,20.0,6.379866214836771e-08,0.0,3.8823855559025e-08,1.0262251770717587e-07,0.0,Germany,DEU,baden-wurttemberg,,,Linux-7.0.0-31-generic-x86_64-with-glibc2.43,3.14.4,3.3.0,24,Intel(R) Core(TM) Ultra 9 285K,1,1 x NVIDIA GeForce RTX 5090,9.2986,48.7383,60.81613540649414,machine,0.0,0.0,0.0,0.0,N
gradient_updates_1,2026-09-17T18:21:52,mbpo_Ant-v5_seed14577,3a088b14-308d-4a82-afa7-336bf7a5986c,4.277182210997125,8.822888089495115e-05,2.062783874197207e-05,25.764676058014274,57.017969202022684,20.0,3.245238623966404e-05,0.00017539069586813838,2.3759177755568444e-05,0.00023160225986337086,0.0,Germany,DEU,baden-wurttemberg,,,Linux-7.0.0-31-generic-x86_64-with-glibc2.43,3.14.4,3.3.0,24,Intel(R) Core(TM) Ultra 9 285K,1,1 x NVIDIA GeForce RTX 5090,9.2986,48.7383,60.81613540649414,machine,0.0,0.0,0.0,0.0,N
dynamics_model_update_2,2026-09-17T18:21:55,mbpo_Ant-v5_seed14577,3a088b14-308d-4a82-afa7-336bf7a5986c,3.236365045999264,4.10785171221596e-05,1.2692797706149598e-05,25.849627503293224,58.49237251312815,20.0,2.2696951213100475e-05,6.715727594786003e-05,1.797755423334213e-05,0.00010783178139430263,0.0,Germany,DEU,baden-wurttemberg,,,Linux-7.0.0-31-generic-x86_64-with-glibc2.43,3.14.4,3.3.0,24,Intel(R) Core(TM) Ultra 9 285K,1,1 x NVIDIA GeForce RTX 5090,9.2986,48.7383,60.81613540649414,machine,0.0,0.0,0.0,0.0,N
rollout_2,2026-09-17T18:21:56,mbpo_Ant-v5_seed14577,3a088b14-308d-4a82-afa7-336bf7a5986c,0.3555420639968361,4.017259309549242e-06,1.1298721528413721e-05,26.448864793468065,58.06872303911895,20.0,3.3411771173837146e-06,5.230281962087524e-06,1.9739125166678625e-06,1.0545371596139101e-05,0.0,Germany,DEU,baden-wurttemberg,,,Linux-7.0.0-31-generic-x86_64-with-glibc2.43,3.14.4,3.3.0,24,Intel(R) Core(TM) Ultra 9 285K,1,1 x NVIDIA GeForce RTX 5090,9.2986,48.7383,60.81613540649414,machine,0.0,0.0,0.0,0.0,N
synthetic_rollout_generation_2,2026-09-17T18:21:56,mbpo_Ant-v5_seed14577,3a088b14-308d-4a82-afa7-336bf7a5986c,0.007941255997138796,4.2415593103778404e-08,5.339081113720825e-06,26.35409564110451,53.92095710775332,20.0,6.946116668307689e-08,0.0,4.188046109953117e-08,1.1134162778260806e-07,0.0,Germany,DEU,baden-wurttemberg,,,Linux-7.0.0-31-generic-x86_64-with-glibc2.43,3.14.4,3.3.0,24,Intel(R) Core(TM) Ultra 9 285K,1,1 x NVIDIA GeForce RTX 5090,9.2986,48.7383,60.81613540649414,machine,0.0,0.0,0.0,0.0,N
gradient_updates_2,2026-09-17T18:22:00,mbpo_Ant-v5_seed14577,3a088b14-308d-4a82-afa7-336bf7a5986c,4.276371668998763,8.828142611537601e-05,2.0643999683294372e-05,26.29393692490022,60.21183610121097,20.0,3.182075823436256e-05,0.00017616014092802779,2.3759292766670974e-05,0.00023174019192906143,0.0,Germany,DEU,baden-wurttemberg,,,Linux-7.0.0-31-generic-x86_64-with-glibc2.43,3.14.4,3.3.0,24,Intel(R) Core(TM) Ultra 9 285K,1,1 x NVIDIA GeForce RTX 5090,9.2986,48.7383,60.81613540649414,machine,0.0,0.0,0.0,0.0,N
dynamics_model_update_3,2026-09-17T18:22:03,mbpo_Ant-v5_seed14577,3a088b14-308d-4a82-afa7-336bf7a5986c,3.0826621819978755,3.883398157331834e-05,1.2597456867554584e-05,26.300743794217947,61.055018141194466,20.0,2.168551540395261e-05,6.312505049999029e-05,1.712927285000968e-05,0.00010193983875395269,0.0,Germany,DEU,baden-wurttemberg,,,Linux-7.0.0-31-generic-x86_64-with-glibc2.43,3.14.4,3.3.0,24,Intel(R) Core(TM) Ultra 9 285K,1,1 x NVIDIA GeForce RTX 5090,9.2986,48.7383,60.81613540649414,machine,0.0,0.0,0.0,0.0,N
rollout_3,2026-09-17T18:22:03,mbpo_Ant-v5_seed14577,3a088b14-308d-4a82-afa7-336bf7a5986c,0.354963398000109,4.695233312858923e-06,1.3227091233586602e-05,26.735249100799386,61.65004871092324,20.0,3.340482116830079e-06,7.013894499974249e-06,1.9706878611032647e-06,1.2325064477907485e-05,0.0,Germany,DEU,baden-wurttemberg,,,Linux-7.0.0-31-generic-x86_64-with-glibc2.43,3.14.4,3.3.0,24,Intel(R) Core(TM) Ultra 9 285K,1,1 x NVIDIA GeForce RTX 5090,9.2986,48.7383,60.81613540649414,machine,0.0,0.0,0.0,0.0,N
synthetic_rollout_generation_3,2026-09-17T18:22:03,mbpo_Ant-v5_seed14577,3a088b14-308d-4a82-afa7-336bf7a5986c,0.009243253000022378,4.9881605312636704e-08,5.396544583198388e-06,26.70417787072934,58.225046004760834,20.0,8.205839897856837e-08,0.0,4.888163334217446e-08,1.3094003232074283e-07,0.0,Germany,DEU,baden-wurttemberg,,,Linux-7.0.0-31-generic-x86_64-with-glibc2.43,3.14.4,3.3.0,24,Intel(R) Core(TM) Ultra 9 285K,1,1 x NVIDIA GeForce RTX 5090,9.2986,48.7383,60.81613540649414,machine,0.0,0.0,0.0,0.0,N
gradient_updates_3,2026-09-17T18:22:08,mbpo_Ant-v5_seed14577,3a088b14-308d-4a82-afa7-336bf7a5986c,4.294279465000727,8.874192722763802e-05,2.066517654145167e-05,26.683860714352846,62.971556161450174,20.0,3.208690511394621e-05,0.00017700847493995475,2.3853634849991916e-05,0.00023294901490389288,0.0,Germany,DEU,baden-wurttemberg,,,Linux-7.0.0-31-generic-x86_64-with-glibc2.43,3.14.4,3.3.0,24,Intel(R) Core(TM) Ultra 9 285K,1,1 x NVIDIA GeForce RTX 5090,9.2986,48.7383,60.81613540649414,machine,0.0,0.0,0.0,0.0,N
dynamics_model_update_4,2026-09-17T18:22:10,mbpo_Ant-v5_seed14577,3a088b14-308d-4a82-afa7-336bf7a5986c,2.456846343997313,3.000558418666632e-05,1.2213043899866355e-05,26.664536922601524,63.337271890530566,20.0,1.715657928080816e-05,4.796142725804753e-05,1.3647144233335765e-05,7.876515077219134e-05,0.0,Germany,DEU,baden-wurttemberg,,,Linux-7.0.0-31-generic-x86_64-with-glibc2.43,3.14.4,3.3.0,24,Intel(R) Core(TM) Ultra 9 285K,1,1 x NVIDIA GeForce RTX 5090,9.2986,48.7383,60.81613540649414,machine,0.0,0.0,0.0,0.0,N
rollout_4,2026-09-17T18:22:10,mbpo_Ant-v5_seed14577,3a088b14-308d-4a82-afa7-336bf7a5986c,0.3522802439983934,4.703015222098103e-06,1.3349832255417874e-05,26.994272885574766,63.77033312311534,20.0,3.305912644725739e-06,7.083894555948156e-06,1.95568491665962e-06,1.2345492117333406e-05,0.0,Germany,DEU,baden-wurttemberg,,,Linux-7.0.0-31-generic-x86_64-with-glibc2.43,3.14.4,3.3.0,24,Intel(R) Core(TM) Ultra 9 285K,1,1 x NVIDIA GeForce RTX 5090,9.2986,48.7383,60.81613540649414,machine,0.0,0.0,0.0,0.0,N
synthetic_rollout_generation_4,2026-09-17T18:22:10,mbpo_Ant-v5_seed14577,3a088b14-308d-4a82-afa7-336bf7a5986c,0.009115896998991957,4.744617326931863e-08,5.205878460822438e-06,26.890757903819953,60.871681617519194,20.0,7.629367214032068e-08,0.0,4.8253311110257185e-08,1.2454698325057786e-07,0.0,Germany,DEU,baden-wurttemberg,,,Linux-7.0.0-31-generic-x86_64-with-glibc2.43,3.14.4,3.3.0,24,Intel(R) Core(TM) Ultra 9 285K,1,1 x NVIDIA GeForce RTX 5090,9.2986,48.7383,60.81613540649414,machine,0.0,0.0,0.0,0.0,N
gradient_updates_4,2026-09-17T18:22:15,mbpo_Ant-v5_seed14577,3a088b14-308d-4a82-afa7-336bf7a5986c,4.392743165000866,8.831133263086967e-05,2.010395553936423e-05,26.792729552855725,64.55886990671954,20.0,2.968003874401562e-05,0.000177737642189979,2.4401016088894606e-05,0.00023181869702288945,0.0,Germany,DEU,baden-wurttemberg,,,Linux-7.0.0-31-generic-x86_64-with-glibc2.43,3.14.4,3.3.0,24,Intel(R) Core(TM) Ultra 9 285K,1,1 x NVIDIA GeForce RTX 5090,9.2986,48.7383,60.81613540649414,machine,0.0,0.0,0.0,0.0,N
dynamics_model_update_5,2026-09-17T18:22:17,mbpo_Ant-v5_seed14577,3a088b14-308d-4a82-afa7-336bf7a5986c,1.768065303000185,2.1633577964438313e-05,1.223557177321711e-05,26.63605402119715,64.94911704054249,20.0,1.0695256333979886e-05,3.627864013411308e-05,9.814600616664393e-06,5.678849708475736e-05,0.0,Germany,DEU,baden-wurttemberg,,,Linux-7.0.0-31-generic-x86_64-with-glibc2.43,3.14.4,3.3.0,24,Intel(R) Core(TM) Ultra 9 285K,1,1 x NVIDIA GeForce RTX 5090,9.2986,48.7383,60.81613540649414,machine,0.0,0.0,0.0,0.0,N
rollout_5,2026-09-17T18:22:17,mbpo_Ant-v5_seed14577,3a088b14-308d-4a82-afa7-336bf7a5986c,0.37202338999850326,3.7998429406960535e-06,1.0213868294019301e-05,26.62882796265433,64.34975443719594,20.0,2.749171366004527e-06,5.160281906002595e-06,2.065196788882703e-06,9.974650060889934e-06,0.0,Germany,DEU,baden-wurttemberg,,,Linux-7.0.0-31-generic-x86_64-with-glibc2.43,3.14.4,3.3.0,24,Intel(R) Core(TM) Ultra 9 285K,1,1 x NVIDIA GeForce RTX 5090,9.2986,48.7383,60.81613540649414,machine,0.0,0.0,0.0,0.0,N
synthetic_rollout_generation_5,2026-09-17T18:22:17,mbpo_Ant-v5_seed14577,3a088b14-308d-4a82-afa7-336bf7a5986c,0.008565087999159005,4.649405239672347e-08,5.42907908813643e-06,26.607528388661056,61.87476388191918,20.0,7.681950590227027e-08,0.0,4.522814443688565e-08,1.2204765033937276e-07,0.0,Germany,DEU,baden-wurttemberg,,,Linux-7.0.0-31-generic-x86_64-with-glibc2.43,3.14.4,3.3.0,24,Intel(R) Core(TM) Ultra 9 285K,1,1 x NVIDIA GeForce RTX 5090,9.2986,48.7383,60.81613540649414,machine,0.0,0.0,0.0,0.0,N
gradient_updates_5,2026-09-17T18:22:21,mbpo_Ant-v5_seed14577,3a088b14-308d-4a82-afa7-336bf7a5986c,4.314143454997975,8.960382299174783e-05,2.0769795078083582e-05,26.596968570633035,65.10048814785816,20.0,3.274504925157226e-05,0.000178502087245902,2.3964368927772788e-05,0.00023521150542524715,0.0,Germany,DEU,baden-wurttemberg,,,Linux-7.0.0-31-generic-x86_64-with-glibc2.43,3.14.4,3.3.0,24,Intel(R) Core(TM) Ultra 9 285K,1,1 x NVIDIA GeForce RTX 5090,9.2986,48.7383,60.81613540649414,machine,0.0,0.0,0.0,0.0,N
dynamics_model_update_6,2026-09-17T18:22:26,mbpo_Ant-v5_seed14577,3a088b14-308d-4a82-afa7-336bf7a5986c,5.10678636800003,6.304242583643157e-05,1.2344835491084978e-05,26.61035090625302,65.3249185039697,20.0,3.5861990634013935e-05,0.0001012564698940066,2.8368941588875415e-05,0.00016548740211689596,0.0,Germany,DEU,baden-wurttemberg,,,Linux-7.0.0-31-generic-x86_64-with-glibc2.43,3.14.4,3.3.0,24,Intel(R) Core(TM) Ultra 9 285K,1,1 x NVIDIA GeForce RTX 5090,9.2986,48.7383,60.81613540649414,machine,0.0,0.0,0.0,0.0,N
rollout_6,2026-09-17T18:22:27,mbpo_Ant-v5_seed14577,3a088b14-308d-4a82-afa7-336bf7a5986c,0.3542646030000469,4.028450852992848e-06,1.1371005406497558e-05,26.886282855804808,64.88985764022473,20.0,3.4256938516614988e-06,5.1827819240735096e-06,1.966273805555866e-06,1.0574749581290874e-05,0.0,Germany,DEU,baden-wurttemberg,,,Linux-7.0.0-31-generic-x86_64-with-glibc2.43,3.14.4,3.3.0,24,Intel(R) Core(TM) Ultra 9 285K,1,1 x NVIDIA GeForce RTX 5090,9.2986,48.7383,60.81613540649414,machine,0.0,0.0,0.0,0.0,N
synthetic_rollout_generation_6,2026-09-17T18:22:27,mbpo_Ant-v5_seed14577,3a088b14-308d-4a82-afa7-336bf7a5986c,0.009205960002873326,4.644345170381689e-08,5.044343993814036e-06,26.815367703503732,62.726862385550575,20.0,7.697200602244103e-08,0.0,4.494281666766152e-08,1.219148226903194e-07,0.0,Germany,DEU,baden-wurttemberg,,,Linux-7.0.0-31-generic-x86_64-with-glibc2.43,3.14.4,3.3.0,24,Intel(R) Core(TM) Ultra 9 285K,1,1 x NVIDIA GeForce RTX 5090,9.2986,48.7383,60.81613540649414,machine,0.0,0.0,0.0,0.0,N
gradient_updates_6,2026-09-17T18:22:31,mbpo_Ant-v5_seed14577,3a088b14-308d-4a82-afa7-336bf7a5986c,4.2986959269983345,8.764551992986838e-05,2.0388879771741652e-05,26.760566575266036,65.41741547850532,20.0,3.1714404815950253e-05,0.00017447791735991647,2.3878605583336696e-05,0.00023007092775920298,0.0,Germany,DEU,baden-wurttemberg,,,Linux-7.0.0-31-generic-x86_64-with-glibc2.43,3.14.4,3.3.0,24,Intel(R) Core(TM) Ultra 9 285K,1,1 x NVIDIA GeForce RTX 5090,9.2986,48.7383,60.81613540649414,machine,0.0,0.0,0.0,0.0,N
dynamics_model_update_7,2026-09-17T18:22:36,mbpo_Ant-v5_seed14577,3a088b14-308d-4a82-afa7-336bf7a5986c,4.673528997998801,5.858065326374727e-05,1.2534501437875968e-05,26.744930293375184,65.66496227302557,20.0,3.26138241465955e-05,9.520007616004023e-05,2.5961275605550335e-05,0.00015377517591218595,0.0,Germany,DEU,baden-wurttemberg,,,Linux-7.0.0-31-generic-x86_64-with-glibc2.43,3.14.4,3.3.0,24,Intel(R) Core(TM) Ultra 9 285K,1,1 x NVIDIA GeForce RTX 5090,9.2986,48.7383,60.81613540649414,machine,0.0,0.0,0.0,0.0,N
rollout_7,2026-09-17T18:22:36,mbpo_Ant-v5_seed14577,3a088b14-308d-4a82-afa7-336bf7a5986c,0.3560974419997365,4.7270763118701774e-06,1.3274332574021382e-05,26.965144282729938,65.83450375980462,20.0,3.3842238184901563e-06,7.046950082023606e-06,1.9774789722255e-06,1.2408652872739588e-05,0.0,Germany,DEU,baden-wurttemberg,,,Linux-7.0.0-31-generic-x86_64-with-glibc2.43,3.14.4,3.3.0,24,Intel(R) Core(TM) Ultra 9 285K,1,1 x NVIDIA GeForce RTX 5090,9.2986,48.7383,60.81613540649414,machine,0.0,0.0,0.0,0.0,N
synthetic_rollout_generation_7,2026-09-17T18:22:36,mbpo_Ant-v5_seed14577,3a088b14-308d-4a82-afa7-336bf7a5986c,0.008503320001182146,4.888863389552328e-08,5.749807341398499e-06,26.84388691852047,63.89819482569272,20.0,7.564978274365863e-08,0.0,5.268368331596673e-08,1.2833346605973378e-07,0.0,Germany,DEU,baden-wurttemberg,,,Linux-7.0.0-31-generic-x86_64-with-glibc2.43,3.14.4,3.3.0,24,Intel(R) Core(TM) Ultra 9 285K,1,1 x NVIDIA GeForce RTX 5090,9.2986,48.7383,60.81613540649414,machine,0.0,0.0,0.0,0.0,N
gradient_updates_7,2026-09-17T18:22:40,mbpo_Ant-v5_seed14577,3a088b14-308d-4a82-afa7-336bf7a5986c,4.389266729998781,8.80882231394319e-05,2.0069040678553147e-05,26.73639606269588,66.23313114546924,20.0,2.932249206908516e-05,0.00017752875313392646,2.4381785744440618e-05,0.00023123303094745203,0.0,Germany,DEU,baden-wurttemberg,,,Linux-7.0.0-31-generic-x86_64-with-glibc2.43,3.14.4,3.3.0,24,Intel(R) Core(TM) Ultra 9 285K,1,1 x NVIDIA GeForce RTX 5090,9.2986,48.7383,60.81613540649414,machine,0.0,0.0,0.0,0.0,N
dynamics_model_update_8,2026-09-17T18:22:45,mbpo_Ant-v5_seed14577,3a088b14-308d-4a82-afa7-336bf7a5986c,4.773929410999699,5.7155950375866035e-05,1.1972513412115717e-05,26.650498029702888,66.36763498409476,20.0,2.9271900639723375e-05,9.424424206205817e-05,2.651916475553866e-05,0.00015003530745731977,0.0,Germany,DEU,baden-wurttemberg,,,Linux-7.0.0-31-generic-x86_64-with-glibc2.43,3.14.4,3.3.0,24,Intel(R) Core(TM) Ultra 9 285K,1,1 x NVIDIA GeForce RTX 5090,9.2986,48.7383,60.81613540649414,machine,0.0,0.0,0.0,0.0,N
rollout_8,2026-09-17T18:22:46,mbpo_Ant-v5_seed14577,3a088b14-308d-4a82-afa7-336bf7a5986c,0.3656011370003398,3.824301291610295e-06,1.046029357573783e-05,26.67595498119736,65.95288154688023,20.0,2.8218708686064686e-06,5.1850041480339115e-06,2.0319786166712005e-06,1.0038853633312014e-05,0.0,Germany,DEU,baden-wurttemberg,,,Linux-7.0.0-31-generic-x86_64-with-glibc2.43,3.14.4,3.3.0,24,Intel(R) Core(TM) Ultra 9 285K,1,1 x NVIDIA GeForce RTX 5090,9.2986,48.7383,60.81613540649414,machine,0.0,0.0,0.0,0.0,N
synthetic_rollout_generation_8,2026-09-17T18:22:46,mbpo_Ant-v5_seed14577,3a088b14-308d-4a82-afa7-336bf7a5986c,0.00845334699988598,4.345745315947197e-08,5.136582251558137e-06,26.596414473377376,64.2172794009097,20.0,6.91053330635627e-08,0.0,4.4971194458664e-08,1.1407652752200986e-07,0.0,Germany,DEU,baden-wurttemberg,,,Linux-7.0.0-31-generic-x86_64-with-glibc2.43,3.14.4,3.3.0,24,Intel(R) Core(TM) Ultra 9 285K,1,1 x NVIDIA GeForce RTX 5090,9.2986,48.7383,60.81613540649414,machine,0.0,0.0,0.0,0.0,N
gradient_updates_8,2026-09-17T18:22:50,mbpo_Ant-v5_seed14577,3a088b14-308d-4a82-afa7-336bf7a5986c,4.3340532910006,8.97970330651489e-05,2.0718970471170768e-05,26.54320592953213,66.35938018409523,20.0,3.3724543090720566e-05,0.00017791319788595938,2.4080944061117583e-05,0.00023571868503779753,0.0,Germany,DEU,baden-wurttemberg,,,Linux-7.0.0-31-generic-x86_64-with-glibc2.43,3.14.4,3.3.0,24,Intel(R) Core(TM) Ultra 9 285K,1,1 x NVIDIA GeForce RTX 5090,9.2986,48.7383,60.81613540649414,machine,0.0,0.0,0.0,0.0,N
dynamics_model_update_9,2026-09-17T18:22:53,mbpo_Ant-v5_seed14577,3a088b14-308d-4a82-afa7-336bf7a5986c,3.3875029549999454,4.197678149895235e-05,1.2391580222685418e-05,26.562069289752248,66.4975496332605,20.0,2.373849732411823e-05,6.76344985520716e-05,1.8816744244435995e-05,0.0001101897401206255,0.0,Germany,DEU,baden-wurttemberg,,,Linux-7.0.0-31-generic-x86_64-with-glibc2.43,3.14.4,3.3.0,24,Intel(R) Core(TM) Ultra 9 285K,1,1 x NVIDIA GeForce RTX 5090,9.2986,48.7383,60.81613540649414,machine,0.0,0.0,0.0,0.0,N
rollout_9,2026-09-17T18:22:54,mbpo_Ant-v5_seed14577,3a088b14-308d-4a82-afa7-336bf7a5986c,0.35137272299834876,3.982280857599144e-06,1.1333245562151437e-05,26.733204883208995,66.17781336659962,20.0,3.2963504148601774e-06,5.206948609948192e-06,1.950253561093041e-06,1.0453552585901194e-05,0.0,Germany,DEU,baden-wurttemberg,,,Linux-7.0.0-31-generic-x86_64-with-glibc2.43,3.14.4,3.3.0,24,Intel(R) Core(TM) Ultra 9 285K,1,1 x NVIDIA GeForce RTX 5090,9.2986,48.7383,60.81613540649414,machine,0.0,0.0,0.0,0.0,N
synthetic_rollout_generation_9,2026-09-17T18:22:54,mbpo_Ant-v5_seed14577,3a088b14-308d-4a82-afa7-336bf7a5986c,0.00854390099993907,4.5469365984830354e-08,5.321379896150468e-06,26.699485272789534,64.60215114358535,20.0,7.434394836552949e-08,0.0,4.5013883330632595e-08,1.1935783169637892e-07,0.0,Germany,DEU,baden-wurttemberg,,,Linux-7.0.0-31-generic-x86_64-with-glibc2.43,3.14.4,3.3.0,24,Intel(R) Core(TM) Ultra 9 285K,1,1 x NVIDIA GeForce RTX 5090,9.2986,48.7383,60.81613540649414,machine,0.0,0.0,0.0,0.0,N
gradient_updates_9,2026-09-17T18:22:58,mbpo_Ant-v5_seed14577,3a088b14-308d-4a82-afa7-336bf7a5986c,4.373136157999397,8.81896425124584e-05,2.01662683373401e-05,26.66598777242958,66.48467953670769,20.0,3.0416189332933136e-05,0.00017679097476597239,2.4292094366663007e-05,0.00023149925846556885,0.0,Germany,DEU,baden-wurttemberg,,,Linux-7.0.0-31-generic-x86_64-with-glibc2.43,3.14.4,3.3.0,24,Intel(R) Core(TM) Ultra 9 285K,1,1 x NVIDIA GeForce RTX 5090,9.2986,48.7383,60.81613540649414,machine,0.0,0.0,0.0,0.0,N
dynamics_model_update_10,2026-09-17T18:23:01,mbpo_Ant-v5_seed14577,3a088b14-308d-4a82-afa7-336bf7a5986c,3.308002412002679,4.043798760728929e-05,1.2224294377008877e-05,26.614364589986703,66.63326289961546,20.0,2.0683760991443978e-05,6.709144256200616e-05,1.837517735556399e-05,0.00010615038090901457,0.0,Germany,DEU,baden-wurttemberg,,,Linux-7.0.0-31-generic-x86_64-with-glibc2.43,3.14.4,3.3.0,24,Intel(R) Core(TM) Ultra 9 285K,1,1 x NVIDIA GeForce RTX 5090,9.2986,48.7383,60.81613540649414,machine,0.0,0.0,0.0,0.0,N
rollout_10,2026-09-17T18:23:02,mbpo_Ant-v5_seed14577,3a088b14-308d-4a82-afa7-336bf7a5986c,0.3803023660002509,4.600442707451864e-06,1.209660325257994e-05,26.626016957872974,66.64374066114716,20.0,2.882210639099103e-06,7.0833390000135665e-06,2.1106879444334533e-06,1.207623758354634e-05,0.0,Germany,DEU,baden-wurttemberg,,,Linux-7.0.0-31-generic-x86_64-with-glibc2.43,3.14.4,3.3.0,24,Intel(R) Core(TM) Ultra 9 285K,1,1 x NVIDIA GeForce RTX 5090,9.2986,48.7383,60.81613540649414,machine,0.0,0.0,0.0,0.0,N
synthetic_rollout_generation_10,2026-09-17T18:23:02,mbpo_Ant-v5_seed14577,3a088b14-308d-4a82-afa7-336bf7a5986c,0.008580026998970425,4.34968876659135e-08,5.0701748005647036e-06,26.550861575122312,65.19496369025265,20.0,6.8579499308552e-08,0.0,4.5600544439864527e-08,1.1418004374798285e-07,0.0,Germany,DEU,baden-wurttemberg,,,Linux-7.0.0-31-generic-x86_64-with-glibc2.43,3.14.4,3.3.0,24,Intel(R) Core(TM) Ultra 9 285K,1,1 x NVIDIA GeForce RTX 5090,9.2986,48.7383,60.81613540649414,machine,0.0,0.0,0.0,0.0,N
gradient_updates_10,2026-09-17T18:23:06,mbpo_Ant-v5_seed14577,3a088b14-308d-4a82-afa7-336bf7a5986c,4.315460042002087,8.863338348282261e-05,2.0538592166063257e-05,26.49957469510542,66.91574370998804,20.0,3.361174716715043e-05,0.00017508097339802298,2.397136522777144e-05,0.00023266408579294528,0.0,Germany,DEU,baden-wurttemberg,,,Linux-7.0.0-31-generic-x86_64-with-glibc2.43,3.14.4,3.3.0,24,Intel(R) Core(TM) Ultra 9 285K,1,1 x NVIDIA GeForce RTX 5090,9.2986,48.7383,60.81613540649414,machine,0.0,0.0,0.0,0.0,N
dynamics_model_update_11,2026-09-17T18:23:10,mbpo_Ant-v5_seed14577,3a088b14-308d-4a82-afa7-336bf7a5986c,3.4678078219985764,4.397025125831792e-05,1.2679469719254678e-05,26.51831235668156,67.0696462358742,20.0,2.4594005230745702e-05,7.15658905859895e-05,1.92627351277932e-05,0.00011542263094452797,0.0,Germany,DEU,baden-wurttemberg,,,Linux-7.0.0-31-generic-x86_64-with-glibc2.43,3.14.4,3.3.0,24,Intel(R) Core(TM) Ultra 9 285K,1,1 x NVIDIA GeForce RTX 5090,9.2986,48.7383,60.81613540649414,machine,0.0,0.0,0.0,0.0,N
rollout_11,2026-09-17T18:23:10,mbpo_Ant-v5_seed14577,3a088b14-308d-4a82-afa7-336bf7a5986c,0.3555777239998861,4.094648134352671e-06,1.1515099161150676e-05,26.68615932066367,66.80142418458779,20.0,3.451650816874152e-06,5.323059814044129e-06,1.9738078999983685e-06,1.074851853091665e-05,0.0,Germany,DEU,baden-wurttemberg,,,Linux-7.0.0-31-generic-x86_64-with-glibc2.43,3.14.4,3.3.0,24,Intel(R) Core(TM) Ultra 9 285K,1,1 x NVIDIA GeForce RTX 5090,9.2986,48.7383,60.81613540649414,machine,0.0,0.0,0.0,0.0,N
synthetic_rollout_generation_11,2026-09-17T18:23:10,mbpo_Ant-v5_seed14577,3a088b14-308d-4a82-afa7-336bf7a5986c,0.0088338340028713,4.599454584168147e-08,5.207584891112379e-06,26.648371192275643,65.46539570089604,20.0,7.458144855518323e-08,0.0,4.615498888182849e-08,1.2073643743722856e-07,0.0,Germany,DEU,baden-wurttemberg,,,Linux-7.0.0-31-generic-x86_64-with-glibc2.43,3.14.4,3.3.0,24,Intel(R) Core(TM) Ultra 9 285K,1,1 x NVIDIA GeForce RTX 5090,9.2986,48.7383,60.81613540649414,machine,0.0,0.0,0.0,0.0,N
gradient_updates_11,2026-09-17T18:23:14,mbpo_Ant-v5_seed14577,3a088b14-308d-4a82-afa7-336bf7a5986c,4.324437813997065,8.859072331273126e-05,2.04860820137632e-05,26.621445678354668,67.05257884503517,20.0,3.2675181417904375e-05,0.00017585541846198982,2.4021502266663745e-05,0.00023255210214655816,0.0,Germany,DEU,baden-wurttemberg,,,Linux-7.0.0-31-generic-x86_64-with-glibc2.43,3.14.4,3.3.0,24,Intel(R) Core(TM) Ultra 9 285K,1,1 x NVIDIA GeForce RTX 5090,9.2986,48.7383,60.81613540649414,machine,0.0,0.0,0.0,0.0,N
dynamics_model_update_12,2026-09-17T18:23:19,mbpo_Ant-v5_seed14577,3a088b14-308d-4a82-afa7-336bf7a5986c,5.026088229002198,6.094824009989473e-05,1.2126379418733206e-05,26.61788052061106,67.14621570420003,20.0,3.166617033291408e-05,0.00010040396921207062,2.791999065555298e-05,0.00015999013020053746,0.0,Germany,DEU,baden-wurttemberg,,,Linux-7.0.0-31-generic-x86_64-with-glibc2.43,3.14.4,3.3.0,24,Intel(R) Core(TM) Ultra 9 285K,1,1 x NVIDIA GeForce RTX 5090,9.2986,48.7383,60.81613540649414,machine,0.0,0.0,0.0,0.0,N
rollout_12,2026-09-17T18:23:20,mbpo_Ant-v5_seed14577,3a088b14-308d-4a82-afa7-336bf7a5986c,0.3628070290033065,4.553850991202441e-06,1.2551361294717756e-05,26.6329108750733,67.22220038847139,20.0,2.7769588882321783e-06,7.164172397988722e-06,2.012802277770063e-06,1.195393356399118e-05,0.0,Germany,DEU,baden-wurttemberg,,,Linux-7.0.0-31-generic-x86_64-with-glibc2.43,3.14.4,3.3.0,24,Intel(R) Core(TM) Ultra 9 285K,1,1 x NVIDIA GeForce RTX 5090,9.2986,48.7383,60.81613540649414,machine,0.0,0.0,0.0,0.0,N
synthetic_rollout_generation_12,2026-09-17T18:23:20,mbpo_Ant-v5_seed14577,3a088b14-308d-4a82-afa7-336bf7a5986c,0.009825766002904857,5.042726887536514e-08,5.133078828016375e-06,26.626165585759047,65.97734482572193,20.0,8.655118035466591e-08,0.0,4.5821227771065606e-08,1.3237240812594836e-07,0.0,Germany,DEU,baden-wurttemberg,,,Linux-7.0.0-31-generic-x86_64-with-glibc2.43,3.14.4,3.3.0,24,Intel(R) Core(TM) Ultra 9 285K,1,1 x NVIDIA GeForce RTX 5090,9.2986,48.7383,60.81613540649414,machine,0.0,0.0,0.0,0.0,N
gradient_updates_12,2026-09-17T18:23:24,mbpo_Ant-v5_seed14577,3a088b14-308d-4a82-afa7-336bf7a5986c,4.327616859001864,8.84727498677582e-05,2.0443785098732303e-05,26.62398109913609,67.427661115686,20.0,3.3019724193537187e-05,0.00017518347348000063,2.403922224445223e-05,0.00023224241991798983,0.0,Germany,DEU,baden-wurttemberg,,,Linux-7.0.0-31-generic-x86_64-with-glibc2.43,3.14.4,3.3.0,24,Intel(R) Core(TM) Ultra 9 285K,1,1 x NVIDIA GeForce RTX 5090,9.2986,48.7383,60.81613540649414,machine,0.0,0.0,0.0,0.0,N
dynamics_model_update_13,2026-09-17T18:23:31,mbpo_Ant-v5_seed14577,3a088b14-308d-4a82-afa7-336bf7a5986c,7.0353182559993,8.84188015560462e-05,1.256781129237907e-05,26.634168781917406,67.53426436260347,20.0,4.958967161615077e-05,0.00014342872585404454,3.908240724445535e-05,0.00023210080471465066,0.0,Germany,DEU,baden-wurttemberg,,,Linux-7.0.0-31-generic-x86_64-with-glibc2.43,3.14.4,3.3.0,24,Intel(R) Core(TM) Ultra 9 285K,1,1 x NVIDIA GeForce RTX 5090,9.2986,48.7383,60.81613540649414,machine,0.0,0.0,0.0,0.0,N
rollout_13,2026-09-17T18:23:31,mbpo_Ant-v5_seed14577,3a088b14-308d-4a82-afa7-336bf7a5986c,0.3532911990005232,4.0350406282038155e-06,1.1421053090169755e-05,26.762877382040166,67.29380230034967,20.0,3.352875460074095e-06,5.2783375559251056e-06,1.9608348333349096e-06,1.059204784933411e-05,0.0,Germany,DEU,baden-wurttemberg,,,Linux-7.0.0-31-generic-x86_64-with-glibc2.43,3.14.4,3.3.0,24,Intel(R) Core(TM) Ultra 9 285K,1,1 x NVIDIA GeForce RTX 5090,9.2986,48.7383,60.81613540649414,machine,0.0,0.0,0.0,0.0,N
synthetic_rollout_generation_13,2026-09-17T18:23:31,mbpo_Ant-v5_seed14577,3a088b14-308d-4a82-afa7-336bf7a5986c,0.009841781997238286,4.841614974996494e-08,4.9188922490153006e-06,26.72931886828706,66.13356432965398,20.0,8.149867631104812e-08,0.0,4.5594511114766326e-08,1.270931874255976e-07,0.0,Germany,DEU,baden-wurttemberg,,,Linux-7.0.0-31-generic-x86_64-with-glibc2.43,3.14.4,3.3.0,24,Intel(R) Core(TM) Ultra 9 285K,1,1 x NVIDIA GeForce RTX 5090,9.2986,48.7383,60.81613540649414,machine,0.0,0.0,0.0,0.0,N
gradient_updates_13,2026-09-17T18:23:36,mbpo_Ant-v5_seed14577,3a088b14-308d-4a82-afa7-336bf7a5986c,4.324260761997721,8.977017812321136e-05,2.0759687498068263e-05,26.707073350554754,67.52647843418623,20.0,3.343891619555714e-05,0.00017818236476796478,2.4026909411097334e-05,0.00023564819037461947,0.0,Germany,DEU,baden-wurttemberg,,,Linux-7.0.0-31-generic-x86_64-with-glibc2.43,3.14.4,3.3.0,24,Intel(R) Core(TM) Ultra 9 285K,1,1 x NVIDIA GeForce RTX 5090,9.2986,48.7383,60.81613540649414,machine,0.0,0.0,0.0,0.0,N
dynamics_model_update_14,2026-09-17T18:23:46,mbpo_Ant-v5_seed14577,3a088b14-308d-4a82-afa7-336bf7a5986c,10.621511696001107,0.000130496061660127,1.2286016034868036e-05,26.72066986786619,67.59326672625107,20.0,7.250309383576362e-05,0.00021104572439201164,5.9005484594450066e-05,0.00034255430282222575,0.0,Germany,DEU,baden-wurttemberg,,,Linux-7.0.0-31-generic-x86_64-with-glibc2.43,3.14.4,3.3.0,24,Intel(R) Core(TM) Ultra 9 285K,1,1 x NVIDIA GeForce RTX 5090,9.2986,48.7383,60.81613540649414,machine,0.0,0.0,0.0,0.0,N
rollout_14,2026-09-17T18:23:47,mbpo_Ant-v5_seed14577,3a088b14-308d-4a82-afa7-336bf7a5986c,0.3599858380002843,3.824160841361425e-06,1.0622916340600562e-05,26.737363769399796,67.346724262721,20.0,2.789420287092892e-06,5.251115312021604e-06,1.997949349990657e-06,1.0038484949104719e-05,0.0,Germany,DEU,baden-wurttemberg,,,Linux-7.0.0-31-generic-x86_64-with-glibc2.43,3.14.4,3.3.0,24,Intel(R) Core(TM) Ultra 9 285K,1,1 x NVIDIA GeForce RTX 5090,9.2986,48.7383,60.81613540649414,machine,0.0,0.0,0.0,0.0,N
synthetic_rollout_generation_14,2026-09-17T18:23:47,mbpo_Ant-v5_seed14577,3a088b14-308d-4a82-afa7-336bf7a5986c,0.00881173400193802,7.22319185763199e-07,8.19478433582113e-05,26.715581460560866,78.48919763191589,20.0,7.651422788065854e-08,1.7733347520421106e-06,4.625073332935499e-08,1.8960997132519072e-06,0.0,Germany,DEU,baden-wurttemberg,,,Linux-7.0.0-31-generic-x86_64-with-glibc2.43,3.14.4,3.3.0,24,Intel(R) Core(TM) Ultra 9 285K,1,1 x NVIDIA GeForce RTX 5090,9.2986,48.7383,60.81613540649414,machine,0.0,0.0,0.0,0.0,N
gradient_updates_14,2026-09-17T18:23:51,mbpo_Ant-v5_seed14577,3a088b14-308d-4a82-afa7-336bf7a5986c,4.321382009002264,8.874013288868738e-05,2.0535150512969065e-05,26.701257943758993,79.56940902689313,20.0,3.3048393660913694e-05,0.00017589097404602239,2.4004937027772644e-05,0.0002329443047347085,0.0,Germany,DEU,baden-wurttemberg,,,Linux-7.0.0-31-generic-x86_64-with-glibc2.43,3.14.4,3.3.0,24,Intel(R) Core(TM) Ultra 9 285K,1,1 x NVIDIA GeForce RTX 5090,9.2986,48.7383,60.81613540649414,machine,0.0,0.0,0.0,0.0,N
dynamics_model_update_15,2026-09-17T18:23:59,mbpo_Ant-v5_seed14577,3a088b14-308d-4a82-afa7-336bf7a5986c,8.228564865003136,0.00010191927366775795,1.2386003247171086e-05,26.710746709541112,79.44206511721023,20.0,5.859329076348188e-05,0.00016323513058791317,4.571134415000421e-05,0.00026753976550139905,0.0,Germany,DEU,baden-wurttemberg,,,Linux-7.0.0-31-generic-x86_64-with-glibc2.43,3.14.4,3.3.0,24,Intel(R) Core(TM) Ultra 9 285K,1,1 x NVIDIA GeForce RTX 5090,9.2986,48.7383,60.81613540649414,machine,0.0,0.0,0.0,0.0,N
rollout_15,2026-09-17T18:24:00,mbpo_Ant-v5_seed14577,3a088b14-308d-4a82-afa7-336bf7a5986c,0.35126406099880114,4.723444079885158e-06,1.3446757919954365e-05,26.827461853474837,79.33757470709006,20.0,3.3665068598677517e-06,7.083061222101783e-06,1.949550122218183e-06,1.2399118204187501e-05,0.0,Germany,DEU,baden-wurttemberg,,,Linux-7.0.0-31-generic-x86_64-with-glibc2.43,3.14.4,3.3.0,24,Intel(R) Core(TM) Ultra 9 285K,1,1 x NVIDIA GeForce RTX 5090,9.2986,48.7383,60.81613540649414,machine,0.0,0.0,0.0,0.0,N
synthetic_rollout_generation_15,2026-09-17T18:24:00,mbpo_Ant-v5_seed14577,3a088b14-308d-4a82-afa7-336bf7a5986c,0.008698702000401681,4.6269109606634357e-08,5.320234932770429e-06,26.808182370704476,78.13549024183112,20.0,7.58867273742414e-08,0.0,4.5570444449872724e-08,1.2145717182433097e-07,0.0,Germany,DEU,baden-wurttemberg,,,Linux-7.0.0-31-generic-x86_64-with-glibc2.43,3.14.4,3.3.0,24,Intel(R) Core(TM) Ultra 9 285K,1,1 x NVIDIA GeForce RTX 5090,9.2986,48.7383,60.81613540649414,machine,0.0,0.0,0.0,0.0,N
gradient_updates_15,2026-09-17T18:24:04,mbpo_Ant-v5_seed14577,3a088b14-308d-4a82-afa7-336bf7a5986c,4.346409742000105,8.8494974760326e-05,2.0360519082793565e-05,26.796332035860658,79.12694891952316,20.0,3.3640823301525624e-05,0.00017451652850186683,2.4143408822217523e-05,0.00023230076062560976,0.0,Germany,DEU,baden-wurttemberg,,,Linux-7.0.0-31-generic-x86_64-with-glibc2.43,3.14.4,3.3.0,24,Intel(R) Core(TM) Ultra 9 285K,1,1 x NVIDIA GeForce RTX 5090,9.2986,48.7383,60.81613540649414,machine,0.0,0.0,0.0,0.0,N
dynamics_model_update_16,2026-09-17T18:24:13,mbpo_Ant-v5_seed14577,3a088b14-308d-4a82-afa7-336bf7a5986c,8.620424804001232,0.00010716586545780156,1.2431624370033015e-05,26.80816108588038,79.02037103793702,20.0,6.13115204380621e-05,0.00017211208213407936,4.788855245555575e-05,0.00028131215502769785,0.0,Germany,DEU,baden-wurttemberg,,,Linux-7.0.0-31-generic-x86_64-with-glibc2.43,3.14.4,3.3.0,24,Intel(R) Core(TM) Ultra 9 285K,1,1 x NVIDIA GeForce RTX 5090,9.2986,48.7383,60.81613540649414,machine,0.0,0.0,0.0,0.0,N
rollout_16,2026-09-17T18:24:13,mbpo_Ant-v5_seed14577,3a088b14-308d-4a82-afa7-336bf7a5986c,0.3516790600006061,3.953669846936715e-06,1.1242158730477858e-05,26.908043712706387,78.63469828825444,20.0,3.3110665377394932e-06,5.115559647994594e-06,1.9518220277759627e-06,1.0378448213509833e-05,0.0,Germany,DEU,baden-wurttemberg,,,Linux-7.0.0-31-generic-x86_64-with-glibc2.43,3.14.4,3.3.0,24,Intel(R) Core(TM) Ultra 9 285K,1,1 x NVIDIA GeForce RTX 5090,9.2986,48.7383,60.81613540649414,machine,0.0,0.0,0.0,0.0,N
synthetic_rollout_generation_16,2026-09-17T18:24:13,mbpo_Ant-v5_seed14577,3a088b14-308d-4a82-afa7-336bf7a5986c,0.008724545001314254,4.5020741747895526e-08,5.1602324050556305e-06,26.87113628550385,77.51134545556509,20.0,7.242839127410972e-08,0.0,4.575179443936858e-08,1.1818018571391198e-07,0.0,Germany,DEU,baden-wurttemberg,,,Linux-7.0.0-31-generic-x86_64-with-glibc2.43,3.14.4,3.3.0,24,Intel(R) Core(TM) Ultra 9 285K,1,1 x NVIDIA GeForce RTX 5090,9.2986,48.7383,60.81613540649414,machine,0.0,0.0,0.0,0.0,N
gradient_updates_16,2026-09-17T18:24:17,mbpo_Ant-v5_seed14577,3a088b14-308d-4a82-afa7-336bf7a5986c,4.374101516998053,8.806752963344804e-05,2.0133874896068172e-05,26.837088102591146,78.4661293096553,20.0,3.035374678297953e-05,0.000176527363443979,2.429759992778101e-05,0.00023117871015473912,0.0,Germany,DEU,baden-wurttemberg,,,Linux-7.0.0-31-generic-x86_64-with-glibc2.43,3.14.4,3.3.0,24,Intel(R) Core(TM) Ultra 9 285K,1,1 x NVIDIA GeForce RTX 5090,9.2986,48.7383,60.81613540649414,machine,0.0,0.0,0.0,0.0,N
dynamics_model_update_17,2026-09-17T18:24:24,mbpo_Ant-v5_seed14577,3a088b14-308d-4a82-afa7-336bf7a5986c,6.368311905000155,7.910992178022545e-05,1.2422390604994576e-05,26.81206368417884,78.3757424425016,20.0,4.499269821635343e-05,0.00012729287961199542,3.537926475000869e-05,0.00020766484257835754,0.0,Germany,DEU,baden-wurttemberg,,,Linux-7.0.0-31-generic-x86_64-with-glibc2.43,3.14.4,3.3.0,24,Intel(R) Core(TM) Ultra 9 285K,1,1 x NVIDIA GeForce RTX 5090,9.2986,48.7383,60.81613540649414,machine,0.0,0.0,0.0,0.0,N
rollout_17,2026-09-17T18:24:24,mbpo_Ant-v5_seed14577,3a088b14-308d-4a82-afa7-336bf7a5986c,0.34975324900005944,4.03845139023383e-06,1.1546272627637179e-05,26.924658318211648,78.04103420449847,20.0,3.4230827384643114e-06,5.236670856056946e-06,1.9412475611008378e-06,1.0601001155621445e-05,0.0,Germany,DEU,baden-wurttemberg,,,Linux-7.0.0-31-generic-x86_64-with-glibc2.43,3.14.4,3.3.0,24,Intel(R) Core(TM) Ultra 9 285K,1,1 x NVIDIA GeForce RTX 5090,9.2986,48.7383,60.81613540649414,machine,0.0,0.0,0.0,0.0,N
synthetic_rollout_generation_17,2026-09-17T18:24:24,mbpo_Ant-v5_seed14577,3a088b14-308d-4a82-afa7-336bf7a5986c,0.008756824001466157,4.5004324810641455e-08,5.138344603509992e-06,26.886947023727984,76.98642563416742,20.0,7.205533542400944e-08,0.0,4.6081755560077944e-08,1.181370909847379e-07,0.0,Germany,DEU,baden-wurttemberg,,,Linux-7.0.0-31-generic-x86_64-with-glibc2.43,3.14.4,3.3.0,24,Intel(R) Core(TM) Ultra 9 285K,1,1 x NVIDIA GeForce RTX 5090,9.2986,48.7383,60.81613540649414,machine,0.0,0.0,0.0,0.0,N
gradient_updates_17,2026-09-17T18:24:28,mbpo_Ant-v5_seed14577,3a088b14-308d-4a82-afa7-336bf7a5986c,4.341950436999468,8.929872810379408e-05,2.0566527733125343e-05,26.8590567183313,77.91888833470323,20.0,3.311005593246291e-05,0.00017718180841197473,2.411876199443614e-05,0.000234410626338874,0.0,Germany,DEU,baden-wurttemberg,,,Linux-7.0.0-31-generic-x86_64-with-glibc2.43,3.14.4,3.3.0,24,Intel(R) Core(TM) Ultra 9 285K,1,1 x NVIDIA GeForce RTX 5090,9.2986,48.7383,60.81613540649414,machine,0.0,0.0,0.0,0.0,N
dynamics_model_update_18,2026-09-17T18:24:32,mbpo_Ant-v5_seed14577,3a088b14-308d-4a82-afa7-336bf7a5986c,3.881319109001197,4.804687552620096e-05,1.2379012379952752e-05,26.86118759244284,77.83030622909921,20.0,2.779976946202037e-05,7.675895029601865e-05,2.1565116772217195e-05,0.00012612383653025534,0.0,Germany,DEU,baden-wurttemberg,,,Linux-7.0.0-31-generic-x86_64-with-glibc2.43,3.14.4,3.3.0,24,Intel(R) Core(TM) Ultra 9 285K,1,1 x NVIDIA GeForce RTX 5090,9.2986,48.7383,60.81613540649414,machine,0.0,0.0,0.0,0.0,N
rollout_18,2026-09-17T18:24:33,mbpo_Ant-v5_seed14577,3a088b14-308d-4a82-afa7-336bf7a5986c,0.35612273599690525,3.980524281958775e-06,1.1177181404213757e-05,26.952534453487626,77.49039059224312,20.0,3.3727629759824906e-06,5.101392970052743e-06,1.9747855999918164e-06,1.0448941546026616e-05,0.0,Germany,DEU,baden-wurttemberg,,,Linux-7.0.0-31-generic-x86_64-with-glibc2.43,3.14.4,3.3.0,24,Intel(R) Core(TM) Ultra 9 285K,1,1 x NVIDIA GeForce RTX 5090,9.2986,48.7383,60.81613540649414,machine,0.0,0.0,0.0,0.0,N
synthetic_rollout_generation_18,2026-09-17T18:24:33,mbpo_Ant-v5_seed14577,3a088b14-308d-4a82-afa7-336bf7a5986c,0.01179463800144731,6.151301068166304e-08,5.216405414742923e-06,26.93699760176538,76.49692404618871,20.0,9.862257889861614e-08,0.0,6.285008334497126e-08,1.6147266224293688e-07,0.0,Germany,DEU,baden-wurttemberg,,,Linux-7.0.0-31-generic-x86_64-with-glibc2.43,3.14.4,3.3.0,24,Intel(R) Core(TM) Ultra 9 285K,1,1 x NVIDIA GeForce RTX 5090,9.2986,48.7383,60.81613540649414,machine,0.0,0.0,0.0,0.0,N
gradient_updates_18,2026-09-17T18:24:37,mbpo_Ant-v5_seed14577,3a088b14-308d-4a82-afa7-336bf7a5986c,4.36961709499883,8.88988809049228e-05,2.034480511915317e-05,26.92570889742465,77.36407830332193,20.0,3.310680092986559e-05,0.00017598180745193037,2.427241250000712e-05,0.00023336102088180287,0.0,Germany,DEU,baden-wurttemberg,,,Linux-7.0.0-31-generic-x86_64-with-glibc2.43,3.14.4,3.3.0,24,Intel(R) Core(TM) Ultra 9 285K,1,1 x NVIDIA GeForce RTX 5090,9.2986,48.7383,60.81613540649414,machine,0.0,0.0,0.0,0.0,N
dynamics_model_update_19,2026-09-17T18:24:46,mbpo_Ant-v5_seed14577,3a088b14-308d-4a82-afa7-336bf7a5986c,8.738739738997538,0.00010507793639551784,1.2024350513889657e-05,26.92323295938838,77.28688476637316,20.0,5.448941303594357e-05,0.00017279624934796178,4.854564459999696e-05,0.00027583130698390253,0.0,Germany,DEU,baden-wurttemberg,,,Linux-7.0.0-31-generic-x86_64-with-glibc2.43,3.14.4,3.3.0,24,Intel(R) Core(TM) Ultra 9 285K,1,1 x NVIDIA GeForce RTX 5090,9.2986,48.7383,60.81613540649414,machine,0.0,0.0,0.0,0.0,N
rollout_19,2026-09-17T18:24:46,mbpo_Ant-v5_seed14577,3a088b14-308d-4a82-afa7-336bf7a5986c,0.36483945600048173,4.519951948942988e-06,1.2388556517508767e-05,26.924235300486096,77.19674857081569,20.0,2.752036646069822e-06,7.087783448045393e-06,2.025127927784802e-06,1.1864948021900884e-05,0.0,Germany,DEU,baden-wurttemberg,,,Linux-7.0.0-31-generic-x86_64-with-glibc2.43,3.14.4,3.3.0,24,Intel(R) Core(TM) Ultra 9 285K,1,1 x NVIDIA GeForce RTX 5090,9.2986,48.7383,60.81613540649414,machine,0.0,0.0,0.0,0.0,N
synthetic_rollout_generation_19,2026-09-17T18:24:46,mbpo_Ant-v5_seed14577,3a088b14-308d-4a82-afa7-336bf7a5986c,0.011829874998511514,6.305789746960389e-08,5.331375342318869e-06,26.92085934195379,76.25532480775696,20.0,1.0257258205650932e-07,0.0,6.295543334994963e-08,1.655280154073263e-07,0.0,Germany,DEU,baden-wurttemberg,,,Linux-7.0.0-31-generic-x86_64-with-glibc2.43,3.14.4,3.3.0,24,Intel(R) Core(TM) Ultra 9 285K,1,1 x NVIDIA GeForce RTX 5090,9.2986,48.7383,60.81613540649414,machine,0.0,0.0,0.0,0.0,N
gradient_updates_19,2026-09-17T18:24:51,mbpo_Ant-v5_seed14577,3a088b14-308d-4a82-afa7-336bf7a5986c,4.354485786003352,8.934143790692529e-05,2.0517137459083582e-05,26.920064234525668,77.09812843406003,20.0,3.350212152389981e-05,0.00017683208591001698,2.418853283888897e-05,0.00023452274027280576,0.0,Germany,DEU,baden-wurttemberg,,,Linux-7.0.0-31-generic-x86_64-with-glibc2.43,3.14.4,3.3.0,24,Intel(R) Core(TM) Ultra 9 285K,1,1 x NVIDIA GeForce RTX 5090,9.2986,48.7383,60.81613540649414,machine,0.0,0.0,0.0,0.0,N
dynamics_model_update_20,2026-09-17T18:24:58,mbpo_Ant-v5_seed14577,3a088b14-308d-4a82-afa7-336bf7a5986c,7.307125504001306,9.081515490122786e-05,1.242830922746852e-05,26.926356133300516,77.03327949359893,20.0,5.2373463287621463e-05,0.00014542539411799282,4.0592414155556306e-05,0.00023839127156117038,0.0,Germany,DEU,baden-wurttemberg,,,Linux-7.0.0-31-generic-x86_64-with-glibc2.43,3.14.4,3.3.0,24,Intel(R) Core(TM) Ultra 9 285K,1,1 x NVIDIA GeForce RTX 5090,9.2986,48.7383,60.81613540649414,machine,0.0,0.0,0.0,0.0,N
rollout_20,2026-09-17T18:24:58,mbpo_Ant-v5_seed14577,3a088b14-308d-4a82-afa7-336bf7a5986c,0.3510247820013319,4.0230884987045926e-06,1.1460678974005205e-05,27.00574015378047,76.76461570563838,20.0,3.3116432048667377e-06,5.295282013983993e-06,1.9537480944564582e-06,1.0560673313307622e-05,0.0,Germany,DEU,baden-wurttemberg,,,Linux-7.0.0-31-generic-x86_64-with-glibc2.43,3.14.4,3.3.0,24,Intel(R) Core(TM) Ultra 9 285K,1,1 x NVIDIA GeForce RTX 5090,9.2986,48.7383,60.81613540649414,machine,0.0,0.0,0.0,0.0,N
synthetic_rollout_generation_20,2026-09-17T18:24:58,mbpo_Ant-v5_seed14577,3a088b14-308d-4a82-afa7-336bf7a5986c,0.011859719998028595,7.353524556796311e-07,6.20041429037885e-05,26.999091940485368,82.34971041792183,20.0,1.0160619240071056e-07,1.765834745981465e-06,6.287132222910358e-08,1.9303122606104117e-06,0.0,Germany,DEU,baden-wurttemberg,,,Linux-7.0.0-31-generic-x86_64-with-glibc2.43,3.14.4,3.3.0,24,Intel(R) Core(TM) Ultra 9 285K,1,1 x NVIDIA GeForce RTX 5090,9.2986,48.7383,60.81613540649414,machine,0.0,0.0,0.0,0.0,N
gradient_updates_20,2026-09-17T18:25:03,mbpo_Ant-v5_seed14577,3a088b14-308d-4a82-afa7-336bf7a5986c,4.343808849000197,8.870748847208867e-05,2.0421668778678205e-05,26.99609531431619,83.07021668050794,20.0,3.374724477555463e-05,0.00017498208443000873,2.4129283399997817e-05,0.00023285861260556075,0.0,Germany,DEU,baden-wurttemberg,,,Linux-7.0.0-31-generic-x86_64-with-glibc2.43,3.14.4,3.3.0,24,Intel(R) Core(TM) Ultra 9 285K,1,1 x NVIDIA GeForce RTX 5090,9.2986,48.7383,60.81613540649414,machine,0.0,0.0,0.0,0.0,N
dynamics_model_update_21,2026-09-17T18:25:12,mbpo_Ant-v5_seed14577,3a088b14-308d-4a82-afa7-336bf7a5986c,8.930737650996889,0.00010841691881475872,1.213971965969493e-05,27.001315471860675,82.93612110266909,20.0,5.819069710807229e-05,0.0001767934747679556,4.9612018738904836e-05,0.00028459619061493337,0.0,Germany,DEU,baden-wurttemberg,,,Linux-7.0.0-31-generic-x86_64-with-glibc2.43,3.14.4,3.3.0,24,Intel(R) Core(TM) Ultra 9 285K,1,1 x NVIDIA GeForce RTX 5090,9.2986,48.7383,60.81613540649414,machine,0.0,0.0,0.0,0.0,N
rollout_21,2026-09-17T18:25:12,mbpo_Ant-v5_seed14577,3a088b14-308d-4a82-afa7-336bf7a5986c,0.3696729770017555,4.520138517546436e-06,1.222703108459026e-05,26.994085495985953,82.78081412044749,20.0,2.7215868994914794e-06,7.091950118054413e-06,2.051900749999421e-06,1.1865437767545964e-05,0.0,Germany,DEU,baden-wurttemberg,,,Linux-7.0.0-31-generic-x86_64-with-glibc2.43,3.14.4,3.3.0,24,Intel(R) Core(TM) Ultra 9 285K,1,1 x NVIDIA GeForce RTX 5090,9.2986,48.7383,60.81613540649414,machine,0.0,0.0,0.0,0.0,N
synthetic_rollout_generation_21,2026-09-17T18:25:12,mbpo_Ant-v5_seed14577,3a088b14-308d-4a82-afa7-336bf7a5986c,0.011969571001827717,6.184035183758041e-08,5.167282451010368e-06,26.962249372260253,81.86102729688696,20.0,9.631674371610166e-08,0.0,6.60151944329064e-08,1.6233193814857438e-07,0.0,Germany,DEU,baden-wurttemberg,,,Linux-7.0.0-31-generic-x86_64-with-glibc2.43,3.14.4,3.3.0,24,Intel(R) Core(TM) Ultra 9 285K,1,1 x NVIDIA GeForce RTX 5090,9.2986,48.7383,60.81613540649414,machine,0.0,0.0,0.0,0.0,N
gradient_updates_21,2026-09-17T18:25:16,mbpo_Ant-v5_seed14577,3a088b14-308d-4a82-afa7-336bf7a5986c,4.35620475000178,8.923151290512587e-05,2.0483794954161303e-05,26.939420128712303,82.56219161211726,20.0,3.3786476751382355e-05,0.00017624930766602098,2.419840092221016e-05,0.00023423418533961328,0.0,Germany,DEU,baden-wurttemberg,,,Linux-7.0.0-31-generic-x86_64-with-glibc2.43,3.14.4,3.3.0,24,Intel(R) Core(TM) Ultra 9 285K,1,1 x NVIDIA GeForce RTX 5090,9.2986,48.7383,60.81613540649414,machine,0.0,0.0,0.0,0.0,N
dynamics_model_update_22,2026-09-17T18:25:23,mbpo_Ant-v5_seed14577,3a088b14-308d-4a82-afa7-336bf7a5986c,6.5277071929995145,8.054431487271481e-05,1.2338832260433268e-05,26.946349991122208,82.43669643269834,20.0,4.640920296066636e-05,0.00012875954745195095,3.6261397566684323e-05,0.00021143014797930099,0.0,Germany,DEU,baden-wurttemberg,,,Linux-7.0.0-31-generic-x86_64-with-glibc2.43,3.14.4,3.3.0,24,Intel(R) Core(TM) Ultra 9 285K,1,1 x NVIDIA GeForce RTX 5090,9.2986,48.7383,60.81613540649414,machine,0.0,0.0,0.0,0.0,N
rollout_22,2026-09-17T18:25:23,mbpo_Ant-v5_seed14577,3a088b14-308d-4a82-afa7-336bf7a5986c,0.3566076710012567,4.806217556301527e-06,1.3477261114700627e-05,27.039369607542476,82.32424525913032,20.0,3.5464075593474864e-06,7.09806123400103e-06,1.9719311444431516e-06,1.2616399937791234e-05,0.0,Germany,DEU,baden-wurttemberg,,,Linux-7.0.0-31-generic-x86_64-with-glibc2.43,3.14.4,3.3.0,24,Intel(R) Core(TM) Ultra 9 285K,1,1 x NVIDIA GeForce RTX 5090,9.2986,48.7383,60.81613540649414,machine,0.0,0.0,0.0,0.0,N
synthetic_rollout_generation_22,2026-09-17T18:25:23,mbpo_Ant-v5_seed14577,3a088b14-308d-4a82-afa7-336bf7a5986c,0.0177486559987301,9.711434222070547e-08,5.4758182034509e-06,27.068530199070665,81.44845541594809,20.0,1.63133186063813e-07,0.0,9.179355555614249e-08,2.5492674162082285e-07,0.0,Germany,DEU,baden-wurttemberg,,,Linux-7.0.0-31-generic-x86_64-with-glibc2.43,3.14.4,3.3.0,24,Intel(R) Core(TM) Ultra 9 285K,1,1 x NVIDIA GeForce RTX 5090,9.2986,48.7383,60.81613540649414,machine,0.0,0.0,0.0,0.0,N
gradient_updates_22,2026-09-17T18:25:28,mbpo_Ant-v5_seed14577,3a088b14-308d-4a82-afa7-336bf7a5986c,4.313584471001377,8.852008839324143e-05,2.0521255188804725e-05,27.09344168546453,82.12664500214012,20.0,3.36300577373598e-05,0.0001747751398200048,2.3961486766671102e-05,0.00023236668432403615,0.0,Germany,DEU,baden-wurttemberg,,,Linux-7.0.0-31-generic-x86_64-with-glibc2.43,3.14.4,3.3.0,24,Intel(R) Core(TM) Ultra 9 285K,1,1 x NVIDIA GeForce RTX 5090,9.2986,48.7383,60.81613540649414,machine,0.0,0.0,0.0,0.0,N
dynamics_model_update_23,2026-09-17T18:25:38,mbpo_Ant-v5_seed14577,3a088b14-308d-4a82-afa7-336bf7a5986c,10.147463209999842,0.00012640559948638632,1.2456839025049555e-05,27.10134071197911,82.01984017322344,20.0,7.283503965687527e-05,0.000202604050971944,5.637768187777216e-05,0.0003318167725065921,0.0,Germany,DEU,baden-wurttemberg,,,Linux-7.0.0-31-generic-x86_64-with-glibc2.43,3.14.4,3.3.0,24,Intel(R) Core(TM) Ultra 9 285K,1,1 x NVIDIA GeForce RTX 5090,9.2986,48.7383,60.81613540649414,machine,0.0,0.0,0.0,0.0,N
rollout_23,2026-09-17T18:25:38,mbpo_Ant-v5_seed14577,3a088b14-308d-4a82-afa7-336bf7a5986c,0.35305952800263185,4.046121842295539e-06,1.145984173979947e-05,27.18271696977633,81.7222645213483,20.0,3.4519219282054536e-06,5.2094486121534445e-06,1.9597656777680956e-06,1.0621136218127644e-05,0.0,Germany,DEU,baden-wurttemberg,,,Linux-7.0.0-31-generic-x86_64-with-glibc2.43,3.14.4,3.3.0,24,Intel(R) Core(TM) Ultra 9 285K,1,1 x NVIDIA GeForce RTX 5090,9.2986,48.7383,60.81613540649414,machine,0.0,0.0,0.0,0.0,N
synthetic_rollout_generation_23,2026-09-17T18:25:38,mbpo_Ant-v5_seed14577,3a088b14-308d-4a82-afa7-336bf7a5986c,0.017072695001843385,9.403056856586989e-08,5.509782049131e-06,27.204627324847337,80.88836386296718,20.0,1.5508012406531546e-07,0.0,9.175166111770328e-08,2.4683178518301874e-07,0.0,Germany,DEU,baden-wurttemberg,,,Linux-7.0.0-31-generic-x86_64-with-glibc2.43,3.14.4,3.3.0,24,Intel(R) Core(TM) Ultra 9 285K,1,1 x NVIDIA GeForce RTX 5090,9.2986,48.7383,60.81613540649414,machine,0.0,0.0,0.0,0.0,N
gradient_updates_23,2026-09-17T18:25:42,mbpo_Ant-v5_seed14577,3a088b14-308d-4a82-afa7-336bf7a5986c,4.316158893001557,8.988947825299201e-05,2.0826282682799857e-05,27.223636416027365,81.5734046197733,20.0,3.372111836576208e-05,0.00017826569816792315,2.397453863888779e-05,0.00023596135517257345,0.0,Germany,DEU,baden-wurttemberg,,,Linux-7.0.0-31-generic-x86_64-with-glibc2.43,3.14.4,3.3.0,24,Intel(R) Core(TM) Ultra 9 285K,1,1 x NVIDIA GeForce RTX 5090,9.2986,48.7383,60.81613540649414,machine,0.0,0.0,0.0,0.0,N
dynamics_model_update_24,2026-09-17T18:25:58,mbpo_Ant-v5_seed14577,3a088b14-308d-4a82-afa7-336bf7a5986c,15.37730454800112,0.000189376445054598,1.2315322398821745e-05,27.231010126936663,81.46462933026956,20.0,0.00010971775666302266,0.0003019707971320118,8.542772145000445e-05,0.0004971162752450391,0.0,Germany,DEU,baden-wurttemberg,,,Linux-7.0.0-31-generic-x86_64-with-glibc2.43,3.14.4,3.3.0,24,Intel(R) Core(TM) Ultra 9 285K,1,1 x NVIDIA GeForce RTX 5090,9.2986,48.7383,60.81613540649414,machine,0.0,0.0,0.0,0.0,N
rollout_24,2026-09-17T18:25:58,mbpo_Ant-v5_seed14577,3a088b14-308d-4a82-afa7-336bf7a5986c,0.35120737299803295,4.68760336309014e-06,1.334674495660922e-05,27.299763966124186,81.36924194905598,20.0,3.3534860161242575e-06,7.0022278240156055e-06,1.949321894446649e-06,1.2305035734586078e-05,0.0,Germany,DEU,baden-wurttemberg,,,Linux-7.0.0-31-generic-x86_64-with-glibc2.43,3.14.4,3.3.0,24,Intel(R) Core(TM) Ultra 9 285K,1,1 x NVIDIA GeForce RTX 5090,9.2986,48.7383,60.81613540649414,machine,0.0,0.0,0.0,0.0,N
synthetic_rollout_generation_24,2026-09-17T18:25:58,mbpo_Ant-v5_seed14577,3a088b14-308d-4a82-afa7-336bf7a5986c,0.016244025999185396,9.283536081278881e-08,5.716311396900489e-06,27.29240498746064,80.57150428288877,20.0,1.4680622855908765e-07,0.0,9.688811666505592e-08,2.4369434522414357e-07,0.0,Germany,DEU,baden-wurttemberg,,,Linux-7.0.0-31-generic-x86_64-with-glibc2.43,3.14.4,3.3.0,24,Intel(R) Core(TM) Ultra 9 285K,1,1 x NVIDIA GeForce RTX 5090,9.2986,48.7383,60.81613540649414,machine,0.0,0.0,0.0,0.0,N
gradient_updates_24,2026-09-17T18:26:02,mbpo_Ant-v5_seed14577,3a088b14-308d-4a82-afa7-336bf7a5986c,4.356869821000146,8.804791309002455e-05,2.0209015114843346e-05,27.2810343517528,81.21171985924227,20.0,2.9564173929099574e-05,0.0001773537529939917,2.4209289483325194e-05,0.00023112721640641647,0.0,Germany,DEU,baden-wurttemberg,,,Linux-7.0.0-31-generic-x86_64-with-glibc2.43,3.14.4,3.3.0,24,Intel(R) Core(TM) Ultra 9 285K,1,1 x NVIDIA GeForce RTX 5090,9.2986,48.7383,60.81613540649414,machine,0.0,0.0,0.0,0.0,N
dynamics_model_update_25,2026-09-17T18:26:19,mbpo_Ant-v5_seed14577,3a088b14-308d-4a82-afa7-336bf7a5986c,16.11646376900171,0.00019565965361407252,1.214034010998849e-05,27.25286651055775,81.11641422361792,20.0,0.0001048800508484174,0.00031919442202199555,8.953532792778168e-05,0.0005136098007981951,0.0,Germany,DEU,baden-wurttemberg,,,Linux-7.0.0-31-generic-x86_64-with-glibc2.43,3.14.4,3.3.0,24,Intel(R) Core(TM) Ultra 9 285K,1,1 x NVIDIA GeForce RTX 5090,9.2986,48.7383,60.81613540649414,machine,0.0,0.0,0.0,0.0,N
rollout_25,2026-09-17T18:26:19,mbpo_Ant-v5_seed14577,3a088b14-308d-4a82-afa7-336bf7a5986c,0.35061877300177,4.022695844256574e-06,1.1473253536541964e-05,27.31408949421391,80.86266099217683,20.0,3.3033862538167647e-06,5.307782024011054e-06,1.948474311110667e-06,1.055964258893892e-05,0.0,Germany,DEU,baden-wurttemberg,,,Linux-7.0.0-31-generic-x86_64-with-glibc2.43,3.14.4,3.3.0,24,Intel(R) Core(TM) Ultra 9 285K,1,1 x NVIDIA GeForce RTX 5090,9.2986,48.7383,60.81613540649414,machine,0.0,0.0,0.0,0.0,N
synthetic_rollout_generation_25,2026-09-17T18:26:19,mbpo_Ant-v5_seed14577,3a088b14-308d-4a82-afa7-336bf7a5986c,0.016196546002902323,7.564124435473912e-07,4.6707675187011734e-05,27.327419761666842,83.87284775241355,20.0,1.451278938829903e-07,1.7533347359544038e-06,8.713244444361057e-08,1.9855950742810047e-06,0.0,Germany,DEU,baden-wurttemberg,,,Linux-7.0.0-31-generic-x86_64-with-glibc2.43,3.14.4,3.3.0,24,Intel(R) Core(TM) Ultra 9 285K,1,1 x NVIDIA GeForce RTX 5090,9.2986,48.7383,60.81613540649414,machine,0.0,0.0,0.0,0.0,N
gradient_updates_25,2026-09-17T18:26:24,mbpo_Ant-v5_seed14577,3a088b14-308d-4a82-afa7-336bf7a5986c,4.588971408000361,9.120544110975942e-05,1.9874934219374413e-05,27.335476489362925,84.41408779361545,20.0,3.320667767642976e-05,0.00018071792235196948,2.5491179233338556e-05,0.00023941577926173824,0.0,Germany,DEU,baden-wurttemberg,,,Linux-7.0.0-31-generic-x86_64-with-glibc2.43,3.14.4,3.3.0,24,Intel(R) Core(TM) Ultra 9 285K,1,1 x NVIDIA GeForce RTX 5090,9.2986,48.7383,60.81613540649414,machine,0.0,0.0,0.0,0.0,N
dynamics_model_update_26,2026-09-17T18:26:39,mbpo_Ant-v5_seed14577,3a088b14-308d-4a82-afa7-336bf7a5986c,15.756141144996946,0.00020743900541590754,1.3165598549773745e-05,27.32638941394975,84.31159174439662,20.0,0.00013604259716732195,0.00032096581232798904,8.752238303889794e-05,0.0005445307925342098,0.0,Germany,DEU,baden-wurttemberg,,,Linux-7.0.0-31-generic-x86_64-with-glibc2.43,3.14.4,3.3.0,24,Intel(R) Core(TM) Ultra 9 285K,1,1 x NVIDIA GeForce RTX 5090,9.2986,48.7383,60.81613540649414,machine,0.0,0.0,0.0,0.0,N
rollout_26,2026-09-17T18:26:40,mbpo_Ant-v5_seed14577,3a088b14-308d-4a82-afa7-336bf7a5986c,0.35561668000082136,4.7851389933881855e-06,1.3455864869497089e-05,27.397525505063218,84.19817225852181,20.0,3.485304732684519e-06,7.1019501260982665e-06,1.9738135055378386e-06,1.2561068364320624e-05,0.0,Germany,DEU,baden-wurttemberg,,,Linux-7.0.0-31-generic-x86_64-with-glibc2.43,3.14.4,3.3.0,24,Intel(R) Core(TM) Ultra 9 285K,1,1 x NVIDIA GeForce RTX 5090,9.2986,48.7383,60.81613540649414,machine,0.0,0.0,0.0,0.0,N
synthetic_rollout_generation_26,2026-09-17T18:26:40,mbpo_Ant-v5_seed14577,3a088b14-308d-4a82-afa7-336bf7a5986c,0.02106528900185367,1.1718292227801824e-07,5.564255590904705e-06,27.422327588012227,83.43273432889887,20.0,1.932945990767987e-07,0.0,1.1431249444682906e-07,3.076070935244951e-07,0.0,Germany,DEU,baden-wurttemberg,,,Linux-7.0.0-31-generic-x86_64-with-glibc2.43,3.14.4,3.3.0,24,Intel(R) Core(TM) Ultra 9 285K,1,1 x NVIDIA GeForce RTX 5090,9.2986,48.7383,60.81613540649414,machine,0.0,0.0,0.0,0.0,N
gradient_updates_26,2026-09-17T18:26:44,mbpo_Ant-v5_seed14577,3a088b14-308d-4a82-afa7-336bf7a5986c,4.54115021799953,9.08349202936665e-05,2.0002639930996278e-05,27.443560955948186,83.94808584161929,20.0,3.5831625887498136e-05,0.00017738597524197264,2.5225554911129447e-05,0.00023844315604060022,0.0,Germany,DEU,baden-wurttemberg,,,Linux-7.0.0-31-generic-x86_64-with-glibc2.43,3.14.4,3.3.0,24,Intel(R) Core(TM) Ultra 9 285K,1,1 x NVIDIA GeForce RTX 5090,9.2986,48.7383,60.81613540649414,machine,0.0,0.0,0.0,0.0,N
dynamics_model_update_27,2026-09-17T18:26:57,mbpo_Ant-v5_seed14577,3a088b14-308d-4a82-afa7-336bf7a5986c,13.20980125299684,0.00016891832603607802,1.2787335205238146e-05,27.451141617540063,83.85797089810785,20.0,9.903513117248339e-05,0.0002709935501280514,7.338469587777783e-05,0.00044341337717831303,0.0,Germany,DEU,baden-wurttemberg,,,Linux-7.0.0-31-generic-x86_64-with-glibc2.43,3.14.4,3.3.0,24,Intel(R) Core(TM) Ultra 9 285K,1,1 x NVIDIA GeForce RTX 5090,9.2986,48.7383,60.81613540649414,machine,0.0,0.0,0.0,0.0,N
rollout_27,2026-09-17T18:26:58,mbpo_Ant-v5_seed14577,3a088b14-308d-4a82-afa7-336bf7a5986c,0.36880109699995955,3.7941651110937405e-06,1.0287782276888322e-05,27.447000895073838,83.56000382736445,20.0,2.7797225015564753e-06,5.135004107925667e-06,2.0450190555492374e-06,9.959745665031813e-06,0.0,Germany,DEU,baden-wurttemberg,,,Linux-7.0.0-31-generic-x86_64-with-glibc2.43,3.14.4,3.3.0,24,Intel(R) Core(TM) Ultra 9 285K,1,1 x NVIDIA GeForce RTX 5090,9.2986,48.7383,60.81613540649414,machine,0.0,0.0,0.0,0.0,N
synthetic_rollout_generation_27,2026-09-17T18:26:58,mbpo_Ant-v5_seed14577,3a088b14-308d-4a82-afa7-336bf7a5986c,0.021220607002760516,1.2163386038741703e-07,5.733101257587294e-06,27.479517743263308,82.82702133765073,20.0,2.0300932907293956e-07,0.0,1.1628155001126156e-07,3.192908790850685e-07,0.0,Germany,DEU,baden-wurttemberg,,,Linux-7.0.0-31-generic-x86_64-with-glibc2.43,3.14.4,3.3.0,24,Intel(R) Core(TM) Ultra 9 285K,1,1 x NVIDIA GeForce RTX 5090,9.2986,48.7383,60.81613540649414,machine,0.0,0.0,0.0,0.0,N
gradient_updates_27,2026-09-17T18:27:02,mbpo_Ant-v5_seed14577,3a088b14-308d-4a82-afa7-336bf7a5986c,4.284317863999604,8.776773533797962e-05,2.0485831334001477e-05,27.504923907305596,83.37837167053274,20.0,3.261239970100971e-05,0.0001739843058540247,2.3795039655568825e-05,0.00023039174521060322,0.0,Germany,DEU,baden-wurttemberg,,,Linux-7.0.0-31-generic-x86_64-with-glibc2.43,3.14.4,3.3.0,24,Intel(R) Core(TM) Ultra 9 285K,1,1 x NVIDIA GeForce RTX 5090,9.2986,48.7383,60.81613540649414,machine,0.0,0.0,0.0,0.0,N
dynamics_model_update_28,2026-09-17T18:27:24,mbpo_Ant-v5_seed14577,3a088b14-308d-4a82-afa7-336bf7a5986c,21.540486480000254,0.0002667603399331463,1.2384138352041395e-05,27.503315139864874,83.27361662790253,20.0,0.00015440817908200094,0.00042617534094002707,0.000119666748866661,0.0007002502688886886,0.0,Germany,DEU,baden-wurttemberg,,,Linux-7.0.0-31-generic-x86_64-with-glibc2.43,3.14.4,3.3.0,24,Intel(R) Core(TM) Ultra 9 285K,1,1 x NVIDIA GeForce RTX 5090,9.2986,48.7383,60.81613540649414,machine,0.0,0.0,0.0,0.0,N
rollout_28,2026-09-17T18:27:24,mbpo_Ant-v5_seed14577,3a088b14-308d-4a82-afa7-336bf7a5986c,0.35373986499689636,4.040088887960654e-06,1.1421358351581471e-05,27.56475245702749,83.018193392045,20.0,3.4278810756328826e-06,5.221670843935655e-06,1.9557476944507234e-06,1.0605299614019695e-05,0.0,Germany,DEU,baden-wurttemberg,,,Linux-7.0.0-31-generic-x86_64-with-glibc2.43,3.14.4,3.3.0,24,Intel(R) Core(TM) Ultra 9 285K,1,1 x NVIDIA GeForce RTX 5090,9.2986,48.7383,60.81613540649414,machine,0.0,0.0,0.0,0.0,N
synthetic_rollout_generation_28,2026-09-17T18:27:24,mbpo_Ant-v5_seed14577,3a088b14-308d-4a82-afa7-336bf7a5986c,0.021277604002534645,7.922985656222056e-07,3.7238467937734945e-05,27.601205465226787,84.90957326566824,20.0,2.059932203493653e-07,1.7594458520120426e-06,1.1435766112581972e-07,2.079796733486794e-06,0.0,Germany,DEU,baden-wurttemberg,,,Linux-7.0.0-31-generic-x86_64-with-glibc2.43,3.14.4,3.3.0,24,Intel(R) Core(TM) Ultra 9 285K,1,1 x NVIDIA GeForce RTX 5090,9.2986,48.7383,60.81613540649414,machine,0.0,0.0,0.0,0.0,N
gradient_updates_28,2026-09-17T18:27:28,mbpo_Ant-v5_seed14577,3a088b14-308d-4a82-afa7-336bf7a5986c,4.290318193998246,8.725399925465106e-05,2.0337423818907028e-05,27.629779252822125,85.41161303746664,20.0,3.2839348493681614e-05,0.00017237180456408652,2.383202650556391e-05,0.00022904317956333117,0.0,Germany,DEU,baden-wurttemberg,,,Linux-7.0.0-31-generic-x86_64-with-glibc2.43,3.14.4,3.3.0,24,Intel(R) Core(TM) Ultra 9 285K,1,1 x NVIDIA GeForce RTX 5090,9.2986,48.7383,60.81613540649414,machine,0.0,0.0,0.0,0.0,N
dynamics_model_update_29,2026-09-17T18:27:54,mbpo_Ant-v5_seed14577,3a088b14-308d-4a82-afa7-336bf7a5986c,25.515707531998487,0.00031422822494226853,1.2315079849970106e-05,27.628514216669796,85.28745437148639,20.0,0.00018332356721429202,0.0004997759553759806,0.0001417547232222204,0.0008248542458124918,0.0,Germany,DEU,baden-wurttemberg,,,Linux-7.0.0-31-generic-x86_64-with-glibc2.43,3.14.4,3.3.0,24,Intel(R) Core(TM) Ultra 9 285K,1,1 x NVIDIA GeForce RTX 5090,9.2986,48.7383,60.81613540649414,machine,0.0,0.0,0.0,0.0,N
rollout_29,2026-09-17T18:27:54,mbpo_Ant-v5_seed14577,3a088b14-308d-4a82-afa7-336bf7a5986c,0.36930628700065427,4.106428924130837e-06,1.1119046320895251e-05,27.68814464414849,84.99505744196546,20.0,3.6005931582476502e-06,5.125281878015642e-06,2.0535682610997585e-06,1.077944329736305e-05,0.0,Germany,DEU,baden-wurttemberg,,,Linux-7.0.0-31-generic-x86_64-with-glibc2.43,3.14.4,3.3.0,24,Intel(R) Core(TM) Ultra 9 285K,1,1 x NVIDIA GeForce RTX 5090,9.2986,48.7383,60.81613540649414,machine,0.0,0.0,0.0,0.0,N
synthetic_rollout_generation_29,2026-09-17T18:27:54,mbpo_Ant-v5_seed14577,3a088b14-308d-4a82-afa7-336bf7a5986c,0.025860802001261618,8.058599143892509e-07,3.116876878512336e-05,27.72382566555622,86.3042155358146,20.0,2.4783630938121637e-07,1.726945826008297e-06,1.4061336110499784e-07,2.115395496493644e-06,0.0,Germany,DEU,baden-wurttemberg,,,Linux-7.0.0-31-generic-x86_64-with-glibc2.43,3.14.4,3.3.0,24,Intel(R) Core(TM) Ultra 9 285K,1,1 x NVIDIA GeForce RTX 5090,9.2986,48.7383,60.81613540649414,machine,0.0,0.0,0.0,0.0,N
gradient_updates_29,2026-09-17T18:27:59,mbpo_Ant-v5_seed14577,3a088b14-308d-4a82-afa7-336bf7a5986c,4.329161847999785,8.828014232426396e-05,2.039198872416117e-05,27.751296692106198,86.78433360055406,20.0,3.290374048963568e-05,0.00017478486205002586,2.4048219416666298e-05,0.00023173682195632914,0.0,Germany,DEU,baden-wurttemberg,,,Linux-7.0.0-31-generic-x86_64-with-glibc2.43,3.14.4,3.3.0,24,Intel(R) Core(TM) Ultra 9 285K,1,1 x NVIDIA GeForce RTX 5090,9.2986,48.7383,60.81613540649414,machine,0.0,0.0,0.0,0.0,N
dynamics_model_update_30,2026-09-17T18:28:18,mbpo_Ant-v5_seed14577,3a088b14-308d-4a82-afa7-336bf7a5986c,19.45835266100039,0.000253486644255581,1.3027139540255336e-05,27.748877982131784,86.67887610147524,20.0,0.00015891895713505966,0.00039838837426597884,0.00010809926856111124,0.0006654065999621497,0.0,Germany,DEU,baden-wurttemberg,,,Linux-7.0.0-31-generic-x86_64-with-glibc2.43,3.14.4,3.3.0,24,Intel(R) Core(TM) Ultra 9 285K,1,1 x NVIDIA GeForce RTX 5090,9.2986,48.7383,60.81613540649414,machine,0.0,0.0,0.0,0.0,N
rollout_30,2026-09-17T18:28:18,mbpo_Ant-v5_seed14577,3a088b14-308d-4a82-afa7-336bf7a5986c,0.3493047600022692,4.024000572376389e-06,1.1519682586925814e-05,27.811258983129267,86.41079071255189,20.0,3.469283053201405e-06,5.155004124013374e-06,1.9387803444461185e-06,1.056306752166003e-05,0.0,Germany,DEU,baden-wurttemberg,,,Linux-7.0.0-31-generic-x86_64-with-glibc2.43,3.14.4,3.3.0,24,Intel(R) Core(TM) Ultra 9 285K,1,1 x NVIDIA GeForce RTX 5090,9.2986,48.7383,60.81613540649414,machine,0.0,0.0,0.0,0.0,N
synthetic_rollout_generation_30,2026-09-17T18:28:18,mbpo_Ant-v5_seed14577,3a088b14-308d-4a82-afa7-336bf7a5986c,0.022561406000022544,1.3063244019232562e-07,5.790627283858624e-06,27.847348737399432,85.72499078626178,20.0,2.2059100980922897e-07,0.0,1.223212888969323e-07,3.429122987057276e-07,0.0,Germany,DEU,baden-wurttemberg,,,Linux-7.0.0-31-generic-x86_64-with-glibc2.43,3.14.4,3.3.0,24,Intel(R) Core(TM) Ultra 9 285K,1,1 x NVIDIA GeForce RTX 5090,9.2986,48.7383,60.81613540649414,machine,0.0,0.0,0.0,0.0,N
gradient_updates_30,2026-09-17T18:28:23,mbpo_Ant-v5_seed14577,3a088b14-308d-4a82-afa7-336bf7a5986c,4.572283427998627,9.15942066745971e-05,2.0032545399564836e-05,27.875740919647203,86.16408378789272,20.0,3.5361825511660144e-05,0.00017967708818600325,2.539738155000028e-05,0.00024043629524766325,0.0,Germany,DEU,baden-wurttemberg,,,Linux-7.0.0-31-generic-x86_64-with-glibc2.43,3.14.4,3.3.0,24,Intel(R) Core(TM) Ultra 9 285K,1,1 x NVIDIA GeForce RTX 5090,9.2986,48.7383,60.81613540649414,machine,0.0,0.0,0.0,0.0,N
dynamics_model_update_31,2026-09-17T18:28:39,mbpo_Ant-v5_seed14577,3a088b14-308d-4a82-afa7-336bf7a5986c,16.371145253000577,0.0002157129861166049,1.3176396377240101e-05,27.876818086033264,86.06584647287436,20.0,0.00014066054280612028,0.00033464193437993117,9.094765043333184e-05,0.0005662501276193846,0.0,Germany,DEU,baden-wurttemberg,,,Linux-7.0.0-31-generic-x86_64-with-glibc2.43,3.14.4,3.3.0,24,Intel(R) Core(TM) Ultra 9 285K,1,1 x NVIDIA GeForce RTX 5090,9.2986,48.7383,60.81613540649414,machine,0.0,0.0,0.0,0.0,N
rollout_31,2026-09-17T18:28:40,mbpo_Ant-v5_seed14577,3a088b14-308d-4a82-afa7-336bf7a5986c,0.3628588480023609,4.723674087194797e-06,1.3017886258831677e-05,27.923258952811892,85.93161945089467,20.0,3.440850808233281e-06,6.940283330036934e-06,2.0185878388777334e-06,1.2399721977147948e-05,0.0,Germany,DEU,baden-wurttemberg,,,Linux-7.0.0-31-generic-x86_64-with-glibc2.43,3.14.4,3.3.0,24,Intel(R) Core(TM) Ultra 9 285K,1,1 x NVIDIA GeForce RTX 5090,9.2986,48.7383,60.81613540649414,machine,0.0,0.0,0.0,0.0,N
synthetic_rollout_generation_31,2026-09-17T18:28:40,mbpo_Ant-v5_seed14577,3a088b14-308d-4a82-afa7-336bf7a5986c,0.022435423998103943,1.2849962642298013e-07,5.727797018257811e-06,27.951133941615442,85.27060699358009,20.0,2.150129497849318e-07,0.0,1.223006777864577e-07,3.373136275713895e-07,0.0,Germany,DEU,baden-wurttemberg,,,Linux-7.0.0-31-generic-x86_64-with-glibc2.43,3.14.4,3.3.0,24,Intel(R) Core(TM) Ultra 9 285K,1,1 x NVIDIA GeForce RTX 5090,9.2986,48.7383,60.81613540649414,machine,0.0,0.0,0.0,0.0,N
gradient_updates_31,2026-09-17T18:28:44,mbpo_Ant-v5_seed14577,3a088b14-308d-4a82-afa7-336bf7a5986c,4.622124047000398,9.134453733261345e-05,1.9762485069619547e-05,27.970943279923272,85.69006000874468,20.0,3.409353394146983e-05,0.00018001208845397354,2.5675286733349047e-05,0.00023978090912879155,0.0,Germany,DEU,baden-wurttemberg,,,Linux-7.0.0-31-generic-x86_64-with-glibc2.43,3.14.4,3.3.0,24,Intel(R) Core(TM) Ultra 9 285K,1,1 x NVIDIA GeForce RTX 5090,9.2986,48.7383,60.81613540649414,machine,0.0,0.0,0.0,0.0,N
dynamics_model_update_32,2026-09-17T18:28:59,mbpo_Ant-v5_seed14577,3a088b14-308d-4a82-afa7-336bf7a5986c,14.734487588000775,0.00019020071271135582,1.2908538912549114e-05,27.9611756157285,85.59664994658547,20.0,0.00011717803652013317,0.0003002466290860095,8.18553257611104e-05,0.000499279991367254,0.0,Germany,DEU,baden-wurttemberg,,,Linux-7.0.0-31-generic-x86_64-with-glibc2.43,3.14.4,3.3.0,24,Intel(R) Core(TM) Ultra 9 285K,1,1 x NVIDIA GeForce RTX 5090,9.2986,48.7383,60.81613540649414,machine,0.0,0.0,0.0,0.0,N
rollout_32,2026-09-17T18:29:00,mbpo_Ant-v5_seed14577,3a088b14-308d-4a82-afa7-336bf7a5986c,0.3554400059983891,4.810862857711554e-06,1.3534812647944755e-05,28.019471004770047,85.49492289855017,20.0,3.5461533924793787e-06,7.109727909959673e-06,1.97271262776565e-06,1.2628593930204268e-05,0.0,Germany,DEU,baden-wurttemberg,,,Linux-7.0.0-31-generic-x86_64-with-glibc2.43,3.14.4,3.3.0,24,Intel(R) Core(TM) Ultra 9 285K,1,1 x NVIDIA GeForce RTX 5090,9.2986,48.7383,60.81613540649414,machine,0.0,0.0,0.0,0.0,N
synthetic_rollout_generation_32,2026-09-17T18:29:00,mbpo_Ant-v5_seed14577,3a088b14-308d-4a82-afa7-336bf7a5986c,0.026855625997995958,1.5529051225048746e-07,5.783227238473302e-06,28.053742118487996,84.85690108587443,20.0,2.6134882018941097e-07,0.0,1.4629132221886595e-07,4.076401424087106e-07,0.0,Germany,DEU,baden-wurttemberg,,,Linux-7.0.0-31-generic-x86_64-with-glibc2.43,3.14.4,3.3.0,24,Intel(R) Core(TM) Ultra 9 285K,1,1 x NVIDIA GeForce RTX 5090,9.2986,48.7383,60.81613540649414,machine,0.0,0.0,0.0,0.0,N
gradient_updates_32,2026-09-17T18:29:04,mbpo_Ant-v5_seed14577,3a088b14-308d-4a82-afa7-336bf7a5986c,4.5624304879966076,9.174705445407026e-05,2.0109270664454703e-05,28.080700900464198,85.28020655413637,20.0,3.552751869976764e-05,0.00017996403286002494,2.534597161666166e-05,0.00024083752317645424,0.0,Germany,DEU,baden-wurttemberg,,,Linux-7.0.0-31-generic-x86_64-with-glibc2.43,3.14.4,3.3.0,24,Intel(R) Core(TM) Ultra 9 285K,1,1 x NVIDIA GeForce RTX 5090,9.2986,48.7383,60.81613540649414,machine,0.0,0.0,0.0,0.0,N
dynamics_model_update_33,2026-09-17T18:29:18,mbpo_Ant-v5_seed14577,3a088b14-308d-4a82-afa7-336bf7a5986c,14.320615140000882,0.00018549017216832817,1.295264671945445e-05,28.08078721390656,85.19195176527137,20.0,0.00011587375186559307,0.0002914849554100929,7.955603788333161e-05,0.0004869147451590193,0.0,Germany,DEU,baden-wurttemberg,,,Linux-7.0.0-31-generic-x86_64-with-glibc2.43,3.14.4,3.3.0,24,Intel(R) Core(TM) Ultra 9 285K,1,1 x NVIDIA GeForce RTX 5090,9.2986,48.7383,60.81613540649414,machine,0.0,0.0,0.0,0.0,N
rollout_33,2026-09-17T18:29:19,mbpo_Ant-v5_seed14577,3a088b14-308d-4a82-afa7-336bf7a5986c,0.3623538650026603,4.459662072113339e-06,1.2307145211122279e-05,28.067655630540436,85.08053565891997,20.0,2.660670461868131e-06,7.034450071996545e-06,2.0115655722193794e-06,1.1706686106085357e-05,0.0,Germany,DEU,baden-wurttemberg,,,Linux-7.0.0-31-generic-x86_64-with-glibc2.43,3.14.4,3.3.0,24,Intel(R) Core(TM) Ultra 9 285K,1,1 x NVIDIA GeForce RTX 5090,9.2986,48.7383,60.81613540649414,machine,0.0,0.0,0.0,0.0,N
synthetic_rollout_generation_33,2026-09-17T18:29:19,mbpo_Ant-v5_seed14577,3a088b14-308d-4a82-afa7-336bf7a5986c,0.027096838999568718,1.5329423491000638e-07,5.658471942635116e-06,28.092558339733998,84.46401003820316,20.0,2.5482159274684e-07,0.0,1.4757828889228747e-07,4.023998816382601e-07,0.0,Germany,DEU,baden-wurttemberg,,,Linux-7.0.0-31-generic-x86_64-with-glibc2.43,3.14.4,3.3.0,24,Intel(R) Core(TM) Ultra 9 285K,1,1 x NVIDIA GeForce RTX 5090,9.2986,48.7383,60.81613540649414,machine,0.0,0.0,0.0,0.0,N
gradient_updates_33,2026-09-17T18:29:23,mbpo_Ant-v5_seed14577,3a088b14-308d-4a82-afa7-336bf7a5986c,4.562377131998801,9.164780812158727e-05,2.0087752111488794e-05,28.11155584443019,84.87927018772392,20.0,3.50558024890639e-05,0.00018017764414191006,2.53435532944421e-05,0.00024057699992541606,0.0,Germany,DEU,baden-wurttemberg,,,Linux-7.0.0-31-generic-x86_64-with-glibc2.43,3.14.4,3.3.0,24,Intel(R) Core(TM) Ultra 9 285K,1,1 x NVIDIA GeForce RTX 5090,9.2986,48.7383,60.81613540649414,machine,0.0,0.0,0.0,0.0,N
dynamics_model_update_34,2026-09-17T18:29:41,mbpo_Ant-v5_seed14577,3a088b14-308d-4a82-afa7-336bf7a5986c,17.85318834699865,0.00022971190233286604,1.286672091252011e-05,28.10865263811989,84.79394660724624,20.0,0.00014213004648172198,0.0003616861226820589,9.918134319444405e-05,0.0006029975123582262,0.0,Germany,DEU,baden-wurttemberg,,,Linux-7.0.0-31-generic-x86_64-with-glibc2.43,3.14.4,3.3.0,24,Intel(R) Core(TM) Ultra 9 285K,1,1 x NVIDIA GeForce RTX 5090,9.2986,48.7383,60.81613540649414,machine,0.0,0.0,0.0,0.0,N
rollout_34,2026-09-17T18:29:42,mbpo_Ant-v5_seed14577,3a088b14-308d-4a82-afa7-336bf7a5986c,0.37231477499881294,4.527444947359169e-06,1.2160066766105926e-05,28.09787706669266,84.67664849508611,20.0,2.76488776745909e-06,7.053338975993029e-06,2.0663905222237204e-06,1.1884617265676273e-05,0.0,Germany,DEU,baden-wurttemberg,,,Linux-7.0.0-31-generic-x86_64-with-glibc2.43,3.14.4,3.3.0,24,Intel(R) Core(TM) Ultra 9 285K,1,1 x NVIDIA GeForce RTX 5090,9.2986,48.7383,60.81613540649414,machine,0.0,0.0,0.0,0.0,N
synthetic_rollout_generation_34,2026-09-17T18:29:42,mbpo_Ant-v5_seed14577,3a088b14-308d-4a82-afa7-336bf7a5986c,0.026785568999912357,1.5225423573815566e-07,5.685071687196741e-06,28.115524793698487,84.08033406906438,20.0,2.50091033403288e-07,0.0,1.4957883334634076e-07,3.996698667504961e-07,0.0,Germany,DEU,baden-wurttemberg,,,Linux-7.0.0-31-generic-x86_64-with-glibc2.43,3.14.4,3.3.0,24,Intel(R) Core(TM) Ultra 9 285K,1,1 x NVIDIA GeForce RTX 5090,9.2986,48.7383,60.81613540649414,machine,0.0,0.0,0.0,0.0,N
gradient_updates_34,2026-09-17T18:29:46,mbpo_Ant-v5_seed14577,3a088b14-308d-4a82-afa7-336bf7a5986c,4.559882633999223,9.178005780514399e-05,2.0127766702870136e-05,28.129478246633102,84.4858807935572,20.0,3.5657217970195415e-05,0.00017993736617205602,2.5329573372235258e-05,0.00024092415751448756,0.0,Germany,DEU,baden-wurttemberg,,,Linux-7.0.0-31-generic-x86_64-with-glibc2.43,3.14.4,3.3.0,24,Intel(R) Core(TM) Ultra 9 285K,1,1 x NVIDIA GeForce RTX 5090,9.2986,48.7383,60.81613540649414,machine,0.0,0.0,0.0,0.0,N
dynamics_model_update_35,2026-09-17T18:29:59,mbpo_Ant-v5_seed14577,3a088b14-308d-4a82-afa7-336bf7a5986c,12.766042259998358,0.00016350980863434963,1.2808164667186333e-05,28.129244064569804,84.40931061458149,20.0,9.78091574139299e-05,0.00026048743061191093,7.091934223889349e-05,0.00042921593026473345,0.0,Germany,DEU,baden-wurttemberg,,,Linux-7.0.0-31-generic-x86_64-with-glibc2.43,3.14.4,3.3.0,24,Intel(R) Core(TM) Ultra 9 285K,1,1 x NVIDIA GeForce RTX 5090,9.2986,48.7383,60.81613540649414,machine,0.0,0.0,0.0,0.0,N
rollout_35,2026-09-17T18:29:59,mbpo_Ant-v5_seed14577,3a088b14-308d-4a82-afa7-336bf7a5986c,0.37279180900077336,3.829613297734111e-06,1.0272512500631717e-05,28.123691247458172,84.16950927610769,20.0,2.845657276522723e-06,5.137504110019897e-06,2.0696363499965106e-06,1.0052797736539998e-05,0.0,Germany,DEU,baden-wurttemberg,,,Linux-7.0.0-31-generic-x86_64-with-glibc2.43,3.14.4,3.3.0,24,Intel(R) Core(TM) Ultra 9 285K,1,1 x NVIDIA GeForce RTX 5090,9.2986,48.7383,60.81613540649414,machine,0.0,0.0,0.0,0.0,N
synthetic_rollout_generation_35,2026-09-17T18:29:59,mbpo_Ant-v5_seed14577,3a088b14-308d-4a82-afa7-336bf7a5986c,0.031444776002899744,8.462169995022278e-07,2.6916385379210133e-05,28.159465701460885,84.98343078771887,20.0,3.1015969257155995e-07,1.7402791699927533e-06,1.7089464446253672e-07,2.2213335070277174e-06,0.0,Germany,DEU,baden-wurttemberg,,,Linux-7.0.0-31-generic-x86_64-with-glibc2.43,3.14.4,3.3.0,24,Intel(R) Core(TM) Ultra 9 285K,1,1 x NVIDIA GeForce RTX 5090,9.2986,48.7383,60.81613540649414,machine,0.0,0.0,0.0,0.0,N
gradient_updates_35,2026-09-17T18:30:04,mbpo_Ant-v5_seed14577,3a088b14-308d-4a82-afa7-336bf7a5986c,4.594975553998665,9.213156526872296e-05,2.0050525549453684e-05,28.187157409768645,85.36932253387097,20.0,3.5454242530038454e-05,0.00018086681135998095,2.5525816483322125e-05,0.0002418468703733398,0.0,Germany,DEU,baden-wurttemberg,,,Linux-7.0.0-31-generic-x86_64-with-glibc2.43,3.14.4,3.3.0,24,Intel(R) Core(TM) Ultra 9 285K,1,1 x NVIDIA GeForce RTX 5090,9.2986,48.7383,60.81613540649414,machine,0.0,0.0,0.0,0.0,N
dynamics_model_update_36,2026-09-17T18:30:17,mbpo_Ant-v5_seed14577,3a088b14-308d-4a82-afa7-336bf7a5986c,13.07333256199854,0.00017096262754702496,1.307720754989846e-05,28.18551779714556,85.28767374712375,20.0,0.00011003262969269678,0.00026612132400805066,7.262574848332891e-05,0.0004487797021840781,0.0,Germany,DEU,baden-wurttemberg,,,Linux-7.0.0-31-generic-x86_64-with-glibc2.43,3.14.4,3.3.0,24,Intel(R) Core(TM) Ultra 9 285K,1,1 x NVIDIA GeForce RTX 5090,9.2986,48.7383,60.81613540649414,machine,0.0,0.0,0.0,0.0,N
rollout_36,2026-09-17T18:30:17,mbpo_Ant-v5_seed14577,3a088b14-308d-4a82-afa7-336bf7a5986c,0.364959890001046,3.762074946872529e-06,1.0308132512525031e-05,28.17399102333476,85.05650503565793,20.0,2.698477992113535e-06,5.151115232027159e-06,2.0259152333284777e-06,9.875508457470039e-06,0.0,Germany,DEU,baden-wurttemberg,,,Linux-7.0.0-31-generic-x86_64-with-glibc2.43,3.14.4,3.3.0,24,Intel(R) Core(TM) Ultra 9 285K,1,1 x NVIDIA GeForce RTX 5090,9.2986,48.7383,60.81613540649414,machine,0.0,0.0,0.0,0.0,N
synthetic_rollout_generation_36,2026-09-17T18:30:17,mbpo_Ant-v5_seed14577,3a088b14-308d-4a82-afa7-336bf7a5986c,0.03142751199993654,9.218627435615689e-07,2.9336998210539927e-05,28.21047679110566,85.98745633945418,20.0,3.126183056485765e-07,1.9355571039270103e-06,1.7172941667613004e-07,2.4199048262521505e-06,0.0,Germany,DEU,baden-wurttemberg,,,Linux-7.0.0-31-generic-x86_64-with-glibc2.43,3.14.4,3.3.0,24,Intel(R) Core(TM) Ultra 9 285K,1,1 x NVIDIA GeForce RTX 5090,9.2986,48.7383,60.81613540649414,machine,0.0,0.0,0.0,0.0,N
gradient_updates_36,2026-09-17T18:30:22,mbpo_Ant-v5_seed14577,3a088b14-308d-4a82-afa7-336bf7a5986c,4.54428358199948,9.063806990512041e-05,1.9945539341886422e-05,28.239000618799945,86.34839671385075,20.0,3.5360808288621703e-05,0.00017732264185799096,2.524297039445747e-05,0.00023792642054107013,0.0,Germany,DEU,baden-wurttemberg,,,Linux-7.0.0-31-generic-x86_64-with-glibc2.43,3.14.4,3.3.0,24,Intel(R) Core(TM) Ultra 9 285K,1,1 x NVIDIA GeForce RTX 5090,9.2986,48.7383,60.81613540649414,machine,0.0,0.0,0.0,0.0,N
dynamics_model_update_37,2026-09-17T18:30:38,mbpo_Ant-v5_seed14577,3a088b14-308d-4a82-afa7-336bf7a5986c,15.907447196001158,0.00020824327051775435,1.3090908991695108e-05,28.238435574172808,86.26232825377654,20.0,0.00013453676068487727,0.0003237335923200746,8.837164861666283e-05,0.000546642001621616,0.0,Germany,DEU,baden-wurttemberg,,,Linux-7.0.0-31-generic-x86_64-with-glibc2.43,3.14.4,3.3.0,24,Intel(R) Core(TM) Ultra 9 285K,1,1 x NVIDIA GeForce RTX 5090,9.2986,48.7383,60.81613540649414,machine,0.0,0.0,0.0,0.0,N
rollout_37,2026-09-17T18:30:38,mbpo_Ant-v5_seed14577,3a088b14-308d-4a82-afa7-336bf7a5986c,0.3510843660005776,4.750226804123639e-06,1.3530338003297747e-05,28.282989321996872,86.17367885812212,20.0,3.4381383060659576e-06,7.083061221990761e-06,1.9482237666630653e-06,1.2469423294719784e-05,0.0,Germany,DEU,baden-wurttemberg,,,Linux-7.0.0-31-generic-x86_64-with-glibc2.43,3.14.4,3.3.0,24,Intel(R) Core(TM) Ultra 9 285K,1,1 x NVIDIA GeForce RTX 5090,9.2986,48.7383,60.81613540649414,machine,0.0,0.0,0.0,0.0,N
synthetic_rollout_generation_37,2026-09-17T18:30:38,mbpo_Ant-v5_seed14577,3a088b14-308d-4a82-afa7-336bf7a5986c,0.031374804999359185,1.8555023592776998e-07,5.91427521343259e-06,28.320076719596422,85.61410951488755,20.0,3.1548330793954027e-07,0.0,1.7158910557354967e-07,4.870724135130899e-07,0.0,Germany,DEU,baden-wurttemberg,,,Linux-7.0.0-31-generic-x86_64-with-glibc2.43,3.14.4,3.3.0,24,Intel(R) Core(TM) Ultra 9 285K,1,1 x NVIDIA GeForce RTX 5090,9.2986,48.7383,60.81613540649414,machine,0.0,0.0,0.0,0.0,N
gradient_updates_37,2026-09-17T18:30:43,mbpo_Ant-v5_seed14577,3a088b14-308d-4a82-afa7-336bf7a5986c,4.569704158002423,9.222095328983819e-05,2.0180971679913102e-05,28.348740715430125,85.9837785162115,20.0,3.535088994735536e-05,0.0001813518117479429,2.537881370000012e-05,0.00024208151539529751,0.0,Germany,DEU,baden-wurttemberg,,,Linux-7.0.0-31-generic-x86_64-with-glibc2.43,3.14.4,3.3.0,24,Intel(R) Core(TM) Ultra 9 285K,1,1 x NVIDIA GeForce RTX 5090,9.2986,48.7383,60.81613540649414,machine,0.0,0.0,0.0,0.0,N
dynamics_model_update_38,2026-09-17T18:30:57,mbpo_Ant-v5_seed14577,3a088b14-308d-4a82-afa7-336bf7a5986c,14.525405501000932,0.00019027233074696975,1.3099278894669923e-05,28.346690885927995,85.90102142407325,20.0,0.00012394275470967858,0.0002948313469760544,8.069388819999896e-05,0.0004994679898857324,0.0,Germany,DEU,baden-wurttemberg,,,Linux-7.0.0-31-generic-x86_64-with-glibc2.43,3.14.4,3.3.0,24,Intel(R) Core(TM) Ultra 9 285K,1,1 x NVIDIA GeForce RTX 5090,9.2986,48.7383,60.81613540649414,machine,0.0,0.0,0.0,0.0,N
rollout_38,2026-09-17T18:30:58,mbpo_Ant-v5_seed14577,3a088b14-308d-4a82-afa7-336bf7a5986c,0.36221945299985236,4.775338292850595e-06,1.3183605387313688e-05,28.388285650316433,85.79720602819329,20.0,3.528537822823641e-06,6.996672264003578e-06,2.0101312777922285e-06,1.2535341364618147e-05,0.0,Germany,DEU,baden-wurttemberg,,,Linux-7.0.0-31-generic-x86_64-with-glibc2.43,3.14.4,3.3.0,24,Intel(R) Core(TM) Ultra 9 285K,1,1 x NVIDIA GeForce RTX 5090,9.2986,48.7383,60.81613540649414,machine,0.0,0.0,0.0,0.0,N
synthetic_rollout_generation_38,2026-09-17T18:30:58,mbpo_Ant-v5_seed14577,3a088b14-308d-4a82-afa7-336bf7a5986c,0.03184159900047234,1.8272287332504744e-07,5.739352237617181e-06,28.415537181110334,85.25418573687561,20.0,3.0731163473685097e-07,0.0,1.7233890555650236e-07,4.796505402929196e-07,0.0,Germany,DEU,baden-wurttemberg,,,Linux-7.0.0-31-generic-x86_64-with-glibc2.43,3.14.4,3.3.0,24,Intel(R) Core(TM) Ultra 9 285K,1,1 x NVIDIA GeForce RTX 5090,9.2986,48.7383,60.81613540649414,machine,0.0,0.0,0.0,0.0,N
gradient_updates_38,2026-09-17T18:31:02,mbpo_Ant-v5_seed14577,3a088b14-308d-4a82-afa7-336bf7a5986c,4.569779323999683,9.192680101834799e-05,2.0116268743990568e-05,28.43617447767711,85.61358111046073,20.0,3.518931648476345e-05,0.00018073597792189755,2.5384066450007646e-05,0.00024130936085666951,0.0,Germany,DEU,baden-wurttemberg,,,Linux-7.0.0-31-generic-x86_64-with-glibc2.43,3.14.4,3.3.0,24,Intel(R) Core(TM) Ultra 9 285K,1,1 x NVIDIA GeForce RTX 5090,9.2986,48.7383,60.81613540649414,machine,0.0,0.0,0.0,0.0,N
dynamics_model_update_39,2026-09-17T18:31:17,mbpo_Ant-v5_seed14577,3a088b14-308d-4a82-afa7-336bf7a5986c,14.767647033997491,0.00019328539926584398,1.308841668061624e-05,28.432932510732297,85.53373860059676,20.0,0.00012655412235432553,0.0002987838501380402,8.203937168887532e-05,0.0005073773441812424,0.0,Germany,DEU,baden-wurttemberg,,,Linux-7.0.0-31-generic-x86_64-with-glibc2.43,3.14.4,3.3.0,24,Intel(R) Core(TM) Ultra 9 285K,1,1 x NVIDIA GeForce RTX 5090,9.2986,48.7383,60.81613540649414,machine,0.0,0.0,0.0,0.0,N
rollout_39,2026-09-17T18:31:18,mbpo_Ant-v5_seed14577,3a088b14-308d-4a82-afa7-336bf7a5986c,0.3666632269996626,4.721829530061894e-06,1.287766705187023e-05,28.455883421576694,85.43655353054356,20.0,3.2905520768837515e-06,7.07889455198174e-06,2.0254333555486115e-06,1.2394879984414103e-05,0.0,Germany,DEU,baden-wurttemberg,,,Linux-7.0.0-31-generic-x86_64-with-glibc2.43,3.14.4,3.3.0,24,Intel(R) Core(TM) Ultra 9 285K,1,1 x NVIDIA GeForce RTX 5090,9.2986,48.7383,60.81613540649414,machine,0.0,0.0,0.0,0.0,N
synthetic_rollout_generation_39,2026-09-17T18:31:18,mbpo_Ant-v5_seed14577,3a088b14-308d-4a82-afa7-336bf7a5986c,0.035671830002684146,1.0833133186980565e-06,3.0371278602602774e-05,28.480359192840258,86.35799562464534,20.0,3.3981249407399883e-07,2.307779624066697e-06,1.9612311666101362e-07,2.843715234800842e-06,0.0,Germany,DEU,baden-wurttemberg,,,Linux-7.0.0-31-generic-x86_64-with-glibc2.43,3.14.4,3.3.0,24,Intel(R) Core(TM) Ultra 9 285K,1,1 x NVIDIA GeForce RTX 5090,9.2986,48.7383,60.81613540649414,machine,0.0,0.0,0.0,0.0,N
gradient_updates_39,2026-09-17T18:31:22,mbpo_Ant-v5_seed14577,3a088b14-308d-4a82-afa7-336bf7a5986c,4.5608034239994595,9.048010751044194e-05,1.9838639227710656e-05,28.498768169252006,86.68559731019862,20.0,3.513547005279741e-05,0.0001770412527439813,2.5335043866673342e-05,0.00023751176666345075,0.0,Germany,DEU,baden-wurttemberg,,,Linux-7.0.0-31-generic-x86_64-with-glibc2.43,3.14.4,3.3.0,24,Intel(R) Core(TM) Ultra 9 285K,1,1 x NVIDIA GeForce RTX 5090,9.2986,48.7383,60.81613540649414,machine,0.0,0.0,0.0,0.0,N
dynamics_model_update_40,2026-09-17T18:31:41,mbpo_Ant-v5_seed14577,3a088b14-308d-4a82-afa7-336bf7a5986c,18.78717110800062,0.00024404602385967242,1.299003725902263e-05,28.49455254687047,86.60457679041339,20.0,0.00015322414980144597,0.000383030584201971,0.00010437008253332642,0.0006406248165367438,0.0,Germany,DEU,baden-wurttemberg,,,Linux-7.0.0-31-generic-x86_64-with-glibc2.43,3.14.4,3.3.0,24,Intel(R) Core(TM) Ultra 9 285K,1,1 x NVIDIA GeForce RTX 5090,9.2986,48.7383,60.81613540649414,machine,0.0,0.0,0.0,0.0,N
rollout_40,2026-09-17T18:31:41,mbpo_Ant-v5_seed14577,3a088b14-308d-4a82-afa7-336bf7a5986c,0.3733973630005494,4.521565764720181e-06,1.2108900558928546e-05,28.4842262270818,86.48906615024181,20.0,2.794336957687854e-06,7.0019500459928e-06,2.072897311113965e-06,1.1869184314793751e-05,0.0,Germany,DEU,baden-wurttemberg,,,Linux-7.0.0-31-generic-x86_64-with-glibc2.43,3.14.4,3.3.0,24,Intel(R) Core(TM) Ultra 9 285K,1,1 x NVIDIA GeForce RTX 5090,9.2986,48.7383,60.81613540649414,machine,0.0,0.0,0.0,0.0,N
synthetic_rollout_generation_40,2026-09-17T18:31:41,mbpo_Ant-v5_seed14577,3a088b14-308d-4a82-afa7-336bf7a5986c,0.035918279998440994,2.0743603706442626e-07,5.776268330223456e-06,28.511520018425045,85.96804767945723,20.0,3.479336116753162e-07,0.0,1.965893888862709e-07,5.445230005611534e-07,0.0,Germany,DEU,baden-wurttemberg,,,Linux-7.0.0-31-generic-x86_64-with-glibc2.43,3.14.4,3.3.0,24,Intel(R) Core(TM) Ultra 9 285K,1,1 x NVIDIA GeForce RTX 5090,9.2986,48.7383,60.81613540649414,machine,0.0,0.0,0.0,0.0,N
gradient_updates_40,2026-09-17T18:31:46,mbpo_Ant-v5_seed14577,3a088b14-308d-4a82-afa7-336bf7a5986c,4.5350874369978555,9.213221745767337e-05,2.0315455832602514e-05,28.532537233055233,86.31513045751224,20.0,3.5349381057262624e-05,0.00018130625615608853,2.5192945166681302e-05,0.00024184858238003246,0.0,Germany,DEU,baden-wurttemberg,,,Linux-7.0.0-31-generic-x86_64-with-glibc2.43,3.14.4,3.3.0,24,Intel(R) Core(TM) Ultra 9 285K,1,1 x NVIDIA GeForce RTX 5090,9.2986,48.7383,60.81613540649414,machine,0.0,0.0,0.0,0.0,N
dynamics_model_update_41,2026-09-17T18:32:05,mbpo_Ant-v5_seed14577,3a088b14-308d-4a82-afa7-336bf7a5986c,19.1643829550012,0.0002466379148009495,1.286958365638828e-05,28.52979863892701,86.23624179235951,20.0,0.00015203293218180383,0.0003889300333659307,0.00010646560723333916,0.0006474285727810745,0.0,Germany,DEU,baden-wurttemberg,,,Linux-7.0.0-31-generic-x86_64-with-glibc2.43,3.14.4,3.3.0,24,Intel(R) Core(TM) Ultra 9 285K,1,1 x NVIDIA GeForce RTX 5090,9.2986,48.7383,60.81613540649414,machine,0.0,0.0,0.0,0.0,N
rollout_41,2026-09-17T18:32:05,mbpo_Ant-v5_seed14577,3a088b14-308d-4a82-afa7-336bf7a5986c,0.37135055599719635,4.564675525009498e-06,1.2292304663120651e-05,28.52065466399886,86.1349221907951,20.0,2.7984569609881826e-06,7.123061254055152e-06,2.0608299277835238e-06,1.1982348142827726e-05,0.0,Germany,DEU,baden-wurttemberg,,,Linux-7.0.0-31-generic-x86_64-with-glibc2.43,3.14.4,3.3.0,24,Intel(R) Core(TM) Ultra 9 285K,1,1 x NVIDIA GeForce RTX 5090,9.2986,48.7383,60.81613540649414,machine,0.0,0.0,0.0,0.0,N
synthetic_rollout_generation_41,2026-09-17T18:32:05,mbpo_Ant-v5_seed14577,3a088b14-308d-4a82-afa7-336bf7a5986c,0.035830822998832446,2.081789029512865e-07,5.811157731867301e-06,28.548736522720922,85.62824617790807,20.0,3.501883357043267e-07,0.0,1.9628469999626724e-07,5.464730357014613e-07,0.0,Germany,DEU,baden-wurttemberg,,,Linux-7.0.0-31-generic-x86_64-with-glibc2.43,3.14.4,3.3.0,24,Intel(R) Core(TM) Ultra 9 285K,1,1 x NVIDIA GeForce RTX 5090,9.2986,48.7383,60.81613540649414,machine,0.0,0.0,0.0,0.0,N
gradient_updates_41,2026-09-17T18:32:10,mbpo_Ant-v5_seed14577,3a088b14-308d-4a82-afa7-336bf7a5986c,4.5335383910023666,9.210455292772528e-05,2.0316287700814825e-05,28.57061170609697,85.96799170002772,20.0,3.561498543640934e-05,0.00018097764478197664,2.5183332316656634e-05,0.00024177596253504435,0.0,Germany,DEU,baden-wurttemberg,,,Linux-7.0.0-31-generic-x86_64-with-glibc2.43,3.14.4,3.3.0,24,Intel(R) Core(TM) Ultra 9 285K,1,1 x NVIDIA GeForce RTX 5090,9.2986,48.7383,60.81613540649414,machine,0.0,0.0,0.0,0.0,N
dynamics_model_update_42,2026-09-17T18:32:29,mbpo_Ant-v5_seed14577,3a088b14-308d-4a82-afa7-336bf7a5986c,18.748651219997555,0.0002380877541097292,1.2698927590172681e-05,28.568410590503316,85.89371725861336,20.0,0.00013965143005438899,0.00038117641605195374,0.00010415641458332361,0.0006249842606896663,0.0,Germany,DEU,baden-wurttemberg,,,Linux-7.0.0-31-generic-x86_64-with-glibc2.43,3.14.4,3.3.0,24,Intel(R) Core(TM) Ultra 9 285K,1,1 x NVIDIA GeForce RTX 5090,9.2986,48.7383,60.81613540649414,machine,0.0,0.0,0.0,0.0,N
rollout_42,2026-09-17T18:32:29,mbpo_Ant-v5_seed14577,3a088b14-308d-4a82-afa7-336bf7a5986c,0.3711105350012076,4.550915917800671e-06,1.2263018462746544e-05,28.559633125650915,85.7947254961605,20.0,2.80354335394431e-06,7.083061221990761e-06,2.05962437222363e-06,1.1946228948157833e-05,0.0,Germany,DEU,baden-wurttemberg,,,Linux-7.0.0-31-generic-x86_64-with-glibc2.43,3.14.4,3.3.0,24,Intel(R) Core(TM) Ultra 9 285K,1,1 x NVIDIA GeForce RTX 5090,9.2986,48.7383,60.81613540649414,machine,0.0,0.0,0.0,0.0,N
synthetic_rollout_generation_42,2026-09-17T18:32:29,mbpo_Ant-v5_seed14577,3a088b14-308d-4a82-afa7-336bf7a5986c,0.040116510001098504,2.3379625053825126e-07,5.8290728985892075e-06,28.58914845322844,85.3016523611251,20.0,3.945408711888976e-07,0.0,2.1917812221845107e-07,6.137189934064813e-07,0.0,Germany,DEU,baden-wurttemberg,,,Linux-7.0.0-31-generic-x86_64-with-glibc2.43,3.14.4,3.3.0,24,Intel(R) Core(TM) Ultra 9 285K,1,1 x NVIDIA GeForce RTX 5090,9.2986,48.7383,60.81613540649414,machine,0.0,0.0,0.0,0.0,N
gradient_updates_42,2026-09-17T18:32:34,mbpo_Ant-v5_seed14577,3a088b14-308d-4a82-afa7-336bf7a5986c,4.569074325001566,9.11529895706014e-05,1.995001127788247e-05,28.610672762462116,85.62317004470634,20.0,3.4282556037133066e-05,0.000179620143695991,2.5375393377787166e-05,0.00023927809311091036,0.0,Germany,DEU,baden-wurttemberg,,,Linux-7.0.0-31-generic-x86_64-with-glibc2.43,3.14.4,3.3.0,24,Intel(R) Core(TM) Ultra 9 285K,1,1 x NVIDIA GeForce RTX 5090,9.2986,48.7383,60.81613540649414,machine,0.0,0.0,0.0,0.0,N
dynamics_model_update_43,2026-09-17T18:32:49,mbpo_Ant-v5_seed14577,3a088b14-308d-4a82-afa7-336bf7a5986c,15.22086082900205,0.00019865376869248816,1.3051393347585956e-05,28.602639750239685,85.55235941883836,20.0,0.00012759763513358127,0.0003093144141179671,8.455735274999661e-05,0.0005214694020015433,0.0,Germany,DEU,baden-wurttemberg,,,Linux-7.0.0-31-generic-x86_64-with-glibc2.43,3.14.4,3.3.0,24,Intel(R) Core(TM) Ultra 9 285K,1,1 x NVIDIA GeForce RTX 5090,9.2986,48.7383,60.81613540649414,machine,0.0,0.0,0.0,0.0,N
rollout_43,2026-09-17T18:32:49,mbpo_Ant-v5_seed14577,3a088b14-308d-4a82-afa7-336bf7a5986c,0.38553304000015487,4.594125516191316e-06,1.1916406477836462e-05,28.593588238350954,85.43936467279303,20.0,2.9065398252335617e-06,7.013616722062466e-06,2.1394983055469594e-06,1.2059654852843854e-05,0.0,Germany,DEU,baden-wurttemberg,,,Linux-7.0.0-31-generic-x86_64-with-glibc2.43,3.14.4,3.3.0,24,Intel(R) Core(TM) Ultra 9 285K,1,1 x NVIDIA GeForce RTX 5090,9.2986,48.7383,60.81613540649414,machine,0.0,0.0,0.0,0.0,N
synthetic_rollout_generation_43,2026-09-17T18:32:49,mbpo_Ant-v5_seed14577,3a088b14-308d-4a82-afa7-336bf7a5986c,0.04084155300006387,9.543868459624405e-07,2.336992973356228e-05,28.621338994827397,85.92289551140848,20.0,3.994405973310744e-07,1.8863903979982055e-06,2.1945013332826807e-07,2.5052811286584153e-06,0.0,Germany,DEU,baden-wurttemberg,,,Linux-7.0.0-31-generic-x86_64-with-glibc2.43,3.14.4,3.3.0,24,Intel(R) Core(TM) Ultra 9 285K,1,1 x NVIDIA GeForce RTX 5090,9.2986,48.7383,60.81613540649414,machine,0.0,0.0,0.0,0.0,N
gradient_updates_43,2026-09-17T18:32:54,mbpo_Ant-v5_seed14577,3a088b14-308d-4a82-afa7-336bf7a5986c,4.565750002999266,8.997410200379218e-05,1.9706330423120388e-05,28.641874558597163,86.21872527345695,20.0,3.47063258205986e-05,0.00017611486311397417,2.5362304972218613e-05,0.00023618349390679139,0.0,Germany,DEU,baden-wurttemberg,,,Linux-7.0.0-31-generic-x86_64-with-glibc2.43,3.14.4,3.3.0,24,Intel(R) Core(TM) Ultra 9 285K,1,1 x NVIDIA GeForce RTX 5090,9.2986,48.7383,60.81613540649414,machine,0.0,0.0,0.0,0.0,N
dynamics_model_update_44,2026-09-17T18:33:14,mbpo_Ant-v5_seed14577,3a088b14-308d-4a82-afa7-336bf7a5986c,19.996305477001442,0.00024641410879414245,1.2322983940952115e-05,28.634029946840695,86.13731673580327,20.0,0.00013825148948999263,0.0003975019846680361,0.00011108760418333547,0.0006468410783413633,0.0,Germany,DEU,baden-wurttemberg,,,Linux-7.0.0-31-generic-x86_64-with-glibc2.43,3.14.4,3.3.0,24,Intel(R) Core(TM) Ultra 9 285K,1,1 x NVIDIA GeForce RTX 5090,9.2986,48.7383,60.81613540649414,machine,0.0,0.0,0.0,0.0,N
rollout_44,2026-09-17T18:33:14,mbpo_Ant-v5_seed14577,3a088b14-308d-4a82-afa7-336bf7a5986c,0.38552782499755267,4.575266744823864e-06,1.1867600187836203e-05,28.62490345302233,86.02107911898959,20.0,2.9046239903608717e-06,6.965838906025645e-06,2.139687372214663e-06,1.2010150268602915e-05,0.0,Germany,DEU,baden-wurttemberg,,,Linux-7.0.0-31-generic-x86_64-with-glibc2.43,3.14.4,3.3.0,24,Intel(R) Core(TM) Ultra 9 285K,1,1 x NVIDIA GeForce RTX 5090,9.2986,48.7383,60.81613540649414,machine,0.0,0.0,0.0,0.0,N
synthetic_rollout_generation_44,2026-09-17T18:33:14,mbpo_Ant-v5_seed14577,3a088b14-308d-4a82-afa7-336bf7a5986c,0.03979243999856408,9.532781541938401e-07,2.395904701554222e-05,28.64662149226235,86.50960722397683,20.0,3.7853613616203874e-07,1.90639041397489e-06,2.1744424444098548e-07,2.502370794577047e-06,0.0,Germany,DEU,baden-wurttemberg,,,Linux-7.0.0-31-generic-x86_64-with-glibc2.43,3.14.4,3.3.0,24,Intel(R) Core(TM) Ultra 9 285K,1,1 x NVIDIA GeForce RTX 5090,9.2986,48.7383,60.81613540649414,machine,0.0,0.0,0.0,0.0,N
gradient_updates_44,2026-09-17T18:33:19,mbpo_Ant-v5_seed14577,3a088b14-308d-4a82-afa7-336bf7a5986c,4.311159892000433,8.825287129937513e-05,2.047081159932139e-05,28.663076925948324,86.83154038660868,20.0,3.3531045435925694e-05,0.00017417986156598175,2.395432806667156e-05,0.00023166523506857814,0.0,Germany,DEU,baden-wurttemberg,,,Linux-7.0.0-31-generic-x86_64-with-glibc2.43,3.14.4,3.3.0,24,Intel(R) Core(TM) Ultra 9 285K,1,1 x NVIDIA GeForce RTX 5090,9.2986,48.7383,60.81613540649414,machine,0.0,0.0,0.0,0.0,N
dynamics_model_update_45,2026-09-17T18:33:37,mbpo_Ant-v5_seed14577,3a088b14-308d-4a82-afa7-336bf7a5986c,18.400728672000696,0.0002244528741798292,1.219802836288948e-05,28.658451765510915,86.74263940318315,20.0,0.00012676506613419278,0.0003602041770519593,0.00010222323398888407,0.0005891924771750344,0.0,Germany,DEU,baden-wurttemberg,,,Linux-7.0.0-31-generic-x86_64-with-glibc2.43,3.14.4,3.3.0,24,Intel(R) Core(TM) Ultra 9 285K,1,1 x NVIDIA GeForce RTX 5090,9.2986,48.7383,60.81613540649414,machine,0.0,0.0,0.0,0.0,N
rollout_45,2026-09-17T18:33:37,mbpo_Ant-v5_seed14577,3a088b14-308d-4a82-afa7-336bf7a5986c,0.37888533400109736,4.508879888337827e-06,1.1900385205893551e-05,28.6491585252206,86.62759646272326,20.0,2.8501842245891307e-06,6.883061062112894e-06,2.1026383944548407e-06,1.1835883681157733e-05,0.0,Germany,DEU,baden-wurttemberg,,,Linux-7.0.0-31-generic-x86_64-with-glibc2.43,3.14.4,3.3.0,24,Intel(R) Core(TM) Ultra 9 285K,1,1 x NVIDIA GeForce RTX 5090,9.2986,48.7383,60.81613540649414,machine,0.0,0.0,0.0,0.0,N
synthetic_rollout_generation_45,2026-09-17T18:33:38,mbpo_Ant-v5_seed14577,3a088b14-308d-4a82-afa7-336bf7a5986c,0.04045896599927801,2.38662752222521e-07,5.900179396773495e-06,28.679231415174648,86.16185669679464,20.0,4.043742123892302e-07,0.0,2.2211942778127547e-07,6.264936401705057e-07,0.0,Germany,DEU,baden-wurttemberg,,,Linux-7.0.0-31-generic-x86_64-with-glibc2.43,3.14.4,3.3.0,24,Intel(R) Core(TM) Ultra 9 285K,1,1 x NVIDIA GeForce RTX 5090,9.2986,48.7383,60.81613540649414,machine,0.0,0.0,0.0,0.0,N
gradient_updates_45,2026-09-17T18:33:42,mbpo_Ant-v5_seed14577,3a088b14-308d-4a82-afa7-336bf7a5986c,4.341631339997548,8.82581648086328e-05,2.0328360743295762e-05,28.69921860872388,86.48694399407663,20.0,3.0307767301750166e-05,0.00017724875290991982,2.4122610405559117e-05,0.00023167913061722736,0.0,Germany,DEU,baden-wurttemberg,,,Linux-7.0.0-31-generic-x86_64-with-glibc2.43,3.14.4,3.3.0,24,Intel(R) Core(TM) Ultra 9 285K,1,1 x NVIDIA GeForce RTX 5090,9.2986,48.7383,60.81613540649414,machine,0.0,0.0,0.0,0.0,N
dynamics_model_update_46,2026-09-17T18:34:02,mbpo_Ant-v5_seed14577,3a088b14-308d-4a82-afa7-336bf7a5986c,20.07123692800087,0.00023791057127825477,1.1853309960116391e-05,28.679410872221794,86.39816940591179,20.0,0.0001238766163234352,0.000389137811310003,0.0001115047252166837,0.0006245191528501219,0.0,Germany,DEU,baden-wurttemberg,,,Linux-7.0.0-31-generic-x86_64-with-glibc2.43,3.14.4,3.3.0,24,Intel(R) Core(TM) Ultra 9 285K,1,1 x NVIDIA GeForce RTX 5090,9.2986,48.7383,60.81613540649414,machine,0.0,0.0,0.0,0.0,N
rollout_46,2026-09-17T18:34:02,mbpo_Ant-v5_seed14577,3a088b14-308d-4a82-afa7-336bf7a5986c,0.3777954030010733,4.5640099540292245e-06,1.2080313907314975e-05,28.67128123092547,86.29362759312862,20.0,2.871427852695757e-06,7.006672272047432e-06,2.1025008833429684e-06,1.198060100808529e-05,0.0,Germany,DEU,baden-wurttemberg,,,Linux-7.0.0-31-generic-x86_64-with-glibc2.43,3.14.4,3.3.0,24,Intel(R) Core(TM) Ultra 9 285K,1,1 x NVIDIA GeForce RTX 5090,9.2986,48.7383,60.81613540649414,machine,0.0,0.0,0.0,0.0,N
synthetic_rollout_generation_46,2026-09-17T18:34:02,mbpo_Ant-v5_seed14577,3a088b14-308d-4a82-afa7-336bf7a5986c,0.044267466000746936,1.2192268535604622e-06,2.754449994830589e-05,28.694906589957707,86.93239043163854,20.0,4.2673673027529557e-07,2.530557580038284e-06,2.431961833486776e-07,3.20049049366139e-06,0.0,Germany,DEU,baden-wurttemberg,,,Linux-7.0.0-31-generic-x86_64-with-glibc2.43,3.14.4,3.3.0,24,Intel(R) Core(TM) Ultra 9 285K,1,1 x NVIDIA GeForce RTX 5090,9.2986,48.7383,60.81613540649414,machine,0.0,0.0,0.0,0.0,N
gradient_updates_46,2026-09-17T18:34:07,mbpo_Ant-v5_seed14577,3a088b14-308d-4a82-afa7-336bf7a5986c,4.471035506001499,8.883941849846706e-05,1.987001122180733e-05,28.712182848172077,87.21255448878573,20.0,3.396149494695397e-05,0.00017440736174789695,2.4836074394443165e-05,0.00023320493108929322,0.0,Germany,DEU,baden-wurttemberg,,,Linux-7.0.0-31-generic-x86_64-with-glibc2.43,3.14.4,3.3.0,24,Intel(R) Core(TM) Ultra 9 285K,1,1 x NVIDIA GeForce RTX 5090,9.2986,48.7383,60.81613540649414,machine,0.0,0.0,0.0,0.0,N
dynamics_model_update_47,2026-09-17T18:34:28,mbpo_Ant-v5_seed14577,3a088b14-308d-4a82-afa7-336bf7a5986c,20.83343101999708,0.00026777711259629543,1.2853228126003875e-05,28.705177648791103,87.14067405674798,20.0,0.00016235244988185502,0.00042482839541801987,0.00011573846851111336,0.0007029193138109874,0.0,Germany,DEU,baden-wurttemberg,,,Linux-7.0.0-31-generic-x86_64-with-glibc2.43,3.14.4,3.3.0,24,Intel(R) Core(TM) Ultra 9 285K,1,1 x NVIDIA GeForce RTX 5090,9.2986,48.7383,60.81613540649414,machine,0.0,0.0,0.0,0.0,N
rollout_47,2026-09-17T18:34:28,mbpo_Ant-v5_seed14577,3a088b14-308d-4a82-afa7-336bf7a5986c,0.3735313479992328,3.801259148570116e-06,1.0176638657341536e-05,28.692438346653397,86.94741651546681,20.0,2.738066079342044e-06,5.167226356017629e-06,2.0730751944331507e-06,9.978367629795426e-06,0.0,Germany,DEU,baden-wurttemberg,,,Linux-7.0.0-31-generic-x86_64-with-glibc2.43,3.14.4,3.3.0,24,Intel(R) Core(TM) Ultra 9 285K,1,1 x NVIDIA GeForce RTX 5090,9.2986,48.7383,60.81613540649414,machine,0.0,0.0,0.0,0.0,N
synthetic_rollout_generation_47,2026-09-17T18:34:28,mbpo_Ant-v5_seed14577,3a088b14-308d-4a82-afa7-336bf7a5986c,0.04469089700069162,9.236010734027522e-07,2.066859407948426e-05,28.716523202489874,87.22943294931353,20.0,4.3299284639697344e-07,1.7455569519819747e-06,2.4591817222689716e-07,2.42446797060758e-06,0.0,Germany,DEU,baden-wurttemberg,,,Linux-7.0.0-31-generic-x86_64-with-glibc2.43,3.14.4,3.3.0,24,Intel(R) Core(TM) Ultra 9 285K,1,1 x NVIDIA GeForce RTX 5090,9.2986,48.7383,60.81613540649414,machine,0.0,0.0,0.0,0.0,N
gradient_updates_47,2026-09-17T18:34:33,mbpo_Ant-v5_seed14577,3a088b14-308d-4a82-afa7-336bf7a5986c,4.577487063001172,9.173416126774872e-05,2.0040305429868762e-05,28.73441381558086,87.50937827590202,20.0,3.506680583120064e-05,0.00018030931091406188,2.542756160556648e-05,0.0002408036783508316,0.0,Germany,DEU,baden-wurttemberg,,,Linux-7.0.0-31-generic-x86_64-with-glibc2.43,3.14.4,3.3.0,24,Intel(R) Core(TM) Ultra 9 285K,1,1 x NVIDIA GeForce RTX 5090,9.2986,48.7383,60.81613540649414,machine,0.0,0.0,0.0,0.0,N
dynamics_model_update_48,2026-09-17T18:34:46,mbpo_Ant-v5_seed14577,3a088b14-308d-4a82-afa7-336bf7a5986c,13.73281616100212,0.00017762301064925927,1.2934205011975441e-05,28.72910302418081,87.43474476664768,20.0,0.00011196323623717877,0.0002780093890739632,7.629069178888628e-05,0.0004662633171000352,0.0,Germany,DEU,baden-wurttemberg,,,Linux-7.0.0-31-generic-x86_64-with-glibc2.43,3.14.4,3.3.0,24,Intel(R) Core(TM) Ultra 9 285K,1,1 x NVIDIA GeForce RTX 5090,9.2986,48.7383,60.81613540649414,machine,0.0,0.0,0.0,0.0,N
rollout_48,2026-09-17T18:34:47,mbpo_Ant-v5_seed14577,3a088b14-308d-4a82-afa7-336bf7a5986c,0.3729480970032455,4.499715046655389e-06,1.2065137524728483e-05,28.715799902854933,87.33528029001964,20.0,2.719467453355523e-06,7.022505618015096e-06,2.0698527500116054e-06,1.1811825821383959e-05,0.0,Germany,DEU,baden-wurttemberg,,,Linux-7.0.0-31-generic-x86_64-with-glibc2.43,3.14.4,3.3.0,24,Intel(R) Core(TM) Ultra 9 285K,1,1 x NVIDIA GeForce RTX 5090,9.2986,48.7383,60.81613540649414,machine,0.0,0.0,0.0,0.0,N
synthetic_rollout_generation_48,2026-09-17T18:34:47,mbpo_Ant-v5_seed14577,3a088b14-308d-4a82-afa7-336bf7a5986c,0.044593798000278184,2.659967234235755e-07,5.964966098739193e-06,28.747760639156095,86.89419301582763,20.0,4.5379564081460266e-07,0.0,2.444501222068074e-07,6.982457630214101e-07,0.0,Germany,DEU,baden-wurttemberg,,,Linux-7.0.0-31-generic-x86_64-with-glibc2.43,3.14.4,3.3.0,24,Intel(R) Core(TM) Ultra 9 285K,1,1 x NVIDIA GeForce RTX 5090,9.2986,48.7383,60.81613540649414,machine,0.0,0.0,0.0,0.0,N
gradient_updates_48,2026-09-17T18:34:51,mbpo_Ant-v5_seed14577,3a088b14-308d-4a82-afa7-336bf7a5986c,4.597062619999633,9.046857297067765e-05,1.9679668196355905e-05,28.770232813140353,87.1611415908096,20.0,3.3123415665376604e-05,0.000178816531941961,2.5541540699992177e-05,0.0002374814883073298,0.0,Germany,DEU,baden-wurttemberg,,,Linux-7.0.0-31-generic-x86_64-with-glibc2.43,3.14.4,3.3.0,24,Intel(R) Core(TM) Ultra 9 285K,1,1 x NVIDIA GeForce RTX 5090,9.2986,48.7383,60.81613540649414,machine,0.0,0.0,0.0,0.0,N
dynamics_model_update_49,2026-09-17T18:35:08,mbpo_Ant-v5_seed14577,3a088b14-308d-4a82-afa7-336bf7a5986c,17.032052581002063,0.00022418668617808432,1.3162622921997372e-05,28.757299947810456,87.09414323618773,20.0,0.00014490146119885625,0.00034897111250997703,9.46211555944397e-05,0.0005884937293032799,0.0,Germany,DEU,baden-wurttemberg,,,Linux-7.0.0-31-generic-x86_64-with-glibc2.43,3.14.4,3.3.0,24,Intel(R) Core(TM) Ultra 9 285K,1,1 x NVIDIA GeForce RTX 5090,9.2986,48.7383,60.81613540649414,machine,0.0,0.0,0.0,0.0,N
rollout_49,2026-09-17T18:35:09,mbpo_Ant-v5_seed14577,3a088b14-308d-4a82-afa7-336bf7a5986c,0.3725488290001522,3.846937102635131e-06,1.0325784533429468e-05,28.751855867862695,86.90876471144192,20.0,2.878446747199559e-06,5.153059678075778e-06,2.066766583347368e-06,1.0098273008622705e-05,0.0,Germany,DEU,baden-wurttemberg,,,Linux-7.0.0-31-generic-x86_64-with-glibc2.43,3.14.4,3.3.0,24,Intel(R) Core(TM) Ultra 9 285K,1,1 x NVIDIA GeForce RTX 5090,9.2986,48.7383,60.81613540649414,machine,0.0,0.0,0.0,0.0,N
synthetic_rollout_generation_49,2026-09-17T18:35:09,mbpo_Ant-v5_seed14577,3a088b14-308d-4a82-afa7-336bf7a5986c,0.050151914001617115,9.454551700167207e-07,1.88535758484391e-05,28.7779592743533,87.11512369310363,20.0,4.928751165221568e-07,1.7216680440190757e-06,2.672921722273597e-07,2.4818353327668574e-06,0.0,Germany,DEU,baden-wurttemberg,,,Linux-7.0.0-31-generic-x86_64-with-glibc2.43,3.14.4,3.3.0,24,Intel(R) Core(TM) Ultra 9 285K,1,1 x NVIDIA GeForce RTX 5090,9.2986,48.7383,60.81613540649414,machine,0.0,0.0,0.0,0.0,N
gradient_updates_49,2026-09-17T18:35:13,mbpo_Ant-v5_seed14577,3a088b14-308d-4a82-afa7-336bf7a5986c,4.600079800999083,9.160488401865202e-05,1.991378104673143e-05,28.79710050337237,87.38042217321002,20.0,3.4795827003303303e-05,0.0001801154218699086,2.5553074577772984e-05,0.000240464323450984,0.0,Germany,DEU,baden-wurttemberg,,,Linux-7.0.0-31-generic-x86_64-with-glibc2.43,3.14.4,3.3.0,24,Intel(R) Core(TM) Ultra 9 285K,1,1 x NVIDIA GeForce RTX 5090,9.2986,48.7383,60.81613540649414,machine,0.0,0.0,0.0,0.0,N
dynamics_model_update_50,2026-09-17T18:35:35,mbpo_Ant-v5_seed14577,3a088b14-308d-4a82-afa7-336bf7a5986c,21.921871405000275,0.0002834021590101283,1.2927828065615333e-05,28.78977826646783,87.31040188378306,20.0,0.00017704473913568095,0.00044510507830608503,0.00012178549955555763,0.0007439353169973184,0.0,Germany,DEU,baden-wurttemberg,,,Linux-7.0.0-31-generic-x86_64-with-glibc2.43,3.14.4,3.3.0,24,Intel(R) Core(TM) Ultra 9 285K,1,1 x NVIDIA GeForce RTX 5090,9.2986,48.7383,60.81613540649414,machine,0.0,0.0,0.0,0.0,N
rollout_50,2026-09-17T18:35:36,mbpo_Ant-v5_seed14577,3a088b14-308d-4a82-afa7-336bf7a5986c,0.37253871299981256,4.549348514437321e-06,1.2211722818142446e-05,28.782477631436667,87.21643696654905,20.0,2.839451993776748e-06,7.03528340595394e-06,2.0673790888797727e-06,1.194211448861393e-05,0.0,Germany,DEU,baden-wurttemberg,,,Linux-7.0.0-31-generic-x86_64-with-glibc2.43,3.14.4,3.3.0,24,Intel(R) Core(TM) Ultra 9 285K,1,1 x NVIDIA GeForce RTX 5090,9.2986,48.7383,60.81613540649414,machine,0.0,0.0,0.0,0.0,N
synthetic_rollout_generation_50,2026-09-17T18:35:36,mbpo_Ant-v5_seed14577,3a088b14-308d-4a82-afa7-336bf7a5986c,0.04939308999746572,2.8457676579107805e-07,5.7620889836369635e-06,28.80615307615347,86.7930562045755,20.0,4.807695512844268e-07,0.0,2.6624912778834553e-07,7.470186790675681e-07,0.0,Germany,DEU,baden-wurttemberg,,,Linux-7.0.0-31-generic-x86_64-with-glibc2.43,3.14.4,3.3.0,24,Intel(R) Core(TM) Ultra 9 285K,1,1 x NVIDIA GeForce RTX 5090,9.2986,48.7383,60.81613540649414,machine,0.0,0.0,0.0,0.0,N
gradient_updates_50,2026-09-17T18:35:40,mbpo_Ant-v5_seed14577,3a088b14-308d-4a82-afa7-336bf7a5986c,4.5858830159995705,9.006318983548721e-05,1.9639246482821258e-05,28.8240068584551,87.03909464205822,20.0,3.551927869317739e-05,0.00017542375145007671,2.5474320783339284e-05,0.000236417350926596,0.0,Germany,DEU,baden-wurttemberg,,,Linux-7.0.0-31-generic-x86_64-with-glibc2.43,3.14.4,3.3.0,24,Intel(R) Core(TM) Ultra 9 285K,1,1 x NVIDIA GeForce RTX 5090,9.2986,48.7383,60.81613540649414,machine,0.0,0.0,0.0,0.0,N
dynamics_model_update_51,2026-09-17T18:36:02,mbpo_Ant-v5_seed14577,3a088b14-308d-4a82-afa7-336bf7a5986c,21.364091478000773,0.0002727594424254687,1.2767176588122934e-05,28.819323448054636,86.97276902068019,20.0,0.00016266038873932048,0.00043465118105401324,0.00011868644156109217,0.0007159980113544268,0.0,Germany,DEU,baden-wurttemberg,,,Linux-7.0.0-31-generic-x86_64-with-glibc2.43,3.14.4,3.3.0,24,Intel(R) Core(TM) Ultra 9 285K,1,1 x NVIDIA GeForce RTX 5090,9.2986,48.7383,60.81613540649414,machine,0.0,0.0,0.0,0.0,N
rollout_51,2026-09-17T18:36:02,mbpo_Ant-v5_seed14577,3a088b14-308d-4a82-afa7-336bf7a5986c,0.38309983300132444,4.558211047066968e-06,1.1898055216317108e-05,28.811962136684574,86.86799826147474,20.0,2.918611223777512e-06,6.920283313949227e-06,2.1264842444404172e-06,1.1965378782168024e-05,0.0,Germany,DEU,baden-wurttemberg,,,Linux-7.0.0-31-generic-x86_64-with-glibc2.43,3.14.4,3.3.0,24,Intel(R) Core(TM) Ultra 9 285K,1,1 x NVIDIA GeForce RTX 5090,9.2986,48.7383,60.81613540649414,machine,0.0,0.0,0.0,0.0,N
synthetic_rollout_generation_51,2026-09-17T18:36:02,mbpo_Ant-v5_seed14577,3a088b14-308d-4a82-afa7-336bf7a5986c,0.04901361000156612,2.8356925608000183e-07,5.786065046346517e-06,28.83085308604632,86.45434112689628,20.0,4.716481550939844e-07,0.0,2.7272579445746653e-07,7.443739495488488e-07,0.0,Germany,DEU,baden-wurttemberg,,,Linux-7.0.0-31-generic-x86_64-with-glibc2.43,3.14.4,3.3.0,24,Intel(R) Core(TM) Ultra 9 285K,1,1 x NVIDIA GeForce RTX 5090,9.2986,48.7383,60.81613540649414,machine,0.0,0.0,0.0,0.0,N
gradient_updates_51,2026-09-17T18:36:07,mbpo_Ant-v5_seed14577,3a088b14-308d-4a82-afa7-336bf7a5986c,4.608181168001465,9.24555384584861e-05,2.0063352678295433e-05,28.844595158484463,86.71807983491135,20.0,3.5264355711463885e-05,0.0001818407010280021,2.5592248572219728e-05,0.0002426973053116857,0.0,Germany,DEU,baden-wurttemberg,,,Linux-7.0.0-31-generic-x86_64-with-glibc2.43,3.14.4,3.3.0,24,Intel(R) Core(TM) Ultra 9 285K,1,1 x NVIDIA GeForce RTX 5090,9.2986,48.7383,60.81613540649414,machine,0.0,0.0,0.0,0.0,N
dynamics_model_update_52,2026-09-17T18:36:30,mbpo_Ant-v5_seed14577,3a088b14-308d-4a82-afa7-336bf7a5986c,23.100462411999615,0.0002848221776246187,1.2329717695025473e-05,28.838158720459678,86.64073036952225,20.0,0.0001681083942088324,0.00045122119430995866,0.00012833330063889096,0.0007476628891576811,0.0,Germany,DEU,baden-wurttemberg,,,Linux-7.0.0-31-generic-x86_64-with-glibc2.43,3.14.4,3.3.0,24,Intel(R) Core(TM) Ultra 9 285K,1,1 x NVIDIA GeForce RTX 5090,9.2986,48.7383,60.81613540649414,machine,0.0,0.0,0.0,0.0,N
rollout_52,2026-09-17T18:36:30,mbpo_Ant-v5_seed14577,3a088b14-308d-4a82-afa7-336bf7a5986c,0.3696907560006366,4.115376941535992e-06,1.1131928592941043e-05,28.867080290593705,86.4690407259614,20.0,3.613664835377256e-06,5.137504110019897e-06,2.0517630444577897e-06,1.0802931989857545e-05,0.0,Germany,DEU,baden-wurttemberg,,,Linux-7.0.0-31-generic-x86_64-with-glibc2.43,3.14.4,3.3.0,24,Intel(R) Core(TM) Ultra 9 285K,1,1 x NVIDIA GeForce RTX 5090,9.2986,48.7383,60.81613540649414,machine,0.0,0.0,0.0,0.0,N
synthetic_rollout_generation_52,2026-09-17T18:36:30,mbpo_Ant-v5_seed14577,3a088b14-308d-4a82-afa7-336bf7a5986c,0.0539043729986588,1.0202189992987443e-06,1.8927212148604182e-05,28.887554973453412,86.63343460764433,20.0,5.293095901165445e-07,1.845834809999225e-06,3.0294721111399914e-07,2.6780916112315034e-06,0.0,Germany,DEU,baden-wurttemberg,,,Linux-7.0.0-31-generic-x86_64-with-glibc2.43,3.14.4,3.3.0,24,Intel(R) Core(TM) Ultra 9 285K,1,1 x NVIDIA GeForce RTX 5090,9.2986,48.7383,60.81613540649414,machine,0.0,0.0,0.0,0.0,N
gradient_updates_52,2026-09-17T18:36:35,mbpo_Ant-v5_seed14577,3a088b14-308d-4a82-afa7-336bf7a5986c,4.303986248000001,8.829858736988071e-05,2.051555149426897e-05,28.90305839411257,86.90831399679864,20.0,3.3627666902114745e-05,0.00017424513939601205,2.3912434205562196e-05,0.0002317852405036916,0.0,Germany,DEU,baden-wurttemberg,,,Linux-7.0.0-31-generic-x86_64-with-glibc2.43,3.14.4,3.3.0,24,Intel(R) Core(TM) Ultra 9 285K,1,1 x NVIDIA GeForce RTX 5090,9.2986,48.7383,60.81613540649414,machine,0.0,0.0,0.0,0.0,N
dynamics_model_update_53,2026-09-17T18:36:53,mbpo_Ant-v5_seed14577,3a088b14-308d-4a82-afa7-336bf7a5986c,18.39091661099883,0.00022575552920698315,1.2275366294301651e-05,28.89882671434547,86.8308621998417,20.0,0.00013193785443908757,0.00035850528680403393,0.0001021688267500093,0.0005926119679931299,0.0,Germany,DEU,baden-wurttemberg,,,Linux-7.0.0-31-generic-x86_64-with-glibc2.43,3.14.4,3.3.0,24,Intel(R) Core(TM) Ultra 9 285K,1,1 x NVIDIA GeForce RTX 5090,9.2986,48.7383,60.81613540649414,machine,0.0,0.0,0.0,0.0,N
rollout_53,2026-09-17T18:36:53,mbpo_Ant-v5_seed14577,3a088b14-308d-4a82-afa7-336bf7a5986c,0.3680157100025099,4.736190003162485e-06,1.2869212543813778e-05,28.92540389243151,86.73867124779161,20.0,3.5634975730190754e-06,6.826394350012421e-06,2.042684538881151e-06,1.2432576461905709e-05,0.0,Germany,DEU,baden-wurttemberg,,,Linux-7.0.0-31-generic-x86_64-with-glibc2.43,3.14.4,3.3.0,24,Intel(R) Core(TM) Ultra 9 285K,1,1 x NVIDIA GeForce RTX 5090,9.2986,48.7383,60.81613540649414,machine,0.0,0.0,0.0,0.0,N
synthetic_rollout_generation_53,2026-09-17T18:36:53,mbpo_Ant-v5_seed14577,3a088b14-308d-4a82-afa7-336bf7a5986c,0.053659989000152564,3.1128907064872924e-07,5.80169643330781e-06,28.94758408223473,86.34078743472836,20.0,5.219512508938817e-07,0.0,2.951876666781872e-07,8.171389175720689e-07,0.0,Germany,DEU,baden-wurttemberg,,,Linux-7.0.0-31-generic-x86_64-with-glibc2.43,3.14.4,3.3.0,24,Intel(R) Core(TM) Ultra 9 285K,1,1 x NVIDIA GeForce RTX 5090,9.2986,48.7383,60.81613540649414,machine,0.0,0.0,0.0,0.0,N
gradient_updates_53,2026-09-17T18:36:58,mbpo_Ant-v5_seed14577,3a088b14-308d-4a82-afa7-336bf7a5986c,4.3554411600016465,8.811486999182709e-05,2.023100075023335e-05,28.961325010899184,86.61553614368307,20.0,2.994720256885297e-05,0.00017717097506997348,2.4184801733342053e-05,0.00023130297937216937,0.0,Germany,DEU,baden-wurttemberg,,,Linux-7.0.0-31-generic-x86_64-with-glibc2.43,3.14.4,3.3.0,24,Intel(R) Core(TM) Ultra 9 285K,1,1 x NVIDIA GeForce RTX 5090,9.2986,48.7383,60.81613540649414,machine,0.0,0.0,0.0,0.0,N
dynamics_model_update_54,2026-09-17T18:37:22,mbpo_Ant-v5_seed14577,3a088b14-308d-4a82-afa7-336bf7a5986c,24.496403203000227,0.0002940444513817187,1.2003577612789393e-05,28.941882071468807,86.54062877503402,20.0,0.00015856637796411374,0.00047722093733204574,0.00013608419377778794,0.0007718715090739431,0.0,Germany,DEU,baden-wurttemberg,,,Linux-7.0.0-31-generic-x86_64-with-glibc2.43,3.14.4,3.3.0,24,Intel(R) Core(TM) Ultra 9 285K,1,1 x NVIDIA GeForce RTX 5090,9.2986,48.7383,60.81613540649414,machine,0.0,0.0,0.0,0.0,N
rollout_54,2026-09-17T18:37:23,mbpo_Ant-v5_seed14577,3a088b14-308d-4a82-afa7-336bf7a5986c,0.38606910800081096,4.538456180454634e-06,1.175530676725474e-05,28.932321590528026,86.43949386607873,20.0,2.8924000916967507e-06,6.87833883594724e-06,2.142783005567618e-06,1.1913521933207272e-05,0.0,Germany,DEU,baden-wurttemberg,,,Linux-7.0.0-31-generic-x86_64-with-glibc2.43,3.14.4,3.3.0,24,Intel(R) Core(TM) Ultra 9 285K,1,1 x NVIDIA GeForce RTX 5090,9.2986,48.7383,60.81613540649414,machine,0.0,0.0,0.0,0.0,N
synthetic_rollout_generation_54,2026-09-17T18:37:23,mbpo_Ant-v5_seed14577,3a088b14-308d-4a82-afa7-336bf7a5986c,0.05333482700007153,3.1517041294143455e-07,5.91034812183575e-06,28.958284766859972,86.0501267765919,20.0,5.337345936537452e-07,0.0,2.9359291111186875e-07,8.27327504768216e-07,0.0,Germany,DEU,baden-wurttemberg,,,Linux-7.0.0-31-generic-x86_64-with-glibc2.43,3.14.4,3.3.0,24,Intel(R) Core(TM) Ultra 9 285K,1,1 x NVIDIA GeForce RTX 5090,9.2986,48.7383,60.81613540649414,machine,0.0,0.0,0.0,0.0,N
gradient_updates_54,2026-09-17T18:37:27,mbpo_Ant-v5_seed14577,3a088b14-308d-4a82-afa7-336bf7a5986c,4.303427290997206,8.847839222508348e-05,2.0560003164474918e-05,28.978341222984614,86.31864157490408,20.0,3.3928722420736857e-05,0.00017442375065002125,2.390475812778011e-05,0.00023225723119853908,0.0,Germany,DEU,baden-wurttemberg,,,Linux-7.0.0-31-generic-x86_64-with-glibc2.43,3.14.4,3.3.0,24,Intel(R) Core(TM) Ultra 9 285K,1,1 x NVIDIA GeForce RTX 5090,9.2986,48.7383,60.81613540649414,machine,0.0,0.0,0.0,0.0,N
dynamics_model_update_55,2026-09-17T18:37:40,mbpo_Ant-v5_seed14577,3a088b14-308d-4a82-afa7-336bf7a5986c,13.133501828997396,0.00016249005364180058,1.2372157538947568e-05,28.974898004045404,86.24947533344809,20.0,9.520197755041176e-05,0.00025837604003398074,7.296103909443935e-05,0.00042653905667883185,0.0,Germany,DEU,baden-wurttemberg,,,Linux-7.0.0-31-generic-x86_64-with-glibc2.43,3.14.4,3.3.0,24,Intel(R) Core(TM) Ultra 9 285K,1,1 x NVIDIA GeForce RTX 5090,9.2986,48.7383,60.81613540649414,machine,0.0,0.0,0.0,0.0,N
rollout_55,2026-09-17T18:37:41,mbpo_Ant-v5_seed14577,3a088b14-308d-4a82-afa7-336bf7a5986c,0.37070157199923415,4.143773828981651e-06,1.1177950294451153e-05,29.003740554633527,86.08881841866311,20.0,3.6719871042562024e-06,5.150004119935936e-06,2.055483061101475e-06,1.0877474285291011e-05,0.0,Germany,DEU,baden-wurttemberg,,,Linux-7.0.0-31-generic-x86_64-with-glibc2.43,3.14.4,3.3.0,24,Intel(R) Core(TM) Ultra 9 285K,1,1 x NVIDIA GeForce RTX 5090,9.2986,48.7383,60.81613540649414,machine,0.0,0.0,0.0,0.0,N
synthetic_rollout_generation_55,2026-09-17T18:37:41,mbpo_Ant-v5_seed14577,3a088b14-308d-4a82-afa7-336bf7a5986c,0.05780740199770662,1.0036610891307751e-06,1.736477046414584e-05,29.026008041021093,86.1939508498515,20.0,5.655065635178091e-07,1.7508347340822183e-06,3.1828552778806474e-07,2.6346268253846228e-06,0.0,Germany,DEU,baden-wurttemberg,,,Linux-7.0.0-31-generic-x86_64-with-glibc2.43,3.14.4,3.3.0,24,Intel(R) Core(TM) Ultra 9 285K,1,1 x NVIDIA GeForce RTX 5090,9.2986,48.7383,60.81613540649414,machine,0.0,0.0,0.0,0.0,N
gradient_updates_55,2026-09-17T18:37:45,mbpo_Ant-v5_seed14577,3a088b14-308d-4a82-afa7-336bf7a5986c,4.307933472002333,8.846772645331596e-05,2.0536023971079205e-05,29.04264872706588,86.45829031518197,20.0,3.336892947290032e-05,0.0001749304177219857,2.3929886177776784e-05,0.00023222923337266194,0.0,Germany,DEU,baden-wurttemberg,,,Linux-7.0.0-31-generic-x86_64-with-glibc2.43,3.14.4,3.3.0,24,Intel(R) Core(TM) Ultra 9 285K,1,1 x NVIDIA GeForce RTX 5090,9.2986,48.7383,60.81613540649414,machine,0.0,0.0,0.0,0.0,N
dynamics_model_update_56,2026-09-17T18:38:12,mbpo_Ant-v5_seed14577,3a088b14-308d-4a82-afa7-336bf7a5986c,26.694402195000293,0.0003277980577429448,1.2279656086800741e-05,29.037166791343797,86.38751723284712,20.0,0.00019073881703537965,0.0005214370838159121,0.00014829937869443623,0.0008604752795457263,0.0,Germany,DEU,baden-wurttemberg,,,Linux-7.0.0-31-generic-x86_64-with-glibc2.43,3.14.4,3.3.0,24,Intel(R) Core(TM) Ultra 9 285K,1,1 x NVIDIA GeForce RTX 5090,9.2986,48.7383,60.81613540649414,machine,0.0,0.0,0.0,0.0,N
rollout_56,2026-09-17T18:38:12,mbpo_Ant-v5_seed14577,3a088b14-308d-4a82-afa7-336bf7a5986c,0.36889469400193775,4.818360995199195e-06,1.3061621172160991e-05,29.064207285786377,86.30759329193164,20.0,3.629737626010404e-06,6.971116688125889e-06,2.047422349985527e-06,1.2648276664126157e-05,0.0,Germany,DEU,baden-wurttemberg,,,Linux-7.0.0-31-generic-x86_64-with-glibc2.43,3.14.4,3.3.0,24,Intel(R) Core(TM) Ultra 9 285K,1,1 x NVIDIA GeForce RTX 5090,9.2986,48.7383,60.81613540649414,machine,0.0,0.0,0.0,0.0,N
synthetic_rollout_generation_56,2026-09-17T18:38:12,mbpo_Ant-v5_seed14577,3a088b14-308d-4a82-afa7-336bf7a5986c,0.057840670000587124,3.397944066448749e-07,5.875106030255709e-06,29.08789462628919,85.93234288631454,20.0,5.736107366628718e-07,0.0,3.183551555699035e-07,8.919658922301732e-07,0.0,Germany,DEU,baden-wurttemberg,,,Linux-7.0.0-31-generic-x86_64-with-glibc2.43,3.14.4,3.3.0,24,Intel(R) Core(TM) Ultra 9 285K,1,1 x NVIDIA GeForce RTX 5090,9.2986,48.7383,60.81613540649414,machine,0.0,0.0,0.0,0.0,N
gradient_updates_56,2026-09-17T18:38:16,mbpo_Ant-v5_seed14577,3a088b14-308d-4a82-afa7-336bf7a5986c,4.3666981070018664,8.762497178486754e-05,2.00666645761768e-05,29.10241803009584,86.1900872516853,20.0,2.932474679311417e-05,0.0001764356967038916,2.4256545044449088e-05,0.00023001698854145658,0.0,Germany,DEU,baden-wurttemberg,,,Linux-7.0.0-31-generic-x86_64-with-glibc2.43,3.14.4,3.3.0,24,Intel(R) Core(TM) Ultra 9 285K,1,1 x NVIDIA GeForce RTX 5090,9.2986,48.7383,60.81613540649414,machine,0.0,0.0,0.0,0.0,N
dynamics_model_update_57,2026-09-17T18:38:32,mbpo_Ant-v5_seed14577,3a088b14-308d-4a82-afa7-336bf7a5986c,15.067356931001996,0.00018492793183069213,1.2273397339988671e-05,29.08150661231858,86.12220308096713,20.0,0.00010692191053745734,0.0002948124580720579,8.370448643888959e-05,0.0004854388550484118,0.0,Germany,DEU,baden-wurttemberg,,,Linux-7.0.0-31-generic-x86_64-with-glibc2.43,3.14.4,3.3.0,24,Intel(R) Core(TM) Ultra 9 285K,1,1 x NVIDIA GeForce RTX 5090,9.2986,48.7383,60.81613540649414,machine,0.0,0.0,0.0,0.0,N
rollout_57,2026-09-17T18:38:32,mbpo_Ant-v5_seed14577,3a088b14-308d-4a82-afa7-336bf7a5986c,0.3648255239968421,4.1059724823853255e-06,1.1254352668883818e-05,29.104191785113844,85.97510808272338,20.0,3.5023097462900943e-06,5.250837533998798e-06,2.02509785000686e-06,1.0778245130294017e-05,0.0,Germany,DEU,baden-wurttemberg,,,Linux-7.0.0-31-generic-x86_64-with-glibc2.43,3.14.4,3.3.0,24,Intel(R) Core(TM) Ultra 9 285K,1,1 x NVIDIA GeForce RTX 5090,9.2986,48.7383,60.81613540649414,machine,0.0,0.0,0.0,0.0,N
synthetic_rollout_generation_57,2026-09-17T18:38:32,mbpo_Ant-v5_seed14577,3a088b14-308d-4a82-afa7-336bf7a5986c,0.0577488019989687,9.902758923881205e-07,1.71500307532087e-05,29.123332552595247,86.07082178249512,20.0,5.573346125373191e-07,1.7244458240250893e-06,3.1771002777496865e-07,2.599490464334775e-06,0.0,Germany,DEU,baden-wurttemberg,,,Linux-7.0.0-31-generic-x86_64-with-glibc2.43,3.14.4,3.3.0,24,Intel(R) Core(TM) Ultra 9 285K,1,1 x NVIDIA GeForce RTX 5090,9.2986,48.7383,60.81613540649414,machine,0.0,0.0,0.0,0.0,N
gradient_updates_57,2026-09-17T18:38:36,mbpo_Ant-v5_seed14577,3a088b14-308d-4a82-afa7-336bf7a5986c,4.332117085999926,8.763651282187035e-05,2.0229512154026636e-05,29.13645550176618,86.31933394632703,20.0,3.2148957385808724e-05,0.00017383402795601022,2.4064298611120062e-05,0.00023004728395293467,0.0,Germany,DEU,baden-wurttemberg,,,Linux-7.0.0-31-generic-x86_64-with-glibc2.43,3.14.4,3.3.0,24,Intel(R) Core(TM) Ultra 9 285K,1,1 x NVIDIA GeForce RTX 5090,9.2986,48.7383,60.81613540649414,machine,0.0,0.0,0.0,0.0,N
dynamics_model_update_58,2026-09-17T18:38:50,mbpo_Ant-v5_seed14577,3a088b14-308d-4a82-afa7-336bf7a5986c,13.85443633900286,0.0001653742178301925,1.1936555011394538e-05,29.12476707011461,86.25295936891918,20.0,8.523709013406183e-05,0.0002719060508579174,7.696689399999766e-05,0.00043411003499197603,0.0,Germany,DEU,baden-wurttemberg,,,Linux-7.0.0-31-generic-x86_64-with-glibc2.43,3.14.4,3.3.0,24,Intel(R) Core(TM) Ultra 9 285K,1,1 x NVIDIA GeForce RTX 5090,9.2986,48.7383,60.81613540649414,machine,0.0,0.0,0.0,0.0,N
rollout_58,2026-09-17T18:38:51,mbpo_Ant-v5_seed14577,3a088b14-308d-4a82-afa7-336bf7a5986c,0.37282634700022754,4.78587682908177e-06,1.2836444270150855e-05,29.147276627951655,86.17060594289201,20.0,3.588267315061261e-06,6.905561080072786e-06,2.0691767999882205e-06,1.2563005195122268e-05,0.0,Germany,DEU,baden-wurttemberg,,,Linux-7.0.0-31-generic-x86_64-with-glibc2.43,3.14.4,3.3.0,24,Intel(R) Core(TM) Ultra 9 285K,1,1 x NVIDIA GeForce RTX 5090,9.2986,48.7383,60.81613540649414,machine,0.0,0.0,0.0,0.0,N
synthetic_rollout_generation_58,2026-09-17T18:38:51,mbpo_Ant-v5_seed14577,3a088b14-308d-4a82-afa7-336bf7a5986c,0.059071760002552764,3.4026841233027183e-07,5.760632105379936e-06,29.16704052894245,85.80854457338405,20.0,5.742040704755091e-07,0.0,3.1900609444909106e-07,8.93210164928937e-07,0.0,Germany,DEU,baden-wurttemberg,,,Linux-7.0.0-31-generic-x86_64-with-glibc2.43,3.14.4,3.3.0,24,Intel(R) Core(TM) Ultra 9 285K,1,1 x NVIDIA GeForce RTX 5090,9.2986,48.7383,60.81613540649414,machine,0.0,0.0,0.0,0.0,N
gradient_updates_58,2026-09-17T18:38:55,mbpo_Ant-v5_seed14577,3a088b14-308d-4a82-afa7-336bf7a5986c,4.306720062999375,8.772114969345449e-05,2.0368449067863084e-05,29.180851959669067,86.05839542148941,20.0,3.2242985238812444e-05,0.0001740995837239412,2.3926888166675257e-05,0.00023026945712942282,0.0,Germany,DEU,baden-wurttemberg,,,Linux-7.0.0-31-generic-x86_64-with-glibc2.43,3.14.4,3.3.0,24,Intel(R) Core(TM) Ultra 9 285K,1,1 x NVIDIA GeForce RTX 5090,9.2986,48.7383,60.81613540649414,machine,0.0,0.0,0.0,0.0,N
dynamics_model_update_59,2026-09-17T18:39:17,mbpo_Ant-v5_seed14577,3a088b14-308d-4a82-afa7-336bf7a5986c,21.77622256899849,0.00026326827031623867,1.2089700553109271e-05,29.17091161214781,85.99315415295851,20.0,0.00014426706985800827,0.00042584034067194576,0.00012097611832222275,0.0006910835288521794,0.0,Germany,DEU,baden-wurttemberg,,,Linux-7.0.0-31-generic-x86_64-with-glibc2.43,3.14.4,3.3.0,24,Intel(R) Core(TM) Ultra 9 285K,1,1 x NVIDIA GeForce RTX 5090,9.2986,48.7383,60.81613540649414,machine,0.0,0.0,0.0,0.0,N
rollout_59,2026-09-17T18:39:17,mbpo_Ant-v5_seed14577,3a088b14-308d-4a82-afa7-336bf7a5986c,0.3710241109984054,4.783676562408051e-06,1.2892871673747115e-05,29.191522955692587,85.91789012898924,20.0,3.5378286635974476e-06,6.966394462071257e-06,2.0530063333350224e-06,1.2557229459003727e-05,0.0,Germany,DEU,baden-wurttemberg,,,Linux-7.0.0-31-generic-x86_64-with-glibc2.43,3.14.4,3.3.0,24,Intel(R) Core(TM) Ultra 9 285K,1,1 x NVIDIA GeForce RTX 5090,9.2986,48.7383,60.81613540649414,machine,0.0,0.0,0.0,0.0,N
synthetic_rollout_generation_59,2026-09-17T18:39:17,mbpo_Ant-v5_seed14577,3a088b14-308d-4a82-afa7-336bf7a5986c,0.06217146899871295,1.5362063698377837e-06,2.4711359024590674e-05,29.207105043011207,86.31052977527176,20.0,5.876488034517457e-07,3.1025024820330316e-06,3.424156388874208e-07,4.032566924369596e-06,0.0,Germany,DEU,baden-wurttemberg,,,Linux-7.0.0-31-generic-x86_64-with-glibc2.43,3.14.4,3.3.0,24,Intel(R) Core(TM) Ultra 9 285K,1,1 x NVIDIA GeForce RTX 5090,9.2986,48.7383,60.81613540649414,machine,0.0,0.0,0.0,0.0,N
gradient_updates_59,2026-09-17T18:39:21,mbpo_Ant-v5_seed14577,3a088b14-308d-4a82-afa7-336bf7a5986c,4.314315422998334,8.771834634025907e-05,2.0331950700760936e-05,29.217750008087723,86.55212916552776,20.0,3.2516337679717316e-05,0.00017377986124600397,2.3965899355567373e-05,0.00023026209828129474,0.0,Germany,DEU,baden-wurttemberg,,,Linux-7.0.0-31-generic-x86_64-with-glibc2.43,3.14.4,3.3.0,24,Intel(R) Core(TM) Ultra 9 285K,1,1 x NVIDIA GeForce RTX 5090,9.2986,48.7383,60.81613540649414,machine,0.0,0.0,0.0,0.0,N
dynamics_model_update_60,2026-09-17T18:39:34,mbpo_Ant-v5_seed14577,3a088b14-308d-4a82-afa7-336bf7a5986c,12.71526519499821,0.000154629134570667,1.2160905285294028e-05,29.20839083155959,86.48517484813395,20.0,8.728354454900361e-05,0.00024798519838797883,7.063527221111508e-05,0.00040590401514809665,0.0,Germany,DEU,baden-wurttemberg,,,Linux-7.0.0-31-generic-x86_64-with-glibc2.43,3.14.4,3.3.0,24,Intel(R) Core(TM) Ultra 9 285K,1,1 x NVIDIA GeForce RTX 5090,9.2986,48.7383,60.81613540649414,machine,0.0,0.0,0.0,0.0,N
rollout_60,2026-09-17T18:39:35,mbpo_Ant-v5_seed14577,3a088b14-308d-4a82-afa7-336bf7a5986c,0.374303990000044,4.818537719504523e-06,1.2873387826235866e-05,29.229852168612716,86.40597815247045,20.0,3.6028651045141857e-06,6.968616686031659e-06,2.077258777778354e-06,1.2648740568325934e-05,0.0,Germany,DEU,baden-wurttemberg,,,Linux-7.0.0-31-generic-x86_64-with-glibc2.43,3.14.4,3.3.0,24,Intel(R) Core(TM) Ultra 9 285K,1,1 x NVIDIA GeForce RTX 5090,9.2986,48.7383,60.81613540649414,machine,0.0,0.0,0.0,0.0,N
synthetic_rollout_generation_60,2026-09-17T18:39:35,mbpo_Ant-v5_seed14577,3a088b14-308d-4a82-afa7-336bf7a5986c,0.0627549380005803,3.6217159355908524e-07,5.771746058381425e-06,29.24517249594795,86.05473433884252,20.0,6.007204805744126e-07,0.0,3.499858944348497e-07,9.507063750066602e-07,0.0,Germany,DEU,baden-wurttemberg,,,Linux-7.0.0-31-generic-x86_64-with-glibc2.43,3.14.4,3.3.0,24,Intel(R) Core(TM) Ultra 9 285K,1,1 x NVIDIA GeForce RTX 5090,9.2986,48.7383,60.81613540649414,machine,0.0,0.0,0.0,0.0,N
gradient_updates_60,2026-09-17T18:39:39,mbpo_Ant-v5_seed14577,3a088b14-308d-4a82-afa7-336bf7a5986c,4.301822546000039,8.849586000552606e-05,2.0571728527133253e-05,29.256625497892315,86.29755892125759,20.0,3.3923314083073725e-05,0.0001744837506979513,2.389601962776277e-05,0.00023230308440878172,0.0,Germany,DEU,baden-wurttemberg,,,Linux-7.0.0-31-generic-x86_64-with-glibc2.43,3.14.4,3.3.0,24,Intel(R) Core(TM) Ultra 9 285K,1,1 x NVIDIA GeForce RTX 5090,9.2986,48.7383,60.81613540649414,machine,0.0,0.0,0.0,0.0,N
dynamics_model_update_61,2026-09-17T18:40:03,mbpo_Ant-v5_seed14577,3a088b14-308d-4a82-afa7-336bf7a5986c,24.1462241549998,0.0002956877496289416,1.2245703533753761e-05,29.252521359753224,86.23494495506858,20.0,0.00016738072084891698,0.00047466149084007814,0.00013414298224443972,0.0007761851939334374,0.0,Germany,DEU,baden-wurttemberg,,,Linux-7.0.0-31-generic-x86_64-with-glibc2.43,3.14.4,3.3.0,24,Intel(R) Core(TM) Ultra 9 285K,1,1 x NVIDIA GeForce RTX 5090,9.2986,48.7383,60.81613540649414,machine,0.0,0.0,0.0,0.0,N
rollout_61,2026-09-17T18:40:03,mbpo_Ant-v5_seed14577,3a088b14-308d-4a82-afa7-336bf7a5986c,0.3568228369986173,4.0437386393185615e-06,1.1332311367739584e-05,29.272547357370936,86.09956867595616,20.0,3.419132457525148e-06,5.211670835891802e-06,1.984076977795679e-06,1.061488027120916e-05,0.0,Germany,DEU,baden-wurttemberg,,,Linux-7.0.0-31-generic-x86_64-with-glibc2.43,3.14.4,3.3.0,24,Intel(R) Core(TM) Ultra 9 285K,1,1 x NVIDIA GeForce RTX 5090,9.2986,48.7383,60.81613540649414,machine,0.0,0.0,0.0,0.0,N
synthetic_rollout_generation_61,2026-09-17T18:40:03,mbpo_Ant-v5_seed14577,3a088b14-308d-4a82-afa7-336bf7a5986c,0.06254403999992064,3.611874278934557e-07,5.775508960364249e-06,29.28764589307319,85.75517040125234,20.0,5.994149239740842e-07,0.0,3.487080000117576e-07,9.481229239841071e-07,0.0,Germany,DEU,baden-wurttemberg,,,Linux-7.0.0-31-generic-x86_64-with-glibc2.43,3.14.4,3.3.0,24,Intel(R) Core(TM) Ultra 9 285K,1,1 x NVIDIA GeForce RTX 5090,9.2986,48.7383,60.81613540649414,machine,0.0,0.0,0.0,0.0,N
gradient_updates_61,2026-09-17T18:40:08,mbpo_Ant-v5_seed14577,3a088b14-308d-4a82-afa7-336bf7a5986c,4.306675302002986,8.843314288734666e-05,2.0533984012734554e-05,29.298441167551633,85.99620659330476,20.0,3.32696118934446e-05,0.00017494597329004158,2.3922865761112112e-05,0.0002321384509446009,0.0,Germany,DEU,baden-wurttemberg,,,Linux-7.0.0-31-generic-x86_64-with-glibc2.43,3.14.4,3.3.0,24,Intel(R) Core(TM) Ultra 9 285K,1,1 x NVIDIA GeForce RTX 5090,9.2986,48.7383,60.81613540649414,machine,0.0,0.0,0.0,0.0,N
dynamics_model_update_62,2026-09-17T18:40:18,mbpo_Ant-v5_seed14577,3a088b14-308d-4a82-afa7-336bf7a5986c,9.790655423999851,0.00012083646495024067,1.2342031436629765e-05,29.291668009885438,85.93628059882424,20.0,7.001145656467325e-05,0.00019279709868202932,5.4389147733329216e-05,0.0003171977029800266,0.0,Germany,DEU,baden-wurttemberg,,,Linux-7.0.0-31-generic-x86_64-with-glibc2.43,3.14.4,3.3.0,24,Intel(R) Core(TM) Ultra 9 285K,1,1 x NVIDIA GeForce RTX 5090,9.2986,48.7383,60.81613540649414,machine,0.0,0.0,0.0,0.0,N
rollout_62,2026-09-17T18:40:18,mbpo_Ant-v5_seed14577,3a088b14-308d-4a82-afa7-336bf7a5986c,0.36579667699697893,4.810254786422052e-06,1.3150402712553866e-05,29.315093493761605,85.86911088740209,20.0,3.5980839895762007e-06,6.99889448796398e-06,2.0300192555521013e-06,1.2626997733092282e-05,0.0,Germany,DEU,baden-wurttemberg,,,Linux-7.0.0-31-generic-x86_64-with-glibc2.43,3.14.4,3.3.0,24,Intel(R) Core(TM) Ultra 9 285K,1,1 x NVIDIA GeForce RTX 5090,9.2986,48.7383,60.81613540649414,machine,0.0,0.0,0.0,0.0,N
synthetic_rollout_generation_62,2026-09-17T18:40:18,mbpo_Ant-v5_seed14577,3a088b14-308d-4a82-afa7-336bf7a5986c,0.06697433600129443,1.7459669560682123e-06,2.607118703824091e-05,29.33496670873855,86.28876547171188,20.0,6.583477488997236e-07,3.5558361779486347e-06,3.6900797777995875e-07,4.583191904626582e-06,0.0,Germany,DEU,baden-wurttemberg,,,Linux-7.0.0-31-generic-x86_64-with-glibc2.43,3.14.4,3.3.0,24,Intel(R) Core(TM) Ultra 9 285K,1,1 x NVIDIA GeForce RTX 5090,9.2986,48.7383,60.81613540649414,machine,0.0,0.0,0.0,0.0,N
gradient_updates_62,2026-09-17T18:40:22,mbpo_Ant-v5_seed14577,3a088b14-308d-4a82-afa7-336bf7a5986c,4.3268548359992565,8.718397937959935e-05,2.0149532469702946e-05,29.34802426334934,86.51722600522405,20.0,3.110978461003111e-05,0.0001737143056380619,2.4035285994452454e-05,0.00022885937624254893,0.0,Germany,DEU,baden-wurttemberg,,,Linux-7.0.0-31-generic-x86_64-with-glibc2.43,3.14.4,3.3.0,24,Intel(R) Core(TM) Ultra 9 285K,1,1 x NVIDIA GeForce RTX 5090,9.2986,48.7383,60.81613540649414,machine,0.0,0.0,0.0,0.0,N
dynamics_model_update_63,2026-09-17T18:40:37,mbpo_Ant-v5_seed14577,3a088b14-308d-4a82-afa7-336bf7a5986c,14.895437297000171,0.00018349315701013044,1.2318732172428642e-05,29.334425656466443,86.45510394085048,20.0,0.0001067588284625505,0.0002921644003980317,8.274931874443104e-05,0.0004816725476050124,0.0,Germany,DEU,baden-wurttemberg,,,Linux-7.0.0-31-generic-x86_64-with-glibc2.43,3.14.4,3.3.0,24,Intel(R) Core(TM) Ultra 9 285K,1,1 x NVIDIA GeForce RTX 5090,9.2986,48.7383,60.81613540649414,machine,0.0,0.0,0.0,0.0,N
rollout_63,2026-09-17T18:40:38,mbpo_Ant-v5_seed14577,3a088b14-308d-4a82-afa7-336bf7a5986c,0.362865803999739,4.125412710047349e-06,1.1368908550681255e-05,29.357091931843065,86.32162242558154,20.0,3.5635992397670124e-06,5.251948645978999e-06,2.013728161101222e-06,1.0829276046848968e-05,0.0,Germany,DEU,baden-wurttemberg,,,Linux-7.0.0-31-generic-x86_64-with-glibc2.43,3.14.4,3.3.0,24,Intel(R) Core(TM) Ultra 9 285K,1,1 x NVIDIA GeForce RTX 5090,9.2986,48.7383,60.81613540649414,machine,0.0,0.0,0.0,0.0,N
synthetic_rollout_generation_63,2026-09-17T18:40:38,mbpo_Ant-v5_seed14577,3a088b14-308d-4a82-afa7-336bf7a5986c,0.06685226700210478,3.94254771336755e-07,5.897674180307493e-06,29.373743612983777,85.98704249369943,20.0,6.579577485864296e-07,0.0,3.7696749445245703e-07,1.0349252430388867e-06,0.0,Germany,DEU,baden-wurttemberg,,,Linux-7.0.0-31-generic-x86_64-with-glibc2.43,3.14.4,3.3.0,24,Intel(R) Core(TM) Ultra 9 285K,1,1 x NVIDIA GeForce RTX 5090,9.2986,48.7383,60.81613540649414,machine,0.0,0.0,0.0,0.0,N
gradient_updates_63,2026-09-17T18:40:42,mbpo_Ant-v5_seed14577,3a088b14-308d-4a82-afa7-336bf7a5986c,4.307123739999952,8.837723494963673e-05,2.0518870801638726e-05,29.38528898187443,86.22142954382986,20.0,3.256775966529318e-05,0.00017549736262001403,2.392656940555793e-05,0.00023199169169086514,0.0,Germany,DEU,baden-wurttemberg,,,Linux-7.0.0-31-generic-x86_64-with-glibc2.43,3.14.4,3.3.0,24,Intel(R) Core(TM) Ultra 9 285K,1,1 x NVIDIA GeForce RTX 5090,9.2986,48.7383,60.81613540649414,machine,0.0,0.0,0.0,0.0,N
dynamics_model_update_64,2026-09-17T18:40:52,mbpo_Ant-v5_seed14577,3a088b14-308d-4a82-afa7-336bf7a5986c,10.070638172001054,0.00012478052178563348,1.2390532911932522e-05,29.376461196779672,86.16350154292081,20.0,7.252944052350482e-05,0.00019907154814591266,5.5949928211096976e-05,0.0003275509168805188,0.0,Germany,DEU,baden-wurttemberg,,,Linux-7.0.0-31-generic-x86_64-with-glibc2.43,3.14.4,3.3.0,24,Intel(R) Core(TM) Ultra 9 285K,1,1 x NVIDIA GeForce RTX 5090,9.2986,48.7383,60.81613540649414,machine,0.0,0.0,0.0,0.0,N
rollout_64,2026-09-17T18:40:52,mbpo_Ant-v5_seed14577,3a088b14-308d-4a82-afa7-336bf7a5986c,0.36982026799887535,4.8214676813714e-06,1.3037039184589251e-05,29.397393296936116,86.09482636219612,20.0,3.5986776011631694e-06,7.005005604021619e-06,2.052748561113052e-06,1.2656431766296106e-05,0.0,Germany,DEU,baden-wurttemberg,,,Linux-7.0.0-31-generic-x86_64-with-glibc2.43,3.14.4,3.3.0,24,Intel(R) Core(TM) Ultra 9 285K,1,1 x NVIDIA GeForce RTX 5090,9.2986,48.7383,60.81613540649414,machine,0.0,0.0,0.0,0.0,N
synthetic_rollout_generation_64,2026-09-17T18:40:53,mbpo_Ant-v5_seed14577,3a088b14-308d-4a82-afa7-336bf7a5986c,0.066910289999214,3.9538539021652386e-07,5.909646156301198e-06,29.418814859765792,85.76622015470682,20.0,6.701819250318208e-07,0.0,3.6771121111889293e-07,1.0378931361507138e-06,0.0,Germany,DEU,baden-wurttemberg,,,Linux-7.0.0-31-generic-x86_64-with-glibc2.43,3.14.4,3.3.0,24,Intel(R) Core(TM) Ultra 9 285K,1,1 x NVIDIA GeForce RTX 5090,9.2986,48.7383,60.81613540649414,machine,0.0,0.0,0.0,0.0,N
gradient_updates_64,2026-09-17T18:40:57,mbpo_Ant-v5_seed14577,3a088b14-308d-4a82-afa7-336bf7a5986c,4.307885547001206,8.976372198714333e-05,2.083708841408531e-05,29.43438252654362,86.00793646426519,20.0,3.2963029425958634e-05,0.00017873208743002245,2.3936126055539714e-05,0.00023563124291151732,0.0,Germany,DEU,baden-wurttemberg,,,Linux-7.0.0-31-generic-x86_64-with-glibc2.43,3.14.4,3.3.0,24,Intel(R) Core(TM) Ultra 9 285K,1,1 x NVIDIA GeForce RTX 5090,9.2986,48.7383,60.81613540649414,machine,0.0,0.0,0.0,0.0,N
dynamics_model_update_65,2026-09-17T18:41:19,mbpo_Ant-v5_seed14577,3a088b14-308d-4a82-afa7-336bf7a5986c,22.16190924500188,0.00027075158052343104,1.2216966808587106e-05,29.42676881695272,85.94831027369078,20.0,0.00015505048792918003,0.0004325581238240339,0.0001231187291666682,0.0007107273409198839,0.0,Germany,DEU,baden-wurttemberg,,,Linux-7.0.0-31-generic-x86_64-with-glibc2.43,3.14.4,3.3.0,24,Intel(R) Core(TM) Ultra 9 285K,1,1 x NVIDIA GeForce RTX 5090,9.2986,48.7383,60.81613540649414,machine,0.0,0.0,0.0,0.0,N
rollout_65,2026-09-17T18:41:19,mbpo_Ant-v5_seed14577,3a088b14-308d-4a82-afa7-336bf7a5986c,0.36916483599998173,4.8268243961237245e-06,1.3074751752667192e-05,29.448745757365938,85.88123823714616,20.0,3.6348915190206887e-06,6.9863944780479414e-06,2.049207233337756e-06,1.2670493230407254e-05,0.0,Germany,DEU,baden-wurttemberg,,,Linux-7.0.0-31-generic-x86_64-with-glibc2.43,3.14.4,3.3.0,24,Intel(R) Core(TM) Ultra 9 285K,1,1 x NVIDIA GeForce RTX 5090,9.2986,48.7383,60.81613540649414,machine,0.0,0.0,0.0,0.0,N
synthetic_rollout_generation_65,2026-09-17T18:41:19,mbpo_Ant-v5_seed14577,3a088b14-308d-4a82-afa7-336bf7a5986c,0.06699442500030273,1.547782337039949e-06,2.310488810431216e-05,29.470525311265373,86.1744846397834,20.0,6.752341513011073e-07,3.019724638009258e-06,3.679952388768032e-07,4.062954028188903e-06,0.0,Germany,DEU,baden-wurttemberg,,,Linux-7.0.0-31-generic-x86_64-with-glibc2.43,3.14.4,3.3.0,24,Intel(R) Core(TM) Ultra 9 285K,1,1 x NVIDIA GeForce RTX 5090,9.2986,48.7383,60.81613540649414,machine,0.0,0.0,0.0,0.0,N
gradient_updates_65,2026-09-17T18:41:24,mbpo_Ant-v5_seed14577,3a088b14-308d-4a82-afa7-336bf7a5986c,4.300964355999895,8.85700394035599e-05,2.0593064629654358e-05,29.48698580928035,86.39946981598541,20.0,3.38976962848056e-05,0.0001747081953219487,2.389191493887971e-05,0.000232497806545634,0.0,Germany,DEU,baden-wurttemberg,,,Linux-7.0.0-31-generic-x86_64-with-glibc2.43,3.14.4,3.3.0,24,Intel(R) Core(TM) Ultra 9 285K,1,1 x NVIDIA GeForce RTX 5090,9.2986,48.7383,60.81613540649414,machine,0.0,0.0,0.0,0.0,N
dynamics_model_update_66,2026-09-17T18:41:44,mbpo_Ant-v5_seed14577,3a088b14-308d-4a82-afa7-336bf7a5986c,20.694965108999895,0.0002543112442413842,1.2288564161457075e-05,29.482363796079117,86.3386225011554,20.0,0.0001496779116866749,0.00040292421122800626,0.00011496906553887416,0.0006675711884535571,0.0,Germany,DEU,baden-wurttemberg,,,Linux-7.0.0-31-generic-x86_64-with-glibc2.43,3.14.4,3.3.0,24,Intel(R) Core(TM) Ultra 9 285K,1,1 x NVIDIA GeForce RTX 5090,9.2986,48.7383,60.81613540649414,machine,0.0,0.0,0.0,0.0,N
rollout_66,2026-09-17T18:41:45,mbpo_Ant-v5_seed14577,3a088b14-308d-4a82-afa7-336bf7a5986c,0.3587293740019959,4.044300206534901e-06,1.1273781775097519e-05,29.502989523088704,86.20855488311285,20.0,3.5110414199381046e-06,5.1138929799687816e-06,1.9914199944548114e-06,1.0616354394366034e-05,0.0,Germany,DEU,baden-wurttemberg,,,Linux-7.0.0-31-generic-x86_64-with-glibc2.43,3.14.4,3.3.0,24,Intel(R) Core(TM) Ultra 9 285K,1,1 x NVIDIA GeForce RTX 5090,9.2986,48.7383,60.81613540649414,machine,0.0,0.0,0.0,0.0,N
synthetic_rollout_generation_66,2026-09-17T18:41:45,mbpo_Ant-v5_seed14577,3a088b14-308d-4a82-afa7-336bf7a5986c,0.07220067800153629,1.1358197520225377e-06,1.573264258708303e-05,29.522628684668142,86.23639645004285,20.0,7.171108514641977e-07,1.866668160044327e-06,3.977664722086896e-07,2.9815454837198163e-06,0.0,Germany,DEU,baden-wurttemberg,,,Linux-7.0.0-31-generic-x86_64-with-glibc2.43,3.14.4,3.3.0,24,Intel(R) Core(TM) Ultra 9 285K,1,1 x NVIDIA GeForce RTX 5090,9.2986,48.7383,60.81613540649414,machine,0.0,0.0,0.0,0.0,N
gradient_updates_66,2026-09-17T18:41:49,mbpo_Ant-v5_seed14577,3a088b14-308d-4a82-afa7-336bf7a5986c,4.359293596997304,8.839356728677569e-05,2.0277047696863084e-05,29.534810663139222,86.45960078490822,20.0,3.0162927741432533e-05,0.00017765597545793543,2.4215661144444053e-05,0.00023203456434381375,0.0,Germany,DEU,baden-wurttemberg,,,Linux-7.0.0-31-generic-x86_64-with-glibc2.43,3.14.4,3.3.0,24,Intel(R) Core(TM) Ultra 9 285K,1,1 x NVIDIA GeForce RTX 5090,9.2986,48.7383,60.81613540649414,machine,0.0,0.0,0.0,0.0,N
dynamics_model_update_67,2026-09-17T18:42:03,mbpo_Ant-v5_seed14577,3a088b14-308d-4a82-afa7-336bf7a5986c,14.00927062199844,0.0001707994932363295,1.2191869065121697e-05,29.51779022243883,86.39982093205785,20.0,9.735548066210076e-05,0.00027316966297996625,7.782632829999355e-05,0.00044835147194206143,0.0,Germany,DEU,baden-wurttemberg,,,Linux-7.0.0-31-generic-x86_64-with-glibc2.43,3.14.4,3.3.0,24,Intel(R) Core(TM) Ultra 9 285K,1,1 x NVIDIA GeForce RTX 5090,9.2986,48.7383,60.81613540649414,machine,0.0,0.0,0.0,0.0,N
rollout_67,2026-09-17T18:42:04,mbpo_Ant-v5_seed14577,3a088b14-308d-4a82-afa7-336bf7a5986c,0.3647690439975122,4.107547178815868e-06,1.1260647968556568e-05,29.536560040985478,86.27252355581876,20.0,3.529402545741911e-06,5.2286152940617114e-06,2.024360894453854e-06,1.0782378734260079e-05,0.0,Germany,DEU,baden-wurttemberg,,,Linux-7.0.0-31-generic-x86_64-with-glibc2.43,3.14.4,3.3.0,24,Intel(R) Core(TM) Ultra 9 285K,1,1 x NVIDIA GeForce RTX 5090,9.2986,48.7383,60.81613540649414,machine,0.0,0.0,0.0,0.0,N
synthetic_rollout_generation_67,2026-09-17T18:42:04,mbpo_Ant-v5_seed14577,3a088b14-308d-4a82-afa7-336bf7a5986c,0.07149955999921076,1.0691159219484991e-06,1.4953934105376957e-05,29.5538698109649,86.274337411116,20.0,6.997500042460469e-07,1.7125013700436398e-06,3.941954611133558e-07,2.8064468354030425e-06,0.0,Germany,DEU,baden-wurttemberg,,,Linux-7.0.0-31-generic-x86_64-with-glibc2.43,3.14.4,3.3.0,24,Intel(R) Core(TM) Ultra 9 285K,1,1 x NVIDIA GeForce RTX 5090,9.2986,48.7383,60.81613540649414,machine,0.0,0.0,0.0,0.0,N
gradient_updates_67,2026-09-17T18:42:08,mbpo_Ant-v5_seed14577,3a088b14-308d-4a82-afa7-336bf7a5986c,4.367456723997748,8.842497610514824e-05,2.0246390282500175e-05,29.56427680589304,86.49288682853627,20.0,3.0296170625811192e-05,0.00017756041982597282,2.4260422555562496e-05,0.0002321170130073491,0.0,Germany,DEU,baden-wurttemberg,,,Linux-7.0.0-31-generic-x86_64-with-glibc2.43,3.14.4,3.3.0,24,Intel(R) Core(TM) Ultra 9 285K,1,1 x NVIDIA GeForce RTX 5090,9.2986,48.7383,60.81613540649414,machine,0.0,0.0,0.0,0.0,N
dynamics_model_update_68,2026-09-17T18:42:28,mbpo_Ant-v5_seed14577,3a088b14-308d-4a82-afa7-336bf7a5986c,19.665753999997833,0.0002420471779009635,1.2308053566947635e-05,29.547794542572085,86.43411469596664,20.0,0.0001422641371445557,0.0003838630848679303,0.00010925059108887747,0.0006353778131013635,0.0,Germany,DEU,baden-wurttemberg,,,Linux-7.0.0-31-generic-x86_64-with-glibc2.43,3.14.4,3.3.0,24,Intel(R) Core(TM) Ultra 9 285K,1,1 x NVIDIA GeForce RTX 5090,9.2986,48.7383,60.81613540649414,machine,0.0,0.0,0.0,0.0,N
rollout_68,2026-09-17T18:42:28,mbpo_Ant-v5_seed14577,3a088b14-308d-4a82-afa7-336bf7a5986c,0.3835700950003229,4.219612284250829e-06,1.1000605081653605e-05,29.569429744277333,86.29637008337164,20.0,3.806806934333884e-06,5.1405596680487164e-06,2.1291848722182483e-06,1.1076551474600849e-05,0.0,Germany,DEU,baden-wurttemberg,,,Linux-7.0.0-31-generic-x86_64-with-glibc2.43,3.14.4,3.3.0,24,Intel(R) Core(TM) Ultra 9 285K,1,1 x NVIDIA GeForce RTX 5090,9.2986,48.7383,60.81613540649414,machine,0.0,0.0,0.0,0.0,N
synthetic_rollout_generation_68,2026-09-17T18:42:28,mbpo_Ant-v5_seed14577,3a088b14-308d-4a82-afa7-336bf7a5986c,0.07148157399933552,1.071099157753247e-06,1.4985788432262021e-05,29.586906887017857,86.29866090623725,20.0,7.026658399092445e-07,1.7150013720268475e-06,3.9398565000303004e-07,2.81165286193652e-06,0.0,Germany,DEU,baden-wurttemberg,,,Linux-7.0.0-31-generic-x86_64-with-glibc2.43,3.14.4,3.3.0,24,Intel(R) Core(TM) Ultra 9 285K,1,1 x NVIDIA GeForce RTX 5090,9.2986,48.7383,60.81613540649414,machine,0.0,0.0,0.0,0.0,N
gradient_updates_68,2026-09-17T18:42:33,mbpo_Ant-v5_seed14577,3a088b14-308d-4a82-afa7-336bf7a5986c,4.31963474299846,8.835712287964814e-05,2.045478108543911e-05,29.599215298674842,86.51232341717993,20.0,3.288344658451681e-05,0.00017506041782600068,2.3995032766671934e-05,0.00023193889717718769,0.0,Germany,DEU,baden-wurttemberg,,,Linux-7.0.0-31-generic-x86_64-with-glibc2.43,3.14.4,3.3.0,24,Intel(R) Core(TM) Ultra 9 285K,1,1 x NVIDIA GeForce RTX 5090,9.2986,48.7383,60.81613540649414,machine,0.0,0.0,0.0,0.0,N
dynamics_model_update_69,2026-09-17T18:42:51,mbpo_Ant-v5_seed14577,3a088b14-308d-4a82-afa7-336bf7a5986c,18.21777988100075,0.00022454135840734718,1.2325380107482893e-05,29.591079075540698,86.45491952163327,20.0,0.00013176948235994052,0.00035644834071402176,0.00010120692665000711,0.0005894247497239685,0.0,Germany,DEU,baden-wurttemberg,,,Linux-7.0.0-31-generic-x86_64-with-glibc2.43,3.14.4,3.3.0,24,Intel(R) Core(TM) Ultra 9 285K,1,1 x NVIDIA GeForce RTX 5090,9.2986,48.7383,60.81613540649414,machine,0.0,0.0,0.0,0.0,N
rollout_69,2026-09-17T18:42:51,mbpo_Ant-v5_seed14577,3a088b14-308d-4a82-afa7-336bf7a5986c,0.37165898000239395,4.116564423593122e-06,1.1075908223915516e-05,29.609884456393164,86.32391773162475,20.0,3.620548174210203e-06,5.122226319986822e-06,2.0632746555449e-06,1.0806049149741925e-05,0.0,Germany,DEU,baden-wurttemberg,,,Linux-7.0.0-31-generic-x86_64-with-glibc2.43,3.14.4,3.3.0,24,Intel(R) Core(TM) Ultra 9 285K,1,1 x NVIDIA GeForce RTX 5090,9.2986,48.7383,60.81613540649414,machine,0.0,0.0,0.0,0.0,N
synthetic_rollout_generation_69,2026-09-17T18:42:51,mbpo_Ant-v5_seed14577,3a088b14-308d-4a82-afa7-336bf7a5986c,0.07444242199926521,1.096547113360602e-06,1.4732119285353839e-05,29.626725897558494,86.31745433570362,20.0,7.292500278435754e-07,1.738334723944135e-06,4.1086941111878605e-07,2.8784541629064964e-06,0.0,Germany,DEU,baden-wurttemberg,,,Linux-7.0.0-31-generic-x86_64-with-glibc2.43,3.14.4,3.3.0,24,Intel(R) Core(TM) Ultra 9 285K,1,1 x NVIDIA GeForce RTX 5090,9.2986,48.7383,60.81613540649414,machine,0.0,0.0,0.0,0.0,N
gradient_updates_69,2026-09-17T18:42:55,mbpo_Ant-v5_seed14577,3a088b14-308d-4a82-afa7-336bf7a5986c,4.3198565669990785,8.808408112688168e-05,2.0390522487038362e-05,29.638537147453082,86.52579096028018,20.0,3.290896243825919e-05,0.00017431597278605437,2.399722287223585e-05,0.0002312221580965529,0.0,Germany,DEU,baden-wurttemberg,,,Linux-7.0.0-31-generic-x86_64-with-glibc2.43,3.14.4,3.3.0,24,Intel(R) Core(TM) Ultra 9 285K,1,1 x NVIDIA GeForce RTX 5090,9.2986,48.7383,60.81613540649414,machine,0.0,0.0,0.0,0.0,N
dynamics_model_update_70,2026-09-17T18:43:07,mbpo_Ant-v5_seed14577,3a088b14-308d-4a82-afa7-336bf7a5986c,11.127742011998635,0.0001379014541977898,1.2392585433804507e-05,29.630303908211495,86.47117395310185,20.0,8.067541537360584e-05,0.0002195001755999071,6.181798875556227e-05,0.0003619935797290752,0.0,Germany,DEU,baden-wurttemberg,,,Linux-7.0.0-31-generic-x86_64-with-glibc2.43,3.14.4,3.3.0,24,Intel(R) Core(TM) Ultra 9 285K,1,1 x NVIDIA GeForce RTX 5090,9.2986,48.7383,60.81613540649414,machine,0.0,0.0,0.0,0.0,N
rollout_70,2026-09-17T18:43:07,mbpo_Ant-v5_seed14577,3a088b14-308d-4a82-afa7-336bf7a5986c,0.36683234199881554,4.121980208344339e-06,1.1236540030610979e-05,29.651357215528442,86.34491909945444,20.0,3.650743753927377e-06,5.135559664082301e-06,2.0339622555584635e-06,1.0820265673568141e-05,0.0,Germany,DEU,baden-wurttemberg,,,Linux-7.0.0-31-generic-x86_64-with-glibc2.43,3.14.4,3.3.0,24,Intel(R) Core(TM) Ultra 9 285K,1,1 x NVIDIA GeForce RTX 5090,9.2986,48.7383,60.81613540649414,machine,0.0,0.0,0.0,0.0,N
synthetic_rollout_generation_70,2026-09-17T18:43:07,mbpo_Ant-v5_seed14577,3a088b14-308d-4a82-afa7-336bf7a5986c,0.07507266600077855,1.1020514907207624e-06,1.468106823753084e-05,29.66873492874584,86.3356868459874,20.0,7.411689262673549e-07,1.737223611963934e-06,4.145107055592359e-07,2.8929032437896574e-06,0.0,Germany,DEU,baden-wurttemberg,,,Linux-7.0.0-31-generic-x86_64-with-glibc2.43,3.14.4,3.3.0,24,Intel(R) Core(TM) Ultra 9 285K,1,1 x NVIDIA GeForce RTX 5090,9.2986,48.7383,60.81613540649414,machine,0.0,0.0,0.0,0.0,N
gradient_updates_70,2026-09-17T18:43:11,mbpo_Ant-v5_seed14577,3a088b14-308d-4a82-afa7-336bf7a5986c,4.3340519280027365,8.822195189444812e-05,2.0355540399809253e-05,29.68103607082083,86.53957649089229,20.0,3.313538539717609e-05,0.00017437319505397841,2.4075490672213068e-05,0.00023158407112337104,0.0,Germany,DEU,baden-wurttemberg,,,Linux-7.0.0-31-generic-x86_64-with-glibc2.43,3.14.4,3.3.0,24,Intel(R) Core(TM) Ultra 9 285K,1,1 x NVIDIA GeForce RTX 5090,9.2986,48.7383,60.81613540649414,machine,0.0,0.0,0.0,0.0,N
dynamics_model_update_71,2026-09-17T18:43:23,mbpo_Ant-v5_seed14577,3a088b14-308d-4a82-afa7-336bf7a5986c,11.25487235699984,0.0001369714542003575,1.2169946452066216e-05,29.672926069036887,86.48032492471538,20.0,7.98336572002123e-05,0.00021719461819991182,6.252403907777357e-05,0.00035955231447790115,0.0,Germany,DEU,baden-wurttemberg,,,Linux-7.0.0-31-generic-x86_64-with-glibc2.43,3.14.4,3.3.0,24,Intel(R) Core(TM) Ultra 9 285K,1,1 x NVIDIA GeForce RTX 5090,9.2986,48.7383,60.81613540649414,machine,0.0,0.0,0.0,0.0,N
rollout_71,2026-09-17T18:43:23,mbpo_Ant-v5_seed14577,3a088b14-308d-4a82-afa7-336bf7a5986c,0.375378812001145,4.551895107375581e-06,1.2126259626273243e-05,29.666855038338678,86.41154283433465,20.0,2.9265798412655974e-06,6.938894440033927e-06,2.08332505555707e-06,1.1948799336858329e-05,0.0,Germany,DEU,baden-wurttemberg,,,Linux-7.0.0-31-generic-x86_64-with-glibc2.43,3.14.4,3.3.0,24,Intel(R) Core(TM) Ultra 9 285K,1,1 x NVIDIA GeForce RTX 5090,9.2986,48.7383,60.81613540649414,machine,0.0,0.0,0.0,0.0,N
synthetic_rollout_generation_71,2026-09-17T18:43:23,mbpo_Ant-v5_seed14577,3a088b14-308d-4a82-afa7-336bf7a5986c,0.07423422000283608,1.7855800633521934e-06,2.4056311249782944e-05,29.686138702174127,86.70763148668551,20.0,7.470011531493514e-07,3.5308361580055347e-06,4.0933965000412853e-07,4.68717696115728e-06,0.0,Germany,DEU,baden-wurttemberg,,,Linux-7.0.0-31-generic-x86_64-with-glibc2.43,3.14.4,3.3.0,24,Intel(R) Core(TM) Ultra 9 285K,1,1 x NVIDIA GeForce RTX 5090,9.2986,48.7383,60.81613540649414,machine,0.0,0.0,0.0,0.0,N
gradient_updates_71,2026-09-17T18:43:27,mbpo_Ant-v5_seed14577,3a088b14-308d-4a82-afa7-336bf7a5986c,4.332460214998719,8.852296847891225e-05,2.0432496826557353e-05,29.7005855460979,86.90683837553189,20.0,3.421163681373296e-05,0.00017409625038800058,2.406635739444097e-05,0.00023237424459617712,0.0,Germany,DEU,baden-wurttemberg,,,Linux-7.0.0-31-generic-x86_64-with-glibc2.43,3.14.4,3.3.0,24,Intel(R) Core(TM) Ultra 9 285K,1,1 x NVIDIA GeForce RTX 5090,9.2986,48.7383,60.81613540649414,machine,0.0,0.0,0.0,0.0,N
dynamics_model_update_72,2026-09-17T18:43:43,mbpo_Ant-v5_seed14577,3a088b14-308d-4a82-afa7-336bf7a5986c,15.175241434000782,0.0001867616873068266,1.2307001720901429e-05,29.695662293964673,86.84999632399051,20.0,0.00010958074988675487,0.000296367737093961,8.430400627779285e-05,0.000490252493258507,0.0,Germany,DEU,baden-wurttemberg,,,Linux-7.0.0-31-generic-x86_64-with-glibc2.43,3.14.4,3.3.0,24,Intel(R) Core(TM) Ultra 9 285K,1,1 x NVIDIA GeForce RTX 5090,9.2986,48.7383,60.81613540649414,machine,0.0,0.0,0.0,0.0,N
rollout_72,2026-09-17T18:43:43,mbpo_Ant-v5_seed14577,3a088b14-308d-4a82-afa7-336bf7a5986c,0.36747826999999234,4.155626506109622e-06,1.1308715615673902e-05,29.7124582247721,86.73160087251539,20.0,3.5529011756449402e-06,5.317226476009296e-06,2.0384601055606355e-06,1.0908587757214872e-05,0.0,Germany,DEU,baden-wurttemberg,,,Linux-7.0.0-31-generic-x86_64-with-glibc2.43,3.14.4,3.3.0,24,Intel(R) Core(TM) Ultra 9 285K,1,1 x NVIDIA GeForce RTX 5090,9.2986,48.7383,60.81613540649414,machine,0.0,0.0,0.0,0.0,N
synthetic_rollout_generation_72,2026-09-17T18:43:43,mbpo_Ant-v5_seed14577,3a088b14-308d-4a82-afa7-336bf7a5986c,0.0789043210024829,1.1164096134150259e-06,1.4150278330382335e-05,29.72706657478283,86.70608621433125,20.0,7.661761684957247e-07,1.7286124940341097e-06,4.358048888916666e-07,2.930593551421501e-06,0.0,Germany,DEU,baden-wurttemberg,,,Linux-7.0.0-31-generic-x86_64-with-glibc2.43,3.14.4,3.3.0,24,Intel(R) Core(TM) Ultra 9 285K,1,1 x NVIDIA GeForce RTX 5090,9.2986,48.7383,60.81613540649414,machine,0.0,0.0,0.0,0.0,N
gradient_updates_72,2026-09-17T18:43:47,mbpo_Ant-v5_seed14577,3a088b14-308d-4a82-afa7-336bf7a5986c,4.365747679999913,8.858257277082754e-05,2.0290373350552362e-05,29.73567647335716,86.90859203903784,20.0,3.070374928519637e-05,0.0001775759753940287,2.4250982161114557e-05,0.00023253070684033789,0.0,Germany,DEU,baden-wurttemberg,,,Linux-7.0.0-31-generic-x86_64-with-glibc2.43,3.14.4,3.3.0,24,Intel(R) Core(TM) Ultra 9 285K,1,1 x NVIDIA GeForce RTX 5090,9.2986,48.7383,60.81613540649414,machine,0.0,0.0,0.0,0.0,N
dynamics_model_update_73,2026-09-17T18:43:59,mbpo_Ant-v5_seed14577,3a088b14-308d-4a82-afa7-336bf7a5986c,11.49936404699838,0.00014087789116494845,1.2250905117142758e-05,29.72078850518572,86.85210234079189,20.0,8.173496705458916e-05,0.0002241893460179778,6.38824625277673e-05,0.00036980677560033426,0.0,Germany,DEU,baden-wurttemberg,,,Linux-7.0.0-31-generic-x86_64-with-glibc2.43,3.14.4,3.3.0,24,Intel(R) Core(TM) Ultra 9 285K,1,1 x NVIDIA GeForce RTX 5090,9.2986,48.7383,60.81613540649414,machine,0.0,0.0,0.0,0.0,N
rollout_73,2026-09-17T18:43:59,mbpo_Ant-v5_seed14577,3a088b14-308d-4a82-afa7-336bf7a5986c,0.3680982510013564,4.780555666009101e-06,1.298700294194408e-05,29.736657751798365,86.78921728961546,20.0,3.5403886656376615e-06,6.9655611280028396e-06,2.0430872611134493e-06,1.2549037054755685e-05,0.0,Germany,DEU,baden-wurttemberg,,,Linux-7.0.0-31-generic-x86_64-with-glibc2.43,3.14.4,3.3.0,24,Intel(R) Core(TM) Ultra 9 285K,1,1 x NVIDIA GeForce RTX 5090,9.2986,48.7383,60.81613540649414,machine,0.0,0.0,0.0,0.0,N
synthetic_rollout_generation_73,2026-09-17T18:43:59,mbpo_Ant-v5_seed14577,3a088b14-308d-4a82-afa7-336bf7a5986c,0.08022436500323238,4.6134302635406077e-07,5.751476751138126e-06,29.750526328698427,86.49797830542212,20.0,7.733478408974981e-07,0.0,4.3768517223562176e-07,1.2110330131348546e-06,0.0,Germany,DEU,baden-wurttemberg,,,Linux-7.0.0-31-generic-x86_64-with-glibc2.43,3.14.4,3.3.0,24,Intel(R) Core(TM) Ultra 9 285K,1,1 x NVIDIA GeForce RTX 5090,9.2986,48.7383,60.81613540649414,machine,0.0,0.0,0.0,0.0,N
gradient_updates_73,2026-09-17T18:44:04,mbpo_Ant-v5_seed14577,3a088b14-308d-4a82-afa7-336bf7a5986c,4.393596993999381,8.712665907737935e-05,1.98303846188426e-05,29.758822478009343,86.68268277338066,20.0,3.1352178692829746e-05,0.00017295069391598528,2.440603689998766e-05,0.00022870890950880268,0.0,Germany,DEU,baden-wurttemberg,,,Linux-7.0.0-31-generic-x86_64-with-glibc2.43,3.14.4,3.3.0,24,Intel(R) Core(TM) Ultra 9 285K,1,1 x NVIDIA GeForce RTX 5090,9.2986,48.7383,60.81613540649414,machine,0.0,0.0,0.0,0.0,N
dynamics_model_update_74,2026-09-17T18:44:31,mbpo_Ant-v5_seed14577,3a088b14-308d-4a82-afa7-336bf7a5986c,27.25785939100024,0.00033547213410363083,1.2307354154577618e-05,29.74524158323783,86.62849770053649,20.0,0.00019595090481615285,0.0005332393154799941,0.00015142963559998564,0.0008806198558961309,0.0,Germany,DEU,baden-wurttemberg,,,Linux-7.0.0-31-generic-x86_64-with-glibc2.43,3.14.4,3.3.0,24,Intel(R) Core(TM) Ultra 9 285K,1,1 x NVIDIA GeForce RTX 5090,9.2986,48.7383,60.81613540649414,machine,0.0,0.0,0.0,0.0,N
rollout_74,2026-09-17T18:44:31,mbpo_Ant-v5_seed14577,3a088b14-308d-4a82-afa7-336bf7a5986c,0.3666660339986265,4.776615002023005e-06,1.30267873007228e-05,29.762866455544362,86.5663447703624,20.0,3.5899798164276686e-06,6.913338864045215e-06,2.0353740666709252e-06,1.253869274714381e-05,0.0,Germany,DEU,baden-wurttemberg,,,Linux-7.0.0-31-generic-x86_64-with-glibc2.43,3.14.4,3.3.0,24,Intel(R) Core(TM) Ultra 9 285K,1,1 x NVIDIA GeForce RTX 5090,9.2986,48.7383,60.81613540649414,machine,0.0,0.0,0.0,0.0,N
synthetic_rollout_generation_74,2026-09-17T18:44:32,mbpo_Ant-v5_seed14577,3a088b14-308d-4a82-afa7-336bf7a5986c,0.0778318019983999,1.8777049287793668e-06,2.412876681978781e-05,29.77667308320364,86.85741720276869,20.0,7.521553239478451e-07,3.7477807759422888e-06,4.290701444507189e-07,4.929006244339118e-06,0.0,Germany,DEU,baden-wurttemberg,,,Linux-7.0.0-31-generic-x86_64-with-glibc2.43,3.14.4,3.3.0,24,Intel(R) Core(TM) Ultra 9 285K,1,1 x NVIDIA GeForce RTX 5090,9.2986,48.7383,60.81613540649414,machine,0.0,0.0,0.0,0.0,N
gradient_updates_74,2026-09-17T18:44:36,mbpo_Ant-v5_seed14577,3a088b14-308d-4a82-afa7-336bf7a5986c,4.31577221200132,8.813001600753087e-05,2.042047293662559e-05,29.786102008091625,87.05108729929188,20.0,3.2909199660667576e-05,0.00017445986179009942,2.397367646111287e-05,0.00023134273791187987,0.0,Germany,DEU,baden-wurttemberg,,,Linux-7.0.0-31-generic-x86_64-with-glibc2.43,3.14.4,3.3.0,24,Intel(R) Core(TM) Ultra 9 285K,1,1 x NVIDIA GeForce RTX 5090,9.2986,48.7383,60.81613540649414,machine,0.0,0.0,0.0,0.0,N
dynamics_model_update_75,2026-09-17T18:44:56,mbpo_Ant-v5_seed14577,3a088b14-308d-4a82-afa7-336bf7a5986c,19.735755655001412,0.00024183939407742758,1.225385634543741e-05,29.778118081081043,86.99485192901379,20.0,0.00014173774339010237,0.00038346419565993273,0.00010963043810556343,0.0006348323771556003,0.0,Germany,DEU,baden-wurttemberg,,,Linux-7.0.0-31-generic-x86_64-with-glibc2.43,3.14.4,3.3.0,24,Intel(R) Core(TM) Ultra 9 285K,1,1 x NVIDIA GeForce RTX 5090,9.2986,48.7383,60.81613540649414,machine,0.0,0.0,0.0,0.0,N
rollout_75,2026-09-17T18:44:56,mbpo_Ant-v5_seed14577,3a088b14-308d-4a82-afa7-336bf7a5986c,0.36861220200080425,4.816891346418051e-06,1.3067260580274617e-05,29.793978560188634,86.93499621019315,20.0,3.5643111847838416e-06,7.033894516061956e-06,2.0462131111141646e-06,1.2644418811963432e-05,0.0,Germany,DEU,baden-wurttemberg,,,Linux-7.0.0-31-generic-x86_64-with-glibc2.43,3.14.4,3.3.0,24,Intel(R) Core(TM) Ultra 9 285K,1,1 x NVIDIA GeForce RTX 5090,9.2986,48.7383,60.81613540649414,machine,0.0,0.0,0.0,0.0,N
synthetic_rollout_generation_75,2026-09-17T18:44:56,mbpo_Ant-v5_seed14577,3a088b14-308d-4a82-afa7-336bf7a5986c,0.07903303100101766,1.786906786902659e-06,2.2611569358999984e-05,29.809399774024016,87.17308000690261,20.0,7.765861768233018e-07,3.4791694498714776e-06,4.34904005548048e-07,4.690659632246297e-06,0.0,Germany,DEU,baden-wurttemberg,,,Linux-7.0.0-31-generic-x86_64-with-glibc2.43,3.14.4,3.3.0,24,Intel(R) Core(TM) Ultra 9 285K,1,1 x NVIDIA GeForce RTX 5090,9.2986,48.7383,60.81613540649414,machine,0.0,0.0,0.0,0.0,N
gradient_updates_75,2026-09-17T18:45:00,mbpo_Ant-v5_seed14577,3a088b14-308d-4a82-afa7-336bf7a5986c,4.316356374001771,8.788449068281023e-05,2.0360812787270222e-05,29.820025968360298,87.36162830721098,20.0,3.2764563711630557e-05,0.00017395180582802094,2.3981860366660904e-05,0.00023069822990631067,0.0,Germany,DEU,baden-wurttemberg,,,Linux-7.0.0-31-generic-x86_64-with-glibc2.43,3.14.4,3.3.0,24,Intel(R) Core(TM) Ultra 9 285K,1,1 x NVIDIA GeForce RTX 5090,9.2986,48.7383,60.81613540649414,machine,0.0,0.0,0.0,0.0,N
dynamics_model_update_76,2026-09-17T18:45:29,mbpo_Ant-v5_seed14577,3a088b14-308d-4a82-afa7-336bf7a5986c,28.188918769999873,0.0003415230988148034,1.2115510843360577e-05,29.811543952902298,87.30545691038881,20.0,0.00019131502166300912,0.0005485862722020007,0.0001566024436722123,0.0008965037375372187,0.0,Germany,DEU,baden-wurttemberg,,,Linux-7.0.0-31-generic-x86_64-with-glibc2.43,3.14.4,3.3.0,24,Intel(R) Core(TM) Ultra 9 285K,1,1 x NVIDIA GeForce RTX 5090,9.2986,48.7383,60.81613540649414,machine,0.0,0.0,0.0,0.0,N
rollout_76,2026-09-17T18:45:29,mbpo_Ant-v5_seed14577,3a088b14-308d-4a82-afa7-336bf7a5986c,0.37709262700082036,4.844496019732608e-06,1.2846809227050133e-05,29.829007939326466,87.2367308939694,20.0,3.7078624107386715e-06,6.915838866028423e-06,2.0931802555430173e-06,1.2716881532308377e-05,0.0,Germany,DEU,baden-wurttemberg,,,Linux-7.0.0-31-generic-x86_64-with-glibc2.43,3.14.4,3.3.0,24,Intel(R) Core(TM) Ultra 9 285K,1,1 x NVIDIA GeForce RTX 5090,9.2986,48.7383,60.81613540649414,machine,0.0,0.0,0.0,0.0,N
synthetic_rollout_generation_76,2026-09-17T18:45:29,mbpo_Ant-v5_seed14577,3a088b14-308d-4a82-afa7-336bf7a5986c,0.08370251299857046,4.886733146330924e-07,5.838858592314198e-06,29.84408897385666,86.955322084634,20.0,8.214470460440881e-07,0.0,4.613284222115127e-07,1.2827754682573356e-06,0.0,Germany,DEU,baden-wurttemberg,,,Linux-7.0.0-31-generic-x86_64-with-glibc2.43,3.14.4,3.3.0,24,Intel(R) Core(TM) Ultra 9 285K,1,1 x NVIDIA GeForce RTX 5090,9.2986,48.7383,60.81613540649414,machine,0.0,0.0,0.0,0.0,N
gradient_updates_76,2026-09-17T18:45:33,mbpo_Ant-v5_seed14577,3a088b14-308d-4a82-afa7-336bf7a5986c,4.342204478001804,8.916404306986286e-05,2.053430735452696e-05,29.85359360126701,87.15181040511352,20.0,3.135656980745444e-05,0.00017857903175211298,2.412147435554464e-05,0.00023405707591511032,0.0,Germany,DEU,baden-wurttemberg,,,Linux-7.0.0-31-generic-x86_64-with-glibc2.43,3.14.4,3.3.0,24,Intel(R) Core(TM) Ultra 9 285K,1,1 x NVIDIA GeForce RTX 5090,9.2986,48.7383,60.81613540649414,machine,0.0,0.0,0.0,0.0,N
dynamics_model_update_77,2026-09-17T18:45:46,mbpo_Ant-v5_seed14577,3a088b14-308d-4a82-afa7-336bf7a5986c,12.170059341002343,0.00015008956060006198,1.2332664674090235e-05,29.841245678008,87.09786774194315,20.0,8.862880784742816e-05,0.0002377432457499884,6.761550539999446e-05,0.0003939875589974093,0.0,Germany,DEU,baden-wurttemberg,,,Linux-7.0.0-31-generic-x86_64-with-glibc2.43,3.14.4,3.3.0,24,Intel(R) Core(TM) Ultra 9 285K,1,1 x NVIDIA GeForce RTX 5090,9.2986,48.7383,60.81613540649414,machine,0.0,0.0,0.0,0.0,N
rollout_77,2026-09-17T18:45:46,mbpo_Ant-v5_seed14577,3a088b14-308d-4a82-afa7-336bf7a5986c,0.37016105799921206,4.151537418589646e-06,1.1215230067242142e-05,29.85978100643592,86.97995101042982,20.0,3.685482948379004e-06,5.157504125885559e-06,2.0548667611156035e-06,1.0897853835380167e-05,0.0,Germany,DEU,baden-wurttemberg,,,Linux-7.0.0-31-generic-x86_64-with-glibc2.43,3.14.4,3.3.0,24,Intel(R) Core(TM) Ultra 9 285K,1,1 x NVIDIA GeForce RTX 5090,9.2986,48.7383,60.81613540649414,machine,0.0,0.0,0.0,0.0,N
synthetic_rollout_generation_77,2026-09-17T18:45:46,mbpo_Ant-v5_seed14577,3a088b14-308d-4a82-afa7-336bf7a5986c,0.08301176099848817,1.1523091171666833e-06,1.3882869879978635e-05,29.877224753095614,86.94430862484039,20.0,8.342642785277854e-07,1.7336124981115475e-06,4.5695356111485896e-07,3.024830337754192e-06,0.0,Germany,DEU,baden-wurttemberg,,,Linux-7.0.0-31-generic-x86_64-with-glibc2.43,3.14.4,3.3.0,24,Intel(R) Core(TM) Ultra 9 285K,1,1 x NVIDIA GeForce RTX 5090,9.2986,48.7383,60.81613540649414,machine,0.0,0.0,0.0,0.0,N
gradient_updates_77,2026-09-17T18:45:51,mbpo_Ant-v5_seed14577,3a088b14-308d-4a82-afa7-336bf7a5986c,4.5352999179995095,9.229033043040707e-05,2.0349339283281243e-05,29.8898605529089,87.12657466192233,20.0,3.521498511640381e-05,0.00018185431215000936,2.5194334261100654e-05,0.0002422636315275173,0.0,Germany,DEU,baden-wurttemberg,,,Linux-7.0.0-31-generic-x86_64-with-glibc2.43,3.14.4,3.3.0,24,Intel(R) Core(TM) Ultra 9 285K,1,1 x NVIDIA GeForce RTX 5090,9.2986,48.7383,60.81613540649414,machine,0.0,0.0,0.0,0.0,N
dynamics_model_update_78,2026-09-17T18:46:00,mbpo_Ant-v5_seed14577,3a088b14-308d-4a82-afa7-336bf7a5986c,9.939839548998862,0.0001305816412050416,1.3137198772114299e-05,29.884806219611434,87.08082636013032,20.0,8.692369231667885e-05,0.00020063710495388243,5.521815326111311e-05,0.0003427789505316761,0.0,Germany,DEU,baden-wurttemberg,,,Linux-7.0.0-31-generic-x86_64-with-glibc2.43,3.14.4,3.3.0,24,Intel(R) Core(TM) Ultra 9 285K,1,1 x NVIDIA GeForce RTX 5090,9.2986,48.7383,60.81613540649414,machine,0.0,0.0,0.0,0.0,N
rollout_78,2026-09-17T18:46:01,mbpo_Ant-v5_seed14577,3a088b14-308d-4a82-afa7-336bf7a5986c,0.3807789780003077,4.596263081003971e-06,1.2070422802112875e-05,29.87826584918229,87.01500473533054,20.0,2.9574701437481976e-06,6.9952833740005715e-06,2.1125124777931353e-06,1.206526599554364e-05,0.0,Germany,DEU,baden-wurttemberg,,,Linux-7.0.0-31-generic-x86_64-with-glibc2.43,3.14.4,3.3.0,24,Intel(R) Core(TM) Ultra 9 285K,1,1 x NVIDIA GeForce RTX 5090,9.2986,48.7383,60.81613540649414,machine,0.0,0.0,0.0,0.0,N
synthetic_rollout_generation_78,2026-09-17T18:46:01,mbpo_Ant-v5_seed14577,3a088b14-308d-4a82-afa7-336bf7a5986c,0.08222005000061472,1.8391098202466538e-06,2.236995972212845e-05,29.891796302753523,87.22992989918698,20.0,8.065442563404135e-07,3.5630584059864745e-06,4.5809078890422794e-07,4.827693451232851e-06,0.0,Germany,DEU,baden-wurttemberg,,,Linux-7.0.0-31-generic-x86_64-with-glibc2.43,3.14.4,3.3.0,24,Intel(R) Core(TM) Ultra 9 285K,1,1 x NVIDIA GeForce RTX 5090,9.2986,48.7383,60.81613540649414,machine,0.0,0.0,0.0,0.0,N
gradient_updates_78,2026-09-17T18:46:06,mbpo_Ant-v5_seed14577,3a088b14-308d-4a82-afa7-336bf7a5986c,4.575991420999344,9.033124967808628e-05,1.9740280885361747e-05,29.901292082341737,87.3911777635521,20.0,3.545542947543112e-05,0.00017624625210810319,2.5419330827773645e-05,0.00023712101241130795,0.0,Germany,DEU,baden-wurttemberg,,,Linux-7.0.0-31-generic-x86_64-with-glibc2.43,3.14.4,3.3.0,24,Intel(R) Core(TM) Ultra 9 285K,1,1 x NVIDIA GeForce RTX 5090,9.2986,48.7383,60.81613540649414,machine,0.0,0.0,0.0,0.0,N
dynamics_model_update_79,2026-09-17T18:46:21,mbpo_Ant-v5_seed14577,3a088b14-308d-4a82-afa7-336bf7a5986c,15.14022283200029,0.0001981972261413112,1.3090755961545493e-05,29.895617616829213,87.34479267464879,20.0,0.000131042385389378,0.000305114966314024,8.411361861110182e-05,0.0005202709703145056,0.0,Germany,DEU,baden-wurttemberg,,,Linux-7.0.0-31-generic-x86_64-with-glibc2.43,3.14.4,3.3.0,24,Intel(R) Core(TM) Ultra 9 285K,1,1 x NVIDIA GeForce RTX 5090,9.2986,48.7383,60.81613540649414,machine,0.0,0.0,0.0,0.0,N
rollout_79,2026-09-17T18:46:21,mbpo_Ant-v5_seed14577,3a088b14-308d-4a82-afa7-336bf7a5986c,0.37379560800036415,4.8514441779168305e-06,1.2978496100435284e-05,29.911152141241665,87.28340598004719,20.0,3.6418934690751747e-06,7.018338948006075e-06,2.0748881444480893e-06,1.2735120561532809e-05,0.0,Germany,DEU,baden-wurttemberg,,,Linux-7.0.0-31-generic-x86_64-with-glibc2.43,3.14.4,3.3.0,24,Intel(R) Core(TM) Ultra 9 285K,1,1 x NVIDIA GeForce RTX 5090,9.2986,48.7383,60.81613540649414,machine,0.0,0.0,0.0,0.0,N
synthetic_rollout_generation_79,2026-09-17T18:46:21,mbpo_Ant-v5_seed14577,3a088b14-308d-4a82-afa7-336bf7a5986c,0.08414960300069652,2.0696440428090435e-06,2.459696342795606e-05,29.92531851942418,87.56283734245933,20.0,8.28788163029226e-07,4.137781087987236e-06,4.6628031666676173e-07,5.432849567679754e-06,0.0,Germany,DEU,baden-wurttemberg,,,Linux-7.0.0-31-generic-x86_64-with-glibc2.43,3.14.4,3.3.0,24,Intel(R) Core(TM) Ultra 9 285K,1,1 x NVIDIA GeForce RTX 5090,9.2986,48.7383,60.81613540649414,machine,0.0,0.0,0.0,0.0,N
gradient_updates_79,2026-09-17T18:46:26,mbpo_Ant-v5_seed14577,3a088b14-308d-4a82-afa7-336bf7a5986c,4.582069978998334,8.997122433468743e-05,1.963550982247134e-05,29.935097285603163,87.71908540432959,20.0,3.5053547487257086e-05,0.000175669307202031,2.5453085288892202e-05,0.00023617593997817682,0.0,Germany,DEU,baden-wurttemberg,,,Linux-7.0.0-31-generic-x86_64-with-glibc2.43,3.14.4,3.3.0,24,Intel(R) Core(TM) Ultra 9 285K,1,1 x NVIDIA GeForce RTX 5090,9.2986,48.7383,60.81613540649414,machine,0.0,0.0,0.0,0.0,N
dynamics_model_update_80,2026-09-17T18:46:36,mbpo_Ant-v5_seed14577,3a088b14-308d-4a82-afa7-336bf7a5986c,10.251630111997656,0.00013500796588029884,1.3169417470370795e-05,29.928565837201308,87.67589391601497,20.0,8.750935722965508e-05,0.0002099376679499665,5.695110024444075e-05,0.0003543981254240658,0.0,Germany,DEU,baden-wurttemberg,,,Linux-7.0.0-31-generic-x86_64-with-glibc2.43,3.14.4,3.3.0,24,Intel(R) Core(TM) Ultra 9 285K,1,1 x NVIDIA GeForce RTX 5090,9.2986,48.7383,60.81613540649414,machine,0.0,0.0,0.0,0.0,N
rollout_80,2026-09-17T18:46:36,mbpo_Ant-v5_seed14577,3a088b14-308d-4a82-afa7-336bf7a5986c,0.36793368500002543,4.820256594949279e-06,1.3100781709836903e-05,29.944516636122945,87.61711842864695,20.0,3.608409275615565e-06,7.002783380061217e-06,2.0420599888895663e-06,1.2653252644566348e-05,0.0,Germany,DEU,baden-wurttemberg,,,Linux-7.0.0-31-generic-x86_64-with-glibc2.43,3.14.4,3.3.0,24,Intel(R) Core(TM) Ultra 9 285K,1,1 x NVIDIA GeForce RTX 5090,9.2986,48.7383,60.81613540649414,machine,0.0,0.0,0.0,0.0,N
synthetic_rollout_generation_80,2026-09-17T18:46:36,mbpo_Ant-v5_seed14577,3a088b14-308d-4a82-afa7-336bf7a5986c,0.08376804900035495,2.140059442459069e-06,2.5546275726554763e-05,29.959008178917685,87.93267345726395,20.0,8.259567718799099e-07,4.3369479140187295e-06,4.547864611188779e-07,5.617691147020987e-06,0.0,Germany,DEU,baden-wurttemberg,,,Linux-7.0.0-31-generic-x86_64-with-glibc2.43,3.14.4,3.3.0,24,Intel(R) Core(TM) Ultra 9 285K,1,1 x NVIDIA GeForce RTX 5090,9.2986,48.7383,60.81613540649414,machine,0.0,0.0,0.0,0.0,N
gradient_updates_80,2026-09-17T18:46:41,mbpo_Ant-v5_seed14577,3a088b14-308d-4a82-afa7-336bf7a5986c,4.6454968319994805,8.931240884010525e-05,1.9225601913933863e-05,29.966456637065296,88.08697641408585,20.0,3.0077766839969877e-05,0.00017856347618394608,2.5805295472228554e-05,0.00023444653849614278,0.0,Germany,DEU,baden-wurttemberg,,,Linux-7.0.0-31-generic-x86_64-with-glibc2.43,3.14.4,3.3.0,24,Intel(R) Core(TM) Ultra 9 285K,1,1 x NVIDIA GeForce RTX 5090,9.2986,48.7383,60.81613540649414,machine,0.0,0.0,0.0,0.0,N
dynamics_model_update_81,2026-09-17T18:46:51,mbpo_Ant-v5_seed14577,3a088b14-308d-4a82-afa7-336bf7a5986c,10.383866594998835,0.00013575279826386413,1.3073400284533201e-05,29.948062337206437,88.04177489788741,20.0,8.736287322357733e-05,0.000211305169043996,5.768528038333984e-05,0.0003563533226509097,0.0,Germany,DEU,baden-wurttemberg,,,Linux-7.0.0-31-generic-x86_64-with-glibc2.43,3.14.4,3.3.0,24,Intel(R) Core(TM) Ultra 9 285K,1,1 x NVIDIA GeForce RTX 5090,9.2986,48.7383,60.81613540649414,machine,0.0,0.0,0.0,0.0,N
rollout_81,2026-09-17T18:46:52,mbpo_Ant-v5_seed14577,3a088b14-308d-4a82-afa7-336bf7a5986c,0.3683967670003767,4.763720169984054e-06,1.2930651710293719e-05,29.962113372454496,87.97935785394453,20.0,3.557325901411279e-06,6.902783300066773e-06,2.0447343999970696e-06,1.2504843601476856e-05,0.0,Germany,DEU,baden-wurttemberg,,,Linux-7.0.0-31-generic-x86_64-with-glibc2.43,3.14.4,3.3.0,24,Intel(R) Core(TM) Ultra 9 285K,1,1 x NVIDIA GeForce RTX 5090,9.2986,48.7383,60.81613540649414,machine,0.0,0.0,0.0,0.0,N
synthetic_rollout_generation_81,2026-09-17T18:46:52,mbpo_Ant-v5_seed14577,3a088b14-308d-4a82-afa7-336bf7a5986c,0.08288792899838882,4.794366737191635e-07,5.784700385832413e-06,29.973830230761678,87.71275373923561,20.0,7.998473065470857e-07,0.0,4.586818277748511e-07,1.2585291343236715e-06,0.0,Germany,DEU,baden-wurttemberg,,,Linux-7.0.0-31-generic-x86_64-with-glibc2.43,3.14.4,3.3.0,24,Intel(R) Core(TM) Ultra 9 285K,1,1 x NVIDIA GeForce RTX 5090,9.2986,48.7383,60.81613540649414,machine,0.0,0.0,0.0,0.0,N
gradient_updates_81,2026-09-17T18:46:56,mbpo_Ant-v5_seed14577,3a088b14-308d-4a82-afa7-336bf7a5986c,4.58857511899987,9.14254885037262e-05,1.9924606381776888e-05,29.98141770409641,87.87428878243088,20.0,3.457165876841195e-05,0.0001799326439460014,2.5489104566662688e-05,0.00023999340728107776,0.0,Germany,DEU,baden-wurttemberg,,,Linux-7.0.0-31-generic-x86_64-with-glibc2.43,3.14.4,3.3.0,24,Intel(R) Core(TM) Ultra 9 285K,1,1 x NVIDIA GeForce RTX 5090,9.2986,48.7383,60.81613540649414,machine,0.0,0.0,0.0,0.0,N
dynamics_model_update_82,2026-09-17T18:47:12,mbpo_Ant-v5_seed14577,3a088b14-308d-4a82-afa7-336bf7a5986c,15.846235241999238,0.00020320015904195382,1.282325055216239e-05,29.972911063597376,87.83051126321767,20.0,0.00012255839499107635,0.00032281386936194867,8.80314869055529e-05,0.0005334037512585779,0.0,Germany,DEU,baden-wurttemberg,,,Linux-7.0.0-31-generic-x86_64-with-glibc2.43,3.14.4,3.3.0,24,Intel(R) Core(TM) Ultra 9 285K,1,1 x NVIDIA GeForce RTX 5090,9.2986,48.7383,60.81613540649414,machine,0.0,0.0,0.0,0.0,N
rollout_82,2026-09-17T18:47:13,mbpo_Ant-v5_seed14577,3a088b14-308d-4a82-afa7-336bf7a5986c,0.379016145998321,4.49525170823431e-06,1.186013822248336e-05,29.962294558484025,87.76364115967144,20.0,2.798508072138217e-06,6.897783295989335e-06,2.1038181166662534e-06,1.180010948479554e-05,0.0,Germany,DEU,baden-wurttemberg,,,Linux-7.0.0-31-generic-x86_64-with-glibc2.43,3.14.4,3.3.0,24,Intel(R) Core(TM) Ultra 9 285K,1,1 x NVIDIA GeForce RTX 5090,9.2986,48.7383,60.81613540649414,machine,0.0,0.0,0.0,0.0,N
synthetic_rollout_generation_82,2026-09-17T18:47:13,mbpo_Ant-v5_seed14577,3a088b14-308d-4a82-afa7-336bf7a5986c,0.08578852600112441,2.160218093193861e-06,2.5183003584454117e-05,29.976618465402463,88.05106676357332,20.0,8.474037334754714e-07,4.350281258003186e-06,4.729229444513927e-07,5.67060793593005e-06,0.0,Germany,DEU,baden-wurttemberg,,,Linux-7.0.0-31-generic-x86_64-with-glibc2.43,3.14.4,3.3.0,24,Intel(R) Core(TM) Ultra 9 285K,1,1 x NVIDIA GeForce RTX 5090,9.2986,48.7383,60.81613540649414,machine,0.0,0.0,0.0,0.0,N
gradient_updates_82,2026-09-17T18:47:17,mbpo_Ant-v5_seed14577,3a088b14-308d-4a82-afa7-336bf7a5986c,4.568192908998753,8.995576559812576e-05,1.9691807424103707e-05,29.98640361842128,88.20257557791035,20.0,3.464132354636523e-05,0.0001761184742280486,2.5375562766667692e-05,0.00023613536054108153,0.0,Germany,DEU,baden-wurttemberg,,,Linux-7.0.0-31-generic-x86_64-with-glibc2.43,3.14.4,3.3.0,24,Intel(R) Core(TM) Ultra 9 285K,1,1 x NVIDIA GeForce RTX 5090,9.2986,48.7383,60.81613540649414,machine,0.0,0.0,0.0,0.0,N
dynamics_model_update_83,2026-09-17T18:47:33,mbpo_Ant-v5_seed14577,3a088b14-308d-4a82-afa7-336bf7a5986c,15.949160064999887,0.00020880442866707052,1.3091863785968202e-05,29.978981276131332,88.15776987452747,20.0,0.00013545320197358435,0.00032405859257989,8.86032564166566e-05,0.0005481150509701327,0.0,Germany,DEU,baden-wurttemberg,,,Linux-7.0.0-31-generic-x86_64-with-glibc2.43,3.14.4,3.3.0,24,Intel(R) Core(TM) Ultra 9 285K,1,1 x NVIDIA GeForce RTX 5090,9.2986,48.7383,60.81613540649414,machine,0.0,0.0,0.0,0.0,N
rollout_83,2026-09-17T18:47:34,mbpo_Ant-v5_seed14577,3a088b14-308d-4a82-afa7-336bf7a5986c,0.3774797149999358,4.856868358053129e-06,1.286637310415523e-05,29.99519203754487,88.09208875297934,20.0,3.736362155754014e-06,6.9177833120770416e-06,2.0952136555521528e-06,1.2749359123383208e-05,0.0,Germany,DEU,baden-wurttemberg,,,Linux-7.0.0-31-generic-x86_64-with-glibc2.43,3.14.4,3.3.0,24,Intel(R) Core(TM) Ultra 9 285K,1,1 x NVIDIA GeForce RTX 5090,9.2986,48.7383,60.81613540649414,machine,0.0,0.0,0.0,0.0,N
synthetic_rollout_generation_83,2026-09-17T18:47:34,mbpo_Ant-v5_seed14577,3a088b14-308d-4a82-afa7-336bf7a5986c,0.08680271299817832,5.154449833240371e-07,5.938734491491741e-06,30.01118299343389,87.83146127146165,20.0,8.736320877902881e-07,0.0,4.794194500088583e-07,1.3530515377974117e-06,0.0,Germany,DEU,baden-wurttemberg,,,Linux-7.0.0-31-generic-x86_64-with-glibc2.43,3.14.4,3.3.0,24,Intel(R) Core(TM) Ultra 9 285K,1,1 x NVIDIA GeForce RTX 5090,9.2986,48.7383,60.81613540649414,machine,0.0,0.0,0.0,0.0,N
gradient_updates_83,2026-09-17T18:47:38,mbpo_Ant-v5_seed14577,3a088b14-308d-4a82-afa7-336bf7a5986c,4.5851403000015125,9.172864579276574e-05,2.0005652122412452e-05,30.02250491284291,87.98951836342016,20.0,3.522661568126917e-05,0.0001800926440739259,2.546994038332001e-05,0.00024078920013851507,0.0,Germany,DEU,baden-wurttemberg,,,Linux-7.0.0-31-generic-x86_64-with-glibc2.43,3.14.4,3.3.0,24,Intel(R) Core(TM) Ultra 9 285K,1,1 x NVIDIA GeForce RTX 5090,9.2986,48.7383,60.81613540649414,machine,0.0,0.0,0.0,0.0,N
dynamics_model_update_84,2026-09-17T18:47:49,mbpo_Ant-v5_seed14577,3a088b14-308d-4a82-afa7-336bf7a5986c,10.784602618001372,0.0001414333249903331,1.3114374243557353e-05,30.01634984527073,87.9459091372159,20.0,9.218769375009955e-05,0.00021916545311007063,5.9911651644446035e-05,0.00037126479850461275,0.0,Germany,DEU,baden-wurttemberg,,,Linux-7.0.0-31-generic-x86_64-with-glibc2.43,3.14.4,3.3.0,24,Intel(R) Core(TM) Ultra 9 285K,1,1 x NVIDIA GeForce RTX 5090,9.2986,48.7383,60.81613540649414,machine,0.0,0.0,0.0,0.0,N
rollout_84,2026-09-17T18:47:50,mbpo_Ant-v5_seed14577,3a088b14-308d-4a82-afa7-336bf7a5986c,0.37828891100070905,4.946549833986097e-06,1.3076067456470687e-05,30.03431814760377,87.88534628606727,20.0,3.818589999309008e-06,7.066394541954679e-06,2.0997899277865745e-06,1.2984774469051996e-05,0.0,Germany,DEU,baden-wurttemberg,,,Linux-7.0.0-31-generic-x86_64-with-glibc2.43,3.14.4,3.3.0,24,Intel(R) Core(TM) Ultra 9 285K,1,1 x NVIDIA GeForce RTX 5090,9.2986,48.7383,60.81613540649414,machine,0.0,0.0,0.0,0.0,N
synthetic_rollout_generation_84,2026-09-17T18:47:50,mbpo_Ant-v5_seed14577,3a088b14-308d-4a82-afa7-336bf7a5986c,0.08419312799742329,1.539400865478019e-06,1.8286290298325245e-05,30.050450853549002,87.97102469827475,20.0,8.51133736462506e-07,2.7252799580379516e-06,4.645388333307521e-07,4.04095252783121e-06,0.0,Germany,DEU,baden-wurttemberg,,,Linux-7.0.0-31-generic-x86_64-with-glibc2.43,3.14.4,3.3.0,24,Intel(R) Core(TM) Ultra 9 285K,1,1 x NVIDIA GeForce RTX 5090,9.2986,48.7383,60.81613540649414,machine,0.0,0.0,0.0,0.0,N
gradient_updates_84,2026-09-17T18:47:54,mbpo_Ant-v5_seed14577,3a088b14-308d-4a82-afa7-336bf7a5986c,4.588668566000706,9.170273721949632e-05,1.998462862671121e-05,30.06204585634596,88.12530342539438,20.0,3.5624682944171426e-05,0.00017960153257001732,2.5494974194427422e-05,0.00024072118970861617,0.0,Germany,DEU,baden-wurttemberg,,,Linux-7.0.0-31-generic-x86_64-with-glibc2.43,3.14.4,3.3.0,24,Intel(R) Core(TM) Ultra 9 285K,1,1 x NVIDIA GeForce RTX 5090,9.2986,48.7383,60.81613540649414,machine,0.0,0.0,0.0,0.0,N
dynamics_model_update_85,2026-09-17T18:48:14,mbpo_Ant-v5_seed14577,3a088b14-308d-4a82-afa7-336bf7a5986c,19.9639395339982,0.0002592753020544854,1.2987168065292892e-05,30.056182158187866,88.07992994612233,20.0,0.00016755928238065126,0.00040213504392994093,0.00011090759534444078,0.000680601921655033,0.0,Germany,DEU,baden-wurttemberg,,,Linux-7.0.0-31-generic-x86_64-with-glibc2.43,3.14.4,3.3.0,24,Intel(R) Core(TM) Ultra 9 285K,1,1 x NVIDIA GeForce RTX 5090,9.2986,48.7383,60.81613540649414,machine,0.0,0.0,0.0,0.0,N
rollout_85,2026-09-17T18:48:15,mbpo_Ant-v5_seed14577,3a088b14-308d-4a82-afa7-336bf7a5986c,0.38814935099799186,3.824239144908231e-06,9.85231531268418e-06,30.04573579246133,87.95883719092538,20.0,2.8762086898490025e-06,5.002226224015693e-06,2.1602555833350606e-06,1.0038690497198022e-05,0.0,Germany,DEU,baden-wurttemberg,,,Linux-7.0.0-31-generic-x86_64-with-glibc2.43,3.14.4,3.3.0,24,Intel(R) Core(TM) Ultra 9 285K,1,1 x NVIDIA GeForce RTX 5090,9.2986,48.7383,60.81613540649414,machine,0.0,0.0,0.0,0.0,N
synthetic_rollout_generation_85,2026-09-17T18:48:15,mbpo_Ant-v5_seed14577,3a088b14-308d-4a82-afa7-336bf7a5986c,0.08589219300120021,1.1526405757217306e-06,1.342061778805557e-05,30.058472775971847,87.91484017200732,20.0,8.418259512324444e-07,1.713334704001035e-06,4.7053976666433517e-07,3.0257004218978145e-06,0.0,Germany,DEU,baden-wurttemberg,,,Linux-7.0.0-31-generic-x86_64-with-glibc2.43,3.14.4,3.3.0,24,Intel(R) Core(TM) Ultra 9 285K,1,1 x NVIDIA GeForce RTX 5090,9.2986,48.7383,60.81613540649414,machine,0.0,0.0,0.0,0.0,N
gradient_updates_85,2026-09-17T18:48:19,mbpo_Ant-v5_seed14577,3a088b14-308d-4a82-afa7-336bf7a5986c,4.621110320000298,9.295197052185469e-05,2.011464186180411e-05,30.067081025474245,88.07255927712612,20.0,3.5215765117030395e-05,0.00018311125760006597,2.5673424905572895e-05,0.00024400044762266926,0.0,Germany,DEU,baden-wurttemberg,,,Linux-7.0.0-31-generic-x86_64-with-glibc2.43,3.14.4,3.3.0,24,Intel(R) Core(TM) Ultra 9 285K,1,1 x NVIDIA GeForce RTX 5090,9.2986,48.7383,60.81613540649414,machine,0.0,0.0,0.0,0.0,N
dynamics_model_update_86,2026-09-17T18:48:30,mbpo_Ant-v5_seed14577,3a088b14-308d-4a82-afa7-336bf7a5986c,11.038784115000453,0.00014100674058203921,1.2773760033839952e-05,30.059718997897647,88.02704477676365,20.0,8.733613653551936e-05,0.00022148462163196214,6.132424926666609e-05,0.00037014500743414586,0.0,Germany,DEU,baden-wurttemberg,,,Linux-7.0.0-31-generic-x86_64-with-glibc2.43,3.14.4,3.3.0,24,Intel(R) Core(TM) Ultra 9 285K,1,1 x NVIDIA GeForce RTX 5090,9.2986,48.7383,60.81613540649414,machine,0.0,0.0,0.0,0.0,N
rollout_86,2026-09-17T18:48:31,mbpo_Ant-v5_seed14577,3a088b14-308d-4a82-afa7-336bf7a5986c,0.3770327519996499,4.519142472392962e-06,1.1985909789605861e-05,30.049360140621037,87.9660682554281,20.0,2.7844700053528126e-06,6.985561143979524e-06,2.0927919833404335e-06,1.1862823132674505e-05,0.0,Germany,DEU,baden-wurttemberg,,,Linux-7.0.0-31-generic-x86_64-with-glibc2.43,3.14.4,3.3.0,24,Intel(R) Core(TM) Ultra 9 285K,1,1 x NVIDIA GeForce RTX 5090,9.2986,48.7383,60.81613540649414,machine,0.0,0.0,0.0,0.0,N
synthetic_rollout_generation_86,2026-09-17T18:48:31,mbpo_Ant-v5_seed14577,3a088b14-308d-4a82-afa7-336bf7a5986c,0.0900226309968275,1.9600386582975526e-06,2.177467497860734e-05,30.062459978972946,88.14678214007388,20.0,8.85517097301558e-07,3.762503010040774e-06,4.971135277725969e-07,5.145133635114929e-06,0.0,Germany,DEU,baden-wurttemberg,,,Linux-7.0.0-31-generic-x86_64-with-glibc2.43,3.14.4,3.3.0,24,Intel(R) Core(TM) Ultra 9 285K,1,1 x NVIDIA GeForce RTX 5090,9.2986,48.7383,60.81613540649414,machine,0.0,0.0,0.0,0.0,N
gradient_updates_86,2026-09-17T18:48:35,mbpo_Ant-v5_seed14577,3a088b14-308d-4a82-afa7-336bf7a5986c,4.61517262399866,9.102824312128e-05,1.972371427335292e-05,30.071318305723498,88.291887230873,20.0,3.503976386512453e-05,0.00017827486484189858,2.5636002927785506e-05,0.00023895063163480862,0.0,Germany,DEU,baden-wurttemberg,,,Linux-7.0.0-31-generic-x86_64-with-glibc2.43,3.14.4,3.3.0,24,Intel(R) Core(TM) Ultra 9 285K,1,1 x NVIDIA GeForce RTX 5090,9.2986,48.7383,60.81613540649414,machine,0.0,0.0,0.0,0.0,N
dynamics_model_update_87,2026-09-17T18:48:47,mbpo_Ant-v5_seed14577,3a088b14-308d-4a82-afa7-336bf7a5986c,11.116108840997185,0.0001447916325008139,1.302535932471593e-05,30.06426123408701,88.24724657524614,20.0,9.422840066043714e-05,0.00022409879039009262,6.175321976667654e-05,0.00038008041081720456,0.0,Germany,DEU,baden-wurttemberg,,,Linux-7.0.0-31-generic-x86_64-with-glibc2.43,3.14.4,3.3.0,24,Intel(R) Core(TM) Ultra 9 285K,1,1 x NVIDIA GeForce RTX 5090,9.2986,48.7383,60.81613540649414,machine,0.0,0.0,0.0,0.0,N
rollout_87,2026-09-17T18:48:47,mbpo_Ant-v5_seed14577,3a088b14-308d-4a82-afa7-336bf7a5986c,0.3749664249990019,4.869235808190042e-06,1.2985662030480306e-05,30.079904497004627,88.18708978612001,20.0,3.7266304813016182e-06,6.974172246043686e-06,2.081021155552268e-06,1.2781823882895837e-05,0.0,Germany,DEU,baden-wurttemberg,,,Linux-7.0.0-31-generic-x86_64-with-glibc2.43,3.14.4,3.3.0,24,Intel(R) Core(TM) Ultra 9 285K,1,1 x NVIDIA GeForce RTX 5090,9.2986,48.7383,60.81613540649414,machine,0.0,0.0,0.0,0.0,N
synthetic_rollout_generation_87,2026-09-17T18:48:47,mbpo_Ant-v5_seed14577,3a088b14-308d-4a82-afa7-336bf7a5986c,0.08368351200260804,1.8744345091324666e-06,2.240012554911178e-05,30.095171148310246,88.37965069565622,20.0,8.444876200344731e-07,3.6141695579638977e-06,4.6176416112174434e-07,4.920421339107972e-06,0.0,Germany,DEU,baden-wurttemberg,,,Linux-7.0.0-31-generic-x86_64-with-glibc2.43,3.14.4,3.3.0,24,Intel(R) Core(TM) Ultra 9 285K,1,1 x NVIDIA GeForce RTX 5090,9.2986,48.7383,60.81613540649414,machine,0.0,0.0,0.0,0.0,N
gradient_updates_87,2026-09-17T18:48:52,mbpo_Ant-v5_seed14577,3a088b14-308d-4a82-afa7-336bf7a5986c,4.619251936997898,9.13028322354903e-05,1.9765727000970608e-05,30.105920879442994,88.52271931971444,20.0,3.545475141933374e-05,0.00017855680951195385,2.5659871633332276e-05,0.00023967143256461987,0.0,Germany,DEU,baden-wurttemberg,,,Linux-7.0.0-31-generic-x86_64-with-glibc2.43,3.14.4,3.3.0,24,Intel(R) Core(TM) Ultra 9 285K,1,1 x NVIDIA GeForce RTX 5090,9.2986,48.7383,60.81613540649414,machine,0.0,0.0,0.0,0.0,N
dynamics_model_update_88,2026-09-17T18:49:03,mbpo_Ant-v5_seed14577,3a088b14-308d-4a82-afa7-336bf7a5986c,11.244745662999776,0.0001457403111245724,1.296074879139819e-05,30.099446365168237,88.47820448268455,20.0,9.309601392119837e-05,0.00022700434826994353,6.24703455777819e-05,0.00038257070776892554,0.0,Germany,DEU,baden-wurttemberg,,,Linux-7.0.0-31-generic-x86_64-with-glibc2.43,3.14.4,3.3.0,24,Intel(R) Core(TM) Ultra 9 285K,1,1 x NVIDIA GeForce RTX 5090,9.2986,48.7383,60.81613540649414,machine,0.0,0.0,0.0,0.0,N
rollout_88,2026-09-17T18:49:03,mbpo_Ant-v5_seed14577,3a088b14-308d-4a82-afa7-336bf7a5986c,0.364919187999476,4.833058729187406e-06,1.3244130623426068e-05,30.11291281548732,88.42682405400224,20.0,3.5578856240822687e-06,7.103616794013057e-06,2.025356038899001e-06,1.2686858456983918e-05,0.0,Germany,DEU,baden-wurttemberg,,,Linux-7.0.0-31-generic-x86_64-with-glibc2.43,3.14.4,3.3.0,24,Intel(R) Core(TM) Ultra 9 285K,1,1 x NVIDIA GeForce RTX 5090,9.2986,48.7383,60.81613540649414,machine,0.0,0.0,0.0,0.0,N
synthetic_rollout_generation_88,2026-09-17T18:49:03,mbpo_Ant-v5_seed14577,3a088b14-308d-4a82-afa7-336bf7a5986c,0.0909175150009105,1.584843744992931e-06,1.7433196800496093e-05,30.125765456396874,88.48679586275469,20.0,8.958929389388248e-07,2.7622244320735234e-06,5.02123461107104e-07,4.160240832107309e-06,0.0,Germany,DEU,baden-wurttemberg,,,Linux-7.0.0-31-generic-x86_64-with-glibc2.43,3.14.4,3.3.0,24,Intel(R) Core(TM) Ultra 9 285K,1,1 x NVIDIA GeForce RTX 5090,9.2986,48.7383,60.81613540649414,machine,0.0,0.0,0.0,0.0,N
gradient_updates_88,2026-09-17T18:49:08,mbpo_Ant-v5_seed14577,3a088b14-308d-4a82-afa7-336bf7a5986c,4.617402846000914,9.1547603975322e-05,1.9826658594215045e-05,30.1343693360664,88.63068510265333,20.0,3.492467877305727e-05,0.00017973903267998192,2.5650250944454778e-05,0.00024031396239748704,0.0,Germany,DEU,baden-wurttemberg,,,Linux-7.0.0-31-generic-x86_64-with-glibc2.43,3.14.4,3.3.0,24,Intel(R) Core(TM) Ultra 9 285K,1,1 x NVIDIA GeForce RTX 5090,9.2986,48.7383,60.81613540649414,machine,0.0,0.0,0.0,0.0,N
dynamics_model_update_89,2026-09-17T18:49:19,mbpo_Ant-v5_seed14577,3a088b14-308d-4a82-afa7-336bf7a5986c,11.377565773000242,0.00014747089312796766,1.2961524162558496e-05,30.126734385635427,88.58791733406112,20.0,9.246443674926913e-05,0.00023144324071000533,6.320583646110024e-05,0.00038711351392037296,0.0,Germany,DEU,baden-wurttemberg,,,Linux-7.0.0-31-generic-x86_64-with-glibc2.43,3.14.4,3.3.0,24,Intel(R) Core(TM) Ultra 9 285K,1,1 x NVIDIA GeForce RTX 5090,9.2986,48.7383,60.81613540649414,machine,0.0,0.0,0.0,0.0,N
rollout_89,2026-09-17T18:49:20,mbpo_Ant-v5_seed14577,3a088b14-308d-4a82-afa7-336bf7a5986c,0.39097784200203023,4.6423801821175725e-06,1.1873526884405659e-05,30.1191048022714,88.52290969261314,20.0,2.9885132241391776e-06,7.036950073979753e-06,2.160860844459267e-06,1.2186324142585137e-05,0.0,Germany,DEU,baden-wurttemberg,,,Linux-7.0.0-31-generic-x86_64-with-glibc2.43,3.14.4,3.3.0,24,Intel(R) Core(TM) Ultra 9 285K,1,1 x NVIDIA GeForce RTX 5090,9.2986,48.7383,60.81613540649414,machine,0.0,0.0,0.0,0.0,N
synthetic_rollout_generation_89,2026-09-17T18:49:20,mbpo_Ant-v5_seed14577,3a088b14-308d-4a82-afa7-336bf7a5986c,0.08606779999900027,1.703859682244263e-06,1.98007784931214e-05,30.132871733904075,88.6426672795541,20.0,8.589326315963652e-07,3.13833584397738e-06,4.753911444516784e-07,4.47265962001675e-06,0.0,Germany,DEU,baden-wurttemberg,,,Linux-7.0.0-31-generic-x86_64-with-glibc2.43,3.14.4,3.3.0,24,Intel(R) Core(TM) Ultra 9 285K,1,1 x NVIDIA GeForce RTX 5090,9.2986,48.7383,60.81613540649414,machine,0.0,0.0,0.0,0.0,N
gradient_updates_89,2026-09-17T18:49:24,mbpo_Ant-v5_seed14577,3a088b14-308d-4a82-afa7-336bf7a5986c,4.61989359799918,9.11618146221399e-05,1.9732455558768396e-05,30.142356080491528,88.7814171861186,20.0,3.52644407115299e-05,0.00017837375381002385,2.566306449443799e-05,0.00023930125901598653,0.0,Germany,DEU,baden-wurttemberg,,,Linux-7.0.0-31-generic-x86_64-with-glibc2.43,3.14.4,3.3.0,24,Intel(R) Core(TM) Ultra 9 285K,1,1 x NVIDIA GeForce RTX 5090,9.2986,48.7383,60.81613540649414,machine,0.0,0.0,0.0,0.0,N
dynamics_model_update_90,2026-09-17T18:49:36,mbpo_Ant-v5_seed14577,3a088b14-308d-4a82-afa7-336bf7a5986c,11.488143296999624,0.0001505526770847164,1.3105059957444492e-05,30.13574076891354,88.7385349791211,20.0,9.788931692249897e-05,0.00023349407568407088,6.381985476109492e-05,0.00039520324736767865,0.0,Germany,DEU,baden-wurttemberg,,,Linux-7.0.0-31-generic-x86_64-with-glibc2.43,3.14.4,3.3.0,24,Intel(R) Core(TM) Ultra 9 285K,1,1 x NVIDIA GeForce RTX 5090,9.2986,48.7383,60.81613540649414,machine,0.0,0.0,0.0,0.0,N
rollout_90,2026-09-17T18:49:36,mbpo_Ant-v5_seed14577,3a088b14-308d-4a82-afa7-336bf7a5986c,0.3754776169989782,4.90949807361446e-06,1.3075111511896289e-05,30.150946165444793,88.681487638744,20.0,3.7420588269790334e-06,7.065283429863456e-06,2.08017073334045e-06,1.2887512990195082e-05,0.0,Germany,DEU,baden-wurttemberg,,,Linux-7.0.0-31-generic-x86_64-with-glibc2.43,3.14.4,3.3.0,24,Intel(R) Core(TM) Ultra 9 285K,1,1 x NVIDIA GeForce RTX 5090,9.2986,48.7383,60.81613540649414,machine,0.0,0.0,0.0,0.0,N
synthetic_rollout_generation_90,2026-09-17T18:49:36,mbpo_Ant-v5_seed14577,3a088b14-308d-4a82-afa7-336bf7a5986c,0.08913572299934458,2.0030158184997093e-06,2.2472937501453667e-05,30.161726168701037,88.87318428360776,20.0,8.614929114178493e-07,3.905280902105623e-06,4.911755722182554e-07,5.2579493857451975e-06,0.0,Germany,DEU,baden-wurttemberg,,,Linux-7.0.0-31-generic-x86_64-with-glibc2.43,3.14.4,3.3.0,24,Intel(R) Core(TM) Ultra 9 285K,1,1 x NVIDIA GeForce RTX 5090,9.2986,48.7383,60.81613540649414,machine,0.0,0.0,0.0,0.0,N
gradient_updates_90,2026-09-17T18:49:41,mbpo_Ant-v5_seed14577,3a088b14-308d-4a82-afa7-336bf7a5986c,4.639166221000778,9.032950074686075e-05,1.9471081461300928e-05,30.168019962609957,89.0071422167675,20.0,3.348347150897851e-05,0.00017786292006805038,2.577002986110799e-05,0.00023711642143814382,0.0,Germany,DEU,baden-wurttemberg,,,Linux-7.0.0-31-generic-x86_64-with-glibc2.43,3.14.4,3.3.0,24,Intel(R) Core(TM) Ultra 9 285K,1,1 x NVIDIA GeForce RTX 5090,9.2986,48.7383,60.81613540649414,machine,0.0,0.0,0.0,0.0,N
dynamics_model_update_91,2026-09-17T18:49:53,mbpo_Ant-v5_seed14577,3a088b14-308d-4a82-afa7-336bf7a5986c,11.515998336999473,0.00014940513598791713,1.2973674406628039e-05,30.15750683569461,88.96283788013763,20.0,9.565658680298766e-05,0.0002325596304919575,6.397471586666766e-05,0.000392190933161618,0.0,Germany,DEU,baden-wurttemberg,,,Linux-7.0.0-31-generic-x86_64-with-glibc2.43,3.14.4,3.3.0,24,Intel(R) Core(TM) Ultra 9 285K,1,1 x NVIDIA GeForce RTX 5090,9.2986,48.7383,60.81613540649414,machine,0.0,0.0,0.0,0.0,N
rollout_91,2026-09-17T18:49:53,mbpo_Ant-v5_seed14577,3a088b14-308d-4a82-afa7-336bf7a5986c,0.37357457899997826,4.834751189931874e-06,1.2941829603858612e-05,30.169469241074196,88.90498147729465,20.0,3.6070017744860294e-06,7.01083894194543e-06,2.0734604777722376e-06,1.2691301194203697e-05,0.0,Germany,DEU,baden-wurttemberg,,,Linux-7.0.0-31-generic-x86_64-with-glibc2.43,3.14.4,3.3.0,24,Intel(R) Core(TM) Ultra 9 285K,1,1 x NVIDIA GeForce RTX 5090,9.2986,48.7383,60.81613540649414,machine,0.0,0.0,0.0,0.0,N
synthetic_rollout_generation_91,2026-09-17T18:49:53,mbpo_Ant-v5_seed14577,3a088b14-308d-4a82-afa7-336bf7a5986c,0.09307906600224669,1.621291855890411e-06,1.741940071022174e-05,30.181090412025483,88.96205982687295,20.0,9.106937841132923e-07,2.831113375956207e-06,5.141105611176228e-07,4.255917721199265e-06,0.0,Germany,DEU,baden-wurttemberg,,,Linux-7.0.0-31-generic-x86_64-with-glibc2.43,3.14.4,3.3.0,24,Intel(R) Core(TM) Ultra 9 285K,1,1 x NVIDIA GeForce RTX 5090,9.2986,48.7383,60.81613540649414,machine,0.0,0.0,0.0,0.0,N
gradient_updates_91,2026-09-17T18:49:58,mbpo_Ant-v5_seed14577,3a088b14-308d-4a82-afa7-336bf7a5986c,4.640564997000183,8.947753181731688e-05,1.9281617780193566e-05,30.187096870845473,89.09436293800088,20.0,3.116988743589316e-05,0.0001779320867900669,2.577801479443885e-05,0.00023487998902038676,0.0,Germany,DEU,baden-wurttemberg,,,Linux-7.0.0-31-generic-x86_64-with-glibc2.43,3.14.4,3.3.0,24,Intel(R) Core(TM) Ultra 9 285K,1,1 x NVIDIA GeForce RTX 5090,9.2986,48.7383,60.81613540649414,machine,0.0,0.0,0.0,0.0,N
dynamics_model_update_92,2026-09-17T18:50:13,mbpo_Ant-v5_seed14577,3a088b14-308d-4a82-afa7-336bf7a5986c,15.67005051399974,0.00020200211032305598,1.2890967658541703e-05,30.17170534967993,89.05109540209125,20.0,0.0001255066081829806,0.0003177080319439751,8.704421358888756e-05,0.0005302588537158537,0.0,Germany,DEU,baden-wurttemberg,,,Linux-7.0.0-31-generic-x86_64-with-glibc2.43,3.14.4,3.3.0,24,Intel(R) Core(TM) Ultra 9 285K,1,1 x NVIDIA GeForce RTX 5090,9.2986,48.7383,60.81613540649414,machine,0.0,0.0,0.0,0.0,N
rollout_92,2026-09-17T18:50:14,mbpo_Ant-v5_seed14577,3a088b14-308d-4a82-afa7-336bf7a5986c,0.3916567110027245,4.697120711494307e-06,1.199270259735043e-05,30.164019697956526,88.98914817207928,20.0,2.986207666741403e-06,7.169727958000749e-06,2.174083305545374e-06,1.233001893029273e-05,0.0,Germany,DEU,baden-wurttemberg,,,Linux-7.0.0-31-generic-x86_64-with-glibc2.43,3.14.4,3.3.0,24,Intel(R) Core(TM) Ultra 9 285K,1,1 x NVIDIA GeForce RTX 5090,9.2986,48.7383,60.81613540649414,machine,0.0,0.0,0.0,0.0,N
synthetic_rollout_generation_92,2026-09-17T18:50:14,mbpo_Ant-v5_seed14577,3a088b14-308d-4a82-afa7-336bf7a5986c,0.09426929400069639,1.5743831045626766e-06,1.6702179915340794e-05,30.175553243798134,89.02775240747346,20.0,9.221549043883503e-07,2.69083548609661e-06,5.197910888862789e-07,4.132781479357361e-06,0.0,Germany,DEU,baden-wurttemberg,,,Linux-7.0.0-31-generic-x86_64-with-glibc2.43,3.14.4,3.3.0,24,Intel(R) Core(TM) Ultra 9 285K,1,1 x NVIDIA GeForce RTX 5090,9.2986,48.7383,60.81613540649414,machine,0.0,0.0,0.0,0.0,N
gradient_updates_92,2026-09-17T18:50:18,mbpo_Ant-v5_seed14577,3a088b14-308d-4a82-afa7-336bf7a5986c,4.621062317000906,8.989294997531483e-05,1.945287908368349e-05,30.181825767871537,89.16127265976276,20.0,3.175750207264766e-05,0.0001785420872779664,2.5670879150008208e-05,0.0002359704685006292,0.0,Germany,DEU,baden-wurttemberg,,,Linux-7.0.0-31-generic-x86_64-with-glibc2.43,3.14.4,3.3.0,24,Intel(R) Core(TM) Ultra 9 285K,1,1 x NVIDIA GeForce RTX 5090,9.2986,48.7383,60.81613540649414,machine,0.0,0.0,0.0,0.0,N
dynamics_model_update_93,2026-09-17T18:50:30,mbpo_Ant-v5_seed14577,3a088b14-308d-4a82-afa7-336bf7a5986c,11.89531903399984,0.00015101569240734067,1.2695362714153878e-05,30.1678326642531,89.11813123126677,20.0,8.933444091194231e-05,0.00024100241502400532,6.608181425001199e-05,0.0003964186701859579,0.0,Germany,DEU,baden-wurttemberg,,,Linux-7.0.0-31-generic-x86_64-with-glibc2.43,3.14.4,3.3.0,24,Intel(R) Core(TM) Ultra 9 285K,1,1 x NVIDIA GeForce RTX 5090,9.2986,48.7383,60.81613540649414,machine,0.0,0.0,0.0,0.0,N
rollout_93,2026-09-17T18:50:31,mbpo_Ant-v5_seed14577,3a088b14-308d-4a82-afa7-336bf7a5986c,0.38150383299944224,4.604880422989788e-06,1.2070319726323546e-05,30.16025667858177,89.05859971402275,20.0,2.9097951056086813e-06,7.0605612040308685e-06,2.1175303500063636e-06,1.2087886659642444e-05,0.0,Germany,DEU,baden-wurttemberg,,,Linux-7.0.0-31-generic-x86_64-with-glibc2.43,3.14.4,3.3.0,24,Intel(R) Core(TM) Ultra 9 285K,1,1 x NVIDIA GeForce RTX 5090,9.2986,48.7383,60.81613540649414,machine,0.0,0.0,0.0,0.0,N
synthetic_rollout_generation_93,2026-09-17T18:50:31,mbpo_Ant-v5_seed14577,3a088b14-308d-4a82-afa7-336bf7a5986c,0.09709693699915078,1.5360644462156237e-06,1.5821157213957645e-05,30.172101041126535,89.07192237747584,20.0,9.572499324664308e-07,2.5363909178510724e-06,5.385535222258986e-07,4.032194372532993e-06,0.0,Germany,DEU,baden-wurttemberg,,,Linux-7.0.0-31-generic-x86_64-with-glibc2.43,3.14.4,3.3.0,24,Intel(R) Core(TM) Ultra 9 285K,1,1 x NVIDIA GeForce RTX 5090,9.2986,48.7383,60.81613540649414,machine,0.0,0.0,0.0,0.0,N
gradient_updates_93,2026-09-17T18:50:35,mbpo_Ant-v5_seed14577,3a088b14-308d-4a82-afa7-336bf7a5986c,4.603708175000065,9.144310003419628e-05,1.9862927882576946e-05,30.18032455020224,89.20575550763658,20.0,3.5690770219261314e-05,0.00017877292079604423,2.557594682220908e-05,0.00024003963783750248,0.0,Germany,DEU,baden-wurttemberg,,,Linux-7.0.0-31-generic-x86_64-with-glibc2.43,3.14.4,3.3.0,24,Intel(R) Core(TM) Ultra 9 285K,1,1 x NVIDIA GeForce RTX 5090,9.2986,48.7383,60.81613540649414,machine,0.0,0.0,0.0,0.0,N
dynamics_model_update_94,2026-09-17T18:50:47,mbpo_Ant-v5_seed14577,3a088b14-308d-4a82-afa7-336bf7a5986c,12.009603476999473,0.00015195961792858342,1.2653178172287571e-05,30.174038183778578,89.16314883849135,20.0,8.861007366578466e-05,0.00024356936152203357,6.67170549777836e-05,0.00039889649016559836,0.0,Germany,DEU,baden-wurttemberg,,,Linux-7.0.0-31-generic-x86_64-with-glibc2.43,3.14.4,3.3.0,24,Intel(R) Core(TM) Ultra 9 285K,1,1 x NVIDIA GeForce RTX 5090,9.2986,48.7383,60.81613540649414,machine,0.0,0.0,0.0,0.0,N
rollout_94,2026-09-17T18:50:48,mbpo_Ant-v5_seed14577,3a088b14-308d-4a82-afa7-336bf7a5986c,0.3781951269993442,4.569352973767676e-06,1.2081623408340207e-05,30.16458503838072,89.10549945277042,20.0,2.814614473913013e-06,7.07472788197272e-06,2.105284166666402e-06,1.1994626522557339e-05,0.0,Germany,DEU,baden-wurttemberg,,,Linux-7.0.0-31-generic-x86_64-with-glibc2.43,3.14.4,3.3.0,24,Intel(R) Core(TM) Ultra 9 285K,1,1 x NVIDIA GeForce RTX 5090,9.2986,48.7383,60.81613540649414,machine,0.0,0.0,0.0,0.0,N
synthetic_rollout_generation_94,2026-09-17T18:50:48,mbpo_Ant-v5_seed14577,3a088b14-308d-4a82-afa7-336bf7a5986c,0.09279885800060583,1.501902818383527e-06,1.61854014633303e-05,30.17822981714156,89.12756147737085,20.0,9.321240790338692e-07,2.4986131099691278e-06,5.117823499954655e-07,3.942519539001932e-06,0.0,Germany,DEU,baden-wurttemberg,,,Linux-7.0.0-31-generic-x86_64-with-glibc2.43,3.14.4,3.3.0,24,Intel(R) Core(TM) Ultra 9 285K,1,1 x NVIDIA GeForce RTX 5090,9.2986,48.7383,60.81613540649414,machine,0.0,0.0,0.0,0.0,N
gradient_updates_94,2026-09-17T18:50:53,mbpo_Ant-v5_seed14577,3a088b14-308d-4a82-afa7-336bf7a5986c,4.618993607997254,9.124816753817294e-05,1.9755006560193333e-05,30.18764787164796,89.25841190384178,20.0,3.5200726771669744e-05,0.00017866542071010016,2.566178935554074e-05,0.00023952793683730544,0.0,Germany,DEU,baden-wurttemberg,,,Linux-7.0.0-31-generic-x86_64-with-glibc2.43,3.14.4,3.3.0,24,Intel(R) Core(TM) Ultra 9 285K,1,1 x NVIDIA GeForce RTX 5090,9.2986,48.7383,60.81613540649414,machine,0.0,0.0,0.0,0.0,N
dynamics_model_update_95,2026-09-17T18:51:05,mbpo_Ant-v5_seed14577,3a088b14-308d-4a82-afa7-336bf7a5986c,12.119571731000178,0.00015588157114933276,1.2861944891297039e-05,30.180534183363076,89.21773263916462,20.0,9.394828349190004e-05,0.0002479110316619959,6.73323665611146e-05,0.0004091916817150071,0.0,Germany,DEU,baden-wurttemberg,,,Linux-7.0.0-31-generic-x86_64-with-glibc2.43,3.14.4,3.3.0,24,Intel(R) Core(TM) Ultra 9 285K,1,1 x NVIDIA GeForce RTX 5090,9.2986,48.7383,60.81613540649414,machine,0.0,0.0,0.0,0.0,N
rollout_95,2026-09-17T18:51:05,mbpo_Ant-v5_seed14577,3a088b14-308d-4a82-afa7-336bf7a5986c,0.3988706029995228,4.497640612034781e-06,1.1276082869103545e-05,30.1714391940076,89.14137412910227,20.0,2.9711862658335364e-06,6.6216719639689e-06,2.2135221666753913e-06,1.180638039646742e-05,0.0,Germany,DEU,baden-wurttemberg,,,Linux-7.0.0-31-generic-x86_64-with-glibc2.43,3.14.4,3.3.0,24,Intel(R) Core(TM) Ultra 9 285K,1,1 x NVIDIA GeForce RTX 5090,9.2986,48.7383,60.81613540649414,machine,0.0,0.0,0.0,0.0,N
synthetic_rollout_generation_95,2026-09-17T18:51:05,mbpo_Ant-v5_seed14577,3a088b14-308d-4a82-afa7-336bf7a5986c,0.09744380499978433,2.3448252492799804e-06,2.406428915061142e-05,30.183897874927016,89.35793535351308,20.0,9.67032440297999e-07,4.650281497986519e-06,5.378908111090125e-07,6.155204749391796e-06,0.0,Germany,DEU,baden-wurttemberg,,,Linux-7.0.0-31-generic-x86_64-with-glibc2.43,3.14.4,3.3.0,24,Intel(R) Core(TM) Ultra 9 285K,1,1 x NVIDIA GeForce RTX 5090,9.2986,48.7383,60.81613540649414,machine,0.0,0.0,0.0,0.0,N
gradient_updates_95,2026-09-17T18:51:10,mbpo_Ant-v5_seed14577,3a088b14-308d-4a82-afa7-336bf7a5986c,4.618545338998956,9.106581480251841e-05,1.9717440176562122e-05,30.192484552774612,89.4854819293252,20.0,3.544113696399287e-05,0.00017795208680604357,2.565603414443271e-05,0.00023904925791447262,0.0,Germany,DEU,baden-wurttemberg,,,Linux-7.0.0-31-generic-x86_64-with-glibc2.43,3.14.4,3.3.0,24,Intel(R) Core(TM) Ultra 9 285K,1,1 x NVIDIA GeForce RTX 5090,9.2986,48.7383,60.81613540649414,machine,0.0,0.0,0.0,0.0,N
dynamics_model_update_96,2026-09-17T18:51:22,mbpo_Ant-v5_seed14577,3a088b14-308d-4a82-afa7-336bf7a5986c,12.179950498997641,0.00015834216905812049,1.30002349686899e-05,30.18627282154371,89.44308156092548,20.0,0.00010089846349648629,0.0002470888087818812,6.766351931665818e-05,0.0004156507915950153,0.0,Germany,DEU,baden-wurttemberg,,,Linux-7.0.0-31-generic-x86_64-with-glibc2.43,3.14.4,3.3.0,24,Intel(R) Core(TM) Ultra 9 285K,1,1 x NVIDIA GeForce RTX 5090,9.2986,48.7383,60.81613540649414,machine,0.0,0.0,0.0,0.0,N
rollout_96,2026-09-17T18:51:22,mbpo_Ant-v5_seed14577,3a088b14-308d-4a82-afa7-336bf7a5986c,0.37760161999904085,3.886548261944345e-06,1.0292469097765922e-05,30.17753732595527,89.34267096443293,20.0,2.8251258712141958e-06,5.2811153360421415e-06,2.0960117444301235e-06,1.0202252951688195e-05,0.0,Germany,DEU,baden-wurttemberg,,,Linux-7.0.0-31-generic-x86_64-with-glibc2.43,3.14.4,3.3.0,24,Intel(R) Core(TM) Ultra 9 285K,1,1 x NVIDIA GeForce RTX 5090,9.2986,48.7383,60.81613540649414,machine,0.0,0.0,0.0,0.0,N
synthetic_rollout_generation_96,2026-09-17T18:51:22,mbpo_Ant-v5_seed14577,3a088b14-308d-4a82-afa7-336bf7a5986c,0.09207880299800308,1.207220175596102e-06,1.311169482381464e-05,30.189891587672307,89.28926418611952,20.0,9.147796207129022e-07,1.7452791740701912e-06,5.089139722257857e-07,3.1689727670175527e-06,0.0,Germany,DEU,baden-wurttemberg,,,Linux-7.0.0-31-generic-x86_64-with-glibc2.43,3.14.4,3.3.0,24,Intel(R) Core(TM) Ultra 9 285K,1,1 x NVIDIA GeForce RTX 5090,9.2986,48.7383,60.81613540649414,machine,0.0,0.0,0.0,0.0,N
gradient_updates_96,2026-09-17T18:51:27,mbpo_Ant-v5_seed14577,3a088b14-308d-4a82-afa7-336bf7a5986c,4.667797050002264,9.20763209685746e-05,1.9725879453909848e-05,30.197472934331245,89.42056374573652,20.0,3.345144537224981e-05,0.00018232125696793222,2.592915083890479e-05,0.00024170185317909376,0.0,Germany,DEU,baden-wurttemberg,,,Linux-7.0.0-31-generic-x86_64-with-glibc2.43,3.14.4,3.3.0,24,Intel(R) Core(TM) Ultra 9 285K,1,1 x NVIDIA GeForce RTX 5090,9.2986,48.7383,60.81613540649414,machine,0.0,0.0,0.0,0.0,N
dynamics_model_update_97,2026-09-17T18:51:39,mbpo_Ant-v5_seed14577,3a088b14-308d-4a82-afa7-336bf7a5986c,12.299653903002763,0.00015921749074747707,1.2944853729023252e-05,30.186951251740147,89.37826271732702,20.0,0.00010077195145083429,0.0002488482546340043,6.832831930557101e-05,0.00041794852539041305,0.0,Germany,DEU,baden-wurttemberg,,,Linux-7.0.0-31-generic-x86_64-with-glibc2.43,3.14.4,3.3.0,24,Intel(R) Core(TM) Ultra 9 285K,1,1 x NVIDIA GeForce RTX 5090,9.2986,48.7383,60.81613540649414,machine,0.0,0.0,0.0,0.0,N
rollout_97,2026-09-17T18:51:40,mbpo_Ant-v5_seed14577,3a088b14-308d-4a82-afa7-336bf7a5986c,0.38893579799696454,4.599168665832265e-06,1.1824773845003606e-05,30.178984432033356,89.31524215698008,20.0,2.938481517451852e-06,6.975561135935671e-06,2.1588505500005906e-06,1.2072893203388113e-05,0.0,Germany,DEU,baden-wurttemberg,,,Linux-7.0.0-31-generic-x86_64-with-glibc2.43,3.14.4,3.3.0,24,Intel(R) Core(TM) Ultra 9 285K,1,1 x NVIDIA GeForce RTX 5090,9.2986,48.7383,60.81613540649414,machine,0.0,0.0,0.0,0.0,N
synthetic_rollout_generation_97,2026-09-17T18:51:40,mbpo_Ant-v5_seed14577,3a088b14-308d-4a82-afa7-336bf7a5986c,0.10083822700107703,1.7028068208177483e-06,1.688736822922707e-05,30.190863041602775,89.3539894697521,20.0,9.97295797833253e-07,2.9155578881168154e-06,5.570421555394639e-07,4.469895841491267e-06,0.0,Germany,DEU,baden-wurttemberg,,,Linux-7.0.0-31-generic-x86_64-with-glibc2.43,3.14.4,3.3.0,24,Intel(R) Core(TM) Ultra 9 285K,1,1 x NVIDIA GeForce RTX 5090,9.2986,48.7383,60.81613540649414,machine,0.0,0.0,0.0,0.0,N
gradient_updates_97,2026-09-17T18:51:45,mbpo_Ant-v5_seed14577,3a088b14-308d-4a82-afa7-336bf7a5986c,4.610525382999185,9.120521946345828e-05,1.9781966121856147e-05,30.198946019738695,89.48082249717757,20.0,3.521262872564074e-05,0.00017859014287202601,2.561242583888103e-05,0.00023941519743655992,0.0,Germany,DEU,baden-wurttemberg,,,Linux-7.0.0-31-generic-x86_64-with-glibc2.43,3.14.4,3.3.0,24,Intel(R) Core(TM) Ultra 9 285K,1,1 x NVIDIA GeForce RTX 5090,9.2986,48.7383,60.81613540649414,machine,0.0,0.0,0.0,0.0,N
dynamics_model_update_98,2026-09-17T18:51:57,mbpo_Ant-v5_seed14577,3a088b14-308d-4a82-afa7-336bf7a5986c,12.476326722997328,0.00016054379854898299,1.2867879282198454e-05,30.192272600280827,89.43957920097198,20.0,9.862272056478105e-05,0.0002534974250200106,6.930995954444394e-05,0.00042143010512923906,0.0,Germany,DEU,baden-wurttemberg,,,Linux-7.0.0-31-generic-x86_64-with-glibc2.43,3.14.4,3.3.0,24,Intel(R) Core(TM) Ultra 9 285K,1,1 x NVIDIA GeForce RTX 5090,9.2986,48.7383,60.81613540649414,machine,0.0,0.0,0.0,0.0,N
rollout_98,2026-09-17T18:51:57,mbpo_Ant-v5_seed14577,3a088b14-308d-4a82-afa7-336bf7a5986c,0.3662405859977298,4.595793664487896e-06,1.2548103158871142e-05,30.18680481120015,89.39183505251219,20.0,2.8666806266772205e-06,7.164727953923311e-06,2.0326251888840713e-06,1.2064033769493276e-05,0.0,Germany,DEU,baden-wurttemberg,,,Linux-7.0.0-31-generic-x86_64-with-glibc2.43,3.14.4,3.3.0,24,Intel(R) Core(TM) Ultra 9 285K,1,1 x NVIDIA GeForce RTX 5090,9.2986,48.7383,60.81613540649414,machine,0.0,0.0,0.0,0.0,N
synthetic_rollout_generation_98,2026-09-17T18:51:57,mbpo_Ant-v5_seed14577,3a088b14-308d-4a82-afa7-336bf7a5986c,0.09318471000005957,2.2272697912419093e-06,2.390306425503159e-05,30.19957069366069,89.59636076807112,20.0,9.325307460256171e-07,4.399447964043013e-06,5.146410333202456e-07,5.846619743385406e-06,0.0,Germany,DEU,baden-wurttemberg,,,Linux-7.0.0-31-generic-x86_64-with-glibc2.43,3.14.4,3.3.0,24,Intel(R) Core(TM) Ultra 9 285K,1,1 x NVIDIA GeForce RTX 5090,9.2986,48.7383,60.81613540649414,machine,0.0,0.0,0.0,0.0,N
gradient_updates_98,2026-09-17T18:52:02,mbpo_Ant-v5_seed14577,3a088b14-308d-4a82-afa7-336bf7a5986c,4.615816580000683,9.12206187783024e-05,1.976263815669852e-05,30.20863415732199,89.71955307412489,20.0,3.592804402019478e-05,0.00017788680897601328,2.5640767894461944e-05,0.00023945562089067174,0.0,Germany,DEU,baden-wurttemberg,,,Linux-7.0.0-31-generic-x86_64-with-glibc2.43,3.14.4,3.3.0,24,Intel(R) Core(TM) Ultra 9 285K,1,1 x NVIDIA GeForce RTX 5090,9.2986,48.7383,60.81613540649414,machine,0.0,0.0,0.0,0.0,N
dynamics_model_update_99,2026-09-17T18:52:15,mbpo_Ant-v5_seed14577,3a088b14-308d-4a82-afa7-336bf7a5986c,12.558367234996695,0.00016119268701126135,1.2835460357170092e-05,30.203297934473518,89.6763516450464,20.0,0.00010067944915460869,0.0002526885354839914,6.976546335000534e-05,0.00042313344798861063,0.0,Germany,DEU,baden-wurttemberg,,,Linux-7.0.0-31-generic-x86_64-with-glibc2.43,3.14.4,3.3.0,24,Intel(R) Core(TM) Ultra 9 285K,1,1 x NVIDIA GeForce RTX 5090,9.2986,48.7383,60.81613540649414,machine,0.0,0.0,0.0,0.0,N
rollout_99,2026-09-17T18:52:15,mbpo_Ant-v5_seed14577,3a088b14-308d-4a82-afa7-336bf7a5986c,0.38732017099755467,4.578203868527836e-06,1.181993611122607e-05,30.193733958977617,89.61545930300674,20.0,2.8518458925902435e-06,7.016116723934651e-06,2.1498976499872285e-06,1.2017860266513858e-05,0.0,Germany,DEU,baden-wurttemberg,,,Linux-7.0.0-31-generic-x86_64-with-glibc2.43,3.14.4,3.3.0,24,Intel(R) Core(TM) Ultra 9 285K,1,1 x NVIDIA GeForce RTX 5090,9.2986,48.7383,60.81613540649414,machine,0.0,0.0,0.0,0.0,N
synthetic_rollout_generation_99,2026-09-17T18:52:15,mbpo_Ant-v5_seed14577,3a088b14-308d-4a82-afa7-336bf7a5986c,0.10007378099908237,1.3078023250387427e-06,1.3069241635141414e-05,30.20698522734486,89.5608142643957,20.0,1.0074683059746459e-06,1.8725014979681376e-06,5.530327555486325e-07,3.433002559491416e-06,0.0,Germany,DEU,baden-wurttemberg,,,Linux-7.0.0-31-generic-x86_64-with-glibc2.43,3.14.4,3.3.0,24,Intel(R) Core(TM) Ultra 9 285K,1,1 x NVIDIA GeForce RTX 5090,9.2986,48.7383,60.81613540649414,machine,0.0,0.0,0.0,0.0,N
gradient_updates_99,2026-09-17T18:52:20,mbpo_Ant-v5_seed14577,3a088b14-308d-4a82-afa7-336bf7a5986c,4.595132188998832,9.157819366651873e-05,1.9929393012861064e-05,30.216344325280307,89.68726495154246,20.0,3.5514938689709674e-05,0.00017935292126014524,2.5526400888884263e-05,0.00024039426083874438,0.0,Germany,DEU,baden-wurttemberg,,,Linux-7.0.0-31-generic-x86_64-with-glibc2.43,3.14.4,3.3.0,24,Intel(R) Core(TM) Ultra 9 285K,1,1 x NVIDIA GeForce RTX 5090,9.2986,48.7383,60.81613540649414,machine,0.0,0.0,0.0,0.0,N
idle_baseline_tail,2026-09-17T18:53:50,mbpo_Ant-v5_seed14577,3a088b14-308d-4a82-afa7-336bf7a5986c,90.0036002170018,0.0006270527085624616,6.966974059590393e-06,30.210028587667733,89.54235913655982,20.0,0.00036735600555123926,0.0007786545118119159,0.0005000131302611011,0.0016460236476242562,0.0,Germany,DEU,baden-wurttemberg,,,Linux-7.0.0-31-generic-x86_64-with-glibc2.43,3.14.4,3.3.0,24,Intel(R) Core(TM) Ultra 9 285K,1,1 x NVIDIA GeForce RTX 5090,9.2986,48.7383,60.81613540649414,machine,0.0,0.0,0.0,0.0,N
