task_name,timestamp,project_name,run_id,duration,emissions,emissions_rate,cpu_power,gpu_power,ram_power,cpu_energy,gpu_energy,ram_energy,energy_consumed,water_consumed,country_name,country_iso_code,region,cloud_provider,cloud_region,os,python_version,codecarbon_version,cpu_count,cpu_model,gpu_count,gpu_model,longitude,latitude,ram_total_size,tracking_mode,cpu_utilization_percent,gpu_utilization_percent,ram_utilization_percent,ram_used_gb,on_cloud
idle_baseline_head,2026-09-13T12:24:11,td3_Ant-v5_seed14577,b12b76e9-64f9-497e-827e-200d519e8f69,90.00530556299782,0.0006559695675774991,7.288120259008481e-06,18.420805447730963,15.788651334917677,20.0,0.0003868065022227321,0.0008174070428139668,0.0005177173319222169,0.0017219308769589158,0.0,Germany,DEU,baden-wurttemberg,,,Linux-7.0.0-31-generic-x86_64-with-glibc2.43,3.14.4,3.3.0,24,Intel(R) Core(TM) Ultra 9 285K,1,1 x NVIDIA GeForce RTX 5090,9.2986,48.7383,60.816158294677734,machine,0.0,0.0,0.0,0.0,N
warmup_0,2026-09-13T12:24:12,td3_Ant-v5_seed14577,b12b76e9-64f9-497e-827e-200d519e8f69,1.3485400120043778,1.651357299194676e-05,1.2245448083878306e-05,21.18607045928464,29.586950306572376,20.0,1.4441790997868353e-05,2.141668380017947e-05,7.489925233312555e-06,4.334840003136038e-05,0.0,Germany,DEU,baden-wurttemberg,,,Linux-7.0.0-31-generic-x86_64-with-glibc2.43,3.14.4,3.3.0,24,Intel(R) Core(TM) Ultra 9 285K,1,1 x NVIDIA GeForce RTX 5090,9.2986,48.7383,60.816158294677734,machine,0.0,0.0,0.0,0.0,N
rollout_0,2026-09-13T12:24:13,td3_Ant-v5_seed14577,b12b76e9-64f9-497e-827e-200d519e8f69,0.32334338699729415,4.522200993370678e-06,1.3985992229953117e-05,25.00467687325987,41.08745233113713,20.0,3.295367080734246e-06,6.781672091893398e-06,1.793812627794199e-06,1.1870851800421843e-05,0.0,Germany,DEU,baden-wurttemberg,,,Linux-7.0.0-31-generic-x86_64-with-glibc2.43,3.14.4,3.3.0,24,Intel(R) Core(TM) Ultra 9 285K,1,1 x NVIDIA GeForce RTX 5090,9.2986,48.7383,60.816158294677734,machine,0.0,0.0,0.0,0.0,N
gradient_updates_0,2026-09-13T12:24:15,td3_Ant-v5_seed14577,b12b76e9-64f9-497e-827e-200d519e8f69,2.3844004529964877,2.9423486426744905e-05,1.2340001993578376e-05,26.566514944715777,47.08025160934824,20.0,1.6922662427011625e-05,4.706642654195292e-05,1.3248045633331958e-05,7.72371346022965e-05,0.0,Germany,DEU,baden-wurttemberg,,,Linux-7.0.0-31-generic-x86_64-with-glibc2.43,3.14.4,3.3.0,24,Intel(R) Core(TM) Ultra 9 285K,1,1 x NVIDIA GeForce RTX 5090,9.2986,48.7383,60.816158294677734,machine,0.0,0.0,0.0,0.0,N
rollout_1,2026-09-13T12:24:15,td3_Ant-v5_seed14577,b12b76e9-64f9-497e-827e-200d519e8f69,0.2750797339976998,2.7221831769043414e-06,9.895789073531643e-06,26.79263613388378,46.804824466218584,20.0,2.1492475527212784e-06,3.4694472199614523e-06,1.5270807277880348e-06,7.1457755004707656e-06,0.0,Germany,DEU,baden-wurttemberg,,,Linux-7.0.0-31-generic-x86_64-with-glibc2.43,3.14.4,3.3.0,24,Intel(R) Core(TM) Ultra 9 285K,1,1 x NVIDIA GeForce RTX 5090,9.2986,48.7383,60.816158294677734,machine,0.0,0.0,0.0,0.0,N
gradient_updates_1,2026-09-13T12:24:18,td3_Ant-v5_seed14577,b12b76e9-64f9-497e-827e-200d519e8f69,2.18940190399735,2.7605622206309686e-05,1.260880248356446e-05,26.941429731471175,50.331147939858226,20.0,1.683480569005663e-05,4.34697569979825e-05,1.2160648511093668e-05,7.246521119913291e-05,0.0,Germany,DEU,baden-wurttemberg,,,Linux-7.0.0-31-generic-x86_64-with-glibc2.43,3.14.4,3.3.0,24,Intel(R) Core(TM) Ultra 9 285K,1,1 x NVIDIA GeForce RTX 5090,9.2986,48.7383,60.816158294677734,machine,0.0,0.0,0.0,0.0,N
rollout_2,2026-09-13T12:24:18,td3_Ant-v5_seed14577,b12b76e9-64f9-497e-827e-200d519e8f69,0.26458234400342917,3.408183651139752e-06,1.2880691709540849e-05,27.14172835940888,53.177311763554734,20.0,2.11345724632217e-06,5.36555984820275e-06,1.4675209055794178e-06,8.94653800010423e-06,0.0,Germany,DEU,baden-wurttemberg,,,Linux-7.0.0-31-generic-x86_64-with-glibc2.43,3.14.4,3.3.0,24,Intel(R) Core(TM) Ultra 9 285K,1,1 x NVIDIA GeForce RTX 5090,9.2986,48.7383,60.816158294677734,machine,0.0,0.0,0.0,0.0,N
gradient_updates_2,2026-09-13T12:24:20,td3_Ant-v5_seed14577,b12b76e9-64f9-497e-827e-200d519e8f69,2.2325526159984292,2.717100640849601e-05,1.2170393897252762e-05,27.147055150870866,55.10410387263572,20.0,1.5195896045601398e-05,4.372725720380721e-05,1.2401184350003137e-05,7.132433759941196e-05,0.0,Germany,DEU,baden-wurttemberg,,,Linux-7.0.0-31-generic-x86_64-with-glibc2.43,3.14.4,3.3.0,24,Intel(R) Core(TM) Ultra 9 285K,1,1 x NVIDIA GeForce RTX 5090,9.2986,48.7383,60.816158294677734,machine,0.0,0.0,0.0,0.0,N
rollout_3,2026-09-13T12:24:20,td3_Ant-v5_seed14577,b12b76e9-64f9-497e-827e-200d519e8f69,0.24596610500157112,3.3124875469345717e-06,1.3466610497874779e-05,27.199028290456084,57.45024731672838,20.0,1.91861959045192e-06,5.401948766081688e-06,1.374765800008209e-06,8.695334156541817e-06,0.0,Germany,DEU,baden-wurttemberg,,,Linux-7.0.0-31-generic-x86_64-with-glibc2.43,3.14.4,3.3.0,24,Intel(R) Core(TM) Ultra 9 285K,1,1 x NVIDIA GeForce RTX 5090,9.2986,48.7383,60.816158294677734,machine,0.0,0.0,0.0,0.0,N
gradient_updates_3,2026-09-13T12:24:23,td3_Ant-v5_seed14577,b12b76e9-64f9-497e-827e-200d519e8f69,2.1808424740011105,2.7551962637735374e-05,1.2633687679920393e-05,27.221859580865974,58.80529661011078,20.0,1.6381756438733908e-05,4.382836839589288e-05,1.2114229116640617e-05,7.232435395126751e-05,0.0,Germany,DEU,baden-wurttemberg,,,Linux-7.0.0-31-generic-x86_64-with-glibc2.43,3.14.4,3.3.0,24,Intel(R) Core(TM) Ultra 9 285K,1,1 x NVIDIA GeForce RTX 5090,9.2986,48.7383,60.816158294677734,machine,0.0,0.0,0.0,0.0,N
rollout_4,2026-09-13T12:24:23,td3_Ant-v5_seed14577,b12b76e9-64f9-497e-827e-200d519e8f69,0.25051204900228186,2.7871136667970836e-06,1.1125697098080385e-05,27.84364146928699,58.09039610749593,20.0,2.4325858349535934e-06,3.49305835012359e-06,1.390574916634575e-06,7.316219101711867e-06,0.0,Germany,DEU,baden-wurttemberg,,,Linux-7.0.0-31-generic-x86_64-with-glibc2.43,3.14.4,3.3.0,24,Intel(R) Core(TM) Ultra 9 285K,1,1 x NVIDIA GeForce RTX 5090,9.2986,48.7383,60.816158294677734,machine,0.0,0.0,0.0,0.0,N
gradient_updates_4,2026-09-13T12:24:25,td3_Ant-v5_seed14577,b12b76e9-64f9-497e-827e-200d519e8f69,2.173316927997803,2.7507154444091596e-05,1.2656800532815386e-05,28.17306672182805,59.20530976768521,20.0,1.6322094446560853e-05,4.381281282794802e-05,1.2071824433304611e-05,7.22067317078137e-05,0.0,Germany,DEU,baden-wurttemberg,,,Linux-7.0.0-31-generic-x86_64-with-glibc2.43,3.14.4,3.3.0,24,Intel(R) Core(TM) Ultra 9 285K,1,1 x NVIDIA GeForce RTX 5090,9.2986,48.7383,60.816158294677734,machine,0.0,0.0,0.0,0.0,N
rollout_5,2026-09-13T12:24:25,td3_Ant-v5_seed14577,b12b76e9-64f9-497e-827e-200d519e8f69,0.2419176250041346,2.7651669584942895e-06,1.142967800576789e-05,28.66265139205265,58.74157416445121,20.0,2.373924121369664e-06,3.5413917220949997e-06,1.3432927888869977e-06,7.258608632351553e-06,0.0,Germany,DEU,baden-wurttemberg,,,Linux-7.0.0-31-generic-x86_64-with-glibc2.43,3.14.4,3.3.0,24,Intel(R) Core(TM) Ultra 9 285K,1,1 x NVIDIA GeForce RTX 5090,9.2986,48.7383,60.816158294677734,machine,0.0,0.0,0.0,0.0,N
gradient_updates_5,2026-09-13T12:24:27,td3_Ant-v5_seed14577,b12b76e9-64f9-497e-827e-200d519e8f69,2.1763786309966235,2.7477038842034984e-05,1.262514690980695e-05,28.91185397650532,59.635109745116814,20.0,1.6427040919399227e-05,4.361114600004434e-05,1.2089490838884036e-05,7.212767775832771e-05,0.0,Germany,DEU,baden-wurttemberg,,,Linux-7.0.0-31-generic-x86_64-with-glibc2.43,3.14.4,3.3.0,24,Intel(R) Core(TM) Ultra 9 285K,1,1 x NVIDIA GeForce RTX 5090,9.2986,48.7383,60.816158294677734,machine,0.0,0.0,0.0,0.0,N
rollout_6,2026-09-13T12:24:28,td3_Ant-v5_seed14577,b12b76e9-64f9-497e-827e-200d519e8f69,0.2290028830029769,2.713951433051592e-06,1.185010112283719e-05,29.22554585712587,59.52089064725216,20.0,2.1772728529337315e-06,3.67555849600798e-06,1.2713356888626208e-06,7.124167037804441e-06,0.0,Germany,DEU,baden-wurttemberg,,,Linux-7.0.0-31-generic-x86_64-with-glibc2.43,3.14.4,3.3.0,24,Intel(R) Core(TM) Ultra 9 285K,1,1 x NVIDIA GeForce RTX 5090,9.2986,48.7383,60.816158294677734,machine,0.0,0.0,0.0,0.0,N
gradient_updates_6,2026-09-13T12:24:30,td3_Ant-v5_seed14577,b12b76e9-64f9-497e-827e-200d519e8f69,2.2142633449984714,2.8010549766532616e-05,1.2650104335176853e-05,29.334806405836613,60.381082658507545,20.0,1.5628905836444218e-05,4.559948092386357e-05,1.2299765927794725e-05,7.35281526881024e-05,0.0,Germany,DEU,baden-wurttemberg,,,Linux-7.0.0-31-generic-x86_64-with-glibc2.43,3.14.4,3.3.0,24,Intel(R) Core(TM) Ultra 9 285K,1,1 x NVIDIA GeForce RTX 5090,9.2986,48.7383,60.816158294677734,machine,0.0,0.0,0.0,0.0,N
rollout_7,2026-09-13T12:24:30,td3_Ant-v5_seed14577,b12b76e9-64f9-497e-827e-200d519e8f69,0.24839207100012572,2.5813618672931643e-06,1.0391925656696161e-05,29.216630866472144,59.85404143878899,20.0,1.8925781807288544e-06,3.5061139160852406e-06,1.3774251555636382e-06,6.776117252377516e-06,0.0,Germany,DEU,baden-wurttemberg,,,Linux-7.0.0-31-generic-x86_64-with-glibc2.43,3.14.4,3.3.0,24,Intel(R) Core(TM) Ultra 9 285K,1,1 x NVIDIA GeForce RTX 5090,9.2986,48.7383,60.816158294677734,machine,0.0,0.0,0.0,0.0,N
gradient_updates_7,2026-09-13T12:24:32,td3_Ant-v5_seed14577,b12b76e9-64f9-497e-827e-200d519e8f69,2.214146960999642,2.73127055551469e-05,1.2335578663269489e-05,29.07879820808293,60.450110170850145,20.0,1.5622853331599684e-05,4.377420168588664e-05,1.2299245166650557e-05,7.169630018413666e-05,0.0,Germany,DEU,baden-wurttemberg,,,Linux-7.0.0-31-generic-x86_64-with-glibc2.43,3.14.4,3.3.0,24,Intel(R) Core(TM) Ultra 9 285K,1,1 x NVIDIA GeForce RTX 5090,9.2986,48.7383,60.816158294677734,machine,0.0,0.0,0.0,0.0,N
rollout_8,2026-09-13T12:24:33,td3_Ant-v5_seed14577,b12b76e9-64f9-497e-827e-200d519e8f69,0.24114896800165297,3.2925618235638086e-06,1.3653405714551845e-05,28.986073576175283,61.483210176705576,20.0,1.846089810207674e-06,5.452782140036305e-06,1.3441568555410538e-06,8.643028805785033e-06,0.0,Germany,DEU,baden-wurttemberg,,,Linux-7.0.0-31-generic-x86_64-with-glibc2.43,3.14.4,3.3.0,24,Intel(R) Core(TM) Ultra 9 285K,1,1 x NVIDIA GeForce RTX 5090,9.2986,48.7383,60.816158294677734,machine,0.0,0.0,0.0,0.0,N
gradient_updates_8,2026-09-13T12:24:35,td3_Ant-v5_seed14577,b12b76e9-64f9-497e-827e-200d519e8f69,2.2065412140000262,2.734648267920263e-05,1.2393411407167094e-05,28.87328856517272,61.9696970109473,20.0,1.5585079412502867e-05,4.3942812931963005e-05,1.225707334447687e-05,7.178496568894252e-05,0.0,Germany,DEU,baden-wurttemberg,,,Linux-7.0.0-31-generic-x86_64-with-glibc2.43,3.14.4,3.3.0,24,Intel(R) Core(TM) Ultra 9 285K,1,1 x NVIDIA GeForce RTX 5090,9.2986,48.7383,60.816158294677734,machine,0.0,0.0,0.0,0.0,N
rollout_9,2026-09-13T12:24:35,td3_Ant-v5_seed14577,b12b76e9-64f9-497e-827e-200d519e8f69,0.23479270900133997,2.7081290232495786e-06,1.1533639289670136e-05,29.116315352695036,61.631127236884254,20.0,2.250921800735217e-06,3.5544472880566502e-06,1.3035140277578832e-06,7.108883116549534e-06,0.0,Germany,DEU,baden-wurttemberg,,,Linux-7.0.0-31-generic-x86_64-with-glibc2.43,3.14.4,3.3.0,24,Intel(R) Core(TM) Ultra 9 285K,1,1 x NVIDIA GeForce RTX 5090,9.2986,48.7383,60.816158294677734,machine,0.0,0.0,0.0,0.0,N
gradient_updates_9,2026-09-13T12:24:37,td3_Ant-v5_seed14577,b12b76e9-64f9-497e-827e-200d519e8f69,2.19516888599901,2.7561399444458903e-05,1.2555518091654567e-05,29.23425980276266,62.06384847342964,20.0,1.650792903967052e-05,4.364697936187767e-05,1.2194217322192128e-05,7.234912572374021e-05,0.0,Germany,DEU,baden-wurttemberg,,,Linux-7.0.0-31-generic-x86_64-with-glibc2.43,3.14.4,3.3.0,24,Intel(R) Core(TM) Ultra 9 285K,1,1 x NVIDIA GeForce RTX 5090,9.2986,48.7383,60.816158294677734,machine,0.0,0.0,0.0,0.0,N
rollout_10,2026-09-13T12:24:37,td3_Ant-v5_seed14577,b12b76e9-64f9-497e-827e-200d519e8f69,0.2430037540034391,3.3293167481249566e-06,1.369976520403177e-05,29.223608100298545,62.82750347666501,20.0,1.9722629666929503e-06,5.419448780186187e-06,1.3477993388935367e-06,8.739511085772457e-06,0.0,Germany,DEU,baden-wurttemberg,,,Linux-7.0.0-31-generic-x86_64-with-glibc2.43,3.14.4,3.3.0,24,Intel(R) Core(TM) Ultra 9 285K,1,1 x NVIDIA GeForce RTX 5090,9.2986,48.7383,60.816158294677734,machine,0.0,0.0,0.0,0.0,N
gradient_updates_10,2026-09-13T12:24:40,td3_Ant-v5_seed14577,b12b76e9-64f9-497e-827e-200d519e8f69,2.2301625780019094,2.7597754122994167e-05,1.2374809223531341e-05,29.168712243652234,63.16795711382332,20.0,1.5870892974480244e-05,4.4186424237979693e-05,1.238724013888305e-05,7.24445573513431e-05,0.0,Germany,DEU,baden-wurttemberg,,,Linux-7.0.0-31-generic-x86_64-with-glibc2.43,3.14.4,3.3.0,24,Intel(R) Core(TM) Ultra 9 285K,1,1 x NVIDIA GeForce RTX 5090,9.2986,48.7383,60.816158294677734,machine,0.0,0.0,0.0,0.0,N
rollout_11,2026-09-13T12:24:40,td3_Ant-v5_seed14577,b12b76e9-64f9-497e-827e-200d519e8f69,0.2516410070020356,3.4207052171453863e-06,1.359406905270485e-05,29.193347038221887,63.757302916947395,20.0,2.100063346714698e-06,5.482782164056843e-06,1.3965618055307785e-06,8.97940731630232e-06,0.0,Germany,DEU,baden-wurttemberg,,,Linux-7.0.0-31-generic-x86_64-with-glibc2.43,3.14.4,3.3.0,24,Intel(R) Core(TM) Ultra 9 285K,1,1 x NVIDIA GeForce RTX 5090,9.2986,48.7383,60.816158294677734,machine,0.0,0.0,0.0,0.0,N
gradient_updates_11,2026-09-13T12:24:42,td3_Ant-v5_seed14577,b12b76e9-64f9-497e-827e-200d519e8f69,2.1980026429955615,2.76897442703422e-05,1.2597699471720431e-05,29.182944819754237,64.0592146160523,20.0,1.657371131451313e-05,4.3902257343964024e-05,1.2210064338877454e-05,7.26860329973546e-05,0.0,Germany,DEU,baden-wurttemberg,,,Linux-7.0.0-31-generic-x86_64-with-glibc2.43,3.14.4,3.3.0,24,Intel(R) Core(TM) Ultra 9 285K,1,1 x NVIDIA GeForce RTX 5090,9.2986,48.7383,60.816158294677734,machine,0.0,0.0,0.0,0.0,N
rollout_12,2026-09-13T12:24:42,td3_Ant-v5_seed14577,b12b76e9-64f9-497e-827e-200d519e8f69,0.2374950580051518,2.7258008524766453e-06,1.1477102467820035e-05,29.39431982326229,63.66755932590831,20.0,2.3356588129685996e-06,3.5011139118967805e-06,1.31849923333603e-06,7.155271958201193e-06,0.0,Germany,DEU,baden-wurttemberg,,,Linux-7.0.0-31-generic-x86_64-with-glibc2.43,3.14.4,3.3.0,24,Intel(R) Core(TM) Ultra 9 285K,1,1 x NVIDIA GeForce RTX 5090,9.2986,48.7383,60.816158294677734,machine,0.0,0.0,0.0,0.0,N
gradient_updates_12,2026-09-13T12:24:45,td3_Ant-v5_seed14577,b12b76e9-64f9-497e-827e-200d519e8f69,2.2026094070024556,2.770502766725677e-05,1.2578298823991624e-05,29.497664670473178,63.95068674716184,20.0,1.651699960248526e-05,4.3973924068074766e-05,1.2235228494440254e-05,7.272615216500017e-05,0.0,Germany,DEU,baden-wurttemberg,,,Linux-7.0.0-31-generic-x86_64-with-glibc2.43,3.14.4,3.3.0,24,Intel(R) Core(TM) Ultra 9 285K,1,1 x NVIDIA GeForce RTX 5090,9.2986,48.7383,60.816158294677734,machine,0.0,0.0,0.0,0.0,N
rollout_13,2026-09-13T12:24:45,td3_Ant-v5_seed14577,b12b76e9-64f9-497e-827e-200d519e8f69,0.2347589089986286,2.763491723118414e-06,1.1771070789307897e-05,29.674478688675723,63.69543178864021,20.0,2.287797108008194e-06,3.6647251540067316e-06,1.3016888499907137e-06,7.254211112005422e-06,0.0,Germany,DEU,baden-wurttemberg,,,Linux-7.0.0-31-generic-x86_64-with-glibc2.43,3.14.4,3.3.0,24,Intel(R) Core(TM) Ultra 9 285K,1,1 x NVIDIA GeForce RTX 5090,9.2986,48.7383,60.816158294677734,machine,0.0,0.0,0.0,0.0,N
gradient_updates_13,2026-09-13T12:24:47,td3_Ant-v5_seed14577,b12b76e9-64f9-497e-827e-200d519e8f69,2.2068587239991757,2.7757077406073737e-05,1.257768748235261e-05,29.75629670599016,63.95745258288944,20.0,1.658339243337803e-05,4.4020868549932146e-05,1.2258522600030975e-05,7.286278358334093e-05,0.0,Germany,DEU,baden-wurttemberg,,,Linux-7.0.0-31-generic-x86_64-with-glibc2.43,3.14.4,3.3.0,24,Intel(R) Core(TM) Ultra 9 285K,1,1 x NVIDIA GeForce RTX 5090,9.2986,48.7383,60.816158294677734,machine,0.0,0.0,0.0,0.0,N
rollout_14,2026-09-13T12:24:47,td3_Ant-v5_seed14577,b12b76e9-64f9-497e-827e-200d519e8f69,0.24457403200358385,3.5164630880475754e-06,1.437684360676237e-05,29.916419201942574,64.48224167396326,20.0,2.3893358003582166e-06,5.4836154981252605e-06,1.3578219999747137e-06,9.230773298458082e-06,0.0,Germany,DEU,baden-wurttemberg,,,Linux-7.0.0-31-generic-x86_64-with-glibc2.43,3.14.4,3.3.0,24,Intel(R) Core(TM) Ultra 9 285K,1,1 x NVIDIA GeForce RTX 5090,9.2986,48.7383,60.816158294677734,machine,0.0,0.0,0.0,0.0,N
gradient_updates_14,2026-09-13T12:24:49,td3_Ant-v5_seed14577,b12b76e9-64f9-497e-827e-200d519e8f69,2.1959188939945307,2.762107408983607e-05,1.2578410166494057e-05,29.982544470089426,64.71787358077223,20.0,1.620851824458286e-05,4.409336860788926e-05,1.2203885794426434e-05,7.250577264689877e-05,0.0,Germany,DEU,baden-wurttemberg,,,Linux-7.0.0-31-generic-x86_64-with-glibc2.43,3.14.4,3.3.0,24,Intel(R) Core(TM) Ultra 9 285K,1,1 x NVIDIA GeForce RTX 5090,9.2986,48.7383,60.816158294677734,machine,0.0,0.0,0.0,0.0,N
rollout_15,2026-09-13T12:24:50,td3_Ant-v5_seed14577,b12b76e9-64f9-497e-827e-200d519e8f69,0.24259851700480795,2.5925250531507425e-06,1.0686352161302797e-05,29.902695365849763,64.3686119932823,20.0,1.8654514923610588e-06,3.5838917560315764e-06,1.356077550008182e-06,6.805420798400817e-06,0.0,Germany,DEU,baden-wurttemberg,,,Linux-7.0.0-31-generic-x86_64-with-glibc2.43,3.14.4,3.3.0,24,Intel(R) Core(TM) Ultra 9 285K,1,1 x NVIDIA GeForce RTX 5090,9.2986,48.7383,60.816158294677734,machine,0.0,0.0,0.0,0.0,N
gradient_updates_15,2026-09-13T12:24:52,td3_Ant-v5_seed14577,b12b76e9-64f9-497e-827e-200d519e8f69,2.1855971469994984,2.754771105072779e-05,1.2604234666806435e-05,29.822204032903887,64.59729493623881,20.0,1.623761187897338e-05,4.393475736996777e-05,1.2140824216678309e-05,7.231319346561946e-05,0.0,Germany,DEU,baden-wurttemberg,,,Linux-7.0.0-31-generic-x86_64-with-glibc2.43,3.14.4,3.3.0,24,Intel(R) Core(TM) Ultra 9 285K,1,1 x NVIDIA GeForce RTX 5090,9.2986,48.7383,60.816158294677734,machine,0.0,0.0,0.0,0.0,N
rollout_16,2026-09-13T12:24:52,td3_Ant-v5_seed14577,b12b76e9-64f9-497e-827e-200d519e8f69,0.2417398119941936,3.4965530003887215e-06,1.4463983707868178e-05,29.963626508117457,65.06823684984593,20.0,2.363904391122773e-06,5.472782156124012e-06,1.3418224444548517e-06,9.178508991701528e-06,0.0,Germany,DEU,baden-wurttemberg,,,Linux-7.0.0-31-generic-x86_64-with-glibc2.43,3.14.4,3.3.0,24,Intel(R) Core(TM) Ultra 9 285K,1,1 x NVIDIA GeForce RTX 5090,9.2986,48.7383,60.816158294677734,machine,0.0,0.0,0.0,0.0,N
gradient_updates_16,2026-09-13T12:24:54,td3_Ant-v5_seed14577,b12b76e9-64f9-497e-827e-200d519e8f69,2.1947828060001484,2.7626874409214085e-05,1.2587552836165027e-05,30.022581216893347,65.26469744958516,20.0,1.6235594099564543e-05,4.409447971975844e-05,1.2190924761105396e-05,7.252099858042838e-05,0.0,Germany,DEU,baden-wurttemberg,,,Linux-7.0.0-31-generic-x86_64-with-glibc2.43,3.14.4,3.3.0,24,Intel(R) Core(TM) Ultra 9 285K,1,1 x NVIDIA GeForce RTX 5090,9.2986,48.7383,60.816158294677734,machine,0.0,0.0,0.0,0.0,N
rollout_17,2026-09-13T12:24:55,td3_Ant-v5_seed14577,b12b76e9-64f9-497e-827e-200d519e8f69,0.2394496469933074,2.7697247815168264e-06,1.1566507793781288e-05,30.17869473421997,64.94535901121787,20.0,2.411715262704006e-06,3.5302806020709454e-06,1.3285771277878186e-06,7.2705729925628786e-06,0.0,Germany,DEU,baden-wurttemberg,,,Linux-7.0.0-31-generic-x86_64-with-glibc2.43,3.14.4,3.3.0,24,Intel(R) Core(TM) Ultra 9 285K,1,1 x NVIDIA GeForce RTX 5090,9.2986,48.7383,60.816158294677734,machine,0.0,0.0,0.0,0.0,N
gradient_updates_17,2026-09-13T12:24:57,td3_Ant-v5_seed14577,b12b76e9-64f9-497e-827e-200d519e8f69,2.193666997998662,2.762687466788586e-05,1.2593982854916582e-05,30.247456153403448,65.13359229350255,20.0,1.6272435517938888e-05,4.405892413594792e-05,1.218963960555907e-05,7.252099925944598e-05,0.0,Germany,DEU,baden-wurttemberg,,,Linux-7.0.0-31-generic-x86_64-with-glibc2.43,3.14.4,3.3.0,24,Intel(R) Core(TM) Ultra 9 285K,1,1 x NVIDIA GeForce RTX 5090,9.2986,48.7383,60.816158294677734,machine,0.0,0.0,0.0,0.0,N
rollout_18,2026-09-13T12:24:57,td3_Ant-v5_seed14577,b12b76e9-64f9-497e-827e-200d519e8f69,0.235869249998359,2.7614185511713654e-06,1.1706572501467448e-05,30.359180597944533,64.89721990373178,20.0,2.2937140571957504e-06,3.645836250010248e-06,1.30921869442521e-06,7.2487690016311e-06,0.0,Germany,DEU,baden-wurttemberg,,,Linux-7.0.0-31-generic-x86_64-with-glibc2.43,3.14.4,3.3.0,24,Intel(R) Core(TM) Ultra 9 285K,1,1 x NVIDIA GeForce RTX 5090,9.2986,48.7383,60.816158294677734,machine,0.0,0.0,0.0,0.0,N
gradient_updates_18,2026-09-13T12:24:59,td3_Ant-v5_seed14577,b12b76e9-64f9-497e-827e-200d519e8f69,2.205048531999637,2.7568090894129413e-05,1.2502341644673348e-05,30.398382434895723,65.06232650227889,20.0,1.622550631372177e-05,4.3892535114054e-05,1.224864946113176e-05,7.236669088890764e-05,0.0,Germany,DEU,baden-wurttemberg,,,Linux-7.0.0-31-generic-x86_64-with-glibc2.43,3.14.4,3.3.0,24,Intel(R) Core(TM) Ultra 9 285K,1,1 x NVIDIA GeForce RTX 5090,9.2986,48.7383,60.816158294677734,machine,0.0,0.0,0.0,0.0,N
rollout_19,2026-09-13T12:24:59,td3_Ant-v5_seed14577,b12b76e9-64f9-497e-827e-200d519e8f69,0.23445865299436264,2.7193942701625104e-06,1.1598165884982347e-05,30.498139615125037,64.80181185003647,20.0,2.285270717106158e-06,3.5438917240782075e-06,1.3092921333332681e-06,7.138454574517634e-06,0.0,Germany,DEU,baden-wurttemberg,,,Linux-7.0.0-31-generic-x86_64-with-glibc2.43,3.14.4,3.3.0,24,Intel(R) Core(TM) Ultra 9 285K,1,1 x NVIDIA GeForce RTX 5090,9.2986,48.7383,60.816158294677734,machine,0.0,0.0,0.0,0.0,N
gradient_updates_19,2026-09-13T12:25:02,td3_Ant-v5_seed14577,b12b76e9-64f9-497e-827e-200d519e8f69,2.216139916003158,2.7737649244310124e-05,1.2516228506180383e-05,30.531626557630933,64.96051241802125,20.0,1.641283340803046e-05,4.408864638194565e-05,1.2310304549990013e-05,7.281178433996612e-05,0.0,Germany,DEU,baden-wurttemberg,,,Linux-7.0.0-31-generic-x86_64-with-glibc2.43,3.14.4,3.3.0,24,Intel(R) Core(TM) Ultra 9 285K,1,1 x NVIDIA GeForce RTX 5090,9.2986,48.7383,60.816158294677734,machine,0.0,0.0,0.0,0.0,N
rollout_20,2026-09-13T12:25:02,td3_Ant-v5_seed14577,b12b76e9-64f9-497e-827e-200d519e8f69,0.2474881469970569,3.5367446531030158e-06,1.4289970401060958e-05,30.644509705172005,65.2870426138072,20.0,2.4607466908091458e-06,5.449726582007486e-06,1.3735394666582364e-06,9.284012739474868e-06,0.0,Germany,DEU,baden-wurttemberg,,,Linux-7.0.0-31-generic-x86_64-with-glibc2.43,3.14.4,3.3.0,24,Intel(R) Core(TM) Ultra 9 285K,1,1 x NVIDIA GeForce RTX 5090,9.2986,48.7383,60.816158294677734,machine,0.0,0.0,0.0,0.0,N
gradient_updates_20,2026-09-13T12:25:04,td3_Ant-v5_seed14577,b12b76e9-64f9-497e-827e-200d519e8f69,2.080031985002279,2.56798555939347e-05,1.2345936464820256e-05,30.681858781191597,65.40701481756575,20.0,1.5024404519510537e-05,4.083281044398035e-05,1.1552827283352026e-05,6.74100422468427e-05,0.0,Germany,DEU,baden-wurttemberg,,,Linux-7.0.0-31-generic-x86_64-with-glibc2.43,3.14.4,3.3.0,24,Intel(R) Core(TM) Ultra 9 285K,1,1 x NVIDIA GeForce RTX 5090,9.2986,48.7383,60.816158294677734,machine,0.0,0.0,0.0,0.0,N
rollout_21,2026-09-13T12:25:04,td3_Ant-v5_seed14577,b12b76e9-64f9-497e-827e-200d519e8f69,0.24927545100217685,3.446126665773621e-06,1.3825271915168324e-05,30.648456325299588,65.75391483190322,20.0,2.0341455162081745e-06,5.628893392062295e-06,1.3831001277543782e-06,9.046139036024848e-06,0.0,Germany,DEU,baden-wurttemberg,,,Linux-7.0.0-31-generic-x86_64-with-glibc2.43,3.14.4,3.3.0,24,Intel(R) Core(TM) Ultra 9 285K,1,1 x NVIDIA GeForce RTX 5090,9.2986,48.7383,60.816158294677734,machine,0.0,0.0,0.0,0.0,N
gradient_updates_21,2026-09-13T12:25:06,td3_Ant-v5_seed14577,b12b76e9-64f9-497e-827e-200d519e8f69,1.9400550530044711,2.399135904159323e-05,1.2366337453641505e-05,30.569220414171866,65.89118663729607,20.0,1.3328596773977408e-05,3.888030888199445e-05,1.0768805438904892e-05,6.297771109487664e-05,0.0,Germany,DEU,baden-wurttemberg,,,Linux-7.0.0-31-generic-x86_64-with-glibc2.43,3.14.4,3.3.0,24,Intel(R) Core(TM) Ultra 9 285K,1,1 x NVIDIA GeForce RTX 5090,9.2986,48.7383,60.816158294677734,machine,0.0,0.0,0.0,0.0,N
rollout_22,2026-09-13T12:25:06,td3_Ant-v5_seed14577,b12b76e9-64f9-497e-827e-200d519e8f69,0.2418094650056446,3.340317017761765e-06,1.381237087731952e-05,30.51504200194447,66.23466416311554,20.0,1.8944262377557086e-06,5.5313933140510585e-06,1.342567422236464e-06,8.768386974043231e-06,0.0,Germany,DEU,baden-wurttemberg,,,Linux-7.0.0-31-generic-x86_64-with-glibc2.43,3.14.4,3.3.0,24,Intel(R) Core(TM) Ultra 9 285K,1,1 x NVIDIA GeForce RTX 5090,9.2986,48.7383,60.816158294677734,machine,0.0,0.0,0.0,0.0,N
gradient_updates_22,2026-09-13T12:25:08,td3_Ant-v5_seed14577,b12b76e9-64f9-497e-827e-200d519e8f69,1.8892426550009986,2.4574874194871737e-05,1.300788522023711e-05,30.468834138439604,66.40075225633672,20.0,1.4989818102953412e-05,3.902558677593149e-05,1.0494043066703197e-05,6.45094479455881e-05,0.0,Germany,DEU,baden-wurttemberg,,,Linux-7.0.0-31-generic-x86_64-with-glibc2.43,3.14.4,3.3.0,24,Intel(R) Core(TM) Ultra 9 285K,1,1 x NVIDIA GeForce RTX 5090,9.2986,48.7383,60.816158294677734,machine,0.0,0.0,0.0,0.0,N
rollout_23,2026-09-13T12:25:09,td3_Ant-v5_seed14577,b12b76e9-64f9-497e-827e-200d519e8f69,0.23410848800267559,2.7864331012242196e-06,1.190236823906623e-05,30.60858295134331,66.1543347987854,20.0,2.471461699397881e-06,3.5358361620829726e-06,1.3071347444363994e-06,7.314432605917253e-06,0.0,Germany,DEU,baden-wurttemberg,,,Linux-7.0.0-31-generic-x86_64-with-glibc2.43,3.14.4,3.3.0,24,Intel(R) Core(TM) Ultra 9 285K,1,1 x NVIDIA GeForce RTX 5090,9.2986,48.7383,60.816158294677734,machine,0.0,0.0,0.0,0.0,N
gradient_updates_23,2026-09-13T12:25:10,td3_Ant-v5_seed14577,b12b76e9-64f9-497e-827e-200d519e8f69,1.8944522500023595,2.4640952994029646e-05,1.3006921404581775e-05,30.65789818708658,66.3102034226439,20.0,1.5166717966696996e-05,3.8992808971904935e-05,1.0523378938887668e-05,6.468290587748971e-05,0.0,Germany,DEU,baden-wurttemberg,,,Linux-7.0.0-31-generic-x86_64-with-glibc2.43,3.14.4,3.3.0,24,Intel(R) Core(TM) Ultra 9 285K,1,1 x NVIDIA GeForce RTX 5090,9.2986,48.7383,60.816158294677734,machine,0.0,0.0,0.0,0.0,N
rollout_24,2026-09-13T12:25:11,td3_Ant-v5_seed14577,b12b76e9-64f9-497e-827e-200d519e8f69,0.23775231900071958,2.8232258555674263e-06,1.1873959476558508e-05,30.760519426117185,66.11103276136991,20.0,2.3974738624227276e-06,3.6936140661580907e-06,1.3199262611225497e-06,7.411014189703368e-06,0.0,Germany,DEU,baden-wurttemberg,,,Linux-7.0.0-31-generic-x86_64-with-glibc2.43,3.14.4,3.3.0,24,Intel(R) Core(TM) Ultra 9 285K,1,1 x NVIDIA GeForce RTX 5090,9.2986,48.7383,60.816158294677734,machine,0.0,0.0,0.0,0.0,N
gradient_updates_24,2026-09-13T12:25:13,td3_Ant-v5_seed14577,b12b76e9-64f9-497e-827e-200d519e8f69,1.9064430369980983,2.5366387166159132e-05,1.3305654500701581e-05,30.789554994057614,66.31866367471224,20.0,1.5163784908796274e-05,4.083364377782672e-05,1.0589753794435375e-05,6.658718248105837e-05,0.0,Germany,DEU,baden-wurttemberg,,,Linux-7.0.0-31-generic-x86_64-with-glibc2.43,3.14.4,3.3.0,24,Intel(R) Core(TM) Ultra 9 285K,1,1 x NVIDIA GeForce RTX 5090,9.2986,48.7383,60.816158294677734,machine,0.0,0.0,0.0,0.0,N
rollout_25,2026-09-13T12:25:13,td3_Ant-v5_seed14577,b12b76e9-64f9-497e-827e-200d519e8f69,0.23989745799917728,2.7798504883022428e-06,1.1587552371863836e-05,30.88924508739489,66.07303592861648,20.0,2.431059722626805e-06,3.5341694941681823e-06,1.331923922205376e-06,7.2971531390004715e-06,0.0,Germany,DEU,baden-wurttemberg,,,Linux-7.0.0-31-generic-x86_64-with-glibc2.43,3.14.4,3.3.0,24,Intel(R) Core(TM) Ultra 9 285K,1,1 x NVIDIA GeForce RTX 5090,9.2986,48.7383,60.816158294677734,machine,0.0,0.0,0.0,0.0,N
gradient_updates_25,2026-09-13T12:25:15,td3_Ant-v5_seed14577,b12b76e9-64f9-497e-827e-200d519e8f69,1.9035263170007966,2.4691817727939477e-05,1.297165940471127e-05,30.91615780647059,66.21710254397905,20.0,1.5120246540628601e-05,3.912253129789711e-05,1.0573648799981996e-05,6.48164266385076e-05,0.0,Germany,DEU,baden-wurttemberg,,,Linux-7.0.0-31-generic-x86_64-with-glibc2.43,3.14.4,3.3.0,24,Intel(R) Core(TM) Ultra 9 285K,1,1 x NVIDIA GeForce RTX 5090,9.2986,48.7383,60.816158294677734,machine,0.0,0.0,0.0,0.0,N
rollout_26,2026-09-13T12:25:15,td3_Ant-v5_seed14577,b12b76e9-64f9-497e-827e-200d519e8f69,0.2397705629991833,2.8365452758292477e-06,1.182912357415162e-05,31.008118016647476,66.02511784340079,20.0,2.4223791601218903e-06,3.6925029540668675e-06,1.3310957722246011e-06,7.445977886413359e-06,0.0,Germany,DEU,baden-wurttemberg,,,Linux-7.0.0-31-generic-x86_64-with-glibc2.43,3.14.4,3.3.0,24,Intel(R) Core(TM) Ultra 9 285K,1,1 x NVIDIA GeForce RTX 5090,9.2986,48.7383,60.816158294677734,machine,0.0,0.0,0.0,0.0,N
gradient_updates_26,2026-09-13T12:25:17,td3_Ant-v5_seed14577,b12b76e9-64f9-497e-827e-200d519e8f69,1.907014160999097,2.5318708536474803e-05,1.3276673210364677e-05,31.0257770923153,66.22627018930056,20.0,1.4828176862539955e-05,4.104169950003289e-05,1.0592148933331728e-05,6.646202529590447e-05,0.0,Germany,DEU,baden-wurttemberg,,,Linux-7.0.0-31-generic-x86_64-with-glibc2.43,3.14.4,3.3.0,24,Intel(R) Core(TM) Ultra 9 285K,1,1 x NVIDIA GeForce RTX 5090,9.2986,48.7383,60.816158294677734,machine,0.0,0.0,0.0,0.0,N
rollout_27,2026-09-13T12:25:17,td3_Ant-v5_seed14577,b12b76e9-64f9-497e-827e-200d519e8f69,0.233947425003862,2.72533543245251e-06,1.1649242381888848e-05,31.095966832416547,66.02797835080017,20.0,2.3005804515724426e-06,3.5547250658574114e-06,1.2987447055720028e-06,7.15405022300164e-06,0.0,Germany,DEU,baden-wurttemberg,,,Linux-7.0.0-31-generic-x86_64-with-glibc2.43,3.14.4,3.3.0,24,Intel(R) Core(TM) Ultra 9 285K,1,1 x NVIDIA GeForce RTX 5090,9.2986,48.7383,60.816158294677734,machine,0.0,0.0,0.0,0.0,N
gradient_updates_27,2026-09-13T12:25:19,td3_Ant-v5_seed14577,b12b76e9-64f9-497e-827e-200d519e8f69,1.9227034300056403,2.4489933272120326e-05,1.2737310582510922e-05,31.098627847065423,66.14388814136393,20.0,1.4662822841349232e-05,3.89369755939839e-05,1.0686678194461946e-05,6.428647662979486e-05,0.0,Germany,DEU,baden-wurttemberg,,,Linux-7.0.0-31-generic-x86_64-with-glibc2.43,3.14.4,3.3.0,24,Intel(R) Core(TM) Ultra 9 285K,1,1 x NVIDIA GeForce RTX 5090,9.2986,48.7383,60.816158294677734,machine,0.0,0.0,0.0,0.0,N
rollout_28,2026-09-13T12:25:19,td3_Ant-v5_seed14577,b12b76e9-64f9-497e-827e-200d519e8f69,0.23494784200011054,3.4815397287229263e-06,1.4818185592408666e-05,31.162100062326733,66.45723084159131,20.0,2.297477671317494e-06,5.538059985932264e-06,1.3035612500163218e-06,9.13909890726608e-06,0.0,Germany,DEU,baden-wurttemberg,,,Linux-7.0.0-31-generic-x86_64-with-glibc2.43,3.14.4,3.3.0,24,Intel(R) Core(TM) Ultra 9 285K,1,1 x NVIDIA GeForce RTX 5090,9.2986,48.7383,60.816158294677734,machine,0.0,0.0,0.0,0.0,N
gradient_updates_28,2026-09-13T12:25:21,td3_Ant-v5_seed14577,b12b76e9-64f9-497e-827e-200d519e8f69,1.9058180659994832,2.4191299650203535e-05,1.2693451436559914e-05,31.14889566594658,66.58305783492335,20.0,1.367588594070046e-05,3.9241420282110084e-05,1.0585252249964319e-05,6.350255847277497e-05,0.0,Germany,DEU,baden-wurttemberg,,,Linux-7.0.0-31-generic-x86_64-with-glibc2.43,3.14.4,3.3.0,24,Intel(R) Core(TM) Ultra 9 285K,1,1 x NVIDIA GeForce RTX 5090,9.2986,48.7383,60.816158294677734,machine,0.0,0.0,0.0,0.0,N
rollout_29,2026-09-13T12:25:21,td3_Ant-v5_seed14577,b12b76e9-64f9-497e-827e-200d519e8f69,0.24514170999464113,2.5918017307171096e-06,1.0572405558021163e-05,31.09572005266286,66.34562842715286,20.0,1.9121943075350867e-06,3.5302806020709454e-06,1.3610471555390927e-06,6.803522065145125e-06,0.0,Germany,DEU,baden-wurttemberg,,,Linux-7.0.0-31-generic-x86_64-with-glibc2.43,3.14.4,3.3.0,24,Intel(R) Core(TM) Ultra 9 285K,1,1 x NVIDIA GeForce RTX 5090,9.2986,48.7383,60.816158294677734,machine,0.0,0.0,0.0,0.0,N
gradient_updates_29,2026-09-13T12:25:23,td3_Ant-v5_seed14577,b12b76e9-64f9-497e-827e-200d519e8f69,1.9113241849991027,2.4508071640282156e-05,1.2822595661491166e-05,31.04289991456632,66.45702754055743,20.0,1.4726621225737146e-05,3.898114229583527e-05,1.0626326622231231e-05,6.433409014380397e-05,0.0,Germany,DEU,baden-wurttemberg,,,Linux-7.0.0-31-generic-x86_64-with-glibc2.43,3.14.4,3.3.0,24,Intel(R) Core(TM) Ultra 9 285K,1,1 x NVIDIA GeForce RTX 5090,9.2986,48.7383,60.816158294677734,machine,0.0,0.0,0.0,0.0,N
rollout_30,2026-09-13T12:25:24,td3_Ant-v5_seed14577,b12b76e9-64f9-497e-827e-200d519e8f69,0.24629536899738014,3.596037393613187e-06,1.459960286360576e-05,31.12421965211066,66.69725908860293,20.0,2.4997753331548744e-06,5.57722668403926e-06,1.362655138897645e-06,9.439657156091671e-06,0.0,Germany,DEU,baden-wurttemberg,,,Linux-7.0.0-31-generic-x86_64-with-glibc2.43,3.14.4,3.3.0,24,Intel(R) Core(TM) Ultra 9 285K,1,1 x NVIDIA GeForce RTX 5090,9.2986,48.7383,60.816158294677734,machine,0.0,0.0,0.0,0.0,N
gradient_updates_30,2026-09-13T12:25:26,td3_Ant-v5_seed14577,b12b76e9-64f9-497e-827e-200d519e8f69,2.1021104130049935,2.6652292972032974e-05,1.2678860953174409e-05,31.150793185940426,66.80573591858632,20.0,1.5231228851643464e-05,4.305559000017389e-05,1.1675887466683203e-05,6.996270631850088e-05,0.0,Germany,DEU,baden-wurttemberg,,,Linux-7.0.0-31-generic-x86_64-with-glibc2.43,3.14.4,3.3.0,24,Intel(R) Core(TM) Ultra 9 285K,1,1 x NVIDIA GeForce RTX 5090,9.2986,48.7383,60.816158294677734,machine,0.0,0.0,0.0,0.0,N
rollout_31,2026-09-13T12:25:26,td3_Ant-v5_seed14577,b12b76e9-64f9-497e-827e-200d519e8f69,0.2506849639976281,2.9116634449196342e-06,1.1615307827313769e-05,31.23406839800669,66.59488138970222,20.0,2.572067890990737e-06,3.680002943928784e-06,1.3910934777717479e-06,7.643164312690943e-06,0.0,Germany,DEU,baden-wurttemberg,,,Linux-7.0.0-31-generic-x86_64-with-glibc2.43,3.14.4,3.3.0,24,Intel(R) Core(TM) Ultra 9 285K,1,1 x NVIDIA GeForce RTX 5090,9.2986,48.7383,60.816158294677734,machine,0.0,0.0,0.0,0.0,N
gradient_updates_31,2026-09-13T12:25:28,td3_Ant-v5_seed14577,b12b76e9-64f9-497e-827e-200d519e8f69,2.2052620719987317,2.7729145321795387e-05,1.257413267904799e-05,31.264902936019553,66.67861958499044,20.0,1.6312939161447493e-05,4.422670204795587e-05,1.2249820194443163e-05,7.278946140384674e-05,0.0,Germany,DEU,baden-wurttemberg,,,Linux-7.0.0-31-generic-x86_64-with-glibc2.43,3.14.4,3.3.0,24,Intel(R) Core(TM) Ultra 9 285K,1,1 x NVIDIA GeForce RTX 5090,9.2986,48.7383,60.816158294677734,machine,0.0,0.0,0.0,0.0,N
rollout_32,2026-09-13T12:25:28,td3_Ant-v5_seed14577,b12b76e9-64f9-497e-827e-200d519e8f69,0.24184693599818274,3.523025653670662e-06,1.4567067623116441e-05,31.318558372165143,66.91148243399807,20.0,2.364836891873001e-06,5.540559987915472e-06,1.3426032610975311e-06,9.24800014088633e-06,0.0,Germany,DEU,baden-wurttemberg,,,Linux-7.0.0-31-generic-x86_64-with-glibc2.43,3.14.4,3.3.0,24,Intel(R) Core(TM) Ultra 9 285K,1,1 x NVIDIA GeForce RTX 5090,9.2986,48.7383,60.816158294677734,machine,0.0,0.0,0.0,0.0,N
gradient_updates_32,2026-09-13T12:25:31,td3_Ant-v5_seed14577,b12b76e9-64f9-497e-827e-200d519e8f69,2.1887238369963598,2.7692239963978326e-05,1.2652277755578017e-05,31.329850285910783,67.00105621453311,20.0,1.6105403162089416e-05,4.443031332201919e-05,1.2156867749985836e-05,7.269258423409433e-05,0.0,Germany,DEU,baden-wurttemberg,,,Linux-7.0.0-31-generic-x86_64-with-glibc2.43,3.14.4,3.3.0,24,Intel(R) Core(TM) Ultra 9 285K,1,1 x NVIDIA GeForce RTX 5090,9.2986,48.7383,60.816158294677734,machine,0.0,0.0,0.0,0.0,N
rollout_33,2026-09-13T12:25:31,td3_Ant-v5_seed14577,b12b76e9-64f9-497e-827e-200d519e8f69,0.2395996830018703,2.7642205527903755e-06,1.1536314458592564e-05,31.374026406071398,66.82011868000164,20.0,2.310431015006831e-06,3.6152806701661433e-06,1.3304126166783625e-06,7.256124301851553e-06,0.0,Germany,DEU,baden-wurttemberg,,,Linux-7.0.0-31-generic-x86_64-with-glibc2.43,3.14.4,3.3.0,24,Intel(R) Core(TM) Ultra 9 285K,1,1 x NVIDIA GeForce RTX 5090,9.2986,48.7383,60.816158294677734,machine,0.0,0.0,0.0,0.0,N
gradient_updates_33,2026-09-13T12:25:33,td3_Ant-v5_seed14577,b12b76e9-64f9-497e-827e-200d519e8f69,2.204322407997097,2.7729352092608532e-05,1.2579628392812128e-05,31.379254957749367,66.89973099817189,20.0,1.617406738368271e-05,4.437142438584729e-05,1.224451241109317e-05,7.279000418062339e-05,0.0,Germany,DEU,baden-wurttemberg,,,Linux-7.0.0-31-generic-x86_64-with-glibc2.43,3.14.4,3.3.0,24,Intel(R) Core(TM) Ultra 9 285K,1,1 x NVIDIA GeForce RTX 5090,9.2986,48.7383,60.816158294677734,machine,0.0,0.0,0.0,0.0,N
rollout_34,2026-09-13T12:25:33,td3_Ant-v5_seed14577,b12b76e9-64f9-497e-827e-200d519e8f69,0.2463690449949354,3.302970390455873e-06,1.3405459507374303e-05,31.306301117637688,67.08752603422627,20.0,1.8025514420400013e-06,5.500282178161342e-06,1.3675178444424053e-06,8.670351464643532e-06,0.0,Germany,DEU,baden-wurttemberg,,,Linux-7.0.0-31-generic-x86_64-with-glibc2.43,3.14.4,3.3.0,24,Intel(R) Core(TM) Ultra 9 285K,1,1 x NVIDIA GeForce RTX 5090,9.2986,48.7383,60.816158294677734,machine,0.0,0.0,0.0,0.0,N
gradient_updates_34,2026-09-13T12:25:36,td3_Ant-v5_seed14577,b12b76e9-64f9-497e-827e-200d519e8f69,2.1992038220050745,2.7849091759236423e-05,1.2663294004227336e-05,31.237862787277102,67.16870999033964,20.0,1.6312311938729285e-05,4.4580868997945444e-05,1.221114183333873e-05,7.310432277001302e-05,0.0,Germany,DEU,baden-wurttemberg,,,Linux-7.0.0-31-generic-x86_64-with-glibc2.43,3.14.4,3.3.0,24,Intel(R) Core(TM) Ultra 9 285K,1,1 x NVIDIA GeForce RTX 5090,9.2986,48.7383,60.816158294677734,machine,0.0,0.0,0.0,0.0,N
rollout_35,2026-09-13T12:25:36,td3_Ant-v5_seed14577,b12b76e9-64f9-497e-827e-200d519e8f69,0.24190237300354056,2.7979225958893548e-06,1.1565901040433004e-05,31.289495816542235,66.99055483675387,20.0,2.3754671781561765e-06,3.6261140119453472e-06,1.343011527812129e-06,7.344592717914086e-06,0.0,Germany,DEU,baden-wurttemberg,,,Linux-7.0.0-31-generic-x86_64-with-glibc2.43,3.14.4,3.3.0,24,Intel(R) Core(TM) Ultra 9 285K,1,1 x NVIDIA GeForce RTX 5090,9.2986,48.7383,60.816158294677734,machine,0.0,0.0,0.0,0.0,N
gradient_updates_35,2026-09-13T12:25:38,td3_Ant-v5_seed14577,b12b76e9-64f9-497e-827e-200d519e8f69,2.2438526969999657,2.8082887709624362e-05,1.2515509986602026e-05,31.290879242554947,67.08668043388877,20.0,1.5010976730997494e-05,4.624309255008008e-05,1.2463971694443108e-05,7.371804097552025e-05,0.0,Germany,DEU,baden-wurttemberg,,,Linux-7.0.0-31-generic-x86_64-with-glibc2.43,3.14.4,3.3.0,24,Intel(R) Core(TM) Ultra 9 285K,1,1 x NVIDIA GeForce RTX 5090,9.2986,48.7383,60.816158294677734,machine,0.0,0.0,0.0,0.0,N
rollout_36,2026-09-13T12:25:38,td3_Ant-v5_seed14577,b12b76e9-64f9-497e-827e-200d519e8f69,0.25273165800172137,2.638290145993722e-06,1.0439038551144659e-05,31.244527816643636,66.87112471251804,20.0,1.9647690718202493e-06,3.557780623886231e-06,1.4030052222450268e-06,6.925554917951507e-06,0.0,Germany,DEU,baden-wurttemberg,,,Linux-7.0.0-31-generic-x86_64-with-glibc2.43,3.14.4,3.3.0,24,Intel(R) Core(TM) Ultra 9 285K,1,1 x NVIDIA GeForce RTX 5090,9.2986,48.7383,60.816158294677734,machine,0.0,0.0,0.0,0.0,N
gradient_updates_36,2026-09-13T12:25:41,td3_Ant-v5_seed14577,b12b76e9-64f9-497e-827e-200d519e8f69,2.2054752500043833,2.7725275733905255e-05,1.2571136963178e-05,31.193781102667042,66.94169292808165,20.0,1.623420409846421e-05,4.4293646545900955e-05,1.2251453027783922e-05,7.27793036721493e-05,0.0,Germany,DEU,baden-wurttemberg,,,Linux-7.0.0-31-generic-x86_64-with-glibc2.43,3.14.4,3.3.0,24,Intel(R) Core(TM) Ultra 9 285K,1,1 x NVIDIA GeForce RTX 5090,9.2986,48.7383,60.816158294677734,machine,0.0,0.0,0.0,0.0,N
rollout_37,2026-09-13T12:25:41,td3_Ant-v5_seed14577,b12b76e9-64f9-497e-827e-200d519e8f69,0.2392419890020392,3.4974200644468604e-06,1.4618033932111234e-05,31.242513212383884,67.14645126165887,20.0,2.345458265252953e-06,5.507226628287398e-06,1.328100155539337e-06,9.180785049079689e-06,0.0,Germany,DEU,baden-wurttemberg,,,Linux-7.0.0-31-generic-x86_64-with-glibc2.43,3.14.4,3.3.0,24,Intel(R) Core(TM) Ultra 9 285K,1,1 x NVIDIA GeForce RTX 5090,9.2986,48.7383,60.816158294677734,machine,0.0,0.0,0.0,0.0,N
gradient_updates_37,2026-09-13T12:25:43,td3_Ant-v5_seed14577,b12b76e9-64f9-497e-827e-200d519e8f69,2.204561308004486,2.776677152634176e-05,1.2595234035064705e-05,31.253851562693576,67.21532172862786,20.0,1.619626045699929e-05,4.444614666776481e-05,1.224582368332546e-05,7.288823080808977e-05,0.0,Germany,DEU,baden-wurttemberg,,,Linux-7.0.0-31-generic-x86_64-with-glibc2.43,3.14.4,3.3.0,24,Intel(R) Core(TM) Ultra 9 285K,1,1 x NVIDIA GeForce RTX 5090,9.2986,48.7383,60.816158294677734,machine,0.0,0.0,0.0,0.0,N
rollout_38,2026-09-13T12:25:43,td3_Ant-v5_seed14577,b12b76e9-64f9-497e-827e-200d519e8f69,0.24466850599856116,2.8251416197147897e-06,1.1545806710236652e-05,31.307241324752244,67.04195671887018,20.0,2.43426416963316e-06,3.623614010184184e-06,1.358164922203196e-06,7.416043102020757e-06,0.0,Germany,DEU,baden-wurttemberg,,,Linux-7.0.0-31-generic-x86_64-with-glibc2.43,3.14.4,3.3.0,24,Intel(R) Core(TM) Ultra 9 285K,1,1 x NVIDIA GeForce RTX 5090,9.2986,48.7383,60.816158294677734,machine,0.0,0.0,0.0,0.0,N
gradient_updates_38,2026-09-13T12:25:45,td3_Ant-v5_seed14577,b12b76e9-64f9-497e-827e-200d519e8f69,2.215504025996779,2.782083086824683e-05,1.2557370730222529e-05,31.322284235295268,67.10472325374117,20.0,1.6339709738417973e-05,4.438364661796257e-05,1.230678111112664e-05,7.303013746750697e-05,0.0,Germany,DEU,baden-wurttemberg,,,Linux-7.0.0-31-generic-x86_64-with-glibc2.43,3.14.4,3.3.0,24,Intel(R) Core(TM) Ultra 9 285K,1,1 x NVIDIA GeForce RTX 5090,9.2986,48.7383,60.816158294677734,machine,0.0,0.0,0.0,0.0,N
rollout_39,2026-09-13T12:25:46,td3_Ant-v5_seed14577,b12b76e9-64f9-497e-827e-200d519e8f69,0.2432703130034497,3.5174520964706933e-06,1.4458330622169537e-05,31.363014122384328,67.28308798814177,20.0,2.3618868895056155e-06,5.520837750072616e-06,1.3506448222162445e-06,9.233369461794476e-06,0.0,Germany,DEU,baden-wurttemberg,,,Linux-7.0.0-31-generic-x86_64-with-glibc2.43,3.14.4,3.3.0,24,Intel(R) Core(TM) Ultra 9 285K,1,1 x NVIDIA GeForce RTX 5090,9.2986,48.7383,60.816158294677734,machine,0.0,0.0,0.0,0.0,N
gradient_updates_39,2026-09-13T12:25:48,td3_Ant-v5_seed14577,b12b76e9-64f9-497e-827e-200d519e8f69,2.2045517139995354,2.7563245184491396e-05,1.2502942232804132e-05,31.365891022268556,67.34807967341112,20.0,1.5618411105831898e-05,4.4492257815775815e-05,1.2243301900000114e-05,7.235397082160783e-05,0.0,Germany,DEU,baden-wurttemberg,,,Linux-7.0.0-31-generic-x86_64-with-glibc2.43,3.14.4,3.3.0,24,Intel(R) Core(TM) Ultra 9 285K,1,1 x NVIDIA GeForce RTX 5090,9.2986,48.7383,60.816158294677734,machine,0.0,0.0,0.0,0.0,N
rollout_40,2026-09-13T12:25:48,td3_Ant-v5_seed14577,b12b76e9-64f9-497e-827e-200d519e8f69,0.2522937460016692,2.906827544799182e-06,1.1521573610197391e-05,31.418418129065756,67.17583972367208,20.0,2.5277159110617675e-06,3.7027807400225043e-06,1.39997334445063e-06,7.630469995535336e-06,0.0,Germany,DEU,baden-wurttemberg,,,Linux-7.0.0-31-generic-x86_64-with-glibc2.43,3.14.4,3.3.0,24,Intel(R) Core(TM) Ultra 9 285K,1,1 x NVIDIA GeForce RTX 5090,9.2986,48.7383,60.816158294677734,machine,0.0,0.0,0.0,0.0,N
gradient_updates_40,2026-09-13T12:25:50,td3_Ant-v5_seed14577,b12b76e9-64f9-497e-827e-200d519e8f69,2.2471094919965253,2.7995416851925867e-05,1.2458441121399994e-05,31.430811229282334,67.23103445522982,20.0,1.615546875769619e-05,4.485170254797666e-05,1.2481257233311208e-05,7.348842853898384e-05,0.0,Germany,DEU,baden-wurttemberg,,,Linux-7.0.0-31-generic-x86_64-with-glibc2.43,3.14.4,3.3.0,24,Intel(R) Core(TM) Ultra 9 285K,1,1 x NVIDIA GeForce RTX 5090,9.2986,48.7383,60.816158294677734,machine,0.0,0.0,0.0,0.0,N
rollout_41,2026-09-13T12:25:51,td3_Ant-v5_seed14577,b12b76e9-64f9-497e-827e-200d519e8f69,0.25669684400054393,3.509637155987757e-06,1.3672855097849957e-05,31.42502721894716,67.35802922842696,20.0,2.223540667721513e-06,5.565560008191639e-06,1.423754438898469e-06,9.212855114812055e-06,0.0,Germany,DEU,baden-wurttemberg,,,Linux-7.0.0-31-generic-x86_64-with-glibc2.43,3.14.4,3.3.0,24,Intel(R) Core(TM) Ultra 9 285K,1,1 x NVIDIA GeForce RTX 5090,9.2986,48.7383,60.816158294677734,machine,0.0,0.0,0.0,0.0,N
gradient_updates_41,2026-09-13T12:25:53,td3_Ant-v5_seed14577,b12b76e9-64f9-497e-827e-200d519e8f69,2.2138219059997937,2.7654579173436427e-05,1.249178956042764e-05,31.3985380018109,67.41803729868049,20.0,1.569234838720568e-05,4.460920235382915e-05,1.2292173300011179e-05,7.2593724041046e-05,0.0,Germany,DEU,baden-wurttemberg,,,Linux-7.0.0-31-generic-x86_64-with-glibc2.43,3.14.4,3.3.0,24,Intel(R) Core(TM) Ultra 9 285K,1,1 x NVIDIA GeForce RTX 5090,9.2986,48.7383,60.816158294677734,machine,0.0,0.0,0.0,0.0,N
rollout_42,2026-09-13T12:25:53,td3_Ant-v5_seed14577,b12b76e9-64f9-497e-827e-200d519e8f69,0.2497017310015508,2.6659546882141193e-06,1.0675628902042867e-05,31.363764226786802,67.2469749148729,20.0,1.9813504739674137e-06,3.6305584600881957e-06,1.3862658610984662e-06,6.9981747951542925e-06,0.0,Germany,DEU,baden-wurttemberg,,,Linux-7.0.0-31-generic-x86_64-with-glibc2.43,3.14.4,3.3.0,24,Intel(R) Core(TM) Ultra 9 285K,1,1 x NVIDIA GeForce RTX 5090,9.2986,48.7383,60.816158294677734,machine,0.0,0.0,0.0,0.0,N
gradient_updates_42,2026-09-13T12:25:55,td3_Ant-v5_seed14577,b12b76e9-64f9-497e-827e-200d519e8f69,2.207810983003583,2.771829599444199e-05,1.2554681993854003e-05,31.32177259025281,67.30512054616435,20.0,1.6084312034113368e-05,4.441225775186908e-05,1.2264411955564174e-05,7.27609817415464e-05,0.0,Germany,DEU,baden-wurttemberg,,,Linux-7.0.0-31-generic-x86_64-with-glibc2.43,3.14.4,3.3.0,24,Intel(R) Core(TM) Ultra 9 285K,1,1 x NVIDIA GeForce RTX 5090,9.2986,48.7383,60.816158294677734,machine,0.0,0.0,0.0,0.0,N
rollout_43,2026-09-13T12:25:56,td3_Ant-v5_seed14577,b12b76e9-64f9-497e-827e-200d519e8f69,0.23815576000197325,3.526809074404485e-06,1.4808808455405134e-05,31.3701079750318,67.49125112905735,20.0,2.3798244038544802e-06,5.556393334105181e-06,1.321713944424938e-06,9.257931682384382e-06,0.0,Germany,DEU,baden-wurttemberg,,,Linux-7.0.0-31-generic-x86_64-with-glibc2.43,3.14.4,3.3.0,24,Intel(R) Core(TM) Ultra 9 285K,1,1 x NVIDIA GeForce RTX 5090,9.2986,48.7383,60.816158294677734,machine,0.0,0.0,0.0,0.0,N
gradient_updates_43,2026-09-13T12:25:58,td3_Ant-v5_seed14577,b12b76e9-64f9-497e-827e-200d519e8f69,2.214582808999694,2.7736957545584917e-05,1.2524726419411898e-05,31.38160460058103,67.54581253854613,20.0,1.594986553765665e-05,4.4560591204056976e-05,1.2299511877750377e-05,7.280996861946422e-05,0.0,Germany,DEU,baden-wurttemberg,,,Linux-7.0.0-31-generic-x86_64-with-glibc2.43,3.14.4,3.3.0,24,Intel(R) Core(TM) Ultra 9 285K,1,1 x NVIDIA GeForce RTX 5090,9.2986,48.7383,60.816158294677734,machine,0.0,0.0,0.0,0.0,N
rollout_44,2026-09-13T12:25:58,td3_Ant-v5_seed14577,b12b76e9-64f9-497e-827e-200d519e8f69,0.25320391500281403,2.6955210163551006e-06,1.0645745072634392e-05,31.34373815733746,67.38257985752598,20.0,1.9777729711040193e-06,3.692502953844823e-06,1.4055109666514815e-06,7.075786891600107e-06,0.0,Germany,DEU,baden-wurttemberg,,,Linux-7.0.0-31-generic-x86_64-with-glibc2.43,3.14.4,3.3.0,24,Intel(R) Core(TM) Ultra 9 285K,1,1 x NVIDIA GeForce RTX 5090,9.2986,48.7383,60.816158294677734,machine,0.0,0.0,0.0,0.0,N
gradient_updates_44,2026-09-13T12:26:00,td3_Ant-v5_seed14577,b12b76e9-64f9-497e-827e-200d519e8f69,2.208472851998522,2.7892049372446517e-05,1.262960274736069e-05,31.302045040947064,67.44009782435205,20.0,1.6334843901198715e-05,4.461448013604041e-05,1.2267763172227721e-05,7.321708720946663e-05,0.0,Germany,DEU,baden-wurttemberg,,,Linux-7.0.0-31-generic-x86_64-with-glibc2.43,3.14.4,3.3.0,24,Intel(R) Core(TM) Ultra 9 285K,1,1 x NVIDIA GeForce RTX 5090,9.2986,48.7383,60.816158294677734,machine,0.0,0.0,0.0,0.0,N
rollout_45,2026-09-13T12:26:00,td3_Ant-v5_seed14577,b12b76e9-64f9-497e-827e-200d519e8f69,0.2372039420006331,2.7214350735186785e-06,1.1472388546013146e-05,31.326646559574645,67.30288424721795,20.0,2.233916509351841e-06,3.592780651873184e-06,1.3171145555842308e-06,7.143811716809473e-06,0.0,Germany,DEU,baden-wurttemberg,,,Linux-7.0.0-31-generic-x86_64-with-glibc2.43,3.14.4,3.3.0,24,Intel(R) Core(TM) Ultra 9 285K,1,1 x NVIDIA GeForce RTX 5090,9.2986,48.7383,60.816158294677734,machine,0.0,0.0,0.0,0.0,N
gradient_updates_45,2026-09-13T12:26:03,td3_Ant-v5_seed14577,b12b76e9-64f9-497e-827e-200d519e8f69,2.0183812549948925,2.5726273768369307e-05,1.274603419903416e-05,31.32837622673374,67.36476062094756,20.0,1.5289635842810623e-05,4.1029477267917613e-05,1.1212777605558314e-05,6.753189071628633e-05,0.0,Germany,DEU,baden-wurttemberg,,,Linux-7.0.0-31-generic-x86_64-with-glibc2.43,3.14.4,3.3.0,24,Intel(R) Core(TM) Ultra 9 285K,1,1 x NVIDIA GeForce RTX 5090,9.2986,48.7383,60.816158294677734,machine,0.0,0.0,0.0,0.0,N
rollout_46,2026-09-13T12:26:03,td3_Ant-v5_seed14577,b12b76e9-64f9-497e-827e-200d519e8f69,0.24017787400225643,3.524207411273895e-06,1.4671838112928861e-05,31.364559851770395,67.53506427855588,20.0,2.3400327053557657e-06,5.5786155741532895e-06,1.3324539944732476e-06,9.251102273982736e-06,0.0,Germany,DEU,baden-wurttemberg,,,Linux-7.0.0-31-generic-x86_64-with-glibc2.43,3.14.4,3.3.0,24,Intel(R) Core(TM) Ultra 9 285K,1,1 x NVIDIA GeForce RTX 5090,9.2986,48.7383,60.816158294677734,machine,0.0,0.0,0.0,0.0,N
gradient_updates_46,2026-09-13T12:26:05,td3_Ant-v5_seed14577,b12b76e9-64f9-497e-827e-200d519e8f69,1.895922135998262,2.4581786247413612e-05,1.2965673726672701e-05,31.362657385363516,67.61151471439535,20.0,1.4528291344843847e-05,3.946808712984584e-05,1.0531213722222467e-05,6.452759219691215e-05,0.0,Germany,DEU,baden-wurttemberg,,,Linux-7.0.0-31-generic-x86_64-with-glibc2.43,3.14.4,3.3.0,24,Intel(R) Core(TM) Ultra 9 285K,1,1 x NVIDIA GeForce RTX 5090,9.2986,48.7383,60.816158294677734,machine,0.0,0.0,0.0,0.0,N
rollout_47,2026-09-13T12:26:05,td3_Ant-v5_seed14577,b12b76e9-64f9-497e-827e-200d519e8f69,0.24990497399994638,2.6314064173389197e-06,1.052948788550185e-05,31.327927172926092,67.4500418237443,20.0,1.95641073180014e-06,3.571947302161149e-06,1.3791269833341412e-06,6.907485017295864e-06,0.0,Germany,DEU,baden-wurttemberg,,,Linux-7.0.0-31-generic-x86_64-with-glibc2.43,3.14.4,3.3.0,24,Intel(R) Core(TM) Ultra 9 285K,1,1 x NVIDIA GeForce RTX 5090,9.2986,48.7383,60.816158294677734,machine,0.0,0.0,0.0,0.0,N
gradient_updates_47,2026-09-13T12:26:07,td3_Ant-v5_seed14577,b12b76e9-64f9-497e-827e-200d519e8f69,1.8889173019997543,2.4512170727590456e-05,1.2976880514637054e-05,31.291993900434697,67.52661644670265,20.0,1.4487652145671326e-05,3.9364753714021816e-05,1.0492444455546118e-05,6.434485031523926e-05,0.0,Germany,DEU,baden-wurttemberg,,,Linux-7.0.0-31-generic-x86_64-with-glibc2.43,3.14.4,3.3.0,24,Intel(R) Core(TM) Ultra 9 285K,1,1 x NVIDIA GeForce RTX 5090,9.2986,48.7383,60.816158294677734,machine,0.0,0.0,0.0,0.0,N
rollout_48,2026-09-13T12:26:07,td3_Ant-v5_seed14577,b12b76e9-64f9-497e-827e-200d519e8f69,0.2503558289972716,3.56625979950698e-06,1.4245008038571402e-05,31.334696476972848,67.63973898190885,20.0,2.492722271957293e-06,5.479171049982412e-06,1.3895971610812952e-06,9.361490483020783e-06,0.0,Germany,DEU,baden-wurttemberg,,,Linux-7.0.0-31-generic-x86_64-with-glibc2.43,3.14.4,3.3.0,24,Intel(R) Core(TM) Ultra 9 285K,1,1 x NVIDIA GeForce RTX 5090,9.2986,48.7383,60.816158294677734,machine,0.0,0.0,0.0,0.0,N
gradient_updates_48,2026-09-13T12:26:09,td3_Ant-v5_seed14577,b12b76e9-64f9-497e-827e-200d519e8f69,1.9046437930010143,2.4641849816509423e-05,1.2937814755466566e-05,31.337937993342962,67.70750656983725,20.0,1.4703156762517489e-05,3.940253152201478e-05,1.0579571766680153e-05,6.468526005121242e-05,0.0,Germany,DEU,baden-wurttemberg,,,Linux-7.0.0-31-generic-x86_64-with-glibc2.43,3.14.4,3.3.0,24,Intel(R) Core(TM) Ultra 9 285K,1,1 x NVIDIA GeForce RTX 5090,9.2986,48.7383,60.816158294677734,machine,0.0,0.0,0.0,0.0,N
rollout_49,2026-09-13T12:26:09,td3_Ant-v5_seed14577,b12b76e9-64f9-497e-827e-200d519e8f69,0.2478281549992971,2.599841220945597e-06,1.0490070805460737e-05,31.29634538513465,67.55212106068713,20.0,1.8804898377147716e-06,3.5683361878646735e-06,1.3757998333151049e-06,6.824625858894116e-06,0.0,Germany,DEU,baden-wurttemberg,,,Linux-7.0.0-31-generic-x86_64-with-glibc2.43,3.14.4,3.3.0,24,Intel(R) Core(TM) Ultra 9 285K,1,1 x NVIDIA GeForce RTX 5090,9.2986,48.7383,60.816158294677734,machine,0.0,0.0,0.0,0.0,N
gradient_updates_49,2026-09-13T12:26:11,td3_Ant-v5_seed14577,b12b76e9-64f9-497e-827e-200d519e8f69,1.8960646589985117,2.455804402767955e-05,1.2952154251865046e-05,31.260197683519547,67.61859091100492,20.0,1.4789572387208239e-05,3.915142021004847e-05,1.052427588333054e-05,6.446526848058725e-05,0.0,Germany,DEU,baden-wurttemberg,,,Linux-7.0.0-31-generic-x86_64-with-glibc2.43,3.14.4,3.3.0,24,Intel(R) Core(TM) Ultra 9 285K,1,1 x NVIDIA GeForce RTX 5090,9.2986,48.7383,60.816158294677734,machine,0.0,0.0,0.0,0.0,N
rollout_50,2026-09-13T12:26:11,td3_Ant-v5_seed14577,b12b76e9-64f9-497e-827e-200d519e8f69,0.23081438700319268,2.824290170675911e-06,1.2235147251331177e-05,31.30615007808772,67.5392389774832,20.0,2.3306910312201334e-06,3.802503041994143e-06,1.280613961110455e-06,7.4138080343247315e-06,0.0,Germany,DEU,baden-wurttemberg,,,Linux-7.0.0-31-generic-x86_64-with-glibc2.43,3.14.4,3.3.0,24,Intel(R) Core(TM) Ultra 9 285K,1,1 x NVIDIA GeForce RTX 5090,9.2986,48.7383,60.816158294677734,machine,0.0,0.0,0.0,0.0,N
gradient_updates_50,2026-09-13T12:26:13,td3_Ant-v5_seed14577,b12b76e9-64f9-497e-827e-200d519e8f69,1.939561268001853,2.539616706043104e-05,1.3093870831198057e-05,31.307544996862863,67.62806921642057,20.0,1.4488991591184164e-05,4.14039220120177e-05,1.0772441588900034e-05,6.66653551921019e-05,0.0,Germany,DEU,baden-wurttemberg,,,Linux-7.0.0-31-generic-x86_64-with-glibc2.43,3.14.4,3.3.0,24,Intel(R) Core(TM) Ultra 9 285K,1,1 x NVIDIA GeForce RTX 5090,9.2986,48.7383,60.816158294677734,machine,0.0,0.0,0.0,0.0,N
rollout_51,2026-09-13T12:26:14,td3_Ant-v5_seed14577,b12b76e9-64f9-497e-827e-200d519e8f69,0.24339543400128605,2.715956189394079e-06,1.1158864739738468e-05,31.30166370224336,67.5049303380418,20.0,2.0913997286764463e-06,3.6872251718556015e-06,1.350804655562022e-06,7.129429556094503e-06,0.0,Germany,DEU,baden-wurttemberg,,,Linux-7.0.0-31-generic-x86_64-with-glibc2.43,3.14.4,3.3.0,24,Intel(R) Core(TM) Ultra 9 285K,1,1 x NVIDIA GeForce RTX 5090,9.2986,48.7383,60.816158294677734,machine,0.0,0.0,0.0,0.0,N
gradient_updates_51,2026-09-13T12:26:15,td3_Ant-v5_seed14577,b12b76e9-64f9-497e-827e-200d519e8f69,1.8935546579959919,2.4641397522418788e-05,1.3013244559257974e-05,31.285062715983454,67.57114409987544,20.0,1.4936734449383371e-05,3.922919805021685e-05,1.05181402722033e-05,6.468407277180396e-05,0.0,Germany,DEU,baden-wurttemberg,,,Linux-7.0.0-31-generic-x86_64-with-glibc2.43,3.14.4,3.3.0,24,Intel(R) Core(TM) Ultra 9 285K,1,1 x NVIDIA GeForce RTX 5090,9.2986,48.7383,60.816158294677734,machine,0.0,0.0,0.0,0.0,N
rollout_52,2026-09-13T12:26:16,td3_Ant-v5_seed14577,b12b76e9-64f9-497e-827e-200d519e8f69,0.2344559789999039,3.479183034703088e-06,1.4838936487119439e-05,31.32038775959966,67.72941791995848,20.0,2.3092951807746065e-06,5.520004416004198e-06,1.3036129500201919e-06,9.13291254679878e-06,0.0,Germany,DEU,baden-wurttemberg,,,Linux-7.0.0-31-generic-x86_64-with-glibc2.43,3.14.4,3.3.0,24,Intel(R) Core(TM) Ultra 9 285K,1,1 x NVIDIA GeForce RTX 5090,9.2986,48.7383,60.816158294677734,machine,0.0,0.0,0.0,0.0,N
gradient_updates_52,2026-09-13T12:26:18,td3_Ant-v5_seed14577,b12b76e9-64f9-497e-827e-200d519e8f69,1.889971623000747,2.4560040811950033e-05,1.2994971978497466e-05,31.321622304383283,67.79588500577347,20.0,1.461528335888057e-05,3.935697592982734e-05,1.0498250783348359e-05,6.447051007205627e-05,0.0,Germany,DEU,baden-wurttemberg,,,Linux-7.0.0-31-generic-x86_64-with-glibc2.43,3.14.4,3.3.0,24,Intel(R) Core(TM) Ultra 9 285K,1,1 x NVIDIA GeForce RTX 5090,9.2986,48.7383,60.816158294677734,machine,0.0,0.0,0.0,0.0,N
rollout_53,2026-09-13T12:26:18,td3_Ant-v5_seed14577,b12b76e9-64f9-497e-827e-200d519e8f69,0.24835385799815413,2.6337298586975e-06,1.0604177096688804e-05,31.291542072173105,67.65224860335658,20.0,1.9484593365426406e-06,3.586113980214023e-06,1.3790107722241787e-06,6.913584088981059e-06,0.0,Germany,DEU,baden-wurttemberg,,,Linux-7.0.0-31-generic-x86_64-with-glibc2.43,3.14.4,3.3.0,24,Intel(R) Core(TM) Ultra 9 285K,1,1 x NVIDIA GeForce RTX 5090,9.2986,48.7383,60.816158294677734,machine,0.0,0.0,0.0,0.0,N
gradient_updates_53,2026-09-13T12:26:20,td3_Ant-v5_seed14577,b12b76e9-64f9-497e-827e-200d519e8f69,1.877473326996551,2.4591309120187803e-05,1.3098140864704904e-05,31.263024326482565,67.7232079150104,20.0,1.4743490683671867e-05,3.938142039383585e-05,1.0427678816672063e-05,6.455258989418022e-05,0.0,Germany,DEU,baden-wurttemberg,,,Linux-7.0.0-31-generic-x86_64-with-glibc2.43,3.14.4,3.3.0,24,Intel(R) Core(TM) Ultra 9 285K,1,1 x NVIDIA GeForce RTX 5090,9.2986,48.7383,60.816158294677734,machine,0.0,0.0,0.0,0.0,N
rollout_54,2026-09-13T12:26:20,td3_Ant-v5_seed14577,b12b76e9-64f9-497e-827e-200d519e8f69,0.24772053000197047,2.8610188644050995e-06,1.1548348685239474e-05,31.306432552130666,67.58948295760936,20.0,2.506438116257892e-06,3.6283362361277938e-06,1.3754471055614156e-06,7.510221457947101e-06,0.0,Germany,DEU,baden-wurttemberg,,,Linux-7.0.0-31-generic-x86_64-with-glibc2.43,3.14.4,3.3.0,24,Intel(R) Core(TM) Ultra 9 285K,1,1 x NVIDIA GeForce RTX 5090,9.2986,48.7383,60.816158294677734,machine,0.0,0.0,0.0,0.0,N
gradient_updates_54,2026-09-13T12:26:22,td3_Ant-v5_seed14577,b12b76e9-64f9-497e-827e-200d519e8f69,1.8799260829982813,2.4569879101371886e-05,1.3069731079532546e-05,31.314740698034235,67.6561771495772,20.0,1.4827939640124632e-05,3.922614249196599e-05,1.0442253611108723e-05,6.449633574319956e-05,0.0,Germany,DEU,baden-wurttemberg,,,Linux-7.0.0-31-generic-x86_64-with-glibc2.43,3.14.4,3.3.0,24,Intel(R) Core(TM) Ultra 9 285K,1,1 x NVIDIA GeForce RTX 5090,9.2986,48.7383,60.816158294677734,machine,0.0,0.0,0.0,0.0,N
rollout_55,2026-09-13T12:26:22,td3_Ant-v5_seed14577,b12b76e9-64f9-497e-827e-200d519e8f69,0.23252798900648486,3.5012394834612118e-06,1.505675638427409e-05,31.35196457852238,67.82124169906866,20.0,2.3168396312486794e-06,5.583060022074093e-06,1.290911433332164e-06,9.19081108665537e-06,0.0,Germany,DEU,baden-wurttemberg,,,Linux-7.0.0-31-generic-x86_64-with-glibc2.43,3.14.4,3.3.0,24,Intel(R) Core(TM) Ultra 9 285K,1,1 x NVIDIA GeForce RTX 5090,9.2986,48.7383,60.816158294677734,machine,0.0,0.0,0.0,0.0,N
gradient_updates_55,2026-09-13T12:26:24,td3_Ant-v5_seed14577,b12b76e9-64f9-497e-827e-200d519e8f69,1.8954830430011498,2.4874864517404095e-05,1.312326729123133e-05,31.359342768407622,67.88496119529859,20.0,1.5202711606598918e-05,3.9565031651811466e-05,1.052918420557246e-05,6.529692746398263e-05,0.0,Germany,DEU,baden-wurttemberg,,,Linux-7.0.0-31-generic-x86_64-with-glibc2.43,3.14.4,3.3.0,24,Intel(R) Core(TM) Ultra 9 285K,1,1 x NVIDIA GeForce RTX 5090,9.2986,48.7383,60.816158294677734,machine,0.0,0.0,0.0,0.0,N
rollout_56,2026-09-13T12:26:24,td3_Ant-v5_seed14577,b12b76e9-64f9-497e-827e-200d519e8f69,0.23449147899373202,2.7571617190165834e-06,1.1758147309290752e-05,31.39656148536874,67.77803307597789,20.0,2.3436271526788843e-06,3.5975028780388385e-06,1.2964647166679479e-06,7.237594747386104e-06,0.0,Germany,DEU,baden-wurttemberg,,,Linux-7.0.0-31-generic-x86_64-with-glibc2.43,3.14.4,3.3.0,24,Intel(R) Core(TM) Ultra 9 285K,1,1 x NVIDIA GeForce RTX 5090,9.2986,48.7383,60.816158294677734,machine,0.0,0.0,0.0,0.0,N
gradient_updates_56,2026-09-13T12:26:26,td3_Ant-v5_seed14577,b12b76e9-64f9-497e-827e-200d519e8f69,1.909651504996873,2.4178120212606062e-05,1.2661055106998952e-05,31.388823996285133,67.83399883915557,20.0,1.3437611861198684e-05,3.9422809316125296e-05,1.0607541055530174e-05,6.346796223285437e-05,0.0,Germany,DEU,baden-wurttemberg,,,Linux-7.0.0-31-generic-x86_64-with-glibc2.43,3.14.4,3.3.0,24,Intel(R) Core(TM) Ultra 9 285K,1,1 x NVIDIA GeForce RTX 5090,9.2986,48.7383,60.816158294677734,machine,0.0,0.0,0.0,0.0,N
rollout_57,2026-09-13T12:26:26,td3_Ant-v5_seed14577,b12b76e9-64f9-497e-827e-200d519e8f69,0.2592581640055869,3.4177810656209513e-06,1.3182877210803762e-05,31.36006594714014,67.90689422259979,20.0,2.0315852363797515e-06,5.501115512007715e-06,1.43903062218881e-06,8.97173137057606e-06,0.0,Germany,DEU,baden-wurttemberg,,,Linux-7.0.0-31-generic-x86_64-with-glibc2.43,3.14.4,3.3.0,24,Intel(R) Core(TM) Ultra 9 285K,1,1 x NVIDIA GeForce RTX 5090,9.2986,48.7383,60.816158294677734,machine,0.0,0.0,0.0,0.0,N
gradient_updates_57,2026-09-13T12:26:28,td3_Ant-v5_seed14577,b12b76e9-64f9-497e-827e-200d519e8f69,1.8964087419954012,2.4682599132061066e-05,1.3015496554213449e-05,31.33182836122327,67.96627743824283,20.0,1.4767616536306982e-05,3.9490587147916756e-05,1.0534023988859487e-05,6.479222767308279e-05,0.0,Germany,DEU,baden-wurttemberg,,,Linux-7.0.0-31-generic-x86_64-with-glibc2.43,3.14.4,3.3.0,24,Intel(R) Core(TM) Ultra 9 285K,1,1 x NVIDIA GeForce RTX 5090,9.2986,48.7383,60.816158294677734,machine,0.0,0.0,0.0,0.0,N
rollout_58,2026-09-13T12:26:28,td3_Ant-v5_seed14577,b12b76e9-64f9-497e-827e-200d519e8f69,0.24510036300489446,2.797114887138994e-06,1.141126104262935e-05,31.3652547621517,67.83860197733068,20.0,2.425770273949135e-06,3.5633361841203026e-06,1.3533660111230469e-06,7.342472469192701e-06,0.0,Germany,DEU,baden-wurttemberg,,,Linux-7.0.0-31-generic-x86_64-with-glibc2.43,3.14.4,3.3.0,24,Intel(R) Core(TM) Ultra 9 285K,1,1 x NVIDIA GeForce RTX 5090,9.2986,48.7383,60.816158294677734,machine,0.0,0.0,0.0,0.0,N
gradient_updates_58,2026-09-13T12:26:30,td3_Ant-v5_seed14577,b12b76e9-64f9-497e-827e-200d519e8f69,1.8857151199990767,2.4586670949265383e-05,1.3038503679230781e-05,31.368175375271733,67.89863595650611,20.0,1.4731249840548022e-05,3.933475369000128e-05,1.0474411088863371e-05,6.454041461941267e-05,0.0,Germany,DEU,baden-wurttemberg,,,Linux-7.0.0-31-generic-x86_64-with-glibc2.43,3.14.4,3.3.0,24,Intel(R) Core(TM) Ultra 9 285K,1,1 x NVIDIA GeForce RTX 5090,9.2986,48.7383,60.816158294677734,machine,0.0,0.0,0.0,0.0,N
rollout_59,2026-09-13T12:26:31,td3_Ant-v5_seed14577,b12b76e9-64f9-497e-827e-200d519e8f69,0.23536871000396786,2.811570871135219e-06,1.194503359601902e-05,31.40380633570757,67.80837956522777,20.0,2.3551729952456246e-06,3.7183363079673626e-06,1.3069103611390836e-06,7.380419664352288e-06,0.0,Germany,DEU,baden-wurttemberg,,,Linux-7.0.0-31-generic-x86_64-with-glibc2.43,3.14.4,3.3.0,24,Intel(R) Core(TM) Ultra 9 285K,1,1 x NVIDIA GeForce RTX 5090,9.2986,48.7383,60.816158294677734,machine,0.0,0.0,0.0,0.0,N
gradient_updates_59,2026-09-13T12:26:33,td3_Ant-v5_seed14577,b12b76e9-64f9-497e-827e-200d519e8f69,1.8982180149978376,2.4817895392677432e-05,1.3074357291835497e-05,31.409428384659563,67.86732389796661,20.0,1.5030253968636997e-05,3.95730872138067e-05,1.0544041394475873e-05,6.514738257691957e-05,0.0,Germany,DEU,baden-wurttemberg,,,Linux-7.0.0-31-generic-x86_64-with-glibc2.43,3.14.4,3.3.0,24,Intel(R) Core(TM) Ultra 9 285K,1,1 x NVIDIA GeForce RTX 5090,9.2986,48.7383,60.816158294677734,machine,0.0,0.0,0.0,0.0,N
rollout_60,2026-09-13T12:26:33,td3_Ant-v5_seed14577,b12b76e9-64f9-497e-827e-200d519e8f69,0.25377768500038655,3.702346673220471e-06,1.4588768105573635e-05,31.45712785770244,67.96750609012126,20.0,2.6527187888397696e-06,5.657226748168043e-06,1.408775222201588e-06,9.718720759208967e-06,0.0,Germany,DEU,baden-wurttemberg,,,Linux-7.0.0-31-generic-x86_64-with-glibc2.43,3.14.4,3.3.0,24,Intel(R) Core(TM) Ultra 9 285K,1,1 x NVIDIA GeForce RTX 5090,9.2986,48.7383,60.816158294677734,machine,0.0,0.0,0.0,0.0,N
gradient_updates_60,2026-09-13T12:26:35,td3_Ant-v5_seed14577,b12b76e9-64f9-497e-827e-200d519e8f69,1.9306839739947463,2.5110158373903898e-05,1.3005878625169369e-05,31.469666482007632,68.0171553984061,20.0,1.5420860947787385e-05,3.977058737203443e-05,1.0723129377786071e-05,6.591457769760788e-05,0.0,Germany,DEU,baden-wurttemberg,,,Linux-7.0.0-31-generic-x86_64-with-glibc2.43,3.14.4,3.3.0,24,Intel(R) Core(TM) Ultra 9 285K,1,1 x NVIDIA GeForce RTX 5090,9.2986,48.7383,60.816158294677734,machine,0.0,0.0,0.0,0.0,N
rollout_61,2026-09-13T12:26:35,td3_Ant-v5_seed14577,b12b76e9-64f9-497e-827e-200d519e8f69,0.2703595229977509,3.6262892821182884e-06,1.3413500267674508e-05,31.46411799942718,68.07496861880347,20.0,2.337659370119094e-06,5.6747267618284525e-06,1.5066827277929965e-06,9.519068859740326e-06,0.0,Germany,DEU,baden-wurttemberg,,,Linux-7.0.0-31-generic-x86_64-with-glibc2.43,3.14.4,3.3.0,24,Intel(R) Core(TM) Ultra 9 285K,1,1 x NVIDIA GeForce RTX 5090,9.2986,48.7383,60.816158294677734,machine,0.0,0.0,0.0,0.0,N
gradient_updates_61,2026-09-13T12:26:37,td3_Ant-v5_seed14577,b12b76e9-64f9-497e-827e-200d519e8f69,1.9213388130010571,2.5050552047594255e-05,1.3038086162985038e-05,31.45197858752881,68.12254746088935,20.0,1.5533555482387384e-05,3.9552253864094666e-05,1.0672300766640958e-05,6.575811011312258e-05,0.0,Germany,DEU,baden-wurttemberg,,,Linux-7.0.0-31-generic-x86_64-with-glibc2.43,3.14.4,3.3.0,24,Intel(R) Core(TM) Ultra 9 285K,1,1 x NVIDIA GeForce RTX 5090,9.2986,48.7383,60.816158294677734,machine,0.0,0.0,0.0,0.0,N
rollout_62,2026-09-13T12:26:37,td3_Ant-v5_seed14577,b12b76e9-64f9-497e-827e-200d519e8f69,0.23639826999715297,3.5600730885700267e-06,1.5058544891715421e-05,31.494389244740862,68.25581246518566,20.0,2.442453065076844e-06,5.590560028023717e-06,1.312237172209664e-06,9.345250265310225e-06,0.0,Germany,DEU,baden-wurttemberg,,,Linux-7.0.0-31-generic-x86_64-with-glibc2.43,3.14.4,3.3.0,24,Intel(R) Core(TM) Ultra 9 285K,1,1 x NVIDIA GeForce RTX 5090,9.2986,48.7383,60.816158294677734,machine,0.0,0.0,0.0,0.0,N
gradient_updates_62,2026-09-13T12:26:39,td3_Ant-v5_seed14577,b12b76e9-64f9-497e-827e-200d519e8f69,1.9044440650031902,2.489116799827282e-05,1.307006545282235e-05,31.503855874691748,68.30804059002665,20.0,1.5119432651089504e-05,3.964725393990065e-05,1.0573037777754065e-05,6.5339724368744e-05,0.0,Germany,DEU,baden-wurttemberg,,,Linux-7.0.0-31-generic-x86_64-with-glibc2.43,3.14.4,3.3.0,24,Intel(R) Core(TM) Ultra 9 285K,1,1 x NVIDIA GeForce RTX 5090,9.2986,48.7383,60.816158294677734,machine,0.0,0.0,0.0,0.0,N
rollout_63,2026-09-13T12:26:39,td3_Ant-v5_seed14577,b12b76e9-64f9-497e-827e-200d519e8f69,0.24383284099894809,2.8366119585354795e-06,1.1633396541965524e-05,31.535360501895944,68.19868186846422,20.0,2.430958333660138e-06,3.661669595977912e-06,1.3535249999726932e-06,7.446152929611177e-06,0.0,Germany,DEU,baden-wurttemberg,,,Linux-7.0.0-31-generic-x86_64-with-glibc2.43,3.14.4,3.3.0,24,Intel(R) Core(TM) Ultra 9 285K,1,1 x NVIDIA GeForce RTX 5090,9.2986,48.7383,60.816158294677734,machine,0.0,0.0,0.0,0.0,N
gradient_updates_63,2026-09-13T12:26:41,td3_Ant-v5_seed14577,b12b76e9-64f9-497e-827e-200d519e8f69,1.901139344998228,2.4795897086855954e-05,1.3042737457573118e-05,31.53904008540285,68.24914083865723,20.0,1.5031966192229074e-05,3.949836493211123e-05,1.0559305538885688e-05,6.508963666322642e-05,0.0,Germany,DEU,baden-wurttemberg,,,Linux-7.0.0-31-generic-x86_64-with-glibc2.43,3.14.4,3.3.0,24,Intel(R) Core(TM) Ultra 9 285K,1,1 x NVIDIA GeForce RTX 5090,9.2986,48.7383,60.816158294677734,machine,0.0,0.0,0.0,0.0,N
rollout_64,2026-09-13T12:26:41,td3_Ant-v5_seed14577,b12b76e9-64f9-497e-827e-200d519e8f69,0.24914497199642938,3.6163517443004757e-06,1.4514613490926986e-05,31.571416576509996,68.34655000341417,20.0,2.498605332211523e-06,5.6111155999349904e-06,1.3832617277835264e-06,9.492982659929823e-06,0.0,Germany,DEU,baden-wurttemberg,,,Linux-7.0.0-31-generic-x86_64-with-glibc2.43,3.14.4,3.3.0,24,Intel(R) Core(TM) Ultra 9 285K,1,1 x NVIDIA GeForce RTX 5090,9.2986,48.7383,60.816158294677734,machine,0.0,0.0,0.0,0.0,N
gradient_updates_64,2026-09-13T12:26:43,td3_Ant-v5_seed14577,b12b76e9-64f9-497e-827e-200d519e8f69,1.9194953410042217,2.42836591975229e-05,1.2651153256957477e-05,31.562644764847057,68.39314596246993,20.0,1.3341549562118082e-05,3.974142068208231e-05,1.0662033555571557e-05,6.374500379977173e-05,0.0,Germany,DEU,baden-wurttemberg,,,Linux-7.0.0-31-generic-x86_64-with-glibc2.43,3.14.4,3.3.0,24,Intel(R) Core(TM) Ultra 9 285K,1,1 x NVIDIA GeForce RTX 5090,9.2986,48.7383,60.816158294677734,machine,0.0,0.0,0.0,0.0,N
rollout_65,2026-09-13T12:26:44,td3_Ant-v5_seed14577,b12b76e9-64f9-497e-827e-200d519e8f69,0.24384546500368742,2.8684144666390153e-06,1.1763193391697034e-05,31.59386260725015,68.29440213081287,20.0,2.4411475084765155e-06,3.7347252099806383e-06,1.3537623166888849e-06,7.529635035146039e-06,0.0,Germany,DEU,baden-wurttemberg,,,Linux-7.0.0-31-generic-x86_64-with-glibc2.43,3.14.4,3.3.0,24,Intel(R) Core(TM) Ultra 9 285K,1,1 x NVIDIA GeForce RTX 5090,9.2986,48.7383,60.816158294677734,machine,0.0,0.0,0.0,0.0,N
gradient_updates_65,2026-09-13T12:26:46,td3_Ant-v5_seed14577,b12b76e9-64f9-497e-827e-200d519e8f69,1.8976477939941105,2.4485609458575492e-05,1.2903184825454148e-05,31.590791374357988,68.34632841119982,20.0,1.4042994845496481e-05,3.9691142863951256e-05,1.054098883885462e-05,6.427512654830214e-05,0.0,Germany,DEU,baden-wurttemberg,,,Linux-7.0.0-31-generic-x86_64-with-glibc2.43,3.14.4,3.3.0,24,Intel(R) Core(TM) Ultra 9 285K,1,1 x NVIDIA GeForce RTX 5090,9.2986,48.7383,60.816158294677734,machine,0.0,0.0,0.0,0.0,N
rollout_66,2026-09-13T12:26:46,td3_Ant-v5_seed14577,b12b76e9-64f9-497e-827e-200d519e8f69,0.25311957899975823,3.4775590168484305e-06,1.3737995346116967e-05,31.569151168357347,68.43946697153831,20.0,2.0301782908127564e-06,5.693337888024175e-06,1.4051332944493757e-06,9.128649473286524e-06,0.0,Germany,DEU,baden-wurttemberg,,,Linux-7.0.0-31-generic-x86_64-with-glibc2.43,3.14.4,3.3.0,24,Intel(R) Core(TM) Ultra 9 285K,1,1 x NVIDIA GeForce RTX 5090,9.2986,48.7383,60.816158294677734,machine,0.0,0.0,0.0,0.0,N
gradient_updates_66,2026-09-13T12:26:48,td3_Ant-v5_seed14577,b12b76e9-64f9-497e-827e-200d519e8f69,1.9011816670026747,2.4956083305456307e-05,1.3126661895106767e-05,31.54664074728633,68.49249060251283,20.0,1.4973287534171542e-05,3.997614309203534e-05,1.0560697488916837e-05,6.551012811512394e-05,0.0,Germany,DEU,baden-wurttemberg,,,Linux-7.0.0-31-generic-x86_64-with-glibc2.43,3.14.4,3.3.0,24,Intel(R) Core(TM) Ultra 9 285K,1,1 x NVIDIA GeForce RTX 5090,9.2986,48.7383,60.816158294677734,machine,0.0,0.0,0.0,0.0,N
rollout_67,2026-09-13T12:26:48,td3_Ant-v5_seed14577,b12b76e9-64f9-497e-827e-200d519e8f69,0.235914352000691,2.8383698988127676e-06,1.2031301769433845e-05,31.578125218099512,68.41315590583072,20.0,2.3719235642052916e-06,3.76916968192198e-06,1.3096743055535705e-06,7.450767551681059e-06,0.0,Germany,DEU,baden-wurttemberg,,,Linux-7.0.0-31-generic-x86_64-with-glibc2.43,3.14.4,3.3.0,24,Intel(R) Core(TM) Ultra 9 285K,1,1 x NVIDIA GeForce RTX 5090,9.2986,48.7383,60.816158294677734,machine,0.0,0.0,0.0,0.0,N
gradient_updates_67,2026-09-13T12:26:50,td3_Ant-v5_seed14577,b12b76e9-64f9-497e-827e-200d519e8f69,1.9016483260056702,2.486297948208968e-05,1.307455758715432e-05,31.58052666021796,68.46491489747639,20.0,1.4769905149238094e-05,3.9933087502053155e-05,1.0562736400000425e-05,6.526572905129167e-05,0.0,Germany,DEU,baden-wurttemberg,,,Linux-7.0.0-31-generic-x86_64-with-glibc2.43,3.14.4,3.3.0,24,Intel(R) Core(TM) Ultra 9 285K,1,1 x NVIDIA GeForce RTX 5090,9.2986,48.7383,60.816158294677734,machine,0.0,0.0,0.0,0.0,N
rollout_68,2026-09-13T12:26:50,td3_Ant-v5_seed14577,b12b76e9-64f9-497e-827e-200d519e8f69,0.2410038779999013,3.4038521479437013e-06,1.4123210254883855e-05,31.556759015977846,68.58315277438267,20.0,1.907345414768613e-06,5.689726773949744e-06,1.338095544431558e-06,8.935167733150132e-06,0.0,Germany,DEU,baden-wurttemberg,,,Linux-7.0.0-31-generic-x86_64-with-glibc2.43,3.14.4,3.3.0,24,Intel(R) Core(TM) Ultra 9 285K,1,1 x NVIDIA GeForce RTX 5090,9.2986,48.7383,60.816158294677734,machine,0.0,0.0,0.0,0.0,N
gradient_updates_68,2026-09-13T12:26:52,td3_Ant-v5_seed14577,b12b76e9-64f9-497e-827e-200d519e8f69,1.8996030670023174,2.5027561695348602e-05,1.3175212406316184e-05,31.53479022916876,68.6344816706214,20.0,1.5141744335610274e-05,4.0004198670118285e-05,1.0551817055562017e-05,6.569776006129079e-05,0.0,Germany,DEU,baden-wurttemberg,,,Linux-7.0.0-31-generic-x86_64-with-glibc2.43,3.14.4,3.3.0,24,Intel(R) Core(TM) Ultra 9 285K,1,1 x NVIDIA GeForce RTX 5090,9.2986,48.7383,60.816158294677734,machine,0.0,0.0,0.0,0.0,N
rollout_69,2026-09-13T12:26:52,td3_Ant-v5_seed14577,b12b76e9-64f9-497e-827e-200d519e8f69,0.23626646799675655,2.8263777416960394e-06,1.1962238380110026e-05,31.569218045482998,68.54444044761951,20.0,2.421819993013441e-06,3.680002943928784e-06,1.3174650055588263e-06,7.419287942501268e-06,0.0,Germany,DEU,baden-wurttemberg,,,Linux-7.0.0-31-generic-x86_64-with-glibc2.43,3.14.4,3.3.0,24,Intel(R) Core(TM) Ultra 9 285K,1,1 x NVIDIA GeForce RTX 5090,9.2986,48.7383,60.816158294677734,machine,0.0,0.0,0.0,0.0,N
gradient_updates_69,2026-09-13T12:26:54,td3_Ant-v5_seed14577,b12b76e9-64f9-497e-827e-200d519e8f69,1.9042277339976863,2.4877957239094386e-05,1.3064620915949057e-05,31.57429291557629,68.59088228990088,20.0,1.4925069995598561e-05,3.979475405802013e-05,1.0585221855540687e-05,6.530504590915916e-05,0.0,Germany,DEU,baden-wurttemberg,,,Linux-7.0.0-31-generic-x86_64-with-glibc2.43,3.14.4,3.3.0,24,Intel(R) Core(TM) Ultra 9 285K,1,1 x NVIDIA GeForce RTX 5090,9.2986,48.7383,60.816158294677734,machine,0.0,0.0,0.0,0.0,N
rollout_70,2026-09-13T12:26:54,td3_Ant-v5_seed14577,b12b76e9-64f9-497e-827e-200d519e8f69,0.2420765799979563,3.6122397051876164e-06,1.492089959348133e-05,31.603425247828188,68.70595404720332,20.0,2.423430549854111e-06,5.716671239941462e-06,1.3420866999999236e-06,9.482188489795713e-06,0.0,Germany,DEU,baden-wurttemberg,,,Linux-7.0.0-31-generic-x86_64-with-glibc2.43,3.14.4,3.3.0,24,Intel(R) Core(TM) Ultra 9 285K,1,1 x NVIDIA GeForce RTX 5090,9.2986,48.7383,60.816158294677734,machine,0.0,0.0,0.0,0.0,N
gradient_updates_70,2026-09-13T12:26:56,td3_Ant-v5_seed14577,b12b76e9-64f9-497e-827e-200d519e8f69,1.945457317000546,2.5220005468833996e-05,1.296361954538545e-05,31.60542679388387,68.74580022909987,20.0,1.5156257124997186e-05,4.0241698860077335e-05,1.0804972138915483e-05,6.620292812399044e-05,0.0,Germany,DEU,baden-wurttemberg,,,Linux-7.0.0-31-generic-x86_64-with-glibc2.43,3.14.4,3.3.0,24,Intel(R) Core(TM) Ultra 9 285K,1,1 x NVIDIA GeForce RTX 5090,9.2986,48.7383,60.816158294677734,machine,0.0,0.0,0.0,0.0,N
rollout_71,2026-09-13T12:26:57,td3_Ant-v5_seed14577,b12b76e9-64f9-497e-827e-200d519e8f69,0.2631300069988356,3.609713954189509e-06,1.3719016548978937e-05,31.59834404716412,68.81193309303006,20.0,2.2603143082430832e-06,5.749171265945208e-06,1.466072777798642e-06,9.47555835198715e-06,0.0,Germany,DEU,baden-wurttemberg,,,Linux-7.0.0-31-generic-x86_64-with-glibc2.43,3.14.4,3.3.0,24,Intel(R) Core(TM) Ultra 9 285K,1,1 x NVIDIA GeForce RTX 5090,9.2986,48.7383,60.816158294677734,machine,0.0,0.0,0.0,0.0,N
gradient_updates_71,2026-09-13T12:26:58,td3_Ant-v5_seed14577,b12b76e9-64f9-497e-827e-200d519e8f69,1.907048456996563,2.5102958095102757e-05,1.316321691976204e-05,31.583580492923602,68.86144290310445,20.0,1.4999532832946083e-05,4.0303087798010395e-05,1.0593056216667753e-05,6.589567684762467e-05,0.0,Germany,DEU,baden-wurttemberg,,,Linux-7.0.0-31-generic-x86_64-with-glibc2.43,3.14.4,3.3.0,24,Intel(R) Core(TM) Ultra 9 285K,1,1 x NVIDIA GeForce RTX 5090,9.2986,48.7383,60.816158294677734,machine,0.0,0.0,0.0,0.0,N
rollout_72,2026-09-13T12:26:59,td3_Ant-v5_seed14577,b12b76e9-64f9-497e-827e-200d519e8f69,0.24502670899528312,3.5837286910911197e-06,1.4626421748688924e-05,31.610677386304392,68.952973028776,20.0,2.4424191761573955e-06,5.605004483877352e-06,1.3599229499959824e-06,9.407346610030946e-06,0.0,Germany,DEU,baden-wurttemberg,,,Linux-7.0.0-31-generic-x86_64-with-glibc2.43,3.14.4,3.3.0,24,Intel(R) Core(TM) Ultra 9 285K,1,1 x NVIDIA GeForce RTX 5090,9.2986,48.7383,60.816158294677734,machine,0.0,0.0,0.0,0.0,N
gradient_updates_72,2026-09-13T12:27:01,td3_Ant-v5_seed14577,b12b76e9-64f9-497e-827e-200d519e8f69,1.8955763010017108,2.4994428466834466e-05,1.3185798068416677e-05,31.611840586961154,69.00437314895353,20.0,1.4745135129431985e-05,4.033614338005975e-05,1.0529506283354657e-05,6.561078479284596e-05,0.0,Germany,DEU,baden-wurttemberg,,,Linux-7.0.0-31-generic-x86_64-with-glibc2.43,3.14.4,3.3.0,24,Intel(R) Core(TM) Ultra 9 285K,1,1 x NVIDIA GeForce RTX 5090,9.2986,48.7383,60.816158294677734,machine,0.0,0.0,0.0,0.0,N
rollout_73,2026-09-13T12:27:01,td3_Ant-v5_seed14577,b12b76e9-64f9-497e-827e-200d519e8f69,0.2458078720010235,2.6382037920809863e-06,1.0732718804026141e-05,31.588716856559046,68.89823069697574,20.0,1.9375746056204957e-06,3.6230584541385724e-06,1.3646951777547805e-06,6.925328237514065e-06,0.0,Germany,DEU,baden-wurttemberg,,,Linux-7.0.0-31-generic-x86_64-with-glibc2.43,3.14.4,3.3.0,24,Intel(R) Core(TM) Ultra 9 285K,1,1 x NVIDIA GeForce RTX 5090,9.2986,48.7383,60.816158294677734,machine,0.0,0.0,0.0,0.0,N
gradient_updates_73,2026-09-13T12:27:03,td3_Ant-v5_seed14577,b12b76e9-64f9-497e-827e-200d519e8f69,1.8976937799961888,2.4940112763540464e-05,1.3142382962302656e-05,31.565853838723903,68.94558590109686,20.0,1.4843876597316064e-05,4.0083365399956605e-05,1.0540963183302719e-05,6.54682051805756e-05,0.0,Germany,DEU,baden-wurttemberg,,,Linux-7.0.0-31-generic-x86_64-with-glibc2.43,3.14.4,3.3.0,24,Intel(R) Core(TM) Ultra 9 285K,1,1 x NVIDIA GeForce RTX 5090,9.2986,48.7383,60.816158294677734,machine,0.0,0.0,0.0,0.0,N
rollout_74,2026-09-13T12:27:03,td3_Ant-v5_seed14577,b12b76e9-64f9-497e-827e-200d519e8f69,0.23818390600354178,2.8557704457926256e-06,1.1988953028598571e-05,31.59277755287503,68.86965254641348,20.0,2.378874958644528e-06,3.7955585920901314e-06,1.3220107222473073e-06,7.496444272982183e-06,0.0,Germany,DEU,baden-wurttemberg,,,Linux-7.0.0-31-generic-x86_64-with-glibc2.43,3.14.4,3.3.0,24,Intel(R) Core(TM) Ultra 9 285K,1,1 x NVIDIA GeForce RTX 5090,9.2986,48.7383,60.816158294677734,machine,0.0,0.0,0.0,0.0,N
gradient_updates_74,2026-09-13T12:27:05,td3_Ant-v5_seed14577,b12b76e9-64f9-497e-827e-200d519e8f69,1.9068336759955855,2.4869228112112812e-05,1.3042262331125697e-05,31.594182709486844,68.91152351015242,20.0,1.4823446858755474e-05,3.9866976337732396e-05,1.0591708611132561e-05,6.528213180762021e-05,0.0,Germany,DEU,baden-wurttemberg,,,Linux-7.0.0-31-generic-x86_64-with-glibc2.43,3.14.4,3.3.0,24,Intel(R) Core(TM) Ultra 9 285K,1,1 x NVIDIA GeForce RTX 5090,9.2986,48.7383,60.816158294677734,machine,0.0,0.0,0.0,0.0,N
rollout_75,2026-09-13T12:27:05,td3_Ant-v5_seed14577,b12b76e9-64f9-497e-827e-200d519e8f69,0.24009566599852405,2.8103447602097556e-06,1.170504016911004e-05,31.61955764870675,68.81672982077522,20.0,2.4028988667643136e-06,3.6358362418553725e-06,1.3384659944372986e-06,7.3772011030572016e-06,0.0,Germany,DEU,baden-wurttemberg,,,Linux-7.0.0-31-generic-x86_64-with-glibc2.43,3.14.4,3.3.0,24,Intel(R) Core(TM) Ultra 9 285K,1,1 x NVIDIA GeForce RTX 5090,9.2986,48.7383,60.816158294677734,machine,0.0,0.0,0.0,0.0,N
gradient_updates_75,2026-09-13T12:27:07,td3_Ant-v5_seed14577,b12b76e9-64f9-497e-827e-200d519e8f69,1.9036342190011055,2.4957380337610295e-05,1.3110420700097988e-05,31.620709130959995,68.86165202483602,20.0,1.4871409952675607e-05,4.006780983201175e-05,1.057431306111952e-05,6.551353284580709e-05,0.0,Germany,DEU,baden-wurttemberg,,,Linux-7.0.0-31-generic-x86_64-with-glibc2.43,3.14.4,3.3.0,24,Intel(R) Core(TM) Ultra 9 285K,1,1 x NVIDIA GeForce RTX 5090,9.2986,48.7383,60.816158294677734,machine,0.0,0.0,0.0,0.0,N
rollout_76,2026-09-13T12:27:07,td3_Ant-v5_seed14577,b12b76e9-64f9-497e-827e-200d519e8f69,0.2453249850004795,2.901476667068262e-06,1.1826667838916679e-05,31.649068915414947,68.77582901346398,20.0,2.4765989257227727e-06,3.7780585779856324e-06,1.3617663499948182e-06,7.616423853703223e-06,0.0,Germany,DEU,baden-wurttemberg,,,Linux-7.0.0-31-generic-x86_64-with-glibc2.43,3.14.4,3.3.0,24,Intel(R) Core(TM) Ultra 9 285K,1,1 x NVIDIA GeForce RTX 5090,9.2986,48.7383,60.816158294677734,machine,0.0,0.0,0.0,0.0,N
gradient_updates_76,2026-09-13T12:27:09,td3_Ant-v5_seed14577,b12b76e9-64f9-497e-827e-200d519e8f69,1.8847341580039938,2.4907207191264807e-05,1.3215286348121575e-05,31.653124500050396,68.82400402711102,20.0,1.495045057146177e-05,3.9962254192005275e-05,1.0469122750024918e-05,6.53818275134924e-05,0.0,Germany,DEU,baden-wurttemberg,,,Linux-7.0.0-31-generic-x86_64-with-glibc2.43,3.14.4,3.3.0,24,Intel(R) Core(TM) Ultra 9 285K,1,1 x NVIDIA GeForce RTX 5090,9.2986,48.7383,60.816158294677734,machine,0.0,0.0,0.0,0.0,N
rollout_77,2026-09-13T12:27:09,td3_Ant-v5_seed14577,b12b76e9-64f9-497e-827e-200d519e8f69,0.25040647800051374,3.671976795871848e-06,1.466469642988091e-05,31.683688764538427,68.90670172033333,20.0,2.557368712560737e-06,5.69194899813219e-06,1.3896816222162128e-06,9.63899933290914e-06,0.0,Germany,DEU,baden-wurttemberg,,,Linux-7.0.0-31-generic-x86_64-with-glibc2.43,3.14.4,3.3.0,24,Intel(R) Core(TM) Ultra 9 285K,1,1 x NVIDIA GeForce RTX 5090,9.2986,48.7383,60.816158294677734,machine,0.0,0.0,0.0,0.0,N
gradient_updates_77,2026-09-13T12:27:11,td3_Ant-v5_seed14577,b12b76e9-64f9-497e-827e-200d519e8f69,1.900148287997581,2.4969037602796864e-05,1.3140642950183695e-05,31.688701352930863,68.94932205319124,20.0,1.5047292871155082e-05,3.994225417591757e-05,1.0554586311102175e-05,6.554413335817504e-05,0.0,Germany,DEU,baden-wurttemberg,,,Linux-7.0.0-31-generic-x86_64-with-glibc2.43,3.14.4,3.3.0,24,Intel(R) Core(TM) Ultra 9 285K,1,1 x NVIDIA GeForce RTX 5090,9.2986,48.7383,60.816158294677734,machine,0.0,0.0,0.0,0.0,N
rollout_78,2026-09-13T12:27:12,td3_Ant-v5_seed14577,b12b76e9-64f9-497e-827e-200d519e8f69,0.24190326999814715,2.8433064375079503e-06,1.1753280340366158e-05,31.714251448507603,68.85892675856596,20.0,2.4359427820905277e-06,3.678058497991188e-06,1.3497247666641003e-06,7.46372604674625e-06,0.0,Germany,DEU,baden-wurttemberg,,,Linux-7.0.0-31-generic-x86_64-with-glibc2.43,3.14.4,3.3.0,24,Intel(R) Core(TM) Ultra 9 285K,1,1 x NVIDIA GeForce RTX 5090,9.2986,48.7383,60.816158294677734,machine,0.0,0.0,0.0,0.0,N
gradient_updates_78,2026-09-13T12:27:13,td3_Ant-v5_seed14577,b12b76e9-64f9-497e-827e-200d519e8f69,1.8843274940008996,2.4882758053219097e-05,1.3205186974449034e-05,31.71738460405703,68.90396886932501,20.0,1.5017199235974055e-05,3.983364297788228e-05,1.046680591114445e-05,6.531764812500035e-05,0.0,Germany,DEU,baden-wurttemberg,,,Linux-7.0.0-31-generic-x86_64-with-glibc2.43,3.14.4,3.3.0,24,Intel(R) Core(TM) Ultra 9 285K,1,1 x NVIDIA GeForce RTX 5090,9.2986,48.7383,60.816158294677734,machine,0.0,0.0,0.0,0.0,N
rollout_79,2026-09-13T12:27:14,td3_Ant-v5_seed14577,b12b76e9-64f9-497e-827e-200d519e8f69,0.2501457440012018,3.6569652187802212e-06,1.461927982564206e-05,31.747228628131857,68.98096976242469,20.0,2.559962325753007e-06,5.651115632110404e-06,1.3885157388964214e-06,9.599593696759182e-06,0.0,Germany,DEU,baden-wurttemberg,,,Linux-7.0.0-31-generic-x86_64-with-glibc2.43,3.14.4,3.3.0,24,Intel(R) Core(TM) Ultra 9 285K,1,1 x NVIDIA GeForce RTX 5090,9.2986,48.7383,60.816158294677734,machine,0.0,0.0,0.0,0.0,N
gradient_updates_79,2026-09-13T12:27:16,td3_Ant-v5_seed14577,b12b76e9-64f9-497e-827e-200d519e8f69,1.8973374389970559,2.507501513790856e-05,1.3215987503668397e-05,31.7525023435796,69.02533090691902,20.0,1.5121280708130236e-05,4.016197657397136e-05,1.0539068844445934e-05,6.582232612654774e-05,0.0,Germany,DEU,baden-wurttemberg,,,Linux-7.0.0-31-generic-x86_64-with-glibc2.43,3.14.4,3.3.0,24,Intel(R) Core(TM) Ultra 9 285K,1,1 x NVIDIA GeForce RTX 5090,9.2986,48.7383,60.816158294677734,machine,0.0,0.0,0.0,0.0,N
rollout_80,2026-09-13T12:27:16,td3_Ant-v5_seed14577,b12b76e9-64f9-497e-827e-200d519e8f69,0.22944751400063979,2.785872522003373e-06,1.2141613578654467e-05,31.778262549801997,68.96128749066234,20.0,2.3131435171810932e-06,3.7266696479854033e-06,1.2731479111002374e-06,7.3129610762660835e-06,0.0,Germany,DEU,baden-wurttemberg,,,Linux-7.0.0-31-generic-x86_64-with-glibc2.43,3.14.4,3.3.0,24,Intel(R) Core(TM) Ultra 9 285K,1,1 x NVIDIA GeForce RTX 5090,9.2986,48.7383,60.816158294677734,machine,0.0,0.0,0.0,0.0,N
gradient_updates_80,2026-09-13T12:27:18,td3_Ant-v5_seed14577,b12b76e9-64f9-497e-827e-200d519e8f69,1.9323974029975943,2.479006376423891e-05,1.2828729560842289e-05,31.775710992012417,68.99479726945619,20.0,1.4366548715449845e-05,3.9975309757966926e-05,1.073246562223679e-05,6.507432409565313e-05,0.0,Germany,DEU,baden-wurttemberg,,,Linux-7.0.0-31-generic-x86_64-with-glibc2.43,3.14.4,3.3.0,24,Intel(R) Core(TM) Ultra 9 285K,1,1 x NVIDIA GeForce RTX 5090,9.2986,48.7383,60.816158294677734,machine,0.0,0.0,0.0,0.0,N
rollout_81,2026-09-13T12:27:18,td3_Ant-v5_seed14577,b12b76e9-64f9-497e-827e-200d519e8f69,0.2526069040031871,3.5563114690528516e-06,1.4078907236471359e-05,31.768928625691082,69.07456627646381,20.0,2.16740562281742e-06,5.766115724004095e-06,1.4018546055417653e-06,9.33537595236393e-06,0.0,Germany,DEU,baden-wurttemberg,,,Linux-7.0.0-31-generic-x86_64-with-glibc2.43,3.14.4,3.3.0,24,Intel(R) Core(TM) Ultra 9 285K,1,1 x NVIDIA GeForce RTX 5090,9.2986,48.7383,60.816158294677734,machine,0.0,0.0,0.0,0.0,N
gradient_updates_81,2026-09-13T12:27:20,td3_Ant-v5_seed14577,b12b76e9-64f9-497e-827e-200d519e8f69,1.8972211599975708,2.5108078771766268e-05,1.323417870840655e-05,31.757319355588205,69.11625057274824,20.0,1.530474196601017e-05,4.006614316409696e-05,1.053823357777023e-05,6.590911870787801e-05,0.0,Germany,DEU,baden-wurttemberg,,,Linux-7.0.0-31-generic-x86_64-with-glibc2.43,3.14.4,3.3.0,24,Intel(R) Core(TM) Ultra 9 285K,1,1 x NVIDIA GeForce RTX 5090,9.2986,48.7383,60.816158294677734,machine,0.0,0.0,0.0,0.0,N
rollout_82,2026-09-13T12:27:20,td3_Ant-v5_seed14577,b12b76e9-64f9-497e-827e-200d519e8f69,0.24545116499939468,2.9039753982533327e-06,1.1830573308302985e-05,31.786040311542955,69.03219221853495,20.0,2.5141184001875594e-06,3.7466696638510655e-06,1.36219500002175e-06,7.6229830640595075e-06,0.0,Germany,DEU,baden-wurttemberg,,,Linux-7.0.0-31-generic-x86_64-with-glibc2.43,3.14.4,3.3.0,24,Intel(R) Core(TM) Ultra 9 285K,1,1 x NVIDIA GeForce RTX 5090,9.2986,48.7383,60.816158294677734,machine,0.0,0.0,0.0,0.0,N
gradient_updates_82,2026-09-13T12:27:22,td3_Ant-v5_seed14577,b12b76e9-64f9-497e-827e-200d519e8f69,1.887946932001796,2.4924609751281537e-05,1.3202004829567429e-05,31.79159312598184,69.07265979776652,20.0,1.5154426290193979e-05,3.9785865162178524e-05,1.0487218066676475e-05,6.542750951904833e-05,0.0,Germany,DEU,baden-wurttemberg,,,Linux-7.0.0-31-generic-x86_64-with-glibc2.43,3.14.4,3.3.0,24,Intel(R) Core(TM) Ultra 9 285K,1,1 x NVIDIA GeForce RTX 5090,9.2986,48.7383,60.816158294677734,machine,0.0,0.0,0.0,0.0,N
rollout_83,2026-09-13T12:27:22,td3_Ant-v5_seed14577,b12b76e9-64f9-497e-827e-200d519e8f69,0.25315653999859933,3.6552678428251537e-06,1.4438225510184799e-05,31.814888858807674,69.13959065304526,20.0,2.534310916339766e-06,5.655282301786357e-06,1.405544838901972e-06,9.595138057028746e-06,0.0,Germany,DEU,baden-wurttemberg,,,Linux-7.0.0-31-generic-x86_64-with-glibc2.43,3.14.4,3.3.0,24,Intel(R) Core(TM) Ultra 9 285K,1,1 x NVIDIA GeForce RTX 5090,9.2986,48.7383,60.816158294677734,machine,0.0,0.0,0.0,0.0,N
gradient_updates_83,2026-09-13T12:27:24,td3_Ant-v5_seed14577,b12b76e9-64f9-497e-827e-200d519e8f69,1.8832384669949533,2.495528910671091e-05,1.325130956771734e-05,31.817595466434135,69.18141627632211,20.0,1.5097172077725707e-05,3.9940865286025584e-05,1.047000596663566e-05,6.550804333038673e-05,0.0,Germany,DEU,baden-wurttemberg,,,Linux-7.0.0-31-generic-x86_64-with-glibc2.43,3.14.4,3.3.0,24,Intel(R) Core(TM) Ultra 9 285K,1,1 x NVIDIA GeForce RTX 5090,9.2986,48.7383,60.816158294677734,machine,0.0,0.0,0.0,0.0,N
rollout_84,2026-09-13T12:27:24,td3_Ant-v5_seed14577,b12b76e9-64f9-497e-827e-200d519e8f69,0.2415412219997961,2.8631380698824344e-06,1.185341083213703e-05,31.846714118063225,69.09872750332353,20.0,2.491264215233324e-06,3.6841696140488267e-06,1.3403505778114208e-06,7.515784407094439e-06,0.0,Germany,DEU,baden-wurttemberg,,,Linux-7.0.0-31-generic-x86_64-with-glibc2.43,3.14.4,3.3.0,24,Intel(R) Core(TM) Ultra 9 285K,1,1 x NVIDIA GeForce RTX 5090,9.2986,48.7383,60.816158294677734,machine,0.0,0.0,0.0,0.0,N
gradient_updates_84,2026-09-13T12:27:26,td3_Ant-v5_seed14577,b12b76e9-64f9-497e-827e-200d519e8f69,1.9041200850042515,2.5016031507140313e-05,1.3137885275661827e-05,31.852261588521124,69.13484854547755,20.0,1.5241723026707121e-05,3.9848920768026375e-05,1.0576849333342143e-05,6.566749312807499e-05,0.0,Germany,DEU,baden-wurttemberg,,,Linux-7.0.0-31-generic-x86_64-with-glibc2.43,3.14.4,3.3.0,24,Intel(R) Core(TM) Ultra 9 285K,1,1 x NVIDIA GeForce RTX 5090,9.2986,48.7383,60.816158294677734,machine,0.0,0.0,0.0,0.0,N
rollout_85,2026-09-13T12:27:27,td3_Ant-v5_seed14577,b12b76e9-64f9-497e-827e-200d519e8f69,0.25505374999920605,3.718215202393009e-06,1.457754145301087e-05,31.8865767696315,69.19543187093838,20.0,2.701173827605874e-06,5.643060069893124e-06,1.4161420111324149e-06,9.76037590863163e-06,0.0,Germany,DEU,baden-wurttemberg,,,Linux-7.0.0-31-generic-x86_64-with-glibc2.43,3.14.4,3.3.0,24,Intel(R) Core(TM) Ultra 9 285K,1,1 x NVIDIA GeForce RTX 5090,9.2986,48.7383,60.816158294677734,machine,0.0,0.0,0.0,0.0,N
gradient_updates_85,2026-09-13T12:27:29,td3_Ant-v5_seed14577,b12b76e9-64f9-497e-827e-200d519e8f69,1.9042425619991263,2.511744315350506e-05,1.31903059877352e-05,31.894970211236156,69.23287565401866,20.0,1.529629862592058e-05,4.0060587604306974e-05,1.0576814133350567e-05,6.593370036357855e-05,0.0,Germany,DEU,baden-wurttemberg,,,Linux-7.0.0-31-generic-x86_64-with-glibc2.43,3.14.4,3.3.0,24,Intel(R) Core(TM) Ultra 9 285K,1,1 x NVIDIA GeForce RTX 5090,9.2986,48.7383,60.816158294677734,machine,0.0,0.0,0.0,0.0,N
rollout_86,2026-09-13T12:27:29,td3_Ant-v5_seed14577,b12b76e9-64f9-497e-827e-200d519e8f69,0.23978276900015771,2.8415583113198736e-06,1.184978569630238e-05,31.91937125002992,69.1556060889935,20.0,2.430856389123992e-06,3.698891847703223e-06,1.3293889499941744e-06,7.459137186822257e-06,0.0,Germany,DEU,baden-wurttemberg,,,Linux-7.0.0-31-generic-x86_64-with-glibc2.43,3.14.4,3.3.0,24,Intel(R) Core(TM) Ultra 9 285K,1,1 x NVIDIA GeForce RTX 5090,9.2986,48.7383,60.816158294677734,machine,0.0,0.0,0.0,0.0,N
gradient_updates_86,2026-09-13T12:27:31,td3_Ant-v5_seed14577,b12b76e9-64f9-497e-827e-200d519e8f69,1.9125380129989935,2.4518132297585062e-05,1.2819779591504588e-05,31.914353164525156,69.19009547927651,20.0,1.3759317674118254e-05,3.997780976017218e-05,1.0623372099992931e-05,6.436049953428315e-05,0.0,Germany,DEU,baden-wurttemberg,,,Linux-7.0.0-31-generic-x86_64-with-glibc2.43,3.14.4,3.3.0,24,Intel(R) Core(TM) Ultra 9 285K,1,1 x NVIDIA GeForce RTX 5090,9.2986,48.7383,60.816158294677734,machine,0.0,0.0,0.0,0.0,N
rollout_87,2026-09-13T12:27:31,td3_Ant-v5_seed14577,b12b76e9-64f9-497e-827e-200d519e8f69,0.24549461000424344,2.6647377727407814e-06,1.0854083238016284e-05,31.897366985470192,69.10177417824445,20.0,1.986521311433953e-06,3.6452806939646365e-06,1.3631783666722287e-06,6.994980372071469e-06,0.0,Germany,DEU,baden-wurttemberg,,,Linux-7.0.0-31-generic-x86_64-with-glibc2.43,3.14.4,3.3.0,24,Intel(R) Core(TM) Ultra 9 285K,1,1 x NVIDIA GeForce RTX 5090,9.2986,48.7383,60.816158294677734,machine,0.0,0.0,0.0,0.0,N
gradient_updates_87,2026-09-13T12:27:33,td3_Ant-v5_seed14577,b12b76e9-64f9-497e-827e-200d519e8f69,1.9018134840007406,2.5027685821978583e-05,1.3159956886514497e-05,31.87942558732469,69.13951892412886,20.0,1.5062008716267006e-05,4.007169872388694e-05,1.0564378455577223e-05,6.569808589573095e-05,0.0,Germany,DEU,baden-wurttemberg,,,Linux-7.0.0-31-generic-x86_64-with-glibc2.43,3.14.4,3.3.0,24,Intel(R) Core(TM) Ultra 9 285K,1,1 x NVIDIA GeForce RTX 5090,9.2986,48.7383,60.816158294677734,machine,0.0,0.0,0.0,0.0,N
rollout_88,2026-09-13T12:27:33,td3_Ant-v5_seed14577,b12b76e9-64f9-497e-827e-200d519e8f69,0.2413730639964342,2.8854067296206834e-06,1.1954235286796859e-05,31.90508784310125,69.06775412509948,20.0,2.4672572515802016e-06,3.767225235984384e-06,1.339757516689074e-06,7.574240004254093e-06,0.0,Germany,DEU,baden-wurttemberg,,,Linux-7.0.0-31-generic-x86_64-with-glibc2.43,3.14.4,3.3.0,24,Intel(R) Core(TM) Ultra 9 285K,1,1 x NVIDIA GeForce RTX 5090,9.2986,48.7383,60.816158294677734,machine,0.0,0.0,0.0,0.0,N
gradient_updates_88,2026-09-13T12:27:35,td3_Ant-v5_seed14577,b12b76e9-64f9-497e-827e-200d519e8f69,1.8954769460033276,2.491210020461607e-05,1.3143025386835818e-05,31.907744830960876,69.10556331823808,20.0,1.4901791921421992e-05,3.996419863794287e-05,1.0528681194450122e-05,6.539467175381564e-05,0.0,Germany,DEU,baden-wurttemberg,,,Linux-7.0.0-31-generic-x86_64-with-glibc2.43,3.14.4,3.3.0,24,Intel(R) Core(TM) Ultra 9 285K,1,1 x NVIDIA GeForce RTX 5090,9.2986,48.7383,60.816158294677734,machine,0.0,0.0,0.0,0.0,N
rollout_89,2026-09-13T12:27:35,td3_Ant-v5_seed14577,b12b76e9-64f9-497e-827e-200d519e8f69,0.25919862400041893,3.7098785993236807e-06,1.4312382701459415e-05,31.93096359408929,69.15879169101031,20.0,2.6237443212159817e-06,5.674726762050497e-06,1.4400211055343257e-06,9.738492188800588e-06,0.0,Germany,DEU,baden-wurttemberg,,,Linux-7.0.0-31-generic-x86_64-with-glibc2.43,3.14.4,3.3.0,24,Intel(R) Core(TM) Ultra 9 285K,1,1 x NVIDIA GeForce RTX 5090,9.2986,48.7383,60.816158294677734,machine,0.0,0.0,0.0,0.0,N
gradient_updates_89,2026-09-13T12:27:37,td3_Ant-v5_seed14577,b12b76e9-64f9-497e-827e-200d519e8f69,1.9028127440033131,2.4433046058218357e-05,1.284060882887331e-05,31.92472774404728,69.19554893023178,20.0,1.3463432992959212e-05,4.0104476528135535e-05,1.0569237238895616e-05,6.413714675999015e-05,0.0,Germany,DEU,baden-wurttemberg,,,Linux-7.0.0-31-generic-x86_64-with-glibc2.43,3.14.4,3.3.0,24,Intel(R) Core(TM) Ultra 9 285K,1,1 x NVIDIA GeForce RTX 5090,9.2986,48.7383,60.816158294677734,machine,0.0,0.0,0.0,0.0,N
rollout_90,2026-09-13T12:27:37,td3_Ant-v5_seed14577,b12b76e9-64f9-497e-827e-200d519e8f69,0.2505666610013577,3.439211225388355e-06,1.3724322374826049e-05,31.905411328506897,69.25630500547827,20.0,2.003051602438022e-06,5.625560055788625e-06,1.3993742333292397e-06,9.027985891555887e-06,0.0,Germany,DEU,baden-wurttemberg,,,Linux-7.0.0-31-generic-x86_64-with-glibc2.43,3.14.4,3.3.0,24,Intel(R) Core(TM) Ultra 9 285K,1,1 x NVIDIA GeForce RTX 5090,9.2986,48.7383,60.816158294677734,machine,0.0,0.0,0.0,0.0,N
gradient_updates_90,2026-09-13T12:27:39,td3_Ant-v5_seed14577,b12b76e9-64f9-497e-827e-200d519e8f69,1.9232694789970992,2.569754435136724e-05,1.3361409313403805e-05,31.89242444119492,69.2907083181705,20.0,1.638370616250523e-05,4.039086564611161e-05,1.0681903716694158e-05,6.745647552531056e-05,0.0,Germany,DEU,baden-wurttemberg,,,Linux-7.0.0-31-generic-x86_64-with-glibc2.43,3.14.4,3.3.0,24,Intel(R) Core(TM) Ultra 9 285K,1,1 x NVIDIA GeForce RTX 5090,9.2986,48.7383,60.816158294677734,machine,0.0,0.0,0.0,0.0,N
rollout_91,2026-09-13T12:27:40,td3_Ant-v5_seed14577,b12b76e9-64f9-497e-827e-200d519e8f69,0.25031097600003704,2.9873851284029952e-06,1.1935083165658056e-05,31.925904618800956,69.2081098103578,20.0,2.6833888133667716e-06,3.7633363441091916e-06,1.3952098166757076e-06,7.84193497415167e-06,0.0,Germany,DEU,baden-wurttemberg,,,Linux-7.0.0-31-generic-x86_64-with-glibc2.43,3.14.4,3.3.0,24,Intel(R) Core(TM) Ultra 9 285K,1,1 x NVIDIA GeForce RTX 5090,9.2986,48.7383,60.816158294677734,machine,0.0,0.0,0.0,0.0,N
gradient_updates_91,2026-09-13T12:27:42,td3_Ant-v5_seed14577,b12b76e9-64f9-497e-827e-200d519e8f69,1.9203495850015315,2.5999406693929042e-05,1.353895839449601e-05,31.93399969478391,69.26138606004169,20.0,1.5356825063227164e-05,4.2225589335975755e-05,1.0666454727793718e-05,6.824886912699599e-05,0.0,Germany,DEU,baden-wurttemberg,,,Linux-7.0.0-31-generic-x86_64-with-glibc2.43,3.14.4,3.3.0,24,Intel(R) Core(TM) Ultra 9 285K,1,1 x NVIDIA GeForce RTX 5090,9.2986,48.7383,60.816158294677734,machine,0.0,0.0,0.0,0.0,N
rollout_92,2026-09-13T12:27:42,td3_Ant-v5_seed14577,b12b76e9-64f9-497e-827e-200d519e8f69,0.24098589600180276,2.81355697368587e-06,1.1674929738133032e-05,31.954914401780705,69.18133400886785,20.0,2.42095499231737e-06,3.6269473460137647e-06,1.337730877801549e-06,7.385633216132684e-06,0.0,Germany,DEU,baden-wurttemberg,,,Linux-7.0.0-31-generic-x86_64-with-glibc2.43,3.14.4,3.3.0,24,Intel(R) Core(TM) Ultra 9 285K,1,1 x NVIDIA GeForce RTX 5090,9.2986,48.7383,60.816158294677734,machine,0.0,0.0,0.0,0.0,N
gradient_updates_92,2026-09-13T12:27:44,td3_Ant-v5_seed14577,b12b76e9-64f9-497e-827e-200d519e8f69,1.9007108220030204,2.501094331825793e-05,1.3158835875517983e-05,31.955532411748944,69.21723549232978,20.0,1.495596057587284e-05,4.013280988401924e-05,1.0565366088889595e-05,6.565413654878102e-05,0.0,Germany,DEU,baden-wurttemberg,,,Linux-7.0.0-31-generic-x86_64-with-glibc2.43,3.14.4,3.3.0,24,Intel(R) Core(TM) Ultra 9 285K,1,1 x NVIDIA GeForce RTX 5090,9.2986,48.7383,60.816158294677734,machine,0.0,0.0,0.0,0.0,N
rollout_93,2026-09-13T12:27:44,td3_Ant-v5_seed14577,b12b76e9-64f9-497e-827e-200d519e8f69,0.2407763689989224,3.5794788589256846e-06,1.4865779220097749e-05,31.976216538836237,69.29696938992124,20.0,2.420192213928307e-06,5.639448955818693e-06,1.3365495611246912e-06,9.396190730872125e-06,0.0,Germany,DEU,baden-wurttemberg,,,Linux-7.0.0-31-generic-x86_64-with-glibc2.43,3.14.4,3.3.0,24,Intel(R) Core(TM) Ultra 9 285K,1,1 x NVIDIA GeForce RTX 5090,9.2986,48.7383,60.816158294677734,machine,0.0,0.0,0.0,0.0,N
gradient_updates_93,2026-09-13T12:27:46,td3_Ant-v5_seed14577,b12b76e9-64f9-497e-827e-200d519e8f69,1.9101612509984989,2.5061433042307575e-05,1.31201017122119e-05,31.976262176461514,69.33148667478864,20.0,1.4917033600278518e-05,4.026003220802821e-05,1.0609607094455836e-05,6.5786672902763e-05,0.0,Germany,DEU,baden-wurttemberg,,,Linux-7.0.0-31-generic-x86_64-with-glibc2.43,3.14.4,3.3.0,24,Intel(R) Core(TM) Ultra 9 285K,1,1 x NVIDIA GeForce RTX 5090,9.2986,48.7383,60.816158294677734,machine,0.0,0.0,0.0,0.0,N
rollout_94,2026-09-13T12:27:46,td3_Ant-v5_seed14577,b12b76e9-64f9-497e-827e-200d519e8f69,0.24763736200111452,2.8478071850469334e-06,1.1499268832739623e-05,31.993890437835358,69.24472380257649,20.0,2.461323080162059e-06,3.6352806860318054e-06,1.378936816682835e-06,7.475540582876916e-06,0.0,Germany,DEU,baden-wurttemberg,,,Linux-7.0.0-31-generic-x86_64-with-glibc2.43,3.14.4,3.3.0,24,Intel(R) Core(TM) Ultra 9 285K,1,1 x NVIDIA GeForce RTX 5090,9.2986,48.7383,60.816158294677734,machine,0.0,0.0,0.0,0.0,N
gradient_updates_94,2026-09-13T12:27:48,td3_Ant-v5_seed14577,b12b76e9-64f9-497e-827e-200d519e8f69,1.920471240999177,2.5113630524365143e-05,1.3076929558821228e-05,31.99324406138731,69.27549949952673,20.0,1.5153578511735433e-05,4.01028098599987e-05,1.0667303777801103e-05,6.592369214953459e-05,0.0,Germany,DEU,baden-wurttemberg,,,Linux-7.0.0-31-generic-x86_64-with-glibc2.43,3.14.4,3.3.0,24,Intel(R) Core(TM) Ultra 9 285K,1,1 x NVIDIA GeForce RTX 5090,9.2986,48.7383,60.816158294677734,machine,0.0,0.0,0.0,0.0,N
rollout_95,2026-09-13T12:27:48,td3_Ant-v5_seed14577,b12b76e9-64f9-497e-827e-200d519e8f69,0.22729418300150428,3.514154457415642e-06,1.5460871387177852e-05,32.01156759932072,69.38476619029657,20.0,2.2640104223176083e-06,5.700837893973798e-06,1.2598647888808958e-06,9.224713105172519e-06,0.0,Germany,DEU,baden-wurttemberg,,,Linux-7.0.0-31-generic-x86_64-with-glibc2.43,3.14.4,3.3.0,24,Intel(R) Core(TM) Ultra 9 285K,1,1 x NVIDIA GeForce RTX 5090,9.2986,48.7383,60.816158294677734,machine,0.0,0.0,0.0,0.0,N
gradient_updates_95,2026-09-13T12:27:50,td3_Ant-v5_seed14577,b12b76e9-64f9-497e-827e-200d519e8f69,1.9439878170014708,2.4962566143734224e-05,1.2840954780324416e-05,32.00678997458615,69.41212064954144,20.0,1.4384909841250182e-05,4.034392116403218e-05,1.079831466668118e-05,6.552714567196333e-05,0.0,Germany,DEU,baden-wurttemberg,,,Linux-7.0.0-31-generic-x86_64-with-glibc2.43,3.14.4,3.3.0,24,Intel(R) Core(TM) Ultra 9 285K,1,1 x NVIDIA GeForce RTX 5090,9.2986,48.7383,60.816158294677734,machine,0.0,0.0,0.0,0.0,N
rollout_96,2026-09-13T12:27:50,td3_Ant-v5_seed14577,b12b76e9-64f9-497e-827e-200d519e8f69,0.2491745709994575,3.423452308787007e-06,1.3738468765803236e-05,31.98551893609386,69.47536560597595,20.0,1.942559331821747e-06,5.660560083997623e-06,1.3834990611131647e-06,8.986618476931885e-06,0.0,Germany,DEU,baden-wurttemberg,,,Linux-7.0.0-31-generic-x86_64-with-glibc2.43,3.14.4,3.3.0,24,Intel(R) Core(TM) Ultra 9 285K,1,1 x NVIDIA GeForce RTX 5090,9.2986,48.7383,60.816158294677734,machine,0.0,0.0,0.0,0.0,N
gradient_updates_96,2026-09-13T12:27:52,td3_Ant-v5_seed14577,b12b76e9-64f9-497e-827e-200d519e8f69,1.906594400999893,2.5103685418740706e-05,1.3166827022326953e-05,31.96619126793411,69.50790040120197,20.0,1.5119873484771562e-05,4.0186698816002675e-05,1.0591013783333532e-05,6.589758608410712e-05,0.0,Germany,DEU,baden-wurttemberg,,,Linux-7.0.0-31-generic-x86_64-with-glibc2.43,3.14.4,3.3.0,24,Intel(R) Core(TM) Ultra 9 285K,1,1 x NVIDIA GeForce RTX 5090,9.2986,48.7383,60.816158294677734,machine,0.0,0.0,0.0,0.0,N
rollout_97,2026-09-13T12:27:53,td3_Ant-v5_seed14577,b12b76e9-64f9-497e-827e-200d519e8f69,0.23751679099950707,2.8323281407328232e-06,1.1924223923279988e-05,31.98756684294706,69.44083669511572,20.0,2.4086466491393677e-06,3.70778074398892e-06,1.3184804444688666e-06,7.434907837597371e-06,0.0,Germany,DEU,baden-wurttemberg,,,Linux-7.0.0-31-generic-x86_64-with-glibc2.43,3.14.4,3.3.0,24,Intel(R) Core(TM) Ultra 9 285K,1,1 x NVIDIA GeForce RTX 5090,9.2986,48.7383,60.816158294677734,machine,0.0,0.0,0.0,0.0,N
gradient_updates_97,2026-09-13T12:27:55,td3_Ant-v5_seed14577,b12b76e9-64f9-497e-827e-200d519e8f69,1.9337308529939037,2.546306538265099e-05,1.3167907568470444e-05,31.98288183097207,69.48642072338815,20.0,1.393262309054566e-05,4.2167255956071514e-05,1.0741085338870394e-05,6.68409643854867e-05,0.0,Germany,DEU,baden-wurttemberg,,,Linux-7.0.0-31-generic-x86_64-with-glibc2.43,3.14.4,3.3.0,24,Intel(R) Core(TM) Ultra 9 285K,1,1 x NVIDIA GeForce RTX 5090,9.2986,48.7383,60.816158294677734,machine,0.0,0.0,0.0,0.0,N
rollout_98,2026-09-13T12:27:55,td3_Ant-v5_seed14577,b12b76e9-64f9-497e-827e-200d519e8f69,0.25412547899759375,2.692875511179499e-06,1.0595552594778337e-05,31.964972319148856,69.39802614861375,20.0,2.020904394502143e-06,3.642225135935817e-06,1.40571286667379e-06,7.0688423971111e-06,0.0,Germany,DEU,baden-wurttemberg,,,Linux-7.0.0-31-generic-x86_64-with-glibc2.43,3.14.4,3.3.0,24,Intel(R) Core(TM) Ultra 9 285K,1,1 x NVIDIA GeForce RTX 5090,9.2986,48.7383,60.816158294677734,machine,0.0,0.0,0.0,0.0,N
gradient_updates_98,2026-09-13T12:27:57,td3_Ant-v5_seed14577,b12b76e9-64f9-497e-827e-200d519e8f69,1.910575775000325,2.5208548372881046e-05,1.3194267784877066e-05,31.948512472819562,69.42963525364863,20.0,1.5360385621623895e-05,4.0199476604163564e-05,1.0612990833356456e-05,6.617285305914392e-05,0.0,Germany,DEU,baden-wurttemberg,,,Linux-7.0.0-31-generic-x86_64-with-glibc2.43,3.14.4,3.3.0,24,Intel(R) Core(TM) Ultra 9 285K,1,1 x NVIDIA GeForce RTX 5090,9.2986,48.7383,60.816158294677734,machine,0.0,0.0,0.0,0.0,N
rollout_99,2026-09-13T12:27:57,td3_Ant-v5_seed14577,b12b76e9-64f9-497e-827e-200d519e8f69,0.2547501730005024,3.7178498228265626e-06,1.4593929463865453e-05,31.973866625364806,69.48488605631351,20.0,2.6441571153237864e-06,5.7008378937517534e-06,1.4144217721978256e-06,9.759416781274233e-06,0.0,Germany,DEU,baden-wurttemberg,,,Linux-7.0.0-31-generic-x86_64-with-glibc2.43,3.14.4,3.3.0,24,Intel(R) Core(TM) Ultra 9 285K,1,1 x NVIDIA GeForce RTX 5090,9.2986,48.7383,60.816158294677734,machine,0.0,0.0,0.0,0.0,N
gradient_updates_99,2026-09-13T12:27:59,td3_Ant-v5_seed14577,b12b76e9-64f9-497e-827e-200d519e8f69,1.9074750180006959,2.5226421656868864e-05,1.3225133829607655e-05,31.97812413896096,69.51878211930837,20.0,1.5172634915870675e-05,4.0453087918113084e-05,1.059404788886437e-05,6.62197707228477e-05,0.0,Germany,DEU,baden-wurttemberg,,,Linux-7.0.0-31-generic-x86_64-with-glibc2.43,3.14.4,3.3.0,24,Intel(R) Core(TM) Ultra 9 285K,1,1 x NVIDIA GeForce RTX 5090,9.2986,48.7383,60.816158294677734,machine,0.0,0.0,0.0,0.0,N
idle_baseline_tail,2026-09-13T12:29:29,td3_Ant-v5_seed14577,b12b76e9-64f9-497e-827e-200d519e8f69,90.00309793100314,0.0007285081699166928,8.094257855092852e-06,31.96084972226812,69.38179368499146,20.0,0.00037297573976923654,0.0010393572203739598,0.0005000129380499855,0.0019123458981931823,0.0,Germany,DEU,baden-wurttemberg,,,Linux-7.0.0-31-generic-x86_64-with-glibc2.43,3.14.4,3.3.0,24,Intel(R) Core(TM) Ultra 9 285K,1,1 x NVIDIA GeForce RTX 5090,9.2986,48.7383,60.816158294677734,machine,0.0,0.0,0.0,0.0,N
