task_name,timestamp,project_name,run_id,duration,emissions,emissions_rate,cpu_power,gpu_power,ram_power,cpu_energy,gpu_energy,ram_energy,energy_consumed,water_consumed,country_name,country_iso_code,region,cloud_provider,cloud_region,os,python_version,codecarbon_version,cpu_count,cpu_model,gpu_count,gpu_model,longitude,latitude,ram_total_size,tracking_mode,cpu_utilization_percent,gpu_utilization_percent,ram_utilization_percent,ram_used_gb,on_cloud
idle_baseline_head,2026-09-09T22:19:20,td3_Ant-v5_seed85062,00849b3d-9ed9-4b64-928c-4787b4eda454,90.00335540800006,0.0006405561585870146,7.117024985946404e-06,37.09914288440747,840.919198069723,20.0,0.0004346913463639038,0.0007297511393560274,0.0005170279397611416,0.0016814704254810727,0.0,Germany,DEU,baden-wurttemberg,,,Linux-7.0.0-31-generic-x86_64-with-glibc2.43,3.14.4,3.3.0,24,Intel(R) Core(TM) Ultra 9 285K,1,1 x NVIDIA GeForce RTX 5090,9.2986,48.7383,60.81614685058594,machine,0.0,0.0,0.0,0.0,N
warmup_0,2026-09-09T22:19:22,td3_Ant-v5_seed85062,00849b3d-9ed9-4b64-928c-4787b4eda454,1.3332757690077415,1.6004112228186723e-05,1.2003624265155914e-05,33.95597088005534,578.8998596719099,20.0,1.429140754423408e-05,2.0314460696058134e-05,7.4051889278053e-06,4.2011057168097514e-05,0.0,Germany,DEU,baden-wurttemberg,,,Linux-7.0.0-31-generic-x86_64-with-glibc2.43,3.14.4,3.3.0,24,Intel(R) Core(TM) Ultra 9 285K,1,1 x NVIDIA GeForce RTX 5090,9.2986,48.7383,60.81614685058594,machine,0.0,0.0,0.0,0.0,N
rollout_0,2026-09-09T22:19:22,td3_Ant-v5_seed85062,00849b3d-9ed9-4b64-928c-4787b4eda454,0.34531585800868925,4.496977097982811e-06,1.3023047952756482e-05,34.433825101063626,450.94884137111626,20.0,3.460670268538857e-06,6.4283384759722395e-06,1.915629916685339e-06,1.1804638661196435e-05,0.0,Germany,DEU,baden-wurttemberg,,,Linux-7.0.0-31-generic-x86_64-with-glibc2.43,3.14.4,3.3.0,24,Intel(R) Core(TM) Ultra 9 285K,1,1 x NVIDIA GeForce RTX 5090,9.2986,48.7383,60.81614685058594,machine,0.0,0.0,0.0,0.0,N
gradient_updates_0,2026-09-09T22:19:31,td3_Ant-v5_seed85062,00849b3d-9ed9-4b64-928c-4787b4eda454,9.2395152389945,0.00012496767134275528,1.3525364693289722e-05,34.48468664111138,377.5037740926664,20.0,6.181234694983828e-05,0.00021489572747190877,5.133411311665742e-05,0.0003280421875384047,0.0,Germany,DEU,baden-wurttemberg,,,Linux-7.0.0-31-generic-x86_64-with-glibc2.43,3.14.4,3.3.0,24,Intel(R) Core(TM) Ultra 9 285K,1,1 x NVIDIA GeForce RTX 5090,9.2986,48.7383,60.81614685058594,machine,0.0,0.0,0.0,0.0,N
rollout_1,2026-09-09T22:19:32,td3_Ant-v5_seed85062,00849b3d-9ed9-4b64-928c-4787b4eda454,0.26267335799639113,3.4551096203379534e-06,1.3153831051921974e-05,33.186768206451234,327.4952772007684,20.0,1.9629379592392415e-06,5.6486156299051515e-06,1.4581658499890956e-06,9.069719439133705e-06,0.0,Germany,DEU,baden-wurttemberg,,,Linux-7.0.0-31-generic-x86_64-with-glibc2.43,3.14.4,3.3.0,24,Intel(R) Core(TM) Ultra 9 285K,1,1 x NVIDIA GeForce RTX 5090,9.2986,48.7383,60.81614685058594,machine,0.0,0.0,0.0,0.0,N
gradient_updates_1,2026-09-09T22:19:40,td3_Ant-v5_seed85062,00849b3d-9ed9-4b64-928c-4787b4eda454,8.82127178000519,0.00012330546074580727,1.3978204530789136e-05,32.266027120711264,292.85256644662843,20.0,6.641194840729947e-05,0.00020826238883220327,4.9004520211100387e-05,0.00032367885745060313,0.0,Germany,DEU,baden-wurttemberg,,,Linux-7.0.0-31-generic-x86_64-with-glibc2.43,3.14.4,3.3.0,24,Intel(R) Core(TM) Ultra 9 285K,1,1 x NVIDIA GeForce RTX 5090,9.2986,48.7383,60.81614685058594,machine,0.0,0.0,0.0,0.0,N
rollout_2,2026-09-09T22:19:41,td3_Ant-v5_seed85062,00849b3d-9ed9-4b64-928c-4787b4eda454,0.24431204999564216,3.5685046886282544e-06,1.460547397886885e-05,32.59128716637195,266.6172242304612,20.0,2.3855041306267144e-06,5.626115612056282e-06,1.3557636111121438e-06,9.367383353795031e-06,0.0,Germany,DEU,baden-wurttemberg,,,Linux-7.0.0-31-generic-x86_64-with-glibc2.43,3.14.4,3.3.0,24,Intel(R) Core(TM) Ultra 9 285K,1,1 x NVIDIA GeForce RTX 5090,9.2986,48.7383,60.81614685058594,machine,0.0,0.0,0.0,0.0,N
gradient_updates_2,2026-09-09T22:19:50,td3_Ant-v5_seed85062,00849b3d-9ed9-4b64-928c-4787b4eda454,9.099719699996058,0.00012398180004237567,1.3624806607914184e-05,32.72298212187677,246.41520152400528,20.0,6.05675031761857e-05,0.00021433572702411752,5.0551029000052926e-05,0.00032545425920035625,0.0,Germany,DEU,baden-wurttemberg,,,Linux-7.0.0-31-generic-x86_64-with-glibc2.43,3.14.4,3.3.0,24,Intel(R) Core(TM) Ultra 9 285K,1,1 x NVIDIA GeForce RTX 5090,9.2986,48.7383,60.81614685058594,machine,0.0,0.0,0.0,0.0,N
rollout_3,2026-09-09T22:19:50,td3_Ant-v5_seed85062,00849b3d-9ed9-4b64-928c-4787b4eda454,0.2522414759878302,2.6258784028081964e-06,1.0410069537262714e-05,32.1740831450421,226.8704141924124,20.0,1.9236382055795587e-06,3.5691695217110464e-06,1.4001661611675415e-06,6.892973888458255e-06,0.0,Germany,DEU,baden-wurttemberg,,,Linux-7.0.0-31-generic-x86_64-with-glibc2.43,3.14.4,3.3.0,24,Intel(R) Core(TM) Ultra 9 285K,1,1 x NVIDIA GeForce RTX 5090,9.2986,48.7383,60.81614685058594,machine,0.0,0.0,0.0,0.0,N
gradient_updates_3,2026-09-09T22:19:59,td3_Ant-v5_seed85062,00849b3d-9ed9-4b64-928c-4787b4eda454,8.864491915999679,0.0001243609841621448,1.4029121956759401e-05,31.720467343782115,214.04466208210206,20.0,6.597380166788874e-05,0.00021123100231790204,4.9244819749987446e-05,0.00032644962373577823,0.0,Germany,DEU,baden-wurttemberg,,,Linux-7.0.0-31-generic-x86_64-with-glibc2.43,3.14.4,3.3.0,24,Intel(R) Core(TM) Ultra 9 285K,1,1 x NVIDIA GeForce RTX 5090,9.2986,48.7383,60.81614685058594,machine,0.0,0.0,0.0,0.0,N
rollout_4,2026-09-09T22:19:59,td3_Ant-v5_seed85062,00849b3d-9ed9-4b64-928c-4787b4eda454,0.24438422700040974,2.8484487841690716e-06,1.1655336696401392e-05,31.944456178741675,200.83163205546123,20.0,2.3552238286247973e-06,3.7652807902688323e-06,1.3567201722050658e-06,7.477224791098587e-06,0.0,Germany,DEU,baden-wurttemberg,,,Linux-7.0.0-31-generic-x86_64-with-glibc2.43,3.14.4,3.3.0,24,Intel(R) Core(TM) Ultra 9 285K,1,1 x NVIDIA GeForce RTX 5090,9.2986,48.7383,60.81614685058594,machine,0.0,0.0,0.0,0.0,N
gradient_updates_4,2026-09-09T22:20:07,td3_Ant-v5_seed85062,00849b3d-9ed9-4b64-928c-4787b4eda454,7.870909577002749,0.00011056481046683281,1.4047297563949863e-05,32.033170486960984,192.2156071606363,20.0,5.231871824382811e-05,0.00019419098868578288,4.372473451108409e-05,0.0002902344414406951,0.0,Germany,DEU,baden-wurttemberg,,,Linux-7.0.0-31-generic-x86_64-with-glibc2.43,3.14.4,3.3.0,24,Intel(R) Core(TM) Ultra 9 285K,1,1 x NVIDIA GeForce RTX 5090,9.2986,48.7383,60.81614685058594,machine,0.0,0.0,0.0,0.0,N
rollout_5,2026-09-09T22:20:07,td3_Ant-v5_seed85062,00849b3d-9ed9-4b64-928c-4787b4eda454,0.24398695699346717,3.4279778720332048e-06,1.4050426388379094e-05,31.735115368572504,184.54178591518826,20.0,1.903513745030172e-06,5.741115704172017e-06,1.3538687054986476e-06,8.998498154700729e-06,0.0,Germany,DEU,baden-wurttemberg,,,Linux-7.0.0-31-generic-x86_64-with-glibc2.43,3.14.4,3.3.0,24,Intel(R) Core(TM) Ultra 9 285K,1,1 x NVIDIA GeForce RTX 5090,9.2986,48.7383,60.81614685058594,machine,0.0,0.0,0.0,0.0,N
gradient_updates_5,2026-09-09T22:20:15,td3_Ant-v5_seed85062,00849b3d-9ed9-4b64-928c-4787b4eda454,7.797836322992225,0.00011130669410281714,1.4274061665681641e-05,31.452670774629343,178.2339647172154,20.0,5.408920938244216e-05,0.0001947737669298899,4.331892184442651e-05,0.00029218189815675847,0.0,Germany,DEU,baden-wurttemberg,,,Linux-7.0.0-31-generic-x86_64-with-glibc2.43,3.14.4,3.3.0,24,Intel(R) Core(TM) Ultra 9 285K,1,1 x NVIDIA GeForce RTX 5090,9.2986,48.7383,60.81614685058594,machine,0.0,0.0,0.0,0.0,N
rollout_6,2026-09-09T22:20:15,td3_Ant-v5_seed85062,00849b3d-9ed9-4b64-928c-4787b4eda454,0.2507224309956655,2.608138108557657e-06,1.0401604664464492e-05,31.21018822705066,170.25429406932705,20.0,1.9355740484561235e-06,3.519169482046891e-06,1.3916617944939895e-06,6.846405324997112e-06,0.0,Germany,DEU,baden-wurttemberg,,,Linux-7.0.0-31-generic-x86_64-with-glibc2.43,3.14.4,3.3.0,24,Intel(R) Core(TM) Ultra 9 285K,1,1 x NVIDIA GeForce RTX 5090,9.2986,48.7383,60.81614685058594,machine,0.0,0.0,0.0,0.0,N
gradient_updates_6,2026-09-09T22:20:23,td3_Ant-v5_seed85062,00849b3d-9ed9-4b64-928c-4787b4eda454,7.625906296001631,0.00011089023864675296,1.4541270847451038e-05,30.994157488862008,165.54065754417718,20.0,5.782514764897384e-05,0.0001908995971642291,4.2363950938872365e-05,0.000291088695752075,0.0,Germany,DEU,baden-wurttemberg,,,Linux-7.0.0-31-generic-x86_64-with-glibc2.43,3.14.4,3.3.0,24,Intel(R) Core(TM) Ultra 9 285K,1,1 x NVIDIA GeForce RTX 5090,9.2986,48.7383,60.81614685058594,machine,0.0,0.0,0.0,0.0,N
rollout_7,2026-09-09T22:20:23,td3_Ant-v5_seed85062,00849b3d-9ed9-4b64-928c-4787b4eda454,0.2474199080024846,3.5092414741473826e-06,1.4183375320905536e-05,30.872885623706182,161.07325938764484,20.0,1.996066596857138e-06,5.8433380076827746e-06,1.3724118389493636e-06,9.211816443489493e-06,0.0,Germany,DEU,baden-wurttemberg,,,Linux-7.0.0-31-generic-x86_64-with-glibc2.43,3.14.4,3.3.0,24,Intel(R) Core(TM) Ultra 9 285K,1,1 x NVIDIA GeForce RTX 5090,9.2986,48.7383,60.81614685058594,machine,0.0,0.0,0.0,0.0,N
gradient_updates_7,2026-09-09T22:20:31,td3_Ant-v5_seed85062,00849b3d-9ed9-4b64-928c-4787b4eda454,7.609066640987294,0.00011125676824387705,1.462161417525476e-05,30.75769334894567,157.35248328938133,20.0,5.876378201098709e-05,0.000191017097258106,4.226996268884655e-05,0.00029205084195793943,0.0,Germany,DEU,baden-wurttemberg,,,Linux-7.0.0-31-generic-x86_64-with-glibc2.43,3.14.4,3.3.0,24,Intel(R) Core(TM) Ultra 9 285K,1,1 x NVIDIA GeForce RTX 5090,9.2986,48.7383,60.81614685058594,machine,0.0,0.0,0.0,0.0,N
rollout_8,2026-09-09T22:20:31,td3_Ant-v5_seed85062,00849b3d-9ed9-4b64-928c-4787b4eda454,0.25185916300688405,3.442038029680518e-06,1.3666710739508086e-05,30.651228012900475,153.5034683026775,20.0,2.018768281687733e-06,5.618893384129464e-06,1.3977446333834779e-06,9.035406299201e-06,0.0,Germany,DEU,baden-wurttemberg,,,Linux-7.0.0-31-generic-x86_64-with-glibc2.43,3.14.4,3.3.0,24,Intel(R) Core(TM) Ultra 9 285K,1,1 x NVIDIA GeForce RTX 5090,9.2986,48.7383,60.81614685058594,machine,0.0,0.0,0.0,0.0,N
gradient_updates_8,2026-09-09T22:20:39,td3_Ant-v5_seed85062,00849b3d-9ed9-4b64-928c-4787b4eda454,7.582589519006433,0.0001112869350046058,1.4676658826749445e-05,30.555085916006945,150.48107373511434,20.0,6.038027830418402e-05,0.000189626540590071,4.212321130552378e-05,0.00029213003019977913,0.0,Germany,DEU,baden-wurttemberg,,,Linux-7.0.0-31-generic-x86_64-with-glibc2.43,3.14.4,3.3.0,24,Intel(R) Core(TM) Ultra 9 285K,1,1 x NVIDIA GeForce RTX 5090,9.2986,48.7383,60.81614685058594,machine,0.0,0.0,0.0,0.0,N
rollout_9,2026-09-09T22:20:39,td3_Ant-v5_seed85062,00849b3d-9ed9-4b64-928c-4787b4eda454,0.24466532599763013,3.7217979426417986e-06,1.5211954711744672e-05,30.83743123550022,147.60001630357672,20.0,2.5191536819901827e-06,5.89694916186545e-06,1.3536778167084129e-06,9.76978066056372e-06,0.0,Germany,DEU,baden-wurttemberg,,,Linux-7.0.0-31-generic-x86_64-with-glibc2.43,3.14.4,3.3.0,24,Intel(R) Core(TM) Ultra 9 285K,1,1 x NVIDIA GeForce RTX 5090,9.2986,48.7383,60.81614685058594,machine,0.0,0.0,0.0,0.0,N
gradient_updates_9,2026-09-09T22:20:47,td3_Ant-v5_seed85062,00849b3d-9ed9-4b64-928c-4787b4eda454,7.58627138499287,0.00011253457125701637,1.4833990647399006e-05,31.053293365670584,145.14474026235078,20.0,6.123568454406703e-05,0.0001920259869541141,4.21434243333352e-05,0.00029540509583151665,0.0,Germany,DEU,baden-wurttemberg,,,Linux-7.0.0-31-generic-x86_64-with-glibc2.43,3.14.4,3.3.0,24,Intel(R) Core(TM) Ultra 9 285K,1,1 x NVIDIA GeForce RTX 5090,9.2986,48.7383,60.81614685058594,machine,0.0,0.0,0.0,0.0,N
rollout_10,2026-09-09T22:20:47,td3_Ant-v5_seed85062,00849b3d-9ed9-4b64-928c-4787b4eda454,0.24583109600644093,2.932548122765253e-06,1.1928124156780724e-05,31.313462087316193,141.3997398164452,20.0,2.5674901095520952e-06,3.7675030140071897e-06,1.3629938111182297e-06,7.697986934677298e-06,0.0,Germany,DEU,baden-wurttemberg,,,Linux-7.0.0-31-generic-x86_64-with-glibc2.43,3.14.4,3.3.0,24,Intel(R) Core(TM) Ultra 9 285K,1,1 x NVIDIA GeForce RTX 5090,9.2986,48.7383,60.81614685058594,machine,0.0,0.0,0.0,0.0,N
gradient_updates_10,2026-09-09T22:20:54,td3_Ant-v5_seed85062,00849b3d-9ed9-4b64-928c-4787b4eda454,7.68250464599987,0.00011204098722528578,1.4583948227318448e-05,31.498232440551952,139.40121090805448,20.0,5.631164810483702e-05,0.00019511960053986144,4.267818100561261e-05,0.00029410942965031085,0.0,Germany,DEU,baden-wurttemberg,,,Linux-7.0.0-31-generic-x86_64-with-glibc2.43,3.14.4,3.3.0,24,Intel(R) Core(TM) Ultra 9 285K,1,1 x NVIDIA GeForce RTX 5090,9.2986,48.7383,60.81614685058594,machine,0.0,0.0,0.0,0.0,N
rollout_11,2026-09-09T22:20:55,td3_Ant-v5_seed85062,00849b3d-9ed9-4b64-928c-4787b4eda454,0.24172587400244083,3.655903065161257e-06,1.5124043758677206e-05,31.6322984650822,137.41295904978568,20.0,2.3688718950934384e-06,5.886115819864202e-06,1.3418178111249991e-06,9.596805526083073e-06,0.0,Germany,DEU,baden-wurttemberg,,,Linux-7.0.0-31-generic-x86_64-with-glibc2.43,3.14.4,3.3.0,24,Intel(R) Core(TM) Ultra 9 285K,1,1 x NVIDIA GeForce RTX 5090,9.2986,48.7383,60.81614685058594,machine,0.0,0.0,0.0,0.0,N
gradient_updates_11,2026-09-09T22:21:02,td3_Ant-v5_seed85062,00849b3d-9ed9-4b64-928c-4787b4eda454,7.551156538000214,0.00011117452463149094,1.4722876226358115e-05,31.7237163521557,135.7018781909642,20.0,5.857228463556491e-05,0.00019131459749610613,4.1948068994436885e-05,0.0002918349511261079,0.0,Germany,DEU,baden-wurttemberg,,,Linux-7.0.0-31-generic-x86_64-with-glibc2.43,3.14.4,3.3.0,24,Intel(R) Core(TM) Ultra 9 285K,1,1 x NVIDIA GeForce RTX 5090,9.2986,48.7383,60.81614685058594,machine,0.0,0.0,0.0,0.0,N
rollout_12,2026-09-09T22:21:03,td3_Ant-v5_seed85062,00849b3d-9ed9-4b64-928c-4787b4eda454,0.2524020529963309,3.5656968890816765e-06,1.4126755602321663e-05,31.619386543974258,133.87457048584432,20.0,2.035739406366921e-06,5.9233380720336015e-06,1.4009353555188755e-06,9.360012833919615e-06,0.0,Germany,DEU,baden-wurttemberg,,,Linux-7.0.0-31-generic-x86_64-with-glibc2.43,3.14.4,3.3.0,24,Intel(R) Core(TM) Ultra 9 285K,1,1 x NVIDIA GeForce RTX 5090,9.2986,48.7383,60.81614685058594,machine,0.0,0.0,0.0,0.0,N
gradient_updates_12,2026-09-09T22:21:10,td3_Ant-v5_seed85062,00849b3d-9ed9-4b64-928c-4787b4eda454,7.529778599011479,0.0001120621750289757,1.4882548631997767e-05,31.521635615878843,132.4288061580549,20.0,5.997386964572138e-05,0.0001923520983257987,4.183908001109053e-05,0.0002941650479826108,0.0,Germany,DEU,baden-wurttemberg,,,Linux-7.0.0-31-generic-x86_64-with-glibc2.43,3.14.4,3.3.0,24,Intel(R) Core(TM) Ultra 9 285K,1,1 x NVIDIA GeForce RTX 5090,9.2986,48.7383,60.81614685058594,machine,0.0,0.0,0.0,0.0,N
rollout_13,2026-09-09T22:21:10,td3_Ant-v5_seed85062,00849b3d-9ed9-4b64-928c-4787b4eda454,0.24342715500097256,2.9578268881547826e-06,1.2150984748289083e-05,31.67130621088669,129.96663480324383,20.0,2.455389186535595e-06,3.957780944308098e-06,1.351173977713659e-06,7.764344108557135e-06,0.0,Germany,DEU,baden-wurttemberg,,,Linux-7.0.0-31-generic-x86_64-with-glibc2.43,3.14.4,3.3.0,24,Intel(R) Core(TM) Ultra 9 285K,1,1 x NVIDIA GeForce RTX 5090,9.2986,48.7383,60.81614685058594,machine,0.0,0.0,0.0,0.0,N
gradient_updates_13,2026-09-09T22:21:18,td3_Ant-v5_seed85062,00849b3d-9ed9-4b64-928c-4787b4eda454,7.612340907988255,0.00011260489059002933,1.479242486682032e-05,31.77823417247472,128.74042286216905,20.0,5.882415594817003e-05,0.00019446904446396296,4.2296484822226246e-05,0.00029558968523435945,0.0,Germany,DEU,baden-wurttemberg,,,Linux-7.0.0-31-generic-x86_64-with-glibc2.43,3.14.4,3.3.0,24,Intel(R) Core(TM) Ultra 9 285K,1,1 x NVIDIA GeForce RTX 5090,9.2986,48.7383,60.81614685058594,machine,0.0,0.0,0.0,0.0,N
rollout_14,2026-09-09T22:21:18,td3_Ant-v5_seed85062,00849b3d-9ed9-4b64-928c-4787b4eda454,0.24676521100627724,2.671418121669763e-06,1.0824811671194732e-05,31.70580358085922,126.3628823202045,20.0,2.0357055174544114e-06,3.6072251079488638e-06,1.3695857722065448e-06,7.012516397610254e-06,0.0,Germany,DEU,baden-wurttemberg,,,Linux-7.0.0-31-generic-x86_64-with-glibc2.43,3.14.4,3.3.0,24,Intel(R) Core(TM) Ultra 9 285K,1,1 x NVIDIA GeForce RTX 5090,9.2986,48.7383,60.81614685058594,machine,0.0,0.0,0.0,0.0,N
gradient_updates_14,2026-09-09T22:21:26,td3_Ant-v5_seed85062,00849b3d-9ed9-4b64-928c-4787b4eda454,7.639792514004512,0.00011494856424947367,1.504604100038787e-05,31.637918392898925,125.34232075945883,20.0,6.262370621003266e-05,0.00019667821289814924,4.2439947933356394e-05,0.00030174186704153786,0.0,Germany,DEU,baden-wurttemberg,,,Linux-7.0.0-31-generic-x86_64-with-glibc2.43,3.14.4,3.3.0,24,Intel(R) Core(TM) Ultra 9 285K,1,1 x NVIDIA GeForce RTX 5090,9.2986,48.7383,60.81614685058594,machine,0.0,0.0,0.0,0.0,N
rollout_15,2026-09-09T22:21:26,td3_Ant-v5_seed85062,00849b3d-9ed9-4b64-928c-4787b4eda454,0.23833302399725653,2.8358861581070406e-06,1.189895705852636e-05,31.799238602996365,123.27562069702208,20.0,2.4782772604023395e-06,3.6433362478049958e-06,1.3226341833716144e-06,7.444247691578733e-06,0.0,Germany,DEU,baden-wurttemberg,,,Linux-7.0.0-31-generic-x86_64-with-glibc2.43,3.14.4,3.3.0,24,Intel(R) Core(TM) Ultra 9 285K,1,1 x NVIDIA GeForce RTX 5090,9.2986,48.7383,60.81614685058594,machine,0.0,0.0,0.0,0.0,N
gradient_updates_15,2026-09-09T22:21:34,td3_Ant-v5_seed85062,00849b3d-9ed9-4b64-928c-4787b4eda454,7.648674127005506,0.00011351487077375768,1.4841146376838966e-05,31.921793286278373,122.36483508460255,20.0,6.131040154828266e-05,0.00019417793312004328,4.249006347777648e-05,0.000297978398146102,0.0,Germany,DEU,baden-wurttemberg,,,Linux-7.0.0-31-generic-x86_64-with-glibc2.43,3.14.4,3.3.0,24,Intel(R) Core(TM) Ultra 9 285K,1,1 x NVIDIA GeForce RTX 5090,9.2986,48.7383,60.81614685058594,machine,0.0,0.0,0.0,0.0,N
rollout_16,2026-09-09T22:21:34,td3_Ant-v5_seed85062,00849b3d-9ed9-4b64-928c-4787b4eda454,0.24320341099519283,2.8282378681824746e-06,1.1629411244208997e-05,32.02124798119544,120.45741866546099,20.0,2.428516665035907e-06,3.640280689998221e-06,1.3553734500115593e-06,7.424170805046121e-06,0.0,Germany,DEU,baden-wurttemberg,,,Linux-7.0.0-31-generic-x86_64-with-glibc2.43,3.14.4,3.3.0,24,Intel(R) Core(TM) Ultra 9 285K,1,1 x NVIDIA GeForce RTX 5090,9.2986,48.7383,60.81614685058594,machine,0.0,0.0,0.0,0.0,N
gradient_updates_16,2026-09-09T22:21:42,td3_Ant-v5_seed85062,00849b3d-9ed9-4b64-928c-4787b4eda454,7.663635838005575,0.00011435864553182911,1.4922264480593351e-05,32.09141796761819,119.70422592302045,20.0,6.052662703237566e-05,0.00019709349100804907,4.257320268888083e-05,0.0003001933207293058,0.0,Germany,DEU,baden-wurttemberg,,,Linux-7.0.0-31-generic-x86_64-with-glibc2.43,3.14.4,3.3.0,24,Intel(R) Core(TM) Ultra 9 285K,1,1 x NVIDIA GeForce RTX 5090,9.2986,48.7383,60.81614685058594,machine,0.0,0.0,0.0,0.0,N
rollout_17,2026-09-09T22:21:42,td3_Ant-v5_seed85062,00849b3d-9ed9-4b64-928c-4787b4eda454,0.23721514201315586,2.8163530240723177e-06,1.1872700939560117e-05,32.197529508639896,118.02325720090907,20.0,2.4002710868817334e-06,3.676114051831547e-06,1.3165877555568022e-06,7.392972894270516e-06,0.0,Germany,DEU,baden-wurttemberg,,,Linux-7.0.0-31-generic-x86_64-with-glibc2.43,3.14.4,3.3.0,24,Intel(R) Core(TM) Ultra 9 285K,1,1 x NVIDIA GeForce RTX 5090,9.2986,48.7383,60.81614685058594,machine,0.0,0.0,0.0,0.0,N
gradient_updates_17,2026-09-09T22:21:50,td3_Ant-v5_seed85062,00849b3d-9ed9-4b64-928c-4787b4eda454,8.032527567003854,0.00011680535511337945,1.454155728443012e-05,32.27157735956464,117.32105879249909,20.0,5.9766350590816086e-05,0.000202226828448282,4.4622794483358246e-05,0.0003066159735224559,0.0,Germany,DEU,baden-wurttemberg,,,Linux-7.0.0-31-generic-x86_64-with-glibc2.43,3.14.4,3.3.0,24,Intel(R) Core(TM) Ultra 9 285K,1,1 x NVIDIA GeForce RTX 5090,9.2986,48.7383,60.81614685058594,machine,0.0,0.0,0.0,0.0,N
rollout_18,2026-09-09T22:21:50,td3_Ant-v5_seed85062,00849b3d-9ed9-4b64-928c-4787b4eda454,0.23790452899993397,3.687435376036486e-06,1.5498125789557684e-05,32.34288050304578,116.66651259804635,20.0,2.34060909470174e-06,6.018615925862392e-06,1.3203533388958695e-06,9.679578359460435e-06,0.0,Germany,DEU,baden-wurttemberg,,,Linux-7.0.0-31-generic-x86_64-with-glibc2.43,3.14.4,3.3.0,24,Intel(R) Core(TM) Ultra 9 285K,1,1 x NVIDIA GeForce RTX 5090,9.2986,48.7383,60.81614685058594,machine,0.0,0.0,0.0,0.0,N
gradient_updates_18,2026-09-09T22:21:59,td3_Ant-v5_seed85062,00849b3d-9ed9-4b64-928c-4787b4eda454,8.952486737005529,0.00012626901280808189,1.4104369128996908e-05,32.38484081407582,115.96016217249117,20.0,6.362566451159624e-05,0.00021809906336800466,4.973350235555293e-05,0.0003314582302351536,0.0,Germany,DEU,baden-wurttemberg,,,Linux-7.0.0-31-generic-x86_64-with-glibc2.43,3.14.4,3.3.0,24,Intel(R) Core(TM) Ultra 9 285K,1,1 x NVIDIA GeForce RTX 5090,9.2986,48.7383,60.81614685058594,machine,0.0,0.0,0.0,0.0,N
rollout_19,2026-09-09T22:21:59,td3_Ant-v5_seed85062,00849b3d-9ed9-4b64-928c-4787b4eda454,0.24249519500881433,3.5507962865746062e-06,1.4642897173688888e-05,32.27485955791771,115.35283320087679,20.0,1.885830397556354e-06,6.089171538103955e-06,1.3458965722140757e-06,9.320898507874167e-06,0.0,Germany,DEU,baden-wurttemberg,,,Linux-7.0.0-31-generic-x86_64-with-glibc2.43,3.14.4,3.3.0,24,Intel(R) Core(TM) Ultra 9 285K,1,1 x NVIDIA GeForce RTX 5090,9.2986,48.7383,60.81614685058594,machine,0.0,0.0,0.0,0.0,N
gradient_updates_19,2026-09-09T22:22:07,td3_Ant-v5_seed85062,00849b3d-9ed9-4b64-928c-4787b4eda454,7.87268155500351,0.00011453259894296302,1.4548119840920292e-05,32.162097402007724,114.81973662335575,20.0,5.4793113278904515e-05,0.00020212210614189985,4.3734731866667664e-05,0.00030064995128747333,0.0,Germany,DEU,baden-wurttemberg,,,Linux-7.0.0-31-generic-x86_64-with-glibc2.43,3.14.4,3.3.0,24,Intel(R) Core(TM) Ultra 9 285K,1,1 x NVIDIA GeForce RTX 5090,9.2986,48.7383,60.81614685058594,machine,0.0,0.0,0.0,0.0,N
rollout_20,2026-09-09T22:22:07,td3_Ant-v5_seed85062,00849b3d-9ed9-4b64-928c-4787b4eda454,0.25259914599882904,2.7445508183686178e-06,1.086544042883589e-05,32.1013084822267,113.41598106664873,20.0,2.0860930577612513e-06,3.7175029741209897e-06,1.4008948944037314e-06,7.2044909262859724e-06,0.0,Germany,DEU,baden-wurttemberg,,,Linux-7.0.0-31-generic-x86_64-with-glibc2.43,3.14.4,3.3.0,24,Intel(R) Core(TM) Ultra 9 285K,1,1 x NVIDIA GeForce RTX 5090,9.2986,48.7383,60.81614685058594,machine,0.0,0.0,0.0,0.0,N
gradient_updates_20,2026-09-09T22:22:15,td3_Ant-v5_seed85062,00849b3d-9ed9-4b64-928c-4787b4eda454,7.681418712003506,0.00011577731172904065,1.507238900024545e-05,32.04247850671629,112.96634682742507,20.0,6.237712490165387e-05,0.00019885904797600773,4.268116989446257e-05,0.00030391734277212396,0.0,Germany,DEU,baden-wurttemberg,,,Linux-7.0.0-31-generic-x86_64-with-glibc2.43,3.14.4,3.3.0,24,Intel(R) Core(TM) Ultra 9 285K,1,1 x NVIDIA GeForce RTX 5090,9.2986,48.7383,60.81614685058594,machine,0.0,0.0,0.0,0.0,N
rollout_21,2026-09-09T22:22:15,td3_Ant-v5_seed85062,00849b3d-9ed9-4b64-928c-4787b4eda454,0.23809725500177592,2.966691763004164e-06,1.2459687967660518e-05,32.122388359657734,111.85333973753646,20.0,2.3825199615690185e-06,4.083336599958187e-06,1.321757988949259e-06,7.787614550476898e-06,0.0,Germany,DEU,baden-wurttemberg,,,Linux-7.0.0-31-generic-x86_64-with-glibc2.43,3.14.4,3.3.0,24,Intel(R) Core(TM) Ultra 9 285K,1,1 x NVIDIA GeForce RTX 5090,9.2986,48.7383,60.81614685058594,machine,0.0,0.0,0.0,0.0,N
gradient_updates_21,2026-09-09T22:22:23,td3_Ant-v5_seed85062,00849b3d-9ed9-4b64-928c-4787b4eda454,7.702847284002928,0.00011485020631011927,1.491011050529389e-05,32.178154704288566,111.451788516065,20.0,5.9752855024464147e-05,0.00019893960359596008,4.2791217216613976e-05,0.00030148367583703733,0.0,Germany,DEU,baden-wurttemberg,,,Linux-7.0.0-31-generic-x86_64-with-glibc2.43,3.14.4,3.3.0,24,Intel(R) Core(TM) Ultra 9 285K,1,1 x NVIDIA GeForce RTX 5090,9.2986,48.7383,60.81614685058594,machine,0.0,0.0,0.0,0.0,N
rollout_22,2026-09-09T22:22:23,td3_Ant-v5_seed85062,00849b3d-9ed9-4b64-928c-4787b4eda454,0.24075356499815825,3.8030654120144863e-06,1.5795741162713102e-05,32.26246809101414,111.06466514864728,20.0,2.4422836204865406e-06,6.2050049638440186e-06,1.3358205166393196e-06,9.983109100969445e-06,0.0,Germany,DEU,baden-wurttemberg,,,Linux-7.0.0-31-generic-x86_64-with-glibc2.43,3.14.4,3.3.0,24,Intel(R) Core(TM) Ultra 9 285K,1,1 x NVIDIA GeForce RTX 5090,9.2986,48.7383,60.81614685058594,machine,0.0,0.0,0.0,0.0,N
gradient_updates_22,2026-09-09T22:22:31,td3_Ant-v5_seed85062,00849b3d-9ed9-4b64-928c-4787b4eda454,7.736307305996888,0.00011413556576545187,1.475326522797925e-05,32.319395361663624,110.68741312882285,20.0,5.769051476348097e-05,0.00019894043693025054,4.2976780988909736e-05,0.0002996077326826406,0.0,Germany,DEU,baden-wurttemberg,,,Linux-7.0.0-31-generic-x86_64-with-glibc2.43,3.14.4,3.3.0,24,Intel(R) Core(TM) Ultra 9 285K,1,1 x NVIDIA GeForce RTX 5090,9.2986,48.7383,60.81614685058594,machine,0.0,0.0,0.0,0.0,N
rollout_23,2026-09-09T22:22:31,td3_Ant-v5_seed85062,00849b3d-9ed9-4b64-928c-4787b4eda454,0.239432749003754,3.7623630328624882e-06,1.571372601348409e-05,32.404929285252926,110.30747815661108,20.0,2.4543039078908646e-06,6.093338207779908e-06,1.3286225722468868e-06,9.876264687918093e-06,0.0,Germany,DEU,baden-wurttemberg,,,Linux-7.0.0-31-generic-x86_64-with-glibc2.43,3.14.4,3.3.0,24,Intel(R) Core(TM) Ultra 9 285K,1,1 x NVIDIA GeForce RTX 5090,9.2986,48.7383,60.81614685058594,machine,0.0,0.0,0.0,0.0,N
gradient_updates_23,2026-09-09T22:22:39,td3_Ant-v5_seed85062,00849b3d-9ed9-4b64-928c-4787b4eda454,7.777259809998213,0.00011430295289369032,1.4697090064990976e-05,32.4623822754415,109.95593520852923,20.0,5.7280393046504896e-05,0.00019956210409399766,4.320462949997626e-05,0.0003000471266404788,0.0,Germany,DEU,baden-wurttemberg,,,Linux-7.0.0-31-generic-x86_64-with-glibc2.43,3.14.4,3.3.0,24,Intel(R) Core(TM) Ultra 9 285K,1,1 x NVIDIA GeForce RTX 5090,9.2986,48.7383,60.81614685058594,machine,0.0,0.0,0.0,0.0,N
rollout_24,2026-09-09T22:22:39,td3_Ant-v5_seed85062,00849b3d-9ed9-4b64-928c-4787b4eda454,0.24992973099870142,3.611221955491465e-06,1.444916454314711e-05,32.372882207723514,109.54634329491365,20.0,1.9460515568447967e-06,6.1472271399853895e-06,1.3862381833152238e-06,9.47951688014606e-06,0.0,Germany,DEU,baden-wurttemberg,,,Linux-7.0.0-31-generic-x86_64-with-glibc2.43,3.14.4,3.3.0,24,Intel(R) Core(TM) Ultra 9 285K,1,1 x NVIDIA GeForce RTX 5090,9.2986,48.7383,60.81614685058594,machine,0.0,0.0,0.0,0.0,N
gradient_updates_24,2026-09-09T22:22:47,td3_Ant-v5_seed85062,00849b3d-9ed9-4b64-928c-4787b4eda454,7.712633250004728,0.000115479107701755,1.4972723927843124e-05,32.28838141794444,109.23399507464514,20.0,6.106676996449345e-05,0.00019922127048799254,4.2846511855572714e-05,0.0003031345523080587,0.0,Germany,DEU,baden-wurttemberg,,,Linux-7.0.0-31-generic-x86_64-with-glibc2.43,3.14.4,3.3.0,24,Intel(R) Core(TM) Ultra 9 285K,1,1 x NVIDIA GeForce RTX 5090,9.2986,48.7383,60.81614685058594,machine,0.0,0.0,0.0,0.0,N
rollout_25,2026-09-09T22:22:47,td3_Ant-v5_seed85062,00849b3d-9ed9-4b64-928c-4787b4eda454,0.24064873499446549,3.7469682681976098e-06,1.5570552740746757e-05,32.3431172469505,108.90933819805177,20.0,2.375484122602023e-06,6.125004899937281e-06,1.3353641555619196e-06,9.83585317810079e-06,0.0,Germany,DEU,baden-wurttemberg,,,Linux-7.0.0-31-generic-x86_64-with-glibc2.43,3.14.4,3.3.0,24,Intel(R) Core(TM) Ultra 9 285K,1,1 x NVIDIA GeForce RTX 5090,9.2986,48.7383,60.81614685058594,machine,0.0,0.0,0.0,0.0,N
gradient_updates_25,2026-09-09T22:22:55,td3_Ant-v5_seed85062,00849b3d-9ed9-4b64-928c-4787b4eda454,7.8247261560027255,0.00011436995289704384,1.461650703167228e-05,32.37326169758071,108.61692701910758,20.0,5.5003548447257744e-05,0.00020175155029011904,4.3467904011130435e-05,0.0003002230027485068,0.0,Germany,DEU,baden-wurttemberg,,,Linux-7.0.0-31-generic-x86_64-with-glibc2.43,3.14.4,3.3.0,24,Intel(R) Core(TM) Ultra 9 285K,1,1 x NVIDIA GeForce RTX 5090,9.2986,48.7383,60.81614685058594,machine,0.0,0.0,0.0,0.0,N
rollout_26,2026-09-09T22:22:55,td3_Ant-v5_seed85062,00849b3d-9ed9-4b64-928c-4787b4eda454,0.24315968000155408,2.764648622873879e-06,1.1368596192195874e-05,32.31236588078614,107.71841271300904,20.0,1.9724324112763147e-06,3.935280926015139e-06,1.3495346555525683e-06,7.257247992843371e-06,0.0,Germany,DEU,baden-wurttemberg,,,Linux-7.0.0-31-generic-x86_64-with-glibc2.43,3.14.4,3.3.0,24,Intel(R) Core(TM) Ultra 9 285K,1,1 x NVIDIA GeForce RTX 5090,9.2986,48.7383,60.81614685058594,machine,0.0,0.0,0.0,0.0,N
gradient_updates_26,2026-09-09T22:23:03,td3_Ant-v5_seed85062,00849b3d-9ed9-4b64-928c-4787b4eda454,7.668394683001679,0.00011605519183780725,1.5134228411302882e-05,32.25334031882212,107.48049529829709,20.0,6.145971722328752e-05,0.00020058182713222905,4.260523826111855e-05,0.0003046467826166351,0.0,Germany,DEU,baden-wurttemberg,,,Linux-7.0.0-31-generic-x86_64-with-glibc2.43,3.14.4,3.3.0,24,Intel(R) Core(TM) Ultra 9 285K,1,1 x NVIDIA GeForce RTX 5090,9.2986,48.7383,60.81614685058594,machine,0.0,0.0,0.0,0.0,N
rollout_27,2026-09-09T22:23:03,td3_Ant-v5_seed85062,00849b3d-9ed9-4b64-928c-4787b4eda454,0.2343239900073968,2.9621641412162607e-06,1.2641543475371766e-05,32.30782271616728,106.72756798914891,20.0,2.324740470897868e-06,4.15055887592608e-06,1.3004301221775441e-06,7.77572946900236e-06,0.0,Germany,DEU,baden-wurttemberg,,,Linux-7.0.0-31-generic-x86_64-with-glibc2.43,3.14.4,3.3.0,24,Intel(R) Core(TM) Ultra 9 285K,1,1 x NVIDIA GeForce RTX 5090,9.2986,48.7383,60.81614685058594,machine,0.0,0.0,0.0,0.0,N
gradient_updates_27,2026-09-09T22:23:11,td3_Ant-v5_seed85062,00849b3d-9ed9-4b64-928c-4787b4eda454,7.7317099750071066,0.0001164559069583679,1.5062127083968925e-05,32.34451879380631,106.5198239643648,20.0,5.991453015380399e-05,0.00020284182893970382,4.294230728887167e-05,0.0003056986663823799,0.0,Germany,DEU,baden-wurttemberg,,,Linux-7.0.0-31-generic-x86_64-with-glibc2.43,3.14.4,3.3.0,24,Intel(R) Core(TM) Ultra 9 285K,1,1 x NVIDIA GeForce RTX 5090,9.2986,48.7383,60.81614685058594,machine,0.0,0.0,0.0,0.0,N
rollout_28,2026-09-09T22:23:11,td3_Ant-v5_seed85062,00849b3d-9ed9-4b64-928c-4787b4eda454,0.24523537399363704,2.9560528291179555e-06,1.2054239671733958e-05,32.397353331013896,105.71363371159025,20.0,2.4392147291441013e-06,3.9591698342000825e-06,1.3613026111367402e-06,7.759687174480057e-06,0.0,Germany,DEU,baden-wurttemberg,,,Linux-7.0.0-31-generic-x86_64-with-glibc2.43,3.14.4,3.3.0,24,Intel(R) Core(TM) Ultra 9 285K,1,1 x NVIDIA GeForce RTX 5090,9.2986,48.7383,60.81614685058594,machine,0.0,0.0,0.0,0.0,N
gradient_updates_28,2026-09-09T22:23:19,td3_Ant-v5_seed85062,00849b3d-9ed9-4b64-928c-4787b4eda454,7.782306445995346,0.0001150397100105607,1.4782227286173516e-05,32.42836372072375,105.52130865524087,20.0,5.5592299196022266e-05,0.00020315627363598487,4.323255332775366e-05,0.00030198112615976123,0.0,Germany,DEU,baden-wurttemberg,,,Linux-7.0.0-31-generic-x86_64-with-glibc2.43,3.14.4,3.3.0,24,Intel(R) Core(TM) Ultra 9 285K,1,1 x NVIDIA GeForce RTX 5090,9.2986,48.7383,60.81614685058594,machine,0.0,0.0,0.0,0.0,N
rollout_29,2026-09-09T22:23:19,td3_Ant-v5_seed85062,00849b3d-9ed9-4b64-928c-4787b4eda454,0.24065605700889137,2.9785980241291837e-06,1.2377061405676922e-05,32.468268321821526,104.81680153135468,20.0,2.352578826504692e-06,4.130836638083224e-06,1.3354532166784741e-06,7.818868681267258e-06,0.0,Germany,DEU,baden-wurttemberg,,,Linux-7.0.0-31-generic-x86_64-with-glibc2.43,3.14.4,3.3.0,24,Intel(R) Core(TM) Ultra 9 285K,1,1 x NVIDIA GeForce RTX 5090,9.2986,48.7383,60.81614685058594,machine,0.0,0.0,0.0,0.0,N
gradient_updates_29,2026-09-09T22:23:27,td3_Ant-v5_seed85062,00849b3d-9ed9-4b64-928c-4787b4eda454,7.704403857002035,0.0001155634123947433,1.4999667521023174e-05,32.49185795479385,104.65145247192174,20.0,5.849046373677946e-05,0.0002020571060901144,4.2808283683391096e-05,0.00030335585351028496,0.0,Germany,DEU,baden-wurttemberg,,,Linux-7.0.0-31-generic-x86_64-with-glibc2.43,3.14.4,3.3.0,24,Intel(R) Core(TM) Ultra 9 285K,1,1 x NVIDIA GeForce RTX 5090,9.2986,48.7383,60.81614685058594,machine,0.0,0.0,0.0,0.0,N
rollout_30,2026-09-09T22:23:27,td3_Ant-v5_seed85062,00849b3d-9ed9-4b64-928c-4787b4eda454,0.24420364300021902,2.9370015953563908e-06,1.2026226590831057e-05,32.56253989162736,103.89837223884817,20.0,2.531971192237803e-06,3.8236141699510284e-06,1.3540920111054008e-06,7.709677373294449e-06,0.0,Germany,DEU,baden-wurttemberg,,,Linux-7.0.0-31-generic-x86_64-with-glibc2.43,3.14.4,3.3.0,24,Intel(R) Core(TM) Ultra 9 285K,1,1 x NVIDIA GeForce RTX 5090,9.2986,48.7383,60.81614685058594,machine,0.0,0.0,0.0,0.0,N
gradient_updates_30,2026-09-09T22:23:35,td3_Ant-v5_seed85062,00849b3d-9ed9-4b64-928c-4787b4eda454,7.811951603987836,0.0001170012288321063,1.4977234587435166e-05,32.61285881755358,103.74573990816266,20.0,5.9814788685122466e-05,0.0002039184964681695,4.339686009439503e-05,0.00030713014524768635,0.0,Germany,DEU,baden-wurttemberg,,,Linux-7.0.0-31-generic-x86_64-with-glibc2.43,3.14.4,3.3.0,24,Intel(R) Core(TM) Ultra 9 285K,1,1 x NVIDIA GeForce RTX 5090,9.2986,48.7383,60.81614685058594,machine,0.0,0.0,0.0,0.0,N
rollout_31,2026-09-09T22:23:35,td3_Ant-v5_seed85062,00849b3d-9ed9-4b64-928c-4787b4eda454,0.2459315249870997,3.643963933320539e-06,1.4816946296319067e-05,32.55673932972594,103.54996175337689,20.0,1.9928960387563532e-06,6.206393853736003e-06,1.3661752166322597e-06,9.5654651091244e-06,0.0,Germany,DEU,baden-wurttemberg,,,Linux-7.0.0-31-generic-x86_64-with-glibc2.43,3.14.4,3.3.0,24,Intel(R) Core(TM) Ultra 9 285K,1,1 x NVIDIA GeForce RTX 5090,9.2986,48.7383,60.81614685058594,machine,0.0,0.0,0.0,0.0,N
gradient_updates_31,2026-09-09T22:23:43,td3_Ant-v5_seed85062,00849b3d-9ed9-4b64-928c-4787b4eda454,7.677010817991686,0.00011561137162557824,1.505943539742361e-05,32.50132116604436,103.40627127679377,20.0,6.055119344091503e-05,0.0002002826602260921,4.264789361105694e-05,0.0003034817472780636,0.0,Germany,DEU,baden-wurttemberg,,,Linux-7.0.0-31-generic-x86_64-with-glibc2.43,3.14.4,3.3.0,24,Intel(R) Core(TM) Ultra 9 285K,1,1 x NVIDIA GeForce RTX 5090,9.2986,48.7383,60.81614685058594,machine,0.0,0.0,0.0,0.0,N
rollout_32,2026-09-09T22:23:43,td3_Ant-v5_seed85062,00849b3d-9ed9-4b64-928c-4787b4eda454,0.24053785399883054,2.884629751130456e-06,1.1992425497594891e-05,32.54488649432341,102.73299503273698,20.0,2.389335522580416e-06,3.847780855936733e-06,1.335084044452265e-06,7.5722004229689804e-06,0.0,Germany,DEU,baden-wurttemberg,,,Linux-7.0.0-31-generic-x86_64-with-glibc2.43,3.14.4,3.3.0,24,Intel(R) Core(TM) Ultra 9 285K,1,1 x NVIDIA GeForce RTX 5090,9.2986,48.7383,60.81614685058594,machine,0.0,0.0,0.0,0.0,N
gradient_updates_32,2026-09-09T22:23:51,td3_Ant-v5_seed85062,00849b3d-9ed9-4b64-928c-4787b4eda454,7.819717441001558,0.00011540769516101175,1.475857930090312e-05,32.568457289282705,102.61144178222443,20.0,5.458652644697165e-05,0.0002049207194922964,4.3439847277719924e-05,0.00030294709321698754,0.0,Germany,DEU,baden-wurttemberg,,,Linux-7.0.0-31-generic-x86_64-with-glibc2.43,3.14.4,3.3.0,24,Intel(R) Core(TM) Ultra 9 285K,1,1 x NVIDIA GeForce RTX 5090,9.2986,48.7383,60.81614685058594,machine,0.0,0.0,0.0,0.0,N
rollout_33,2026-09-09T22:23:51,td3_Ant-v5_seed85062,00849b3d-9ed9-4b64-928c-4787b4eda454,0.23899936300585978,3.7964106239136985e-06,1.5884924712235653e-05,32.606931247040116,102.4984291002863,20.0,2.360784666401161e-06,6.279171689937968e-06,1.325683816685505e-06,9.965640173024634e-06,0.0,Germany,DEU,baden-wurttemberg,,,Linux-7.0.0-31-generic-x86_64-with-glibc2.43,3.14.4,3.3.0,24,Intel(R) Core(TM) Ultra 9 285K,1,1 x NVIDIA GeForce RTX 5090,9.2986,48.7383,60.81614685058594,machine,0.0,0.0,0.0,0.0,N
gradient_updates_33,2026-09-09T22:23:59,td3_Ant-v5_seed85062,00849b3d-9ed9-4b64-928c-4787b4eda454,7.836956661994918,0.00011566466439976407,1.4758889762164132e-05,32.626244476439716,102.38545107885973,20.0,5.442412242815525e-05,0.0002056612756398124,4.353624361667441e-05,0.00030362164168464163,0.0,Germany,DEU,baden-wurttemberg,,,Linux-7.0.0-31-generic-x86_64-with-glibc2.43,3.14.4,3.3.0,24,Intel(R) Core(TM) Ultra 9 285K,1,1 x NVIDIA GeForce RTX 5090,9.2986,48.7383,60.81614685058594,machine,0.0,0.0,0.0,0.0,N
rollout_34,2026-09-09T22:23:59,td3_Ant-v5_seed85062,00849b3d-9ed9-4b64-928c-4787b4eda454,0.24711637999280356,2.872954751787296e-06,1.1624877165319266e-05,32.565064378652295,101.81691957682148,20.0,1.953291284856329e-06,4.2163922622240335e-06,1.371869811070403e-06,7.5415533581507654e-06,0.0,Germany,DEU,baden-wurttemberg,,,Linux-7.0.0-31-generic-x86_64-with-glibc2.43,3.14.4,3.3.0,24,Intel(R) Core(TM) Ultra 9 285K,1,1 x NVIDIA GeForce RTX 5090,9.2986,48.7383,60.81614685058594,machine,0.0,0.0,0.0,0.0,N
gradient_updates_34,2026-09-09T22:24:07,td3_Ant-v5_seed85062,00849b3d-9ed9-4b64-928c-4787b4eda454,7.642268909010454,0.00011691712307393409,1.5298759040676604e-05,32.50681474103094,101.73200172037751,20.0,6.148091001802192e-05,0.00020297377349010048,4.2454682744492815e-05,0.0003069093662526161,0.0,Germany,DEU,baden-wurttemberg,,,Linux-7.0.0-31-generic-x86_64-with-glibc2.43,3.14.4,3.3.0,24,Intel(R) Core(TM) Ultra 9 285K,1,1 x NVIDIA GeForce RTX 5090,9.2986,48.7383,60.81614685058594,machine,0.0,0.0,0.0,0.0,N
rollout_35,2026-09-09T22:24:07,td3_Ant-v5_seed85062,00849b3d-9ed9-4b64-928c-4787b4eda454,0.2371583019994432,2.922745900214678e-06,1.2324486459434174e-05,32.5510955479256,101.16494479099977,20.0,2.3909463571988865e-06,3.957503165841203e-06,1.3238064166215362e-06,7.67225593966206e-06,0.0,Germany,DEU,baden-wurttemberg,,,Linux-7.0.0-31-generic-x86_64-with-glibc2.43,3.14.4,3.3.0,24,Intel(R) Core(TM) Ultra 9 285K,1,1 x NVIDIA GeForce RTX 5090,9.2986,48.7383,60.81614685058594,machine,0.0,0.0,0.0,0.0,N
gradient_updates_35,2026-09-09T22:24:15,td3_Ant-v5_seed85062,00849b3d-9ed9-4b64-928c-4787b4eda454,7.66797572899668,0.0001141920102054458,1.489208562532906e-05,32.57818600232979,101.07666558065682,20.0,5.5775963787405014e-05,0.00020138016110404777,4.2599775372218623e-05,0.0002997559002636714,0.0,Germany,DEU,baden-wurttemberg,,,Linux-7.0.0-31-generic-x86_64-with-glibc2.43,3.14.4,3.3.0,24,Intel(R) Core(TM) Ultra 9 285K,1,1 x NVIDIA GeForce RTX 5090,9.2986,48.7383,60.81614685058594,machine,0.0,0.0,0.0,0.0,N
rollout_36,2026-09-09T22:24:15,td3_Ant-v5_seed85062,00849b3d-9ed9-4b64-928c-4787b4eda454,0.2510023960057879,3.612341896784381e-06,1.4392160762860817e-05,32.531239780691614,100.89008247810808,20.0,2.038756908781525e-06,6.051393730110988e-06,1.3923061055213723e-06,9.482456744414752e-06,0.0,Germany,DEU,baden-wurttemberg,,,Linux-7.0.0-31-generic-x86_64-with-glibc2.43,3.14.4,3.3.0,24,Intel(R) Core(TM) Ultra 9 285K,1,1 x NVIDIA GeForce RTX 5090,9.2986,48.7383,60.81614685058594,machine,0.0,0.0,0.0,0.0,N
gradient_updates_36,2026-09-09T22:24:23,td3_Ant-v5_seed85062,00849b3d-9ed9-4b64-928c-4787b4eda454,7.628282862002379,0.00011515998848530672,1.509645675015787e-05,32.48517033599063,100.79876121416035,20.0,6.104145744423306e-05,0.00019887765910175936,4.237774258330704e-05,0.00030229685912929946,0.0,Germany,DEU,baden-wurttemberg,,,Linux-7.0.0-31-generic-x86_64-with-glibc2.43,3.14.4,3.3.0,24,Intel(R) Core(TM) Ultra 9 285K,1,1 x NVIDIA GeForce RTX 5090,9.2986,48.7383,60.81614685058594,machine,0.0,0.0,0.0,0.0,N
rollout_37,2026-09-09T22:24:23,td3_Ant-v5_seed85062,00849b3d-9ed9-4b64-928c-4787b4eda454,0.24555249599507079,2.964652398647523e-06,1.20732995176894e-05,32.532188136240755,100.24616487006925,20.0,2.4862628223501493e-06,3.933058702054737e-06,1.3629396611778387e-06,7.782261185583159e-06,0.0,Germany,DEU,baden-wurttemberg,,,Linux-7.0.0-31-generic-x86_64-with-glibc2.43,3.14.4,3.3.0,24,Intel(R) Core(TM) Ultra 9 285K,1,1 x NVIDIA GeForce RTX 5090,9.2986,48.7383,60.81614685058594,machine,0.0,0.0,0.0,0.0,N
gradient_updates_37,2026-09-09T22:24:31,td3_Ant-v5_seed85062,00849b3d-9ed9-4b64-928c-4787b4eda454,7.691556157995365,0.00011467483512642932,1.4909201439126544e-05,32.56395877452949,100.16232876541206,20.0,5.827556939820566e-05,0.0002000196044600333,4.272814974441057e-05,0.0003010233236026491,0.0,Germany,DEU,baden-wurttemberg,,,Linux-7.0.0-31-generic-x86_64-with-glibc2.43,3.14.4,3.3.0,24,Intel(R) Core(TM) Ultra 9 285K,1,1 x NVIDIA GeForce RTX 5090,9.2986,48.7383,60.81614685058594,machine,0.0,0.0,0.0,0.0,N
rollout_38,2026-09-09T22:24:31,td3_Ant-v5_seed85062,00849b3d-9ed9-4b64-928c-4787b4eda454,0.24998549399606418,3.6102970099186407e-06,1.4440678457201253e-05,32.516685471122564,100.00468131083703,20.0,2.0147841118325904e-06,6.075004859829036e-06,1.387299911180355e-06,9.477088882842849e-06,0.0,Germany,DEU,baden-wurttemberg,,,Linux-7.0.0-31-generic-x86_64-with-glibc2.43,3.14.4,3.3.0,24,Intel(R) Core(TM) Ultra 9 285K,1,1 x NVIDIA GeForce RTX 5090,9.2986,48.7383,60.81614685058594,machine,0.0,0.0,0.0,0.0,N
gradient_updates_38,2026-09-09T22:24:39,td3_Ant-v5_seed85062,00849b3d-9ed9-4b64-928c-4787b4eda454,7.652763949998189,0.0001145000661000057,1.4961936291569013e-05,32.470375791801324,99.91496597365179,20.0,6.091972651352251e-05,0.00019713154659406484,4.25132789333778e-05,0.0003005645520409647,0.0,Germany,DEU,baden-wurttemberg,,,Linux-7.0.0-31-generic-x86_64-with-glibc2.43,3.14.4,3.3.0,24,Intel(R) Core(TM) Ultra 9 285K,1,1 x NVIDIA GeForce RTX 5090,9.2986,48.7383,60.81614685058594,machine,0.0,0.0,0.0,0.0,N
rollout_39,2026-09-09T22:24:39,td3_Ant-v5_seed85062,00849b3d-9ed9-4b64-928c-4787b4eda454,0.2385701710009016,3.807003735104876e-06,1.595792406770822e-05,32.517811623964725,99.8459644105495,20.0,2.4294999991583688e-06,6.240282770075822e-06,1.323664494460447e-06,9.993447263694638e-06,0.0,Germany,DEU,baden-wurttemberg,,,Linux-7.0.0-31-generic-x86_64-with-glibc2.43,3.14.4,3.3.0,24,Intel(R) Core(TM) Ultra 9 285K,1,1 x NVIDIA GeForce RTX 5090,9.2986,48.7383,60.81614685058594,machine,0.0,0.0,0.0,0.0,N
gradient_updates_39,2026-09-09T22:24:47,td3_Ant-v5_seed85062,00849b3d-9ed9-4b64-928c-4787b4eda454,7.650970554997912,0.0001144611144849551,1.4960353389658107e-05,32.55281761072262,99.75759031017392,20.0,6.136223075640934e-05,0.00019659793505599765,4.2502137599998054e-05,0.0003004623034124042,0.0,Germany,DEU,baden-wurttemberg,,,Linux-7.0.0-31-generic-x86_64-with-glibc2.43,3.14.4,3.3.0,24,Intel(R) Core(TM) Ultra 9 285K,1,1 x NVIDIA GeForce RTX 5090,9.2986,48.7383,60.81614685058594,machine,0.0,0.0,0.0,0.0,N
rollout_40,2026-09-09T22:24:47,td3_Ant-v5_seed85062,00849b3d-9ed9-4b64-928c-4787b4eda454,0.24970996899355669,3.8397103804283655e-06,1.537711346938095e-05,32.61219378755054,99.61311602371833,20.0,2.625303766899678e-06,6.069171521794203e-06,1.3848274555737852e-06,1.00793027442668e-05,0.0,Germany,DEU,baden-wurttemberg,,,Linux-7.0.0-31-generic-x86_64-with-glibc2.43,3.14.4,3.3.0,24,Intel(R) Core(TM) Ultra 9 285K,1,1 x NVIDIA GeForce RTX 5090,9.2986,48.7383,60.81614685058594,machine,0.0,0.0,0.0,0.0,N
gradient_updates_40,2026-09-09T22:24:54,td3_Ant-v5_seed85062,00849b3d-9ed9-4b64-928c-4787b4eda454,7.654800014002831,0.00011535893192393936,1.5070158602966834e-05,32.6591990053646,99.52747991190365,20.0,6.397286923380541e-05,0.00019632237928024487,4.2523840405596716e-05,0.000302819088919647,0.0,Germany,DEU,baden-wurttemberg,,,Linux-7.0.0-31-generic-x86_64-with-glibc2.43,3.14.4,3.3.0,24,Intel(R) Core(TM) Ultra 9 285K,1,1 x NVIDIA GeForce RTX 5090,9.2986,48.7383,60.81614685058594,machine,0.0,0.0,0.0,0.0,N
rollout_41,2026-09-09T22:24:55,td3_Ant-v5_seed85062,00849b3d-9ed9-4b64-928c-4787b4eda454,0.24655375399743207,3.830628371459706e-06,1.553600245800689e-05,32.710570326012956,99.41089403352397,20.0,2.5604370483545136e-06,6.12639379005131e-06,1.3686314833142796e-06,1.005546232172097e-05,0.0,Germany,DEU,baden-wurttemberg,,,Linux-7.0.0-31-generic-x86_64-with-glibc2.43,3.14.4,3.3.0,24,Intel(R) Core(TM) Ultra 9 285K,1,1 x NVIDIA GeForce RTX 5090,9.2986,48.7383,60.81614685058594,machine,0.0,0.0,0.0,0.0,N
gradient_updates_41,2026-09-09T22:25:02,td3_Ant-v5_seed85062,00849b3d-9ed9-4b64-928c-4787b4eda454,7.780584448002628,0.00011514351428249144,1.4798849396496985e-05,32.746945550883645,99.33001294495351,20.0,5.937255583134127e-05,0.00019965432638979763,4.3226731855490214e-05,0.0003022536140766287,0.0,Germany,DEU,baden-wurttemberg,,,Linux-7.0.0-31-generic-x86_64-with-glibc2.43,3.14.4,3.3.0,24,Intel(R) Core(TM) Ultra 9 285K,1,1 x NVIDIA GeForce RTX 5090,9.2986,48.7383,60.81614685058594,machine,0.0,0.0,0.0,0.0,N
rollout_42,2026-09-09T22:25:03,td3_Ant-v5_seed85062,00849b3d-9ed9-4b64-928c-4787b4eda454,0.25680810799531173,2.7697188753790514e-06,1.078408629096169e-05,32.68870386780066,98.81709944521927,20.0,1.985944922087979e-06,3.861114200143234e-06,1.4234983666231056e-06,7.270557488853885e-06,0.0,Germany,DEU,baden-wurttemberg,,,Linux-7.0.0-31-generic-x86_64-with-glibc2.43,3.14.4,3.3.0,24,Intel(R) Core(TM) Ultra 9 285K,1,1 x NVIDIA GeForce RTX 5090,9.2986,48.7383,60.81614685058594,machine,0.0,0.0,0.0,0.0,N
gradient_updates_42,2026-09-09T22:25:10,td3_Ant-v5_seed85062,00849b3d-9ed9-4b64-928c-4787b4eda454,7.712046044005547,0.00011474896956804783,1.4879202440015275e-05,32.63344443725568,98.73818722917872,20.0,6.174054605906365e-05,0.000196635157307945,4.2842224361164596e-05,0.00030121792772817325,0.0,Germany,DEU,baden-wurttemberg,,,Linux-7.0.0-31-generic-x86_64-with-glibc2.43,3.14.4,3.3.0,24,Intel(R) Core(TM) Ultra 9 285K,1,1 x NVIDIA GeForce RTX 5090,9.2986,48.7383,60.81614685058594,machine,0.0,0.0,0.0,0.0,N
rollout_43,2026-09-09T22:25:11,td3_Ant-v5_seed85062,00849b3d-9ed9-4b64-928c-4787b4eda454,0.24383932299679145,2.8506518016330543e-06,1.1690790044350405e-05,32.66828086462866,98.24617757026057,20.0,2.4427922320144346e-06,3.6866696160320345e-06,1.3535459000395267e-06,7.483007748085996e-06,0.0,Germany,DEU,baden-wurttemberg,,,Linux-7.0.0-31-generic-x86_64-with-glibc2.43,3.14.4,3.3.0,24,Intel(R) Core(TM) Ultra 9 285K,1,1 x NVIDIA GeForce RTX 5090,9.2986,48.7383,60.81614685058594,machine,0.0,0.0,0.0,0.0,N
gradient_updates_43,2026-09-09T22:25:19,td3_Ant-v5_seed85062,00849b3d-9ed9-4b64-928c-4787b4eda454,7.7870047009928385,0.00011291329486793917,1.450023850622503e-05,32.6877892394253,98.17600160416538,20.0,5.4452062728284345e-05,0.00019868877006201657,4.325841873336093e-05,0.0002963992515236623,0.0,Germany,DEU,baden-wurttemberg,,,Linux-7.0.0-31-generic-x86_64-with-glibc2.43,3.14.4,3.3.0,24,Intel(R) Core(TM) Ultra 9 285K,1,1 x NVIDIA GeForce RTX 5090,9.2986,48.7383,60.81614685058594,machine,0.0,0.0,0.0,0.0,N
rollout_44,2026-09-09T22:25:19,td3_Ant-v5_seed85062,00849b3d-9ed9-4b64-928c-4787b4eda454,0.24656478500401136,2.7506132269563416e-06,1.1155434204061441e-05,32.65591035629927,97.71193879364056,20.0,2.0547958105021635e-06,3.7972252600049217e-06,1.3683837777837132e-06,7.2204048482907984e-06,0.0,Germany,DEU,baden-wurttemberg,,,Linux-7.0.0-31-generic-x86_64-with-glibc2.43,3.14.4,3.3.0,24,Intel(R) Core(TM) Ultra 9 285K,1,1 x NVIDIA GeForce RTX 5090,9.2986,48.7383,60.81614685058594,machine,0.0,0.0,0.0,0.0,N
gradient_updates_44,2026-09-09T22:25:26,td3_Ant-v5_seed85062,00849b3d-9ed9-4b64-928c-4787b4eda454,7.710501138004474,0.00011466459078609843,1.4871238550874428e-05,32.62385023388288,97.64430697781505,20.0,6.236420572465484e-05,0.00019579876774988847,4.2833458566666344e-05,0.00030099643204120966,0.0,Germany,DEU,baden-wurttemberg,,,Linux-7.0.0-31-generic-x86_64-with-glibc2.43,3.14.4,3.3.0,24,Intel(R) Core(TM) Ultra 9 285K,1,1 x NVIDIA GeForce RTX 5090,9.2986,48.7383,60.81614685058594,machine,0.0,0.0,0.0,0.0,N
rollout_45,2026-09-09T22:25:27,td3_Ant-v5_seed85062,00849b3d-9ed9-4b64-928c-4787b4eda454,0.25591931499366183,3.7939029262374496e-06,1.4824547213785707e-05,32.65923392790073,97.49840824354082,20.0,2.575797616193032e-06,5.962782548163403e-06,1.420477261126693e-06,9.959057425481393e-06,0.0,Germany,DEU,baden-wurttemberg,,,Linux-7.0.0-31-generic-x86_64-with-glibc2.43,3.14.4,3.3.0,24,Intel(R) Core(TM) Ultra 9 285K,1,1 x NVIDIA GeForce RTX 5090,9.2986,48.7383,60.81614685058594,machine,0.0,0.0,0.0,0.0,N
gradient_updates_45,2026-09-09T22:25:34,td3_Ant-v5_seed85062,00849b3d-9ed9-4b64-928c-4787b4eda454,7.7259844270010944,0.00011437740587427227,1.4804264132118239e-05,32.68474742643342,97.42878735884331,20.0,6.22844870497713e-05,0.00019503848936408552,4.291959052215048e-05,0.00030024256693600773,0.0,Germany,DEU,baden-wurttemberg,,,Linux-7.0.0-31-generic-x86_64-with-glibc2.43,3.14.4,3.3.0,24,Intel(R) Core(TM) Ultra 9 285K,1,1 x NVIDIA GeForce RTX 5090,9.2986,48.7383,60.81614685058594,machine,0.0,0.0,0.0,0.0,N
rollout_46,2026-09-09T22:25:35,td3_Ant-v5_seed85062,00849b3d-9ed9-4b64-928c-4787b4eda454,0.25726249000581447,3.6740147347710805e-06,1.4280391917055525e-05,32.65087646672388,97.30816115989039,20.0,2.119543917857014e-06,6.103338215934784e-06,1.4214668221635383e-06,9.644348955954035e-06,0.0,Germany,DEU,baden-wurttemberg,,,Linux-7.0.0-31-generic-x86_64-with-glibc2.43,3.14.4,3.3.0,24,Intel(R) Core(TM) Ultra 9 285K,1,1 x NVIDIA GeForce RTX 5090,9.2986,48.7383,60.81614685058594,machine,0.0,0.0,0.0,0.0,N
gradient_updates_46,2026-09-09T22:25:42,td3_Ant-v5_seed85062,00849b3d-9ed9-4b64-928c-4787b4eda454,7.726005835997057,0.00011489080640314855,1.4870673290062099e-05,32.61780106782391,97.2433079621971,20.0,6.334520845390629e-05,0.0001953251562600844,4.291988703334932e-05,0.00030159025174733914,0.0,Germany,DEU,baden-wurttemberg,,,Linux-7.0.0-31-generic-x86_64-with-glibc2.43,3.14.4,3.3.0,24,Intel(R) Core(TM) Ultra 9 285K,1,1 x NVIDIA GeForce RTX 5090,9.2986,48.7383,60.81614685058594,machine,0.0,0.0,0.0,0.0,N
rollout_47,2026-09-09T22:25:43,td3_Ant-v5_seed85062,00849b3d-9ed9-4b64-928c-4787b4eda454,0.24337893299525604,3.7297077818436095e-06,1.532427931563632e-05,32.64981690995654,97.15750844407467,20.0,2.437417505489481e-06,6.002227023849116e-06,1.350899588901857e-06,9.790544118239153e-06,0.0,Germany,DEU,baden-wurttemberg,,,Linux-7.0.0-31-generic-x86_64-with-glibc2.43,3.14.4,3.3.0,24,Intel(R) Core(TM) Ultra 9 285K,1,1 x NVIDIA GeForce RTX 5090,9.2986,48.7383,60.81614685058594,machine,0.0,0.0,0.0,0.0,N
gradient_updates_47,2026-09-09T22:25:50,td3_Ant-v5_seed85062,00849b3d-9ed9-4b64-928c-4787b4eda454,7.771137117000762,0.00011383358910674324,1.4648282392286073e-05,32.6717726051916,97.08647860267513,20.0,6.110518832855988e-05,0.00019453960007620452,4.317025059442838e-05,0.00029881503899919365,0.0,Germany,DEU,baden-wurttemberg,,,Linux-7.0.0-31-generic-x86_64-with-glibc2.43,3.14.4,3.3.0,24,Intel(R) Core(TM) Ultra 9 285K,1,1 x NVIDIA GeForce RTX 5090,9.2986,48.7383,60.81614685058594,machine,0.0,0.0,0.0,0.0,N
rollout_48,2026-09-09T22:25:51,td3_Ant-v5_seed85062,00849b3d-9ed9-4b64-928c-4787b4eda454,0.25716539898712654,3.614509129118079e-06,1.405498715932545e-05,32.63152511080739,96.95570952103795,20.0,2.0625608167096354e-06,5.998060353729073e-06,1.4275245944091706e-06,9.488145764846578e-06,0.0,Germany,DEU,baden-wurttemberg,,,Linux-7.0.0-31-generic-x86_64-with-glibc2.43,3.14.4,3.3.0,24,Intel(R) Core(TM) Ultra 9 285K,1,1 x NVIDIA GeForce RTX 5090,9.2986,48.7383,60.81614685058594,machine,0.0,0.0,0.0,0.0,N
gradient_updates_48,2026-09-09T22:25:59,td3_Ant-v5_seed85062,00849b3d-9ed9-4b64-928c-4787b4eda454,7.851612550002756,0.00011349017374356982,1.4454394417844452e-05,32.588351658203855,96.89628873651539,20.0,5.5932976690792335e-05,0.00019836293646813274,4.361765487774375e-05,0.00029791356803667013,0.0,Germany,DEU,baden-wurttemberg,,,Linux-7.0.0-31-generic-x86_64-with-glibc2.43,3.14.4,3.3.0,24,Intel(R) Core(TM) Ultra 9 285K,1,1 x NVIDIA GeForce RTX 5090,9.2986,48.7383,60.81614685058594,machine,0.0,0.0,0.0,0.0,N
rollout_49,2026-09-09T22:25:59,td3_Ant-v5_seed85062,00849b3d-9ed9-4b64-928c-4787b4eda454,0.25315144599881023,2.7155506405517407e-06,1.0727095227017451e-05,32.56103307349086,96.44978563225993,20.0,2.112813079137299e-06,3.6100028879548773e-06,1.405549016635435e-06,7.128364983729346e-06,0.0,Germany,DEU,baden-wurttemberg,,,Linux-7.0.0-31-generic-x86_64-with-glibc2.43,3.14.4,3.3.0,24,Intel(R) Core(TM) Ultra 9 285K,1,1 x NVIDIA GeForce RTX 5090,9.2986,48.7383,60.81614685058594,machine,0.0,0.0,0.0,0.0,N
gradient_updates_49,2026-09-09T22:26:07,td3_Ant-v5_seed85062,00849b3d-9ed9-4b64-928c-4787b4eda454,7.773503035990871,0.00011353260400427407,1.4605091294233154e-05,32.53137706003251,96.39277140323424,20.0,5.926415074461455e-05,0.00019557682312809632,4.3183974294435084e-05,0.0002980249481671464,0.0,Germany,DEU,baden-wurttemberg,,,Linux-7.0.0-31-generic-x86_64-with-glibc2.43,3.14.4,3.3.0,24,Intel(R) Core(TM) Ultra 9 285K,1,1 x NVIDIA GeForce RTX 5090,9.2986,48.7383,60.81614685058594,machine,0.0,0.0,0.0,0.0,N
rollout_50,2026-09-09T22:26:07,td3_Ant-v5_seed85062,00849b3d-9ed9-4b64-928c-4787b4eda454,0.2510697770048864,2.780641875007109e-06,1.1074512091042632e-05,32.512998263537106,95.98436724992658,20.0,2.152265332920622e-06,3.7547252258463004e-06,1.3922399833164387e-06,7.2992305420842285e-06,0.0,Germany,DEU,baden-wurttemberg,,,Linux-7.0.0-31-generic-x86_64-with-glibc2.43,3.14.4,3.3.0,24,Intel(R) Core(TM) Ultra 9 285K,1,1 x NVIDIA GeForce RTX 5090,9.2986,48.7383,60.81614685058594,machine,0.0,0.0,0.0,0.0,N
gradient_updates_50,2026-09-09T22:26:15,td3_Ant-v5_seed85062,00849b3d-9ed9-4b64-928c-4787b4eda454,7.775223093005479,0.0001139288495646644,1.4652826859798102e-05,32.4918860440302,95.93155147195718,20.0,6.055392316531988e-05,0.00019531821180995834,4.319296428883634e-05,0.0002990650992641154,0.0,Germany,DEU,baden-wurttemberg,,,Linux-7.0.0-31-generic-x86_64-with-glibc2.43,3.14.4,3.3.0,24,Intel(R) Core(TM) Ultra 9 285K,1,1 x NVIDIA GeForce RTX 5090,9.2986,48.7383,60.81614685058594,machine,0.0,0.0,0.0,0.0,N
rollout_51,2026-09-09T22:26:15,td3_Ant-v5_seed85062,00849b3d-9ed9-4b64-928c-4787b4eda454,0.24922173599770758,3.5457591322698295e-06,1.4227681456840399e-05,32.46174947145911,95.82832273684323,20.0,2.0447760802691506e-06,5.879726926005802e-06,1.38317288890695e-06,9.307675895183637e-06,0.0,Germany,DEU,baden-wurttemberg,,,Linux-7.0.0-31-generic-x86_64-with-glibc2.43,3.14.4,3.3.0,24,Intel(R) Core(TM) Ultra 9 285K,1,1 x NVIDIA GeForce RTX 5090,9.2986,48.7383,60.81614685058594,machine,0.0,0.0,0.0,0.0,N
gradient_updates_51,2026-09-09T22:26:23,td3_Ant-v5_seed85062,00849b3d-9ed9-4b64-928c-4787b4eda454,7.641106070994283,0.00011263491736848274,1.4740666682150415e-05,32.43201931675797,95.77509933474704,20.0,6.191624231072917e-05,0.00019130376415410488,4.244849955559616e-05,0.00029566850602042935,0.0,Germany,DEU,baden-wurttemberg,,,Linux-7.0.0-31-generic-x86_64-with-glibc2.43,3.14.4,3.3.0,24,Intel(R) Core(TM) Ultra 9 285K,1,1 x NVIDIA GeForce RTX 5090,9.2986,48.7383,60.81614685058594,machine,0.0,0.0,0.0,0.0,N
rollout_52,2026-09-09T22:26:23,td3_Ant-v5_seed85062,00849b3d-9ed9-4b64-928c-4787b4eda454,0.24107845699472819,3.660421617356427e-06,1.5183644617068142e-05,32.4589370307522,95.70260942784236,20.0,2.386114408892137e-06,5.8847269297501725e-06,1.337825461087197e-06,9.608666799727772e-06,0.0,Germany,DEU,baden-wurttemberg,,,Linux-7.0.0-31-generic-x86_64-with-glibc2.43,3.14.4,3.3.0,24,Intel(R) Core(TM) Ultra 9 285K,1,1 x NVIDIA GeForce RTX 5090,9.2986,48.7383,60.81614685058594,machine,0.0,0.0,0.0,0.0,N
gradient_updates_52,2026-09-09T22:26:31,td3_Ant-v5_seed85062,00849b3d-9ed9-4b64-928c-4787b4eda454,7.775205949001247,0.00011146116162125998,1.4335489910047328e-05,32.47490065467614,95.64343503290152,20.0,5.663889753330237e-05,0.000192755709760295,4.319277063332284e-05,0.00029258737792691933,0.0,Germany,DEU,baden-wurttemberg,,,Linux-7.0.0-31-generic-x86_64-with-glibc2.43,3.14.4,3.3.0,24,Intel(R) Core(TM) Ultra 9 285K,1,1 x NVIDIA GeForce RTX 5090,9.2986,48.7383,60.81614685058594,machine,0.0,0.0,0.0,0.0,N
rollout_53,2026-09-09T22:26:31,td3_Ant-v5_seed85062,00849b3d-9ed9-4b64-928c-4787b4eda454,0.24809826299315318,3.570872603611379e-06,1.4393164485365887e-05,32.446445426504695,95.56039954877329,20.0,2.03855357529259e-06,5.958060321997749e-06,1.3769852721858683e-06,9.373599169474472e-06,0.0,Germany,DEU,baden-wurttemberg,,,Linux-7.0.0-31-generic-x86_64-with-glibc2.43,3.14.4,3.3.0,24,Intel(R) Core(TM) Ultra 9 285K,1,1 x NVIDIA GeForce RTX 5090,9.2986,48.7383,60.81614685058594,machine,0.0,0.0,0.0,0.0,N
gradient_updates_53,2026-09-09T22:26:39,td3_Ant-v5_seed85062,00849b3d-9ed9-4b64-928c-4787b4eda454,7.757996740998351,0.00011245783874520247,1.4495752923492185e-05,32.41647357121535,95.50526522175288,20.0,5.937004666266288e-05,0.00019273598752200805,4.30976375444315e-05,0.0002952036717291037,0.0,Germany,DEU,baden-wurttemberg,,,Linux-7.0.0-31-generic-x86_64-with-glibc2.43,3.14.4,3.3.0,24,Intel(R) Core(TM) Ultra 9 285K,1,1 x NVIDIA GeForce RTX 5090,9.2986,48.7383,60.81614685058594,machine,0.0,0.0,0.0,0.0,N
rollout_54,2026-09-09T22:26:39,td3_Ant-v5_seed85062,00849b3d-9ed9-4b64-928c-4787b4eda454,0.24324042900116183,2.792950242814715e-06,1.148169825306952e-05,32.4451958918314,95.12720793137454,20.0,2.4272961085050615e-06,3.5638917399438697e-06,1.3403523610676892e-06,7.331540209515319e-06,0.0,Germany,DEU,baden-wurttemberg,,,Linux-7.0.0-31-generic-x86_64-with-glibc2.43,3.14.4,3.3.0,24,Intel(R) Core(TM) Ultra 9 285K,1,1 x NVIDIA GeForce RTX 5090,9.2986,48.7383,60.81614685058594,machine,0.0,0.0,0.0,0.0,N
gradient_updates_54,2026-09-09T22:26:46,td3_Ant-v5_seed85062,00849b3d-9ed9-4b64-928c-4787b4eda454,7.683682987000793,0.0001133521142152906,1.4752328001529973e-05,32.466257740467405,95.08396274923412,20.0,6.227065259425957e-05,0.00019259598741006023,4.268451950556473e-05,0.00029755115950988453,0.0,Germany,DEU,baden-wurttemberg,,,Linux-7.0.0-31-generic-x86_64-with-glibc2.43,3.14.4,3.3.0,24,Intel(R) Core(TM) Ultra 9 285K,1,1 x NVIDIA GeForce RTX 5090,9.2986,48.7383,60.81614685058594,machine,0.0,0.0,0.0,0.0,N
rollout_55,2026-09-09T22:26:47,td3_Ant-v5_seed85062,00849b3d-9ed9-4b64-928c-4787b4eda454,0.24289645098906476,2.884141525541159e-06,1.1874072408692783e-05,32.50048621819591,94.73761935421389,20.0,2.4739539236096064e-06,3.748891888033512e-06,1.3480730111444135e-06,7.570918822787098e-06,0.0,Germany,DEU,baden-wurttemberg,,,Linux-7.0.0-31-generic-x86_64-with-glibc2.43,3.14.4,3.3.0,24,Intel(R) Core(TM) Ultra 9 285K,1,1 x NVIDIA GeForce RTX 5090,9.2986,48.7383,60.81614685058594,machine,0.0,0.0,0.0,0.0,N
gradient_updates_55,2026-09-09T22:26:54,td3_Ant-v5_seed85062,00849b3d-9ed9-4b64-928c-4787b4eda454,7.650902295004926,0.00011353364790365767,1.4839284851672172e-05,32.5269788601806,94.70017795795003,20.0,6.334631067699686e-05,0.00019217932040982433,4.2502057333331476e-05,0.00029802768842015354,0.0,Germany,DEU,baden-wurttemberg,,,Linux-7.0.0-31-generic-x86_64-with-glibc2.43,3.14.4,3.3.0,24,Intel(R) Core(TM) Ultra 9 285K,1,1 x NVIDIA GeForce RTX 5090,9.2986,48.7383,60.81614685058594,machine,0.0,0.0,0.0,0.0,N
rollout_56,2026-09-09T22:26:55,td3_Ant-v5_seed85062,00849b3d-9ed9-4b64-928c-4787b4eda454,0.24854244700691197,2.918447142618262e-06,1.1741798192418958e-05,32.56034860677537,94.35199440345454,20.0,2.533446193421496e-06,3.7477807759422888e-06,1.3797446610825e-06,7.66097163044585e-06,0.0,Germany,DEU,baden-wurttemberg,,,Linux-7.0.0-31-generic-x86_64-with-glibc2.43,3.14.4,3.3.0,24,Intel(R) Core(TM) Ultra 9 285K,1,1 x NVIDIA GeForce RTX 5090,9.2986,48.7383,60.81614685058594,machine,0.0,0.0,0.0,0.0,N
gradient_updates_56,2026-09-09T22:27:02,td3_Ant-v5_seed85062,00849b3d-9ed9-4b64-928c-4787b4eda454,7.65979966300074,0.00011378062933722032,1.4854273265245702e-05,32.58633357391316,94.3178384368386,20.0,6.389915250817196e-05,0.00019222820933828544,4.254865688886221e-05,0.00029867601873532004,0.0,Germany,DEU,baden-wurttemberg,,,Linux-7.0.0-31-generic-x86_64-with-glibc2.43,3.14.4,3.3.0,24,Intel(R) Core(TM) Ultra 9 285K,1,1 x NVIDIA GeForce RTX 5090,9.2986,48.7383,60.81614685058594,machine,0.0,0.0,0.0,0.0,N
rollout_57,2026-09-09T22:27:03,td3_Ant-v5_seed85062,00849b3d-9ed9-4b64-928c-4787b4eda454,0.2420884860039223,2.941980075091624e-06,1.2152358760234887e-05,32.621760494454584,94.0084873169949,20.0,2.493213939011585e-06,3.885836441952506e-06,1.3436955833136081e-06,7.722745964278133e-06,0.0,Germany,DEU,baden-wurttemberg,,,Linux-7.0.0-31-generic-x86_64-with-glibc2.43,3.14.4,3.3.0,24,Intel(R) Core(TM) Ultra 9 285K,1,1 x NVIDIA GeForce RTX 5090,9.2986,48.7383,60.81614685058594,machine,0.0,0.0,0.0,0.0,N
gradient_updates_57,2026-09-09T22:27:10,td3_Ant-v5_seed85062,00849b3d-9ed9-4b64-928c-4787b4eda454,7.670331733010244,0.00011377213976659483,1.4832770286770312e-05,32.64972962844739,93.97424606731528,20.0,6.443442960305662e-05,0.0001916087643978326,4.261053947225788e-05,0.0002986537334731462,0.0,Germany,DEU,baden-wurttemberg,,,Linux-7.0.0-31-generic-x86_64-with-glibc2.43,3.14.4,3.3.0,24,Intel(R) Core(TM) Ultra 9 285K,1,1 x NVIDIA GeForce RTX 5090,9.2986,48.7383,60.81614685058594,machine,0.0,0.0,0.0,0.0,N
rollout_58,2026-09-09T22:27:10,td3_Ant-v5_seed85062,00849b3d-9ed9-4b64-928c-4787b4eda454,0.2482332520012278,3.618546413386263e-06,1.4576436146505097e-05,32.68120870744006,93.86703145285513,20.0,2.5321748035114777e-06,5.588893359886882e-06,1.3776755388890394e-06,9.498743702287399e-06,0.0,Germany,DEU,baden-wurttemberg,,,Linux-7.0.0-31-generic-x86_64-with-glibc2.43,3.14.4,3.3.0,24,Intel(R) Core(TM) Ultra 9 285K,1,1 x NVIDIA GeForce RTX 5090,9.2986,48.7383,60.81614685058594,machine,0.0,0.0,0.0,0.0,N
gradient_updates_58,2026-09-09T22:27:18,td3_Ant-v5_seed85062,00849b3d-9ed9-4b64-928c-4787b4eda454,7.703488786995877,0.00011370190670721442,1.475980677398662e-05,32.70522331160999,93.83320654430132,20.0,6.358127864276863e-05,0.0001920937647861276,4.279432711110651e-05,0.00029846937054000405,0.0,Germany,DEU,baden-wurttemberg,,,Linux-7.0.0-31-generic-x86_64-with-glibc2.43,3.14.4,3.3.0,24,Intel(R) Core(TM) Ultra 9 285K,1,1 x NVIDIA GeForce RTX 5090,9.2986,48.7383,60.81614685058594,machine,0.0,0.0,0.0,0.0,N
rollout_59,2026-09-09T22:27:18,td3_Ant-v5_seed85062,00849b3d-9ed9-4b64-928c-4787b4eda454,0.25034645199775696,2.8471979429513586e-06,1.1373142191774864e-05,32.738241044850014,93.47812657672561,20.0,2.5746617819469297e-06,3.5100028081824775e-06,1.3892767222489256e-06,7.473941312379634e-06,0.0,Germany,DEU,baden-wurttemberg,,,Linux-7.0.0-31-generic-x86_64-with-glibc2.43,3.14.4,3.3.0,24,Intel(R) Core(TM) Ultra 9 285K,1,1 x NVIDIA GeForce RTX 5090,9.2986,48.7383,60.81614685058594,machine,0.0,0.0,0.0,0.0,N
gradient_updates_59,2026-09-09T22:27:26,td3_Ant-v5_seed85062,00849b3d-9ed9-4b64-928c-4787b4eda454,7.734304739991785,0.0001139946887524319,1.473885143349609e-05,32.76314830670989,93.44985668954085,20.0,6.2923761450083e-05,0.00019334876578991356,4.296540097218672e-05,0.000299237928212185,0.0,Germany,DEU,baden-wurttemberg,,,Linux-7.0.0-31-generic-x86_64-with-glibc2.43,3.14.4,3.3.0,24,Intel(R) Core(TM) Ultra 9 285K,1,1 x NVIDIA GeForce RTX 5090,9.2986,48.7383,60.81614685058594,machine,0.0,0.0,0.0,0.0,N
rollout_60,2026-09-09T22:27:26,td3_Ant-v5_seed85062,00849b3d-9ed9-4b64-928c-4787b4eda454,0.2541781930049183,2.8969162307202617e-06,1.139768381542157e-05,32.79641362256743,93.10440750003164,20.0,2.625829600665097e-06,3.568891743910285e-06,1.4097312888931152e-06,7.604452633470232e-06,0.0,Germany,DEU,baden-wurttemberg,,,Linux-7.0.0-31-generic-x86_64-with-glibc2.43,3.14.4,3.3.0,24,Intel(R) Core(TM) Ultra 9 285K,1,1 x NVIDIA GeForce RTX 5090,9.2986,48.7383,60.81614685058594,machine,0.0,0.0,0.0,0.0,N
gradient_updates_60,2026-09-09T22:27:34,td3_Ant-v5_seed85062,00849b3d-9ed9-4b64-928c-4787b4eda454,7.760832304003998,0.00011475397047623886,1.4786320694773873e-05,32.82217256235281,93.07809877205884,20.0,6.450433188120303e-05,0.00019361376600190994,4.311295731111199e-05,0.0003012310551942232,0.0,Germany,DEU,baden-wurttemberg,,,Linux-7.0.0-31-generic-x86_64-with-glibc2.43,3.14.4,3.3.0,24,Intel(R) Core(TM) Ultra 9 285K,1,1 x NVIDIA GeForce RTX 5090,9.2986,48.7383,60.81614685058594,machine,0.0,0.0,0.0,0.0,N
rollout_61,2026-09-09T22:27:34,td3_Ant-v5_seed85062,00849b3d-9ed9-4b64-928c-4787b4eda454,0.24433885600592475,2.847228919961378e-06,1.1652696464909381e-05,32.842044441586474,92.77227261889212,20.0,2.4177338786360303e-06,3.7000029600164908e-06,1.3562857888852788e-06,7.474022627539101e-06,0.0,Germany,DEU,baden-wurttemberg,,,Linux-7.0.0-31-generic-x86_64-with-glibc2.43,3.14.4,3.3.0,24,Intel(R) Core(TM) Ultra 9 285K,1,1 x NVIDIA GeForce RTX 5090,9.2986,48.7383,60.81614685058594,machine,0.0,0.0,0.0,0.0,N
gradient_updates_61,2026-09-09T22:27:43,td3_Ant-v5_seed85062,00849b3d-9ed9-4b64-928c-4787b4eda454,8.629908557995805,0.0001199730136170734,1.3902018032644785e-05,32.852348164206084,92.72388587812425,20.0,5.933763024783961e-05,0.00020765238834430377,4.794111047223045e-05,0.0003149311290643747,0.0,Germany,DEU,baden-wurttemberg,,,Linux-7.0.0-31-generic-x86_64-with-glibc2.43,3.14.4,3.3.0,24,Intel(R) Core(TM) Ultra 9 285K,1,1 x NVIDIA GeForce RTX 5090,9.2986,48.7383,60.81614685058594,machine,0.0,0.0,0.0,0.0,N
rollout_62,2026-09-09T22:27:43,td3_Ant-v5_seed85062,00849b3d-9ed9-4b64-928c-4787b4eda454,0.2531539789924864,2.67663790401787e-06,1.0572660584231075e-05,32.828607416064365,92.3913855362635,20.0,2.1126436345539346e-06,3.513336144012058e-06,1.40023863334348e-06,7.02621841191034e-06,0.0,Germany,DEU,baden-wurttemberg,,,Linux-7.0.0-31-generic-x86_64-with-glibc2.43,3.14.4,3.3.0,24,Intel(R) Core(TM) Ultra 9 285K,1,1 x NVIDIA GeForce RTX 5090,9.2986,48.7383,60.81614685058594,machine,0.0,0.0,0.0,0.0,N
gradient_updates_62,2026-09-09T22:27:52,td3_Ant-v5_seed85062,00849b3d-9ed9-4b64-928c-4787b4eda454,8.26600656300434,0.0001183400628002474,1.431648319469516e-05,32.80382205647884,92.35048953361489,20.0,6.470513704184833e-05,0.00020001960445981126,4.591986487778024e-05,0.0003106446063794385,0.0,Germany,DEU,baden-wurttemberg,,,Linux-7.0.0-31-generic-x86_64-with-glibc2.43,3.14.4,3.3.0,24,Intel(R) Core(TM) Ultra 9 285K,1,1 x NVIDIA GeForce RTX 5090,9.2986,48.7383,60.81614685058594,machine,0.0,0.0,0.0,0.0,N
rollout_63,2026-09-09T22:27:52,td3_Ant-v5_seed85062,00849b3d-9ed9-4b64-928c-4787b4eda454,0.24201479100156575,2.8105920420861547e-06,1.1612839967127469e-05,32.825843016700716,92.05412959698778,20.0,2.4180391566541726e-06,3.616391782035322e-06,1.3434192833502306e-06,7.37785022204146e-06,0.0,Germany,DEU,baden-wurttemberg,,,Linux-7.0.0-31-generic-x86_64-with-glibc2.43,3.14.4,3.3.0,24,Intel(R) Core(TM) Ultra 9 285K,1,1 x NVIDIA GeForce RTX 5090,9.2986,48.7383,60.81614685058594,machine,0.0,0.0,0.0,0.0,N
gradient_updates_63,2026-09-09T22:28:01,td3_Ant-v5_seed85062,00849b3d-9ed9-4b64-928c-4787b4eda454,8.711119836996659,0.00012189350995438913,1.399287722404967e-05,32.83989191504682,92.00461789501537,20.0,6.453444246083684e-05,0.000207045443413989,4.839257758333876e-05,0.0003199724634581659,0.0,Germany,DEU,baden-wurttemberg,,,Linux-7.0.0-31-generic-x86_64-with-glibc2.43,3.14.4,3.3.0,24,Intel(R) Core(TM) Ultra 9 285K,1,1 x NVIDIA GeForce RTX 5090,9.2986,48.7383,60.81614685058594,machine,0.0,0.0,0.0,0.0,N
rollout_64,2026-09-09T22:28:01,td3_Ant-v5_seed85062,00849b3d-9ed9-4b64-928c-4787b4eda454,0.25014245900092646,3.510310437722375e-06,1.403277942384118e-05,32.8047232401872,91.95118411100007,20.0,1.9753824136367615e-06,5.860004687940901e-06,1.3792353888370315e-06,9.214622490413826e-06,0.0,Germany,DEU,baden-wurttemberg,,,Linux-7.0.0-31-generic-x86_64-with-glibc2.43,3.14.4,3.3.0,24,Intel(R) Core(TM) Ultra 9 285K,1,1 x NVIDIA GeForce RTX 5090,9.2986,48.7383,60.81614685058594,machine,0.0,0.0,0.0,0.0,N
gradient_updates_64,2026-09-09T22:28:09,td3_Ant-v5_seed85062,00849b3d-9ed9-4b64-928c-4787b4eda454,7.695076375006465,0.0001125394977316875,1.462488980107427e-05,32.770955299655114,91.92958637179017,20.0,6.227202565090711e-05,0.00019039820787414286,4.274779438330576e-05,0.00029541802790835486,0.0,Germany,DEU,baden-wurttemberg,,,Linux-7.0.0-31-generic-x86_64-with-glibc2.43,3.14.4,3.3.0,24,Intel(R) Core(TM) Ultra 9 285K,1,1 x NVIDIA GeForce RTX 5090,9.2986,48.7383,60.81614685058594,machine,0.0,0.0,0.0,0.0,N
rollout_65,2026-09-09T22:28:09,td3_Ant-v5_seed85062,00849b3d-9ed9-4b64-928c-4787b4eda454,0.2461221739940811,2.8440397532008416e-06,1.1555366946411803e-05,32.78800709899478,91.6457150121394,20.0,2.4165130443204452e-06,3.682780723712753e-06,1.3663572444380656e-06,7.465651012471264e-06,0.0,Germany,DEU,baden-wurttemberg,,,Linux-7.0.0-31-generic-x86_64-with-glibc2.43,3.14.4,3.3.0,24,Intel(R) Core(TM) Ultra 9 285K,1,1 x NVIDIA GeForce RTX 5090,9.2986,48.7383,60.81614685058594,machine,0.0,0.0,0.0,0.0,N
gradient_updates_65,2026-09-09T22:28:17,td3_Ant-v5_seed85062,00849b3d-9ed9-4b64-928c-4787b4eda454,7.758534893000615,0.00011165091413060241,1.4390737724199364e-05,32.796951259365706,91.62922491961224,20.0,5.7282224159072026e-05,0.00019270293194018073,4.310032527783843e-05,0.00029308548137708945,0.0,Germany,DEU,baden-wurttemberg,,,Linux-7.0.0-31-generic-x86_64-with-glibc2.43,3.14.4,3.3.0,24,Intel(R) Core(TM) Ultra 9 285K,1,1 x NVIDIA GeForce RTX 5090,9.2986,48.7383,60.81614685058594,machine,0.0,0.0,0.0,0.0,N
rollout_66,2026-09-09T22:28:17,td3_Ant-v5_seed85062,00849b3d-9ed9-4b64-928c-4787b4eda454,0.24434963299427181,2.9001557552213453e-06,1.1867791259922308e-05,32.814168701257714,91.37300033266959,20.0,2.4046791459661487e-06,3.851947525834731e-06,1.3563297666325039e-06,7.6129564384325166e-06,0.0,Germany,DEU,baden-wurttemberg,,,Linux-7.0.0-31-generic-x86_64-with-glibc2.43,3.14.4,3.3.0,24,Intel(R) Core(TM) Ultra 9 285K,1,1 x NVIDIA GeForce RTX 5090,9.2986,48.7383,60.81614685058594,machine,0.0,0.0,0.0,0.0,N
gradient_updates_66,2026-09-09T22:28:24,td3_Ant-v5_seed85062,00849b3d-9ed9-4b64-928c-4787b4eda454,7.677292041989858,0.00011153346710710693,1.4527723101563192e-05,32.82561573744196,91.3498127289361,20.0,6.205199436378622e-05,0.00018807626157202328,4.264892507772943e-05,0.0002927771810135385,0.0,Germany,DEU,baden-wurttemberg,,,Linux-7.0.0-31-generic-x86_64-with-glibc2.43,3.14.4,3.3.0,24,Intel(R) Core(TM) Ultra 9 285K,1,1 x NVIDIA GeForce RTX 5090,9.2986,48.7383,60.81614685058594,machine,0.0,0.0,0.0,0.0,N
rollout_67,2026-09-09T22:28:25,td3_Ant-v5_seed85062,00849b3d-9ed9-4b64-928c-4787b4eda454,0.23921345800044946,3.5794584618137337e-06,1.4963669973615423e-05,32.84245106517843,91.31142530984332,20.0,2.3550374395886475e-06,5.713615681912643e-06,1.3274840666177047e-06,9.396137188120296e-06,0.0,Germany,DEU,baden-wurttemberg,,,Linux-7.0.0-31-generic-x86_64-with-glibc2.43,3.14.4,3.3.0,24,Intel(R) Core(TM) Ultra 9 285K,1,1 x NVIDIA GeForce RTX 5090,9.2986,48.7383,60.81614685058594,machine,0.0,0.0,0.0,0.0,N
gradient_updates_67,2026-09-09T22:28:33,td3_Ant-v5_seed85062,00849b3d-9ed9-4b64-928c-4787b4eda454,7.822945747000631,0.000110594300025647,1.4137178444303639e-05,32.85026303859057,91.28897656811975,20.0,5.518373748027855e-05,0.00019166320888608368,4.346490565003457e-05,0.00029031185201639637,0.0,Germany,DEU,baden-wurttemberg,,,Linux-7.0.0-31-generic-x86_64-with-glibc2.43,3.14.4,3.3.0,24,Intel(R) Core(TM) Ultra 9 285K,1,1 x NVIDIA GeForce RTX 5090,9.2986,48.7383,60.81614685058594,machine,0.0,0.0,0.0,0.0,N
rollout_68,2026-09-09T22:28:33,td3_Ant-v5_seed85062,00849b3d-9ed9-4b64-928c-4787b4eda454,0.25099873599538114,2.734038039894915e-06,1.0892833972880934e-05,32.81893977288439,91.02475008693428,20.0,2.000423544777641e-06,3.7833363599748537e-06,1.3931348055648551e-06,7.17689471031735e-06,0.0,Germany,DEU,baden-wurttemberg,,,Linux-7.0.0-31-generic-x86_64-with-glibc2.43,3.14.4,3.3.0,24,Intel(R) Core(TM) Ultra 9 285K,1,1 x NVIDIA GeForce RTX 5090,9.2986,48.7383,60.81614685058594,machine,0.0,0.0,0.0,0.0,N
gradient_updates_68,2026-09-09T22:28:41,td3_Ant-v5_seed85062,00849b3d-9ed9-4b64-928c-4787b4eda454,8.287248131004162,0.00011757605226224085,1.4187603404449124e-05,32.78771179249758,90.98936375001983,20.0,6.452957662362452e-05,0.0001980668251200246,4.604266443889674e-05,0.000308639066182545,0.0,Germany,DEU,baden-wurttemberg,,,Linux-7.0.0-31-generic-x86_64-with-glibc2.43,3.14.4,3.3.0,24,Intel(R) Core(TM) Ultra 9 285K,1,1 x NVIDIA GeForce RTX 5090,9.2986,48.7383,60.81614685058594,machine,0.0,0.0,0.0,0.0,N
rollout_69,2026-09-09T22:28:41,td3_Ant-v5_seed85062,00849b3d-9ed9-4b64-928c-4787b4eda454,0.24819534999551252,3.650433211148385e-06,1.4707889626137128e-05,32.80847769790408,90.93337098056637,20.0,2.483821153718979e-06,5.721115688084311e-06,1.377510227757936e-06,9.582447069559491e-06,0.0,Germany,DEU,baden-wurttemberg,,,Linux-7.0.0-31-generic-x86_64-with-glibc2.43,3.14.4,3.3.0,24,Intel(R) Core(TM) Ultra 9 285K,1,1 x NVIDIA GeForce RTX 5090,9.2986,48.7383,60.81614685058594,machine,0.0,0.0,0.0,0.0,N
gradient_updates_69,2026-09-09T22:28:50,td3_Ant-v5_seed85062,00849b3d-9ed9-4b64-928c-4787b4eda454,8.632407996992697,0.00011838731625044875,1.3714300574355108e-05,32.820095449202775,90.89371752518608,20.0,5.837000419597199e-05,0.000204443219109951,4.795542415554849e-05,0.0003107686474614728,0.0,Germany,DEU,baden-wurttemberg,,,Linux-7.0.0-31-generic-x86_64-with-glibc2.43,3.14.4,3.3.0,24,Intel(R) Core(TM) Ultra 9 285K,1,1 x NVIDIA GeForce RTX 5090,9.2986,48.7383,60.81614685058594,machine,0.0,0.0,0.0,0.0,N
rollout_70,2026-09-09T22:28:50,td3_Ant-v5_seed85062,00849b3d-9ed9-4b64-928c-4787b4eda454,0.2591096679971088,3.5624201890297608e-06,1.374740337195141e-05,32.79946696724372,90.81795998945239,20.0,2.165201454379373e-06,5.749171265945208e-06,1.4370387221990244e-06,9.351411442523605e-06,0.0,Germany,DEU,baden-wurttemberg,,,Linux-7.0.0-31-generic-x86_64-with-glibc2.43,3.14.4,3.3.0,24,Intel(R) Core(TM) Ultra 9 285K,1,1 x NVIDIA GeForce RTX 5090,9.2986,48.7383,60.81614685058594,machine,0.0,0.0,0.0,0.0,N
gradient_updates_70,2026-09-09T22:28:58,td3_Ant-v5_seed85062,00849b3d-9ed9-4b64-928c-4787b4eda454,7.771865073998924,0.00011262095532058557,1.4490856734322584e-05,32.777298589446865,90.8068301296526,20.0,5.9887742632380725e-05,0.00019256959849989208,4.317451428335808e-05,0.00029563185541563175,0.0,Germany,DEU,baden-wurttemberg,,,Linux-7.0.0-31-generic-x86_64-with-glibc2.43,3.14.4,3.3.0,24,Intel(R) Core(TM) Ultra 9 285K,1,1 x NVIDIA GeForce RTX 5090,9.2986,48.7383,60.81614685058594,machine,0.0,0.0,0.0,0.0,N
rollout_71,2026-09-09T22:28:58,td3_Ant-v5_seed85062,00849b3d-9ed9-4b64-928c-4787b4eda454,0.2509325729915872,2.797965054918486e-06,1.1150662491146324e-05,32.79376074760719,90.52748324316381,20.0,2.4702916984614687e-06,3.4825027861451474e-06,1.3919096889568675e-06,7.344704173562616e-06,0.0,Germany,DEU,baden-wurttemberg,,,Linux-7.0.0-31-generic-x86_64-with-glibc2.43,3.14.4,3.3.0,24,Intel(R) Core(TM) Ultra 9 285K,1,1 x NVIDIA GeForce RTX 5090,9.2986,48.7383,60.81614685058594,machine,0.0,0.0,0.0,0.0,N
gradient_updates_71,2026-09-09T22:29:06,td3_Ant-v5_seed85062,00849b3d-9ed9-4b64-928c-4787b4eda454,7.682700579010998,0.0001101670967141831,1.4339657863479195e-05,32.80276571795643,90.51597415307772,20.0,5.694007166313214e-05,0.00018957181832401915,4.267854632780633e-05,0.00028919043631495805,0.0,Germany,DEU,baden-wurttemberg,,,Linux-7.0.0-31-generic-x86_64-with-glibc2.43,3.14.4,3.3.0,24,Intel(R) Core(TM) Ultra 9 285K,1,1 x NVIDIA GeForce RTX 5090,9.2986,48.7383,60.81614685058594,machine,0.0,0.0,0.0,0.0,N
rollout_72,2026-09-09T22:29:06,td3_Ant-v5_seed85062,00849b3d-9ed9-4b64-928c-4787b4eda454,0.2527057080005761,3.4145205042492716e-06,1.3511754472160865e-05,32.773966396251446,90.43843231655133,20.0,2.0193443932489674e-06,5.541948878029501e-06,1.4018790722024506e-06,8.963172343480486e-06,0.0,Germany,DEU,baden-wurttemberg,,,Linux-7.0.0-31-generic-x86_64-with-glibc2.43,3.14.4,3.3.0,24,Intel(R) Core(TM) Ultra 9 285K,1,1 x NVIDIA GeForce RTX 5090,9.2986,48.7383,60.81614685058594,machine,0.0,0.0,0.0,0.0,N
gradient_updates_72,2026-09-09T22:29:14,td3_Ant-v5_seed85062,00849b3d-9ed9-4b64-928c-4787b4eda454,7.6633172370056855,0.00011029564648213329,1.4392688835201585e-05,32.74503740838018,90.42263287228009,20.0,5.945981895670582e-05,0.00018749653888594509,4.2571523722209625e-05,0.00028952788156486053,0.0,Germany,DEU,baden-wurttemberg,,,Linux-7.0.0-31-generic-x86_64-with-glibc2.43,3.14.4,3.3.0,24,Intel(R) Core(TM) Ultra 9 285K,1,1 x NVIDIA GeForce RTX 5090,9.2986,48.7383,60.81614685058594,machine,0.0,0.0,0.0,0.0,N
rollout_73,2026-09-09T22:29:14,td3_Ant-v5_seed85062,00849b3d-9ed9-4b64-928c-4787b4eda454,0.2557541339920135,3.4972815208655222e-06,1.3674321007351207e-05,32.72141231076284,90.35221590876786,20.0,2.090891117155491e-06,5.670004536106887e-06,1.4195257166445957e-06,9.18042136990524e-06,0.0,Germany,DEU,baden-wurttemberg,,,Linux-7.0.0-31-generic-x86_64-with-glibc2.43,3.14.4,3.3.0,24,Intel(R) Core(TM) Ultra 9 285K,1,1 x NVIDIA GeForce RTX 5090,9.2986,48.7383,60.81614685058594,machine,0.0,0.0,0.0,0.0,N
gradient_updates_73,2026-09-09T22:29:22,td3_Ant-v5_seed85062,00849b3d-9ed9-4b64-928c-4787b4eda454,7.610542616996099,0.0001111294766703453,1.4602055199556865e-05,32.69803535909418,90.34236102415291,20.0,6.158356760015138e-05,0.00018785459472780985,4.227853716106929e-05,0.0002917166994890301,0.0,Germany,DEU,baden-wurttemberg,,,Linux-7.0.0-31-generic-x86_64-with-glibc2.43,3.14.4,3.3.0,24,Intel(R) Core(TM) Ultra 9 285K,1,1 x NVIDIA GeForce RTX 5090,9.2986,48.7383,60.81614685058594,machine,0.0,0.0,0.0,0.0,N
rollout_74,2026-09-09T22:29:22,td3_Ant-v5_seed85062,00849b3d-9ed9-4b64-928c-4787b4eda454,0.24985999800264835,2.9435958606091606e-06,1.1779917553392788e-05,32.71991811748774,90.11029839006771,20.0,2.520391738536354e-06,3.819725278075836e-06,1.3868704111601703e-06,7.72698742777106e-06,0.0,Germany,DEU,baden-wurttemberg,,,Linux-7.0.0-31-generic-x86_64-with-glibc2.43,3.14.4,3.3.0,24,Intel(R) Core(TM) Ultra 9 285K,1,1 x NVIDIA GeForce RTX 5090,9.2986,48.7383,60.81614685058594,machine,0.0,0.0,0.0,0.0,N
gradient_updates_74,2026-09-09T22:29:30,td3_Ant-v5_seed85062,00849b3d-9ed9-4b64-928c-4787b4eda454,7.597239330003504,0.00011129955397352724,1.465002010690488e-05,32.73627387708926,90.10194292710953,20.0,6.250200944600548e-05,0.00018745681663201452,4.22043291222105e-05,0.0002921631552002292,0.0,Germany,DEU,baden-wurttemberg,,,Linux-7.0.0-31-generic-x86_64-with-glibc2.43,3.14.4,3.3.0,24,Intel(R) Core(TM) Ultra 9 285K,1,1 x NVIDIA GeForce RTX 5090,9.2986,48.7383,60.81614685058594,machine,0.0,0.0,0.0,0.0,N
rollout_75,2026-09-09T22:29:30,td3_Ant-v5_seed85062,00849b3d-9ed9-4b64-928c-4787b4eda454,0.23710840599960648,3.604967003544013e-06,1.5203402740383301e-05,32.75768294861696,90.0843739617445,20.0,2.3935571926148036e-06,5.75333793606525e-06,1.3162023999838297e-06,9.46309752866345e-06,0.0,Germany,DEU,baden-wurttemberg,,,Linux-7.0.0-31-generic-x86_64-with-glibc2.43,3.14.4,3.3.0,24,Intel(R) Core(TM) Ultra 9 285K,1,1 x NVIDIA GeForce RTX 5090,9.2986,48.7383,60.81614685058594,machine,0.0,0.0,0.0,0.0,N
gradient_updates_75,2026-09-09T22:29:37,td3_Ant-v5_seed85062,00849b3d-9ed9-4b64-928c-4787b4eda454,7.630246204993455,0.00011091232064396744,1.4535892441437803e-05,32.77334984159025,90.07161751461094,20.0,6.202347739651948e-05,0.00018673542716607372,4.2387756794455295e-05,0.00029114666135704806,0.0,Germany,DEU,baden-wurttemberg,,,Linux-7.0.0-31-generic-x86_64-with-glibc2.43,3.14.4,3.3.0,24,Intel(R) Core(TM) Ultra 9 285K,1,1 x NVIDIA GeForce RTX 5090,9.2986,48.7383,60.81614685058594,machine,0.0,0.0,0.0,0.0,N
rollout_76,2026-09-09T22:29:38,td3_Ant-v5_seed85062,00849b3d-9ed9-4b64-928c-4787b4eda454,0.24749631799932104,3.6367633247900988e-06,1.4694170273686908e-05,32.79282440335002,90.02516715699375,20.0,2.4819392077726765e-06,5.690837885818922e-06,1.3737863000032324e-06,9.546563393594831e-06,0.0,Germany,DEU,baden-wurttemberg,,,Linux-7.0.0-31-generic-x86_64-with-glibc2.43,3.14.4,3.3.0,24,Intel(R) Core(TM) Ultra 9 285K,1,1 x NVIDIA GeForce RTX 5090,9.2986,48.7383,60.81614685058594,machine,0.0,0.0,0.0,0.0,N
gradient_updates_76,2026-09-09T22:29:45,td3_Ant-v5_seed85062,00849b3d-9ed9-4b64-928c-4787b4eda454,7.675862638003309,0.00011054910949455724,1.4402204151425764e-05,32.80632356565568,90.00883646533589,20.0,6.104337327910575e-05,0.00018650237142403547,4.2647481427735175e-05,0.00029019322613087553,0.0,Germany,DEU,baden-wurttemberg,,,Linux-7.0.0-31-generic-x86_64-with-glibc2.43,3.14.4,3.3.0,24,Intel(R) Core(TM) Ultra 9 285K,1,1 x NVIDIA GeForce RTX 5090,9.2986,48.7383,60.81614685058594,machine,0.0,0.0,0.0,0.0,N
rollout_77,2026-09-09T22:29:46,td3_Ant-v5_seed85062,00849b3d-9ed9-4b64-928c-4787b4eda454,0.23542664699198212,2.6792680407582148e-06,1.138025434561372e-05,32.81558203869522,89.7708267492698,20.0,2.2733520964601794e-06,3.445280534197792e-06,1.3144899333487545e-06,7.033122564007593e-06,0.0,Germany,DEU,baden-wurttemberg,,,Linux-7.0.0-31-generic-x86_64-with-glibc2.43,3.14.4,3.3.0,24,Intel(R) Core(TM) Ultra 9 285K,1,1 x NVIDIA GeForce RTX 5090,9.2986,48.7383,60.81614685058594,machine,0.0,0.0,0.0,0.0,N
gradient_updates_77,2026-09-09T22:29:54,td3_Ant-v5_seed85062,00849b3d-9ed9-4b64-928c-4787b4eda454,7.949972243994125,0.0001132135352264977,1.4240760270264319e-05,32.81979187975439,89.7507511149939,20.0,6.183833808174471e-05,0.00019118515294791472,4.4163896361068544e-05,0.000297187387390728,0.0,Germany,DEU,baden-wurttemberg,,,Linux-7.0.0-31-generic-x86_64-with-glibc2.43,3.14.4,3.3.0,24,Intel(R) Core(TM) Ultra 9 285K,1,1 x NVIDIA GeForce RTX 5090,9.2986,48.7383,60.81614685058594,machine,0.0,0.0,0.0,0.0,N
rollout_78,2026-09-09T22:29:54,td3_Ant-v5_seed85062,00849b3d-9ed9-4b64-928c-4787b4eda454,0.24605044900090434,3.6357987356436944e-06,1.4775144198129123e-05,32.83242420060399,89.71843771712602,20.0,2.4007627539360255e-06,5.7775046218289106e-06,1.3657639554975204e-06,9.544031331260722e-06,0.0,Germany,DEU,baden-wurttemberg,,,Linux-7.0.0-31-generic-x86_64-with-glibc2.43,3.14.4,3.3.0,24,Intel(R) Core(TM) Ultra 9 285K,1,1 x NVIDIA GeForce RTX 5090,9.2986,48.7383,60.81614685058594,machine,0.0,0.0,0.0,0.0,N
gradient_updates_78,2026-09-09T22:30:02,td3_Ant-v5_seed85062,00849b3d-9ed9-4b64-928c-4787b4eda454,7.716161004995229,0.00011133055535185281,1.4428265815884762e-05,32.83997477663732,89.70671259546359,20.0,6.110478110600559e-05,0.00018826931728210816,4.287043593883752e-05,0.00029224453432695127,0.0,Germany,DEU,baden-wurttemberg,,,Linux-7.0.0-31-generic-x86_64-with-glibc2.43,3.14.4,3.3.0,24,Intel(R) Core(TM) Ultra 9 285K,1,1 x NVIDIA GeForce RTX 5090,9.2986,48.7383,60.81614685058594,machine,0.0,0.0,0.0,0.0,N
rollout_79,2026-09-09T22:30:02,td3_Ant-v5_seed85062,00849b3d-9ed9-4b64-928c-4787b4eda454,0.2646741359931184,3.3866183120866145e-06,1.2795391399191776e-05,32.80402452194221,89.60499574726455,20.0,2.009850218996634e-06,5.404448767842851e-06,1.4756296444424014e-06,8.889928631281019e-06,0.0,Germany,DEU,baden-wurttemberg,,,Linux-7.0.0-31-generic-x86_64-with-glibc2.43,3.14.4,3.3.0,24,Intel(R) Core(TM) Ultra 9 285K,1,1 x NVIDIA GeForce RTX 5090,9.2986,48.7383,60.81614685058594,machine,0.0,0.0,0.0,0.0,N
gradient_updates_79,2026-09-09T22:30:09,td3_Ant-v5_seed85062,00849b3d-9ed9-4b64-928c-4787b4eda454,7.678275556987501,0.00011191115563306125,1.4575055232785026e-05,32.77030246180884,89.59750629564367,20.0,6.260880369811372e-05,0.0001885045952481068,4.2655220644438434e-05,0.00029376861959065984,0.0,Germany,DEU,baden-wurttemberg,,,Linux-7.0.0-31-generic-x86_64-with-glibc2.43,3.14.4,3.3.0,24,Intel(R) Core(TM) Ultra 9 285K,1,1 x NVIDIA GeForce RTX 5090,9.2986,48.7383,60.81614685058594,machine,0.0,0.0,0.0,0.0,N
rollout_80,2026-09-09T22:30:10,td3_Ant-v5_seed85062,00849b3d-9ed9-4b64-928c-4787b4eda454,0.24130874199909158,2.7772281875025617e-06,1.1509443310937104e-05,32.79309072094665,89.36869205936033,20.0,2.467273918262125e-06,3.485002788128355e-06,1.3379928499894153e-06,7.290269556380763e-06,0.0,Germany,DEU,baden-wurttemberg,,,Linux-7.0.0-31-generic-x86_64-with-glibc2.43,3.14.4,3.3.0,24,Intel(R) Core(TM) Ultra 9 285K,1,1 x NVIDIA GeForce RTX 5090,9.2986,48.7383,60.81614685058594,machine,0.0,0.0,0.0,0.0,N
gradient_updates_80,2026-09-09T22:30:18,td3_Ant-v5_seed85062,00849b3d-9ed9-4b64-928c-4787b4eda454,7.8152276940090815,0.00011104453594020479,1.4208748482746751e-05,32.808236983719176,89.35728363549671,20.0,5.8162095140749936e-05,0.00018991598526585385,4.3415648272235145e-05,0.0002914937286788398,0.0,Germany,DEU,baden-wurttemberg,,,Linux-7.0.0-31-generic-x86_64-with-glibc2.43,3.14.4,3.3.0,24,Intel(R) Core(TM) Ultra 9 285K,1,1 x NVIDIA GeForce RTX 5090,9.2986,48.7383,60.81614685058594,machine,0.0,0.0,0.0,0.0,N
rollout_81,2026-09-09T22:30:18,td3_Ant-v5_seed85062,00849b3d-9ed9-4b64-928c-4787b4eda454,0.2573892939981306,3.4878354975200615e-06,1.3550952748627541e-05,32.787126105414394,89.29241388953707,20.0,2.1113547446424685e-06,5.615560047855794e-06,1.4287106111518857e-06,9.155625403649281e-06,0.0,Germany,DEU,baden-wurttemberg,,,Linux-7.0.0-31-generic-x86_64-with-glibc2.43,3.14.4,3.3.0,24,Intel(R) Core(TM) Ultra 9 285K,1,1 x NVIDIA GeForce RTX 5090,9.2986,48.7383,60.81614685058594,machine,0.0,0.0,0.0,0.0,N
gradient_updates_81,2026-09-09T22:30:26,td3_Ant-v5_seed85062,00849b3d-9ed9-4b64-928c-4787b4eda454,7.727596248005284,0.00011158746208430118,1.4440139798220549e-05,32.76585872674374,89.28288389091313,20.0,6.174434383988958e-05,0.00018824598393019087,4.29285909444542e-05,0.00029291891871453465,0.0,Germany,DEU,baden-wurttemberg,,,Linux-7.0.0-31-generic-x86_64-with-glibc2.43,3.14.4,3.3.0,24,Intel(R) Core(TM) Ultra 9 285K,1,1 x NVIDIA GeForce RTX 5090,9.2986,48.7383,60.81614685058594,machine,0.0,0.0,0.0,0.0,N
rollout_82,2026-09-09T22:30:26,td3_Ant-v5_seed85062,00849b3d-9ed9-4b64-928c-4787b4eda454,0.24863686700700782,3.542580109240634e-06,1.4247055476292801e-05,32.782085476634066,89.22118444598641,20.0,2.4712922548075777e-06,5.44778213606989e-06,1.3802565166972508e-06,9.299330907572984e-06,0.0,Germany,DEU,baden-wurttemberg,,,Linux-7.0.0-31-generic-x86_64-with-glibc2.43,3.14.4,3.3.0,24,Intel(R) Core(TM) Ultra 9 285K,1,1 x NVIDIA GeForce RTX 5090,9.2986,48.7383,60.81614685058594,machine,0.0,0.0,0.0,0.0,N
gradient_updates_82,2026-09-09T22:30:33,td3_Ant-v5_seed85062,00849b3d-9ed9-4b64-928c-4787b4eda454,7.729692447013804,0.00011183599017383465,1.4468396477776008e-05,32.79356426708076,89.21036854719455,20.0,6.299625761919253e-05,0.00018763515010777887,4.293990130002645e-05,0.00029357130902699785,0.0,Germany,DEU,baden-wurttemberg,,,Linux-7.0.0-31-generic-x86_64-with-glibc2.43,3.14.4,3.3.0,24,Intel(R) Core(TM) Ultra 9 285K,1,1 x NVIDIA GeForce RTX 5090,9.2986,48.7383,60.81614685058594,machine,0.0,0.0,0.0,0.0,N
rollout_83,2026-09-09T22:30:34,td3_Ant-v5_seed85062,00849b3d-9ed9-4b64-928c-4787b4eda454,0.24384384199220221,2.8771801799110097e-06,1.1799176710273074e-05,32.81035964895581,89.01271324526951,20.0,2.4351288925444914e-06,3.764169678177609e-06,1.3533466055783844e-06,7.55264517629875e-06,0.0,Germany,DEU,baden-wurttemberg,,,Linux-7.0.0-31-generic-x86_64-with-glibc2.43,3.14.4,3.3.0,24,Intel(R) Core(TM) Ultra 9 285K,1,1 x NVIDIA GeForce RTX 5090,9.2986,48.7383,60.81614685058594,machine,0.0,0.0,0.0,0.0,N
gradient_updates_83,2026-09-09T22:30:42,td3_Ant-v5_seed85062,00849b3d-9ed9-4b64-928c-4787b4eda454,7.83815223199781,0.0001108924474479394,1.4147809997838678e-05,32.819727289134846,89.00644172210112,20.0,5.609232904049688e-05,0.00019145959761202036,4.354256723891007e-05,0.00029109449389142644,0.0,Germany,DEU,baden-wurttemberg,,,Linux-7.0.0-31-generic-x86_64-with-glibc2.43,3.14.4,3.3.0,24,Intel(R) Core(TM) Ultra 9 285K,1,1 x NVIDIA GeForce RTX 5090,9.2986,48.7383,60.81614685058594,machine,0.0,0.0,0.0,0.0,N
rollout_84,2026-09-09T22:30:42,td3_Ant-v5_seed85062,00849b3d-9ed9-4b64-928c-4787b4eda454,0.24558194899873342,2.664984027419756e-06,1.0851361682563163e-05,32.7979576913137,88.7987408746837,20.0,1.9996438219288537e-06,3.632780683826553e-06,1.3632022888895173e-06,6.995626794643189e-06,0.0,Germany,DEU,baden-wurttemberg,,,Linux-7.0.0-31-generic-x86_64-with-glibc2.43,3.14.4,3.3.0,24,Intel(R) Core(TM) Ultra 9 285K,1,1 x NVIDIA GeForce RTX 5090,9.2986,48.7383,60.81614685058594,machine,0.0,0.0,0.0,0.0,N
gradient_updates_84,2026-09-09T22:30:50,td3_Ant-v5_seed85062,00849b3d-9ed9-4b64-928c-4787b4eda454,7.692625071998918,0.00011107208669522417,1.44387976238876e-05,32.77603217765539,88.79367978282188,20.0,6.0944632366777274e-05,0.00018788376141820606,4.273765607779034e-05,0.0002915660498627737,0.0,Germany,DEU,baden-wurttemberg,,,Linux-7.0.0-31-generic-x86_64-with-glibc2.43,3.14.4,3.3.0,24,Intel(R) Core(TM) Ultra 9 285K,1,1 x NVIDIA GeForce RTX 5090,9.2986,48.7383,60.81614685058594,machine,0.0,0.0,0.0,0.0,N
rollout_85,2026-09-09T22:30:50,td3_Ant-v5_seed85062,00849b3d-9ed9-4b64-928c-4787b4eda454,0.24724267100100406,3.6143407089444385e-06,1.461867547577538e-05,32.79290603446131,88.75588406252115,20.0,2.472360311221722e-06,5.643060070115169e-06,1.3722832777904662e-06,9.48770365912649e-06,0.0,Germany,DEU,baden-wurttemberg,,,Linux-7.0.0-31-generic-x86_64-with-glibc2.43,3.14.4,3.3.0,24,Intel(R) Core(TM) Ultra 9 285K,1,1 x NVIDIA GeForce RTX 5090,9.2986,48.7383,60.81614685058594,machine,0.0,0.0,0.0,0.0,N
gradient_updates_85,2026-09-09T22:30:58,td3_Ant-v5_seed85062,00849b3d-9ed9-4b64-928c-4787b4eda454,7.745407854003133,0.00011016804939422038,1.4223671820364008e-05,32.80349035837012,88.74720372186611,20.0,5.848558095509354e-05,0.0001876801501439207,4.3027206016671773e-05,0.00028919293711568775,0.0,Germany,DEU,baden-wurttemberg,,,Linux-7.0.0-31-generic-x86_64-with-glibc2.43,3.14.4,3.3.0,24,Intel(R) Core(TM) Ultra 9 285K,1,1 x NVIDIA GeForce RTX 5090,9.2986,48.7383,60.81614685058594,machine,0.0,0.0,0.0,0.0,N
rollout_86,2026-09-09T22:30:58,td3_Ant-v5_seed85062,00849b3d-9ed9-4b64-928c-4787b4eda454,0.24491551901155617,3.6150566073561707e-06,1.4759633505554832e-05,32.82022378630274,88.71755000879388,20.0,2.451727239165258e-06,5.678615653925689e-06,1.3592400111119354e-06,9.489582904202015e-06,0.0,Germany,DEU,baden-wurttemberg,,,Linux-7.0.0-31-generic-x86_64-with-glibc2.43,3.14.4,3.3.0,24,Intel(R) Core(TM) Ultra 9 285K,1,1 x NVIDIA GeForce RTX 5090,9.2986,48.7383,60.81614685058594,machine,0.0,0.0,0.0,0.0,N
gradient_updates_86,2026-09-09T22:31:06,td3_Ant-v5_seed85062,00849b3d-9ed9-4b64-928c-4787b4eda454,7.756343959001242,0.00010969100843899807,1.414211572283824e-05,32.83028061946964,88.70829670116923,20.0,5.72441788508557e-05,0.0001876082056420092,4.308831228885899e-05,0.000287940696781723,0.0,Germany,DEU,baden-wurttemberg,,,Linux-7.0.0-31-generic-x86_64-with-glibc2.43,3.14.4,3.3.0,24,Intel(R) Core(TM) Ultra 9 285K,1,1 x NVIDIA GeForce RTX 5090,9.2986,48.7383,60.81614685058594,machine,0.0,0.0,0.0,0.0,N
rollout_87,2026-09-09T22:31:06,td3_Ant-v5_seed85062,00849b3d-9ed9-4b64-928c-4787b4eda454,0.24780417699366808,3.582004356593449e-06,1.4454536830401025e-05,32.84276488150644,88.66562587580118,20.0,2.43729917206309e-06,5.588060026040509e-06,1.3774610055812542e-06,9.402820203684853e-06,0.0,Germany,DEU,baden-wurttemberg,,,Linux-7.0.0-31-generic-x86_64-with-glibc2.43,3.14.4,3.3.0,24,Intel(R) Core(TM) Ultra 9 285K,1,1 x NVIDIA GeForce RTX 5090,9.2986,48.7383,60.81614685058594,machine,0.0,0.0,0.0,0.0,N
gradient_updates_87,2026-09-09T22:31:14,td3_Ant-v5_seed85062,00849b3d-9ed9-4b64-928c-4787b4eda454,7.719948917001602,0.00011023195669498075,1.427887885185018e-05,32.84980844619175,88.65894662707538,20.0,5.890490851277741e-05,0.0001875687611658794,4.288702515000808e-05,0.00028936069482866575,0.0,Germany,DEU,baden-wurttemberg,,,Linux-7.0.0-31-generic-x86_64-with-glibc2.43,3.14.4,3.3.0,24,Intel(R) Core(TM) Ultra 9 285K,1,1 x NVIDIA GeForce RTX 5090,9.2986,48.7383,60.81614685058594,machine,0.0,0.0,0.0,0.0,N
rollout_88,2026-09-09T22:31:14,td3_Ant-v5_seed85062,00849b3d-9ed9-4b64-928c-4787b4eda454,0.25031528298859484,3.5447519803315924e-06,1.4161139281976346e-05,32.86358770192198,88.60132644900398,20.0,2.4762258698657336e-06,5.43972657385261e-06,1.389079661102445e-06,9.305032104819921e-06,0.0,Germany,DEU,baden-wurttemberg,,,Linux-7.0.0-31-generic-x86_64-with-glibc2.43,3.14.4,3.3.0,24,Intel(R) Core(TM) Ultra 9 285K,1,1 x NVIDIA GeForce RTX 5090,9.2986,48.7383,60.81614685058594,machine,0.0,0.0,0.0,0.0,N
gradient_updates_88,2026-09-09T22:31:21,td3_Ant-v5_seed85062,00849b3d-9ed9-4b64-928c-4787b4eda454,7.689097245995072,0.00011042203534551188,1.4360867571398162e-05,32.87267400967693,88.59222162067289,20.0,6.143306525752817e-05,0.00018571181523618918,4.271477391108985e-05,0.00028985965440480807,0.0,Germany,DEU,baden-wurttemberg,,,Linux-7.0.0-31-generic-x86_64-with-glibc2.43,3.14.4,3.3.0,24,Intel(R) Core(TM) Ultra 9 285K,1,1 x NVIDIA GeForce RTX 5090,9.2986,48.7383,60.81614685058594,machine,0.0,0.0,0.0,0.0,N
rollout_89,2026-09-09T22:31:22,td3_Ant-v5_seed85062,00849b3d-9ed9-4b64-928c-4787b4eda454,0.24657667400606442,2.748703205521924e-06,1.1147628030024893e-05,32.88571048990448,88.37940582783642,20.0,2.4337216691996955e-06,3.4130582859948078e-06,1.3686110554977232e-06,7.215391010690492e-06,0.0,Germany,DEU,baden-wurttemberg,,,Linux-7.0.0-31-generic-x86_64-with-glibc2.43,3.14.4,3.3.0,24,Intel(R) Core(TM) Ultra 9 285K,1,1 x NVIDIA GeForce RTX 5090,9.2986,48.7383,60.81614685058594,machine,0.0,0.0,0.0,0.0,N
gradient_updates_89,2026-09-09T22:31:29,td3_Ant-v5_seed85062,00849b3d-9ed9-4b64-928c-4787b4eda454,7.679664812996634,0.00011110236446209773,1.4467100652914874e-05,32.894228814422505,88.37664113880415,20.0,6.153702811847322e-05,0.00018744626106803608,4.266224031105378e-05,0.00029164552949756395,0.0,Germany,DEU,baden-wurttemberg,,,Linux-7.0.0-31-generic-x86_64-with-glibc2.43,3.14.4,3.3.0,24,Intel(R) Core(TM) Ultra 9 285K,1,1 x NVIDIA GeForce RTX 5090,9.2986,48.7383,60.81614685058594,machine,0.0,0.0,0.0,0.0,N
rollout_90,2026-09-09T22:31:30,td3_Ant-v5_seed85062,00849b3d-9ed9-4b64-928c-4787b4eda454,0.2427521479985444,2.827902416858638e-06,1.164863246845188e-05,32.91026753616345,88.19025119308706,20.0,2.436671949337943e-06,3.6408362460438326e-06,1.3457820444377072e-06,7.423290239817748e-06,0.0,Germany,DEU,baden-wurttemberg,,,Linux-7.0.0-31-generic-x86_64-with-glibc2.43,3.14.4,3.3.0,24,Intel(R) Core(TM) Ultra 9 285K,1,1 x NVIDIA GeForce RTX 5090,9.2986,48.7383,60.81614685058594,machine,0.0,0.0,0.0,0.0,N
gradient_updates_90,2026-09-09T22:31:38,td3_Ant-v5_seed85062,00849b3d-9ed9-4b64-928c-4787b4eda454,7.94573967200995,0.00011214456578986613,1.411381528465556e-05,32.91946710676042,88.18595592642407,20.0,5.7356008662544367e-05,0.00019288515430804232,4.4140162111095185e-05,0.00029438132508168013,0.0,Germany,DEU,baden-wurttemberg,,,Linux-7.0.0-31-generic-x86_64-with-glibc2.43,3.14.4,3.3.0,24,Intel(R) Core(TM) Ultra 9 285K,1,1 x NVIDIA GeForce RTX 5090,9.2986,48.7383,60.81614685058594,machine,0.0,0.0,0.0,0.0,N
rollout_91,2026-09-09T22:31:38,td3_Ant-v5_seed85062,00849b3d-9ed9-4b64-928c-4787b4eda454,0.25712484298856,2.6718435546645852e-06,1.0391296584739741e-05,32.89373388227027,87.98100562703284,20.0,2.024905508810071e-06,3.5650028518130483e-06,1.423724805580534e-06,7.013633166203653e-06,0.0,Germany,DEU,baden-wurttemberg,,,Linux-7.0.0-31-generic-x86_64-with-glibc2.43,3.14.4,3.3.0,24,Intel(R) Core(TM) Ultra 9 285K,1,1 x NVIDIA GeForce RTX 5090,9.2986,48.7383,60.81614685058594,machine,0.0,0.0,0.0,0.0,N
gradient_updates_91,2026-09-09T22:31:46,td3_Ant-v5_seed85062,00849b3d-9ed9-4b64-928c-4787b4eda454,8.098794916993938,0.00011332886813220089,1.399331638359038e-05,32.86714732305625,87.97041826294655,20.0,5.903211583676432e-05,0.00019346682144028016,4.499120088334585e-05,0.00029749013816039033,0.0,Germany,DEU,baden-wurttemberg,,,Linux-7.0.0-31-generic-x86_64-with-glibc2.43,3.14.4,3.3.0,24,Intel(R) Core(TM) Ultra 9 285K,1,1 x NVIDIA GeForce RTX 5090,9.2986,48.7383,60.81614685058594,machine,0.0,0.0,0.0,0.0,N
rollout_92,2026-09-09T22:31:46,td3_Ant-v5_seed85062,00849b3d-9ed9-4b64-928c-4787b4eda454,0.26798696799960453,3.4880814719206316e-06,1.3015867830300082e-05,32.83674143837812,87.90519224342256,20.0,2.036298851267049e-06,5.632504505914682e-06,1.4874677333057487e-06,9.156271090486612e-06,0.0,Germany,DEU,baden-wurttemberg,,,Linux-7.0.0-31-generic-x86_64-with-glibc2.43,3.14.4,3.3.0,24,Intel(R) Core(TM) Ultra 9 285K,1,1 x NVIDIA GeForce RTX 5090,9.2986,48.7383,60.81614685058594,machine,0.0,0.0,0.0,0.0,N
gradient_updates_92,2026-09-09T22:31:54,td3_Ant-v5_seed85062,00849b3d-9ed9-4b64-928c-4787b4eda454,7.681448579009157,0.00011089076645872525,1.4436185721841762e-05,32.80768627808593,87.90417697961361,20.0,6.126864345931682e-05,0.00018714903860783672,4.26723992000104e-05,0.00029109008126716393,0.0,Germany,DEU,baden-wurttemberg,,,Linux-7.0.0-31-generic-x86_64-with-glibc2.43,3.14.4,3.3.0,24,Intel(R) Core(TM) Ultra 9 285K,1,1 x NVIDIA GeForce RTX 5090,9.2986,48.7383,60.81614685058594,machine,0.0,0.0,0.0,0.0,N
rollout_93,2026-09-09T22:31:54,td3_Ant-v5_seed85062,00849b3d-9ed9-4b64-928c-4787b4eda454,0.23541629599640146,2.789654221072718e-06,1.1850354650314287e-05,32.824340978311675,87.73290851038921,20.0,2.3808416268894517e-06,3.6308362381110015e-06,1.311210233365806e-06,7.322888098366259e-06,0.0,Germany,DEU,baden-wurttemberg,,,Linux-7.0.0-31-generic-x86_64-with-glibc2.43,3.14.4,3.3.0,24,Intel(R) Core(TM) Ultra 9 285K,1,1 x NVIDIA GeForce RTX 5090,9.2986,48.7383,60.81614685058594,machine,0.0,0.0,0.0,0.0,N
gradient_updates_93,2026-09-09T22:32:02,td3_Ant-v5_seed85062,00849b3d-9ed9-4b64-928c-4787b4eda454,7.738615922004101,0.00011055571582414825,1.4286249431088651e-05,32.8348054435331,87.7354841944296,20.0,5.7581092453726224e-05,0.00018963987393405546,4.2989601466656216e-05,0.00029021056785443616,0.0,Germany,DEU,baden-wurttemberg,,,Linux-7.0.0-31-generic-x86_64-with-glibc2.43,3.14.4,3.3.0,24,Intel(R) Core(TM) Ultra 9 285K,1,1 x NVIDIA GeForce RTX 5090,9.2986,48.7383,60.81614685058594,machine,0.0,0.0,0.0,0.0,N
rollout_94,2026-09-09T22:32:02,td3_Ant-v5_seed85062,00849b3d-9ed9-4b64-928c-4787b4eda454,0.2556468800030416,2.816044817758115e-06,1.1014479608721534e-05,32.85014815553806,87.52749658489567,20.0,2.5676767763660457e-06,3.4016693879479476e-06,1.4228176833256181e-06,7.392163847638744e-06,0.0,Germany,DEU,baden-wurttemberg,,,Linux-7.0.0-31-generic-x86_64-with-glibc2.43,3.14.4,3.3.0,24,Intel(R) Core(TM) Ultra 9 285K,1,1 x NVIDIA GeForce RTX 5090,9.2986,48.7383,60.81614685058594,machine,0.0,0.0,0.0,0.0,N
gradient_updates_94,2026-09-09T22:32:10,td3_Ant-v5_seed85062,00849b3d-9ed9-4b64-928c-4787b4eda454,7.716241857007844,0.00011029168639085755,1.4293484112812123e-05,32.86030262219632,87.52505941824002,20.0,6.0063421661808725e-05,0.0001865887603818006,4.28653042166844e-05,0.000289517486260292,0.0,Germany,DEU,baden-wurttemberg,,,Linux-7.0.0-31-generic-x86_64-with-glibc2.43,3.14.4,3.3.0,24,Intel(R) Core(TM) Ultra 9 285K,1,1 x NVIDIA GeForce RTX 5090,9.2986,48.7383,60.81614685058594,machine,0.0,0.0,0.0,0.0,N
rollout_95,2026-09-09T22:32:10,td3_Ant-v5_seed85062,00849b3d-9ed9-4b64-928c-4787b4eda454,0.24622500498662703,2.73061400726457e-06,1.1089725508393022e-05,32.872021268522055,87.32863792326292,20.0,2.4227522159789294e-06,3.3783360358086156e-06,1.3668183166982983e-06,7.167906568485843e-06,0.0,Germany,DEU,baden-wurttemberg,,,Linux-7.0.0-31-generic-x86_64-with-glibc2.43,3.14.4,3.3.0,24,Intel(R) Core(TM) Ultra 9 285K,1,1 x NVIDIA GeForce RTX 5090,9.2986,48.7383,60.81614685058594,machine,0.0,0.0,0.0,0.0,N
gradient_updates_95,2026-09-09T22:32:18,td3_Ant-v5_seed85062,00849b3d-9ed9-4b64-928c-4787b4eda454,7.822291206990485,0.0001097985170282062,1.4036632558776706e-05,32.87766528511662,87.3259316870091,20.0,5.617123382584133e-05,0.0001885970953219296,4.345457944444995e-05,0.00028822290859222,0.0,Germany,DEU,baden-wurttemberg,,,Linux-7.0.0-31-generic-x86_64-with-glibc2.43,3.14.4,3.3.0,24,Intel(R) Core(TM) Ultra 9 285K,1,1 x NVIDIA GeForce RTX 5090,9.2986,48.7383,60.81614685058594,machine,0.0,0.0,0.0,0.0,N
rollout_96,2026-09-09T22:32:18,td3_Ant-v5_seed85062,00849b3d-9ed9-4b64-928c-4787b4eda454,0.2462982420111075,3.630072925319555e-06,1.4738394052573805e-05,32.89267040118353,87.30509590287633,20.0,2.4705972542574117e-06,5.691393442086579e-06,1.3670102888786381e-06,9.529000985220026e-06,0.0,Germany,DEU,baden-wurttemberg,,,Linux-7.0.0-31-generic-x86_64-with-glibc2.43,3.14.4,3.3.0,24,Intel(R) Core(TM) Ultra 9 285K,1,1 x NVIDIA GeForce RTX 5090,9.2986,48.7383,60.81614685058594,machine,0.0,0.0,0.0,0.0,N
gradient_updates_96,2026-09-09T22:32:26,td3_Ant-v5_seed85062,00849b3d-9ed9-4b64-928c-4787b4eda454,7.7639670290081995,0.00011005844076981269,1.417555271477203e-05,32.902149432464824,87.30151612435867,20.0,5.900253081309731e-05,0.00018676931608196945,4.3133365783271614e-05,0.00028890521267833924,0.0,Germany,DEU,baden-wurttemberg,,,Linux-7.0.0-31-generic-x86_64-with-glibc2.43,3.14.4,3.3.0,24,Intel(R) Core(TM) Ultra 9 285K,1,1 x NVIDIA GeForce RTX 5090,9.2986,48.7383,60.81614685058594,machine,0.0,0.0,0.0,0.0,N
rollout_97,2026-09-09T22:32:26,td3_Ant-v5_seed85062,00849b3d-9ed9-4b64-928c-4787b4eda454,0.2534341959981248,3.7365603353864407e-06,1.474473617933773e-05,32.926743741746385,87.27183513466666,20.0,2.6795743658727944e-06,5.723615690067518e-06,1.4053421277717554e-06,9.808532183713803e-06,0.0,Germany,DEU,baden-wurttemberg,,,Linux-7.0.0-31-generic-x86_64-with-glibc2.43,3.14.4,3.3.0,24,Intel(R) Core(TM) Ultra 9 285K,1,1 x NVIDIA GeForce RTX 5090,9.2986,48.7383,60.81614685058594,machine,0.0,0.0,0.0,0.0,N
gradient_updates_97,2026-09-09T22:32:34,td3_Ant-v5_seed85062,00849b3d-9ed9-4b64-928c-4787b4eda454,7.76502748799976,0.00011015643004015814,1.4186243154213618e-05,32.944006030818436,87.27331733410476,20.0,5.7158119615340064e-05,0.0001888679288719608,4.3136387633341267e-05,0.00028916243612064213,0.0,Germany,DEU,baden-wurttemberg,,,Linux-7.0.0-31-generic-x86_64-with-glibc2.43,3.14.4,3.3.0,24,Intel(R) Core(TM) Ultra 9 285K,1,1 x NVIDIA GeForce RTX 5090,9.2986,48.7383,60.81614685058594,machine,0.0,0.0,0.0,0.0,N
rollout_98,2026-09-09T22:32:34,td3_Ant-v5_seed85062,00849b3d-9ed9-4b64-928c-4787b4eda454,0.24972666200483218,2.7642516033446474e-06,1.1068394995265225e-05,32.95601409811209,87.08298289124664,20.0,2.4711733658255852e-06,3.402502722016365e-06,1.3825297222255784e-06,7.256205810067529e-06,0.0,Germany,DEU,baden-wurttemberg,,,Linux-7.0.0-31-generic-x86_64-with-glibc2.43,3.14.4,3.3.0,24,Intel(R) Core(TM) Ultra 9 285K,1,1 x NVIDIA GeForce RTX 5090,9.2986,48.7383,60.81614685058594,machine,0.0,0.0,0.0,0.0,N
gradient_updates_98,2026-09-09T22:32:43,td3_Ant-v5_seed85062,00849b3d-9ed9-4b64-928c-4787b4eda454,8.513097172995913,0.00011801329886752636,1.3862562428858315e-05,32.96306344033643,87.06967793083001,20.0,6.289690615081389e-05,0.00019959738189978538,4.7292557644444504e-05,0.00030978684569504117,0.0,Germany,DEU,baden-wurttemberg,,,Linux-7.0.0-31-generic-x86_64-with-glibc2.43,3.14.4,3.3.0,24,Intel(R) Core(TM) Ultra 9 285K,1,1 x NVIDIA GeForce RTX 5090,9.2986,48.7383,60.81614685058594,machine,0.0,0.0,0.0,0.0,N
rollout_99,2026-09-09T22:32:43,td3_Ant-v5_seed85062,00849b3d-9ed9-4b64-928c-4787b4eda454,0.24971468299918342,3.5581964093079482e-06,1.424921869123344e-05,32.970336134891596,87.03081456935435,20.0,2.4219047152912454e-06,5.524171086124241e-06,1.3942481500430967e-06,9.34032395145945e-06,0.0,Germany,DEU,baden-wurttemberg,,,Linux-7.0.0-31-generic-x86_64-with-glibc2.43,3.14.4,3.3.0,24,Intel(R) Core(TM) Ultra 9 285K,1,1 x NVIDIA GeForce RTX 5090,9.2986,48.7383,60.81614685058594,machine,0.0,0.0,0.0,0.0,N
gradient_updates_99,2026-09-09T22:32:52,td3_Ant-v5_seed85062,00849b3d-9ed9-4b64-928c-4787b4eda454,8.87685953899927,0.00012190527180669895,1.3732954199753769e-05,32.97313743418722,87.01284438109907,20.0,6.5095829298846e-05,0.00020559460892011217,4.931290029449448e-05,0.00032000333851345264,0.0,Germany,DEU,baden-wurttemberg,,,Linux-7.0.0-31-generic-x86_64-with-glibc2.43,3.14.4,3.3.0,24,Intel(R) Core(TM) Ultra 9 285K,1,1 x NVIDIA GeForce RTX 5090,9.2986,48.7383,60.81614685058594,machine,0.0,0.0,0.0,0.0,N
idle_baseline_tail,2026-09-09T22:34:22,td3_Ant-v5_seed85062,00849b3d-9ed9-4b64-928c-4787b4eda454,90.00493657498737,0.0006585103195259397,7.3163806495683536e-06,32.940338840141976,86.74705048494293,20.0,0.00040879298842301515,0.0008197945447239174,0.0005000128593611102,0.0017286003925080437,0.0,Germany,DEU,baden-wurttemberg,,,Linux-7.0.0-31-generic-x86_64-with-glibc2.43,3.14.4,3.3.0,24,Intel(R) Core(TM) Ultra 9 285K,1,1 x NVIDIA GeForce RTX 5090,9.2986,48.7383,60.81614685058594,machine,0.0,0.0,0.0,0.0,N
