task_name,timestamp,project_name,run_id,duration,emissions,emissions_rate,cpu_power,gpu_power,ram_power,cpu_energy,gpu_energy,ram_energy,energy_consumed,water_consumed,country_name,country_iso_code,region,cloud_provider,cloud_region,os,python_version,codecarbon_version,cpu_count,cpu_model,gpu_count,gpu_model,longitude,latitude,ram_total_size,tracking_mode,cpu_utilization_percent,gpu_utilization_percent,ram_utilization_percent,ram_used_gb,on_cloud
idle_baseline_head,2026-09-15T16:35:36,mbpo_HalfCheetah-v5_seed85062,ecef5757-8ec3-4d83-9eb8-ec3d2c19e368,90.00286709700595,0.0005911772477571663,6.5684264926644995e-06,14.419664607064018,12.055999343641972,20.0,0.0004116489540411175,0.0006232441097060448,0.0005169569106777393,0.0015518499744249016,0.0,Germany,DEU,baden-wurttemberg,,,Linux-7.0.0-31-generic-x86_64-with-glibc2.43,3.14.4,3.3.0,24,Intel(R) Core(TM) Ultra 9 285K,1,1 x NVIDIA GeForce RTX 5090,9.2986,48.7383,60.81614303588867,machine,0.0,0.0,0.0,0.0,N
warmup_0,2026-09-15T16:35:36,mbpo_HalfCheetah-v5_seed85062,ecef5757-8ec3-4d83-9eb8-ec3d2c19e368,0.15106159000424668,1.4922857066125214e-06,9.877217633197908e-06,21.482968204548893,20.21191509181283,20.0,1.5271478883832623e-06,1.544723457813646e-06,8.454031166265285e-07,3.917274462823328e-06,0.0,Germany,DEU,baden-wurttemberg,,,Linux-7.0.0-31-generic-x86_64-with-glibc2.43,3.14.4,3.3.0,24,Intel(R) Core(TM) Ultra 9 285K,1,1 x NVIDIA GeForce RTX 5090,9.2986,48.7383,60.81614303588867,machine,0.0,0.0,0.0,0.0,N
dynamics_model_update_0,2026-09-15T16:36:01,mbpo_HalfCheetah-v5_seed85062,ecef5757-8ec3-4d83-9eb8-ec3d2c19e368,24.953413538998575,0.00030043434468288025,1.2039818376757006e-05,24.900584885494624,32.55143741181327,20.0,0.00016779743757117105,0.000482219552442098,0.0001386280938110657,0.0007886450838243346,0.0,Germany,DEU,baden-wurttemberg,,,Linux-7.0.0-31-generic-x86_64-with-glibc2.43,3.14.4,3.3.0,24,Intel(R) Core(TM) Ultra 9 285K,1,1 x NVIDIA GeForce RTX 5090,9.2986,48.7383,60.81614303588867,machine,0.0,0.0,0.0,0.0,N
rollout_0,2026-09-15T16:36:02,mbpo_HalfCheetah-v5_seed85062,ecef5757-8ec3-4d83-9eb8-ec3d2c19e368,0.23768881600699387,2.6701016682321825e-06,1.1234274658115136e-05,26.447784649314077,36.70928845120426,20.0,2.172423960167258e-06,3.5180583699556678e-06,1.3185783556158301e-06,7.009060685738647e-06,0.0,Germany,DEU,baden-wurttemberg,,,Linux-7.0.0-31-generic-x86_64-with-glibc2.43,3.14.4,3.3.0,24,Intel(R) Core(TM) Ultra 9 285K,1,1 x NVIDIA GeForce RTX 5090,9.2986,48.7383,60.81614303588867,machine,0.0,0.0,0.0,0.0,N
synthetic_rollout_generation_0,2026-09-15T16:36:02,mbpo_HalfCheetah-v5_seed85062,ecef5757-8ec3-4d83-9eb8-ec3d2c19e368,0.01869584400265012,7.640507790178126e-07,4.088943920053935e-05,26.358017213143327,88.98075457919946,20.0,1.4860317443243787e-07,1.7572236279406184e-06,9.981902783496015e-08,2.005645830208125e-06,0.0,Germany,DEU,baden-wurttemberg,,,Linux-7.0.0-31-generic-x86_64-with-glibc2.43,3.14.4,3.3.0,24,Intel(R) Core(TM) Ultra 9 285K,1,1 x NVIDIA GeForce RTX 5090,9.2986,48.7383,60.81614303588867,machine,0.0,0.0,0.0,0.0,N
gradient_updates_0,2026-09-15T16:36:06,mbpo_HalfCheetah-v5_seed85062,ecef5757-8ec3-4d83-9eb8-ec3d2c19e368,4.149068233004073,7.19965665957773e-05,1.7352499894417113e-05,26.23622167386869,93.42354889459831,20.0,2.7549016761420353e-05,0.00013839344404797949,2.3049707705568982e-05,0.0001889921685149687,0.0,Germany,DEU,baden-wurttemberg,,,Linux-7.0.0-31-generic-x86_64-with-glibc2.43,3.14.4,3.3.0,24,Intel(R) Core(TM) Ultra 9 285K,1,1 x NVIDIA GeForce RTX 5090,9.2986,48.7383,60.81614303588867,machine,0.0,0.0,0.0,0.0,N
dynamics_model_update_1,2026-09-15T16:36:10,mbpo_HalfCheetah-v5_seed85062,ecef5757-8ec3-4d83-9eb8-ec3d2c19e368,3.8574341339990497,4.660215929794991e-05,1.2081055143954744e-05,25.89192859800437,90.73428718188688,20.0,2.385963492102655e-05,7.704422830201452e-05,2.142756950553222e-05,0.0001223314327285733,0.0,Germany,DEU,baden-wurttemberg,,,Linux-7.0.0-31-generic-x86_64-with-glibc2.43,3.14.4,3.3.0,24,Intel(R) Core(TM) Ultra 9 285K,1,1 x NVIDIA GeForce RTX 5090,9.2986,48.7383,60.81614303588867,machine,0.0,0.0,0.0,0.0,N
rollout_1,2026-09-15T16:36:10,mbpo_HalfCheetah-v5_seed85062,ecef5757-8ec3-4d83-9eb8-ec3d2c19e368,0.2140702489996329,2.406629442541861e-06,1.124191241370516e-05,25.91674528654731,87.31673250271429,20.0,1.5677362541904882e-06,3.5622250720290793e-06,1.1874804444636598e-06,6.317441770683444e-06,0.0,Germany,DEU,baden-wurttemberg,,,Linux-7.0.0-31-generic-x86_64-with-glibc2.43,3.14.4,3.3.0,24,Intel(R) Core(TM) Ultra 9 285K,1,1 x NVIDIA GeForce RTX 5090,9.2986,48.7383,60.81614303588867,machine,0.0,0.0,0.0,0.0,N
synthetic_rollout_generation_1,2026-09-15T16:36:10,mbpo_HalfCheetah-v5_seed85062,ecef5757-8ec3-4d83-9eb8-ec3d2c19e368,0.005521547005628236,2.8990906088743537e-08,5.2407139024700214e-06,25.534013393708022,78.58505925244286,20.0,4.687837083100499e-08,0.0,2.92232332868049e-08,7.610160411780989e-08,0.0,Germany,DEU,baden-wurttemberg,,,Linux-7.0.0-31-generic-x86_64-with-glibc2.43,3.14.4,3.3.0,24,Intel(R) Core(TM) Ultra 9 285K,1,1 x NVIDIA GeForce RTX 5090,9.2986,48.7383,60.81614303588867,machine,0.0,0.0,0.0,0.0,N
gradient_updates_1,2026-09-15T16:36:14,mbpo_HalfCheetah-v5_seed85062,ecef5757-8ec3-4d83-9eb8-ec3d2c19e368,4.072591363001266,7.346195773386978e-05,1.80381821317145e-05,25.30417253924517,82.6943696601785,20.0,3.0187087482987096e-05,0.00014002816757785475,2.262358923334326e-05,0.0001928388442941852,0.0,Germany,DEU,baden-wurttemberg,,,Linux-7.0.0-31-generic-x86_64-with-glibc2.43,3.14.4,3.3.0,24,Intel(R) Core(TM) Ultra 9 285K,1,1 x NVIDIA GeForce RTX 5090,9.2986,48.7383,60.81614303588867,machine,0.0,0.0,0.0,0.0,N
dynamics_model_update_2,2026-09-15T16:36:22,mbpo_HalfCheetah-v5_seed85062,ecef5757-8ec3-4d83-9eb8-ec3d2c19e368,8.112105362990405,9.934964235417754e-05,1.2247085708052595e-05,25.402583616627556,81.69791666157575,20.0,5.6341250072963756e-05,0.00015938846084417868,4.5064730227831044e-05,0.00026079444114497337,0.0,Germany,DEU,baden-wurttemberg,,,Linux-7.0.0-31-generic-x86_64-with-glibc2.43,3.14.4,3.3.0,24,Intel(R) Core(TM) Ultra 9 285K,1,1 x NVIDIA GeForce RTX 5090,9.2986,48.7383,60.81614303588867,machine,0.0,0.0,0.0,0.0,N
rollout_2,2026-09-15T16:36:22,mbpo_HalfCheetah-v5_seed85062,ecef5757-8ec3-4d83-9eb8-ec3d2c19e368,0.20217676300671883,2.501216824119879e-06,1.2370739263926286e-05,25.98730432489157,80.30827904822223,20.0,1.8721653866210497e-06,3.571391745893493e-06,1.1221780666447563e-06,6.565735199159407e-06,0.0,Germany,DEU,baden-wurttemberg,,,Linux-7.0.0-31-generic-x86_64-with-glibc2.43,3.14.4,3.3.0,24,Intel(R) Core(TM) Ultra 9 285K,1,1 x NVIDIA GeForce RTX 5090,9.2986,48.7383,60.81614303588867,machine,0.0,0.0,0.0,0.0,N
synthetic_rollout_generation_2,2026-09-15T16:36:22,mbpo_HalfCheetah-v5_seed85062,ecef5757-8ec3-4d83-9eb8-ec3d2c19e368,0.005713081001886167,2.969383970695752e-08,5.185635302654329e-06,25.734772711141364,74.57197340192064,20.0,4.8268371959092615e-08,0.0,2.9678444439539854e-08,7.794681639852405e-08,0.0,Germany,DEU,baden-wurttemberg,,,Linux-7.0.0-31-generic-x86_64-with-glibc2.43,3.14.4,3.3.0,24,Intel(R) Core(TM) Ultra 9 285K,1,1 x NVIDIA GeForce RTX 5090,9.2986,48.7383,60.81614303588867,machine,0.0,0.0,0.0,0.0,N
gradient_updates_2,2026-09-15T16:36:26,mbpo_HalfCheetah-v5_seed85062,ecef5757-8ec3-4d83-9eb8-ec3d2c19e368,4.097514050998143,7.277101538987309e-05,1.775983663320392e-05,25.55000608356618,77.7886809691971,20.0,2.847892000534119e-05,0.00013978455627228215,2.2761633027726532e-05,0.00019102510930534998,0.0,Germany,DEU,baden-wurttemberg,,,Linux-7.0.0-31-generic-x86_64-with-glibc2.43,3.14.4,3.3.0,24,Intel(R) Core(TM) Ultra 9 285K,1,1 x NVIDIA GeForce RTX 5090,9.2986,48.7383,60.81614303588867,machine,0.0,0.0,0.0,0.0,N
dynamics_model_update_3,2026-09-15T16:36:29,mbpo_HalfCheetah-v5_seed85062,ecef5757-8ec3-4d83-9eb8-ec3d2c19e368,2.7292822979943594,3.2586229612586786e-05,1.1939394746348053e-05,25.45010663552812,77.36415246902826,20.0,1.6567353531650453e-05,5.3813098605859366e-05,1.5158935216701749e-05,8.553938735421157e-05,0.0,Germany,DEU,baden-wurttemberg,,,Linux-7.0.0-31-generic-x86_64-with-glibc2.43,3.14.4,3.3.0,24,Intel(R) Core(TM) Ultra 9 285K,1,1 x NVIDIA GeForce RTX 5090,9.2986,48.7383,60.81614303588867,machine,0.0,0.0,0.0,0.0,N
rollout_3,2026-09-15T16:36:29,mbpo_HalfCheetah-v5_seed85062,ecef5757-8ec3-4d83-9eb8-ec3d2c19e368,0.2139004900091095,2.458065356856316e-06,1.1490896873151155e-05,25.472206814172527,76.49398272327326,20.0,1.54925623940122e-06,3.7158363057621102e-06,1.1873693444713895e-06,6.45246188963472e-06,0.0,Germany,DEU,baden-wurttemberg,,,Linux-7.0.0-31-generic-x86_64-with-glibc2.43,3.14.4,3.3.0,24,Intel(R) Core(TM) Ultra 9 285K,1,1 x NVIDIA GeForce RTX 5090,9.2986,48.7383,60.81614303588867,machine,0.0,0.0,0.0,0.0,N
synthetic_rollout_generation_3,2026-09-15T16:36:29,mbpo_HalfCheetah-v5_seed85062,ecef5757-8ec3-4d83-9eb8-ec3d2c19e368,0.006322221001028083,3.409731557909093e-08,5.386041430258223e-06,25.128552394580467,72.24431701642476,20.0,5.074392948195561e-08,0.0,3.876208332564621e-08,8.950601280760181e-08,0.0,Germany,DEU,baden-wurttemberg,,,Linux-7.0.0-31-generic-x86_64-with-glibc2.43,3.14.4,3.3.0,24,Intel(R) Core(TM) Ultra 9 285K,1,1 x NVIDIA GeForce RTX 5090,9.2986,48.7383,60.81614303588867,machine,0.0,0.0,0.0,0.0,N
gradient_updates_3,2026-09-15T16:36:33,mbpo_HalfCheetah-v5_seed85062,ecef5757-8ec3-4d83-9eb8-ec3d2c19e368,4.071191529990756,7.263277883550433e-05,1.784070421276522e-05,24.89499974160813,74.8782326402864,20.0,2.9767793536437936e-05,0.00013827955506795497,2.2614887477781596e-05,0.0001906622360821745,0.0,Germany,DEU,baden-wurttemberg,,,Linux-7.0.0-31-generic-x86_64-with-glibc2.43,3.14.4,3.3.0,24,Intel(R) Core(TM) Ultra 9 285K,1,1 x NVIDIA GeForce RTX 5090,9.2986,48.7383,60.81614303588867,machine,0.0,0.0,0.0,0.0,N
dynamics_model_update_4,2026-09-15T16:36:35,mbpo_HalfCheetah-v5_seed85062,ecef5757-8ec3-4d83-9eb8-ec3d2c19e368,1.5641225669969572,2.012958440309365e-05,1.2869553660432135e-05,24.93805590491228,74.9543198226859,20.0,1.0964166826887833e-05,3.318863766210711e-05,8.687684822184048e-06,5.284048931117899e-05,0.0,Germany,DEU,baden-wurttemberg,,,Linux-7.0.0-31-generic-x86_64-with-glibc2.43,3.14.4,3.3.0,24,Intel(R) Core(TM) Ultra 9 285K,1,1 x NVIDIA GeForce RTX 5090,9.2986,48.7383,60.81614303588867,machine,0.0,0.0,0.0,0.0,N
rollout_4,2026-09-15T16:36:35,mbpo_HalfCheetah-v5_seed85062,ecef5757-8ec3-4d83-9eb8-ec3d2c19e368,0.19943773100385442,2.5058022980509968e-06,1.2564398238410534e-05,25.28346099508576,74.54192110369225,20.0,1.8013136632716309e-06,3.669725157973147e-06,1.1067333222146512e-06,6.577772143459646e-06,0.0,Germany,DEU,baden-wurttemberg,,,Linux-7.0.0-31-generic-x86_64-with-glibc2.43,3.14.4,3.3.0,24,Intel(R) Core(TM) Ultra 9 285K,1,1 x NVIDIA GeForce RTX 5090,9.2986,48.7383,60.81614303588867,machine,0.0,0.0,0.0,0.0,N
synthetic_rollout_generation_4,2026-09-15T16:36:35,mbpo_HalfCheetah-v5_seed85062,ecef5757-8ec3-4d83-9eb8-ec3d2c19e368,0.0061031649966025725,3.0857843206230987e-08,5.046373658917536e-06,25.114964642048427,71.15365196261533,20.0,4.8861983535652964e-08,0.0,3.2140361145086005e-08,8.100234468073897e-08,0.0,Germany,DEU,baden-wurttemberg,,,Linux-7.0.0-31-generic-x86_64-with-glibc2.43,3.14.4,3.3.0,24,Intel(R) Core(TM) Ultra 9 285K,1,1 x NVIDIA GeForce RTX 5090,9.2986,48.7383,60.81614303588867,machine,0.0,0.0,0.0,0.0,N
gradient_updates_4,2026-09-15T16:36:39,mbpo_HalfCheetah-v5_seed85062,ecef5757-8ec3-4d83-9eb8-ec3d2c19e368,4.093330371004413,7.340240367301578e-05,1.7932222526447237e-05,24.996211821002074,73.44335822385699,20.0,2.914111636843214e-05,0.00014079872375005742,2.2742673788889124e-05,0.00019268251390737847,0.0,Germany,DEU,baden-wurttemberg,,,Linux-7.0.0-31-generic-x86_64-with-glibc2.43,3.14.4,3.3.0,24,Intel(R) Core(TM) Ultra 9 285K,1,1 x NVIDIA GeForce RTX 5090,9.2986,48.7383,60.81614303588867,machine,0.0,0.0,0.0,0.0,N
dynamics_model_update_5,2026-09-15T16:36:41,mbpo_HalfCheetah-v5_seed85062,ecef5757-8ec3-4d83-9eb8-ec3d2c19e368,1.7213683640002273,2.1428355172982156e-05,1.2448270263350745e-05,25.007083562241785,73.41350860815028,20.0,1.192090814782637e-05,3.476808337010695e-05,9.560792372293576e-06,5.624978389022744e-05,0.0,Germany,DEU,baden-wurttemberg,,,Linux-7.0.0-31-generic-x86_64-with-glibc2.43,3.14.4,3.3.0,24,Intel(R) Core(TM) Ultra 9 285K,1,1 x NVIDIA GeForce RTX 5090,9.2986,48.7383,60.81614303588867,machine,0.0,0.0,0.0,0.0,N
rollout_5,2026-09-15T16:36:41,mbpo_HalfCheetah-v5_seed85062,ecef5757-8ec3-4d83-9eb8-ec3d2c19e368,0.20028211099270266,2.543336580394448e-06,1.269818925948919e-05,25.293093478485563,73.17461542109068,20.0,1.8091467250958004e-06,3.7541696698006888e-06,1.1129838555158818e-06,6.676300250411937e-06,0.0,Germany,DEU,baden-wurttemberg,,,Linux-7.0.0-31-generic-x86_64-with-glibc2.43,3.14.4,3.3.0,24,Intel(R) Core(TM) Ultra 9 285K,1,1 x NVIDIA GeForce RTX 5090,9.2986,48.7383,60.81614303588867,machine,0.0,0.0,0.0,0.0,N
synthetic_rollout_generation_5,2026-09-15T16:36:41,mbpo_HalfCheetah-v5_seed85062,ecef5757-8ec3-4d83-9eb8-ec3d2c19e368,0.0059426789957797155,3.2694040923110165e-08,5.493639898990922e-06,25.272499141952537,70.36020713566411,20.0,5.4796154946856745e-08,0.0,3.102623886660268e-08,8.582239381313417e-08,0.0,Germany,DEU,baden-wurttemberg,,,Linux-7.0.0-31-generic-x86_64-with-glibc2.43,3.14.4,3.3.0,24,Intel(R) Core(TM) Ultra 9 285K,1,1 x NVIDIA GeForce RTX 5090,9.2986,48.7383,60.81614303588867,machine,0.0,0.0,0.0,0.0,N
gradient_updates_5,2026-09-15T16:36:45,mbpo_HalfCheetah-v5_seed85062,ecef5757-8ec3-4d83-9eb8-ec3d2c19e368,4.082268791011302,7.372107635424596e-05,1.805887875696039e-05,25.266921818406125,72.34974914563564,20.0,3.0154162456649813e-05,0.00014068789032828377,2.2676982138929982e-05,0.00019351903492386378,0.0,Germany,DEU,baden-wurttemberg,,,Linux-7.0.0-31-generic-x86_64-with-glibc2.43,3.14.4,3.3.0,24,Intel(R) Core(TM) Ultra 9 285K,1,1 x NVIDIA GeForce RTX 5090,9.2986,48.7383,60.81614303588867,machine,0.0,0.0,0.0,0.0,N
dynamics_model_update_6,2026-09-15T16:36:47,mbpo_HalfCheetah-v5_seed85062,ecef5757-8ec3-4d83-9eb8-ec3d2c19e368,1.8851893259998178,2.3791402691831273e-05,1.262017384682098e-05,25.28664848201317,72.41543695804582,20.0,1.313672634270513e-05,3.884475329796189e-05,1.0471342755530083e-05,6.245282239619732e-05,0.0,Germany,DEU,baden-wurttemberg,,,Linux-7.0.0-31-generic-x86_64-with-glibc2.43,3.14.4,3.3.0,24,Intel(R) Core(TM) Ultra 9 285K,1,1 x NVIDIA GeForce RTX 5090,9.2986,48.7383,60.81614303588867,machine,0.0,0.0,0.0,0.0,N
rollout_6,2026-09-15T16:36:47,mbpo_HalfCheetah-v5_seed85062,ecef5757-8ec3-4d83-9eb8-ec3d2c19e368,0.20182446199760307,2.553446377051181e-06,1.2650993042981896e-05,25.544962327681585,72.21111075750376,20.0,1.8562453738824036e-06,3.7261140919397917e-06,1.1204791666790618e-06,6.70283863250104e-06,0.0,Germany,DEU,baden-wurttemberg,,,Linux-7.0.0-31-generic-x86_64-with-glibc2.43,3.14.4,3.3.0,24,Intel(R) Core(TM) Ultra 9 285K,1,1 x NVIDIA GeForce RTX 5090,9.2986,48.7383,60.81614303588867,machine,0.0,0.0,0.0,0.0,N
synthetic_rollout_generation_6,2026-09-15T16:36:47,mbpo_HalfCheetah-v5_seed85062,ecef5757-8ec3-4d83-9eb8-ec3d2c19e368,0.0058342809934401885,2.959496382096312e-08,5.065089575962512e-06,25.41537336494163,69.80407373225363,20.0,4.72511489102434e-08,0.0,3.043611666528074e-08,7.768726557541572e-08,0.0,Germany,DEU,baden-wurttemberg,,,Linux-7.0.0-31-generic-x86_64-with-glibc2.43,3.14.4,3.3.0,24,Intel(R) Core(TM) Ultra 9 285K,1,1 x NVIDIA GeForce RTX 5090,9.2986,48.7383,60.81614303588867,machine,0.0,0.0,0.0,0.0,N
gradient_updates_6,2026-09-15T16:36:51,mbpo_HalfCheetah-v5_seed85062,ecef5757-8ec3-4d83-9eb8-ec3d2c19e368,4.101334446997498,7.275415101593214e-05,1.773917793228717e-05,25.311387892697134,71.5299671882865,20.0,2.7731494962962566e-05,0.0001404665012618711,2.2782843822238266e-05,0.00019098084004707215,0.0,Germany,DEU,baden-wurttemberg,,,Linux-7.0.0-31-generic-x86_64-with-glibc2.43,3.14.4,3.3.0,24,Intel(R) Core(TM) Ultra 9 285K,1,1 x NVIDIA GeForce RTX 5090,9.2986,48.7383,60.81614303588867,machine,0.0,0.0,0.0,0.0,N
dynamics_model_update_7,2026-09-15T16:36:53,mbpo_HalfCheetah-v5_seed85062,ecef5757-8ec3-4d83-9eb8-ec3d2c19e368,2.0456353470071917,2.619706535164374e-05,1.2806166530084636e-05,25.28718584473661,71.67145129925603,20.0,1.4192412187259695e-05,4.3212534570180594e-05,1.1362779588913936e-05,6.876772634635455e-05,0.0,Germany,DEU,baden-wurttemberg,,,Linux-7.0.0-31-generic-x86_64-with-glibc2.43,3.14.4,3.3.0,24,Intel(R) Core(TM) Ultra 9 285K,1,1 x NVIDIA GeForce RTX 5090,9.2986,48.7383,60.81614303588867,machine,0.0,0.0,0.0,0.0,N
rollout_7,2026-09-15T16:36:54,mbpo_HalfCheetah-v5_seed85062,ecef5757-8ec3-4d83-9eb8-ec3d2c19e368,0.20004922899533994,2.5012821584784618e-06,1.2502854854966049e-05,25.483622849386236,71.50302590312421,20.0,1.7834950378978198e-06,3.6719473817115045e-06,1.1104642833136393e-06,6.565906702922855e-06,0.0,Germany,DEU,baden-wurttemberg,,,Linux-7.0.0-31-generic-x86_64-with-glibc2.43,3.14.4,3.3.0,24,Intel(R) Core(TM) Ultra 9 285K,1,1 x NVIDIA GeForce RTX 5090,9.2986,48.7383,60.81614303588867,machine,0.0,0.0,0.0,0.0,N
synthetic_rollout_generation_7,2026-09-15T16:36:54,mbpo_HalfCheetah-v5_seed85062,ecef5757-8ec3-4d83-9eb8-ec3d2c19e368,0.0058535610005492344,2.972476199317349e-08,5.070038204336052e-06,25.369061518303596,69.3999957295029,20.0,4.733614897972638e-08,0.0,3.0691838926789373e-08,7.802798790684101e-08,0.0,Germany,DEU,baden-wurttemberg,,,Linux-7.0.0-31-generic-x86_64-with-glibc2.43,3.14.4,3.3.0,24,Intel(R) Core(TM) Ultra 9 285K,1,1 x NVIDIA GeForce RTX 5090,9.2986,48.7383,60.81614303588867,machine,0.0,0.0,0.0,0.0,N
gradient_updates_7,2026-09-15T16:36:58,mbpo_HalfCheetah-v5_seed85062,ecef5757-8ec3-4d83-9eb8-ec3d2c19e368,4.127831425998011,7.264232429173771e-05,1.759821711901965e-05,25.271240420865098,70.92805131854996,20.0,2.6820444789674158e-05,0.00014092983496616363,2.293701330555555e-05,0.000190687293061393,0.0,Germany,DEU,baden-wurttemberg,,,Linux-7.0.0-31-generic-x86_64-with-glibc2.43,3.14.4,3.3.0,24,Intel(R) Core(TM) Ultra 9 285K,1,1 x NVIDIA GeForce RTX 5090,9.2986,48.7383,60.81614303588867,machine,0.0,0.0,0.0,0.0,N
dynamics_model_update_8,2026-09-15T16:37:00,mbpo_HalfCheetah-v5_seed85062,ecef5757-8ec3-4d83-9eb8-ec3d2c19e368,2.2393046350043733,2.7817915004798785e-05,1.2422579232380422e-05,25.20438556158784,71.05607998281072,20.0,1.3602542270910178e-05,4.698114869605696e-05,1.243879231114988e-05,7.302248327811702e-05,0.0,Germany,DEU,baden-wurttemberg,,,Linux-7.0.0-31-generic-x86_64-with-glibc2.43,3.14.4,3.3.0,24,Intel(R) Core(TM) Ultra 9 285K,1,1 x NVIDIA GeForce RTX 5090,9.2986,48.7383,60.81614303588867,machine,0.0,0.0,0.0,0.0,N
rollout_8,2026-09-15T16:37:00,mbpo_HalfCheetah-v5_seed85062,ecef5757-8ec3-4d83-9eb8-ec3d2c19e368,0.20451988698914647,2.3769687990597525e-06,1.1621640338740234e-05,25.217734507341728,70.86419153513332,20.0,1.4744034017438734e-06,3.63028068206539e-06,1.1348980111102087e-06,6.239582094919906e-06,0.0,Germany,DEU,baden-wurttemberg,,,Linux-7.0.0-31-generic-x86_64-with-glibc2.43,3.14.4,3.3.0,24,Intel(R) Core(TM) Ultra 9 285K,1,1 x NVIDIA GeForce RTX 5090,9.2986,48.7383,60.81614303588867,machine,0.0,0.0,0.0,0.0,N
synthetic_rollout_generation_8,2026-09-15T16:37:00,mbpo_HalfCheetah-v5_seed85062,ecef5757-8ec3-4d83-9eb8-ec3d2c19e368,0.005882027995539829,2.938483239047808e-08,4.987741035526566e-06,25.016174069034864,68.99934438947191,20.0,4.22839227173788e-08,0.0,3.485174440557605e-08,7.7135667122738e-08,0.0,Germany,DEU,baden-wurttemberg,,,Linux-7.0.0-31-generic-x86_64-with-glibc2.43,3.14.4,3.3.0,24,Intel(R) Core(TM) Ultra 9 285K,1,1 x NVIDIA GeForce RTX 5090,9.2986,48.7383,60.81614303588867,machine,0.0,0.0,0.0,0.0,N
gradient_updates_8,2026-09-15T16:37:04,mbpo_HalfCheetah-v5_seed85062,ecef5757-8ec3-4d83-9eb8-ec3d2c19e368,4.0818866540066665,7.393246020802454e-05,1.8112359087001862e-05,24.869277317916385,70.43422427047835,20.0,2.9724153501532735e-05,0.00014167483556204452,2.2674931944493453e-05,0.0001940739210080705,0.0,Germany,DEU,baden-wurttemberg,,,Linux-7.0.0-31-generic-x86_64-with-glibc2.43,3.14.4,3.3.0,24,Intel(R) Core(TM) Ultra 9 285K,1,1 x NVIDIA GeForce RTX 5090,9.2986,48.7383,60.81614303588867,machine,0.0,0.0,0.0,0.0,N
dynamics_model_update_9,2026-09-15T16:37:06,mbpo_HalfCheetah-v5_seed85062,ecef5757-8ec3-4d83-9eb8-ec3d2c19e368,2.0352011790091638,2.4938230752652836e-05,1.2253314480252014e-05,24.894511079787353,70.43722714837625,20.0,1.42781322558308e-05,3.988058745973966e-05,1.1304545155548483e-05,6.546326487111894e-05,0.0,Germany,DEU,baden-wurttemberg,,,Linux-7.0.0-31-generic-x86_64-with-glibc2.43,3.14.4,3.3.0,24,Intel(R) Core(TM) Ultra 9 285K,1,1 x NVIDIA GeForce RTX 5090,9.2986,48.7383,60.81614303588867,machine,0.0,0.0,0.0,0.0,N
rollout_9,2026-09-15T16:37:07,mbpo_HalfCheetah-v5_seed85062,ecef5757-8ec3-4d83-9eb8-ec3d2c19e368,0.20180205299402587,2.554192468599099e-06,1.2656384097556072e-05,25.0989552307403,70.33182932584171,20.0,1.8833212288779655e-06,3.7019474061761315e-06,1.1195285000010873e-06,6.7047971350547506e-06,0.0,Germany,DEU,baden-wurttemberg,,,Linux-7.0.0-31-generic-x86_64-with-glibc2.43,3.14.4,3.3.0,24,Intel(R) Core(TM) Ultra 9 285K,1,1 x NVIDIA GeForce RTX 5090,9.2986,48.7383,60.81614303588867,machine,0.0,0.0,0.0,0.0,N
synthetic_rollout_generation_9,2026-09-15T16:37:07,mbpo_HalfCheetah-v5_seed85062,ecef5757-8ec3-4d83-9eb8-ec3d2c19e368,0.0058999729953939095,2.9743544923896414e-08,5.034467758197306e-06,25.01211721552629,68.65726196094072,20.0,4.738698235196015e-08,0.0,3.069031105640274e-08,7.807729340836289e-08,0.0,Germany,DEU,baden-wurttemberg,,,Linux-7.0.0-31-generic-x86_64-with-glibc2.43,3.14.4,3.3.0,24,Intel(R) Core(TM) Ultra 9 285K,1,1 x NVIDIA GeForce RTX 5090,9.2986,48.7383,60.81614303588867,machine,0.0,0.0,0.0,0.0,N
gradient_updates_9,2026-09-15T16:37:11,mbpo_HalfCheetah-v5_seed85062,ecef5757-8ec3-4d83-9eb8-ec3d2c19e368,4.142076272008126,7.411376858458595e-05,1.7892946333594353e-05,24.943515468622284,69.95791762536219,20.0,2.8207500343754854e-05,0.00014333317022185987,2.3009187905538185e-05,0.00019454985847115313,0.0,Germany,DEU,baden-wurttemberg,,,Linux-7.0.0-31-generic-x86_64-with-glibc2.43,3.14.4,3.3.0,24,Intel(R) Core(TM) Ultra 9 285K,1,1 x NVIDIA GeForce RTX 5090,9.2986,48.7383,60.81614303588867,machine,0.0,0.0,0.0,0.0,N
dynamics_model_update_10,2026-09-15T16:37:13,mbpo_HalfCheetah-v5_seed85062,ecef5757-8ec3-4d83-9eb8-ec3d2c19e368,2.592327877006028,3.138033886199501e-05,1.2105079862532572e-05,24.915566738742385,70.01075693781544,20.0,1.5950272204655336e-05,5.202837495610346e-05,1.4395257188880382e-05,8.237390434963875e-05,0.0,Germany,DEU,baden-wurttemberg,,,Linux-7.0.0-31-generic-x86_64-with-glibc2.43,3.14.4,3.3.0,24,Intel(R) Core(TM) Ultra 9 285K,1,1 x NVIDIA GeForce RTX 5090,9.2986,48.7383,60.81614303588867,machine,0.0,0.0,0.0,0.0,N
rollout_10,2026-09-15T16:37:14,mbpo_HalfCheetah-v5_seed85062,ecef5757-8ec3-4d83-9eb8-ec3d2c19e368,0.21499549299187493,2.4356750729257956e-06,1.1328714419327117e-05,24.939961828328606,69.80712153178983,20.0,1.5687531994545978e-06,3.6316695719573744e-06,1.1932642555621212e-06,6.393687026973877e-06,0.0,Germany,DEU,baden-wurttemberg,,,Linux-7.0.0-31-generic-x86_64-with-glibc2.43,3.14.4,3.3.0,24,Intel(R) Core(TM) Ultra 9 285K,1,1 x NVIDIA GeForce RTX 5090,9.2986,48.7383,60.81614303588867,machine,0.0,0.0,0.0,0.0,N
synthetic_rollout_generation_10,2026-09-15T16:37:14,mbpo_HalfCheetah-v5_seed85062,ecef5757-8ec3-4d83-9eb8-ec3d2c19e368,0.006004644994391128,3.2163802331577895e-08,5.345805344558076e-06,24.905215509622266,68.28957541153353,20.0,5.260893097547292e-08,0.0,3.182157783565738e-08,8.443050881091346e-08,0.0,Germany,DEU,baden-wurttemberg,,,Linux-7.0.0-31-generic-x86_64-with-glibc2.43,3.14.4,3.3.0,24,Intel(R) Core(TM) Ultra 9 285K,1,1 x NVIDIA GeForce RTX 5090,9.2986,48.7383,60.81614303588867,machine,0.0,0.0,0.0,0.0,N
gradient_updates_10,2026-09-15T16:37:18,mbpo_HalfCheetah-v5_seed85062,ecef5757-8ec3-4d83-9eb8-ec3d2c19e368,4.0790319469961105,7.399060655196221e-05,1.813929262538558e-05,24.884518433245706,69.49872451988686,20.0,2.9809433014192643e-05,0.00014175789118398008,2.26592319167039e-05,0.00019422655611487684,0.0,Germany,DEU,baden-wurttemberg,,,Linux-7.0.0-31-generic-x86_64-with-glibc2.43,3.14.4,3.3.0,24,Intel(R) Core(TM) Ultra 9 285K,1,1 x NVIDIA GeForce RTX 5090,9.2986,48.7383,60.81614303588867,machine,0.0,0.0,0.0,0.0,N
dynamics_model_update_11,2026-09-15T16:37:21,mbpo_HalfCheetah-v5_seed85062,ecef5757-8ec3-4d83-9eb8-ec3d2c19e368,3.077255954995053,3.751125866377665e-05,1.2189754752338047e-05,24.908357601325772,69.50827622799552,20.0,2.1578958374270096e-05,5.979449227999645e-05,1.709421876108135e-05,9.846766941534746e-05,0.0,Germany,DEU,baden-wurttemberg,,,Linux-7.0.0-31-generic-x86_64-with-glibc2.43,3.14.4,3.3.0,24,Intel(R) Core(TM) Ultra 9 285K,1,1 x NVIDIA GeForce RTX 5090,9.2986,48.7383,60.81614303588867,machine,0.0,0.0,0.0,0.0,N
rollout_11,2026-09-15T16:37:21,mbpo_HalfCheetah-v5_seed85062,ecef5757-8ec3-4d83-9eb8-ec3d2c19e368,0.19842439900094178,2.55403639438977e-06,1.2871282160627583e-05,25.074711360681224,69.48298598166555,20.0,1.8410545283981117e-06,3.7616696759723567e-06,1.1016632333242602e-06,6.704387437694512e-06,0.0,Germany,DEU,baden-wurttemberg,,,Linux-7.0.0-31-generic-x86_64-with-glibc2.43,3.14.4,3.3.0,24,Intel(R) Core(TM) Ultra 9 285K,1,1 x NVIDIA GeForce RTX 5090,9.2986,48.7383,60.81614303588867,machine,0.0,0.0,0.0,0.0,N
synthetic_rollout_generation_11,2026-09-15T16:37:21,mbpo_HalfCheetah-v5_seed85062,ecef5757-8ec3-4d83-9eb8-ec3d2c19e368,0.006008402007864788,3.0596875514113386e-08,5.083664823901913e-06,25.0102104120913,68.09332626203224,20.0,4.884503907592874e-08,0.0,3.147226113162267e-08,8.031730020733457e-08,0.0,Germany,DEU,baden-wurttemberg,,,Linux-7.0.0-31-generic-x86_64-with-glibc2.43,3.14.4,3.3.0,24,Intel(R) Core(TM) Ultra 9 285K,1,1 x NVIDIA GeForce RTX 5090,9.2986,48.7383,60.81614303588867,machine,0.0,0.0,0.0,0.0,N
gradient_updates_11,2026-09-15T16:37:25,mbpo_HalfCheetah-v5_seed85062,ecef5757-8ec3-4d83-9eb8-ec3d2c19e368,4.077689343001111,7.293335054559934e-05,1.7885966197896266e-05,24.96639530259064,69.16025183531372,20.0,3.0014409289291777e-05,0.0001387803888019956,2.2656443661172492e-05,0.00019145124175245967,0.0,Germany,DEU,baden-wurttemberg,,,Linux-7.0.0-31-generic-x86_64-with-glibc2.43,3.14.4,3.3.0,24,Intel(R) Core(TM) Ultra 9 285K,1,1 x NVIDIA GeForce RTX 5090,9.2986,48.7383,60.81614303588867,machine,0.0,0.0,0.0,0.0,N
dynamics_model_update_12,2026-09-15T16:37:28,mbpo_HalfCheetah-v5_seed85062,ecef5757-8ec3-4d83-9eb8-ec3d2c19e368,3.3158839419920696,4.131391733420758e-05,1.2459395445721967e-05,24.989301546273353,69.22531829188048,20.0,2.3217596907397497e-05,6.681255344997972e-05,1.841956045561051e-05,0.00010844971081298751,0.0,Germany,DEU,baden-wurttemberg,,,Linux-7.0.0-31-generic-x86_64-with-glibc2.43,3.14.4,3.3.0,24,Intel(R) Core(TM) Ultra 9 285K,1,1 x NVIDIA GeForce RTX 5090,9.2986,48.7383,60.81614303588867,machine,0.0,0.0,0.0,0.0,N
rollout_12,2026-09-15T16:37:29,mbpo_HalfCheetah-v5_seed85062,ecef5757-8ec3-4d83-9eb8-ec3d2c19e368,0.20003088300290983,2.536067175715976e-06,1.2678489129849789e-05,25.16293174981277,69.13920980696503,20.0,1.930742100142435e-06,3.610280665977683e-06,1.116195177746802e-06,6.657217943867137e-06,0.0,Germany,DEU,baden-wurttemberg,,,Linux-7.0.0-31-generic-x86_64-with-glibc2.43,3.14.4,3.3.0,24,Intel(R) Core(TM) Ultra 9 285K,1,1 x NVIDIA GeForce RTX 5090,9.2986,48.7383,60.81614303588867,machine,0.0,0.0,0.0,0.0,N
synthetic_rollout_generation_12,2026-09-15T16:37:29,mbpo_HalfCheetah-v5_seed85062,ecef5757-8ec3-4d83-9eb8-ec3d2c19e368,0.006146726998849772,3.2428302339845144e-08,5.267384064036041e-06,25.12639388170833,67.85885406979901,20.0,5.298170904083355e-08,0.0,3.214311663102959e-08,8.512482567186314e-08,0.0,Germany,DEU,baden-wurttemberg,,,Linux-7.0.0-31-generic-x86_64-with-glibc2.43,3.14.4,3.3.0,24,Intel(R) Core(TM) Ultra 9 285K,1,1 x NVIDIA GeForce RTX 5090,9.2986,48.7383,60.81614303588867,machine,0.0,0.0,0.0,0.0,N
gradient_updates_12,2026-09-15T16:37:33,mbpo_HalfCheetah-v5_seed85062,ecef5757-8ec3-4d83-9eb8-ec3d2c19e368,4.122069934004685,7.337856088574218e-05,1.780143867492972e-05,25.098197332945645,68.86335043755074,20.0,2.8774821075397417e-05,0.00014094705720202327,2.2898047922191968e-05,0.00019261992619961244,0.0,Germany,DEU,baden-wurttemberg,,,Linux-7.0.0-31-generic-x86_64-with-glibc2.43,3.14.4,3.3.0,24,Intel(R) Core(TM) Ultra 9 285K,1,1 x NVIDIA GeForce RTX 5090,9.2986,48.7383,60.81614303588867,machine,0.0,0.0,0.0,0.0,N
dynamics_model_update_13,2026-09-15T16:37:36,mbpo_HalfCheetah-v5_seed85062,ecef5757-8ec3-4d83-9eb8-ec3d2c19e368,3.1182684270024765,3.750787189146874e-05,1.202834973428667e-05,25.083926982847206,68.91628143479934,20.0,1.893059681112863e-05,6.2207271988024e-05,1.7320910283322383e-05,9.84587790824748e-05,0.0,Germany,DEU,baden-wurttemberg,,,Linux-7.0.0-31-generic-x86_64-with-glibc2.43,3.14.4,3.3.0,24,Intel(R) Core(TM) Ultra 9 285K,1,1 x NVIDIA GeForce RTX 5090,9.2986,48.7383,60.81614303588867,machine,0.0,0.0,0.0,0.0,N
rollout_13,2026-09-15T16:37:36,mbpo_HalfCheetah-v5_seed85062,ecef5757-8ec3-4d83-9eb8-ec3d2c19e368,0.2081921500066528,2.422075672834506e-06,1.1633515502369226e-05,25.09585419261821,68.82959592350251,20.0,1.5045817592235222e-06,3.697780736056089e-06,1.1556258833378581e-06,6.357988378617903e-06,0.0,Germany,DEU,baden-wurttemberg,,,Linux-7.0.0-31-generic-x86_64-with-glibc2.43,3.14.4,3.3.0,24,Intel(R) Core(TM) Ultra 9 285K,1,1 x NVIDIA GeForce RTX 5090,9.2986,48.7383,60.81614303588867,machine,0.0,0.0,0.0,0.0,N
synthetic_rollout_generation_13,2026-09-15T16:37:36,mbpo_HalfCheetah-v5_seed85062,ecef5757-8ec3-4d83-9eb8-ec3d2c19e368,0.0059761010052170604,2.7844926470035197e-08,4.6516882030232345e-06,24.983837873847364,67.64287875240764,20.0,4.1571699922748895e-08,0.0,3.1521688894503574e-08,7.309338881725247e-08,0.0,Germany,DEU,baden-wurttemberg,,,Linux-7.0.0-31-generic-x86_64-with-glibc2.43,3.14.4,3.3.0,24,Intel(R) Core(TM) Ultra 9 285K,1,1 x NVIDIA GeForce RTX 5090,9.2986,48.7383,60.81614303588867,machine,0.0,0.0,0.0,0.0,N
gradient_updates_13,2026-09-15T16:37:40,mbpo_HalfCheetah-v5_seed85062,ecef5757-8ec3-4d83-9eb8-ec3d2c19e368,4.084897173990612,7.359514516293427e-05,1.8016428854920822e-05,24.901707725989986,68.59741336003677,20.0,2.985144554779745e-05,0.0001406453902939031,2.269162763889965e-05,0.00019318846348059977,0.0,Germany,DEU,baden-wurttemberg,,,Linux-7.0.0-31-generic-x86_64-with-glibc2.43,3.14.4,3.3.0,24,Intel(R) Core(TM) Ultra 9 285K,1,1 x NVIDIA GeForce RTX 5090,9.2986,48.7383,60.81614303588867,machine,0.0,0.0,0.0,0.0,N
dynamics_model_update_14,2026-09-15T16:37:43,mbpo_HalfCheetah-v5_seed85062,ecef5757-8ec3-4d83-9eb8-ec3d2c19e368,2.771824174997164,3.504834146762564e-05,1.264450572129648e-05,24.919368323872472,68.69068283082582,20.0,1.9488525035256388e-05,5.711754569381888e-05,1.539640063888837e-05,9.200247136796364e-05,0.0,Germany,DEU,baden-wurttemberg,,,Linux-7.0.0-31-generic-x86_64-with-glibc2.43,3.14.4,3.3.0,24,Intel(R) Core(TM) Ultra 9 285K,1,1 x NVIDIA GeForce RTX 5090,9.2986,48.7383,60.81614303588867,machine,0.0,0.0,0.0,0.0,N
rollout_14,2026-09-15T16:37:43,mbpo_HalfCheetah-v5_seed85062,ecef5757-8ec3-4d83-9eb8-ec3d2c19e368,0.1984530819900101,2.523973466385561e-06,1.2717787876737725e-05,25.060898473201075,68.65261268240594,20.0,1.8686898282868625e-06,3.655558480142318e-06,1.1012234500311444e-06,6.625471758460108e-06,0.0,Germany,DEU,baden-wurttemberg,,,Linux-7.0.0-31-generic-x86_64-with-glibc2.43,3.14.4,3.3.0,24,Intel(R) Core(TM) Ultra 9 285K,1,1 x NVIDIA GeForce RTX 5090,9.2986,48.7383,60.81614303588867,machine,0.0,0.0,0.0,0.0,N
synthetic_rollout_generation_14,2026-09-15T16:37:43,mbpo_HalfCheetah-v5_seed85062,ecef5757-8ec3-4d83-9eb8-ec3d2c19e368,0.006020030006766319,3.230330434525128e-08,5.357150092712212e-06,25.042236584718275,67.54531247785101,20.0,5.347337610900338e-08,0.0,3.132332777660771e-08,8.479670388604477e-08,0.0,Germany,DEU,baden-wurttemberg,,,Linux-7.0.0-31-generic-x86_64-with-glibc2.43,3.14.4,3.3.0,24,Intel(R) Core(TM) Ultra 9 285K,1,1 x NVIDIA GeForce RTX 5090,9.2986,48.7383,60.81614303588867,machine,0.0,0.0,0.0,0.0,N
gradient_updates_14,2026-09-15T16:37:47,mbpo_HalfCheetah-v5_seed85062,ecef5757-8ec3-4d83-9eb8-ec3d2c19e368,4.094636616006028,7.38670647162658e-05,1.8039988149515468e-05,25.031726860971823,68.4444718576391,20.0,2.9911310595695517e-05,0.00014124511299584697,2.274583317775987e-05,0.00019390225676930214,0.0,Germany,DEU,baden-wurttemberg,,,Linux-7.0.0-31-generic-x86_64-with-glibc2.43,3.14.4,3.3.0,24,Intel(R) Core(TM) Ultra 9 285K,1,1 x NVIDIA GeForce RTX 5090,9.2986,48.7383,60.81614303588867,machine,0.0,0.0,0.0,0.0,N
dynamics_model_update_15,2026-09-15T16:37:50,mbpo_HalfCheetah-v5_seed85062,ecef5757-8ec3-4d83-9eb8-ec3d2c19e368,2.9092918509995798,3.644858261752553e-05,1.252825519882045e-05,25.046086428705614,68.51738154468609,20.0,2.044487635589204e-05,5.9073658370101256e-05,1.6159592633306977e-05,9.567812735930027e-05,0.0,Germany,DEU,baden-wurttemberg,,,Linux-7.0.0-31-generic-x86_64-with-glibc2.43,3.14.4,3.3.0,24,Intel(R) Core(TM) Ultra 9 285K,1,1 x NVIDIA GeForce RTX 5090,9.2986,48.7383,60.81614303588867,machine,0.0,0.0,0.0,0.0,N
rollout_15,2026-09-15T16:37:50,mbpo_HalfCheetah-v5_seed85062,ecef5757-8ec3-4d83-9eb8-ec3d2c19e368,0.19929607398808002,2.5385294469184444e-06,1.2737033120363016e-05,25.163097674146556,68.50083584722253,20.0,1.826083960862479e-06,3.7313918741510577e-06,1.10620561115664e-06,6.66368144616996e-06,0.0,Germany,DEU,baden-wurttemberg,,,Linux-7.0.0-31-generic-x86_64-with-glibc2.43,3.14.4,3.3.0,24,Intel(R) Core(TM) Ultra 9 285K,1,1 x NVIDIA GeForce RTX 5090,9.2986,48.7383,60.81614303588867,machine,0.0,0.0,0.0,0.0,N
synthetic_rollout_generation_15,2026-09-15T16:37:50,mbpo_HalfCheetah-v5_seed85062,ecef5757-8ec3-4d83-9eb8-ec3d2c19e368,0.006022182002197951,3.1341764631515057e-08,5.1962949285445015e-06,25.12748090787408,67.46294439499188,20.0,5.1032263047312565e-08,0.0,3.1240383314978803e-08,8.227264636229137e-08,0.0,Germany,DEU,baden-wurttemberg,,,Linux-7.0.0-31-generic-x86_64-with-glibc2.43,3.14.4,3.3.0,24,Intel(R) Core(TM) Ultra 9 285K,1,1 x NVIDIA GeForce RTX 5090,9.2986,48.7383,60.81614303588867,machine,0.0,0.0,0.0,0.0,N
gradient_updates_15,2026-09-15T16:37:54,mbpo_HalfCheetah-v5_seed85062,ecef5757-8ec3-4d83-9eb8-ec3d2c19e368,4.083035877003567,7.381478624417194e-05,1.8078443613101028e-05,25.103967807349665,68.31170580096484,20.0,3.0082700455034972e-05,0.0001410009461340067,2.268137833331507e-05,0.00019376502492235697,0.0,Germany,DEU,baden-wurttemberg,,,Linux-7.0.0-31-generic-x86_64-with-glibc2.43,3.14.4,3.3.0,24,Intel(R) Core(TM) Ultra 9 285K,1,1 x NVIDIA GeForce RTX 5090,9.2986,48.7383,60.81614303588867,machine,0.0,0.0,0.0,0.0,N
dynamics_model_update_16,2026-09-15T16:37:57,mbpo_HalfCheetah-v5_seed85062,ecef5757-8ec3-4d83-9eb8-ec3d2c19e368,3.057426019004197,3.817406738355032e-05,1.2485698001800434e-05,25.115906380043942,68.39319754102812,20.0,2.0507047238951803e-05,6.271671684010549e-05,1.698378909996889e-05,0.00010020755317902662,0.0,Germany,DEU,baden-wurttemberg,,,Linux-7.0.0-31-generic-x86_64-with-glibc2.43,3.14.4,3.3.0,24,Intel(R) Core(TM) Ultra 9 285K,1,1 x NVIDIA GeForce RTX 5090,9.2986,48.7383,60.81614303588867,machine,0.0,0.0,0.0,0.0,N
rollout_16,2026-09-15T16:37:58,mbpo_HalfCheetah-v5_seed85062,ecef5757-8ec3-4d83-9eb8-ec3d2c19e368,0.20500249399628956,2.3749202018794047e-06,1.158422248932578e-05,25.12114570286841,68.32672350447099,20.0,1.465248116644391e-06,3.6311140159117627e-06,1.1378423611556679e-06,6.2342044937118216e-06,0.0,Germany,DEU,baden-wurttemberg,,,Linux-7.0.0-31-generic-x86_64-with-glibc2.43,3.14.4,3.3.0,24,Intel(R) Core(TM) Ultra 9 285K,1,1 x NVIDIA GeForce RTX 5090,9.2986,48.7383,60.81614303588867,machine,0.0,0.0,0.0,0.0,N
synthetic_rollout_generation_16,2026-09-15T16:37:58,mbpo_HalfCheetah-v5_seed85062,ecef5757-8ec3-4d83-9eb8-ec3d2c19e368,0.005977050008368678,3.3962048482088364e-08,5.672144196944249e-06,25.034144099938977,67.35062745440712,20.0,4.994698440952128e-08,0.0,3.920395004876169e-08,8.915093445849981e-08,0.0,Germany,DEU,baden-wurttemberg,,,Linux-7.0.0-31-generic-x86_64-with-glibc2.43,3.14.4,3.3.0,24,Intel(R) Core(TM) Ultra 9 285K,1,1 x NVIDIA GeForce RTX 5090,9.2986,48.7383,60.81614303588867,machine,0.0,0.0,0.0,0.0,N
gradient_updates_16,2026-09-15T16:38:02,mbpo_HalfCheetah-v5_seed85062,ecef5757-8ec3-4d83-9eb8-ec3d2c19e368,4.084752132999711,7.45156352389472e-05,1.8242413673176e-05,24.97249342165042,68.16583328335524,20.0,3.083310938868655e-05,0.00014208205810994912,2.268959753338193e-05,0.00019560476503201803,0.0,Germany,DEU,baden-wurttemberg,,,Linux-7.0.0-31-generic-x86_64-with-glibc2.43,3.14.4,3.3.0,24,Intel(R) Core(TM) Ultra 9 285K,1,1 x NVIDIA GeForce RTX 5090,9.2986,48.7383,60.81614303588867,machine,0.0,0.0,0.0,0.0,N
dynamics_model_update_17,2026-09-15T16:38:05,mbpo_HalfCheetah-v5_seed85062,ecef5757-8ec3-4d83-9eb8-ec3d2c19e368,3.2153162239992525,3.924756838751637e-05,1.220636111178869e-05,24.991034333201327,68.21353338521631,20.0,2.122348031210336e-05,6.394171782009295e-05,1.786031279447757e-05,0.00010302551092667388,0.0,Germany,DEU,baden-wurttemberg,,,Linux-7.0.0-31-generic-x86_64-with-glibc2.43,3.14.4,3.3.0,24,Intel(R) Core(TM) Ultra 9 285K,1,1 x NVIDIA GeForce RTX 5090,9.2986,48.7383,60.81614303588867,machine,0.0,0.0,0.0,0.0,N
rollout_17,2026-09-15T16:38:05,mbpo_HalfCheetah-v5_seed85062,ecef5757-8ec3-4d83-9eb8-ec3d2c19e368,0.211279992989148,2.4077335933642835e-06,1.1395916563346933e-05,24.994283227253334,68.13235124499336,20.0,1.4946467512683137e-06,3.6530584779370656e-06,1.1726349555020443e-06,6.320340184707424e-06,0.0,Germany,DEU,baden-wurttemberg,,,Linux-7.0.0-31-generic-x86_64-with-glibc2.43,3.14.4,3.3.0,24,Intel(R) Core(TM) Ultra 9 285K,1,1 x NVIDIA GeForce RTX 5090,9.2986,48.7383,60.81614303588867,machine,0.0,0.0,0.0,0.0,N
synthetic_rollout_generation_17,2026-09-15T16:38:05,mbpo_HalfCheetah-v5_seed85062,ecef5757-8ec3-4d83-9eb8-ec3d2c19e368,0.006007358999340795,3.132251381139303e-08,5.20495591316138e-06,24.960699696344463,67.2116437957367,20.0,5.0523373748556644e-08,0.0,3.1698738894164746e-08,8.222211264272139e-08,0.0,Germany,DEU,baden-wurttemberg,,,Linux-7.0.0-31-generic-x86_64-with-glibc2.43,3.14.4,3.3.0,24,Intel(R) Core(TM) Ultra 9 285K,1,1 x NVIDIA GeForce RTX 5090,9.2986,48.7383,60.81614303588867,machine,0.0,0.0,0.0,0.0,N
gradient_updates_17,2026-09-15T16:38:09,mbpo_HalfCheetah-v5_seed85062,ecef5757-8ec3-4d83-9eb8-ec3d2c19e368,4.0943584560009185,7.379244696689279e-05,1.802297634516196e-05,24.93885332178846,67.96539987267933,20.0,3.0238594190858115e-05,0.00014072372368989505,2.27440660722398e-05,0.00019370638395299275,0.0,Germany,DEU,baden-wurttemberg,,,Linux-7.0.0-31-generic-x86_64-with-glibc2.43,3.14.4,3.3.0,24,Intel(R) Core(TM) Ultra 9 285K,1,1 x NVIDIA GeForce RTX 5090,9.2986,48.7383,60.81614303588867,machine,0.0,0.0,0.0,0.0,N
dynamics_model_update_18,2026-09-15T16:38:13,mbpo_HalfCheetah-v5_seed85062,ecef5757-8ec3-4d83-9eb8-ec3d2c19e368,3.6483455859997775,4.682834361106544e-05,1.2835499220096278e-05,24.961926456646715,68.04808396960793,20.0,2.7423691661164484e-05,7.523617130011928e-05,2.0265307300077308e-05,0.00012292517026136086,0.0,Germany,DEU,baden-wurttemberg,,,Linux-7.0.0-31-generic-x86_64-with-glibc2.43,3.14.4,3.3.0,24,Intel(R) Core(TM) Ultra 9 285K,1,1 x NVIDIA GeForce RTX 5090,9.2986,48.7383,60.81614303588867,machine,0.0,0.0,0.0,0.0,N
rollout_18,2026-09-15T16:38:13,mbpo_HalfCheetah-v5_seed85062,ecef5757-8ec3-4d83-9eb8-ec3d2c19e368,0.19979906399385072,2.5255368774745185e-06,1.2639742448797268e-05,25.068221987585147,68.02084901965607,20.0,1.8596362099387864e-06,3.6602807060859277e-06,1.109658822194071e-06,6.629575738218568e-06,0.0,Germany,DEU,baden-wurttemberg,,,Linux-7.0.0-31-generic-x86_64-with-glibc2.43,3.14.4,3.3.0,24,Intel(R) Core(TM) Ultra 9 285K,1,1 x NVIDIA GeForce RTX 5090,9.2986,48.7383,60.81614303588867,machine,0.0,0.0,0.0,0.0,N
synthetic_rollout_generation_18,2026-09-15T16:38:13,mbpo_HalfCheetah-v5_seed85062,ecef5757-8ec3-4d83-9eb8-ec3d2c19e368,0.00602088199229911,3.211858794682429e-08,5.328330131692533e-06,25.05166739600878,67.1487868527374,20.0,5.3168098090861093e-08,0.0,3.11437222181004e-08,8.431182030917833e-08,0.0,Germany,DEU,baden-wurttemberg,,,Linux-7.0.0-31-generic-x86_64-with-glibc2.43,3.14.4,3.3.0,24,Intel(R) Core(TM) Ultra 9 285K,1,1 x NVIDIA GeForce RTX 5090,9.2986,48.7383,60.81614303588867,machine,0.0,0.0,0.0,0.0,N
gradient_updates_18,2026-09-15T16:38:17,mbpo_HalfCheetah-v5_seed85062,ecef5757-8ec3-4d83-9eb8-ec3d2c19e368,4.368936309008859,7.540112183410802e-05,1.7258492435808144e-05,25.03813661499012,67.79610887225327,20.0,3.0117829649803363e-05,0.0001435417814998896,2.426957072222853e-05,0.00019792918187192064,0.0,Germany,DEU,baden-wurttemberg,,,Linux-7.0.0-31-generic-x86_64-with-glibc2.43,3.14.4,3.3.0,24,Intel(R) Core(TM) Ultra 9 285K,1,1 x NVIDIA GeForce RTX 5090,9.2986,48.7383,60.81614303588867,machine,0.0,0.0,0.0,0.0,N
dynamics_model_update_19,2026-09-15T16:38:21,mbpo_HalfCheetah-v5_seed85062,ecef5757-8ec3-4d83-9eb8-ec3d2c19e368,3.7318892469920684,5.00095040599554e-05,1.340051559945028e-05,25.05330154018584,67.89919530400067,20.0,3.172544204700645e-05,7.882034083395162e-05,2.072998574997962e-05,0.00013127576863093682,0.0,Germany,DEU,baden-wurttemberg,,,Linux-7.0.0-31-generic-x86_64-with-glibc2.43,3.14.4,3.3.0,24,Intel(R) Core(TM) Ultra 9 285K,1,1 x NVIDIA GeForce RTX 5090,9.2986,48.7383,60.81614303588867,machine,0.0,0.0,0.0,0.0,N
rollout_19,2026-09-15T16:38:21,mbpo_HalfCheetah-v5_seed85062,ecef5757-8ec3-4d83-9eb8-ec3d2c19e368,0.20003209100104868,2.5098115470603873e-06,1.2546625822303152e-05,25.154990596456418,67.86310480421547,20.0,1.8689439951619091e-06,3.6088917760856987e-06,1.1104607166392312e-06,6.588296487886405e-06,0.0,Germany,DEU,baden-wurttemberg,,,Linux-7.0.0-31-generic-x86_64-with-glibc2.43,3.14.4,3.3.0,24,Intel(R) Core(TM) Ultra 9 285K,1,1 x NVIDIA GeForce RTX 5090,9.2986,48.7383,60.81614303588867,machine,0.0,0.0,0.0,0.0,N
synthetic_rollout_generation_19,2026-09-15T16:38:21,mbpo_HalfCheetah-v5_seed85062,ecef5757-8ec3-4d83-9eb8-ec3d2c19e368,0.0060021450044587255,3.1866565964981663e-08,5.301067355475995e-06,25.13346775149593,67.03550596513966,20.0,5.221893066564842e-08,0.0,3.143132780675066e-08,8.365025847174856e-08,0.0,Germany,DEU,baden-wurttemberg,,,Linux-7.0.0-31-generic-x86_64-with-glibc2.43,3.14.4,3.3.0,24,Intel(R) Core(TM) Ultra 9 285K,1,1 x NVIDIA GeForce RTX 5090,9.2986,48.7383,60.81614303588867,machine,0.0,0.0,0.0,0.0,N
gradient_updates_19,2026-09-15T16:38:26,mbpo_HalfCheetah-v5_seed85062,ecef5757-8ec3-4d83-9eb8-ec3d2c19e368,4.24884483400092,7.44700769489048e-05,1.7527165386387297e-05,25.118194611979437,67.67253770362112,20.0,3.0427090730547612e-05,0.00014146344650378673,2.3594636538877643e-05,0.00019548517377321155,0.0,Germany,DEU,baden-wurttemberg,,,Linux-7.0.0-31-generic-x86_64-with-glibc2.43,3.14.4,3.3.0,24,Intel(R) Core(TM) Ultra 9 285K,1,1 x NVIDIA GeForce RTX 5090,9.2986,48.7383,60.81614303588867,machine,0.0,0.0,0.0,0.0,N
dynamics_model_update_20,2026-09-15T16:38:29,mbpo_HalfCheetah-v5_seed85062,ecef5757-8ec3-4d83-9eb8-ec3d2c19e368,3.6582957389910007,4.648694271992739e-05,1.2707261408803299e-05,25.125721493140446,67.7523817014856,20.0,2.6126917290404672e-05,7.557978268613041e-05,2.0322287344444814e-05,0.0001220289873209799,0.0,Germany,DEU,baden-wurttemberg,,,Linux-7.0.0-31-generic-x86_64-with-glibc2.43,3.14.4,3.3.0,24,Intel(R) Core(TM) Ultra 9 285K,1,1 x NVIDIA GeForce RTX 5090,9.2986,48.7383,60.81614303588867,machine,0.0,0.0,0.0,0.0,N
rollout_20,2026-09-15T16:38:30,mbpo_HalfCheetah-v5_seed85062,ecef5757-8ec3-4d83-9eb8-ec3d2c19e368,0.20001851199776866,2.5406904412984127e-06,1.2701689910488418e-05,25.215270467877975,67.74388593388333,20.0,1.837256747579119e-06,3.7219474220417936e-06,1.1101499222503086e-06,6.669354091871221e-06,0.0,Germany,DEU,baden-wurttemberg,,,Linux-7.0.0-31-generic-x86_64-with-glibc2.43,3.14.4,3.3.0,24,Intel(R) Core(TM) Ultra 9 285K,1,1 x NVIDIA GeForce RTX 5090,9.2986,48.7383,60.81614303588867,machine,0.0,0.0,0.0,0.0,N
synthetic_rollout_generation_20,2026-09-15T16:38:30,mbpo_HalfCheetah-v5_seed85062,ecef5757-8ec3-4d83-9eb8-ec3d2c19e368,0.005969694990199059,3.15853295302336e-08,5.2833199181012276e-06,25.193914261802306,66.95616633000097,20.0,5.193087487115333e-08,0.0,3.0981133346047116e-08,8.291200821741729e-08,0.0,Germany,DEU,baden-wurttemberg,,,Linux-7.0.0-31-generic-x86_64-with-glibc2.43,3.14.4,3.3.0,24,Intel(R) Core(TM) Ultra 9 285K,1,1 x NVIDIA GeForce RTX 5090,9.2986,48.7383,60.81614303588867,machine,0.0,0.0,0.0,0.0,N
gradient_updates_20,2026-09-15T16:38:34,mbpo_HalfCheetah-v5_seed85062,ecef5757-8ec3-4d83-9eb8-ec3d2c19e368,4.114460036988021,7.298246701068758e-05,1.7738096353081105e-05,25.176634560661302,67.59673596588166,20.0,2.8515947812737807e-05,0.00014020816772197797,2.2856057744421576e-05,0.0001915801732791378,0.0,Germany,DEU,baden-wurttemberg,,,Linux-7.0.0-31-generic-x86_64-with-glibc2.43,3.14.4,3.3.0,24,Intel(R) Core(TM) Ultra 9 285K,1,1 x NVIDIA GeForce RTX 5090,9.2986,48.7383,60.81614303588867,machine,0.0,0.0,0.0,0.0,N
dynamics_model_update_21,2026-09-15T16:38:38,mbpo_HalfCheetah-v5_seed85062,ecef5757-8ec3-4d83-9eb8-ec3d2c19e368,4.43437245899986,5.5199536178240395e-05,1.2448041632876363e-05,25.171216392797806,67.66820989312765,20.0,2.9262338687635614e-05,9.100423946994951e-05,2.4633109933347398e-05,0.00014489968809093187,0.0,Germany,DEU,baden-wurttemberg,,,Linux-7.0.0-31-generic-x86_64-with-glibc2.43,3.14.4,3.3.0,24,Intel(R) Core(TM) Ultra 9 285K,1,1 x NVIDIA GeForce RTX 5090,9.2986,48.7383,60.81614303588867,machine,0.0,0.0,0.0,0.0,N
rollout_21,2026-09-15T16:38:38,mbpo_HalfCheetah-v5_seed85062,ecef5757-8ec3-4d83-9eb8-ec3d2c19e368,0.1989503259974299,2.4875421655284197e-06,1.250285790620496e-05,25.247519758477242,67.64860772728747,20.0,1.7843936497285995e-06,3.6411140240666384e-06,1.1043313222116723e-06,6.52983899600626e-06,0.0,Germany,DEU,baden-wurttemberg,,,Linux-7.0.0-31-generic-x86_64-with-glibc2.43,3.14.4,3.3.0,24,Intel(R) Core(TM) Ultra 9 285K,1,1 x NVIDIA GeForce RTX 5090,9.2986,48.7383,60.81614303588867,machine,0.0,0.0,0.0,0.0,N
synthetic_rollout_generation_21,2026-09-15T16:38:38,mbpo_HalfCheetah-v5_seed85062,ecef5757-8ec3-4d83-9eb8-ec3d2c19e368,0.005916426001931541,3.018818371192458e-08,5.095897554431635e-06,25.20981211615026,66.89695653031761,20.0,4.826864972301559e-08,0.0,3.097582779859609e-08,7.924447752161168e-08,0.0,Germany,DEU,baden-wurttemberg,,,Linux-7.0.0-31-generic-x86_64-with-glibc2.43,3.14.4,3.3.0,24,Intel(R) Core(TM) Ultra 9 285K,1,1 x NVIDIA GeForce RTX 5090,9.2986,48.7383,60.81614303588867,machine,0.0,0.0,0.0,0.0,N
gradient_updates_21,2026-09-15T16:38:42,mbpo_HalfCheetah-v5_seed85062,ecef5757-8ec3-4d83-9eb8-ec3d2c19e368,4.073658388006152,7.264847477107773e-05,1.7833758318204065e-05,25.182355139194094,67.50676430637274,20.0,2.959464034237025e-05,0.00013847983300596667,2.262896482223167e-05,0.00019070343817056794,0.0,Germany,DEU,baden-wurttemberg,,,Linux-7.0.0-31-generic-x86_64-with-glibc2.43,3.14.4,3.3.0,24,Intel(R) Core(TM) Ultra 9 285K,1,1 x NVIDIA GeForce RTX 5090,9.2986,48.7383,60.81614303588867,machine,0.0,0.0,0.0,0.0,N
dynamics_model_update_22,2026-09-15T16:38:46,mbpo_HalfCheetah-v5_seed85062,ecef5757-8ec3-4d83-9eb8-ec3d2c19e368,3.9136315490031848,4.9495417343491024e-05,1.2646949367158101e-05,25.189499375674625,67.58359598465408,20.0,2.712228030891245e-05,8.106423151810205e-05,2.1739770738915618e-05,0.00012992628256592968,0.0,Germany,DEU,baden-wurttemberg,,,Linux-7.0.0-31-generic-x86_64-with-glibc2.43,3.14.4,3.3.0,24,Intel(R) Core(TM) Ultra 9 285K,1,1 x NVIDIA GeForce RTX 5090,9.2986,48.7383,60.81614303588867,machine,0.0,0.0,0.0,0.0,N
rollout_22,2026-09-15T16:38:47,mbpo_HalfCheetah-v5_seed85062,ecef5757-8ec3-4d83-9eb8-ec3d2c19e368,0.2011076740018325,2.504768649994743e-06,1.2454405023023449e-05,25.2702460396857,67.55303407243584,20.0,1.8451234205379974e-06,3.6138917798300696e-06,1.1160435999853918e-06,6.575058800353459e-06,0.0,Germany,DEU,baden-wurttemberg,,,Linux-7.0.0-31-generic-x86_64-with-glibc2.43,3.14.4,3.3.0,24,Intel(R) Core(TM) Ultra 9 285K,1,1 x NVIDIA GeForce RTX 5090,9.2986,48.7383,60.81614303588867,machine,0.0,0.0,0.0,0.0,N
synthetic_rollout_generation_22,2026-09-15T16:38:47,mbpo_HalfCheetah-v5_seed85062,ecef5757-8ec3-4d83-9eb8-ec3d2c19e368,0.006181314995046705,3.177913788805081e-08,5.134336151590332e-06,25.244479322503263,66.8343847737929,20.0,5.203254162949866e-08,0.0,3.138821670699114e-08,8.342075833583928e-08,0.0,Germany,DEU,baden-wurttemberg,,,Linux-7.0.0-31-generic-x86_64-with-glibc2.43,3.14.4,3.3.0,24,Intel(R) Core(TM) Ultra 9 285K,1,1 x NVIDIA GeForce RTX 5090,9.2986,48.7383,60.81614303588867,machine,0.0,0.0,0.0,0.0,N
gradient_updates_22,2026-09-15T16:38:51,mbpo_HalfCheetah-v5_seed85062,ecef5757-8ec3-4d83-9eb8-ec3d2c19e368,4.0778572900017025,7.360734023439432e-05,1.8050529666477065e-05,25.22590444701135,67.44215489881228,20.0,2.9473045245087537e-05,0.00014109511287596632,2.265231762220432e-05,0.00019322047574325818,0.0,Germany,DEU,baden-wurttemberg,,,Linux-7.0.0-31-generic-x86_64-with-glibc2.43,3.14.4,3.3.0,24,Intel(R) Core(TM) Ultra 9 285K,1,1 x NVIDIA GeForce RTX 5090,9.2986,48.7383,60.81614303588867,machine,0.0,0.0,0.0,0.0,N
dynamics_model_update_23,2026-09-15T16:38:58,mbpo_HalfCheetah-v5_seed85062,ecef5757-8ec3-4d83-9eb8-ec3d2c19e368,7.427828467989457,9.141993404610275e-05,1.2307720947068111e-05,25.23278261418581,67.48195141123801,20.0,5.1685598292897095e-05,0.00014702956206802398,4.126366637776497e-05,0.00023997882673868626,0.0,Germany,DEU,baden-wurttemberg,,,Linux-7.0.0-31-generic-x86_64-with-glibc2.43,3.14.4,3.3.0,24,Intel(R) Core(TM) Ultra 9 285K,1,1 x NVIDIA GeForce RTX 5090,9.2986,48.7383,60.81614303588867,machine,0.0,0.0,0.0,0.0,N
rollout_23,2026-09-15T16:38:58,mbpo_HalfCheetah-v5_seed85062,ecef5757-8ec3-4d83-9eb8-ec3d2c19e368,0.19931248000648338,2.5165506375769177e-06,1.2625932995082643e-05,25.31096500983517,67.46893192122809,20.0,1.835493412843947e-06,3.6641695981831646e-06,1.1063237000295215e-06,6.605986711056416e-06,0.0,Germany,DEU,baden-wurttemberg,,,Linux-7.0.0-31-generic-x86_64-with-glibc2.43,3.14.4,3.3.0,24,Intel(R) Core(TM) Ultra 9 285K,1,1 x NVIDIA GeForce RTX 5090,9.2986,48.7383,60.81614303588867,machine,0.0,0.0,0.0,0.0,N
synthetic_rollout_generation_23,2026-09-15T16:38:58,mbpo_HalfCheetah-v5_seed85062,ecef5757-8ec3-4d83-9eb8-ec3d2c19e368,0.005988895005430095,3.143058748813696e-08,5.237749471791402e-06,25.289091775888767,66.78047343223596,20.0,5.150698564881928e-08,0.0,3.0998822169109666e-08,8.250580781771211e-08,0.0,Germany,DEU,baden-wurttemberg,,,Linux-7.0.0-31-generic-x86_64-with-glibc2.43,3.14.4,3.3.0,24,Intel(R) Core(TM) Ultra 9 285K,1,1 x NVIDIA GeForce RTX 5090,9.2986,48.7383,60.81614303588867,machine,0.0,0.0,0.0,0.0,N
gradient_updates_23,2026-09-15T16:39:02,mbpo_HalfCheetah-v5_seed85062,ecef5757-8ec3-4d83-9eb8-ec3d2c19e368,4.111545608000597,7.255037279929122e-05,1.7645553491602616e-05,25.268962952879406,67.34776001717051,20.0,2.720900065607268e-05,0.00014039761231798842,2.2839305911070973e-05,0.00019044591888513207,0.0,Germany,DEU,baden-wurttemberg,,,Linux-7.0.0-31-generic-x86_64-with-glibc2.43,3.14.4,3.3.0,24,Intel(R) Core(TM) Ultra 9 285K,1,1 x NVIDIA GeForce RTX 5090,9.2986,48.7383,60.81614303588867,machine,0.0,0.0,0.0,0.0,N
dynamics_model_update_24,2026-09-15T16:39:09,mbpo_HalfCheetah-v5_seed85062,ecef5757-8ec3-4d83-9eb8-ec3d2c19e368,6.2853144819964655,7.81013478943068e-05,1.242600855966081e-05,25.25625753914072,67.39735793421467,20.0,4.386470259173242e-05,0.0001262364898779733,3.4916127111096675e-05,0.00020501731958080284,0.0,Germany,DEU,baden-wurttemberg,,,Linux-7.0.0-31-generic-x86_64-with-glibc2.43,3.14.4,3.3.0,24,Intel(R) Core(TM) Ultra 9 285K,1,1 x NVIDIA GeForce RTX 5090,9.2986,48.7383,60.81614303588867,machine,0.0,0.0,0.0,0.0,N
rollout_24,2026-09-15T16:39:09,mbpo_HalfCheetah-v5_seed85062,ecef5757-8ec3-4d83-9eb8-ec3d2c19e368,0.19950381199305411,2.5262200765525586e-06,1.2662278139651378e-05,25.326657200780257,67.39381145778161,20.0,1.8116556159894492e-06,3.7125029699325296e-06,1.107210561086553e-06,6.631369147008098e-06,0.0,Germany,DEU,baden-wurttemberg,,,Linux-7.0.0-31-generic-x86_64-with-glibc2.43,3.14.4,3.3.0,24,Intel(R) Core(TM) Ultra 9 285K,1,1 x NVIDIA GeForce RTX 5090,9.2986,48.7383,60.81614303588867,machine,0.0,0.0,0.0,0.0,N
synthetic_rollout_generation_24,2026-09-15T16:39:09,mbpo_HalfCheetah-v5_seed85062,ecef5757-8ec3-4d83-9eb8-ec3d2c19e368,0.0059178869996685535,3.0585679910207636e-08,5.160741227062225e-06,25.29638244170168,66.73308781603865,20.0,4.920115047324369e-08,0.0,3.108676109044549e-08,8.028791156390602e-08,0.0,Germany,DEU,baden-wurttemberg,,,Linux-7.0.0-31-generic-x86_64-with-glibc2.43,3.14.4,3.3.0,24,Intel(R) Core(TM) Ultra 9 285K,1,1 x NVIDIA GeForce RTX 5090,9.2986,48.7383,60.81614303588867,machine,0.0,0.0,0.0,0.0,N
gradient_updates_24,2026-09-15T16:39:13,mbpo_HalfCheetah-v5_seed85062,ecef5757-8ec3-4d83-9eb8-ec3d2c19e368,4.178305734007154,7.346064825005478e-05,1.7581487056181854e-05,25.269202641869857,67.2756497629665,20.0,2.7322644913653493e-05,0.00014230233606404852,2.3210425899984838e-05,0.00019283540687768663,0.0,Germany,DEU,baden-wurttemberg,,,Linux-7.0.0-31-generic-x86_64-with-glibc2.43,3.14.4,3.3.0,24,Intel(R) Core(TM) Ultra 9 285K,1,1 x NVIDIA GeForce RTX 5090,9.2986,48.7383,60.81614303588867,machine,0.0,0.0,0.0,0.0,N
dynamics_model_update_25,2026-09-15T16:39:18,mbpo_HalfCheetah-v5_seed85062,ecef5757-8ec3-4d83-9eb8-ec3d2c19e368,5.156879886999377,6.155815348974367e-05,1.1937026901890447e-05,25.24973566040919,67.31132263479783,20.0,3.126695001354207e-05,0.00010167730356402949,2.8646909277772878e-05,0.00016159116285534465,0.0,Germany,DEU,baden-wurttemberg,,,Linux-7.0.0-31-generic-x86_64-with-glibc2.43,3.14.4,3.3.0,24,Intel(R) Core(TM) Ultra 9 285K,1,1 x NVIDIA GeForce RTX 5090,9.2986,48.7383,60.81614303588867,machine,0.0,0.0,0.0,0.0,N
rollout_25,2026-09-15T16:39:18,mbpo_HalfCheetah-v5_seed85062,ecef5757-8ec3-4d83-9eb8-ec3d2c19e368,0.20690591499442235,3.1009233614309566e-06,1.49872535187558e-05,25.255110632866067,67.58079057894741,20.0,1.4985120321414636e-06,5.492782171989674e-06,1.1486804944677107e-06,8.139974698598632e-06,0.0,Germany,DEU,baden-wurttemberg,,,Linux-7.0.0-31-generic-x86_64-with-glibc2.43,3.14.4,3.3.0,24,Intel(R) Core(TM) Ultra 9 285K,1,1 x NVIDIA GeForce RTX 5090,9.2986,48.7383,60.81614303588867,machine,0.0,0.0,0.0,0.0,N
synthetic_rollout_generation_25,2026-09-15T16:39:18,mbpo_HalfCheetah-v5_seed85062,ecef5757-8ec3-4d83-9eb8-ec3d2c19e368,0.006050480005796999,2.8263897612536976e-08,4.663255384413484e-06,25.193514919595856,66.94323595084414,20.0,4.2351422764597135e-08,0.0,3.1841772175130595e-08,7.419319494016141e-08,0.0,Germany,DEU,baden-wurttemberg,,,Linux-7.0.0-31-generic-x86_64-with-glibc2.43,3.14.4,3.3.0,24,Intel(R) Core(TM) Ultra 9 285K,1,1 x NVIDIA GeForce RTX 5090,9.2986,48.7383,60.81614303588867,machine,0.0,0.0,0.0,0.0,N
gradient_updates_25,2026-09-15T16:39:23,mbpo_HalfCheetah-v5_seed85062,ecef5757-8ec3-4d83-9eb8-ec3d2c19e368,4.07955505400605,7.280017928023783e-05,1.784516906052298e-05,25.14864621714243,67.45383984425993,20.0,3.067830093151508e-05,0.00013776149909783264,2.266186496668117e-05,0.00019110166499602954,0.0,Germany,DEU,baden-wurttemberg,,,Linux-7.0.0-31-generic-x86_64-with-glibc2.43,3.14.4,3.3.0,24,Intel(R) Core(TM) Ultra 9 285K,1,1 x NVIDIA GeForce RTX 5090,9.2986,48.7383,60.81614303588867,machine,0.0,0.0,0.0,0.0,N
dynamics_model_update_26,2026-09-15T16:39:36,mbpo_HalfCheetah-v5_seed85062,ecef5757-8ec3-4d83-9eb8-ec3d2c19e368,13.409333075003815,0.00016695674600979843,1.2450785807082384e-05,25.16532996794451,67.49703272094224,20.0,9.514765611805948e-05,0.000268622437120003,7.449410418889279e-05,0.0004382641974269557,0.0,Germany,DEU,baden-wurttemberg,,,Linux-7.0.0-31-generic-x86_64-with-glibc2.43,3.14.4,3.3.0,24,Intel(R) Core(TM) Ultra 9 285K,1,1 x NVIDIA GeForce RTX 5090,9.2986,48.7383,60.81614303588867,machine,0.0,0.0,0.0,0.0,N
rollout_26,2026-09-15T16:39:36,mbpo_HalfCheetah-v5_seed85062,ecef5757-8ec3-4d83-9eb8-ec3d2c19e368,0.19655758299631998,2.5060250023146644e-06,1.2749696134090787e-05,25.246737607604356,67.48485446468784,20.0,1.8775906687404365e-06,3.610002888176922e-06,1.090763188888854e-06,6.578356745806646e-06,0.0,Germany,DEU,baden-wurttemberg,,,Linux-7.0.0-31-generic-x86_64-with-glibc2.43,3.14.4,3.3.0,24,Intel(R) Core(TM) Ultra 9 285K,1,1 x NVIDIA GeForce RTX 5090,9.2986,48.7383,60.81614303588867,machine,0.0,0.0,0.0,0.0,N
synthetic_rollout_generation_26,2026-09-15T16:39:36,mbpo_HalfCheetah-v5_seed85062,ecef5757-8ec3-4d83-9eb8-ec3d2c19e368,0.0059815409913426265,2.952392475896043e-08,4.921897734215498e-06,25.20499874785271,66.87135578773614,20.0,4.6081425751631766e-08,0.0,3.14193611202114e-08,7.750078687140949e-08,0.0,Germany,DEU,baden-wurttemberg,,,Linux-7.0.0-31-generic-x86_64-with-glibc2.43,3.14.4,3.3.0,24,Intel(R) Core(TM) Ultra 9 285K,1,1 x NVIDIA GeForce RTX 5090,9.2986,48.7383,60.81614303588867,machine,0.0,0.0,0.0,0.0,N
gradient_updates_26,2026-09-15T16:39:40,mbpo_HalfCheetah-v5_seed85062,ecef5757-8ec3-4d83-9eb8-ec3d2c19e368,4.072513585997513,7.259658829580993e-05,1.7826018815005596e-05,25.17537462805482,67.36343730915173,20.0,3.0515795245947275e-05,0.00013742844327579995,2.2622996799974513e-05,0.0001905672353217213,0.0,Germany,DEU,baden-wurttemberg,,,Linux-7.0.0-31-generic-x86_64-with-glibc2.43,3.14.4,3.3.0,24,Intel(R) Core(TM) Ultra 9 285K,1,1 x NVIDIA GeForce RTX 5090,9.2986,48.7383,60.81614303588867,machine,0.0,0.0,0.0,0.0,N
dynamics_model_update_27,2026-09-15T16:39:49,mbpo_HalfCheetah-v5_seed85062,ecef5757-8ec3-4d83-9eb8-ec3d2c19e368,9.225969193008495,0.00011499848327029948,1.2464619292226722e-05,25.189871777470277,67.40889819798288,20.0,6.494102056388285e-05,0.00018567875965413982,5.1253125072172256e-05,0.00030187290529019514,0.0,Germany,DEU,baden-wurttemberg,,,Linux-7.0.0-31-generic-x86_64-with-glibc2.43,3.14.4,3.3.0,24,Intel(R) Core(TM) Ultra 9 285K,1,1 x NVIDIA GeForce RTX 5090,9.2986,48.7383,60.81614303588867,machine,0.0,0.0,0.0,0.0,N
rollout_27,2026-09-15T16:39:50,mbpo_HalfCheetah-v5_seed85062,ecef5757-8ec3-4d83-9eb8-ec3d2c19e368,0.19768543899408542,2.490261636372247e-06,1.259658733203245e-05,25.263704679842853,67.38928256977353,20.0,1.8608231553279841e-06,3.578613974042355e-06,1.0975405222172965e-06,6.5369776515878525e-06,0.0,Germany,DEU,baden-wurttemberg,,,Linux-7.0.0-31-generic-x86_64-with-glibc2.43,3.14.4,3.3.0,24,Intel(R) Core(TM) Ultra 9 285K,1,1 x NVIDIA GeForce RTX 5090,9.2986,48.7383,60.81614303588867,machine,0.0,0.0,0.0,0.0,N
synthetic_rollout_generation_27,2026-09-15T16:39:50,mbpo_HalfCheetah-v5_seed85062,ecef5757-8ec3-4d83-9eb8-ec3d2c19e368,0.0060678370064124465,3.106628018723079e-08,5.112164340343955e-06,25.234229285053978,66.79814851214394,20.0,4.95233729511102e-08,0.0,3.2026122224028744e-08,8.154949517578947e-08,0.0,Germany,DEU,baden-wurttemberg,,,Linux-7.0.0-31-generic-x86_64-with-glibc2.43,3.14.4,3.3.0,24,Intel(R) Core(TM) Ultra 9 285K,1,1 x NVIDIA GeForce RTX 5090,9.2986,48.7383,60.81614303588867,machine,0.0,0.0,0.0,0.0,N
gradient_updates_27,2026-09-15T16:39:54,mbpo_HalfCheetah-v5_seed85062,ecef5757-8ec3-4d83-9eb8-ec3d2c19e368,4.091999809999834,7.350019358806983e-05,1.7961952563963553e-05,25.213098193010325,67.28977666980235,20.0,3.0030244301954e-05,0.00014017816769795743,2.273080203885904e-05,0.0001929392140387707,0.0,Germany,DEU,baden-wurttemberg,,,Linux-7.0.0-31-generic-x86_64-with-glibc2.43,3.14.4,3.3.0,24,Intel(R) Core(TM) Ultra 9 285K,1,1 x NVIDIA GeForce RTX 5090,9.2986,48.7383,60.81614303588867,machine,0.0,0.0,0.0,0.0,N
dynamics_model_update_28,2026-09-15T16:40:25,mbpo_HalfCheetah-v5_seed85062,ecef5757-8ec3-4d83-9eb8-ec3d2c19e368,31.636923985002795,0.0003959744863653242,1.2516219435799665e-05,25.22324858896214,67.33374294626834,20.0,0.00022752564118702634,0.0006361560644800868,0.00017575781753888177,0.0010394395232059955,0.0,Germany,DEU,baden-wurttemberg,,,Linux-7.0.0-31-generic-x86_64-with-glibc2.43,3.14.4,3.3.0,24,Intel(R) Core(TM) Ultra 9 285K,1,1 x NVIDIA GeForce RTX 5090,9.2986,48.7383,60.81614303588867,machine,0.0,0.0,0.0,0.0,N
rollout_28,2026-09-15T16:40:26,mbpo_HalfCheetah-v5_seed85062,ecef5757-8ec3-4d83-9eb8-ec3d2c19e368,0.21617242900538258,2.493737872543561e-06,1.1535587885777852e-05,25.231939168290186,67.29843336032984,20.0,1.5904546057030067e-06,3.764725234001176e-06,1.1909229888666314e-06,6.546102828569947e-06,0.0,Germany,DEU,baden-wurttemberg,,,Linux-7.0.0-31-generic-x86_64-with-glibc2.43,3.14.4,3.3.0,24,Intel(R) Core(TM) Ultra 9 285K,1,1 x NVIDIA GeForce RTX 5090,9.2986,48.7383,60.81614303588867,machine,0.0,0.0,0.0,0.0,N
synthetic_rollout_generation_28,2026-09-15T16:40:26,mbpo_HalfCheetah-v5_seed85062,ecef5757-8ec3-4d83-9eb8-ec3d2c19e368,0.006103142994106747,3.0941129467582096e-08,5.059811937287901e-06,25.20045948910506,66.72810765388635,20.0,4.894670582733518e-08,0.0,3.2274266656331235e-08,8.12209724841001e-08,0.0,Germany,DEU,baden-wurttemberg,,,Linux-7.0.0-31-generic-x86_64-with-glibc2.43,3.14.4,3.3.0,24,Intel(R) Core(TM) Ultra 9 285K,1,1 x NVIDIA GeForce RTX 5090,9.2986,48.7383,60.81614303588867,machine,0.0,0.0,0.0,0.0,N
gradient_updates_28,2026-09-15T16:40:30,mbpo_HalfCheetah-v5_seed85062,ecef5757-8ec3-4d83-9eb8-ec3d2c19e368,4.405429684004048,7.553721656499649e-05,1.7146409442249505e-05,25.174941501642493,67.15295507762065,20.0,3.030054479596922e-05,0.00014351372592180667,2.4472162055543673e-05,0.00019828643277331956,0.0,Germany,DEU,baden-wurttemberg,,,Linux-7.0.0-31-generic-x86_64-with-glibc2.43,3.14.4,3.3.0,24,Intel(R) Core(TM) Ultra 9 285K,1,1 x NVIDIA GeForce RTX 5090,9.2986,48.7383,60.81614303588867,machine,0.0,0.0,0.0,0.0,N
dynamics_model_update_29,2026-09-15T16:40:37,mbpo_HalfCheetah-v5_seed85062,ecef5757-8ec3-4d83-9eb8-ec3d2c19e368,6.690657790997648,8.660161590846784e-05,1.2943620697402321e-05,25.178134838151816,67.19242506785919,20.0,5.653935967589452e-05,0.00013361844022830027,3.7172862672175695e-05,0.00022733066257637005,0.0,Germany,DEU,baden-wurttemberg,,,Linux-7.0.0-31-generic-x86_64-with-glibc2.43,3.14.4,3.3.0,24,Intel(R) Core(TM) Ultra 9 285K,1,1 x NVIDIA GeForce RTX 5090,9.2986,48.7383,60.81614303588867,machine,0.0,0.0,0.0,0.0,N
rollout_29,2026-09-15T16:40:37,mbpo_HalfCheetah-v5_seed85062,ecef5757-8ec3-4d83-9eb8-ec3d2c19e368,0.19722566699783783,2.5642807765643635e-06,1.30014871567171e-05,25.251494633092108,67.20349798108286,20.0,1.884711507769976e-06,3.7519474456182422e-06,1.0946201555875681e-06,6.731279108976654e-06,0.0,Germany,DEU,baden-wurttemberg,,,Linux-7.0.0-31-generic-x86_64-with-glibc2.43,3.14.4,3.3.0,24,Intel(R) Core(TM) Ultra 9 285K,1,1 x NVIDIA GeForce RTX 5090,9.2986,48.7383,60.81614303588867,machine,0.0,0.0,0.0,0.0,N
synthetic_rollout_generation_29,2026-09-15T16:40:37,mbpo_HalfCheetah-v5_seed85062,ecef5757-8ec3-4d83-9eb8-ec3d2c19e368,0.00709841500793118,7.128543485935418e-07,0.00010036225762600683,25.244298437551784,75.70574611233971,20.0,6.188282728608607e-08,1.777501422051131e-06,3.187011105975496e-08,1.8712543603978393e-06,0.0,Germany,DEU,baden-wurttemberg,,,Linux-7.0.0-31-generic-x86_64-with-glibc2.43,3.14.4,3.3.0,24,Intel(R) Core(TM) Ultra 9 285K,1,1 x NVIDIA GeForce RTX 5090,9.2986,48.7383,60.81614303588867,machine,0.0,0.0,0.0,0.0,N
gradient_updates_29,2026-09-15T16:40:41,mbpo_HalfCheetah-v5_seed85062,ecef5757-8ec3-4d83-9eb8-ec3d2c19e368,4.37058107899793,7.57037969563619e-05,1.7321223128006264e-05,25.241160153692412,76.04053842354979,20.0,3.254836409422035e-05,0.00014189622462823515,2.42791203111767e-05,0.00019872370903363176,0.0,Germany,DEU,baden-wurttemberg,,,Linux-7.0.0-31-generic-x86_64-with-glibc2.43,3.14.4,3.3.0,24,Intel(R) Core(TM) Ultra 9 285K,1,1 x NVIDIA GeForce RTX 5090,9.2986,48.7383,60.81614303588867,machine,0.0,0.0,0.0,0.0,N
dynamics_model_update_30,2026-09-15T16:40:46,mbpo_HalfCheetah-v5_seed85062,ecef5757-8ec3-4d83-9eb8-ec3d2c19e368,4.909886076013208,6.275672362100228e-05,1.2781714758687258e-05,25.25473514404548,76.01882921523591,20.0,3.7430523555509465e-05,0.00010003174669193093,2.727515886662233e-05,0.00016473742911406186,0.0,Germany,DEU,baden-wurttemberg,,,Linux-7.0.0-31-generic-x86_64-with-glibc2.43,3.14.4,3.3.0,24,Intel(R) Core(TM) Ultra 9 285K,1,1 x NVIDIA GeForce RTX 5090,9.2986,48.7383,60.81614303588867,machine,0.0,0.0,0.0,0.0,N
rollout_30,2026-09-15T16:40:46,mbpo_HalfCheetah-v5_seed85062,ecef5757-8ec3-4d83-9eb8-ec3d2c19e368,0.2089051479997579,3.118355364705415e-06,1.4926351990976343e-05,25.25880360662995,76.17153556456363,20.0,1.5096681521761801e-06,5.516393302151812e-06,1.1596725388598149e-06,8.18573399318824e-06,0.0,Germany,DEU,baden-wurttemberg,,,Linux-7.0.0-31-generic-x86_64-with-glibc2.43,3.14.4,3.3.0,24,Intel(R) Core(TM) Ultra 9 285K,1,1 x NVIDIA GeForce RTX 5090,9.2986,48.7383,60.81614303588867,machine,0.0,0.0,0.0,0.0,N
synthetic_rollout_generation_30,2026-09-15T16:40:46,mbpo_HalfCheetah-v5_seed85062,ecef5757-8ec3-4d83-9eb8-ec3d2c19e368,0.006098822996136732,3.0185560630051345e-08,4.942551480393574e-06,25.21032971942575,75.56699956801947,20.0,4.542031411397529e-08,0.0,3.381727777494736e-08,7.923759188892265e-08,0.0,Germany,DEU,baden-wurttemberg,,,Linux-7.0.0-31-generic-x86_64-with-glibc2.43,3.14.4,3.3.0,24,Intel(R) Core(TM) Ultra 9 285K,1,1 x NVIDIA GeForce RTX 5090,9.2986,48.7383,60.81614303588867,machine,0.0,0.0,0.0,0.0,N
gradient_updates_30,2026-09-15T16:40:51,mbpo_HalfCheetah-v5_seed85062,ecef5757-8ec3-4d83-9eb8-ec3d2c19e368,4.388424646007479,7.706101994798837e-05,1.7560097877390805e-05,25.17502986564926,75.90825485557755,20.0,3.296697970689433e-05,0.00014494094928574341,2.437851266109221e-05,0.0002022864416537304,0.0,Germany,DEU,baden-wurttemberg,,,Linux-7.0.0-31-generic-x86_64-with-glibc2.43,3.14.4,3.3.0,24,Intel(R) Core(TM) Ultra 9 285K,1,1 x NVIDIA GeForce RTX 5090,9.2986,48.7383,60.81614303588867,machine,0.0,0.0,0.0,0.0,N
dynamics_model_update_31,2026-09-15T16:40:56,mbpo_HalfCheetah-v5_seed85062,ecef5757-8ec3-4d83-9eb8-ec3d2c19e368,4.992325190993142,6.347396782998595e-05,1.2714272864427953e-05,25.19222832676461,75.87287038457971,20.0,3.989561052757801e-05,9.898896808024915e-05,2.773562832218083e-05,0.00016662020693000712,0.0,Germany,DEU,baden-wurttemberg,,,Linux-7.0.0-31-generic-x86_64-with-glibc2.43,3.14.4,3.3.0,24,Intel(R) Core(TM) Ultra 9 285K,1,1 x NVIDIA GeForce RTX 5090,9.2986,48.7383,60.81614303588867,machine,0.0,0.0,0.0,0.0,N
rollout_31,2026-09-15T16:40:56,mbpo_HalfCheetah-v5_seed85062,ecef5757-8ec3-4d83-9eb8-ec3d2c19e368,0.20997660400462337,3.110416066877744e-06,1.4813389977841791e-05,25.195945239521595,76.01515263311039,20.0,1.511414264680766e-06,5.48972661373881e-06,1.1637523277185577e-06,8.164893206137266e-06,0.0,Germany,DEU,baden-wurttemberg,,,Linux-7.0.0-31-generic-x86_64-with-glibc2.43,3.14.4,3.3.0,24,Intel(R) Core(TM) Ultra 9 285K,1,1 x NVIDIA GeForce RTX 5090,9.2986,48.7383,60.81614303588867,machine,0.0,0.0,0.0,0.0,N
synthetic_rollout_generation_31,2026-09-15T16:40:56,mbpo_HalfCheetah-v5_seed85062,ecef5757-8ec3-4d83-9eb8-ec3d2c19e368,0.006024443006026559,3.006929532624325e-08,4.986801394701785e-06,25.165300323497533,75.43042068977877,20.0,4.742087127834749e-08,0.0,3.1511522279991516e-08,7.893239355877268e-08,0.0,Germany,DEU,baden-wurttemberg,,,Linux-7.0.0-31-generic-x86_64-with-glibc2.43,3.14.4,3.3.0,24,Intel(R) Core(TM) Ultra 9 285K,1,1 x NVIDIA GeForce RTX 5090,9.2986,48.7383,60.81614303588867,machine,0.0,0.0,0.0,0.0,N
gradient_updates_31,2026-09-15T16:41:00,mbpo_HalfCheetah-v5_seed85062,ecef5757-8ec3-4d83-9eb8-ec3d2c19e368,4.369736596010625,7.566472895474512e-05,1.7315655793583187e-05,25.143948816796367,75.74497062637894,20.0,3.277927983451334e-05,0.00014156733547610045,2.4274539577810294e-05,0.00019862115488842452,0.0,Germany,DEU,baden-wurttemberg,,,Linux-7.0.0-31-generic-x86_64-with-glibc2.43,3.14.4,3.3.0,24,Intel(R) Core(TM) Ultra 9 285K,1,1 x NVIDIA GeForce RTX 5090,9.2986,48.7383,60.81614303588867,machine,0.0,0.0,0.0,0.0,N
dynamics_model_update_32,2026-09-15T16:41:06,mbpo_HalfCheetah-v5_seed85062,ecef5757-8ec3-4d83-9eb8-ec3d2c19e368,5.787733245990239,7.603051316573683e-05,1.3136502999052059e-05,25.162262079077657,75.72972308336986,20.0,4.8896754395157116e-05,0.00011853287260388257,3.2151717444422676e-05,0.00019958134444346236,0.0,Germany,DEU,baden-wurttemberg,,,Linux-7.0.0-31-generic-x86_64-with-glibc2.43,3.14.4,3.3.0,24,Intel(R) Core(TM) Ultra 9 285K,1,1 x NVIDIA GeForce RTX 5090,9.2986,48.7383,60.81614303588867,machine,0.0,0.0,0.0,0.0,N
rollout_32,2026-09-15T16:41:06,mbpo_HalfCheetah-v5_seed85062,ecef5757-8ec3-4d83-9eb8-ec3d2c19e368,0.19824408998829313,2.553980608473519e-06,1.2882333413734523e-05,25.21895288281613,75.67055667026516,20.0,1.8328314662641176e-06,3.76278078806358e-06,1.108628744421209e-06,6.704240998748473e-06,0.0,Germany,DEU,baden-wurttemberg,,,Linux-7.0.0-31-generic-x86_64-with-glibc2.43,3.14.4,3.3.0,24,Intel(R) Core(TM) Ultra 9 285K,1,1 x NVIDIA GeForce RTX 5090,9.2986,48.7383,60.81614303588867,machine,0.0,0.0,0.0,0.0,N
synthetic_rollout_generation_32,2026-09-15T16:41:06,mbpo_HalfCheetah-v5_seed85062,ecef5757-8ec3-4d83-9eb8-ec3d2c19e368,0.006007073010550812,3.140347000149535e-08,5.2197661021428695e-06,25.199675093009972,75.10585102347213,20.0,5.076087394861872e-08,0.0,3.167375002208206e-08,8.243462397070078e-08,0.0,Germany,DEU,baden-wurttemberg,,,Linux-7.0.0-31-generic-x86_64-with-glibc2.43,3.14.4,3.3.0,24,Intel(R) Core(TM) Ultra 9 285K,1,1 x NVIDIA GeForce RTX 5090,9.2986,48.7383,60.81614303588867,machine,0.0,0.0,0.0,0.0,N
gradient_updates_32,2026-09-15T16:41:11,mbpo_HalfCheetah-v5_seed85062,ecef5757-8ec3-4d83-9eb8-ec3d2c19e368,4.371680279000429,7.642559091924558e-05,1.7481997089213103e-05,25.18674487028206,75.42714365065598,20.0,3.2471341254836084e-05,0.00014386289286782983,2.428419590554164e-05,0.00020061843002820712,0.0,Germany,DEU,baden-wurttemberg,,,Linux-7.0.0-31-generic-x86_64-with-glibc2.43,3.14.4,3.3.0,24,Intel(R) Core(TM) Ultra 9 285K,1,1 x NVIDIA GeForce RTX 5090,9.2986,48.7383,60.81614303588867,machine,0.0,0.0,0.0,0.0,N
dynamics_model_update_33,2026-09-15T16:41:26,mbpo_HalfCheetah-v5_seed85062,ecef5757-8ec3-4d83-9eb8-ec3d2c19e368,14.840595842993935,0.00019387994407560772,1.3064142819175683e-05,25.199806825174065,75.41072474359812,20.0,0.00012476706675802057,0.00030172607471423696,8.244489258892517e-05,0.0005089380340611831,0.0,Germany,DEU,baden-wurttemberg,,,Linux-7.0.0-31-generic-x86_64-with-glibc2.43,3.14.4,3.3.0,24,Intel(R) Core(TM) Ultra 9 285K,1,1 x NVIDIA GeForce RTX 5090,9.2986,48.7383,60.81614303588867,machine,0.0,0.0,0.0,0.0,N
rollout_33,2026-09-15T16:41:26,mbpo_HalfCheetah-v5_seed85062,ecef5757-8ec3-4d83-9eb8-ec3d2c19e368,0.1967823680024594,2.491780768329628e-06,1.2662532302136454e-05,25.256698727381607,75.34484591240945,20.0,1.8224386801671266e-06,3.626391789968153e-06,1.092134927764988e-06,6.540965397899834e-06,0.0,Germany,DEU,baden-wurttemberg,,,Linux-7.0.0-31-generic-x86_64-with-glibc2.43,3.14.4,3.3.0,24,Intel(R) Core(TM) Ultra 9 285K,1,1 x NVIDIA GeForce RTX 5090,9.2986,48.7383,60.81614303588867,machine,0.0,0.0,0.0,0.0,N
synthetic_rollout_generation_33,2026-09-15T16:41:26,mbpo_HalfCheetah-v5_seed85062,ecef5757-8ec3-4d83-9eb8-ec3d2c19e368,0.006107597990194336,2.9974030178042677e-08,4.899775733779869e-06,25.22465548886091,74.79886876811662,20.0,4.703087096158409e-08,0.0,3.1651450020393074e-08,7.868232098154349e-08,0.0,Germany,DEU,baden-wurttemberg,,,Linux-7.0.0-31-generic-x86_64-with-glibc2.43,3.14.4,3.3.0,24,Intel(R) Core(TM) Ultra 9 285K,1,1 x NVIDIA GeForce RTX 5090,9.2986,48.7383,60.81614303588867,machine,0.0,0.0,0.0,0.0,N
gradient_updates_33,2026-09-15T16:41:30,mbpo_HalfCheetah-v5_seed85062,ecef5757-8ec3-4d83-9eb8-ec3d2c19e368,4.408585409997613,7.589090697291204e-05,1.721438014252729e-05,25.198723539118138,75.10906077665034,20.0,3.0337080936304606e-05,0.00014438817106610102,2.448962389446207e-05,0.00019921487589686857,0.0,Germany,DEU,baden-wurttemberg,,,Linux-7.0.0-31-generic-x86_64-with-glibc2.43,3.14.4,3.3.0,24,Intel(R) Core(TM) Ultra 9 285K,1,1 x NVIDIA GeForce RTX 5090,9.2986,48.7383,60.81614303588867,machine,0.0,0.0,0.0,0.0,N
dynamics_model_update_34,2026-09-15T16:41:54,mbpo_HalfCheetah-v5_seed85062,ecef5757-8ec3-4d83-9eb8-ec3d2c19e368,23.435225220993743,0.0002889427056947721,1.2329422488016983e-05,25.195635391363737,75.08426342095457,20.0,0.00016194695677968635,0.0004663387064038904,0.00013019367976109314,0.0007584793429446703,0.0,Germany,DEU,baden-wurttemberg,,,Linux-7.0.0-31-generic-x86_64-with-glibc2.43,3.14.4,3.3.0,24,Intel(R) Core(TM) Ultra 9 285K,1,1 x NVIDIA GeForce RTX 5090,9.2986,48.7383,60.81614303588867,machine,0.0,0.0,0.0,0.0,N
rollout_34,2026-09-15T16:41:54,mbpo_HalfCheetah-v5_seed85062,ecef5757-8ec3-4d83-9eb8-ec3d2c19e368,0.20945914399635512,2.4304823170277767e-06,1.1603337977302477e-05,25.19669846490143,75.00669981377159,20.0,1.488950080050233e-06,3.7288918719458053e-06,1.1622140055501246e-06,6.380055957547898e-06,0.0,Germany,DEU,baden-wurttemberg,,,Linux-7.0.0-31-generic-x86_64-with-glibc2.43,3.14.4,3.3.0,24,Intel(R) Core(TM) Ultra 9 285K,1,1 x NVIDIA GeForce RTX 5090,9.2986,48.7383,60.81614303588867,machine,0.0,0.0,0.0,0.0,N
synthetic_rollout_generation_34,2026-09-15T16:41:54,mbpo_HalfCheetah-v5_seed85062,ecef5757-8ec3-4d83-9eb8-ec3d2c19e368,0.006070354997063987,3.009339032220698e-08,4.950712370071567e-06,25.16670286325936,74.47848361789997,20.0,4.728531560055371e-08,0.0,3.171032771608073e-08,7.899564331836917e-08,0.0,Germany,DEU,baden-wurttemberg,,,Linux-7.0.0-31-generic-x86_64-with-glibc2.43,3.14.4,3.3.0,24,Intel(R) Core(TM) Ultra 9 285K,1,1 x NVIDIA GeForce RTX 5090,9.2986,48.7383,60.81614303588867,machine,0.0,0.0,0.0,0.0,N
gradient_updates_34,2026-09-15T16:41:58,mbpo_HalfCheetah-v5_seed85062,ecef5757-8ec3-4d83-9eb8-ec3d2c19e368,4.076245707998169,7.34779872257757e-05,1.8025967131589702e-05,25.14612473519546,74.81761893070588,20.0,3.100658480525986e-05,0.00013923094471812725,2.264339245003702e-05,0.00019288092197342413,0.0,Germany,DEU,baden-wurttemberg,,,Linux-7.0.0-31-generic-x86_64-with-glibc2.43,3.14.4,3.3.0,24,Intel(R) Core(TM) Ultra 9 285K,1,1 x NVIDIA GeForce RTX 5090,9.2986,48.7383,60.81614303588867,machine,0.0,0.0,0.0,0.0,N
dynamics_model_update_35,2026-09-15T16:42:04,mbpo_HalfCheetah-v5_seed85062,ecef5757-8ec3-4d83-9eb8-ec3d2c19e368,5.761527071008459,7.164756789302534e-05,1.2435466853606609e-05,25.15936520823975,74.79840448886378,20.0,4.076442733374347e-05,0.00011530537002180097,3.2006243838905886e-05,0.00018807604119444946,0.0,Germany,DEU,baden-wurttemberg,,,Linux-7.0.0-31-generic-x86_64-with-glibc2.43,3.14.4,3.3.0,24,Intel(R) Core(TM) Ultra 9 285K,1,1 x NVIDIA GeForce RTX 5090,9.2986,48.7383,60.81614303588867,machine,0.0,0.0,0.0,0.0,N
rollout_35,2026-09-15T16:42:04,mbpo_HalfCheetah-v5_seed85062,ecef5757-8ec3-4d83-9eb8-ec3d2c19e368,0.19680346800305415,2.517801037076571e-06,1.2793108160420698e-05,25.218946133801165,74.7432585157844,20.0,1.8668248267933452e-06,3.650002920130291e-06,1.0924412833343729e-06,6.609269030257575e-06,0.0,Germany,DEU,baden-wurttemberg,,,Linux-7.0.0-31-generic-x86_64-with-glibc2.43,3.14.4,3.3.0,24,Intel(R) Core(TM) Ultra 9 285K,1,1 x NVIDIA GeForce RTX 5090,9.2986,48.7383,60.81614303588867,machine,0.0,0.0,0.0,0.0,N
synthetic_rollout_generation_35,2026-09-15T16:42:04,mbpo_HalfCheetah-v5_seed85062,ecef5757-8ec3-4d83-9eb8-ec3d2c19e368,0.006021086999680847,3.150148219360771e-08,5.2248221764780395e-06,25.20295487497926,74.23131838896396,20.0,5.118448538621312e-08,0.0,3.1507422196871276e-08,8.269190758178335e-08,0.0,Germany,DEU,baden-wurttemberg,,,Linux-7.0.0-31-generic-x86_64-with-glibc2.43,3.14.4,3.3.0,24,Intel(R) Core(TM) Ultra 9 285K,1,1 x NVIDIA GeForce RTX 5090,9.2986,48.7383,60.81614303588867,machine,0.0,0.0,0.0,0.0,N
gradient_updates_35,2026-09-15T16:42:08,mbpo_HalfCheetah-v5_seed85062,ecef5757-8ec3-4d83-9eb8-ec3d2c19e368,4.0695338630030164,7.353992392183668e-05,1.8070883815359834e-05,25.19285699006717,74.5679421748147,20.0,3.0599582812977644e-05,0.00013983788964821997,2.260603435554195e-05,0.00019304350681673826,0.0,Germany,DEU,baden-wurttemberg,,,Linux-7.0.0-31-generic-x86_64-with-glibc2.43,3.14.4,3.3.0,24,Intel(R) Core(TM) Ultra 9 285K,1,1 x NVIDIA GeForce RTX 5090,9.2986,48.7383,60.81614303588867,machine,0.0,0.0,0.0,0.0,N
dynamics_model_update_36,2026-09-15T16:42:34,mbpo_HalfCheetah-v5_seed85062,ecef5757-8ec3-4d83-9eb8-ec3d2c19e368,25.69662694200815,0.0003152091816017574,1.2266563132424029e-05,25.20505628432919,74.5395127224937,20.0,0.00018245063012705537,0.0005022220684438583,0.00014275657456665723,0.0008274292731375692,0.0,Germany,DEU,baden-wurttemberg,,,Linux-7.0.0-31-generic-x86_64-with-glibc2.43,3.14.4,3.3.0,24,Intel(R) Core(TM) Ultra 9 285K,1,1 x NVIDIA GeForce RTX 5090,9.2986,48.7383,60.81614303588867,machine,0.0,0.0,0.0,0.0,N
rollout_36,2026-09-15T16:42:34,mbpo_HalfCheetah-v5_seed85062,ecef5757-8ec3-4d83-9eb8-ec3d2c19e368,0.1989250490005361,2.506493706721548e-06,1.2599639417122917e-05,25.26163883244965,74.47642471539555,20.0,1.8778617800682684e-06,3.5975028780388385e-06,1.104222444458288e-06,6.579587102564094e-06,0.0,Germany,DEU,baden-wurttemberg,,,Linux-7.0.0-31-generic-x86_64-with-glibc2.43,3.14.4,3.3.0,24,Intel(R) Core(TM) Ultra 9 285K,1,1 x NVIDIA GeForce RTX 5090,9.2986,48.7383,60.81614303588867,machine,0.0,0.0,0.0,0.0,N
synthetic_rollout_generation_36,2026-09-15T16:42:34,mbpo_HalfCheetah-v5_seed85062,ecef5757-8ec3-4d83-9eb8-ec3d2c19e368,0.00600576598662883,3.232128512054011e-08,5.373651828745378e-06,25.251909790872627,73.97991521729293,20.0,5.3253098153405176e-08,0.0,3.1590805560453156e-08,8.484390371515937e-08,0.0,Germany,DEU,baden-wurttemberg,,,Linux-7.0.0-31-generic-x86_64-with-glibc2.43,3.14.4,3.3.0,24,Intel(R) Core(TM) Ultra 9 285K,1,1 x NVIDIA GeForce RTX 5090,9.2986,48.7383,60.81614303588867,machine,0.0,0.0,0.0,0.0,N
gradient_updates_36,2026-09-15T16:42:38,mbpo_HalfCheetah-v5_seed85062,ecef5757-8ec3-4d83-9eb8-ec3d2c19e368,4.083715128013864,7.382051021639219e-05,1.8076831296818218e-05,25.2474959727447,74.30530469541267,20.0,3.145753211045155e-05,0.00013963844504405465,2.2684073288837484e-05,0.00019378005044334498,0.0,Germany,DEU,baden-wurttemberg,,,Linux-7.0.0-31-generic-x86_64-with-glibc2.43,3.14.4,3.3.0,24,Intel(R) Core(TM) Ultra 9 285K,1,1 x NVIDIA GeForce RTX 5090,9.2986,48.7383,60.81614303588867,machine,0.0,0.0,0.0,0.0,N
dynamics_model_update_37,2026-09-15T16:43:16,mbpo_HalfCheetah-v5_seed85062,ecef5757-8ec3-4d83-9eb8-ec3d2c19e368,38.290022266010055,0.0004747587124578718,1.2399011409039806e-05,25.26357379151858,74.28021801819779,20.0,0.0002837688620149076,0.0007497594886958225,0.00021272105854998986,0.0012462494092607204,0.0,Germany,DEU,baden-wurttemberg,,,Linux-7.0.0-31-generic-x86_64-with-glibc2.43,3.14.4,3.3.0,24,Intel(R) Core(TM) Ultra 9 285K,1,1 x NVIDIA GeForce RTX 5090,9.2986,48.7383,60.81614303588867,machine,0.0,0.0,0.0,0.0,N
rollout_37,2026-09-15T16:43:16,mbpo_HalfCheetah-v5_seed85062,ecef5757-8ec3-4d83-9eb8-ec3d2c19e368,0.19641971599776298,1.7861978709931767e-06,9.093401784516657e-06,25.31267153060793,74.00505085947384,20.0,1.8213364570696111e-06,1.7686125259874785e-06,1.0988497332921343e-06,4.688798716349224e-06,0.0,Germany,DEU,baden-wurttemberg,,,Linux-7.0.0-31-generic-x86_64-with-glibc2.43,3.14.4,3.3.0,24,Intel(R) Core(TM) Ultra 9 285K,1,1 x NVIDIA GeForce RTX 5090,9.2986,48.7383,60.81614303588867,machine,0.0,0.0,0.0,0.0,N
synthetic_rollout_generation_37,2026-09-15T16:43:17,mbpo_HalfCheetah-v5_seed85062,ecef5757-8ec3-4d83-9eb8-ec3d2c19e368,0.006078122998587787,3.329121221317538e-08,5.468777804913947e-06,25.272100227633256,73.52449858116557,20.0,4.92689282913239e-08,0.0,3.8121049955163605e-08,8.738997824692118e-08,0.0,Germany,DEU,baden-wurttemberg,,,Linux-7.0.0-31-generic-x86_64-with-glibc2.43,3.14.4,3.3.0,24,Intel(R) Core(TM) Ultra 9 285K,1,1 x NVIDIA GeForce RTX 5090,9.2986,48.7383,60.81614303588867,machine,0.0,0.0,0.0,0.0,N
gradient_updates_37,2026-09-15T16:43:21,mbpo_HalfCheetah-v5_seed85062,ecef5757-8ec3-4d83-9eb8-ec3d2c19e368,4.374381402987638,7.424749935038173e-05,1.6973289493712536e-05,25.239422855549016,73.79609727584779,20.0,3.0120135207201137e-05,0.0001404812234959696,2.4299545222230406e-05,0.00019490090392540113,0.0,Germany,DEU,baden-wurttemberg,,,Linux-7.0.0-31-generic-x86_64-with-glibc2.43,3.14.4,3.3.0,24,Intel(R) Core(TM) Ultra 9 285K,1,1 x NVIDIA GeForce RTX 5090,9.2986,48.7383,60.81614303588867,machine,0.0,0.0,0.0,0.0,N
dynamics_model_update_38,2026-09-15T16:43:30,mbpo_HalfCheetah-v5_seed85062,ecef5757-8ec3-4d83-9eb8-ec3d2c19e368,9.580512015993008,0.00011689995636632224,1.2201852212513485e-05,25.23598161124048,73.77991730470616,20.0,6.397641256997849e-05,0.0001896654295101552,5.322246128335907e-05,0.000306864303363491,0.0,Germany,DEU,baden-wurttemberg,,,Linux-7.0.0-31-generic-x86_64-with-glibc2.43,3.14.4,3.3.0,24,Intel(R) Core(TM) Ultra 9 285K,1,1 x NVIDIA GeForce RTX 5090,9.2986,48.7383,60.81614303588867,machine,0.0,0.0,0.0,0.0,N
rollout_38,2026-09-15T16:43:31,mbpo_HalfCheetah-v5_seed85062,ecef5757-8ec3-4d83-9eb8-ec3d2c19e368,0.2080883649905445,2.41434338712522e-06,1.1601946688864646e-05,25.240352559156293,73.71466004341394,20.0,1.5131437105173062e-06,3.669725157973147e-06,1.1548221332808965e-06,6.3376910017717836e-06,0.0,Germany,DEU,baden-wurttemberg,,,Linux-7.0.0-31-generic-x86_64-with-glibc2.43,3.14.4,3.3.0,24,Intel(R) Core(TM) Ultra 9 285K,1,1 x NVIDIA GeForce RTX 5090,9.2986,48.7383,60.81614303588867,machine,0.0,0.0,0.0,0.0,N
synthetic_rollout_generation_38,2026-09-15T16:43:31,mbpo_HalfCheetah-v5_seed85062,ecef5757-8ec3-4d83-9eb8-ec3d2c19e368,0.0060719670000253245,2.987601481138635e-08,4.91296089237359e-06,25.19362087105828,73.24811156212651,20.0,4.328392351482524e-08,0.0,3.5141105521156735e-08,7.842502903684934e-08,0.0,Germany,DEU,baden-wurttemberg,,,Linux-7.0.0-31-generic-x86_64-with-glibc2.43,3.14.4,3.3.0,24,Intel(R) Core(TM) Ultra 9 285K,1,1 x NVIDIA GeForce RTX 5090,9.2986,48.7383,60.81614303588867,machine,0.0,0.0,0.0,0.0,N
gradient_updates_38,2026-09-15T16:43:35,mbpo_HalfCheetah-v5_seed85062,ecef5757-8ec3-4d83-9eb8-ec3d2c19e368,4.089173788990593,7.292311647562073e-05,1.783326072180919e-05,25.159310900165703,73.55008112851486,20.0,3.0984578120979434e-05,0.00013772483240215294,2.2714966627730183e-05,0.0001914243771508617,0.0,Germany,DEU,baden-wurttemberg,,,Linux-7.0.0-31-generic-x86_64-with-glibc2.43,3.14.4,3.3.0,24,Intel(R) Core(TM) Ultra 9 285K,1,1 x NVIDIA GeForce RTX 5090,9.2986,48.7383,60.81614303588867,machine,0.0,0.0,0.0,0.0,N
dynamics_model_update_39,2026-09-15T16:43:41,mbpo_HalfCheetah-v5_seed85062,ecef5757-8ec3-4d83-9eb8-ec3d2c19e368,6.354559433006216,7.862091379615046e-05,1.2372326071359061e-05,25.171043212179875,73.53570383331437,20.0,4.532098209008434e-05,0.00012575954505167353,3.530066145556506e-05,0.0002063811885973238,0.0,Germany,DEU,baden-wurttemberg,,,Linux-7.0.0-31-generic-x86_64-with-glibc2.43,3.14.4,3.3.0,24,Intel(R) Core(TM) Ultra 9 285K,1,1 x NVIDIA GeForce RTX 5090,9.2986,48.7383,60.81614303588867,machine,0.0,0.0,0.0,0.0,N
rollout_39,2026-09-15T16:43:41,mbpo_HalfCheetah-v5_seed85062,ecef5757-8ec3-4d83-9eb8-ec3d2c19e368,0.1996299410093343,2.5012960178389526e-06,1.252923750764766e-05,25.22168279939504,73.48186049627466,20.0,1.8668417712461305e-06,3.591947318248856e-06,1.1071539944775173e-06,6.56594308397207e-06,0.0,Germany,DEU,baden-wurttemberg,,,Linux-7.0.0-31-generic-x86_64-with-glibc2.43,3.14.4,3.3.0,24,Intel(R) Core(TM) Ultra 9 285K,1,1 x NVIDIA GeForce RTX 5090,9.2986,48.7383,60.81614303588867,machine,0.0,0.0,0.0,0.0,N
synthetic_rollout_generation_39,2026-09-15T16:43:41,mbpo_HalfCheetah-v5_seed85062,ecef5757-8ec3-4d83-9eb8-ec3d2c19e368,0.005995414001517929,3.2660029659903334e-08,5.439665595976823e-06,25.201996685981594,73.02826876481618,20.0,5.191365264056724e-08,0.0,3.3819461047173566e-08,8.573311368817449e-08,0.0,Germany,DEU,baden-wurttemberg,,,Linux-7.0.0-31-generic-x86_64-with-glibc2.43,3.14.4,3.3.0,24,Intel(R) Core(TM) Ultra 9 285K,1,1 x NVIDIA GeForce RTX 5090,9.2986,48.7383,60.81614303588867,machine,0.0,0.0,0.0,0.0,N
gradient_updates_39,2026-09-15T16:43:45,mbpo_HalfCheetah-v5_seed85062,ecef5757-8ec3-4d83-9eb8-ec3d2c19e368,4.094108925986802,7.319173119989166e-05,1.7877355235715174e-05,25.18891928765881,73.3269816159647,20.0,3.0973218945226644e-05,0.00013841344406384515,2.2742832199987382e-05,0.00019212949520906047,0.0,Germany,DEU,baden-wurttemberg,,,Linux-7.0.0-31-generic-x86_64-with-glibc2.43,3.14.4,3.3.0,24,Intel(R) Core(TM) Ultra 9 285K,1,1 x NVIDIA GeForce RTX 5090,9.2986,48.7383,60.81614303588867,machine,0.0,0.0,0.0,0.0,N
dynamics_model_update_40,2026-09-15T16:43:54,mbpo_HalfCheetah-v5_seed85062,ecef5757-8ec3-4d83-9eb8-ec3d2c19e368,8.657933152993792,0.00010665827483336606,1.2319136357912127e-05,25.200334966597737,73.31058433954368,20.0,6.200437015901894e-05,0.00016987763590181615,4.809771525000938e-05,0.00027997972131084403,0.0,Germany,DEU,baden-wurttemberg,,,Linux-7.0.0-31-generic-x86_64-with-glibc2.43,3.14.4,3.3.0,24,Intel(R) Core(TM) Ultra 9 285K,1,1 x NVIDIA GeForce RTX 5090,9.2986,48.7383,60.81614303588867,machine,0.0,0.0,0.0,0.0,N
rollout_40,2026-09-15T16:43:54,mbpo_HalfCheetah-v5_seed85062,ecef5757-8ec3-4d83-9eb8-ec3d2c19e368,0.1993341860070359,2.4921117738989362e-06,1.2501644209835853e-05,25.248506905809815,73.25855773100129,20.0,1.854160094440227e-06,3.5813917540483686e-06,1.106282444460465e-06,6.541834292949494e-06,0.0,Germany,DEU,baden-wurttemberg,,,Linux-7.0.0-31-generic-x86_64-with-glibc2.43,3.14.4,3.3.0,24,Intel(R) Core(TM) Ultra 9 285K,1,1 x NVIDIA GeForce RTX 5090,9.2986,48.7383,60.81614303588867,machine,0.0,0.0,0.0,0.0,N
synthetic_rollout_generation_40,2026-09-15T16:43:54,mbpo_HalfCheetah-v5_seed85062,ecef5757-8ec3-4d83-9eb8-ec3d2c19e368,0.006074302000342868,3.127241660332708e-08,5.139952472143236e-06,25.22929608430881,72.81724111816393,20.0,5.0014762227601484e-08,0.0,3.207584442065786e-08,8.209060664912671e-08,0.0,Germany,DEU,baden-wurttemberg,,,Linux-7.0.0-31-generic-x86_64-with-glibc2.43,3.14.4,3.3.0,24,Intel(R) Core(TM) Ultra 9 285K,1,1 x NVIDIA GeForce RTX 5090,9.2986,48.7383,60.81614303588867,machine,0.0,0.0,0.0,0.0,N
gradient_updates_40,2026-09-15T16:43:58,mbpo_HalfCheetah-v5_seed85062,ecef5757-8ec3-4d83-9eb8-ec3d2c19e368,4.083494892998715,7.373064779211177e-05,1.8055786146373076e-05,25.217208423608877,73.11661866029803,20.0,3.1566666086634e-05,0.00013929400032419714,2.2683493694461952e-05,0.00019354416010529396,0.0,Germany,DEU,baden-wurttemberg,,,Linux-7.0.0-31-generic-x86_64-with-glibc2.43,3.14.4,3.3.0,24,Intel(R) Core(TM) Ultra 9 285K,1,1 x NVIDIA GeForce RTX 5090,9.2986,48.7383,60.81614303588867,machine,0.0,0.0,0.0,0.0,N
dynamics_model_update_41,2026-09-15T16:44:11,mbpo_HalfCheetah-v5_seed85062,ecef5757-8ec3-4d83-9eb8-ec3d2c19e368,12.139400809988729,0.00014802593927003022,1.2193817321999666e-05,25.231478678782327,73.09820851098102,20.0,8.501388828883322e-05,0.00023611768889408857,6.743894196665177e-05,0.00038857051914957183,0.0,Germany,DEU,baden-wurttemberg,,,Linux-7.0.0-31-generic-x86_64-with-glibc2.43,3.14.4,3.3.0,24,Intel(R) Core(TM) Ultra 9 285K,1,1 x NVIDIA GeForce RTX 5090,9.2986,48.7383,60.81614303588867,machine,0.0,0.0,0.0,0.0,N
rollout_41,2026-09-15T16:44:11,mbpo_HalfCheetah-v5_seed85062,ecef5757-8ec3-4d83-9eb8-ec3d2c19e368,0.19818607799243182,2.5094652178325044e-06,1.2661763935267917e-05,25.27632985764128,73.05983024659642,20.0,1.8248634043316336e-06,3.6630584858698967e-06,1.099465477778349e-06,6.587387367980313e-06,0.0,Germany,DEU,baden-wurttemberg,,,Linux-7.0.0-31-generic-x86_64-with-glibc2.43,3.14.4,3.3.0,24,Intel(R) Core(TM) Ultra 9 285K,1,1 x NVIDIA GeForce RTX 5090,9.2986,48.7383,60.81614303588867,machine,0.0,0.0,0.0,0.0,N
synthetic_rollout_generation_41,2026-09-15T16:44:11,mbpo_HalfCheetah-v5_seed85062,ecef5757-8ec3-4d83-9eb8-ec3d2c19e368,0.006503855998744257,3.2561998370220224e-08,4.999378708075142e-06,25.255025531408965,72.6300665392635,20.0,5.137115220710253e-08,0.0,3.410462773474621e-08,8.547577994358346e-08,0.0,Germany,DEU,baden-wurttemberg,,,Linux-7.0.0-31-generic-x86_64-with-glibc2.43,3.14.4,3.3.0,24,Intel(R) Core(TM) Ultra 9 285K,1,1 x NVIDIA GeForce RTX 5090,9.2986,48.7383,60.81614303588867,machine,0.0,0.0,0.0,0.0,N
gradient_updates_41,2026-09-15T16:44:15,mbpo_HalfCheetah-v5_seed85062,ecef5757-8ec3-4d83-9eb8-ec3d2c19e368,4.093554906998179,7.28246385221544e-05,1.7790102659733278e-05,25.23957053421284,72.91686817994677,20.0,3.0082666566108585e-05,0.00013834344400787124,2.2739760333368234e-05,0.00019116587090734632,0.0,Germany,DEU,baden-wurttemberg,,,Linux-7.0.0-31-generic-x86_64-with-glibc2.43,3.14.4,3.3.0,24,Intel(R) Core(TM) Ultra 9 285K,1,1 x NVIDIA GeForce RTX 5090,9.2986,48.7383,60.81614303588867,machine,0.0,0.0,0.0,0.0,N
dynamics_model_update_42,2026-09-15T16:44:23,mbpo_HalfCheetah-v5_seed85062,ecef5757-8ec3-4d83-9eb8-ec3d2c19e368,7.984533538998221,9.530484036483419e-05,1.19361862010541e-05,25.243440612684537,72.90371679501489,20.0,4.91231265206879e-05,0.00015669818091401666,4.435546212779506e-05,0.0002501767695624983,0.0,Germany,DEU,baden-wurttemberg,,,Linux-7.0.0-31-generic-x86_64-with-glibc2.43,3.14.4,3.3.0,24,Intel(R) Core(TM) Ultra 9 285K,1,1 x NVIDIA GeForce RTX 5090,9.2986,48.7383,60.81614303588867,machine,0.0,0.0,0.0,0.0,N
rollout_42,2026-09-15T16:44:23,mbpo_HalfCheetah-v5_seed85062,ecef5757-8ec3-4d83-9eb8-ec3d2c19e368,0.20428307299152948,2.3680438851116786e-06,1.1591628376711524e-05,25.248061322654603,72.84823511093185,20.0,1.4926967497122523e-06,3.5897250940664094e-06,1.1337322056029567e-06,6.216154049380751e-06,0.0,Germany,DEU,baden-wurttemberg,,,Linux-7.0.0-31-generic-x86_64-with-glibc2.43,3.14.4,3.3.0,24,Intel(R) Core(TM) Ultra 9 285K,1,1 x NVIDIA GeForce RTX 5090,9.2986,48.7383,60.81614303588867,machine,0.0,0.0,0.0,0.0,N
synthetic_rollout_generation_42,2026-09-15T16:44:23,mbpo_HalfCheetah-v5_seed85062,ecef5757-8ec3-4d83-9eb8-ec3d2c19e368,0.006514590000733733,3.2973879618078406e-08,5.054217171457287e-06,25.22820483599203,72.42956709305292,20.0,5.203226384475901e-08,0.0,3.452471113033276e-08,8.655697497639281e-08,0.0,Germany,DEU,baden-wurttemberg,,,Linux-7.0.0-31-generic-x86_64-with-glibc2.43,3.14.4,3.3.0,24,Intel(R) Core(TM) Ultra 9 285K,1,1 x NVIDIA GeForce RTX 5090,9.2986,48.7383,60.81614303588867,machine,0.0,0.0,0.0,0.0,N
gradient_updates_42,2026-09-15T16:44:27,mbpo_HalfCheetah-v5_seed85062,ecef5757-8ec3-4d83-9eb8-ec3d2c19e368,4.099077391001629,7.308620282713701e-05,1.782994274998136e-05,25.214445074037325,72.71034383501915,20.0,3.067726676402038e-05,0.00013840511072404915,2.2770104011174755e-05,0.00019185248149924256,0.0,Germany,DEU,baden-wurttemberg,,,Linux-7.0.0-31-generic-x86_64-with-glibc2.43,3.14.4,3.3.0,24,Intel(R) Core(TM) Ultra 9 285K,1,1 x NVIDIA GeForce RTX 5090,9.2986,48.7383,60.81614303588867,machine,0.0,0.0,0.0,0.0,N
dynamics_model_update_43,2026-09-15T16:44:36,mbpo_HalfCheetah-v5_seed85062,ecef5757-8ec3-4d83-9eb8-ec3d2c19e368,9.309810891994857,0.00011135427807530511,1.1960941065993812e-05,25.221883501666106,72.69583641014312,20.0,5.916629122188627e-05,0.00018142208958216166,5.17184260611734e-05,0.0002923068068652196,0.0,Germany,DEU,baden-wurttemberg,,,Linux-7.0.0-31-generic-x86_64-with-glibc2.43,3.14.4,3.3.0,24,Intel(R) Core(TM) Ultra 9 285K,1,1 x NVIDIA GeForce RTX 5090,9.2986,48.7383,60.81614303588867,machine,0.0,0.0,0.0,0.0,N
rollout_43,2026-09-15T16:44:37,mbpo_HalfCheetah-v5_seed85062,ecef5757-8ec3-4d83-9eb8-ec3d2c19e368,0.20853390599950217,2.4568606212943545e-06,1.1781088801338254e-05,25.232256051442857,72.64715253447672,20.0,1.5827915440108642e-06,3.7091696338809044e-06,1.1573382611256011e-06,6.44929943901737e-06,0.0,Germany,DEU,baden-wurttemberg,,,Linux-7.0.0-31-generic-x86_64-with-glibc2.43,3.14.4,3.3.0,24,Intel(R) Core(TM) Ultra 9 285K,1,1 x NVIDIA GeForce RTX 5090,9.2986,48.7383,60.81614303588867,machine,0.0,0.0,0.0,0.0,N
synthetic_rollout_generation_43,2026-09-15T16:44:37,mbpo_HalfCheetah-v5_seed85062,ecef5757-8ec3-4d83-9eb8-ec3d2c19e368,0.006510174003778957,3.6336093651306856e-08,5.573821523893218e-06,25.195269667294863,72.23902246405831,20.0,5.2422541939323164e-08,0.0,4.296030003611562e-08,9.538284197543878e-08,0.0,Germany,DEU,baden-wurttemberg,,,Linux-7.0.0-31-generic-x86_64-with-glibc2.43,3.14.4,3.3.0,24,Intel(R) Core(TM) Ultra 9 285K,1,1 x NVIDIA GeForce RTX 5090,9.2986,48.7383,60.81614303588867,machine,0.0,0.0,0.0,0.0,N
gradient_updates_43,2026-09-15T16:44:41,mbpo_HalfCheetah-v5_seed85062,ecef5757-8ec3-4d83-9eb8-ec3d2c19e368,4.178356486998382,7.290644114143e-05,1.7448632174985655e-05,25.165103014319502,72.50869709392614,20.0,2.8312972372573908e-05,0.00013985733410804002,2.3210297644416563e-05,0.0001913806041250292,0.0,Germany,DEU,baden-wurttemberg,,,Linux-7.0.0-31-generic-x86_64-with-glibc2.43,3.14.4,3.3.0,24,Intel(R) Core(TM) Ultra 9 285K,1,1 x NVIDIA GeForce RTX 5090,9.2986,48.7383,60.81614303588867,machine,0.0,0.0,0.0,0.0,N
dynamics_model_update_44,2026-09-15T16:44:55,mbpo_HalfCheetah-v5_seed85062,ecef5757-8ec3-4d83-9eb8-ec3d2c19e368,14.494531604010263,0.00017199299635869275,1.1866063350444092e-05,25.159793179653768,72.49669926666171,20.0,8.772545518031388e-05,0.00028323633770011014,8.052264433887693e-05,0.00045148443721930095,0.0,Germany,DEU,baden-wurttemberg,,,Linux-7.0.0-31-generic-x86_64-with-glibc2.43,3.14.4,3.3.0,24,Intel(R) Core(TM) Ultra 9 285K,1,1 x NVIDIA GeForce RTX 5090,9.2986,48.7383,60.81614303588867,machine,0.0,0.0,0.0,0.0,N
rollout_44,2026-09-15T16:44:56,mbpo_HalfCheetah-v5_seed85062,ecef5757-8ec3-4d83-9eb8-ec3d2c19e368,0.20898227499856148,2.4257551118223725e-06,1.1607014823587449e-05,25.161566560614,72.44999479549065,20.0,1.4935956393208327e-06,3.7144474158701257e-06,1.1596039111382538e-06,6.367646966327911e-06,0.0,Germany,DEU,baden-wurttemberg,,,Linux-7.0.0-31-generic-x86_64-with-glibc2.43,3.14.4,3.3.0,24,Intel(R) Core(TM) Ultra 9 285K,1,1 x NVIDIA GeForce RTX 5090,9.2986,48.7383,60.81614303588867,machine,0.0,0.0,0.0,0.0,N
synthetic_rollout_generation_44,2026-09-15T16:44:56,mbpo_HalfCheetah-v5_seed85062,ecef5757-8ec3-4d83-9eb8-ec3d2c19e368,0.006558590001077391,3.46038116147418e-08,5.268359329287682e-06,25.12428724402926,72.05191790100994,20.0,4.9828373191451725e-08,0.0,4.1007200019763795e-08,9.083557321251656e-08,0.0,Germany,DEU,baden-wurttemberg,,,Linux-7.0.0-31-generic-x86_64-with-glibc2.43,3.14.4,3.3.0,24,Intel(R) Core(TM) Ultra 9 285K,1,1 x NVIDIA GeForce RTX 5090,9.2986,48.7383,60.81614303588867,machine,0.0,0.0,0.0,0.0,N
gradient_updates_44,2026-09-15T16:45:00,mbpo_HalfCheetah-v5_seed85062,ecef5757-8ec3-4d83-9eb8-ec3d2c19e368,4.110948222994921,7.406510610762779e-05,1.8016583038101415e-05,25.09665464068954,72.33275019534355,20.0,3.065363257843956e-05,0.0001409351127479308,2.2833373344393476e-05,0.00019442211867076384,0.0,Germany,DEU,baden-wurttemberg,,,Linux-7.0.0-31-generic-x86_64-with-glibc2.43,3.14.4,3.3.0,24,Intel(R) Core(TM) Ultra 9 285K,1,1 x NVIDIA GeForce RTX 5090,9.2986,48.7383,60.81614303588867,machine,0.0,0.0,0.0,0.0,N
dynamics_model_update_45,2026-09-15T16:45:11,mbpo_HalfCheetah-v5_seed85062,ecef5757-8ec3-4d83-9eb8-ec3d2c19e368,10.845289756995044,0.0001326853921873091,1.2234355736580132e-05,25.1055568410161,72.31919912566381,20.0,7.766226768531059e-05,0.00021038989053412394,6.0249173155575014e-05,0.00034830133137500954,0.0,Germany,DEU,baden-wurttemberg,,,Linux-7.0.0-31-generic-x86_64-with-glibc2.43,3.14.4,3.3.0,24,Intel(R) Core(TM) Ultra 9 285K,1,1 x NVIDIA GeForce RTX 5090,9.2986,48.7383,60.81614303588867,machine,0.0,0.0,0.0,0.0,N
rollout_45,2026-09-15T16:45:11,mbpo_HalfCheetah-v5_seed85062,ecef5757-8ec3-4d83-9eb8-ec3d2c19e368,0.1989074159937445,2.526137244286339e-06,1.2700031632571337e-05,25.152712976224628,72.28470797762122,20.0,1.888170121644439e-06,3.6394473559298035e-06,1.1035342333746805e-06,6.631151710949357e-06,0.0,Germany,DEU,baden-wurttemberg,,,Linux-7.0.0-31-generic-x86_64-with-glibc2.43,3.14.4,3.3.0,24,Intel(R) Core(TM) Ultra 9 285K,1,1 x NVIDIA GeForce RTX 5090,9.2986,48.7383,60.81614303588867,machine,0.0,0.0,0.0,0.0,N
synthetic_rollout_generation_45,2026-09-15T16:45:11,mbpo_HalfCheetah-v5_seed85062,ecef5757-8ec3-4d83-9eb8-ec3d2c19e368,0.00810507700953167,3.694191524558632e-08,4.552018499693217e-06,25.13759841752896,71.89608051537594,20.0,6.28322724890995e-08,0.0,3.414086111475784e-08,9.697313360298998e-08,0.0,Germany,DEU,baden-wurttemberg,,,Linux-7.0.0-31-generic-x86_64-with-glibc2.43,3.14.4,3.3.0,24,Intel(R) Core(TM) Ultra 9 285K,1,1 x NVIDIA GeForce RTX 5090,9.2986,48.7383,60.81614303588867,machine,0.0,0.0,0.0,0.0,N
gradient_updates_45,2026-09-15T16:45:15,mbpo_HalfCheetah-v5_seed85062,ecef5757-8ec3-4d83-9eb8-ec3d2c19e368,4.09191753900086,7.303622408306489e-05,1.7848930441116663e-05,25.127671785660404,72.16205487214559,20.0,3.0750898767362145e-05,0.00013824011059204722,2.2730277116675413e-05,0.00019172128647608477,0.0,Germany,DEU,baden-wurttemberg,,,Linux-7.0.0-31-generic-x86_64-with-glibc2.43,3.14.4,3.3.0,24,Intel(R) Core(TM) Ultra 9 285K,1,1 x NVIDIA GeForce RTX 5090,9.2986,48.7383,60.81614303588867,machine,0.0,0.0,0.0,0.0,N
dynamics_model_update_46,2026-09-15T16:45:22,mbpo_HalfCheetah-v5_seed85062,ecef5757-8ec3-4d83-9eb8-ec3d2c19e368,7.363303445992642,9.0475221240666e-05,1.2287314479612598e-05,25.136784438996354,72.15413754417519,20.0,5.2048197471857294e-05,0.0001445459489699541,4.0904793683310074e-05,0.00023749894012512276,0.0,Germany,DEU,baden-wurttemberg,,,Linux-7.0.0-31-generic-x86_64-with-glibc2.43,3.14.4,3.3.0,24,Intel(R) Core(TM) Ultra 9 285K,1,1 x NVIDIA GeForce RTX 5090,9.2986,48.7383,60.81614303588867,machine,0.0,0.0,0.0,0.0,N
rollout_46,2026-09-15T16:45:22,mbpo_HalfCheetah-v5_seed85062,ecef5757-8ec3-4d83-9eb8-ec3d2c19e368,0.19759368800441734,2.5231173815011554e-06,1.2769232312932538e-05,25.181082763405072,72.12648149130278,20.0,1.8579237085619704e-06,3.6691696019275355e-06,1.0961312111048248e-06,6.62322452159303e-06,0.0,Germany,DEU,baden-wurttemberg,,,Linux-7.0.0-31-generic-x86_64-with-glibc2.43,3.14.4,3.3.0,24,Intel(R) Core(TM) Ultra 9 285K,1,1 x NVIDIA GeForce RTX 5090,9.2986,48.7383,60.81614303588867,machine,0.0,0.0,0.0,0.0,N
synthetic_rollout_generation_46,2026-09-15T16:45:22,mbpo_HalfCheetah-v5_seed85062,ecef5757-8ec3-4d83-9eb8-ec3d2c19e368,0.006465967002441175,3.548985754234235e-08,5.48135705774545e-06,25.179258550514888,71.74686843082225,20.0,5.894976938536356e-08,0.0,3.4211688924087186e-08,9.31614583081497e-08,0.0,Germany,DEU,baden-wurttemberg,,,Linux-7.0.0-31-generic-x86_64-with-glibc2.43,3.14.4,3.3.0,24,Intel(R) Core(TM) Ultra 9 285K,1,1 x NVIDIA GeForce RTX 5090,9.2986,48.7383,60.81614303588867,machine,0.0,0.0,0.0,0.0,N
gradient_updates_46,2026-09-15T16:45:26,mbpo_HalfCheetah-v5_seed85062,ecef5757-8ec3-4d83-9eb8-ec3d2c19e368,4.070627036999213,7.31315888225937e-05,1.7965713834881533e-05,25.17940618053684,72.01561181767721,20.0,3.0204516385808067e-05,0.0001391548335460957,2.2612270550032877e-05,0.00019197162048193578,0.0,Germany,DEU,baden-wurttemberg,,,Linux-7.0.0-31-generic-x86_64-with-glibc2.43,3.14.4,3.3.0,24,Intel(R) Core(TM) Ultra 9 285K,1,1 x NVIDIA GeForce RTX 5090,9.2986,48.7383,60.81614303588867,machine,0.0,0.0,0.0,0.0,N
dynamics_model_update_47,2026-09-15T16:45:37,mbpo_HalfCheetah-v5_seed85062,ecef5757-8ec3-4d83-9eb8-ec3d2c19e368,10.025241911003832,0.00012192033073451375,1.2161309058443597e-05,25.186654529756698,72.00321420305971,20.0,7.043712523854134e-05,0.00019391237735200129,5.569336585548512e-05,0.00032004286844602645,0.0,Germany,DEU,baden-wurttemberg,,,Linux-7.0.0-31-generic-x86_64-with-glibc2.43,3.14.4,3.3.0,24,Intel(R) Core(TM) Ultra 9 285K,1,1 x NVIDIA GeForce RTX 5090,9.2986,48.7383,60.81614303588867,machine,0.0,0.0,0.0,0.0,N
rollout_47,2026-09-15T16:45:37,mbpo_HalfCheetah-v5_seed85062,ecef5757-8ec3-4d83-9eb8-ec3d2c19e368,0.1974413380085025,2.4730098494123165e-06,1.2524870540716513e-05,25.22402546030703,71.97062412640526,20.0,1.795244213967373e-06,3.600836213868419e-06,1.0956109999420496e-06,6.491691427776974e-06,0.0,Germany,DEU,baden-wurttemberg,,,Linux-7.0.0-31-generic-x86_64-with-glibc2.43,3.14.4,3.3.0,24,Intel(R) Core(TM) Ultra 9 285K,1,1 x NVIDIA GeForce RTX 5090,9.2986,48.7383,60.81614303588867,machine,0.0,0.0,0.0,0.0,N
synthetic_rollout_generation_47,2026-09-15T16:45:37,mbpo_HalfCheetah-v5_seed85062,ecef5757-8ec3-4d83-9eb8-ec3d2c19e368,0.006946671986952424,3.629967123067179e-08,5.223049433604192e-06,25.221370317629514,71.59964152781554,20.0,6.145866027901237e-08,0.0,3.3828572243779775e-08,9.528723252452687e-08,0.0,Germany,DEU,baden-wurttemberg,,,Linux-7.0.0-31-generic-x86_64-with-glibc2.43,3.14.4,3.3.0,24,Intel(R) Core(TM) Ultra 9 285K,1,1 x NVIDIA GeForce RTX 5090,9.2986,48.7383,60.81614303588867,machine,0.0,0.0,0.0,0.0,N
gradient_updates_47,2026-09-15T16:45:41,mbpo_HalfCheetah-v5_seed85062,ecef5757-8ec3-4d83-9eb8-ec3d2c19e368,4.081669687991962,7.259440145416726e-05,1.778549487054107e-05,25.220138920937654,71.85811056221425,20.0,2.9573312269728924e-05,0.00013831427731791912,2.267390523888425e-05,0.00019056149482653273,0.0,Germany,DEU,baden-wurttemberg,,,Linux-7.0.0-31-generic-x86_64-with-glibc2.43,3.14.4,3.3.0,24,Intel(R) Core(TM) Ultra 9 285K,1,1 x NVIDIA GeForce RTX 5090,9.2986,48.7383,60.81614303588867,machine,0.0,0.0,0.0,0.0,N
dynamics_model_update_48,2026-09-15T16:45:50,mbpo_HalfCheetah-v5_seed85062,ecef5757-8ec3-4d83-9eb8-ec3d2c19e368,8.913096410004073,0.00010862071485428712,1.2186649797719343e-05,25.224065569213142,71.84773721945542,20.0,6.27604927083622e-05,0.0001728590271761199,4.9511638677763366e-05,0.00028513115856224416,0.0,Germany,DEU,baden-wurttemberg,,,Linux-7.0.0-31-generic-x86_64-with-glibc2.43,3.14.4,3.3.0,24,Intel(R) Core(TM) Ultra 9 285K,1,1 x NVIDIA GeForce RTX 5090,9.2986,48.7383,60.81614303588867,machine,0.0,0.0,0.0,0.0,N
rollout_48,2026-09-15T16:45:50,mbpo_HalfCheetah-v5_seed85062,ecef5757-8ec3-4d83-9eb8-ec3d2c19e368,0.19901225600915495,2.538959506604224e-06,1.2757711485733376e-05,25.26474818437468,71.82357978607052,20.0,1.856008151480959e-06,3.704725186182145e-06,1.1040770222384491e-06,6.664810359900686e-06,0.0,Germany,DEU,baden-wurttemberg,,,Linux-7.0.0-31-generic-x86_64-with-glibc2.43,3.14.4,3.3.0,24,Intel(R) Core(TM) Ultra 9 285K,1,1 x NVIDIA GeForce RTX 5090,9.2986,48.7383,60.81614303588867,machine,0.0,0.0,0.0,0.0,N
synthetic_rollout_generation_48,2026-09-15T16:45:50,mbpo_HalfCheetah-v5_seed85062,ecef5757-8ec3-4d83-9eb8-ec3d2c19e368,0.006534091997309588,3.342260526846552e-08,5.108286671060297e-06,25.250579963241904,71.46083443361562,20.0,5.342254272983071e-08,0.0,3.431234444056103e-08,8.77348871712591e-08,0.0,Germany,DEU,baden-wurttemberg,,,Linux-7.0.0-31-generic-x86_64-with-glibc2.43,3.14.4,3.3.0,24,Intel(R) Core(TM) Ultra 9 285K,1,1 x NVIDIA GeForce RTX 5090,9.2986,48.7383,60.81614303588867,machine,0.0,0.0,0.0,0.0,N
gradient_updates_48,2026-09-15T16:45:54,mbpo_HalfCheetah-v5_seed85062,ecef5757-8ec3-4d83-9eb8-ec3d2c19e368,4.089101396006299,7.31934205558879e-05,1.789966304287592e-05,25.2416753185291,71.71277853908623,20.0,3.1313828384380016e-05,0.00013810538826186658,2.2714713150020875e-05,0.00019213392979626834,0.0,Germany,DEU,baden-wurttemberg,,,Linux-7.0.0-31-generic-x86_64-with-glibc2.43,3.14.4,3.3.0,24,Intel(R) Core(TM) Ultra 9 285K,1,1 x NVIDIA GeForce RTX 5090,9.2986,48.7383,60.81614303588867,machine,0.0,0.0,0.0,0.0,N
dynamics_model_update_49,2026-09-15T16:46:02,mbpo_HalfCheetah-v5_seed85062,ecef5757-8ec3-4d83-9eb8-ec3d2c19e368,7.7910991060052766,9.581049376071286e-05,1.2297391930398425e-05,25.25197671600474,71.70760941254913,20.0,5.526708421362686e-05,0.0001529556779200636,4.328135588891908e-05,0.00025150411802260866,0.0,Germany,DEU,baden-wurttemberg,,,Linux-7.0.0-31-generic-x86_64-with-glibc2.43,3.14.4,3.3.0,24,Intel(R) Core(TM) Ultra 9 285K,1,1 x NVIDIA GeForce RTX 5090,9.2986,48.7383,60.81614303588867,machine,0.0,0.0,0.0,0.0,N
rollout_49,2026-09-15T16:46:02,mbpo_HalfCheetah-v5_seed85062,ecef5757-8ec3-4d83-9eb8-ec3d2c19e368,0.19775949099857826,2.516834826485001e-06,1.272635140280957e-05,25.293552097704787,71.67646316941548,20.0,1.8801340041091352e-06,3.62055845193332e-06,1.1060402555608875e-06,6.6067327116024754e-06,0.0,Germany,DEU,baden-wurttemberg,,,Linux-7.0.0-31-generic-x86_64-with-glibc2.43,3.14.4,3.3.0,24,Intel(R) Core(TM) Ultra 9 285K,1,1 x NVIDIA GeForce RTX 5090,9.2986,48.7383,60.81614303588867,machine,0.0,0.0,0.0,0.0,N
synthetic_rollout_generation_49,2026-09-15T16:46:02,mbpo_HalfCheetah-v5_seed85062,ecef5757-8ec3-4d83-9eb8-ec3d2c19e368,0.0065423929918324575,3.349273817662701e-08,5.111722715881356e-06,25.278829350611595,71.32162919332927,20.0,5.337170937147473e-08,0.0,3.4547277836215196e-08,8.791898720855729e-08,0.0,Germany,DEU,baden-wurttemberg,,,Linux-7.0.0-31-generic-x86_64-with-glibc2.43,3.14.4,3.3.0,24,Intel(R) Core(TM) Ultra 9 285K,1,1 x NVIDIA GeForce RTX 5090,9.2986,48.7383,60.81614303588867,machine,0.0,0.0,0.0,0.0,N
gradient_updates_49,2026-09-15T16:46:06,mbpo_HalfCheetah-v5_seed85062,ecef5757-8ec3-4d83-9eb8-ec3d2c19e368,4.0782822409964865,7.331671566100477e-05,1.7977379486223032e-05,25.269233860846303,71.57379382505859,20.0,3.102872676741253e-05,0.00013877427768593797,2.2654577016671847e-05,0.00019245758147002148,0.0,Germany,DEU,baden-wurttemberg,,,Linux-7.0.0-31-generic-x86_64-with-glibc2.43,3.14.4,3.3.0,24,Intel(R) Core(TM) Ultra 9 285K,1,1 x NVIDIA GeForce RTX 5090,9.2986,48.7383,60.81614303588867,machine,0.0,0.0,0.0,0.0,N
dynamics_model_update_50,2026-09-15T16:46:15,mbpo_HalfCheetah-v5_seed85062,ecef5757-8ec3-4d83-9eb8-ec3d2c19e368,9.257050423999317,0.00011348651557638659,1.225946832137098e-05,25.278739355917008,71.56683846994525,20.0,6.608690286948049e-05,0.00018039097764610545,5.142608477221467e-05,0.00029790396528779975,0.0,Germany,DEU,baden-wurttemberg,,,Linux-7.0.0-31-generic-x86_64-with-glibc2.43,3.14.4,3.3.0,24,Intel(R) Core(TM) Ultra 9 285K,1,1 x NVIDIA GeForce RTX 5090,9.2986,48.7383,60.81614303588867,machine,0.0,0.0,0.0,0.0,N
rollout_50,2026-09-15T16:46:16,mbpo_HalfCheetah-v5_seed85062,ecef5757-8ec3-4d83-9eb8-ec3d2c19e368,0.19717871700413525,2.5260378763783398e-06,1.2810488813490828e-05,25.317909763334395,71.54710018710261,20.0,1.843190641219461e-06,3.693891843958852e-06,1.093808383383424e-06,6.630890868560002e-06,0.0,Germany,DEU,baden-wurttemberg,,,Linux-7.0.0-31-generic-x86_64-with-glibc2.43,3.14.4,3.3.0,24,Intel(R) Core(TM) Ultra 9 285K,1,1 x NVIDIA GeForce RTX 5090,9.2986,48.7383,60.81614303588867,machine,0.0,0.0,0.0,0.0,N
synthetic_rollout_generation_50,2026-09-15T16:46:16,mbpo_HalfCheetah-v5_seed85062,ecef5757-8ec3-4d83-9eb8-ec3d2c19e368,0.006559897999977693,3.6281129349099994e-08,5.520751217177228e-06,25.318536528448835,71.19978416677688,20.0,6.078060418857056e-08,0.0,3.4457955593904244e-08,9.523855978160745e-08,0.0,Germany,DEU,baden-wurttemberg,,,Linux-7.0.0-31-generic-x86_64-with-glibc2.43,3.14.4,3.3.0,24,Intel(R) Core(TM) Ultra 9 285K,1,1 x NVIDIA GeForce RTX 5090,9.2986,48.7383,60.81614303588867,machine,0.0,0.0,0.0,0.0,N
gradient_updates_50,2026-09-15T16:46:20,mbpo_HalfCheetah-v5_seed85062,ecef5757-8ec3-4d83-9eb8-ec3d2c19e368,4.0969545080006355,7.356182646461526e-05,1.7955247255768594e-05,25.3210002936558,71.44646343290887,20.0,3.115674770314686e-05,0.00013917761134218942,2.2766642305537335e-05,0.00019310100135087535,0.0,Germany,DEU,baden-wurttemberg,,,Linux-7.0.0-31-generic-x86_64-with-glibc2.43,3.14.4,3.3.0,24,Intel(R) Core(TM) Ultra 9 285K,1,1 x NVIDIA GeForce RTX 5090,9.2986,48.7383,60.81614303588867,machine,0.0,0.0,0.0,0.0,N
dynamics_model_update_51,2026-09-15T16:46:32,mbpo_HalfCheetah-v5_seed85062,ecef5757-8ec3-4d83-9eb8-ec3d2c19e368,12.08676080701116,0.0001471757365086434,1.2176578736780258e-05,25.3301261817633,71.43696136688479,20.0,8.594892848130808e-05,0.00023324157548199054,6.714821898890985e-05,0.0003863387229522085,0.0,Germany,DEU,baden-wurttemberg,,,Linux-7.0.0-31-generic-x86_64-with-glibc2.43,3.14.4,3.3.0,24,Intel(R) Core(TM) Ultra 9 285K,1,1 x NVIDIA GeForce RTX 5090,9.2986,48.7383,60.81614303588867,machine,0.0,0.0,0.0,0.0,N
rollout_51,2026-09-15T16:46:32,mbpo_HalfCheetah-v5_seed85062,ecef5757-8ec3-4d83-9eb8-ec3d2c19e368,0.19811402600316796,2.5093042007647698e-06,1.2666150770966415e-05,25.365920100904578,71.41407269361827,20.0,1.8239986814203024e-06,3.6638918197162695e-06,1.0990741944015558e-06,6.586964695538128e-06,0.0,Germany,DEU,baden-wurttemberg,,,Linux-7.0.0-31-generic-x86_64-with-glibc2.43,3.14.4,3.3.0,24,Intel(R) Core(TM) Ultra 9 285K,1,1 x NVIDIA GeForce RTX 5090,9.2986,48.7383,60.81614303588867,machine,0.0,0.0,0.0,0.0,N
synthetic_rollout_generation_51,2026-09-15T16:46:32,mbpo_HalfCheetah-v5_seed85062,ecef5757-8ec3-4d83-9eb8-ec3d2c19e368,0.006480572003056295,3.461454596911939e-08,5.335420053715566e-06,25.359811038387868,71.07400568079152,20.0,5.6898101077895724e-08,0.0,3.39656499922375e-08,9.08637510683985e-08,0.0,Germany,DEU,baden-wurttemberg,,,Linux-7.0.0-31-generic-x86_64-with-glibc2.43,3.14.4,3.3.0,24,Intel(R) Core(TM) Ultra 9 285K,1,1 x NVIDIA GeForce RTX 5090,9.2986,48.7383,60.81614303588867,machine,0.0,0.0,0.0,0.0,N
gradient_updates_51,2026-09-15T16:46:36,mbpo_HalfCheetah-v5_seed85062,ecef5757-8ec3-4d83-9eb8-ec3d2c19e368,4.096985519994632,7.232471550179358e-05,1.7653188770630124e-05,25.354596684667783,71.31449612757429,20.0,2.843317746874935e-05,0.00013865622203601546,2.2764165272221894e-05,0.00018985356477698584,0.0,Germany,DEU,baden-wurttemberg,,,Linux-7.0.0-31-generic-x86_64-with-glibc2.43,3.14.4,3.3.0,24,Intel(R) Core(TM) Ultra 9 285K,1,1 x NVIDIA GeForce RTX 5090,9.2986,48.7383,60.81614303588867,machine,0.0,0.0,0.0,0.0,N
dynamics_model_update_52,2026-09-15T16:46:46,mbpo_HalfCheetah-v5_seed85062,ecef5757-8ec3-4d83-9eb8-ec3d2c19e368,9.624150749004912,0.0001173166812753531,1.2189822966248723e-05,25.352937501248704,71.30758962781587,20.0,6.775022670014313e-05,0.00018673987161421657,5.346811477227511e-05,0.0003079582130866357,0.0,Germany,DEU,baden-wurttemberg,,,Linux-7.0.0-31-generic-x86_64-with-glibc2.43,3.14.4,3.3.0,24,Intel(R) Core(TM) Ultra 9 285K,1,1 x NVIDIA GeForce RTX 5090,9.2986,48.7383,60.81614303588867,machine,0.0,0.0,0.0,0.0,N
rollout_52,2026-09-15T16:46:46,mbpo_HalfCheetah-v5_seed85062,ecef5757-8ec3-4d83-9eb8-ec3d2c19e368,0.1984533030044986,2.512133359350993e-06,1.2658193621987002e-05,25.392112979103494,71.28105883910087,20.0,1.8767598347416148e-06,3.6163917818132774e-06,1.1012396666856827e-06,6.594391283240575e-06,0.0,Germany,DEU,baden-wurttemberg,,,Linux-7.0.0-31-generic-x86_64-with-glibc2.43,3.14.4,3.3.0,24,Intel(R) Core(TM) Ultra 9 285K,1,1 x NVIDIA GeForce RTX 5090,9.2986,48.7383,60.81614303588867,machine,0.0,0.0,0.0,0.0,N
synthetic_rollout_generation_52,2026-09-15T16:46:46,mbpo_HalfCheetah-v5_seed85062,ecef5757-8ec3-4d83-9eb8-ec3d2c19e368,0.006585962008102797,3.51170383605659e-08,5.324585790189541e-06,25.386351089404368,70.94796977910507,20.0,5.779671290173649e-08,0.0,3.438608893891609e-08,9.218280183978522e-08,0.0,Germany,DEU,baden-wurttemberg,,,Linux-7.0.0-31-generic-x86_64-with-glibc2.43,3.14.4,3.3.0,24,Intel(R) Core(TM) Ultra 9 285K,1,1 x NVIDIA GeForce RTX 5090,9.2986,48.7383,60.81614303588867,machine,0.0,0.0,0.0,0.0,N
gradient_updates_52,2026-09-15T16:46:50,mbpo_HalfCheetah-v5_seed85062,ecef5757-8ec3-4d83-9eb8-ec3d2c19e368,4.08883182099089,7.333443853273398e-05,1.7935331009787773e-05,25.383745801195605,71.18539050528574,20.0,3.1243603883748805e-05,0.00013854705528193456,2.2713445133396883e-05,0.00019250410429907938,0.0,Germany,DEU,baden-wurttemberg,,,Linux-7.0.0-31-generic-x86_64-with-glibc2.43,3.14.4,3.3.0,24,Intel(R) Core(TM) Ultra 9 285K,1,1 x NVIDIA GeForce RTX 5090,9.2986,48.7383,60.81614303588867,machine,0.0,0.0,0.0,0.0,N
dynamics_model_update_53,2026-09-15T16:46:58,mbpo_HalfCheetah-v5_seed85062,ecef5757-8ec3-4d83-9eb8-ec3d2c19e368,8.479201915004523,0.00010147627602170861,1.1967645054809942e-05,25.390987096294243,71.18231921973796,20.0,5.317776948662867e-05,0.0001660951328759097,4.710398705000309e-05,0.00026637688941254234,0.0,Germany,DEU,baden-wurttemberg,,,Linux-7.0.0-31-generic-x86_64-with-glibc2.43,3.14.4,3.3.0,24,Intel(R) Core(TM) Ultra 9 285K,1,1 x NVIDIA GeForce RTX 5090,9.2986,48.7383,60.81614303588867,machine,0.0,0.0,0.0,0.0,N
rollout_53,2026-09-15T16:46:59,mbpo_HalfCheetah-v5_seed85062,ecef5757-8ec3-4d83-9eb8-ec3d2c19e368,0.20345285499934107,2.373770771779693e-06,1.1666920237158058e-05,25.395646879690965,71.14773647180392,20.0,1.5070400945157991e-06,3.5952806540784366e-06,1.1288664722493985e-06,6.2311872208418995e-06,0.0,Germany,DEU,baden-wurttemberg,,,Linux-7.0.0-31-generic-x86_64-with-glibc2.43,3.14.4,3.3.0,24,Intel(R) Core(TM) Ultra 9 285K,1,1 x NVIDIA GeForce RTX 5090,9.2986,48.7383,60.81614303588867,machine,0.0,0.0,0.0,0.0,N
synthetic_rollout_generation_53,2026-09-15T16:46:59,mbpo_HalfCheetah-v5_seed85062,ecef5757-8ec3-4d83-9eb8-ec3d2c19e368,0.006596692997845821,3.31646785433487e-08,5.019439029190296e-06,25.379172329826268,70.8213707081718,20.0,5.2473097533756174e-08,0.0,3.4584727756116485e-08,8.70578252890053e-08,0.0,Germany,DEU,baden-wurttemberg,,,Linux-7.0.0-31-generic-x86_64-with-glibc2.43,3.14.4,3.3.0,24,Intel(R) Core(TM) Ultra 9 285K,1,1 x NVIDIA GeForce RTX 5090,9.2986,48.7383,60.81614303588867,machine,0.0,0.0,0.0,0.0,N
gradient_updates_53,2026-09-15T16:47:03,mbpo_HalfCheetah-v5_seed85062,ecef5757-8ec3-4d83-9eb8-ec3d2c19e368,4.23005625299993,7.440017772986779e-05,1.7588496139630822e-05,25.367719209161496,71.04170992080108,20.0,3.19023757996556e-05,0.0001399017785879142,2.349753278888065e-05,0.00019530168717644958,0.0,Germany,DEU,baden-wurttemberg,,,Linux-7.0.0-31-generic-x86_64-with-glibc2.43,3.14.4,3.3.0,24,Intel(R) Core(TM) Ultra 9 285K,1,1 x NVIDIA GeForce RTX 5090,9.2986,48.7383,60.81614303588867,machine,0.0,0.0,0.0,0.0,N
dynamics_model_update_54,2026-09-15T16:47:19,mbpo_HalfCheetah-v5_seed85062,ecef5757-8ec3-4d83-9eb8-ec3d2c19e368,16.103445995991933,0.00021006830177777887,1.3044932159883386e-05,25.37672675966431,71.04852426755778,20.0,0.0001374904669367294,0.0003244810929179387,8.946117876661858e-05,0.0005514327386212867,0.0,Germany,DEU,baden-wurttemberg,,,Linux-7.0.0-31-generic-x86_64-with-glibc2.43,3.14.4,3.3.0,24,Intel(R) Core(TM) Ultra 9 285K,1,1 x NVIDIA GeForce RTX 5090,9.2986,48.7383,60.81614303588867,machine,0.0,0.0,0.0,0.0,N
rollout_54,2026-09-15T16:47:19,mbpo_HalfCheetah-v5_seed85062,ecef5757-8ec3-4d83-9eb8-ec3d2c19e368,0.1981335640011821,2.591602962887657e-06,1.3079646832165927e-05,25.41716348702411,71.03942483082078,20.0,1.9078540262826293e-06,3.795836370112937e-06,1.0993098999382417e-06,6.8030002963320735e-06,0.0,Germany,DEU,baden-wurttemberg,,,Linux-7.0.0-31-generic-x86_64-with-glibc2.43,3.14.4,3.3.0,24,Intel(R) Core(TM) Ultra 9 285K,1,1 x NVIDIA GeForce RTX 5090,9.2986,48.7383,60.81614303588867,machine,0.0,0.0,0.0,0.0,N
synthetic_rollout_generation_54,2026-09-15T16:47:19,mbpo_HalfCheetah-v5_seed85062,ecef5757-8ec3-4d83-9eb8-ec3d2c19e368,0.006521945004351437,3.606203854457368e-08,5.521628675813967e-06,25.41732989456711,70.71942742167293,20.0,6.04417150218417e-08,0.0,3.4221727804838176e-08,9.466344282754724e-08,0.0,Germany,DEU,baden-wurttemberg,,,Linux-7.0.0-31-generic-x86_64-with-glibc2.43,3.14.4,3.3.0,24,Intel(R) Core(TM) Ultra 9 285K,1,1 x NVIDIA GeForce RTX 5090,9.2986,48.7383,60.81614303588867,machine,0.0,0.0,0.0,0.0,N
gradient_updates_54,2026-09-15T16:47:24,mbpo_HalfCheetah-v5_seed85062,ecef5757-8ec3-4d83-9eb8-ec3d2c19e368,4.363938511989545,7.614669718045315e-05,1.7449109935066064e-05,25.418764037225888,70.93157262930771,20.0,3.258586662423235e-05,0.00014305928111402189,2.4241181649994892e-05,0.00019988632938824913,0.0,Germany,DEU,baden-wurttemberg,,,Linux-7.0.0-31-generic-x86_64-with-glibc2.43,3.14.4,3.3.0,24,Intel(R) Core(TM) Ultra 9 285K,1,1 x NVIDIA GeForce RTX 5090,9.2986,48.7383,60.81614303588867,machine,0.0,0.0,0.0,0.0,N
dynamics_model_update_55,2026-09-15T16:47:31,mbpo_HalfCheetah-v5_seed85062,ecef5757-8ec3-4d83-9eb8-ec3d2c19e368,7.060643884004094,9.22550285973045e-05,1.3066049195889236e-05,25.427287303242284,70.94051498193389,20.0,5.991269904122992e-05,0.0001430356699840818,3.9222594611136585e-05,0.0002421709636364483,0.0,Germany,DEU,baden-wurttemberg,,,Linux-7.0.0-31-generic-x86_64-with-glibc2.43,3.14.4,3.3.0,24,Intel(R) Core(TM) Ultra 9 285K,1,1 x NVIDIA GeForce RTX 5090,9.2986,48.7383,60.81614303588867,machine,0.0,0.0,0.0,0.0,N
rollout_55,2026-09-15T16:47:31,mbpo_HalfCheetah-v5_seed85062,ecef5757-8ec3-4d83-9eb8-ec3d2c19e368,0.19669573500868864,2.499136753779732e-06,1.270504732142686e-05,25.464357168834404,70.91860599308603,20.0,1.864468158238597e-06,3.6041695499200443e-06,1.0916372722323195e-06,6.560274980391828e-06,0.0,Germany,DEU,baden-wurttemberg,,,Linux-7.0.0-31-generic-x86_64-with-glibc2.43,3.14.4,3.3.0,24,Intel(R) Core(TM) Ultra 9 285K,1,1 x NVIDIA GeForce RTX 5090,9.2986,48.7383,60.81614303588867,machine,0.0,0.0,0.0,0.0,N
synthetic_rollout_generation_55,2026-09-15T16:47:31,mbpo_HalfCheetah-v5_seed85062,ecef5757-8ec3-4d83-9eb8-ec3d2c19e368,0.006580475994269364,3.672485807300341e-08,5.57282286043529e-06,25.465177407503223,70.6048068515237,20.0,6.169643824993631e-08,0.0,3.470691671211834e-08,9.640335496205465e-08,0.0,Germany,DEU,baden-wurttemberg,,,Linux-7.0.0-31-generic-x86_64-with-glibc2.43,3.14.4,3.3.0,24,Intel(R) Core(TM) Ultra 9 285K,1,1 x NVIDIA GeForce RTX 5090,9.2986,48.7383,60.81614303588867,machine,0.0,0.0,0.0,0.0,N
gradient_updates_55,2026-09-15T16:47:35,mbpo_HalfCheetah-v5_seed85062,ecef5757-8ec3-4d83-9eb8-ec3d2c19e368,4.367954446992371,7.536160856537813e-05,1.7253324592085912e-05,25.467299628693763,70.80454243477485,20.0,3.293932718477499e-05,0.00014062872361408907,2.425740809436968e-05,0.0001978254588932346,0.0,Germany,DEU,baden-wurttemberg,,,Linux-7.0.0-31-generic-x86_64-with-glibc2.43,3.14.4,3.3.0,24,Intel(R) Core(TM) Ultra 9 285K,1,1 x NVIDIA GeForce RTX 5090,9.2986,48.7383,60.81614303588867,machine,0.0,0.0,0.0,0.0,N
dynamics_model_update_56,2026-09-15T16:47:53,mbpo_HalfCheetah-v5_seed85062,ecef5757-8ec3-4d83-9eb8-ec3d2c19e368,17.880243978012004,0.00023341479519799202,1.3054342971970918e-05,25.475508447206586,70.81228061346373,20.0,0.0001529616482025542,0.0003604236216721013,9.933239700549157e-05,0.0006127176668801471,0.0,Germany,DEU,baden-wurttemberg,,,Linux-7.0.0-31-generic-x86_64-with-glibc2.43,3.14.4,3.3.0,24,Intel(R) Core(TM) Ultra 9 285K,1,1 x NVIDIA GeForce RTX 5090,9.2986,48.7383,60.81614303588867,machine,0.0,0.0,0.0,0.0,N
rollout_56,2026-09-15T16:47:53,mbpo_HalfCheetah-v5_seed85062,ecef5757-8ec3-4d83-9eb8-ec3d2c19e368,0.1986652709892951,2.5703241910146613e-06,1.2937387619203035e-05,25.509535437020396,70.80316426777578,20.0,1.8548889839167804e-06,3.7897252538332538e-06,1.1025289333096988e-06,6.747143171059733e-06,0.0,Germany,DEU,baden-wurttemberg,,,Linux-7.0.0-31-generic-x86_64-with-glibc2.43,3.14.4,3.3.0,24,Intel(R) Core(TM) Ultra 9 285K,1,1 x NVIDIA GeForce RTX 5090,9.2986,48.7383,60.81614303588867,machine,0.0,0.0,0.0,0.0,N
synthetic_rollout_generation_56,2026-09-15T16:47:53,mbpo_HalfCheetah-v5_seed85062,ecef5757-8ec3-4d83-9eb8-ec3d2c19e368,0.006507371988845989,3.179845757365907e-08,4.879017142913763e-06,25.48906988629777,70.49532442313328,20.0,4.933670613715968e-08,0.0,3.413476669204829e-08,8.347147282747325e-08,0.0,Germany,DEU,baden-wurttemberg,,,Linux-7.0.0-31-generic-x86_64-with-glibc2.43,3.14.4,3.3.0,24,Intel(R) Core(TM) Ultra 9 285K,1,1 x NVIDIA GeForce RTX 5090,9.2986,48.7383,60.81614303588867,machine,0.0,0.0,0.0,0.0,N
gradient_updates_56,2026-09-15T16:47:58,mbpo_HalfCheetah-v5_seed85062,ecef5757-8ec3-4d83-9eb8-ec3d2c19e368,4.38110626899288,7.621870686676073e-05,1.7397174129834368e-05,25.474266325316616,70.69779474012321,20.0,3.304040809897629e-05,0.0001426978919361055,2.4337055961142114e-05,0.00020007535599622303,0.0,Germany,DEU,baden-wurttemberg,,,Linux-7.0.0-31-generic-x86_64-with-glibc2.43,3.14.4,3.3.0,24,Intel(R) Core(TM) Ultra 9 285K,1,1 x NVIDIA GeForce RTX 5090,9.2986,48.7383,60.81614303588867,machine,0.0,0.0,0.0,0.0,N
dynamics_model_update_57,2026-09-15T16:48:11,mbpo_HalfCheetah-v5_seed85062,ecef5757-8ec3-4d83-9eb8-ec3d2c19e368,13.340679103988805,0.0001731738467589377,1.2980864499746289e-05,25.482341288795705,70.70593453231798,20.0,0.00011149080780368387,0.00026898049296186777,7.411288812784068e-05,0.00045458418889339144,0.0,Germany,DEU,baden-wurttemberg,,,Linux-7.0.0-31-generic-x86_64-with-glibc2.43,3.14.4,3.3.0,24,Intel(R) Core(TM) Ultra 9 285K,1,1 x NVIDIA GeForce RTX 5090,9.2986,48.7383,60.81614303588867,machine,0.0,0.0,0.0,0.0,N
rollout_57,2026-09-15T16:48:11,mbpo_HalfCheetah-v5_seed85062,ecef5757-8ec3-4d83-9eb8-ec3d2c19e368,0.2045953109918628,2.34266723128998e-06,1.1449710521774022e-05,25.48241708681164,70.6706963785363,20.0,1.4641631157705226e-06,3.5497250621130405e-06,1.1356517388774745e-06,6.149539916761038e-06,0.0,Germany,DEU,baden-wurttemberg,,,Linux-7.0.0-31-generic-x86_64-with-glibc2.43,3.14.4,3.3.0,24,Intel(R) Core(TM) Ultra 9 285K,1,1 x NVIDIA GeForce RTX 5090,9.2986,48.7383,60.81614303588867,machine,0.0,0.0,0.0,0.0,N
synthetic_rollout_generation_57,2026-09-15T16:48:11,mbpo_HalfCheetah-v5_seed85062,ecef5757-8ec3-4d83-9eb8-ec3d2c19e368,0.006563500995980576,3.217732731479461e-08,4.8951617076339324e-06,25.46266482395002,70.3686848555511,20.0,4.9913095490072834e-08,0.0,3.4552916622528074e-08,8.446601211173355e-08,0.0,Germany,DEU,baden-wurttemberg,,,Linux-7.0.0-31-generic-x86_64-with-glibc2.43,3.14.4,3.3.0,24,Intel(R) Core(TM) Ultra 9 285K,1,1 x NVIDIA GeForce RTX 5090,9.2986,48.7383,60.81614303588867,machine,0.0,0.0,0.0,0.0,N
gradient_updates_57,2026-09-15T16:48:16,mbpo_HalfCheetah-v5_seed85062,ecef5757-8ec3-4d83-9eb8-ec3d2c19e368,4.34714265500952,7.496654417165315e-05,1.724504236003155e-05,25.448242256339512,70.56301717478863,20.0,3.2529188801103115e-05,0.00014011038986594393,2.414882971109658e-05,0.00019678840837814363,0.0,Germany,DEU,baden-wurttemberg,,,Linux-7.0.0-31-generic-x86_64-with-glibc2.43,3.14.4,3.3.0,24,Intel(R) Core(TM) Ultra 9 285K,1,1 x NVIDIA GeForce RTX 5090,9.2986,48.7383,60.81614303588867,machine,0.0,0.0,0.0,0.0,N
dynamics_model_update_58,2026-09-15T16:48:36,mbpo_HalfCheetah-v5_seed85062,ecef5757-8ec3-4d83-9eb8-ec3d2c19e368,20.73031099900254,0.0002533170144319932,1.2219651140824274e-05,25.45409561635597,70.56300053404941,20.0,0.00014349738396448458,0.0004062989361499625,0.00011516499877778016,0.0006649613188922272,0.0,Germany,DEU,baden-wurttemberg,,,Linux-7.0.0-31-generic-x86_64-with-glibc2.43,3.14.4,3.3.0,24,Intel(R) Core(TM) Ultra 9 285K,1,1 x NVIDIA GeForce RTX 5090,9.2986,48.7383,60.81614303588867,machine,0.0,0.0,0.0,0.0,N
rollout_58,2026-09-15T16:48:37,mbpo_HalfCheetah-v5_seed85062,ecef5757-8ec3-4d83-9eb8-ec3d2c19e368,0.20123828899522778,2.4773762505678892e-06,1.230929392696494e-05,25.48115713948966,70.53560692055962,20.0,1.8019750526870881e-06,3.583058421963159e-06,1.1181198277983306e-06,6.503153302448578e-06,0.0,Germany,DEU,baden-wurttemberg,,,Linux-7.0.0-31-generic-x86_64-with-glibc2.43,3.14.4,3.3.0,24,Intel(R) Core(TM) Ultra 9 285K,1,1 x NVIDIA GeForce RTX 5090,9.2986,48.7383,60.81614303588867,machine,0.0,0.0,0.0,0.0,N
synthetic_rollout_generation_58,2026-09-15T16:48:37,mbpo_HalfCheetah-v5_seed85062,ecef5757-8ec3-4d83-9eb8-ec3d2c19e368,0.006474944006185979,3.3380423531195746e-08,5.1462648559893195e-06,25.469120812987477,70.23923882425474,20.0,5.352448725903791e-08,0.0,3.4099672161468086e-08,8.762415942137336e-08,0.0,Germany,DEU,baden-wurttemberg,,,Linux-7.0.0-31-generic-x86_64-with-glibc2.43,3.14.4,3.3.0,24,Intel(R) Core(TM) Ultra 9 285K,1,1 x NVIDIA GeForce RTX 5090,9.2986,48.7383,60.81614303588867,machine,0.0,0.0,0.0,0.0,N
gradient_updates_58,2026-09-15T16:48:41,mbpo_HalfCheetah-v5_seed85062,ecef5757-8ec3-4d83-9eb8-ec3d2c19e368,4.090768301000935,7.332120901431746e-05,1.792361827206678e-05,25.461006052893154,70.45662973918138,20.0,3.09031641669566e-05,0.00013884205551817352,2.272415691105447e-05,0.00019246937659618546,0.0,Germany,DEU,baden-wurttemberg,,,Linux-7.0.0-31-generic-x86_64-with-glibc2.43,3.14.4,3.3.0,24,Intel(R) Core(TM) Ultra 9 285K,1,1 x NVIDIA GeForce RTX 5090,9.2986,48.7383,60.81614303588867,machine,0.0,0.0,0.0,0.0,N
dynamics_model_update_59,2026-09-15T16:48:50,mbpo_HalfCheetah-v5_seed85062,ecef5757-8ec3-4d83-9eb8-ec3d2c19e368,9.225875467003789,0.00011281264187348004,1.2227821640946347e-05,25.46766418703754,70.45308193765119,20.0,6.651189348726161e-05,0.00017837125380792962,5.125188846666611e-05,0.0002961350357618582,0.0,Germany,DEU,baden-wurttemberg,,,Linux-7.0.0-31-generic-x86_64-with-glibc2.43,3.14.4,3.3.0,24,Intel(R) Core(TM) Ultra 9 285K,1,1 x NVIDIA GeForce RTX 5090,9.2986,48.7383,60.81614303588867,machine,0.0,0.0,0.0,0.0,N
rollout_59,2026-09-15T16:48:50,mbpo_HalfCheetah-v5_seed85062,ecef5757-8ec3-4d83-9eb8-ec3d2c19e368,0.1996389699925203,2.5111107429896112e-06,1.2578475281655174e-05,25.502711620420886,70.42924518267229,20.0,1.8997326309000417e-06,3.584447312077188e-06,1.1075269555375564e-06,6.5917068985156535e-06,0.0,Germany,DEU,baden-wurttemberg,,,Linux-7.0.0-31-generic-x86_64-with-glibc2.43,3.14.4,3.3.0,24,Intel(R) Core(TM) Ultra 9 285K,1,1 x NVIDIA GeForce RTX 5090,9.2986,48.7383,60.81614303588867,machine,0.0,0.0,0.0,0.0,N
synthetic_rollout_generation_59,2026-09-15T16:48:50,mbpo_HalfCheetah-v5_seed85062,ecef5757-8ec3-4d83-9eb8-ec3d2c19e368,0.006500224000774324,3.5715250956344646e-08,5.487157688477532e-06,25.50034621504659,70.13821524390092,20.0,5.937365860769761e-08,0.0,3.437946110781964e-08,9.375311971551725e-08,0.0,Germany,DEU,baden-wurttemberg,,,Linux-7.0.0-31-generic-x86_64-with-glibc2.43,3.14.4,3.3.0,24,Intel(R) Core(TM) Ultra 9 285K,1,1 x NVIDIA GeForce RTX 5090,9.2986,48.7383,60.81614303588867,machine,0.0,0.0,0.0,0.0,N
gradient_updates_59,2026-09-15T16:48:54,mbpo_HalfCheetah-v5_seed85062,ecef5757-8ec3-4d83-9eb8-ec3d2c19e368,4.100817261991324,7.293724371199711e-05,1.7786055754583044e-05,25.499781679304906,70.34745210364913,20.0,3.0879004425408973e-05,0.00013780233246385443,2.278012448886195e-05,0.00019146146137812708,0.0,Germany,DEU,baden-wurttemberg,,,Linux-7.0.0-31-generic-x86_64-with-glibc2.43,3.14.4,3.3.0,24,Intel(R) Core(TM) Ultra 9 285K,1,1 x NVIDIA GeForce RTX 5090,9.2986,48.7383,60.81614303588867,machine,0.0,0.0,0.0,0.0,N
dynamics_model_update_60,2026-09-15T16:49:04,mbpo_HalfCheetah-v5_seed85062,ecef5757-8ec3-4d83-9eb8-ec3d2c19e368,9.427128088995232,0.00011570727073722219,1.2273868847784462e-05,25.50584660685097,70.3462154290446,20.0,6.795259158424993e-05,0.00018341209117411772,5.236880126111704e-05,0.0003037334840194847,0.0,Germany,DEU,baden-wurttemberg,,,Linux-7.0.0-31-generic-x86_64-with-glibc2.43,3.14.4,3.3.0,24,Intel(R) Core(TM) Ultra 9 285K,1,1 x NVIDIA GeForce RTX 5090,9.2986,48.7383,60.81614303588867,machine,0.0,0.0,0.0,0.0,N
rollout_60,2026-09-15T16:49:04,mbpo_HalfCheetah-v5_seed85062,ecef5757-8ec3-4d83-9eb8-ec3d2c19e368,0.1989356910053175,2.5814415016266884e-06,1.2975937349713592e-05,25.538872867783937,70.33989332557515,20.0,1.8756070560427274e-06,3.7972252600049217e-06,1.1034939777646371e-06,6.776326293811419e-06,0.0,Germany,DEU,baden-wurttemberg,,,Linux-7.0.0-31-generic-x86_64-with-glibc2.43,3.14.4,3.3.0,24,Intel(R) Core(TM) Ultra 9 285K,1,1 x NVIDIA GeForce RTX 5090,9.2986,48.7383,60.81614303588867,machine,0.0,0.0,0.0,0.0,N
synthetic_rollout_generation_60,2026-09-15T16:49:04,mbpo_HalfCheetah-v5_seed85062,ecef5757-8ec3-4d83-9eb8-ec3d2c19e368,0.006659557999228127,3.682144999843373e-08,5.522236482573588e-06,25.538567926321523,70.05395879986142,20.0,6.154366034849534e-08,0.0,3.511325000205012e-08,9.665691035054547e-08,0.0,Germany,DEU,baden-wurttemberg,,,Linux-7.0.0-31-generic-x86_64-with-glibc2.43,3.14.4,3.3.0,24,Intel(R) Core(TM) Ultra 9 285K,1,1 x NVIDIA GeForce RTX 5090,9.2986,48.7383,60.81614303588867,machine,0.0,0.0,0.0,0.0,N
gradient_updates_60,2026-09-15T16:49:08,mbpo_HalfCheetah-v5_seed85062,ecef5757-8ec3-4d83-9eb8-ec3d2c19e368,4.28887964101159,7.464758814845589e-05,1.7404944480894242e-05,25.53900561777191,70.24847307028081,20.0,3.1439950429722197e-05,0.0001406865014379477,2.3824691716678274e-05,0.00019595114358434557,0.0,Germany,DEU,baden-wurttemberg,,,Linux-7.0.0-31-generic-x86_64-with-glibc2.43,3.14.4,3.3.0,24,Intel(R) Core(TM) Ultra 9 285K,1,1 x NVIDIA GeForce RTX 5090,9.2986,48.7383,60.81614303588867,machine,0.0,0.0,0.0,0.0,N
dynamics_model_update_61,2026-09-15T16:49:17,mbpo_HalfCheetah-v5_seed85062,ecef5757-8ec3-4d83-9eb8-ec3d2c19e368,9.101783527003136,0.00011647538775087264,1.2796949501356305e-05,25.543313875970636,70.25656912275633,20.0,7.250873939583513e-05,0.00018267764614199322,5.056341824448418e-05,0.00030574980378231253,0.0,Germany,DEU,baden-wurttemberg,,,Linux-7.0.0-31-generic-x86_64-with-glibc2.43,3.14.4,3.3.0,24,Intel(R) Core(TM) Ultra 9 285K,1,1 x NVIDIA GeForce RTX 5090,9.2986,48.7383,60.81614303588867,machine,0.0,0.0,0.0,0.0,N
rollout_61,2026-09-15T16:49:17,mbpo_HalfCheetah-v5_seed85062,ecef5757-8ec3-4d83-9eb8-ec3d2c19e368,0.20279797399416566,2.40336608437787e-06,1.1850531556969028e-05,25.544520421135015,70.23920769753191,20.0,1.4709447878555326e-06,3.7122251919097238e-06,1.1257054221966087e-06,6.3088754019627324e-06,0.0,Germany,DEU,baden-wurttemberg,,,Linux-7.0.0-31-generic-x86_64-with-glibc2.43,3.14.4,3.3.0,24,Intel(R) Core(TM) Ultra 9 285K,1,1 x NVIDIA GeForce RTX 5090,9.2986,48.7383,60.81614303588867,machine,0.0,0.0,0.0,0.0,N
synthetic_rollout_generation_61,2026-09-15T16:49:17,mbpo_HalfCheetah-v5_seed85062,ecef5757-8ec3-4d83-9eb8-ec3d2c19e368,0.006795652996515855,6.984432726810791e-07,0.00010263624995814741,25.523581419494246,73.9111012207466,20.0,5.0031984479004254e-08,1.748334731876966e-06,3.5058333337952e-08,1.8334250496965243e-06,0.0,Germany,DEU,baden-wurttemberg,,,Linux-7.0.0-31-generic-x86_64-with-glibc2.43,3.14.4,3.3.0,24,Intel(R) Core(TM) Ultra 9 285K,1,1 x NVIDIA GeForce RTX 5090,9.2986,48.7383,60.81614303588867,machine,0.0,0.0,0.0,0.0,N
gradient_updates_61,2026-09-15T16:49:22,mbpo_HalfCheetah-v5_seed85062,ecef5757-8ec3-4d83-9eb8-ec3d2c19e368,4.387267209996935,7.444497726607005e-05,1.6968454306583602e-05,25.506623830143937,74.075817287271,20.0,3.05994980906929e-05,0.00014044844569216508,2.437134291111663e-05,0.00019541928669397635,0.0,Germany,DEU,baden-wurttemberg,,,Linux-7.0.0-31-generic-x86_64-with-glibc2.43,3.14.4,3.3.0,24,Intel(R) Core(TM) Ultra 9 285K,1,1 x NVIDIA GeForce RTX 5090,9.2986,48.7383,60.81614303588867,machine,0.0,0.0,0.0,0.0,N
dynamics_model_update_62,2026-09-15T16:49:34,mbpo_HalfCheetah-v5_seed85062,ecef5757-8ec3-4d83-9eb8-ec3d2c19e368,11.891360031993827,0.00015218500626108106,1.2797950338433922e-05,25.506103333039988,74.0695695840556,20.0,9.395079293835623e-05,0.00023947658047007714,6.606076482777203e-05,0.00039948813823620366,0.0,Germany,DEU,baden-wurttemberg,,,Linux-7.0.0-31-generic-x86_64-with-glibc2.43,3.14.4,3.3.0,24,Intel(R) Core(TM) Ultra 9 285K,1,1 x NVIDIA GeForce RTX 5090,9.2986,48.7383,60.81614303588867,machine,0.0,0.0,0.0,0.0,N
rollout_62,2026-09-15T16:49:34,mbpo_HalfCheetah-v5_seed85062,ecef5757-8ec3-4d83-9eb8-ec3d2c19e368,0.19744570599868894,2.55104667065513e-06,1.2919844052852904e-05,25.537793961073536,74.0468088608858,20.0,1.8575845416174408e-06,3.7433363277994403e-06,1.0956184944210454e-06,6.696539363838794e-06,0.0,Germany,DEU,baden-wurttemberg,,,Linux-7.0.0-31-generic-x86_64-with-glibc2.43,3.14.4,3.3.0,24,Intel(R) Core(TM) Ultra 9 285K,1,1 x NVIDIA GeForce RTX 5090,9.2986,48.7383,60.81614303588867,machine,0.0,0.0,0.0,0.0,N
synthetic_rollout_generation_62,2026-09-15T16:49:34,mbpo_HalfCheetah-v5_seed85062,ecef5757-8ec3-4d83-9eb8-ec3d2c19e368,0.006666965011390857,3.706082236411279e-08,5.556945029810509e-06,25.53945239453135,73.75528599135475,20.0,6.261171676263944e-08,0.0,3.4673549978263274e-08,9.728526673830062e-08,0.0,Germany,DEU,baden-wurttemberg,,,Linux-7.0.0-31-generic-x86_64-with-glibc2.43,3.14.4,3.3.0,24,Intel(R) Core(TM) Ultra 9 285K,1,1 x NVIDIA GeForce RTX 5090,9.2986,48.7383,60.81614303588867,machine,0.0,0.0,0.0,0.0,N
gradient_updates_62,2026-09-15T16:49:38,mbpo_HalfCheetah-v5_seed85062,ecef5757-8ec3-4d83-9eb8-ec3d2c19e368,4.4171288369980175,7.570790401932072e-05,1.7139642999212915e-05,25.540776761520227,73.92260110069728,20.0,3.1363046479306045e-05,0.00014283428093420092,2.453716272777639e-05,0.00019873449014128075,0.0,Germany,DEU,baden-wurttemberg,,,Linux-7.0.0-31-generic-x86_64-with-glibc2.43,3.14.4,3.3.0,24,Intel(R) Core(TM) Ultra 9 285K,1,1 x NVIDIA GeForce RTX 5090,9.2986,48.7383,60.81614303588867,machine,0.0,0.0,0.0,0.0,N
dynamics_model_update_63,2026-09-15T16:49:56,mbpo_HalfCheetah-v5_seed85062,ecef5757-8ec3-4d83-9eb8-ec3d2c19e368,17.51007986901095,0.00022239056804896837,1.2700702713857901e-05,25.54139692562057,73.91420974516497,20.0,0.00013740664575855738,0.00034909666816584917,9.727557582219631e-05,0.0005837788897466029,0.0,Germany,DEU,baden-wurttemberg,,,Linux-7.0.0-31-generic-x86_64-with-glibc2.43,3.14.4,3.3.0,24,Intel(R) Core(TM) Ultra 9 285K,1,1 x NVIDIA GeForce RTX 5090,9.2986,48.7383,60.81614303588867,machine,0.0,0.0,0.0,0.0,N
rollout_63,2026-09-15T16:49:56,mbpo_HalfCheetah-v5_seed85062,ecef5757-8ec3-4d83-9eb8-ec3d2c19e368,0.20820349299174268,2.394793569986814e-06,1.150247821924734e-05,25.542582230781484,73.87068927666233,20.0,1.5089559293815502e-06,3.6227806761157666e-06,1.1546358055459713e-06,6.286372411040686e-06,0.0,Germany,DEU,baden-wurttemberg,,,Linux-7.0.0-31-generic-x86_64-with-glibc2.43,3.14.4,3.3.0,24,Intel(R) Core(TM) Ultra 9 285K,1,1 x NVIDIA GeForce RTX 5090,9.2986,48.7383,60.81614303588867,machine,0.0,0.0,0.0,0.0,N
synthetic_rollout_generation_63,2026-09-15T16:49:56,mbpo_HalfCheetah-v5_seed85062,ecef5757-8ec3-4d83-9eb8-ec3d2c19e368,0.006099994003307074,2.8612993962021105e-08,4.68279379043825e-06,25.515940595637883,73.58436877559001,20.0,4.2639756336892987e-08,0.0,3.2469822245848046e-08,7.510957858447576e-08,0.0,Germany,DEU,baden-wurttemberg,,,Linux-7.0.0-31-generic-x86_64-with-glibc2.43,3.14.4,3.3.0,24,Intel(R) Core(TM) Ultra 9 285K,1,1 x NVIDIA GeForce RTX 5090,9.2986,48.7383,60.81614303588867,machine,0.0,0.0,0.0,0.0,N
gradient_updates_63,2026-09-15T16:50:00,mbpo_HalfCheetah-v5_seed85062,ecef5757-8ec3-4d83-9eb8-ec3d2c19e368,4.120184464001795,7.294189914804419e-05,1.7703621174549094e-05,25.49629681240639,73.76292998334505,20.0,3.144839349202705e-05,0.0001371373319321023,2.2887956549999013e-05,0.0001914736819741275,0.0,Germany,DEU,baden-wurttemberg,,,Linux-7.0.0-31-generic-x86_64-with-glibc2.43,3.14.4,3.3.0,24,Intel(R) Core(TM) Ultra 9 285K,1,1 x NVIDIA GeForce RTX 5090,9.2986,48.7383,60.81614303588867,machine,0.0,0.0,0.0,0.0,N
dynamics_model_update_64,2026-09-15T16:50:25,mbpo_HalfCheetah-v5_seed85062,ecef5757-8ec3-4d83-9eb8-ec3d2c19e368,24.89749226201093,0.00030592490584884467,1.2287379743507772e-05,25.50361465036027,73.74960680917113,20.0,0.00017856493562961456,0.00048617650005211566,0.00013831646128334516,0.0008030578969650745,0.0,Germany,DEU,baden-wurttemberg,,,Linux-7.0.0-31-generic-x86_64-with-glibc2.43,3.14.4,3.3.0,24,Intel(R) Core(TM) Ultra 9 285K,1,1 x NVIDIA GeForce RTX 5090,9.2986,48.7383,60.81614303588867,machine,0.0,0.0,0.0,0.0,N
rollout_64,2026-09-15T16:50:25,mbpo_HalfCheetah-v5_seed85062,ecef5757-8ec3-4d83-9eb8-ec3d2c19e368,0.19898544999887235,2.5477890963025024e-06,1.280311739501846e-05,25.53527546416624,73.72358606629835,20.0,1.8856778974327137e-06,3.6980585136348054e-06,1.1042517666483634e-06,6.687988177718485e-06,0.0,Germany,DEU,baden-wurttemberg,,,Linux-7.0.0-31-generic-x86_64-with-glibc2.43,3.14.4,3.3.0,24,Intel(R) Core(TM) Ultra 9 285K,1,1 x NVIDIA GeForce RTX 5090,9.2986,48.7383,60.81614303588867,machine,0.0,0.0,0.0,0.0,N
synthetic_rollout_generation_64,2026-09-15T16:50:25,mbpo_HalfCheetah-v5_seed85062,ecef5757-8ec3-4d83-9eb8-ec3d2c19e368,0.0061840419948566705,2.9568512662642155e-08,4.7747314116742525e-06,25.5139874953252,73.44219833322089,20.0,4.5521980858442834e-08,0.0,3.2095849989040304e-08,7.761783085008522e-08,0.0,Germany,DEU,baden-wurttemberg,,,Linux-7.0.0-31-generic-x86_64-with-glibc2.43,3.14.4,3.3.0,24,Intel(R) Core(TM) Ultra 9 285K,1,1 x NVIDIA GeForce RTX 5090,9.2986,48.7383,60.81614303588867,machine,0.0,0.0,0.0,0.0,N
gradient_updates_64,2026-09-15T16:50:30,mbpo_HalfCheetah-v5_seed85062,ecef5757-8ec3-4d83-9eb8-ec3d2c19e368,4.18676599500759,7.238858267753778e-05,1.7289889606386488e-05,25.495739098518346,73.6178911407681,20.0,2.762485293320016e-05,0.00013913900020012804,2.3257364027813587e-05,0.0001900212171611418,0.0,Germany,DEU,baden-wurttemberg,,,Linux-7.0.0-31-generic-x86_64-with-glibc2.43,3.14.4,3.3.0,24,Intel(R) Core(TM) Ultra 9 285K,1,1 x NVIDIA GeForce RTX 5090,9.2986,48.7383,60.81614303588867,machine,0.0,0.0,0.0,0.0,N
dynamics_model_update_65,2026-09-15T16:50:48,mbpo_HalfCheetah-v5_seed85062,ecef5757-8ec3-4d83-9eb8-ec3d2c19e368,18.762146458000643,0.00022337066741108871,1.1905380271641745e-05,25.48882441839604,73.60466989207173,20.0,0.00011664623498357923,0.0003654744590462222,0.0001042309726222209,0.0005863516666520241,0.0,Germany,DEU,baden-wurttemberg,,,Linux-7.0.0-31-generic-x86_64-with-glibc2.43,3.14.4,3.3.0,24,Intel(R) Core(TM) Ultra 9 285K,1,1 x NVIDIA GeForce RTX 5090,9.2986,48.7383,60.81614303588867,machine,0.0,0.0,0.0,0.0,N
rollout_65,2026-09-15T16:50:49,mbpo_HalfCheetah-v5_seed85062,ecef5757-8ec3-4d83-9eb8-ec3d2c19e368,0.20455649499490391,2.375043482492553e-06,1.1610866487219802e-05,25.492726599118964,73.56471845066467,20.0,1.5219767731389222e-06,3.5775028619511318e-06,1.1350484722541868e-06,6.234528107343373e-06,0.0,Germany,DEU,baden-wurttemberg,,,Linux-7.0.0-31-generic-x86_64-with-glibc2.43,3.14.4,3.3.0,24,Intel(R) Core(TM) Ultra 9 285K,1,1 x NVIDIA GeForce RTX 5090,9.2986,48.7383,60.81614303588867,machine,0.0,0.0,0.0,0.0,N
synthetic_rollout_generation_65,2026-09-15T16:50:49,mbpo_HalfCheetah-v5_seed85062,ecef5757-8ec3-4d83-9eb8-ec3d2c19e368,0.006095837990869768,3.2902151617802966e-08,5.3892136359174955e-06,25.486602858003067,73.28815935874488,20.0,5.4219487823081725e-08,0.0,3.21491999783971e-08,8.636868779887674e-08,0.0,Germany,DEU,baden-wurttemberg,,,Linux-7.0.0-31-generic-x86_64-with-glibc2.43,3.14.4,3.3.0,24,Intel(R) Core(TM) Ultra 9 285K,1,1 x NVIDIA GeForce RTX 5090,9.2986,48.7383,60.81614303588867,machine,0.0,0.0,0.0,0.0,N
gradient_updates_65,2026-09-15T16:50:53,mbpo_HalfCheetah-v5_seed85062,ecef5757-8ec3-4d83-9eb8-ec3d2c19e368,4.098979903006693,7.294629949868535e-05,1.7796234663270624e-05,25.482939248579267,73.46718919950257,20.0,3.0856133295988075e-05,0.0001378595547318895,2.276954493888022e-05,0.00019148523296675518,0.0,Germany,DEU,baden-wurttemberg,,,Linux-7.0.0-31-generic-x86_64-with-glibc2.43,3.14.4,3.3.0,24,Intel(R) Core(TM) Ultra 9 285K,1,1 x NVIDIA GeForce RTX 5090,9.2986,48.7383,60.81614303588867,machine,0.0,0.0,0.0,0.0,N
dynamics_model_update_66,2026-09-15T16:51:03,mbpo_HalfCheetah-v5_seed85062,ecef5757-8ec3-4d83-9eb8-ec3d2c19e368,10.245218588999705,0.00012609400261921581,1.2307593887684569e-05,25.488535645034226,73.45566142200379,20.0,7.384257574068187e-05,0.00020024960464404273,5.690664523337781e-05,0.0003309988256181007,0.0,Germany,DEU,baden-wurttemberg,,,Linux-7.0.0-31-generic-x86_64-with-glibc2.43,3.14.4,3.3.0,24,Intel(R) Core(TM) Ultra 9 285K,1,1 x NVIDIA GeForce RTX 5090,9.2986,48.7383,60.81614303588867,machine,0.0,0.0,0.0,0.0,N
rollout_66,2026-09-15T16:51:03,mbpo_HalfCheetah-v5_seed85062,ecef5757-8ec3-4d83-9eb8-ec3d2c19e368,0.19514356400759425,2.4566549095446366e-06,1.2588292526433736e-05,25.517344742003612,73.42579023573414,20.0,1.8210653457417791e-06,3.5444472799017746e-06,1.0832468166580705e-06,6.4487594422998895e-06,0.0,Germany,DEU,baden-wurttemberg,,,Linux-7.0.0-31-generic-x86_64-with-glibc2.43,3.14.4,3.3.0,24,Intel(R) Core(TM) Ultra 9 285K,1,1 x NVIDIA GeForce RTX 5090,9.2986,48.7383,60.81614303588867,machine,0.0,0.0,0.0,0.0,N
synthetic_rollout_generation_66,2026-09-15T16:51:03,mbpo_HalfCheetah-v5_seed85062,ecef5757-8ec3-4d83-9eb8-ec3d2c19e368,0.006100466998759657,3.1478464213724466e-08,5.151193471833956e-06,25.50548694319802,73.15384286449067,20.0,5.0726985022231386e-08,0.0,3.1904499984622414e-08,8.263148500858852e-08,0.0,Germany,DEU,baden-wurttemberg,,,Linux-7.0.0-31-generic-x86_64-with-glibc2.43,3.14.4,3.3.0,24,Intel(R) Core(TM) Ultra 9 285K,1,1 x NVIDIA GeForce RTX 5090,9.2986,48.7383,60.81614303588867,machine,0.0,0.0,0.0,0.0,N
gradient_updates_66,2026-09-15T16:51:07,mbpo_HalfCheetah-v5_seed85062,ecef5757-8ec3-4d83-9eb8-ec3d2c19e368,4.117663159006042,7.259582011365923e-05,1.7630379360544496e-05,25.496069911560017,73.33077601919162,20.0,2.9186197515608525e-05,0.0001385053885820664,2.2873632733293355e-05,0.00019056521883097088,0.0,Germany,DEU,baden-wurttemberg,,,Linux-7.0.0-31-generic-x86_64-with-glibc2.43,3.14.4,3.3.0,24,Intel(R) Core(TM) Ultra 9 285K,1,1 x NVIDIA GeForce RTX 5090,9.2986,48.7383,60.81614303588867,machine,0.0,0.0,0.0,0.0,N
dynamics_model_update_67,2026-09-15T16:51:26,mbpo_HalfCheetah-v5_seed85062,ecef5757-8ec3-4d83-9eb8-ec3d2c19e368,19.023472392000258,0.00023234028435031168,1.221333273412673e-05,25.496116069115214,73.31789496818328,20.0,0.00013523354346452188,0.0003689800174060398,0.00010568349740561721,0.0006098970582761806,0.0,Germany,DEU,baden-wurttemberg,,,Linux-7.0.0-31-generic-x86_64-with-glibc2.43,3.14.4,3.3.0,24,Intel(R) Core(TM) Ultra 9 285K,1,1 x NVIDIA GeForce RTX 5090,9.2986,48.7383,60.81614303588867,machine,0.0,0.0,0.0,0.0,N
rollout_67,2026-09-15T16:51:26,mbpo_HalfCheetah-v5_seed85062,ecef5757-8ec3-4d83-9eb8-ec3d2c19e368,0.20011787200928666,2.5141550238257093e-06,1.2562767736286085e-05,25.523409573740185,73.28930236208173,20.0,1.850209813504533e-06,3.638891799884192e-06,1.110596572268495e-06,6.599698185658087e-06,0.0,Germany,DEU,baden-wurttemberg,,,Linux-7.0.0-31-generic-x86_64-with-glibc2.43,3.14.4,3.3.0,24,Intel(R) Core(TM) Ultra 9 285K,1,1 x NVIDIA GeForce RTX 5090,9.2986,48.7383,60.81614303588867,machine,0.0,0.0,0.0,0.0,N
synthetic_rollout_generation_67,2026-09-15T16:51:26,mbpo_HalfCheetah-v5_seed85062,ecef5757-8ec3-4d83-9eb8-ec3d2c19e368,0.006087656001909636,3.4642564726572456e-08,5.689379690239971e-06,25.496335078951194,73.0218231563807,20.0,4.948948403166176e-08,0.0,4.1447816733451714e-08,9.093730076598083e-08,0.0,Germany,DEU,baden-wurttemberg,,,Linux-7.0.0-31-generic-x86_64-with-glibc2.43,3.14.4,3.3.0,24,Intel(R) Core(TM) Ultra 9 285K,1,1 x NVIDIA GeForce RTX 5090,9.2986,48.7383,60.81614303588867,machine,0.0,0.0,0.0,0.0,N
gradient_updates_67,2026-09-15T16:51:31,mbpo_HalfCheetah-v5_seed85062,ecef5757-8ec3-4d83-9eb8-ec3d2c19e368,4.16016039600072,7.310832994907902e-05,1.7573471959632016e-05,25.474443303245504,73.19668492093811,20.0,2.885813419760408e-05,0.00013994261195415802,2.3109819405605324e-05,0.0001919105655573683,0.0,Germany,DEU,baden-wurttemberg,,,Linux-7.0.0-31-generic-x86_64-with-glibc2.43,3.14.4,3.3.0,24,Intel(R) Core(TM) Ultra 9 285K,1,1 x NVIDIA GeForce RTX 5090,9.2986,48.7383,60.81614303588867,machine,0.0,0.0,0.0,0.0,N
dynamics_model_update_68,2026-09-15T16:51:41,mbpo_HalfCheetah-v5_seed85062,ecef5757-8ec3-4d83-9eb8-ec3d2c19e368,10.541637266011094,0.00012887359979348555,1.2225198898019718e-05,25.472815909725707,73.18457710494542,20.0,7.519136543082672e-05,0.00020454238585609907,5.856156251668118e-05,0.00033829531380361044,0.0,Germany,DEU,baden-wurttemberg,,,Linux-7.0.0-31-generic-x86_64-with-glibc2.43,3.14.4,3.3.0,24,Intel(R) Core(TM) Ultra 9 285K,1,1 x NVIDIA GeForce RTX 5090,9.2986,48.7383,60.81614303588867,machine,0.0,0.0,0.0,0.0,N
rollout_68,2026-09-15T16:51:41,mbpo_HalfCheetah-v5_seed85062,ecef5757-8ec3-4d83-9eb8-ec3d2c19e368,0.1993386499962071,2.519577194586703e-06,1.2639730305604965e-05,25.49922080492477,73.1601297436283,20.0,1.83400146720053e-06,3.673891827871145e-06,1.1060381777897726e-06,6.613931472859713e-06,0.0,Germany,DEU,baden-wurttemberg,,,Linux-7.0.0-31-generic-x86_64-with-glibc2.43,3.14.4,3.3.0,24,Intel(R) Core(TM) Ultra 9 285K,1,1 x NVIDIA GeForce RTX 5090,9.2986,48.7383,60.81614303588867,machine,0.0,0.0,0.0,0.0,N
synthetic_rollout_generation_68,2026-09-15T16:51:41,mbpo_HalfCheetah-v5_seed85062,ecef5757-8ec3-4d83-9eb8-ec3d2c19e368,0.006062323009246029,3.053312555567622e-08,5.029259211276346e-06,25.48506238395957,72.89696380929871,20.0,4.857364997029601e-08,0.0,3.157630554685015e-08,8.014995551974824e-08,0.0,Germany,DEU,baden-wurttemberg,,,Linux-7.0.0-31-generic-x86_64-with-glibc2.43,3.14.4,3.3.0,24,Intel(R) Core(TM) Ultra 9 285K,1,1 x NVIDIA GeForce RTX 5090,9.2986,48.7383,60.81614303588867,machine,0.0,0.0,0.0,0.0,N
gradient_updates_68,2026-09-15T16:51:45,mbpo_HalfCheetah-v5_seed85062,ecef5757-8ec3-4d83-9eb8-ec3d2c19e368,4.090238614997361,7.268917936972472e-05,1.7771402806296276e-05,25.474817363693433,73.06958528618019,20.0,3.0556332500604466e-05,0.00013753261002591444,2.2721345883312295e-05,0.00019081028840983033,0.0,Germany,DEU,baden-wurttemberg,,,Linux-7.0.0-31-generic-x86_64-with-glibc2.43,3.14.4,3.3.0,24,Intel(R) Core(TM) Ultra 9 285K,1,1 x NVIDIA GeForce RTX 5090,9.2986,48.7383,60.81614303588867,machine,0.0,0.0,0.0,0.0,N
dynamics_model_update_69,2026-09-15T16:51:56,mbpo_HalfCheetah-v5_seed85062,ecef5757-8ec3-4d83-9eb8-ec3d2c19e368,10.690302517003147,0.0001309570915560606,1.2250058022336096e-05,25.479357676730093,73.05987788372992,20.0,7.544623757916452e-05,0.00020892433380592657,5.9393942477779446e-05,0.00034376451386287227,0.0,Germany,DEU,baden-wurttemberg,,,Linux-7.0.0-31-generic-x86_64-with-glibc2.43,3.14.4,3.3.0,24,Intel(R) Core(TM) Ultra 9 285K,1,1 x NVIDIA GeForce RTX 5090,9.2986,48.7383,60.81614303588867,machine,0.0,0.0,0.0,0.0,N
rollout_69,2026-09-15T16:51:56,mbpo_HalfCheetah-v5_seed85062,ecef5757-8ec3-4d83-9eb8-ec3d2c19e368,0.19699605900677852,2.529872084352028e-06,1.2841695633973497e-05,25.5079054519399,73.04046281814057,20.0,1.8520914816799738e-06,3.6958362901184927e-06,1.093027955600262e-06,6.640955727395259e-06,0.0,Germany,DEU,baden-wurttemberg,,,Linux-7.0.0-31-generic-x86_64-with-glibc2.43,3.14.4,3.3.0,24,Intel(R) Core(TM) Ultra 9 285K,1,1 x NVIDIA GeForce RTX 5090,9.2986,48.7383,60.81614303588867,machine,0.0,0.0,0.0,0.0,N
synthetic_rollout_generation_69,2026-09-15T16:51:56,mbpo_HalfCheetah-v5_seed85062,ecef5757-8ec3-4d83-9eb8-ec3d2c19e368,0.00746400399657432,3.695395173718141e-08,4.943368925677208e-06,25.50462780569064,72.7814540847429,20.0,6.478199627429904e-08,0.0,3.2222733312332885e-08,9.700472958923401e-08,0.0,Germany,DEU,baden-wurttemberg,,,Linux-7.0.0-31-generic-x86_64-with-glibc2.43,3.14.4,3.3.0,24,Intel(R) Core(TM) Ultra 9 285K,1,1 x NVIDIA GeForce RTX 5090,9.2986,48.7383,60.81614303588867,machine,0.0,0.0,0.0,0.0,N
gradient_updates_69,2026-09-15T16:52:01,mbpo_HalfCheetah-v5_seed85062,ecef5757-8ec3-4d83-9eb8-ec3d2c19e368,4.155484410002828,7.266633751921124e-05,1.7486884683052617e-05,25.50106770525703,72.95219036983256,20.0,2.7891084535082433e-05,0.00013977538959797364,2.308385404442906e-05,0.00019075032817748167,0.0,Germany,DEU,baden-wurttemberg,,,Linux-7.0.0-31-generic-x86_64-with-glibc2.43,3.14.4,3.3.0,24,Intel(R) Core(TM) Ultra 9 285K,1,1 x NVIDIA GeForce RTX 5090,9.2986,48.7383,60.81614303588867,machine,0.0,0.0,0.0,0.0,N
dynamics_model_update_70,2026-09-15T16:52:13,mbpo_HalfCheetah-v5_seed85062,ecef5757-8ec3-4d83-9eb8-ec3d2c19e368,12.687207729992224,0.0001553918352352919,1.2247917652620033e-05,25.496615572661618,72.94348311456773,20.0,8.904611818128655e-05,0.0002483779764801408,7.048202224444432e-05,0.0004079061169058734,0.0,Germany,DEU,baden-wurttemberg,,,Linux-7.0.0-31-generic-x86_64-with-glibc2.43,3.14.4,3.3.0,24,Intel(R) Core(TM) Ultra 9 285K,1,1 x NVIDIA GeForce RTX 5090,9.2986,48.7383,60.81614303588867,machine,0.0,0.0,0.0,0.0,N
rollout_70,2026-09-15T16:52:13,mbpo_HalfCheetah-v5_seed85062,ecef5757-8ec3-4d83-9eb8-ec3d2c19e368,0.19749956201121677,2.513715570360772e-06,1.2727150253489408e-05,25.524609035406073,72.92102110573346,20.0,1.8554314843433062e-06,3.6472251399022326e-06,1.0958879888573608e-06,6.598544613101165e-06,0.0,Germany,DEU,baden-wurttemberg,,,Linux-7.0.0-31-generic-x86_64-with-glibc2.43,3.14.4,3.3.0,24,Intel(R) Core(TM) Ultra 9 285K,1,1 x NVIDIA GeForce RTX 5090,9.2986,48.7383,60.81614303588867,machine,0.0,0.0,0.0,0.0,N
synthetic_rollout_generation_70,2026-09-15T16:52:13,mbpo_HalfCheetah-v5_seed85062,ecef5757-8ec3-4d83-9eb8-ec3d2c19e368,0.006030819000443444,3.1510840867166046e-08,5.216684617597354e-06,25.51525433859168,72.66605250046867,20.0,5.1167818718167446e-08,0.0,3.154865553349484e-08,8.271647425339701e-08,0.0,Germany,DEU,baden-wurttemberg,,,Linux-7.0.0-31-generic-x86_64-with-glibc2.43,3.14.4,3.3.0,24,Intel(R) Core(TM) Ultra 9 285K,1,1 x NVIDIA GeForce RTX 5090,9.2986,48.7383,60.81614303588867,machine,0.0,0.0,0.0,0.0,N
gradient_updates_70,2026-09-15T16:52:18,mbpo_HalfCheetah-v5_seed85062,ecef5757-8ec3-4d83-9eb8-ec3d2c19e368,4.14188903500326,7.175923502462586e-05,1.7325279983620345e-05,25.50692125198105,72.82916170396031,20.0,2.788552341952133e-05,0.00013747205442182775,2.301159140560144e-05,0.00018836916924695052,0.0,Germany,DEU,baden-wurttemberg,,,Linux-7.0.0-31-generic-x86_64-with-glibc2.43,3.14.4,3.3.0,24,Intel(R) Core(TM) Ultra 9 285K,1,1 x NVIDIA GeForce RTX 5090,9.2986,48.7383,60.81614303588867,machine,0.0,0.0,0.0,0.0,N
dynamics_model_update_71,2026-09-15T16:52:45,mbpo_HalfCheetah-v5_seed85062,ecef5757-8ec3-4d83-9eb8-ec3d2c19e368,27.877100021985825,0.0003308206918830846,1.1867103195809042e-05,25.502189568635846,72.81965566291348,20.0,0.00017078657829581317,0.0005427534897581854,0.00015486967569999614,0.0008684097437539964,0.0,Germany,DEU,baden-wurttemberg,,,Linux-7.0.0-31-generic-x86_64-with-glibc2.43,3.14.4,3.3.0,24,Intel(R) Core(TM) Ultra 9 285K,1,1 x NVIDIA GeForce RTX 5090,9.2986,48.7383,60.81614303588867,machine,0.0,0.0,0.0,0.0,N
rollout_71,2026-09-15T16:52:46,mbpo_HalfCheetah-v5_seed85062,ecef5757-8ec3-4d83-9eb8-ec3d2c19e368,0.20220181898912415,2.4207903758875077e-06,1.1971619749157451e-05,25.504982632978244,72.79837914000656,20.0,1.492679805252528e-06,3.7402807699926655e-06,1.1216538777971546e-06,6.354614453044083e-06,0.0,Germany,DEU,baden-wurttemberg,,,Linux-7.0.0-31-generic-x86_64-with-glibc2.43,3.14.4,3.3.0,24,Intel(R) Core(TM) Ultra 9 285K,1,1 x NVIDIA GeForce RTX 5090,9.2986,48.7383,60.81614303588867,machine,0.0,0.0,0.0,0.0,N
synthetic_rollout_generation_71,2026-09-15T16:52:46,mbpo_HalfCheetah-v5_seed85062,ecef5757-8ec3-4d83-9eb8-ec3d2c19e368,0.006059455990907736,3.107479648427336e-08,5.119729383461029e-06,25.491893355682738,72.54735024642034,20.0,4.938753950939345e-08,0.0,3.2184311081658035e-08,8.157185059365357e-08,0.0,Germany,DEU,baden-wurttemberg,,,Linux-7.0.0-31-generic-x86_64-with-glibc2.43,3.14.4,3.3.0,24,Intel(R) Core(TM) Ultra 9 285K,1,1 x NVIDIA GeForce RTX 5090,9.2986,48.7383,60.81614303588867,machine,0.0,0.0,0.0,0.0,N
gradient_updates_71,2026-09-15T16:52:50,mbpo_HalfCheetah-v5_seed85062,ecef5757-8ec3-4d83-9eb8-ec3d2c19e368,4.12203981699713,7.294249578052026e-05,1.7695769230104838e-05,25.48083810380109,72.71945927321671,20.0,2.8119067495231687e-05,0.00014045039013788063,2.2905790511059537e-05,0.00019147524814416839,0.0,Germany,DEU,baden-wurttemberg,,,Linux-7.0.0-31-generic-x86_64-with-glibc2.43,3.14.4,3.3.0,24,Intel(R) Core(TM) Ultra 9 285K,1,1 x NVIDIA GeForce RTX 5090,9.2986,48.7383,60.81614303588867,machine,0.0,0.0,0.0,0.0,N
dynamics_model_update_72,2026-09-15T16:53:24,mbpo_HalfCheetah-v5_seed85062,ecef5757-8ec3-4d83-9eb8-ec3d2c19e368,33.77652029899764,0.0004007352414312302,1.1864315483323263e-05,25.47740079517738,72.70891120865689,20.0,0.00021091552928784868,0.0006533760782561071,0.00018764497581667296,0.001051936583360627,0.0,Germany,DEU,baden-wurttemberg,,,Linux-7.0.0-31-generic-x86_64-with-glibc2.43,3.14.4,3.3.0,24,Intel(R) Core(TM) Ultra 9 285K,1,1 x NVIDIA GeForce RTX 5090,9.2986,48.7383,60.81614303588867,machine,0.0,0.0,0.0,0.0,N
rollout_72,2026-09-15T16:53:24,mbpo_HalfCheetah-v5_seed85062,ecef5757-8ec3-4d83-9eb8-ec3d2c19e368,0.2031966460053809,2.403842813646778e-06,1.182962201750477e-05,25.479375998867265,72.68463239807882,20.0,1.485610077366084e-06,3.6975029578112384e-06,1.1270137889370785e-06,6.310126824116136e-06,0.0,Germany,DEU,baden-wurttemberg,,,Linux-7.0.0-31-generic-x86_64-with-glibc2.43,3.14.4,3.3.0,24,Intel(R) Core(TM) Ultra 9 285K,1,1 x NVIDIA GeForce RTX 5090,9.2986,48.7383,60.81614303588867,machine,0.0,0.0,0.0,0.0,N
synthetic_rollout_generation_72,2026-09-15T16:53:24,mbpo_HalfCheetah-v5_seed85062,ecef5757-8ec3-4d83-9eb8-ec3d2c19e368,0.006066128989914432,7.035517469774349e-07,0.00011578302760089069,25.464269686332965,75.96010438704704,20.0,4.8946705820396286e-08,1.7641680782887192e-06,3.372009442590557e-08,1.8468348785341537e-06,0.0,Germany,DEU,baden-wurttemberg,,,Linux-7.0.0-31-generic-x86_64-with-glibc2.43,3.14.4,3.3.0,24,Intel(R) Core(TM) Ultra 9 285K,1,1 x NVIDIA GeForce RTX 5090,9.2986,48.7383,60.81614303588867,machine,0.0,0.0,0.0,0.0,N
gradient_updates_72,2026-09-15T16:53:28,mbpo_HalfCheetah-v5_seed85062,ecef5757-8ec3-4d83-9eb8-ec3d2c19e368,4.0998990689986385,7.332595647145321e-05,1.7884850853706576e-05,25.453497057647205,76.1154157923046,20.0,3.108428570074151e-05,0.00013863011090387012,2.2767442144444247e-05,0.0001924818387490576,0.0,Germany,DEU,baden-wurttemberg,,,Linux-7.0.0-31-generic-x86_64-with-glibc2.43,3.14.4,3.3.0,24,Intel(R) Core(TM) Ultra 9 285K,1,1 x NVIDIA GeForce RTX 5090,9.2986,48.7383,60.81614303588867,machine,0.0,0.0,0.0,0.0,N
dynamics_model_update_73,2026-09-15T16:53:45,mbpo_HalfCheetah-v5_seed85062,ecef5757-8ec3-4d83-9eb8-ec3d2c19e368,16.84525357199891,0.0002051663620355592,1.2179457696203318e-05,25.459334834195452,76.09299378325234,20.0,0.00011988407646273264,0.00032509887119003267,9.358211872224475e-05,0.0005385650663750075,0.0,Germany,DEU,baden-wurttemberg,,,Linux-7.0.0-31-generic-x86_64-with-glibc2.43,3.14.4,3.3.0,24,Intel(R) Core(TM) Ultra 9 285K,1,1 x NVIDIA GeForce RTX 5090,9.2986,48.7383,60.81614303588867,machine,0.0,0.0,0.0,0.0,N
rollout_73,2026-09-15T16:53:45,mbpo_HalfCheetah-v5_seed85062,ecef5757-8ec3-4d83-9eb8-ec3d2c19e368,0.19844378899142612,2.522620457839214e-06,1.2712239643979592e-05,25.48365715314081,76.06308889634954,20.0,1.8198109002845464e-06,3.7011140718856694e-06,1.1009951166570178e-06,6.621920088829836e-06,0.0,Germany,DEU,baden-wurttemberg,,,Linux-7.0.0-31-generic-x86_64-with-glibc2.43,3.14.4,3.3.0,24,Intel(R) Core(TM) Ultra 9 285K,1,1 x NVIDIA GeForce RTX 5090,9.2986,48.7383,60.81614303588867,machine,0.0,0.0,0.0,0.0,N
synthetic_rollout_generation_73,2026-09-15T16:53:45,mbpo_HalfCheetah-v5_seed85062,ecef5757-8ec3-4d83-9eb8-ec3d2c19e368,0.006085109998821281,3.094663638888995e-08,5.065627289254735e-06,25.470976162610768,75.8078436315967,20.0,4.920087269544293e-08,0.0,3.203455554382645e-08,8.123542823840202e-08,0.0,Germany,DEU,baden-wurttemberg,,,Linux-7.0.0-31-generic-x86_64-with-glibc2.43,3.14.4,3.3.0,24,Intel(R) Core(TM) Ultra 9 285K,1,1 x NVIDIA GeForce RTX 5090,9.2986,48.7383,60.81614303588867,machine,0.0,0.0,0.0,0.0,N
gradient_updates_73,2026-09-15T16:53:49,mbpo_HalfCheetah-v5_seed85062,ecef5757-8ec3-4d83-9eb8-ec3d2c19e368,4.099518132003141,7.28563538270402e-05,1.777195863398139e-05,25.462203017269246,75.957529324193,20.0,3.12404338812175e-05,0.00013724233201628522,2.276635820550564e-05,0.0001912491241030101,0.0,Germany,DEU,baden-wurttemberg,,,Linux-7.0.0-31-generic-x86_64-with-glibc2.43,3.14.4,3.3.0,24,Intel(R) Core(TM) Ultra 9 285K,1,1 x NVIDIA GeForce RTX 5090,9.2986,48.7383,60.81614303588867,machine,0.0,0.0,0.0,0.0,N
dynamics_model_update_74,2026-09-15T16:54:04,mbpo_HalfCheetah-v5_seed85062,ecef5757-8ec3-4d83-9eb8-ec3d2c19e368,15.17691377698793,0.00018602780017641304,1.22572925963554e-05,25.468374446589365,75.93808991547041,20.0,0.00010842800118677359,0.00029559440314175234,8.430362317222821e-05,0.0004883260275007559,0.0,Germany,DEU,baden-wurttemberg,,,Linux-7.0.0-31-generic-x86_64-with-glibc2.43,3.14.4,3.3.0,24,Intel(R) Core(TM) Ultra 9 285K,1,1 x NVIDIA GeForce RTX 5090,9.2986,48.7383,60.81614303588867,machine,0.0,0.0,0.0,0.0,N
rollout_74,2026-09-15T16:54:04,mbpo_HalfCheetah-v5_seed85062,ecef5757-8ec3-4d83-9eb8-ec3d2c19e368,0.20455491000029724,2.4363375483726912e-06,1.1909593021510542e-05,25.470986508978857,75.9054217493,20.0,1.5068537054796494e-06,3.753336335954316e-06,1.135235994459416e-06,6.395426035893381e-06,0.0,Germany,DEU,baden-wurttemberg,,,Linux-7.0.0-31-generic-x86_64-with-glibc2.43,3.14.4,3.3.0,24,Intel(R) Core(TM) Ultra 9 285K,1,1 x NVIDIA GeForce RTX 5090,9.2986,48.7383,60.81614303588867,machine,0.0,0.0,0.0,0.0,N
synthetic_rollout_generation_74,2026-09-15T16:54:04,mbpo_HalfCheetah-v5_seed85062,ecef5757-8ec3-4d83-9eb8-ec3d2c19e368,0.006012340993038379,3.1331489420277636e-08,5.201790907154637e-06,25.461063278923277,75.6540792931765,20.0,5.050642928883242e-08,0.0,3.173924447395782e-08,8.224567376452496e-08,0.0,Germany,DEU,baden-wurttemberg,,,Linux-7.0.0-31-generic-x86_64-with-glibc2.43,3.14.4,3.3.0,24,Intel(R) Core(TM) Ultra 9 285K,1,1 x NVIDIA GeForce RTX 5090,9.2986,48.7383,60.81614303588867,machine,0.0,0.0,0.0,0.0,N
gradient_updates_74,2026-09-15T16:54:09,mbpo_HalfCheetah-v5_seed85062,ecef5757-8ec3-4d83-9eb8-ec3d2c19e368,4.098760995999328,7.278398070956899e-05,1.775759059983875e-05,25.454149386139136,75.8033209786611,20.0,3.0680606766690655e-05,0.0001376098323100372,2.2768704405542843e-05,0.0001910591434822681,0.0,Germany,DEU,baden-wurttemberg,,,Linux-7.0.0-31-generic-x86_64-with-glibc2.43,3.14.4,3.3.0,24,Intel(R) Core(TM) Ultra 9 285K,1,1 x NVIDIA GeForce RTX 5090,9.2986,48.7383,60.81614303588867,machine,0.0,0.0,0.0,0.0,N
dynamics_model_update_75,2026-09-15T16:54:22,mbpo_HalfCheetah-v5_seed85062,ecef5757-8ec3-4d83-9eb8-ec3d2c19e368,13.464554274003603,0.00016460231034324396,1.222484137784435e-05,25.45866716754928,75.78448755609355,20.0,9.517725836397095e-05,0.0002621035430161456,7.480296379443543e-05,0.0004320837651745485,0.0,Germany,DEU,baden-wurttemberg,,,Linux-7.0.0-31-generic-x86_64-with-glibc2.43,3.14.4,3.3.0,24,Intel(R) Core(TM) Ultra 9 285K,1,1 x NVIDIA GeForce RTX 5090,9.2986,48.7383,60.81614303588867,machine,0.0,0.0,0.0,0.0,N
rollout_75,2026-09-15T16:54:22,mbpo_HalfCheetah-v5_seed85062,ecef5757-8ec3-4d83-9eb8-ec3d2c19e368,0.19769796899345238,2.524340557655269e-06,1.2768140334729218e-05,25.485178194606917,75.75518402481988,20.0,1.8612809334628277e-06,3.668058490058357e-06,1.0970959555484452e-06,6.6264353790687625e-06,0.0,Germany,DEU,baden-wurttemberg,,,Linux-7.0.0-31-generic-x86_64-with-glibc2.43,3.14.4,3.3.0,24,Intel(R) Core(TM) Ultra 9 285K,1,1 x NVIDIA GeForce RTX 5090,9.2986,48.7383,60.81614303588867,machine,0.0,0.0,0.0,0.0,N
synthetic_rollout_generation_75,2026-09-15T16:54:22,mbpo_HalfCheetah-v5_seed85062,ecef5757-8ec3-4d83-9eb8-ec3d2c19e368,0.006166131992358714,3.130352529967517e-08,5.0692178441086926e-06,25.472785583003926,75.50761806395447,20.0,4.969253975667387e-08,0.0,3.247972773460367e-08,8.217226749041018e-08,0.0,Germany,DEU,baden-wurttemberg,,,Linux-7.0.0-31-generic-x86_64-with-glibc2.43,3.14.4,3.3.0,24,Intel(R) Core(TM) Ultra 9 285K,1,1 x NVIDIA GeForce RTX 5090,9.2986,48.7383,60.81614303588867,machine,0.0,0.0,0.0,0.0,N
gradient_updates_75,2026-09-15T16:54:26,mbpo_HalfCheetah-v5_seed85062,ecef5757-8ec3-4d83-9eb8-ec3d2c19e368,4.127896057994803,7.265801653823581e-05,1.7601732329616653e-05,25.46365041366136,75.65178551869073,20.0,3.0480140495205144e-05,0.00013731788763182706,2.2930457338871633e-05,0.0001907284854659047,0.0,Germany,DEU,baden-wurttemberg,,,Linux-7.0.0-31-generic-x86_64-with-glibc2.43,3.14.4,3.3.0,24,Intel(R) Core(TM) Ultra 9 285K,1,1 x NVIDIA GeForce RTX 5090,9.2986,48.7383,60.81614303588867,machine,0.0,0.0,0.0,0.0,N
dynamics_model_update_76,2026-09-15T16:54:40,mbpo_HalfCheetah-v5_seed85062,ecef5757-8ec3-4d83-9eb8-ec3d2c19e368,13.672873870003968,0.0001670552383412835,1.2218006345024023e-05,25.466931989209133,75.63414898146264,20.0,9.587816114691589e-05,0.00026668715779387675,7.595742247220975e-05,0.0004385227414130041,0.0,Germany,DEU,baden-wurttemberg,,,Linux-7.0.0-31-generic-x86_64-with-glibc2.43,3.14.4,3.3.0,24,Intel(R) Core(TM) Ultra 9 285K,1,1 x NVIDIA GeForce RTX 5090,9.2986,48.7383,60.81614303588867,machine,0.0,0.0,0.0,0.0,N
rollout_76,2026-09-15T16:54:40,mbpo_HalfCheetah-v5_seed85062,ecef5757-8ec3-4d83-9eb8-ec3d2c19e368,0.1975264659995446,2.5404502491978287e-06,1.2861613323122721e-05,25.490418738970792,75.61234421629557,20.0,1.813639506471898e-06,3.7630585660863858e-06,1.0920255111056612e-06,6.668723583666547e-06,0.0,Germany,DEU,baden-wurttemberg,,,Linux-7.0.0-31-generic-x86_64-with-glibc2.43,3.14.4,3.3.0,24,Intel(R) Core(TM) Ultra 9 285K,1,1 x NVIDIA GeForce RTX 5090,9.2986,48.7383,60.81614303588867,machine,0.0,0.0,0.0,0.0,N
synthetic_rollout_generation_76,2026-09-15T16:54:40,mbpo_HalfCheetah-v5_seed85062,ecef5757-8ec3-4d83-9eb8-ec3d2c19e368,0.0060739790060324594,3.163053538535188e-08,5.198209901177085e-06,25.48141255492179,75.36843342850106,20.0,5.121865209040122e-08,0.0,3.181202223954266e-08,8.303067432907651e-08,0.0,Germany,DEU,baden-wurttemberg,,,Linux-7.0.0-31-generic-x86_64-with-glibc2.43,3.14.4,3.3.0,24,Intel(R) Core(TM) Ultra 9 285K,1,1 x NVIDIA GeForce RTX 5090,9.2986,48.7383,60.81614303588867,machine,0.0,0.0,0.0,0.0,N
gradient_updates_76,2026-09-15T16:54:44,mbpo_HalfCheetah-v5_seed85062,ecef5757-8ec3-4d83-9eb8-ec3d2c19e368,4.0735204509983305,7.296643366694333e-05,1.791241292763711e-05,25.475423614289998,75.51828341286328,20.0,3.0906266669433746e-05,0.00013800344373593454,2.2628375083392528e-05,0.00019153808548875995,0.0,Germany,DEU,baden-wurttemberg,,,Linux-7.0.0-31-generic-x86_64-with-glibc2.43,3.14.4,3.3.0,24,Intel(R) Core(TM) Ultra 9 285K,1,1 x NVIDIA GeForce RTX 5090,9.2986,48.7383,60.81614303588867,machine,0.0,0.0,0.0,0.0,N
dynamics_model_update_77,2026-09-15T16:55:00,mbpo_HalfCheetah-v5_seed85062,ecef5757-8ec3-4d83-9eb8-ec3d2c19e368,15.795640720010852,0.00019248830229060682,1.2186150468383282e-05,25.48085228977841,75.50045608765286,20.0,0.00011059657653274962,0.000306937467772217,8.775090723882155e-05,0.0005052849515437899,0.0,Germany,DEU,baden-wurttemberg,,,Linux-7.0.0-31-generic-x86_64-with-glibc2.43,3.14.4,3.3.0,24,Intel(R) Core(TM) Ultra 9 285K,1,1 x NVIDIA GeForce RTX 5090,9.2986,48.7383,60.81614303588867,machine,0.0,0.0,0.0,0.0,N
rollout_77,2026-09-15T16:55:00,mbpo_HalfCheetah-v5_seed85062,ecef5757-8ec3-4d83-9eb8-ec3d2c19e368,0.1983176580106374,2.5042849326507854e-06,1.2627997002429982e-05,25.503842453796853,75.4714942598019,20.0,1.8181153433743935e-06,3.6555584799202734e-06,1.1001152110919413e-06,6.57378903438921e-06,0.0,Germany,DEU,baden-wurttemberg,,,Linux-7.0.0-31-generic-x86_64-with-glibc2.43,3.14.4,3.3.0,24,Intel(R) Core(TM) Ultra 9 285K,1,1 x NVIDIA GeForce RTX 5090,9.2986,48.7383,60.81614303588867,machine,0.0,0.0,0.0,0.0,N
synthetic_rollout_generation_77,2026-09-15T16:55:00,mbpo_HalfCheetah-v5_seed85062,ecef5757-8ec3-4d83-9eb8-ec3d2c19e368,0.006053728997358121,3.1892796428095727e-08,5.26003582014127e-06,25.496399049740557,75.23113918254138,20.0,5.204948608228399e-08,0.0,3.166962778741039e-08,8.371911387056175e-08,0.0,Germany,DEU,baden-wurttemberg,,,Linux-7.0.0-31-generic-x86_64-with-glibc2.43,3.14.4,3.3.0,24,Intel(R) Core(TM) Ultra 9 285K,1,1 x NVIDIA GeForce RTX 5090,9.2986,48.7383,60.81614303588867,machine,0.0,0.0,0.0,0.0,N
gradient_updates_77,2026-09-15T16:55:04,mbpo_HalfCheetah-v5_seed85062,ecef5757-8ec3-4d83-9eb8-ec3d2c19e368,4.0822992589965,7.318270429357634e-05,1.7926872196594317e-05,25.491707757259586,75.3795587908742,20.0,3.1116244337422994e-05,0.00013831261065000433,2.2676944444457656e-05,0.00019210579943188671,0.0,Germany,DEU,baden-wurttemberg,,,Linux-7.0.0-31-generic-x86_64-with-glibc2.43,3.14.4,3.3.0,24,Intel(R) Core(TM) Ultra 9 285K,1,1 x NVIDIA GeForce RTX 5090,9.2986,48.7383,60.81614303588867,machine,0.0,0.0,0.0,0.0,N
dynamics_model_update_78,2026-09-15T16:55:23,mbpo_HalfCheetah-v5_seed85062,ecef5757-8ec3-4d83-9eb8-ec3d2c19e368,18.231459547008853,0.00021561060524488695,1.1826297267611985e-05,25.49693407877425,75.36164017303923,20.0,0.00011162983208156535,0.0003530666713420505,0.00010128487272781459,0.0005659813761514296,0.0,Germany,DEU,baden-wurttemberg,,,Linux-7.0.0-31-generic-x86_64-with-glibc2.43,3.14.4,3.3.0,24,Intel(R) Core(TM) Ultra 9 285K,1,1 x NVIDIA GeForce RTX 5090,9.2986,48.7383,60.81614303588867,machine,0.0,0.0,0.0,0.0,N
rollout_78,2026-09-15T16:55:23,mbpo_HalfCheetah-v5_seed85062,ecef5757-8ec3-4d83-9eb8-ec3d2c19e368,0.20343024800240528,2.3967735140878466e-06,1.1781884943426783e-05,25.499802627722786,75.32823965745179,20.0,1.5069214833116074e-06,3.6561140357438404e-06,1.1285342777327123e-06,6.2915697967916295e-06,0.0,Germany,DEU,baden-wurttemberg,,,Linux-7.0.0-31-generic-x86_64-with-glibc2.43,3.14.4,3.3.0,24,Intel(R) Core(TM) Ultra 9 285K,1,1 x NVIDIA GeForce RTX 5090,9.2986,48.7383,60.81614303588867,machine,0.0,0.0,0.0,0.0,N
synthetic_rollout_generation_78,2026-09-15T16:55:23,mbpo_HalfCheetah-v5_seed85062,ecef5757-8ec3-4d83-9eb8-ec3d2c19e368,0.006102109997300431,2.7907719531150565e-08,4.568154554584893e-06,25.476165096029597,75.09135840066735,20.0,4.0961421664265085e-08,0.0,3.229679997399093e-08,7.325822163478657e-08,0.0,Germany,DEU,baden-wurttemberg,,,Linux-7.0.0-31-generic-x86_64-with-glibc2.43,3.14.4,3.3.0,24,Intel(R) Core(TM) Ultra 9 285K,1,1 x NVIDIA GeForce RTX 5090,9.2986,48.7383,60.81614303588867,machine,0.0,0.0,0.0,0.0,N
gradient_updates_78,2026-09-15T16:55:27,mbpo_HalfCheetah-v5_seed85062,ecef5757-8ec3-4d83-9eb8-ec3d2c19e368,4.090846450999379,7.298924849324234e-05,1.7842118927250934e-05,25.45861974778896,75.23586036410317,20.0,3.122359803441749e-05,0.00013765677679211663,2.2717599955568088e-05,0.00019159797478210394,0.0,Germany,DEU,baden-wurttemberg,,,Linux-7.0.0-31-generic-x86_64-with-glibc2.43,3.14.4,3.3.0,24,Intel(R) Core(TM) Ultra 9 285K,1,1 x NVIDIA GeForce RTX 5090,9.2986,48.7383,60.81614303588867,machine,0.0,0.0,0.0,0.0,N
dynamics_model_update_79,2026-09-15T16:55:41,mbpo_HalfCheetah-v5_seed85062,ecef5757-8ec3-4d83-9eb8-ec3d2c19e368,14.159236977997352,0.00017341962845290188,1.2247788328287662e-05,25.464432619448303,75.22091397707537,20.0,9.947851680497388e-05,0.00027709133278408515,7.865952028336762e-05,0.0004552293698724258,0.0,Germany,DEU,baden-wurttemberg,,,Linux-7.0.0-31-generic-x86_64-with-glibc2.43,3.14.4,3.3.0,24,Intel(R) Core(TM) Ultra 9 285K,1,1 x NVIDIA GeForce RTX 5090,9.2986,48.7383,60.81614303588867,machine,0.0,0.0,0.0,0.0,N
rollout_79,2026-09-15T16:55:41,mbpo_HalfCheetah-v5_seed85062,ecef5757-8ec3-4d83-9eb8-ec3d2c19e368,0.19765516600455157,2.5256078926283454e-06,1.2778249188485249e-05,25.4888338211341,75.19600405370822,20.0,1.8466323106341997e-06,3.68666961580999e-06,1.0964602277256305e-06,6.629762154167218e-06,0.0,Germany,DEU,baden-wurttemberg,,,Linux-7.0.0-31-generic-x86_64-with-glibc2.43,3.14.4,3.3.0,24,Intel(R) Core(TM) Ultra 9 285K,1,1 x NVIDIA GeForce RTX 5090,9.2986,48.7383,60.81614303588867,machine,0.0,0.0,0.0,0.0,N
synthetic_rollout_generation_79,2026-09-15T16:55:41,mbpo_HalfCheetah-v5_seed85062,ecef5757-8ec3-4d83-9eb8-ec3d2c19e368,0.006036159000359476,3.20221460667347e-08,5.300330159285732e-06,25.482547643487287,74.96247609080851,20.0,5.260893097547292e-08,0.0,3.144972781417982e-08,8.40586587905201e-08,0.0,Germany,DEU,baden-wurttemberg,,,Linux-7.0.0-31-generic-x86_64-with-glibc2.43,3.14.4,3.3.0,24,Intel(R) Core(TM) Ultra 9 285K,1,1 x NVIDIA GeForce RTX 5090,9.2986,48.7383,60.81614303588867,machine,0.0,0.0,0.0,0.0,N
gradient_updates_79,2026-09-15T16:55:45,mbpo_HalfCheetah-v5_seed85062,ecef5757-8ec3-4d83-9eb8-ec3d2c19e368,4.083127118006814,7.331132834691167e-05,1.7954719992602208e-05,25.478804884956766,75.10861594345437,20.0,3.1216579139910217e-05,0.00013854566639226462,2.2681194149967027e-05,0.0001924434396821384,0.0,Germany,DEU,baden-wurttemberg,,,Linux-7.0.0-31-generic-x86_64-with-glibc2.43,3.14.4,3.3.0,24,Intel(R) Core(TM) Ultra 9 285K,1,1 x NVIDIA GeForce RTX 5090,9.2986,48.7383,60.81614303588867,machine,0.0,0.0,0.0,0.0,N
dynamics_model_update_80,2026-09-15T16:56:00,mbpo_HalfCheetah-v5_seed85062,ecef5757-8ec3-4d83-9eb8-ec3d2c19e368,14.32751893500972,0.0001753190843053129,1.2236527783025823e-05,25.484701219862966,75.09260818160425,20.0,0.00010232707325048829,0.00027828911151983604,7.959928787782278e-05,0.0004602154726481497,0.0,Germany,DEU,baden-wurttemberg,,,Linux-7.0.0-31-generic-x86_64-with-glibc2.43,3.14.4,3.3.0,24,Intel(R) Core(TM) Ultra 9 285K,1,1 x NVIDIA GeForce RTX 5090,9.2986,48.7383,60.81614303588867,machine,0.0,0.0,0.0,0.0,N
rollout_80,2026-09-15T16:56:00,mbpo_HalfCheetah-v5_seed85062,ecef5757-8ec3-4d83-9eb8-ec3d2c19e368,0.19817716200486757,2.5153099311066296e-06,1.2692628566575882e-05,25.507031513384963,75.06764453491226,20.0,1.8206414565125062e-06,3.682780724156842e-06,1.0993076555478043e-06,6.602729836213683e-06,0.0,Germany,DEU,baden-wurttemberg,,,Linux-7.0.0-31-generic-x86_64-with-glibc2.43,3.14.4,3.3.0,24,Intel(R) Core(TM) Ultra 9 285K,1,1 x NVIDIA GeForce RTX 5090,9.2986,48.7383,60.81614303588867,machine,0.0,0.0,0.0,0.0,N
synthetic_rollout_generation_80,2026-09-15T16:56:00,mbpo_HalfCheetah-v5_seed85062,ecef5757-8ec3-4d83-9eb8-ec3d2c19e368,0.00602024799445644,3.2843362744727767e-08,5.446695724386837e-06,25.504065394969555,74.83737568664566,20.0,5.4846710541289756e-08,0.0,3.136765549735521e-08,8.621436604211441e-08,0.0,Germany,DEU,baden-wurttemberg,,,Linux-7.0.0-31-generic-x86_64-with-glibc2.43,3.14.4,3.3.0,24,Intel(R) Core(TM) Ultra 9 285K,1,1 x NVIDIA GeForce RTX 5090,9.2986,48.7383,60.81614303588867,machine,0.0,0.0,0.0,0.0,N
gradient_updates_80,2026-09-15T16:56:04,mbpo_HalfCheetah-v5_seed85062,ecef5757-8ec3-4d83-9eb8-ec3d2c19e368,4.299905506995856,7.497106904732695e-05,1.7435550591120925e-05,25.502807883501394,74.96766126744332,20.0,3.2631473327382476e-05,0.00014027983444586667,2.3888978477771584e-05,0.00019680028625101986,0.0,Germany,DEU,baden-wurttemberg,,,Linux-7.0.0-31-generic-x86_64-with-glibc2.43,3.14.4,3.3.0,24,Intel(R) Core(TM) Ultra 9 285K,1,1 x NVIDIA GeForce RTX 5090,9.2986,48.7383,60.81614303588867,machine,0.0,0.0,0.0,0.0,N
dynamics_model_update_81,2026-09-15T16:56:14,mbpo_HalfCheetah-v5_seed85062,ecef5757-8ec3-4d83-9eb8-ec3d2c19e368,10.057202347990824,0.00013125006385317217,1.3050329644162074e-05,25.509258175340637,74.96033921801903,20.0,8.596064376845819e-05,0.00020270543994205248,5.586748723888143e-05,0.00034453357094939296,0.0,Germany,DEU,baden-wurttemberg,,,Linux-7.0.0-31-generic-x86_64-with-glibc2.43,3.14.4,3.3.0,24,Intel(R) Core(TM) Ultra 9 285K,1,1 x NVIDIA GeForce RTX 5090,9.2986,48.7383,60.81614303588867,machine,0.0,0.0,0.0,0.0,N
rollout_81,2026-09-15T16:56:14,mbpo_HalfCheetah-v5_seed85062,ecef5757-8ec3-4d83-9eb8-ec3d2c19e368,0.19831196698942222,2.5343036007818842e-06,1.2778922548380744e-05,25.5322643994921,74.9374805051404,20.0,1.8408511949022377e-06,3.711391858063351e-06,1.1003454777691948e-06,6.652588530733916e-06,0.0,Germany,DEU,baden-wurttemberg,,,Linux-7.0.0-31-generic-x86_64-with-glibc2.43,3.14.4,3.3.0,24,Intel(R) Core(TM) Ultra 9 285K,1,1 x NVIDIA GeForce RTX 5090,9.2986,48.7383,60.81614303588867,machine,0.0,0.0,0.0,0.0,N
synthetic_rollout_generation_81,2026-09-15T16:56:14,mbpo_HalfCheetah-v5_seed85062,ecef5757-8ec3-4d83-9eb8-ec3d2c19e368,0.00601864600321278,3.1641758685418964e-08,5.250430913591512e-06,25.524770912248183,74.71039723088239,20.0,5.155781902105305e-08,0.0,3.150231665718234e-08,8.306013567910275e-08,0.0,Germany,DEU,baden-wurttemberg,,,Linux-7.0.0-31-generic-x86_64-with-glibc2.43,3.14.4,3.3.0,24,Intel(R) Core(TM) Ultra 9 285K,1,1 x NVIDIA GeForce RTX 5090,9.2986,48.7383,60.81614303588867,machine,0.0,0.0,0.0,0.0,N
gradient_updates_81,2026-09-15T16:56:19,mbpo_HalfCheetah-v5_seed85062,ecef5757-8ec3-4d83-9eb8-ec3d2c19e368,4.360163291989011,7.475156832041294e-05,1.7144253517298558e-05,25.519648849767268,74.8324345366325,20.0,3.2605974140308136e-05,0.00013939761151804397,2.422050758331233e-05,0.00019622409324166618,0.0,Germany,DEU,baden-wurttemberg,,,Linux-7.0.0-31-generic-x86_64-with-glibc2.43,3.14.4,3.3.0,24,Intel(R) Core(TM) Ultra 9 285K,1,1 x NVIDIA GeForce RTX 5090,9.2986,48.7383,60.81614303588867,machine,0.0,0.0,0.0,0.0,N
dynamics_model_update_82,2026-09-15T16:56:31,mbpo_HalfCheetah-v5_seed85062,ecef5757-8ec3-4d83-9eb8-ec3d2c19e368,11.9944088379998,0.00015457423932353428,1.288719850879676e-05,25.5245041646541,74.82452158881358,20.0,9.856478829620846e-05,0.00024056269244976392,6.663243347777327e-05,0.0004057599142237439,0.0,Germany,DEU,baden-wurttemberg,,,Linux-7.0.0-31-generic-x86_64-with-glibc2.43,3.14.4,3.3.0,24,Intel(R) Core(TM) Ultra 9 285K,1,1 x NVIDIA GeForce RTX 5090,9.2986,48.7383,60.81614303588867,machine,0.0,0.0,0.0,0.0,N
rollout_82,2026-09-15T16:56:31,mbpo_HalfCheetah-v5_seed85062,ecef5757-8ec3-4d83-9eb8-ec3d2c19e368,0.2081512019940419,3.097097143779648e-06,1.4878273472660914e-05,25.525427081272866,74.88436809182677,20.0,1.5083964844883613e-06,5.4677821521575964e-06,1.153752177843713e-06,8.129930814490538e-06,0.0,Germany,DEU,baden-wurttemberg,,,Linux-7.0.0-31-generic-x86_64-with-glibc2.43,3.14.4,3.3.0,24,Intel(R) Core(TM) Ultra 9 285K,1,1 x NVIDIA GeForce RTX 5090,9.2986,48.7383,60.81614303588867,machine,0.0,0.0,0.0,0.0,N
synthetic_rollout_generation_82,2026-09-15T16:56:31,mbpo_HalfCheetah-v5_seed85062,ecef5757-8ec3-4d83-9eb8-ec3d2c19e368,0.006085237007937394,3.160097353932523e-08,5.183934355560847e-06,25.515663225299658,74.66016339694106,20.0,5.0811707320852495e-08,0.0,3.2141366682753025e-08,8.295307400013607e-08,0.0,Germany,DEU,baden-wurttemberg,,,Linux-7.0.0-31-generic-x86_64-with-glibc2.43,3.14.4,3.3.0,24,Intel(R) Core(TM) Ultra 9 285K,1,1 x NVIDIA GeForce RTX 5090,9.2986,48.7383,60.81614303588867,machine,0.0,0.0,0.0,0.0,N
gradient_updates_82,2026-09-15T16:56:35,mbpo_HalfCheetah-v5_seed85062,ecef5757-8ec3-4d83-9eb8-ec3d2c19e368,4.189536238001892,7.415407667398996e-05,1.7699865111176067e-05,25.508832085183244,74.796054613409,20.0,3.1528383556016226e-05,0.0001398542785500112,2.3273005761115413e-05,0.00019465566786714544,0.0,Germany,DEU,baden-wurttemberg,,,Linux-7.0.0-31-generic-x86_64-with-glibc2.43,3.14.4,3.3.0,24,Intel(R) Core(TM) Ultra 9 285K,1,1 x NVIDIA GeForce RTX 5090,9.2986,48.7383,60.81614303588867,machine,0.0,0.0,0.0,0.0,N
dynamics_model_update_83,2026-09-15T16:56:50,mbpo_HalfCheetah-v5_seed85062,ecef5757-8ec3-4d83-9eb8-ec3d2c19e368,14.784100942997611,0.00018037143850615014,1.2200344987746364e-05,25.513216479938013,74.7807952487934,20.0,0.00010524610864126593,0.00028610078443591647,8.213109223886763e-05,0.0004734779853160509,0.0,Germany,DEU,baden-wurttemberg,,,Linux-7.0.0-31-generic-x86_64-with-glibc2.43,3.14.4,3.3.0,24,Intel(R) Core(TM) Ultra 9 285K,1,1 x NVIDIA GeForce RTX 5090,9.2986,48.7383,60.81614303588867,machine,0.0,0.0,0.0,0.0,N
rollout_83,2026-09-15T16:56:50,mbpo_HalfCheetah-v5_seed85062,ecef5757-8ec3-4d83-9eb8-ec3d2c19e368,0.19754496999667026,2.5215932776372074e-06,1.2764195417710144e-05,25.534794709221156,74.75935478791469,20.0,1.8180475655424355e-06,3.704725186182145e-06,1.0964509722221488e-06,6.619223723948464e-06,0.0,Germany,DEU,baden-wurttemberg,,,Linux-7.0.0-31-generic-x86_64-with-glibc2.43,3.14.4,3.3.0,24,Intel(R) Core(TM) Ultra 9 285K,1,1 x NVIDIA GeForce RTX 5090,9.2986,48.7383,60.81614303588867,machine,0.0,0.0,0.0,0.0,N
synthetic_rollout_generation_83,2026-09-15T16:56:50,mbpo_HalfCheetah-v5_seed85062,ecef5757-8ec3-4d83-9eb8-ec3d2c19e368,0.006631878990447149,7.117994835492691e-07,0.00010710554829727069,25.532507405353538,77.51731561201215,20.0,5.969560330776336e-08,1.7738903079766999e-06,3.489941106330635e-08,1.8684853223469022e-06,0.0,Germany,DEU,baden-wurttemberg,,,Linux-7.0.0-31-generic-x86_64-with-glibc2.43,3.14.4,3.3.0,24,Intel(R) Core(TM) Ultra 9 285K,1,1 x NVIDIA GeForce RTX 5090,9.2986,48.7383,60.81614303588867,machine,0.0,0.0,0.0,0.0,N
gradient_updates_83,2026-09-15T16:56:54,mbpo_HalfCheetah-v5_seed85062,ecef5757-8ec3-4d83-9eb8-ec3d2c19e368,4.103850294006406,7.279001349710934e-05,1.77370299021389e-05,25.531009204694634,77.64712567206276,20.0,2.9743972961827903e-05,0.00013853205527003531,2.2798951416673832e-05,0.00019107497964853531,0.0,Germany,DEU,baden-wurttemberg,,,Linux-7.0.0-31-generic-x86_64-with-glibc2.43,3.14.4,3.3.0,24,Intel(R) Core(TM) Ultra 9 285K,1,1 x NVIDIA GeForce RTX 5090,9.2986,48.7383,60.81614303588867,machine,0.0,0.0,0.0,0.0,N
dynamics_model_update_84,2026-09-15T16:57:07,mbpo_HalfCheetah-v5_seed85062,ecef5757-8ec3-4d83-9eb8-ec3d2c19e368,13.039561237994349,0.00015490715541988456,1.1879788882078508e-05,25.531858828457075,77.62398202015311,20.0,8.145880044476556e-05,0.00025273575774376056,7.243926625006766e-05,0.00040663382443859725,0.0,Germany,DEU,baden-wurttemberg,,,Linux-7.0.0-31-generic-x86_64-with-glibc2.43,3.14.4,3.3.0,24,Intel(R) Core(TM) Ultra 9 285K,1,1 x NVIDIA GeForce RTX 5090,9.2986,48.7383,60.81614303588867,machine,0.0,0.0,0.0,0.0,N
rollout_84,2026-09-15T16:57:08,mbpo_HalfCheetah-v5_seed85062,ecef5757-8ec3-4d83-9eb8-ec3d2c19e368,0.20522873300069477,2.4245310489105776e-06,1.1813873205613223e-05,25.5358167135948,77.58581545876325,20.0,1.5474759602063237e-06,3.678614054258844e-06,1.1383437666353038e-06,6.364433781103074e-06,0.0,Germany,DEU,baden-wurttemberg,,,Linux-7.0.0-31-generic-x86_64-with-glibc2.43,3.14.4,3.3.0,24,Intel(R) Core(TM) Ultra 9 285K,1,1 x NVIDIA GeForce RTX 5090,9.2986,48.7383,60.81614303588867,machine,0.0,0.0,0.0,0.0,N
synthetic_rollout_generation_84,2026-09-15T16:57:08,mbpo_HalfCheetah-v5_seed85062,ecef5757-8ec3-4d83-9eb8-ec3d2c19e368,0.006121241996879689,3.1313679784567006e-08,5.106289128703527e-06,25.52484857751713,77.3589563492347,20.0,4.989615102340972e-08,0.0,3.2302772160278104e-08,8.21989231819531e-08,0.0,Germany,DEU,baden-wurttemberg,,,Linux-7.0.0-31-generic-x86_64-with-glibc2.43,3.14.4,3.3.0,24,Intel(R) Core(TM) Ultra 9 285K,1,1 x NVIDIA GeForce RTX 5090,9.2986,48.7383,60.81614303588867,machine,0.0,0.0,0.0,0.0,N
gradient_updates_84,2026-09-15T16:57:12,mbpo_HalfCheetah-v5_seed85062,ecef5757-8ec3-4d83-9eb8-ec3d2c19e368,4.092233724004473,7.316365391697721e-05,1.7878683978914533e-05,25.517291190442478,77.4874437138732,20.0,3.130329976484131e-05,0.00013802038819377138,2.2732103922155737e-05,0.00019205579188076582,0.0,Germany,DEU,baden-wurttemberg,,,Linux-7.0.0-31-generic-x86_64-with-glibc2.43,3.14.4,3.3.0,24,Intel(R) Core(TM) Ultra 9 285K,1,1 x NVIDIA GeForce RTX 5090,9.2986,48.7383,60.81614303588867,machine,0.0,0.0,0.0,0.0,N
dynamics_model_update_85,2026-09-15T16:57:27,mbpo_HalfCheetah-v5_seed85062,ecef5757-8ec3-4d83-9eb8-ec3d2c19e368,15.160744660010096,0.00018600718633048421,1.2268982640536904e-05,25.52276518963692,77.46685323554094,20.0,0.00010756459271827473,0.0002964844038542136,8.422291924450962e-05,0.0004882719158169971,0.0,Germany,DEU,baden-wurttemberg,,,Linux-7.0.0-31-generic-x86_64-with-glibc2.43,3.14.4,3.3.0,24,Intel(R) Core(TM) Ultra 9 285K,1,1 x NVIDIA GeForce RTX 5090,9.2986,48.7383,60.81614303588867,machine,0.0,0.0,0.0,0.0,N
rollout_85,2026-09-15T16:57:27,mbpo_HalfCheetah-v5_seed85062,ecef5757-8ec3-4d83-9eb8-ec3d2c19e368,0.19768695899983868,2.550470902126789e-06,1.2901663919551901e-05,25.546425196672715,77.43941034351222,20.0,1.868638717136828e-06,3.7297252060142227e-06,1.0966640388585316e-06,6.695027962008715e-06,0.0,Germany,DEU,baden-wurttemberg,,,Linux-7.0.0-31-generic-x86_64-with-glibc2.43,3.14.4,3.3.0,24,Intel(R) Core(TM) Ultra 9 285K,1,1 x NVIDIA GeForce RTX 5090,9.2986,48.7383,60.81614303588867,machine,0.0,0.0,0.0,0.0,N
synthetic_rollout_generation_85,2026-09-15T16:57:27,mbpo_HalfCheetah-v5_seed85062,ecef5757-8ec3-4d83-9eb8-ec3d2c19e368,0.006074526012525894,3.151232649822866e-08,5.180056800109008e-06,25.53794208865032,77.21559701881999,20.0,5.089642959865692e-08,0.0,3.18239444623003e-08,8.272037405748778e-08,0.0,Germany,DEU,baden-wurttemberg,,,Linux-7.0.0-31-generic-x86_64-with-glibc2.43,3.14.4,3.3.0,24,Intel(R) Core(TM) Ultra 9 285K,1,1 x NVIDIA GeForce RTX 5090,9.2986,48.7383,60.81614303588867,machine,0.0,0.0,0.0,0.0,N
gradient_updates_85,2026-09-15T16:57:31,mbpo_HalfCheetah-v5_seed85062,ecef5757-8ec3-4d83-9eb8-ec3d2c19e368,4.115573958988534,7.271397230704246e-05,1.766804604007718e-05,25.53141409845511,77.34190646490113,20.0,2.964502843822575e-05,0.00013836844402770332,2.2861897811123078e-05,0.00019087537027705215,0.0,Germany,DEU,baden-wurttemberg,,,Linux-7.0.0-31-generic-x86_64-with-glibc2.43,3.14.4,3.3.0,24,Intel(R) Core(TM) Ultra 9 285K,1,1 x NVIDIA GeForce RTX 5090,9.2986,48.7383,60.81614303588867,machine,0.0,0.0,0.0,0.0,N
dynamics_model_update_86,2026-09-15T16:57:53,mbpo_HalfCheetah-v5_seed85062,ecef5757-8ec3-4d83-9eb8-ec3d2c19e368,22.08417965201079,0.00026657603350931786,1.2070905707896551e-05,25.53225293098367,77.32179362569397,20.0,0.00014557264368023765,0.00043150701187211205,0.00012268680594998936,0.0006997664615023408,0.0,Germany,DEU,baden-wurttemberg,,,Linux-7.0.0-31-generic-x86_64-with-glibc2.43,3.14.4,3.3.0,24,Intel(R) Core(TM) Ultra 9 285K,1,1 x NVIDIA GeForce RTX 5090,9.2986,48.7383,60.81614303588867,machine,0.0,0.0,0.0,0.0,N
rollout_86,2026-09-15T16:57:53,mbpo_HalfCheetah-v5_seed85062,ecef5757-8ec3-4d83-9eb8-ec3d2c19e368,0.19726841100782622,2.508477241720125e-06,1.2715315710034476e-05,25.55592367105872,77.28967675769648,20.0,1.8710801079693806e-06,3.6191695620413356e-06,1.094544244470766e-06,6.584793914479747e-06,0.0,Germany,DEU,baden-wurttemberg,,,Linux-7.0.0-31-generic-x86_64-with-glibc2.43,3.14.4,3.3.0,24,Intel(R) Core(TM) Ultra 9 285K,1,1 x NVIDIA GeForce RTX 5090,9.2986,48.7383,60.81614303588867,machine,0.0,0.0,0.0,0.0,N
synthetic_rollout_generation_86,2026-09-15T16:57:53,mbpo_HalfCheetah-v5_seed85062,ecef5757-8ec3-4d83-9eb8-ec3d2c19e368,0.006114025003626011,3.1382128312662516e-08,5.12552827040862e-06,25.54689918658107,77.06884910981735,20.0,5.067587387219685e-08,0.0,3.1702727816204646e-08,8.237860169013622e-08,0.0,Germany,DEU,baden-wurttemberg,,,Linux-7.0.0-31-generic-x86_64-with-glibc2.43,3.14.4,3.3.0,24,Intel(R) Core(TM) Ultra 9 285K,1,1 x NVIDIA GeForce RTX 5090,9.2986,48.7383,60.81614303588867,machine,0.0,0.0,0.0,0.0,N
gradient_updates_86,2026-09-15T16:57:58,mbpo_HalfCheetah-v5_seed85062,ecef5757-8ec3-4d83-9eb8-ec3d2c19e368,4.085401999996975,7.301256159867806e-05,1.7871607611617e-05,25.54057727762724,77.19639576011434,20.0,3.0712395681004034e-05,0.00013825261060196326,2.2694165783387205e-05,0.00019165917206635796,0.0,Germany,DEU,baden-wurttemberg,,,Linux-7.0.0-31-generic-x86_64-with-glibc2.43,3.14.4,3.3.0,24,Intel(R) Core(TM) Ultra 9 285K,1,1 x NVIDIA GeForce RTX 5090,9.2986,48.7383,60.81614303588867,machine,0.0,0.0,0.0,0.0,N
dynamics_model_update_87,2026-09-15T16:58:11,mbpo_HalfCheetah-v5_seed85062,ecef5757-8ec3-4d83-9eb8-ec3d2c19e368,13.417757105009514,0.00016165749756476624,1.2048004939842916e-05,25.544222896375132,77.17587360110086,20.0,8.902506094221607e-05,0.00026078881974189727,7.453970263328856e-05,0.00042435358331740364,0.0,Germany,DEU,baden-wurttemberg,,,Linux-7.0.0-31-generic-x86_64-with-glibc2.43,3.14.4,3.3.0,24,Intel(R) Core(TM) Ultra 9 285K,1,1 x NVIDIA GeForce RTX 5090,9.2986,48.7383,60.81614303588867,machine,0.0,0.0,0.0,0.0,N
rollout_87,2026-09-15T16:58:11,mbpo_HalfCheetah-v5_seed85062,ecef5757-8ec3-4d83-9eb8-ec3d2c19e368,0.20696636600769125,2.4139392137134674e-06,1.1663839195755096e-05,25.546311176206615,77.1379963151356,20.0,1.5253845536342125e-06,3.663336264114747e-06,1.1479092221836074e-06,6.336630039932567e-06,0.0,Germany,DEU,baden-wurttemberg,,,Linux-7.0.0-31-generic-x86_64-with-glibc2.43,3.14.4,3.3.0,24,Intel(R) Core(TM) Ultra 9 285K,1,1 x NVIDIA GeForce RTX 5090,9.2986,48.7383,60.81614303588867,machine,0.0,0.0,0.0,0.0,N
synthetic_rollout_generation_87,2026-09-15T16:58:11,mbpo_HalfCheetah-v5_seed85062,ecef5757-8ec3-4d83-9eb8-ec3d2c19e368,0.00610313999641221,3.078195150857388e-08,5.034794217592833e-06,25.534533100868163,76.92009237074255,20.0,4.8590872200882096e-08,0.0,3.221225552962892e-08,8.080312773051102e-08,0.0,Germany,DEU,baden-wurttemberg,,,Linux-7.0.0-31-generic-x86_64-with-glibc2.43,3.14.4,3.3.0,24,Intel(R) Core(TM) Ultra 9 285K,1,1 x NVIDIA GeForce RTX 5090,9.2986,48.7383,60.81614303588867,machine,0.0,0.0,0.0,0.0,N
gradient_updates_87,2026-09-15T16:58:15,mbpo_HalfCheetah-v5_seed85062,ecef5757-8ec3-4d83-9eb8-ec3d2c19e368,4.092842536003445,7.263419245017583e-05,1.774667440630544e-05,25.52577137039611,77.04452161271332,20.0,3.0271163383568944e-05,0.000137658999015855,2.273578444445673e-05,0.00019066594684388066,0.0,Germany,DEU,baden-wurttemberg,,,Linux-7.0.0-31-generic-x86_64-with-glibc2.43,3.14.4,3.3.0,24,Intel(R) Core(TM) Ultra 9 285K,1,1 x NVIDIA GeForce RTX 5090,9.2986,48.7383,60.81614303588867,machine,0.0,0.0,0.0,0.0,N
dynamics_model_update_88,2026-09-15T16:58:31,mbpo_HalfCheetah-v5_seed85062,ecef5757-8ec3-4d83-9eb8-ec3d2c19e368,15.662624205011525,0.00019235991773207395,1.2281460077422379e-05,25.5286668621936,77.02572124237948,20.0,0.00011186512226980805,0.0003060713559681627,8.701146173334569e-05,0.0005049479399713147,0.0,Germany,DEU,baden-wurttemberg,,,Linux-7.0.0-31-generic-x86_64-with-glibc2.43,3.14.4,3.3.0,24,Intel(R) Core(TM) Ultra 9 285K,1,1 x NVIDIA GeForce RTX 5090,9.2986,48.7383,60.81614303588867,machine,0.0,0.0,0.0,0.0,N
rollout_88,2026-09-15T16:58:31,mbpo_HalfCheetah-v5_seed85062,ecef5757-8ec3-4d83-9eb8-ec3d2c19e368,0.19765246500901412,2.497179734366889e-06,1.263430481740249e-05,25.548854641542427,76.99606259355417,20.0,1.8154025634223303e-06,3.6433362478049958e-06,1.096398961090636e-06,6.555137772319697e-06,0.0,Germany,DEU,baden-wurttemberg,,,Linux-7.0.0-31-generic-x86_64-with-glibc2.43,3.14.4,3.3.0,24,Intel(R) Core(TM) Ultra 9 285K,1,1 x NVIDIA GeForce RTX 5090,9.2986,48.7383,60.81614303588867,machine,0.0,0.0,0.0,0.0,N
synthetic_rollout_generation_88,2026-09-15T16:58:31,mbpo_HalfCheetah-v5_seed85062,ecef5757-8ec3-4d83-9eb8-ec3d2c19e368,0.006111003996920772,3.133831474530502e-08,5.1199235381105034e-06,25.539673547284725,76.7809897930135,20.0,5.0421707011027994e-08,0.0,3.184188333490989e-08,8.226359034940733e-08,0.0,Germany,DEU,baden-wurttemberg,,,Linux-7.0.0-31-generic-x86_64-with-glibc2.43,3.14.4,3.3.0,24,Intel(R) Core(TM) Ultra 9 285K,1,1 x NVIDIA GeForce RTX 5090,9.2986,48.7383,60.81614303588867,machine,0.0,0.0,0.0,0.0,N
gradient_updates_88,2026-09-15T16:58:35,mbpo_HalfCheetah-v5_seed85062,ecef5757-8ec3-4d83-9eb8-ec3d2c19e368,4.1134925140067935,7.243417616995679e-05,1.760894989791653e-05,25.532562576691728,76.9028212665095,20.0,2.9592775618640654e-05,0.00013769761015813842,2.2850515049988376e-05,0.0001901409008267657,0.0,Germany,DEU,baden-wurttemberg,,,Linux-7.0.0-31-generic-x86_64-with-glibc2.43,3.14.4,3.3.0,24,Intel(R) Core(TM) Ultra 9 285K,1,1 x NVIDIA GeForce RTX 5090,9.2986,48.7383,60.81614303588867,machine,0.0,0.0,0.0,0.0,N
dynamics_model_update_89,2026-09-15T16:59:00,mbpo_HalfCheetah-v5_seed85062,ecef5757-8ec3-4d83-9eb8-ec3d2c19e368,25.069145140994806,0.0003004783604416972,1.1985974225615939e-05,25.533261574447042,76.88371500371291,20.0,0.00016183722946967738,0.00048764539011592056,0.00013927800632777126,0.0007887606259133692,0.0,Germany,DEU,baden-wurttemberg,,,Linux-7.0.0-31-generic-x86_64-with-glibc2.43,3.14.4,3.3.0,24,Intel(R) Core(TM) Ultra 9 285K,1,1 x NVIDIA GeForce RTX 5090,9.2986,48.7383,60.81614303588867,machine,0.0,0.0,0.0,0.0,N
rollout_89,2026-09-15T16:59:01,mbpo_HalfCheetah-v5_seed85062,ecef5757-8ec3-4d83-9eb8-ec3d2c19e368,0.20525994899799116,2.373685217906679e-06,1.156452517042666e-05,25.533096394952363,76.84705530789857,20.0,1.466943395776743e-06,3.6252806780989744e-06,1.1387385666448285e-06,6.230962640518811e-06,0.0,Germany,DEU,baden-wurttemberg,,,Linux-7.0.0-31-generic-x86_64-with-glibc2.43,3.14.4,3.3.0,24,Intel(R) Core(TM) Ultra 9 285K,1,1 x NVIDIA GeForce RTX 5090,9.2986,48.7383,60.81614303588867,machine,0.0,0.0,0.0,0.0,N
synthetic_rollout_generation_89,2026-09-15T16:59:01,mbpo_HalfCheetah-v5_seed85062,ecef5757-8ec3-4d83-9eb8-ec3d2c19e368,0.006098915007896721,3.030714350663044e-08,4.960881051925168e-06,25.51978107053711,76.63477062472758,20.0,4.7200593322749285e-08,0.0,3.235615561938965e-08,7.955674893866949e-08,0.0,Germany,DEU,baden-wurttemberg,,,Linux-7.0.0-31-generic-x86_64-with-glibc2.43,3.14.4,3.3.0,24,Intel(R) Core(TM) Ultra 9 285K,1,1 x NVIDIA GeForce RTX 5090,9.2986,48.7383,60.81614303588867,machine,0.0,0.0,0.0,0.0,N
gradient_updates_89,2026-09-15T16:59:05,mbpo_HalfCheetah-v5_seed85062,ecef5757-8ec3-4d83-9eb8-ec3d2c19e368,4.330945222012815,7.482005462367686e-05,1.7275712529327806e-05,25.51002851949239,76.74382326494377,20.0,3.255275493107418e-05,0.00013979483405801574,2.4056281922256104e-05,0.00019640387091134776,0.0,Germany,DEU,baden-wurttemberg,,,Linux-7.0.0-31-generic-x86_64-with-glibc2.43,3.14.4,3.3.0,24,Intel(R) Core(TM) Ultra 9 285K,1,1 x NVIDIA GeForce RTX 5090,9.2986,48.7383,60.81614303588867,machine,0.0,0.0,0.0,0.0,N
dynamics_model_update_90,2026-09-15T16:59:20,mbpo_HalfCheetah-v5_seed85062,ecef5757-8ec3-4d83-9eb8-ec3d2c19e368,14.842642586998409,0.000194485071885242,1.310313010923976e-05,25.51494583119486,76.73346216350009,20.0,0.00012721764121847307,0.0003008527406820338,8.245612258890242e-05,0.0005105265044894128,0.0,Germany,DEU,baden-wurttemberg,,,Linux-7.0.0-31-generic-x86_64-with-glibc2.43,3.14.4,3.3.0,24,Intel(R) Core(TM) Ultra 9 285K,1,1 x NVIDIA GeForce RTX 5090,9.2986,48.7383,60.81614303588867,machine,0.0,0.0,0.0,0.0,N
rollout_90,2026-09-15T16:59:20,mbpo_HalfCheetah-v5_seed85062,ecef5757-8ec3-4d83-9eb8-ec3d2c19e368,0.1969513179938076,2.5373065410949636e-06,1.288237697696495e-05,25.536550830445996,76.7097577187363,20.0,1.846225365864651e-06,3.7213918657741374e-06,1.092854066681373e-06,6.660471298318427e-06,0.0,Germany,DEU,baden-wurttemberg,,,Linux-7.0.0-31-generic-x86_64-with-glibc2.43,3.14.4,3.3.0,24,Intel(R) Core(TM) Ultra 9 285K,1,1 x NVIDIA GeForce RTX 5090,9.2986,48.7383,60.81614303588867,machine,0.0,0.0,0.0,0.0,N
synthetic_rollout_generation_90,2026-09-15T16:59:20,mbpo_HalfCheetah-v5_seed85062,ecef5757-8ec3-4d83-9eb8-ec3d2c19e368,0.006043952002073638,3.1345842720076345e-08,5.1766500190763244e-06,25.52779016393709,76.50016821677254,20.0,5.0353929172131107e-08,0.0,3.19294222415889e-08,8.228335141025056e-08,0.0,Germany,DEU,baden-wurttemberg,,,Linux-7.0.0-31-generic-x86_64-with-glibc2.43,3.14.4,3.3.0,24,Intel(R) Core(TM) Ultra 9 285K,1,1 x NVIDIA GeForce RTX 5090,9.2986,48.7383,60.81614303588867,machine,0.0,0.0,0.0,0.0,N
gradient_updates_90,2026-09-15T16:59:24,mbpo_HalfCheetah-v5_seed85062,ecef5757-8ec3-4d83-9eb8-ec3d2c19e368,4.428510540994466,7.47888955124551e-05,1.6888080155600627e-05,25.520200804132823,76.60562182243551,20.0,3.001883429282204e-05,0.0001417028911403495,2.4600352300008232e-05,0.00019632207773317978,0.0,Germany,DEU,baden-wurttemberg,,,Linux-7.0.0-31-generic-x86_64-with-glibc2.43,3.14.4,3.3.0,24,Intel(R) Core(TM) Ultra 9 285K,1,1 x NVIDIA GeForce RTX 5090,9.2986,48.7383,60.81614303588867,machine,0.0,0.0,0.0,0.0,N
dynamics_model_update_91,2026-09-15T16:59:40,mbpo_HalfCheetah-v5_seed85062,ecef5757-8ec3-4d83-9eb8-ec3d2c19e368,15.132081657997333,0.00019519754824606078,1.2899565833610503e-05,25.517969072674433,76.594744106857,20.0,0.00012319324438785084,0.0003051449663378225,8.40585559000219e-05,0.0005123967666256987,0.0,Germany,DEU,baden-wurttemberg,,,Linux-7.0.0-31-generic-x86_64-with-glibc2.43,3.14.4,3.3.0,24,Intel(R) Core(TM) Ultra 9 285K,1,1 x NVIDIA GeForce RTX 5090,9.2986,48.7383,60.81614303588867,machine,0.0,0.0,0.0,0.0,N
rollout_91,2026-09-15T16:59:40,mbpo_HalfCheetah-v5_seed85062,ecef5757-8ec3-4d83-9eb8-ec3d2c19e368,0.19757606499479152,2.4711427977462674e-06,1.2507461515346341e-05,25.53848874379408,76.56338899018589,20.0,1.8350528569258118e-06,3.5577806241082754e-06,1.0939569054842918e-06,6.486790386520114e-06,0.0,Germany,DEU,baden-wurttemberg,,,Linux-7.0.0-31-generic-x86_64-with-glibc2.43,3.14.4,3.3.0,24,Intel(R) Core(TM) Ultra 9 285K,1,1 x NVIDIA GeForce RTX 5090,9.2986,48.7383,60.81614303588867,machine,0.0,0.0,0.0,0.0,N
synthetic_rollout_generation_91,2026-09-15T16:59:40,mbpo_HalfCheetah-v5_seed85062,ecef5757-8ec3-4d83-9eb8-ec3d2c19e368,0.00608551999903284,3.1523194176513725e-08,5.172346926053028e-06,25.530306845235824,76.35646091183402,20.0,5.104892972229713e-08,0.0,3.169997216979914e-08,8.274890189036155e-08,0.0,Germany,DEU,baden-wurttemberg,,,Linux-7.0.0-31-generic-x86_64-with-glibc2.43,3.14.4,3.3.0,24,Intel(R) Core(TM) Ultra 9 285K,1,1 x NVIDIA GeForce RTX 5090,9.2986,48.7383,60.81614303588867,machine,0.0,0.0,0.0,0.0,N
gradient_updates_91,2026-09-15T16:59:44,mbpo_HalfCheetah-v5_seed85062,ecef5757-8ec3-4d83-9eb8-ec3d2c19e368,4.4062498310086085,7.551295253127241e-05,1.7137736825804854e-05,25.523595260210328,76.46548662735778,20.0,3.0803270198151433e-05,0.00014294428102190615,2.4475188066652026e-05,0.00019822273928671308,0.0,Germany,DEU,baden-wurttemberg,,,Linux-7.0.0-31-generic-x86_64-with-glibc2.43,3.14.4,3.3.0,24,Intel(R) Core(TM) Ultra 9 285K,1,1 x NVIDIA GeForce RTX 5090,9.2986,48.7383,60.81614303588867,machine,0.0,0.0,0.0,0.0,N
dynamics_model_update_92,2026-09-15T16:59:56,mbpo_HalfCheetah-v5_seed85062,ecef5757-8ec3-4d83-9eb8-ec3d2c19e368,11.421755895004026,0.00014768410027801715,1.2930074048824984e-05,25.523755183952964,76.45324842525433,20.0,9.606448768486459e-05,0.0002281557380801047,6.345296042224377e-05,0.0003876731861872096,0.0,Germany,DEU,baden-wurttemberg,,,Linux-7.0.0-31-generic-x86_64-with-glibc2.43,3.14.4,3.3.0,24,Intel(R) Core(TM) Ultra 9 285K,1,1 x NVIDIA GeForce RTX 5090,9.2986,48.7383,60.81614303588867,machine,0.0,0.0,0.0,0.0,N
rollout_92,2026-09-15T16:59:56,mbpo_HalfCheetah-v5_seed85062,ecef5757-8ec3-4d83-9eb8-ec3d2c19e368,0.19602801899600308,2.5449123108624294e-06,1.2982063444519798e-05,25.545109863103935,76.43313188665071,20.0,1.84236008499844e-06,3.7505585559483023e-06,1.0875179277912428e-06,6.680436568741455e-06,0.0,Germany,DEU,baden-wurttemberg,,,Linux-7.0.0-31-generic-x86_64-with-glibc2.43,3.14.4,3.3.0,24,Intel(R) Core(TM) Ultra 9 285K,1,1 x NVIDIA GeForce RTX 5090,9.2986,48.7383,60.81614303588867,machine,0.0,0.0,0.0,0.0,N
synthetic_rollout_generation_92,2026-09-15T16:59:56,mbpo_HalfCheetah-v5_seed85062,ecef5757-8ec3-4d83-9eb8-ec3d2c19e368,0.006127428001491353,2.9478278339156727e-08,4.803644196142348e-06,25.530616703574523,76.22876522385218,20.0,4.562392538765003e-08,0.0,3.175703887879633e-08,7.738096426818108e-08,0.0,Germany,DEU,baden-wurttemberg,,,Linux-7.0.0-31-generic-x86_64-with-glibc2.43,3.14.4,3.3.0,24,Intel(R) Core(TM) Ultra 9 285K,1,1 x NVIDIA GeForce RTX 5090,9.2986,48.7383,60.81614303588867,machine,0.0,0.0,0.0,0.0,N
gradient_updates_92,2026-09-15T17:00:00,mbpo_HalfCheetah-v5_seed85062,ecef5757-8ec3-4d83-9eb8-ec3d2c19e368,4.262352309000562,7.462369635098318e-05,1.7507666331846006e-05,25.519777018965776,76.3417932023962,20.0,3.178132292503549e-05,0.0001404292790101458,2.3677825288824852e-05,0.0001958884272240044,0.0,Germany,DEU,baden-wurttemberg,,,Linux-7.0.0-31-generic-x86_64-with-glibc2.43,3.14.4,3.3.0,24,Intel(R) Core(TM) Ultra 9 285K,1,1 x NVIDIA GeForce RTX 5090,9.2986,48.7383,60.81614303588867,machine,0.0,0.0,0.0,0.0,N
dynamics_model_update_93,2026-09-15T17:00:14,mbpo_HalfCheetah-v5_seed85062,ecef5757-8ec3-4d83-9eb8-ec3d2c19e368,14.144056641001953,0.00017129362835741763,1.2110629144935233e-05,25.52299232520367,76.32262686479025,20.0,9.94580192885744e-05,0.0002716157728477331,7.857479260556938e-05,0.00044964858474187686,0.0,Germany,DEU,baden-wurttemberg,,,Linux-7.0.0-31-generic-x86_64-with-glibc2.43,3.14.4,3.3.0,24,Intel(R) Core(TM) Ultra 9 285K,1,1 x NVIDIA GeForce RTX 5090,9.2986,48.7383,60.81614303588867,machine,0.0,0.0,0.0,0.0,N
rollout_93,2026-09-15T17:00:14,mbpo_HalfCheetah-v5_seed85062,ecef5757-8ec3-4d83-9eb8-ec3d2c19e368,0.19680851101293229,2.5500628189310814e-06,1.295601098042834e-05,25.5421639753925,76.30431669145258,20.0,1.8091636695485858e-06,3.792503034061312e-06,1.0922900333144858e-06,6.693956736927853e-06,0.0,Germany,DEU,baden-wurttemberg,,,Linux-7.0.0-31-generic-x86_64-with-glibc2.43,3.14.4,3.3.0,24,Intel(R) Core(TM) Ultra 9 285K,1,1 x NVIDIA GeForce RTX 5090,9.2986,48.7383,60.81614303588867,machine,0.0,0.0,0.0,0.0,N
synthetic_rollout_generation_93,2026-09-15T17:00:14,mbpo_HalfCheetah-v5_seed85062,ecef5757-8ec3-4d83-9eb8-ec3d2c19e368,0.005989390003378503,3.117482376413516e-08,5.205580917236064e-06,25.53495254664923,76.10245341978207,20.0,5.0676151649997614e-08,0.0,3.11582721932574e-08,8.183442384152029e-08,0.0,Germany,DEU,baden-wurttemberg,,,Linux-7.0.0-31-generic-x86_64-with-glibc2.43,3.14.4,3.3.0,24,Intel(R) Core(TM) Ultra 9 285K,1,1 x NVIDIA GeForce RTX 5090,9.2986,48.7383,60.81614303588867,machine,0.0,0.0,0.0,0.0,N
gradient_updates_93,2026-09-15T17:00:19,mbpo_HalfCheetah-v5_seed85062,ecef5757-8ec3-4d83-9eb8-ec3d2c19e368,4.083649522988708,7.254379841678191e-05,1.7764493485816025e-05,25.53014233976277,76.21981495237635,20.0,3.097628755878434e-05,0.00013676816496999145,2.268420849440081e-05,0.00019042866102318007,0.0,Germany,DEU,baden-wurttemberg,,,Linux-7.0.0-31-generic-x86_64-with-glibc2.43,3.14.4,3.3.0,24,Intel(R) Core(TM) Ultra 9 285K,1,1 x NVIDIA GeForce RTX 5090,9.2986,48.7383,60.81614303588867,machine,0.0,0.0,0.0,0.0,N
dynamics_model_update_94,2026-09-15T17:00:33,mbpo_HalfCheetah-v5_seed85062,ecef5757-8ec3-4d83-9eb8-ec3d2c19e368,14.535217337004724,0.00017126894490688063,1.1783034464788432e-05,25.533898021078663,76.2011117910975,20.0,8.979713739321049e-05,0.000279038278786059,8.07483740999787e-05,0.0004495837902792482,0.0,Germany,DEU,baden-wurttemberg,,,Linux-7.0.0-31-generic-x86_64-with-glibc2.43,3.14.4,3.3.0,24,Intel(R) Core(TM) Ultra 9 285K,1,1 x NVIDIA GeForce RTX 5090,9.2986,48.7383,60.81614303588867,machine,0.0,0.0,0.0,0.0,N
rollout_94,2026-09-15T17:00:33,mbpo_HalfCheetah-v5_seed85062,ecef5757-8ec3-4d83-9eb8-ec3d2c19e368,0.20451733999652788,3.027173522338056e-06,1.4800805714188168e-05,25.535000544747188,76.24726440281367,20.0,1.4892211913711262e-06,5.32333759184489e-06,1.1338213777994932e-06,7.94638016101551e-06,0.0,Germany,DEU,baden-wurttemberg,,,Linux-7.0.0-31-generic-x86_64-with-glibc2.43,3.14.4,3.3.0,24,Intel(R) Core(TM) Ultra 9 285K,1,1 x NVIDIA GeForce RTX 5090,9.2986,48.7383,60.81614303588867,machine,0.0,0.0,0.0,0.0,N
synthetic_rollout_generation_94,2026-09-15T17:00:33,mbpo_HalfCheetah-v5_seed85062,ecef5757-8ec3-4d83-9eb8-ec3d2c19e368,0.0061564299976453185,3.106090874435696e-08,5.0380280028437825e-06,25.524682902867582,76.04766423421992,20.0,4.9353650603822796e-08,0.0,3.2181744448120386e-08,8.15353950536779e-08,0.0,Germany,DEU,baden-wurttemberg,,,Linux-7.0.0-31-generic-x86_64-with-glibc2.43,3.14.4,3.3.0,24,Intel(R) Core(TM) Ultra 9 285K,1,1 x NVIDIA GeForce RTX 5090,9.2986,48.7383,60.81614303588867,machine,0.0,0.0,0.0,0.0,N
gradient_updates_94,2026-09-15T17:00:37,mbpo_HalfCheetah-v5_seed85062,ecef5757-8ec3-4d83-9eb8-ec3d2c19e368,4.100103937991662,7.282607395113494e-05,1.7762064922480203e-05,25.517471115030258,76.1635104896475,20.0,3.1264627511677634e-05,0.00013712955414812988,2.27754572721707e-05,0.00019116963893197475,0.0,Germany,DEU,baden-wurttemberg,,,Linux-7.0.0-31-generic-x86_64-with-glibc2.43,3.14.4,3.3.0,24,Intel(R) Core(TM) Ultra 9 285K,1,1 x NVIDIA GeForce RTX 5090,9.2986,48.7383,60.81614303588867,machine,0.0,0.0,0.0,0.0,N
dynamics_model_update_95,2026-09-15T17:01:01,mbpo_HalfCheetah-v5_seed85062,ecef5757-8ec3-4d83-9eb8-ec3d2c19e368,24.048360954999225,0.00029268727433147054,1.217076648150532e-05,25.52229381782506,76.14562677183777,20.0,0.0001718133235616634,0.0004628964814279435,0.0001335990920611138,0.0007683088970507207,0.0,Germany,DEU,baden-wurttemberg,,,Linux-7.0.0-31-generic-x86_64-with-glibc2.43,3.14.4,3.3.0,24,Intel(R) Core(TM) Ultra 9 285K,1,1 x NVIDIA GeForce RTX 5090,9.2986,48.7383,60.81614303588867,machine,0.0,0.0,0.0,0.0,N
rollout_95,2026-09-15T17:01:02,mbpo_HalfCheetah-v5_seed85062,ecef5757-8ec3-4d83-9eb8-ec3d2c19e368,0.19837998299044557,2.5497169304673772e-06,1.2852841180645428e-05,25.54141448848649,76.12538372662048,20.0,1.8303392420454534e-06,3.7622252320179683e-06,1.1004842999685904e-06,6.693048774028543e-06,0.0,Germany,DEU,baden-wurttemberg,,,Linux-7.0.0-31-generic-x86_64-with-glibc2.43,3.14.4,3.3.0,24,Intel(R) Core(TM) Ultra 9 285K,1,1 x NVIDIA GeForce RTX 5090,9.2986,48.7383,60.81614303588867,machine,0.0,0.0,0.0,0.0,N
synthetic_rollout_generation_95,2026-09-15T17:01:02,mbpo_HalfCheetah-v5_seed85062,ecef5757-8ec3-4d83-9eb8-ec3d2c19e368,0.005985705996863544,3.063139812631288e-08,5.112594302969743e-06,25.53246142791629,75.92816770660333,20.0,4.9133372634346806e-08,0.0,3.1274550000084944e-08,8.040792263269703e-08,0.0,Germany,DEU,baden-wurttemberg,,,Linux-7.0.0-31-generic-x86_64-with-glibc2.43,3.14.4,3.3.0,24,Intel(R) Core(TM) Ultra 9 285K,1,1 x NVIDIA GeForce RTX 5090,9.2986,48.7383,60.81614303588867,machine,0.0,0.0,0.0,0.0,N
gradient_updates_95,2026-09-15T17:01:06,mbpo_HalfCheetah-v5_seed85062,ecef5757-8ec3-4d83-9eb8-ec3d2c19e368,4.099203349993331,7.237757965392055e-05,1.7656536111338413e-05,25.526044736840454,76.04191880150353,20.0,3.064947868622325e-05,0.000136571775924077,2.277107943332926e-05,0.00018999233404362603,0.0,Germany,DEU,baden-wurttemberg,,,Linux-7.0.0-31-generic-x86_64-with-glibc2.43,3.14.4,3.3.0,24,Intel(R) Core(TM) Ultra 9 285K,1,1 x NVIDIA GeForce RTX 5090,9.2986,48.7383,60.81614303588867,machine,0.0,0.0,0.0,0.0,N
dynamics_model_update_96,2026-09-15T17:01:27,mbpo_HalfCheetah-v5_seed85062,ecef5757-8ec3-4d83-9eb8-ec3d2c19e368,21.64266948698787,0.00024302961340936374,1.1229197416617942e-05,25.528528905763487,76.02202126203201,20.0,0.00010699915365481455,0.0004107253285798862,0.00012023224019439005,0.0006379567224290908,0.0,Germany,DEU,baden-wurttemberg,,,Linux-7.0.0-31-generic-x86_64-with-glibc2.43,3.14.4,3.3.0,24,Intel(R) Core(TM) Ultra 9 285K,1,1 x NVIDIA GeForce RTX 5090,9.2986,48.7383,60.81614303588867,machine,0.0,0.0,0.0,0.0,N
rollout_96,2026-09-15T17:01:28,mbpo_HalfCheetah-v5_seed85062,ecef5757-8ec3-4d83-9eb8-ec3d2c19e368,0.2097465089900652,2.4209263623023447e-06,1.1541283252250777e-05,25.527161735320355,75.99087021810011,20.0,1.4707242321290726e-06,3.7202807541270033e-06,1.1639664333623623e-06,6.354971419618438e-06,0.0,Germany,DEU,baden-wurttemberg,,,Linux-7.0.0-31-generic-x86_64-with-glibc2.43,3.14.4,3.3.0,24,Intel(R) Core(TM) Ultra 9 285K,1,1 x NVIDIA GeForce RTX 5090,9.2986,48.7383,60.81614303588867,machine,0.0,0.0,0.0,0.0,N
synthetic_rollout_generation_96,2026-09-15T17:01:28,mbpo_HalfCheetah-v5_seed85062,ecef5757-8ec3-4d83-9eb8-ec3d2c19e368,0.006042926004738547,3.084681272219614e-08,5.098704888927563e-06,25.517923009730918,75.7960218329255,20.0,4.935365058994501e-08,0.0,3.161973889144465e-08,8.097338947965493e-08,0.0,Germany,DEU,baden-wurttemberg,,,Linux-7.0.0-31-generic-x86_64-with-glibc2.43,3.14.4,3.3.0,24,Intel(R) Core(TM) Ultra 9 285K,1,1 x NVIDIA GeForce RTX 5090,9.2986,48.7383,60.81614303588867,machine,0.0,0.0,0.0,0.0,N
gradient_updates_96,2026-09-15T17:01:32,mbpo_HalfCheetah-v5_seed85062,ecef5757-8ec3-4d83-9eb8-ec3d2c19e368,4.091417756993906,7.250797031738143e-05,1.77219909585842e-05,25.511158790854925,75.91113323319613,20.0,3.0324670648604335e-05,0.00013728233204801654,2.2727608977826663e-05,0.00019033461167444754,0.0,Germany,DEU,baden-wurttemberg,,,Linux-7.0.0-31-generic-x86_64-with-glibc2.43,3.14.4,3.3.0,24,Intel(R) Core(TM) Ultra 9 285K,1,1 x NVIDIA GeForce RTX 5090,9.2986,48.7383,60.81614303588867,machine,0.0,0.0,0.0,0.0,N
dynamics_model_update_97,2026-09-15T17:01:54,mbpo_HalfCheetah-v5_seed85062,ecef5757-8ec3-4d83-9eb8-ec3d2c19e368,22.0572650039976,0.00026690392836032154,1.2100490541869875e-05,25.51397078933008,75.89341587650804,20.0,0.0001555440749907086,0.00042254589359180805,0.0001225372222832654,0.0007006271908657838,0.0,Germany,DEU,baden-wurttemberg,,,Linux-7.0.0-31-generic-x86_64-with-glibc2.43,3.14.4,3.3.0,24,Intel(R) Core(TM) Ultra 9 285K,1,1 x NVIDIA GeForce RTX 5090,9.2986,48.7383,60.81614303588867,machine,0.0,0.0,0.0,0.0,N
rollout_97,2026-09-15T17:01:54,mbpo_HalfCheetah-v5_seed85062,ecef5757-8ec3-4d83-9eb8-ec3d2c19e368,0.1969880239921622,1.7886321494950397e-06,9.079491768308196e-06,25.53482164673289,75.78120182911974,20.0,1.8636712131592237e-06,1.7383347241661795e-06,1.0931828000240035e-06,4.695188737351141e-06,0.0,Germany,DEU,baden-wurttemberg,,,Linux-7.0.0-31-generic-x86_64-with-glibc2.43,3.14.4,3.3.0,24,Intel(R) Core(TM) Ultra 9 285K,1,1 x NVIDIA GeForce RTX 5090,9.2986,48.7383,60.81614303588867,machine,0.0,0.0,0.0,0.0,N
synthetic_rollout_generation_97,2026-09-15T17:01:54,mbpo_HalfCheetah-v5_seed85062,ecef5757-8ec3-4d83-9eb8-ec3d2c19e368,0.006092210998758674,3.1468695115000056e-08,5.165420986858016e-06,25.527789577816648,75.58886375341132,20.0,5.1252263225110006e-08,0.0,3.1353577732359805e-08,8.260584095920454e-08,0.0,Germany,DEU,baden-wurttemberg,,,Linux-7.0.0-31-generic-x86_64-with-glibc2.43,3.14.4,3.3.0,24,Intel(R) Core(TM) Ultra 9 285K,1,1 x NVIDIA GeForce RTX 5090,9.2986,48.7383,60.81614303588867,machine,0.0,0.0,0.0,0.0,N
gradient_updates_97,2026-09-15T17:01:58,mbpo_HalfCheetah-v5_seed85062,ecef5757-8ec3-4d83-9eb8-ec3d2c19e368,4.114195468995604,7.233618958060045e-05,1.758212926110284e-05,25.522719045590083,75.70032425150798,20.0,3.037766930212571e-05,0.00013665705376997295,2.2848961350003735e-05,0.00018988368442210413,0.0,Germany,DEU,baden-wurttemberg,,,Linux-7.0.0-31-generic-x86_64-with-glibc2.43,3.14.4,3.3.0,24,Intel(R) Core(TM) Ultra 9 285K,1,1 x NVIDIA GeForce RTX 5090,9.2986,48.7383,60.81614303588867,machine,0.0,0.0,0.0,0.0,N
dynamics_model_update_98,2026-09-15T17:02:28,mbpo_HalfCheetah-v5_seed85062,ecef5757-8ec3-4d83-9eb8-ec3d2c19e368,29.714047206987743,0.0003592009656676713,1.2088592103618868e-05,25.525274969260817,75.68254780362012,20.0,0.0002111228450092581,0.0005667107311460029,0.00016507485190005514,0.0009429084280553127,0.0,Germany,DEU,baden-wurttemberg,,,Linux-7.0.0-31-generic-x86_64-with-glibc2.43,3.14.4,3.3.0,24,Intel(R) Core(TM) Ultra 9 285K,1,1 x NVIDIA GeForce RTX 5090,9.2986,48.7383,60.81614303588867,machine,0.0,0.0,0.0,0.0,N
rollout_98,2026-09-15T17:02:28,mbpo_HalfCheetah-v5_seed85062,ecef5757-8ec3-4d83-9eb8-ec3d2c19e368,0.1970904839981813,2.500342433695013e-06,1.2685799033239113e-05,25.547712954919838,75.65628430326315,20.0,1.9050904129583324e-06,3.5658361858814658e-06,1.0925133111117785e-06,6.563439909949842e-06,0.0,Germany,DEU,baden-wurttemberg,,,Linux-7.0.0-31-generic-x86_64-with-glibc2.43,3.14.4,3.3.0,24,Intel(R) Core(TM) Ultra 9 285K,1,1 x NVIDIA GeForce RTX 5090,9.2986,48.7383,60.81614303588867,machine,0.0,0.0,0.0,0.0,N
synthetic_rollout_generation_98,2026-09-15T17:02:28,mbpo_HalfCheetah-v5_seed85062,ecef5757-8ec3-4d83-9eb8-ec3d2c19e368,0.006100730010075495,3.4958684336228174e-08,5.724301052078994e-06,25.54948763411469,75.46619313667203,20.0,5.961088102302003e-08,0.0,3.2156238900793443e-08,9.176711992381348e-08,0.0,Germany,DEU,baden-wurttemberg,,,Linux-7.0.0-31-generic-x86_64-with-glibc2.43,3.14.4,3.3.0,24,Intel(R) Core(TM) Ultra 9 285K,1,1 x NVIDIA GeForce RTX 5090,9.2986,48.7383,60.81614303588867,machine,0.0,0.0,0.0,0.0,N
gradient_updates_98,2026-09-15T17:02:32,mbpo_HalfCheetah-v5_seed85062,ecef5757-8ec3-4d83-9eb8-ec3d2c19e368,4.095725085004233,7.260122548849446e-05,1.772613437028379e-05,25.551867495113452,75.57788626450765,20.0,3.127830918929486e-05,0.00013654927590600607,2.2751822933302773e-05,0.00019057940802860024,0.0,Germany,DEU,baden-wurttemberg,,,Linux-7.0.0-31-generic-x86_64-with-glibc2.43,3.14.4,3.3.0,24,Intel(R) Core(TM) Ultra 9 285K,1,1 x NVIDIA GeForce RTX 5090,9.2986,48.7383,60.81614303588867,machine,0.0,0.0,0.0,0.0,N
dynamics_model_update_99,2026-09-15T17:02:52,mbpo_HalfCheetah-v5_seed85062,ecef5757-8ec3-4d83-9eb8-ec3d2c19e368,20.01003775501158,0.00024270399195605238,1.212909793682449e-05,25.556464057465902,75.56144637552956,20.0,0.00014240836614883012,0.0003835291957119402,0.00011116439891112502,0.0006371019607718936,0.0,Germany,DEU,baden-wurttemberg,,,Linux-7.0.0-31-generic-x86_64-with-glibc2.43,3.14.4,3.3.0,24,Intel(R) Core(TM) Ultra 9 285K,1,1 x NVIDIA GeForce RTX 5090,9.2986,48.7383,60.81614303588867,machine,0.0,0.0,0.0,0.0,N
rollout_99,2026-09-15T17:02:52,mbpo_HalfCheetah-v5_seed85062,ecef5757-8ec3-4d83-9eb8-ec3d2c19e368,0.20512909699755255,2.3661817329517776e-06,1.1534528044446752e-05,25.556702182168596,75.53048390133685,20.0,1.4765395145652227e-06,3.596113988146854e-06,1.1386123666950326e-06,6.211265869408844e-06,0.0,Germany,DEU,baden-wurttemberg,,,Linux-7.0.0-31-generic-x86_64-with-glibc2.43,3.14.4,3.3.0,24,Intel(R) Core(TM) Ultra 9 285K,1,1 x NVIDIA GeForce RTX 5090,9.2986,48.7383,60.81614303588867,machine,0.0,0.0,0.0,0.0,N
synthetic_rollout_generation_99,2026-09-15T17:02:52,mbpo_HalfCheetah-v5_seed85062,ecef5757-8ec3-4d83-9eb8-ec3d2c19e368,0.00605664899921976,3.171099840354463e-08,5.2282800991715296e-06,25.54962463768138,75.34259712546287,20.0,5.1388096666826755e-08,0.0,3.18537944007935e-08,8.324189106762026e-08,0.0,Germany,DEU,baden-wurttemberg,,,Linux-7.0.0-31-generic-x86_64-with-glibc2.43,3.14.4,3.3.0,24,Intel(R) Core(TM) Ultra 9 285K,1,1 x NVIDIA GeForce RTX 5090,9.2986,48.7383,60.81614303588867,machine,0.0,0.0,0.0,0.0,N
gradient_updates_99,2026-09-15T17:02:56,mbpo_HalfCheetah-v5_seed85062,ecef5757-8ec3-4d83-9eb8-ec3d2c19e368,4.085901582002407,7.195874421102311e-05,1.761150759857173e-05,25.54448490520772,75.45312238701857,20.0,3.014300661438596e-05,0.00013605288662010828,2.2696990899970584e-05,0.0001888928841344631,0.0,Germany,DEU,baden-wurttemberg,,,Linux-7.0.0-31-generic-x86_64-with-glibc2.43,3.14.4,3.3.0,24,Intel(R) Core(TM) Ultra 9 285K,1,1 x NVIDIA GeForce RTX 5090,9.2986,48.7383,60.81614303588867,machine,0.0,0.0,0.0,0.0,N
idle_baseline_tail,2026-09-15T17:04:26,mbpo_HalfCheetah-v5_seed85062,ecef5757-8ec3-4d83-9eb8-ec3d2c19e368,90.00390932599839,0.0006257597253593074,6.952584466813737e-06,25.54665605473553,75.34135900329746,20.0,0.0003850761588940141,0.0007575397726977684,0.0005000136139110614,0.001642629545502844,0.0,Germany,DEU,baden-wurttemberg,,,Linux-7.0.0-31-generic-x86_64-with-glibc2.43,3.14.4,3.3.0,24,Intel(R) Core(TM) Ultra 9 285K,1,1 x NVIDIA GeForce RTX 5090,9.2986,48.7383,60.81614303588867,machine,0.0,0.0,0.0,0.0,N
