task_name,timestamp,project_name,run_id,duration,emissions,emissions_rate,cpu_power,gpu_power,ram_power,cpu_energy,gpu_energy,ram_energy,energy_consumed,water_consumed,country_name,country_iso_code,region,cloud_provider,cloud_region,os,python_version,codecarbon_version,cpu_count,cpu_model,gpu_count,gpu_model,longitude,latitude,ram_total_size,tracking_mode,cpu_utilization_percent,gpu_utilization_percent,ram_utilization_percent,ram_used_gb,on_cloud
idle_baseline_head,2026-09-19T03:22:26,tdmpc2_HalfCheetah-v5_seed331,45914c94-447a-4c38-bb9f-735bd6521cbb,90.00346919099684,0.0006051692649742135,6.723843548957507e-06,11.748397712260445,12.697323778083195,20.0,0.0004147902754430659,0.0006566408030901361,0.0005171481706444159,0.0015885792491776177,0.0,Germany,DEU,baden-wurttemberg,,,Linux-7.0.0-31-generic-x86_64-with-glibc2.43,3.14.4,3.3.0,24,Intel(R) Core(TM) Ultra 9 285K,1,1 x NVIDIA GeForce RTX 5090,9.2986,48.7383,60.81615447998047,machine,0.0,0.0,0.0,0.0,N
warmup_0,2026-09-19T03:22:27,tdmpc2_HalfCheetah-v5_seed331,45914c94-447a-4c38-bb9f-735bd6521cbb,0.1597075669997139,2.2528289731686517e-06,1.4104323275723039e-05,20.135177199173057,33.7114879149972,20.0,1.6627982746854342e-06,3.363336023909369e-06,8.87578716679484e-07,5.913713015274179e-06,0.0,Germany,DEU,baden-wurttemberg,,,Linux-7.0.0-31-generic-x86_64-with-glibc2.43,3.14.4,3.3.0,24,Intel(R) Core(TM) Ultra 9 285K,1,1 x NVIDIA GeForce RTX 5090,9.2986,48.7383,60.81615447998047,machine,0.0,0.0,0.0,0.0,N
world_model_pretrain_0,2026-09-19T03:23:13,tdmpc2_HalfCheetah-v5_seed331,45914c94-447a-4c38-bb9f-735bd6521cbb,45.761412305000704,0.00068705643623749,1.5013886849057722e-05,24.275332321421903,48.97682747401224,20.0,0.00034466944767978097,0.0012046476303837483,0.00025421733914998993,0.001803534417213519,0.0,Germany,DEU,baden-wurttemberg,,,Linux-7.0.0-31-generic-x86_64-with-glibc2.43,3.14.4,3.3.0,24,Intel(R) Core(TM) Ultra 9 285K,1,1 x NVIDIA GeForce RTX 5090,9.2986,48.7383,60.81615447998047,machine,0.0,0.0,0.0,0.0,N
rollout_0,2026-09-19T03:23:20,tdmpc2_HalfCheetah-v5_seed331,45914c94-447a-4c38-bb9f-735bd6521cbb,6.741091049007082,0.00014420265601290563,2.1391594831505587e-05,24.98413748009572,69.1995382702078,20.0,6.0042958034328686e-05,0.00028104216927804515,3.744921056111504e-05,0.000378534337873489,0.0,Germany,DEU,baden-wurttemberg,,,Linux-7.0.0-31-generic-x86_64-with-glibc2.43,3.14.4,3.3.0,24,Intel(R) Core(TM) Ultra 9 285K,1,1 x NVIDIA GeForce RTX 5090,9.2986,48.7383,60.81615447998047,machine,0.0,0.0,0.0,0.0,N
gradient_updates_0,2026-09-19T03:23:28,tdmpc2_HalfCheetah-v5_seed331,45914c94-447a-4c38-bb9f-735bd6521cbb,8.94754472799832,0.00013856639872874047,1.5486548392911587e-05,26.12746775484725,73.69671622968076,20.0,7.498923776912136e-05,0.00023904408012409561,4.97057521389151e-05,0.00036373907003213165,0.0,Germany,DEU,baden-wurttemberg,,,Linux-7.0.0-31-generic-x86_64-with-glibc2.43,3.14.4,3.3.0,24,Intel(R) Core(TM) Ultra 9 285K,1,1 x NVIDIA GeForce RTX 5090,9.2986,48.7383,60.81615447998047,machine,0.0,0.0,0.0,0.0,N
rollout_1,2026-09-19T03:23:35,tdmpc2_HalfCheetah-v5_seed331,45914c94-447a-4c38-bb9f-735bd6521cbb,6.654067177994875,0.00014311932378968813,2.150855946877928e-05,26.756144671556708,84.67491367908228,20.0,6.04828003306461e-05,0.0002782432781500699,3.696449453329681e-05,0.0003756905730140127,0.0,Germany,DEU,baden-wurttemberg,,,Linux-7.0.0-31-generic-x86_64-with-glibc2.43,3.14.4,3.3.0,24,Intel(R) Core(TM) Ultra 9 285K,1,1 x NVIDIA GeForce RTX 5090,9.2986,48.7383,60.81615447998047,machine,0.0,0.0,0.0,0.0,N
gradient_updates_1,2026-09-19T03:23:44,tdmpc2_HalfCheetah-v5_seed331,45914c94-447a-4c38-bb9f-735bd6521cbb,9.33681393799634,0.0001405538431025889,1.5053705504653373e-05,27.43208884393313,85.96971883148073,20.0,7.06269781682034e-05,0.0002464613082797662,5.186785767222722e-05,0.0003689561441201968,0.0,Germany,DEU,baden-wurttemberg,,,Linux-7.0.0-31-generic-x86_64-with-glibc2.43,3.14.4,3.3.0,24,Intel(R) Core(TM) Ultra 9 285K,1,1 x NVIDIA GeForce RTX 5090,9.2986,48.7383,60.81615447998047,machine,0.0,0.0,0.0,0.0,N
rollout_2,2026-09-19T03:23:51,tdmpc2_HalfCheetah-v5_seed331,45914c94-447a-4c38-bb9f-735bd6521cbb,6.650991770999099,0.00014351233073871738,2.157760556585642e-05,27.506148882081735,93.14766739618206,20.0,6.160799817524903e-05,0.00027816661142221477,3.694761310556107e-05,0.00037672222270302477,0.0,Germany,DEU,baden-wurttemberg,,,Linux-7.0.0-31-generic-x86_64-with-glibc2.43,3.14.4,3.3.0,24,Intel(R) Core(TM) Ultra 9 285K,1,1 x NVIDIA GeForce RTX 5090,9.2986,48.7383,60.81615447998047,machine,0.0,0.0,0.0,0.0,N
gradient_updates_2,2026-09-19T03:24:01,tdmpc2_HalfCheetah-v5_seed331,45914c94-447a-4c38-bb9f-735bd6521cbb,10.285712721000891,0.0001503954162549578,1.4621795051732689e-05,28.02320901723935,93.0425022031116,20.0,7.453306851529576e-05,0.00026311798827194366,5.713937832224473e-05,0.00039479043510948393,0.0,Germany,DEU,baden-wurttemberg,,,Linux-7.0.0-31-generic-x86_64-with-glibc2.43,3.14.4,3.3.0,24,Intel(R) Core(TM) Ultra 9 285K,1,1 x NVIDIA GeForce RTX 5090,9.2986,48.7383,60.81615447998047,machine,0.0,0.0,0.0,0.0,N
rollout_3,2026-09-19T03:24:08,tdmpc2_HalfCheetah-v5_seed331,45914c94-447a-4c38-bb9f-735bd6521cbb,6.652488794003148,0.0001413501214683234,2.1247716104870404e-05,27.92212217681564,98.12039932762906,20.0,5.8949498270673834e-05,0.00027514077566803685,3.6956113955562316e-05,0.000371046387894273,0.0,Germany,DEU,baden-wurttemberg,,,Linux-7.0.0-31-generic-x86_64-with-glibc2.43,3.14.4,3.3.0,24,Intel(R) Core(TM) Ultra 9 285K,1,1 x NVIDIA GeForce RTX 5090,9.2986,48.7383,60.81615447998047,machine,0.0,0.0,0.0,0.0,N
gradient_updates_3,2026-09-19T03:24:18,tdmpc2_HalfCheetah-v5_seed331,45914c94-447a-4c38-bb9f-735bd6521cbb,10.382862929000112,0.00014913933571921714,1.436400953527746e-05,28.190953558701906,97.6118161652194,20.0,6.843748141660902e-05,0.00026537660118997053,5.7679120488885295e-05,0.00039149320309546463,0.0,Germany,DEU,baden-wurttemberg,,,Linux-7.0.0-31-generic-x86_64-with-glibc2.43,3.14.4,3.3.0,24,Intel(R) Core(TM) Ultra 9 285K,1,1 x NVIDIA GeForce RTX 5090,9.2986,48.7383,60.81615447998047,machine,0.0,0.0,0.0,0.0,N
rollout_4,2026-09-19T03:24:25,tdmpc2_HalfCheetah-v5_seed331,45914c94-447a-4c38-bb9f-735bd6521cbb,6.657925493003859,0.00014238148205624824,2.1385282924017723e-05,27.937356698853055,101.6554038390552,20.0,5.903984695406275e-05,0.00027772799995995356,3.6985879444425065e-05,0.0003737537263584414,0.0,Germany,DEU,baden-wurttemberg,,,Linux-7.0.0-31-generic-x86_64-with-glibc2.43,3.14.4,3.3.0,24,Intel(R) Core(TM) Ultra 9 285K,1,1 x NVIDIA GeForce RTX 5090,9.2986,48.7383,60.81615447998047,machine,0.0,0.0,0.0,0.0,N
gradient_updates_4,2026-09-19T03:24:35,tdmpc2_HalfCheetah-v5_seed331,45914c94-447a-4c38-bb9f-735bd6521cbb,10.284780820999003,0.00015034988704809094,1.4618696171098863e-05,28.185984333288822,100.94152641697937,20.0,7.563707384294557e-05,0.0002618910428460186,5.7142803505525397e-05,0.0003946709201944898,0.0,Germany,DEU,baden-wurttemberg,,,Linux-7.0.0-31-generic-x86_64-with-glibc2.43,3.14.4,3.3.0,24,Intel(R) Core(TM) Ultra 9 285K,1,1 x NVIDIA GeForce RTX 5090,9.2986,48.7383,60.81615447998047,machine,0.0,0.0,0.0,0.0,N
rollout_5,2026-09-19T03:24:42,tdmpc2_HalfCheetah-v5_seed331,45914c94-447a-4c38-bb9f-735bd6521cbb,6.648780864998116,0.00014256486200985843,2.1442272420578316e-05,28.139236123676092,104.14762410484526,20.0,6.206804993217491e-05,0.00027523188685196764,3.693516496112146e-05,0.0003742351017452638,0.0,Germany,DEU,baden-wurttemberg,,,Linux-7.0.0-31-generic-x86_64-with-glibc2.43,3.14.4,3.3.0,24,Intel(R) Core(TM) Ultra 9 285K,1,1 x NVIDIA GeForce RTX 5090,9.2986,48.7383,60.81615447998047,machine,0.0,0.0,0.0,0.0,N
gradient_updates_5,2026-09-19T03:24:52,tdmpc2_HalfCheetah-v5_seed331,45914c94-447a-4c38-bb9f-735bd6521cbb,10.279744120001851,0.00015069114803858584,1.465901529433407e-05,28.44077942060118,103.38099566381976,20.0,7.608981837180229e-05,0.00026236743211605074,5.710948540553441e-05,0.000395566735893387,0.0,Germany,DEU,baden-wurttemberg,,,Linux-7.0.0-31-generic-x86_64-with-glibc2.43,3.14.4,3.3.0,24,Intel(R) Core(TM) Ultra 9 285K,1,1 x NVIDIA GeForce RTX 5090,9.2986,48.7383,60.81615447998047,machine,0.0,0.0,0.0,0.0,N
rollout_6,2026-09-19T03:24:59,tdmpc2_HalfCheetah-v5_seed331,45914c94-447a-4c38-bb9f-735bd6521cbb,6.657067719999759,0.00014366272894090907,2.158050481894661e-05,28.392501294183145,106.15014326281165,20.0,6.19682915190406e-05,0.0002781721669822268,3.697656194999585e-05,0.0003771170204512637,0.0,Germany,DEU,baden-wurttemberg,,,Linux-7.0.0-31-generic-x86_64-with-glibc2.43,3.14.4,3.3.0,24,Intel(R) Core(TM) Ultra 9 285K,1,1 x NVIDIA GeForce RTX 5090,9.2986,48.7383,60.81615447998047,machine,0.0,0.0,0.0,0.0,N
gradient_updates_6,2026-09-19T03:25:09,tdmpc2_HalfCheetah-v5_seed331,45914c94-447a-4c38-bb9f-735bd6521cbb,10.283129235998786,0.00014924504788099702,1.451359697565472e-05,28.639697412667047,105.3027590186363,20.0,7.501482167847698e-05,0.0002596302077038093,5.712566987220078e-05,0.00039177069925448726,0.0,Germany,DEU,baden-wurttemberg,,,Linux-7.0.0-31-generic-x86_64-with-glibc2.43,3.14.4,3.3.0,24,Intel(R) Core(TM) Ultra 9 285K,1,1 x NVIDIA GeForce RTX 5090,9.2986,48.7383,60.81615447998047,machine,0.0,0.0,0.0,0.0,N
rollout_7,2026-09-19T03:25:16,tdmpc2_HalfCheetah-v5_seed331,45914c94-447a-4c38-bb9f-735bd6521cbb,6.660964517999673,0.00014342366306543735,2.1531983098196147e-05,28.56642390796523,107.67017873649168,20.0,6.143672720489504e-05,0.00027804994466218425,3.700279673887253e-05,0.0003764894686059516,0.0,Germany,DEU,baden-wurttemberg,,,Linux-7.0.0-31-generic-x86_64-with-glibc2.43,3.14.4,3.3.0,24,Intel(R) Core(TM) Ultra 9 285K,1,1 x NVIDIA GeForce RTX 5090,9.2986,48.7383,60.81615447998047,machine,0.0,0.0,0.0,0.0,N
gradient_updates_7,2026-09-19T03:25:26,tdmpc2_HalfCheetah-v5_seed331,45914c94-447a-4c38-bb9f-735bd6521cbb,10.282505871000467,0.00015070735191464318,1.4656681532997436e-05,28.767842793923183,106.88177790817224,20.0,7.600343691380879e-05,0.0002624838210978364,5.712201332223931e-05,0.00039560927133388407,0.0,Germany,DEU,baden-wurttemberg,,,Linux-7.0.0-31-generic-x86_64-with-glibc2.43,3.14.4,3.3.0,24,Intel(R) Core(TM) Ultra 9 285K,1,1 x NVIDIA GeForce RTX 5090,9.2986,48.7383,60.81615447998047,machine,0.0,0.0,0.0,0.0,N
rollout_8,2026-09-19T03:25:33,tdmpc2_HalfCheetah-v5_seed331,45914c94-447a-4c38-bb9f-735bd6521cbb,6.65387400900363,0.00014178116379624534,2.1308069838493034e-05,28.707892757547473,108.8600080650819,20.0,6.089739760677115e-05,0.00027431716389791916,3.696331957220951e-05,0.00037217788107690025,0.0,Germany,DEU,baden-wurttemberg,,,Linux-7.0.0-31-generic-x86_64-with-glibc2.43,3.14.4,3.3.0,24,Intel(R) Core(TM) Ultra 9 285K,1,1 x NVIDIA GeForce RTX 5090,9.2986,48.7383,60.81615447998047,machine,0.0,0.0,0.0,0.0,N
gradient_updates_8,2026-09-19T03:25:43,tdmpc2_HalfCheetah-v5_seed331,45914c94-447a-4c38-bb9f-735bd6521cbb,10.34018587400351,0.00015091592465080574,1.45950937279081e-05,28.86905554549301,108.11692290240003,20.0,7.30084978511937e-05,0.0002657063236759516,5.7441956661083773e-05,0.00039615677818822907,0.0,Germany,DEU,baden-wurttemberg,,,Linux-7.0.0-31-generic-x86_64-with-glibc2.43,3.14.4,3.3.0,24,Intel(R) Core(TM) Ultra 9 285K,1,1 x NVIDIA GeForce RTX 5090,9.2986,48.7383,60.81615447998047,machine,0.0,0.0,0.0,0.0,N
rollout_9,2026-09-19T03:25:50,tdmpc2_HalfCheetah-v5_seed331,45914c94-447a-4c38-bb9f-735bd6521cbb,6.653488493997429,0.0001412513988936397,2.1229671773803817e-05,28.760700127378296,109.87101887417307,20.0,5.945376645186129e-05,0.00027437188616419306,3.69615868999972e-05,0.000370787239516052,0.0,Germany,DEU,baden-wurttemberg,,,Linux-7.0.0-31-generic-x86_64-with-glibc2.43,3.14.4,3.3.0,24,Intel(R) Core(TM) Ultra 9 285K,1,1 x NVIDIA GeForce RTX 5090,9.2986,48.7383,60.81615447998047,machine,0.0,0.0,0.0,0.0,N
gradient_updates_9,2026-09-19T03:26:00,tdmpc2_HalfCheetah-v5_seed331,45914c94-447a-4c38-bb9f-735bd6521cbb,10.288337792997481,0.00015092300103862477,1.466930545583893e-05,28.880980829146523,109.13010394703879,20.0,7.58547995726791e-05,0.0002631663216441371,5.715423260553511e-05,0.00039617535382235197,0.0,Germany,DEU,baden-wurttemberg,,,Linux-7.0.0-31-generic-x86_64-with-glibc2.43,3.14.4,3.3.0,24,Intel(R) Core(TM) Ultra 9 285K,1,1 x NVIDIA GeForce RTX 5090,9.2986,48.7383,60.81615447998047,machine,0.0,0.0,0.0,0.0,N
rollout_10,2026-09-19T03:26:07,tdmpc2_HalfCheetah-v5_seed331,45914c94-447a-4c38-bb9f-735bd6521cbb,6.7077817780009354,0.00014424491918949532,2.1504116216625637e-05,28.833486449654746,110.70811055481602,20.0,6.455029469575047e-05,0.00027683188813187876,3.7263096577791824e-05,0.00037864527940542105,0.0,Germany,DEU,baden-wurttemberg,,,Linux-7.0.0-31-generic-x86_64-with-glibc2.43,3.14.4,3.3.0,24,Intel(R) Core(TM) Ultra 9 285K,1,1 x NVIDIA GeForce RTX 5090,9.2986,48.7383,60.81615447998047,machine,0.0,0.0,0.0,0.0,N
gradient_updates_10,2026-09-19T03:26:17,tdmpc2_HalfCheetah-v5_seed331,45914c94-447a-4c38-bb9f-735bd6521cbb,10.343408740001905,0.00015096672312395112,1.4595452701247176e-05,29.02437379343068,110.007505368402,20.0,7.309508292046435e-05,0.00026573465703205734,5.746038506113105e-05,0.00039629012501365274,0.0,Germany,DEU,baden-wurttemberg,,,Linux-7.0.0-31-generic-x86_64-with-glibc2.43,3.14.4,3.3.0,24,Intel(R) Core(TM) Ultra 9 285K,1,1 x NVIDIA GeForce RTX 5090,9.2986,48.7383,60.81615447998047,machine,0.0,0.0,0.0,0.0,N
rollout_11,2026-09-19T03:26:24,tdmpc2_HalfCheetah-v5_seed331,45914c94-447a-4c38-bb9f-735bd6521cbb,6.653480346001743,0.00014196224623209443,2.1336553987817246e-05,28.932784444151864,111.4287707691431,20.0,6.14673297293783e-05,0.00027422438604585153,3.69615096666772e-05,0.00037265322544190703,0.0,Germany,DEU,baden-wurttemberg,,,Linux-7.0.0-31-generic-x86_64-with-glibc2.43,3.14.4,3.3.0,24,Intel(R) Core(TM) Ultra 9 285K,1,1 x NVIDIA GeForce RTX 5090,9.2986,48.7383,60.81615447998047,machine,0.0,0.0,0.0,0.0,N
gradient_updates_11,2026-09-19T03:26:34,tdmpc2_HalfCheetah-v5_seed331,45914c94-447a-4c38-bb9f-735bd6521cbb,10.272270664005191,0.00014934879510188504,1.4539034591586888e-05,29.065084489904795,110.69383668871158,20.0,7.572801613791799e-05,0.00025924492961793,5.7070091655583074e-05,0.0003920430374114315,0.0,Germany,DEU,baden-wurttemberg,,,Linux-7.0.0-31-generic-x86_64-with-glibc2.43,3.14.4,3.3.0,24,Intel(R) Core(TM) Ultra 9 285K,1,1 x NVIDIA GeForce RTX 5090,9.2986,48.7383,60.81615447998047,machine,0.0,0.0,0.0,0.0,N
rollout_12,2026-09-19T03:26:41,tdmpc2_HalfCheetah-v5_seed331,45914c94-447a-4c38-bb9f-735bd6521cbb,6.644547019001038,0.00014368994214134304,2.1625263986146352e-05,29.012570176468536,112.07630433428928,20.0,6.204390741286481e-05,0.00027823966703599545,3.690488110001341e-05,0.00037718845554887345,0.0,Germany,DEU,baden-wurttemberg,,,Linux-7.0.0-31-generic-x86_64-with-glibc2.43,3.14.4,3.3.0,24,Intel(R) Core(TM) Ultra 9 285K,1,1 x NVIDIA GeForce RTX 5090,9.2986,48.7383,60.81615447998047,machine,0.0,0.0,0.0,0.0,N
gradient_updates_12,2026-09-19T03:26:51,tdmpc2_HalfCheetah-v5_seed331,45914c94-447a-4c38-bb9f-735bd6521cbb,10.28272927999933,0.0001511880864034686,1.4703118040795176e-05,29.145570238123646,111.4059101780154,20.0,7.708262111049552e-05,0.0002626657656881193,5.7122820455535704e-05,0.00039687120725414964,0.0,Germany,DEU,baden-wurttemberg,,,Linux-7.0.0-31-generic-x86_64-with-glibc2.43,3.14.4,3.3.0,24,Intel(R) Core(TM) Ultra 9 285K,1,1 x NVIDIA GeForce RTX 5090,9.2986,48.7383,60.81615447998047,machine,0.0,0.0,0.0,0.0,N
rollout_13,2026-09-19T03:26:58,tdmpc2_HalfCheetah-v5_seed331,45914c94-447a-4c38-bb9f-735bd6521cbb,6.648888154995802,0.00014255237043330708,2.144004111588018e-05,29.104858569929032,112.62868993394741,20.0,6.15149197674518e-05,0.00027575160949000477,3.693578189441823e-05,0.00037420231115187566,0.0,Germany,DEU,baden-wurttemberg,,,Linux-7.0.0-31-generic-x86_64-with-glibc2.43,3.14.4,3.3.0,24,Intel(R) Core(TM) Ultra 9 285K,1,1 x NVIDIA GeForce RTX 5090,9.2986,48.7383,60.81615447998047,machine,0.0,0.0,0.0,0.0,N
gradient_updates_13,2026-09-19T03:27:08,tdmpc2_HalfCheetah-v5_seed331,45914c94-447a-4c38-bb9f-735bd6521cbb,10.356335217999003,0.00015072579129126254,1.4553941291193248e-05,29.213061602757893,111.99214274694246,20.0,7.273012707294246e-05,0.00026539549009374497,5.753205783334521e-05,0.0003956576750000322,0.0,Germany,DEU,baden-wurttemberg,,,Linux-7.0.0-31-generic-x86_64-with-glibc2.43,3.14.4,3.3.0,24,Intel(R) Core(TM) Ultra 9 285K,1,1 x NVIDIA GeForce RTX 5090,9.2986,48.7383,60.81615447998047,machine,0.0,0.0,0.0,0.0,N
rollout_14,2026-09-19T03:27:15,tdmpc2_HalfCheetah-v5_seed331,45914c94-447a-4c38-bb9f-735bd6521cbb,6.659786459997122,0.0001417040238335882,2.1277568832767246e-05,29.124528392987596,113.10491860714134,20.0,5.9925041551105174e-05,0.0002750591089359933,3.699123692224235e-05,0.0003719753874093408,0.0,Germany,DEU,baden-wurttemberg,,,Linux-7.0.0-31-generic-x86_64-with-glibc2.43,3.14.4,3.3.0,24,Intel(R) Core(TM) Ultra 9 285K,1,1 x NVIDIA GeForce RTX 5090,9.2986,48.7383,60.81615447998047,machine,0.0,0.0,0.0,0.0,N
gradient_updates_14,2026-09-19T03:27:25,tdmpc2_HalfCheetah-v5_seed331,45914c94-447a-4c38-bb9f-735bd6521cbb,10.272795755998231,0.000151009180487445,1.4699924397093903e-05,29.204608008106064,112.49575054826673,20.0,7.56984480587107e-05,0.0002636354886862424,5.706763954444307e-05,0.00039640157628939576,0.0,Germany,DEU,baden-wurttemberg,,,Linux-7.0.0-31-generic-x86_64-with-glibc2.43,3.14.4,3.3.0,24,Intel(R) Core(TM) Ultra 9 285K,1,1 x NVIDIA GeForce RTX 5090,9.2986,48.7383,60.81615447998047,machine,0.0,0.0,0.0,0.0,N
rollout_15,2026-09-19T03:27:32,tdmpc2_HalfCheetah-v5_seed331,45914c94-447a-4c38-bb9f-735bd6521cbb,6.646777453002869,0.00014324927351224911,2.155169909651394e-05,29.155049567040102,113.58048019459058,20.0,6.124948511065931e-05,0.00027784966672372846,3.693254133334744e-05,0.00037603169316773565,0.0,Germany,DEU,baden-wurttemberg,,,Linux-7.0.0-31-generic-x86_64-with-glibc2.43,3.14.4,3.3.0,24,Intel(R) Core(TM) Ultra 9 285K,1,1 x NVIDIA GeForce RTX 5090,9.2986,48.7383,60.81615447998047,machine,0.0,0.0,0.0,0.0,N
gradient_updates_15,2026-09-19T03:27:42,tdmpc2_HalfCheetah-v5_seed331,45914c94-447a-4c38-bb9f-735bd6521cbb,10.297715216001961,0.00015004710527793952,1.4570931558127838e-05,29.24825385773178,112.97092070919153,20.0,7.455982214781345e-05,0.0002621102096880268,5.720608124445579e-05,0.0003938761130802982,0.0,Germany,DEU,baden-wurttemberg,,,Linux-7.0.0-31-generic-x86_64-with-glibc2.43,3.14.4,3.3.0,24,Intel(R) Core(TM) Ultra 9 285K,1,1 x NVIDIA GeForce RTX 5090,9.2986,48.7383,60.81615447998047,machine,0.0,0.0,0.0,0.0,N
rollout_16,2026-09-19T03:27:49,tdmpc2_HalfCheetah-v5_seed331,45914c94-447a-4c38-bb9f-735bd6521cbb,6.659211772996059,0.00014206468718384446,2.1333562209267243e-05,29.187774772787524,113.94171645216267,20.0,6.052840703379622e-05,0.00027540049809826606,3.6993229488871404e-05,0.0003729221346209337,0.0,Germany,DEU,baden-wurttemberg,,,Linux-7.0.0-31-generic-x86_64-with-glibc2.43,3.14.4,3.3.0,24,Intel(R) Core(TM) Ultra 9 285K,1,1 x NVIDIA GeForce RTX 5090,9.2986,48.7383,60.81615447998047,machine,0.0,0.0,0.0,0.0,N
gradient_updates_16,2026-09-19T03:27:59,tdmpc2_HalfCheetah-v5_seed331,45914c94-447a-4c38-bb9f-735bd6521cbb,10.29532016399753,0.00015097047229180923,1.46640069860186e-05,29.265921025575608,113.36330241734683,20.0,7.612601534520702e-05,0.0002629810437178026,5.719290757778134e-05,0.000396299966640791,0.0,Germany,DEU,baden-wurttemberg,,,Linux-7.0.0-31-generic-x86_64-with-glibc2.43,3.14.4,3.3.0,24,Intel(R) Core(TM) Ultra 9 285K,1,1 x NVIDIA GeForce RTX 5090,9.2986,48.7383,60.81615447998047,machine,0.0,0.0,0.0,0.0,N
rollout_17,2026-09-19T03:28:06,tdmpc2_HalfCheetah-v5_seed331,45914c94-447a-4c38-bb9f-735bd6521cbb,6.652368928997021,0.00014365075620415783,2.1593933420859552e-05,29.22333054592743,114.31585941148471,20.0,6.201681461341299e-05,0.00027811383360187847,3.695494360557265e-05,0.0003770855918208624,0.0,Germany,DEU,baden-wurttemberg,,,Linux-7.0.0-31-generic-x86_64-with-glibc2.43,3.14.4,3.3.0,24,Intel(R) Core(TM) Ultra 9 285K,1,1 x NVIDIA GeForce RTX 5090,9.2986,48.7383,60.81615447998047,machine,0.0,0.0,0.0,0.0,N
gradient_updates_17,2026-09-19T03:28:16,tdmpc2_HalfCheetah-v5_seed331,45914c94-447a-4c38-bb9f-735bd6521cbb,10.334502163001162,0.0001497235601112517,1.4487715527224224e-05,29.31342885927092,113.7408848145318,20.0,7.348628378898298e-05,0.0002621299319260917,5.741058599447162e-05,0.00039302680170954715,0.0,Germany,DEU,baden-wurttemberg,,,Linux-7.0.0-31-generic-x86_64-with-glibc2.43,3.14.4,3.3.0,24,Intel(R) Core(TM) Ultra 9 285K,1,1 x NVIDIA GeForce RTX 5090,9.2986,48.7383,60.81615447998047,machine,0.0,0.0,0.0,0.0,N
rollout_18,2026-09-19T03:28:23,tdmpc2_HalfCheetah-v5_seed331,45914c94-447a-4c38-bb9f-735bd6521cbb,6.6528437710003345,0.00014381992505488415,2.1617838218179874e-05,29.251316570418055,114.63691112190692,20.0,6.249405749520973e-05,0.00027807772246202234,3.695788287222954e-05,0.0003775296628294629,0.0,Germany,DEU,baden-wurttemberg,,,Linux-7.0.0-31-generic-x86_64-with-glibc2.43,3.14.4,3.3.0,24,Intel(R) Core(TM) Ultra 9 285K,1,1 x NVIDIA GeForce RTX 5090,9.2986,48.7383,60.81615447998047,machine,0.0,0.0,0.0,0.0,N
gradient_updates_18,2026-09-19T03:28:32,tdmpc2_HalfCheetah-v5_seed331,45914c94-447a-4c38-bb9f-735bd6521cbb,9.828170672000851,0.00014627075270982632,1.4882808536077589e-05,29.34530165913295,114.1191828197042,20.0,7.575107393414243e-05,0.0002536096473320093,5.4602404366677244e-05,0.0003839631256328281,0.0,Germany,DEU,baden-wurttemberg,,,Linux-7.0.0-31-generic-x86_64-with-glibc2.43,3.14.4,3.3.0,24,Intel(R) Core(TM) Ultra 9 285K,1,1 x NVIDIA GeForce RTX 5090,9.2986,48.7383,60.81615447998047,machine,0.0,0.0,0.0,0.0,N
rollout_19,2026-09-19T03:28:39,tdmpc2_HalfCheetah-v5_seed331,45914c94-447a-4c38-bb9f-735bd6521cbb,6.655689618004544,0.0001434745991650355,2.1556692698903075e-05,29.326135773786106,114.96519793682982,20.0,6.14260460852431e-05,0.0002782238336900278,3.6973296927802265e-05,0.00037662317670307185,0.0,Germany,DEU,baden-wurttemberg,,,Linux-7.0.0-31-generic-x86_64-with-glibc2.43,3.14.4,3.3.0,24,Intel(R) Core(TM) Ultra 9 285K,1,1 x NVIDIA GeForce RTX 5090,9.2986,48.7383,60.81615447998047,machine,0.0,0.0,0.0,0.0,N
gradient_updates_19,2026-09-19T03:28:48,tdmpc2_HalfCheetah-v5_seed331,45914c94-447a-4c38-bb9f-735bd6521cbb,9.048309121993952,0.00013768698165369034,1.5216896926034032e-05,29.40279311044191,114.52824301985434,20.0,7.054569976984795e-05,0.00024061963693999822,5.0265249072254e-05,0.0003614305857820993,0.0,Germany,DEU,baden-wurttemberg,,,Linux-7.0.0-31-generic-x86_64-with-glibc2.43,3.14.4,3.3.0,24,Intel(R) Core(TM) Ultra 9 285K,1,1 x NVIDIA GeForce RTX 5090,9.2986,48.7383,60.81615447998047,machine,0.0,0.0,0.0,0.0,N
rollout_20,2026-09-19T03:28:55,tdmpc2_HalfCheetah-v5_seed331,45914c94-447a-4c38-bb9f-735bd6521cbb,6.7074811040001805,0.00014379851800580025,2.143852280612268e-05,29.39069033210323,115.29316282777286,20.0,6.269737210229734e-05,0.00027751383312213385,3.7262263749976866e-05,0.0003774734689744076,0.0,Germany,DEU,baden-wurttemberg,,,Linux-7.0.0-31-generic-x86_64-with-glibc2.43,3.14.4,3.3.0,24,Intel(R) Core(TM) Ultra 9 285K,1,1 x NVIDIA GeForce RTX 5090,9.2986,48.7383,60.81615447998047,machine,0.0,0.0,0.0,0.0,N
gradient_updates_20,2026-09-19T03:29:04,tdmpc2_HalfCheetah-v5_seed331,45914c94-447a-4c38-bb9f-735bd6521cbb,8.954714157996932,0.00014069949614516856,1.5712363477953612e-05,29.475335206393574,114.91811751420084,20.0,7.57376292011662e-05,0.00024385575063989862,4.9745105905539024e-05,0.00036933848574660297,0.0,Germany,DEU,baden-wurttemberg,,,Linux-7.0.0-31-generic-x86_64-with-glibc2.43,3.14.4,3.3.0,24,Intel(R) Core(TM) Ultra 9 285K,1,1 x NVIDIA GeForce RTX 5090,9.2986,48.7383,60.81615447998047,machine,0.0,0.0,0.0,0.0,N
rollout_21,2026-09-19T03:29:10,tdmpc2_HalfCheetah-v5_seed331,45914c94-447a-4c38-bb9f-735bd6521cbb,6.650794861001486,0.0001424440641334037,2.1417621114065597e-05,29.504725429079347,115.644893937353,20.0,6.162881819190419e-05,0.0002753491091680438,3.694007797777057e-05,0.00037391800533771724,0.0,Germany,DEU,baden-wurttemberg,,,Linux-7.0.0-31-generic-x86_64-with-glibc2.43,3.14.4,3.3.0,24,Intel(R) Core(TM) Ultra 9 285K,1,1 x NVIDIA GeForce RTX 5090,9.2986,48.7383,60.81615447998047,machine,0.0,0.0,0.0,0.0,N
gradient_updates_21,2026-09-19T03:29:19,tdmpc2_HalfCheetah-v5_seed331,45914c94-447a-4c38-bb9f-735bd6521cbb,9.014748827001313,0.0001406898423035709,1.5606606190020173e-05,29.576257193157833,115.28222987524047,20.0,7.32524174907774e-05,0.00024598186345214934,5.00788633110965e-05,0.000369313144254025,0.0,Germany,DEU,baden-wurttemberg,,,Linux-7.0.0-31-generic-x86_64-with-glibc2.43,3.14.4,3.3.0,24,Intel(R) Core(TM) Ultra 9 285K,1,1 x NVIDIA GeForce RTX 5090,9.2986,48.7383,60.81615447998047,machine,0.0,0.0,0.0,0.0,N
rollout_22,2026-09-19T03:29:26,tdmpc2_HalfCheetah-v5_seed331,45914c94-447a-4c38-bb9f-735bd6521cbb,6.669590812001843,0.00014216760348966743,2.1315787494811302e-05,29.58020652917109,115.96055889123315,20.0,6.099039129227671e-05,0.00027515022011992407,3.7051680199995905e-05,0.00037319229161219755,0.0,Germany,DEU,baden-wurttemberg,,,Linux-7.0.0-31-generic-x86_64-with-glibc2.43,3.14.4,3.3.0,24,Intel(R) Core(TM) Ultra 9 285K,1,1 x NVIDIA GeForce RTX 5090,9.2986,48.7383,60.81615447998047,machine,0.0,0.0,0.0,0.0,N
gradient_updates_22,2026-09-19T03:29:35,tdmpc2_HalfCheetah-v5_seed331,45914c94-447a-4c38-bb9f-735bd6521cbb,8.947142502001952,0.00013988127446883103,1.5634200118490653e-05,29.640667917756183,115.5934743559555,20.0,7.495302357348257e-05,0.00024254047180982674,4.969714503887286e-05,0.0003671906404221839,0.0,Germany,DEU,baden-wurttemberg,,,Linux-7.0.0-31-generic-x86_64-with-glibc2.43,3.14.4,3.3.0,24,Intel(R) Core(TM) Ultra 9 285K,1,1 x NVIDIA GeForce RTX 5090,9.2986,48.7383,60.81615447998047,machine,0.0,0.0,0.0,0.0,N
rollout_23,2026-09-19T03:29:42,tdmpc2_HalfCheetah-v5_seed331,45914c94-447a-4c38-bb9f-735bd6521cbb,6.657083770005556,0.00014249538021971278,2.1405092661305525e-05,29.660778557374233,116.23967795969392,20.0,6.244031300776942e-05,0.0002746371641539902,3.6975233744427315e-05,0.0003740527109061878,0.0,Germany,DEU,baden-wurttemberg,,,Linux-7.0.0-31-generic-x86_64-with-glibc2.43,3.14.4,3.3.0,24,Intel(R) Core(TM) Ultra 9 285K,1,1 x NVIDIA GeForce RTX 5090,9.2986,48.7383,60.81615447998047,machine,0.0,0.0,0.0,0.0,N
gradient_updates_23,2026-09-19T03:29:51,tdmpc2_HalfCheetah-v5_seed331,45914c94-447a-4c38-bb9f-735bd6521cbb,9.011051775996748,0.00013955888972644326,1.5487543621523427e-05,29.730993331334183,115.87046800102182,20.0,7.339917288595732e-05,0.00024288686097606593,5.0058341322235626e-05,0.00036634437518425975,0.0,Germany,DEU,baden-wurttemberg,,,Linux-7.0.0-31-generic-x86_64-with-glibc2.43,3.14.4,3.3.0,24,Intel(R) Core(TM) Ultra 9 285K,1,1 x NVIDIA GeForce RTX 5090,9.2986,48.7383,60.81615447998047,machine,0.0,0.0,0.0,0.0,N
rollout_24,2026-09-19T03:29:57,tdmpc2_HalfCheetah-v5_seed331,45914c94-447a-4c38-bb9f-735bd6521cbb,6.672476613995968,0.00014323982307200799,2.1467268563859505e-05,29.732978259085815,116.51278555057779,20.0,6.109408331967173e-05,0.00027784577783185327,3.706702445552875e-05,0.0003760068856070546,0.0,Germany,DEU,baden-wurttemberg,,,Linux-7.0.0-31-generic-x86_64-with-glibc2.43,3.14.4,3.3.0,24,Intel(R) Core(TM) Ultra 9 285K,1,1 x NVIDIA GeForce RTX 5090,9.2986,48.7383,60.81615447998047,machine,0.0,0.0,0.0,0.0,N
gradient_updates_24,2026-09-19T03:30:06,tdmpc2_HalfCheetah-v5_seed331,45914c94-447a-4c38-bb9f-735bd6521cbb,9.014332178994664,0.00013972226919235255,1.550002738090616e-05,29.786498895431606,116.14789976521645,20.0,7.43014066632991e-05,0.00024239519391611175,5.0076648383320585e-05,0.0003667732489627297,0.0,Germany,DEU,baden-wurttemberg,,,Linux-7.0.0-31-generic-x86_64-with-glibc2.43,3.14.4,3.3.0,24,Intel(R) Core(TM) Ultra 9 285K,1,1 x NVIDIA GeForce RTX 5090,9.2986,48.7383,60.81615447998047,machine,0.0,0.0,0.0,0.0,N
rollout_25,2026-09-19T03:30:13,tdmpc2_HalfCheetah-v5_seed331,45914c94-447a-4c38-bb9f-735bd6521cbb,6.662552806003077,0.00014445604306792016,2.16817943632739e-05,29.796704341864828,116.77170078964657,20.0,6.375002349997758e-05,0.00027843772275004675,3.701173680003417e-05,0.0003791994830500585,0.0,Germany,DEU,baden-wurttemberg,,,Linux-7.0.0-31-generic-x86_64-with-glibc2.43,3.14.4,3.3.0,24,Intel(R) Core(TM) Ultra 9 285K,1,1 x NVIDIA GeForce RTX 5090,9.2986,48.7383,60.81615447998047,machine,0.0,0.0,0.0,0.0,N
gradient_updates_25,2026-09-19T03:30:22,tdmpc2_HalfCheetah-v5_seed331,45914c94-447a-4c38-bb9f-735bd6521cbb,8.962016538993339,0.00014046294641477733,1.567311127673485e-05,29.87144188653219,116.43216151185474,20.0,7.558438018967842e-05,0.0002433476946781532,4.978546395557502e-05,0.0003687175388234071,0.0,Germany,DEU,baden-wurttemberg,,,Linux-7.0.0-31-generic-x86_64-with-glibc2.43,3.14.4,3.3.0,24,Intel(R) Core(TM) Ultra 9 285K,1,1 x NVIDIA GeForce RTX 5090,9.2986,48.7383,60.81615447998047,machine,0.0,0.0,0.0,0.0,N
rollout_26,2026-09-19T03:30:29,tdmpc2_HalfCheetah-v5_seed331,45914c94-447a-4c38-bb9f-735bd6521cbb,6.656882693998341,0.00014254575802938318,2.141329773169848e-05,29.888138162235407,116.99835268431664,20.0,6.221502588309169e-05,0.00027498633110001336,3.698359649998654e-05,0.0003741849534830907,0.0,Germany,DEU,baden-wurttemberg,,,Linux-7.0.0-31-generic-x86_64-with-glibc2.43,3.14.4,3.3.0,24,Intel(R) Core(TM) Ultra 9 285K,1,1 x NVIDIA GeForce RTX 5090,9.2986,48.7383,60.81615447998047,machine,0.0,0.0,0.0,0.0,N
gradient_updates_26,2026-09-19T03:30:38,tdmpc2_HalfCheetah-v5_seed331,45914c94-447a-4c38-bb9f-735bd6521cbb,8.953942424996058,0.00014001389722843004,1.5637137595502215e-05,29.945643733420155,116.66750975517505,20.0,7.452776212216183e-05,0.000243268250169848,4.974276504997538e-05,0.0003675387773419865,0.0,Germany,DEU,baden-wurttemberg,,,Linux-7.0.0-31-generic-x86_64-with-glibc2.43,3.14.4,3.3.0,24,Intel(R) Core(TM) Ultra 9 285K,1,1 x NVIDIA GeForce RTX 5090,9.2986,48.7383,60.81615447998047,machine,0.0,0.0,0.0,0.0,N
rollout_27,2026-09-19T03:30:44,tdmpc2_HalfCheetah-v5_seed331,45914c94-447a-4c38-bb9f-735bd6521cbb,6.662865595004405,0.000143744881745414,2.1574046835618212e-05,29.953439735897618,117.2461569991084,20.0,6.128183374764715e-05,0.0002790446676799174,3.7006171483355745e-05,0.000377332672910919,0.0,Germany,DEU,baden-wurttemberg,,,Linux-7.0.0-31-generic-x86_64-with-glibc2.43,3.14.4,3.3.0,24,Intel(R) Core(TM) Ultra 9 285K,1,1 x NVIDIA GeForce RTX 5090,9.2986,48.7383,60.81615447998047,machine,0.0,0.0,0.0,0.0,N
gradient_updates_27,2026-09-19T03:30:53,tdmpc2_HalfCheetah-v5_seed331,45914c94-447a-4c38-bb9f-735bd6521cbb,8.966310132003855,0.00013907613482259593,1.5510978030839756e-05,30.001087993871902,116.89327922865387,20.0,7.599494274034696e-05,0.0002392724136399682,4.980977926109841e-05,0.00036507713564141314,0.0,Germany,DEU,baden-wurttemberg,,,Linux-7.0.0-31-generic-x86_64-with-glibc2.43,3.14.4,3.3.0,24,Intel(R) Core(TM) Ultra 9 285K,1,1 x NVIDIA GeForce RTX 5090,9.2986,48.7383,60.81615447998047,machine,0.0,0.0,0.0,0.0,N
rollout_28,2026-09-19T03:31:00,tdmpc2_HalfCheetah-v5_seed331,45914c94-447a-4c38-bb9f-735bd6521cbb,6.651485286005482,0.00014399203981032768,2.1648112780474924e-05,30.017246368339016,117.44749037693441,20.0,6.261124508895669e-05,0.00027842050051396505,3.694972128335692e-05,0.0003779814668862791,0.0,Germany,DEU,baden-wurttemberg,,,Linux-7.0.0-31-generic-x86_64-with-glibc2.43,3.14.4,3.3.0,24,Intel(R) Core(TM) Ultra 9 285K,1,1 x NVIDIA GeForce RTX 5090,9.2986,48.7383,60.81615447998047,machine,0.0,0.0,0.0,0.0,N
gradient_updates_28,2026-09-19T03:31:09,tdmpc2_HalfCheetah-v5_seed331,45914c94-447a-4c38-bb9f-735bd6521cbb,9.110572447003506,0.000138713162228625,1.522551886016417e-05,30.06950451426332,117.10484824278515,20.0,7.006245466103372e-05,0.00024345075031617647,5.0611121649975135e-05,0.000364124326627184,0.0,Germany,DEU,baden-wurttemberg,,,Linux-7.0.0-31-generic-x86_64-with-glibc2.43,3.14.4,3.3.0,24,Intel(R) Core(TM) Ultra 9 285K,1,1 x NVIDIA GeForce RTX 5090,9.2986,48.7383,60.81615447998047,machine,0.0,0.0,0.0,0.0,N
rollout_29,2026-09-19T03:31:16,tdmpc2_HalfCheetah-v5_seed331,45914c94-447a-4c38-bb9f-735bd6521cbb,6.654651163997187,0.00014253104644575132,2.1418266469978028e-05,30.04469271584322,117.60976088712306,20.0,6.189974590864802e-05,0.000275276053553819,3.697053587222582e-05,0.00037414633533469285,0.0,Germany,DEU,baden-wurttemberg,,,Linux-7.0.0-31-generic-x86_64-with-glibc2.43,3.14.4,3.3.0,24,Intel(R) Core(TM) Ultra 9 285K,1,1 x NVIDIA GeForce RTX 5090,9.2986,48.7383,60.81615447998047,machine,0.0,0.0,0.0,0.0,N
gradient_updates_29,2026-09-19T03:31:25,tdmpc2_HalfCheetah-v5_seed331,45914c94-447a-4c38-bb9f-735bd6521cbb,9.002987684994878,0.0001399782723561574,1.5547953259310557e-05,30.092234281986357,117.28661375271635,20.0,7.504428809093633e-05,0.00024238769391016213,5.001327946669741e-05,0.0003674452614677963,0.0,Germany,DEU,baden-wurttemberg,,,Linux-7.0.0-31-generic-x86_64-with-glibc2.43,3.14.4,3.3.0,24,Intel(R) Core(TM) Ultra 9 285K,1,1 x NVIDIA GeForce RTX 5090,9.2986,48.7383,60.81615447998047,machine,0.0,0.0,0.0,0.0,N
rollout_30,2026-09-19T03:31:31,tdmpc2_HalfCheetah-v5_seed331,45914c94-447a-4c38-bb9f-735bd6521cbb,6.707967896996706,0.00014477213701612028,2.158212241727049e-05,30.099527547720278,117.78973250358325,20.0,6.329609230350253e-05,0.00027946855690763606,3.726458563889758e-05,0.00038002923485003573,0.0,Germany,DEU,baden-wurttemberg,,,Linux-7.0.0-31-generic-x86_64-with-glibc2.43,3.14.4,3.3.0,24,Intel(R) Core(TM) Ultra 9 285K,1,1 x NVIDIA GeForce RTX 5090,9.2986,48.7383,60.81615447998047,machine,0.0,0.0,0.0,0.0,N
gradient_updates_30,2026-09-19T03:31:41,tdmpc2_HalfCheetah-v5_seed331,45914c94-447a-4c38-bb9f-735bd6521cbb,9.088371649995679,0.00013871900957839085,1.526336706698458e-05,30.148543185131643,117.46749050490205,20.0,6.999377321719596e-05,0.00024365852826013779,5.0487374538917777e-05,0.00036413967601625283,0.0,Germany,DEU,baden-wurttemberg,,,Linux-7.0.0-31-generic-x86_64-with-glibc2.43,3.14.4,3.3.0,24,Intel(R) Core(TM) Ultra 9 285K,1,1 x NVIDIA GeForce RTX 5090,9.2986,48.7383,60.81615447998047,machine,0.0,0.0,0.0,0.0,N
rollout_31,2026-09-19T03:31:47,tdmpc2_HalfCheetah-v5_seed331,45914c94-447a-4c38-bb9f-735bd6521cbb,6.660112493002089,0.00014247965498621895,2.1392988133022256e-05,30.123775342066303,117.93890646923919,20.0,6.127298374056928e-05,0.00027573994281415715,3.699850535554593e-05,0.0003740114319102719,0.0,Germany,DEU,baden-wurttemberg,,,Linux-7.0.0-31-generic-x86_64-with-glibc2.43,3.14.4,3.3.0,24,Intel(R) Core(TM) Ultra 9 285K,1,1 x NVIDIA GeForce RTX 5090,9.2986,48.7383,60.81615447998047,machine,0.0,0.0,0.0,0.0,N
gradient_updates_31,2026-09-19T03:31:56,tdmpc2_HalfCheetah-v5_seed331,45914c94-447a-4c38-bb9f-735bd6521cbb,8.993389974995807,0.00014080083407764891,1.5656055354470543e-05,30.16351914523878,117.63669976980539,20.0,7.636456081382137e-05,0.00024327991684591765,4.9960021822213676e-05,0.0003696044994819514,0.0,Germany,DEU,baden-wurttemberg,,,Linux-7.0.0-31-generic-x86_64-with-glibc2.43,3.14.4,3.3.0,24,Intel(R) Core(TM) Ultra 9 285K,1,1 x NVIDIA GeForce RTX 5090,9.2986,48.7383,60.81615447998047,machine,0.0,0.0,0.0,0.0,N
rollout_32,2026-09-19T03:32:03,tdmpc2_HalfCheetah-v5_seed331,45914c94-447a-4c38-bb9f-735bd6521cbb,6.662070029997267,0.00014358450467783293,2.155255206947135e-05,30.17475732133017,118.11248049702182,20.0,6.146746500726441e-05,0.00027843494497004073,3.700927050000842e-05,0.000376911680477314,0.0,Germany,DEU,baden-wurttemberg,,,Linux-7.0.0-31-generic-x86_64-with-glibc2.43,3.14.4,3.3.0,24,Intel(R) Core(TM) Ultra 9 285K,1,1 x NVIDIA GeForce RTX 5090,9.2986,48.7383,60.81615447998047,machine,0.0,0.0,0.0,0.0,N
gradient_updates_32,2026-09-19T03:32:12,tdmpc2_HalfCheetah-v5_seed331,45914c94-447a-4c38-bb9f-735bd6521cbb,8.982245412997145,0.0001401831931092997,1.5606720312500408e-05,30.213443500530236,117.8134352547108,20.0,7.56306652267072e-05,0.00024245463840788517,4.989787817220436e-05,0.0003679831818067976,0.0,Germany,DEU,baden-wurttemberg,,,Linux-7.0.0-31-generic-x86_64-with-glibc2.43,3.14.4,3.3.0,24,Intel(R) Core(TM) Ultra 9 285K,1,1 x NVIDIA GeForce RTX 5090,9.2986,48.7383,60.81615447998047,machine,0.0,0.0,0.0,0.0,N
rollout_33,2026-09-19T03:32:19,tdmpc2_HalfCheetah-v5_seed331,45914c94-447a-4c38-bb9f-735bd6521cbb,6.661512643004244,0.00014241857588830932,2.137933132932935e-05,30.220700601709698,118.24938403259632,20.0,6.158241454367122e-05,0.0002752629979880794,3.7005685744427065e-05,0.0003738510982761768,0.0,Germany,DEU,baden-wurttemberg,,,Linux-7.0.0-31-generic-x86_64-with-glibc2.43,3.14.4,3.3.0,24,Intel(R) Core(TM) Ultra 9 285K,1,1 x NVIDIA GeForce RTX 5090,9.2986,48.7383,60.81615447998047,machine,0.0,0.0,0.0,0.0,N
gradient_updates_33,2026-09-19T03:32:28,tdmpc2_HalfCheetah-v5_seed331,45914c94-447a-4c38-bb9f-735bd6521cbb,8.996875851997174,0.00014062231608022793,1.5630092471852906e-05,30.25846032866987,117.9597438681676,20.0,7.573852781299698e-05,0.00024341325028576222,4.9984108711133724e-05,0.0003691358868098925,0.0,Germany,DEU,baden-wurttemberg,,,Linux-7.0.0-31-generic-x86_64-with-glibc2.43,3.14.4,3.3.0,24,Intel(R) Core(TM) Ultra 9 285K,1,1 x NVIDIA GeForce RTX 5090,9.2986,48.7383,60.81615447998047,machine,0.0,0.0,0.0,0.0,N
rollout_34,2026-09-19T03:32:34,tdmpc2_HalfCheetah-v5_seed331,45914c94-447a-4c38-bb9f-735bd6521cbb,6.651543107996986,0.00014430662116195377,2.1695218893747242e-05,30.266420120546222,118.4111704067365,20.0,6.302655458786943e-05,0.0002788291119519837,3.695158155557401e-05,0.000378807248095428,0.0,Germany,DEU,baden-wurttemberg,,,Linux-7.0.0-31-generic-x86_64-with-glibc2.43,3.14.4,3.3.0,24,Intel(R) Core(TM) Ultra 9 285K,1,1 x NVIDIA GeForce RTX 5090,9.2986,48.7383,60.81615447998047,machine,0.0,0.0,0.0,0.0,N
gradient_updates_34,2026-09-19T03:32:43,tdmpc2_HalfCheetah-v5_seed331,45914c94-447a-4c38-bb9f-735bd6521cbb,9.185543842999323,0.0001399281243415658,1.5233541406365516e-05,30.30918760106177,118.11571608664103,20.0,6.995520263078023e-05,0.0002463310303981725,5.102738907779769e-05,0.0003673136221067491,0.0,Germany,DEU,baden-wurttemberg,,,Linux-7.0.0-31-generic-x86_64-with-glibc2.43,3.14.4,3.3.0,24,Intel(R) Core(TM) Ultra 9 285K,1,1 x NVIDIA GeForce RTX 5090,9.2986,48.7383,60.81615447998047,machine,0.0,0.0,0.0,0.0,N
rollout_35,2026-09-19T03:32:50,tdmpc2_HalfCheetah-v5_seed331,45914c94-447a-4c38-bb9f-735bd6521cbb,6.66505436499574,0.0001416960610239118,2.125954532579563e-05,30.27961724944706,118.52382816163144,20.0,5.958907767122587e-05,0.0002753391091598889,3.702629807218402e-05,0.0003719544849032988,0.0,Germany,DEU,baden-wurttemberg,,,Linux-7.0.0-31-generic-x86_64-with-glibc2.43,3.14.4,3.3.0,24,Intel(R) Core(TM) Ultra 9 285K,1,1 x NVIDIA GeForce RTX 5090,9.2986,48.7383,60.81615447998047,machine,0.0,0.0,0.0,0.0,N
gradient_updates_35,2026-09-19T03:33:00,tdmpc2_HalfCheetah-v5_seed331,45914c94-447a-4c38-bb9f-735bd6521cbb,10.377560011998867,0.00015232787200777226,1.4678597688868947e-05,30.297400300164895,118.18172825482766,20.0,7.551062957512206e-05,0.0002667027133622657,5.7649820227784025e-05,0.00039986316316517265,0.0,Germany,DEU,baden-wurttemberg,,,Linux-7.0.0-31-generic-x86_64-with-glibc2.43,3.14.4,3.3.0,24,Intel(R) Core(TM) Ultra 9 285K,1,1 x NVIDIA GeForce RTX 5090,9.2986,48.7383,60.81615447998047,machine,0.0,0.0,0.0,0.0,N
rollout_36,2026-09-19T03:33:07,tdmpc2_HalfCheetah-v5_seed331,45914c94-447a-4c38-bb9f-735bd6521cbb,6.66161508699588,0.00014300517580214528,2.1467050292132776e-05,30.25594511751342,118.59838501899631,20.0,6.0342843552014386e-05,0.00027804161132194416,3.7006477799999236e-05,0.00037539093267395865,0.0,Germany,DEU,baden-wurttemberg,,,Linux-7.0.0-31-generic-x86_64-with-glibc2.43,3.14.4,3.3.0,24,Intel(R) Core(TM) Ultra 9 285K,1,1 x NVIDIA GeForce RTX 5090,9.2986,48.7383,60.81615447998047,machine,0.0,0.0,0.0,0.0,N
gradient_updates_36,2026-09-19T03:33:17,tdmpc2_HalfCheetah-v5_seed331,45914c94-447a-4c38-bb9f-735bd6521cbb,10.326442197998404,0.0001515173674364323,1.4672765867908063e-05,30.27921605392366,118.25576680519468,20.0,7.68477039781168e-05,0.00026352243303984224,5.736543835001707e-05,0.0003977355753679787,0.0,Germany,DEU,baden-wurttemberg,,,Linux-7.0.0-31-generic-x86_64-with-glibc2.43,3.14.4,3.3.0,24,Intel(R) Core(TM) Ultra 9 285K,1,1 x NVIDIA GeForce RTX 5090,9.2986,48.7383,60.81615447998047,machine,0.0,0.0,0.0,0.0,N
rollout_37,2026-09-19T03:33:24,tdmpc2_HalfCheetah-v5_seed331,45914c94-447a-4c38-bb9f-735bd6521cbb,6.667001965994132,0.00014380788429865787,2.1570116288341758e-05,30.247394253464087,118.66003307293695,20.0,6.232595708294611e-05,0.000278135500286103,3.703659827778132e-05,0.00037749805564682437,0.0,Germany,DEU,baden-wurttemberg,,,Linux-7.0.0-31-generic-x86_64-with-glibc2.43,3.14.4,3.3.0,24,Intel(R) Core(TM) Ultra 9 285K,1,1 x NVIDIA GeForce RTX 5090,9.2986,48.7383,60.81615447998047,machine,0.0,0.0,0.0,0.0,N
gradient_updates_37,2026-09-19T03:33:34,tdmpc2_HalfCheetah-v5_seed331,45914c94-447a-4c38-bb9f-735bd6521cbb,10.368772877998708,0.0001509718658301469,1.45602255940681e-05,30.280824716137506,118.32549689799234,20.0,7.403965089834014e-05,0.00026466437839789414,5.7599595405554045e-05,0.0003963036247017909,0.0,Germany,DEU,baden-wurttemberg,,,Linux-7.0.0-31-generic-x86_64-with-glibc2.43,3.14.4,3.3.0,24,Intel(R) Core(TM) Ultra 9 285K,1,1 x NVIDIA GeForce RTX 5090,9.2986,48.7383,60.81615447998047,machine,0.0,0.0,0.0,0.0,N
rollout_38,2026-09-19T03:33:41,tdmpc2_HalfCheetah-v5_seed331,45914c94-447a-4c38-bb9f-735bd6521cbb,6.6599880829962785,0.00014189971244767466,2.1306306197180118e-05,30.236506928150245,118.70066785775015,20.0,6.038499164129005e-05,0.00027510660897389627,3.699747261667278e-05,0.00037248907323185476,0.0,Germany,DEU,baden-wurttemberg,,,Linux-7.0.0-31-generic-x86_64-with-glibc2.43,3.14.4,3.3.0,24,Intel(R) Core(TM) Ultra 9 285K,1,1 x NVIDIA GeForce RTX 5090,9.2986,48.7383,60.81615447998047,machine,0.0,0.0,0.0,0.0,N
gradient_updates_38,2026-09-19T03:33:52,tdmpc2_HalfCheetah-v5_seed331,45914c94-447a-4c38-bb9f-735bd6521cbb,10.485221194001497,0.00015013810281588533,1.4319031658000932e-05,30.255431283159506,118.37438220602667,20.0,6.8084190022865e-05,0.0002677829920041397,5.824780108333594e-05,0.0003941149831103441,0.0,Germany,DEU,baden-wurttemberg,,,Linux-7.0.0-31-generic-x86_64-with-glibc2.43,3.14.4,3.3.0,24,Intel(R) Core(TM) Ultra 9 285K,1,1 x NVIDIA GeForce RTX 5090,9.2986,48.7383,60.81615447998047,machine,0.0,0.0,0.0,0.0,N
rollout_39,2026-09-19T03:33:58,tdmpc2_HalfCheetah-v5_seed331,45914c94-447a-4c38-bb9f-735bd6521cbb,6.66189504799695,0.00014349053224042667,2.1538998102448892e-05,30.18885994595753,118.76344583119385,20.0,6.086649035982189e-05,0.00027879133414421275,3.700717678334006e-05,0.0003766650012873782,0.0,Germany,DEU,baden-wurttemberg,,,Linux-7.0.0-31-generic-x86_64-with-glibc2.43,3.14.4,3.3.0,24,Intel(R) Core(TM) Ultra 9 285K,1,1 x NVIDIA GeForce RTX 5090,9.2986,48.7383,60.81615447998047,machine,0.0,0.0,0.0,0.0,N
gradient_updates_39,2026-09-19T03:34:09,tdmpc2_HalfCheetah-v5_seed331,45914c94-447a-4c38-bb9f-735bd6521cbb,10.326191152998945,0.00015161025779609864,1.468212044170704e-05,30.214213485370134,118.44549878800557,20.0,7.657623376093603e-05,0.00026403882234182774,5.73643579833312e-05,0.00039797941408609844,0.0,Germany,DEU,baden-wurttemberg,,,Linux-7.0.0-31-generic-x86_64-with-glibc2.43,3.14.4,3.3.0,24,Intel(R) Core(TM) Ultra 9 285K,1,1 x NVIDIA GeForce RTX 5090,9.2986,48.7383,60.81615447998047,machine,0.0,0.0,0.0,0.0,N
rollout_40,2026-09-19T03:34:15,tdmpc2_HalfCheetah-v5_seed331,45914c94-447a-4c38-bb9f-735bd6521cbb,6.72017826600495,0.00014492903101667037,2.1566249423776927e-05,30.186406245955407,118.80486392117275,20.0,6.49936633837743e-05,0.0002781149447139697,3.73324760777902e-05,0.0003804410841755368,0.0,Germany,DEU,baden-wurttemberg,,,Linux-7.0.0-31-generic-x86_64-with-glibc2.43,3.14.4,3.3.0,24,Intel(R) Core(TM) Ultra 9 285K,1,1 x NVIDIA GeForce RTX 5090,9.2986,48.7383,60.81615447998047,machine,0.0,0.0,0.0,0.0,N
gradient_updates_40,2026-09-19T03:34:26,tdmpc2_HalfCheetah-v5_seed331,45914c94-447a-4c38-bb9f-735bd6521cbb,10.342358091998904,0.00015275713938482822,1.4770062200176791e-05,30.231637250794858,118.50250040398628,20.0,7.694107099725372e-05,0.00026659465771983193,5.7454268355568855e-05,0.000400989997072658,0.0,Germany,DEU,baden-wurttemberg,,,Linux-7.0.0-31-generic-x86_64-with-glibc2.43,3.14.4,3.3.0,24,Intel(R) Core(TM) Ultra 9 285K,1,1 x NVIDIA GeForce RTX 5090,9.2986,48.7383,60.81615447998047,machine,0.0,0.0,0.0,0.0,N
rollout_41,2026-09-19T03:34:32,tdmpc2_HalfCheetah-v5_seed331,45914c94-447a-4c38-bb9f-735bd6521cbb,6.665058243997919,0.0001422225865059419,2.1338541306166846e-05,30.20252901776469,118.84629700710803,20.0,6.155137146328024e-05,0.0002747593864742548,3.7025864994454094e-05,0.0003733366229319926,0.0,Germany,DEU,baden-wurttemberg,,,Linux-7.0.0-31-generic-x86_64-with-glibc2.43,3.14.4,3.3.0,24,Intel(R) Core(TM) Ultra 9 285K,1,1 x NVIDIA GeForce RTX 5090,9.2986,48.7383,60.81615447998047,machine,0.0,0.0,0.0,0.0,N
gradient_updates_41,2026-09-19T03:34:43,tdmpc2_HalfCheetah-v5_seed331,45914c94-447a-4c38-bb9f-735bd6521cbb,10.335133316999418,0.00015281893791090073,1.478632255500113e-05,30.23045268431051,118.55059422763944,20.0,7.726064014179634e-05,0.0002664768798479322,5.7414699227754246e-05,0.0004011522192174863,0.0,Germany,DEU,baden-wurttemberg,,,Linux-7.0.0-31-generic-x86_64-with-glibc2.43,3.14.4,3.3.0,24,Intel(R) Core(TM) Ultra 9 285K,1,1 x NVIDIA GeForce RTX 5090,9.2986,48.7383,60.81615447998047,machine,0.0,0.0,0.0,0.0,N
rollout_42,2026-09-19T03:34:49,tdmpc2_HalfCheetah-v5_seed331,45914c94-447a-4c38-bb9f-735bd6521cbb,6.653735152998706,0.00014236200613978144,2.1395816772233053e-05,30.203500404576808,118.89052654905586,20.0,6.172177798849376e-05,0.0002750177200141479,3.696310375554419e-05,0.0003737026017581885,0.0,Germany,DEU,baden-wurttemberg,,,Linux-7.0.0-31-generic-x86_64-with-glibc2.43,3.14.4,3.3.0,24,Intel(R) Core(TM) Ultra 9 285K,1,1 x NVIDIA GeForce RTX 5090,9.2986,48.7383,60.81615447998047,machine,0.0,0.0,0.0,0.0,N
gradient_updates_42,2026-09-19T03:35:00,tdmpc2_HalfCheetah-v5_seed331,45914c94-447a-4c38-bb9f-735bd6521cbb,10.361518912002794,0.0001519284381079778,1.4662772835253195e-05,30.231743628547342,118.59402340278058,20.0,7.588080709348619e-05,0.0002653729900758961,5.7560845455575244e-05,0.00039881464262495753,0.0,Germany,DEU,baden-wurttemberg,,,Linux-7.0.0-31-generic-x86_64-with-glibc2.43,3.14.4,3.3.0,24,Intel(R) Core(TM) Ultra 9 285K,1,1 x NVIDIA GeForce RTX 5090,9.2986,48.7383,60.81615447998047,machine,0.0,0.0,0.0,0.0,N
rollout_43,2026-09-19T03:35:06,tdmpc2_HalfCheetah-v5_seed331,45914c94-447a-4c38-bb9f-735bd6521cbb,6.650156358999084,0.0001432871046235535,2.1546441802844607e-05,30.19953891944615,118.94636064375379,20.0,6.089644843934247e-05,0.0002782913337440185,3.69432182722243e-05,0.0003761310004555818,0.0,Germany,DEU,baden-wurttemberg,,,Linux-7.0.0-31-generic-x86_64-with-glibc2.43,3.14.4,3.3.0,24,Intel(R) Core(TM) Ultra 9 285K,1,1 x NVIDIA GeForce RTX 5090,9.2986,48.7383,60.81615447998047,machine,0.0,0.0,0.0,0.0,N
gradient_updates_43,2026-09-19T03:35:17,tdmpc2_HalfCheetah-v5_seed331,45914c94-447a-4c38-bb9f-735bd6521cbb,10.319914134997816,0.00015047106087864338,1.4580661553527792e-05,30.223332337093847,118.64331826466186,20.0,7.661222767862269e-05,0.00026104631994794403,5.733045586114004e-05,0.0003949890034877085,0.0,Germany,DEU,baden-wurttemberg,,,Linux-7.0.0-31-generic-x86_64-with-glibc2.43,3.14.4,3.3.0,24,Intel(R) Core(TM) Ultra 9 285K,1,1 x NVIDIA GeForce RTX 5090,9.2986,48.7383,60.81615447998047,machine,0.0,0.0,0.0,0.0,N
rollout_44,2026-09-19T03:35:23,tdmpc2_HalfCheetah-v5_seed331,45914c94-447a-4c38-bb9f-735bd6521cbb,6.651832759001991,0.00014200845334411995,2.134878400513014e-05,30.19599753135365,118.96216528689787,20.0,6.182641918332094e-05,0.000273996052530201,3.6952048155541005e-05,0.0003727745198690638,0.0,Germany,DEU,baden-wurttemberg,,,Linux-7.0.0-31-generic-x86_64-with-glibc2.43,3.14.4,3.3.0,24,Intel(R) Core(TM) Ultra 9 285K,1,1 x NVIDIA GeForce RTX 5090,9.2986,48.7383,60.81615447998047,machine,0.0,0.0,0.0,0.0,N
gradient_updates_44,2026-09-19T03:35:34,tdmpc2_HalfCheetah-v5_seed331,45914c94-447a-4c38-bb9f-735bd6521cbb,10.322399343000143,0.00015186589024839686,1.4712280215787615e-05,30.223871250226622,118.68123992092731,20.0,7.593321241318451e-05,0.00026537382340974247,5.734341764445077e-05,0.00039865045346737515,0.0,Germany,DEU,baden-wurttemberg,,,Linux-7.0.0-31-generic-x86_64-with-glibc2.43,3.14.4,3.3.0,24,Intel(R) Core(TM) Ultra 9 285K,1,1 x NVIDIA GeForce RTX 5090,9.2986,48.7383,60.81615447998047,machine,0.0,0.0,0.0,0.0,N
rollout_45,2026-09-19T03:35:40,tdmpc2_HalfCheetah-v5_seed331,45914c94-447a-4c38-bb9f-735bd6521cbb,6.660540406999644,0.00014142175753618924,2.1232790202464046e-05,30.193340786494034,118.99243847763287,20.0,5.996907186410494e-05,0.00027426438607802694,3.7000975805575806e-05,0.0003712344337477094,0.0,Germany,DEU,baden-wurttemberg,,,Linux-7.0.0-31-generic-x86_64-with-glibc2.43,3.14.4,3.3.0,24,Intel(R) Core(TM) Ultra 9 285K,1,1 x NVIDIA GeForce RTX 5090,9.2986,48.7383,60.81615447998047,machine,0.0,0.0,0.0,0.0,N
gradient_updates_45,2026-09-19T03:35:51,tdmpc2_HalfCheetah-v5_seed331,45914c94-447a-4c38-bb9f-735bd6521cbb,10.344876435003243,0.00015221403178601427,1.4713932180711648e-05,30.211136225378084,118.71289913371477,20.0,7.729012349871889e-05,0.00026480604517775674,5.7468162038882935e-05,0.00039956433071535596,0.0,Germany,DEU,baden-wurttemberg,,,Linux-7.0.0-31-generic-x86_64-with-glibc2.43,3.14.4,3.3.0,24,Intel(R) Core(TM) Ultra 9 285K,1,1 x NVIDIA GeForce RTX 5090,9.2986,48.7383,60.81615447998047,machine,0.0,0.0,0.0,0.0,N
rollout_46,2026-09-19T03:35:57,tdmpc2_HalfCheetah-v5_seed331,45914c94-447a-4c38-bb9f-735bd6521cbb,6.6513934249960585,0.00014270586219164438,2.1455044731972145e-05,30.187791622927996,119.01971107571474,20.0,6.335144762556477e-05,0.00027430438611020236,3.694939579998186e-05,0.0003746052295357516,0.0,Germany,DEU,baden-wurttemberg,,,Linux-7.0.0-31-generic-x86_64-with-glibc2.43,3.14.4,3.3.0,24,Intel(R) Core(TM) Ultra 9 285K,1,1 x NVIDIA GeForce RTX 5090,9.2986,48.7383,60.81615447998047,machine,0.0,0.0,0.0,0.0,N
gradient_updates_46,2026-09-19T03:36:08,tdmpc2_HalfCheetah-v5_seed331,45914c94-447a-4c38-bb9f-735bd6521cbb,10.352446888995473,0.00015253314327430198,1.4734034031707355e-05,30.222856324374156,118.74553728963112,20.0,7.790769621499744e-05,0.0002649838230981416,5.751048429443028e-05,0.0004004020036075667,0.0,Germany,DEU,baden-wurttemberg,,,Linux-7.0.0-31-generic-x86_64-with-glibc2.43,3.14.4,3.3.0,24,Intel(R) Core(TM) Ultra 9 285K,1,1 x NVIDIA GeForce RTX 5090,9.2986,48.7383,60.81615447998047,machine,0.0,0.0,0.0,0.0,N
rollout_47,2026-09-19T03:36:14,tdmpc2_HalfCheetah-v5_seed331,45914c94-447a-4c38-bb9f-735bd6521cbb,6.66089204599848,0.0001426358149191169,2.1413946370521577e-05,30.20137619881703,119.04314193416603,20.0,6.321464418278244e-05,0.00027420466380778663,3.700204630557782e-05,0.00037442135429614776,0.0,Germany,DEU,baden-wurttemberg,,,Linux-7.0.0-31-generic-x86_64-with-glibc2.43,3.14.4,3.3.0,24,Intel(R) Core(TM) Ultra 9 285K,1,1 x NVIDIA GeForce RTX 5090,9.2986,48.7383,60.81615447998047,machine,0.0,0.0,0.0,0.0,N
gradient_updates_47,2026-09-19T03:36:25,tdmpc2_HalfCheetah-v5_seed331,45914c94-447a-4c38-bb9f-735bd6521cbb,10.347545368000283,0.00015273627619228486,1.4760641062986016e-05,30.23444428373061,118.77719586135949,20.0,7.773389913151574e-05,0.0002657174347961977,5.7483896922227995e-05,0.0004009352308499414,0.0,Germany,DEU,baden-wurttemberg,,,Linux-7.0.0-31-generic-x86_64-with-glibc2.43,3.14.4,3.3.0,24,Intel(R) Core(TM) Ultra 9 285K,1,1 x NVIDIA GeForce RTX 5090,9.2986,48.7383,60.81615447998047,machine,0.0,0.0,0.0,0.0,N
rollout_48,2026-09-19T03:36:31,tdmpc2_HalfCheetah-v5_seed331,45914c94-447a-4c38-bb9f-735bd6521cbb,6.650149547000183,0.00014245777343911172,2.1421759362305116e-05,30.212397517224428,119.07209662639745,20.0,6.25145214004641e-05,0.0002744874418119103,3.695202927774498e-05,0.0003739539924901211,0.0,Germany,DEU,baden-wurttemberg,,,Linux-7.0.0-31-generic-x86_64-with-glibc2.43,3.14.4,3.3.0,24,Intel(R) Core(TM) Ultra 9 285K,1,1 x NVIDIA GeForce RTX 5090,9.2986,48.7383,60.81615447998047,machine,0.0,0.0,0.0,0.0,N
gradient_updates_48,2026-09-19T03:36:42,tdmpc2_HalfCheetah-v5_seed331,45914c94-447a-4c38-bb9f-735bd6521cbb,10.34469314400485,0.00015274267827883325,1.476533091224735e-05,30.241727418270294,118.81175727775616,20.0,7.764522878279945e-05,0.00026583937933821744,5.746742831114638e-05,0.00040095203643216587,0.0,Germany,DEU,baden-wurttemberg,,,Linux-7.0.0-31-generic-x86_64-with-glibc2.43,3.14.4,3.3.0,24,Intel(R) Core(TM) Ultra 9 285K,1,1 x NVIDIA GeForce RTX 5090,9.2986,48.7383,60.81615447998047,machine,0.0,0.0,0.0,0.0,N
rollout_49,2026-09-19T03:36:48,tdmpc2_HalfCheetah-v5_seed331,45914c94-447a-4c38-bb9f-735bd6521cbb,6.668766255999799,0.0001434170633296747,2.1505802806317976e-05,30.218770605684554,119.11635900226102,20.0,6.123709176741182e-05,0.00027818966699610925,3.7045385427781144e-05,0.0003764721441913005,0.0,Germany,DEU,baden-wurttemberg,,,Linux-7.0.0-31-generic-x86_64-with-glibc2.43,3.14.4,3.3.0,24,Intel(R) Core(TM) Ultra 9 285K,1,1 x NVIDIA GeForce RTX 5090,9.2986,48.7383,60.81615447998047,machine,0.0,0.0,0.0,0.0,N
gradient_updates_49,2026-09-19T03:36:59,tdmpc2_HalfCheetah-v5_seed331,45914c94-447a-4c38-bb9f-735bd6521cbb,10.33538095199765,0.00015100280712500302,1.4610253513858981e-05,30.240524786501098,118.84842669841898,20.0,7.70052932708501e-05,0.0002619640984597993,5.741545437776968e-05,0.00039638484610841906,0.0,Germany,DEU,baden-wurttemberg,,,Linux-7.0.0-31-generic-x86_64-with-glibc2.43,3.14.4,3.3.0,24,Intel(R) Core(TM) Ultra 9 285K,1,1 x NVIDIA GeForce RTX 5090,9.2986,48.7383,60.81615447998047,machine,0.0,0.0,0.0,0.0,N
rollout_50,2026-09-19T03:37:05,tdmpc2_HalfCheetah-v5_seed331,45914c94-447a-4c38-bb9f-735bd6521cbb,6.70916833699448,0.0001440856801146334,2.147598155782888e-05,30.217662727795062,119.13533685401595,20.0,6.334227539600557e-05,0.0002776152220920203,3.726977673334988e-05,0.0003782272742213766,0.0,Germany,DEU,baden-wurttemberg,,,Linux-7.0.0-31-generic-x86_64-with-glibc2.43,3.14.4,3.3.0,24,Intel(R) Core(TM) Ultra 9 285K,1,1 x NVIDIA GeForce RTX 5090,9.2986,48.7383,60.81615447998047,machine,0.0,0.0,0.0,0.0,N
gradient_updates_50,2026-09-19T03:37:16,tdmpc2_HalfCheetah-v5_seed331,45914c94-447a-4c38-bb9f-735bd6521cbb,10.340147966002405,0.00015261863489691996,1.4759823068573997e-05,30.247128492272463,118.88412331360861,20.0,7.74939806062469e-05,0.00026569049032998393,5.744194958331485e-05,0.00040062642051954395,0.0,Germany,DEU,baden-wurttemberg,,,Linux-7.0.0-31-generic-x86_64-with-glibc2.43,3.14.4,3.3.0,24,Intel(R) Core(TM) Ultra 9 285K,1,1 x NVIDIA GeForce RTX 5090,9.2986,48.7383,60.81615447998047,machine,0.0,0.0,0.0,0.0,N
rollout_51,2026-09-19T03:37:22,tdmpc2_HalfCheetah-v5_seed331,45914c94-447a-4c38-bb9f-735bd6521cbb,6.654178307006077,0.00014295732332415129,2.1483852352376384e-05,30.22629052041667,119.1632293569261,20.0,6.337109736350571e-05,0.00027492910883175625,3.6965112938883854e-05,0.00037526531913414235,0.0,Germany,DEU,baden-wurttemberg,,,Linux-7.0.0-31-generic-x86_64-with-glibc2.43,3.14.4,3.3.0,24,Intel(R) Core(TM) Ultra 9 285K,1,1 x NVIDIA GeForce RTX 5090,9.2986,48.7383,60.81615447998047,machine,0.0,0.0,0.0,0.0,N
gradient_updates_51,2026-09-19T03:37:33,tdmpc2_HalfCheetah-v5_seed331,45914c94-447a-4c38-bb9f-735bd6521cbb,10.377019984000071,0.00015173935565330685,1.4622646156096567e-05,30.256893478943585,118.9125159072486,20.0,7.527006688267529e-05,0.00026540576787992265,5.764246331669328e-05,0.0003983182980792921,0.0,Germany,DEU,baden-wurttemberg,,,Linux-7.0.0-31-generic-x86_64-with-glibc2.43,3.14.4,3.3.0,24,Intel(R) Core(TM) Ultra 9 285K,1,1 x NVIDIA GeForce RTX 5090,9.2986,48.7383,60.81615447998047,machine,0.0,0.0,0.0,0.0,N
rollout_52,2026-09-19T03:37:39,tdmpc2_HalfCheetah-v5_seed331,45914c94-447a-4c38-bb9f-735bd6521cbb,6.65382702700299,0.00014264021526079473,2.1437326589016083e-05,30.2293198230326,119.18369404050222,20.0,6.307255129133632e-05,0.0002743977195183156,3.6962634455590254e-05,0.00037443290526524564,0.0,Germany,DEU,baden-wurttemberg,,,Linux-7.0.0-31-generic-x86_64-with-glibc2.43,3.14.4,3.3.0,24,Intel(R) Core(TM) Ultra 9 285K,1,1 x NVIDIA GeForce RTX 5090,9.2986,48.7383,60.81615447998047,machine,0.0,0.0,0.0,0.0,N
gradient_updates_52,2026-09-19T03:37:50,tdmpc2_HalfCheetah-v5_seed331,45914c94-447a-4c38-bb9f-735bd6521cbb,10.336591370003589,0.0001511269399120975,1.4620589601390977e-05,30.25837628866281,118.9331048884623,20.0,7.621965347567178e-05,0.0002630654882298522,5.742555500558733e-05,0.0003967106967111139,0.0,Germany,DEU,baden-wurttemberg,,,Linux-7.0.0-31-generic-x86_64-with-glibc2.43,3.14.4,3.3.0,24,Intel(R) Core(TM) Ultra 9 285K,1,1 x NVIDIA GeForce RTX 5090,9.2986,48.7383,60.81615447998047,machine,0.0,0.0,0.0,0.0,N
rollout_53,2026-09-19T03:37:56,tdmpc2_HalfCheetah-v5_seed331,45914c94-447a-4c38-bb9f-735bd6521cbb,6.662506405002205,0.00014410383941436747,2.1629083950989724e-05,30.23395912677612,119.21999688035237,20.0,6.221402532673864e-05,0.0002790471676821227,3.7013749672244224e-05,0.0003782749426811047,0.0,Germany,DEU,baden-wurttemberg,,,Linux-7.0.0-31-generic-x86_64-with-glibc2.43,3.14.4,3.3.0,24,Intel(R) Core(TM) Ultra 9 285K,1,1 x NVIDIA GeForce RTX 5090,9.2986,48.7383,60.81615447998047,machine,0.0,0.0,0.0,0.0,N
gradient_updates_53,2026-09-19T03:38:07,tdmpc2_HalfCheetah-v5_seed331,45914c94-447a-4c38-bb9f-735bd6521cbb,10.549666824997985,0.00014926663543720492,1.41489267407863e-05,30.25514609829485,118.96867981804371,20.0,6.635159141456237e-05,0.00026687021349580675,5.860556203333544e-05,0.00039182736694370196,0.0,Germany,DEU,baden-wurttemberg,,,Linux-7.0.0-31-generic-x86_64-with-glibc2.43,3.14.4,3.3.0,24,Intel(R) Core(TM) Ultra 9 285K,1,1 x NVIDIA GeForce RTX 5090,9.2986,48.7383,60.81615447998047,machine,0.0,0.0,0.0,0.0,N
rollout_54,2026-09-19T03:38:14,tdmpc2_HalfCheetah-v5_seed331,45914c94-447a-4c38-bb9f-735bd6521cbb,6.687049697997281,0.0001432233048328027,2.1418020039855233e-05,30.20014191220098,119.24283295719366,20.0,6.029930518385018e-05,0.00027851633392428354,3.714788585000659e-05,0.00037596352495813945,0.0,Germany,DEU,baden-wurttemberg,,,Linux-7.0.0-31-generic-x86_64-with-glibc2.43,3.14.4,3.3.0,24,Intel(R) Core(TM) Ultra 9 285K,1,1 x NVIDIA GeForce RTX 5090,9.2986,48.7383,60.81615447998047,machine,0.0,0.0,0.0,0.0,N
gradient_updates_54,2026-09-19T03:38:23,tdmpc2_HalfCheetah-v5_seed331,45914c94-447a-4c38-bb9f-735bd6521cbb,9.192967545997817,0.0001396214358140649,1.5187873695536175e-05,30.215276218358934,119.04194776283438,20.0,6.943435332521647e-05,0.0002460054745818674,5.1068731783339254e-05,0.0003665085596904205,0.0,Germany,DEU,baden-wurttemberg,,,Linux-7.0.0-31-generic-x86_64-with-glibc2.43,3.14.4,3.3.0,24,Intel(R) Core(TM) Ultra 9 285K,1,1 x NVIDIA GeForce RTX 5090,9.2986,48.7383,60.81615447998047,machine,0.0,0.0,0.0,0.0,N
rollout_55,2026-09-19T03:38:30,tdmpc2_HalfCheetah-v5_seed331,45914c94-447a-4c38-bb9f-735bd6521cbb,6.671330240998941,0.0001436543834264399,2.1533101430564887e-05,30.19640293996822,119.3136345913018,20.0,6.155411785436354e-05,0.00027848133389563046,3.70596615888643e-05,0.00037709511333886003,0.0,Germany,DEU,baden-wurttemberg,,,Linux-7.0.0-31-generic-x86_64-with-glibc2.43,3.14.4,3.3.0,24,Intel(R) Core(TM) Ultra 9 285K,1,1 x NVIDIA GeForce RTX 5090,9.2986,48.7383,60.81615447998047,machine,0.0,0.0,0.0,0.0,N
gradient_updates_55,2026-09-19T03:38:39,tdmpc2_HalfCheetah-v5_seed331,45914c94-447a-4c38-bb9f-735bd6521cbb,9.058142211993982,0.00013845548847944006,1.5285196866039302e-05,30.218207182351918,119.11299663712262,20.0,7.149125135962053e-05,0.0002416368599762464,5.031981747221498e-05,0.0003634479288080819,0.0,Germany,DEU,baden-wurttemberg,,,Linux-7.0.0-31-generic-x86_64-with-glibc2.43,3.14.4,3.3.0,24,Intel(R) Core(TM) Ultra 9 285K,1,1 x NVIDIA GeForce RTX 5090,9.2986,48.7383,60.81615447998047,machine,0.0,0.0,0.0,0.0,N
rollout_56,2026-09-19T03:38:45,tdmpc2_HalfCheetah-v5_seed331,45914c94-447a-4c38-bb9f-735bd6521cbb,6.668312888999935,0.00014315419292199386,2.1467834586013345e-05,30.20807204955773,119.37743869696764,20.0,6.076117083111954e-05,0.0002779716112661923,3.7049322961077956e-05,0.00037578210505839066,0.0,Germany,DEU,baden-wurttemberg,,,Linux-7.0.0-31-generic-x86_64-with-glibc2.43,3.14.4,3.3.0,24,Intel(R) Core(TM) Ultra 9 285K,1,1 x NVIDIA GeForce RTX 5090,9.2986,48.7383,60.81615447998047,machine,0.0,0.0,0.0,0.0,N
gradient_updates_56,2026-09-19T03:38:54,tdmpc2_HalfCheetah-v5_seed331,45914c94-447a-4c38-bb9f-735bd6521cbb,8.975488154996128,0.00014030978403696548,1.5632562531443287e-05,30.227586639692703,119.19148631024927,20.0,7.554352071254683e-05,0.00024291130543963035,4.986065891664313e-05,0.00036831548506881945,0.0,Germany,DEU,baden-wurttemberg,,,Linux-7.0.0-31-generic-x86_64-with-glibc2.43,3.14.4,3.3.0,24,Intel(R) Core(TM) Ultra 9 285K,1,1 x NVIDIA GeForce RTX 5090,9.2986,48.7383,60.81615447998047,machine,0.0,0.0,0.0,0.0,N
rollout_57,2026-09-19T03:39:01,tdmpc2_HalfCheetah-v5_seed331,45914c94-447a-4c38-bb9f-735bd6521cbb,6.673953271005303,0.0001441613085851716,2.160060406265e-05,30.23229022649848,119.45350894966317,20.0,6.25941892419754e-05,0.0002787566118942486,3.707499906110273e-05,0.00037842580019732674,0.0,Germany,DEU,baden-wurttemberg,,,Linux-7.0.0-31-generic-x86_64-with-glibc2.43,3.14.4,3.3.0,24,Intel(R) Core(TM) Ultra 9 285K,1,1 x NVIDIA GeForce RTX 5090,9.2986,48.7383,60.81615447998047,machine,0.0,0.0,0.0,0.0,N
gradient_updates_57,2026-09-19T03:39:10,tdmpc2_HalfCheetah-v5_seed331,45914c94-447a-4c38-bb9f-735bd6521cbb,9.021072843999718,0.0001403801620292293,1.556132114565368e-05,30.258839242589726,119.26350615380002,20.0,7.619912207035978e-05,0.00024218686041610482,5.01142459666884e-05,0.000368500228453153,0.0,Germany,DEU,baden-wurttemberg,,,Linux-7.0.0-31-generic-x86_64-with-glibc2.43,3.14.4,3.3.0,24,Intel(R) Core(TM) Ultra 9 285K,1,1 x NVIDIA GeForce RTX 5090,9.2986,48.7383,60.81615447998047,machine,0.0,0.0,0.0,0.0,N
rollout_58,2026-09-19T03:39:17,tdmpc2_HalfCheetah-v5_seed331,45914c94-447a-4c38-bb9f-735bd6521cbb,6.667179807001958,0.00014390853618356444,2.1584626424593453e-05,30.263373581691113,119.52355143027106,20.0,6.158733121426618e-05,0.00027913716775396225,3.703776952780711e-05,0.00037776226849603467,0.0,Germany,DEU,baden-wurttemberg,,,Linux-7.0.0-31-generic-x86_64-with-glibc2.43,3.14.4,3.3.0,24,Intel(R) Core(TM) Ultra 9 285K,1,1 x NVIDIA GeForce RTX 5090,9.2986,48.7383,60.81615447998047,machine,0.0,0.0,0.0,0.0,N
gradient_updates_58,2026-09-19T03:39:26,tdmpc2_HalfCheetah-v5_seed331,45914c94-447a-4c38-bb9f-735bd6521cbb,9.099170640998636,0.0001398330043608162,1.5367673081518127e-05,30.284139264527436,119.33461725198829,20.0,7.273450152088523e-05,0.0002437896394757999,5.0539789600023005e-05,0.00036706393059670467,0.0,Germany,DEU,baden-wurttemberg,,,Linux-7.0.0-31-generic-x86_64-with-glibc2.43,3.14.4,3.3.0,24,Intel(R) Core(TM) Ultra 9 285K,1,1 x NVIDIA GeForce RTX 5090,9.2986,48.7383,60.81615447998047,machine,0.0,0.0,0.0,0.0,N
rollout_59,2026-09-19T03:39:32,tdmpc2_HalfCheetah-v5_seed331,45914c94-447a-4c38-bb9f-735bd6521cbb,6.6634742919995915,0.00014250100405769142,2.1385397188620243e-05,30.277040328644944,119.57444466979351,20.0,6.157642981666211e-05,0.0002754738314898475,3.701721226663946e-05,0.0003740674735731517,0.0,Germany,DEU,baden-wurttemberg,,,Linux-7.0.0-31-generic-x86_64-with-glibc2.43,3.14.4,3.3.0,24,Intel(R) Core(TM) Ultra 9 285K,1,1 x NVIDIA GeForce RTX 5090,9.2986,48.7383,60.81615447998047,machine,0.0,0.0,0.0,0.0,N
gradient_updates_59,2026-09-19T03:39:42,tdmpc2_HalfCheetah-v5_seed331,45914c94-447a-4c38-bb9f-735bd6521cbb,9.127737157999945,0.00014063388213355482,1.540732604519247e-05,30.296998322941864,119.39553590466004,20.0,7.154155445542043e-05,0.0002469179753119555,5.070671812225369e-05,0.0003691662478896296,0.0,Germany,DEU,baden-wurttemberg,,,Linux-7.0.0-31-generic-x86_64-with-glibc2.43,3.14.4,3.3.0,24,Intel(R) Core(TM) Ultra 9 285K,1,1 x NVIDIA GeForce RTX 5090,9.2986,48.7383,60.81615447998047,machine,0.0,0.0,0.0,0.0,N
rollout_60,2026-09-19T03:39:48,tdmpc2_HalfCheetah-v5_seed331,45914c94-447a-4c38-bb9f-735bd6521cbb,6.709512656998413,0.00014459017312042424,2.1550022420214355e-05,30.28734928158885,119.63445478443357,20.0,6.409329460792951e-05,0.00027818383365829646,3.727444837224765e-05,0.0003795515766384719,0.0,Germany,DEU,baden-wurttemberg,,,Linux-7.0.0-31-generic-x86_64-with-glibc2.43,3.14.4,3.3.0,24,Intel(R) Core(TM) Ultra 9 285K,1,1 x NVIDIA GeForce RTX 5090,9.2986,48.7383,60.81615447998047,machine,0.0,0.0,0.0,0.0,N
gradient_updates_60,2026-09-19T03:39:59,tdmpc2_HalfCheetah-v5_seed331,45914c94-447a-4c38-bb9f-735bd6521cbb,10.553716747002909,0.00014925784326663694,1.4142692796850285e-05,30.311662979049668,119.40373955133579,20.0,6.769049693013118e-05,0.00026548521238822786,5.8628578033353626e-05,0.0003918042873517144,0.0,Germany,DEU,baden-wurttemberg,,,Linux-7.0.0-31-generic-x86_64-with-glibc2.43,3.14.4,3.3.0,24,Intel(R) Core(TM) Ultra 9 285K,1,1 x NVIDIA GeForce RTX 5090,9.2986,48.7383,60.81615447998047,machine,0.0,0.0,0.0,0.0,N
rollout_61,2026-09-19T03:40:05,tdmpc2_HalfCheetah-v5_seed331,45914c94-447a-4c38-bb9f-735bd6521cbb,6.660725079003896,0.0001435039703423964,2.154481262580414e-05,30.266095707374728,119.64812812948018,20.0,6.137026687395852e-05,0.0002783288337737666,3.700117587779675e-05,0.0003767002765255184,0.0,Germany,DEU,baden-wurttemberg,,,Linux-7.0.0-31-generic-x86_64-with-glibc2.43,3.14.4,3.3.0,24,Intel(R) Core(TM) Ultra 9 285K,1,1 x NVIDIA GeForce RTX 5090,9.2986,48.7383,60.81615447998047,machine,0.0,0.0,0.0,0.0,N
gradient_updates_61,2026-09-19T03:40:16,tdmpc2_HalfCheetah-v5_seed331,45914c94-447a-4c38-bb9f-735bd6521cbb,10.347104102998856,0.00015160266867450187,1.4651675995829432e-05,30.28417094454456,119.42960820698286,20.0,7.700269937988696e-05,0.000263477988559746,5.7478804577760015e-05,0.00039795949251739127,0.0,Germany,DEU,baden-wurttemberg,,,Linux-7.0.0-31-generic-x86_64-with-glibc2.43,3.14.4,3.3.0,24,Intel(R) Core(TM) Ultra 9 285K,1,1 x NVIDIA GeForce RTX 5090,9.2986,48.7383,60.81615447998047,machine,0.0,0.0,0.0,0.0,N
rollout_62,2026-09-19T03:40:22,tdmpc2_HalfCheetah-v5_seed331,45914c94-447a-4c38-bb9f-735bd6521cbb,6.660304797995195,0.00014395330584980257,2.1613631578661553e-05,30.264883155347324,119.66961547390856,20.0,6.265944568307341e-05,0.0002782210559102438,3.699928801110652e-05,0.00037787978960442115,0.0,Germany,DEU,baden-wurttemberg,,,Linux-7.0.0-31-generic-x86_64-with-glibc2.43,3.14.4,3.3.0,24,Intel(R) Core(TM) Ultra 9 285K,1,1 x NVIDIA GeForce RTX 5090,9.2986,48.7383,60.81615447998047,machine,0.0,0.0,0.0,0.0,N
gradient_updates_62,2026-09-19T03:40:33,tdmpc2_HalfCheetah-v5_seed331,45914c94-447a-4c38-bb9f-735bd6521cbb,10.446866293998028,0.0001516500242915303,1.4516335614425868e-05,30.286640164003565,119.45472252367847,20.0,7.38619713117547e-05,0.0002661874351717053,5.803439530556887e-05,0.00039808380178903147,0.0,Germany,DEU,baden-wurttemberg,,,Linux-7.0.0-31-generic-x86_64-with-glibc2.43,3.14.4,3.3.0,24,Intel(R) Core(TM) Ultra 9 285K,1,1 x NVIDIA GeForce RTX 5090,9.2986,48.7383,60.81615447998047,machine,0.0,0.0,0.0,0.0,N
rollout_63,2026-09-19T03:40:40,tdmpc2_HalfCheetah-v5_seed331,45914c94-447a-4c38-bb9f-735bd6521cbb,6.667106838001928,0.00014319586256748493,2.1477991112208964e-05,30.257284664485077,119.69223806856137,20.0,6.0019934127020225e-05,0.00027883466751221775,3.703688692221433e-05,0.00037589148856145144,0.0,Germany,DEU,baden-wurttemberg,,,Linux-7.0.0-31-generic-x86_64-with-glibc2.43,3.14.4,3.3.0,24,Intel(R) Core(TM) Ultra 9 285K,1,1 x NVIDIA GeForce RTX 5090,9.2986,48.7383,60.81615447998047,machine,0.0,0.0,0.0,0.0,N
gradient_updates_63,2026-09-19T03:40:50,tdmpc2_HalfCheetah-v5_seed331,45914c94-447a-4c38-bb9f-735bd6521cbb,10.35632881300262,0.0001532920595401048,1.4801791761901496e-05,30.26990507515984,119.487815560613,20.0,7.817511476226197e-05,0.0002666871577940988,5.753189869998725e-05,0.00040239417125634974,0.0,Germany,DEU,baden-wurttemberg,,,Linux-7.0.0-31-generic-x86_64-with-glibc2.43,3.14.4,3.3.0,24,Intel(R) Core(TM) Ultra 9 285K,1,1 x NVIDIA GeForce RTX 5090,9.2986,48.7383,60.81615447998047,machine,0.0,0.0,0.0,0.0,N
rollout_64,2026-09-19T03:40:57,tdmpc2_HalfCheetah-v5_seed331,45914c94-447a-4c38-bb9f-735bd6521cbb,6.658397728999262,0.0001420940190125647,2.1340578075482352e-05,30.252714010301705,119.70820761349236,20.0,6.081108420438047e-05,0.0002751993868259639,3.6988660122207716e-05,0.00037299913115255295,0.0,Germany,DEU,baden-wurttemberg,,,Linux-7.0.0-31-generic-x86_64-with-glibc2.43,3.14.4,3.3.0,24,Intel(R) Core(TM) Ultra 9 285K,1,1 x NVIDIA GeForce RTX 5090,9.2986,48.7383,60.81615447998047,machine,0.0,0.0,0.0,0.0,N
gradient_updates_64,2026-09-19T03:41:07,tdmpc2_HalfCheetah-v5_seed331,45914c94-447a-4c38-bb9f-735bd6521cbb,10.479775723993953,0.00015162959970151102,1.4468795986809859e-05,30.266504777616465,119.50372961709513,20.0,7.111208800073682e-05,0.0002687004927377501,5.821760616664569e-05,0.00039803018690513087,0.0,Germany,DEU,baden-wurttemberg,,,Linux-7.0.0-31-generic-x86_64-with-glibc2.43,3.14.4,3.3.0,24,Intel(R) Core(TM) Ultra 9 285K,1,1 x NVIDIA GeForce RTX 5090,9.2986,48.7383,60.81615447998047,machine,0.0,0.0,0.0,0.0,N
rollout_65,2026-09-19T03:41:14,tdmpc2_HalfCheetah-v5_seed331,45914c94-447a-4c38-bb9f-735bd6521cbb,6.673677681996196,0.0001429679775634754,2.142267749083327e-05,30.23187860516375,119.72846257866853,20.0,6.045716558791825e-05,0.0002777627222103618,3.707339888888925e-05,0.00037529328668716583,0.0,Germany,DEU,baden-wurttemberg,,,Linux-7.0.0-31-generic-x86_64-with-glibc2.43,3.14.4,3.3.0,24,Intel(R) Core(TM) Ultra 9 285K,1,1 x NVIDIA GeForce RTX 5090,9.2986,48.7383,60.81615447998047,machine,0.0,0.0,0.0,0.0,N
gradient_updates_65,2026-09-19T03:41:24,tdmpc2_HalfCheetah-v5_seed331,45914c94-447a-4c38-bb9f-735bd6521cbb,10.447453496002709,0.00015065525936506716,1.4420263083318393e-05,30.24414950994619,119.5200910174712,20.0,7.222865639398834e-05,0.0002652060454981786,5.803782564443166e-05,0.0003954725275365986,0.0,Germany,DEU,baden-wurttemberg,,,Linux-7.0.0-31-generic-x86_64-with-glibc2.43,3.14.4,3.3.0,24,Intel(R) Core(TM) Ultra 9 285K,1,1 x NVIDIA GeForce RTX 5090,9.2986,48.7383,60.81615447998047,machine,0.0,0.0,0.0,0.0,N
rollout_66,2026-09-19T03:41:31,tdmpc2_HalfCheetah-v5_seed331,45914c94-447a-4c38-bb9f-735bd6521cbb,6.668546276996494,0.00014310137580773527,2.1459166099815816e-05,30.21325409116672,119.74264999124225,20.0,6.073489192121029e-05,0.0002778632778457357,3.704528949997985e-05,0.000375643459266925,0.0,Germany,DEU,baden-wurttemberg,,,Linux-7.0.0-31-generic-x86_64-with-glibc2.43,3.14.4,3.3.0,24,Intel(R) Core(TM) Ultra 9 285K,1,1 x NVIDIA GeForce RTX 5090,9.2986,48.7383,60.81615447998047,machine,0.0,0.0,0.0,0.0,N
gradient_updates_66,2026-09-19T03:41:41,tdmpc2_HalfCheetah-v5_seed331,45914c94-447a-4c38-bb9f-735bd6521cbb,10.54970933599543,0.00015055444017734315,1.4270972277896398e-05,30.22540851197343,119.54044620901057,20.0,6.748401204272059e-05,0.00026911771529425366,5.860614817777051e-05,0.0003952078755147456,0.0,Germany,DEU,baden-wurttemberg,,,Linux-7.0.0-31-generic-x86_64-with-glibc2.43,3.14.4,3.3.0,24,Intel(R) Core(TM) Ultra 9 285K,1,1 x NVIDIA GeForce RTX 5090,9.2986,48.7383,60.81615447998047,machine,0.0,0.0,0.0,0.0,N
rollout_67,2026-09-19T03:41:48,tdmpc2_HalfCheetah-v5_seed331,45914c94-447a-4c38-bb9f-735bd6521cbb,6.668714829000237,0.000141763959766332,2.1258061169303562e-05,30.183448164170272,119.74708749406628,20.0,6.042652945229682e-05,0.000274656886391611,3.704930437221834e-05,0.00037213272021612703,0.0,Germany,DEU,baden-wurttemberg,,,Linux-7.0.0-31-generic-x86_64-with-glibc2.43,3.14.4,3.3.0,24,Intel(R) Core(TM) Ultra 9 285K,1,1 x NVIDIA GeForce RTX 5090,9.2986,48.7383,60.81615447998047,machine,0.0,0.0,0.0,0.0,N
gradient_updates_67,2026-09-19T03:41:59,tdmpc2_HalfCheetah-v5_seed331,45914c94-447a-4c38-bb9f-735bd6521cbb,10.489608869000222,0.00015089284454693902,1.438499846427086e-05,30.19531632789263,119.54688325044998,20.0,7.05896109160914e-05,0.00026723438045417325,5.827220116665956e-05,0.00039609619253692246,0.0,Germany,DEU,baden-wurttemberg,,,Linux-7.0.0-31-generic-x86_64-with-glibc2.43,3.14.4,3.3.0,24,Intel(R) Core(TM) Ultra 9 285K,1,1 x NVIDIA GeForce RTX 5090,9.2986,48.7383,60.81615447998047,machine,0.0,0.0,0.0,0.0,N
rollout_68,2026-09-19T03:42:05,tdmpc2_HalfCheetah-v5_seed331,45914c94-447a-4c38-bb9f-735bd6521cbb,6.667331448996265,0.00014271693572721206,2.140541184344898e-05,30.16122199171895,119.7620956699239,20.0,6.000175939025604e-05,0.00027759383318581854,3.703870517221975e-05,0.00037463429774829693,0.0,Germany,DEU,baden-wurttemberg,,,Linux-7.0.0-31-generic-x86_64-with-glibc2.43,3.14.4,3.3.0,24,Intel(R) Core(TM) Ultra 9 285K,1,1 x NVIDIA GeForce RTX 5090,9.2986,48.7383,60.81615447998047,machine,0.0,0.0,0.0,0.0,N
gradient_updates_68,2026-09-19T03:42:16,tdmpc2_HalfCheetah-v5_seed331,45914c94-447a-4c38-bb9f-735bd6521cbb,10.405449877995125,0.00015159075511011338,1.4568414745221013e-05,30.172503561774924,119.56766249470297,20.0,7.37775901331339e-05,0.0002663457686322701,5.780486045001056e-05,0.00039792821921541544,0.0,Germany,DEU,baden-wurttemberg,,,Linux-7.0.0-31-generic-x86_64-with-glibc2.43,3.14.4,3.3.0,24,Intel(R) Core(TM) Ultra 9 285K,1,1 x NVIDIA GeForce RTX 5090,9.2986,48.7383,60.81615447998047,machine,0.0,0.0,0.0,0.0,N
rollout_69,2026-09-19T03:42:22,tdmpc2_HalfCheetah-v5_seed331,45914c94-447a-4c38-bb9f-735bd6521cbb,6.667309470001783,0.00014353281117306452,2.152785813603816e-05,30.1475503763478,119.78279198262238,20.0,6.133902018228693e-05,0.0002783993893857861,3.703757461112709e-05,0.0003767759841791993,0.0,Germany,DEU,baden-wurttemberg,,,Linux-7.0.0-31-generic-x86_64-with-glibc2.43,3.14.4,3.3.0,24,Intel(R) Core(TM) Ultra 9 285K,1,1 x NVIDIA GeForce RTX 5090,9.2986,48.7383,60.81615447998047,machine,0.0,0.0,0.0,0.0,N
gradient_updates_69,2026-09-19T03:42:33,tdmpc2_HalfCheetah-v5_seed331,45914c94-447a-4c38-bb9f-735bd6521cbb,10.351077202998567,0.00015139809775254615,1.4626278225882598e-05,30.164150182623114,119.58566766878943,20.0,7.713728170977846e-05,0.000262782154670127,5.750305411109189e-05,0.0003974224904909965,0.0,Germany,DEU,baden-wurttemberg,,,Linux-7.0.0-31-generic-x86_64-with-glibc2.43,3.14.4,3.3.0,24,Intel(R) Core(TM) Ultra 9 285K,1,1 x NVIDIA GeForce RTX 5090,9.2986,48.7383,60.81615447998047,machine,0.0,0.0,0.0,0.0,N
rollout_70,2026-09-19T03:42:39,tdmpc2_HalfCheetah-v5_seed331,45914c94-447a-4c38-bb9f-735bd6521cbb,6.7065825069948914,0.00014414687179999455,2.1493335247976006e-05,30.148378037889202,119.78785912285312,20.0,6.37464801638149e-05,0.00027738494412998804,3.725647910557926e-05,0.00037838790339938394,0.0,Germany,DEU,baden-wurttemberg,,,Linux-7.0.0-31-generic-x86_64-with-glibc2.43,3.14.4,3.3.0,24,Intel(R) Core(TM) Ultra 9 285K,1,1 x NVIDIA GeForce RTX 5090,9.2986,48.7383,60.81615447998047,machine,0.0,0.0,0.0,0.0,N
gradient_updates_70,2026-09-19T03:42:50,tdmpc2_HalfCheetah-v5_seed331,45914c94-447a-4c38-bb9f-735bd6521cbb,10.358108533997438,0.00015234604544622082,1.4707912634160621e-05,30.171321155475297,119.60154488447688,20.0,7.598855079078704e-05,0.00026638049088179017,5.754182706667853e-05,0.00039991086873925746,0.0,Germany,DEU,baden-wurttemberg,,,Linux-7.0.0-31-generic-x86_64-with-glibc2.43,3.14.4,3.3.0,24,Intel(R) Core(TM) Ultra 9 285K,1,1 x NVIDIA GeForce RTX 5090,9.2986,48.7383,60.81615447998047,machine,0.0,0.0,0.0,0.0,N
rollout_71,2026-09-19T03:42:56,tdmpc2_HalfCheetah-v5_seed331,45914c94-447a-4c38-bb9f-735bd6521cbb,6.6532823809975525,0.00014409072930319372,2.1657103860695912e-05,30.152861148495486,119.8143589890677,20.0,6.243997384082489e-05,0.00027884050085003054,3.696005373333023e-05,0.00037824052842418826,0.0,Germany,DEU,baden-wurttemberg,,,Linux-7.0.0-31-generic-x86_64-with-glibc2.43,3.14.4,3.3.0,24,Intel(R) Core(TM) Ultra 9 285K,1,1 x NVIDIA GeForce RTX 5090,9.2986,48.7383,60.81615447998047,machine,0.0,0.0,0.0,0.0,N
gradient_updates_71,2026-09-19T03:43:07,tdmpc2_HalfCheetah-v5_seed331,45914c94-447a-4c38-bb9f-735bd6521cbb,10.41650697899604,0.0001505011246107288,1.4448343602396123e-05,30.17193244640224,119.62343000369327,20.0,7.229676117069539e-05,0.000264904934145882,5.786622596109115e-05,0.00039506792127767115,0.0,Germany,DEU,baden-wurttemberg,,,Linux-7.0.0-31-generic-x86_64-with-glibc2.43,3.14.4,3.3.0,24,Intel(R) Core(TM) Ultra 9 285K,1,1 x NVIDIA GeForce RTX 5090,9.2986,48.7383,60.81615447998047,machine,0.0,0.0,0.0,0.0,N
rollout_72,2026-09-19T03:43:14,tdmpc2_HalfCheetah-v5_seed331,45914c94-447a-4c38-bb9f-735bd6521cbb,6.674898890996701,0.0001435345081732646,2.1503640073993893e-05,30.144568770667057,119.83021217837307,20.0,6.079029835441563e-05,0.0002789099453504029,3.708019512774219e-05,0.00037678043883256074,0.0,Germany,DEU,baden-wurttemberg,,,Linux-7.0.0-31-generic-x86_64-with-glibc2.43,3.14.4,3.3.0,24,Intel(R) Core(TM) Ultra 9 285K,1,1 x NVIDIA GeForce RTX 5090,9.2986,48.7383,60.81615447998047,machine,0.0,0.0,0.0,0.0,N
gradient_updates_72,2026-09-19T03:43:24,tdmpc2_HalfCheetah-v5_seed331,45914c94-447a-4c38-bb9f-735bd6521cbb,10.372079597997072,0.00015217671133809646,1.4671772547627477e-05,30.15868176635175,119.64156226287264,20.0,7.814078223479515e-05,0.0002637060442980399,5.761953739444499e-05,0.0003994663639272783,0.0,Germany,DEU,baden-wurttemberg,,,Linux-7.0.0-31-generic-x86_64-with-glibc2.43,3.14.4,3.3.0,24,Intel(R) Core(TM) Ultra 9 285K,1,1 x NVIDIA GeForce RTX 5090,9.2986,48.7383,60.81615447998047,machine,0.0,0.0,0.0,0.0,N
rollout_73,2026-09-19T03:43:31,tdmpc2_HalfCheetah-v5_seed331,45914c94-447a-4c38-bb9f-735bd6521cbb,6.664512878000096,0.0001435986021776879,2.1546768999783627e-05,30.14408354602118,119.84680444519077,20.0,6.10799771972731e-05,0.0002788460564095985,3.7022653038851563e-05,0.0003769486866457214,0.0,Germany,DEU,baden-wurttemberg,,,Linux-7.0.0-31-generic-x86_64-with-glibc2.43,3.14.4,3.3.0,24,Intel(R) Core(TM) Ultra 9 285K,1,1 x NVIDIA GeForce RTX 5090,9.2986,48.7383,60.81615447998047,machine,0.0,0.0,0.0,0.0,N
gradient_updates_73,2026-09-19T03:43:41,tdmpc2_HalfCheetah-v5_seed331,45914c94-447a-4c38-bb9f-735bd6521cbb,10.360319573002926,0.00015304745363684674,1.4772432910340744e-05,30.15908078595824,119.6686984531211,20.0,7.721684732898276e-05,0.00026698104691824653,5.7554182499977395e-05,0.0004017520767472041,0.0,Germany,DEU,baden-wurttemberg,,,Linux-7.0.0-31-generic-x86_64-with-glibc2.43,3.14.4,3.3.0,24,Intel(R) Core(TM) Ultra 9 285K,1,1 x NVIDIA GeForce RTX 5090,9.2986,48.7383,60.81615447998047,machine,0.0,0.0,0.0,0.0,N
rollout_74,2026-09-19T03:43:48,tdmpc2_HalfCheetah-v5_seed331,45914c94-447a-4c38-bb9f-735bd6521cbb,6.667001197994978,0.0001431444258849779,2.1470597470393492e-05,30.14435025430329,119.8572323414357,20.0,6.369366762155881e-05,0.00027502633113218877,3.7036467672240184e-05,0.00037575646642598604,0.0,Germany,DEU,baden-wurttemberg,,,Linux-7.0.0-31-generic-x86_64-with-glibc2.43,3.14.4,3.3.0,24,Intel(R) Core(TM) Ultra 9 285K,1,1 x NVIDIA GeForce RTX 5090,9.2986,48.7383,60.81615447998047,machine,0.0,0.0,0.0,0.0,N
gradient_updates_74,2026-09-19T03:43:58,tdmpc2_HalfCheetah-v5_seed331,45914c94-447a-4c38-bb9f-735bd6521cbb,10.355375789004029,0.00015300405069649387,1.477533836769156e-05,30.16732896169535,119.68241548954865,20.0,7.679570560318455e-05,0.00026731576940797197,5.75266683055407e-05,0.0004016381433166946,0.0,Germany,DEU,baden-wurttemberg,,,Linux-7.0.0-31-generic-x86_64-with-glibc2.43,3.14.4,3.3.0,24,Intel(R) Core(TM) Ultra 9 285K,1,1 x NVIDIA GeForce RTX 5090,9.2986,48.7383,60.81615447998047,machine,0.0,0.0,0.0,0.0,N
rollout_75,2026-09-19T03:44:05,tdmpc2_HalfCheetah-v5_seed331,45914c94-447a-4c38-bb9f-735bd6521cbb,6.6650548899997375,0.00014418186089431087,2.1632511840826835e-05,30.151368573265152,119.8827076005827,20.0,6.241177909604295e-05,0.00027904244545551293,3.7025525794444e-05,0.0003784797503460016,0.0,Germany,DEU,baden-wurttemberg,,,Linux-7.0.0-31-generic-x86_64-with-glibc2.43,3.14.4,3.3.0,24,Intel(R) Core(TM) Ultra 9 285K,1,1 x NVIDIA GeForce RTX 5090,9.2986,48.7383,60.81615447998047,machine,0.0,0.0,0.0,0.0,N
gradient_updates_75,2026-09-19T03:44:15,tdmpc2_HalfCheetah-v5_seed331,45914c94-447a-4c38-bb9f-735bd6521cbb,10.354736923996825,0.0001516084642486648,1.4641477213014113e-05,30.169910681056262,119.7031953854073,20.0,7.619171289777182e-05,0.0002642599336302176,5.752305946666106e-05,0.00039797470599465395,0.0,Germany,DEU,baden-wurttemberg,,,Linux-7.0.0-31-generic-x86_64-with-glibc2.43,3.14.4,3.3.0,24,Intel(R) Core(TM) Ultra 9 285K,1,1 x NVIDIA GeForce RTX 5090,9.2986,48.7383,60.81615447998047,machine,0.0,0.0,0.0,0.0,N
rollout_76,2026-09-19T03:44:22,tdmpc2_HalfCheetah-v5_seed331,45914c94-447a-4c38-bb9f-735bd6521cbb,6.659950183995534,0.00014381479158505003,2.15940008882559e-05,30.152676211073963,119.90074779929232,20.0,6.170533214200358e-05,0.0002788135563838168,3.6997298861104685e-05,0.00037751618738692677,0.0,Germany,DEU,baden-wurttemberg,,,Linux-7.0.0-31-generic-x86_64-with-glibc2.43,3.14.4,3.3.0,24,Intel(R) Core(TM) Ultra 9 285K,1,1 x NVIDIA GeForce RTX 5090,9.2986,48.7383,60.81615447998047,machine,0.0,0.0,0.0,0.0,N
gradient_updates_76,2026-09-19T03:44:32,tdmpc2_HalfCheetah-v5_seed331,45914c94-447a-4c38-bb9f-735bd6521cbb,10.366214148001745,0.00015235566754911306,1.4697346460425816e-05,30.168967262183873,119.72637122067106,20.0,7.647091423224062e-05,0.0002658835460405129,5.758166664446458e-05,0.00039993612691721636,0.0,Germany,DEU,baden-wurttemberg,,,Linux-7.0.0-31-generic-x86_64-with-glibc2.43,3.14.4,3.3.0,24,Intel(R) Core(TM) Ultra 9 285K,1,1 x NVIDIA GeForce RTX 5090,9.2986,48.7383,60.81615447998047,machine,0.0,0.0,0.0,0.0,N
rollout_77,2026-09-19T03:44:39,tdmpc2_HalfCheetah-v5_seed331,45914c94-447a-4c38-bb9f-735bd6521cbb,6.658955598002649,0.00014197884668030666,2.1321504023603695e-05,30.151743317314022,119.90911167358175,20.0,6.050904535163937e-05,0.00027519522015584386,3.699253638333143e-05,0.0003726968018908164,0.0,Germany,DEU,baden-wurttemberg,,,Linux-7.0.0-31-generic-x86_64-with-glibc2.43,3.14.4,3.3.0,24,Intel(R) Core(TM) Ultra 9 285K,1,1 x NVIDIA GeForce RTX 5090,9.2986,48.7383,60.81615447998047,machine,0.0,0.0,0.0,0.0,N
gradient_updates_77,2026-09-19T03:44:49,tdmpc2_HalfCheetah-v5_seed331,45914c94-447a-4c38-bb9f-735bd6521cbb,10.362457711002207,0.00015250506509919062,1.4717044735372135e-05,30.164166617175265,119.7382011797572,20.0,7.633422967844722e-05,0.0002664279909199152,5.7566077338883775e-05,0.0004003282979372358,0.0,Germany,DEU,baden-wurttemberg,,,Linux-7.0.0-31-generic-x86_64-with-glibc2.43,3.14.4,3.3.0,24,Intel(R) Core(TM) Ultra 9 285K,1,1 x NVIDIA GeForce RTX 5090,9.2986,48.7383,60.81615447998047,machine,0.0,0.0,0.0,0.0,N
rollout_78,2026-09-19T03:44:56,tdmpc2_HalfCheetah-v5_seed331,45914c94-447a-4c38-bb9f-735bd6521cbb,6.6500282480046735,0.0001424761030902992,2.1424890878136093e-05,30.1475848855205,119.92048058332873,20.0,6.16775276753162e-05,0.0002753821647498711,3.694241570002463e-05,0.0003740021081252154,0.0,Germany,DEU,baden-wurttemberg,,,Linux-7.0.0-31-generic-x86_64-with-glibc2.43,3.14.4,3.3.0,24,Intel(R) Core(TM) Ultra 9 285K,1,1 x NVIDIA GeForce RTX 5090,9.2986,48.7383,60.81615447998047,machine,0.0,0.0,0.0,0.0,N
gradient_updates_78,2026-09-19T03:45:06,tdmpc2_HalfCheetah-v5_seed331,45914c94-447a-4c38-bb9f-735bd6521cbb,10.459088501003862,0.00015215717647618782,1.4547857853804709e-05,30.162800097015094,119.75139634980637,20.0,7.250038105581502e-05,0.0002688118817162355,5.81028218222257e-05,0.0003994150845942762,0.0,Germany,DEU,baden-wurttemberg,,,Linux-7.0.0-31-generic-x86_64-with-glibc2.43,3.14.4,3.3.0,24,Intel(R) Core(TM) Ultra 9 285K,1,1 x NVIDIA GeForce RTX 5090,9.2986,48.7383,60.81615447998047,machine,0.0,0.0,0.0,0.0,N
rollout_79,2026-09-19T03:45:13,tdmpc2_HalfCheetah-v5_seed331,45914c94-447a-4c38-bb9f-735bd6521cbb,6.667194134002784,0.00014312482205058527,2.1467044037327393e-05,30.13738273210429,119.9395606776438,20.0,6.009905946809807e-05,0.0002785682784098853,3.703766816110475e-05,0.00037570500603907597,0.0,Germany,DEU,baden-wurttemberg,,,Linux-7.0.0-31-generic-x86_64-with-glibc2.43,3.14.4,3.3.0,24,Intel(R) Core(TM) Ultra 9 285K,1,1 x NVIDIA GeForce RTX 5090,9.2986,48.7383,60.81615447998047,machine,0.0,0.0,0.0,0.0,N
gradient_updates_79,2026-09-19T03:45:23,tdmpc2_HalfCheetah-v5_seed331,45914c94-447a-4c38-bb9f-735bd6521cbb,10.390499838002142,0.000152696247827825,1.4695763937641123e-05,30.148282492318515,119.76986089120558,20.0,7.727244015123813e-05,0.00026583604600194377,5.7721669583326446e-05,0.0004008301557365118,0.0,Germany,DEU,baden-wurttemberg,,,Linux-7.0.0-31-generic-x86_64-with-glibc2.43,3.14.4,3.3.0,24,Intel(R) Core(TM) Ultra 9 285K,1,1 x NVIDIA GeForce RTX 5090,9.2986,48.7383,60.81615447998047,machine,0.0,0.0,0.0,0.0,N
rollout_80,2026-09-19T03:45:30,tdmpc2_HalfCheetah-v5_seed331,45914c94-447a-4c38-bb9f-735bd6521cbb,6.718194093999045,0.00014454049617706674,2.1514803534718487e-05,30.134015847608193,119.94919095541958,20.0,6.338789904360848e-05,0.000278712722970198,3.732055183334332e-05,0.0003794211738471359,0.0,Germany,DEU,baden-wurttemberg,,,Linux-7.0.0-31-generic-x86_64-with-glibc2.43,3.14.4,3.3.0,24,Intel(R) Core(TM) Ultra 9 285K,1,1 x NVIDIA GeForce RTX 5090,9.2986,48.7383,60.81615447998047,machine,0.0,0.0,0.0,0.0,N
gradient_updates_80,2026-09-19T03:45:40,tdmpc2_HalfCheetah-v5_seed331,45914c94-447a-4c38-bb9f-735bd6521cbb,10.45804427999974,0.00015065739245283608,1.4405894434081516e-05,30.15193822800619,119.77780627123029,20.0,7.158673726934128e-05,0.0002657943793020756,5.809701035557578e-05,0.00039547812692698747,0.0,Germany,DEU,baden-wurttemberg,,,Linux-7.0.0-31-generic-x86_64-with-glibc2.43,3.14.4,3.3.0,24,Intel(R) Core(TM) Ultra 9 285K,1,1 x NVIDIA GeForce RTX 5090,9.2986,48.7383,60.81615447998047,machine,0.0,0.0,0.0,0.0,N
rollout_81,2026-09-19T03:45:47,tdmpc2_HalfCheetah-v5_seed331,45914c94-447a-4c38-bb9f-735bd6521cbb,6.6575268330052495,0.00014384385585846857,2.160621779267356e-05,30.12644276951037,119.96325213819902,20.0,6.184837475643745e-05,0.00027876077856392456,3.698332826113787e-05,0.00037759248158149294,0.0,Germany,DEU,baden-wurttemberg,,,Linux-7.0.0-31-generic-x86_64-with-glibc2.43,3.14.4,3.3.0,24,Intel(R) Core(TM) Ultra 9 285K,1,1 x NVIDIA GeForce RTX 5090,9.2986,48.7383,60.81615447998047,machine,0.0,0.0,0.0,0.0,N
gradient_updates_81,2026-09-19T03:45:57,tdmpc2_HalfCheetah-v5_seed331,45914c94-447a-4c38-bb9f-735bd6521cbb,10.35740632499801,0.00015279061879414427,1.4751800181380603e-05,30.14249777934345,119.80087533956942,20.0,7.690370374514172e-05,0.00026663771330959207,5.753646401665015e-05,0.0004010778810713822,0.0,Germany,DEU,baden-wurttemberg,,,Linux-7.0.0-31-generic-x86_64-with-glibc2.43,3.14.4,3.3.0,24,Intel(R) Core(TM) Ultra 9 285K,1,1 x NVIDIA GeForce RTX 5090,9.2986,48.7383,60.81615447998047,machine,0.0,0.0,0.0,0.0,N
rollout_82,2026-09-19T03:46:04,tdmpc2_HalfCheetah-v5_seed331,45914c94-447a-4c38-bb9f-735bd6521cbb,6.658129358002043,0.0001426400199484243,2.1423447587632693e-05,30.128004857366175,119.97335369302223,20.0,6.197905763875855e-05,0.0002754660537060971,3.698728122221266e-05,0.00037443239256707006,0.0,Germany,DEU,baden-wurttemberg,,,Linux-7.0.0-31-generic-x86_64-with-glibc2.43,3.14.4,3.3.0,24,Intel(R) Core(TM) Ultra 9 285K,1,1 x NVIDIA GeForce RTX 5090,9.2986,48.7383,60.81615447998047,machine,0.0,0.0,0.0,0.0,N
gradient_updates_82,2026-09-19T03:46:15,tdmpc2_HalfCheetah-v5_seed331,45914c94-447a-4c38-bb9f-735bd6521cbb,10.552815830000327,0.0001511699751496516,1.4325097290971228e-05,30.14235219295695,119.80967045807665,20.0,6.809865197887621e-05,0.00027010160497020763,5.8623407966661156e-05,0.00039682366491573806,0.0,Germany,DEU,baden-wurttemberg,,,Linux-7.0.0-31-generic-x86_64-with-glibc2.43,3.14.4,3.3.0,24,Intel(R) Core(TM) Ultra 9 285K,1,1 x NVIDIA GeForce RTX 5090,9.2986,48.7383,60.81615447998047,machine,0.0,0.0,0.0,0.0,N
rollout_83,2026-09-19T03:46:21,tdmpc2_HalfCheetah-v5_seed331,45914c94-447a-4c38-bb9f-735bd6521cbb,6.667778715003806,0.0001417561717248668,2.1259876609427717e-05,30.10984467201507,119.975590627987,20.0,6.06297421148691e-05,0.00027444188622016696,3.704064814446552e-05,0.00037211227647949985,0.0,Germany,DEU,baden-wurttemberg,,,Linux-7.0.0-31-generic-x86_64-with-glibc2.43,3.14.4,3.3.0,24,Intel(R) Core(TM) Ultra 9 285K,1,1 x NVIDIA GeForce RTX 5090,9.2986,48.7383,60.81615447998047,machine,0.0,0.0,0.0,0.0,N
gradient_updates_83,2026-09-19T03:46:32,tdmpc2_HalfCheetah-v5_seed331,45914c94-447a-4c38-bb9f-735bd6521cbb,10.360725279002509,0.00015093877174621184,1.4568375451592096e-05,30.121793644797393,119.80759248810118,20.0,7.650182175696074e-05,0.000262150487498225,5.756444293333017e-05,0.0003962167521885107,0.0,Germany,DEU,baden-wurttemberg,,,Linux-7.0.0-31-generic-x86_64-with-glibc2.43,3.14.4,3.3.0,24,Intel(R) Core(TM) Ultra 9 285K,1,1 x NVIDIA GeForce RTX 5090,9.2986,48.7383,60.81615447998047,machine,0.0,0.0,0.0,0.0,N
rollout_84,2026-09-19T03:46:38,tdmpc2_HalfCheetah-v5_seed331,45914c94-447a-4c38-bb9f-735bd6521cbb,6.659016130004602,0.0001438788897220357,2.1606640897271305e-05,30.107359411215104,119.98353661329025,20.0,6.27917221777824e-05,0.00027790050009812717,3.699222377221735e-05,0.0003776844460481321,0.0,Germany,DEU,baden-wurttemberg,,,Linux-7.0.0-31-generic-x86_64-with-glibc2.43,3.14.4,3.3.0,24,Intel(R) Core(TM) Ultra 9 285K,1,1 x NVIDIA GeForce RTX 5090,9.2986,48.7383,60.81615447998047,machine,0.0,0.0,0.0,0.0,N
gradient_updates_84,2026-09-19T03:46:49,tdmpc2_HalfCheetah-v5_seed331,45914c94-447a-4c38-bb9f-735bd6521cbb,10.564983857999323,0.00014983313758297132,1.4182064528949938e-05,30.12379566563047,119.81547641660349,20.0,6.833648522470287e-05,0.00026628687969587617,5.869107945e-05,0.00039331444437057383,0.0,Germany,DEU,baden-wurttemberg,,,Linux-7.0.0-31-generic-x86_64-with-glibc2.43,3.14.4,3.3.0,24,Intel(R) Core(TM) Ultra 9 285K,1,1 x NVIDIA GeForce RTX 5090,9.2986,48.7383,60.81615447998047,machine,0.0,0.0,0.0,0.0,N
rollout_85,2026-09-19T03:46:56,tdmpc2_HalfCheetah-v5_seed331,45914c94-447a-4c38-bb9f-735bd6521cbb,6.675521359000413,0.0001426130282883402,2.136358601273985e-05,30.092294032458263,119.98393328730778,20.0,6.0452621695399056e-05,0.00027682522145999755,3.7083695861131125e-05,0.0003743615390165156,0.0,Germany,DEU,baden-wurttemberg,,,Linux-7.0.0-31-generic-x86_64-with-glibc2.43,3.14.4,3.3.0,24,Intel(R) Core(TM) Ultra 9 285K,1,1 x NVIDIA GeForce RTX 5090,9.2986,48.7383,60.81615447998047,machine,0.0,0.0,0.0,0.0,N
gradient_updates_85,2026-09-19T03:47:06,tdmpc2_HalfCheetah-v5_seed331,45914c94-447a-4c38-bb9f-735bd6521cbb,10.34464183900127,0.0001518400688638108,1.4678114762581598e-05,30.103315662747512,119.82644580138737,20.0,7.60025044130655e-05,0.00026511354542391175,5.746662207222614e-05,0.0003985826719092034,0.0,Germany,DEU,baden-wurttemberg,,,Linux-7.0.0-31-generic-x86_64-with-glibc2.43,3.14.4,3.3.0,24,Intel(R) Core(TM) Ultra 9 285K,1,1 x NVIDIA GeForce RTX 5090,9.2986,48.7383,60.81615447998047,machine,0.0,0.0,0.0,0.0,N
rollout_86,2026-09-19T03:47:13,tdmpc2_HalfCheetah-v5_seed331,45914c94-447a-4c38-bb9f-735bd6521cbb,6.650484292003966,0.00014232068491756497,2.140005619332805e-05,30.088140904719783,119.99100555283457,20.0,6.146249778107155e-05,0.00027518327570197343,3.69483593888921e-05,0.00037359413287194054,0.0,Germany,DEU,baden-wurttemberg,,,Linux-7.0.0-31-generic-x86_64-with-glibc2.43,3.14.4,3.3.0,24,Intel(R) Core(TM) Ultra 9 285K,1,1 x NVIDIA GeForce RTX 5090,9.2986,48.7383,60.81615447998047,machine,0.0,0.0,0.0,0.0,N
gradient_updates_86,2026-09-19T03:47:23,tdmpc2_HalfCheetah-v5_seed331,45914c94-447a-4c38-bb9f-735bd6521cbb,10.509812065996812,0.0001490491995172344,1.4181925786405536e-05,30.10028823607526,119.83281774631298,20.0,6.478690710726848e-05,0.0002680852144680834,5.838447251108915e-05,0.0003912565940864532,0.0,Germany,DEU,baden-wurttemberg,,,Linux-7.0.0-31-generic-x86_64-with-glibc2.43,3.14.4,3.3.0,24,Intel(R) Core(TM) Ultra 9 285K,1,1 x NVIDIA GeForce RTX 5090,9.2986,48.7383,60.81615447998047,machine,0.0,0.0,0.0,0.0,N
rollout_87,2026-09-19T03:47:30,tdmpc2_HalfCheetah-v5_seed331,45914c94-447a-4c38-bb9f-735bd6521cbb,6.666498902006424,0.00014307000297937925,2.146104807921761e-05,30.064430550255892,120.00225224092729,20.0,6.047449282399475e-05,0.00027805327799823587,3.7033334255547404e-05,0.0003755611050777763,0.0,Germany,DEU,baden-wurttemberg,,,Linux-7.0.0-31-generic-x86_64-with-glibc2.43,3.14.4,3.3.0,24,Intel(R) Core(TM) Ultra 9 285K,1,1 x NVIDIA GeForce RTX 5090,9.2986,48.7383,60.81615447998047,machine,0.0,0.0,0.0,0.0,N
gradient_updates_87,2026-09-19T03:47:40,tdmpc2_HalfCheetah-v5_seed331,45914c94-447a-4c38-bb9f-735bd6521cbb,10.361524217005353,0.00015288848573699262,1.4755419374409825e-05,30.075708147466706,119.85151274480953,20.0,7.648941119148267e-05,0.0002672843804938374,5.756099171667223e-05,0.00040133478340199924,0.0,Germany,DEU,baden-wurttemberg,,,Linux-7.0.0-31-generic-x86_64-with-glibc2.43,3.14.4,3.3.0,24,Intel(R) Core(TM) Ultra 9 285K,1,1 x NVIDIA GeForce RTX 5090,9.2986,48.7383,60.81615447998047,machine,0.0,0.0,0.0,0.0,N
rollout_88,2026-09-19T03:47:47,tdmpc2_HalfCheetah-v5_seed331,45914c94-447a-4c38-bb9f-735bd6521cbb,6.662585189995298,0.0001429182317849581,2.145087428519993e-05,30.062076643524133,120.0117999504463,20.0,6.264825595189011e-05,0.000275501053733862,3.701339351666437e-05,0.0003751627032024113,0.0,Germany,DEU,baden-wurttemberg,,,Linux-7.0.0-31-generic-x86_64-with-glibc2.43,3.14.4,3.3.0,24,Intel(R) Core(TM) Ultra 9 285K,1,1 x NVIDIA GeForce RTX 5090,9.2986,48.7383,60.81615447998047,machine,0.0,0.0,0.0,0.0,N
gradient_updates_88,2026-09-19T03:47:57,tdmpc2_HalfCheetah-v5_seed331,45914c94-447a-4c38-bb9f-735bd6521cbb,10.519220066002163,0.0001511418779078233,1.436817593765026e-05,30.07733360668689,119.86306242673713,20.0,6.675040478917177e-05,0.00027156271725026215,5.843678715553198e-05,0.0003967499091949711,0.0,Germany,DEU,baden-wurttemberg,,,Linux-7.0.0-31-generic-x86_64-with-glibc2.43,3.14.4,3.3.0,24,Intel(R) Core(TM) Ultra 9 285K,1,1 x NVIDIA GeForce RTX 5090,9.2986,48.7383,60.81615447998047,machine,0.0,0.0,0.0,0.0,N
rollout_89,2026-09-19T03:48:04,tdmpc2_HalfCheetah-v5_seed331,45914c94-447a-4c38-bb9f-735bd6521cbb,6.658843466997496,0.00014214192786812102,2.1346344598413842e-05,30.045567714515922,120.02179091048356,20.0,6.071066467960157e-05,0.0002754229981158929,3.6991229888897956e-05,0.0003731248926844011,0.0,Germany,DEU,baden-wurttemberg,,,Linux-7.0.0-31-generic-x86_64-with-glibc2.43,3.14.4,3.3.0,24,Intel(R) Core(TM) Ultra 9 285K,1,1 x NVIDIA GeForce RTX 5090,9.2986,48.7383,60.81615447998047,machine,0.0,0.0,0.0,0.0,N
gradient_updates_89,2026-09-19T03:48:14,tdmpc2_HalfCheetah-v5_seed331,45914c94-447a-4c38-bb9f-735bd6521cbb,10.365016737996484,0.00015268131613432878,1.4730421750365471e-05,30.05751317928756,119.8729949080177,20.0,7.648751257885444e-05,0.0002667232689339549,5.7580178283306305e-05,0.0004007909597961157,0.0,Germany,DEU,baden-wurttemberg,,,Linux-7.0.0-31-generic-x86_64-with-glibc2.43,3.14.4,3.3.0,24,Intel(R) Core(TM) Ultra 9 285K,1,1 x NVIDIA GeForce RTX 5090,9.2986,48.7383,60.81615447998047,machine,0.0,0.0,0.0,0.0,N
rollout_90,2026-09-19T03:48:21,tdmpc2_HalfCheetah-v5_seed331,45914c94-447a-4c38-bb9f-735bd6521cbb,6.711428657996294,0.0001443820300149265,2.1512849372675865e-05,30.044210833363607,120.03304622307228,20.0,6.305649572293376e-05,0.00027866522293207296,3.728347891665193e-05,0.00037900519757166906,0.0,Germany,DEU,baden-wurttemberg,,,Linux-7.0.0-31-generic-x86_64-with-glibc2.43,3.14.4,3.3.0,24,Intel(R) Core(TM) Ultra 9 285K,1,1 x NVIDIA GeForce RTX 5090,9.2986,48.7383,60.81615447998047,machine,0.0,0.0,0.0,0.0,N
gradient_updates_90,2026-09-19T03:48:31,tdmpc2_HalfCheetah-v5_seed331,45914c94-447a-4c38-bb9f-735bd6521cbb,10.408018725996953,0.00015211467814904914,1.4615157152650802e-05,30.06057215145034,119.88384576863922,20.0,7.470791698851315e-05,0.00026677799119978474,5.781761760000406e-05,0.00039930352578829154,0.0,Germany,DEU,baden-wurttemberg,,,Linux-7.0.0-31-generic-x86_64-with-glibc2.43,3.14.4,3.3.0,24,Intel(R) Core(TM) Ultra 9 285K,1,1 x NVIDIA GeForce RTX 5090,9.2986,48.7383,60.81615447998047,machine,0.0,0.0,0.0,0.0,N
rollout_91,2026-09-19T03:48:38,tdmpc2_HalfCheetah-v5_seed331,45914c94-447a-4c38-bb9f-735bd6521cbb,6.6659554750003736,0.00014319901274888192,2.148215291405106e-05,30.04303156438388,120.04786400176816,20.0,6.0106909196597225e-05,0.00027876216745381655,3.703068118888521e-05,0.0003758997578393042,0.0,Germany,DEU,baden-wurttemberg,,,Linux-7.0.0-31-generic-x86_64-with-glibc2.43,3.14.4,3.3.0,24,Intel(R) Core(TM) Ultra 9 285K,1,1 x NVIDIA GeForce RTX 5090,9.2986,48.7383,60.81615447998047,machine,0.0,0.0,0.0,0.0,N
gradient_updates_91,2026-09-19T03:48:49,tdmpc2_HalfCheetah-v5_seed331,45914c94-447a-4c38-bb9f-735bd6521cbb,10.418415229003585,0.00015173533314901538,1.4564164274538301e-05,30.052481982134623,119.89933823644901,20.0,7.383416628951173e-05,0.00026659687994445846,5.787669270555622e-05,0.0003983077389395351,0.0,Germany,DEU,baden-wurttemberg,,,Linux-7.0.0-31-generic-x86_64-with-glibc2.43,3.14.4,3.3.0,24,Intel(R) Core(TM) Ultra 9 285K,1,1 x NVIDIA GeForce RTX 5090,9.2986,48.7383,60.81615447998047,machine,0.0,0.0,0.0,0.0,N
rollout_92,2026-09-19T03:48:55,tdmpc2_HalfCheetah-v5_seed331,45914c94-447a-4c38-bb9f-735bd6521cbb,6.6530432750005275,0.0001442953489967265,2.168862690508036e-05,30.034576024150788,120.06561750249416,20.0,6.217177584848937e-05,0.0002796468903838445,3.695899224443952e-05,0.0003787776584767699,0.0,Germany,DEU,baden-wurttemberg,,,Linux-7.0.0-31-generic-x86_64-with-glibc2.43,3.14.4,3.3.0,24,Intel(R) Core(TM) Ultra 9 285K,1,1 x NVIDIA GeForce RTX 5090,9.2986,48.7383,60.81615447998047,machine,0.0,0.0,0.0,0.0,N
gradient_updates_92,2026-09-19T03:49:06,tdmpc2_HalfCheetah-v5_seed331,45914c94-447a-4c38-bb9f-735bd6521cbb,10.511734276005882,0.00015016473915061349,1.4285453400871612e-05,30.048573629277293,119.91618480207433,20.0,6.81222861644501e-05,0.00026766743635597834,5.8395181405568666e-05,0.00039418490392600924,0.0,Germany,DEU,baden-wurttemberg,,,Linux-7.0.0-31-generic-x86_64-with-glibc2.43,3.14.4,3.3.0,24,Intel(R) Core(TM) Ultra 9 285K,1,1 x NVIDIA GeForce RTX 5090,9.2986,48.7383,60.81615447998047,machine,0.0,0.0,0.0,0.0,N
rollout_93,2026-09-19T03:49:12,tdmpc2_HalfCheetah-v5_seed331,45914c94-447a-4c38-bb9f-735bd6521cbb,6.665677288998268,0.0001422524690215289,2.1341041798491437e-05,30.020468494659386,120.06774897196667,20.0,6.0769291948724324e-05,0.000275617164938069,3.7028608138886185e-05,0.00037341506502566735,0.0,Germany,DEU,baden-wurttemberg,,,Linux-7.0.0-31-generic-x86_64-with-glibc2.43,3.14.4,3.3.0,24,Intel(R) Core(TM) Ultra 9 285K,1,1 x NVIDIA GeForce RTX 5090,9.2986,48.7383,60.81615447998047,machine,0.0,0.0,0.0,0.0,N
gradient_updates_93,2026-09-19T03:49:23,tdmpc2_HalfCheetah-v5_seed331,45914c94-447a-4c38-bb9f-735bd6521cbb,10.54800267900282,0.00015251769600861317,1.4459373094982275e-05,30.030795858325856,119.92529215777502,20.0,7.014586917220011e-05,0.0002716235506317055,5.859203447778662e-05,0.00040036145428169745,0.0,Germany,DEU,baden-wurttemberg,,,Linux-7.0.0-31-generic-x86_64-with-glibc2.43,3.14.4,3.3.0,24,Intel(R) Core(TM) Ultra 9 285K,1,1 x NVIDIA GeForce RTX 5090,9.2986,48.7383,60.81615447998047,machine,0.0,0.0,0.0,0.0,N
rollout_94,2026-09-19T03:49:30,tdmpc2_HalfCheetah-v5_seed331,45914c94-447a-4c38-bb9f-735bd6521cbb,6.677827785999398,0.00014341167900261062,2.147580640696223e-05,30.005732105456836,120.08220584355716,20.0,6.0744284706495955e-05,0.0002786171673379023,3.70965582000074e-05,0.0003764580102444126,0.0,Germany,DEU,baden-wurttemberg,,,Linux-7.0.0-31-generic-x86_64-with-glibc2.43,3.14.4,3.3.0,24,Intel(R) Core(TM) Ultra 9 285K,1,1 x NVIDIA GeForce RTX 5090,9.2986,48.7383,60.81615447998047,machine,0.0,0.0,0.0,0.0,N
gradient_updates_94,2026-09-19T03:49:40,tdmpc2_HalfCheetah-v5_seed331,45914c94-447a-4c38-bb9f-735bd6521cbb,10.393124792004528,0.00015257077570940067,1.46799693526836e-05,30.016937471821137,119.93806716698236,20.0,7.683032590866806e-05,0.00026593410163622266,5.773636182222763e-05,0.0004005007893671114,0.0,Germany,DEU,baden-wurttemberg,,,Linux-7.0.0-31-generic-x86_64-with-glibc2.43,3.14.4,3.3.0,24,Intel(R) Core(TM) Ultra 9 285K,1,1 x NVIDIA GeForce RTX 5090,9.2986,48.7383,60.81615447998047,machine,0.0,0.0,0.0,0.0,N
rollout_95,2026-09-19T03:49:47,tdmpc2_HalfCheetah-v5_seed331,45914c94-447a-4c38-bb9f-735bd6521cbb,6.665118040997186,0.00014280894872529745,2.142633241484739e-05,30.004521996888304,120.08678474094793,20.0,6.209663495505141e-05,0.0002757507761561584,3.702842226666753e-05,0.00037487583337786345,0.0,Germany,DEU,baden-wurttemberg,,,Linux-7.0.0-31-generic-x86_64-with-glibc2.43,3.14.4,3.3.0,24,Intel(R) Core(TM) Ultra 9 285K,1,1 x NVIDIA GeForce RTX 5090,9.2986,48.7383,60.81615447998047,machine,0.0,0.0,0.0,0.0,N
gradient_updates_95,2026-09-19T03:49:57,tdmpc2_HalfCheetah-v5_seed331,45914c94-447a-4c38-bb9f-735bd6521cbb,10.395866639002634,0.00015338429727292102,1.4754364469043919e-05,30.019279550331913,119.94774302748182,20.0,7.681437200700303e-05,0.0002680702144557401,5.775171035553826e-05,0.0004026362968182762,0.0,Germany,DEU,baden-wurttemberg,,,Linux-7.0.0-31-generic-x86_64-with-glibc2.43,3.14.4,3.3.0,24,Intel(R) Core(TM) Ultra 9 285K,1,1 x NVIDIA GeForce RTX 5090,9.2986,48.7383,60.81615447998047,machine,0.0,0.0,0.0,0.0,N
rollout_96,2026-09-19T03:50:04,tdmpc2_HalfCheetah-v5_seed331,45914c94-447a-4c38-bb9f-735bd6521cbb,6.669148888999189,0.0001440146955827941,2.1594184016686627e-05,30.007076309281395,120.1019572217522,20.0,6.251943807106947e-05,0.0002784732783340793,3.7048222255543425e-05,0.0003780409386607009,0.0,Germany,DEU,baden-wurttemberg,,,Linux-7.0.0-31-generic-x86_64-with-glibc2.43,3.14.4,3.3.0,24,Intel(R) Core(TM) Ultra 9 285K,1,1 x NVIDIA GeForce RTX 5090,9.2986,48.7383,60.81615447998047,machine,0.0,0.0,0.0,0.0,N
gradient_updates_96,2026-09-19T03:50:14,tdmpc2_HalfCheetah-v5_seed331,45914c94-447a-4c38-bb9f-735bd6521cbb,10.379677951001213,0.00015287243354709587,1.472805339103353e-05,30.022681636629965,119.96250788860493,20.0,7.698491436566174e-05,0.0002666488244300602,5.7658907344456875e-05,0.0004012926461401667,0.0,Germany,DEU,baden-wurttemberg,,,Linux-7.0.0-31-generic-x86_64-with-glibc2.43,3.14.4,3.3.0,24,Intel(R) Core(TM) Ultra 9 285K,1,1 x NVIDIA GeForce RTX 5090,9.2986,48.7383,60.81615447998047,machine,0.0,0.0,0.0,0.0,N
rollout_97,2026-09-19T03:50:21,tdmpc2_HalfCheetah-v5_seed331,45914c94-447a-4c38-bb9f-735bd6521cbb,6.657067946005554,0.00014387275003284114,2.161203427734826e-05,30.010769656643962,120.11765849622941,20.0,6.180349694276388e-05,0.00027888688977606435,3.6977942544440603e-05,0.0003776683292632671,0.0,Germany,DEU,baden-wurttemberg,,,Linux-7.0.0-31-generic-x86_64-with-glibc2.43,3.14.4,3.3.0,24,Intel(R) Core(TM) Ultra 9 285K,1,1 x NVIDIA GeForce RTX 5090,9.2986,48.7383,60.81615447998047,machine,0.0,0.0,0.0,0.0,N
gradient_updates_97,2026-09-19T03:50:31,tdmpc2_HalfCheetah-v5_seed331,45914c94-447a-4c38-bb9f-735bd6521cbb,10.387907106996863,0.00015102201014418476,1.4538232443294828e-05,30.024501339391236,119.97294127920603,20.0,7.565467246813118e-05,0.0002630732660140467,5.770731586663899e-05,0.0003964352543488203,0.0,Germany,DEU,baden-wurttemberg,,,Linux-7.0.0-31-generic-x86_64-with-glibc2.43,3.14.4,3.3.0,24,Intel(R) Core(TM) Ultra 9 285K,1,1 x NVIDIA GeForce RTX 5090,9.2986,48.7383,60.81615447998047,machine,0.0,0.0,0.0,0.0,N
rollout_98,2026-09-19T03:50:38,tdmpc2_HalfCheetah-v5_seed331,45914c94-447a-4c38-bb9f-735bd6521cbb,6.674760287998652,0.00014265608471518074,2.1372474745991662e-05,30.009547529039445,120.12291869376726,20.0,5.9073043091731336e-05,0.0002783218893238626,3.707963042777658e-05,0.0003744745628433688,0.0,Germany,DEU,baden-wurttemberg,,,Linux-7.0.0-31-generic-x86_64-with-glibc2.43,3.14.4,3.3.0,24,Intel(R) Core(TM) Ultra 9 285K,1,1 x NVIDIA GeForce RTX 5090,9.2986,48.7383,60.81615447998047,machine,0.0,0.0,0.0,0.0,N
gradient_updates_98,2026-09-19T03:50:48,tdmpc2_HalfCheetah-v5_seed331,45914c94-447a-4c38-bb9f-735bd6521cbb,10.383365029003471,0.00015250235593359737,1.4687194136733746e-05,30.016222077359355,119.98551156843192,20.0,7.62413379374674e-05,0.00026639771311787186,5.768213527775935e-05,0.00040032118633311076,0.0,Germany,DEU,baden-wurttemberg,,,Linux-7.0.0-31-generic-x86_64-with-glibc2.43,3.14.4,3.3.0,24,Intel(R) Core(TM) Ultra 9 285K,1,1 x NVIDIA GeForce RTX 5090,9.2986,48.7383,60.81615447998047,machine,0.0,0.0,0.0,0.0,N
rollout_99,2026-09-19T03:50:55,tdmpc2_HalfCheetah-v5_seed331,45914c94-447a-4c38-bb9f-735bd6521cbb,6.677569159000996,0.00014291576593460434,2.1402367744880496e-05,30.002652388542355,120.13332736696603,20.0,5.985968344326964e-05,0.00027820161145042377,3.70949354110868e-05,0.00037515623030477674,0.0,Germany,DEU,baden-wurttemberg,,,Linux-7.0.0-31-generic-x86_64-with-glibc2.43,3.14.4,3.3.0,24,Intel(R) Core(TM) Ultra 9 285K,1,1 x NVIDIA GeForce RTX 5090,9.2986,48.7383,60.81615447998047,machine,0.0,0.0,0.0,0.0,N
gradient_updates_99,2026-09-19T03:51:05,tdmpc2_HalfCheetah-v5_seed331,45914c94-447a-4c38-bb9f-735bd6521cbb,10.37195081399841,0.00015275634814747654,1.4727846681440168e-05,30.011245991599306,119.99776853571433,20.0,7.69404604412105e-05,0.0002664288242537616,5.7618635366653986e-05,0.00040098792006162953,0.0,Germany,DEU,baden-wurttemberg,,,Linux-7.0.0-31-generic-x86_64-with-glibc2.43,3.14.4,3.3.0,24,Intel(R) Core(TM) Ultra 9 285K,1,1 x NVIDIA GeForce RTX 5090,9.2986,48.7383,60.81615447998047,machine,0.0,0.0,0.0,0.0,N
idle_baseline_tail,2026-09-19T03:52:35,tdmpc2_HalfCheetah-v5_seed331,45914c94-447a-4c38-bb9f-735bd6521cbb,90.00430212199717,0.0006465505051052901,7.183551833854449e-06,29.99447399269169,119.57151205184388,20.0,0.00038179103209924625,0.0008154017634320887,0.0005000128879055817,0.0016972056834369115,0.0,Germany,DEU,baden-wurttemberg,,,Linux-7.0.0-31-generic-x86_64-with-glibc2.43,3.14.4,3.3.0,24,Intel(R) Core(TM) Ultra 9 285K,1,1 x NVIDIA GeForce RTX 5090,9.2986,48.7383,60.81615447998047,machine,0.0,0.0,0.0,0.0,N
