task_name,timestamp,project_name,run_id,duration,emissions,emissions_rate,cpu_power,gpu_power,ram_power,cpu_energy,gpu_energy,ram_energy,energy_consumed,water_consumed,country_name,country_iso_code,region,cloud_provider,cloud_region,os,python_version,codecarbon_version,cpu_count,cpu_model,gpu_count,gpu_model,longitude,latitude,ram_total_size,tracking_mode,cpu_utilization_percent,gpu_utilization_percent,ram_utilization_percent,ram_used_gb,on_cloud
idle_baseline_head,2026-09-12T23:56:16,mbpo_HalfCheetah-v5_seed14577,7761f238-9e96-4b98-904a-9805e57bb8ee,90.00313395400008,0.0005872632880785024,6.524920066254546e-06,14.166539100446702,12.036586119395846,20.0,0.00040188605900859375,0.0006225093868960085,0.0005171803201500046,0.0015415757660546068,0.0,Germany,DEU,baden-wurttemberg,,,Linux-7.0.0-31-generic-x86_64-with-glibc2.43,3.14.4,3.3.0,24,Intel(R) Core(TM) Ultra 9 285K,1,1 x NVIDIA GeForce RTX 5090,9.2986,48.7383,60.816158294677734,machine,0.0,0.0,0.0,0.0,N
warmup_0,2026-09-12T23:56:16,mbpo_HalfCheetah-v5_seed14577,7761f238-9e96-4b98-904a-9805e57bb8ee,0.15093175400033942,2.019666019415856e-06,1.337947005847699e-05,21.797567970223195,30.561710995991053,20.0,1.5918112734464307e-06,2.8633356239926577e-06,8.465095388803662e-07,5.301656436319455e-06,0.0,Germany,DEU,baden-wurttemberg,,,Linux-7.0.0-31-generic-x86_64-with-glibc2.43,3.14.4,3.3.0,24,Intel(R) Core(TM) Ultra 9 285K,1,1 x NVIDIA GeForce RTX 5090,9.2986,48.7383,60.816158294677734,machine,0.0,0.0,0.0,0.0,N
dynamics_model_update_0,2026-09-12T23:56:28,mbpo_HalfCheetah-v5_seed14577,7761f238-9e96-4b98-904a-9805e57bb8ee,11.540057927002636,0.00013792917754299784,1.195221936619272e-05,25.365036930799526,39.86954452795493,20.0,8.064532201620955e-05,0.00021731128495999785,6.41097469888741e-05,0.0003620663539650815,0.0,Germany,DEU,baden-wurttemberg,,,Linux-7.0.0-31-generic-x86_64-with-glibc2.43,3.14.4,3.3.0,24,Intel(R) Core(TM) Ultra 9 285K,1,1 x NVIDIA GeForce RTX 5090,9.2986,48.7383,60.816158294677734,machine,0.0,0.0,0.0,0.0,N
rollout_0,2026-09-12T23:56:28,mbpo_HalfCheetah-v5_seed14577,7761f238-9e96-4b98-904a-9805e57bb8ee,0.22391897199850064,3.2231758855496206e-06,1.4394683384303381e-05,26.745650985514068,48.605573904084125,20.0,2.024905508810071e-06,5.193337487996441e-06,1.2426465833212125e-06,8.460889580127725e-06,0.0,Germany,DEU,baden-wurttemberg,,,Linux-7.0.0-31-generic-x86_64-with-glibc2.43,3.14.4,3.3.0,24,Intel(R) Core(TM) Ultra 9 285K,1,1 x NVIDIA GeForce RTX 5090,9.2986,48.7383,60.816158294677734,machine,0.0,0.0,0.0,0.0,N
synthetic_rollout_generation_0,2026-09-12T23:56:28,mbpo_HalfCheetah-v5_seed14577,7761f238-9e96-4b98-904a-9805e57bb8ee,0.017580382998858113,9.384513568804972e-08,5.338153621471607e-06,26.908574365907924,40.5046449200701,20.0,1.5102789860388377e-07,0.0,9.531712223383258e-08,2.463450208376079e-07,0.0,Germany,DEU,baden-wurttemberg,,,Linux-7.0.0-31-generic-x86_64-with-glibc2.43,3.14.4,3.3.0,24,Intel(R) Core(TM) Ultra 9 285K,1,1 x NVIDIA GeForce RTX 5090,9.2986,48.7383,60.816158294677734,machine,0.0,0.0,0.0,0.0,N
gradient_updates_0,2026-09-12T23:56:32,mbpo_HalfCheetah-v5_seed14577,7761f238-9e96-4b98-904a-9805e57bb8ee,3.9644255290004367,4.4350113197867496e-05,1.1187034425630776e-05,26.884115665865977,43.56591859751192,20.0,2.620024401574217e-05,6.81972767800354e-05,2.2022253972217077e-05,0.00011641977476799454,0.0,Germany,DEU,baden-wurttemberg,,,Linux-7.0.0-31-generic-x86_64-with-glibc2.43,3.14.4,3.3.0,24,Intel(R) Core(TM) Ultra 9 285K,1,1 x NVIDIA GeForce RTX 5090,9.2986,48.7383,60.816158294677734,machine,0.0,0.0,0.0,0.0,N
dynamics_model_update_1,2026-09-12T23:56:50,mbpo_HalfCheetah-v5_seed14577,7761f238-9e96-4b98-904a-9805e57bb8ee,18.53511827499824,0.00021811969881515506,1.1767902127669266e-05,26.486689164112267,46.72707262431053,20.0,0.00011509233346268521,0.0003545047280479885,0.00010297072642778302,0.0005725677879384566,0.0,Germany,DEU,baden-wurttemberg,,,Linux-7.0.0-31-generic-x86_64-with-glibc2.43,3.14.4,3.3.0,24,Intel(R) Core(TM) Ultra 9 285K,1,1 x NVIDIA GeForce RTX 5090,9.2986,48.7383,60.816158294677734,machine,0.0,0.0,0.0,0.0,N
rollout_1,2026-09-12T23:56:51,mbpo_HalfCheetah-v5_seed14577,7761f238-9e96-4b98-904a-9805e57bb8ee,0.20615036000162945,2.2977755367312516e-06,1.1145564753475396e-05,26.2784499956306,48.25934811912452,20.0,1.4233880831493462e-06,3.4638916600049363e-06,1.144418738881041e-06,6.031698482035323e-06,0.0,Germany,DEU,baden-wurttemberg,,,Linux-7.0.0-31-generic-x86_64-with-glibc2.43,3.14.4,3.3.0,24,Intel(R) Core(TM) Ultra 9 285K,1,1 x NVIDIA GeForce RTX 5090,9.2986,48.7383,60.816158294677734,machine,0.0,0.0,0.0,0.0,N
synthetic_rollout_generation_1,2026-09-12T23:56:51,mbpo_HalfCheetah-v5_seed14577,7761f238-9e96-4b98-904a-9805e57bb8ee,0.004597552000632277,2.3320599665992495e-08,5.0611378568073925e-06,25.60737050403451,43.433413307212064,20.0,3.6180028945009823e-08,0.0,2.5036927783924322e-08,6.121695672904257e-08,0.0,Germany,DEU,baden-wurttemberg,,,Linux-7.0.0-31-generic-x86_64-with-glibc2.43,3.14.4,3.3.0,24,Intel(R) Core(TM) Ultra 9 285K,1,1 x NVIDIA GeForce RTX 5090,9.2986,48.7383,60.816158294677734,machine,0.0,0.0,0.0,0.0,N
gradient_updates_1,2026-09-12T23:56:55,mbpo_HalfCheetah-v5_seed14577,7761f238-9e96-4b98-904a-9805e57bb8ee,3.888406579997536,4.4880170960625394e-05,1.1542105960528995e-05,25.189041546238933,45.2803608871203,20.0,2.7362283556479905e-05,6.884949952395969e-05,2.1599402011108614e-05,0.00011781118509154821,0.0,Germany,DEU,baden-wurttemberg,,,Linux-7.0.0-31-generic-x86_64-with-glibc2.43,3.14.4,3.3.0,24,Intel(R) Core(TM) Ultra 9 285K,1,1 x NVIDIA GeForce RTX 5090,9.2986,48.7383,60.816158294677734,machine,0.0,0.0,0.0,0.0,N
dynamics_model_update_2,2026-09-12T23:56:57,mbpo_HalfCheetah-v5_seed14577,7761f238-9e96-4b98-904a-9805e57bb8ee,2.722937829003058,3.2568439057364864e-05,1.1960780732577945e-05,25.189553321086866,47.17997019030053,20.0,1.8881887327723557e-05,5.148531896603803e-05,1.5125480561113745e-05,8.549268685487544e-05,0.0,Germany,DEU,baden-wurttemberg,,,Linux-7.0.0-31-generic-x86_64-with-glibc2.43,3.14.4,3.3.0,24,Intel(R) Core(TM) Ultra 9 285K,1,1 x NVIDIA GeForce RTX 5090,9.2986,48.7383,60.816158294677734,machine,0.0,0.0,0.0,0.0,N
rollout_2,2026-09-12T23:56:58,mbpo_HalfCheetah-v5_seed14577,7761f238-9e96-4b98-904a-9805e57bb8ee,0.1969106489996193,2.4223771928418188e-06,1.2301238872751745e-05,25.742278616185295,48.441194438041016,20.0,1.7894628204506713e-06,3.4761138920091916e-06,1.093203161124396e-06,6.358779873584259e-06,0.0,Germany,DEU,baden-wurttemberg,,,Linux-7.0.0-31-generic-x86_64-with-glibc2.43,3.14.4,3.3.0,24,Intel(R) Core(TM) Ultra 9 285K,1,1 x NVIDIA GeForce RTX 5090,9.2986,48.7383,60.816158294677734,machine,0.0,0.0,0.0,0.0,N
synthetic_rollout_generation_2,2026-09-12T23:56:58,mbpo_HalfCheetah-v5_seed14577,7761f238-9e96-4b98-904a-9805e57bb8ee,0.007369140999799129,3.847675487987992e-08,5.217288265132652e-06,25.401120860931975,44.98110912103808,20.0,5.771199061699317e-08,0.0,4.3290122206016655e-08,1.0100211282311825e-07,0.0,Germany,DEU,baden-wurttemberg,,,Linux-7.0.0-31-generic-x86_64-with-glibc2.43,3.14.4,3.3.0,24,Intel(R) Core(TM) Ultra 9 285K,1,1 x NVIDIA GeForce RTX 5090,9.2986,48.7383,60.816158294677734,machine,0.0,0.0,0.0,0.0,N
gradient_updates_2,2026-09-12T23:57:01,mbpo_HalfCheetah-v5_seed14577,7761f238-9e96-4b98-904a-9805e57bb8ee,3.890198896999209,4.498872265839768e-05,1.1564655864052075e-05,25.182587389441924,46.228575674762965,20.0,2.76714090815533e-05,6.881644394202135e-05,2.1608282055563476e-05,0.00011809613507913824,0.0,Germany,DEU,baden-wurttemberg,,,Linux-7.0.0-31-generic-x86_64-with-glibc2.43,3.14.4,3.3.0,24,Intel(R) Core(TM) Ultra 9 285K,1,1 x NVIDIA GeForce RTX 5090,9.2986,48.7383,60.816158294677734,machine,0.0,0.0,0.0,0.0,N
dynamics_model_update_3,2026-09-12T23:57:03,mbpo_HalfCheetah-v5_seed14577,7761f238-9e96-4b98-904a-9805e57bb8ee,1.5452396440014127,1.892634155988785e-05,1.2247988765336671e-05,25.185801768683547,47.76773519733436,20.0,1.0690407441199534e-05,3.0408635437961795e-05,8.582914227776633e-06,4.9681957106937746e-05,0.0,Germany,DEU,baden-wurttemberg,,,Linux-7.0.0-31-generic-x86_64-with-glibc2.43,3.14.4,3.3.0,24,Intel(R) Core(TM) Ultra 9 285K,1,1 x NVIDIA GeForce RTX 5090,9.2986,48.7383,60.816158294677734,machine,0.0,0.0,0.0,0.0,N
rollout_3,2026-09-12T23:57:03,mbpo_HalfCheetah-v5_seed14577,7761f238-9e96-4b98-904a-9805e57bb8ee,0.20387304999894695,2.426185067172992e-06,1.1899731054105599e-05,25.585253809143257,48.49908380639339,20.0,1.8291695188937807e-06,3.4077805039500753e-06,1.1318255833329526e-06,6.368775606176592e-06,0.0,Germany,DEU,baden-wurttemberg,,,Linux-7.0.0-31-generic-x86_64-with-glibc2.43,3.14.4,3.3.0,24,Intel(R) Core(TM) Ultra 9 285K,1,1 x NVIDIA GeForce RTX 5090,9.2986,48.7383,60.816158294677734,machine,0.0,0.0,0.0,0.0,N
synthetic_rollout_generation_3,2026-09-12T23:57:03,mbpo_HalfCheetah-v5_seed14577,7761f238-9e96-4b98-904a-9805e57bb8ee,0.0055575599981239066,2.6275752754373674e-08,4.721054791150063e-06,25.221555919255486,45.804690261593755,20.0,4.009642096819421e-08,0.0,2.88778611017438e-08,6.897428206972117e-08,0.0,Germany,DEU,baden-wurttemberg,,,Linux-7.0.0-31-generic-x86_64-with-glibc2.43,3.14.4,3.3.0,24,Intel(R) Core(TM) Ultra 9 285K,1,1 x NVIDIA GeForce RTX 5090,9.2986,48.7383,60.816158294677734,machine,0.0,0.0,0.0,0.0,N
gradient_updates_3,2026-09-12T23:57:07,mbpo_HalfCheetah-v5_seed14577,7761f238-9e96-4b98-904a-9805e57bb8ee,3.8821875879984873,4.5040781124318537e-05,1.1601939645578126e-05,24.981039721099638,46.7698706524672,20.0,2.75030711691035e-05,6.916449977606431e-05,2.156521846110183e-05,0.00011823278940626975,0.0,Germany,DEU,baden-wurttemberg,,,Linux-7.0.0-31-generic-x86_64-with-glibc2.43,3.14.4,3.3.0,24,Intel(R) Core(TM) Ultra 9 285K,1,1 x NVIDIA GeForce RTX 5090,9.2986,48.7383,60.816158294677734,machine,0.0,0.0,0.0,0.0,N
dynamics_model_update_4,2026-09-12T23:57:09,mbpo_HalfCheetah-v5_seed14577,7761f238-9e96-4b98-904a-9805e57bb8ee,1.5662942369999655,1.835285375894756e-05,1.1717373166589199e-05,24.99000496903527,47.72578856266287,20.0,1.0816953375777927e-05,2.8660300705973807e-05,8.699288138874772e-06,4.8176542220626506e-05,0.0,Germany,DEU,baden-wurttemberg,,,Linux-7.0.0-31-generic-x86_64-with-glibc2.43,3.14.4,3.3.0,24,Intel(R) Core(TM) Ultra 9 285K,1,1 x NVIDIA GeForce RTX 5090,9.2986,48.7383,60.816158294677734,machine,0.0,0.0,0.0,0.0,N
rollout_4,2026-09-12T23:57:09,mbpo_HalfCheetah-v5_seed14577,7761f238-9e96-4b98-904a-9805e57bb8ee,0.20826642899919534,2.5197096572883177e-06,1.2098132215429636e-05,25.373544343078,48.36196898202682,20.0,1.9303520998395496e-06,3.5288917120124275e-06,1.1550353777743574e-06,6.614279189626551e-06,0.0,Germany,DEU,baden-wurttemberg,,,Linux-7.0.0-31-generic-x86_64-with-glibc2.43,3.14.4,3.3.0,24,Intel(R) Core(TM) Ultra 9 285K,1,1 x NVIDIA GeForce RTX 5090,9.2986,48.7383,60.816158294677734,machine,0.0,0.0,0.0,0.0,N
synthetic_rollout_generation_4,2026-09-12T23:57:09,mbpo_HalfCheetah-v5_seed14577,7761f238-9e96-4b98-904a-9805e57bb8ee,0.005350767998606898,2.686862597342521e-08,5.0122871618864155e-06,25.162064316439487,46.163697664661974,20.0,4.2521145118823434e-08,0.0,2.800943887752965e-08,7.05305839964615e-08,0.0,Germany,DEU,baden-wurttemberg,,,Linux-7.0.0-31-generic-x86_64-with-glibc2.43,3.14.4,3.3.0,24,Intel(R) Core(TM) Ultra 9 285K,1,1 x NVIDIA GeForce RTX 5090,9.2986,48.7383,60.816158294677734,machine,0.0,0.0,0.0,0.0,N
gradient_updates_4,2026-09-12T23:57:13,mbpo_HalfCheetah-v5_seed14577,7761f238-9e96-4b98-904a-9805e57bb8ee,3.9390185800002655,4.5461930135926075e-05,1.1541460095611587e-05,25.008828218799476,46.968535014245134,20.0,2.6697713580367544e-05,7.075950105200901e-05,2.1881097838882466e-05,0.00011933831247125902,0.0,Germany,DEU,baden-wurttemberg,,,Linux-7.0.0-31-generic-x86_64-with-glibc2.43,3.14.4,3.3.0,24,Intel(R) Core(TM) Ultra 9 285K,1,1 x NVIDIA GeForce RTX 5090,9.2986,48.7383,60.816158294677734,machine,0.0,0.0,0.0,0.0,N
dynamics_model_update_5,2026-09-12T23:57:15,mbpo_HalfCheetah-v5_seed14577,7761f238-9e96-4b98-904a-9805e57bb8ee,1.7529149080000934,2.0138146449616813e-05,1.1488208803476427e-05,24.928184312068897,47.79489977410946,20.0,1.0607043763398438e-05,3.25200260159475e-05,9.735895044428195e-06,5.2862964823774134e-05,0.0,Germany,DEU,baden-wurttemberg,,,Linux-7.0.0-31-generic-x86_64-with-glibc2.43,3.14.4,3.3.0,24,Intel(R) Core(TM) Ultra 9 285K,1,1 x NVIDIA GeForce RTX 5090,9.2986,48.7383,60.816158294677734,machine,0.0,0.0,0.0,0.0,N
rollout_5,2026-09-12T23:57:15,mbpo_HalfCheetah-v5_seed14577,7761f238-9e96-4b98-904a-9805e57bb8ee,0.20647850300156279,3.0124959102437957e-06,1.4589168059238325e-05,24.954055768956763,49.60142813410968,20.0,1.4813884073316963e-06,5.2888931200145706e-06,1.137569661113975e-06,7.907851188460133e-06,0.0,Germany,DEU,baden-wurttemberg,,,Linux-7.0.0-31-generic-x86_64-with-glibc2.43,3.14.4,3.3.0,24,Intel(R) Core(TM) Ultra 9 285K,1,1 x NVIDIA GeForce RTX 5090,9.2986,48.7383,60.816158294677734,machine,0.0,0.0,0.0,0.0,N
synthetic_rollout_generation_5,2026-09-12T23:57:15,mbpo_HalfCheetah-v5_seed14577,7761f238-9e96-4b98-904a-9805e57bb8ee,0.005304379999870434,2.8441347474416137e-08,5.352494658090037e-06,24.85870186986366,47.693680898182386,20.0,4.633587039754028e-08,0.0,2.832313334192281e-08,7.465900373924625e-08,0.0,Germany,DEU,baden-wurttemberg,,,Linux-7.0.0-31-generic-x86_64-with-glibc2.43,3.14.4,3.3.0,24,Intel(R) Core(TM) Ultra 9 285K,1,1 x NVIDIA GeForce RTX 5090,9.2986,48.7383,60.816158294677734,machine,0.0,0.0,0.0,0.0,N
gradient_updates_5,2026-09-12T23:57:19,mbpo_HalfCheetah-v5_seed14577,7761f238-9e96-4b98-904a-9805e57bb8ee,3.892809937999118,4.516270179858676e-05,1.1601601725858184e-05,24.79810322562078,48.30380632752305,20.0,2.7550610651586038e-05,6.937838883602776e-05,2.1623833688883898e-05,0.00011855283317649748,0.0,Germany,DEU,baden-wurttemberg,,,Linux-7.0.0-31-generic-x86_64-with-glibc2.43,3.14.4,3.3.0,24,Intel(R) Core(TM) Ultra 9 285K,1,1 x NVIDIA GeForce RTX 5090,9.2986,48.7383,60.816158294677734,machine,0.0,0.0,0.0,0.0,N
dynamics_model_update_6,2026-09-12T23:57:21,mbpo_HalfCheetah-v5_seed14577,7761f238-9e96-4b98-904a-9805e57bb8ee,2.4313275370004703,2.9048237548952565e-05,1.19474869373523e-05,24.813052124243107,49.01346071452235,20.0,1.6708395588940772e-05,4.603809238601375e-05,1.3505612166671982e-05,7.62521001416265e-05,0.0,Germany,DEU,baden-wurttemberg,,,Linux-7.0.0-31-generic-x86_64-with-glibc2.43,3.14.4,3.3.0,24,Intel(R) Core(TM) Ultra 9 285K,1,1 x NVIDIA GeForce RTX 5090,9.2986,48.7383,60.816158294677734,machine,0.0,0.0,0.0,0.0,N
rollout_6,2026-09-12T23:57:21,mbpo_HalfCheetah-v5_seed14577,7761f238-9e96-4b98-904a-9805e57bb8ee,0.20004818700181204,2.4449263710298996e-06,1.2221288110915305e-05,25.07471760742628,49.49012791230701,20.0,1.824829515419124e-06,3.4844472319717212e-06,1.1086950888865039e-06,6.417971836277566e-06,0.0,Germany,DEU,baden-wurttemberg,,,Linux-7.0.0-31-generic-x86_64-with-glibc2.43,3.14.4,3.3.0,24,Intel(R) Core(TM) Ultra 9 285K,1,1 x NVIDIA GeForce RTX 5090,9.2986,48.7383,60.816158294677734,machine,0.0,0.0,0.0,0.0,N
synthetic_rollout_generation_6,2026-09-12T23:57:21,mbpo_HalfCheetah-v5_seed14577,7761f238-9e96-4b98-904a-9805e57bb8ee,0.00523548999990453,2.5491556342139773e-08,4.857692282603981e-06,24.887024265393897,47.84045698189677,20.0,3.923197583466376e-08,0.0,2.7683777787204135e-08,6.691575362175947e-08,0.0,Germany,DEU,baden-wurttemberg,,,Linux-7.0.0-31-generic-x86_64-with-glibc2.43,3.14.4,3.3.0,24,Intel(R) Core(TM) Ultra 9 285K,1,1 x NVIDIA GeForce RTX 5090,9.2986,48.7383,60.816158294677734,machine,0.0,0.0,0.0,0.0,N
gradient_updates_6,2026-09-12T23:57:25,mbpo_HalfCheetah-v5_seed14577,7761f238-9e96-4b98-904a-9805e57bb8ee,3.9057380169979297,4.552339851341758e-05,1.1655547916760131e-05,24.76480650451786,48.3642946116443,20.0,2.8288897353317966e-05,6.951477783401216e-05,2.1695992783315912e-05,0.00011949966797064615,0.0,Germany,DEU,baden-wurttemberg,,,Linux-7.0.0-31-generic-x86_64-with-glibc2.43,3.14.4,3.3.0,24,Intel(R) Core(TM) Ultra 9 285K,1,1 x NVIDIA GeForce RTX 5090,9.2986,48.7383,60.816158294677734,machine,0.0,0.0,0.0,0.0,N
dynamics_model_update_7,2026-09-12T23:57:28,mbpo_HalfCheetah-v5_seed14577,7761f238-9e96-4b98-904a-9805e57bb8ee,2.9399087469973892,3.591948422086732e-05,1.2217782770636755e-05,24.791945558330006,49.059564183154194,20.0,2.0259465374226904e-05,5.769032392993756e-05,1.6339446083333663e-05,9.428923538749813e-05,0.0,Germany,DEU,baden-wurttemberg,,,Linux-7.0.0-31-generic-x86_64-with-glibc2.43,3.14.4,3.3.0,24,Intel(R) Core(TM) Ultra 9 285K,1,1 x NVIDIA GeForce RTX 5090,9.2986,48.7383,60.816158294677734,machine,0.0,0.0,0.0,0.0,N
rollout_7,2026-09-12T23:57:28,mbpo_HalfCheetah-v5_seed14577,7761f238-9e96-4b98-904a-9805e57bb8ee,0.1976516470022034,2.42590186395864e-06,1.2273045222533508e-05,25.018206122275124,49.507527801971115,20.0,1.7890558756880615e-06,3.4869472340659513e-06,1.0920290833382317e-06,6.368032193092461e-06,0.0,Germany,DEU,baden-wurttemberg,,,Linux-7.0.0-31-generic-x86_64-with-glibc2.43,3.14.4,3.3.0,24,Intel(R) Core(TM) Ultra 9 285K,1,1 x NVIDIA GeForce RTX 5090,9.2986,48.7383,60.816158294677734,machine,0.0,0.0,0.0,0.0,N
synthetic_rollout_generation_7,2026-09-12T23:57:28,mbpo_HalfCheetah-v5_seed14577,7761f238-9e96-4b98-904a-9805e57bb8ee,0.005244108000624692,2.5134220976198718e-08,4.784735612984802e-06,24.863202312291474,48.05142404308961,20.0,3.913030908325732e-08,0.0,2.684743334005653e-08,6.597774242353069e-08,0.0,Germany,DEU,baden-wurttemberg,,,Linux-7.0.0-31-generic-x86_64-with-glibc2.43,3.14.4,3.3.0,24,Intel(R) Core(TM) Ultra 9 285K,1,1 x NVIDIA GeForce RTX 5090,9.2986,48.7383,60.816158294677734,machine,0.0,0.0,0.0,0.0,N
gradient_updates_7,2026-09-12T23:57:32,mbpo_HalfCheetah-v5_seed14577,7761f238-9e96-4b98-904a-9805e57bb8ee,3.9062264710009913,4.543658973278262e-05,1.1631863927369447e-05,24.75740182348826,48.52197041823665,20.0,2.7570752334359072e-05,7.000227822401284e-05,2.1698762938891975e-05,0.00011927179349726378,0.0,Germany,DEU,baden-wurttemberg,,,Linux-7.0.0-31-generic-x86_64-with-glibc2.43,3.14.4,3.3.0,24,Intel(R) Core(TM) Ultra 9 285K,1,1 x NVIDIA GeForce RTX 5090,9.2986,48.7383,60.816158294677734,machine,0.0,0.0,0.0,0.0,N
dynamics_model_update_8,2026-09-12T23:57:34,mbpo_HalfCheetah-v5_seed14577,7761f238-9e96-4b98-904a-9805e57bb8ee,1.900184131001879,2.2933312001417695e-05,1.2068990495588517e-05,24.763305664377057,49.10264439900856,20.0,1.2976627881293445e-05,3.666252932998937e-05,1.0561163044440006e-05,6.020032025572282e-05,0.0,Germany,DEU,baden-wurttemberg,,,Linux-7.0.0-31-generic-x86_64-with-glibc2.43,3.14.4,3.3.0,24,Intel(R) Core(TM) Ultra 9 285K,1,1 x NVIDIA GeForce RTX 5090,9.2986,48.7383,60.816158294677734,machine,0.0,0.0,0.0,0.0,N
rollout_8,2026-09-12T23:57:34,mbpo_HalfCheetah-v5_seed14577,7761f238-9e96-4b98-904a-9805e57bb8ee,0.19986650500140968,2.4682016577430663e-06,1.2348710488231602e-05,24.97178171702678,49.50396725342726,20.0,1.8213706237529825e-06,3.5483361719990114e-06,1.109363050010091e-06,6.479069845762193e-06,0.0,Germany,DEU,baden-wurttemberg,,,Linux-7.0.0-31-generic-x86_64-with-glibc2.43,3.14.4,3.3.0,24,Intel(R) Core(TM) Ultra 9 285K,1,1 x NVIDIA GeForce RTX 5090,9.2986,48.7383,60.816158294677734,machine,0.0,0.0,0.0,0.0,N
synthetic_rollout_generation_8,2026-09-12T23:57:34,mbpo_HalfCheetah-v5_seed14577,7761f238-9e96-4b98-904a-9805e57bb8ee,0.0052290310013631824,2.5273157505363922e-08,4.823865494149935e-06,24.817961553697035,48.201231273073915,20.0,3.858780864979261e-08,0.0,2.775464444208786e-08,6.634245309188047e-08,0.0,Germany,DEU,baden-wurttemberg,,,Linux-7.0.0-31-generic-x86_64-with-glibc2.43,3.14.4,3.3.0,24,Intel(R) Core(TM) Ultra 9 285K,1,1 x NVIDIA GeForce RTX 5090,9.2986,48.7383,60.816158294677734,machine,0.0,0.0,0.0,0.0,N
gradient_updates_8,2026-09-12T23:57:38,mbpo_HalfCheetah-v5_seed14577,7761f238-9e96-4b98-904a-9805e57bb8ee,3.9306352189996687,4.4984615375971834e-05,1.1444650104317925e-05,24.70282737283242,48.61192909221214,20.0,2.6141989524684772e-05,7.010922275402232e-05,2.183414111667746e-05,0.00011808535339538455,0.0,Germany,DEU,baden-wurttemberg,,,Linux-7.0.0-31-generic-x86_64-with-glibc2.43,3.14.4,3.3.0,24,Intel(R) Core(TM) Ultra 9 285K,1,1 x NVIDIA GeForce RTX 5090,9.2986,48.7383,60.816158294677734,machine,0.0,0.0,0.0,0.0,N
dynamics_model_update_9,2026-09-12T23:57:41,mbpo_HalfCheetah-v5_seed14577,7761f238-9e96-4b98-904a-9805e57bb8ee,2.4118499970027187,2.8242446619163898e-05,1.1709755763251876e-05,24.662586456659533,49.1275657322514,20.0,1.4360580655119193e-05,4.637948154795346e-05,1.3396823527768486e-05,7.413688573084092e-05,0.0,Germany,DEU,baden-wurttemberg,,,Linux-7.0.0-31-generic-x86_64-with-glibc2.43,3.14.4,3.3.0,24,Intel(R) Core(TM) Ultra 9 285K,1,1 x NVIDIA GeForce RTX 5090,9.2986,48.7383,60.816158294677734,machine,0.0,0.0,0.0,0.0,N
rollout_9,2026-09-12T23:57:41,mbpo_HalfCheetah-v5_seed14577,7761f238-9e96-4b98-904a-9805e57bb8ee,0.20352173399805906,2.3557962895331182e-06,1.1574933826457709e-05,24.68681745938031,49.47830821861323,20.0,1.4652650611041151e-06,3.588891760053503e-06,1.1298470888908892e-06,6.184003910048724e-06,0.0,Germany,DEU,baden-wurttemberg,,,Linux-7.0.0-31-generic-x86_64-with-glibc2.43,3.14.4,3.3.0,24,Intel(R) Core(TM) Ultra 9 285K,1,1 x NVIDIA GeForce RTX 5090,9.2986,48.7383,60.816158294677734,machine,0.0,0.0,0.0,0.0,N
synthetic_rollout_generation_9,2026-09-12T23:57:41,mbpo_HalfCheetah-v5_seed14577,7761f238-9e96-4b98-904a-9805e57bb8ee,0.005262399001367157,2.5117372065260393e-08,4.764341861011447e-06,24.545227951878946,48.3002532610272,20.0,3.802808598574181e-08,0.0,2.7905427769968696e-08,6.593351375549367e-08,0.0,Germany,DEU,baden-wurttemberg,,,Linux-7.0.0-31-generic-x86_64-with-glibc2.43,3.14.4,3.3.0,24,Intel(R) Core(TM) Ultra 9 285K,1,1 x NVIDIA GeForce RTX 5090,9.2986,48.7383,60.816158294677734,machine,0.0,0.0,0.0,0.0,N
gradient_updates_9,2026-09-12T23:57:45,mbpo_HalfCheetah-v5_seed14577,7761f238-9e96-4b98-904a-9805e57bb8ee,3.8841408120024425,4.5678286025444166e-05,1.1760231444826943e-05,24.45227398588186,48.692293838247465,20.0,2.8036704096012777e-05,7.029366734595532e-05,2.1575878788886952e-05,0.00011990625023085462,0.0,Germany,DEU,baden-wurttemberg,,,Linux-7.0.0-31-generic-x86_64-with-glibc2.43,3.14.4,3.3.0,24,Intel(R) Core(TM) Ultra 9 285K,1,1 x NVIDIA GeForce RTX 5090,9.2986,48.7383,60.816158294677734,machine,0.0,0.0,0.0,0.0,N
dynamics_model_update_10,2026-09-12T23:57:47,mbpo_HalfCheetah-v5_seed14577,7761f238-9e96-4b98-904a-9805e57bb8ee,2.2073130479984684,2.6619899277475264e-05,1.205987710751243e-05,24.47628954266582,49.162518005762195,20.0,1.5085999013231266e-05,4.253197847003953e-05,1.2259694855553446e-05,6.987767233882468e-05,0.0,Germany,DEU,baden-wurttemberg,,,Linux-7.0.0-31-generic-x86_64-with-glibc2.43,3.14.4,3.3.0,24,Intel(R) Core(TM) Ultra 9 285K,1,1 x NVIDIA GeForce RTX 5090,9.2986,48.7383,60.816158294677734,machine,0.0,0.0,0.0,0.0,N
rollout_10,2026-09-12T23:57:47,mbpo_HalfCheetah-v5_seed14577,7761f238-9e96-4b98-904a-9805e57bb8ee,0.2155245069989178,3.1749144316665576e-06,1.473135718977775e-05,24.5498597164064,50.09839650509009,20.0,1.679362454598543e-06,5.459171033950216e-06,1.195668983341872e-06,8.334202471890415e-06,0.0,Germany,DEU,baden-wurttemberg,,,Linux-7.0.0-31-generic-x86_64-with-glibc2.43,3.14.4,3.3.0,24,Intel(R) Core(TM) Ultra 9 285K,1,1 x NVIDIA GeForce RTX 5090,9.2986,48.7383,60.816158294677734,machine,0.0,0.0,0.0,0.0,N
synthetic_rollout_generation_10,2026-09-12T23:57:47,mbpo_HalfCheetah-v5_seed14577,7761f238-9e96-4b98-904a-9805e57bb8ee,0.0055267139978241175,2.4124919952364654e-08,4.353492090440128e-06,24.367175812063444,49.00930092889248,20.0,3.4196694025101504e-08,0.0,2.9131616651736567e-08,6.332831067705491e-08,0.0,Germany,DEU,baden-wurttemberg,,,Linux-7.0.0-31-generic-x86_64-with-glibc2.43,3.14.4,3.3.0,24,Intel(R) Core(TM) Ultra 9 285K,1,1 x NVIDIA GeForce RTX 5090,9.2986,48.7383,60.816158294677734,machine,0.0,0.0,0.0,0.0,N
gradient_updates_10,2026-09-12T23:57:51,mbpo_HalfCheetah-v5_seed14577,7761f238-9e96-4b98-904a-9805e57bb8ee,3.879558411998005,4.5138596942467584e-05,1.1635004417120401e-05,24.244877676585823,49.32621533520352,20.0,2.8074596626327664e-05,6.886338842404527e-05,2.155157248333924e-05,0.00011848955753371217,0.0,Germany,DEU,baden-wurttemberg,,,Linux-7.0.0-31-generic-x86_64-with-glibc2.43,3.14.4,3.3.0,24,Intel(R) Core(TM) Ultra 9 285K,1,1 x NVIDIA GeForce RTX 5090,9.2986,48.7383,60.816158294677734,machine,0.0,0.0,0.0,0.0,N
dynamics_model_update_11,2026-09-12T23:57:53,mbpo_HalfCheetah-v5_seed14577,7761f238-9e96-4b98-904a-9805e57bb8ee,2.3144576409977162,2.7899719616768367e-05,1.2054409967943848e-05,24.271263245536456,49.74400388774958,20.0,1.57482803763917e-05,4.462531347804166e-05,1.2863627872219605e-05,7.323722172665297e-05,0.0,Germany,DEU,baden-wurttemberg,,,Linux-7.0.0-31-generic-x86_64-with-glibc2.43,3.14.4,3.3.0,24,Intel(R) Core(TM) Ultra 9 285K,1,1 x NVIDIA GeForce RTX 5090,9.2986,48.7383,60.816158294677734,machine,0.0,0.0,0.0,0.0,N
rollout_11,2026-09-12T23:57:54,mbpo_HalfCheetah-v5_seed14577,7761f238-9e96-4b98-904a-9805e57bb8ee,0.19338724300178,2.404703119269526e-06,1.2434069420072055e-05,24.435855676990318,50.05166665741165,20.0,1.7553169598116813e-06,3.4827805640014198e-06,1.0742876166761322e-06,6.31238514048945e-06,0.0,Germany,DEU,baden-wurttemberg,,,Linux-7.0.0-31-generic-x86_64-with-glibc2.43,3.14.4,3.3.0,24,Intel(R) Core(TM) Ultra 9 285K,1,1 x NVIDIA GeForce RTX 5090,9.2986,48.7383,60.816158294677734,machine,0.0,0.0,0.0,0.0,N
synthetic_rollout_generation_11,2026-09-12T23:57:54,mbpo_HalfCheetah-v5_seed14577,7761f238-9e96-4b98-904a-9805e57bb8ee,0.005276455001876457,2.4067627538496006e-08,4.553822814543235e-06,24.29677760565674,49.050633324263416,20.0,3.531530602673971e-08,0.0,2.7862611124123554e-08,6.317791715042959e-08,0.0,Germany,DEU,baden-wurttemberg,,,Linux-7.0.0-31-generic-x86_64-with-glibc2.43,3.14.4,3.3.0,24,Intel(R) Core(TM) Ultra 9 285K,1,1 x NVIDIA GeForce RTX 5090,9.2986,48.7383,60.816158294677734,machine,0.0,0.0,0.0,0.0,N
gradient_updates_11,2026-09-12T23:57:58,mbpo_HalfCheetah-v5_seed14577,7761f238-9e96-4b98-904a-9805e57bb8ee,3.875777654000558,4.498987781668311e-05,1.1607984634282028e-05,24.205566573678702,49.335033350895735,20.0,2.8150788631726986e-05,6.841838806798117e-05,2.1529990688880707e-05,0.00011809916738858908,0.0,Germany,DEU,baden-wurttemberg,,,Linux-7.0.0-31-generic-x86_64-with-glibc2.43,3.14.4,3.3.0,24,Intel(R) Core(TM) Ultra 9 285K,1,1 x NVIDIA GeForce RTX 5090,9.2986,48.7383,60.816158294677734,machine,0.0,0.0,0.0,0.0,N
dynamics_model_update_12,2026-09-12T23:58:00,mbpo_HalfCheetah-v5_seed14577,7761f238-9e96-4b98-904a-9805e57bb8ee,2.9151724529983767,3.510843778597528e-05,1.204336653605579e-05,24.234235199243987,49.711855024339634,20.0,2.0121831375230492e-05,5.58375446699233e-05,1.6200849144439077e-05,9.216022518959265e-05,0.0,Germany,DEU,baden-wurttemberg,,,Linux-7.0.0-31-generic-x86_64-with-glibc2.43,3.14.4,3.3.0,24,Intel(R) Core(TM) Ultra 9 285K,1,1 x NVIDIA GeForce RTX 5090,9.2986,48.7383,60.816158294677734,machine,0.0,0.0,0.0,0.0,N
rollout_12,2026-09-12T23:58:01,mbpo_HalfCheetah-v5_seed14577,7761f238-9e96-4b98-904a-9805e57bb8ee,0.20042011699842988,2.4263328373002897e-06,1.2105561810882655e-05,24.383082911969293,49.94347232979581,20.0,1.8067392231688184e-06,3.4497249820075737e-06,1.1126993000086863e-06,6.369163505185078e-06,0.0,Germany,DEU,baden-wurttemberg,,,Linux-7.0.0-31-generic-x86_64-with-glibc2.43,3.14.4,3.3.0,24,Intel(R) Core(TM) Ultra 9 285K,1,1 x NVIDIA GeForce RTX 5090,9.2986,48.7383,60.816158294677734,machine,0.0,0.0,0.0,0.0,N
synthetic_rollout_generation_12,2026-09-12T23:58:01,mbpo_HalfCheetah-v5_seed14577,7761f238-9e96-4b98-904a-9805e57bb8ee,0.005279486998915672,2.5982709067184223e-08,4.915861833860423e-06,24.294573061093676,49.01859321257737,20.0,4.002892090709809e-08,0.0,2.8176116676154397e-08,6.820503758303564e-08,0.0,Germany,DEU,baden-wurttemberg,,,Linux-7.0.0-31-generic-x86_64-with-glibc2.43,3.14.4,3.3.0,24,Intel(R) Core(TM) Ultra 9 285K,1,1 x NVIDIA GeForce RTX 5090,9.2986,48.7383,60.816158294677734,machine,0.0,0.0,0.0,0.0,N
gradient_updates_12,2026-09-12T23:58:05,mbpo_HalfCheetah-v5_seed14577,7761f238-9e96-4b98-904a-9805e57bb8ee,3.9496266200003447,4.5118088338983505e-05,1.142340763179892e-05,24.228499301780918,49.293076583561856,20.0,2.6159130371732064e-05,7.033644515802573e-05,2.1940146583337072e-05,0.00011843572211309508,0.0,Germany,DEU,baden-wurttemberg,,,Linux-7.0.0-31-generic-x86_64-with-glibc2.43,3.14.4,3.3.0,24,Intel(R) Core(TM) Ultra 9 285K,1,1 x NVIDIA GeForce RTX 5090,9.2986,48.7383,60.816158294677734,machine,0.0,0.0,0.0,0.0,N
dynamics_model_update_13,2026-09-12T23:58:07,mbpo_HalfCheetah-v5_seed14577,7761f238-9e96-4b98-904a-9805e57bb8ee,2.6477644859987777,3.239303781895817e-05,1.2233996318230594e-05,24.226315075568234,49.679802436113434,20.0,1.8147957851682994e-05,5.2176708408013805e-05,1.4707589466666322e-05,8.503225572636334e-05,0.0,Germany,DEU,baden-wurttemberg,,,Linux-7.0.0-31-generic-x86_64-with-glibc2.43,3.14.4,3.3.0,24,Intel(R) Core(TM) Ultra 9 285K,1,1 x NVIDIA GeForce RTX 5090,9.2986,48.7383,60.816158294677734,machine,0.0,0.0,0.0,0.0,N
rollout_13,2026-09-12T23:58:07,mbpo_HalfCheetah-v5_seed14577,7761f238-9e96-4b98-904a-9805e57bb8ee,0.2038752359985665,2.3358137862016307e-06,1.145644353937646e-05,24.250692576517853,49.9038090488911,20.0,1.465112560980475e-06,3.5347250499917493e-06,1.131711899991783e-06,6.131549510964007e-06,0.0,Germany,DEU,baden-wurttemberg,,,Linux-7.0.0-31-generic-x86_64-with-glibc2.43,3.14.4,3.3.0,24,Intel(R) Core(TM) Ultra 9 285K,1,1 x NVIDIA GeForce RTX 5090,9.2986,48.7383,60.816158294677734,machine,0.0,0.0,0.0,0.0,N
synthetic_rollout_generation_13,2026-09-12T23:58:07,mbpo_HalfCheetah-v5_seed14577,7761f238-9e96-4b98-904a-9805e57bb8ee,0.005403464998380514,2.533665321362115e-08,4.681443905357033e-06,24.147598333100966,49.043398548048145,20.0,3.79433636871207e-08,0.0,2.856576668112433e-08,6.650913036802819e-08,0.0,Germany,DEU,baden-wurttemberg,,,Linux-7.0.0-31-generic-x86_64-with-glibc2.43,3.14.4,3.3.0,24,Intel(R) Core(TM) Ultra 9 285K,1,1 x NVIDIA GeForce RTX 5090,9.2986,48.7383,60.816158294677734,machine,0.0,0.0,0.0,0.0,N
gradient_updates_13,2026-09-12T23:58:11,mbpo_HalfCheetah-v5_seed14577,7761f238-9e96-4b98-904a-9805e57bb8ee,3.8865292629998294,4.584551514161543e-05,1.1796030987218668e-05,24.081121203240112,49.32027136264133,20.0,2.817891559866309e-05,7.057672312799079e-05,2.1589590677770828e-05,0.00012034522940442428,0.0,Germany,DEU,baden-wurttemberg,,,Linux-7.0.0-31-generic-x86_64-with-glibc2.43,3.14.4,3.3.0,24,Intel(R) Core(TM) Ultra 9 285K,1,1 x NVIDIA GeForce RTX 5090,9.2986,48.7383,60.816158294677734,machine,0.0,0.0,0.0,0.0,N
dynamics_model_update_14,2026-09-12T23:58:14,mbpo_HalfCheetah-v5_seed14577,7761f238-9e96-4b98-904a-9805e57bb8ee,2.7783768420013075,3.3912648446123494e-05,1.2205907828139939e-05,24.108298993447793,49.67129695981392,20.0,1.9276546810116646e-05,5.4311710116050627e-05,1.5433001627772813e-05,8.90212585539403e-05,0.0,Germany,DEU,baden-wurttemberg,,,Linux-7.0.0-31-generic-x86_64-with-glibc2.43,3.14.4,3.3.0,24,Intel(R) Core(TM) Ultra 9 285K,1,1 x NVIDIA GeForce RTX 5090,9.2986,48.7383,60.816158294677734,machine,0.0,0.0,0.0,0.0,N
rollout_14,2026-09-12T23:58:14,mbpo_HalfCheetah-v5_seed14577,7761f238-9e96-4b98-904a-9805e57bb8ee,0.19832774400128983,2.4336630613684337e-06,1.2270564819104257e-05,24.250435056923497,49.88854225377638,20.0,1.8242697927481344e-06,3.4636138819821305e-06,1.100521788895267e-06,6.388405463625749e-06,0.0,Germany,DEU,baden-wurttemberg,,,Linux-7.0.0-31-generic-x86_64-with-glibc2.43,3.14.4,3.3.0,24,Intel(R) Core(TM) Ultra 9 285K,1,1 x NVIDIA GeForce RTX 5090,9.2986,48.7383,60.816158294677734,machine,0.0,0.0,0.0,0.0,N
synthetic_rollout_generation_14,2026-09-12T23:58:14,mbpo_HalfCheetah-v5_seed14577,7761f238-9e96-4b98-904a-9805e57bb8ee,0.005359714003134286,2.784228198297531e-08,5.185302954023386e-06,24.21213130590154,49.0838883464574,20.0,4.486086922772525e-08,0.0,2.82255777669764e-08,7.308644699513533e-08,0.0,Germany,DEU,baden-wurttemberg,,,Linux-7.0.0-31-generic-x86_64-with-glibc2.43,3.14.4,3.3.0,24,Intel(R) Core(TM) Ultra 9 285K,1,1 x NVIDIA GeForce RTX 5090,9.2986,48.7383,60.816158294677734,machine,0.0,0.0,0.0,0.0,N
gradient_updates_14,2026-09-12T23:58:18,mbpo_HalfCheetah-v5_seed14577,7761f238-9e96-4b98-904a-9805e57bb8ee,3.9606463050004095,4.5101990740389116e-05,1.1387588123472455e-05,24.1808960908311,49.32476438476168,20.0,2.5702282784034747e-05,7.06900565519697e-05,2.2001126316677612e-05,0.00011839346565268184,0.0,Germany,DEU,baden-wurttemberg,,,Linux-7.0.0-31-generic-x86_64-with-glibc2.43,3.14.4,3.3.0,24,Intel(R) Core(TM) Ultra 9 285K,1,1 x NVIDIA GeForce RTX 5090,9.2986,48.7383,60.816158294677734,machine,0.0,0.0,0.0,0.0,N
dynamics_model_update_15,2026-09-12T23:58:21,mbpo_HalfCheetah-v5_seed14577,7761f238-9e96-4b98-904a-9805e57bb8ee,2.9579099860020506,3.522341629577869e-05,1.1908114803549247e-05,24.160016878989374,49.65871093070077,20.0,1.795078102728026e-05,5.808087979802812e-05,1.6430384838895347e-05,9.246204566420394e-05,0.0,Germany,DEU,baden-wurttemberg,,,Linux-7.0.0-31-generic-x86_64-with-glibc2.43,3.14.4,3.3.0,24,Intel(R) Core(TM) Ultra 9 285K,1,1 x NVIDIA GeForce RTX 5090,9.2986,48.7383,60.816158294677734,machine,0.0,0.0,0.0,0.0,N
rollout_15,2026-09-12T23:58:22,mbpo_HalfCheetah-v5_seed14577,7761f238-9e96-4b98-904a-9805e57bb8ee,0.2056910120008979,2.383072486359262e-06,1.1585079068328833e-05,24.18842440769702,49.867816260457644,20.0,1.5008009228642538e-06,3.612780668016402e-06,1.1420227833392176e-06,6.25560437422009e-06,0.0,Germany,DEU,baden-wurttemberg,,,Linux-7.0.0-31-generic-x86_64-with-glibc2.43,3.14.4,3.3.0,24,Intel(R) Core(TM) Ultra 9 285K,1,1 x NVIDIA GeForce RTX 5090,9.2986,48.7383,60.816158294677734,machine,0.0,0.0,0.0,0.0,N
synthetic_rollout_generation_15,2026-09-12T23:58:22,mbpo_HalfCheetah-v5_seed14577,7761f238-9e96-4b98-904a-9805e57bb8ee,0.0053525769981206395,2.8796443945957456e-08,5.37040588271375e-06,24.169629531297936,49.11224328681435,20.0,4.7251148917182295e-08,0.0,2.8339988886010026e-08,7.559113780319232e-08,0.0,Germany,DEU,baden-wurttemberg,,,Linux-7.0.0-31-generic-x86_64-with-glibc2.43,3.14.4,3.3.0,24,Intel(R) Core(TM) Ultra 9 285K,1,1 x NVIDIA GeForce RTX 5090,9.2986,48.7383,60.816158294677734,machine,0.0,0.0,0.0,0.0,N
gradient_updates_15,2026-09-12T23:58:25,mbpo_HalfCheetah-v5_seed14577,7761f238-9e96-4b98-904a-9805e57bb8ee,3.894745507001062,4.581636677435195e-05,1.1763665451747565e-05,24.16176556323197,49.35584836543213,20.0,2.784773255594397e-05,7.078561218398782e-05,2.1635369722207594e-05,0.00012026871446213939,0.0,Germany,DEU,baden-wurttemberg,,,Linux-7.0.0-31-generic-x86_64-with-glibc2.43,3.14.4,3.3.0,24,Intel(R) Core(TM) Ultra 9 285K,1,1 x NVIDIA GeForce RTX 5090,9.2986,48.7383,60.816158294677734,machine,0.0,0.0,0.0,0.0,N
dynamics_model_update_16,2026-09-12T23:58:28,mbpo_HalfCheetah-v5_seed14577,7761f238-9e96-4b98-904a-9805e57bb8ee,3.0577823759995226,3.750157712206813e-05,1.226431660880354e-05,24.18215084094762,49.672373236533886,20.0,2.1257761450642343e-05,6.0198659269983246e-05,1.69858344888983e-05,9.844225520952345e-05,0.0,Germany,DEU,baden-wurttemberg,,,Linux-7.0.0-31-generic-x86_64-with-glibc2.43,3.14.4,3.3.0,24,Intel(R) Core(TM) Ultra 9 285K,1,1 x NVIDIA GeForce RTX 5090,9.2986,48.7383,60.816158294677734,machine,0.0,0.0,0.0,0.0,N
rollout_16,2026-09-12T23:58:29,mbpo_HalfCheetah-v5_seed14577,7761f238-9e96-4b98-904a-9805e57bb8ee,0.1976009130012244,2.45926003827196e-06,1.2444883261563429e-05,24.308550868801948,49.88581576042201,20.0,1.8249309043857909e-06,3.5336139380115483e-06,1.0970531055540592e-06,6.455597947951398e-06,0.0,Germany,DEU,baden-wurttemberg,,,Linux-7.0.0-31-generic-x86_64-with-glibc2.43,3.14.4,3.3.0,24,Intel(R) Core(TM) Ultra 9 285K,1,1 x NVIDIA GeForce RTX 5090,9.2986,48.7383,60.816158294677734,machine,0.0,0.0,0.0,0.0,N
synthetic_rollout_generation_16,2026-09-12T23:58:29,mbpo_HalfCheetah-v5_seed14577,7761f238-9e96-4b98-904a-9805e57bb8ee,0.005321199001627974,2.6057081071399063e-08,4.887746696602181e-06,24.239845975046915,49.17316124955884,20.0,3.994419862929366e-08,0.0,2.8456066684208123e-08,6.840026531371862e-08,0.0,Germany,DEU,baden-wurttemberg,,,Linux-7.0.0-31-generic-x86_64-with-glibc2.43,3.14.4,3.3.0,24,Intel(R) Core(TM) Ultra 9 285K,1,1 x NVIDIA GeForce RTX 5090,9.2986,48.7383,60.816158294677734,machine,0.0,0.0,0.0,0.0,N
gradient_updates_16,2026-09-12T23:58:33,mbpo_HalfCheetah-v5_seed14577,7761f238-9e96-4b98-904a-9805e57bb8ee,3.907900599999266,4.619711542204214e-05,1.1821484504088731e-05,24.195552324732304,49.40770899054192,20.0,2.811020026591282e-05,7.144977938200459e-05,2.1708206261104824e-05,0.00012126818590902245,0.0,Germany,DEU,baden-wurttemberg,,,Linux-7.0.0-31-generic-x86_64-with-glibc2.43,3.14.4,3.3.0,24,Intel(R) Core(TM) Ultra 9 285K,1,1 x NVIDIA GeForce RTX 5090,9.2986,48.7383,60.816158294677734,machine,0.0,0.0,0.0,0.0,N
dynamics_model_update_17,2026-09-12T23:58:36,mbpo_HalfCheetah-v5_seed14577,7761f238-9e96-4b98-904a-9805e57bb8ee,3.196209435998753,3.920935440971914e-05,1.226736708106124e-05,24.21640618169372,49.703857338582765,20.0,2.2344761764679644e-05,6.281810580999192e-05,1.7762331033332416e-05,0.00010292519860800441,0.0,Germany,DEU,baden-wurttemberg,,,Linux-7.0.0-31-generic-x86_64-with-glibc2.43,3.14.4,3.3.0,24,Intel(R) Core(TM) Ultra 9 285K,1,1 x NVIDIA GeForce RTX 5090,9.2986,48.7383,60.816158294677734,machine,0.0,0.0,0.0,0.0,N
rollout_17,2026-09-12T23:58:36,mbpo_HalfCheetah-v5_seed14577,7761f238-9e96-4b98-904a-9805e57bb8ee,0.19810333200075547,2.4803981126674153e-06,1.2520275048045194e-05,24.329788981297067,49.91045921098165,20.0,1.8178947876479334e-06,3.586391757959273e-06,1.1067991944301026e-06,6.511085740037309e-06,0.0,Germany,DEU,baden-wurttemberg,,,Linux-7.0.0-31-generic-x86_64-with-glibc2.43,3.14.4,3.3.0,24,Intel(R) Core(TM) Ultra 9 285K,1,1 x NVIDIA GeForce RTX 5090,9.2986,48.7383,60.816158294677734,machine,0.0,0.0,0.0,0.0,N
synthetic_rollout_generation_17,2026-09-12T23:58:36,mbpo_HalfCheetah-v5_seed14577,7761f238-9e96-4b98-904a-9805e57bb8ee,0.005276822001178516,2.568987468934414e-08,4.858832117836073e-06,24.261543026301716,49.235993545968384,20.0,3.9282809199958635e-08,0.0,2.815353333665907e-08,6.743634253705139e-08,0.0,Germany,DEU,baden-wurttemberg,,,Linux-7.0.0-31-generic-x86_64-with-glibc2.43,3.14.4,3.3.0,24,Intel(R) Core(TM) Ultra 9 285K,1,1 x NVIDIA GeForce RTX 5090,9.2986,48.7383,60.816158294677734,machine,0.0,0.0,0.0,0.0,N
gradient_updates_17,2026-09-12T23:58:40,mbpo_HalfCheetah-v5_seed14577,7761f238-9e96-4b98-904a-9805e57bb8ee,3.889364417998877,4.6361990432153364e-05,1.192025464217333e-05,24.2185870982625,49.46379417171611,20.0,2.8450504704825852e-05,7.164533509407267e-05,2.160514571666384e-05,0.00012170098551556215,0.0,Germany,DEU,baden-wurttemberg,,,Linux-7.0.0-31-generic-x86_64-with-glibc2.43,3.14.4,3.3.0,24,Intel(R) Core(TM) Ultra 9 285K,1,1 x NVIDIA GeForce RTX 5090,9.2986,48.7383,60.816158294677734,machine,0.0,0.0,0.0,0.0,N
dynamics_model_update_18,2026-09-12T23:58:43,mbpo_HalfCheetah-v5_seed14577,7761f238-9e96-4b98-904a-9805e57bb8ee,3.332544951001182,4.058703447374235e-05,1.2179016178652205e-05,24.241607511957532,49.73627883239974,20.0,2.3074384848380258e-05,6.495477418594353e-05,1.8512472344445934e-05,0.0001065416313787695,0.0,Germany,DEU,baden-wurttemberg,,,Linux-7.0.0-31-generic-x86_64-with-glibc2.43,3.14.4,3.3.0,24,Intel(R) Core(TM) Ultra 9 285K,1,1 x NVIDIA GeForce RTX 5090,9.2986,48.7383,60.816158294677734,machine,0.0,0.0,0.0,0.0,N
rollout_18,2026-09-12T23:58:43,mbpo_HalfCheetah-v5_seed14577,7761f238-9e96-4b98-904a-9805e57bb8ee,0.1981942419988627,2.51580953868763e-06,1.2692932363475386e-05,24.350475720600247,49.9611988831268,20.0,1.8145042293832292e-06,3.689447396038048e-06,1.1000896888921363e-06,6.6040413143134136e-06,0.0,Germany,DEU,baden-wurttemberg,,,Linux-7.0.0-31-generic-x86_64-with-glibc2.43,3.14.4,3.3.0,24,Intel(R) Core(TM) Ultra 9 285K,1,1 x NVIDIA GeForce RTX 5090,9.2986,48.7383,60.816158294677734,machine,0.0,0.0,0.0,0.0,N
synthetic_rollout_generation_18,2026-09-12T23:58:43,mbpo_HalfCheetah-v5_seed14577,7761f238-9e96-4b98-904a-9805e57bb8ee,0.005364636999729555,2.988553857597581e-08,5.562079780876893e-06,24.352151227209347,49.320670692317485,20.0,5.025198464292391e-08,0.0,2.819804443177261e-08,7.845002907447968e-08,0.0,Germany,DEU,baden-wurttemberg,,,Linux-7.0.0-31-generic-x86_64-with-glibc2.43,3.14.4,3.3.0,24,Intel(R) Core(TM) Ultra 9 285K,1,1 x NVIDIA GeForce RTX 5090,9.2986,48.7383,60.816158294677734,machine,0.0,0.0,0.0,0.0,N
gradient_updates_18,2026-09-12T23:58:47,mbpo_HalfCheetah-v5_seed14577,7761f238-9e96-4b98-904a-9805e57bb8ee,3.9223510669980897,4.642101287574089e-05,1.183502759310263e-05,24.35396246254353,49.54825417635234,20.0,2.6747948898342422e-05,7.331950309996671e-05,2.1788468400013236e-05,0.00012185592039832237,0.0,Germany,DEU,baden-wurttemberg,,,Linux-7.0.0-31-generic-x86_64-with-glibc2.43,3.14.4,3.3.0,24,Intel(R) Core(TM) Ultra 9 285K,1,1 x NVIDIA GeForce RTX 5090,9.2986,48.7383,60.816158294677734,machine,0.0,0.0,0.0,0.0,N
dynamics_model_update_19,2026-09-12T23:58:51,mbpo_HalfCheetah-v5_seed14577,7761f238-9e96-4b98-904a-9805e57bb8ee,3.472686822999094,4.206436865493088e-05,1.2112857949838438e-05,24.35731962071496,49.79869902169018,20.0,2.4011747820490426e-05,6.711727591601768e-05,1.929063410554795e-05,0.00011041965784205562,0.0,Germany,DEU,baden-wurttemberg,,,Linux-7.0.0-31-generic-x86_64-with-glibc2.43,3.14.4,3.3.0,24,Intel(R) Core(TM) Ultra 9 285K,1,1 x NVIDIA GeForce RTX 5090,9.2986,48.7383,60.816158294677734,machine,0.0,0.0,0.0,0.0,N
rollout_19,2026-09-12T23:58:51,mbpo_HalfCheetah-v5_seed14577,7761f238-9e96-4b98-904a-9805e57bb8ee,0.19652681999650667,2.515482942396386e-06,1.2799101159555137e-05,24.456142278705848,50.02792326508108,20.0,1.7848342056397959e-06,3.7280585380439213e-06,1.0902912500063491e-06,6.603183993690066e-06,0.0,Germany,DEU,baden-wurttemberg,,,Linux-7.0.0-31-generic-x86_64-with-glibc2.43,3.14.4,3.3.0,24,Intel(R) Core(TM) Ultra 9 285K,1,1 x NVIDIA GeForce RTX 5090,9.2986,48.7383,60.816158294677734,machine,0.0,0.0,0.0,0.0,N
synthetic_rollout_generation_19,2026-09-12T23:58:51,mbpo_HalfCheetah-v5_seed14577,7761f238-9e96-4b98-904a-9805e57bb8ee,0.005406571999628795,2.954679964714199e-08,5.456122055187785e-06,24.4479713781398,49.417826639897164,20.0,4.923503938575324e-08,0.0,2.8325794442429428e-08,7.756083382839951e-08,0.0,Germany,DEU,baden-wurttemberg,,,Linux-7.0.0-31-generic-x86_64-with-glibc2.43,3.14.4,3.3.0,24,Intel(R) Core(TM) Ultra 9 285K,1,1 x NVIDIA GeForce RTX 5090,9.2986,48.7383,60.816158294677734,machine,0.0,0.0,0.0,0.0,N
gradient_updates_19,2026-09-12T23:58:55,mbpo_HalfCheetah-v5_seed14577,7761f238-9e96-4b98-904a-9805e57bb8ee,3.9030076259987254,4.64794238346322e-05,1.190864655929852e-05,24.44750718888417,49.62066247333448,20.0,2.8505588915567204e-05,7.182283523593513e-05,2.1680825972220574e-05,0.00012200925012372313,0.0,Germany,DEU,baden-wurttemberg,,,Linux-7.0.0-31-generic-x86_64-with-glibc2.43,3.14.4,3.3.0,24,Intel(R) Core(TM) Ultra 9 285K,1,1 x NVIDIA GeForce RTX 5090,9.2986,48.7383,60.816158294677734,machine,0.0,0.0,0.0,0.0,N
dynamics_model_update_20,2026-09-12T23:58:59,mbpo_HalfCheetah-v5_seed14577,7761f238-9e96-4b98-904a-9805e57bb8ee,3.6840879489973304,4.6013522258860854e-05,1.2489797377733481e-05,24.469348343136566,49.88411665189657,20.0,2.6919474591116654e-05,7.34058920580094e-05,2.0460884194451736e-05,0.00012078625084357801,0.0,Germany,DEU,baden-wurttemberg,,,Linux-7.0.0-31-generic-x86_64-with-glibc2.43,3.14.4,3.3.0,24,Intel(R) Core(TM) Ultra 9 285K,1,1 x NVIDIA GeForce RTX 5090,9.2986,48.7383,60.816158294677734,machine,0.0,0.0,0.0,0.0,N
rollout_20,2026-09-12T23:58:59,mbpo_HalfCheetah-v5_seed14577,7761f238-9e96-4b98-904a-9805e57bb8ee,0.20210200899964548,2.579989465880273e-06,1.27654777020659e-05,24.56864746584232,50.09075115417966,20.0,1.8662823263668193e-06,3.784447472010566e-06,1.1217848777758145e-06,6.772514676152766e-06,0.0,Germany,DEU,baden-wurttemberg,,,Linux-7.0.0-31-generic-x86_64-with-glibc2.43,3.14.4,3.3.0,24,Intel(R) Core(TM) Ultra 9 285K,1,1 x NVIDIA GeForce RTX 5090,9.2986,48.7383,60.816158294677734,machine,0.0,0.0,0.0,0.0,N
synthetic_rollout_generation_20,2026-09-12T23:58:59,mbpo_HalfCheetah-v5_seed14577,7761f238-9e96-4b98-904a-9805e57bb8ee,0.0053966509985912126,2.7341127057690928e-08,5.056137093262491e-06,24.528325380534106,49.50830055936361,20.0,4.3589201532967525e-08,0.0,2.8181705561628606e-08,7.177090709416245e-08,0.0,Germany,DEU,baden-wurttemberg,,,Linux-7.0.0-31-generic-x86_64-with-glibc2.43,3.14.4,3.3.0,24,Intel(R) Core(TM) Ultra 9 285K,1,1 x NVIDIA GeForce RTX 5090,9.2986,48.7383,60.816158294677734,machine,0.0,0.0,0.0,0.0,N
gradient_updates_20,2026-09-12T23:59:03,mbpo_HalfCheetah-v5_seed14577,7761f238-9e96-4b98-904a-9805e57bb8ee,3.8925340739988314,4.647263565033671e-05,1.1938943557495945e-05,24.503587104434768,49.70497423356771,20.0,2.834493100926233e-05,7.202422428598254e-05,2.1622275733332438e-05,0.00012199143102857753,0.0,Germany,DEU,baden-wurttemberg,,,Linux-7.0.0-31-generic-x86_64-with-glibc2.43,3.14.4,3.3.0,24,Intel(R) Core(TM) Ultra 9 285K,1,1 x NVIDIA GeForce RTX 5090,9.2986,48.7383,60.816158294677734,machine,0.0,0.0,0.0,0.0,N
dynamics_model_update_21,2026-09-12T23:59:07,mbpo_HalfCheetah-v5_seed14577,7761f238-9e96-4b98-904a-9805e57bb8ee,3.793428449000203,4.6861257033303533e-05,1.2353202026948226e-05,24.520037430876403,49.953037056265266,20.0,2.6568149865610624e-05,7.537117140798966e-05,2.1072247261124787e-05,0.0001230115685347255,0.0,Germany,DEU,baden-wurttemberg,,,Linux-7.0.0-31-generic-x86_64-with-glibc2.43,3.14.4,3.3.0,24,Intel(R) Core(TM) Ultra 9 285K,1,1 x NVIDIA GeForce RTX 5090,9.2986,48.7383,60.816158294677734,machine,0.0,0.0,0.0,0.0,N
rollout_21,2026-09-12T23:59:07,mbpo_HalfCheetah-v5_seed14577,7761f238-9e96-4b98-904a-9805e57bb8ee,0.19694023200281663,2.519736287576787e-06,1.279383702874735e-05,24.6046691912928,50.16216177668631,20.0,1.7715422505615308e-06,3.7494474440236125e-06,1.0933593999854375e-06,6.614349094570364e-06,0.0,Germany,DEU,baden-wurttemberg,,,Linux-7.0.0-31-generic-x86_64-with-glibc2.43,3.14.4,3.3.0,24,Intel(R) Core(TM) Ultra 9 285K,1,1 x NVIDIA GeForce RTX 5090,9.2986,48.7383,60.816158294677734,machine,0.0,0.0,0.0,0.0,N
synthetic_rollout_generation_21,2026-09-12T23:59:07,mbpo_HalfCheetah-v5_seed14577,7761f238-9e96-4b98-904a-9805e57bb8ee,0.005327090999344364,2.4730559287054754e-08,4.63447753636094e-06,24.531473216783283,49.60480442361202,20.0,3.675669607572374e-08,0.0,2.8161427791063495e-08,6.491812386700407e-08,0.0,Germany,DEU,baden-wurttemberg,,,Linux-7.0.0-31-generic-x86_64-with-glibc2.43,3.14.4,3.3.0,24,Intel(R) Core(TM) Ultra 9 285K,1,1 x NVIDIA GeForce RTX 5090,9.2986,48.7383,60.816158294677734,machine,0.0,0.0,0.0,0.0,N
gradient_updates_21,2026-09-12T23:59:11,mbpo_HalfCheetah-v5_seed14577,7761f238-9e96-4b98-904a-9805e57bb8ee,4.171891369998775,4.983849768179158e-05,1.1946281839589915e-05,24.47810333542385,49.79136801492923,20.0,3.0499196899340386e-05,7.71528394999943e-05,2.3174837683331492e-05,0.00013082687408266618,0.0,Germany,DEU,baden-wurttemberg,,,Linux-7.0.0-31-generic-x86_64-with-glibc2.43,3.14.4,3.3.0,24,Intel(R) Core(TM) Ultra 9 285K,1,1 x NVIDIA GeForce RTX 5090,9.2986,48.7383,60.816158294677734,machine,0.0,0.0,0.0,0.0,N
dynamics_model_update_22,2026-09-12T23:59:14,mbpo_HalfCheetah-v5_seed14577,7761f238-9e96-4b98-904a-9805e57bb8ee,3.2241833259977284,4.1728655792112445e-05,1.29424238590739e-05,24.505750544663318,50.04503506736126,20.0,2.6139988967534278e-05,6.548838572401072e-05,1.7910031377788276e-05,0.00010953840606933284,0.0,Germany,DEU,baden-wurttemberg,,,Linux-7.0.0-31-generic-x86_64-with-glibc2.43,3.14.4,3.3.0,24,Intel(R) Core(TM) Ultra 9 285K,1,1 x NVIDIA GeForce RTX 5090,9.2986,48.7383,60.816158294677734,machine,0.0,0.0,0.0,0.0,N
rollout_22,2026-09-12T23:59:14,mbpo_HalfCheetah-v5_seed14577,7761f238-9e96-4b98-904a-9805e57bb8ee,0.20855463199768565,3.123260870907616e-06,1.4975464470163776e-05,24.515428608875265,50.53882947566384,20.0,1.485966188770338e-06,5.5552822220139575e-06,1.157362616666189e-06,8.198611027450918e-06,0.0,Germany,DEU,baden-wurttemberg,,,Linux-7.0.0-31-generic-x86_64-with-glibc2.43,3.14.4,3.3.0,24,Intel(R) Core(TM) Ultra 9 285K,1,1 x NVIDIA GeForce RTX 5090,9.2986,48.7383,60.816158294677734,machine,0.0,0.0,0.0,0.0,N
synthetic_rollout_generation_22,2026-09-12T23:59:14,mbpo_HalfCheetah-v5_seed14577,7761f238-9e96-4b98-904a-9805e57bb8ee,0.005340003001037985,2.566100702674351e-08,4.796552115409176e-06,24.45593627608929,50.00118235358231,20.0,3.8909753349858356e-08,0.0,2.8450811098311088e-08,6.736056444838628e-08,0.0,Germany,DEU,baden-wurttemberg,,,Linux-7.0.0-31-generic-x86_64-with-glibc2.43,3.14.4,3.3.0,24,Intel(R) Core(TM) Ultra 9 285K,1,1 x NVIDIA GeForce RTX 5090,9.2986,48.7383,60.816158294677734,machine,0.0,0.0,0.0,0.0,N
gradient_updates_22,2026-09-12T23:59:19,mbpo_HalfCheetah-v5_seed14577,7761f238-9e96-4b98-904a-9805e57bb8ee,4.1846930680003425,4.987542592648853e-05,1.1918560273064671e-05,24.412530896945402,50.17649142449404,20.0,3.0201668050205965e-05,7.747589531398313e-05,2.32462479666639e-05,0.000130923811330853,0.0,Germany,DEU,baden-wurttemberg,,,Linux-7.0.0-31-generic-x86_64-with-glibc2.43,3.14.4,3.3.0,24,Intel(R) Core(TM) Ultra 9 285K,1,1 x NVIDIA GeForce RTX 5090,9.2986,48.7383,60.816158294677734,machine,0.0,0.0,0.0,0.0,N
dynamics_model_update_23,2026-09-12T23:59:22,mbpo_HalfCheetah-v5_seed14577,7761f238-9e96-4b98-904a-9805e57bb8ee,3.3231403429999773,4.327468871606144e-05,1.3022157572509386e-05,24.43845060956998,50.417957641471666,20.0,2.7427472497509875e-05,6.770949861195641e-05,1.8459796749994073e-05,0.00011359676785946057,0.0,Germany,DEU,baden-wurttemberg,,,Linux-7.0.0-31-generic-x86_64-with-glibc2.43,3.14.4,3.3.0,24,Intel(R) Core(TM) Ultra 9 285K,1,1 x NVIDIA GeForce RTX 5090,9.2986,48.7383,60.816158294677734,machine,0.0,0.0,0.0,0.0,N
rollout_23,2026-09-12T23:59:22,mbpo_HalfCheetah-v5_seed14577,7761f238-9e96-4b98-904a-9805e57bb8ee,0.19610854599886807,2.49579163856279e-06,1.272613290910692e-05,24.513981753798,50.6014411789337,20.0,1.7483488986766438e-06,3.714447416036659e-06,1.0886976833514132e-06,6.55149399806515e-06,0.0,Germany,DEU,baden-wurttemberg,,,Linux-7.0.0-31-generic-x86_64-with-glibc2.43,3.14.4,3.3.0,24,Intel(R) Core(TM) Ultra 9 285K,1,1 x NVIDIA GeForce RTX 5090,9.2986,48.7383,60.816158294677734,machine,0.0,0.0,0.0,0.0,N
synthetic_rollout_generation_23,2026-09-12T23:59:22,mbpo_HalfCheetah-v5_seed14577,7761f238-9e96-4b98-904a-9805e57bb8ee,0.005333579996658955,2.7289768604176617e-08,5.106559131753762e-06,24.480345709907894,50.08509994241397,20.0,4.345364587599043e-08,0.0,2.8182444435217655e-08,7.163609031142493e-08,0.0,Germany,DEU,baden-wurttemberg,,,Linux-7.0.0-31-generic-x86_64-with-glibc2.43,3.14.4,3.3.0,24,Intel(R) Core(TM) Ultra 9 285K,1,1 x NVIDIA GeForce RTX 5090,9.2986,48.7383,60.816158294677734,machine,0.0,0.0,0.0,0.0,N
gradient_updates_23,2026-09-12T23:59:26,mbpo_HalfCheetah-v5_seed14577,7761f238-9e96-4b98-904a-9805e57bb8ee,4.169653244000074,4.993083701935325e-05,1.1974840372075184e-05,24.456731220020348,50.25914851281839,20.0,2.9945371734056703e-05,7.79614512579907e-05,2.3162443366668865e-05,0.00013106926635871648,0.0,Germany,DEU,baden-wurttemberg,,,Linux-7.0.0-31-generic-x86_64-with-glibc2.43,3.14.4,3.3.0,24,Intel(R) Core(TM) Ultra 9 285K,1,1 x NVIDIA GeForce RTX 5090,9.2986,48.7383,60.816158294677734,machine,0.0,0.0,0.0,0.0,N
dynamics_model_update_24,2026-09-12T23:59:30,mbpo_HalfCheetah-v5_seed14577,7761f238-9e96-4b98-904a-9805e57bb8ee,3.43216932499854,4.4735629917319e-05,1.3034221476100522e-05,24.48078899912684,50.48894395803361,20.0,2.8546007559013264e-05,6.981977807801742e-05,1.9065976844447313e-05,0.00011743176248147757,0.0,Germany,DEU,baden-wurttemberg,,,Linux-7.0.0-31-generic-x86_64-with-glibc2.43,3.14.4,3.3.0,24,Intel(R) Core(TM) Ultra 9 285K,1,1 x NVIDIA GeForce RTX 5090,9.2986,48.7383,60.816158294677734,machine,0.0,0.0,0.0,0.0,N
rollout_24,2026-09-12T23:59:30,mbpo_HalfCheetah-v5_seed14577,7761f238-9e96-4b98-904a-9805e57bb8ee,0.19668657899819664,2.4803738871846844e-06,1.2610223108192446e-05,24.555597549174337,50.64530728374091,20.0,1.7769844771406418e-06,3.6369473539465957e-06,1.097090316660651e-06,6.5110221477478886e-06,0.0,Germany,DEU,baden-wurttemberg,,,Linux-7.0.0-31-generic-x86_64-with-glibc2.43,3.14.4,3.3.0,24,Intel(R) Core(TM) Ultra 9 285K,1,1 x NVIDIA GeForce RTX 5090,9.2986,48.7383,60.816158294677734,machine,0.0,0.0,0.0,0.0,N
synthetic_rollout_generation_24,2026-09-12T23:59:30,mbpo_HalfCheetah-v5_seed14577,7761f238-9e96-4b98-904a-9805e57bb8ee,0.005290762997901766,2.8409068814419514e-08,5.358870034474276e-06,24.488997732224036,50.148784663312085,20.0,4.1028921711483424e-08,0.0,3.354535001555761e-08,7.457427172747472e-08,0.0,Germany,DEU,baden-wurttemberg,,,Linux-7.0.0-31-generic-x86_64-with-glibc2.43,3.14.4,3.3.0,24,Intel(R) Core(TM) Ultra 9 285K,1,1 x NVIDIA GeForce RTX 5090,9.2986,48.7383,60.816158294677734,machine,0.0,0.0,0.0,0.0,N
gradient_updates_24,2026-09-12T23:59:34,mbpo_HalfCheetah-v5_seed14577,7761f238-9e96-4b98-904a-9805e57bb8ee,4.197194528998807,5.0070489045489584e-05,1.1929538130859176e-05,24.440023020181034,50.30808072462508,20.0,3.05294769235645e-05,7.759089540604336e-05,2.3315482888897803e-05,0.00013143585521850545,0.0,Germany,DEU,baden-wurttemberg,,,Linux-7.0.0-31-generic-x86_64-with-glibc2.43,3.14.4,3.3.0,24,Intel(R) Core(TM) Ultra 9 285K,1,1 x NVIDIA GeForce RTX 5090,9.2986,48.7383,60.816158294677734,machine,0.0,0.0,0.0,0.0,N
dynamics_model_update_25,2026-09-12T23:59:38,mbpo_HalfCheetah-v5_seed14577,7761f238-9e96-4b98-904a-9805e57bb8ee,3.572528725002485,4.6535818915733294e-05,1.3025934812639262e-05,24.462868458388428,50.539433397713765,20.0,2.8540192276577114e-05,7.377672568803506e-05,1.9840370172237833e-05,0.00012215728813685066,0.0,Germany,DEU,baden-wurttemberg,,,Linux-7.0.0-31-generic-x86_64-with-glibc2.43,3.14.4,3.3.0,24,Intel(R) Core(TM) Ultra 9 285K,1,1 x NVIDIA GeForce RTX 5090,9.2986,48.7383,60.816158294677734,machine,0.0,0.0,0.0,0.0,N
rollout_25,2026-09-12T23:59:38,mbpo_HalfCheetah-v5_seed14577,7761f238-9e96-4b98-904a-9805e57bb8ee,0.20220795899876975,2.404351002740883e-06,1.1890124028232949e-05,24.475383183571488,50.69013130251421,20.0,1.4627558924326656e-06,3.7261140919397917e-06,1.1225908444531096e-06,6.311460828824916e-06,0.0,Germany,DEU,baden-wurttemberg,,,Linux-7.0.0-31-generic-x86_64-with-glibc2.43,3.14.4,3.3.0,24,Intel(R) Core(TM) Ultra 9 285K,1,1 x NVIDIA GeForce RTX 5090,9.2986,48.7383,60.816158294677734,machine,0.0,0.0,0.0,0.0,N
synthetic_rollout_generation_25,2026-09-12T23:59:38,mbpo_HalfCheetah-v5_seed14577,7761f238-9e96-4b98-904a-9805e57bb8ee,0.005328762999852188,2.454057078772956e-08,4.597408422809701e-06,24.409441033258027,50.21192251664144,20.0,3.589197315745363e-08,0.0,2.8527427780927414e-08,6.441940093859788e-08,0.0,Germany,DEU,baden-wurttemberg,,,Linux-7.0.0-31-generic-x86_64-with-glibc2.43,3.14.4,3.3.0,24,Intel(R) Core(TM) Ultra 9 285K,1,1 x NVIDIA GeForce RTX 5090,9.2986,48.7383,60.816158294677734,machine,0.0,0.0,0.0,0.0,N
gradient_updates_25,2026-09-12T23:59:42,mbpo_HalfCheetah-v5_seed14577,7761f238-9e96-4b98-904a-9805e57bb8ee,4.20547933099806,5.029735690400628e-05,1.1959983022061194e-05,24.36128043590708,50.365808662302385,20.0,3.078363712688548e-05,7.788617342008308e-05,2.3361576522216206e-05,0.0001320313870691852,0.0,Germany,DEU,baden-wurttemberg,,,Linux-7.0.0-31-generic-x86_64-with-glibc2.43,3.14.4,3.3.0,24,Intel(R) Core(TM) Ultra 9 285K,1,1 x NVIDIA GeForce RTX 5090,9.2986,48.7383,60.816158294677734,machine,0.0,0.0,0.0,0.0,N
dynamics_model_update_26,2026-09-12T23:59:46,mbpo_HalfCheetah-v5_seed14577,7761f238-9e96-4b98-904a-9805e57bb8ee,3.6723379340000974,4.8324190949913196e-05,1.3158974649995617e-05,24.388230616985762,50.58720030011886,20.0,3.069079621929177e-05,7.576144949794639e-05,2.039954834999664e-05,0.00012685179406723458,0.0,Germany,DEU,baden-wurttemberg,,,Linux-7.0.0-31-generic-x86_64-with-glibc2.43,3.14.4,3.3.0,24,Intel(R) Core(TM) Ultra 9 285K,1,1 x NVIDIA GeForce RTX 5090,9.2986,48.7383,60.816158294677734,machine,0.0,0.0,0.0,0.0,N
rollout_26,2026-09-12T23:59:46,mbpo_HalfCheetah-v5_seed14577,7761f238-9e96-4b98-904a-9805e57bb8ee,0.19695546599905356,2.478620164656376e-06,1.258418602528894e-05,24.466574631554572,50.72608598591472,20.0,1.8200311782470835e-06,3.593336207974307e-06,1.093051211116915e-06,6.506418597338956e-06,0.0,Germany,DEU,baden-wurttemberg,,,Linux-7.0.0-31-generic-x86_64-with-glibc2.43,3.14.4,3.3.0,24,Intel(R) Core(TM) Ultra 9 285K,1,1 x NVIDIA GeForce RTX 5090,9.2986,48.7383,60.816158294677734,machine,0.0,0.0,0.0,0.0,N
synthetic_rollout_generation_26,2026-09-12T23:59:46,mbpo_HalfCheetah-v5_seed14577,7761f238-9e96-4b98-904a-9805e57bb8ee,0.00537653399806004,2.6906693460955478e-08,5.001325944147019e-06,24.43240850182711,50.26493974967914,20.0,4.2504200666038106e-08,0.0,2.8126311109365545e-08,7.063051177605417e-08,0.0,Germany,DEU,baden-wurttemberg,,,Linux-7.0.0-31-generic-x86_64-with-glibc2.43,3.14.4,3.3.0,24,Intel(R) Core(TM) Ultra 9 285K,1,1 x NVIDIA GeForce RTX 5090,9.2986,48.7383,60.816158294677734,machine,0.0,0.0,0.0,0.0,N
gradient_updates_26,2026-09-12T23:59:50,mbpo_HalfCheetah-v5_seed14577,7761f238-9e96-4b98-904a-9805e57bb8ee,4.203855553001631,5.02292329458056e-05,1.1948395414690936e-05,24.408559789688965,50.414046161870765,20.0,3.048380272035328e-05,7.801645130200985e-05,2.335230653888079e-05,0.00013185256056124327,0.0,Germany,DEU,baden-wurttemberg,,,Linux-7.0.0-31-generic-x86_64-with-glibc2.43,3.14.4,3.3.0,24,Intel(R) Core(TM) Ultra 9 285K,1,1 x NVIDIA GeForce RTX 5090,9.2986,48.7383,60.816158294677734,machine,0.0,0.0,0.0,0.0,N
dynamics_model_update_27,2026-09-12T23:59:54,mbpo_HalfCheetah-v5_seed14577,7761f238-9e96-4b98-904a-9805e57bb8ee,3.779499964999559,4.968308474668278e-05,1.314531864215151e-05,24.43143455698323,50.630129233199895,20.0,3.109606876573051e-05,7.832811821806285e-05,2.0994725594452235e-05,0.0001304189125782458,0.0,Germany,DEU,baden-wurttemberg,,,Linux-7.0.0-31-generic-x86_64-with-glibc2.43,3.14.4,3.3.0,24,Intel(R) Core(TM) Ultra 9 285K,1,1 x NVIDIA GeForce RTX 5090,9.2986,48.7383,60.816158294677734,machine,0.0,0.0,0.0,0.0,N
rollout_27,2026-09-12T23:59:54,mbpo_HalfCheetah-v5_seed14577,7761f238-9e96-4b98-904a-9805e57bb8ee,0.19813903599788318,2.487145476954937e-06,1.2551780646631257e-05,24.500941808534442,50.76658606322132,20.0,1.7956342142841364e-06,3.633336239927676e-06,1.0998272277800477e-06,6.528797681992077e-06,0.0,Germany,DEU,baden-wurttemberg,,,Linux-7.0.0-31-generic-x86_64-with-glibc2.43,3.14.4,3.3.0,24,Intel(R) Core(TM) Ultra 9 285K,1,1 x NVIDIA GeForce RTX 5090,9.2986,48.7383,60.816158294677734,machine,0.0,0.0,0.0,0.0,N
synthetic_rollout_generation_27,2026-09-12T23:59:54,mbpo_HalfCheetah-v5_seed14577,7761f238-9e96-4b98-904a-9805e57bb8ee,0.00605875800101785,2.7081310368260586e-08,4.461163538672439e-06,24.45219771468641,50.321265132842186,20.0,4.252114513270122e-08,0.0,2.856773888997889e-08,7.108888402246327e-08,0.0,Germany,DEU,baden-wurttemberg,,,Linux-7.0.0-31-generic-x86_64-with-glibc2.43,3.14.4,3.3.0,24,Intel(R) Core(TM) Ultra 9 285K,1,1 x NVIDIA GeForce RTX 5090,9.2986,48.7383,60.816158294677734,machine,0.0,0.0,0.0,0.0,N
gradient_updates_27,2026-09-12T23:59:58,mbpo_HalfCheetah-v5_seed14577,7761f238-9e96-4b98-904a-9805e57bb8ee,4.183408265998878,4.995431238976689e-05,1.1941083668255427e-05,24.41621352391,50.46668373588426,20.0,2.998784204581717e-05,7.790395121204385e-05,2.3239096333337343e-05,0.00013113088959119772,0.0,Germany,DEU,baden-wurttemberg,,,Linux-7.0.0-31-generic-x86_64-with-glibc2.43,3.14.4,3.3.0,24,Intel(R) Core(TM) Ultra 9 285K,1,1 x NVIDIA GeForce RTX 5090,9.2986,48.7383,60.816158294677734,machine,0.0,0.0,0.0,0.0,N
dynamics_model_update_28,2026-09-13T00:00:02,mbpo_HalfCheetah-v5_seed14577,7761f238-9e96-4b98-904a-9805e57bb8ee,3.9271905019995756,5.120310230119366e-05,1.303810791468932e-05,24.436491170912806,50.66533314525585,20.0,3.240793259300101e-05,8.018534192599791e-05,2.1815709077782283e-05,0.0001344089835967812,0.0,Germany,DEU,baden-wurttemberg,,,Linux-7.0.0-31-generic-x86_64-with-glibc2.43,3.14.4,3.3.0,24,Intel(R) Core(TM) Ultra 9 285K,1,1 x NVIDIA GeForce RTX 5090,9.2986,48.7383,60.816158294677734,machine,0.0,0.0,0.0,0.0,N
rollout_28,2026-09-13T00:00:02,mbpo_HalfCheetah-v5_seed14577,7761f238-9e96-4b98-904a-9805e57bb8ee,0.19482055100161233,2.4728665360693527e-06,1.2692712248759119e-05,24.503167763941658,50.808625888157046,20.0,1.7626411323440339e-06,3.647225140013255e-06,1.081448955543747e-06,6.491315227901903e-06,0.0,Germany,DEU,baden-wurttemberg,,,Linux-7.0.0-31-generic-x86_64-with-glibc2.43,3.14.4,3.3.0,24,Intel(R) Core(TM) Ultra 9 285K,1,1 x NVIDIA GeForce RTX 5090,9.2986,48.7383,60.816158294677734,machine,0.0,0.0,0.0,0.0,N
synthetic_rollout_generation_28,2026-09-13T00:00:02,mbpo_HalfCheetah-v5_seed14577,7761f238-9e96-4b98-904a-9805e57bb8ee,0.005383756997616729,2.8390073670420124e-08,5.264863033011429e-06,24.485731410821582,50.37804431283368,20.0,4.618309249609931e-08,0.0,2.8341316667427827e-08,7.452440916287661e-08,0.0,Germany,DEU,baden-wurttemberg,,,Linux-7.0.0-31-generic-x86_64-with-glibc2.43,3.14.4,3.3.0,24,Intel(R) Core(TM) Ultra 9 285K,1,1 x NVIDIA GeForce RTX 5090,9.2986,48.7383,60.816158294677734,machine,0.0,0.0,0.0,0.0,N
gradient_updates_28,2026-09-13T00:00:07,mbpo_HalfCheetah-v5_seed14577,7761f238-9e96-4b98-904a-9805e57bb8ee,4.250361410999176,4.8698967731847145e-05,1.1457633560182863e-05,24.468425316860216,50.50867209992487,20.0,2.6398506396560495e-05,7.78261733719865e-05,2.3610909499984737e-05,0.0001278355892685313,0.0,Germany,DEU,baden-wurttemberg,,,Linux-7.0.0-31-generic-x86_64-with-glibc2.43,3.14.4,3.3.0,24,Intel(R) Core(TM) Ultra 9 285K,1,1 x NVIDIA GeForce RTX 5090,9.2986,48.7383,60.816158294677734,machine,0.0,0.0,0.0,0.0,N
dynamics_model_update_29,2026-09-13T00:00:13,mbpo_HalfCheetah-v5_seed14577,7761f238-9e96-4b98-904a-9805e57bb8ee,6.17782534700018,7.879193646283776e-05,1.2753942480640343e-05,24.455391930707854,50.706807517764126,20.0,4.504049214347494e-05,0.00012747065753199172,3.431897622776896e-05,0.00020683012590323561,0.0,Germany,DEU,baden-wurttemberg,,,Linux-7.0.0-31-generic-x86_64-with-glibc2.43,3.14.4,3.3.0,24,Intel(R) Core(TM) Ultra 9 285K,1,1 x NVIDIA GeForce RTX 5090,9.2986,48.7383,60.816158294677734,machine,0.0,0.0,0.0,0.0,N
rollout_29,2026-09-13T00:00:13,mbpo_HalfCheetah-v5_seed14577,7761f238-9e96-4b98-904a-9805e57bb8ee,0.2010466229985468,2.4268903359983204e-06,1.207081656801418e-05,24.467560182800973,50.849412337014186,20.0,1.4627558924326656e-06,3.792225255982995e-06,1.1156457999984305e-06,6.370626948413657e-06,0.0,Germany,DEU,baden-wurttemberg,,,Linux-7.0.0-31-generic-x86_64-with-glibc2.43,3.14.4,3.3.0,24,Intel(R) Core(TM) Ultra 9 285K,1,1 x NVIDIA GeForce RTX 5090,9.2986,48.7383,60.816158294677734,machine,0.0,0.0,0.0,0.0,N
synthetic_rollout_generation_29,2026-09-13T00:00:13,mbpo_HalfCheetah-v5_seed14577,7761f238-9e96-4b98-904a-9805e57bb8ee,0.005410782003309578,2.7914342696274547e-08,5.150112801819878e-06,24.440123389040682,50.43261387523538,20.0,4.416559089281957e-08,0.0,2.9110016657807672e-08,7.32756075504104e-08,0.0,Germany,DEU,baden-wurttemberg,,,Linux-7.0.0-31-generic-x86_64-with-glibc2.43,3.14.4,3.3.0,24,Intel(R) Core(TM) Ultra 9 285K,1,1 x NVIDIA GeForce RTX 5090,9.2986,48.7383,60.816158294677734,machine,0.0,0.0,0.0,0.0,N
gradient_updates_29,2026-09-13T00:00:17,mbpo_HalfCheetah-v5_seed14577,7761f238-9e96-4b98-904a-9805e57bb8ee,4.201833021001221,5.027118138941711e-05,1.1964130424908433e-05,24.420959498600272,50.568312229143395,20.0,3.0283505893451135e-05,7.833811822605119e-05,2.334105179444229e-05,0.00013196267591394396,0.0,Germany,DEU,baden-wurttemberg,,,Linux-7.0.0-31-generic-x86_64-with-glibc2.43,3.14.4,3.3.0,24,Intel(R) Core(TM) Ultra 9 285K,1,1 x NVIDIA GeForce RTX 5090,9.2986,48.7383,60.816158294677734,machine,0.0,0.0,0.0,0.0,N
dynamics_model_update_30,2026-09-13T00:00:25,mbpo_HalfCheetah-v5_seed14577,7761f238-9e96-4b98-904a-9805e57bb8ee,7.428381703000923,9.484222548882025e-05,1.2767550059752617e-05,24.433924293809266,50.756943022699865,20.0,5.5093439352491e-05,0.0001526023443039759,4.126661426667451e-05,0.00024896239792314076,0.0,Germany,DEU,baden-wurttemberg,,,Linux-7.0.0-31-generic-x86_64-with-glibc2.43,3.14.4,3.3.0,24,Intel(R) Core(TM) Ultra 9 285K,1,1 x NVIDIA GeForce RTX 5090,9.2986,48.7383,60.816158294677734,machine,0.0,0.0,0.0,0.0,N
rollout_30,2026-09-13T00:00:25,mbpo_HalfCheetah-v5_seed14577,7761f238-9e96-4b98-904a-9805e57bb8ee,0.19696539799770107,2.5252161711467047e-06,1.2819988306884902e-05,24.499868648839357,50.89689191387327,20.0,1.8064000562312277e-06,3.7297252059587116e-06,1.0926086166567015e-06,6.628733878846424e-06,0.0,Germany,DEU,baden-wurttemberg,,,Linux-7.0.0-31-generic-x86_64-with-glibc2.43,3.14.4,3.3.0,24,Intel(R) Core(TM) Ultra 9 285K,1,1 x NVIDIA GeForce RTX 5090,9.2986,48.7383,60.816158294677734,machine,0.0,0.0,0.0,0.0,N
synthetic_rollout_generation_30,2026-09-13T00:00:25,mbpo_HalfCheetah-v5_seed14577,7761f238-9e96-4b98-904a-9805e57bb8ee,0.005504775999725098,2.778736786805333e-08,5.0420070125087456e-06,24.473900733262656,50.49294832725523,20.0,4.430142433453632e-08,0.0,2.8640872207956816e-08,7.294229654314366e-08,0.0,Germany,DEU,baden-wurttemberg,,,Linux-7.0.0-31-generic-x86_64-with-glibc2.43,3.14.4,3.3.0,24,Intel(R) Core(TM) Ultra 9 285K,1,1 x NVIDIA GeForce RTX 5090,9.2986,48.7383,60.816158294677734,machine,0.0,0.0,0.0,0.0,N
gradient_updates_30,2026-09-13T00:00:29,mbpo_HalfCheetah-v5_seed14577,7761f238-9e96-4b98-904a-9805e57bb8ee,3.899199146002502,4.739808808097235e-05,1.2155878256704351e-05,24.45904689927216,50.632399060980575,20.0,2.889697589534418e-05,7.386422575805796e-05,2.165955718889251e-05,0.00012442075884229464,0.0,Germany,DEU,baden-wurttemberg,,,Linux-7.0.0-31-generic-x86_64-with-glibc2.43,3.14.4,3.3.0,24,Intel(R) Core(TM) Ultra 9 285K,1,1 x NVIDIA GeForce RTX 5090,9.2986,48.7383,60.816158294677734,machine,0.0,0.0,0.0,0.0,N
dynamics_model_update_31,2026-09-13T00:01:46,mbpo_HalfCheetah-v5_seed14577,7761f238-9e96-4b98-904a-9805e57bb8ee,77.61278689300161,0.0009788305876866927,1.2611713795020258e-05,24.476139935212043,50.81503705041025,20.0,0.0005426820997008891,0.0015955843320219487,0.000431179919994429,0.002569446351717266,0.0,Germany,DEU,baden-wurttemberg,,,Linux-7.0.0-31-generic-x86_64-with-glibc2.43,3.14.4,3.3.0,24,Intel(R) Core(TM) Ultra 9 285K,1,1 x NVIDIA GeForce RTX 5090,9.2986,48.7383,60.816158294677734,machine,0.0,0.0,0.0,0.0,N
rollout_31,2026-09-13T00:01:47,mbpo_HalfCheetah-v5_seed14577,7761f238-9e96-4b98-904a-9805e57bb8ee,0.19713419499748852,2.559888165813533e-06,1.2984819250413619e-05,24.54427619983934,50.95721356415972,20.0,1.840444250132689e-06,3.7850030280006663e-06,1.094301155555883e-06,6.719748433688805e-06,0.0,Germany,DEU,baden-wurttemberg,,,Linux-7.0.0-31-generic-x86_64-with-glibc2.43,3.14.4,3.3.0,24,Intel(R) Core(TM) Ultra 9 285K,1,1 x NVIDIA GeForce RTX 5090,9.2986,48.7383,60.816158294677734,machine,0.0,0.0,0.0,0.0,N
synthetic_rollout_generation_31,2026-09-13T00:01:47,mbpo_HalfCheetah-v5_seed14577,7761f238-9e96-4b98-904a-9805e57bb8ee,0.005401813999924343,2.522476388096967e-08,4.666744839651375e-06,24.496056965002296,50.565234998281575,20.0,3.767225236622762e-08,0.0,2.854316666746695e-08,6.621541903326089e-08,0.0,Germany,DEU,baden-wurttemberg,,,Linux-7.0.0-31-generic-x86_64-with-glibc2.43,3.14.4,3.3.0,24,Intel(R) Core(TM) Ultra 9 285K,1,1 x NVIDIA GeForce RTX 5090,9.2986,48.7383,60.816158294677734,machine,0.0,0.0,0.0,0.0,N
gradient_updates_31,2026-09-13T00:01:51,mbpo_HalfCheetah-v5_seed14577,7761f238-9e96-4b98-904a-9805e57bb8ee,3.907521593002457,4.766770333196422e-05,1.2198992804974523e-05,24.46364657075192,50.70648529216419,20.0,2.843224496799912e-05,7.498394887600623e-05,2.171230945554681e-05,0.00012512850329955173,0.0,Germany,DEU,baden-wurttemberg,,,Linux-7.0.0-31-generic-x86_64-with-glibc2.43,3.14.4,3.3.0,24,Intel(R) Core(TM) Ultra 9 285K,1,1 x NVIDIA GeForce RTX 5090,9.2986,48.7383,60.816158294677734,machine,0.0,0.0,0.0,0.0,N
dynamics_model_update_32,2026-09-13T00:02:05,mbpo_HalfCheetah-v5_seed14577,7761f238-9e96-4b98-904a-9805e57bb8ee,14.321913456999027,0.00018183108751975655,1.2696008587141933e-05,24.476067996781737,50.889481263128374,20.0,9.992985411048233e-05,0.0002978160715860212,7.956366222778254e-05,0.00047730958792428606,0.0,Germany,DEU,baden-wurttemberg,,,Linux-7.0.0-31-generic-x86_64-with-glibc2.43,3.14.4,3.3.0,24,Intel(R) Core(TM) Ultra 9 285K,1,1 x NVIDIA GeForce RTX 5090,9.2986,48.7383,60.816158294677734,machine,0.0,0.0,0.0,0.0,N
rollout_32,2026-09-13T00:02:05,mbpo_HalfCheetah-v5_seed14577,7761f238-9e96-4b98-904a-9805e57bb8ee,0.19706224699984887,2.5690150495354114e-06,1.3035979740333573e-05,24.537409684426613,51.035281193124284,20.0,1.8048572772155769e-06,3.845003075986231e-06,1.0938462999951146e-06,6.74370665319779e-06,0.0,Germany,DEU,baden-wurttemberg,,,Linux-7.0.0-31-generic-x86_64-with-glibc2.43,3.14.4,3.3.0,24,Intel(R) Core(TM) Ultra 9 285K,1,1 x NVIDIA GeForce RTX 5090,9.2986,48.7383,60.816158294677734,machine,0.0,0.0,0.0,0.0,N
synthetic_rollout_generation_32,2026-09-13T00:02:05,mbpo_HalfCheetah-v5_seed14577,7761f238-9e96-4b98-904a-9805e57bb8ee,0.005555466999794589,7.096540940009638e-07,0.00012751792662124185,24.503608758862697,59.87698122677535,20.0,4.2232811567344264e-08,1.7919458780157882e-06,2.8674950004314165e-08,1.8628536395878803e-06,0.0,Germany,DEU,baden-wurttemberg,,,Linux-7.0.0-31-generic-x86_64-with-glibc2.43,3.14.4,3.3.0,24,Intel(R) Core(TM) Ultra 9 285K,1,1 x NVIDIA GeForce RTX 5090,9.2986,48.7383,60.816158294677734,machine,0.0,0.0,0.0,0.0,N
gradient_updates_32,2026-09-13T00:02:09,mbpo_HalfCheetah-v5_seed14577,7761f238-9e96-4b98-904a-9805e57bb8ee,3.927461797000433,4.798404286700253e-05,1.221759570633604e-05,24.48184767399482,59.94612635159148,20.0,2.8640713468100487e-05,7.550117151200464e-05,2.1817014788899202e-05,0.00012595889976900476,0.0,Germany,DEU,baden-wurttemberg,,,Linux-7.0.0-31-generic-x86_64-with-glibc2.43,3.14.4,3.3.0,24,Intel(R) Core(TM) Ultra 9 285K,1,1 x NVIDIA GeForce RTX 5090,9.2986,48.7383,60.816158294677734,machine,0.0,0.0,0.0,0.0,N
dynamics_model_update_33,2026-09-13T00:02:15,mbpo_HalfCheetah-v5_seed14577,7761f238-9e96-4b98-904a-9805e57bb8ee,5.528451068999857,7.021972457971204e-05,1.2701486824015501e-05,24.49335197688155,60.056418202475555,20.0,3.853242665925044e-05,0.00011508453651204453,3.071096590000601e-05,0.00018432792907130055,0.0,Germany,DEU,baden-wurttemberg,,,Linux-7.0.0-31-generic-x86_64-with-glibc2.43,3.14.4,3.3.0,24,Intel(R) Core(TM) Ultra 9 285K,1,1 x NVIDIA GeForce RTX 5090,9.2986,48.7383,60.816158294677734,machine,0.0,0.0,0.0,0.0,N
rollout_33,2026-09-13T00:02:15,mbpo_HalfCheetah-v5_seed14577,7761f238-9e96-4b98-904a-9805e57bb8ee,0.19647857599920826,2.6012675749973943e-06,1.3238888483019242e-05,24.554933799325518,60.146595011289065,20.0,1.8160470083850022e-06,3.927780919954493e-06,1.0845421333418453e-06,6.828370061681341e-06,0.0,Germany,DEU,baden-wurttemberg,,,Linux-7.0.0-31-generic-x86_64-with-glibc2.43,3.14.4,3.3.0,24,Intel(R) Core(TM) Ultra 9 285K,1,1 x NVIDIA GeForce RTX 5090,9.2986,48.7383,60.816158294677734,machine,0.0,0.0,0.0,0.0,N
synthetic_rollout_generation_33,2026-09-13T00:02:15,mbpo_HalfCheetah-v5_seed14577,7761f238-9e96-4b98-904a-9805e57bb8ee,0.005404160998295993,3.012872653012505e-08,5.56891701949055e-06,24.5537690858385,59.71075011990291,20.0,5.04217070040891e-08,0.0,2.866669444011316e-08,7.908840144420226e-08,0.0,Germany,DEU,baden-wurttemberg,,,Linux-7.0.0-31-generic-x86_64-with-glibc2.43,3.14.4,3.3.0,24,Intel(R) Core(TM) Ultra 9 285K,1,1 x NVIDIA GeForce RTX 5090,9.2986,48.7383,60.816158294677734,machine,0.0,0.0,0.0,0.0,N
gradient_updates_33,2026-09-13T00:02:19,mbpo_HalfCheetah-v5_seed14577,7761f238-9e96-4b98-904a-9805e57bb8ee,3.9161364339997817,4.7779216863948204e-05,1.2200627410751328e-05,24.555393487480593,59.78014425112187,20.0,2.8227370637436133e-05,7.544006035198336e-05,2.175379716112119e-05,0.0001254212281505407,0.0,Germany,DEU,baden-wurttemberg,,,Linux-7.0.0-31-generic-x86_64-with-glibc2.43,3.14.4,3.3.0,24,Intel(R) Core(TM) Ultra 9 285K,1,1 x NVIDIA GeForce RTX 5090,9.2986,48.7383,60.816158294677734,machine,0.0,0.0,0.0,0.0,N
dynamics_model_update_34,2026-09-13T00:02:24,mbpo_HalfCheetah-v5_seed14577,7761f238-9e96-4b98-904a-9805e57bb8ee,5.658662461999484,7.222551950579036e-05,1.276371068130462e-05,24.56425971117761,59.89252190142721,20.0,3.9470314909563486e-05,0.00011868815050602999,3.143470824444302e-05,0.00018959317366003606,0.0,Germany,DEU,baden-wurttemberg,,,Linux-7.0.0-31-generic-x86_64-with-glibc2.43,3.14.4,3.3.0,24,Intel(R) Core(TM) Ultra 9 285K,1,1 x NVIDIA GeForce RTX 5090,9.2986,48.7383,60.816158294677734,machine,0.0,0.0,0.0,0.0,N
rollout_34,2026-09-13T00:02:25,mbpo_HalfCheetah-v5_seed14577,7761f238-9e96-4b98-904a-9805e57bb8ee,0.19661647700195317,2.5565520684195375e-06,1.3002293933374295e-05,24.621708045835792,59.963624228072305,20.0,1.8025344975733382e-06,3.8169474979588e-06,1.0915091277637588e-06,6.710991123296331e-06,0.0,Germany,DEU,baden-wurttemberg,,,Linux-7.0.0-31-generic-x86_64-with-glibc2.43,3.14.4,3.3.0,24,Intel(R) Core(TM) Ultra 9 285K,1,1 x NVIDIA GeForce RTX 5090,9.2986,48.7383,60.816158294677734,machine,0.0,0.0,0.0,0.0,N
synthetic_rollout_generation_34,2026-09-13T00:02:25,mbpo_HalfCheetah-v5_seed14577,7761f238-9e96-4b98-904a-9805e57bb8ee,0.005322578999766847,2.6143427708270883e-08,4.903633485848944e-06,24.58702750517068,59.54134518421264,20.0,4.028308777520584e-08,0.0,2.8343838877949862e-08,6.862692665358938e-08,0.0,Germany,DEU,baden-wurttemberg,,,Linux-7.0.0-31-generic-x86_64-with-glibc2.43,3.14.4,3.3.0,24,Intel(R) Core(TM) Ultra 9 285K,1,1 x NVIDIA GeForce RTX 5090,9.2986,48.7383,60.816158294677734,machine,0.0,0.0,0.0,0.0,N
gradient_updates_34,2026-09-13T00:02:29,mbpo_HalfCheetah-v5_seed14577,7761f238-9e96-4b98-904a-9805e57bb8ee,3.9158720499981428,4.80889476567126e-05,1.2280549730494534e-05,24.56518101366116,59.60948452372558,20.0,2.912360246552781e-05,7.5358115842028e-05,2.1752558255543238e-05,0.00012623427656309819,0.0,Germany,DEU,baden-wurttemberg,,,Linux-7.0.0-31-generic-x86_64-with-glibc2.43,3.14.4,3.3.0,24,Intel(R) Core(TM) Ultra 9 285K,1,1 x NVIDIA GeForce RTX 5090,9.2986,48.7383,60.816158294677734,machine,0.0,0.0,0.0,0.0,N
dynamics_model_update_35,2026-09-13T00:02:50,mbpo_HalfCheetah-v5_seed14577,7761f238-9e96-4b98-904a-9805e57bb8ee,21.22524937900016,0.00027147992889094835,1.2790407487282326e-05,24.579929802716546,59.72112928076464,20.0,0.00014849286546085583,0.00044623091253997993,0.00011791548933332615,0.000712639267334161,0.0,Germany,DEU,baden-wurttemberg,,,Linux-7.0.0-31-generic-x86_64-with-glibc2.43,3.14.4,3.3.0,24,Intel(R) Core(TM) Ultra 9 285K,1,1 x NVIDIA GeForce RTX 5090,9.2986,48.7383,60.816158294677734,machine,0.0,0.0,0.0,0.0,N
rollout_35,2026-09-13T00:02:50,mbpo_HalfCheetah-v5_seed14577,7761f238-9e96-4b98-904a-9805e57bb8ee,0.19592171200201847,2.5399189672531755e-06,1.2963356557423465e-05,24.63923984993951,59.78656344082132,20.0,1.823608681110478e-06,3.758058562064459e-06,1.0856617166711026e-06,6.667328959845606e-06,0.0,Germany,DEU,baden-wurttemberg,,,Linux-7.0.0-31-generic-x86_64-with-glibc2.43,3.14.4,3.3.0,24,Intel(R) Core(TM) Ultra 9 285K,1,1 x NVIDIA GeForce RTX 5090,9.2986,48.7383,60.816158294677734,machine,0.0,0.0,0.0,0.0,N
synthetic_rollout_generation_35,2026-09-13T00:02:50,mbpo_HalfCheetah-v5_seed14577,7761f238-9e96-4b98-904a-9805e57bb8ee,0.005380597001931164,2.4070926782186752e-08,4.465668508978756e-06,24.585173802761293,59.37706643095268,20.0,3.463752771409867e-08,0.0,2.8549050006855536e-08,6.318657772008685e-08,0.0,Germany,DEU,baden-wurttemberg,,,Linux-7.0.0-31-generic-x86_64-with-glibc2.43,3.14.4,3.3.0,24,Intel(R) Core(TM) Ultra 9 285K,1,1 x NVIDIA GeForce RTX 5090,9.2986,48.7383,60.816158294677734,machine,0.0,0.0,0.0,0.0,N
gradient_updates_35,2026-09-13T00:02:54,mbpo_HalfCheetah-v5_seed14577,7761f238-9e96-4b98-904a-9805e57bb8ee,3.9097834969979885,4.7919585815945666e-05,1.2256358245840522e-05,24.547695627109736,59.44768732778963,20.0,2.832400960363357e-05,7.574867170995203e-05,2.171701763889174e-05,0.0001257896989524769,0.0,Germany,DEU,baden-wurttemberg,,,Linux-7.0.0-31-generic-x86_64-with-glibc2.43,3.14.4,3.3.0,24,Intel(R) Core(TM) Ultra 9 285K,1,1 x NVIDIA GeForce RTX 5090,9.2986,48.7383,60.816158294677734,machine,0.0,0.0,0.0,0.0,N
dynamics_model_update_36,2026-09-13T00:03:11,mbpo_HalfCheetah-v5_seed14577,7761f238-9e96-4b98-904a-9805e57bb8ee,16.913293944999168,0.00021626656688614881,1.2786780751657518e-05,24.55760662895581,59.55720009710942,20.0,0.00011830915186947233,0.00035543361767997883,9.396051667222814e-05,0.0005677032862216793,0.0,Germany,DEU,baden-wurttemberg,,,Linux-7.0.0-31-generic-x86_64-with-glibc2.43,3.14.4,3.3.0,24,Intel(R) Core(TM) Ultra 9 285K,1,1 x NVIDIA GeForce RTX 5090,9.2986,48.7383,60.816158294677734,machine,0.0,0.0,0.0,0.0,N
rollout_36,2026-09-13T00:03:11,mbpo_HalfCheetah-v5_seed14577,7761f238-9e96-4b98-904a-9805e57bb8ee,0.1934384259984654,2.4975580828175484e-06,1.2911337078878392e-05,24.608508658198396,59.62088248625131,20.0,1.7529097356625e-06,3.724725201992296e-06,1.0784960055589508e-06,6.556130943214181e-06,0.0,Germany,DEU,baden-wurttemberg,,,Linux-7.0.0-31-generic-x86_64-with-glibc2.43,3.14.4,3.3.0,24,Intel(R) Core(TM) Ultra 9 285K,1,1 x NVIDIA GeForce RTX 5090,9.2986,48.7383,60.816158294677734,machine,0.0,0.0,0.0,0.0,N
synthetic_rollout_generation_36,2026-09-13T00:03:11,mbpo_HalfCheetah-v5_seed14577,7761f238-9e96-4b98-904a-9805e57bb8ee,0.005518617999769049,2.6933004194061583e-08,4.869860876494992e-06,24.57731151333658,59.22340993634297,20.0,4.1808922331132425e-08,0.0,2.8890655549753536e-08,7.069957788131964e-08,0.0,Germany,DEU,baden-wurttemberg,,,Linux-7.0.0-31-generic-x86_64-with-glibc2.43,3.14.4,3.3.0,24,Intel(R) Core(TM) Ultra 9 285K,1,1 x NVIDIA GeForce RTX 5090,9.2986,48.7383,60.816158294677734,machine,0.0,0.0,0.0,0.0,N
gradient_updates_36,2026-09-13T00:03:15,mbpo_HalfCheetah-v5_seed14577,7761f238-9e96-4b98-904a-9805e57bb8ee,3.936897155999759,4.741043656353739e-05,1.2042618340783062e-05,24.553950102487,59.29072093322016,20.0,2.6710056368034474e-05,7.58739495880234e-05,2.1869167855563965e-05,0.0001244531738116214,0.0,Germany,DEU,baden-wurttemberg,,,Linux-7.0.0-31-generic-x86_64-with-glibc2.43,3.14.4,3.3.0,24,Intel(R) Core(TM) Ultra 9 285K,1,1 x NVIDIA GeForce RTX 5090,9.2986,48.7383,60.816158294677734,machine,0.0,0.0,0.0,0.0,N
dynamics_model_update_37,2026-09-13T00:03:45,mbpo_HalfCheetah-v5_seed14577,7761f238-9e96-4b98-904a-9805e57bb8ee,29.595312703000673,0.00037937868936619053,1.2818867152620943e-05,24.552995427781138,59.40608755976707,20.0,0.00019988897102216074,0.0006315716163679541,0.00016441469641665903,0.0009958752838067735,0.0,Germany,DEU,baden-wurttemberg,,,Linux-7.0.0-31-generic-x86_64-with-glibc2.43,3.14.4,3.3.0,24,Intel(R) Core(TM) Ultra 9 285K,1,1 x NVIDIA GeForce RTX 5090,9.2986,48.7383,60.816158294677734,machine,0.0,0.0,0.0,0.0,N
rollout_37,2026-09-13T00:03:45,mbpo_HalfCheetah-v5_seed14577,7761f238-9e96-4b98-904a-9805e57bb8ee,0.19408016799934558,2.6172961141374476e-06,1.3484996885214073e-05,24.60574726768692,59.50481478867091,20.0,1.7773744774504663e-06,4.015558768000194e-06,1.0775119944407031e-06,6.870445239892664e-06,0.0,Germany,DEU,baden-wurttemberg,,,Linux-7.0.0-31-generic-x86_64-with-glibc2.43,3.14.4,3.3.0,24,Intel(R) Core(TM) Ultra 9 285K,1,1 x NVIDIA GeForce RTX 5090,9.2986,48.7383,60.816158294677734,machine,0.0,0.0,0.0,0.0,N
synthetic_rollout_generation_37,2026-09-13T00:03:45,mbpo_HalfCheetah-v5_seed14577,7761f238-9e96-4b98-904a-9805e57bb8ee,0.005479633000504691,2.9391440016166004e-08,5.354211371639465e-06,24.565331934302,59.118419887445775,20.0,4.308059002589015e-08,0.0,3.407242222435228e-08,7.715301224980875e-08,0.0,Germany,DEU,baden-wurttemberg,,,Linux-7.0.0-31-generic-x86_64-with-glibc2.43,3.14.4,3.3.0,24,Intel(R) Core(TM) Ultra 9 285K,1,1 x NVIDIA GeForce RTX 5090,9.2986,48.7383,60.816158294677734,machine,0.0,0.0,0.0,0.0,N
gradient_updates_37,2026-09-13T00:03:49,mbpo_HalfCheetah-v5_seed14577,7761f238-9e96-4b98-904a-9805e57bb8ee,3.8921903619993827,4.810086557559875e-05,1.2358335986126713e-05,24.537595107000165,59.194266137125034,20.0,2.8037111040789264e-05,7.661033906602999e-05,2.1618111188884646e-05,0.00012626556129570476,0.0,Germany,DEU,baden-wurttemberg,,,Linux-7.0.0-31-generic-x86_64-with-glibc2.43,3.14.4,3.3.0,24,Intel(R) Core(TM) Ultra 9 285K,1,1 x NVIDIA GeForce RTX 5090,9.2986,48.7383,60.816158294677734,machine,0.0,0.0,0.0,0.0,N
dynamics_model_update_38,2026-09-13T00:03:55,mbpo_HalfCheetah-v5_seed14577,7761f238-9e96-4b98-904a-9805e57bb8ee,6.253720706001332,8.131233591021376e-05,1.3002243888755706e-05,24.545796016537924,59.31266775828855,20.0,4.3796682537323994e-05,0.00013490871903804047,3.4740814227795114e-05,0.00021344621580315914,0.0,Germany,DEU,baden-wurttemberg,,,Linux-7.0.0-31-generic-x86_64-with-glibc2.43,3.14.4,3.3.0,24,Intel(R) Core(TM) Ultra 9 285K,1,1 x NVIDIA GeForce RTX 5090,9.2986,48.7383,60.816158294677734,machine,0.0,0.0,0.0,0.0,N
rollout_38,2026-09-13T00:03:55,mbpo_HalfCheetah-v5_seed14577,7761f238-9e96-4b98-904a-9805e57bb8ee,0.19447828800184652,2.5165585255896433e-06,1.2939492778758414e-05,24.594215126254532,59.376313453264764,20.0,1.7626922434871295e-06,3.758891895966343e-06,1.0844232777649891e-06,6.606007417218895e-06,0.0,Germany,DEU,baden-wurttemberg,,,Linux-7.0.0-31-generic-x86_64-with-glibc2.43,3.14.4,3.3.0,24,Intel(R) Core(TM) Ultra 9 285K,1,1 x NVIDIA GeForce RTX 5090,9.2986,48.7383,60.816158294677734,machine,0.0,0.0,0.0,0.0,N
synthetic_rollout_generation_38,2026-09-13T00:03:55,mbpo_HalfCheetah-v5_seed14577,7761f238-9e96-4b98-904a-9805e57bb8ee,0.005397032997279894,2.6524492236293384e-08,4.905623837181092e-06,24.564171555786544,59.00051400102891,20.0,4.104614394900841e-08,0.0,2.8581083339872942e-08,6.962722728931503e-08,0.0,Germany,DEU,baden-wurttemberg,,,Linux-7.0.0-31-generic-x86_64-with-glibc2.43,3.14.4,3.3.0,24,Intel(R) Core(TM) Ultra 9 285K,1,1 x NVIDIA GeForce RTX 5090,9.2986,48.7383,60.816158294677734,machine,0.0,0.0,0.0,0.0,N
gradient_updates_38,2026-09-13T00:03:59,mbpo_HalfCheetah-v5_seed14577,7761f238-9e96-4b98-904a-9805e57bb8ee,3.9038926180001,4.824238887888091e-05,1.235753041107664e-05,24.54356586904571,59.07702481920293,20.0,2.7785392228293904e-05,7.716589506595595e-05,2.1685774994451446e-05,0.00012663706228870086,0.0,Germany,DEU,baden-wurttemberg,,,Linux-7.0.0-31-generic-x86_64-with-glibc2.43,3.14.4,3.3.0,24,Intel(R) Core(TM) Ultra 9 285K,1,1 x NVIDIA GeForce RTX 5090,9.2986,48.7383,60.816158294677734,machine,0.0,0.0,0.0,0.0,N
dynamics_model_update_39,2026-09-13T00:04:23,mbpo_HalfCheetah-v5_seed14577,7761f238-9e96-4b98-904a-9805e57bb8ee,23.759946825000952,0.0003003989699482731,1.2643071265246465e-05,24.549227371054574,59.19347881731543,20.0,0.00014367908188761547,0.0005128756880780072,0.00013199745459999872,0.000788552224565621,0.0,Germany,DEU,baden-wurttemberg,,,Linux-7.0.0-31-generic-x86_64-with-glibc2.43,3.14.4,3.3.0,24,Intel(R) Core(TM) Ultra 9 285K,1,1 x NVIDIA GeForce RTX 5090,9.2986,48.7383,60.816158294677734,machine,0.0,0.0,0.0,0.0,N
rollout_39,2026-09-13T00:04:23,mbpo_HalfCheetah-v5_seed14577,7761f238-9e96-4b98-904a-9805e57bb8ee,0.2021317930011719,2.3949915450060047e-06,1.1848196243056724e-05,24.554542259090784,59.238044814281984,20.0,1.4408342082217196e-06,3.7241696460577067e-06,1.1218882444356641e-06,6.286892098715524e-06,0.0,Germany,DEU,baden-wurttemberg,,,Linux-7.0.0-31-generic-x86_64-with-glibc2.43,3.14.4,3.3.0,24,Intel(R) Core(TM) Ultra 9 285K,1,1 x NVIDIA GeForce RTX 5090,9.2986,48.7383,60.816158294677734,machine,0.0,0.0,0.0,0.0,N
synthetic_rollout_generation_39,2026-09-13T00:04:23,mbpo_HalfCheetah-v5_seed14577,7761f238-9e96-4b98-904a-9805e57bb8ee,0.00543167599971639,2.7343952838099206e-08,5.025021841667225e-06,24.50436579078141,58.87237787098395,20.0,3.7960585924645684e-08,0.0,3.3817738888733406e-08,7.177832481511381e-08,0.0,Germany,DEU,baden-wurttemberg,,,Linux-7.0.0-31-generic-x86_64-with-glibc2.43,3.14.4,3.3.0,24,Intel(R) Core(TM) Ultra 9 285K,1,1 x NVIDIA GeForce RTX 5090,9.2986,48.7383,60.816158294677734,machine,0.0,0.0,0.0,0.0,N
gradient_updates_39,2026-09-13T00:04:27,mbpo_HalfCheetah-v5_seed14577,7761f238-9e96-4b98-904a-9805e57bb8ee,3.912129930999072,4.8745117091742764e-05,1.2460017837459633e-05,24.470086505300564,58.94908678562881,20.0,2.8692034064727034e-05,7.753839536400742e-05,2.172630266666399e-05,0.00012795673209540018,0.0,Germany,DEU,baden-wurttemberg,,,Linux-7.0.0-31-generic-x86_64-with-glibc2.43,3.14.4,3.3.0,24,Intel(R) Core(TM) Ultra 9 285K,1,1 x NVIDIA GeForce RTX 5090,9.2986,48.7383,60.816158294677734,machine,0.0,0.0,0.0,0.0,N
dynamics_model_update_40,2026-09-13T00:04:35,mbpo_HalfCheetah-v5_seed14577,7761f238-9e96-4b98-904a-9805e57bb8ee,7.6635454999996,0.00010046415542038986,1.3109364114700624e-05,24.480765165514484,59.07036249824777,20.0,5.3327830995569814e-05,0.0001678195786999903,4.2572646533315436e-05,0.00026372005622887426,0.0,Germany,DEU,baden-wurttemberg,,,Linux-7.0.0-31-generic-x86_64-with-glibc2.43,3.14.4,3.3.0,24,Intel(R) Core(TM) Ultra 9 285K,1,1 x NVIDIA GeForce RTX 5090,9.2986,48.7383,60.816158294677734,machine,0.0,0.0,0.0,0.0,N
rollout_40,2026-09-13T00:04:35,mbpo_HalfCheetah-v5_seed14577,7761f238-9e96-4b98-904a-9805e57bb8ee,0.19325374100299086,2.5167952686531644e-06,1.3022560151561254e-05,24.52900326715071,59.13871450669153,20.0,1.7598100189655796e-06,3.774169685999418e-06,1.072649166680012e-06,6.6066288716450094e-06,0.0,Germany,DEU,baden-wurttemberg,,,Linux-7.0.0-31-generic-x86_64-with-glibc2.43,3.14.4,3.3.0,24,Intel(R) Core(TM) Ultra 9 285K,1,1 x NVIDIA GeForce RTX 5090,9.2986,48.7383,60.816158294677734,machine,0.0,0.0,0.0,0.0,N
synthetic_rollout_generation_40,2026-09-13T00:04:35,mbpo_HalfCheetah-v5_seed14577,7761f238-9e96-4b98-904a-9805e57bb8ee,0.0054295209993142635,2.616599466351982e-08,4.812714031501024e-06,24.496724149536586,58.782457190386154,20.0,3.9910309709845215e-08,0.0,2.877585557163609e-08,6.868616527974658e-08,0.0,Germany,DEU,baden-wurttemberg,,,Linux-7.0.0-31-generic-x86_64-with-glibc2.43,3.14.4,3.3.0,24,Intel(R) Core(TM) Ultra 9 285K,1,1 x NVIDIA GeForce RTX 5090,9.2986,48.7383,60.816158294677734,machine,0.0,0.0,0.0,0.0,N
gradient_updates_40,2026-09-13T00:04:39,mbpo_HalfCheetah-v5_seed14577,7761f238-9e96-4b98-904a-9805e57bb8ee,3.9646432240006106,4.765092768205855e-05,1.2019000982553182e-05,24.47034704712978,58.853953916395895,20.0,2.5182535701571973e-05,7.787867341396693e-05,2.2023257827782482e-05,0.00012508446694332181,0.0,Germany,DEU,baden-wurttemberg,,,Linux-7.0.0-31-generic-x86_64-with-glibc2.43,3.14.4,3.3.0,24,Intel(R) Core(TM) Ultra 9 285K,1,1 x NVIDIA GeForce RTX 5090,9.2986,48.7383,60.816158294677734,machine,0.0,0.0,0.0,0.0,N
dynamics_model_update_41,2026-09-13T00:04:47,mbpo_HalfCheetah-v5_seed14577,7761f238-9e96-4b98-904a-9805e57bb8ee,7.891044932999648,0.00010050740560963237,1.2736854820897782e-05,24.4599144014085,58.971510809917575,20.0,4.7702688439899e-05,0.00017229291561199345,4.383798463331902e-05,0.0002638335886852132,0.0,Germany,DEU,baden-wurttemberg,,,Linux-7.0.0-31-generic-x86_64-with-glibc2.43,3.14.4,3.3.0,24,Intel(R) Core(TM) Ultra 9 285K,1,1 x NVIDIA GeForce RTX 5090,9.2986,48.7383,60.816158294677734,machine,0.0,0.0,0.0,0.0,N
rollout_41,2026-09-13T00:04:47,mbpo_HalfCheetah-v5_seed14577,7761f238-9e96-4b98-904a-9805e57bb8ee,0.2005982420014334,2.4851987511908397e-06,1.2388655401425547e-05,24.46746582085586,59.043525442732225,20.0,1.4486161588958546e-06,3.961669836016757e-06,1.1134015000103907e-06,6.523687494923436e-06,0.0,Germany,DEU,baden-wurttemberg,,,Linux-7.0.0-31-generic-x86_64-with-glibc2.43,3.14.4,3.3.0,24,Intel(R) Core(TM) Ultra 9 285K,1,1 x NVIDIA GeForce RTX 5090,9.2986,48.7383,60.816158294677734,machine,0.0,0.0,0.0,0.0,N
synthetic_rollout_generation_41,2026-09-13T00:04:47,mbpo_HalfCheetah-v5_seed14577,7761f238-9e96-4b98-904a-9805e57bb8ee,0.006024714999512071,3.0314777331626186e-08,5.024255045531474e-06,24.447329967382004,58.69621058718674,20.0,4.72853156144315e-08,0.0,3.229147223443932e-08,7.957678785017186e-08,0.0,Germany,DEU,baden-wurttemberg,,,Linux-7.0.0-31-generic-x86_64-with-glibc2.43,3.14.4,3.3.0,24,Intel(R) Core(TM) Ultra 9 285K,1,1 x NVIDIA GeForce RTX 5090,9.2986,48.7383,60.816158294677734,machine,0.0,0.0,0.0,0.0,N
gradient_updates_41,2026-09-13T00:04:51,mbpo_HalfCheetah-v5_seed14577,7761f238-9e96-4b98-904a-9805e57bb8ee,3.8946118200001365,4.890859234951174e-05,1.255803987696348e-05,24.43522154285064,58.77591282714211,20.0,2.8547160615489953e-05,7.821145145803232e-05,2.162724525555347e-05,0.00012838585732907748,0.0,Germany,DEU,baden-wurttemberg,,,Linux-7.0.0-31-generic-x86_64-with-glibc2.43,3.14.4,3.3.0,24,Intel(R) Core(TM) Ultra 9 285K,1,1 x NVIDIA GeForce RTX 5090,9.2986,48.7383,60.816158294677734,machine,0.0,0.0,0.0,0.0,N
dynamics_model_update_42,2026-09-13T00:05:01,mbpo_HalfCheetah-v5_seed14577,7761f238-9e96-4b98-904a-9805e57bb8ee,10.223946288999286,0.00013513082254432325,1.321709212708453e-05,24.445757354650706,58.89884361469488,20.0,7.095880510032959e-05,0.00022696434823799017,5.679747284444191e-05,0.00035472062618276123,0.0,Germany,DEU,baden-wurttemberg,,,Linux-7.0.0-31-generic-x86_64-with-glibc2.43,3.14.4,3.3.0,24,Intel(R) Core(TM) Ultra 9 285K,1,1 x NVIDIA GeForce RTX 5090,9.2986,48.7383,60.816158294677734,machine,0.0,0.0,0.0,0.0,N
rollout_42,2026-09-13T00:05:01,mbpo_HalfCheetah-v5_seed14577,7761f238-9e96-4b98-904a-9805e57bb8ee,0.19540562100155512,2.541087981236881e-06,1.300355472044688e-05,24.49416628619892,58.961670272112976,20.0,1.800330329156108e-06,3.785280806023472e-06,1.0847865055539814e-06,6.670397640733128e-06,0.0,Germany,DEU,baden-wurttemberg,,,Linux-7.0.0-31-generic-x86_64-with-glibc2.43,3.14.4,3.3.0,24,Intel(R) Core(TM) Ultra 9 285K,1,1 x NVIDIA GeForce RTX 5090,9.2986,48.7383,60.816158294677734,machine,0.0,0.0,0.0,0.0,N
synthetic_rollout_generation_42,2026-09-13T00:05:01,mbpo_HalfCheetah-v5_seed14577,7761f238-9e96-4b98-904a-9805e57bb8ee,0.005961030001344625,3.2057885333315606e-08,5.368806636828523e-06,24.48752771448012,58.62281009813532,20.0,5.203226384475901e-08,0.0,3.212021110806512e-08,8.415247495369149e-08,0.0,Germany,DEU,baden-wurttemberg,,,Linux-7.0.0-31-generic-x86_64-with-glibc2.43,3.14.4,3.3.0,24,Intel(R) Core(TM) Ultra 9 285K,1,1 x NVIDIA GeForce RTX 5090,9.2986,48.7383,60.816158294677734,machine,0.0,0.0,0.0,0.0,N
gradient_updates_42,2026-09-13T00:05:05,mbpo_HalfCheetah-v5_seed14577,7761f238-9e96-4b98-904a-9805e57bb8ee,3.9643241640005726,4.7985802292322376e-05,1.2104440108546772e-05,24.480625241954275,58.6952300587489,20.0,2.5451700083577167e-05,7.849339612797657e-05,2.2018422077781097e-05,0.00012596351828933483,0.0,Germany,DEU,baden-wurttemberg,,,Linux-7.0.0-31-generic-x86_64-with-glibc2.43,3.14.4,3.3.0,24,Intel(R) Core(TM) Ultra 9 285K,1,1 x NVIDIA GeForce RTX 5090,9.2986,48.7383,60.816158294677734,machine,0.0,0.0,0.0,0.0,N
dynamics_model_update_43,2026-09-13T00:05:13,mbpo_HalfCheetah-v5_seed14577,7761f238-9e96-4b98-904a-9805e57bb8ee,8.222546783003054,0.00010579069140603716,1.2865896928731151e-05,24.47182180499682,58.81635050657328,20.0,4.9281512758507506e-05,0.0001827426461939452,4.5678141627771094e-05,0.0002777023005802251,0.0,Germany,DEU,baden-wurttemberg,,,Linux-7.0.0-31-generic-x86_64-with-glibc2.43,3.14.4,3.3.0,24,Intel(R) Core(TM) Ultra 9 285K,1,1 x NVIDIA GeForce RTX 5090,9.2986,48.7383,60.816158294677734,machine,0.0,0.0,0.0,0.0,N
rollout_43,2026-09-13T00:05:14,mbpo_HalfCheetah-v5_seed14577,7761f238-9e96-4b98-904a-9805e57bb8ee,0.2094496909994632,2.4492413913971764e-06,1.1693807957357439e-05,24.47617893794313,58.85166054038732,20.0,1.4830328530918147e-06,3.7836141379976596e-06,1.1626518444446052e-06,6.429298835534947e-06,0.0,Germany,DEU,baden-wurttemberg,,,Linux-7.0.0-31-generic-x86_64-with-glibc2.43,3.14.4,3.3.0,24,Intel(R) Core(TM) Ultra 9 285K,1,1 x NVIDIA GeForce RTX 5090,9.2986,48.7383,60.816158294677734,machine,0.0,0.0,0.0,0.0,N
synthetic_rollout_generation_43,2026-09-13T00:05:14,mbpo_HalfCheetah-v5_seed14577,7761f238-9e96-4b98-904a-9805e57bb8ee,0.005998317999910796,3.259147958803443e-08,5.4246288920444556e-06,24.461254852608338,58.52103323398065,20.0,5.106615196676101e-08,0.0,3.448701665735576e-08,8.55531686258515e-08,0.0,Germany,DEU,baden-wurttemberg,,,Linux-7.0.0-31-generic-x86_64-with-glibc2.43,3.14.4,3.3.0,24,Intel(R) Core(TM) Ultra 9 285K,1,1 x NVIDIA GeForce RTX 5090,9.2986,48.7383,60.816158294677734,machine,0.0,0.0,0.0,0.0,N
gradient_updates_43,2026-09-13T00:05:17,mbpo_HalfCheetah-v5_seed14577,7761f238-9e96-4b98-904a-9805e57bb8ee,3.918390859998908,4.898012104528025e-05,1.250008534012566e-05,24.452365343772335,58.5968960765293,20.0,2.8336810169421467e-05,7.847034055402657e-05,2.1766470605547907e-05,0.00012857362132899508,0.0,Germany,DEU,baden-wurttemberg,,,Linux-7.0.0-31-generic-x86_64-with-glibc2.43,3.14.4,3.3.0,24,Intel(R) Core(TM) Ultra 9 285K,1,1 x NVIDIA GeForce RTX 5090,9.2986,48.7383,60.816158294677734,machine,0.0,0.0,0.0,0.0,N
dynamics_model_update_44,2026-09-13T00:05:56,mbpo_HalfCheetah-v5_seed14577,7761f238-9e96-4b98-904a-9805e57bb8ee,38.04876716799845,0.0004969225443432392,1.3060150605317134e-05,24.460946136187463,58.70658886922744,20.0,0.000265079489563419,0.0008279751068240304,0.00021137523520000203,0.001304429831587451,0.0,Germany,DEU,baden-wurttemberg,,,Linux-7.0.0-31-generic-x86_64-with-glibc2.43,3.14.4,3.3.0,24,Intel(R) Core(TM) Ultra 9 285K,1,1 x NVIDIA GeForce RTX 5090,9.2986,48.7383,60.816158294677734,machine,0.0,0.0,0.0,0.0,N
rollout_44,2026-09-13T00:05:56,mbpo_HalfCheetah-v5_seed14577,7761f238-9e96-4b98-904a-9805e57bb8ee,0.19470219399954658,2.5128760662591204e-06,1.2905693927788899e-05,24.508143231970898,58.76143235319768,20.0,1.8041111655084374e-06,3.711114079985034e-06,1.0811156555671532e-06,6.596340901061926e-06,0.0,Germany,DEU,baden-wurttemberg,,,Linux-7.0.0-31-generic-x86_64-with-glibc2.43,3.14.4,3.3.0,24,Intel(R) Core(TM) Ultra 9 285K,1,1 x NVIDIA GeForce RTX 5090,9.2986,48.7383,60.816158294677734,machine,0.0,0.0,0.0,0.0,N
synthetic_rollout_generation_44,2026-09-13T00:05:56,mbpo_HalfCheetah-v5_seed14577,7761f238-9e96-4b98-904a-9805e57bb8ee,0.005966206997982226,3.0844570700523655e-08,5.162060445443535e-06,24.48350682200513,58.43856734026802,20.0,4.682753745877122e-08,0.0,3.4139966677022154e-08,8.096750413535969e-08,0.0,Germany,DEU,baden-wurttemberg,,,Linux-7.0.0-31-generic-x86_64-with-glibc2.43,3.14.4,3.3.0,24,Intel(R) Core(TM) Ultra 9 285K,1,1 x NVIDIA GeForce RTX 5090,9.2986,48.7383,60.816158294677734,machine,0.0,0.0,0.0,0.0,N
gradient_updates_44,2026-09-13T00:06:00,mbpo_HalfCheetah-v5_seed14577,7761f238-9e96-4b98-904a-9805e57bb8ee,3.9097099469981913,4.84565115178295e-05,1.2393917540721097e-05,24.468357527788502,58.503629325720134,20.0,2.9089762160677823e-05,7.6390894445999e-05,2.17184811222371e-05,0.00012719913772891306,0.0,Germany,DEU,baden-wurttemberg,,,Linux-7.0.0-31-generic-x86_64-with-glibc2.43,3.14.4,3.3.0,24,Intel(R) Core(TM) Ultra 9 285K,1,1 x NVIDIA GeForce RTX 5090,9.2986,48.7383,60.816158294677734,machine,0.0,0.0,0.0,0.0,N
dynamics_model_update_45,2026-09-13T00:06:08,mbpo_HalfCheetah-v5_seed14577,7761f238-9e96-4b98-904a-9805e57bb8ee,8.486626470999909,0.00010876228113182972,1.2815705616630421e-05,24.479885116293165,58.598593379068646,20.0,5.9256470460684885e-05,0.0001791006988360322,4.714560306666579e-05,0.00028550277236338156,0.0,Germany,DEU,baden-wurttemberg,,,Linux-7.0.0-31-generic-x86_64-with-glibc2.43,3.14.4,3.3.0,24,Intel(R) Core(TM) Ultra 9 285K,1,1 x NVIDIA GeForce RTX 5090,9.2986,48.7383,60.816158294677734,machine,0.0,0.0,0.0,0.0,N
rollout_45,2026-09-13T00:06:08,mbpo_HalfCheetah-v5_seed14577,7761f238-9e96-4b98-904a-9805e57bb8ee,0.1954660800001875,2.512042105586032e-06,1.285083584316384e-05,24.523690644563704,58.65253332346185,20.0,1.787767541332197e-06,3.721391865940671e-06,1.08499233334022e-06,6.594151740611787e-06,0.0,Germany,DEU,baden-wurttemberg,,,Linux-7.0.0-31-generic-x86_64-with-glibc2.43,3.14.4,3.3.0,24,Intel(R) Core(TM) Ultra 9 285K,1,1 x NVIDIA GeForce RTX 5090,9.2986,48.7383,60.816158294677734,machine,0.0,0.0,0.0,0.0,N
synthetic_rollout_generation_45,2026-09-13T00:06:08,mbpo_HalfCheetah-v5_seed14577,7761f238-9e96-4b98-904a-9805e57bb8ee,0.005962966999504715,3.2728580061369694e-08,5.47947944883047e-06,24.521523375158942,58.337197122798074,20.0,5.369365406460158e-08,0.0,3.22194055519566e-08,8.591305961785922e-08,0.0,Germany,DEU,baden-wurttemberg,,,Linux-7.0.0-31-generic-x86_64-with-glibc2.43,3.14.4,3.3.0,24,Intel(R) Core(TM) Ultra 9 285K,1,1 x NVIDIA GeForce RTX 5090,9.2986,48.7383,60.816158294677734,machine,0.0,0.0,0.0,0.0,N
gradient_updates_45,2026-09-13T00:06:12,mbpo_HalfCheetah-v5_seed14577,7761f238-9e96-4b98-904a-9805e57bb8ee,3.930970506000449,4.806882341475312e-05,1.2228258997668253e-05,24.522097773715693,58.39633599577071,20.0,2.857313424737412e-05,7.577144950599024e-05,2.1836866344427958e-05,0.00012618145009779189,0.0,Germany,DEU,baden-wurttemberg,,,Linux-7.0.0-31-generic-x86_64-with-glibc2.43,3.14.4,3.3.0,24,Intel(R) Core(TM) Ultra 9 285K,1,1 x NVIDIA GeForce RTX 5090,9.2986,48.7383,60.816158294677734,machine,0.0,0.0,0.0,0.0,N
dynamics_model_update_46,2026-09-13T00:06:26,mbpo_HalfCheetah-v5_seed14577,7761f238-9e96-4b98-904a-9805e57bb8ee,13.710993599997892,0.00017158020379106492,1.2514068654283233e-05,24.529656999003937,58.484944094543046,20.0,8.838441348525683e-05,0.00028584661756603236,7.616981890557015e-05,0.0004504008499568585,0.0,Germany,DEU,baden-wurttemberg,,,Linux-7.0.0-31-generic-x86_64-with-glibc2.43,3.14.4,3.3.0,24,Intel(R) Core(TM) Ultra 9 285K,1,1 x NVIDIA GeForce RTX 5090,9.2986,48.7383,60.816158294677734,machine,0.0,0.0,0.0,0.0,N
rollout_46,2026-09-13T00:06:26,mbpo_HalfCheetah-v5_seed14577,7761f238-9e96-4b98-904a-9805e57bb8ee,0.19389698099985253,2.572377610194146e-06,1.3266237052917165e-05,24.57163806781569,58.55985896316818,20.0,1.7667441911742299e-06,3.909725350026427e-06,1.076063888892035e-06,6.752533430093993e-06,0.0,Germany,DEU,baden-wurttemberg,,,Linux-7.0.0-31-generic-x86_64-with-glibc2.43,3.14.4,3.3.0,24,Intel(R) Core(TM) Ultra 9 285K,1,1 x NVIDIA GeForce RTX 5090,9.2986,48.7383,60.816158294677734,machine,0.0,0.0,0.0,0.0,N
synthetic_rollout_generation_46,2026-09-13T00:06:26,mbpo_HalfCheetah-v5_seed14577,7761f238-9e96-4b98-904a-9805e57bb8ee,0.005900555002881447,3.08463512024848e-08,5.218880741618561e-06,24.558542386814448,58.25164917915151,20.0,4.8878650217576425e-08,0.0,3.209352776633104e-08,8.097217798347378e-08,0.0,Germany,DEU,baden-wurttemberg,,,Linux-7.0.0-31-generic-x86_64-with-glibc2.43,3.14.4,3.3.0,24,Intel(R) Core(TM) Ultra 9 285K,1,1 x NVIDIA GeForce RTX 5090,9.2986,48.7383,60.816158294677734,machine,0.0,0.0,0.0,0.0,N
gradient_updates_46,2026-09-13T00:06:30,mbpo_HalfCheetah-v5_seed14577,7761f238-9e96-4b98-904a-9805e57bb8ee,3.9012499710006523,4.761745436544437e-05,1.2205714754943489e-05,24.550652492843195,58.309932993705885,20.0,2.814229473604296e-05,7.518311570198222e-05,2.167118850001249e-05,0.0001249965989380368,0.0,Germany,DEU,baden-wurttemberg,,,Linux-7.0.0-31-generic-x86_64-with-glibc2.43,3.14.4,3.3.0,24,Intel(R) Core(TM) Ultra 9 285K,1,1 x NVIDIA GeForce RTX 5090,9.2986,48.7383,60.816158294677734,machine,0.0,0.0,0.0,0.0,N
dynamics_model_update_47,2026-09-13T00:06:43,mbpo_HalfCheetah-v5_seed14577,7761f238-9e96-4b98-904a-9805e57bb8ee,12.593384929001331,0.0001593288436325252,1.2651765240640082e-05,24.55772176438992,58.39283332723468,20.0,8.863079146012587e-05,0.0002596493743859951,6.996066269443404e-05,0.0004182408285405559,0.0,Germany,DEU,baden-wurttemberg,,,Linux-7.0.0-31-generic-x86_64-with-glibc2.43,3.14.4,3.3.0,24,Intel(R) Core(TM) Ultra 9 285K,1,1 x NVIDIA GeForce RTX 5090,9.2986,48.7383,60.816158294677734,machine,0.0,0.0,0.0,0.0,N
rollout_47,2026-09-13T00:06:43,mbpo_HalfCheetah-v5_seed14577,7761f238-9e96-4b98-904a-9805e57bb8ee,0.19448809499954223,2.5584808890574684e-06,1.3154294273973671e-05,24.599681008161827,58.46005873562166,20.0,1.7828167040365162e-06,3.853614193971566e-06,1.0796234111085101e-06,6.7160543091165925e-06,0.0,Germany,DEU,baden-wurttemberg,,,Linux-7.0.0-31-generic-x86_64-with-glibc2.43,3.14.4,3.3.0,24,Intel(R) Core(TM) Ultra 9 285K,1,1 x NVIDIA GeForce RTX 5090,9.2986,48.7383,60.816158294677734,machine,0.0,0.0,0.0,0.0,N
synthetic_rollout_generation_47,2026-09-13T00:06:43,mbpo_HalfCheetah-v5_seed14577,7761f238-9e96-4b98-904a-9805e57bb8ee,0.005922471998928813,3.255101071152067e-08,5.489785978586233e-06,24.59720851644775,58.158718226675155,20.0,5.340559828398428e-08,0.0,3.204133887900473e-08,8.544693716125429e-08,0.0,Germany,DEU,baden-wurttemberg,,,Linux-7.0.0-31-generic-x86_64-with-glibc2.43,3.14.4,3.3.0,24,Intel(R) Core(TM) Ultra 9 285K,1,1 x NVIDIA GeForce RTX 5090,9.2986,48.7383,60.816158294677734,machine,0.0,0.0,0.0,0.0,N
gradient_updates_47,2026-09-13T00:06:47,mbpo_HalfCheetah-v5_seed14577,7761f238-9e96-4b98-904a-9805e57bb8ee,3.9324708449967147,4.8510875585130314e-05,1.233599688547606e-05,24.59806967363007,58.21877201632286,20.0,2.9181060289276695e-05,7.631589438600317e-05,2.184488962221707e-05,0.00012734184429749607,0.0,Germany,DEU,baden-wurttemberg,,,Linux-7.0.0-31-generic-x86_64-with-glibc2.43,3.14.4,3.3.0,24,Intel(R) Core(TM) Ultra 9 285K,1,1 x NVIDIA GeForce RTX 5090,9.2986,48.7383,60.816158294677734,machine,0.0,0.0,0.0,0.0,N
dynamics_model_update_48,2026-09-13T00:06:55,mbpo_HalfCheetah-v5_seed14577,7761f238-9e96-4b98-904a-9805e57bb8ee,7.69442593200074,9.69776620098773e-05,1.260363051498507e-05,24.608025183996567,58.297309872586034,20.0,5.449788998716787e-05,0.00015732595919404346,4.2744104644427613e-05,0.0002545679538256372,0.0,Germany,DEU,baden-wurttemberg,,,Linux-7.0.0-31-generic-x86_64-with-glibc2.43,3.14.4,3.3.0,24,Intel(R) Core(TM) Ultra 9 285K,1,1 x NVIDIA GeForce RTX 5090,9.2986,48.7383,60.816158294677734,machine,0.0,0.0,0.0,0.0,N
rollout_48,2026-09-13T00:06:55,mbpo_HalfCheetah-v5_seed14577,7761f238-9e96-4b98-904a-9805e57bb8ee,0.1952964880001673,2.529142753688457e-06,1.294956574585878e-05,24.652573435290776,58.35048616948445,20.0,1.8300172973453877e-06,3.725836313972497e-06,1.0831876111191616e-06,6.639041222437914e-06,0.0,Germany,DEU,baden-wurttemberg,,,Linux-7.0.0-31-generic-x86_64-with-glibc2.43,3.14.4,3.3.0,24,Intel(R) Core(TM) Ultra 9 285K,1,1 x NVIDIA GeForce RTX 5090,9.2986,48.7383,60.816158294677734,machine,0.0,0.0,0.0,0.0,N
synthetic_rollout_generation_48,2026-09-13T00:06:55,mbpo_HalfCheetah-v5_seed14577,7761f238-9e96-4b98-904a-9805e57bb8ee,0.005982792998111108,3.3103369495232626e-08,5.524754805672103e-06,24.650818809030813,58.05578674438604,20.0,5.445698801620491e-08,0.0,3.2439900011886624e-08,8.68968880289589e-08,0.0,Germany,DEU,baden-wurttemberg,,,Linux-7.0.0-31-generic-x86_64-with-glibc2.43,3.14.4,3.3.0,24,Intel(R) Core(TM) Ultra 9 285K,1,1 x NVIDIA GeForce RTX 5090,9.2986,48.7383,60.816158294677734,machine,0.0,0.0,0.0,0.0,N
gradient_updates_48,2026-09-13T00:06:59,mbpo_HalfCheetah-v5_seed14577,7761f238-9e96-4b98-904a-9805e57bb8ee,3.902960888000962,4.7572996894789873e-05,1.2188975115082443e-05,24.65185096732357,58.10913286027392,20.0,2.875491689279669e-05,7.444422622204794e-05,2.168075423334033e-05,0.00012487989734818322,0.0,Germany,DEU,baden-wurttemberg,,,Linux-7.0.0-31-generic-x86_64-with-glibc2.43,3.14.4,3.3.0,24,Intel(R) Core(TM) Ultra 9 285K,1,1 x NVIDIA GeForce RTX 5090,9.2986,48.7383,60.816158294677734,machine,0.0,0.0,0.0,0.0,N
dynamics_model_update_49,2026-09-13T00:07:17,mbpo_HalfCheetah-v5_seed14577,7761f238-9e96-4b98-904a-9805e57bb8ee,18.279052392001176,0.00022946786959345683,1.2553583273842712e-05,24.6608742202198,58.18422256780029,20.0,0.00012951266055449134,0.0003712964081479808,0.0001015478537111144,0.0006023569224135883,0.0,Germany,DEU,baden-wurttemberg,,,Linux-7.0.0-31-generic-x86_64-with-glibc2.43,3.14.4,3.3.0,24,Intel(R) Core(TM) Ultra 9 285K,1,1 x NVIDIA GeForce RTX 5090,9.2986,48.7383,60.816158294677734,machine,0.0,0.0,0.0,0.0,N
rollout_49,2026-09-13T00:07:17,mbpo_HalfCheetah-v5_seed14577,7761f238-9e96-4b98-904a-9805e57bb8ee,0.1953980810030771,1.8050528857692372e-06,9.237850935270907e-06,24.70402209888295,58.062101867960145,20.0,1.8285253517089095e-06,1.8250014600096343e-06,1.084766627758825e-06,4.738293439478236e-06,0.0,Germany,DEU,baden-wurttemberg,,,Linux-7.0.0-31-generic-x86_64-with-glibc2.43,3.14.4,3.3.0,24,Intel(R) Core(TM) Ultra 9 285K,1,1 x NVIDIA GeForce RTX 5090,9.2986,48.7383,60.816158294677734,machine,0.0,0.0,0.0,0.0,N
synthetic_rollout_generation_49,2026-09-13T00:07:17,mbpo_HalfCheetah-v5_seed14577,7761f238-9e96-4b98-904a-9805e57bb8ee,0.005973801999061834,3.286455622746043e-08,5.500178442780562e-06,24.70418670255522,57.77466572009895,20.0,5.466032150514e-08,0.0,3.160967777717655e-08,8.626999928318391e-08,0.0,Germany,DEU,baden-wurttemberg,,,Linux-7.0.0-31-generic-x86_64-with-glibc2.43,3.14.4,3.3.0,24,Intel(R) Core(TM) Ultra 9 285K,1,1 x NVIDIA GeForce RTX 5090,9.2986,48.7383,60.816158294677734,machine,0.0,0.0,0.0,0.0,N
gradient_updates_49,2026-09-13T00:07:21,mbpo_HalfCheetah-v5_seed14577,7761f238-9e96-4b98-904a-9805e57bb8ee,3.993971613002941,4.705031555188137e-05,1.1780361310978941e-05,24.702403376203844,57.82588747438648,20.0,2.5703774729678164e-05,7.561978271808378e-05,2.2184292799991463e-05,0.00012350785024775254,0.0,Germany,DEU,baden-wurttemberg,,,Linux-7.0.0-31-generic-x86_64-with-glibc2.43,3.14.4,3.3.0,24,Intel(R) Core(TM) Ultra 9 285K,1,1 x NVIDIA GeForce RTX 5090,9.2986,48.7383,60.816158294677734,machine,0.0,0.0,0.0,0.0,N
dynamics_model_update_50,2026-09-13T00:07:33,mbpo_HalfCheetah-v5_seed14577,7761f238-9e96-4b98-904a-9805e57bb8ee,12.168072652002593,0.00014771450189028992,1.2139516985496098e-05,24.694626589837842,57.895826295664115,20.0,7.648507118800801e-05,0.0002436699171579626,6.759800257223093e-05,0.0003877529909182033,0.0,Germany,DEU,baden-wurttemberg,,,Linux-7.0.0-31-generic-x86_64-with-glibc2.43,3.14.4,3.3.0,24,Intel(R) Core(TM) Ultra 9 285K,1,1 x NVIDIA GeForce RTX 5090,9.2986,48.7383,60.816158294677734,machine,0.0,0.0,0.0,0.0,N
rollout_50,2026-09-13T00:07:33,mbpo_HalfCheetah-v5_seed14577,7761f238-9e96-4b98-904a-9805e57bb8ee,0.20109259799937718,2.4302565164308065e-06,1.2084624578551404e-05,24.70415113493611,57.94191682328753,20.0,1.5035137028093781e-06,3.7597252300347606e-06,1.1162242944317766e-06,6.379463227276783e-06,0.0,Germany,DEU,baden-wurttemberg,,,Linux-7.0.0-31-generic-x86_64-with-glibc2.43,3.14.4,3.3.0,24,Intel(R) Core(TM) Ultra 9 285K,1,1 x NVIDIA GeForce RTX 5090,9.2986,48.7383,60.816158294677734,machine,0.0,0.0,0.0,0.0,N
synthetic_rollout_generation_50,2026-09-13T00:07:34,mbpo_HalfCheetah-v5_seed14577,7761f238-9e96-4b98-904a-9805e57bb8ee,0.00596318899988546,3.038750704363602e-08,5.085177783101606e-06,24.686982815938606,57.66064538239778,20.0,4.7353093432511706e-08,0.0,3.24146111072357e-08,7.976770453888005e-08,0.0,Germany,DEU,baden-wurttemberg,,,Linux-7.0.0-31-generic-x86_64-with-glibc2.43,3.14.4,3.3.0,24,Intel(R) Core(TM) Ultra 9 285K,1,1 x NVIDIA GeForce RTX 5090,9.2986,48.7383,60.816158294677734,machine,0.0,0.0,0.0,0.0,N
gradient_updates_50,2026-09-13T00:07:37,mbpo_HalfCheetah-v5_seed14577,7761f238-9e96-4b98-904a-9805e57bb8ee,3.903131304999988,4.7371014664078157e-05,1.2136688100919089e-05,24.67710326461688,57.70876607486921,20.0,2.9359113209496968e-05,7.330894753593276e-05,2.168162993334069e-05,0.00012434969067877041,0.0,Germany,DEU,baden-wurttemberg,,,Linux-7.0.0-31-generic-x86_64-with-glibc2.43,3.14.4,3.3.0,24,Intel(R) Core(TM) Ultra 9 285K,1,1 x NVIDIA GeForce RTX 5090,9.2986,48.7383,60.816158294677734,machine,0.0,0.0,0.0,0.0,N
dynamics_model_update_51,2026-09-13T00:07:47,mbpo_HalfCheetah-v5_seed14577,7761f238-9e96-4b98-904a-9805e57bb8ee,9.468270683002629,0.00011831564524082683,1.2495986668092303e-05,24.687816885471133,57.78050810664319,20.0,6.699754582021461e-05,0.00019099126390403898,5.259170016110558e-05,0.00031058050988535743,0.0,Germany,DEU,baden-wurttemberg,,,Linux-7.0.0-31-generic-x86_64-with-glibc2.43,3.14.4,3.3.0,24,Intel(R) Core(TM) Ultra 9 285K,1,1 x NVIDIA GeForce RTX 5090,9.2986,48.7383,60.816158294677734,machine,0.0,0.0,0.0,0.0,N
rollout_51,2026-09-13T00:07:47,mbpo_HalfCheetah-v5_seed14577,7761f238-9e96-4b98-904a-9805e57bb8ee,0.1952866779975011,2.5694946986544454e-06,1.315755381416792e-05,24.72610590661641,57.845579299112046,20.0,1.7916839333484424e-06,3.8694475399947414e-06,1.0838342666625103e-06,6.744965740004827e-06,0.0,Germany,DEU,baden-wurttemberg,,,Linux-7.0.0-31-generic-x86_64-with-glibc2.43,3.14.4,3.3.0,24,Intel(R) Core(TM) Ultra 9 285K,1,1 x NVIDIA GeForce RTX 5090,9.2986,48.7383,60.816158294677734,machine,0.0,0.0,0.0,0.0,N
synthetic_rollout_generation_51,2026-09-13T00:07:47,mbpo_HalfCheetah-v5_seed14577,7761f238-9e96-4b98-904a-9805e57bb8ee,0.005921705000218935,2.80291221066431e-08,4.725936356437773e-06,24.697257230078222,57.57012415959246,20.0,4.145308871855713e-08,0.0,3.2123816668359895e-08,7.357690538778439e-08,0.0,Germany,DEU,baden-wurttemberg,,,Linux-7.0.0-31-generic-x86_64-with-glibc2.43,3.14.4,3.3.0,24,Intel(R) Core(TM) Ultra 9 285K,1,1 x NVIDIA GeForce RTX 5090,9.2986,48.7383,60.816158294677734,machine,0.0,0.0,0.0,0.0,N
gradient_updates_51,2026-09-13T00:07:51,mbpo_HalfCheetah-v5_seed14577,7761f238-9e96-4b98-904a-9805e57bb8ee,3.9084833480010275,4.7306602040926224e-05,1.2103599292808532e-05,24.67856795554666,57.616528259394066,20.0,2.934112486176893e-05,7.312783627999586e-05,2.1711645344455605e-05,0.0001241806064862204,0.0,Germany,DEU,baden-wurttemberg,,,Linux-7.0.0-31-generic-x86_64-with-glibc2.43,3.14.4,3.3.0,24,Intel(R) Core(TM) Ultra 9 285K,1,1 x NVIDIA GeForce RTX 5090,9.2986,48.7383,60.816158294677734,machine,0.0,0.0,0.0,0.0,N
dynamics_model_update_52,2026-09-13T00:08:08,mbpo_HalfCheetah-v5_seed14577,7761f238-9e96-4b98-904a-9805e57bb8ee,16.72350389699932,0.00020479046522709973,1.2245676293283337e-05,24.68863166430965,57.6848426148893,20.0,0.00010973745751211711,0.0003349324901680273,9.29083834055643e-05,0.0005375783310857078,0.0,Germany,DEU,baden-wurttemberg,,,Linux-7.0.0-31-generic-x86_64-with-glibc2.43,3.14.4,3.3.0,24,Intel(R) Core(TM) Ultra 9 285K,1,1 x NVIDIA GeForce RTX 5090,9.2986,48.7383,60.816158294677734,machine,0.0,0.0,0.0,0.0,N
rollout_52,2026-09-13T00:08:08,mbpo_HalfCheetah-v5_seed14577,7761f238-9e96-4b98-904a-9805e57bb8ee,0.2001974570011953,2.380662939010722e-06,1.18909815473969e-05,24.697395243024935,57.722368661459015,20.0,1.491476193181407e-06,3.6483362519379448e-06,1.1094668277821657e-06,6.249279272899783e-06,0.0,Germany,DEU,baden-wurttemberg,,,Linux-7.0.0-31-generic-x86_64-with-glibc2.43,3.14.4,3.3.0,24,Intel(R) Core(TM) Ultra 9 285K,1,1 x NVIDIA GeForce RTX 5090,9.2986,48.7383,60.816158294677734,machine,0.0,0.0,0.0,0.0,N
synthetic_rollout_generation_52,2026-09-13T00:08:08,mbpo_HalfCheetah-v5_seed14577,7761f238-9e96-4b98-904a-9805e57bb8ee,0.006098957001086092,2.842431346544716e-08,4.652402468967259e-06,24.66885993605277,57.4526379667793,20.0,4.202947807147028e-08,0.0,3.258481111583639e-08,7.461428918817403e-08,0.0,Germany,DEU,baden-wurttemberg,,,Linux-7.0.0-31-generic-x86_64-with-glibc2.43,3.14.4,3.3.0,24,Intel(R) Core(TM) Ultra 9 285K,1,1 x NVIDIA GeForce RTX 5090,9.2986,48.7383,60.816158294677734,machine,0.0,0.0,0.0,0.0,N
gradient_updates_52,2026-09-13T00:08:12,mbpo_HalfCheetah-v5_seed14577,7761f238-9e96-4b98-904a-9805e57bb8ee,3.9022225810003874,4.6795456248888145e-05,1.1992026038487423e-05,24.649767625291894,57.496274243575556,20.0,2.8721432421573156e-05,7.244033573006181e-05,2.167707224444773e-05,0.0001228388403960827,0.0,Germany,DEU,baden-wurttemberg,,,Linux-7.0.0-31-generic-x86_64-with-glibc2.43,3.14.4,3.3.0,24,Intel(R) Core(TM) Ultra 9 285K,1,1 x NVIDIA GeForce RTX 5090,9.2986,48.7383,60.816158294677734,machine,0.0,0.0,0.0,0.0,N
dynamics_model_update_53,2026-09-13T00:08:19,mbpo_HalfCheetah-v5_seed14577,7761f238-9e96-4b98-904a-9805e57bb8ee,7.321411957000237,9.418801822184616e-05,1.2864694457882807e-05,24.659744914055526,57.56581124138638,20.0,5.910417117218486e-05,0.00014746928464198783,4.067163730000611e-05,0.00024724509311417966,0.0,Germany,DEU,baden-wurttemberg,,,Linux-7.0.0-31-generic-x86_64-with-glibc2.43,3.14.4,3.3.0,24,Intel(R) Core(TM) Ultra 9 285K,1,1 x NVIDIA GeForce RTX 5090,9.2986,48.7383,60.816158294677734,machine,0.0,0.0,0.0,0.0,N
rollout_53,2026-09-13T00:08:19,mbpo_HalfCheetah-v5_seed14577,7761f238-9e96-4b98-904a-9805e57bb8ee,0.1932596629994805,2.530252378051337e-06,1.3091770782587994e-05,24.69994971651076,57.62561495001143,20.0,1.8112658934504866e-06,3.763891900043781e-06,1.0667962111058152e-06,6.641954004599215e-06,0.0,Germany,DEU,baden-wurttemberg,,,Linux-7.0.0-31-generic-x86_64-with-glibc2.43,3.14.4,3.3.0,24,Intel(R) Core(TM) Ultra 9 285K,1,1 x NVIDIA GeForce RTX 5090,9.2986,48.7383,60.816158294677734,machine,0.0,0.0,0.0,0.0,N
synthetic_rollout_generation_53,2026-09-13T00:08:19,mbpo_HalfCheetah-v5_seed14577,7761f238-9e96-4b98-904a-9805e57bb8ee,0.00596068400045624,3.239728462237079e-08,5.42595556286992e-06,24.696360433524994,57.3612772667545,20.0,5.318532032144718e-08,0.0,3.1858083336319676e-08,8.504340365603213e-08,0.0,Germany,DEU,baden-wurttemberg,,,Linux-7.0.0-31-generic-x86_64-with-glibc2.43,3.14.4,3.3.0,24,Intel(R) Core(TM) Ultra 9 285K,1,1 x NVIDIA GeForce RTX 5090,9.2986,48.7383,60.816158294677734,machine,0.0,0.0,0.0,0.0,N
gradient_updates_53,2026-09-13T00:08:24,mbpo_HalfCheetah-v5_seed14577,7761f238-9e96-4b98-904a-9805e57bb8ee,4.180783693002013,5.016010972981773e-05,1.1997800159792351e-05,24.695575493544748,57.4026533659587,20.0,3.131523560772481e-05,7.713172837192639e-05,2.3224147005567082e-05,0.00013167111098521742,0.0,Germany,DEU,baden-wurttemberg,,,Linux-7.0.0-31-generic-x86_64-with-glibc2.43,3.14.4,3.3.0,24,Intel(R) Core(TM) Ultra 9 285K,1,1 x NVIDIA GeForce RTX 5090,9.2986,48.7383,60.816158294677734,machine,0.0,0.0,0.0,0.0,N
dynamics_model_update_54,2026-09-13T00:08:31,mbpo_HalfCheetah-v5_seed14577,7761f238-9e96-4b98-904a-9805e57bb8ee,6.973455118000857,9.198451369224134e-05,1.3190692887367076e-05,24.708338102732487,57.47737605454898,20.0,5.969644859046136e-05,0.00014302622553202804,3.8738183450005154e-05,0.00024146085757249455,0.0,Germany,DEU,baden-wurttemberg,,,Linux-7.0.0-31-generic-x86_64-with-glibc2.43,3.14.4,3.3.0,24,Intel(R) Core(TM) Ultra 9 285K,1,1 x NVIDIA GeForce RTX 5090,9.2986,48.7383,60.816158294677734,machine,0.0,0.0,0.0,0.0,N
rollout_54,2026-09-13T00:08:31,mbpo_HalfCheetah-v5_seed14577,7761f238-9e96-4b98-904a-9805e57bb8ee,0.19207310500132735,2.4667131774055995e-06,1.2841797754866116e-05,24.745071046419092,57.526062185214165,20.0,1.7700503049181138e-06,3.638891799995214e-06,1.0662204555453997e-06,6.475162560456993e-06,0.0,Germany,DEU,baden-wurttemberg,,,Linux-7.0.0-31-generic-x86_64-with-glibc2.43,3.14.4,3.3.0,24,Intel(R) Core(TM) Ultra 9 285K,1,1 x NVIDIA GeForce RTX 5090,9.2986,48.7383,60.816158294677734,machine,0.0,0.0,0.0,0.0,N
synthetic_rollout_generation_54,2026-09-13T00:08:31,mbpo_HalfCheetah-v5_seed14577,7761f238-9e96-4b98-904a-9805e57bb8ee,0.005996706000587437,3.00379366328235e-08,5.009041844956795e-06,24.72890586615078,57.266935778974464,20.0,4.699698204213565e-08,0.0,3.185309443466677e-08,7.88500764750677e-08,0.0,Germany,DEU,baden-wurttemberg,,,Linux-7.0.0-31-generic-x86_64-with-glibc2.43,3.14.4,3.3.0,24,Intel(R) Core(TM) Ultra 9 285K,1,1 x NVIDIA GeForce RTX 5090,9.2986,48.7383,60.816158294677734,machine,0.0,0.0,0.0,0.0,N
gradient_updates_54,2026-09-13T00:08:35,mbpo_HalfCheetah-v5_seed14577,7761f238-9e96-4b98-904a-9805e57bb8ee,4.178042773997731,4.905066221483172e-05,1.1740129590782329e-05,24.71738088747666,57.300586662404555,20.0,3.0384688474403843e-05,7.516506013199864e-05,2.3209044449989426e-05,0.00012875879305639104,0.0,Germany,DEU,baden-wurttemberg,,,Linux-7.0.0-31-generic-x86_64-with-glibc2.43,3.14.4,3.3.0,24,Intel(R) Core(TM) Ultra 9 285K,1,1 x NVIDIA GeForce RTX 5090,9.2986,48.7383,60.816158294677734,machine,0.0,0.0,0.0,0.0,N
dynamics_model_update_55,2026-09-13T00:08:42,mbpo_HalfCheetah-v5_seed14577,7761f238-9e96-4b98-904a-9805e57bb8ee,7.097932389999187,9.295249092749862e-05,1.3095670340927135e-05,24.726255040074413,57.37197241985119,20.0,6.0076205283150774e-05,0.00014449539337396677,3.9430215038899034e-05,0.00024400181369601745,0.0,Germany,DEU,baden-wurttemberg,,,Linux-7.0.0-31-generic-x86_64-with-glibc2.43,3.14.4,3.3.0,24,Intel(R) Core(TM) Ultra 9 285K,1,1 x NVIDIA GeForce RTX 5090,9.2986,48.7383,60.816158294677734,machine,0.0,0.0,0.0,0.0,N
rollout_55,2026-09-13T00:08:42,mbpo_HalfCheetah-v5_seed14577,7761f238-9e96-4b98-904a-9805e57bb8ee,0.193947334002587,2.5397438366825398e-06,1.309508109792358e-05,24.76583740081905,57.42748101999666,20.0,1.8304070198774114e-06,3.760280786024861e-06,1.07618143332152e-06,6.66686923922466e-06,0.0,Germany,DEU,baden-wurttemberg,,,Linux-7.0.0-31-generic-x86_64-with-glibc2.43,3.14.4,3.3.0,24,Intel(R) Core(TM) Ultra 9 285K,1,1 x NVIDIA GeForce RTX 5090,9.2986,48.7383,60.816158294677734,machine,0.0,0.0,0.0,0.0,N
synthetic_rollout_generation_55,2026-09-13T00:08:42,mbpo_HalfCheetah-v5_seed14577,7761f238-9e96-4b98-904a-9805e57bb8ee,0.005971570997644449,2.945490281541785e-08,4.9236629654678716e-06,24.747098728144053,57.173377121678094,20.0,4.558975869733972e-08,0.0,3.172984444198973e-08,7.731960314019681e-08,0.0,Germany,DEU,baden-wurttemberg,,,Linux-7.0.0-31-generic-x86_64-with-glibc2.43,3.14.4,3.3.0,24,Intel(R) Core(TM) Ultra 9 285K,1,1 x NVIDIA GeForce RTX 5090,9.2986,48.7383,60.816158294677734,machine,0.0,0.0,0.0,0.0,N
gradient_updates_55,2026-09-13T00:08:46,mbpo_HalfCheetah-v5_seed14577,7761f238-9e96-4b98-904a-9805e57bb8ee,4.250553218000277,4.8531608601310935e-05,1.1417750561777935e-05,24.730600207560773,57.207747487955785,20.0,2.7042748300842856e-05,7.673450583206565e-05,2.361901467221386e-05,0.00012739626880512236,0.0,Germany,DEU,baden-wurttemberg,,,Linux-7.0.0-31-generic-x86_64-with-glibc2.43,3.14.4,3.3.0,24,Intel(R) Core(TM) Ultra 9 285K,1,1 x NVIDIA GeForce RTX 5090,9.2986,48.7383,60.816158294677734,machine,0.0,0.0,0.0,0.0,N
dynamics_model_update_56,2026-09-13T00:08:54,mbpo_HalfCheetah-v5_seed14577,7761f238-9e96-4b98-904a-9805e57bb8ee,7.339759957998467,9.230266505439594e-05,1.2575713677837965e-05,24.724321221835922,57.27547977514305,20.0,5.340990633900117e-05,0.0001481126184899595,4.0773485288890694e-05,0.00024229601011785049,0.0,Germany,DEU,baden-wurttemberg,,,Linux-7.0.0-31-generic-x86_64-with-glibc2.43,3.14.4,3.3.0,24,Intel(R) Core(TM) Ultra 9 285K,1,1 x NVIDIA GeForce RTX 5090,9.2986,48.7383,60.816158294677734,machine,0.0,0.0,0.0,0.0,N
rollout_56,2026-09-13T00:08:54,mbpo_HalfCheetah-v5_seed14577,7761f238-9e96-4b98-904a-9805e57bb8ee,0.19925133400101913,2.3987464903407058e-06,1.2038941445855236e-05,24.73017837640347,57.32026310889407,20.0,1.457025054503458e-06,3.734169653990538e-06,1.1055541833332808e-06,6.296748891826409e-06,0.0,Germany,DEU,baden-wurttemberg,,,Linux-7.0.0-31-generic-x86_64-with-glibc2.43,3.14.4,3.3.0,24,Intel(R) Core(TM) Ultra 9 285K,1,1 x NVIDIA GeForce RTX 5090,9.2986,48.7383,60.816158294677734,machine,0.0,0.0,0.0,0.0,N
synthetic_rollout_generation_56,2026-09-13T00:08:54,mbpo_HalfCheetah-v5_seed14577,7761f238-9e96-4b98-904a-9805e57bb8ee,0.0061638229999516625,3.259861236677708e-08,5.279631102169678e-06,24.723092771669783,57.071044573638005,20.0,5.2880042296366e-08,0.0,3.2691849991862976e-08,8.557189228736162e-08,0.0,Germany,DEU,baden-wurttemberg,,,Linux-7.0.0-31-generic-x86_64-with-glibc2.43,3.14.4,3.3.0,24,Intel(R) Core(TM) Ultra 9 285K,1,1 x NVIDIA GeForce RTX 5090,9.2986,48.7383,60.816158294677734,machine,0.0,0.0,0.0,0.0,N
gradient_updates_56,2026-09-13T00:08:58,mbpo_HalfCheetah-v5_seed14577,7761f238-9e96-4b98-904a-9805e57bb8ee,4.174145633001899,4.896508840699504e-05,1.1730587193745177e-05,24.718952330703612,57.102883411420365,20.0,3.066138064019425e-05,7.468755974998631e-05,2.318522001668391e-05,0.00012853416040686447,0.0,Germany,DEU,baden-wurttemberg,,,Linux-7.0.0-31-generic-x86_64-with-glibc2.43,3.14.4,3.3.0,24,Intel(R) Core(TM) Ultra 9 285K,1,1 x NVIDIA GeForce RTX 5090,9.2986,48.7383,60.816158294677734,machine,0.0,0.0,0.0,0.0,N
dynamics_model_update_57,2026-09-13T00:09:08,mbpo_HalfCheetah-v5_seed14577,7761f238-9e96-4b98-904a-9805e57bb8ee,9.962829292999231,0.00012635846900373865,1.2682962247068513e-05,24.72637466576407,57.17281375666743,20.0,7.342862235396042e-05,0.00020291849566800302,5.534593619443799e-05,0.00033169305421640316,0.0,Germany,DEU,baden-wurttemberg,,,Linux-7.0.0-31-generic-x86_64-with-glibc2.43,3.14.4,3.3.0,24,Intel(R) Core(TM) Ultra 9 285K,1,1 x NVIDIA GeForce RTX 5090,9.2986,48.7383,60.816158294677734,machine,0.0,0.0,0.0,0.0,N
rollout_57,2026-09-13T00:09:08,mbpo_HalfCheetah-v5_seed14577,7761f238-9e96-4b98-904a-9805e57bb8ee,0.20580082000014954,2.4243614465055408e-06,1.178028018217437e-05,24.731175329188023,57.20769728162724,20.0,1.491917026870404e-06,3.7300029840370286e-06,1.1420685610977546e-06,6.36398857200432e-06,0.0,Germany,DEU,baden-wurttemberg,,,Linux-7.0.0-31-generic-x86_64-with-glibc2.43,3.14.4,3.3.0,24,Intel(R) Core(TM) Ultra 9 285K,1,1 x NVIDIA GeForce RTX 5090,9.2986,48.7383,60.816158294677734,machine,0.0,0.0,0.0,0.0,N
synthetic_rollout_generation_57,2026-09-13T00:09:08,mbpo_HalfCheetah-v5_seed14577,7761f238-9e96-4b98-904a-9805e57bb8ee,0.0060578570009965915,2.7343805150681355e-08,4.506776885579077e-06,24.70021468415006,56.96321994281687,20.0,3.946919824304729e-08,0.0,3.2308738890859945e-08,7.177793713217251e-08,0.0,Germany,DEU,baden-wurttemberg,,,Linux-7.0.0-31-generic-x86_64-with-glibc2.43,3.14.4,3.3.0,24,Intel(R) Core(TM) Ultra 9 285K,1,1 x NVIDIA GeForce RTX 5090,9.2986,48.7383,60.816158294677734,machine,0.0,0.0,0.0,0.0,N
gradient_updates_57,2026-09-13T00:09:13,mbpo_HalfCheetah-v5_seed14577,7761f238-9e96-4b98-904a-9805e57bb8ee,4.191018787998473,4.9661335766200757e-05,1.184948883530618e-05,24.677169833589726,56.99952311960348,20.0,3.083933161589225e-05,7.624117210397463e-05,2.3281317427790646e-05,0.00013036182114765926,0.0,Germany,DEU,baden-wurttemberg,,,Linux-7.0.0-31-generic-x86_64-with-glibc2.43,3.14.4,3.3.0,24,Intel(R) Core(TM) Ultra 9 285K,1,1 x NVIDIA GeForce RTX 5090,9.2986,48.7383,60.816158294677734,machine,0.0,0.0,0.0,0.0,N
dynamics_model_update_58,2026-09-13T00:09:21,mbpo_HalfCheetah-v5_seed14577,7761f238-9e96-4b98-904a-9805e57bb8ee,8.681456147998688,0.00011319672697434821,1.3038927937638981e-05,24.686487997724047,57.067871497968135,20.0,7.252916913439572e-05,0.00017637764110201015,4.8236455216667425e-05,0.00029714326545307243,0.0,Germany,DEU,baden-wurttemberg,,,Linux-7.0.0-31-generic-x86_64-with-glibc2.43,3.14.4,3.3.0,24,Intel(R) Core(TM) Ultra 9 285K,1,1 x NVIDIA GeForce RTX 5090,9.2986,48.7383,60.816158294677734,machine,0.0,0.0,0.0,0.0,N
rollout_58,2026-09-13T00:09:21,mbpo_HalfCheetah-v5_seed14577,7761f238-9e96-4b98-904a-9805e57bb8ee,0.1931284839993168,2.5347483668426707e-06,1.3123849788741016e-05,24.722313976440567,57.12487597747765,20.0,1.798635050016817e-06,3.783336360030365e-06,1.071784638892112e-06,6.653756048937559e-06,0.0,Germany,DEU,baden-wurttemberg,,,Linux-7.0.0-31-generic-x86_64-with-glibc2.43,3.14.4,3.3.0,24,Intel(R) Core(TM) Ultra 9 285K,1,1 x NVIDIA GeForce RTX 5090,9.2986,48.7383,60.816158294677734,machine,0.0,0.0,0.0,0.0,N
synthetic_rollout_generation_58,2026-09-13T00:09:21,mbpo_HalfCheetah-v5_seed14577,7761f238-9e96-4b98-904a-9805e57bb8ee,0.005916307000006782,3.3110063555469305e-08,5.588009640297252e-06,24.719129413627897,56.88485549017733,20.0,5.4219487823081725e-08,0.0,3.269497222697232e-08,8.691446004918668e-08,0.0,Germany,DEU,baden-wurttemberg,,,Linux-7.0.0-31-generic-x86_64-with-glibc2.43,3.14.4,3.3.0,24,Intel(R) Core(TM) Ultra 9 285K,1,1 x NVIDIA GeForce RTX 5090,9.2986,48.7383,60.816158294677734,machine,0.0,0.0,0.0,0.0,N
gradient_updates_58,2026-09-13T00:09:26,mbpo_HalfCheetah-v5_seed14577,7761f238-9e96-4b98-904a-9805e57bb8ee,4.223908777999895,4.815613799011992e-05,1.1400872514050534e-05,24.715489364844373,56.9160760682014,20.0,2.7454514463592927e-05,7.549228261594099e-05,2.3463855211109004e-05,0.00012641065229064205,0.0,Germany,DEU,baden-wurttemberg,,,Linux-7.0.0-31-generic-x86_64-with-glibc2.43,3.14.4,3.3.0,24,Intel(R) Core(TM) Ultra 9 285K,1,1 x NVIDIA GeForce RTX 5090,9.2986,48.7383,60.816158294677734,machine,0.0,0.0,0.0,0.0,N
dynamics_model_update_59,2026-09-13T00:09:35,mbpo_HalfCheetah-v5_seed14577,7761f238-9e96-4b98-904a-9805e57bb8ee,8.91240201799883,0.00011287310135096179,1.2664689995132639e-05,24.711731251337245,56.980864531175406,20.0,6.739271391412865e-05,0.00017939069906802718,4.951032990001183e-05,0.00029629374288216853,0.0,Germany,DEU,baden-wurttemberg,,,Linux-7.0.0-31-generic-x86_64-with-glibc2.43,3.14.4,3.3.0,24,Intel(R) Core(TM) Ultra 9 285K,1,1 x NVIDIA GeForce RTX 5090,9.2986,48.7383,60.816158294677734,machine,0.0,0.0,0.0,0.0,N
rollout_59,2026-09-13T00:09:35,mbpo_HalfCheetah-v5_seed14577,7761f238-9e96-4b98-904a-9805e57bb8ee,0.19482485099797486,2.514271521009137e-06,1.2904708485773043e-05,24.74373285089735,57.0317933500837,20.0,1.7730850295702427e-06,3.745558551981887e-06,1.081360411121085e-06,6.600003992673215e-06,0.0,Germany,DEU,baden-wurttemberg,,,Linux-7.0.0-31-generic-x86_64-with-glibc2.43,3.14.4,3.3.0,24,Intel(R) Core(TM) Ultra 9 285K,1,1 x NVIDIA GeForce RTX 5090,9.2986,48.7383,60.816158294677734,machine,0.0,0.0,0.0,0.0,N
synthetic_rollout_generation_59,2026-09-13T00:09:35,mbpo_HalfCheetah-v5_seed14577,7761f238-9e96-4b98-904a-9805e57bb8ee,0.00599729399982607,3.112165130464417e-08,5.181133834543098e-06,24.733171233928818,56.796124782521375,20.0,4.964198416224086e-08,0.0,3.205286110575384e-08,8.169484526712734e-08,0.0,Germany,DEU,baden-wurttemberg,,,Linux-7.0.0-31-generic-x86_64-with-glibc2.43,3.14.4,3.3.0,24,Intel(R) Core(TM) Ultra 9 285K,1,1 x NVIDIA GeForce RTX 5090,9.2986,48.7383,60.816158294677734,machine,0.0,0.0,0.0,0.0,N
gradient_updates_59,2026-09-13T00:09:39,mbpo_HalfCheetah-v5_seed14577,7761f238-9e96-4b98-904a-9805e57bb8ee,4.201142451001942,4.97909020968669e-05,1.1851773333176183e-05,24.725171213145515,56.837291681967635,20.0,2.9415638254710885e-05,7.794867346999634e-05,2.333762316666238e-05,0.0001307019348913696,0.0,Germany,DEU,baden-wurttemberg,,,Linux-7.0.0-31-generic-x86_64-with-glibc2.43,3.14.4,3.3.0,24,Intel(R) Core(TM) Ultra 9 285K,1,1 x NVIDIA GeForce RTX 5090,9.2986,48.7383,60.816158294677734,machine,0.0,0.0,0.0,0.0,N
dynamics_model_update_60,2026-09-13T00:09:48,mbpo_HalfCheetah-v5_seed14577,7761f238-9e96-4b98-904a-9805e57bb8ee,9.149606537001091,0.00011662223153785164,1.2746146198276109e-05,24.728146009174033,56.90224199987033,20.0,7.057070701207285e-05,0.00018473375889799248,5.083080522223695e-05,0.00030613527113230316,0.0,Germany,DEU,baden-wurttemberg,,,Linux-7.0.0-31-generic-x86_64-with-glibc2.43,3.14.4,3.3.0,24,Intel(R) Core(TM) Ultra 9 285K,1,1 x NVIDIA GeForce RTX 5090,9.2986,48.7383,60.816158294677734,machine,0.0,0.0,0.0,0.0,N
rollout_60,2026-09-13T00:09:48,mbpo_HalfCheetah-v5_seed14577,7761f238-9e96-4b98-904a-9805e57bb8ee,0.20211237300100038,2.4053798990571196e-06,1.190080852498712e-05,24.734662949155346,56.93917686383285,20.0,1.4928156386942448e-06,3.699725182049196e-06,1.121620877792516e-06,6.314161698536824e-06,0.0,Germany,DEU,baden-wurttemberg,,,Linux-7.0.0-31-generic-x86_64-with-glibc2.43,3.14.4,3.3.0,24,Intel(R) Core(TM) Ultra 9 285K,1,1 x NVIDIA GeForce RTX 5090,9.2986,48.7383,60.816158294677734,machine,0.0,0.0,0.0,0.0,N
synthetic_rollout_generation_60,2026-09-13T00:09:48,mbpo_HalfCheetah-v5_seed14577,7761f238-9e96-4b98-904a-9805e57bb8ee,0.005461790999106597,2.7136008381306587e-08,4.959495466783719e-06,24.716589053740776,56.70771679528068,20.0,4.235142277153603e-08,0.0,2.8881044434464487e-08,7.123246720600052e-08,0.0,Germany,DEU,baden-wurttemberg,,,Linux-7.0.0-31-generic-x86_64-with-glibc2.43,3.14.4,3.3.0,24,Intel(R) Core(TM) Ultra 9 285K,1,1 x NVIDIA GeForce RTX 5090,9.2986,48.7383,60.816158294677734,machine,0.0,0.0,0.0,0.0,N
gradient_updates_60,2026-09-13T00:09:53,mbpo_HalfCheetah-v5_seed14577,7761f238-9e96-4b98-904a-9805e57bb8ee,4.19516029100123,4.953995724140195e-05,1.1808860214680904e-05,24.703800964062655,56.741177365394186,20.0,3.105370012071451e-05,7.569061610795957e-05,2.329888430000794e-05,0.00013004320052868376,0.0,Germany,DEU,baden-wurttemberg,,,Linux-7.0.0-31-generic-x86_64-with-glibc2.43,3.14.4,3.3.0,24,Intel(R) Core(TM) Ultra 9 285K,1,1 x NVIDIA GeForce RTX 5090,9.2986,48.7383,60.816158294677734,machine,0.0,0.0,0.0,0.0,N
dynamics_model_update_61,2026-09-13T00:10:06,mbpo_HalfCheetah-v5_seed14577,7761f238-9e96-4b98-904a-9805e57bb8ee,13.231449762999546,0.0001669981813743164,1.2621295545822426e-05,24.71165788320921,56.804331622369254,20.0,9.876581401258716e-05,0.0002661021573260314,7.350499459999899e-05,0.00043837296593861666,0.0,Germany,DEU,baden-wurttemberg,,,Linux-7.0.0-31-generic-x86_64-with-glibc2.43,3.14.4,3.3.0,24,Intel(R) Core(TM) Ultra 9 285K,1,1 x NVIDIA GeForce RTX 5090,9.2986,48.7383,60.816158294677734,machine,0.0,0.0,0.0,0.0,N
rollout_61,2026-09-13T00:10:06,mbpo_HalfCheetah-v5_seed14577,7761f238-9e96-4b98-904a-9805e57bb8ee,0.1993388020018756,1.6575281827010957e-06,8.314874497331003e-06,24.717903031429785,56.705073777757484,20.0,1.4691983975870238e-06,1.7755569760025125e-06,1.1062832999918226e-06,4.351038673581359e-06,0.0,Germany,DEU,baden-wurttemberg,,,Linux-7.0.0-31-generic-x86_64-with-glibc2.43,3.14.4,3.3.0,24,Intel(R) Core(TM) Ultra 9 285K,1,1 x NVIDIA GeForce RTX 5090,9.2986,48.7383,60.816158294677734,machine,0.0,0.0,0.0,0.0,N
synthetic_rollout_generation_61,2026-09-13T00:10:06,mbpo_HalfCheetah-v5_seed14577,7761f238-9e96-4b98-904a-9805e57bb8ee,0.0055021959997247905,2.957135798037358e-08,5.3641238370115645e-06,24.686244791101227,56.47825348264645,20.0,4.148697763800557e-08,0.0,3.613832222013058e-08,7.762529985813615e-08,0.0,Germany,DEU,baden-wurttemberg,,,Linux-7.0.0-31-generic-x86_64-with-glibc2.43,3.14.4,3.3.0,24,Intel(R) Core(TM) Ultra 9 285K,1,1 x NVIDIA GeForce RTX 5090,9.2986,48.7383,60.816158294677734,machine,0.0,0.0,0.0,0.0,N
gradient_updates_61,2026-09-13T00:10:10,mbpo_HalfCheetah-v5_seed14577,7761f238-9e96-4b98-904a-9805e57bb8ee,4.197125898001104,4.938463736773105e-05,1.1766323831231658e-05,24.662682057368713,56.51037526510896,20.0,3.1081420420679684e-05,7.523922685803708e-05,2.3314836033346692e-05,0.00012963548331206345,0.0,Germany,DEU,baden-wurttemberg,,,Linux-7.0.0-31-generic-x86_64-with-glibc2.43,3.14.4,3.3.0,24,Intel(R) Core(TM) Ultra 9 285K,1,1 x NVIDIA GeForce RTX 5090,9.2986,48.7383,60.816158294677734,machine,0.0,0.0,0.0,0.0,N
dynamics_model_update_62,2026-09-13T00:10:20,mbpo_HalfCheetah-v5_seed14577,7761f238-9e96-4b98-904a-9805e57bb8ee,10.164453667999624,0.00012784755462289833,1.2577919406156509e-05,24.671087542556048,56.56683142276474,20.0,7.942045020297578e-05,0.00019971515977196264,5.646631842221982e-05,0.0003356019283971591,0.0,Germany,DEU,baden-wurttemberg,,,Linux-7.0.0-31-generic-x86_64-with-glibc2.43,3.14.4,3.3.0,24,Intel(R) Core(TM) Ultra 9 285K,1,1 x NVIDIA GeForce RTX 5090,9.2986,48.7383,60.816158294677734,machine,0.0,0.0,0.0,0.0,N
rollout_62,2026-09-13T00:10:21,mbpo_HalfCheetah-v5_seed14577,7761f238-9e96-4b98-904a-9805e57bb8ee,0.19542566499876557,2.506263989116367e-06,1.2824795643729574e-05,24.705846785941745,56.60989162136387,20.0,1.8353070237939195e-06,3.6591695940502156e-06,1.0845074722362624e-06,6.5789840900803975e-06,0.0,Germany,DEU,baden-wurttemberg,,,Linux-7.0.0-31-generic-x86_64-with-glibc2.43,3.14.4,3.3.0,24,Intel(R) Core(TM) Ultra 9 285K,1,1 x NVIDIA GeForce RTX 5090,9.2986,48.7383,60.816158294677734,machine,0.0,0.0,0.0,0.0,N
synthetic_rollout_generation_62,2026-09-13T00:10:21,mbpo_HalfCheetah-v5_seed14577,7761f238-9e96-4b98-904a-9805e57bb8ee,0.007491227999707917,3.57215119393961e-08,4.763500215270694e-06,24.700566488178698,56.38701803230339,20.0,6.169643823605853e-08,0.0,3.207311666426904e-08,9.376955489859284e-08,0.0,Germany,DEU,baden-wurttemberg,,,Linux-7.0.0-31-generic-x86_64-with-glibc2.43,3.14.4,3.3.0,24,Intel(R) Core(TM) Ultra 9 285K,1,1 x NVIDIA GeForce RTX 5090,9.2986,48.7383,60.816158294677734,machine,0.0,0.0,0.0,0.0,N
gradient_updates_62,2026-09-13T00:10:25,mbpo_HalfCheetah-v5_seed14577,7761f238-9e96-4b98-904a-9805e57bb8ee,3.9434252540013404,4.712177567907372e-05,1.1949488939394853e-05,24.69876698144827,56.42488972377714,20.0,2.9451479394496105e-05,7.233839120396324e-05,2.1905563655571884e-05,0.0001236954342540321,0.0,Germany,DEU,baden-wurttemberg,,,Linux-7.0.0-31-generic-x86_64-with-glibc2.43,3.14.4,3.3.0,24,Intel(R) Core(TM) Ultra 9 285K,1,1 x NVIDIA GeForce RTX 5090,9.2986,48.7383,60.816158294677734,machine,0.0,0.0,0.0,0.0,N
dynamics_model_update_63,2026-09-13T00:10:34,mbpo_HalfCheetah-v5_seed14577,7761f238-9e96-4b98-904a-9805e57bb8ee,9.879464383997401,0.00012070031235447871,1.221726741253548e-05,24.70675979939358,56.4773683479891,20.0,7.025139203440528e-05,0.00019170598669798755,5.4882921449987514e-05,0.0003168403001823812,0.0,Germany,DEU,baden-wurttemberg,,,Linux-7.0.0-31-generic-x86_64-with-glibc2.43,3.14.4,3.3.0,24,Intel(R) Core(TM) Ultra 9 285K,1,1 x NVIDIA GeForce RTX 5090,9.2986,48.7383,60.816158294677734,machine,0.0,0.0,0.0,0.0,N
rollout_63,2026-09-13T00:10:35,mbpo_HalfCheetah-v5_seed14577,7761f238-9e96-4b98-904a-9805e57bb8ee,0.19514085199989495,2.4654766499748043e-06,1.263448046992266e-05,24.740058729307233,56.513890548356805,20.0,1.8218114574489186e-06,3.567225075995495e-06,1.0828801222185006e-06,6.471916655662047e-06,0.0,Germany,DEU,baden-wurttemberg,,,Linux-7.0.0-31-generic-x86_64-with-glibc2.43,3.14.4,3.3.0,24,Intel(R) Core(TM) Ultra 9 285K,1,1 x NVIDIA GeForce RTX 5090,9.2986,48.7383,60.816158294677734,machine,0.0,0.0,0.0,0.0,N
synthetic_rollout_generation_63,2026-09-13T00:10:35,mbpo_HalfCheetah-v5_seed14577,7761f238-9e96-4b98-904a-9805e57bb8ee,0.005455848997371504,3.0720932804595424e-08,5.626204422972579e-06,24.740897427780443,56.29484446096007,20.0,5.1896708187781915e-08,0.0,2.8746244444717572e-08,8.064295263163213e-08,0.0,Germany,DEU,baden-wurttemberg,,,Linux-7.0.0-31-generic-x86_64-with-glibc2.43,3.14.4,3.3.0,24,Intel(R) Core(TM) Ultra 9 285K,1,1 x NVIDIA GeForce RTX 5090,9.2986,48.7383,60.816158294677734,machine,0.0,0.0,0.0,0.0,N
gradient_updates_63,2026-09-13T00:10:39,mbpo_HalfCheetah-v5_seed14577,7761f238-9e96-4b98-904a-9805e57bb8ee,3.91279035199841,4.607578172798575e-05,1.1775712376295377e-05,24.743540062950377,56.32630542874274,20.0,2.9177940842332883e-05,7.00364449180424e-05,2.173529721110571e-05,0.00012094968297148012,0.0,Germany,DEU,baden-wurttemberg,,,Linux-7.0.0-31-generic-x86_64-with-glibc2.43,3.14.4,3.3.0,24,Intel(R) Core(TM) Ultra 9 285K,1,1 x NVIDIA GeForce RTX 5090,9.2986,48.7383,60.816158294677734,machine,0.0,0.0,0.0,0.0,N
dynamics_model_update_64,2026-09-13T00:10:50,mbpo_HalfCheetah-v5_seed14577,7761f238-9e96-4b98-904a-9805e57bb8ee,11.739449264998257,0.00014167142255007252,1.2067993664799856e-05,24.75093780347578,56.37578589095119,20.0,8.105222234172649e-05,0.00022562129160796918,6.521629455554737e-05,0.00037188980850524217,0.0,Germany,DEU,baden-wurttemberg,,,Linux-7.0.0-31-generic-x86_64-with-glibc2.43,3.14.4,3.3.0,24,Intel(R) Core(TM) Ultra 9 285K,1,1 x NVIDIA GeForce RTX 5090,9.2986,48.7383,60.816158294677734,machine,0.0,0.0,0.0,0.0,N
rollout_64,2026-09-13T00:10:50,mbpo_HalfCheetah-v5_seed14577,7761f238-9e96-4b98-904a-9805e57bb8ee,0.20025993899980676,2.364417270302871e-06,1.1806110676787374e-05,24.75697777287437,56.40893849943499,20.0,1.4794217391006503e-06,3.6155584480224157e-06,1.1116539388846339e-06,6.2066341260068325e-06,0.0,Germany,DEU,baden-wurttemberg,,,Linux-7.0.0-31-generic-x86_64-with-glibc2.43,3.14.4,3.3.0,24,Intel(R) Core(TM) Ultra 9 285K,1,1 x NVIDIA GeForce RTX 5090,9.2986,48.7383,60.816158294677734,machine,0.0,0.0,0.0,0.0,N
synthetic_rollout_generation_64,2026-09-13T00:10:50,mbpo_HalfCheetah-v5_seed14577,7761f238-9e96-4b98-904a-9805e57bb8ee,0.0055058870020729955,2.798457301306234e-08,5.072652882730678e-06,24.742952332438332,56.19363720745241,20.0,4.4369202166494315e-08,0.0,2.909076111858727e-08,7.345996328594895e-08,0.0,Germany,DEU,baden-wurttemberg,,,Linux-7.0.0-31-generic-x86_64-with-glibc2.43,3.14.4,3.3.0,24,Intel(R) Core(TM) Ultra 9 285K,1,1 x NVIDIA GeForce RTX 5090,9.2986,48.7383,60.816158294677734,machine,0.0,0.0,0.0,0.0,N
gradient_updates_64,2026-09-13T00:10:54,mbpo_HalfCheetah-v5_seed14577,7761f238-9e96-4b98-904a-9805e57bb8ee,3.9172512170007394,4.689192736807499e-05,1.1970640700705213e-05,24.73495712070212,56.23019591478281,20.0,2.973590295536621e-05,7.159755727798034e-05,2.175861843334119e-05,0.00012309207866668948,0.0,Germany,DEU,baden-wurttemberg,,,Linux-7.0.0-31-generic-x86_64-with-glibc2.43,3.14.4,3.3.0,24,Intel(R) Core(TM) Ultra 9 285K,1,1 x NVIDIA GeForce RTX 5090,9.2986,48.7383,60.816158294677734,machine,0.0,0.0,0.0,0.0,N
dynamics_model_update_65,2026-09-13T00:11:11,mbpo_HalfCheetah-v5_seed14577,7761f238-9e96-4b98-904a-9805e57bb8ee,16.920439863002684,0.00020585971147736755,1.216631765450949e-05,24.744356325456586,56.2797605038496,20.0,0.00012059893259018517,0.0003257855384060093,9.400064903889501e-05,0.0005403851200350904,0.0,Germany,DEU,baden-wurttemberg,,,Linux-7.0.0-31-generic-x86_64-with-glibc2.43,3.14.4,3.3.0,24,Intel(R) Core(TM) Ultra 9 285K,1,1 x NVIDIA GeForce RTX 5090,9.2986,48.7383,60.816158294677734,machine,0.0,0.0,0.0,0.0,N
rollout_65,2026-09-13T00:11:12,mbpo_HalfCheetah-v5_seed14577,7761f238-9e96-4b98-904a-9805e57bb8ee,0.19292234200111125,2.480465545458971e-06,1.2856554956555599e-05,24.777366543511118,56.32285102784984,20.0,1.8138597844205573e-06,3.626391790023664e-06,1.0710111777775116e-06,6.511262752223468e-06,0.0,Germany,DEU,baden-wurttemberg,,,Linux-7.0.0-31-generic-x86_64-with-glibc2.43,3.14.4,3.3.0,24,Intel(R) Core(TM) Ultra 9 285K,1,1 x NVIDIA GeForce RTX 5090,9.2986,48.7383,60.816158294677734,machine,0.0,0.0,0.0,0.0,N
synthetic_rollout_generation_65,2026-09-13T00:11:12,mbpo_HalfCheetah-v5_seed14577,7761f238-9e96-4b98-904a-9805e57bb8ee,0.005401615002483595,2.8655276321926104e-08,5.295255720255128e-06,24.76841357842361,56.11111098639176,20.0,4.6454481601732045e-08,0.0,2.8766088872034246e-08,7.522057047376629e-08,0.0,Germany,DEU,baden-wurttemberg,,,Linux-7.0.0-31-generic-x86_64-with-glibc2.43,3.14.4,3.3.0,24,Intel(R) Core(TM) Ultra 9 285K,1,1 x NVIDIA GeForce RTX 5090,9.2986,48.7383,60.816158294677734,machine,0.0,0.0,0.0,0.0,N
gradient_updates_65,2026-09-13T00:11:15,mbpo_HalfCheetah-v5_seed14577,7761f238-9e96-4b98-904a-9805e57bb8ee,3.933568198001012,4.604991105502075e-05,1.1706927419483528e-05,24.763529969509257,56.14049274475819,20.0,2.915618860271224e-05,6.987505590000387e-05,2.185052752779002e-05,0.00012088177203050526,0.0,Germany,DEU,baden-wurttemberg,,,Linux-7.0.0-31-generic-x86_64-with-glibc2.43,3.14.4,3.3.0,24,Intel(R) Core(TM) Ultra 9 285K,1,1 x NVIDIA GeForce RTX 5090,9.2986,48.7383,60.816158294677734,machine,0.0,0.0,0.0,0.0,N
dynamics_model_update_66,2026-09-13T00:11:27,mbpo_HalfCheetah-v5_seed14577,7761f238-9e96-4b98-904a-9805e57bb8ee,12.00332110099771,0.0001457400247271371,1.21416436333987e-05,24.77025964318697,56.18962068057957,20.0,8.480908201387999e-05,0.0002310785181959818,6.6682355761097e-05,0.0003825699559709579,0.0,Germany,DEU,baden-wurttemberg,,,Linux-7.0.0-31-generic-x86_64-with-glibc2.43,3.14.4,3.3.0,24,Intel(R) Core(TM) Ultra 9 285K,1,1 x NVIDIA GeForce RTX 5090,9.2986,48.7383,60.816158294677734,machine,0.0,0.0,0.0,0.0,N
rollout_66,2026-09-13T00:11:28,mbpo_HalfCheetah-v5_seed14577,7761f238-9e96-4b98-904a-9805e57bb8ee,0.19411960800061934,2.4909498654770296e-06,1.2831379771720253e-05,24.80202657589982,56.23231169227501,20.0,1.8153520078348362e-06,3.646947361990449e-06,1.0764848944544783e-06,6.538784264278896e-06,0.0,Germany,DEU,baden-wurttemberg,,,Linux-7.0.0-31-generic-x86_64-with-glibc2.43,3.14.4,3.3.0,24,Intel(R) Core(TM) Ultra 9 285K,1,1 x NVIDIA GeForce RTX 5090,9.2986,48.7383,60.816158294677734,machine,0.0,0.0,0.0,0.0,N
synthetic_rollout_generation_66,2026-09-13T00:11:28,mbpo_HalfCheetah-v5_seed14577,7761f238-9e96-4b98-904a-9805e57bb8ee,0.005486957001267001,2.7210958292167575e-08,4.951776613448579e-06,24.78595598067436,56.02404387119251,20.0,4.270753416885098e-08,0.0,2.872167778091017e-08,7.142921194802643e-08,0.0,Germany,DEU,baden-wurttemberg,,,Linux-7.0.0-31-generic-x86_64-with-glibc2.43,3.14.4,3.3.0,24,Intel(R) Core(TM) Ultra 9 285K,1,1 x NVIDIA GeForce RTX 5090,9.2986,48.7383,60.816158294677734,machine,0.0,0.0,0.0,0.0,N
gradient_updates_66,2026-09-13T00:11:32,mbpo_HalfCheetah-v5_seed14577,7761f238-9e96-4b98-904a-9805e57bb8ee,3.9141648920012813,4.581182291448112e-05,1.17041642721708e-05,24.775665375059635,56.053472035952126,20.0,2.8935682592969025e-05,6.957811121799384e-05,2.1742992944463573e-05,0.00012025678675543078,0.0,Germany,DEU,baden-wurttemberg,,,Linux-7.0.0-31-generic-x86_64-with-glibc2.43,3.14.4,3.3.0,24,Intel(R) Core(TM) Ultra 9 285K,1,1 x NVIDIA GeForce RTX 5090,9.2986,48.7383,60.816158294677734,machine,0.0,0.0,0.0,0.0,N
dynamics_model_update_67,2026-09-13T00:11:42,mbpo_HalfCheetah-v5_seed14577,7761f238-9e96-4b98-904a-9805e57bb8ee,10.410162002001016,0.00012703339067588262,1.2202795410504859e-05,24.781983214273843,56.10430618520033,20.0,7.356825691011426e-05,0.00020206516165199861,5.783131611666881e-05,0.0003334647346787817,0.0,Germany,DEU,baden-wurttemberg,,,Linux-7.0.0-31-generic-x86_64-with-glibc2.43,3.14.4,3.3.0,24,Intel(R) Core(TM) Ultra 9 285K,1,1 x NVIDIA GeForce RTX 5090,9.2986,48.7383,60.816158294677734,machine,0.0,0.0,0.0,0.0,N
rollout_67,2026-09-13T00:11:42,mbpo_HalfCheetah-v5_seed14577,7761f238-9e96-4b98-904a-9805e57bb8ee,0.19466830999954254,2.4653486577607547e-06,1.2663722604409374e-05,24.813340351542557,56.140727954854064,20.0,1.8219639575725588e-06,3.569169521988602e-06,1.0804471944434596e-06,6.471580674002886e-06,0.0,Germany,DEU,baden-wurttemberg,,,Linux-7.0.0-31-generic-x86_64-with-glibc2.43,3.14.4,3.3.0,24,Intel(R) Core(TM) Ultra 9 285K,1,1 x NVIDIA GeForce RTX 5090,9.2986,48.7383,60.816158294677734,machine,0.0,0.0,0.0,0.0,N
synthetic_rollout_generation_67,2026-09-13T00:11:42,mbpo_HalfCheetah-v5_seed14577,7761f238-9e96-4b98-904a-9805e57bb8ee,0.0054331760002241936,2.7599271498410238e-08,5.071493684900734e-06,24.799366476961655,55.93583478713562,20.0,4.3673923831588635e-08,0.0,2.8774616658150398e-08,7.244854048626959e-08,0.0,Germany,DEU,baden-wurttemberg,,,Linux-7.0.0-31-generic-x86_64-with-glibc2.43,3.14.4,3.3.0,24,Intel(R) Core(TM) Ultra 9 285K,1,1 x NVIDIA GeForce RTX 5090,9.2986,48.7383,60.816158294677734,machine,0.0,0.0,0.0,0.0,N
gradient_updates_67,2026-09-13T00:11:46,mbpo_HalfCheetah-v5_seed14577,7761f238-9e96-4b98-904a-9805e57bb8ee,3.9179032249994634,4.5553849471790045e-05,1.162712395531947e-05,24.78991796072473,55.965235548432176,20.0,2.8147448629049776e-05,6.966838906802275e-05,2.1763764538890694e-05,0.00011957960223596409,0.0,Germany,DEU,baden-wurttemberg,,,Linux-7.0.0-31-generic-x86_64-with-glibc2.43,3.14.4,3.3.0,24,Intel(R) Core(TM) Ultra 9 285K,1,1 x NVIDIA GeForce RTX 5090,9.2986,48.7383,60.816158294677734,machine,0.0,0.0,0.0,0.0,N
dynamics_model_update_68,2026-09-13T00:12:07,mbpo_HalfCheetah-v5_seed14577,7761f238-9e96-4b98-904a-9805e57bb8ee,21.211236244998872,0.0002569545019899845,1.2114076467190018e-05,24.79367134285472,56.01308687800404,20.0,0.00014911766096070006,0.0004075547704880389,0.00011783735196111388,0.0006745097834098546,0.0,Germany,DEU,baden-wurttemberg,,,Linux-7.0.0-31-generic-x86_64-with-glibc2.43,3.14.4,3.3.0,24,Intel(R) Core(TM) Ultra 9 285K,1,1 x NVIDIA GeForce RTX 5090,9.2986,48.7383,60.816158294677734,machine,0.0,0.0,0.0,0.0,N
rollout_68,2026-09-13T00:12:08,mbpo_HalfCheetah-v5_seed14577,7761f238-9e96-4b98-904a-9805e57bb8ee,0.19368971199946827,2.4644550153940514e-06,1.2723042781952719e-05,24.822015544790332,56.05366140083182,20.0,1.775526698187535e-06,3.6180584499501123e-06,1.0756496999922774e-06,6.469234848129057e-06,0.0,Germany,DEU,baden-wurttemberg,,,Linux-7.0.0-31-generic-x86_64-with-glibc2.43,3.14.4,3.3.0,24,Intel(R) Core(TM) Ultra 9 285K,1,1 x NVIDIA GeForce RTX 5090,9.2986,48.7383,60.816158294677734,machine,0.0,0.0,0.0,0.0,N
synthetic_rollout_generation_68,2026-09-13T00:12:08,mbpo_HalfCheetah-v5_seed14577,7761f238-9e96-4b98-904a-9805e57bb8ee,0.006135315001301933,3.0247660227217255e-08,4.921671875985451e-06,24.807287636137207,55.85202952528926,20.0,4.7098648793542086e-08,0.0,3.230195555568166e-08,7.940060434835639e-08,0.0,Germany,DEU,baden-wurttemberg,,,Linux-7.0.0-31-generic-x86_64-with-glibc2.43,3.14.4,3.3.0,24,Intel(R) Core(TM) Ultra 9 285K,1,1 x NVIDIA GeForce RTX 5090,9.2986,48.7383,60.816158294677734,machine,0.0,0.0,0.0,0.0,N
gradient_updates_68,2026-09-13T00:12:11,mbpo_HalfCheetah-v5_seed14577,7761f238-9e96-4b98-904a-9805e57bb8ee,3.9349029309996695,4.5724780285069655e-05,1.1620318125117399e-05,24.797890269068905,55.878543903050065,20.0,2.9044002679626257e-05,6.912644418999303e-05,2.185785155555363e-05,0.00012002829842517465,0.0,Germany,DEU,baden-wurttemberg,,,Linux-7.0.0-31-generic-x86_64-with-glibc2.43,3.14.4,3.3.0,24,Intel(R) Core(TM) Ultra 9 285K,1,1 x NVIDIA GeForce RTX 5090,9.2986,48.7383,60.816158294677734,machine,0.0,0.0,0.0,0.0,N
dynamics_model_update_69,2026-09-13T00:12:22,mbpo_HalfCheetah-v5_seed14577,7761f238-9e96-4b98-904a-9805e57bb8ee,10.758673536998685,0.0001305166683592332,1.2131270463588237e-05,24.803810034122424,55.9261906146433,20.0,7.598875440206765e-05,0.00020685294326006076,5.9766698083330884e-05,0.00034260839574545843,0.0,Germany,DEU,baden-wurttemberg,,,Linux-7.0.0-31-generic-x86_64-with-glibc2.43,3.14.4,3.3.0,24,Intel(R) Core(TM) Ultra 9 285K,1,1 x NVIDIA GeForce RTX 5090,9.2986,48.7383,60.816158294677734,machine,0.0,0.0,0.0,0.0,N
rollout_69,2026-09-13T00:12:22,mbpo_HalfCheetah-v5_seed14577,7761f238-9e96-4b98-904a-9805e57bb8ee,0.19542849800200202,2.4870020750387273e-06,1.2725780981331393e-05,24.836235843039105,55.962318175250786,20.0,1.8601109325264154e-06,3.5838917559760652e-06,1.0844185611052007e-06,6.528421249610283e-06,0.0,Germany,DEU,baden-wurttemberg,,,Linux-7.0.0-31-generic-x86_64-with-glibc2.43,3.14.4,3.3.0,24,Intel(R) Core(TM) Ultra 9 285K,1,1 x NVIDIA GeForce RTX 5090,9.2986,48.7383,60.816158294677734,machine,0.0,0.0,0.0,0.0,N
synthetic_rollout_generation_69,2026-09-13T00:12:22,mbpo_HalfCheetah-v5_seed14577,7761f238-9e96-4b98-904a-9805e57bb8ee,0.0060992630023974925,3.2638557299555226e-08,5.343275139333869e-06,24.83215547493966,55.76387023845911,20.0,5.3558098400685594e-08,0.0,3.211864999051045e-08,8.567674839032868e-08,0.0,Germany,DEU,baden-wurttemberg,,,Linux-7.0.0-31-generic-x86_64-with-glibc2.43,3.14.4,3.3.0,24,Intel(R) Core(TM) Ultra 9 285K,1,1 x NVIDIA GeForce RTX 5090,9.2986,48.7383,60.816158294677734,machine,0.0,0.0,0.0,0.0,N
gradient_updates_69,2026-09-13T00:12:26,mbpo_HalfCheetah-v5_seed14577,7761f238-9e96-4b98-904a-9805e57bb8ee,3.8984811379996245,4.533518447225049e-05,1.1628960462101276e-05,24.830224987823218,55.79228394381665,20.0,2.826372038873537e-05,6.908672193595145e-05,2.1655160699993008e-05,0.00011900560302467722,0.0,Germany,DEU,baden-wurttemberg,,,Linux-7.0.0-31-generic-x86_64-with-glibc2.43,3.14.4,3.3.0,24,Intel(R) Core(TM) Ultra 9 285K,1,1 x NVIDIA GeForce RTX 5090,9.2986,48.7383,60.816158294677734,machine,0.0,0.0,0.0,0.0,N
dynamics_model_update_70,2026-09-13T00:12:39,mbpo_HalfCheetah-v5_seed14577,7761f238-9e96-4b98-904a-9805e57bb8ee,12.880061315001512,0.0001521898329858752,1.181592752269171e-05,24.833727593932483,55.83865665469897,20.0,8.118609217105249e-05,0.00024675325295803185,7.156146333889193e-05,0.00039950080846797714,0.0,Germany,DEU,baden-wurttemberg,,,Linux-7.0.0-31-generic-x86_64-with-glibc2.43,3.14.4,3.3.0,24,Intel(R) Core(TM) Ultra 9 285K,1,1 x NVIDIA GeForce RTX 5090,9.2986,48.7383,60.816158294677734,machine,0.0,0.0,0.0,0.0,N
rollout_70,2026-09-13T00:12:39,mbpo_HalfCheetah-v5_seed14577,7761f238-9e96-4b98-904a-9805e57bb8ee,0.19829979900168837,2.3541580068033724e-06,1.1870944360602458e-05,24.835844201370023,55.8762192821569,20.0,1.4156908547738323e-06,3.663336264003725e-06,1.1006762722295949e-06,6.179703391007152e-06,0.0,Germany,DEU,baden-wurttemberg,,,Linux-7.0.0-31-generic-x86_64-with-glibc2.43,3.14.4,3.3.0,24,Intel(R) Core(TM) Ultra 9 285K,1,1 x NVIDIA GeForce RTX 5090,9.2986,48.7383,60.816158294677734,machine,0.0,0.0,0.0,0.0,N
synthetic_rollout_generation_70,2026-09-13T00:12:39,mbpo_HalfCheetah-v5_seed14577,7761f238-9e96-4b98-904a-9805e57bb8ee,0.006188631999975769,3.073220133237298e-08,4.9581277669264645e-06,24.82175382884966,55.68084788606544,20.0,4.782781603401842e-08,0.0,3.284471666951255e-08,8.067253270266361e-08,0.0,Germany,DEU,baden-wurttemberg,,,Linux-7.0.0-31-generic-x86_64-with-glibc2.43,3.14.4,3.3.0,24,Intel(R) Core(TM) Ultra 9 285K,1,1 x NVIDIA GeForce RTX 5090,9.2986,48.7383,60.816158294677734,machine,0.0,0.0,0.0,0.0,N
gradient_updates_70,2026-09-13T00:12:43,mbpo_HalfCheetah-v5_seed14577,7761f238-9e96-4b98-904a-9805e57bb8ee,3.9076674959978845,4.554632334817857e-05,1.1655655505316134e-05,24.812602575710226,55.7090607098041,20.0,2.8631117627103686e-05,6.922199982201116e-05,2.1706728588893887e-05,0.00011955984603800873,0.0,Germany,DEU,baden-wurttemberg,,,Linux-7.0.0-31-generic-x86_64-with-glibc2.43,3.14.4,3.3.0,24,Intel(R) Core(TM) Ultra 9 285K,1,1 x NVIDIA GeForce RTX 5090,9.2986,48.7383,60.816158294677734,machine,0.0,0.0,0.0,0.0,N
dynamics_model_update_71,2026-09-13T00:12:55,mbpo_HalfCheetah-v5_seed14577,7761f238-9e96-4b98-904a-9805e57bb8ee,11.145037214002514,0.00013242817355797049,1.1882232377704465e-05,24.81704113639866,55.75588396871464,20.0,7.150710359452028e-05,0.0002142051713640014,6.191385329445097e-05,0.0003476261282529744,0.0,Germany,DEU,baden-wurttemberg,,,Linux-7.0.0-31-generic-x86_64-with-glibc2.43,3.14.4,3.3.0,24,Intel(R) Core(TM) Ultra 9 285K,1,1 x NVIDIA GeForce RTX 5090,9.2986,48.7383,60.816158294677734,machine,0.0,0.0,0.0,0.0,N
rollout_71,2026-09-13T00:12:55,mbpo_HalfCheetah-v5_seed14577,7761f238-9e96-4b98-904a-9805e57bb8ee,0.20118414199896506,2.3163392261563165e-06,1.1513617778352173e-05,24.821295686859052,55.77952029817939,20.0,1.4700120093413815e-06,3.4941694619927688e-06,1.1162470000070437e-06,6.080428471340327e-06,0.0,Germany,DEU,baden-wurttemberg,,,Linux-7.0.0-31-generic-x86_64-with-glibc2.43,3.14.4,3.3.0,24,Intel(R) Core(TM) Ultra 9 285K,1,1 x NVIDIA GeForce RTX 5090,9.2986,48.7383,60.816158294677734,machine,0.0,0.0,0.0,0.0,N
synthetic_rollout_generation_71,2026-09-13T00:12:55,mbpo_HalfCheetah-v5_seed14577,7761f238-9e96-4b98-904a-9805e57bb8ee,0.006226993999007391,3.115950695208036e-08,4.997382899366105e-06,24.809164693927723,55.587177124737394,20.0,4.8980594746783623e-08,0.0,3.281362221784628e-08,8.179421696202782e-08,0.0,Germany,DEU,baden-wurttemberg,,,Linux-7.0.0-31-generic-x86_64-with-glibc2.43,3.14.4,3.3.0,24,Intel(R) Core(TM) Ultra 9 285K,1,1 x NVIDIA GeForce RTX 5090,9.2986,48.7383,60.816158294677734,machine,0.0,0.0,0.0,0.0,N
gradient_updates_71,2026-09-13T00:12:59,mbpo_HalfCheetah-v5_seed14577,7761f238-9e96-4b98-904a-9805e57bb8ee,3.9181514070005505,4.542198893708188e-05,1.1592735536014218e-05,24.801544788005305,55.612955263930104,20.0,2.88098486034144e-05,6.865838826003445e-05,2.1765229305552823e-05,0.00011923346616900254,0.0,Germany,DEU,baden-wurttemberg,,,Linux-7.0.0-31-generic-x86_64-with-glibc2.43,3.14.4,3.3.0,24,Intel(R) Core(TM) Ultra 9 285K,1,1 x NVIDIA GeForce RTX 5090,9.2986,48.7383,60.816158294677734,machine,0.0,0.0,0.0,0.0,N
dynamics_model_update_72,2026-09-13T00:13:14,mbpo_HalfCheetah-v5_seed14577,7761f238-9e96-4b98-904a-9805e57bb8ee,14.997238537998783,0.00017837200410474388,1.1893660194689476e-05,24.80658611811968,55.657744126978976,20.0,9.876127012006797e-05,0.0002861530066999851,8.331516038888407e-05,0.0004682294372089363,0.0,Germany,DEU,baden-wurttemberg,,,Linux-7.0.0-31-generic-x86_64-with-glibc2.43,3.14.4,3.3.0,24,Intel(R) Core(TM) Ultra 9 285K,1,1 x NVIDIA GeForce RTX 5090,9.2986,48.7383,60.816158294677734,machine,0.0,0.0,0.0,0.0,N
rollout_72,2026-09-13T00:13:14,mbpo_HalfCheetah-v5_seed14577,7761f238-9e96-4b98-904a-9805e57bb8ee,0.20253977000174928,2.394201142265351e-06,1.1820685248587083e-05,24.813109779420266,55.68886293450606,20.0,1.5184842703450108e-06,3.6422251359913282e-06,1.1241078722180192e-06,6.2848172785526235e-06,0.0,Germany,DEU,baden-wurttemberg,,,Linux-7.0.0-31-generic-x86_64-with-glibc2.43,3.14.4,3.3.0,24,Intel(R) Core(TM) Ultra 9 285K,1,1 x NVIDIA GeForce RTX 5090,9.2986,48.7383,60.816158294677734,machine,0.0,0.0,0.0,0.0,N
synthetic_rollout_generation_72,2026-09-13T00:13:14,mbpo_HalfCheetah-v5_seed14577,7761f238-9e96-4b98-904a-9805e57bb8ee,0.006174989997816738,3.130346389046412e-08,5.06084694225871e-06,24.802248909513857,55.49944503336828,20.0,4.950615072052411e-08,0.0,3.266595556637025e-08,8.2172106286027e-08,0.0,Germany,DEU,baden-wurttemberg,,,Linux-7.0.0-31-generic-x86_64-with-glibc2.43,3.14.4,3.3.0,24,Intel(R) Core(TM) Ultra 9 285K,1,1 x NVIDIA GeForce RTX 5090,9.2986,48.7383,60.816158294677734,machine,0.0,0.0,0.0,0.0,N
gradient_updates_72,2026-09-13T00:13:18,mbpo_HalfCheetah-v5_seed14577,7761f238-9e96-4b98-904a-9805e57bb8ee,3.9931460580010025,4.4897958813287786e-05,1.1243782172683409e-05,24.79246844054422,55.52637456027844,20.0,2.5311370526859278e-05,7.036505629198775e-05,2.2181451677776368e-05,0.00011785787849662166,0.0,Germany,DEU,baden-wurttemberg,,,Linux-7.0.0-31-generic-x86_64-with-glibc2.43,3.14.4,3.3.0,24,Intel(R) Core(TM) Ultra 9 285K,1,1 x NVIDIA GeForce RTX 5090,9.2986,48.7383,60.816158294677734,machine,0.0,0.0,0.0,0.0,N
dynamics_model_update_73,2026-09-13T00:13:34,mbpo_HalfCheetah-v5_seed14577,7761f238-9e96-4b98-904a-9805e57bb8ee,15.903163546001451,0.00019542570046375204,1.228846323624819e-05,24.786587012803817,55.57331711609182,20.0,0.00011798551355500508,0.0003066624675519547,8.834768883332622e-05,0.000512995669940286,0.0,Germany,DEU,baden-wurttemberg,,,Linux-7.0.0-31-generic-x86_64-with-glibc2.43,3.14.4,3.3.0,24,Intel(R) Core(TM) Ultra 9 285K,1,1 x NVIDIA GeForce RTX 5090,9.2986,48.7383,60.816158294677734,machine,0.0,0.0,0.0,0.0,N
rollout_73,2026-09-13T00:13:34,mbpo_HalfCheetah-v5_seed14577,7761f238-9e96-4b98-904a-9805e57bb8ee,0.19334074400103418,2.45487269133135e-06,1.2696491912537076e-05,24.8151729881598,55.60938087098142,20.0,1.808061724228871e-06,3.561669516038979e-06,1.074349849982531e-06,6.44408109025385e-06,0.0,Germany,DEU,baden-wurttemberg,,,Linux-7.0.0-31-generic-x86_64-with-glibc2.43,3.14.4,3.3.0,24,Intel(R) Core(TM) Ultra 9 285K,1,1 x NVIDIA GeForce RTX 5090,9.2986,48.7383,60.816158294677734,machine,0.0,0.0,0.0,0.0,N
synthetic_rollout_generation_73,2026-09-13T00:13:34,mbpo_HalfCheetah-v5_seed14577,7761f238-9e96-4b98-904a-9805e57bb8ee,0.006204984998475993,3.2140570529679e-08,5.17648880698478e-06,24.808376393013624,55.42277221034054,20.0,5.203254162255977e-08,0.0,3.233698332889834e-08,8.436952494972338e-08,0.0,Germany,DEU,baden-wurttemberg,,,Linux-7.0.0-31-generic-x86_64-with-glibc2.43,3.14.4,3.3.0,24,Intel(R) Core(TM) Ultra 9 285K,1,1 x NVIDIA GeForce RTX 5090,9.2986,48.7383,60.816158294677734,machine,0.0,0.0,0.0,0.0,N
gradient_updates_73,2026-09-13T00:13:38,mbpo_HalfCheetah-v5_seed14577,7761f238-9e96-4b98-904a-9805e57bb8ee,4.200156861999858,4.802621474067452e-05,1.1434412823598927e-05,24.803105846489828,55.448278433256405,20.0,2.9185281959311082e-05,7.355283661997225e-05,2.3331483049999872e-05,0.0001260696016292806,0.0,Germany,DEU,baden-wurttemberg,,,Linux-7.0.0-31-generic-x86_64-with-glibc2.43,3.14.4,3.3.0,24,Intel(R) Core(TM) Ultra 9 285K,1,1 x NVIDIA GeForce RTX 5090,9.2986,48.7383,60.816158294677734,machine,0.0,0.0,0.0,0.0,N
dynamics_model_update_74,2026-09-13T00:13:49,mbpo_HalfCheetah-v5_seed14577,7761f238-9e96-4b98-904a-9805e57bb8ee,10.920591507001518,0.00013984747078703633,1.2805849480701185e-05,24.805161598352814,55.50154414710943,20.0,8.976477181175946e-05,0.0002166696177799965,6.0667515611122734e-05,0.00036710190520287955,0.0,Germany,DEU,baden-wurttemberg,,,Linux-7.0.0-31-generic-x86_64-with-glibc2.43,3.14.4,3.3.0,24,Intel(R) Core(TM) Ultra 9 285K,1,1 x NVIDIA GeForce RTX 5090,9.2986,48.7383,60.816158294677734,machine,0.0,0.0,0.0,0.0,N
rollout_74,2026-09-13T00:13:49,mbpo_HalfCheetah-v5_seed14577,7761f238-9e96-4b98-904a-9805e57bb8ee,0.1944394670026668,2.4891494173531065e-06,1.2801373005262016e-05,24.832168195705005,55.5422892605458,20.0,1.7974314379526346e-06,3.657502926024403e-06,1.079123694439424e-06,6.534058058414727e-06,0.0,Germany,DEU,baden-wurttemberg,,,Linux-7.0.0-31-generic-x86_64-with-glibc2.43,3.14.4,3.3.0,24,Intel(R) Core(TM) Ultra 9 285K,1,1 x NVIDIA GeForce RTX 5090,9.2986,48.7383,60.816158294677734,machine,0.0,0.0,0.0,0.0,N
synthetic_rollout_generation_74,2026-09-13T00:13:49,mbpo_HalfCheetah-v5_seed14577,7761f238-9e96-4b98-904a-9805e57bb8ee,0.0061735899980703834,3.170291571104322e-08,5.128000708051369e-06,24.82354883187386,55.358374395444656,20.0,5.067615165693651e-08,0.0,3.254452221861798e-08,8.32206738729524e-08,0.0,Germany,DEU,baden-wurttemberg,,,Linux-7.0.0-31-generic-x86_64-with-glibc2.43,3.14.4,3.3.0,24,Intel(R) Core(TM) Ultra 9 285K,1,1 x NVIDIA GeForce RTX 5090,9.2986,48.7383,60.816158294677734,machine,0.0,0.0,0.0,0.0,N
gradient_updates_74,2026-09-13T00:13:53,mbpo_HalfCheetah-v5_seed14577,7761f238-9e96-4b98-904a-9805e57bb8ee,4.1739819739996165,4.835602572181297e-05,1.1585135116209476e-05,24.81770029675273,55.3840374629335,20.0,3.055504388845692e-05,7.319394744398355e-05,2.3186369533322905e-05,0.00012693536086576251,0.0,Germany,DEU,baden-wurttemberg,,,Linux-7.0.0-31-generic-x86_64-with-glibc2.43,3.14.4,3.3.0,24,Intel(R) Core(TM) Ultra 9 285K,1,1 x NVIDIA GeForce RTX 5090,9.2986,48.7383,60.816158294677734,machine,0.0,0.0,0.0,0.0,N
dynamics_model_update_75,2026-09-13T00:14:06,mbpo_HalfCheetah-v5_seed14577,7761f238-9e96-4b98-904a-9805e57bb8ee,12.583827852999093,0.00016219739114109975,1.2889327840566492e-05,24.823717372558264,55.436994950858484,20.0,0.00010600321452472472,0.0002498604776660085,6.990712062223715e-05,0.00042577081281296864,0.0,Germany,DEU,baden-wurttemberg,,,Linux-7.0.0-31-generic-x86_64-with-glibc2.43,3.14.4,3.3.0,24,Intel(R) Core(TM) Ultra 9 285K,1,1 x NVIDIA GeForce RTX 5090,9.2986,48.7383,60.816158294677734,machine,0.0,0.0,0.0,0.0,N
rollout_75,2026-09-13T00:14:06,mbpo_HalfCheetah-v5_seed14577,7761f238-9e96-4b98-904a-9805e57bb8ee,0.19509675900189904,2.4618653839229843e-06,1.2618070991003136e-05,24.850930852841444,55.46979443596741,20.0,1.8198447892109337e-06,3.5561139560269517e-06,1.0864782777897375e-06,6.462437023027623e-06,0.0,Germany,DEU,baden-wurttemberg,,,Linux-7.0.0-31-generic-x86_64-with-glibc2.43,3.14.4,3.3.0,24,Intel(R) Core(TM) Ultra 9 285K,1,1 x NVIDIA GeForce RTX 5090,9.2986,48.7383,60.816158294677734,machine,0.0,0.0,0.0,0.0,N
synthetic_rollout_generation_75,2026-09-13T00:14:06,mbpo_HalfCheetah-v5_seed14577,7761f238-9e96-4b98-904a-9805e57bb8ee,0.006231873001524946,3.2549355644811984e-08,5.215346920259215e-06,24.845532932532592,55.28852059794137,20.0,5.323615370061985e-08,0.0,3.220643888645486e-08,8.544259258447262e-08,0.0,Germany,DEU,baden-wurttemberg,,,Linux-7.0.0-31-generic-x86_64-with-glibc2.43,3.14.4,3.3.0,24,Intel(R) Core(TM) Ultra 9 285K,1,1 x NVIDIA GeForce RTX 5090,9.2986,48.7383,60.816158294677734,machine,0.0,0.0,0.0,0.0,N
gradient_updates_75,2026-09-13T00:14:10,mbpo_HalfCheetah-v5_seed14577,7761f238-9e96-4b98-904a-9805e57bb8ee,4.185909452000487,4.8455320610289385e-05,1.1575859655897217e-05,24.842301247785844,55.31337310509847,20.0,3.079282657868915e-05,7.315089185394585e-05,2.3252293144449335e-05,0.0001271960115770826,0.0,Germany,DEU,baden-wurttemberg,,,Linux-7.0.0-31-generic-x86_64-with-glibc2.43,3.14.4,3.3.0,24,Intel(R) Core(TM) Ultra 9 285K,1,1 x NVIDIA GeForce RTX 5090,9.2986,48.7383,60.816158294677734,machine,0.0,0.0,0.0,0.0,N
dynamics_model_update_76,2026-09-13T00:14:25,mbpo_HalfCheetah-v5_seed14577,7761f238-9e96-4b98-904a-9805e57bb8ee,14.380531369999517,0.00018521547584960177,1.2879600055538905e-05,24.84837696485791,55.3662262717423,20.0,0.0001203311920982067,0.0002859732843340512,7.98891863833381e-05,0.0004861936628155969,0.0,Germany,DEU,baden-wurttemberg,,,Linux-7.0.0-31-generic-x86_64-with-glibc2.43,3.14.4,3.3.0,24,Intel(R) Core(TM) Ultra 9 285K,1,1 x NVIDIA GeForce RTX 5090,9.2986,48.7383,60.816158294677734,machine,0.0,0.0,0.0,0.0,N
rollout_76,2026-09-13T00:14:25,mbpo_HalfCheetah-v5_seed14577,7761f238-9e96-4b98-904a-9805e57bb8ee,0.19674166200275067,2.4347686940241753e-06,1.2375477118642091e-05,24.874612724527843,55.3933228189652,20.0,1.8193361776899786e-06,3.480280562018212e-06,1.0916910277757388e-06,6.3913077674865315e-06,0.0,Germany,DEU,baden-wurttemberg,,,Linux-7.0.0-31-generic-x86_64-with-glibc2.43,3.14.4,3.3.0,24,Intel(R) Core(TM) Ultra 9 285K,1,1 x NVIDIA GeForce RTX 5090,9.2986,48.7383,60.816158294677734,machine,0.0,0.0,0.0,0.0,N
synthetic_rollout_generation_76,2026-09-13T00:14:25,mbpo_HalfCheetah-v5_seed14577,7761f238-9e96-4b98-904a-9805e57bb8ee,0.006133127997600241,3.2095042838686805e-08,5.22507649842288e-06,24.868781154430707,55.21463468083951,20.0,5.2252819585096866e-08,0.0,3.199719443135879e-08,8.425001401385357e-08,0.0,Germany,DEU,baden-wurttemberg,,,Linux-7.0.0-31-generic-x86_64-with-glibc2.43,3.14.4,3.3.0,24,Intel(R) Core(TM) Ultra 9 285K,1,1 x NVIDIA GeForce RTX 5090,9.2986,48.7383,60.816158294677734,machine,0.0,0.0,0.0,0.0,N
gradient_updates_76,2026-09-13T00:14:29,mbpo_HalfCheetah-v5_seed14577,7761f238-9e96-4b98-904a-9805e57bb8ee,4.1744553850003285,4.814239016149094e-05,1.1532637522248535e-05,24.865053381868236,55.23869856027919,20.0,3.0488176612754325e-05,7.269728037995193e-05,2.3189107022234673e-05,0.00012637456401493746,0.0,Germany,DEU,baden-wurttemberg,,,Linux-7.0.0-31-generic-x86_64-with-glibc2.43,3.14.4,3.3.0,24,Intel(R) Core(TM) Ultra 9 285K,1,1 x NVIDIA GeForce RTX 5090,9.2986,48.7383,60.816158294677734,machine,0.0,0.0,0.0,0.0,N
dynamics_model_update_77,2026-09-13T00:14:47,mbpo_HalfCheetah-v5_seed14577,7761f238-9e96-4b98-904a-9805e57bb8ee,17.836603244002617,0.00022892978280344978,1.2834814324216343e-05,24.870284597973807,55.28953062948584,20.0,0.0001496006852360135,0.00035225472624800247,9.908902427776221e-05,0.0006009444357617799,0.0,Germany,DEU,baden-wurttemberg,,,Linux-7.0.0-31-generic-x86_64-with-glibc2.43,3.14.4,3.3.0,24,Intel(R) Core(TM) Ultra 9 285K,1,1 x NVIDIA GeForce RTX 5090,9.2986,48.7383,60.816158294677734,machine,0.0,0.0,0.0,0.0,N
rollout_77,2026-09-13T00:14:47,mbpo_HalfCheetah-v5_seed14577,7761f238-9e96-4b98-904a-9805e57bb8ee,0.19372728300004383,2.5196335528727964e-06,1.300565053248695e-05,24.89637089022295,55.33514842959178,20.0,1.7967192151510658e-06,3.741947438018478e-06,1.0754127611209766e-06,6.614079414289653e-06,0.0,Germany,DEU,baden-wurttemberg,,,Linux-7.0.0-31-generic-x86_64-with-glibc2.43,3.14.4,3.3.0,24,Intel(R) Core(TM) Ultra 9 285K,1,1 x NVIDIA GeForce RTX 5090,9.2986,48.7383,60.816158294677734,machine,0.0,0.0,0.0,0.0,N
synthetic_rollout_generation_77,2026-09-13T00:14:47,mbpo_HalfCheetah-v5_seed14577,7761f238-9e96-4b98-904a-9805e57bb8ee,0.00613931200132356,3.521474854599471e-08,5.727701134151234e-06,24.882206021056618,55.158921842236396,20.0,5.3354764904811613e-08,0.0,3.9084527775692934e-08,9.243929267876982e-08,0.0,Germany,DEU,baden-wurttemberg,,,Linux-7.0.0-31-generic-x86_64-with-glibc2.43,3.14.4,3.3.0,24,Intel(R) Core(TM) Ultra 9 285K,1,1 x NVIDIA GeForce RTX 5090,9.2986,48.7383,60.816158294677734,machine,0.0,0.0,0.0,0.0,N
gradient_updates_77,2026-09-13T00:14:51,mbpo_HalfCheetah-v5_seed14577,7761f238-9e96-4b98-904a-9805e57bb8ee,4.213540224998724,4.847149860225629e-05,1.1503766984093373e-05,24.871899597830833,55.181662840900216,20.0,3.0895127771636555e-05,7.293728057200521e-05,2.3406070727772718e-05,0.00012723847907141622,0.0,Germany,DEU,baden-wurttemberg,,,Linux-7.0.0-31-generic-x86_64-with-glibc2.43,3.14.4,3.3.0,24,Intel(R) Core(TM) Ultra 9 285K,1,1 x NVIDIA GeForce RTX 5090,9.2986,48.7383,60.816158294677734,machine,0.0,0.0,0.0,0.0,N
dynamics_model_update_78,2026-09-13T00:15:03,mbpo_HalfCheetah-v5_seed14577,7761f238-9e96-4b98-904a-9805e57bb8ee,11.598560689002625,0.00014652455387963864,1.2633001691460808e-05,24.87717084901358,55.23220827501996,20.0,9.095897360045235e-05,0.0002292368500559916,6.443353421109379e-05,0.0003846293578675386,0.0,Germany,DEU,baden-wurttemberg,,,Linux-7.0.0-31-generic-x86_64-with-glibc2.43,3.14.4,3.3.0,24,Intel(R) Core(TM) Ultra 9 285K,1,1 x NVIDIA GeForce RTX 5090,9.2986,48.7383,60.816158294677734,machine,0.0,0.0,0.0,0.0,N
rollout_78,2026-09-13T00:15:03,mbpo_HalfCheetah-v5_seed14577,7761f238-9e96-4b98-904a-9805e57bb8ee,0.2014532520006469,2.3701223991531156e-06,1.1764590953825311e-05,24.88117245321178,55.2624948411833,20.0,1.477980626829467e-06,3.625558456010758e-06,1.1180711000030943e-06,6.221610182842452e-06,0.0,Germany,DEU,baden-wurttemberg,,,Linux-7.0.0-31-generic-x86_64-with-glibc2.43,3.14.4,3.3.0,24,Intel(R) Core(TM) Ultra 9 285K,1,1 x NVIDIA GeForce RTX 5090,9.2986,48.7383,60.816158294677734,machine,0.0,0.0,0.0,0.0,N
synthetic_rollout_generation_78,2026-09-13T00:15:03,mbpo_HalfCheetah-v5_seed14577,7761f238-9e96-4b98-904a-9805e57bb8ee,0.006225458000699291,3.020007520448953e-08,4.8432646782050724e-06,24.866733016912274,55.08871341086511,20.0,4.66750373420699e-08,0.0,3.260065554490377e-08,7.927569288523895e-08,0.0,Germany,DEU,baden-wurttemberg,,,Linux-7.0.0-31-generic-x86_64-with-glibc2.43,3.14.4,3.3.0,24,Intel(R) Core(TM) Ultra 9 285K,1,1 x NVIDIA GeForce RTX 5090,9.2986,48.7383,60.816158294677734,machine,0.0,0.0,0.0,0.0,N
gradient_updates_78,2026-09-13T00:15:08,mbpo_HalfCheetah-v5_seed14577,7761f238-9e96-4b98-904a-9805e57bb8ee,4.2032807400028105,4.818705823957971e-05,1.1464174121153838e-05,24.85608497133482,55.11071125236187,20.0,3.060566920673469e-05,7.25297802460223e-05,2.335636900000545e-05,0.0001264918184527633,0.0,Germany,DEU,baden-wurttemberg,,,Linux-7.0.0-31-generic-x86_64-with-glibc2.43,3.14.4,3.3.0,24,Intel(R) Core(TM) Ultra 9 285K,1,1 x NVIDIA GeForce RTX 5090,9.2986,48.7383,60.816158294677734,machine,0.0,0.0,0.0,0.0,N
dynamics_model_update_79,2026-09-13T00:15:27,mbpo_HalfCheetah-v5_seed14577,7761f238-9e96-4b98-904a-9805e57bb8ee,19.882781249998516,0.0002544518372777915,1.2797583840588352e-05,24.860844290679992,55.160395717200934,20.0,0.00016530613946701828,0.00039217725818596616,0.00011045684982776381,0.00066794024748075,0.0,Germany,DEU,baden-wurttemberg,,,Linux-7.0.0-31-generic-x86_64-with-glibc2.43,3.14.4,3.3.0,24,Intel(R) Core(TM) Ultra 9 285K,1,1 x NVIDIA GeForce RTX 5090,9.2986,48.7383,60.816158294677734,machine,0.0,0.0,0.0,0.0,N
rollout_79,2026-09-13T00:15:28,mbpo_HalfCheetah-v5_seed14577,7761f238-9e96-4b98-904a-9805e57bb8ee,0.19459495399860316,2.4763060585079183e-06,1.2725616454309898e-05,24.886038687602035,55.197379195113214,20.0,1.7995167173878723e-06,3.620836230011637e-06,1.079991083336243e-06,6.500344030734018e-06,0.0,Germany,DEU,baden-wurttemberg,,,Linux-7.0.0-31-generic-x86_64-with-glibc2.43,3.14.4,3.3.0,24,Intel(R) Core(TM) Ultra 9 285K,1,1 x NVIDIA GeForce RTX 5090,9.2986,48.7383,60.816158294677734,machine,0.0,0.0,0.0,0.0,N
synthetic_rollout_generation_79,2026-09-13T00:15:28,mbpo_HalfCheetah-v5_seed14577,7761f238-9e96-4b98-904a-9805e57bb8ee,0.006152488000225276,3.2985687618836135e-08,5.35527670362079e-06,24.88287502135503,55.02595876283026,20.0,5.425337674253017e-08,0.0,3.233459442992387e-08,8.658797117505612e-08,0.0,Germany,DEU,baden-wurttemberg,,,Linux-7.0.0-31-generic-x86_64-with-glibc2.43,3.14.4,3.3.0,24,Intel(R) Core(TM) Ultra 9 285K,1,1 x NVIDIA GeForce RTX 5090,9.2986,48.7383,60.816158294677734,machine,0.0,0.0,0.0,0.0,N
gradient_updates_79,2026-09-13T00:15:32,mbpo_HalfCheetah-v5_seed14577,7761f238-9e96-4b98-904a-9805e57bb8ee,4.25068670699693,4.7286351095783205e-05,1.1124429013154875e-05,24.879658764371545,55.04560419628986,20.0,2.8056760778723266e-05,7.245811352202258e-05,2.361257312222774e-05,0.00012412744742297532,0.0,Germany,DEU,baden-wurttemberg,,,Linux-7.0.0-31-generic-x86_64-with-glibc2.43,3.14.4,3.3.0,24,Intel(R) Core(TM) Ultra 9 285K,1,1 x NVIDIA GeForce RTX 5090,9.2986,48.7383,60.816158294677734,machine,0.0,0.0,0.0,0.0,N
dynamics_model_update_80,2026-09-13T00:15:49,mbpo_HalfCheetah-v5_seed14577,7761f238-9e96-4b98-904a-9805e57bb8ee,17.038435115999164,0.00021431968358344607,1.257860330945996e-05,24.87687542935592,55.094936683970275,20.0,0.0001317717373617508,0.00033616582448797727,9.465512376110458e-05,0.0005625926856108326,0.0,Germany,DEU,baden-wurttemberg,,,Linux-7.0.0-31-generic-x86_64-with-glibc2.43,3.14.4,3.3.0,24,Intel(R) Core(TM) Ultra 9 285K,1,1 x NVIDIA GeForce RTX 5090,9.2986,48.7383,60.816158294677734,machine,0.0,0.0,0.0,0.0,N
rollout_80,2026-09-13T00:15:49,mbpo_HalfCheetah-v5_seed14577,7761f238-9e96-4b98-904a-9805e57bb8ee,0.19920457500120392,2.350325437818976e-06,1.1798066028685623e-05,24.88032899897875,55.12629986787382,20.0,1.4533969960525694e-06,3.610558444056e-06,1.1056873944351522e-06,6.1696428345428544e-06,0.0,Germany,DEU,baden-wurttemberg,,,Linux-7.0.0-31-generic-x86_64-with-glibc2.43,3.14.4,3.3.0,24,Intel(R) Core(TM) Ultra 9 285K,1,1 x NVIDIA GeForce RTX 5090,9.2986,48.7383,60.816158294677734,machine,0.0,0.0,0.0,0.0,N
synthetic_rollout_generation_80,2026-09-13T00:15:49,mbpo_HalfCheetah-v5_seed14577,7761f238-9e96-4b98-904a-9805e57bb8ee,0.006295982002484379,6.653760905202255e-07,0.0001055338740974023,24.866089564167936,58.01070155982492,20.0,4.7065037651894404e-08,1.6663902219216098e-06,3.316789443531115e-08,1.7466231540114174e-06,0.0,Germany,DEU,baden-wurttemberg,,,Linux-7.0.0-31-generic-x86_64-with-glibc2.43,3.14.4,3.3.0,24,Intel(R) Core(TM) Ultra 9 285K,1,1 x NVIDIA GeForce RTX 5090,9.2986,48.7383,60.816158294677734,machine,0.0,0.0,0.0,0.0,N
gradient_updates_80,2026-09-13T00:15:53,mbpo_HalfCheetah-v5_seed14577,7761f238-9e96-4b98-904a-9805e57bb8ee,4.185186730999703,4.755702608905815e-05,1.1363200363034284e-05,24.855858868989134,58.01900352643499,20.0,3.0997175075500594e-05,7.059172314005657e-05,2.3249075505555293e-05,0.00012483797372111333,0.0,Germany,DEU,baden-wurttemberg,,,Linux-7.0.0-31-generic-x86_64-with-glibc2.43,3.14.4,3.3.0,24,Intel(R) Core(TM) Ultra 9 285K,1,1 x NVIDIA GeForce RTX 5090,9.2986,48.7383,60.816158294677734,machine,0.0,0.0,0.0,0.0,N
dynamics_model_update_81,2026-09-13T00:16:17,mbpo_HalfCheetah-v5_seed14577,7761f238-9e96-4b98-904a-9805e57bb8ee,23.80142957299904,0.0003043981495874544,1.2789058054790729e-05,24.861706975130453,58.059293350844975,20.0,0.00019586906725068548,0.0004709542656519683,0.00013222680382777002,0.0007990501367304212,0.0,Germany,DEU,baden-wurttemberg,,,Linux-7.0.0-31-generic-x86_64-with-glibc2.43,3.14.4,3.3.0,24,Intel(R) Core(TM) Ultra 9 285K,1,1 x NVIDIA GeForce RTX 5090,9.2986,48.7383,60.816158294677734,machine,0.0,0.0,0.0,0.0,N
rollout_81,2026-09-13T00:16:17,mbpo_HalfCheetah-v5_seed14577,7761f238-9e96-4b98-904a-9805e57bb8ee,0.2016479679987242,3.0101547201684398e-06,1.4927959116728472e-05,24.865571348318124,58.17086014597551,20.0,1.4784553494309738e-06,5.304170909992134e-06,1.1190792666739002e-06,7.901705526100478e-06,0.0,Germany,DEU,baden-wurttemberg,,,Linux-7.0.0-31-generic-x86_64-with-glibc2.43,3.14.4,3.3.0,24,Intel(R) Core(TM) Ultra 9 285K,1,1 x NVIDIA GeForce RTX 5090,9.2986,48.7383,60.816158294677734,machine,0.0,0.0,0.0,0.0,N
synthetic_rollout_generation_81,2026-09-13T00:16:17,mbpo_HalfCheetah-v5_seed14577,7761f238-9e96-4b98-904a-9805e57bb8ee,0.006532352999784052,3.355890869187472e-08,5.130744000609293e-06,24.853114721484435,57.994584812199825,20.0,5.182893034888503e-08,0.0,3.626375554531547e-08,8.809268589593522e-08,0.0,Germany,DEU,baden-wurttemberg,,,Linux-7.0.0-31-generic-x86_64-with-glibc2.43,3.14.4,3.3.0,24,Intel(R) Core(TM) Ultra 9 285K,1,1 x NVIDIA GeForce RTX 5090,9.2986,48.7383,60.816158294677734,machine,0.0,0.0,0.0,0.0,N
gradient_updates_81,2026-09-13T00:16:22,mbpo_HalfCheetah-v5_seed14577,7761f238-9e96-4b98-904a-9805e57bb8ee,4.212272975000815,4.8506318046261446e-05,1.1515494358285149e-05,24.844288908731865,58.007217663794115,20.0,3.118512911474275e-05,7.274533597401156e-05,2.339941559443507e-05,0.0001273298806831885,0.0,Germany,DEU,baden-wurttemberg,,,Linux-7.0.0-31-generic-x86_64-with-glibc2.43,3.14.4,3.3.0,24,Intel(R) Core(TM) Ultra 9 285K,1,1 x NVIDIA GeForce RTX 5090,9.2986,48.7383,60.816158294677734,machine,0.0,0.0,0.0,0.0,N
dynamics_model_update_82,2026-09-13T00:16:42,mbpo_HalfCheetah-v5_seed14577,7761f238-9e96-4b98-904a-9805e57bb8ee,20.736243822000688,0.00026231855279594193,1.2650247805503259e-05,24.84993798795431,58.04700240968697,20.0,0.00016319346194355183,0.00041019866149200057,0.00011519838134445293,0.0006885905047800053,0.0,Germany,DEU,baden-wurttemberg,,,Linux-7.0.0-31-generic-x86_64-with-glibc2.43,3.14.4,3.3.0,24,Intel(R) Core(TM) Ultra 9 285K,1,1 x NVIDIA GeForce RTX 5090,9.2986,48.7383,60.816158294677734,machine,0.0,0.0,0.0,0.0,N
rollout_82,2026-09-13T00:16:42,mbpo_HalfCheetah-v5_seed14577,7761f238-9e96-4b98-904a-9805e57bb8ee,0.2005813110008603,2.3960196689869206e-06,1.1944698022516701e-05,24.85392245425557,58.07237239422472,20.0,1.4734539565477989e-06,3.7027807400225043e-06,1.113356244463251e-06,6.28959094103182e-06,0.0,Germany,DEU,baden-wurttemberg,,,Linux-7.0.0-31-generic-x86_64-with-glibc2.43,3.14.4,3.3.0,24,Intel(R) Core(TM) Ultra 9 285K,1,1 x NVIDIA GeForce RTX 5090,9.2986,48.7383,60.816158294677734,machine,0.0,0.0,0.0,0.0,N
synthetic_rollout_generation_82,2026-09-13T00:16:42,mbpo_HalfCheetah-v5_seed14577,7761f238-9e96-4b98-904a-9805e57bb8ee,0.006203850000019884,3.263577402420892e-08,5.253897028849209e-06,24.848270201734774,57.8985030157989,20.0,5.2812264471346904e-08,0.0,3.2857177777179114e-08,8.566944224852602e-08,0.0,Germany,DEU,baden-wurttemberg,,,Linux-7.0.0-31-generic-x86_64-with-glibc2.43,3.14.4,3.3.0,24,Intel(R) Core(TM) Ultra 9 285K,1,1 x NVIDIA GeForce RTX 5090,9.2986,48.7383,60.816158294677734,machine,0.0,0.0,0.0,0.0,N
gradient_updates_82,2026-09-13T00:16:47,mbpo_HalfCheetah-v5_seed14577,7761f238-9e96-4b98-904a-9805e57bb8ee,4.201086799999757,4.816406515391683e-05,1.1464690553485228e-05,24.844700875293775,57.91056376037231,20.0,3.082073298989879e-05,7.227394670800136e-05,2.333678152776405e-05,0.00012643146122566506,0.0,Germany,DEU,baden-wurttemberg,,,Linux-7.0.0-31-generic-x86_64-with-glibc2.43,3.14.4,3.3.0,24,Intel(R) Core(TM) Ultra 9 285K,1,1 x NVIDIA GeForce RTX 5090,9.2986,48.7383,60.816158294677734,machine,0.0,0.0,0.0,0.0,N
dynamics_model_update_83,2026-09-13T00:16:57,mbpo_HalfCheetah-v5_seed14577,7761f238-9e96-4b98-904a-9805e57bb8ee,10.423763831000542,0.00013488165326838372,1.2939796303753454e-05,24.85036902868353,57.952532792890096,20.0,8.763327538434396e-05,0.00020852100015000818,5.791227721110761e-05,0.0003540665527454606,0.0,Germany,DEU,baden-wurttemberg,,,Linux-7.0.0-31-generic-x86_64-with-glibc2.43,3.14.4,3.3.0,24,Intel(R) Core(TM) Ultra 9 285K,1,1 x NVIDIA GeForce RTX 5090,9.2986,48.7383,60.816158294677734,machine,0.0,0.0,0.0,0.0,N
rollout_83,2026-09-13T00:16:57,mbpo_HalfCheetah-v5_seed14577,7761f238-9e96-4b98-904a-9805e57bb8ee,0.1952512560019386,2.446737708595298e-06,1.2531111016865627e-05,24.876174600255496,57.97233199568555,20.0,1.8380873038070789e-06,3.5013916899750974e-06,1.0832476333233823e-06,6.422726627104691e-06,0.0,Germany,DEU,baden-wurttemberg,,,Linux-7.0.0-31-generic-x86_64-with-glibc2.43,3.14.4,3.3.0,24,Intel(R) Core(TM) Ultra 9 285K,1,1 x NVIDIA GeForce RTX 5090,9.2986,48.7383,60.816158294677734,machine,0.0,0.0,0.0,0.0,N
synthetic_rollout_generation_83,2026-09-13T00:16:57,mbpo_HalfCheetah-v5_seed14577,7761f238-9e96-4b98-904a-9805e57bb8ee,0.0061725160012429114,3.0013430761532955e-08,4.8557580446850294e-06,24.862620403713922,57.80081622055039,20.0,4.630198148503073e-08,0.0,3.248376667912972e-08,7.878574816155837e-08,0.0,Germany,DEU,baden-wurttemberg,,,Linux-7.0.0-31-generic-x86_64-with-glibc2.43,3.14.4,3.3.0,24,Intel(R) Core(TM) Ultra 9 285K,1,1 x NVIDIA GeForce RTX 5090,9.2986,48.7383,60.816158294677734,machine,0.0,0.0,0.0,0.0,N
gradient_updates_83,2026-09-13T00:17:02,mbpo_HalfCheetah-v5_seed14577,7761f238-9e96-4b98-904a-9805e57bb8ee,4.215392373000213,4.832435675548169e-05,1.1463813039538952e-05,24.8525959654574,57.81375200423394,20.0,3.06253700558326e-05,7.281033602596354e-05,2.3416523227771935e-05,0.00012685222930956808,0.0,Germany,DEU,baden-wurttemberg,,,Linux-7.0.0-31-generic-x86_64-with-glibc2.43,3.14.4,3.3.0,24,Intel(R) Core(TM) Ultra 9 285K,1,1 x NVIDIA GeForce RTX 5090,9.2986,48.7383,60.816158294677734,machine,0.0,0.0,0.0,0.0,N
dynamics_model_update_84,2026-09-13T00:17:18,mbpo_HalfCheetah-v5_seed14577,7761f238-9e96-4b98-904a-9805e57bb8ee,16.19235079000282,0.00020188473299012633,1.2467911568509357e-05,24.85645726340922,57.853374994441594,20.0,0.00011937177216401335,0.00032062442316604933,8.995454096111678e-05,0.0005299507362911821,0.0,Germany,DEU,baden-wurttemberg,,,Linux-7.0.0-31-generic-x86_64-with-glibc2.43,3.14.4,3.3.0,24,Intel(R) Core(TM) Ultra 9 285K,1,1 x NVIDIA GeForce RTX 5090,9.2986,48.7383,60.816158294677734,machine,0.0,0.0,0.0,0.0,N
rollout_84,2026-09-13T00:17:18,mbpo_HalfCheetah-v5_seed14577,7761f238-9e96-4b98-904a-9805e57bb8ee,0.19649253399984445,2.4758686798971585e-06,1.259963702844061e-05,24.88013637719027,57.876870041071065,20.0,1.8161489529142094e-06,3.592502874016912e-06,1.0905440777702821e-06,6.499195904702271e-06,0.0,Germany,DEU,baden-wurttemberg,,,Linux-7.0.0-31-generic-x86_64-with-glibc2.43,3.14.4,3.3.0,24,Intel(R) Core(TM) Ultra 9 285K,1,1 x NVIDIA GeForce RTX 5090,9.2986,48.7383,60.816158294677734,machine,0.0,0.0,0.0,0.0,N
synthetic_rollout_generation_84,2026-09-13T00:17:18,mbpo_HalfCheetah-v5_seed14577,7761f238-9e96-4b98-904a-9805e57bb8ee,0.006166611001390265,3.113384166100741e-08,5.044615218111858e-06,24.871053361390512,57.70763942691588,20.0,4.9489206253860996e-08,0.0,3.223763889951409e-08,8.172684515250772e-08,0.0,Germany,DEU,baden-wurttemberg,,,Linux-7.0.0-31-generic-x86_64-with-glibc2.43,3.14.4,3.3.0,24,Intel(R) Core(TM) Ultra 9 285K,1,1 x NVIDIA GeForce RTX 5090,9.2986,48.7383,60.816158294677734,machine,0.0,0.0,0.0,0.0,N
gradient_updates_84,2026-09-13T00:17:22,mbpo_HalfCheetah-v5_seed14577,7761f238-9e96-4b98-904a-9805e57bb8ee,4.199583073001122,4.847839088678238e-05,1.1543648837047812e-05,24.864683141482544,57.722335822891544,20.0,3.07359620887529e-05,7.319228077595774e-05,2.33283285666604e-05,0.00012725657143137364,0.0,Germany,DEU,baden-wurttemberg,,,Linux-7.0.0-31-generic-x86_64-with-glibc2.43,3.14.4,3.3.0,24,Intel(R) Core(TM) Ultra 9 285K,1,1 x NVIDIA GeForce RTX 5090,9.2986,48.7383,60.816158294677734,machine,0.0,0.0,0.0,0.0,N
dynamics_model_update_85,2026-09-13T00:17:35,mbpo_HalfCheetah-v5_seed14577,7761f238-9e96-4b98-904a-9805e57bb8ee,12.461189354999078,0.00016041475470852246,1.2873124279696826e-05,24.86979555323388,57.76259415613857,20.0,0.00010413428747402947,0.0002477310315179837,6.92260439388824e-05,0.0004210913629308921,0.0,Germany,DEU,baden-wurttemberg,,,Linux-7.0.0-31-generic-x86_64-with-glibc2.43,3.14.4,3.3.0,24,Intel(R) Core(TM) Ultra 9 285K,1,1 x NVIDIA GeForce RTX 5090,9.2986,48.7383,60.816158294677734,machine,0.0,0.0,0.0,0.0,N
rollout_85,2026-09-13T00:17:35,mbpo_HalfCheetah-v5_seed14577,7761f238-9e96-4b98-904a-9805e57bb8ee,0.19405483800073853,1.729872417324807e-06,8.913898929246366e-06,24.89099969287048,57.68711632851016,20.0,1.7540794588141728e-06,1.7094458120148204e-06,1.0774182055478185e-06,4.540943476377679e-06,0.0,Germany,DEU,baden-wurttemberg,,,Linux-7.0.0-31-generic-x86_64-with-glibc2.43,3.14.4,3.3.0,24,Intel(R) Core(TM) Ultra 9 285K,1,1 x NVIDIA GeForce RTX 5090,9.2986,48.7383,60.816158294677734,machine,0.0,0.0,0.0,0.0,N
synthetic_rollout_generation_85,2026-09-13T00:17:35,mbpo_HalfCheetah-v5_seed14577,7761f238-9e96-4b98-904a-9805e57bb8ee,0.0062418660018011,6.639463928162503e-07,0.0001063449141281437,24.87898697479152,60.46922930732958,20.0,4.752253802281503e-08,1.663056886036518e-06,3.229075001484616e-08,1.7428701740776487e-06,0.0,Germany,DEU,baden-wurttemberg,,,Linux-7.0.0-31-generic-x86_64-with-glibc2.43,3.14.4,3.3.0,24,Intel(R) Core(TM) Ultra 9 285K,1,1 x NVIDIA GeForce RTX 5090,9.2986,48.7383,60.816158294677734,machine,0.0,0.0,0.0,0.0,N
gradient_updates_85,2026-09-13T00:17:39,mbpo_HalfCheetah-v5_seed14577,7761f238-9e96-4b98-904a-9805e57bb8ee,4.20923097099876,4.788678854735634e-05,1.1376624063666967e-05,24.869878898190887,60.47320515800787,20.0,3.0010000952422622e-05,7.231089118192591e-05,2.338271344999327e-05,0.0001257036055843444,0.0,Germany,DEU,baden-wurttemberg,,,Linux-7.0.0-31-generic-x86_64-with-glibc2.43,3.14.4,3.3.0,24,Intel(R) Core(TM) Ultra 9 285K,1,1 x NVIDIA GeForce RTX 5090,9.2986,48.7383,60.816158294677734,machine,0.0,0.0,0.0,0.0,N
dynamics_model_update_86,2026-09-13T00:17:50,mbpo_HalfCheetah-v5_seed14577,7761f238-9e96-4b98-904a-9805e57bb8ee,10.819876909001323,0.0001389575025805001,1.2842796845007618e-05,24.8732953087987,60.5041918615041,20.0,9.0502821291083e-05,0.0002141551713240597,6.010773144444082e-05,0.00036476572405958613,0.0,Germany,DEU,baden-wurttemberg,,,Linux-7.0.0-31-generic-x86_64-with-glibc2.43,3.14.4,3.3.0,24,Intel(R) Core(TM) Ultra 9 285K,1,1 x NVIDIA GeForce RTX 5090,9.2986,48.7383,60.816158294677734,machine,0.0,0.0,0.0,0.0,N
rollout_86,2026-09-13T00:17:50,mbpo_HalfCheetah-v5_seed14577,7761f238-9e96-4b98-904a-9805e57bb8ee,0.19402142299804837,2.436279451678569e-06,1.2556021348243214e-05,24.897406718917132,60.51676443009198,20.0,1.8157928415238334e-06,3.500836134040508e-06,1.0786445555520038e-06,6.395273531113743e-06,0.0,Germany,DEU,baden-wurttemberg,,,Linux-7.0.0-31-generic-x86_64-with-glibc2.43,3.14.4,3.3.0,24,Intel(R) Core(TM) Ultra 9 285K,1,1 x NVIDIA GeForce RTX 5090,9.2986,48.7383,60.816158294677734,machine,0.0,0.0,0.0,0.0,N
synthetic_rollout_generation_86,2026-09-13T00:17:50,mbpo_HalfCheetah-v5_seed14577,7761f238-9e96-4b98-904a-9805e57bb8ee,0.006241751001653029,3.2369508920493395e-08,5.180874637146414e-06,24.891489093759905,60.34385938886315,20.0,5.2456153080970847e-08,0.0,3.251433889923244e-08,8.497049198280537e-08,0.0,Germany,DEU,baden-wurttemberg,,,Linux-7.0.0-31-generic-x86_64-with-glibc2.43,3.14.4,3.3.0,24,Intel(R) Core(TM) Ultra 9 285K,1,1 x NVIDIA GeForce RTX 5090,9.2986,48.7383,60.816158294677734,machine,0.0,0.0,0.0,0.0,N
gradient_updates_86,2026-09-13T00:17:54,mbpo_HalfCheetah-v5_seed14577,7761f238-9e96-4b98-904a-9805e57bb8ee,4.191363036999974,4.8404967112562064e-05,1.1548760034746561e-05,24.88763270970993,60.35070968542401,20.0,3.073321569765919e-05,7.304811399400091e-05,2.3282503127767216e-05,0.00012706383281942818,0.0,Germany,DEU,baden-wurttemberg,,,Linux-7.0.0-31-generic-x86_64-with-glibc2.43,3.14.4,3.3.0,24,Intel(R) Core(TM) Ultra 9 285K,1,1 x NVIDIA GeForce RTX 5090,9.2986,48.7383,60.816158294677734,machine,0.0,0.0,0.0,0.0,N
dynamics_model_update_87,2026-09-13T00:18:09,mbpo_HalfCheetah-v5_seed14577,7761f238-9e96-4b98-904a-9805e57bb8ee,14.645953226001438,0.00018478859662264882,1.2617019941163366e-05,24.89226971407502,60.38042222451862,20.0,0.0001156210324967516,0.000288083841577913,8.136822376665024e-05,0.00048507309784131397,0.0,Germany,DEU,baden-wurttemberg,,,Linux-7.0.0-31-generic-x86_64-with-glibc2.43,3.14.4,3.3.0,24,Intel(R) Core(TM) Ultra 9 285K,1,1 x NVIDIA GeForce RTX 5090,9.2986,48.7383,60.816158294677734,machine,0.0,0.0,0.0,0.0,N
rollout_87,2026-09-13T00:18:09,mbpo_HalfCheetah-v5_seed14577,7761f238-9e96-4b98-904a-9805e57bb8ee,0.2047010729984322,2.395099794067629e-06,1.1700801248606792e-05,24.894885292831376,60.39227262661895,20.0,1.4825072971180742e-06,3.6686140460484573e-06,1.1360549111083182e-06,6.287176254275717e-06,0.0,Germany,DEU,baden-wurttemberg,,,Linux-7.0.0-31-generic-x86_64-with-glibc2.43,3.14.4,3.3.0,24,Intel(R) Core(TM) Ultra 9 285K,1,1 x NVIDIA GeForce RTX 5090,9.2986,48.7383,60.816158294677734,machine,0.0,0.0,0.0,0.0,N
synthetic_rollout_generation_87,2026-09-13T00:18:09,mbpo_HalfCheetah-v5_seed14577,7761f238-9e96-4b98-904a-9805e57bb8ee,0.006343508001009468,6.66594930469333e-07,0.00010490695227700526,24.880042325235255,63.04593722209744,20.0,4.587809224881889e-08,1.670834669953436e-06,3.310986667216104e-08,1.749822628877018e-06,0.0,Germany,DEU,baden-wurttemberg,,,Linux-7.0.0-31-generic-x86_64-with-glibc2.43,3.14.4,3.3.0,24,Intel(R) Core(TM) Ultra 9 285K,1,1 x NVIDIA GeForce RTX 5090,9.2986,48.7383,60.816158294677734,machine,0.0,0.0,0.0,0.0,N
gradient_updates_87,2026-09-13T00:18:13,mbpo_HalfCheetah-v5_seed14577,7761f238-9e96-4b98-904a-9805e57bb8ee,4.1840203479987395,4.746354182401033e-05,1.1344027977519415e-05,24.868984671312838,63.04013572395494,20.0,3.0477597159836445e-05,7.087311225401072e-05,2.324186657778199e-05,0.00012459257599162915,0.0,Germany,DEU,baden-wurttemberg,,,Linux-7.0.0-31-generic-x86_64-with-glibc2.43,3.14.4,3.3.0,24,Intel(R) Core(TM) Ultra 9 285K,1,1 x NVIDIA GeForce RTX 5090,9.2986,48.7383,60.816158294677734,machine,0.0,0.0,0.0,0.0,N
dynamics_model_update_88,2026-09-13T00:18:26,mbpo_HalfCheetah-v5_seed14577,7761f238-9e96-4b98-904a-9805e57bb8ee,12.239791218999017,0.00014898249195265112,1.2171989774771458e-05,24.872456825110394,63.060223050844705,20.0,8.444846644760362e-05,0.0002386371353540473,6.799588383334283e-05,0.000391081485634992,0.0,Germany,DEU,baden-wurttemberg,,,Linux-7.0.0-31-generic-x86_64-with-glibc2.43,3.14.4,3.3.0,24,Intel(R) Core(TM) Ultra 9 285K,1,1 x NVIDIA GeForce RTX 5090,9.2986,48.7383,60.816158294677734,machine,0.0,0.0,0.0,0.0,N
rollout_88,2026-09-13T00:18:26,mbpo_HalfCheetah-v5_seed14577,7761f238-9e96-4b98-904a-9805e57bb8ee,0.20240534999902593,2.319042235642693e-06,1.1457317775863583e-05,24.87491771874298,63.058114910203464,20.0,1.4625692256048373e-06,3.5013916899750974e-06,1.1235630000046987e-06,6.087523915586368e-06,0.0,Germany,DEU,baden-wurttemberg,,,Linux-7.0.0-31-generic-x86_64-with-glibc2.43,3.14.4,3.3.0,24,Intel(R) Core(TM) Ultra 9 285K,1,1 x NVIDIA GeForce RTX 5090,9.2986,48.7383,60.816158294677734,machine,0.0,0.0,0.0,0.0,N
synthetic_rollout_generation_88,2026-09-13T00:18:26,mbpo_HalfCheetah-v5_seed14577,7761f238-9e96-4b98-904a-9805e57bb8ee,0.006208415998116834,3.3699357873673286e-08,5.420234246925001e-06,24.858190567170197,62.881974924420774,20.0,4.938753950939345e-08,0.0,3.907382779312629e-08,8.846136730078502e-08,0.0,Germany,DEU,baden-wurttemberg,,,Linux-7.0.0-31-generic-x86_64-with-glibc2.43,3.14.4,3.3.0,24,Intel(R) Core(TM) Ultra 9 285K,1,1 x NVIDIA GeForce RTX 5090,9.2986,48.7383,60.816158294677734,machine,0.0,0.0,0.0,0.0,N
gradient_updates_88,2026-09-13T00:18:30,mbpo_HalfCheetah-v5_seed14577,7761f238-9e96-4b98-904a-9805e57bb8ee,3.9046975240016764,4.523773423503394e-05,1.1585488690544793e-05,24.846655512440833,62.88305464646161,20.0,2.844143441980279e-05,6.861811045005828e-05,2.1690249683322185e-05,0.00011874979455318152,0.0,Germany,DEU,baden-wurttemberg,,,Linux-7.0.0-31-generic-x86_64-with-glibc2.43,3.14.4,3.3.0,24,Intel(R) Core(TM) Ultra 9 285K,1,1 x NVIDIA GeForce RTX 5090,9.2986,48.7383,60.816158294677734,machine,0.0,0.0,0.0,0.0,N
dynamics_model_update_89,2026-09-13T00:18:46,mbpo_HalfCheetah-v5_seed14577,7761f238-9e96-4b98-904a-9805e57bb8ee,15.924552688000404,0.0001913340415505005,1.2015020173219499e-05,24.850275017343144,62.89803811271143,20.0,0.00011177485830871081,0.0003020135749439712,8.84665649111202e-05,0.0005022549981638022,0.0,Germany,DEU,baden-wurttemberg,,,Linux-7.0.0-31-generic-x86_64-with-glibc2.43,3.14.4,3.3.0,24,Intel(R) Core(TM) Ultra 9 285K,1,1 x NVIDIA GeForce RTX 5090,9.2986,48.7383,60.816158294677734,machine,0.0,0.0,0.0,0.0,N
rollout_89,2026-09-13T00:18:46,mbpo_HalfCheetah-v5_seed14577,7761f238-9e96-4b98-904a-9805e57bb8ee,0.19694968199837604,2.542133058652113e-06,1.2906866966448857e-05,24.87365348044095,62.91325391927725,20.0,1.8401220276548225e-06,3.739725214002565e-06,1.0932937444321777e-06,6.673140986089565e-06,0.0,Germany,DEU,baden-wurttemberg,,,Linux-7.0.0-31-generic-x86_64-with-glibc2.43,3.14.4,3.3.0,24,Intel(R) Core(TM) Ultra 9 285K,1,1 x NVIDIA GeForce RTX 5090,9.2986,48.7383,60.816158294677734,machine,0.0,0.0,0.0,0.0,N
synthetic_rollout_generation_89,2026-09-13T00:18:46,mbpo_HalfCheetah-v5_seed14577,7761f238-9e96-4b98-904a-9805e57bb8ee,0.006125554002210265,2.801996472692747e-08,4.571651793754095e-06,24.857403578226027,62.739460400163225,20.0,4.223281156040537e-08,0.0,3.132005555600559e-08,7.355286711641096e-08,0.0,Germany,DEU,baden-wurttemberg,,,Linux-7.0.0-31-generic-x86_64-with-glibc2.43,3.14.4,3.3.0,24,Intel(R) Core(TM) Ultra 9 285K,1,1 x NVIDIA GeForce RTX 5090,9.2986,48.7383,60.816158294677734,machine,0.0,0.0,0.0,0.0,N
gradient_updates_89,2026-09-13T00:18:50,mbpo_HalfCheetah-v5_seed14577,7761f238-9e96-4b98-904a-9805e57bb8ee,3.939983182997821,4.622441490376855e-05,1.173218844967697e-05,24.846517268859266,62.743530722433206,20.0,2.9180314177569555e-05,7.027366732997864e-05,2.1885865988890973e-05,0.00012133984749643917,0.0,Germany,DEU,baden-wurttemberg,,,Linux-7.0.0-31-generic-x86_64-with-glibc2.43,3.14.4,3.3.0,24,Intel(R) Core(TM) Ultra 9 285K,1,1 x NVIDIA GeForce RTX 5090,9.2986,48.7383,60.816158294677734,machine,0.0,0.0,0.0,0.0,N
dynamics_model_update_90,2026-09-13T00:19:08,mbpo_HalfCheetah-v5_seed14577,7761f238-9e96-4b98-904a-9805e57bb8ee,18.351839514998574,0.0002206212176552938,1.2021751281656036e-05,24.851260472921673,62.759076392804715,20.0,0.00012849503696261283,0.000348687501172007,0.00010195177779999919,0.0005791343159346207,0.0,Germany,DEU,baden-wurttemberg,,,Linux-7.0.0-31-generic-x86_64-with-glibc2.43,3.14.4,3.3.0,24,Intel(R) Core(TM) Ultra 9 285K,1,1 x NVIDIA GeForce RTX 5090,9.2986,48.7383,60.816158294677734,machine,0.0,0.0,0.0,0.0,N
rollout_90,2026-09-13T00:19:08,mbpo_HalfCheetah-v5_seed14577,7761f238-9e96-4b98-904a-9805e57bb8ee,0.19300024599942844,2.447965252595774e-06,1.2683024535763524e-05,24.87216226622351,62.770896138635166,20.0,1.760030296914239e-06,3.594447320010019e-06,1.0714713333283277e-06,6.425948950249116e-06,0.0,Germany,DEU,baden-wurttemberg,,,Linux-7.0.0-31-generic-x86_64-with-glibc2.43,3.14.4,3.3.0,24,Intel(R) Core(TM) Ultra 9 285K,1,1 x NVIDIA GeForce RTX 5090,9.2986,48.7383,60.816158294677734,machine,0.0,0.0,0.0,0.0,N
synthetic_rollout_generation_90,2026-09-13T00:19:08,mbpo_HalfCheetah-v5_seed14577,7761f238-9e96-4b98-904a-9805e57bb8ee,0.006149348999315407,3.171551278546847e-08,5.151017929189698e-06,24.86737360965455,62.59939095792851,20.0,5.1744208064141706e-08,0.0,3.150953333669326e-08,8.325374140083497e-08,0.0,Germany,DEU,baden-wurttemberg,,,Linux-7.0.0-31-generic-x86_64-with-glibc2.43,3.14.4,3.3.0,24,Intel(R) Core(TM) Ultra 9 285K,1,1 x NVIDIA GeForce RTX 5090,9.2986,48.7383,60.816158294677734,machine,0.0,0.0,0.0,0.0,N
gradient_updates_90,2026-09-13T00:19:12,mbpo_HalfCheetah-v5_seed14577,7761f238-9e96-4b98-904a-9805e57bb8ee,3.924650441000267,4.565950750268222e-05,1.163405821326857e-05,24.86451485083434,62.603275848899315,20.0,2.8265432890112185e-05,6.979088916597709e-05,2.180063424443192e-05,0.00011985695630051946,0.0,Germany,DEU,baden-wurttemberg,,,Linux-7.0.0-31-generic-x86_64-with-glibc2.43,3.14.4,3.3.0,24,Intel(R) Core(TM) Ultra 9 285K,1,1 x NVIDIA GeForce RTX 5090,9.2986,48.7383,60.816158294677734,machine,0.0,0.0,0.0,0.0,N
dynamics_model_update_91,2026-09-13T00:19:45,mbpo_HalfCheetah-v5_seed14577,7761f238-9e96-4b98-904a-9805e57bb8ee,32.419025931998476,0.00039090312874145647,1.2057823045607108e-05,24.86731892262175,62.61963232996934,20.0,0.00022806656439754852,0.0006179574388099907,0.00018010312303332401,0.0010261271262408597,0.0,Germany,DEU,baden-wurttemberg,,,Linux-7.0.0-31-generic-x86_64-with-glibc2.43,3.14.4,3.3.0,24,Intel(R) Core(TM) Ultra 9 285K,1,1 x NVIDIA GeForce RTX 5090,9.2986,48.7383,60.816158294677734,machine,0.0,0.0,0.0,0.0,N
rollout_91,2026-09-13T00:19:45,mbpo_HalfCheetah-v5_seed14577,7761f238-9e96-4b98-904a-9805e57bb8ee,0.19916110699705314,2.5419750389749085e-06,1.2763405491989864e-05,24.889855949319365,62.63197454104857,20.0,1.8544992613778177e-06,3.7130585260336524e-06,1.1051683944367924e-06,6.672726181849997e-06,0.0,Germany,DEU,baden-wurttemberg,,,Linux-7.0.0-31-generic-x86_64-with-glibc2.43,3.14.4,3.3.0,24,Intel(R) Core(TM) Ultra 9 285K,1,1 x NVIDIA GeForce RTX 5090,9.2986,48.7383,60.816158294677734,machine,0.0,0.0,0.0,0.0,N
synthetic_rollout_generation_91,2026-09-13T00:19:45,mbpo_HalfCheetah-v5_seed14577,7761f238-9e96-4b98-904a-9805e57bb8ee,0.005475399000715697,2.5881319094811506e-08,4.718831610202817e-06,24.874028101855274,62.46269893418087,20.0,3.9605031684764036e-08,0.0,2.833385555692236e-08,6.793888723821695e-08,0.0,Germany,DEU,baden-wurttemberg,,,Linux-7.0.0-31-generic-x86_64-with-glibc2.43,3.14.4,3.3.0,24,Intel(R) Core(TM) Ultra 9 285K,1,1 x NVIDIA GeForce RTX 5090,9.2986,48.7383,60.816158294677734,machine,0.0,0.0,0.0,0.0,N
gradient_updates_91,2026-09-13T00:19:49,mbpo_HalfCheetah-v5_seed14577,7761f238-9e96-4b98-904a-9805e57bb8ee,3.9242096509988187,4.561443949921071e-05,1.1623877494538151e-05,24.863261993876662,62.46528764422803,20.0,2.8812340827633065e-05,6.912783307994053e-05,2.1798478144430256e-05,0.00011973865205200385,0.0,Germany,DEU,baden-wurttemberg,,,Linux-7.0.0-31-generic-x86_64-with-glibc2.43,3.14.4,3.3.0,24,Intel(R) Core(TM) Ultra 9 285K,1,1 x NVIDIA GeForce RTX 5090,9.2986,48.7383,60.816158294677734,machine,0.0,0.0,0.0,0.0,N
dynamics_model_update_92,2026-09-13T00:20:52,mbpo_HalfCheetah-v5_seed14577,7761f238-9e96-4b98-904a-9805e57bb8ee,63.650426379001146,0.0007590901671660454,1.1925926140972883e-05,24.86734561612846,62.481768584496656,20.0,0.0004261750242730844,0.0012128340258220072,0.0003536150926166659,0.0019926241427117575,0.0,Germany,DEU,baden-wurttemberg,,,Linux-7.0.0-31-generic-x86_64-with-glibc2.43,3.14.4,3.3.0,24,Intel(R) Core(TM) Ultra 9 285K,1,1 x NVIDIA GeForce RTX 5090,9.2986,48.7383,60.816158294677734,machine,0.0,0.0,0.0,0.0,N
rollout_92,2026-09-13T00:20:53,mbpo_HalfCheetah-v5_seed14577,7761f238-9e96-4b98-904a-9805e57bb8ee,0.19323311100015417,2.4140788126188195e-06,1.2492710904891302e-05,24.889998750669836,62.487039632541325,20.0,1.8072308902300493e-06,3.457224988012708e-06,1.0725406111109642e-06,6.336996489351987e-06,0.0,Germany,DEU,baden-wurttemberg,,,Linux-7.0.0-31-generic-x86_64-with-glibc2.43,3.14.4,3.3.0,24,Intel(R) Core(TM) Ultra 9 285K,1,1 x NVIDIA GeForce RTX 5090,9.2986,48.7383,60.816158294677734,machine,0.0,0.0,0.0,0.0,N
synthetic_rollout_generation_92,2026-09-13T00:20:53,mbpo_HalfCheetah-v5_seed14577,7761f238-9e96-4b98-904a-9805e57bb8ee,0.005483565997565165,2.7140474059134112e-08,4.9395847018932034e-06,24.878030501610564,62.31996198646501,20.0,4.2639756336892987e-08,0.0,2.8604433342793723e-08,7.124418967968671e-08,0.0,Germany,DEU,baden-wurttemberg,,,Linux-7.0.0-31-generic-x86_64-with-glibc2.43,3.14.4,3.3.0,24,Intel(R) Core(TM) Ultra 9 285K,1,1 x NVIDIA GeForce RTX 5090,9.2986,48.7383,60.816158294677734,machine,0.0,0.0,0.0,0.0,N
gradient_updates_92,2026-09-13T00:20:57,mbpo_HalfCheetah-v5_seed14577,7761f238-9e96-4b98-904a-9805e57bb8ee,3.944770433998201,4.545193368023573e-05,1.1522093215078618e-05,24.87008007406669,62.32048871376044,20.0,2.888685449835976e-05,6.850894369603289e-05,2.1916273416678483e-05,0.00011931207161106766,0.0,Germany,DEU,baden-wurttemberg,,,Linux-7.0.0-31-generic-x86_64-with-glibc2.43,3.14.4,3.3.0,24,Intel(R) Core(TM) Ultra 9 285K,1,1 x NVIDIA GeForce RTX 5090,9.2986,48.7383,60.816158294677734,machine,0.0,0.0,0.0,0.0,N
dynamics_model_update_93,2026-09-13T00:21:22,mbpo_HalfCheetah-v5_seed14577,7761f238-9e96-4b98-904a-9805e57bb8ee,25.162226970998745,0.0003149578780181801,1.2517077450565307e-05,24.87416060768627,62.34196321486404,20.0,0.00019496593486151292,0.0004920165047239689,0.00013978715752222676,0.0008267695971077085,0.0,Germany,DEU,baden-wurttemberg,,,Linux-7.0.0-31-generic-x86_64-with-glibc2.43,3.14.4,3.3.0,24,Intel(R) Core(TM) Ultra 9 285K,1,1 x NVIDIA GeForce RTX 5090,9.2986,48.7383,60.816158294677734,machine,0.0,0.0,0.0,0.0,N
rollout_93,2026-09-13T00:21:22,mbpo_HalfCheetah-v5_seed14577,7761f238-9e96-4b98-904a-9805e57bb8ee,0.1939344339989475,2.4717475447348647e-06,1.2744540452244256e-05,24.89547522141096,62.35495521279159,20.0,1.7915819888192352e-06,3.6202806740215365e-06,1.0765151944522322e-06,6.488377857293004e-06,0.0,Germany,DEU,baden-wurttemberg,,,Linux-7.0.0-31-generic-x86_64-with-glibc2.43,3.14.4,3.3.0,24,Intel(R) Core(TM) Ultra 9 285K,1,1 x NVIDIA GeForce RTX 5090,9.2986,48.7383,60.816158294677734,machine,0.0,0.0,0.0,0.0,N
synthetic_rollout_generation_93,2026-09-13T00:21:22,mbpo_HalfCheetah-v5_seed14577,7761f238-9e96-4b98-904a-9805e57bb8ee,0.0055198480004037265,2.8683058192480182e-08,5.187950585506908e-06,24.888252975053234,62.189995013815945,20.0,4.652225944062893e-08,0.0,2.8771238894803597e-08,7.529349833890198e-08,0.0,Germany,DEU,baden-wurttemberg,,,Linux-7.0.0-31-generic-x86_64-with-glibc2.43,3.14.4,3.3.0,24,Intel(R) Core(TM) Ultra 9 285K,1,1 x NVIDIA GeForce RTX 5090,9.2986,48.7383,60.816158294677734,machine,0.0,0.0,0.0,0.0,N
gradient_updates_93,2026-09-13T00:21:26,mbpo_HalfCheetah-v5_seed14577,7761f238-9e96-4b98-904a-9805e57bb8ee,4.198120005999954,4.845301219794443e-05,1.1541623549251373e-05,24.883419821977384,62.19066520398156,20.0,3.105800679083226e-05,7.281172491596655e-05,2.3320220250004284e-05,0.00012718995195680483,0.0,Germany,DEU,baden-wurttemberg,,,Linux-7.0.0-31-generic-x86_64-with-glibc2.43,3.14.4,3.3.0,24,Intel(R) Core(TM) Ultra 9 285K,1,1 x NVIDIA GeForce RTX 5090,9.2986,48.7383,60.816158294677734,machine,0.0,0.0,0.0,0.0,N
dynamics_model_update_94,2026-09-13T00:21:42,mbpo_HalfCheetah-v5_seed14577,7761f238-9e96-4b98-904a-9805e57bb8ee,15.675666948998696,0.0002013122386909129,1.2842342312909596e-05,24.888512217012632,62.21535332505251,20.0,0.00012972321461181963,0.000311640804868063,8.708390988332315e-05,0.0005284479293632058,0.0,Germany,DEU,baden-wurttemberg,,,Linux-7.0.0-31-generic-x86_64-with-glibc2.43,3.14.4,3.3.0,24,Intel(R) Core(TM) Ultra 9 285K,1,1 x NVIDIA GeForce RTX 5090,9.2986,48.7383,60.816158294677734,machine,0.0,0.0,0.0,0.0,N
rollout_94,2026-09-13T00:21:42,mbpo_HalfCheetah-v5_seed14577,7761f238-9e96-4b98-904a-9805e57bb8ee,0.1934370669987402,2.421313308298423e-06,1.251732209031937e-05,24.908413226391936,62.22406875541781,20.0,1.7631839105414215e-06,3.51916948199138e-06,1.0736337666666235e-06,6.35598715920116e-06,0.0,Germany,DEU,baden-wurttemberg,,,Linux-7.0.0-31-generic-x86_64-with-glibc2.43,3.14.4,3.3.0,24,Intel(R) Core(TM) Ultra 9 285K,1,1 x NVIDIA GeForce RTX 5090,9.2986,48.7383,60.816158294677734,machine,0.0,0.0,0.0,0.0,N
synthetic_rollout_generation_94,2026-09-13T00:21:42,mbpo_HalfCheetah-v5_seed14577,7761f238-9e96-4b98-904a-9805e57bb8ee,0.005528863999643363,2.905936517805241e-08,5.246922228682924e-06,24.90273656583333,62.061178523073785,20.0,4.764142700480756e-08,0.0,2.8639883345102368e-08,7.628131035164465e-08,0.0,Germany,DEU,baden-wurttemberg,,,Linux-7.0.0-31-generic-x86_64-with-glibc2.43,3.14.4,3.3.0,24,Intel(R) Core(TM) Ultra 9 285K,1,1 x NVIDIA GeForce RTX 5090,9.2986,48.7383,60.816158294677734,machine,0.0,0.0,0.0,0.0,N
gradient_updates_94,2026-09-13T00:21:46,mbpo_HalfCheetah-v5_seed14577,7761f238-9e96-4b98-904a-9805e57bb8ee,4.25401445800162,4.751276029848692e-05,1.1168951310024396e-05,24.897732547188156,62.05989813424709,20.0,2.8339726282876343e-05,7.275089153396808e-05,2.3631157477777e-05,0.00012472177529462142,0.0,Germany,DEU,baden-wurttemberg,,,Linux-7.0.0-31-generic-x86_64-with-glibc2.43,3.14.4,3.3.0,24,Intel(R) Core(TM) Ultra 9 285K,1,1 x NVIDIA GeForce RTX 5090,9.2986,48.7383,60.816158294677734,machine,0.0,0.0,0.0,0.0,N
dynamics_model_update_95,2026-09-13T00:22:00,mbpo_HalfCheetah-v5_seed14577,7761f238-9e96-4b98-904a-9805e57bb8ee,14.088668658998358,0.00017419867187993057,1.236442971479928e-05,24.895670994295873,62.082790160575485,20.0,0.0001017410522261078,0.0002772657773679743,7.826754205555835e-05,0.0004572743716496422,0.0,Germany,DEU,baden-wurttemberg,,,Linux-7.0.0-31-generic-x86_64-with-glibc2.43,3.14.4,3.3.0,24,Intel(R) Core(TM) Ultra 9 285K,1,1 x NVIDIA GeForce RTX 5090,9.2986,48.7383,60.816158294677734,machine,0.0,0.0,0.0,0.0,N
rollout_95,2026-09-13T00:22:01,mbpo_HalfCheetah-v5_seed14577,7761f238-9e96-4b98-904a-9805e57bb8ee,0.19906334500046796,2.3701734378558936e-06,1.1905950246656942e-05,24.89955817297625,62.09275849477808,20.0,1.474437290656383e-06,3.6425029140696452e-06,1.1048039555445338e-06,6.221744160268827e-06,0.0,Germany,DEU,baden-wurttemberg,,,Linux-7.0.0-31-generic-x86_64-with-glibc2.43,3.14.4,3.3.0,24,Intel(R) Core(TM) Ultra 9 285K,1,1 x NVIDIA GeForce RTX 5090,9.2986,48.7383,60.816158294677734,machine,0.0,0.0,0.0,0.0,N
synthetic_rollout_generation_95,2026-09-13T00:22:01,mbpo_HalfCheetah-v5_seed14577,7761f238-9e96-4b98-904a-9805e57bb8ee,0.005487945996719645,2.6807104400866644e-08,4.876773917622304e-06,24.886512389966477,61.93189642613876,20.0,4.163947776164578e-08,0.0,2.872961109984251e-08,7.03690888614883e-08,0.0,Germany,DEU,baden-wurttemberg,,,Linux-7.0.0-31-generic-x86_64-with-glibc2.43,3.14.4,3.3.0,24,Intel(R) Core(TM) Ultra 9 285K,1,1 x NVIDIA GeForce RTX 5090,9.2986,48.7383,60.816158294677734,machine,0.0,0.0,0.0,0.0,N
gradient_updates_95,2026-09-13T00:22:05,mbpo_HalfCheetah-v5_seed14577,7761f238-9e96-4b98-904a-9805e57bb8ee,3.9640274699995643,4.5372953863025145e-05,1.1446201316030378e-05,24.877588669443316,61.9320303587972,20.0,2.880827165770844e-05,6.826894350409063e-05,2.2027533133324798e-05,0.00011910474829512213,0.0,Germany,DEU,baden-wurttemberg,,,Linux-7.0.0-31-generic-x86_64-with-glibc2.43,3.14.4,3.3.0,24,Intel(R) Core(TM) Ultra 9 285K,1,1 x NVIDIA GeForce RTX 5090,9.2986,48.7383,60.816158294677734,machine,0.0,0.0,0.0,0.0,N
dynamics_model_update_96,2026-09-13T00:22:22,mbpo_HalfCheetah-v5_seed14577,7761f238-9e96-4b98-904a-9805e57bb8ee,17.139340179997816,0.0002069604979183827,1.2075180302815405e-05,24.880735644812994,61.94953480242565,20.0,0.00012087981253710439,0.00032717942840998493,9.521546155556206e-05,0.0005432747025026496,0.0,Germany,DEU,baden-wurttemberg,,,Linux-7.0.0-31-generic-x86_64-with-glibc2.43,3.14.4,3.3.0,24,Intel(R) Core(TM) Ultra 9 285K,1,1 x NVIDIA GeForce RTX 5090,9.2986,48.7383,60.816158294677734,machine,0.0,0.0,0.0,0.0,N
rollout_96,2026-09-13T00:22:22,mbpo_HalfCheetah-v5_seed14577,7761f238-9e96-4b98-904a-9805e57bb8ee,0.19442597200031742,2.4290885086430958e-06,1.249298701023563e-05,24.90094757153308,61.95742139567214,20.0,1.7873605965557093e-06,3.509725029993138e-06,1.0793115611199694e-06,6.376397187667082e-06,0.0,Germany,DEU,baden-wurttemberg,,,Linux-7.0.0-31-generic-x86_64-with-glibc2.43,3.14.4,3.3.0,24,Intel(R) Core(TM) Ultra 9 285K,1,1 x NVIDIA GeForce RTX 5090,9.2986,48.7383,60.816158294677734,machine,0.0,0.0,0.0,0.0,N
synthetic_rollout_generation_96,2026-09-13T00:22:22,mbpo_HalfCheetah-v5_seed14577,7761f238-9e96-4b98-904a-9805e57bb8ee,0.005471951997606084,3.044159897075405e-08,5.5606791802793e-06,24.900452406422684,61.798556212606314,20.0,5.145587449878475e-08,0.0,2.845382223240489e-08,7.990969673465909e-08,0.0,Germany,DEU,baden-wurttemberg,,,Linux-7.0.0-31-generic-x86_64-with-glibc2.43,3.14.4,3.3.0,24,Intel(R) Core(TM) Ultra 9 285K,1,1 x NVIDIA GeForce RTX 5090,9.2986,48.7383,60.816158294677734,machine,0.0,0.0,0.0,0.0,N
gradient_updates_96,2026-09-13T00:22:26,mbpo_HalfCheetah-v5_seed14577,7761f238-9e96-4b98-904a-9805e57bb8ee,3.923397186001239,4.5442900187816354e-05,1.1582560937156213e-05,24.901177530511845,61.801213472532616,20.0,2.9017977936585115e-05,6.847616589200634e-05,2.179421471666665e-05,0.0001192883585452581,0.0,Germany,DEU,baden-wurttemberg,,,Linux-7.0.0-31-generic-x86_64-with-glibc2.43,3.14.4,3.3.0,24,Intel(R) Core(TM) Ultra 9 285K,1,1 x NVIDIA GeForce RTX 5090,9.2986,48.7383,60.816158294677734,machine,0.0,0.0,0.0,0.0,N
dynamics_model_update_97,2026-09-13T00:22:46,mbpo_HalfCheetah-v5_seed14577,7761f238-9e96-4b98-904a-9805e57bb8ee,19.75116897800035,0.00023631364415112321,1.1964525973456444e-05,24.90533658487166,61.81720532965244,20.0,0.00013714695860637255,0.0003734541876519448,0.00010972604668333871,0.0006203271929416526,0.0,Germany,DEU,baden-wurttemberg,,,Linux-7.0.0-31-generic-x86_64-with-glibc2.43,3.14.4,3.3.0,24,Intel(R) Core(TM) Ultra 9 285K,1,1 x NVIDIA GeForce RTX 5090,9.2986,48.7383,60.816158294677734,machine,0.0,0.0,0.0,0.0,N
rollout_97,2026-09-13T00:22:46,mbpo_HalfCheetah-v5_seed14577,7761f238-9e96-4b98-904a-9805e57bb8ee,0.19617463699978543,2.4416411187853926e-06,1.2445743752347074e-05,24.924324380053136,61.82522218492274,20.0,1.7820878145599628e-06,3.538336164010669e-06,1.088924016666784e-06,6.409347995235681e-06,0.0,Germany,DEU,baden-wurttemberg,,,Linux-7.0.0-31-generic-x86_64-with-glibc2.43,3.14.4,3.3.0,24,Intel(R) Core(TM) Ultra 9 285K,1,1 x NVIDIA GeForce RTX 5090,9.2986,48.7383,60.816158294677734,machine,0.0,0.0,0.0,0.0,N
synthetic_rollout_generation_97,2026-09-13T00:22:46,mbpo_HalfCheetah-v5_seed14577,7761f238-9e96-4b98-904a-9805e57bb8ee,0.006863625003461493,6.659385163587661e-07,9.688464086658363e-05,24.915473327531434,64.57827935884308,20.0,5.2948097920002546e-08,1.666390222032632e-06,2.8761211110645002e-08,1.7480995310598102e-06,0.0,Germany,DEU,baden-wurttemberg,,,Linux-7.0.0-31-generic-x86_64-with-glibc2.43,3.14.4,3.3.0,24,Intel(R) Core(TM) Ultra 9 285K,1,1 x NVIDIA GeForce RTX 5090,9.2986,48.7383,60.816158294677734,machine,0.0,0.0,0.0,0.0,N
gradient_updates_97,2026-09-13T00:22:50,mbpo_HalfCheetah-v5_seed14577,7761f238-9e96-4b98-904a-9805e57bb8ee,3.9891445840003144,4.415961322702666e-05,1.1069975273733138e-05,24.907872378092076,64.5698932195447,20.0,2.5877606257621033e-05,6.788255430595358e-05,2.215954865554884e-05,0.00011591970921912692,0.0,Germany,DEU,baden-wurttemberg,,,Linux-7.0.0-31-generic-x86_64-with-glibc2.43,3.14.4,3.3.0,24,Intel(R) Core(TM) Ultra 9 285K,1,1 x NVIDIA GeForce RTX 5090,9.2986,48.7383,60.816158294677734,machine,0.0,0.0,0.0,0.0,N
dynamics_model_update_98,2026-09-13T00:23:10,mbpo_HalfCheetah-v5_seed14577,7761f238-9e96-4b98-904a-9805e57bb8ee,20.237020078999194,0.00023601252041105525,1.1662416751801921e-05,24.9037390112098,64.57942749132278,20.0,0.0001229237236166844,0.0003841880851280788,0.00011242492943886948,0.0006195367381836361,0.0,Germany,DEU,baden-wurttemberg,,,Linux-7.0.0-31-generic-x86_64-with-glibc2.43,3.14.4,3.3.0,24,Intel(R) Core(TM) Ultra 9 285K,1,1 x NVIDIA GeForce RTX 5090,9.2986,48.7383,60.816158294677734,machine,0.0,0.0,0.0,0.0,N
rollout_98,2026-09-13T00:23:10,mbpo_HalfCheetah-v5_seed14577,7761f238-9e96-4b98-904a-9805e57bb8ee,0.20535413900142885,2.3095497024457068e-06,1.1246144187965265e-05,24.90445992852044,64.57136106040933,20.0,1.4512100498589864e-06,3.4783361159140824e-06,1.133059694439012e-06,6.062605860210346e-06,0.0,Germany,DEU,baden-wurttemberg,,,Linux-7.0.0-31-generic-x86_64-with-glibc2.43,3.14.4,3.3.0,24,Intel(R) Core(TM) Ultra 9 285K,1,1 x NVIDIA GeForce RTX 5090,9.2986,48.7383,60.816158294677734,machine,0.0,0.0,0.0,0.0,N
synthetic_rollout_generation_98,2026-09-13T00:23:10,mbpo_HalfCheetah-v5_seed14577,7761f238-9e96-4b98-904a-9805e57bb8ee,0.005544945997826289,2.8487488784589843e-08,5.126305337582301e-06,24.896134974389124,64.40912145975504,20.0,4.5691703219608026e-08,0.0,2.9088422221282273e-08,7.478012543915558e-08,0.0,Germany,DEU,baden-wurttemberg,,,Linux-7.0.0-31-generic-x86_64-with-glibc2.43,3.14.4,3.3.0,24,Intel(R) Core(TM) Ultra 9 285K,1,1 x NVIDIA GeForce RTX 5090,9.2986,48.7383,60.816158294677734,machine,0.0,0.0,0.0,0.0,N
gradient_updates_98,2026-09-13T00:23:14,mbpo_HalfCheetah-v5_seed14577,7761f238-9e96-4b98-904a-9805e57bb8ee,3.9169889139993757,4.4708059416347784e-05,1.141391035228584e-05,24.890242068202365,64.40421548860826,20.0,2.7657032125608105e-05,6.794394324405317e-05,2.1758414094437753e-05,0.0001173593894640973,0.0,Germany,DEU,baden-wurttemberg,,,Linux-7.0.0-31-generic-x86_64-with-glibc2.43,3.14.4,3.3.0,24,Intel(R) Core(TM) Ultra 9 285K,1,1 x NVIDIA GeForce RTX 5090,9.2986,48.7383,60.816158294677734,machine,0.0,0.0,0.0,0.0,N
dynamics_model_update_99,2026-09-13T00:23:32,mbpo_HalfCheetah-v5_seed14577,7761f238-9e96-4b98-904a-9805e57bb8ee,17.849425283999153,0.00020742517989872505,1.1620817400783485e-05,24.890981381625533,64.4141606342043,20.0,0.00010633531312373434,0.00033900860453994763,9.915058266109916e-05,0.0005444945003247811,0.0,Germany,DEU,baden-wurttemberg,,,Linux-7.0.0-31-generic-x86_64-with-glibc2.43,3.14.4,3.3.0,24,Intel(R) Core(TM) Ultra 9 285K,1,1 x NVIDIA GeForce RTX 5090,9.2986,48.7383,60.816158294677734,machine,0.0,0.0,0.0,0.0,N
rollout_99,2026-09-13T00:23:32,mbpo_HalfCheetah-v5_seed14577,7761f238-9e96-4b98-904a-9805e57bb8ee,0.19903315099872998,2.349289700175755e-06,1.1802942340268661e-05,24.891276858007167,64.41922762762134,20.0,1.395532505318875e-06,3.667780712035551e-06,1.1036107888783703e-06,6.166924006234531e-06,0.0,Germany,DEU,baden-wurttemberg,,,Linux-7.0.0-31-generic-x86_64-with-glibc2.43,3.14.4,3.3.0,24,Intel(R) Core(TM) Ultra 9 285K,1,1 x NVIDIA GeForce RTX 5090,9.2986,48.7383,60.816158294677734,machine,0.0,0.0,0.0,0.0,N
synthetic_rollout_generation_99,2026-09-13T00:23:32,mbpo_HalfCheetah-v5_seed14577,7761f238-9e96-4b98-904a-9805e57bb8ee,0.005552081998757785,2.7520048746787484e-08,4.946942473275413e-06,24.88153384183815,64.25898079272676,20.0,4.375864612327085e-08,0.0,2.848193333959692e-08,7.224057946286777e-08,0.0,Germany,DEU,baden-wurttemberg,,,Linux-7.0.0-31-generic-x86_64-with-glibc2.43,3.14.4,3.3.0,24,Intel(R) Core(TM) Ultra 9 285K,1,1 x NVIDIA GeForce RTX 5090,9.2986,48.7383,60.816158294677734,machine,0.0,0.0,0.0,0.0,N
gradient_updates_99,2026-09-13T00:23:36,mbpo_HalfCheetah-v5_seed14577,7761f238-9e96-4b98-904a-9805e57bb8ee,3.9145813520008232,4.5337519460734305e-05,1.1581734427397825e-05,24.875350687313794,64.25538038030265,20.0,2.8977220126201464e-05,6.82894990760019e-05,2.17450132055496e-05,0.0001190117324077547,0.0,Germany,DEU,baden-wurttemberg,,,Linux-7.0.0-31-generic-x86_64-with-glibc2.43,3.14.4,3.3.0,24,Intel(R) Core(TM) Ultra 9 285K,1,1 x NVIDIA GeForce RTX 5090,9.2986,48.7383,60.816158294677734,machine,0.0,0.0,0.0,0.0,N
idle_baseline_tail,2026-09-13T00:25:06,mbpo_HalfCheetah-v5_seed14577,7761f238-9e96-4b98-904a-9805e57bb8ee,90.00311355700251,0.0006250693679389976,6.944976371770708e-06,24.87939802048349,64.17112221916382,20.0,0.0003854065111027413,0.0007553978265399941,0.0005000130083055408,0.0016408173459482797,0.0,Germany,DEU,baden-wurttemberg,,,Linux-7.0.0-31-generic-x86_64-with-glibc2.43,3.14.4,3.3.0,24,Intel(R) Core(TM) Ultra 9 285K,1,1 x NVIDIA GeForce RTX 5090,9.2986,48.7383,60.816158294677734,machine,0.0,0.0,0.0,0.0,N
