task_name,timestamp,project_name,run_id,duration,emissions,emissions_rate,cpu_power,gpu_power,ram_power,cpu_energy,gpu_energy,ram_energy,energy_consumed,water_consumed,country_name,country_iso_code,region,cloud_provider,cloud_region,os,python_version,codecarbon_version,cpu_count,cpu_model,gpu_count,gpu_model,longitude,latitude,ram_total_size,tracking_mode,cpu_utilization_percent,gpu_utilization_percent,ram_utilization_percent,ram_used_gb,on_cloud
idle_baseline_head,2026-09-17T13:57:14,sac_Ant-v5_seed85062,7c20dba2-9db6-4b17-8cc4-4e2d035a6240,90.0027386189995,0.0005923215272332596,6.581150017356424e-06,10.963525661902118,12.682235452656263,20.0,0.0003817458320630948,0.0006559158025100098,0.0005171920922499946,0.001554853726823099,0.0,Germany,DEU,baden-wurttemberg,,,Linux-7.0.0-31-generic-x86_64-with-glibc2.43,3.14.4,3.3.0,24,Intel(R) Core(TM) Ultra 9 285K,1,1 x NVIDIA GeForce RTX 5090,9.2986,48.7383,60.81613540649414,machine,0.0,0.0,0.0,0.0,N
warmup_0,2026-09-17T13:57:16,sac_Ant-v5_seed85062,7c20dba2-9db6-4b17-8cc4-4e2d035a6240,0.6691191979989526,8.048320030083355e-06,1.202812568215387e-05,19.393554049714833,27.554198738553925,20.0,6.760140408110238e-06,1.0650008519991205e-05,3.7168231944431293e-06,2.1126972122544573e-05,0.0,Germany,DEU,baden-wurttemberg,,,Linux-7.0.0-31-generic-x86_64-with-glibc2.43,3.14.4,3.3.0,24,Intel(R) Core(TM) Ultra 9 285K,1,1 x NVIDIA GeForce RTX 5090,9.2986,48.7383,60.81613540649414,machine,0.0,0.0,0.0,0.0,N
rollout_0,2026-09-17T13:57:16,sac_Ant-v5_seed85062,7c20dba2-9db6-4b17-8cc4-4e2d035a6240,0.4851855279994197,5.812378225323028e-06,1.1979918332782854e-05,22.763690747745308,35.72946074328729,20.0,4.448437725408649e-06,8.115839825989513e-06,2.69331065000085e-06,1.525758820139912e-05,0.0,Germany,DEU,baden-wurttemberg,,,Linux-7.0.0-31-generic-x86_64-with-glibc2.43,3.14.4,3.3.0,24,Intel(R) Core(TM) Ultra 9 285K,1,1 x NVIDIA GeForce RTX 5090,9.2986,48.7383,60.81613540649414,machine,0.0,0.0,0.0,0.0,N
gradient_updates_0,2026-09-17T13:57:21,sac_Ant-v5_seed85062,7c20dba2-9db6-4b17-8cc4-4e2d035a6240,4.718117820000771,9.0550034183764e-05,1.919200355666288e-05,24.433813830080812,56.0429089649346,20.0,3.15657674748171e-05,0.000179920977270015,2.6208580583331957e-05,0.00023769532532816394,0.0,Germany,DEU,baden-wurttemberg,,,Linux-7.0.0-31-generic-x86_64-with-glibc2.43,3.14.4,3.3.0,24,Intel(R) Core(TM) Ultra 9 285K,1,1 x NVIDIA GeForce RTX 5090,9.2986,48.7383,60.81613540649414,machine,0.0,0.0,0.0,0.0,N
rollout_1,2026-09-17T13:57:21,sac_Ant-v5_seed85062,7c20dba2-9db6-4b17-8cc4-4e2d035a6240,0.3622831579996273,5.040443296631708e-06,1.3913261229740422e-05,24.804437614495654,60.832633163854844,20.0,2.6972916022799387e-06,8.52361792999523e-06,2.010336816672632e-06,1.3231246348947802e-05,0.0,Germany,DEU,baden-wurttemberg,,,Linux-7.0.0-31-generic-x86_64-with-glibc2.43,3.14.4,3.3.0,24,Intel(R) Core(TM) Ultra 9 285K,1,1 x NVIDIA GeForce RTX 5090,9.2986,48.7383,60.81613540649414,machine,0.0,0.0,0.0,0.0,N
gradient_updates_1,2026-09-17T13:57:26,sac_Ant-v5_seed85062,7c20dba2-9db6-4b17-8cc4-4e2d035a6240,4.483854856000107,8.922222145215676e-05,1.9898591401733885e-05,25.009639808947185,72.63588738412125,20.0,3.0623640610003e-05,0.00017867625405201815,2.4909900461110124e-05,0.00023420979512313116,0.0,Germany,DEU,baden-wurttemberg,,,Linux-7.0.0-31-generic-x86_64-with-glibc2.43,3.14.4,3.3.0,24,Intel(R) Core(TM) Ultra 9 285K,1,1 x NVIDIA GeForce RTX 5090,9.2986,48.7383,60.81613540649414,machine,0.0,0.0,0.0,0.0,N
rollout_2,2026-09-17T13:57:26,sac_Ant-v5_seed85062,7c20dba2-9db6-4b17-8cc4-4e2d035a6240,0.37170833600066544,4.6459286158867215e-06,1.2498279350776768e-05,25.185581429259596,72.51078577755982,20.0,2.7420844158909663e-06,7.390561468006984e-06,2.0629929555474784e-06,1.219563883944532e-05,0.0,Germany,DEU,baden-wurttemberg,,,Linux-7.0.0-31-generic-x86_64-with-glibc2.43,3.14.4,3.3.0,24,Intel(R) Core(TM) Ultra 9 285K,1,1 x NVIDIA GeForce RTX 5090,9.2986,48.7383,60.81613540649414,machine,0.0,0.0,0.0,0.0,N
gradient_updates_2,2026-09-17T13:57:30,sac_Ant-v5_seed85062,7c20dba2-9db6-4b17-8cc4-4e2d035a6240,4.434358550999605,8.925416150654618e-05,2.0127892503660457e-05,25.328552638002453,80.40078757775377,20.0,3.289438187104726e-05,0.00017676680807998668,2.4632448338888927e-05,0.0002342936382899231,0.0,Germany,DEU,baden-wurttemberg,,,Linux-7.0.0-31-generic-x86_64-with-glibc2.43,3.14.4,3.3.0,24,Intel(R) Core(TM) Ultra 9 285K,1,1 x NVIDIA GeForce RTX 5090,9.2986,48.7383,60.81613540649414,machine,0.0,0.0,0.0,0.0,N
rollout_3,2026-09-17T13:57:31,sac_Ant-v5_seed85062,7c20dba2-9db6-4b17-8cc4-4e2d035a6240,0.3528904129998409,4.226861767304513e-06,1.1977461729967736e-05,26.202852514063306,78.25547455105061,20.0,3.3593351874694477e-06,5.776671287982538e-06,1.9595750111067083e-06,1.1095581486558585e-05,0.0,Germany,DEU,baden-wurttemberg,,,Linux-7.0.0-31-generic-x86_64-with-glibc2.43,3.14.4,3.3.0,24,Intel(R) Core(TM) Ultra 9 285K,1,1 x NVIDIA GeForce RTX 5090,9.2986,48.7383,60.81613540649414,machine,0.0,0.0,0.0,0.0,N
gradient_updates_3,2026-09-17T13:57:35,sac_Ant-v5_seed85062,7c20dba2-9db6-4b17-8cc4-4e2d035a6240,4.454617748999226,9.017393886582171e-05,2.024282535773493e-05,26.785061386902477,84.28240564110042,20.0,3.311446399154733e-05,0.00017884875418999746,2.474485076666799e-05,0.000236708068948213,0.0,Germany,DEU,baden-wurttemberg,,,Linux-7.0.0-31-generic-x86_64-with-glibc2.43,3.14.4,3.3.0,24,Intel(R) Core(TM) Ultra 9 285K,1,1 x NVIDIA GeForce RTX 5090,9.2986,48.7383,60.81613540649414,machine,0.0,0.0,0.0,0.0,N
rollout_4,2026-09-17T13:57:36,sac_Ant-v5_seed85062,7c20dba2-9db6-4b17-8cc4-4e2d035a6240,0.35301694499867153,5.087374876388585e-06,1.4410719465166467e-05,27.388477773655584,84.09475571841362,20.0,3.3555715733407654e-06,8.039173097995622e-06,1.959697844449706e-06,1.3354442515785877e-05,0.0,Germany,DEU,baden-wurttemberg,,,Linux-7.0.0-31-generic-x86_64-with-glibc2.43,3.14.4,3.3.0,24,Intel(R) Core(TM) Ultra 9 285K,1,1 x NVIDIA GeForce RTX 5090,9.2986,48.7383,60.81613540649414,machine,0.0,0.0,0.0,0.0,N
gradient_updates_4,2026-09-17T13:57:40,sac_Ant-v5_seed85062,7c20dba2-9db6-4b17-8cc4-4e2d035a6240,4.46624235300078,8.932960487635037e-05,2.0001098880047884e-05,27.783414194648685,88.58799380820429,20.0,3.2902604377618716e-05,0.0001767795858680088,2.480948812778178e-05,0.0002344916783734094,0.0,Germany,DEU,baden-wurttemberg,,,Linux-7.0.0-31-generic-x86_64-with-glibc2.43,3.14.4,3.3.0,24,Intel(R) Core(TM) Ultra 9 285K,1,1 x NVIDIA GeForce RTX 5090,9.2986,48.7383,60.81613540649414,machine,0.0,0.0,0.0,0.0,N
rollout_5,2026-09-17T13:57:40,sac_Ant-v5_seed85062,7c20dba2-9db6-4b17-8cc4-4e2d035a6240,0.3507648060003703,5.287949738282463e-06,1.5075302903626678e-05,28.213846611234942,88.58242228323131,20.0,3.3131520949664095e-06,8.620284673993561e-06,1.9475180499992474e-06,1.388095481895911e-05,0.0,Germany,DEU,baden-wurttemberg,,,Linux-7.0.0-31-generic-x86_64-with-glibc2.43,3.14.4,3.3.0,24,Intel(R) Core(TM) Ultra 9 285K,1,1 x NVIDIA GeForce RTX 5090,9.2986,48.7383,60.81613540649414,machine,0.0,0.0,0.0,0.0,N
gradient_updates_5,2026-09-17T13:57:45,sac_Ant-v5_seed85062,7c20dba2-9db6-4b17-8cc4-4e2d035a6240,4.466708141000709,8.897561348425432e-05,1.991977201394366e-05,28.48763405492983,92.13582285156144,20.0,3.2727400348570024e-05,0.00017602319637399777,2.4811848438882102e-05,0.0002335624451614499,0.0,Germany,DEU,baden-wurttemberg,,,Linux-7.0.0-31-generic-x86_64-with-glibc2.43,3.14.4,3.3.0,24,Intel(R) Core(TM) Ultra 9 285K,1,1 x NVIDIA GeForce RTX 5090,9.2986,48.7383,60.81613540649414,machine,0.0,0.0,0.0,0.0,N
rollout_6,2026-09-17T13:57:45,sac_Ant-v5_seed85062,7c20dba2-9db6-4b17-8cc4-4e2d035a6240,0.3455428359993675,5.302524372414194e-06,1.534434495690949e-05,28.782557034947914,92.10589992995685,20.0,3.206120342671981e-06,8.794451479998688e-06,1.9186416500006605e-06,1.3919213472671221e-05,0.0,Germany,DEU,baden-wurttemberg,,,Linux-7.0.0-31-generic-x86_64-with-glibc2.43,3.14.4,3.3.0,24,Intel(R) Core(TM) Ultra 9 285K,1,1 x NVIDIA GeForce RTX 5090,9.2986,48.7383,60.81613540649414,machine,0.0,0.0,0.0,0.0,N
gradient_updates_6,2026-09-17T13:57:50,sac_Ant-v5_seed85062,7c20dba2-9db6-4b17-8cc4-4e2d035a6240,4.500527250000232,8.980351847678002e-05,1.9954032500218614e-05,28.95278604671006,95.10064272985862,20.0,3.196358029306651e-05,0.00017877236523999862,2.4999763816665782e-05,0.0002357357093497308,0.0,Germany,DEU,baden-wurttemberg,,,Linux-7.0.0-31-generic-x86_64-with-glibc2.43,3.14.4,3.3.0,24,Intel(R) Core(TM) Ultra 9 285K,1,1 x NVIDIA GeForce RTX 5090,9.2986,48.7383,60.81613540649414,machine,0.0,0.0,0.0,0.0,N
rollout_7,2026-09-17T13:57:50,sac_Ant-v5_seed85062,7c20dba2-9db6-4b17-8cc4-4e2d035a6240,0.35212374099864974,5.074722590241209e-06,1.4411452484186933e-05,29.21640882255336,94.40280589544614,20.0,3.3154748746017093e-06,8.054450888028697e-06,1.9513042944405926e-06,1.3321230057070782e-05,0.0,Germany,DEU,baden-wurttemberg,,,Linux-7.0.0-31-generic-x86_64-with-glibc2.43,3.14.4,3.3.0,24,Intel(R) Core(TM) Ultra 9 285K,1,1 x NVIDIA GeForce RTX 5090,9.2986,48.7383,60.81613540649414,machine,0.0,0.0,0.0,0.0,N
gradient_updates_7,2026-09-17T13:57:55,sac_Ant-v5_seed85062,7c20dba2-9db6-4b17-8cc4-4e2d035a6240,4.490254393998839,8.91857200240472e-05,1.9862088322659784e-05,29.374978691641,96.87355432173314,20.0,3.2886362420180004e-05,0.00017628458547197523,2.494303038333282e-05,0.00023411397827548816,0.0,Germany,DEU,baden-wurttemberg,,,Linux-7.0.0-31-generic-x86_64-with-glibc2.43,3.14.4,3.3.0,24,Intel(R) Core(TM) Ultra 9 285K,1,1 x NVIDIA GeForce RTX 5090,9.2986,48.7383,60.81613540649414,machine,0.0,0.0,0.0,0.0,N
rollout_8,2026-09-17T13:57:55,sac_Ant-v5_seed85062,7c20dba2-9db6-4b17-8cc4-4e2d035a6240,0.3465564149992133,5.289538265853665e-06,1.5262944307468094e-05,29.564388846415575,96.57659893372283,20.0,3.211003124357903e-06,8.750006999985738e-06,1.9241146055517643e-06,1.3885124729895188e-05,0.0,Germany,DEU,baden-wurttemberg,,,Linux-7.0.0-31-generic-x86_64-with-glibc2.43,3.14.4,3.3.0,24,Intel(R) Core(TM) Ultra 9 285K,1,1 x NVIDIA GeForce RTX 5090,9.2986,48.7383,60.81613540649414,machine,0.0,0.0,0.0,0.0,N
gradient_updates_8,2026-09-17T13:58:00,sac_Ant-v5_seed85062,7c20dba2-9db6-4b17-8cc4-4e2d035a6240,4.519916575000025,8.915033427891886e-05,1.972393470295982e-05,29.651720040825456,98.74242083807565,20.0,3.057164223507075e-05,0.0001783418093400102,2.51076385388943e-05,0.00023402109011397536,0.0,Germany,DEU,baden-wurttemberg,,,Linux-7.0.0-31-generic-x86_64-with-glibc2.43,3.14.4,3.3.0,24,Intel(R) Core(TM) Ultra 9 285K,1,1 x NVIDIA GeForce RTX 5090,9.2986,48.7383,60.81613540649414,machine,0.0,0.0,0.0,0.0,N
rollout_9,2026-09-17T13:58:00,sac_Ant-v5_seed85062,7c20dba2-9db6-4b17-8cc4-4e2d035a6240,0.357455014000152,5.021121657357167e-06,1.4046576702546136e-05,29.50545398293742,98.17236981952414,20.0,2.6396301672643174e-06,8.556117956026732e-06,1.9847786055631747e-06,1.3180526728854332e-05,0.0,Germany,DEU,baden-wurttemberg,,,Linux-7.0.0-31-generic-x86_64-with-glibc2.43,3.14.4,3.3.0,24,Intel(R) Core(TM) Ultra 9 285K,1,1 x NVIDIA GeForce RTX 5090,9.2986,48.7383,60.81613540649414,machine,0.0,0.0,0.0,0.0,N
gradient_updates_9,2026-09-17T13:58:04,sac_Ant-v5_seed85062,7c20dba2-9db6-4b17-8cc4-4e2d035a6240,4.4733171699990635,9.069666720853704e-05,2.027506210686313e-05,29.374624536789373,100.20221265297926,20.0,3.324965687748205e-05,0.0001799818106519857,2.4848771894438724e-05,0.00023808023942390637,0.0,Germany,DEU,baden-wurttemberg,,,Linux-7.0.0-31-generic-x86_64-with-glibc2.43,3.14.4,3.3.0,24,Intel(R) Core(TM) Ultra 9 285K,1,1 x NVIDIA GeForce RTX 5090,9.2986,48.7383,60.81613540649414,machine,0.0,0.0,0.0,0.0,N
rollout_10,2026-09-17T13:58:05,sac_Ant-v5_seed85062,7c20dba2-9db6-4b17-8cc4-4e2d035a6240,0.3594474959991203,4.076954643084628e-06,1.1341388929616498e-05,29.596736601134804,98.2062317000071,20.0,3.485915010953411e-06,5.2202819539881595e-06,1.99587586111093e-06,1.0702072826052067e-05,0.0,Germany,DEU,baden-wurttemberg,,,Linux-7.0.0-31-generic-x86_64-with-glibc2.43,3.14.4,3.3.0,24,Intel(R) Core(TM) Ultra 9 285K,1,1 x NVIDIA GeForce RTX 5090,9.2986,48.7383,60.81613540649414,machine,0.0,0.0,0.0,0.0,N
gradient_updates_10,2026-09-17T13:58:09,sac_Ant-v5_seed85062,7c20dba2-9db6-4b17-8cc4-4e2d035a6240,4.335790810000617,8.942601653582054e-05,2.062510889716135e-05,29.73509757308791,100.21624796248085,20.0,3.187965717037222e-05,0.0001787804208020216,2.408468258888912e-05,0.00023474476056128263,0.0,Germany,DEU,baden-wurttemberg,,,Linux-7.0.0-31-generic-x86_64-with-glibc2.43,3.14.4,3.3.0,24,Intel(R) Core(TM) Ultra 9 285K,1,1 x NVIDIA GeForce RTX 5090,9.2986,48.7383,60.81613540649414,machine,0.0,0.0,0.0,0.0,N
rollout_11,2026-09-17T13:58:09,sac_Ant-v5_seed85062,7c20dba2-9db6-4b17-8cc4-4e2d035a6240,0.36719594999885885,3.826500583613366e-06,1.0421023937255007e-05,29.631317078064196,98.33676928852414,20.0,2.773076385124973e-06,5.233615298000371e-06,2.0379351277773853e-06,1.0044626810902513e-05,0.0,Germany,DEU,baden-wurttemberg,,,Linux-7.0.0-31-generic-x86_64-with-glibc2.43,3.14.4,3.3.0,24,Intel(R) Core(TM) Ultra 9 285K,1,1 x NVIDIA GeForce RTX 5090,9.2986,48.7383,60.81613540649414,machine,0.0,0.0,0.0,0.0,N
gradient_updates_11,2026-09-17T13:58:14,sac_Ant-v5_seed85062,7c20dba2-9db6-4b17-8cc4-4e2d035a6240,4.21288837999964,8.713058305514967e-05,2.0681926913099895e-05,29.533635365792286,100.19943455634335,20.0,3.140382095637856e-05,0.00017391347246401012,2.3401916594442207e-05,0.00022871921001483067,0.0,Germany,DEU,baden-wurttemberg,,,Linux-7.0.0-31-generic-x86_64-with-glibc2.43,3.14.4,3.3.0,24,Intel(R) Core(TM) Ultra 9 285K,1,1 x NVIDIA GeForce RTX 5090,9.2986,48.7383,60.81613540649414,machine,0.0,0.0,0.0,0.0,N
rollout_12,2026-09-17T13:58:14,sac_Ant-v5_seed85062,7c20dba2-9db6-4b17-8cc4-4e2d035a6240,0.3480225479997898,5.483731933232693e-06,1.5756503609348068e-05,29.706190887104956,99.99311177228546,20.0,3.3418385068026413e-06,9.12139618597374e-06,1.9316515999990473e-06,1.439488629277532e-05,0.0,Germany,DEU,baden-wurttemberg,,,Linux-7.0.0-31-generic-x86_64-with-glibc2.43,3.14.4,3.3.0,24,Intel(R) Core(TM) Ultra 9 285K,1,1 x NVIDIA GeForce RTX 5090,9.2986,48.7383,60.81613540649414,machine,0.0,0.0,0.0,0.0,N
gradient_updates_12,2026-09-17T13:58:18,sac_Ant-v5_seed85062,7c20dba2-9db6-4b17-8cc4-4e2d035a6240,4.233618693999233,8.738783334104176e-05,2.0641432393513682e-05,29.814755115316302,101.65563870127882,20.0,3.155400135428782e-05,0.00017431736167600187,2.3523133205546648e-05,0.00022939449623583623,0.0,Germany,DEU,baden-wurttemberg,,,Linux-7.0.0-31-generic-x86_64-with-glibc2.43,3.14.4,3.3.0,24,Intel(R) Core(TM) Ultra 9 285K,1,1 x NVIDIA GeForce RTX 5090,9.2986,48.7383,60.81613540649414,machine,0.0,0.0,0.0,0.0,N
rollout_13,2026-09-17T13:58:19,sac_Ant-v5_seed85062,7c20dba2-9db6-4b17-8cc4-4e2d035a6240,0.3512331060010183,5.389364067289078e-06,1.5343711470801817e-05,29.95952324643736,101.29012977143614,20.0,3.351926292645413e-06,8.845007076013767e-06,1.950235727781499e-06,1.4147169096440787e-05,0.0,Germany,DEU,baden-wurttemberg,,,Linux-7.0.0-31-generic-x86_64-with-glibc2.43,3.14.4,3.3.0,24,Intel(R) Core(TM) Ultra 9 285K,1,1 x NVIDIA GeForce RTX 5090,9.2986,48.7383,60.81613540649414,machine,0.0,0.0,0.0,0.0,N
gradient_updates_13,2026-09-17T13:58:23,sac_Ant-v5_seed85062,7c20dba2-9db6-4b17-8cc4-4e2d035a6240,4.19829152300008,8.728503517358181e-05,2.0790639926337732e-05,30.04508384583866,102.86307750230476,20.0,3.0834957723498146e-05,0.00017496902886399157,2.332066277222107e-05,0.0002291246493597108,0.0,Germany,DEU,baden-wurttemberg,,,Linux-7.0.0-31-generic-x86_64-with-glibc2.43,3.14.4,3.3.0,24,Intel(R) Core(TM) Ultra 9 285K,1,1 x NVIDIA GeForce RTX 5090,9.2986,48.7383,60.81613540649414,machine,0.0,0.0,0.0,0.0,N
rollout_14,2026-09-17T13:58:23,sac_Ant-v5_seed85062,7c20dba2-9db6-4b17-8cc4-4e2d035a6240,0.3432734939997317,4.247251547723598e-06,1.237183431057231e-05,30.170349003084226,101.60838053449321,20.0,3.266375390879872e-06,5.976949226021988e-06,1.9057803777791779e-06,1.1149104994680713e-05,0.0,Germany,DEU,baden-wurttemberg,,,Linux-7.0.0-31-generic-x86_64-with-glibc2.43,3.14.4,3.3.0,24,Intel(R) Core(TM) Ultra 9 285K,1,1 x NVIDIA GeForce RTX 5090,9.2986,48.7383,60.81613540649414,machine,0.0,0.0,0.0,0.0,N
gradient_updates_14,2026-09-17T13:58:27,sac_Ant-v5_seed85062,7c20dba2-9db6-4b17-8cc4-4e2d035a6240,4.198081185000774,8.736900946544764e-05,2.08116918005318e-05,30.247060611516115,103.0560893022103,20.0,3.184449408669132e-05,0.0001741809726779897,2.3319616488889612e-05,0.00022934508325357043,0.0,Germany,DEU,baden-wurttemberg,,,Linux-7.0.0-31-generic-x86_64-with-glibc2.43,3.14.4,3.3.0,24,Intel(R) Core(TM) Ultra 9 285K,1,1 x NVIDIA GeForce RTX 5090,9.2986,48.7383,60.81613540649414,machine,0.0,0.0,0.0,0.0,N
rollout_15,2026-09-17T13:58:28,sac_Ant-v5_seed85062,7c20dba2-9db6-4b17-8cc4-4e2d035a6240,0.34907300299892086,5.397146100549494e-06,1.5461052300321337e-05,30.376852582986157,102.71044770835655,20.0,3.3803924265399243e-06,8.849173745995031e-06,1.9380308888887173e-06,1.4167597061423565e-05,0.0,Germany,DEU,baden-wurttemberg,,,Linux-7.0.0-31-generic-x86_64-with-glibc2.43,3.14.4,3.3.0,24,Intel(R) Core(TM) Ultra 9 285K,1,1 x NVIDIA GeForce RTX 5090,9.2986,48.7383,60.81613540649414,machine,0.0,0.0,0.0,0.0,N
gradient_updates_15,2026-09-17T13:58:32,sac_Ant-v5_seed85062,7c20dba2-9db6-4b17-8cc4-4e2d035a6240,4.253786786999626,8.651186151814117e-05,2.0337681955434674e-05,30.44391792933438,103.98237288143656,20.0,2.9529604456998704e-05,0.00017393763914999583,2.3627812222225156e-05,0.0002270950558292198,0.0,Germany,DEU,baden-wurttemberg,,,Linux-7.0.0-31-generic-x86_64-with-glibc2.43,3.14.4,3.3.0,24,Intel(R) Core(TM) Ultra 9 285K,1,1 x NVIDIA GeForce RTX 5090,9.2986,48.7383,60.81613540649414,machine,0.0,0.0,0.0,0.0,N
rollout_16,2026-09-17T13:58:32,sac_Ant-v5_seed85062,7c20dba2-9db6-4b17-8cc4-4e2d035a6240,0.36023426899919286,5.299241965760204e-06,1.4710153302984608e-05,30.357030618068954,103.63966249804793,20.0,2.748899699110685e-06,9.162507330018332e-06,1.999190072223835e-06,1.3910597101352527e-05,0.0,Germany,DEU,baden-wurttemberg,,,Linux-7.0.0-31-generic-x86_64-with-glibc2.43,3.14.4,3.3.0,24,Intel(R) Core(TM) Ultra 9 285K,1,1 x NVIDIA GeForce RTX 5090,9.2986,48.7383,60.81613540649414,machine,0.0,0.0,0.0,0.0,N
gradient_updates_16,2026-09-17T13:58:37,sac_Ant-v5_seed85062,7c20dba2-9db6-4b17-8cc4-4e2d035a6240,4.198152688000846,8.721734435315027e-05,2.0775203194096528e-05,30.27115923888717,104.88438743698977,20.0,3.107582541619913e-05,0.00017455069519597965,2.3320439233339113e-05,0.000228946959845518,0.0,Germany,DEU,baden-wurttemberg,,,Linux-7.0.0-31-generic-x86_64-with-glibc2.43,3.14.4,3.3.0,24,Intel(R) Core(TM) Ultra 9 285K,1,1 x NVIDIA GeForce RTX 5090,9.2986,48.7383,60.81613540649414,machine,0.0,0.0,0.0,0.0,N
rollout_17,2026-09-17T13:58:37,sac_Ant-v5_seed85062,7c20dba2-9db6-4b17-8cc4-4e2d035a6240,0.35184300000037183,5.124708882160017e-06,1.4564841207173644e-05,30.358578359813375,104.33193955601702,20.0,3.3023690307817932e-06,8.196395445997373e-06,1.9536804166717494e-06,1.3452444893450807e-05,0.0,Germany,DEU,baden-wurttemberg,,,Linux-7.0.0-31-generic-x86_64-with-glibc2.43,3.14.4,3.3.0,24,Intel(R) Core(TM) Ultra 9 285K,1,1 x NVIDIA GeForce RTX 5090,9.2986,48.7383,60.81613540649414,machine,0.0,0.0,0.0,0.0,N
gradient_updates_17,2026-09-17T13:58:41,sac_Ant-v5_seed85062,7c20dba2-9db6-4b17-8cc4-4e2d035a6240,4.234885084999405,8.675054307851924e-05,2.0484791475494355e-05,30.39529071377553,105.4774956155743,20.0,2.8928036197965745e-05,0.00017526930688202547,2.352425576111479e-05,0.00022772159884110622,0.0,Germany,DEU,baden-wurttemberg,,,Linux-7.0.0-31-generic-x86_64-with-glibc2.43,3.14.4,3.3.0,24,Intel(R) Core(TM) Ultra 9 285K,1,1 x NVIDIA GeForce RTX 5090,9.2986,48.7383,60.81613540649414,machine,0.0,0.0,0.0,0.0,N
rollout_18,2026-09-17T13:58:41,sac_Ant-v5_seed85062,7c20dba2-9db6-4b17-8cc4-4e2d035a6240,0.3579446120002103,4.714758327435415e-06,1.3170874925046608e-05,30.31534600880466,104.7704745780571,20.0,2.7188402306269066e-06,7.670561691985878e-06,1.986916038893222e-06,1.237631796150579e-05,0.0,Germany,DEU,baden-wurttemberg,,,Linux-7.0.0-31-generic-x86_64-with-glibc2.43,3.14.4,3.3.0,24,Intel(R) Core(TM) Ultra 9 285K,1,1 x NVIDIA GeForce RTX 5090,9.2986,48.7383,60.81613540649414,machine,0.0,0.0,0.0,0.0,N
gradient_updates_18,2026-09-17T13:58:46,sac_Ant-v5_seed85062,7c20dba2-9db6-4b17-8cc4-4e2d035a6240,4.204024843998923,8.785144040278619e-05,2.0897042013450668e-05,30.23792649992447,105.88745174414112,20.0,3.144712210213091e-05,0.00017581152953799473,2.335282073888975e-05,0.0002306114723790156,0.0,Germany,DEU,baden-wurttemberg,,,Linux-7.0.0-31-generic-x86_64-with-glibc2.43,3.14.4,3.3.0,24,Intel(R) Core(TM) Ultra 9 285K,1,1 x NVIDIA GeForce RTX 5090,9.2986,48.7383,60.81613540649414,machine,0.0,0.0,0.0,0.0,N
rollout_19,2026-09-17T13:58:46,sac_Ant-v5_seed85062,7c20dba2-9db6-4b17-8cc4-4e2d035a6240,0.35277169099936145,4.036066919011361e-06,1.1440684144436688e-05,30.32160803586278,104.66123528312379,20.0,3.327461273072707e-06,5.3136153620181314e-06,1.9536652444509563e-06,1.0594741879541361e-05,0.0,Germany,DEU,baden-wurttemberg,,,Linux-7.0.0-31-generic-x86_64-with-glibc2.43,3.14.4,3.3.0,24,Intel(R) Core(TM) Ultra 9 285K,1,1 x NVIDIA GeForce RTX 5090,9.2986,48.7383,60.81613540649414,machine,0.0,0.0,0.0,0.0,N
gradient_updates_19,2026-09-17T13:58:50,sac_Ant-v5_seed85062,7c20dba2-9db6-4b17-8cc4-4e2d035a6240,4.251392930998918,8.73695993064646e-05,2.0550885635501836e-05,30.357183348702588,105.71492594889847,20.0,2.8646868195258968e-05,0.00017708430833399125,2.3615455066667125e-05,0.00022934663159591712,0.0,Germany,DEU,baden-wurttemberg,,,Linux-7.0.0-31-generic-x86_64-with-glibc2.43,3.14.4,3.3.0,24,Intel(R) Core(TM) Ultra 9 285K,1,1 x NVIDIA GeForce RTX 5090,9.2986,48.7383,60.81613540649414,machine,0.0,0.0,0.0,0.0,N
rollout_20,2026-09-17T13:58:51,sac_Ant-v5_seed85062,7c20dba2-9db6-4b17-8cc4-4e2d035a6240,0.35783030499987944,4.135765868407484e-06,1.1557810442227334e-05,30.450578552240913,104.55365752693743,20.0,3.4453947007559438e-06,5.425004339976169e-06,1.986054216670044e-06,1.0856453257402157e-05,0.0,Germany,DEU,baden-wurttemberg,,,Linux-7.0.0-31-generic-x86_64-with-glibc2.43,3.14.4,3.3.0,24,Intel(R) Core(TM) Ultra 9 285K,1,1 x NVIDIA GeForce RTX 5090,9.2986,48.7383,60.81613540649414,machine,0.0,0.0,0.0,0.0,N
gradient_updates_20,2026-09-17T13:58:55,sac_Ant-v5_seed85062,7c20dba2-9db6-4b17-8cc4-4e2d035a6240,4.310421848998885,8.759581905290774e-05,2.032190134847712e-05,30.497550849776992,105.49901258524432,20.0,2.989388197063847e-05,0.00017610291866002048,2.394366151111174e-05,0.0002299404621417707,0.0,Germany,DEU,baden-wurttemberg,,,Linux-7.0.0-31-generic-x86_64-with-glibc2.43,3.14.4,3.3.0,24,Intel(R) Core(TM) Ultra 9 285K,1,1 x NVIDIA GeForce RTX 5090,9.2986,48.7383,60.81613540649414,machine,0.0,0.0,0.0,0.0,N
rollout_21,2026-09-17T13:58:55,sac_Ant-v5_seed85062,7c20dba2-9db6-4b17-8cc4-4e2d035a6240,0.3568335330000991,5.2786332837700956e-06,1.4792642717880987e-05,30.42896245364418,105.2139296512896,20.0,2.725706625003599e-06,9.150285098014077e-06,1.9805072499971647e-06,1.3856498973015274e-05,0.0,Germany,DEU,baden-wurttemberg,,,Linux-7.0.0-31-generic-x86_64-with-glibc2.43,3.14.4,3.3.0,24,Intel(R) Core(TM) Ultra 9 285K,1,1 x NVIDIA GeForce RTX 5090,9.2986,48.7383,60.81613540649414,machine,0.0,0.0,0.0,0.0,N
gradient_updates_21,2026-09-17T13:59:00,sac_Ant-v5_seed85062,7c20dba2-9db6-4b17-8cc4-4e2d035a6240,4.226284316999227,8.767309535412469e-05,2.074475074653491e-05,30.36376046269741,106.13688824679144,20.0,3.224371412829247e-05,0.00017442347287199844,2.3476126699996554e-05,0.00023014331370028746,0.0,Germany,DEU,baden-wurttemberg,,,Linux-7.0.0-31-generic-x86_64-with-glibc2.43,3.14.4,3.3.0,24,Intel(R) Core(TM) Ultra 9 285K,1,1 x NVIDIA GeForce RTX 5090,9.2986,48.7383,60.81613540649414,machine,0.0,0.0,0.0,0.0,N
rollout_22,2026-09-17T13:59:00,sac_Ant-v5_seed85062,7c20dba2-9db6-4b17-8cc4-4e2d035a6240,0.3525720050001837,5.436311840470269e-06,1.5418073032675624e-05,30.449117460494104,105.81014444671477,20.0,3.411062451080804e-06,8.893340447985176e-06,1.9660048722167263e-06,1.427040777128314e-05,0.0,Germany,DEU,baden-wurttemberg,,,Linux-7.0.0-31-generic-x86_64-with-glibc2.43,3.14.4,3.3.0,24,Intel(R) Core(TM) Ultra 9 285K,1,1 x NVIDIA GeForce RTX 5090,9.2986,48.7383,60.81613540649414,machine,0.0,0.0,0.0,0.0,N
gradient_updates_22,2026-09-17T13:59:04,sac_Ant-v5_seed85062,7c20dba2-9db6-4b17-8cc4-4e2d035a6240,4.282018055999288,8.772277448530373e-05,2.0486349012663527e-05,30.48927937029645,106.69899964838876,20.0,2.8847571411368123e-05,0.00017764041988999058,2.378573093332701e-05,0.0002302737222346857,0.0,Germany,DEU,baden-wurttemberg,,,Linux-7.0.0-31-generic-x86_64-with-glibc2.43,3.14.4,3.3.0,24,Intel(R) Core(TM) Ultra 9 285K,1,1 x NVIDIA GeForce RTX 5090,9.2986,48.7383,60.81613540649414,machine,0.0,0.0,0.0,0.0,N
rollout_23,2026-09-17T13:59:05,sac_Ant-v5_seed85062,7c20dba2-9db6-4b17-8cc4-4e2d035a6240,0.345535614000255,4.063415827523786e-06,1.1759483672393012e-05,30.575024173903543,105.68578966346212,20.0,3.361895189513131e-06,5.383615418019794e-06,1.921022605549591e-06,1.0666533213082516e-05,0.0,Germany,DEU,baden-wurttemberg,,,Linux-7.0.0-31-generic-x86_64-with-glibc2.43,3.14.4,3.3.0,24,Intel(R) Core(TM) Ultra 9 285K,1,1 x NVIDIA GeForce RTX 5090,9.2986,48.7383,60.81613540649414,machine,0.0,0.0,0.0,0.0,N
gradient_updates_23,2026-09-17T13:59:09,sac_Ant-v5_seed85062,7c20dba2-9db6-4b17-8cc4-4e2d035a6240,4.215915800999937,8.70891955295685e-05,2.0657285146633284e-05,30.626009592373872,106.5242732858069,20.0,3.136513175874822e-05,0.00017382680572797238,2.3418629594440694e-05,0.0002286105670811613,0.0,Germany,DEU,baden-wurttemberg,,,Linux-7.0.0-31-generic-x86_64-with-glibc2.43,3.14.4,3.3.0,24,Intel(R) Core(TM) Ultra 9 285K,1,1 x NVIDIA GeForce RTX 5090,9.2986,48.7383,60.81613540649414,machine,0.0,0.0,0.0,0.0,N
rollout_24,2026-09-17T13:59:09,sac_Ant-v5_seed85062,7c20dba2-9db6-4b17-8cc4-4e2d035a6240,0.353475903000799,5.536562153682541e-06,1.5662774847247393e-05,30.69933464354297,106.27753133287727,20.0,3.401059387515837e-06,9.174451784027537e-06,1.958055316663397e-06,1.4533566488206771e-05,0.0,Germany,DEU,baden-wurttemberg,,,Linux-7.0.0-31-generic-x86_64-with-glibc2.43,3.14.4,3.3.0,24,Intel(R) Core(TM) Ultra 9 285K,1,1 x NVIDIA GeForce RTX 5090,9.2986,48.7383,60.81613540649414,machine,0.0,0.0,0.0,0.0,N
gradient_updates_24,2026-09-17T13:59:13,sac_Ant-v5_seed85062,7c20dba2-9db6-4b17-8cc4-4e2d035a6240,4.2251676409996435,8.736793510616056e-05,2.0678026915550346e-05,30.74055006461334,107.07907293409978,20.0,3.1306894212171366e-05,0.00017456625076398002,2.346911806666357e-05,0.0002293422630428154,0.0,Germany,DEU,baden-wurttemberg,,,Linux-7.0.0-31-generic-x86_64-with-glibc2.43,3.14.4,3.3.0,24,Intel(R) Core(TM) Ultra 9 285K,1,1 x NVIDIA GeForce RTX 5090,9.2986,48.7383,60.81613540649414,machine,0.0,0.0,0.0,0.0,N
rollout_25,2026-09-17T13:59:14,sac_Ant-v5_seed85062,7c20dba2-9db6-4b17-8cc4-4e2d035a6240,0.3635782180008391,5.2085659079585504e-06,1.4325418232555074e-05,30.676435602197618,106.72565601146853,20.0,2.7705166608521514e-06,8.883340439996834e-06,2.0187138611111807e-06,1.3672570961960166e-05,0.0,Germany,DEU,baden-wurttemberg,,,Linux-7.0.0-31-generic-x86_64-with-glibc2.43,3.14.4,3.3.0,24,Intel(R) Core(TM) Ultra 9 285K,1,1 x NVIDIA GeForce RTX 5090,9.2986,48.7383,60.81613540649414,machine,0.0,0.0,0.0,0.0,N
gradient_updates_25,2026-09-17T13:59:18,sac_Ant-v5_seed85062,7c20dba2-9db6-4b17-8cc4-4e2d035a6240,4.229479710000305,8.755966875835563e-05,2.0702277230350953e-05,30.61230526851066,107.49445953211277,20.0,3.130462226590136e-05,0.00017504680670402117,2.3494138055553306e-05,0.00022984556702547714,0.0,Germany,DEU,baden-wurttemberg,,,Linux-7.0.0-31-generic-x86_64-with-glibc2.43,3.14.4,3.3.0,24,Intel(R) Core(TM) Ultra 9 285K,1,1 x NVIDIA GeForce RTX 5090,9.2986,48.7383,60.81613540649414,machine,0.0,0.0,0.0,0.0,N
rollout_26,2026-09-17T13:59:18,sac_Ant-v5_seed85062,7c20dba2-9db6-4b17-8cc4-4e2d035a6240,0.3467181409996556,5.414192894240104e-06,1.5614836506318918e-05,30.679917451381993,107.23634628357388,20.0,3.332038776740487e-06,8.95556272001441e-06,1.9247436777833533e-06,1.4212345174537816e-05,0.0,Germany,DEU,baden-wurttemberg,,,Linux-7.0.0-31-generic-x86_64-with-glibc2.43,3.14.4,3.3.0,24,Intel(R) Core(TM) Ultra 9 285K,1,1 x NVIDIA GeForce RTX 5090,9.2986,48.7383,60.81613540649414,machine,0.0,0.0,0.0,0.0,N
gradient_updates_26,2026-09-17T13:59:22,sac_Ant-v5_seed85062,7c20dba2-9db6-4b17-8cc4-4e2d035a6240,4.220223251999414,8.81038362422525e-05,2.087667208304742e-05,30.720752293069378,107.98395935981507,20.0,3.2186002137668535e-05,0.00017564569607195213,2.3442317388889947e-05,0.0002312740155985104,0.0,Germany,DEU,baden-wurttemberg,,,Linux-7.0.0-31-generic-x86_64-with-glibc2.43,3.14.4,3.3.0,24,Intel(R) Core(TM) Ultra 9 285K,1,1 x NVIDIA GeForce RTX 5090,9.2986,48.7383,60.81613540649414,machine,0.0,0.0,0.0,0.0,N
rollout_27,2026-09-17T13:59:23,sac_Ant-v5_seed85062,7c20dba2-9db6-4b17-8cc4-4e2d035a6240,0.3442866490004235,4.300119826932281e-06,1.2489572483474063e-05,30.791228999424046,107.20863504752721,20.0,3.3495526796448183e-06,6.026115932006304e-06,1.9122164833284064e-06,1.1287885094978661e-05,0.0,Germany,DEU,baden-wurttemberg,,,Linux-7.0.0-31-generic-x86_64-with-glibc2.43,3.14.4,3.3.0,24,Intel(R) Core(TM) Ultra 9 285K,1,1 x NVIDIA GeForce RTX 5090,9.2986,48.7383,60.81613540649414,machine,0.0,0.0,0.0,0.0,N
gradient_updates_27,2026-09-17T13:59:27,sac_Ant-v5_seed85062,7c20dba2-9db6-4b17-8cc4-4e2d035a6240,4.228247904000455,8.89076288871104e-05,2.1027097848691962e-05,30.83302345661971,107.96209912193984,20.0,3.1787697652357894e-05,0.00017810930915398981,2.348697767222104e-05,0.0002333839844785683,0.0,Germany,DEU,baden-wurttemberg,,,Linux-7.0.0-31-generic-x86_64-with-glibc2.43,3.14.4,3.3.0,24,Intel(R) Core(TM) Ultra 9 285K,1,1 x NVIDIA GeForce RTX 5090,9.2986,48.7383,60.81613540649414,machine,0.0,0.0,0.0,0.0,N
rollout_28,2026-09-17T13:59:27,sac_Ant-v5_seed85062,7c20dba2-9db6-4b17-8cc4-4e2d035a6240,0.35279165000065404,4.132092534066354e-06,1.1712516501624706e-05,30.9012713505701,107.08981122042749,20.0,3.442512476234394e-06,5.446393246039127e-06,1.957904972217303e-06,1.0846810694490824e-05,0.0,Germany,DEU,baden-wurttemberg,,,Linux-7.0.0-31-generic-x86_64-with-glibc2.43,3.14.4,3.3.0,24,Intel(R) Core(TM) Ultra 9 285K,1,1 x NVIDIA GeForce RTX 5090,9.2986,48.7383,60.81613540649414,machine,0.0,0.0,0.0,0.0,N
gradient_updates_28,2026-09-17T13:59:32,sac_Ant-v5_seed85062,7c20dba2-9db6-4b17-8cc4-4e2d035a6240,4.2355468239984475,8.900045267323754e-05,2.1012822014551802e-05,30.942383755287818,107.81350374812426,20.0,3.2176219629843905e-05,0.00017792264233798538,2.3528786472221857e-05,0.0002336276484400518,0.0,Germany,DEU,baden-wurttemberg,,,Linux-7.0.0-31-generic-x86_64-with-glibc2.43,3.14.4,3.3.0,24,Intel(R) Core(TM) Ultra 9 285K,1,1 x NVIDIA GeForce RTX 5090,9.2986,48.7383,60.81613540649414,machine,0.0,0.0,0.0,0.0,N
rollout_29,2026-09-17T13:59:32,sac_Ant-v5_seed85062,7c20dba2-9db6-4b17-8cc4-4e2d035a6240,0.3489923760007514,4.085197117308613e-06,1.1705538063272106e-05,30.994910027293773,106.98599546658934,20.0,3.3345987787841702e-06,5.457782144002721e-06,1.9313285333332885e-06,1.0723709456119529e-05,0.0,Germany,DEU,baden-wurttemberg,,,Linux-7.0.0-31-generic-x86_64-with-glibc2.43,3.14.4,3.3.0,24,Intel(R) Core(TM) Ultra 9 285K,1,1 x NVIDIA GeForce RTX 5090,9.2986,48.7383,60.81613540649414,machine,0.0,0.0,0.0,0.0,N
gradient_updates_29,2026-09-17T13:59:36,sac_Ant-v5_seed85062,7c20dba2-9db6-4b17-8cc4-4e2d035a6240,4.2415222939998785,8.910461387798057e-05,2.1007746625099576e-05,31.023109542369056,107.69216830463739,20.0,3.189791690719895e-05,0.00017844292053198485,2.356023587222404e-05,0.0002339010733114072,0.0,Germany,DEU,baden-wurttemberg,,,Linux-7.0.0-31-generic-x86_64-with-glibc2.43,3.14.4,3.3.0,24,Intel(R) Core(TM) Ultra 9 285K,1,1 x NVIDIA GeForce RTX 5090,9.2986,48.7383,60.81613540649414,machine,0.0,0.0,0.0,0.0,N
rollout_30,2026-09-17T13:59:37,sac_Ant-v5_seed85062,7c20dba2-9db6-4b17-8cc4-4e2d035a6240,0.3595286869986012,4.170748982598119e-06,1.1599872308051369e-05,31.08556924106072,106.85989152515408,20.0,3.5184500369739302e-06,5.433615458017016e-06,1.9962190111074123e-06,1.0948284506097708e-05,0.0,Germany,DEU,baden-wurttemberg,,,Linux-7.0.0-31-generic-x86_64-with-glibc2.43,3.14.4,3.3.0,24,Intel(R) Core(TM) Ultra 9 285K,1,1 x NVIDIA GeForce RTX 5090,9.2986,48.7383,60.81613540649414,machine,0.0,0.0,0.0,0.0,N
gradient_updates_30,2026-09-17T13:59:41,sac_Ant-v5_seed85062,7c20dba2-9db6-4b17-8cc4-4e2d035a6240,4.2764785590006795,8.884704652991357e-05,2.0775770981319792e-05,31.121502532682,107.5128805601445,20.0,3.2118745139426974e-05,0.00017734986410200548,2.3756345555557253e-05,0.00023322495479699036,0.0,Germany,DEU,baden-wurttemberg,,,Linux-7.0.0-31-generic-x86_64-with-glibc2.43,3.14.4,3.3.0,24,Intel(R) Core(TM) Ultra 9 285K,1,1 x NVIDIA GeForce RTX 5090,9.2986,48.7383,60.81613540649414,machine,0.0,0.0,0.0,0.0,N
rollout_31,2026-09-17T13:59:41,sac_Ant-v5_seed85062,7c20dba2-9db6-4b17-8cc4-4e2d035a6240,0.3533400110009097,5.2265827165534975e-06,1.4791612379617226e-05,31.174183410419463,107.17377594109502,20.0,3.415436621231893e-06,8.344451119995933e-06,1.9599776388834218e-06,1.3719865380111898e-05,0.0,Germany,DEU,baden-wurttemberg,,,Linux-7.0.0-31-generic-x86_64-with-glibc2.43,3.14.4,3.3.0,24,Intel(R) Core(TM) Ultra 9 285K,1,1 x NVIDIA GeForce RTX 5090,9.2986,48.7383,60.81613540649414,machine,0.0,0.0,0.0,0.0,N
gradient_updates_31,2026-09-17T13:59:46,sac_Ant-v5_seed85062,7c20dba2-9db6-4b17-8cc4-4e2d035a6240,4.3097223509994365,8.926785023983478e-05,2.0713175029707595e-05,31.204114663610273,107.78671775916047,20.0,3.294202302026039e-05,0.00017744764195801177,2.3939906461115752e-05,0.00023432957143938726,0.0,Germany,DEU,baden-wurttemberg,,,Linux-7.0.0-31-generic-x86_64-with-glibc2.43,3.14.4,3.3.0,24,Intel(R) Core(TM) Ultra 9 285K,1,1 x NVIDIA GeForce RTX 5090,9.2986,48.7383,60.81613540649414,machine,0.0,0.0,0.0,0.0,N
rollout_32,2026-09-17T13:59:46,sac_Ant-v5_seed85062,7c20dba2-9db6-4b17-8cc4-4e2d035a6240,0.347908097999607,4.08029241825026e-06,1.172796432834947e-05,31.256429339779515,107.02411134390536,20.0,3.3791207588521055e-06,5.4008376539904646e-06,1.930876127779731e-06,1.0710834540622952e-05,0.0,Germany,DEU,baden-wurttemberg,,,Linux-7.0.0-31-generic-x86_64-with-glibc2.43,3.14.4,3.3.0,24,Intel(R) Core(TM) Ultra 9 285K,1,1 x NVIDIA GeForce RTX 5090,9.2986,48.7383,60.81613540649414,machine,0.0,0.0,0.0,0.0,N
gradient_updates_32,2026-09-17T13:59:50,sac_Ant-v5_seed85062,7c20dba2-9db6-4b17-8cc4-4e2d035a6240,4.50479602499945,9.081934930589997e-05,2.0160605995724785e-05,31.28456409824945,107.5539953430864,20.0,3.372839198269306e-05,0.00017965097705399669,2.5022912905559502e-05,0.00023840228194224947,0.0,Germany,DEU,baden-wurttemberg,,,Linux-7.0.0-31-generic-x86_64-with-glibc2.43,3.14.4,3.3.0,24,Intel(R) Core(TM) Ultra 9 285K,1,1 x NVIDIA GeForce RTX 5090,9.2986,48.7383,60.81613540649414,machine,0.0,0.0,0.0,0.0,N
rollout_33,2026-09-17T13:59:51,sac_Ant-v5_seed85062,7c20dba2-9db6-4b17-8cc4-4e2d035a6240,0.34846215499965183,5.379000088275975e-06,1.5436038946449455e-05,31.328563548577957,107.32264448301954,20.0,3.345771843278611e-06,8.83945151600174e-06,1.934740122214911e-06,1.4119963481495912e-05,0.0,Germany,DEU,baden-wurttemberg,,,Linux-7.0.0-31-generic-x86_64-with-glibc2.43,3.14.4,3.3.0,24,Intel(R) Core(TM) Ultra 9 285K,1,1 x NVIDIA GeForce RTX 5090,9.2986,48.7383,60.81613540649414,machine,0.0,0.0,0.0,0.0,N
gradient_updates_33,2026-09-17T13:59:55,sac_Ant-v5_seed85062,7c20dba2-9db6-4b17-8cc4-4e2d035a6240,4.529268252999827,9.103915245361376e-05,2.0100224346160963e-05,31.34987264069127,107.82801292904885,20.0,3.3669018324085365e-05,0.00018015069967597386,2.5159550811107087e-05,0.0002389792688111663,0.0,Germany,DEU,baden-wurttemberg,,,Linux-7.0.0-31-generic-x86_64-with-glibc2.43,3.14.4,3.3.0,24,Intel(R) Core(TM) Ultra 9 285K,1,1 x NVIDIA GeForce RTX 5090,9.2986,48.7383,60.81613540649414,machine,0.0,0.0,0.0,0.0,N
rollout_34,2026-09-17T13:59:56,sac_Ant-v5_seed85062,7c20dba2-9db6-4b17-8cc4-4e2d035a6240,0.35640950500055624,5.202430977957039e-06,1.4595822339833515e-05,31.391106981426958,107.48990272905351,20.0,3.416979400254483e-06,8.260839942014764e-06,1.9786473277841766e-06,1.3656466670054074e-05,0.0,Germany,DEU,baden-wurttemberg,,,Linux-7.0.0-31-generic-x86_64-with-glibc2.43,3.14.4,3.3.0,24,Intel(R) Core(TM) Ultra 9 285K,1,1 x NVIDIA GeForce RTX 5090,9.2986,48.7383,60.81613540649414,machine,0.0,0.0,0.0,0.0,N
gradient_updates_34,2026-09-17T14:00:00,sac_Ant-v5_seed85062,7c20dba2-9db6-4b17-8cc4-4e2d035a6240,4.426805224000418,8.905930636341191e-05,2.011823435729009e-05,31.40488532564723,108.00942806107315,20.0,3.0398200707430767e-05,0.00017879375414600607,2.4590185488897144e-05,0.00023378214034233333,0.0,Germany,DEU,baden-wurttemberg,,,Linux-7.0.0-31-generic-x86_64-with-glibc2.43,3.14.4,3.3.0,24,Intel(R) Core(TM) Ultra 9 285K,1,1 x NVIDIA GeForce RTX 5090,9.2986,48.7383,60.81613540649414,machine,0.0,0.0,0.0,0.0,N
rollout_35,2026-09-17T14:00:00,sac_Ant-v5_seed85062,7c20dba2-9db6-4b17-8cc4-4e2d035a6240,0.3573367170010897,4.946004577113892e-06,1.3840813008730066e-05,31.350419633115685,107.675958693366,20.0,2.7327088528289467e-06,8.266951057989136e-06,1.9836832500005203e-06,1.2983343160818603e-05,0.0,Germany,DEU,baden-wurttemberg,,,Linux-7.0.0-31-generic-x86_64-with-glibc2.43,3.14.4,3.3.0,24,Intel(R) Core(TM) Ultra 9 285K,1,1 x NVIDIA GeForce RTX 5090,9.2986,48.7383,60.81613540649414,machine,0.0,0.0,0.0,0.0,N
gradient_updates_35,2026-09-17T14:00:05,sac_Ant-v5_seed85062,7c20dba2-9db6-4b17-8cc4-4e2d035a6240,4.257672903000639,8.777885569373478e-05,2.0616669349681222e-05,31.296147027262794,108.21266640629841,20.0,3.183227046579806e-05,0.00017493763994999578,2.365102591111285e-05,0.0002304209363269069,0.0,Germany,DEU,baden-wurttemberg,,,Linux-7.0.0-31-generic-x86_64-with-glibc2.43,3.14.4,3.3.0,24,Intel(R) Core(TM) Ultra 9 285K,1,1 x NVIDIA GeForce RTX 5090,9.2986,48.7383,60.81613540649414,machine,0.0,0.0,0.0,0.0,N
rollout_36,2026-09-17T14:00:05,sac_Ant-v5_seed85062,7c20dba2-9db6-4b17-8cc4-4e2d035a6240,0.350412312998742,5.402766825300144e-06,1.54179471786559e-05,31.34320655874297,107.98193605644435,20.0,3.4142838425330058e-06,8.822507058026119e-06,1.9455606555514402e-06,1.4182351556110348e-05,0.0,Germany,DEU,baden-wurttemberg,,,Linux-7.0.0-31-generic-x86_64-with-glibc2.43,3.14.4,3.3.0,24,Intel(R) Core(TM) Ultra 9 285K,1,1 x NVIDIA GeForce RTX 5090,9.2986,48.7383,60.81613540649414,machine,0.0,0.0,0.0,0.0,N
gradient_updates_36,2026-09-17T14:00:09,sac_Ant-v5_seed85062,7c20dba2-9db6-4b17-8cc4-4e2d035a6240,4.2464280530002725,8.774070836738666e-05,2.066228042133409e-05,31.368051066080707,108.50783532162414,20.0,3.1615663625840507e-05,0.00017511708453799013,2.358805080555416e-05,0.00023032079896938458,0.0,Germany,DEU,baden-wurttemberg,,,Linux-7.0.0-31-generic-x86_64-with-glibc2.43,3.14.4,3.3.0,24,Intel(R) Core(TM) Ultra 9 285K,1,1 x NVIDIA GeForce RTX 5090,9.2986,48.7383,60.81613540649414,machine,0.0,0.0,0.0,0.0,N
rollout_37,2026-09-17T14:00:10,sac_Ant-v5_seed85062,7c20dba2-9db6-4b17-8cc4-4e2d035a6240,0.3528148149998742,5.407497197650046e-06,1.5326921933673892e-05,31.403602502398225,108.28272632444893,20.0,3.365862692693289e-06,8.877229323994706e-06,1.9516768444494473e-06,1.4194768861136575e-05,0.0,Germany,DEU,baden-wurttemberg,,,Linux-7.0.0-31-generic-x86_64-with-glibc2.43,3.14.4,3.3.0,24,Intel(R) Core(TM) Ultra 9 285K,1,1 x NVIDIA GeForce RTX 5090,9.2986,48.7383,60.81613540649414,machine,0.0,0.0,0.0,0.0,N
gradient_updates_37,2026-09-17T14:00:14,sac_Ant-v5_seed85062,7c20dba2-9db6-4b17-8cc4-4e2d035a6240,4.2475980119997985,8.797897762136218e-05,2.071266506913506e-05,31.42153968401832,108.78806183008152,20.0,3.250806406197848e-05,0.00017484375098600347,2.359444462221691e-05,0.0002309462596701995,0.0,Germany,DEU,baden-wurttemberg,,,Linux-7.0.0-31-generic-x86_64-with-glibc2.43,3.14.4,3.3.0,24,Intel(R) Core(TM) Ultra 9 285K,1,1 x NVIDIA GeForce RTX 5090,9.2986,48.7383,60.81613540649414,machine,0.0,0.0,0.0,0.0,N
rollout_38,2026-09-17T14:00:14,sac_Ant-v5_seed85062,7c20dba2-9db6-4b17-8cc4-4e2d035a6240,0.35317649799981155,5.443572723074636e-06,1.5412215285657923e-05,31.460725030465188,108.56505739468125,20.0,3.409604116572096e-06,8.918896024001643e-06,1.960967566669216e-06,1.4289467707243389e-05,0.0,Germany,DEU,baden-wurttemberg,,,Linux-7.0.0-31-generic-x86_64-with-glibc2.43,3.14.4,3.3.0,24,Intel(R) Core(TM) Ultra 9 285K,1,1 x NVIDIA GeForce RTX 5090,9.2986,48.7383,60.81613540649414,machine,0.0,0.0,0.0,0.0,N
gradient_updates_38,2026-09-17T14:00:19,sac_Ant-v5_seed85062,7c20dba2-9db6-4b17-8cc4-4e2d035a6240,4.261101019001217,8.736693575747169e-05,2.0503422456872835e-05,31.47835263670783,109.04633612453057,20.0,3.104627455922243e-05,0.0001746240285880052,2.3669336588884402e-05,0.00022933963973611159,0.0,Germany,DEU,baden-wurttemberg,,,Linux-7.0.0-31-generic-x86_64-with-glibc2.43,3.14.4,3.3.0,24,Intel(R) Core(TM) Ultra 9 285K,1,1 x NVIDIA GeForce RTX 5090,9.2986,48.7383,60.81613540649414,machine,0.0,0.0,0.0,0.0,N
rollout_39,2026-09-17T14:00:19,sac_Ant-v5_seed85062,7c20dba2-9db6-4b17-8cc4-4e2d035a6240,0.35729908400026034,5.288246241979926e-06,1.4800137527355234e-05,31.432113601320186,108.83926545856772,20.0,2.763650266475459e-06,9.134173973995852e-06,1.983908905559646e-06,1.3881733146030306e-05,0.0,Germany,DEU,baden-wurttemberg,,,Linux-7.0.0-31-generic-x86_64-with-glibc2.43,3.14.4,3.3.0,24,Intel(R) Core(TM) Ultra 9 285K,1,1 x NVIDIA GeForce RTX 5090,9.2986,48.7383,60.81613540649414,machine,0.0,0.0,0.0,0.0,N
gradient_updates_39,2026-09-17T14:00:23,sac_Ant-v5_seed85062,7c20dba2-9db6-4b17-8cc4-4e2d035a6240,4.230450357001246,8.785840304610833e-05,2.0768143188285513e-05,31.38636100107939,109.32119894946402,20.0,3.224446023999267e-05,0.00017488597324197275,2.349931595000375e-05,0.00023062974943196916,0.0,Germany,DEU,baden-wurttemberg,,,Linux-7.0.0-31-generic-x86_64-with-glibc2.43,3.14.4,3.3.0,24,Intel(R) Core(TM) Ultra 9 285K,1,1 x NVIDIA GeForce RTX 5090,9.2986,48.7383,60.81613540649414,machine,0.0,0.0,0.0,0.0,N
rollout_40,2026-09-17T14:00:23,sac_Ant-v5_seed85062,7c20dba2-9db6-4b17-8cc4-4e2d035a6240,0.3579371670002729,5.663540847613592e-06,1.582261283297568e-05,31.431851117493494,109.14117834587276,20.0,3.5204169829966547e-06,9.359729710028963e-06,1.9867409500066904e-06,1.4866887643032525e-05,0.0,Germany,DEU,baden-wurttemberg,,,Linux-7.0.0-31-generic-x86_64-with-glibc2.43,3.14.4,3.3.0,24,Intel(R) Core(TM) Ultra 9 285K,1,1 x NVIDIA GeForce RTX 5090,9.2986,48.7383,60.81613540649414,machine,0.0,0.0,0.0,0.0,N
gradient_updates_40,2026-09-17T14:00:28,sac_Ant-v5_seed85062,7c20dba2-9db6-4b17-8cc4-4e2d035a6240,4.282040694999523,8.896942030480869e-05,2.07773744477971e-05,31.456108005753556,109.61854237972013,20.0,3.169977313757788e-05,0.0001780606980039956,2.3785716822223666e-05,0.0002335461879637967,0.0,Germany,DEU,baden-wurttemberg,,,Linux-7.0.0-31-generic-x86_64-with-glibc2.43,3.14.4,3.3.0,24,Intel(R) Core(TM) Ultra 9 285K,1,1 x NVIDIA GeForce RTX 5090,9.2986,48.7383,60.81613540649414,machine,0.0,0.0,0.0,0.0,N
rollout_41,2026-09-17T14:00:28,sac_Ant-v5_seed85062,7c20dba2-9db6-4b17-8cc4-4e2d035a6240,0.3592527490000066,4.09058478317674e-06,1.1386271976771077e-05,31.406000069363397,109.04588503359633,20.0,2.7242655127393545e-06,6.019727038009126e-06,1.993859616666524e-06,1.0737852167415005e-05,0.0,Germany,DEU,baden-wurttemberg,,,Linux-7.0.0-31-generic-x86_64-with-glibc2.43,3.14.4,3.3.0,24,Intel(R) Core(TM) Ultra 9 285K,1,1 x NVIDIA GeForce RTX 5090,9.2986,48.7383,60.81613540649414,machine,0.0,0.0,0.0,0.0,N
gradient_updates_41,2026-09-17T14:00:32,sac_Ant-v5_seed85062,7c20dba2-9db6-4b17-8cc4-4e2d035a6240,4.244093047998831,8.910371756930616e-05,2.099479558382865e-05,31.35760197132161,109.52831994087337,20.0,3.230527501087155e-05,0.0001780181979700035,2.357524750555562e-05,0.00023389872048643068,0.0,Germany,DEU,baden-wurttemberg,,,Linux-7.0.0-31-generic-x86_64-with-glibc2.43,3.14.4,3.3.0,24,Intel(R) Core(TM) Ultra 9 285K,1,1 x NVIDIA GeForce RTX 5090,9.2986,48.7383,60.81613540649414,machine,0.0,0.0,0.0,0.0,N
rollout_42,2026-09-17T14:00:33,sac_Ant-v5_seed85062,7c20dba2-9db6-4b17-8cc4-4e2d035a6240,0.35246903500046756,4.360012195701174e-06,1.236916834796051e-05,31.39503362461219,108.98396553041954,20.0,3.426456907831832e-06,6.054171510005979e-06,1.964475127776231e-06,1.1445103545613608e-05,0.0,Germany,DEU,baden-wurttemberg,,,Linux-7.0.0-31-generic-x86_64-with-glibc2.43,3.14.4,3.3.0,24,Intel(R) Core(TM) Ultra 9 285K,1,1 x NVIDIA GeForce RTX 5090,9.2986,48.7383,60.81613540649414,machine,0.0,0.0,0.0,0.0,N
gradient_updates_42,2026-09-17T14:00:37,sac_Ant-v5_seed85062,7c20dba2-9db6-4b17-8cc4-4e2d035a6240,4.244265836001432,8.897859622469893e-05,2.0964523381915862e-05,31.414368720246365,109.45799943501702,20.0,3.1821775457401e-05,0.00017817653142998546,2.3571968016666616e-05,0.0002335702749040533,0.0,Germany,DEU,baden-wurttemberg,,,Linux-7.0.0-31-generic-x86_64-with-glibc2.43,3.14.4,3.3.0,24,Intel(R) Core(TM) Ultra 9 285K,1,1 x NVIDIA GeForce RTX 5090,9.2986,48.7383,60.81613540649414,machine,0.0,0.0,0.0,0.0,N
rollout_43,2026-09-17T14:00:37,sac_Ant-v5_seed85062,7c20dba2-9db6-4b17-8cc4-4e2d035a6240,0.3537584390014672,4.524583044887218e-06,1.2789676097459553e-05,31.44813571642665,108.9778920868416,20.0,3.405365779841907e-06,6.507505206004849e-06,1.964233738888403e-06,1.1877104724734508e-05,0.0,Germany,DEU,baden-wurttemberg,,,Linux-7.0.0-31-generic-x86_64-with-glibc2.43,3.14.4,3.3.0,24,Intel(R) Core(TM) Ultra 9 285K,1,1 x NVIDIA GeForce RTX 5090,9.2986,48.7383,60.81613540649414,machine,0.0,0.0,0.0,0.0,N
gradient_updates_43,2026-09-17T14:00:42,sac_Ant-v5_seed85062,7c20dba2-9db6-4b17-8cc4-4e2d035a6240,4.283839641999293,8.681099604195344e-05,2.0264816557638804e-05,31.458701716660265,109.3981586042876,20.0,2.8859676698828052e-05,0.00017521791795199748,2.380269421110924e-05,0.00022788028886193412,0.0,Germany,DEU,baden-wurttemberg,,,Linux-7.0.0-31-generic-x86_64-with-glibc2.43,3.14.4,3.3.0,24,Intel(R) Core(TM) Ultra 9 285K,1,1 x NVIDIA GeForce RTX 5090,9.2986,48.7383,60.81613540649414,machine,0.0,0.0,0.0,0.0,N
rollout_44,2026-09-17T14:00:42,sac_Ant-v5_seed85062,7c20dba2-9db6-4b17-8cc4-4e2d035a6240,0.35731752599895117,5.334769171418466e-06,1.4929709262721241e-05,31.41759504867489,109.2231041905342,20.0,2.7627852657793883e-06,9.256951849972994e-06,1.9841194833234224e-06,1.4003856599076672e-05,0.0,Germany,DEU,baden-wurttemberg,,,Linux-7.0.0-31-generic-x86_64-with-glibc2.43,3.14.4,3.3.0,24,Intel(R) Core(TM) Ultra 9 285K,1,1 x NVIDIA GeForce RTX 5090,9.2986,48.7383,60.81613540649414,machine,0.0,0.0,0.0,0.0,N
gradient_updates_44,2026-09-17T14:00:46,sac_Ant-v5_seed85062,7c20dba2-9db6-4b17-8cc4-4e2d035a6240,4.2616264119988045,8.892697384261725e-05,2.0866976354493568e-05,31.37458702477263,109.67037625270603,20.0,3.124492666258666e-05,0.00017851736503601834,2.36724736055495e-05,0.0002334347653041545,0.0,Germany,DEU,baden-wurttemberg,,,Linux-7.0.0-31-generic-x86_64-with-glibc2.43,3.14.4,3.3.0,24,Intel(R) Core(TM) Ultra 9 285K,1,1 x NVIDIA GeForce RTX 5090,9.2986,48.7383,60.81613540649414,machine,0.0,0.0,0.0,0.0,N
rollout_45,2026-09-17T14:00:47,sac_Ant-v5_seed85062,7c20dba2-9db6-4b17-8cc4-4e2d035a6240,0.36943610299931606,3.910971083278224e-06,1.0586035320477447e-05,31.3203099700588,109.07589859855072,20.0,2.711075224405557e-06,5.5077821839721874e-06,2.0475058499971194e-06,1.0266363258374864e-05,0.0,Germany,DEU,baden-wurttemberg,,,Linux-7.0.0-31-generic-x86_64-with-glibc2.43,3.14.4,3.3.0,24,Intel(R) Core(TM) Ultra 9 285K,1,1 x NVIDIA GeForce RTX 5090,9.2986,48.7383,60.81613540649414,machine,0.0,0.0,0.0,0.0,N
gradient_updates_45,2026-09-17T14:00:51,sac_Ant-v5_seed85062,7c20dba2-9db6-4b17-8cc4-4e2d035a6240,4.242091953999989,8.923171108032434e-05,2.103488114975741e-05,31.26930136614434,109.5224858205993,20.0,3.216374156430474e-05,0.0001785065316940171,2.3564432294440702e-05,0.00023423470555276188,0.0,Germany,DEU,baden-wurttemberg,,,Linux-7.0.0-31-generic-x86_64-with-glibc2.43,3.14.4,3.3.0,24,Intel(R) Core(TM) Ultra 9 285K,1,1 x NVIDIA GeForce RTX 5090,9.2986,48.7383,60.81613540649414,machine,0.0,0.0,0.0,0.0,N
rollout_46,2026-09-17T14:00:51,sac_Ant-v5_seed85062,7c20dba2-9db6-4b17-8cc4-4e2d035a6240,0.3528633509995416,4.353395494012882e-06,1.2336468250646474e-05,31.303058648708916,109.02851906101245,20.0,3.4025004997731423e-06,6.070560412019255e-06,1.9546736833339195e-06,1.1427734595125666e-05,0.0,Germany,DEU,baden-wurttemberg,,,Linux-7.0.0-31-generic-x86_64-with-glibc2.43,3.14.4,3.3.0,24,Intel(R) Core(TM) Ultra 9 285K,1,1 x NVIDIA GeForce RTX 5090,9.2986,48.7383,60.81613540649414,machine,0.0,0.0,0.0,0.0,N
gradient_updates_46,2026-09-17T14:00:55,sac_Ant-v5_seed85062,7c20dba2-9db6-4b17-8cc4-4e2d035a6240,4.226054057999136,8.92495524220608e-05,2.1118929391355545e-05,31.320906608846702,109.4761784532546,20.0,3.186472076953384e-05,0.00017894208759799968,2.347473099999762e-05,0.00023428153936753092,0.0,Germany,DEU,baden-wurttemberg,,,Linux-7.0.0-31-generic-x86_64-with-glibc2.43,3.14.4,3.3.0,24,Intel(R) Core(TM) Ultra 9 285K,1,1 x NVIDIA GeForce RTX 5090,9.2986,48.7383,60.81613540649414,machine,0.0,0.0,0.0,0.0,N
rollout_47,2026-09-17T14:00:56,sac_Ant-v5_seed85062,7c20dba2-9db6-4b17-8cc4-4e2d035a6240,0.35301969300053315,4.155608068889989e-06,1.1771287469626716e-05,31.354807231019237,108.93513828630803,20.0,3.4168096778933177e-06,5.532226647980698e-06,1.9595030333321647e-06,1.0908539359207048e-05,0.0,Germany,DEU,baden-wurttemberg,,,Linux-7.0.0-31-generic-x86_64-with-glibc2.43,3.14.4,3.3.0,24,Intel(R) Core(TM) Ultra 9 285K,1,1 x NVIDIA GeForce RTX 5090,9.2986,48.7383,60.81613540649414,machine,0.0,0.0,0.0,0.0,N
gradient_updates_47,2026-09-17T14:01:00,sac_Ant-v5_seed85062,7c20dba2-9db6-4b17-8cc4-4e2d035a6240,4.238081500001499,8.912051090178424e-05,2.102854826113544e-05,31.372094688474267,109.3698339072802,20.0,3.1516040768363174e-05,0.00017888514310801518,2.35416193833265e-05,0.00023394280325970442,0.0,Germany,DEU,baden-wurttemberg,,,Linux-7.0.0-31-generic-x86_64-with-glibc2.43,3.14.4,3.3.0,24,Intel(R) Core(TM) Ultra 9 285K,1,1 x NVIDIA GeForce RTX 5090,9.2986,48.7383,60.81613540649414,machine,0.0,0.0,0.0,0.0,N
rollout_48,2026-09-17T14:01:00,sac_Ant-v5_seed85062,7c20dba2-9db6-4b17-8cc4-4e2d035a6240,0.34635552799954894,4.08297368426503e-06,1.1788118933525962e-05,31.39870413820915,108.84806812484692,20.0,3.293790135035224e-06,5.500837733984909e-06,1.9232450388800577e-06,1.0717872907900841e-05,0.0,Germany,DEU,baden-wurttemberg,,,Linux-7.0.0-31-generic-x86_64-with-glibc2.43,3.14.4,3.3.0,24,Intel(R) Core(TM) Ultra 9 285K,1,1 x NVIDIA GeForce RTX 5090,9.2986,48.7383,60.81613540649414,machine,0.0,0.0,0.0,0.0,N
gradient_updates_48,2026-09-17T14:01:05,sac_Ant-v5_seed85062,7c20dba2-9db6-4b17-8cc4-4e2d035a6240,4.2645276699986425,8.893915984117817e-05,2.0855655548920367e-05,31.40889932184111,109.2662598890837,20.0,3.082512410452348e-05,0.00017895319871799598,2.3688430927783482e-05,0.00023346675375030337,0.0,Germany,DEU,baden-wurttemberg,,,Linux-7.0.0-31-generic-x86_64-with-glibc2.43,3.14.4,3.3.0,24,Intel(R) Core(TM) Ultra 9 285K,1,1 x NVIDIA GeForce RTX 5090,9.2986,48.7383,60.81613540649414,machine,0.0,0.0,0.0,0.0,N
rollout_49,2026-09-17T14:01:05,sac_Ant-v5_seed85062,7c20dba2-9db6-4b17-8cc4-4e2d035a6240,0.36436150999907113,4.1278993772432895e-06,1.1328834309453132e-05,31.371762774011536,108.77656802816499,20.0,2.8112911379246652e-06,6.001393690002743e-06,2.0231187611088886e-06,1.0835803589036297e-05,0.0,Germany,DEU,baden-wurttemberg,,,Linux-7.0.0-31-generic-x86_64-with-glibc2.43,3.14.4,3.3.0,24,Intel(R) Core(TM) Ultra 9 285K,1,1 x NVIDIA GeForce RTX 5090,9.2986,48.7383,60.81613540649414,machine,0.0,0.0,0.0,0.0,N
gradient_updates_49,2026-09-17T14:01:09,sac_Ant-v5_seed85062,7c20dba2-9db6-4b17-8cc4-4e2d035a6240,4.241323836000447,8.942995865949318e-05,2.108542239397459e-05,31.33507933322419,109.19409722803917,20.0,3.239409785970454e-05,0.0001788012541520112,2.3559756688882813e-05,0.00023475510870059856,0.0,Germany,DEU,baden-wurttemberg,,,Linux-7.0.0-31-generic-x86_64-with-glibc2.43,3.14.4,3.3.0,24,Intel(R) Core(TM) Ultra 9 285K,1,1 x NVIDIA GeForce RTX 5090,9.2986,48.7383,60.81613540649414,machine,0.0,0.0,0.0,0.0,N
rollout_50,2026-09-17T14:01:10,sac_Ant-v5_seed85062,7c20dba2-9db6-4b17-8cc4-4e2d035a6240,0.35544357700018736,4.418040061265893e-06,1.2428748054880098e-05,31.372501310391115,108.74146104155868,20.0,3.498732521201031e-06,6.126671567990849e-06,1.9720235555520816e-06,1.1597427644744612e-05,0.0,Germany,DEU,baden-wurttemberg,,,Linux-7.0.0-31-generic-x86_64-with-glibc2.43,3.14.4,3.3.0,24,Intel(R) Core(TM) Ultra 9 285K,1,1 x NVIDIA GeForce RTX 5090,9.2986,48.7383,60.81613540649414,machine,0.0,0.0,0.0,0.0,N
gradient_updates_50,2026-09-17T14:01:14,sac_Ant-v5_seed85062,7c20dba2-9db6-4b17-8cc4-4e2d035a6240,4.280311525000798,8.913554739977021e-05,2.0824558816929812e-05,31.393119717939793,109.13449796021868,20.0,3.185651465185263e-05,0.00017834819823397963,2.3777561427777965e-05,0.00023398227431361066,0.0,Germany,DEU,baden-wurttemberg,,,Linux-7.0.0-31-generic-x86_64-with-glibc2.43,3.14.4,3.3.0,24,Intel(R) Core(TM) Ultra 9 285K,1,1 x NVIDIA GeForce RTX 5090,9.2986,48.7383,60.81613540649414,machine,0.0,0.0,0.0,0.0,N
rollout_51,2026-09-17T14:01:14,sac_Ant-v5_seed85062,7c20dba2-9db6-4b17-8cc4-4e2d035a6240,0.34934630899988406,5.4386756221051075e-06,1.5567912006836904e-05,31.415493705766316,108.98466602319216,20.0,3.295485691938438e-06,9.042229456024398e-06,1.938897588893776e-06,1.4276612736856611e-05,0.0,Germany,DEU,baden-wurttemberg,,,Linux-7.0.0-31-generic-x86_64-with-glibc2.43,3.14.4,3.3.0,24,Intel(R) Core(TM) Ultra 9 285K,1,1 x NVIDIA GeForce RTX 5090,9.2986,48.7383,60.81613540649414,machine,0.0,0.0,0.0,0.0,N
gradient_updates_51,2026-09-17T14:01:19,sac_Ant-v5_seed85062,7c20dba2-9db6-4b17-8cc4-4e2d035a6240,4.300447476000045,8.78916912711086e-05,2.0437852339421723e-05,31.41833462835512,109.36434155959597,20.0,2.8130952226965156e-05,0.00017869819851398794,2.3887980827779235e-05,0.00023071713156873168,0.0,Germany,DEU,baden-wurttemberg,,,Linux-7.0.0-31-generic-x86_64-with-glibc2.43,3.14.4,3.3.0,24,Intel(R) Core(TM) Ultra 9 285K,1,1 x NVIDIA GeForce RTX 5090,9.2986,48.7383,60.81613540649414,machine,0.0,0.0,0.0,0.0,N
rollout_52,2026-09-17T14:01:19,sac_Ant-v5_seed85062,7c20dba2-9db6-4b17-8cc4-4e2d035a6240,0.3658621079994191,4.1544576450140355e-06,1.1354981043994246e-05,31.380372487862648,108.90634631454935,20.0,2.7917769556407013e-06,6.08306042201856e-06,2.0306821000000506e-06,1.0905519477659095e-05,0.0,Germany,DEU,baden-wurttemberg,,,Linux-7.0.0-31-generic-x86_64-with-glibc2.43,3.14.4,3.3.0,24,Intel(R) Core(TM) Ultra 9 285K,1,1 x NVIDIA GeForce RTX 5090,9.2986,48.7383,60.81613540649414,machine,0.0,0.0,0.0,0.0,N
gradient_updates_52,2026-09-17T14:01:23,sac_Ant-v5_seed85062,7c20dba2-9db6-4b17-8cc4-4e2d035a6240,4.229633916000239,8.868056259559061e-05,2.0966526296921455e-05,31.342802250705628,109.29170239120396,20.0,3.19289091542177e-05,0.00017735486410599965,2.3504158477782042e-05,0.00023278793173799918,0.0,Germany,DEU,baden-wurttemberg,,,Linux-7.0.0-31-generic-x86_64-with-glibc2.43,3.14.4,3.3.0,24,Intel(R) Core(TM) Ultra 9 285K,1,1 x NVIDIA GeForce RTX 5090,9.2986,48.7383,60.81613540649414,machine,0.0,0.0,0.0,0.0,N
rollout_53,2026-09-17T14:01:24,sac_Ant-v5_seed85062,7c20dba2-9db6-4b17-8cc4-4e2d035a6240,0.348212971999601,4.3761954079514845e-06,1.2567237592942774e-05,31.37775291669275,108.87452328028135,20.0,3.4235235721533086e-06,6.130560460004819e-06,1.9335007111194544e-06,1.1487584743277365e-05,0.0,Germany,DEU,baden-wurttemberg,,,Linux-7.0.0-31-generic-x86_64-with-glibc2.43,3.14.4,3.3.0,24,Intel(R) Core(TM) Ultra 9 285K,1,1 x NVIDIA GeForce RTX 5090,9.2986,48.7383,60.81613540649414,machine,0.0,0.0,0.0,0.0,N
gradient_updates_53,2026-09-17T14:01:28,sac_Ant-v5_seed85062,7c20dba2-9db6-4b17-8cc4-4e2d035a6240,4.237193916000251,8.92684130230463e-05,2.1067852651572604e-05,31.396814958690822,109.26714489710967,20.0,3.146238100321802e-05,0.0001793420879180052,2.3526579833327895e-05,0.00023433104875455156,0.0,Germany,DEU,baden-wurttemberg,,,Linux-7.0.0-31-generic-x86_64-with-glibc2.43,3.14.4,3.3.0,24,Intel(R) Core(TM) Ultra 9 285K,1,1 x NVIDIA GeForce RTX 5090,9.2986,48.7383,60.81613540649414,machine,0.0,0.0,0.0,0.0,N
rollout_54,2026-09-17T14:01:28,sac_Ant-v5_seed85062,7c20dba2-9db6-4b17-8cc4-4e2d035a6240,0.3511669899999106,4.320311914952565e-06,1.2302029054830951e-05,31.426210030949743,108.83981170259457,20.0,3.403619667337321e-06,5.987504789972675e-06,1.949765200000373e-06,1.1340889657309935e-05,0.0,Germany,DEU,baden-wurttemberg,,,Linux-7.0.0-31-generic-x86_64-with-glibc2.43,3.14.4,3.3.0,24,Intel(R) Core(TM) Ultra 9 285K,1,1 x NVIDIA GeForce RTX 5090,9.2986,48.7383,60.81613540649414,machine,0.0,0.0,0.0,0.0,N
gradient_updates_54,2026-09-17T14:01:32,sac_Ant-v5_seed85062,7c20dba2-9db6-4b17-8cc4-4e2d035a6240,4.2391291209987685,8.963446578372832e-05,2.1144600241446817e-05,31.442253342486797,109.22520258807126,20.0,3.232563697160712e-05,0.0001794193102019892,2.354699608333446e-05,0.00023529194325693122,0.0,Germany,DEU,baden-wurttemberg,,,Linux-7.0.0-31-generic-x86_64-with-glibc2.43,3.14.4,3.3.0,24,Intel(R) Core(TM) Ultra 9 285K,1,1 x NVIDIA GeForce RTX 5090,9.2986,48.7383,60.81613540649414,machine,0.0,0.0,0.0,0.0,N
rollout_55,2026-09-17T14:01:33,sac_Ant-v5_seed85062,7c20dba2-9db6-4b17-8cc4-4e2d035a6240,0.34827714300081425,4.1574222657408955e-06,1.1936734902287158e-05,31.474430448372882,108.77158365728879,20.0,3.4168269001239038e-06,5.562504450024042e-06,1.9339703055570086e-06,1.0913301655705171e-05,0.0,Germany,DEU,baden-wurttemberg,,,Linux-7.0.0-31-generic-x86_64-with-glibc2.43,3.14.4,3.3.0,24,Intel(R) Core(TM) Ultra 9 285K,1,1 x NVIDIA GeForce RTX 5090,9.2986,48.7383,60.81613540649414,machine,0.0,0.0,0.0,0.0,N
gradient_updates_55,2026-09-17T14:01:37,sac_Ant-v5_seed85062,7c20dba2-9db6-4b17-8cc4-4e2d035a6240,4.228368517999115,8.953757383027647e-05,2.117552119050282e-05,31.492501429844747,109.15437390411478,20.0,3.210523262860837e-05,0.0001794443102219878,2.3488057438882754e-05,0.0002350376002894783,0.0,Germany,DEU,baden-wurttemberg,,,Linux-7.0.0-31-generic-x86_64-with-glibc2.43,3.14.4,3.3.0,24,Intel(R) Core(TM) Ultra 9 285K,1,1 x NVIDIA GeForce RTX 5090,9.2986,48.7383,60.81613540649414,machine,0.0,0.0,0.0,0.0,N
rollout_56,2026-09-17T14:01:37,sac_Ant-v5_seed85062,7c20dba2-9db6-4b17-8cc4-4e2d035a6240,0.35116627299976244,4.085959707867022e-06,1.163507872395303e-05,31.516589296404543,108.69071698476233,20.0,3.367981861054914e-06,5.405559880017341e-06,1.9521695277741405e-06,1.0725711268847263e-05,0.0,Germany,DEU,baden-wurttemberg,,,Linux-7.0.0-31-generic-x86_64-with-glibc2.43,3.14.4,3.3.0,24,Intel(R) Core(TM) Ultra 9 285K,1,1 x NVIDIA GeForce RTX 5090,9.2986,48.7383,60.81613540649414,machine,0.0,0.0,0.0,0.0,N
gradient_updates_56,2026-09-17T14:01:42,sac_Ant-v5_seed85062,7c20dba2-9db6-4b17-8cc4-4e2d035a6240,4.229628123999646,8.796082449565121e-05,2.079641243128468e-05,31.527657775145606,109.04055522139456,20.0,3.163287225071976e-05,0.00017577097394999575,2.3494761216665428e-05,0.0002308986074173805,0.0,Germany,DEU,baden-wurttemberg,,,Linux-7.0.0-31-generic-x86_64-with-glibc2.43,3.14.4,3.3.0,24,Intel(R) Core(TM) Ultra 9 285K,1,1 x NVIDIA GeForce RTX 5090,9.2986,48.7383,60.81613540649414,machine,0.0,0.0,0.0,0.0,N
rollout_57,2026-09-17T14:01:42,sac_Ant-v5_seed85062,7c20dba2-9db6-4b17-8cc4-4e2d035a6240,0.3643625409986271,5.325662282243404e-06,1.4616138845024554e-05,31.483701790458255,108.8935290911939,20.0,2.6808799224870006e-06,9.276118531992283e-06,2.0229524111022024e-06,1.3979950865581486e-05,0.0,Germany,DEU,baden-wurttemberg,,,Linux-7.0.0-31-generic-x86_64-with-glibc2.43,3.14.4,3.3.0,24,Intel(R) Core(TM) Ultra 9 285K,1,1 x NVIDIA GeForce RTX 5090,9.2986,48.7383,60.81613540649414,machine,0.0,0.0,0.0,0.0,N
gradient_updates_57,2026-09-17T14:01:46,sac_Ant-v5_seed85062,7c20dba2-9db6-4b17-8cc4-4e2d035a6240,4.247162836001735,8.972590663280586e-05,2.1126111419663813e-05,31.44217785234431,109.25836976546299,20.0,3.227997915729308e-05,0.00017966097706201278,2.359102076666692e-05,0.00023553197698597192,0.0,Germany,DEU,baden-wurttemberg,,,Linux-7.0.0-31-generic-x86_64-with-glibc2.43,3.14.4,3.3.0,24,Intel(R) Core(TM) Ultra 9 285K,1,1 x NVIDIA GeForce RTX 5090,9.2986,48.7383,60.81613540649414,machine,0.0,0.0,0.0,0.0,N
rollout_58,2026-09-17T14:01:46,sac_Ant-v5_seed85062,7c20dba2-9db6-4b17-8cc4-4e2d035a6240,0.3478221550012677,4.0804638943665525e-06,1.1730684609636858e-05,31.46989771899636,108.8137780845684,20.0,3.3794768702494205e-06,5.400282098000364e-06,1.9315256999915056e-06,1.0711284668240423e-05,0.0,Germany,DEU,baden-wurttemberg,,,Linux-7.0.0-31-generic-x86_64-with-glibc2.43,3.14.4,3.3.0,24,Intel(R) Core(TM) Ultra 9 285K,1,1 x NVIDIA GeForce RTX 5090,9.2986,48.7383,60.81613540649414,machine,0.0,0.0,0.0,0.0,N
gradient_updates_58,2026-09-17T14:01:51,sac_Ant-v5_seed85062,7c20dba2-9db6-4b17-8cc4-4e2d035a6240,4.258399451000514,8.901893565162536e-05,2.0904375313439532e-05,31.482763854558275,109.16651356419439,20.0,3.0839755505114586e-05,0.0001791818100120024,2.3654601044442204e-05,0.00023367616656155832,0.0,Germany,DEU,baden-wurttemberg,,,Linux-7.0.0-31-generic-x86_64-with-glibc2.43,3.14.4,3.3.0,24,Intel(R) Core(TM) Ultra 9 285K,1,1 x NVIDIA GeForce RTX 5090,9.2986,48.7383,60.81613540649414,machine,0.0,0.0,0.0,0.0,N
rollout_59,2026-09-17T14:01:51,sac_Ant-v5_seed85062,7c20dba2-9db6-4b17-8cc4-4e2d035a6240,0.3630566869996983,3.950728592745124e-06,1.088152084334023e-05,31.45035373618451,108.72410443101752,20.0,2.7917939001004255e-06,5.5633377840091924e-06,2.015595688893354e-06,1.0370727373001237e-05,0.0,Germany,DEU,baden-wurttemberg,,,Linux-7.0.0-31-generic-x86_64-with-glibc2.43,3.14.4,3.3.0,24,Intel(R) Core(TM) Ultra 9 285K,1,1 x NVIDIA GeForce RTX 5090,9.2986,48.7383,60.81613540649414,machine,0.0,0.0,0.0,0.0,N
gradient_updates_59,2026-09-17T14:01:55,sac_Ant-v5_seed85062,7c20dba2-9db6-4b17-8cc4-4e2d035a6240,4.245198982000147,8.907798241378651e-05,2.0983279773398224e-05,31.416422107391742,109.07601013524159,20.0,3.0994852295865294e-05,0.00017925236562399416,2.3583947361112065e-05,0.00023383116528097325,0.0,Germany,DEU,baden-wurttemberg,,,Linux-7.0.0-31-generic-x86_64-with-glibc2.43,3.14.4,3.3.0,24,Intel(R) Core(TM) Ultra 9 285K,1,1 x NVIDIA GeForce RTX 5090,9.2986,48.7383,60.81613540649414,machine,0.0,0.0,0.0,0.0,N
rollout_60,2026-09-17T14:01:56,sac_Ant-v5_seed85062,7c20dba2-9db6-4b17-8cc4-4e2d035a6240,0.3595285129995318,4.4906881131135876e-06,1.2490326835814947e-05,31.452062724002314,108.69670022175261,20.0,3.599830102084256e-06,6.192504953983491e-06,1.9957949166683753e-06,1.1788129972736122e-05,0.0,Germany,DEU,baden-wurttemberg,,,Linux-7.0.0-31-generic-x86_64-with-glibc2.43,3.14.4,3.3.0,24,Intel(R) Core(TM) Ultra 9 285K,1,1 x NVIDIA GeForce RTX 5090,9.2986,48.7383,60.81613540649414,machine,0.0,0.0,0.0,0.0,N
gradient_updates_60,2026-09-17T14:02:00,sac_Ant-v5_seed85062,7c20dba2-9db6-4b17-8cc4-4e2d035a6240,4.289956571999937,8.95019358979109e-05,2.0863148449409114e-05,31.473735338497008,109.02530121093851,20.0,3.27407261925608e-05,0.00017838319826199434,2.382012567777583e-05,0.00023494405013232966,0.0,Germany,DEU,baden-wurttemberg,,,Linux-7.0.0-31-generic-x86_64-with-glibc2.43,3.14.4,3.3.0,24,Intel(R) Core(TM) Ultra 9 285K,1,1 x NVIDIA GeForce RTX 5090,9.2986,48.7383,60.81613540649414,machine,0.0,0.0,0.0,0.0,N
rollout_61,2026-09-17T14:02:00,sac_Ant-v5_seed85062,7c20dba2-9db6-4b17-8cc4-4e2d035a6240,0.34605709700008447,5.580648570258084e-06,1.6126088799189767e-05,31.496587346139744,108.93717734191152,20.0,3.322086824339432e-06,9.406396414002316e-06,1.920810816671923e-06,1.4649294055014972e-05,0.0,Germany,DEU,baden-wurttemberg,,,Linux-7.0.0-31-generic-x86_64-with-glibc2.43,3.14.4,3.3.0,24,Intel(R) Core(TM) Ultra 9 285K,1,1 x NVIDIA GeForce RTX 5090,9.2986,48.7383,60.81613540649414,machine,0.0,0.0,0.0,0.0,N
gradient_updates_61,2026-09-17T14:02:05,sac_Ant-v5_seed85062,7c20dba2-9db6-4b17-8cc4-4e2d035a6240,4.274218127000495,8.937622917609082e-05,2.0910613909685103e-05,31.50659521105849,109.26987531276778,20.0,3.1388986222277704e-05,0.00017948292136399369,2.3742160338891243e-05,0.00023461406792516307,0.0,Germany,DEU,baden-wurttemberg,,,Linux-7.0.0-31-generic-x86_64-with-glibc2.43,3.14.4,3.3.0,24,Intel(R) Core(TM) Ultra 9 285K,1,1 x NVIDIA GeForce RTX 5090,9.2986,48.7383,60.81613540649414,machine,0.0,0.0,0.0,0.0,N
rollout_62,2026-09-17T14:02:05,sac_Ant-v5_seed85062,7c20dba2-9db6-4b17-8cc4-4e2d035a6240,0.3523195059988211,4.193404981722194e-06,1.1901734233677838e-05,31.53855024787847,108.85959439027322,20.0,3.503530580595271e-06,5.54917110601183e-06,1.9550551888943522e-06,1.1007756875500152e-05,0.0,Germany,DEU,baden-wurttemberg,,,Linux-7.0.0-31-generic-x86_64-with-glibc2.43,3.14.4,3.3.0,24,Intel(R) Core(TM) Ultra 9 285K,1,1 x NVIDIA GeForce RTX 5090,9.2986,48.7383,60.81613540649414,machine,0.0,0.0,0.0,0.0,N
gradient_updates_62,2026-09-17T14:02:09,sac_Ant-v5_seed85062,7c20dba2-9db6-4b17-8cc4-4e2d035a6240,4.309587083998849,8.80727168552399e-05,2.0436495557035937e-05,31.55289690559386,109.16746567627634,20.0,2.9413264919474214e-05,0.00017784014227201217,2.3938919505558758e-05,0.000231192326697046,0.0,Germany,DEU,baden-wurttemberg,,,Linux-7.0.0-31-generic-x86_64-with-glibc2.43,3.14.4,3.3.0,24,Intel(R) Core(TM) Ultra 9 285K,1,1 x NVIDIA GeForce RTX 5090,9.2986,48.7383,60.81613540649414,machine,0.0,0.0,0.0,0.0,N
rollout_63,2026-09-17T14:02:10,sac_Ant-v5_seed85062,7c20dba2-9db6-4b17-8cc4-4e2d035a6240,0.34915169899977627,5.496040835553488e-06,1.574121791431793e-05,31.582390512604327,109.04480087620112,20.0,3.45221026177428e-06,9.036673895984615e-06,1.9383132055534463e-06,1.4427197363310607e-05,0.0,Germany,DEU,baden-wurttemberg,,,Linux-7.0.0-31-generic-x86_64-with-glibc2.43,3.14.4,3.3.0,24,Intel(R) Core(TM) Ultra 9 285K,1,1 x NVIDIA GeForce RTX 5090,9.2986,48.7383,60.81613540649414,machine,0.0,0.0,0.0,0.0,N
gradient_updates_63,2026-09-17T14:02:14,sac_Ant-v5_seed85062,7c20dba2-9db6-4b17-8cc4-4e2d035a6240,4.2533867260008265,8.868299344292827e-05,2.0849999580760482e-05,31.600045920599047,109.35076337426541,20.0,3.3012145576362395e-05,0.00017615736314799402,2.362480402778389e-05,0.0002327943127521416,0.0,Germany,DEU,baden-wurttemberg,,,Linux-7.0.0-31-generic-x86_64-with-glibc2.43,3.14.4,3.3.0,24,Intel(R) Core(TM) Ultra 9 285K,1,1 x NVIDIA GeForce RTX 5090,9.2986,48.7383,60.81613540649414,machine,0.0,0.0,0.0,0.0,N
rollout_64,2026-09-17T14:02:14,sac_Ant-v5_seed85062,7c20dba2-9db6-4b17-8cc4-4e2d035a6240,0.3518317149992072,5.66120183767907e-06,1.6090113329954515e-05,31.628134778203055,109.25411272365882,20.0,3.4708766655858203e-06,9.436396437995098e-06,1.9534746000015105e-06,1.4860747703581562e-05,0.0,Germany,DEU,baden-wurttemberg,,,Linux-7.0.0-31-generic-x86_64-with-glibc2.43,3.14.4,3.3.0,24,Intel(R) Core(TM) Ultra 9 285K,1,1 x NVIDIA GeForce RTX 5090,9.2986,48.7383,60.81613540649414,machine,0.0,0.0,0.0,0.0,N
gradient_updates_64,2026-09-17T14:02:19,sac_Ant-v5_seed85062,7c20dba2-9db6-4b17-8cc4-4e2d035a6240,4.2560141010017105,8.810852547491352e-05,2.0702172744361055e-05,31.64296354224696,109.5520105018268,20.0,3.166372866428985e-05,0.00017598236300800374,2.3640233238883188e-05,0.0002312863249111785,0.0,Germany,DEU,baden-wurttemberg,,,Linux-7.0.0-31-generic-x86_64-with-glibc2.43,3.14.4,3.3.0,24,Intel(R) Core(TM) Ultra 9 285K,1,1 x NVIDIA GeForce RTX 5090,9.2986,48.7383,60.81613540649414,machine,0.0,0.0,0.0,0.0,N
rollout_65,2026-09-17T14:02:19,sac_Ant-v5_seed85062,7c20dba2-9db6-4b17-8cc4-4e2d035a6240,0.36634612700072466,5.352715875183919e-06,1.4610913858668613e-05,31.611585046479405,109.40983715447669,20.0,2.8083414133350804e-06,9.208062922011484e-06,2.034562655555544e-06,1.4050966990902108e-05,0.0,Germany,DEU,baden-wurttemberg,,,Linux-7.0.0-31-generic-x86_64-with-glibc2.43,3.14.4,3.3.0,24,Intel(R) Core(TM) Ultra 9 285K,1,1 x NVIDIA GeForce RTX 5090,9.2986,48.7383,60.81613540649414,machine,0.0,0.0,0.0,0.0,N
gradient_updates_65,2026-09-17T14:02:23,sac_Ant-v5_seed85062,7c20dba2-9db6-4b17-8cc4-4e2d035a6240,4.262684584999079,8.952061818008443e-05,2.1001025496096687e-05,31.58056563887775,109.71866735813587,20.0,3.241973260242892e-05,0.00017889514311600352,2.36782157111118e-05,0.0002349930914295438,0.0,Germany,DEU,baden-wurttemberg,,,Linux-7.0.0-31-generic-x86_64-with-glibc2.43,3.14.4,3.3.0,24,Intel(R) Core(TM) Ultra 9 285K,1,1 x NVIDIA GeForce RTX 5090,9.2986,48.7383,60.81613540649414,machine,0.0,0.0,0.0,0.0,N
rollout_66,2026-09-17T14:02:24,sac_Ant-v5_seed85062,7c20dba2-9db6-4b17-8cc4-4e2d035a6240,0.3541263590013841,4.37486677029586e-06,1.2353149776285152e-05,31.60488157197671,109.36556332723939,20.0,3.4515152612102362e-06,6.066393741982479e-06,1.9661880444397754e-06,1.1484097047632924e-05,0.0,Germany,DEU,baden-wurttemberg,,,Linux-7.0.0-31-generic-x86_64-with-glibc2.43,3.14.4,3.3.0,24,Intel(R) Core(TM) Ultra 9 285K,1,1 x NVIDIA GeForce RTX 5090,9.2986,48.7383,60.81613540649414,machine,0.0,0.0,0.0,0.0,N
gradient_updates_66,2026-09-17T14:02:28,sac_Ant-v5_seed85062,7c20dba2-9db6-4b17-8cc4-4e2d035a6240,4.258676622001076,8.929357973951491e-05,2.0967506052637025e-05,31.6177913144029,109.66824096308244,20.0,3.2330791142391735e-05,0.0001784101427280138,2.365617792777098e-05,0.00023439711179817566,0.0,Germany,DEU,baden-wurttemberg,,,Linux-7.0.0-31-generic-x86_64-with-glibc2.43,3.14.4,3.3.0,24,Intel(R) Core(TM) Ultra 9 285K,1,1 x NVIDIA GeForce RTX 5090,9.2986,48.7383,60.81613540649414,machine,0.0,0.0,0.0,0.0,N
rollout_67,2026-09-17T14:02:28,sac_Ant-v5_seed85062,7c20dba2-9db6-4b17-8cc4-4e2d035a6240,0.3525986330005253,5.302897825271158e-06,1.5039044201928518e-05,31.64506649006039,109.50113661897223,20.0,3.485711677450598e-06,8.477229003989173e-06,1.9572531111105435e-06,1.392019379254858e-05,0.0,Germany,DEU,baden-wurttemberg,,,Linux-7.0.0-31-generic-x86_64-with-glibc2.43,3.14.4,3.3.0,24,Intel(R) Core(TM) Ultra 9 285K,1,1 x NVIDIA GeForce RTX 5090,9.2986,48.7383,60.81613540649414,machine,0.0,0.0,0.0,0.0,N
gradient_updates_67,2026-09-17T14:02:32,sac_Ant-v5_seed85062,7c20dba2-9db6-4b17-8cc4-4e2d035a6240,4.264239201000237,8.846623448035412e-05,2.0746113960916168e-05,31.660407647725524,109.78310860039974,20.0,3.2424225383805017e-05,0.00017611375200202173,2.3687339533332973e-05,0.00023222531691916015,0.0,Germany,DEU,baden-wurttemberg,,,Linux-7.0.0-31-generic-x86_64-with-glibc2.43,3.14.4,3.3.0,24,Intel(R) Core(TM) Ultra 9 285K,1,1 x NVIDIA GeForce RTX 5090,9.2986,48.7383,60.81613540649414,machine,0.0,0.0,0.0,0.0,N
rollout_68,2026-09-17T14:02:33,sac_Ant-v5_seed85062,7c20dba2-9db6-4b17-8cc4-4e2d035a6240,0.3461506969997572,5.464859946030347e-06,1.5787208815047894e-05,31.685330138391638,109.66969595116183,20.0,3.3995674418724198e-06,9.02417388598531e-06,1.9216056888885814e-06,1.4345347016747612e-05,0.0,Germany,DEU,baden-wurttemberg,,,Linux-7.0.0-31-generic-x86_64-with-glibc2.43,3.14.4,3.3.0,24,Intel(R) Core(TM) Ultra 9 285K,1,1 x NVIDIA GeForce RTX 5090,9.2986,48.7383,60.81613540649414,machine,0.0,0.0,0.0,0.0,N
gradient_updates_68,2026-09-17T14:02:37,sac_Ant-v5_seed85062,7c20dba2-9db6-4b17-8cc4-4e2d035a6240,4.2661089860012,8.865698950961606e-05,2.0781739604454093e-05,31.699708507139835,109.9445877772181,20.0,3.315489957945311e-05,0.0001758737518099962,2.3697400611116803e-05,0.00023272605200056612,0.0,Germany,DEU,baden-wurttemberg,,,Linux-7.0.0-31-generic-x86_64-with-glibc2.43,3.14.4,3.3.0,24,Intel(R) Core(TM) Ultra 9 285K,1,1 x NVIDIA GeForce RTX 5090,9.2986,48.7383,60.81613540649414,machine,0.0,0.0,0.0,0.0,N
rollout_69,2026-09-17T14:02:37,sac_Ant-v5_seed85062,7c20dba2-9db6-4b17-8cc4-4e2d035a6240,0.345449495000139,5.605713120330688e-06,1.622735781020285e-05,31.727384191672883,109.8575335000819,20.0,3.4387994177070835e-06,9.358618598021007e-06,1.9176708944438833e-06,1.4715088910172841e-05,0.0,Germany,DEU,baden-wurttemberg,,,Linux-7.0.0-31-generic-x86_64-with-glibc2.43,3.14.4,3.3.0,24,Intel(R) Core(TM) Ultra 9 285K,1,1 x NVIDIA GeForce RTX 5090,9.2986,48.7383,60.81613540649414,machine,0.0,0.0,0.0,0.0,N
gradient_updates_69,2026-09-17T14:02:42,sac_Ant-v5_seed85062,7c20dba2-9db6-4b17-8cc4-4e2d035a6240,4.253075667998928,8.839039125554775e-05,2.0782745502569818e-05,31.743307583400235,110.13056524279932,20.0,3.2508046839754834e-05,0.0001758931962699828,2.362498409999407e-05,0.00023202622720973343,0.0,Germany,DEU,baden-wurttemberg,,,Linux-7.0.0-31-generic-x86_64-with-glibc2.43,3.14.4,3.3.0,24,Intel(R) Core(TM) Ultra 9 285K,1,1 x NVIDIA GeForce RTX 5090,9.2986,48.7383,60.81613540649414,machine,0.0,0.0,0.0,0.0,N
rollout_70,2026-09-17T14:02:42,sac_Ant-v5_seed85062,7c20dba2-9db6-4b17-8cc4-4e2d035a6240,0.35249202599879936,5.7035974932676675e-06,1.6179564828119327e-05,31.77577443698689,110.03450357919111,20.0,3.5879962037299595e-06,9.426674208001806e-06,1.9573665833274093e-06,1.4972036995058308e-05,0.0,Germany,DEU,baden-wurttemberg,,,Linux-7.0.0-31-generic-x86_64-with-glibc2.43,3.14.4,3.3.0,24,Intel(R) Core(TM) Ultra 9 285K,1,1 x NVIDIA GeForce RTX 5090,9.2986,48.7383,60.81613540649414,machine,0.0,0.0,0.0,0.0,N
gradient_updates_70,2026-09-17T14:02:46,sac_Ant-v5_seed85062,7c20dba2-9db6-4b17-8cc4-4e2d035a6240,4.300031836999551,9.01273247424705e-05,2.0959730911669348e-05,31.796134723622377,110.31088509138976,20.0,3.341957145786695e-05,0.00017928014342399878,2.3885991227780377e-05,0.0002365857061096474,0.0,Germany,DEU,baden-wurttemberg,,,Linux-7.0.0-31-generic-x86_64-with-glibc2.43,3.14.4,3.3.0,24,Intel(R) Core(TM) Ultra 9 285K,1,1 x NVIDIA GeForce RTX 5090,9.2986,48.7383,60.81613540649414,machine,0.0,0.0,0.0,0.0,N
rollout_71,2026-09-17T14:02:47,sac_Ant-v5_seed85062,7c20dba2-9db6-4b17-8cc4-4e2d035a6240,0.3475344570015295,4.617843330455111e-06,1.3287156597118155e-05,31.820767361763988,110.03504621472504,20.0,3.436917471753842e-06,6.756116515987953e-06,1.928880516667824e-06,1.2121914504410053e-05,0.0,Germany,DEU,baden-wurttemberg,,,Linux-7.0.0-31-generic-x86_64-with-glibc2.43,3.14.4,3.3.0,24,Intel(R) Core(TM) Ultra 9 285K,1,1 x NVIDIA GeForce RTX 5090,9.2986,48.7383,60.81613540649414,machine,0.0,0.0,0.0,0.0,N
gradient_updates_71,2026-09-17T14:02:51,sac_Ant-v5_seed85062,7c20dba2-9db6-4b17-8cc4-4e2d035a6240,4.2680718379997415,8.860244759314323e-05,2.0759384206759976e-05,31.833864209012162,110.29972275573438,20.0,3.222847244942206e-05,0.00017663625242000935,2.371815370556243e-05,0.00023258287857499255,0.0,Germany,DEU,baden-wurttemberg,,,Linux-7.0.0-31-generic-x86_64-with-glibc2.43,3.14.4,3.3.0,24,Intel(R) Core(TM) Ultra 9 285K,1,1 x NVIDIA GeForce RTX 5090,9.2986,48.7383,60.81613540649414,machine,0.0,0.0,0.0,0.0,N
rollout_72,2026-09-17T14:02:51,sac_Ant-v5_seed85062,7c20dba2-9db6-4b17-8cc4-4e2d035a6240,0.35150729800079716,5.496555825763687e-06,1.5637150337920823e-05,31.851849074441102,110.1840237539278,20.0,3.3874452099527663e-06,9.090285050000757e-06,1.9508189611060905e-06,1.4428549221061349e-05,0.0,Germany,DEU,baden-wurttemberg,,,Linux-7.0.0-31-generic-x86_64-with-glibc2.43,3.14.4,3.3.0,24,Intel(R) Core(TM) Ultra 9 285K,1,1 x NVIDIA GeForce RTX 5090,9.2986,48.7383,60.81613540649414,machine,0.0,0.0,0.0,0.0,N
gradient_updates_72,2026-09-17T14:02:56,sac_Ant-v5_seed85062,7c20dba2-9db6-4b17-8cc4-4e2d035a6240,4.249284610999894,8.824036302993929e-05,2.0766015357435837e-05,31.85931299549699,110.44728993031383,20.0,3.169209313143295e-05,0.00017633652995799332,2.3603777566667383e-05,0.00023163240065609408,0.0,Germany,DEU,baden-wurttemberg,,,Linux-7.0.0-31-generic-x86_64-with-glibc2.43,3.14.4,3.3.0,24,Intel(R) Core(TM) Ultra 9 285K,1,1 x NVIDIA GeForce RTX 5090,9.2986,48.7383,60.81613540649414,machine,0.0,0.0,0.0,0.0,N
rollout_73,2026-09-17T14:02:56,sac_Ant-v5_seed85062,7c20dba2-9db6-4b17-8cc4-4e2d035a6240,0.3499794880008267,5.480885227822883e-06,1.566023258156697e-05,31.875426247953953,110.33480139699527,20.0,3.3515532368022516e-06,9.09278505201172e-06,1.9430753555550392e-06,1.4387413644369879e-05,0.0,Germany,DEU,baden-wurttemberg,,,Linux-7.0.0-31-generic-x86_64-with-glibc2.43,3.14.4,3.3.0,24,Intel(R) Core(TM) Ultra 9 285K,1,1 x NVIDIA GeForce RTX 5090,9.2986,48.7383,60.81613540649414,machine,0.0,0.0,0.0,0.0,N
gradient_updates_73,2026-09-17T14:03:00,sac_Ant-v5_seed85062,7c20dba2-9db6-4b17-8cc4-4e2d035a6240,4.28042622599969,8.899444587483641e-05,2.0791077896840404e-05,31.879735726624467,110.60383972138037,20.0,3.0364105957934873e-05,0.00017947097690998448,2.377679762778119e-05,0.0002336118804956988,0.0,Germany,DEU,baden-wurttemberg,,,Linux-7.0.0-31-generic-x86_64-with-glibc2.43,3.14.4,3.3.0,24,Intel(R) Core(TM) Ultra 9 285K,1,1 x NVIDIA GeForce RTX 5090,9.2986,48.7383,60.81613540649414,machine,0.0,0.0,0.0,0.0,N
rollout_74,2026-09-17T14:03:01,sac_Ant-v5_seed85062,7c20dba2-9db6-4b17-8cc4-4e2d035a6240,0.3641773090002971,3.923371006565174e-06,1.0772575560644024e-05,31.845718334549485,110.23793693129772,20.0,2.716958284680604e-06,5.560004447985323e-06,2.0219505277763346e-06,1.0298913260441828e-05,0.0,Germany,DEU,baden-wurttemberg,,,Linux-7.0.0-31-generic-x86_64-with-glibc2.43,3.14.4,3.3.0,24,Intel(R) Core(TM) Ultra 9 285K,1,1 x NVIDIA GeForce RTX 5090,9.2986,48.7383,60.81613540649414,machine,0.0,0.0,0.0,0.0,N
gradient_updates_74,2026-09-17T14:03:05,sac_Ant-v5_seed85062,7c20dba2-9db6-4b17-8cc4-4e2d035a6240,4.26414995399864,8.947818337958022e-05,2.0983860132024144e-05,31.813146749532304,110.50274401677305,20.0,3.25714216126774e-05,0.00017861458733600677,2.369569043333573e-05,0.00023488169938202033,0.0,Germany,DEU,baden-wurttemberg,,,Linux-7.0.0-31-generic-x86_64-with-glibc2.43,3.14.4,3.3.0,24,Intel(R) Core(TM) Ultra 9 285K,1,1 x NVIDIA GeForce RTX 5090,9.2986,48.7383,60.81613540649414,machine,0.0,0.0,0.0,0.0,N
rollout_75,2026-09-17T14:03:05,sac_Ant-v5_seed85062,7c20dba2-9db6-4b17-8cc4-4e2d035a6240,0.35317028800091066,5.287606731675838e-06,1.497130568053484e-05,31.83348409382067,110.3471515615215,20.0,3.44815803630244e-06,8.473895668020814e-06,1.9580007166648296e-06,1.3880054420989385e-05,0.0,Germany,DEU,baden-wurttemberg,,,Linux-7.0.0-31-generic-x86_64-with-glibc2.43,3.14.4,3.3.0,24,Intel(R) Core(TM) Ultra 9 285K,1,1 x NVIDIA GeForce RTX 5090,9.2986,48.7383,60.81613540649414,machine,0.0,0.0,0.0,0.0,N
gradient_updates_75,2026-09-17T14:03:09,sac_Ant-v5_seed85062,7c20dba2-9db6-4b17-8cc4-4e2d035a6240,4.249399008998807,8.880883751028867e-05,2.0899254479565734e-05,31.844115875221068,110.60218280179527,20.0,3.2625658044953265e-05,0.0001768943081819907,2.3604689266661094e-05,0.00023312465549360506,0.0,Germany,DEU,baden-wurttemberg,,,Linux-7.0.0-31-generic-x86_64-with-glibc2.43,3.14.4,3.3.0,24,Intel(R) Core(TM) Ultra 9 285K,1,1 x NVIDIA GeForce RTX 5090,9.2986,48.7383,60.81613540649414,machine,0.0,0.0,0.0,0.0,N
rollout_76,2026-09-17T14:03:10,sac_Ant-v5_seed85062,7c20dba2-9db6-4b17-8cc4-4e2d035a6240,0.3504700240009697,5.2858342393111504e-06,1.5081989717490912e-05,31.865848451458394,110.45188328312442,20.0,3.4498874821251024e-06,8.480006783995186e-06,1.9455073333321873e-06,1.3875401599451609e-05,0.0,Germany,DEU,baden-wurttemberg,,,Linux-7.0.0-31-generic-x86_64-with-glibc2.43,3.14.4,3.3.0,24,Intel(R) Core(TM) Ultra 9 285K,1,1 x NVIDIA GeForce RTX 5090,9.2986,48.7383,60.81613540649414,machine,0.0,0.0,0.0,0.0,N
gradient_updates_76,2026-09-17T14:03:14,sac_Ant-v5_seed85062,7c20dba2-9db6-4b17-8cc4-4e2d035a6240,4.307290077000289,8.861165706904994e-05,2.057251558797835e-05,31.873676976811257,110.70304452346997,20.0,2.9371286274788855e-05,0.00017930986566999652,2.3925901655558104e-05,0.00023260705360034217,0.0,Germany,DEU,baden-wurttemberg,,,Linux-7.0.0-31-generic-x86_64-with-glibc2.43,3.14.4,3.3.0,24,Intel(R) Core(TM) Ultra 9 285K,1,1 x NVIDIA GeForce RTX 5090,9.2986,48.7383,60.81613540649414,machine,0.0,0.0,0.0,0.0,N
rollout_77,2026-09-17T14:03:14,sac_Ant-v5_seed85062,7c20dba2-9db6-4b17-8cc4-4e2d035a6240,0.3628931709990866,3.923729072791149e-06,1.0811984140699366e-05,31.84606205326067,110.34956248717687,20.0,2.7887933421455458e-06,5.504448848003829e-06,2.0066110000089774e-06,1.029985319015922e-05,0.0,Germany,DEU,baden-wurttemberg,,,Linux-7.0.0-31-generic-x86_64-with-glibc2.43,3.14.4,3.3.0,24,Intel(R) Core(TM) Ultra 9 285K,1,1 x NVIDIA GeForce RTX 5090,9.2986,48.7383,60.81613540649414,machine,0.0,0.0,0.0,0.0,N
gradient_updates_77,2026-09-17T14:03:19,sac_Ant-v5_seed85062,7c20dba2-9db6-4b17-8cc4-4e2d035a6240,4.262789512000381,8.911593472608025e-05,2.090555806916206e-05,31.818068919367473,110.60290028226909,20.0,3.190761469273884e-05,0.00017834403156399836,2.367914446666777e-05,0.00023393079072340367,0.0,Germany,DEU,baden-wurttemberg,,,Linux-7.0.0-31-generic-x86_64-with-glibc2.43,3.14.4,3.3.0,24,Intel(R) Core(TM) Ultra 9 285K,1,1 x NVIDIA GeForce RTX 5090,9.2986,48.7383,60.81613540649414,machine,0.0,0.0,0.0,0.0,N
rollout_78,2026-09-17T14:03:19,sac_Ant-v5_seed85062,7c20dba2-9db6-4b17-8cc4-4e2d035a6240,0.35493040300025314,5.28941593104168e-06,1.4901941891913853e-05,31.836951851091374,110.44857781709099,20.0,3.4543294301220273e-06,8.461117879998703e-06,1.9693562888886858e-06,1.3884803599008982e-05,0.0,Germany,DEU,baden-wurttemberg,,,Linux-7.0.0-31-generic-x86_64-with-glibc2.43,3.14.4,3.3.0,24,Intel(R) Core(TM) Ultra 9 285K,1,1 x NVIDIA GeForce RTX 5090,9.2986,48.7383,60.81613540649414,machine,0.0,0.0,0.0,0.0,N
gradient_updates_78,2026-09-17T14:03:23,sac_Ant-v5_seed85062,7c20dba2-9db6-4b17-8cc4-4e2d035a6240,4.254623797000022,8.84952041352461e-05,2.0799802477019577e-05,31.846343406376675,110.68938005911201,20.0,3.238321340655326e-05,0.00017629014103198726,2.3628008299996037e-05,0.00023230136273853785,0.0,Germany,DEU,baden-wurttemberg,,,Linux-7.0.0-31-generic-x86_64-with-glibc2.43,3.14.4,3.3.0,24,Intel(R) Core(TM) Ultra 9 285K,1,1 x NVIDIA GeForce RTX 5090,9.2986,48.7383,60.81613540649414,machine,0.0,0.0,0.0,0.0,N
rollout_79,2026-09-17T14:03:24,sac_Ant-v5_seed85062,7c20dba2-9db6-4b17-8cc4-4e2d035a6240,0.3506624860001466,5.425812549067835e-06,1.5472878272942525e-05,31.864674210235073,110.56946459029905,20.0,3.4110793955197116e-06,8.885007108022647e-06,1.946760455555363e-06,1.4242846959097721e-05,0.0,Germany,DEU,baden-wurttemberg,,,Linux-7.0.0-31-generic-x86_64-with-glibc2.43,3.14.4,3.3.0,24,Intel(R) Core(TM) Ultra 9 285K,1,1 x NVIDIA GeForce RTX 5090,9.2986,48.7383,60.81613540649414,machine,0.0,0.0,0.0,0.0,N
gradient_updates_79,2026-09-17T14:03:28,sac_Ant-v5_seed85062,7c20dba2-9db6-4b17-8cc4-4e2d035a6240,4.305419673999495,8.844411829212438e-05,2.054254835834864e-05,31.869917055045747,110.8101668964788,20.0,2.911388801331294e-05,0.00017913764331001225,2.391573023888781e-05,0.00023216726156221126,0.0,Germany,DEU,baden-wurttemberg,,,Linux-7.0.0-31-generic-x86_64-with-glibc2.43,3.14.4,3.3.0,24,Intel(R) Core(TM) Ultra 9 285K,1,1 x NVIDIA GeForce RTX 5090,9.2986,48.7383,60.81613540649414,machine,0.0,0.0,0.0,0.0,N
rollout_80,2026-09-17T14:03:28,sac_Ant-v5_seed85062,7c20dba2-9db6-4b17-8cc4-4e2d035a6240,0.371012225999948,4.266815182627295e-06,1.150035583953107e-05,31.855167139987632,110.49499846535107,20.0,3.051904941521466e-06,6.089171537965177e-06,2.059383377783948e-06,1.1200459857269723e-05,0.0,Germany,DEU,baden-wurttemberg,,,Linux-7.0.0-31-generic-x86_64-with-glibc2.43,3.14.4,3.3.0,24,Intel(R) Core(TM) Ultra 9 285K,1,1 x NVIDIA GeForce RTX 5090,9.2986,48.7383,60.81613540649414,machine,0.0,0.0,0.0,0.0,N
gradient_updates_80,2026-09-17T14:03:33,sac_Ant-v5_seed85062,7c20dba2-9db6-4b17-8cc4-4e2d035a6240,4.295785034000801,8.836139136879882e-05,2.056936148935367e-05,31.83702102541619,110.72161235588527,20.0,3.163853475524753e-05,0.00017644930782598212,2.386225945000568e-05,0.00023195010203123576,0.0,Germany,DEU,baden-wurttemberg,,,Linux-7.0.0-31-generic-x86_64-with-glibc2.43,3.14.4,3.3.0,24,Intel(R) Core(TM) Ultra 9 285K,1,1 x NVIDIA GeForce RTX 5090,9.2986,48.7383,60.81613540649414,machine,0.0,0.0,0.0,0.0,N
rollout_81,2026-09-17T14:03:33,sac_Ant-v5_seed85062,7c20dba2-9db6-4b17-8cc4-4e2d035a6240,0.3641358519998903,5.348538278075396e-06,1.4688070155741897e-05,31.81340235682421,110.6032461903905,20.0,2.8396725495136166e-06,9.183896235998024e-06,2.016431944442537e-06,1.4040000729954177e-05,0.0,Germany,DEU,baden-wurttemberg,,,Linux-7.0.0-31-generic-x86_64-with-glibc2.43,3.14.4,3.3.0,24,Intel(R) Core(TM) Ultra 9 285K,1,1 x NVIDIA GeForce RTX 5090,9.2986,48.7383,60.81613540649414,machine,0.0,0.0,0.0,0.0,N
gradient_updates_81,2026-09-17T14:03:37,sac_Ant-v5_seed85062,7c20dba2-9db6-4b17-8cc4-4e2d035a6240,4.302906998998878,8.835297813267542e-05,2.05333683462416e-05,31.78652844611033,110.83367294919739,20.0,2.9849936657715126e-05,0.00017817597587399536,2.390210461666745e-05,0.00023192801714837924,0.0,Germany,DEU,baden-wurttemberg,,,Linux-7.0.0-31-generic-x86_64-with-glibc2.43,3.14.4,3.3.0,24,Intel(R) Core(TM) Ultra 9 285K,1,1 x NVIDIA GeForce RTX 5090,9.2986,48.7383,60.81613540649414,machine,0.0,0.0,0.0,0.0,N
rollout_82,2026-09-17T14:03:38,sac_Ant-v5_seed85062,7c20dba2-9db6-4b17-8cc4-4e2d035a6240,0.3608085710002342,5.264596293737961e-06,1.4590179615377616e-05,31.762730308840723,110.7103625918245,20.0,2.8006611294192907e-06,9.018062770010937e-06,2.0009277444540084e-06,1.3819651643882935e-05,0.0,Germany,DEU,baden-wurttemberg,,,Linux-7.0.0-31-generic-x86_64-with-glibc2.43,3.14.4,3.3.0,24,Intel(R) Core(TM) Ultra 9 285K,1,1 x NVIDIA GeForce RTX 5090,9.2986,48.7383,60.81613540649414,machine,0.0,0.0,0.0,0.0,N
gradient_updates_82,2026-09-17T14:03:42,sac_Ant-v5_seed85062,7c20dba2-9db6-4b17-8cc4-4e2d035a6240,4.285323131000041,9.021856435013041e-05,2.1052939679232596e-05,31.73966419880717,110.94744041086003,20.0,3.3549202950448886e-05,0.00017947042135399438,2.380558727222218e-05,0.00023682521157666545,0.0,Germany,DEU,baden-wurttemberg,,,Linux-7.0.0-31-generic-x86_64-with-glibc2.43,3.14.4,3.3.0,24,Intel(R) Core(TM) Ultra 9 285K,1,1 x NVIDIA GeForce RTX 5090,9.2986,48.7383,60.81613540649414,machine,0.0,0.0,0.0,0.0,N
rollout_83,2026-09-17T14:03:42,sac_Ant-v5_seed85062,7c20dba2-9db6-4b17-8cc4-4e2d035a6240,0.3527240929997788,4.1950365289086106e-06,1.1892954995478346e-05,31.759993146525165,110.62963239248067,20.0,3.4717413884971515e-06,5.580004464017518e-06,1.9602938611164994e-06,1.1012039713632904e-05,0.0,Germany,DEU,baden-wurttemberg,,,Linux-7.0.0-31-generic-x86_64-with-glibc2.43,3.14.4,3.3.0,24,Intel(R) Core(TM) Ultra 9 285K,1,1 x NVIDIA GeForce RTX 5090,9.2986,48.7383,60.81613540649414,machine,0.0,0.0,0.0,0.0,N
gradient_updates_83,2026-09-17T14:03:47,sac_Ant-v5_seed85062,7c20dba2-9db6-4b17-8cc4-4e2d035a6240,4.337617652001427,8.951696193984851e-05,2.0637438636425338e-05,31.76815086807787,110.86011421882344,20.0,3.0126781601400032e-05,0.00018076236683198244,2.409434530555813e-05,0.00023498349373893973,0.0,Germany,DEU,baden-wurttemberg,,,Linux-7.0.0-31-generic-x86_64-with-glibc2.43,3.14.4,3.3.0,24,Intel(R) Core(TM) Ultra 9 285K,1,1 x NVIDIA GeForce RTX 5090,9.2986,48.7383,60.81613540649414,machine,0.0,0.0,0.0,0.0,N
rollout_84,2026-09-17T14:03:47,sac_Ant-v5_seed85062,7c20dba2-9db6-4b17-8cc4-4e2d035a6240,0.3483501829996385,4.150011040494547e-06,1.1913007844071146e-05,31.788042672019458,110.54826835807931,20.0,3.425049406709235e-06,5.534726650019417e-06,1.934071011116135e-06,1.0893847067844353e-05,0.0,Germany,DEU,baden-wurttemberg,,,Linux-7.0.0-31-generic-x86_64-with-glibc2.43,3.14.4,3.3.0,24,Intel(R) Core(TM) Ultra 9 285K,1,1 x NVIDIA GeForce RTX 5090,9.2986,48.7383,60.81613540649414,machine,0.0,0.0,0.0,0.0,N
gradient_updates_84,2026-09-17T14:03:51,sac_Ant-v5_seed85062,7c20dba2-9db6-4b17-8cc4-4e2d035a6240,4.266612964998785,8.90965043938239e-05,2.0882297278230967e-05,31.79785339504583,110.78023185823875,20.0,3.162117363024464e-05,0.00017855847617997966,2.3700135972224562e-05,0.00023387978578244886,0.0,Germany,DEU,baden-wurttemberg,,,Linux-7.0.0-31-generic-x86_64-with-glibc2.43,3.14.4,3.3.0,24,Intel(R) Core(TM) Ultra 9 285K,1,1 x NVIDIA GeForce RTX 5090,9.2986,48.7383,60.81613540649414,machine,0.0,0.0,0.0,0.0,N
rollout_85,2026-09-17T14:03:52,sac_Ant-v5_seed85062,7c20dba2-9db6-4b17-8cc4-4e2d035a6240,0.3502156489994377,4.399843296904946e-06,1.2562865739529676e-05,31.818720620570527,110.50637590391067,20.0,3.4666552733222944e-06,6.138616022000054e-06,1.944389544436022e-06,1.1549660839757503e-05,0.0,Germany,DEU,baden-wurttemberg,,,Linux-7.0.0-31-generic-x86_64-with-glibc2.43,3.14.4,3.3.0,24,Intel(R) Core(TM) Ultra 9 285K,1,1 x NVIDIA GeForce RTX 5090,9.2986,48.7383,60.81613540649414,machine,0.0,0.0,0.0,0.0,N
gradient_updates_85,2026-09-17T14:03:56,sac_Ant-v5_seed85062,7c20dba2-9db6-4b17-8cc4-4e2d035a6240,4.27205182599937,8.855383096118864e-05,2.0728683205272506e-05,31.828558727299274,110.73180206152738,20.0,3.085260690428859e-05,0.00017787903119198534,2.372362102221609e-05,0.00023245525911849002,0.0,Germany,DEU,baden-wurttemberg,,,Linux-7.0.0-31-generic-x86_64-with-glibc2.43,3.14.4,3.3.0,24,Intel(R) Core(TM) Ultra 9 285K,1,1 x NVIDIA GeForce RTX 5090,9.2986,48.7383,60.81613540649414,machine,0.0,0.0,0.0,0.0,N
rollout_86,2026-09-17T14:03:56,sac_Ant-v5_seed85062,7c20dba2-9db6-4b17-8cc4-4e2d035a6240,0.3497571549996792,5.422067087678881e-06,1.5501414620022712e-05,31.84363386691373,110.62496679437405,20.0,3.3693551954802614e-06,8.922784916015614e-06,1.9408749500041296e-06,1.4233015061499571e-05,0.0,Germany,DEU,baden-wurttemberg,,,Linux-7.0.0-31-generic-x86_64-with-glibc2.43,3.14.4,3.3.0,24,Intel(R) Core(TM) Ultra 9 285K,1,1 x NVIDIA GeForce RTX 5090,9.2986,48.7383,60.81613540649414,machine,0.0,0.0,0.0,0.0,N
gradient_updates_86,2026-09-17T14:04:01,sac_Ant-v5_seed85062,7c20dba2-9db6-4b17-8cc4-4e2d035a6240,4.26185474399972,8.839179673841326e-05,2.0740252049359047e-05,31.850475422502743,110.83961079906095,20.0,3.2395013415995044e-05,0.00017595625187599717,2.3678651333325015e-05,0.0002320299166253155,0.0,Germany,DEU,baden-wurttemberg,,,Linux-7.0.0-31-generic-x86_64-with-glibc2.43,3.14.4,3.3.0,24,Intel(R) Core(TM) Ultra 9 285K,1,1 x NVIDIA GeForce RTX 5090,9.2986,48.7383,60.81613540649414,machine,0.0,0.0,0.0,0.0,N
rollout_87,2026-09-17T14:04:01,sac_Ant-v5_seed85062,7c20dba2-9db6-4b17-8cc4-4e2d035a6240,0.348617681000178,5.4600928502714086e-06,1.5662057068725522e-05,31.86791037134455,110.73879284056,20.0,3.404941890612634e-06,8.99222941599942e-06,1.9356620055582287e-06,1.4332833312171583e-05,0.0,Germany,DEU,baden-wurttemberg,,,Linux-7.0.0-31-generic-x86_64-with-glibc2.43,3.14.4,3.3.0,24,Intel(R) Core(TM) Ultra 9 285K,1,1 x NVIDIA GeForce RTX 5090,9.2986,48.7383,60.81613540649414,machine,0.0,0.0,0.0,0.0,N
gradient_updates_87,2026-09-17T14:04:05,sac_Ant-v5_seed85062,7c20dba2-9db6-4b17-8cc4-4e2d035a6240,4.293007768999814,8.914847828604515e-05,2.0766084549316923e-05,31.87499096020247,110.96029645428851,20.0,3.0853369682684595e-05,0.0001793162545639937,2.3846593855553818e-05,0.0002340162181022308,0.0,Germany,DEU,baden-wurttemberg,,,Linux-7.0.0-31-generic-x86_64-with-glibc2.43,3.14.4,3.3.0,24,Intel(R) Core(TM) Ultra 9 285K,1,1 x NVIDIA GeForce RTX 5090,9.2986,48.7383,60.81613540649414,machine,0.0,0.0,0.0,0.0,N
rollout_88,2026-09-17T14:04:06,sac_Ant-v5_seed85062,7c20dba2-9db6-4b17-8cc4-4e2d035a6240,0.36934739200114564,4.144466065879662e-06,1.1220743366596817e-05,31.845016318831604,110.6741432145632,20.0,2.7317082964828376e-06,6.096949322020873e-06,2.050633800000732e-06,1.0879291418505743e-05,0.0,Germany,DEU,baden-wurttemberg,,,Linux-7.0.0-31-generic-x86_64-with-glibc2.43,3.14.4,3.3.0,24,Intel(R) Core(TM) Ultra 9 285K,1,1 x NVIDIA GeForce RTX 5090,9.2986,48.7383,60.81613540649414,machine,0.0,0.0,0.0,0.0,N
gradient_updates_88,2026-09-17T14:04:10,sac_Ant-v5_seed85062,7c20dba2-9db6-4b17-8cc4-4e2d035a6240,4.334112612999888,8.836197722823617e-05,2.0387597978697788e-05,31.812261609495206,110.885548739738,20.0,2.8512913088092617e-05,0.00017935486570599957,2.408386112777699e-05,0.00023195163992187004,0.0,Germany,DEU,baden-wurttemberg,,,Linux-7.0.0-31-generic-x86_64-with-glibc2.43,3.14.4,3.3.0,24,Intel(R) Core(TM) Ultra 9 285K,1,1 x NVIDIA GeForce RTX 5090,9.2986,48.7383,60.81613540649414,machine,0.0,0.0,0.0,0.0,N
rollout_89,2026-09-17T14:04:10,sac_Ant-v5_seed85062,7c20dba2-9db6-4b17-8cc4-4e2d035a6240,0.3638751550006418,4.909657132396231e-06,1.3492815179807314e-05,31.796574364917607,110.70729098387237,20.0,2.9431779100946853e-06,7.924728562008765e-06,2.0200240500038887e-06,1.2887930522106905e-05,0.0,Germany,DEU,baden-wurttemberg,,,Linux-7.0.0-31-generic-x86_64-with-glibc2.43,3.14.4,3.3.0,24,Intel(R) Core(TM) Ultra 9 285K,1,1 x NVIDIA GeForce RTX 5090,9.2986,48.7383,60.81613540649414,machine,0.0,0.0,0.0,0.0,N
gradient_updates_89,2026-09-17T14:04:15,sac_Ant-v5_seed85062,7c20dba2-9db6-4b17-8cc4-4e2d035a6240,4.258986381999421,8.912462560350595e-05,2.0926276774237124e-05,31.780414772697288,110.9186548381105,20.0,3.3577431861921136e-05,0.0001767176413739746,2.3658531183334917e-05,0.00023395360441923196,0.0,Germany,DEU,baden-wurttemberg,,,Linux-7.0.0-31-generic-x86_64-with-glibc2.43,3.14.4,3.3.0,24,Intel(R) Core(TM) Ultra 9 285K,1,1 x NVIDIA GeForce RTX 5090,9.2986,48.7383,60.81613540649414,machine,0.0,0.0,0.0,0.0,N
rollout_90,2026-09-17T14:04:15,sac_Ant-v5_seed85062,7c20dba2-9db6-4b17-8cc4-4e2d035a6240,0.3571887739999511,5.574456091946706e-06,1.5605617789897842e-05,31.80216035989695,110.8133954833085,20.0,3.5709231345076864e-06,9.079173930004458e-06,1.9829416333374747e-06,1.4633038697850487e-05,0.0,Germany,DEU,baden-wurttemberg,,,Linux-7.0.0-31-generic-x86_64-with-glibc2.43,3.14.4,3.3.0,24,Intel(R) Core(TM) Ultra 9 285K,1,1 x NVIDIA GeForce RTX 5090,9.2986,48.7383,60.81613540649414,machine,0.0,0.0,0.0,0.0,N
gradient_updates_90,2026-09-17T14:04:19,sac_Ant-v5_seed85062,7c20dba2-9db6-4b17-8cc4-4e2d035a6240,4.34164778000013,8.908855877144857e-05,2.0519566196198228e-05,31.812817974612255,111.01534919913826,20.0,3.1060312348230035e-05,0.00017868153183400737,2.4117084211118696e-05,0.00023385892839335523,0.0,Germany,DEU,baden-wurttemberg,,,Linux-7.0.0-31-generic-x86_64-with-glibc2.43,3.14.4,3.3.0,24,Intel(R) Core(TM) Ultra 9 285K,1,1 x NVIDIA GeForce RTX 5090,9.2986,48.7383,60.81613540649414,machine,0.0,0.0,0.0,0.0,N
rollout_91,2026-09-17T14:04:20,sac_Ant-v5_seed85062,7c20dba2-9db6-4b17-8cc4-4e2d035a6240,0.36493797799994354,5.298500611565157e-06,1.4518874349679176e-05,31.79149025146163,110.89858843983185,20.0,2.838587548646687e-06,9.044729458007605e-06,2.0253340277730063e-06,1.3908651034427733e-05,0.0,Germany,DEU,baden-wurttemberg,,,Linux-7.0.0-31-generic-x86_64-with-glibc2.43,3.14.4,3.3.0,24,Intel(R) Core(TM) Ultra 9 285K,1,1 x NVIDIA GeForce RTX 5090,9.2986,48.7383,60.81613540649414,machine,0.0,0.0,0.0,0.0,N
gradient_updates_91,2026-09-17T14:04:24,sac_Ant-v5_seed85062,7c20dba2-9db6-4b17-8cc4-4e2d035a6240,4.267987223998716,9.00882423346041e-05,2.1107950089888602e-05,31.770235643047606,111.11718506210045,20.0,3.28564890629407e-05,0.00017991875504597132,2.3707870038884235e-05,0.000236483114147798,0.0,Germany,DEU,baden-wurttemberg,,,Linux-7.0.0-31-generic-x86_64-with-glibc2.43,3.14.4,3.3.0,24,Intel(R) Core(TM) Ultra 9 285K,1,1 x NVIDIA GeForce RTX 5090,9.2986,48.7383,60.81613540649414,machine,0.0,0.0,0.0,0.0,N
rollout_92,2026-09-17T14:04:24,sac_Ant-v5_seed85062,7c20dba2-9db6-4b17-8cc4-4e2d035a6240,0.3494908460015722,4.137454163334955e-06,1.1838349602121084e-05,31.788696759882384,110.82661013255145,20.0,3.441851086811998e-06,5.479448828032973e-06,1.9395851444440303e-06,1.08608850592877e-05,0.0,Germany,DEU,baden-wurttemberg,,,Linux-7.0.0-31-generic-x86_64-with-glibc2.43,3.14.4,3.3.0,24,Intel(R) Core(TM) Ultra 9 285K,1,1 x NVIDIA GeForce RTX 5090,9.2986,48.7383,60.81613540649414,machine,0.0,0.0,0.0,0.0,N
gradient_updates_92,2026-09-17T14:04:28,sac_Ant-v5_seed85062,7c20dba2-9db6-4b17-8cc4-4e2d035a6240,4.265072725998834,8.965995689008514e-05,2.1021946444124533e-05,31.798930618206608,111.03900506623805,20.0,3.278170428089311e-05,0.00017888014310399325,2.36970104444483e-05,0.00023535885782933336,0.0,Germany,DEU,baden-wurttemberg,,,Linux-7.0.0-31-generic-x86_64-with-glibc2.43,3.14.4,3.3.0,24,Intel(R) Core(TM) Ultra 9 285K,1,1 x NVIDIA GeForce RTX 5090,9.2986,48.7383,60.81613540649414,machine,0.0,0.0,0.0,0.0,N
rollout_93,2026-09-17T14:04:29,sac_Ant-v5_seed85062,7c20dba2-9db6-4b17-8cc4-4e2d035a6240,0.3523851570007537,4.388636456771969e-06,1.245369879972817e-05,31.816304659391115,110.7845565322641,20.0,3.455939986969636e-06,6.114171558019299e-06,1.9501311555561625e-06,1.1520242700544664e-05,0.0,Germany,DEU,baden-wurttemberg,,,Linux-7.0.0-31-generic-x86_64-with-glibc2.43,3.14.4,3.3.0,24,Intel(R) Core(TM) Ultra 9 285K,1,1 x NVIDIA GeForce RTX 5090,9.2986,48.7383,60.81613540649414,machine,0.0,0.0,0.0,0.0,N
gradient_updates_93,2026-09-17T14:04:33,sac_Ant-v5_seed85062,7c20dba2-9db6-4b17-8cc4-4e2d035a6240,4.269155760999638,8.94912280943079e-05,2.0962322704548383e-05,31.825705486797023,110.99218464640603,20.0,3.2815849863768176e-05,0.00017838569826397754,2.3714393844450742e-05,0.0002349159419721969,0.0,Germany,DEU,baden-wurttemberg,,,Linux-7.0.0-31-generic-x86_64-with-glibc2.43,3.14.4,3.3.0,24,Intel(R) Core(TM) Ultra 9 285K,1,1 x NVIDIA GeForce RTX 5090,9.2986,48.7383,60.81613540649414,machine,0.0,0.0,0.0,0.0,N
rollout_94,2026-09-17T14:04:33,sac_Ant-v5_seed85062,7c20dba2-9db6-4b17-8cc4-4e2d035a6240,0.3481440539999312,5.279415162821183e-06,1.5163665041351809e-05,31.843206951141358,110.87229330118163,20.0,3.4224046823669307e-06,8.50334013599574e-06,1.9328065999921554e-06,1.385855141835396e-05,0.0,Germany,DEU,baden-wurttemberg,,,Linux-7.0.0-31-generic-x86_64-with-glibc2.43,3.14.4,3.3.0,24,Intel(R) Core(TM) Ultra 9 285K,1,1 x NVIDIA GeForce RTX 5090,9.2986,48.7383,60.81613540649414,machine,0.0,0.0,0.0,0.0,N
gradient_updates_94,2026-09-17T14:04:38,sac_Ant-v5_seed85062,7c20dba2-9db6-4b17-8cc4-4e2d035a6240,4.266094292001071,8.899734064934939e-05,2.0861587169461584e-05,31.85335279873207,111.06924663199764,20.0,3.350815708428462e-05,0.00017641375224200506,2.3697569999997763e-05,0.00023361947932628788,0.0,Germany,DEU,baden-wurttemberg,,,Linux-7.0.0-31-generic-x86_64-with-glibc2.43,3.14.4,3.3.0,24,Intel(R) Core(TM) Ultra 9 285K,1,1 x NVIDIA GeForce RTX 5090,9.2986,48.7383,60.81613540649414,machine,0.0,0.0,0.0,0.0,N
rollout_95,2026-09-17T14:04:38,sac_Ant-v5_seed85062,7c20dba2-9db6-4b17-8cc4-4e2d035a6240,0.355835794000086,5.5993361579593365e-06,1.5735760795783754e-05,31.87855774753169,110.97034770624424,20.0,3.6522187551110696e-06,9.071951701994374e-06,1.9741788222240285e-06,1.4698349279328171e-05,0.0,Germany,DEU,baden-wurttemberg,,,Linux-7.0.0-31-generic-x86_64-with-glibc2.43,3.14.4,3.3.0,24,Intel(R) Core(TM) Ultra 9 285K,1,1 x NVIDIA GeForce RTX 5090,9.2986,48.7383,60.81613540649414,machine,0.0,0.0,0.0,0.0,N
gradient_updates_95,2026-09-17T14:04:42,sac_Ant-v5_seed85062,7c20dba2-9db6-4b17-8cc4-4e2d035a6240,4.278853406000053,8.989889805294596e-05,2.1010078100598072e-05,31.893946345706038,111.176290999084,20.0,3.26108571997788e-05,0.0001796070881300016,2.3768136972214353e-05,0.0002359860823019956,0.0,Germany,DEU,baden-wurttemberg,,,Linux-7.0.0-31-generic-x86_64-with-glibc2.43,3.14.4,3.3.0,24,Intel(R) Core(TM) Ultra 9 285K,1,1 x NVIDIA GeForce RTX 5090,9.2986,48.7383,60.81613540649414,machine,0.0,0.0,0.0,0.0,N
rollout_96,2026-09-17T14:04:43,sac_Ant-v5_seed85062,7c20dba2-9db6-4b17-8cc4-4e2d035a6240,0.34881544100062456,4.137017123227726e-06,1.1859831134450588e-05,31.90547476466368,110.90378147256162,20.0,3.3286990518480164e-06,5.594448919982176e-06,1.936589850002734e-06,1.085973782183336e-05,0.0,Germany,DEU,baden-wurttemberg,,,Linux-7.0.0-31-generic-x86_64-with-glibc2.43,3.14.4,3.3.0,24,Intel(R) Core(TM) Ultra 9 285K,1,1 x NVIDIA GeForce RTX 5090,9.2986,48.7383,60.81613540649414,machine,0.0,0.0,0.0,0.0,N
gradient_updates_96,2026-09-17T14:04:47,sac_Ant-v5_seed85062,7c20dba2-9db6-4b17-8cc4-4e2d035a6240,4.285526859999663,8.876527754901956e-05,2.071285696541628e-05,31.908363376624674,111.10217184908772,20.0,3.0677724542162166e-05,0.00017852736504400668,2.3805220294444585e-05,0.000233010309880613,0.0,Germany,DEU,baden-wurttemberg,,,Linux-7.0.0-31-generic-x86_64-with-glibc2.43,3.14.4,3.3.0,24,Intel(R) Core(TM) Ultra 9 285K,1,1 x NVIDIA GeForce RTX 5090,9.2986,48.7383,60.81613540649414,machine,0.0,0.0,0.0,0.0,N
rollout_97,2026-09-17T14:04:47,sac_Ant-v5_seed85062,7c20dba2-9db6-4b17-8cc4-4e2d035a6240,0.3652961950010649,5.08988618575304e-06,1.3933384683879669e-05,31.885722814259093,110.96602069216357,20.0,2.798423072068734e-06,8.53445127199648e-06,2.028160400004749e-06,1.3361034744068662e-05,0.0,Germany,DEU,baden-wurttemberg,,,Linux-7.0.0-31-generic-x86_64-with-glibc2.43,3.14.4,3.3.0,24,Intel(R) Core(TM) Ultra 9 285K,1,1 x NVIDIA GeForce RTX 5090,9.2986,48.7383,60.81613540649414,machine,0.0,0.0,0.0,0.0,N
gradient_updates_97,2026-09-17T14:04:52,sac_Ant-v5_seed85062,7c20dba2-9db6-4b17-8cc4-4e2d035a6240,4.283091618999606,9.040038948604327e-05,2.1106378610682256e-05,31.863924332921528,111.16931790973946,20.0,3.3373286420827764e-05,0.0001801370885540221,2.379213056667327e-05,0.00023730250554152357,0.0,Germany,DEU,baden-wurttemberg,,,Linux-7.0.0-31-generic-x86_64-with-glibc2.43,3.14.4,3.3.0,24,Intel(R) Core(TM) Ultra 9 285K,1,1 x NVIDIA GeForce RTX 5090,9.2986,48.7383,60.81613540649414,machine,0.0,0.0,0.0,0.0,N
rollout_98,2026-09-17T14:04:52,sac_Ant-v5_seed85062,7c20dba2-9db6-4b17-8cc4-4e2d035a6240,0.35396532700178795,4.1839614575642226e-06,1.1819548737856928e-05,31.8808822869986,110.89487263473512,20.0,3.486271122350726e-06,5.531393313967792e-06,1.9653030333354436e-06,1.098296746965266e-05,0.0,Germany,DEU,baden-wurttemberg,,,Linux-7.0.0-31-generic-x86_64-with-glibc2.43,3.14.4,3.3.0,24,Intel(R) Core(TM) Ultra 9 285K,1,1 x NVIDIA GeForce RTX 5090,9.2986,48.7383,60.81613540649414,machine,0.0,0.0,0.0,0.0,N
gradient_updates_98,2026-09-17T14:04:56,sac_Ant-v5_seed85062,7c20dba2-9db6-4b17-8cc4-4e2d035a6240,4.26818325000022,8.976945920605509e-05,2.1032280332150977e-05,31.890136107560185,111.0947968433811,20.0,3.2835788213059214e-05,0.00017910153217001734,2.3708982822214994e-05,0.00023564630320528981,0.0,Germany,DEU,baden-wurttemberg,,,Linux-7.0.0-31-generic-x86_64-with-glibc2.43,3.14.4,3.3.0,24,Intel(R) Core(TM) Ultra 9 285K,1,1 x NVIDIA GeForce RTX 5090,9.2986,48.7383,60.81613540649414,machine,0.0,0.0,0.0,0.0,N
rollout_99,2026-09-17T14:04:57,sac_Ant-v5_seed85062,7c20dba2-9db6-4b17-8cc4-4e2d035a6240,0.3623136969999905,4.2006799809597706e-06,1.159376761811069e-05,31.872581274942227,110.84732032384163,20.0,2.868715350524964e-06,6.146671583995289e-06,2.0114669333349926e-06,1.102685386785568e-05,0.0,Germany,DEU,baden-wurttemberg,,,Linux-7.0.0-31-generic-x86_64-with-glibc2.43,3.14.4,3.3.0,24,Intel(R) Core(TM) Ultra 9 285K,1,1 x NVIDIA GeForce RTX 5090,9.2986,48.7383,60.81613540649414,machine,0.0,0.0,0.0,0.0,N
gradient_updates_99,2026-09-17T14:05:01,sac_Ant-v5_seed85062,7c20dba2-9db6-4b17-8cc4-4e2d035a6240,4.293370208999477,8.876618471793593e-05,2.0675212399607692e-05,31.85435133223744,111.02957088286308,20.0,3.280215096392036e-05,0.00017635430774998184,2.3856232500000206e-05,0.00023301269121390328,0.0,Germany,DEU,baden-wurttemberg,,,Linux-7.0.0-31-generic-x86_64-with-glibc2.43,3.14.4,3.3.0,24,Intel(R) Core(TM) Ultra 9 285K,1,1 x NVIDIA GeForce RTX 5090,9.2986,48.7383,60.81613540649414,machine,0.0,0.0,0.0,0.0,N
idle_baseline_tail,2026-09-17T14:06:31,sac_Ant-v5_seed85062,7c20dba2-9db6-4b17-8cc4-4e2d035a6240,90.00334231799934,0.0006657045070030728,7.3964424680375925e-06,31.832216999609308,110.6588535740903,20.0,0.0003623668140598918,0.0008851054303060102,0.0005000130082999932,0.0017474852526658952,0.0,Germany,DEU,baden-wurttemberg,,,Linux-7.0.0-31-generic-x86_64-with-glibc2.43,3.14.4,3.3.0,24,Intel(R) Core(TM) Ultra 9 285K,1,1 x NVIDIA GeForce RTX 5090,9.2986,48.7383,60.81613540649414,machine,0.0,0.0,0.0,0.0,N
