task_name,timestamp,project_name,run_id,duration,emissions,emissions_rate,cpu_power,gpu_power,ram_power,cpu_energy,gpu_energy,ram_energy,energy_consumed,water_consumed,country_name,country_iso_code,region,cloud_provider,cloud_region,os,python_version,codecarbon_version,cpu_count,cpu_model,gpu_count,gpu_model,longitude,latitude,ram_total_size,tracking_mode,cpu_utilization_percent,gpu_utilization_percent,ram_utilization_percent,ram_used_gb,on_cloud
idle_baseline_head,2026-09-12T22:44:27,sac_Ant-v5_seed85062,f5baebbd-825a-427a-a642-f3bf0e8b79c1,90.00330141299855,0.0007222087796550439,8.024246998902346e-06,12.124802342939248,18.933043250602395,20.0,0.00039968210030097776,0.000979028283222022,0.0005170995118833364,0.0018958098954063364,0.0,Germany,DEU,baden-wurttemberg,,,Linux-7.0.0-31-generic-x86_64-with-glibc2.43,3.14.4,3.3.0,24,Intel(R) Core(TM) Ultra 9 285K,1,1 x NVIDIA GeForce RTX 5090,9.2986,48.7383,60.816158294677734,machine,0.0,0.0,0.0,0.0,N
warmup_0,2026-09-12T22:44:28,sac_Ant-v5_seed85062,f5baebbd-825a-427a-a642-f3bf0e8b79c1,0.6608889550007007,8.699588670332673e-06,1.3163318291262939e-05,20.244569897596975,35.22243760762119,20.0,6.719636764598164e-06,1.2446121067988258e-05,3.670805155555506e-06,2.283656298814182e-05,0.0,Germany,DEU,baden-wurttemberg,,,Linux-7.0.0-31-generic-x86_64-with-glibc2.43,3.14.4,3.3.0,24,Intel(R) Core(TM) Ultra 9 285K,1,1 x NVIDIA GeForce RTX 5090,9.2986,48.7383,60.816158294677734,machine,0.0,0.0,0.0,0.0,N
rollout_0,2026-09-12T22:44:29,sac_Ant-v5_seed85062,f5baebbd-825a-427a-a642-f3bf0e8b79c1,0.47739875500155904,5.2626720198285836e-06,1.1023797292721992e-05,22.633238542946724,39.99700838394972,20.0,3.968007341068752e-06,7.197227980010323e-06,2.649365072223504e-06,1.381460039330258e-05,0.0,Germany,DEU,baden-wurttemberg,,,Linux-7.0.0-31-generic-x86_64-with-glibc2.43,3.14.4,3.3.0,24,Intel(R) Core(TM) Ultra 9 285K,1,1 x NVIDIA GeForce RTX 5090,9.2986,48.7383,60.816158294677734,machine,0.0,0.0,0.0,0.0,N
gradient_updates_0,2026-09-12T22:44:33,sac_Ant-v5_seed85062,f5baebbd-825a-427a-a642-f3bf0e8b79c1,4.399687623999853,5.6670249010784416e-05,1.2880527101014171e-05,23.932800057558232,47.048867043456895,20.0,3.2350661158284805e-05,9.196868468600017e-05,2.44409875611079e-05,0.00014876033340539287,0.0,Germany,DEU,baden-wurttemberg,,,Linux-7.0.0-31-generic-x86_64-with-glibc2.43,3.14.4,3.3.0,24,Intel(R) Core(TM) Ultra 9 285K,1,1 x NVIDIA GeForce RTX 5090,9.2986,48.7383,60.816158294677734,machine,0.0,0.0,0.0,0.0,N
rollout_1,2026-09-12T22:44:33,sac_Ant-v5_seed85062,f5baebbd-825a-427a-a642-f3bf0e8b79c1,0.34360996299983526,4.789542191606226e-06,1.3938613436800164e-05,25.485247311000133,52.32131048373458,20.0,3.1923533872144083e-06,7.47945042800513e-06,1.9008230166643603e-06,1.2572626831883899e-05,0.0,Germany,DEU,baden-wurttemberg,,,Linux-7.0.0-31-generic-x86_64-with-glibc2.43,3.14.4,3.3.0,24,Intel(R) Core(TM) Ultra 9 285K,1,1 x NVIDIA GeForce RTX 5090,9.2986,48.7383,60.816158294677734,machine,0.0,0.0,0.0,0.0,N
gradient_updates_1,2026-09-12T22:44:38,sac_Ant-v5_seed85062,f5baebbd-825a-427a-a642-f3bf0e8b79c1,4.141178776000743,5.294220207339756e-05,1.278434618662405e-05,26.382493521633222,55.55640916606459,20.0,2.9738632402000198e-05,8.62309023179908e-05,2.3004614311109115e-05,0.0001389741490311,0.0,Germany,DEU,baden-wurttemberg,,,Linux-7.0.0-31-generic-x86_64-with-glibc2.43,3.14.4,3.3.0,24,Intel(R) Core(TM) Ultra 9 285K,1,1 x NVIDIA GeForce RTX 5090,9.2986,48.7383,60.816158294677734,machine,0.0,0.0,0.0,0.0,N
rollout_2,2026-09-12T22:44:38,sac_Ant-v5_seed85062,f5baebbd-825a-427a-a642-f3bf0e8b79c1,0.35871824599962565,4.924150787366977e-06,1.3726332324425501e-05,27.316743564428332,58.080105109423705,20.0,3.3921924359747724e-06,7.543617145999715e-06,1.9901670222174537e-06,1.292597660419205e-05,0.0,Germany,DEU,baden-wurttemberg,,,Linux-7.0.0-31-generic-x86_64-with-glibc2.43,3.14.4,3.3.0,24,Intel(R) Core(TM) Ultra 9 285K,1,1 x NVIDIA GeForce RTX 5090,9.2986,48.7383,60.816158294677734,machine,0.0,0.0,0.0,0.0,N
gradient_updates_2,2026-09-12T22:44:42,sac_Ant-v5_seed85062,f5baebbd-825a-427a-a642-f3bf0e8b79c1,4.1541316189996,5.3464250366168906e-05,1.2870163651178223e-05,27.842149259693905,60.16217701291623,20.0,2.863210096121574e-05,8.863618201998547e-05,2.3076251383332032e-05,0.00014034453436453324,0.0,Germany,DEU,baden-wurttemberg,,,Linux-7.0.0-31-generic-x86_64-with-glibc2.43,3.14.4,3.3.0,24,Intel(R) Core(TM) Ultra 9 285K,1,1 x NVIDIA GeForce RTX 5090,9.2986,48.7383,60.816158294677734,machine,0.0,0.0,0.0,0.0,N
rollout_3,2026-09-12T22:44:42,sac_Ant-v5_seed85062,f5baebbd-825a-427a-a642-f3bf0e8b79c1,0.35223045499878936,4.105983199619934e-06,1.1656820151514817e-05,28.44759866170375,59.75358350945434,20.0,3.3362096134061103e-06,5.485837722030151e-06,1.956225927774e-06,1.0778273263210153e-05,0.0,Germany,DEU,baden-wurttemberg,,,Linux-7.0.0-31-generic-x86_64-with-glibc2.43,3.14.4,3.3.0,24,Intel(R) Core(TM) Ultra 9 285K,1,1 x NVIDIA GeForce RTX 5090,9.2986,48.7383,60.816158294677734,machine,0.0,0.0,0.0,0.0,N
gradient_updates_3,2026-09-12T22:44:47,sac_Ant-v5_seed85062,f5baebbd-825a-427a-a642-f3bf0e8b79c1,4.191794585000025,5.289308560969678e-05,1.2618307190985674e-05,28.75071158878884,61.21934225520956,20.0,2.7178195075871353e-05,8.837368180997229e-05,2.329334062221985e-05,0.0001388452175080635,0.0,Germany,DEU,baden-wurttemberg,,,Linux-7.0.0-31-generic-x86_64-with-glibc2.43,3.14.4,3.3.0,24,Intel(R) Core(TM) Ultra 9 285K,1,1 x NVIDIA GeForce RTX 5090,9.2986,48.7383,60.816158294677734,machine,0.0,0.0,0.0,0.0,N
rollout_4,2026-09-12T22:44:47,sac_Ant-v5_seed85062,f5baebbd-825a-427a-a642-f3bf0e8b79c1,0.36265202300091914,4.586048019728276e-06,1.2645464840525523e-05,28.54342842101231,62.21207624061305,20.0,2.660416017218753e-06,7.3644503360004165e-06,2.0135849388882698e-06,1.2038451292107222e-05,0.0,Germany,DEU,baden-wurttemberg,,,Linux-7.0.0-31-generic-x86_64-with-glibc2.43,3.14.4,3.3.0,24,Intel(R) Core(TM) Ultra 9 285K,1,1 x NVIDIA GeForce RTX 5090,9.2986,48.7383,60.816158294677734,machine,0.0,0.0,0.0,0.0,N
gradient_updates_4,2026-09-12T22:44:51,sac_Ant-v5_seed85062,f5baebbd-825a-427a-a642-f3bf0e8b79c1,4.1486173150005925,5.312517542224531e-05,1.280553903735803e-05,28.36731769055316,63.17814015516361,20.0,3.023081224018398e-05,8.61739578280063e-05,2.3049687005560434e-05,0.0001394544570737506,0.0,Germany,DEU,baden-wurttemberg,,,Linux-7.0.0-31-generic-x86_64-with-glibc2.43,3.14.4,3.3.0,24,Intel(R) Core(TM) Ultra 9 285K,1,1 x NVIDIA GeForce RTX 5090,9.2986,48.7383,60.816158294677734,machine,0.0,0.0,0.0,0.0,N
rollout_5,2026-09-12T22:44:51,sac_Ant-v5_seed85062,f5baebbd-825a-427a-a642-f3bf0e8b79c1,0.34538795599837613,4.794300748870274e-06,1.3880459149151421e-05,28.693849499979358,64.24279849922553,20.0,3.178739487432608e-06,7.4886171020083214e-06,1.9177615333319884e-06,1.2585118122772701e-05,0.0,Germany,DEU,baden-wurttemberg,,,Linux-7.0.0-31-generic-x86_64-with-glibc2.43,3.14.4,3.3.0,24,Intel(R) Core(TM) Ultra 9 285K,1,1 x NVIDIA GeForce RTX 5090,9.2986,48.7383,60.816158294677734,machine,0.0,0.0,0.0,0.0,N
gradient_updates_5,2026-09-12T22:44:56,sac_Ant-v5_seed85062,f5baebbd-825a-427a-a642-f3bf0e8b79c1,4.210442863000935,5.3535768344821315e-05,1.271502892581251e-05,28.865728757981245,64.9944777874137,20.0,2.8797607760290556e-05,8.833951511599825e-05,2.3395147355555874e-05,0.00014053227023184478,0.0,Germany,DEU,baden-wurttemberg,,,Linux-7.0.0-31-generic-x86_64-with-glibc2.43,3.14.4,3.3.0,24,Intel(R) Core(TM) Ultra 9 285K,1,1 x NVIDIA GeForce RTX 5090,9.2986,48.7383,60.816158294677734,machine,0.0,0.0,0.0,0.0,N
rollout_6,2026-09-12T22:44:56,sac_Ant-v5_seed85062,f5baebbd-825a-427a-a642-f3bf0e8b79c1,0.35429976700106636,3.850551418040039e-06,1.0867404026067584e-05,28.707798085020265,64.44816899285009,20.0,2.606773196526385e-06,5.533893316006511e-06,1.9670941333263135e-06,1.0107760645859318e-05,0.0,Germany,DEU,baden-wurttemberg,,,Linux-7.0.0-31-generic-x86_64-with-glibc2.43,3.14.4,3.3.0,24,Intel(R) Core(TM) Ultra 9 285K,1,1 x NVIDIA GeForce RTX 5090,9.2986,48.7383,60.816158294677734,machine,0.0,0.0,0.0,0.0,N
gradient_updates_6,2026-09-12T22:45:00,sac_Ant-v5_seed85062,f5baebbd-825a-427a-a642-f3bf0e8b79c1,3.8766228079985012,5.0818967377533764e-05,1.3109102976761635e-05,28.568091263518287,65.2193411023016,20.0,2.8351322958818787e-05,8.351395569999864e-05,2.153534446110324e-05,0.00013340062311992078,0.0,Germany,DEU,baden-wurttemberg,,,Linux-7.0.0-31-generic-x86_64-with-glibc2.43,3.14.4,3.3.0,24,Intel(R) Core(TM) Ultra 9 285K,1,1 x NVIDIA GeForce RTX 5090,9.2986,48.7383,60.816158294677734,machine,0.0,0.0,0.0,0.0,N
rollout_7,2026-09-12T22:45:00,sac_Ant-v5_seed85062,f5baebbd-825a-427a-a642-f3bf0e8b79c1,0.3476913530012098,4.897916766520138e-06,1.4086837216837666e-05,28.907749170199263,65.94504313841973,20.0,3.3691518619843874e-06,7.5575060459742716e-06,1.930453961105933e-06,1.2857111869064592e-05,0.0,Germany,DEU,baden-wurttemberg,,,Linux-7.0.0-31-generic-x86_64-with-glibc2.43,3.14.4,3.3.0,24,Intel(R) Core(TM) Ultra 9 285K,1,1 x NVIDIA GeForce RTX 5090,9.2986,48.7383,60.816158294677734,machine,0.0,0.0,0.0,0.0,N
gradient_updates_7,2026-09-12T22:45:04,sac_Ant-v5_seed85062,f5baebbd-825a-427a-a642-f3bf0e8b79c1,3.869450902000608,5.008747555891092e-05,1.2944366427718778e-05,29.09858449427809,66.48468505917509,20.0,2.8062559116696223e-05,8.191728775600038e-05,2.150059822222624e-05,0.00013148044509492295,0.0,Germany,DEU,baden-wurttemberg,,,Linux-7.0.0-31-generic-x86_64-with-glibc2.43,3.14.4,3.3.0,24,Intel(R) Core(TM) Ultra 9 285K,1,1 x NVIDIA GeForce RTX 5090,9.2986,48.7383,60.816158294677734,machine,0.0,0.0,0.0,0.0,N
rollout_8,2026-09-12T22:45:05,sac_Ant-v5_seed85062,f5baebbd-825a-427a-a642-f3bf0e8b79c1,0.34505847500076925,4.851770209774158e-06,1.406046814446804e-05,29.31203675007402,67.12812680107122,20.0,3.2170047958197945e-06,7.603061638022934e-06,1.915909966666916e-06,1.2735976400509753e-05,0.0,Germany,DEU,baden-wurttemberg,,,Linux-7.0.0-31-generic-x86_64-with-glibc2.43,3.14.4,3.3.0,24,Intel(R) Core(TM) Ultra 9 285K,1,1 x NVIDIA GeForce RTX 5090,9.2986,48.7383,60.816158294677734,machine,0.0,0.0,0.0,0.0,N
gradient_updates_8,2026-09-12T22:45:08,sac_Ant-v5_seed85062,f5baebbd-825a-427a-a642-f3bf0e8b79c1,3.9032144690008863,5.0300980546285094e-05,1.2887093801322802e-05,29.397612920330022,67.61854740186044,20.0,2.640010000895185e-05,8.395506716399326e-05,2.1685732016673426e-05,0.00013204089918961853,0.0,Germany,DEU,baden-wurttemberg,,,Linux-7.0.0-31-generic-x86_64-with-glibc2.43,3.14.4,3.3.0,24,Intel(R) Core(TM) Ultra 9 285K,1,1 x NVIDIA GeForce RTX 5090,9.2986,48.7383,60.816158294677734,machine,0.0,0.0,0.0,0.0,N
rollout_9,2026-09-12T22:45:09,sac_Ant-v5_seed85062,f5baebbd-825a-427a-a642-f3bf0e8b79c1,0.34317185299914854,4.104774415279516e-06,1.1960865055352995e-05,29.578022966651023,67.24941447917335,20.0,3.199474226243948e-06,5.670004536023621e-06,1.9056214222170319e-06,1.07751001844846e-05,0.0,Germany,DEU,baden-wurttemberg,,,Linux-7.0.0-31-generic-x86_64-with-glibc2.43,3.14.4,3.3.0,24,Intel(R) Core(TM) Ultra 9 285K,1,1 x NVIDIA GeForce RTX 5090,9.2986,48.7383,60.816158294677734,machine,0.0,0.0,0.0,0.0,N
gradient_updates_9,2026-09-12T22:45:13,sac_Ant-v5_seed85062,f5baebbd-825a-427a-a642-f3bf0e8b79c1,3.8685340150004777,5.090346765139692e-05,1.3158360912934679e-05,29.66349658155087,67.72899286758124,20.0,2.8035093539168637e-05,8.410062283598085e-05,2.1486721350002982e-05,0.00013362243772515247,0.0,Germany,DEU,baden-wurttemberg,,,Linux-7.0.0-31-generic-x86_64-with-glibc2.43,3.14.4,3.3.0,24,Intel(R) Core(TM) Ultra 9 285K,1,1 x NVIDIA GeForce RTX 5090,9.2986,48.7383,60.816158294677734,machine,0.0,0.0,0.0,0.0,N
rollout_10,2026-09-12T22:45:13,sac_Ant-v5_seed85062,f5baebbd-825a-427a-a642-f3bf0e8b79c1,0.3579551740003808,4.98086390356145e-06,1.3913695443266643e-05,29.872913122267448,68.10137730713662,20.0,3.4688930528915807e-06,7.618894983990598e-06,1.987061427775579e-06,1.3074849464657975e-05,0.0,Germany,DEU,baden-wurttemberg,,,Linux-7.0.0-31-generic-x86_64-with-glibc2.43,3.14.4,3.3.0,24,Intel(R) Core(TM) Ultra 9 285K,1,1 x NVIDIA GeForce RTX 5090,9.2986,48.7383,60.816158294677734,machine,0.0,0.0,0.0,0.0,N
gradient_updates_10,2026-09-12T22:45:17,sac_Ant-v5_seed85062,f5baebbd-825a-427a-a642-f3bf0e8b79c1,3.9569311150007707,5.132556750166986e-05,1.2971064882527231e-05,29.97759430500939,68.44621491837783,20.0,2.8472680555904906e-05,8.428645631800014e-05,2.197131988333344e-05,0.00013473045675723837,0.0,Germany,DEU,baden-wurttemberg,,,Linux-7.0.0-31-generic-x86_64-with-glibc2.43,3.14.4,3.3.0,24,Intel(R) Core(TM) Ultra 9 285K,1,1 x NVIDIA GeForce RTX 5090,9.2986,48.7383,60.816158294677734,machine,0.0,0.0,0.0,0.0,N
rollout_11,2026-09-12T22:45:17,sac_Ant-v5_seed85062,f5baebbd-825a-427a-a642-f3bf0e8b79c1,0.34133316699990246,4.8417134221457984e-06,1.4184453356429766e-05,30.100873120492956,68.91739404183112,20.0,3.1649894764347597e-06,7.649172786006186e-06,1.895414905549067e-06,1.2709577167990121e-05,0.0,Germany,DEU,baden-wurttemberg,,,Linux-7.0.0-31-generic-x86_64-with-glibc2.43,3.14.4,3.3.0,24,Intel(R) Core(TM) Ultra 9 285K,1,1 x NVIDIA GeForce RTX 5090,9.2986,48.7383,60.816158294677734,machine,0.0,0.0,0.0,0.0,N
gradient_updates_11,2026-09-12T22:45:21,sac_Ant-v5_seed85062,f5baebbd-825a-427a-a642-f3bf0e8b79c1,3.910078958999293,5.0541779604328227e-05,1.2926040484577089e-05,30.13667029600331,69.23255608447117,20.0,2.6863983157834892e-05,8.40886783819994e-05,2.1720339127781116e-05,0.00013267300066761552,0.0,Germany,DEU,baden-wurttemberg,,,Linux-7.0.0-31-generic-x86_64-with-glibc2.43,3.14.4,3.3.0,24,Intel(R) Core(TM) Ultra 9 285K,1,1 x NVIDIA GeForce RTX 5090,9.2986,48.7383,60.816158294677734,machine,0.0,0.0,0.0,0.0,N
rollout_12,2026-09-12T22:45:22,sac_Ant-v5_seed85062,f5baebbd-825a-427a-a642-f3bf0e8b79c1,0.34739501399963046,4.0609853684725385e-06,1.1689913578010115e-05,30.236100968934046,68.79566864714329,20.0,3.205526731085012e-06,5.5186155260011915e-06,1.936010961112026e-06,1.0660153218198121e-05,0.0,Germany,DEU,baden-wurttemberg,,,Linux-7.0.0-31-generic-x86_64-with-glibc2.43,3.14.4,3.3.0,24,Intel(R) Core(TM) Ultra 9 285K,1,1 x NVIDIA GeForce RTX 5090,9.2986,48.7383,60.816158294677734,machine,0.0,0.0,0.0,0.0,N
gradient_updates_12,2026-09-12T22:45:25,sac_Ant-v5_seed85062,f5baebbd-825a-427a-a642-f3bf0e8b79c1,3.924517551000463,5.128284977371097e-05,1.3067337208617815e-05,30.256491812585907,69.14526387663777,20.0,2.6773702530055732e-05,8.604367994599627e-05,2.18009395444521e-05,0.000134618322020504,0.0,Germany,DEU,baden-wurttemberg,,,Linux-7.0.0-31-generic-x86_64-with-glibc2.43,3.14.4,3.3.0,24,Intel(R) Core(TM) Ultra 9 285K,1,1 x NVIDIA GeForce RTX 5090,9.2986,48.7383,60.816158294677734,machine,0.0,0.0,0.0,0.0,N
rollout_13,2026-09-12T22:45:26,sac_Ant-v5_seed85062,f5baebbd-825a-427a-a642-f3bf0e8b79c1,0.3433352730007755,4.035510583001766e-06,1.1753612765098054e-05,30.357004529742298,68.76165040275937,20.0,3.191878664609432e-06,5.495004396005587e-06,1.9063984277737159e-06,1.0593281488388735e-05,0.0,Germany,DEU,baden-wurttemberg,,,Linux-7.0.0-31-generic-x86_64-with-glibc2.43,3.14.4,3.3.0,24,Intel(R) Core(TM) Ultra 9 285K,1,1 x NVIDIA GeForce RTX 5090,9.2986,48.7383,60.816158294677734,machine,0.0,0.0,0.0,0.0,N
gradient_updates_13,2026-09-12T22:45:30,sac_Ant-v5_seed85062,f5baebbd-825a-427a-a642-f3bf0e8b79c1,3.914740187001371,5.0444082086399276e-05,1.2885703556691186e-05,30.38035458699773,69.03567951162462,20.0,2.666389021998769e-05,8.400590053797563e-05,2.174675232222904e-05,0.00013241654308019215,0.0,Germany,DEU,baden-wurttemberg,,,Linux-7.0.0-31-generic-x86_64-with-glibc2.43,3.14.4,3.3.0,24,Intel(R) Core(TM) Ultra 9 285K,1,1 x NVIDIA GeForce RTX 5090,9.2986,48.7383,60.816158294677734,machine,0.0,0.0,0.0,0.0,N
rollout_14,2026-09-12T22:45:30,sac_Ant-v5_seed85062,f5baebbd-825a-427a-a642-f3bf0e8b79c1,0.354804739001338,4.7669433181078864e-06,1.3434538116024593e-05,30.379556988936077,69.26856207641664,20.0,3.0085529623934126e-06,7.535006028014379e-06,1.9697454277775497e-06,1.2513304418185558e-05,0.0,Germany,DEU,baden-wurttemberg,,,Linux-7.0.0-31-generic-x86_64-with-glibc2.43,3.14.4,3.3.0,24,Intel(R) Core(TM) Ultra 9 285K,1,1 x NVIDIA GeForce RTX 5090,9.2986,48.7383,60.816158294677734,machine,0.0,0.0,0.0,0.0,N
gradient_updates_14,2026-09-12T22:45:34,sac_Ant-v5_seed85062,f5baebbd-825a-427a-a642-f3bf0e8b79c1,3.887759516999722,5.143857601983101e-05,1.3230919179863219e-05,30.352759940105358,69.53636827757987,20.0,2.908323465546092e-05,8.434645636601346e-05,2.1597414949994548e-05,0.00013502710597146882,0.0,Germany,DEU,baden-wurttemberg,,,Linux-7.0.0-31-generic-x86_64-with-glibc2.43,3.14.4,3.3.0,24,Intel(R) Core(TM) Ultra 9 285K,1,1 x NVIDIA GeForce RTX 5090,9.2986,48.7383,60.816158294677734,machine,0.0,0.0,0.0,0.0,N
rollout_15,2026-09-12T22:45:34,sac_Ant-v5_seed85062,f5baebbd-825a-427a-a642-f3bf0e8b79c1,0.34751947699987795,4.137365430311639e-06,1.190511957171558e-05,30.474441625840214,69.19241286681142,20.0,3.3490268458828687e-06,5.58194890998287e-06,1.929676377777586e-06,1.086065213364365e-05,0.0,Germany,DEU,baden-wurttemberg,,,Linux-7.0.0-31-generic-x86_64-with-glibc2.43,3.14.4,3.3.0,24,Intel(R) Core(TM) Ultra 9 285K,1,1 x NVIDIA GeForce RTX 5090,9.2986,48.7383,60.816158294677734,machine,0.0,0.0,0.0,0.0,N
gradient_updates_15,2026-09-12T22:45:38,sac_Ant-v5_seed85062,f5baebbd-825a-427a-a642-f3bf0e8b79c1,3.9026169780008786,5.0625603272064354e-05,1.2972244064340163e-05,30.5209223032754,69.43393287222209,20.0,2.7044986358196882e-05,8.416840066802211e-05,2.1679652144444492e-05,0.0001328930391706635,0.0,Germany,DEU,baden-wurttemberg,,,Linux-7.0.0-31-generic-x86_64-with-glibc2.43,3.14.4,3.3.0,24,Intel(R) Core(TM) Ultra 9 285K,1,1 x NVIDIA GeForce RTX 5090,9.2986,48.7383,60.816158294677734,machine,0.0,0.0,0.0,0.0,N
rollout_16,2026-09-12T22:45:39,sac_Ant-v5_seed85062,f5baebbd-825a-427a-a642-f3bf0e8b79c1,0.3465878539991536,4.909057647293396e-06,1.4163722770348317e-05,30.621545609848265,69.7147315046804,20.0,3.3062684783452534e-06,7.655561679975609e-06,1.9245267055541075e-06,1.2886356863875403e-05,0.0,Germany,DEU,baden-wurttemberg,,,Linux-7.0.0-31-generic-x86_64-with-glibc2.43,3.14.4,3.3.0,24,Intel(R) Core(TM) Ultra 9 285K,1,1 x NVIDIA GeForce RTX 5090,9.2986,48.7383,60.816158294677734,machine,0.0,0.0,0.0,0.0,N
gradient_updates_16,2026-09-12T22:45:43,sac_Ant-v5_seed85062,f5baebbd-825a-427a-a642-f3bf0e8b79c1,3.9525031600005605,5.029950806116233e-05,1.2726012478902065e-05,30.64665708022107,69.89764344407935,20.0,2.611333700176452e-05,8.396701161803022e-05,2.1956685272218478e-05,0.0001320370338920131,0.0,Germany,DEU,baden-wurttemberg,,,Linux-7.0.0-31-generic-x86_64-with-glibc2.43,3.14.4,3.3.0,24,Intel(R) Core(TM) Ultra 9 285K,1,1 x NVIDIA GeForce RTX 5090,9.2986,48.7383,60.816158294677734,machine,0.0,0.0,0.0,0.0,N
rollout_17,2026-09-12T22:45:43,sac_Ant-v5_seed85062,f5baebbd-825a-427a-a642-f3bf0e8b79c1,0.3483583630004432,4.896745956874723e-06,1.405622288516007e-05,30.718787032596197,70.14465651253511,20.0,3.249573710766701e-06,7.670006135995777e-06,1.9344586277737644e-06,1.2854038474536568e-05,0.0,Germany,DEU,baden-wurttemberg,,,Linux-7.0.0-31-generic-x86_64-with-glibc2.43,3.14.4,3.3.0,24,Intel(R) Core(TM) Ultra 9 285K,1,1 x NVIDIA GeForce RTX 5090,9.2986,48.7383,60.816158294677734,machine,0.0,0.0,0.0,0.0,N
gradient_updates_17,2026-09-12T22:45:47,sac_Ant-v5_seed85062,f5baebbd-825a-427a-a642-f3bf0e8b79c1,3.9474586470005306,5.027878376989681e-05,1.2737019476640429e-05,30.724023682771637,70.31605655200154,20.0,2.5813213983889166e-05,8.424062294798418e-05,2.192879535555729e-05,0.00013198263228743085,0.0,Germany,DEU,baden-wurttemberg,,,Linux-7.0.0-31-generic-x86_64-with-glibc2.43,3.14.4,3.3.0,24,Intel(R) Core(TM) Ultra 9 285K,1,1 x NVIDIA GeForce RTX 5090,9.2986,48.7383,60.816158294677734,machine,0.0,0.0,0.0,0.0,N
rollout_18,2026-09-12T22:45:47,sac_Ant-v5_seed85062,f5baebbd-825a-427a-a642-f3bf0e8b79c1,0.35259993099862186,4.6823292707103e-06,1.3278653226980458e-05,30.637194896948436,70.51122373594072,20.0,2.6841688140002984e-06,7.649172786006186e-06,1.9578495555530985e-06,1.2291191155559475e-05,0.0,Germany,DEU,baden-wurttemberg,,,Linux-7.0.0-31-generic-x86_64-with-glibc2.43,3.14.4,3.3.0,24,Intel(R) Core(TM) Ultra 9 285K,1,1 x NVIDIA GeForce RTX 5090,9.2986,48.7383,60.816158294677734,machine,0.0,0.0,0.0,0.0,N
gradient_updates_18,2026-09-12T22:45:51,sac_Ant-v5_seed85062,f5baebbd-825a-427a-a642-f3bf0e8b79c1,3.882596060000651,5.1345381895259506e-05,1.3224520250973445e-05,30.54982673992898,70.70596092397275,20.0,2.8560215070375095e-05,8.465367883400687e-05,2.156857596111075e-05,0.00013478246986549283,0.0,Germany,DEU,baden-wurttemberg,,,Linux-7.0.0-31-generic-x86_64-with-glibc2.43,3.14.4,3.3.0,24,Intel(R) Core(TM) Ultra 9 285K,1,1 x NVIDIA GeForce RTX 5090,9.2986,48.7383,60.816158294677734,machine,0.0,0.0,0.0,0.0,N
rollout_19,2026-09-12T22:45:51,sac_Ant-v5_seed85062,f5baebbd-825a-427a-a642-f3bf0e8b79c1,0.34666814299998805,4.167244255128943e-06,1.202049191477239e-05,30.657203796777008,70.4119469654773,20.0,3.3959902167902956e-06,5.61806004997778e-06,1.925034272224225e-06,1.0939084538991867e-05,0.0,Germany,DEU,baden-wurttemberg,,,Linux-7.0.0-31-generic-x86_64-with-glibc2.43,3.14.4,3.3.0,24,Intel(R) Core(TM) Ultra 9 285K,1,1 x NVIDIA GeForce RTX 5090,9.2986,48.7383,60.816158294677734,machine,0.0,0.0,0.0,0.0,N
gradient_updates_19,2026-09-12T22:45:55,sac_Ant-v5_seed85062,f5baebbd-825a-427a-a642-f3bf0e8b79c1,3.8990291979989706,5.1265715281629274e-05,1.3148345078187294e-05,30.706457363424327,70.59595088287338,20.0,2.8088770248776984e-05,8.482506786000599e-05,2.1659505588892628e-05,0.00013457334369767517,0.0,Germany,DEU,baden-wurttemberg,,,Linux-7.0.0-31-generic-x86_64-with-glibc2.43,3.14.4,3.3.0,24,Intel(R) Core(TM) Ultra 9 285K,1,1 x NVIDIA GeForce RTX 5090,9.2986,48.7383,60.816158294677734,machine,0.0,0.0,0.0,0.0,N
rollout_20,2026-09-12T22:45:56,sac_Ant-v5_seed85062,f5baebbd-825a-427a-a642-f3bf0e8b79c1,0.3539740790001815,4.977984063783128e-06,1.406316523308944e-05,30.796755441963498,70.75648167244209,20.0,3.4402744188838374e-06,7.655839457998415e-06,1.9711759611104e-06,1.3067289837992435e-05,0.0,Germany,DEU,baden-wurttemberg,,,Linux-7.0.0-31-generic-x86_64-with-glibc2.43,3.14.4,3.3.0,24,Intel(R) Core(TM) Ultra 9 285K,1,1 x NVIDIA GeForce RTX 5090,9.2986,48.7383,60.816158294677734,machine,0.0,0.0,0.0,0.0,N
gradient_updates_20,2026-09-12T22:46:00,sac_Ant-v5_seed85062,f5baebbd-825a-427a-a642-f3bf0e8b79c1,3.9260419080001157,5.2366509524441824e-05,1.333828695307275e-05,30.84454964910393,70.92388315955823,20.0,3.027970811263561e-05,8.537395718799523e-05,2.1809281344445158e-05,0.00013746294664507622,0.0,Germany,DEU,baden-wurttemberg,,,Linux-7.0.0-31-generic-x86_64-with-glibc2.43,3.14.4,3.3.0,24,Intel(R) Core(TM) Ultra 9 285K,1,1 x NVIDIA GeForce RTX 5090,9.2986,48.7383,60.816158294677734,machine,0.0,0.0,0.0,0.0,N
rollout_21,2026-09-12T22:46:00,sac_Ant-v5_seed85062,f5baebbd-825a-427a-a642-f3bf0e8b79c1,0.3445300839994161,4.929996620400877e-06,1.4309541676233312e-05,30.932008056637038,71.12578990187522,20.0,3.3561479626936785e-06,7.67250613800674e-06,1.9126679111146176e-06,1.2941322011814603e-05,0.0,Germany,DEU,baden-wurttemberg,,,Linux-7.0.0-31-generic-x86_64-with-glibc2.43,3.14.4,3.3.0,24,Intel(R) Core(TM) Ultra 9 285K,1,1 x NVIDIA GeForce RTX 5090,9.2986,48.7383,60.816158294677734,machine,0.0,0.0,0.0,0.0,N
gradient_updates_21,2026-09-12T22:46:04,sac_Ant-v5_seed85062,f5baebbd-825a-427a-a642-f3bf0e8b79c1,3.8760358200015617,5.093157538737093e-05,1.3140134894950437e-05,30.973276071105506,71.2568839783866,20.0,2.895958788987421e-05,8.320562212002502e-05,2.153101098333033e-05,0.00013369622099322978,0.0,Germany,DEU,baden-wurttemberg,,,Linux-7.0.0-31-generic-x86_64-with-glibc2.43,3.14.4,3.3.0,24,Intel(R) Core(TM) Ultra 9 285K,1,1 x NVIDIA GeForce RTX 5090,9.2986,48.7383,60.816158294677734,machine,0.0,0.0,0.0,0.0,N
rollout_22,2026-09-12T22:46:04,sac_Ant-v5_seed85062,f5baebbd-825a-427a-a642-f3bf0e8b79c1,0.34511372599990864,4.939694456501664e-06,1.431233509393826e-05,31.049778391218144,71.44883115638744,20.0,3.3405837835745467e-06,7.710283945999707e-06,1.9159112611103098e-06,1.2966778990684998e-05,0.0,Germany,DEU,baden-wurttemberg,,,Linux-7.0.0-31-generic-x86_64-with-glibc2.43,3.14.4,3.3.0,24,Intel(R) Core(TM) Ultra 9 285K,1,1 x NVIDIA GeForce RTX 5090,9.2986,48.7383,60.816158294677734,machine,0.0,0.0,0.0,0.0,N
gradient_updates_22,2026-09-12T22:46:08,sac_Ant-v5_seed85062,f5baebbd-825a-427a-a642-f3bf0e8b79c1,3.8865783809997083,5.162185988231028e-05,1.328210534631978e-05,31.081624017404284,71.60302239568483,20.0,2.8629133736621237e-05,8.528867934198825e-05,2.1590416038887086e-05,0.00013550822911749614,0.0,Germany,DEU,baden-wurttemberg,,,Linux-7.0.0-31-generic-x86_64-with-glibc2.43,3.14.4,3.3.0,24,Intel(R) Core(TM) Ultra 9 285K,1,1 x NVIDIA GeForce RTX 5090,9.2986,48.7383,60.816158294677734,machine,0.0,0.0,0.0,0.0,N
rollout_23,2026-09-12T22:46:08,sac_Ant-v5_seed85062,f5baebbd-825a-427a-a642-f3bf0e8b79c1,0.3506763690002117,4.191173544491021e-06,1.1951507872193656e-05,31.150265617773783,71.33636538839093,20.0,3.3813246495019433e-06,5.673615649987029e-06,1.946959016671263e-06,1.1001899316159802e-05,0.0,Germany,DEU,baden-wurttemberg,,,Linux-7.0.0-31-generic-x86_64-with-glibc2.43,3.14.4,3.3.0,24,Intel(R) Core(TM) Ultra 9 285K,1,1 x NVIDIA GeForce RTX 5090,9.2986,48.7383,60.816158294677734,machine,0.0,0.0,0.0,0.0,N
gradient_updates_23,2026-09-12T22:46:12,sac_Ant-v5_seed85062,f5baebbd-825a-427a-a642-f3bf0e8b79c1,3.8857289269999455,5.159802292365378e-05,1.3278874381376181e-05,31.177867383478386,71.48244216712493,20.0,2.8824123892611658e-05,8.503562358400107e-05,2.1585909233332685e-05,0.00013544565670994563,0.0,Germany,DEU,baden-wurttemberg,,,Linux-7.0.0-31-generic-x86_64-with-glibc2.43,3.14.4,3.3.0,24,Intel(R) Core(TM) Ultra 9 285K,1,1 x NVIDIA GeForce RTX 5090,9.2986,48.7383,60.816158294677734,machine,0.0,0.0,0.0,0.0,N
rollout_24,2026-09-12T22:46:13,sac_Ant-v5_seed85062,f5baebbd-825a-427a-a642-f3bf0e8b79c1,0.3480703170007473,4.94113138740232e-06,1.4195410943619557e-05,31.246350127751953,71.63155682726065,20.0,3.3784593694297094e-06,7.659172793994529e-06,1.9329187944498727e-06,1.297055095787411e-05,0.0,Germany,DEU,baden-wurttemberg,,,Linux-7.0.0-31-generic-x86_64-with-glibc2.43,3.14.4,3.3.0,24,Intel(R) Core(TM) Ultra 9 285K,1,1 x NVIDIA GeForce RTX 5090,9.2986,48.7383,60.816158294677734,machine,0.0,0.0,0.0,0.0,N
gradient_updates_24,2026-09-12T22:46:17,sac_Ant-v5_seed85062,f5baebbd-825a-427a-a642-f3bf0e8b79c1,3.882834845000616,5.138083341221008e-05,1.3232844031191655e-05,31.27207473201549,71.76660403254267,20.0,2.8303885143087654e-05,8.499645688603286e-05,2.1575188649997773e-05,0.00013487553067911828,0.0,Germany,DEU,baden-wurttemberg,,,Linux-7.0.0-31-generic-x86_64-with-glibc2.43,3.14.4,3.3.0,24,Intel(R) Core(TM) Ultra 9 285K,1,1 x NVIDIA GeForce RTX 5090,9.2986,48.7383,60.816158294677734,machine,0.0,0.0,0.0,0.0,N
rollout_25,2026-09-12T22:46:17,sac_Ant-v5_seed85062,f5baebbd-825a-427a-a642-f3bf0e8b79c1,0.345374645999982,4.099583965809332e-06,1.1869778116344593e-05,31.323285477056267,71.51105136858695,20.0,3.2846520721663275e-06,5.5591711139724165e-06,1.9176519833309733e-06,1.07614751694695e-05,0.0,Germany,DEU,baden-wurttemberg,,,Linux-7.0.0-31-generic-x86_64-with-glibc2.43,3.14.4,3.3.0,24,Intel(R) Core(TM) Ultra 9 285K,1,1 x NVIDIA GeForce RTX 5090,9.2986,48.7383,60.816158294677734,machine,0.0,0.0,0.0,0.0,N
gradient_updates_25,2026-09-12T22:46:21,sac_Ant-v5_seed85062,f5baebbd-825a-427a-a642-f3bf0e8b79c1,3.890213312999549,5.116070285508378e-05,1.3151152810515408e-05,31.337233104895244,71.62943100747391,20.0,2.8379737981549386e-05,8.430728966801748e-05,2.1610656705555202e-05,0.00013429768435512229,0.0,Germany,DEU,baden-wurttemberg,,,Linux-7.0.0-31-generic-x86_64-with-glibc2.43,3.14.4,3.3.0,24,Intel(R) Core(TM) Ultra 9 285K,1,1 x NVIDIA GeForce RTX 5090,9.2986,48.7383,60.816158294677734,machine,0.0,0.0,0.0,0.0,N
rollout_26,2026-09-12T22:46:21,sac_Ant-v5_seed85062,f5baebbd-825a-427a-a642-f3bf0e8b79c1,0.34834626900010335,4.219287750856747e-06,1.2111665878805362e-05,31.414491956913462,71.39760758591117,20.0,3.4703341651523556e-06,5.6716712039661665e-06,1.9336942000032237e-06,1.1075699569121529e-05,0.0,Germany,DEU,baden-wurttemberg,,,Linux-7.0.0-31-generic-x86_64-with-glibc2.43,3.14.4,3.3.0,24,Intel(R) Core(TM) Ultra 9 285K,1,1 x NVIDIA GeForce RTX 5090,9.2986,48.7383,60.816158294677734,machine,0.0,0.0,0.0,0.0,N
gradient_updates_26,2026-09-12T22:46:25,sac_Ant-v5_seed85062,f5baebbd-825a-427a-a642-f3bf0e8b79c1,3.886741581000024,5.043248698425413e-05,1.29755276723287e-05,31.44940177121124,71.47808938523669,20.0,2.876159689815111e-05,8.2033121182018e-05,2.159138766665925e-05,0.00013238610574682792,0.0,Germany,DEU,baden-wurttemberg,,,Linux-7.0.0-31-generic-x86_64-with-glibc2.43,3.14.4,3.3.0,24,Intel(R) Core(TM) Ultra 9 285K,1,1 x NVIDIA GeForce RTX 5090,9.2986,48.7383,60.816158294677734,machine,0.0,0.0,0.0,0.0,N
rollout_27,2026-09-12T22:46:25,sac_Ant-v5_seed85062,f5baebbd-825a-427a-a642-f3bf0e8b79c1,0.35123109800042585,4.928024257840925e-06,1.4030472389917315e-05,31.50125699776096,71.59023354386093,20.0,3.3810702048525654e-06,7.605006083988286e-06,1.9500682388955658e-06,1.2936144527735984e-05,0.0,Germany,DEU,baden-wurttemberg,,,Linux-7.0.0-31-generic-x86_64-with-glibc2.43,3.14.4,3.3.0,24,Intel(R) Core(TM) Ultra 9 285K,1,1 x NVIDIA GeForce RTX 5090,9.2986,48.7383,60.816158294677734,machine,0.0,0.0,0.0,0.0,N
gradient_updates_27,2026-09-12T22:46:29,sac_Ant-v5_seed85062,f5baebbd-825a-427a-a642-f3bf0e8b79c1,3.8815858439993463,5.097434335618123e-05,1.3132374460061353e-05,31.516018407257647,71.69844321933303,20.0,2.8175151984551755e-05,8.407034503402078e-05,2.1562990594449927e-05,0.0001338084876130229,0.0,Germany,DEU,baden-wurttemberg,,,Linux-7.0.0-31-generic-x86_64-with-glibc2.43,3.14.4,3.3.0,24,Intel(R) Core(TM) Ultra 9 285K,1,1 x NVIDIA GeForce RTX 5090,9.2986,48.7383,60.816158294677734,machine,0.0,0.0,0.0,0.0,N
rollout_28,2026-09-12T22:46:30,sac_Ant-v5_seed85062,f5baebbd-825a-427a-a642-f3bf0e8b79c1,0.34541898499992385,4.105012721233262e-06,1.1883793033239005e-05,31.553982891955528,71.47568441578436,20.0,3.2616451093141208e-06,5.5958378099851824e-06,1.918242822224192e-06,1.0775725741523495e-05,0.0,Germany,DEU,baden-wurttemberg,,,Linux-7.0.0-31-generic-x86_64-with-glibc2.43,3.14.4,3.3.0,24,Intel(R) Core(TM) Ultra 9 285K,1,1 x NVIDIA GeForce RTX 5090,9.2986,48.7383,60.816158294677734,machine,0.0,0.0,0.0,0.0,N
gradient_updates_28,2026-09-12T22:46:34,sac_Ant-v5_seed85062,f5baebbd-825a-427a-a642-f3bf0e8b79c1,3.967996162000418,5.076397514194473e-05,1.279337799660901e-05,31.548483944498543,71.57336204705244,20.0,2.5906869058810178e-05,8.531451269602752e-05,2.2034885844439238e-05,0.00013325626759927694,0.0,Germany,DEU,baden-wurttemberg,,,Linux-7.0.0-31-generic-x86_64-with-glibc2.43,3.14.4,3.3.0,24,Intel(R) Core(TM) Ultra 9 285K,1,1 x NVIDIA GeForce RTX 5090,9.2986,48.7383,60.816158294677734,machine,0.0,0.0,0.0,0.0,N
rollout_29,2026-09-12T22:46:34,sac_Ant-v5_seed85062,f5baebbd-825a-427a-a642-f3bf0e8b79c1,0.35997584099823143,4.61994521938798e-06,1.2833824210878644e-05,31.472986362368456,71.61734963112445,20.0,2.7017163280393386e-06,7.426950385969189e-06,1.998765283335417e-06,1.2127431997343945e-05,0.0,Germany,DEU,baden-wurttemberg,,,Linux-7.0.0-31-generic-x86_64-with-glibc2.43,3.14.4,3.3.0,24,Intel(R) Core(TM) Ultra 9 285K,1,1 x NVIDIA GeForce RTX 5090,9.2986,48.7383,60.816158294677734,machine,0.0,0.0,0.0,0.0,N
gradient_updates_29,2026-09-12T22:46:38,sac_Ant-v5_seed85062,f5baebbd-825a-427a-a642-f3bf0e8b79c1,3.892356166999889,5.0740879841964116e-05,1.303605570362388e-05,31.396124013071272,71.70692806800993,20.0,2.8039365764807866e-05,8.353312238199018e-05,2.1623153911120088e-05,0.00013319564205791813,0.0,Germany,DEU,baden-wurttemberg,,,Linux-7.0.0-31-generic-x86_64-with-glibc2.43,3.14.4,3.3.0,24,Intel(R) Core(TM) Ultra 9 285K,1,1 x NVIDIA GeForce RTX 5090,9.2986,48.7383,60.816158294677734,machine,0.0,0.0,0.0,0.0,N
rollout_30,2026-09-12T22:46:38,sac_Ant-v5_seed85062,f5baebbd-825a-427a-a642-f3bf0e8b79c1,0.35203672599891433,4.181351680412025e-06,1.1876745914949996e-05,31.456074143057098,71.47468048595931,20.0,3.4655699946775642e-06,5.556115556026864e-06,1.9544312111065103e-06,1.0976116761811372e-05,0.0,Germany,DEU,baden-wurttemberg,,,Linux-7.0.0-31-generic-x86_64-with-glibc2.43,3.14.4,3.3.0,24,Intel(R) Core(TM) Ultra 9 285K,1,1 x NVIDIA GeForce RTX 5090,9.2986,48.7383,60.816158294677734,machine,0.0,0.0,0.0,0.0,N
gradient_updates_30,2026-09-12T22:46:42,sac_Ant-v5_seed85062,f5baebbd-825a-427a-a642-f3bf0e8b79c1,3.9492809389994363,5.2013738950499374e-05,1.3170453609387278e-05,31.480830149631,71.57341515616999,20.0,2.9153814711923437e-05,8.5444512799987e-05,2.193859058888855e-05,0.00013653691810079898,0.0,Germany,DEU,baden-wurttemberg,,,Linux-7.0.0-31-generic-x86_64-with-glibc2.43,3.14.4,3.3.0,24,Intel(R) Core(TM) Ultra 9 285K,1,1 x NVIDIA GeForce RTX 5090,9.2986,48.7383,60.816158294677734,machine,0.0,0.0,0.0,0.0,N
rollout_31,2026-09-12T22:46:43,sac_Ant-v5_seed85062,f5baebbd-825a-427a-a642-f3bf0e8b79c1,0.353463092000311,3.856085685761002e-06,1.090926155628271e-05,31.42074313971185,71.32957719125649,20.0,2.7170430069653473e-06,5.443337688010308e-06,1.961907494448271e-06,1.0122288189424143e-05,0.0,Germany,DEU,baden-wurttemberg,,,Linux-7.0.0-31-generic-x86_64-with-glibc2.43,3.14.4,3.3.0,24,Intel(R) Core(TM) Ultra 9 285K,1,1 x NVIDIA GeForce RTX 5090,9.2986,48.7383,60.816158294677734,machine,0.0,0.0,0.0,0.0,N
gradient_updates_31,2026-09-12T22:46:46,sac_Ant-v5_seed85062,f5baebbd-825a-427a-a642-f3bf0e8b79c1,3.9399375049997616,5.0894019879445425e-05,1.2917501837047775e-05,31.351964415207966,71.41958663402198,20.0,2.7051564141233886e-05,8.46595121719862e-05,2.1886560855556266e-05,0.00013359763716877613,0.0,Germany,DEU,baden-wurttemberg,,,Linux-7.0.0-31-generic-x86_64-with-glibc2.43,3.14.4,3.3.0,24,Intel(R) Core(TM) Ultra 9 285K,1,1 x NVIDIA GeForce RTX 5090,9.2986,48.7383,60.816158294677734,machine,0.0,0.0,0.0,0.0,N
rollout_32,2026-09-12T22:46:47,sac_Ant-v5_seed85062,f5baebbd-825a-427a-a642-f3bf0e8b79c1,0.35925128499911807,3.879120906663189e-06,1.0797510098491768e-05,31.291340632431123,71.17318611307878,20.0,2.7330646864519303e-06,5.454448807978851e-06,1.9952425277854763e-06,1.0182756022216258e-05,0.0,Germany,DEU,baden-wurttemberg,,,Linux-7.0.0-31-generic-x86_64-with-glibc2.43,3.14.4,3.3.0,24,Intel(R) Core(TM) Ultra 9 285K,1,1 x NVIDIA GeForce RTX 5090,9.2986,48.7383,60.816158294677734,machine,0.0,0.0,0.0,0.0,N
gradient_updates_32,2026-09-12T22:46:51,sac_Ant-v5_seed85062,f5baebbd-825a-427a-a642-f3bf0e8b79c1,3.8771373580002546,5.033942580393545e-05,1.2983681204741032e-05,31.228366074984763,71.25171047720059,20.0,2.8119321662106733e-05,8.248423265402871e-05,2.1538264305561577e-05,0.00013214181862169702,0.0,Germany,DEU,baden-wurttemberg,,,Linux-7.0.0-31-generic-x86_64-with-glibc2.43,3.14.4,3.3.0,24,Intel(R) Core(TM) Ultra 9 285K,1,1 x NVIDIA GeForce RTX 5090,9.2986,48.7383,60.816158294677734,machine,0.0,0.0,0.0,0.0,N
rollout_33,2026-09-12T22:46:51,sac_Ant-v5_seed85062,f5baebbd-825a-427a-a642-f3bf0e8b79c1,0.3472921709999355,4.114007714668688e-06,1.184576914285581e-05,31.267396993664605,71.05983885859328,20.0,3.2952315250737996e-06,5.575837794008498e-06,1.9282684277843395e-06,1.0799337746866637e-05,0.0,Germany,DEU,baden-wurttemberg,,,Linux-7.0.0-31-generic-x86_64-with-glibc2.43,3.14.4,3.3.0,24,Intel(R) Core(TM) Ultra 9 285K,1,1 x NVIDIA GeForce RTX 5090,9.2986,48.7383,60.816158294677734,machine,0.0,0.0,0.0,0.0,N
gradient_updates_33,2026-09-12T22:46:55,sac_Ant-v5_seed85062,f5baebbd-825a-427a-a642-f3bf0e8b79c1,3.887939981999807,5.0209900707521e-05,1.291428887083084e-05,31.27710369843695,71.13066510223784,20.0,2.8034076038352396e-05,8.216978795799745e-05,2.1597949122224326e-05,0.00013180181311857418,0.0,Germany,DEU,baden-wurttemberg,,,Linux-7.0.0-31-generic-x86_64-with-glibc2.43,3.14.4,3.3.0,24,Intel(R) Core(TM) Ultra 9 285K,1,1 x NVIDIA GeForce RTX 5090,9.2986,48.7383,60.816158294677734,machine,0.0,0.0,0.0,0.0,N
rollout_34,2026-09-12T22:46:55,sac_Ant-v5_seed85062,f5baebbd-825a-427a-a642-f3bf0e8b79c1,0.3446247409992793,4.827499345948921e-06,1.4007090887887399e-05,31.31576468155913,71.22824219359887,20.0,3.2795659569845315e-06,7.47917265001008e-06,1.9135263777773914e-06,1.2672264984772003e-05,0.0,Germany,DEU,baden-wurttemberg,,,Linux-7.0.0-31-generic-x86_64-with-glibc2.43,3.14.4,3.3.0,24,Intel(R) Core(TM) Ultra 9 285K,1,1 x NVIDIA GeForce RTX 5090,9.2986,48.7383,60.816158294677734,machine,0.0,0.0,0.0,0.0,N
gradient_updates_34,2026-09-12T22:46:59,sac_Ant-v5_seed85062,f5baebbd-825a-427a-a642-f3bf0e8b79c1,3.900093869000557,5.019501782197811e-05,1.2870240630579505e-05,31.3240646026782,71.29514503612641,20.0,2.7644621560126564e-05,8.24525659619546e-05,2.166555777777029e-05,0.00013176274529985103,0.0,Germany,DEU,baden-wurttemberg,,,Linux-7.0.0-31-generic-x86_64-with-glibc2.43,3.14.4,3.3.0,24,Intel(R) Core(TM) Ultra 9 285K,1,1 x NVIDIA GeForce RTX 5090,9.2986,48.7383,60.816158294677734,machine,0.0,0.0,0.0,0.0,N
rollout_35,2026-09-12T22:47:00,sac_Ant-v5_seed85062,f5baebbd-825a-427a-a642-f3bf0e8b79c1,0.35944893499981845,3.845817479519991e-06,1.0699076981663938e-05,31.25357621869963,71.0733456381716,20.0,2.6213876526612334e-06,5.478059938029967e-06,1.9958863888859795e-06,1.0095333979577396e-05,0.0,Germany,DEU,baden-wurttemberg,,,Linux-7.0.0-31-generic-x86_64-with-glibc2.43,3.14.4,3.3.0,24,Intel(R) Core(TM) Ultra 9 285K,1,1 x NVIDIA GeForce RTX 5090,9.2986,48.7383,60.816158294677734,machine,0.0,0.0,0.0,0.0,N
gradient_updates_35,2026-09-12T22:47:03,sac_Ant-v5_seed85062,f5baebbd-825a-427a-a642-f3bf0e8b79c1,3.8953858830009267,4.977272342163511e-05,1.2777365637646626e-05,31.186551493579028,71.11371389562922,20.0,2.879192775574746e-05,8.021311972600254e-05,2.1649168088889482e-05,0.00013065421557063948,0.0,Germany,DEU,baden-wurttemberg,,,Linux-7.0.0-31-generic-x86_64-with-glibc2.43,3.14.4,3.3.0,24,Intel(R) Core(TM) Ultra 9 285K,1,1 x NVIDIA GeForce RTX 5090,9.2986,48.7383,60.816158294677734,machine,0.0,0.0,0.0,0.0,N
rollout_36,2026-09-12T22:47:04,sac_Ant-v5_seed85062,f5baebbd-825a-427a-a642-f3bf0e8b79c1,0.34511654100060696,4.087971836876439e-06,1.1844989720027495e-05,31.23893610045642,70.92257926312888,20.0,3.3911921573960557e-06,5.423337672005868e-06,1.9164633111056536e-06,1.0730993140507794e-05,0.0,Germany,DEU,baden-wurttemberg,,,Linux-7.0.0-31-generic-x86_64-with-glibc2.43,3.14.4,3.3.0,24,Intel(R) Core(TM) Ultra 9 285K,1,1 x NVIDIA GeForce RTX 5090,9.2986,48.7383,60.816158294677734,machine,0.0,0.0,0.0,0.0,N
gradient_updates_36,2026-09-12T22:47:08,sac_Ant-v5_seed85062,f5baebbd-825a-427a-a642-f3bf0e8b79c1,3.996632912001587,5.189217414444799e-05,1.2984026340966902e-05,31.263925733985776,70.98257665072285,20.0,3.0155094679608363e-05,8.386090042197814e-05,2.2201813388892386e-05,0.00013621780849047867,0.0,Germany,DEU,baden-wurttemberg,,,Linux-7.0.0-31-generic-x86_64-with-glibc2.43,3.14.4,3.3.0,24,Intel(R) Core(TM) Ultra 9 285K,1,1 x NVIDIA GeForce RTX 5090,9.2986,48.7383,60.816158294677734,machine,0.0,0.0,0.0,0.0,N
rollout_37,2026-09-12T22:47:08,sac_Ant-v5_seed85062,f5baebbd-825a-427a-a642-f3bf0e8b79c1,0.35276579199853586,4.851879552663068e-06,1.3753611947509566e-05,31.311994762702433,71.03133542424032,20.0,3.4506166493794566e-06,7.32667252800745e-06,1.9589742500001565e-06,1.2736263427386846e-05,0.0,Germany,DEU,baden-wurttemberg,,,Linux-7.0.0-31-generic-x86_64-with-glibc2.43,3.14.4,3.3.0,24,Intel(R) Core(TM) Ultra 9 285K,1,1 x NVIDIA GeForce RTX 5090,9.2986,48.7383,60.816158294677734,machine,0.0,0.0,0.0,0.0,N
gradient_updates_37,2026-09-12T22:47:12,sac_Ant-v5_seed85062,f5baebbd-825a-427a-a642-f3bf0e8b79c1,4.141683208999893,5.2942837651724726e-05,1.2782944631007944e-05,31.337971008299863,71.06914961834588,20.0,3.0811069093278354e-05,8.515590145802276e-05,2.3008846883335087e-05,0.000138975817434636,0.0,Germany,DEU,baden-wurttemberg,,,Linux-7.0.0-31-generic-x86_64-with-glibc2.43,3.14.4,3.3.0,24,Intel(R) Core(TM) Ultra 9 285K,1,1 x NVIDIA GeForce RTX 5090,9.2986,48.7383,60.816158294677734,machine,0.0,0.0,0.0,0.0,N
rollout_38,2026-09-12T22:47:13,sac_Ant-v5_seed85062,f5baebbd-825a-427a-a642-f3bf0e8b79c1,0.34414254799958144,4.094421661645763e-06,1.1896763388039278e-05,31.37822052760206,70.90212433691343,20.0,3.3226971025979157e-06,5.514448855964416e-06,1.9107780777833424e-06,1.074792403634589e-05,0.0,Germany,DEU,baden-wurttemberg,,,Linux-7.0.0-31-generic-x86_64-with-glibc2.43,3.14.4,3.3.0,24,Intel(R) Core(TM) Ultra 9 285K,1,1 x NVIDIA GeForce RTX 5090,9.2986,48.7383,60.816158294677734,machine,0.0,0.0,0.0,0.0,N
gradient_updates_38,2026-09-12T22:47:17,sac_Ant-v5_seed85062,f5baebbd-825a-427a-a642-f3bf0e8b79c1,4.160458833999655,5.340392016975641e-05,1.2836090720039212e-05,31.397537070581386,70.95038184040429,20.0,3.0620063384920876e-05,8.645395805201295e-05,2.3112145172217392e-05,0.00014018616660915143,0.0,Germany,DEU,baden-wurttemberg,,,Linux-7.0.0-31-generic-x86_64-with-glibc2.43,3.14.4,3.3.0,24,Intel(R) Core(TM) Ultra 9 285K,1,1 x NVIDIA GeForce RTX 5090,9.2986,48.7383,60.816158294677734,machine,0.0,0.0,0.0,0.0,N
rollout_39,2026-09-12T22:47:17,sac_Ant-v5_seed85062,f5baebbd-825a-427a-a642-f3bf0e8b79c1,0.34772579099990253,4.773652607895692e-06,1.3728065175306375e-05,31.436370560328548,70.99996222893684,20.0,3.359657409947314e-06,7.241116904005418e-06,1.9301421000010675e-06,1.2530916413953583e-05,0.0,Germany,DEU,baden-wurttemberg,,,Linux-7.0.0-31-generic-x86_64-with-glibc2.43,3.14.4,3.3.0,24,Intel(R) Core(TM) Ultra 9 285K,1,1 x NVIDIA GeForce RTX 5090,9.2986,48.7383,60.816158294677734,machine,0.0,0.0,0.0,0.0,N
gradient_updates_39,2026-09-12T22:47:21,sac_Ant-v5_seed85062,f5baebbd-825a-427a-a642-f3bf0e8b79c1,4.172111575999224,5.266565551543352e-05,1.2623257335786583e-05,31.45504174828234,71.02020401440072,20.0,3.0845265787303455e-05,8.422617849201952e-05,2.3176765500001247e-05,0.0001382482097793238,0.0,Germany,DEU,baden-wurttemberg,,,Linux-7.0.0-31-generic-x86_64-with-glibc2.43,3.14.4,3.3.0,24,Intel(R) Core(TM) Ultra 9 285K,1,1 x NVIDIA GeForce RTX 5090,9.2986,48.7383,60.816158294677734,machine,0.0,0.0,0.0,0.0,N
rollout_40,2026-09-12T22:47:22,sac_Ant-v5_seed85062,f5baebbd-825a-427a-a642-f3bf0e8b79c1,0.3542972089999239,4.873583696729262e-06,1.3755581391067907e-05,31.49590852820929,71.06224293981333,20.0,3.463789715475729e-06,7.3563947739496705e-06,1.9730526722215678e-06,1.279323716164675e-05,0.0,Germany,DEU,baden-wurttemberg,,,Linux-7.0.0-31-generic-x86_64-with-glibc2.43,3.14.4,3.3.0,24,Intel(R) Core(TM) Ultra 9 285K,1,1 x NVIDIA GeForce RTX 5090,9.2986,48.7383,60.816158294677734,machine,0.0,0.0,0.0,0.0,N
gradient_updates_40,2026-09-12T22:47:26,sac_Ant-v5_seed85062,f5baebbd-825a-427a-a642-f3bf0e8b79c1,4.230585359000543,5.345341270212439e-05,1.2635031319703479e-05,31.514388208148958,71.09226598528318,20.0,3.0312412583242965e-05,8.650256920203492e-05,2.3501103533332506e-05,0.00014031608531860952,0.0,Germany,DEU,baden-wurttemberg,,,Linux-7.0.0-31-generic-x86_64-with-glibc2.43,3.14.4,3.3.0,24,Intel(R) Core(TM) Ultra 9 285K,1,1 x NVIDIA GeForce RTX 5090,9.2986,48.7383,60.816158294677734,machine,0.0,0.0,0.0,0.0,N
rollout_41,2026-09-12T22:47:26,sac_Ant-v5_seed85062,f5baebbd-825a-427a-a642-f3bf0e8b79c1,0.3581495559992618,4.566175741941951e-06,1.2749078015363639e-05,31.462642898194296,71.117888761672,20.0,2.7078199440304374e-06,7.289728053971878e-06,1.988738238883946e-06,1.1986286236886912e-05,0.0,Germany,DEU,baden-wurttemberg,,,Linux-7.0.0-31-generic-x86_64-with-glibc2.43,3.14.4,3.3.0,24,Intel(R) Core(TM) Ultra 9 285K,1,1 x NVIDIA GeForce RTX 5090,9.2986,48.7383,60.816158294677734,machine,0.0,0.0,0.0,0.0,N
gradient_updates_41,2026-09-12T22:47:30,sac_Ant-v5_seed85062,f5baebbd-825a-427a-a642-f3bf0e8b79c1,4.207569776001037,5.264965539040394e-05,1.2513104649206457e-05,31.40647250770951,71.14668263611533,20.0,2.8791351366394546e-05,8.604173550000316e-05,2.3373122322219555e-05,0.0001382062091886179,0.0,Germany,DEU,baden-wurttemberg,,,Linux-7.0.0-31-generic-x86_64-with-glibc2.43,3.14.4,3.3.0,24,Intel(R) Core(TM) Ultra 9 285K,1,1 x NVIDIA GeForce RTX 5090,9.2986,48.7383,60.816158294677734,machine,0.0,0.0,0.0,0.0,N
rollout_42,2026-09-12T22:47:31,sac_Ant-v5_seed85062,f5baebbd-825a-427a-a642-f3bf0e8b79c1,0.3563175819999742,4.4756364500379495e-06,1.2560007109072445e-05,31.352770775492367,71.15503597115259,20.0,2.656109624885744e-06,7.113616802001399e-06,1.9788926833321212e-06,1.1748619110218614e-05,0.0,Germany,DEU,baden-wurttemberg,,,Linux-7.0.0-31-generic-x86_64-with-glibc2.43,3.14.4,3.3.0,24,Intel(R) Core(TM) Ultra 9 285K,1,1 x NVIDIA GeForce RTX 5090,9.2986,48.7383,60.816158294677734,machine,0.0,0.0,0.0,0.0,N
gradient_updates_42,2026-09-12T22:47:35,sac_Ant-v5_seed85062,f5baebbd-825a-427a-a642-f3bf0e8b79c1,4.1837354990002495,5.2677389614946314e-05,1.2591015070661123e-05,31.300202180348837,71.16805335721246,20.0,3.0987731456832285e-05,8.404673390399742e-05,2.324454662222899e-05,0.00013827901198305848,0.0,Germany,DEU,baden-wurttemberg,,,Linux-7.0.0-31-generic-x86_64-with-glibc2.43,3.14.4,3.3.0,24,Intel(R) Core(TM) Ultra 9 285K,1,1 x NVIDIA GeForce RTX 5090,9.2986,48.7383,60.816158294677734,machine,0.0,0.0,0.0,0.0,N
rollout_43,2026-09-12T22:47:35,sac_Ant-v5_seed85062,f5baebbd-825a-427a-a642-f3bf0e8b79c1,0.34866459800105076,4.809129641614868e-06,1.3792822498784926e-05,31.338507182552707,71.21784179257216,20.0,3.3849360412778473e-06,7.307505846015916e-06,1.9316023222219845e-06,1.2624044209515531e-05,0.0,Germany,DEU,baden-wurttemberg,,,Linux-7.0.0-31-generic-x86_64-with-glibc2.43,3.14.4,3.3.0,24,Intel(R) Core(TM) Ultra 9 285K,1,1 x NVIDIA GeForce RTX 5090,9.2986,48.7383,60.816158294677734,machine,0.0,0.0,0.0,0.0,N
gradient_updates_43,2026-09-12T22:47:40,sac_Ant-v5_seed85062,f5baebbd-825a-427a-a642-f3bf0e8b79c1,4.172537862001263,5.333799692774314e-05,1.2783136643479507e-05,31.358431738081386,71.24870593156055,20.0,3.103971316508608e-05,8.57945130799953e-05,2.3178890772224863e-05,0.0001400131170173069,0.0,Germany,DEU,baden-wurttemberg,,,Linux-7.0.0-31-generic-x86_64-with-glibc2.43,3.14.4,3.3.0,24,Intel(R) Core(TM) Ultra 9 285K,1,1 x NVIDIA GeForce RTX 5090,9.2986,48.7383,60.816158294677734,machine,0.0,0.0,0.0,0.0,N
rollout_44,2026-09-12T22:47:40,sac_Ant-v5_seed85062,f5baebbd-825a-427a-a642-f3bf0e8b79c1,0.3442367389998253,3.999674347122603e-06,1.1618703027543253e-05,31.392313081643035,71.0736931985449,20.0,3.316034319491429e-06,5.2716708839883886e-06,1.911505577784989e-06,1.049921078126459e-05,0.0,Germany,DEU,baden-wurttemberg,,,Linux-7.0.0-31-generic-x86_64-with-glibc2.43,3.14.4,3.3.0,24,Intel(R) Core(TM) Ultra 9 285K,1,1 x NVIDIA GeForce RTX 5090,9.2986,48.7383,60.816158294677734,machine,0.0,0.0,0.0,0.0,N
gradient_updates_44,2026-09-12T22:47:44,sac_Ant-v5_seed85062,f5baebbd-825a-427a-a642-f3bf0e8b79c1,4.194453497000723,5.27025217179327e-05,1.2564843624304329e-05,31.405742044890307,71.09880462197266,20.0,2.9500782211717286e-05,8.553979065401007e-05,2.3304411299998e-05,0.00013834498416572492,0.0,Germany,DEU,baden-wurttemberg,,,Linux-7.0.0-31-generic-x86_64-with-glibc2.43,3.14.4,3.3.0,24,Intel(R) Core(TM) Ultra 9 285K,1,1 x NVIDIA GeForce RTX 5090,9.2986,48.7383,60.816158294677734,machine,0.0,0.0,0.0,0.0,N
rollout_45,2026-09-12T22:47:44,sac_Ant-v5_seed85062,f5baebbd-825a-427a-a642-f3bf0e8b79c1,0.35730998899998667,4.51725529469673e-06,1.2642061141381426e-05,31.358261906505895,71.11283036189508,20.0,2.689238262500171e-06,7.184727969983262e-06,1.9839030277783113e-06,1.1857869260261528e-05,0.0,Germany,DEU,baden-wurttemberg,,,Linux-7.0.0-31-generic-x86_64-with-glibc2.43,3.14.4,3.3.0,24,Intel(R) Core(TM) Ultra 9 285K,1,1 x NVIDIA GeForce RTX 5090,9.2986,48.7383,60.816158294677734,machine,0.0,0.0,0.0,0.0,N
gradient_updates_45,2026-09-12T22:47:49,sac_Ant-v5_seed85062,f5baebbd-825a-427a-a642-f3bf0e8b79c1,4.195904232999965,5.317784964658763e-05,1.2673779276923437e-05,31.310673647821083,71.13630481249324,20.0,3.080382964304462e-05,8.547979060602451e-05,2.330910752777228e-05,0.0001395927277768414,0.0,Germany,DEU,baden-wurttemberg,,,Linux-7.0.0-31-generic-x86_64-with-glibc2.43,3.14.4,3.3.0,24,Intel(R) Core(TM) Ultra 9 285K,1,1 x NVIDIA GeForce RTX 5090,9.2986,48.7383,60.816158294677734,machine,0.0,0.0,0.0,0.0,N
rollout_46,2026-09-12T22:47:49,sac_Ant-v5_seed85062,f5baebbd-825a-427a-a642-f3bf0e8b79c1,0.34481094000148005,3.9939577876667645e-06,1.158226605033373e-05,31.34254404351708,70.96846725916188,20.0,3.3111512600311754e-06,5.26111531998219e-06,1.911938138891931e-06,1.0484204718904863e-05,0.0,Germany,DEU,baden-wurttemberg,,,Linux-7.0.0-31-generic-x86_64-with-glibc2.43,3.14.4,3.3.0,24,Intel(R) Core(TM) Ultra 9 285K,1,1 x NVIDIA GeForce RTX 5090,9.2986,48.7383,60.816158294677734,machine,0.0,0.0,0.0,0.0,N
gradient_updates_46,2026-09-12T22:47:53,sac_Ant-v5_seed85062,f5baebbd-825a-427a-a642-f3bf0e8b79c1,4.174665032998746,5.276668693933234e-05,1.2639770232536853e-05,31.35607402111266,70.99606435313981,20.0,2.9925518107060817e-05,8.539701276200073e-05,2.3190888055554196e-05,0.00013851341892461531,0.0,Germany,DEU,baden-wurttemberg,,,Linux-7.0.0-31-generic-x86_64-with-glibc2.43,3.14.4,3.3.0,24,Intel(R) Core(TM) Ultra 9 285K,1,1 x NVIDIA GeForce RTX 5090,9.2986,48.7383,60.816158294677734,machine,0.0,0.0,0.0,0.0,N
rollout_47,2026-09-12T22:47:54,sac_Ant-v5_seed85062,f5baebbd-825a-427a-a642-f3bf0e8b79c1,0.3510706070010201,4.029959895131274e-06,1.1478959192032404e-05,31.381489237423516,70.82687548828925,20.0,3.3212221014176924e-06,5.3072264680209535e-06,1.9502622722231654e-06,1.0578710841662245e-05,0.0,Germany,DEU,baden-wurttemberg,,,Linux-7.0.0-31-generic-x86_64-with-glibc2.43,3.14.4,3.3.0,24,Intel(R) Core(TM) Ultra 9 285K,1,1 x NVIDIA GeForce RTX 5090,9.2986,48.7383,60.816158294677734,machine,0.0,0.0,0.0,0.0,N
gradient_updates_47,2026-09-12T22:47:58,sac_Ant-v5_seed85062,f5baebbd-825a-427a-a642-f3bf0e8b79c1,4.174025623999114,5.286114462244593e-05,1.2664328568492226e-05,31.39092768544825,70.85366452049175,20.0,3.0383128750928468e-05,8.519090148600972e-05,2.3187341655557178e-05,0.00013876137189249536,0.0,Germany,DEU,baden-wurttemberg,,,Linux-7.0.0-31-generic-x86_64-with-glibc2.43,3.14.4,3.3.0,24,Intel(R) Core(TM) Ultra 9 285K,1,1 x NVIDIA GeForce RTX 5090,9.2986,48.7383,60.816158294677734,machine,0.0,0.0,0.0,0.0,N
rollout_48,2026-09-12T22:47:58,sac_Ant-v5_seed85062,f5baebbd-825a-427a-a642-f3bf0e8b79c1,0.34129076300087036,4.730396147478201e-06,1.3860324248547348e-05,31.421775615540433,70.9085517526312,20.0,3.287686796814987e-06,7.2347280099804845e-06,1.8949526888818909e-06,1.2417367495676929e-05,0.0,Germany,DEU,baden-wurttemberg,,,Linux-7.0.0-31-generic-x86_64-with-glibc2.43,3.14.4,3.3.0,24,Intel(R) Core(TM) Ultra 9 285K,1,1 x NVIDIA GeForce RTX 5090,9.2986,48.7383,60.816158294677734,machine,0.0,0.0,0.0,0.0,N
gradient_updates_48,2026-09-12T22:48:02,sac_Ant-v5_seed85062,f5baebbd-825a-427a-a642-f3bf0e8b79c1,4.194300791999922,5.255923574468179e-05,1.2531127452459481e-05,31.433391139741182,70.9326436519264,20.0,2.9224480046229767e-05,8.544451280001475e-05,2.329986328889703e-05,0.00013796885613514068,0.0,Germany,DEU,baden-wurttemberg,,,Linux-7.0.0-31-generic-x86_64-with-glibc2.43,3.14.4,3.3.0,24,Intel(R) Core(TM) Ultra 9 285K,1,1 x NVIDIA GeForce RTX 5090,9.2986,48.7383,60.816158294677734,machine,0.0,0.0,0.0,0.0,N
rollout_49,2026-09-12T22:48:03,sac_Ant-v5_seed85062,f5baebbd-825a-427a-a642-f3bf0e8b79c1,0.3492874479998136,4.012363916622817e-06,1.148712113949458e-05,31.45858260291089,70.7738053985112,20.0,3.318136543396799e-06,5.283893115992644e-06,1.9304914500026856e-06,1.0532521109392345e-05,0.0,Germany,DEU,baden-wurttemberg,,,Linux-7.0.0-31-generic-x86_64-with-glibc2.43,3.14.4,3.3.0,24,Intel(R) Core(TM) Ultra 9 285K,1,1 x NVIDIA GeForce RTX 5090,9.2986,48.7383,60.816158294677734,machine,0.0,0.0,0.0,0.0,N
gradient_updates_49,2026-09-12T22:48:07,sac_Ant-v5_seed85062,f5baebbd-825a-427a-a642-f3bf0e8b79c1,4.215292240000053,5.2542107612005284e-05,1.2464671445798946e-05,31.46606149580424,70.7920471558027,20.0,2.9442069942525045e-05,8.50653458299988e-05,2.3416478733330817e-05,0.00013792389450585467,0.0,Germany,DEU,baden-wurttemberg,,,Linux-7.0.0-31-generic-x86_64-with-glibc2.43,3.14.4,3.3.0,24,Intel(R) Core(TM) Ultra 9 285K,1,1 x NVIDIA GeForce RTX 5090,9.2986,48.7383,60.816158294677734,machine,0.0,0.0,0.0,0.0,N
rollout_50,2026-09-12T22:48:07,sac_Ant-v5_seed85062,f5baebbd-825a-427a-a642-f3bf0e8b79c1,0.3675032649989589,4.601562195814552e-06,1.2520244438737703e-05,31.428532100543173,70.79071032452927,20.0,2.8294322635437352e-06,7.209450211986823e-06,2.04029378333471e-06,1.2079176258865051e-05,0.0,Germany,DEU,baden-wurttemberg,,,Linux-7.0.0-31-generic-x86_64-with-glibc2.43,3.14.4,3.3.0,24,Intel(R) Core(TM) Ultra 9 285K,1,1 x NVIDIA GeForce RTX 5090,9.2986,48.7383,60.816158294677734,machine,0.0,0.0,0.0,0.0,N
gradient_updates_50,2026-09-12T22:48:11,sac_Ant-v5_seed85062,f5baebbd-825a-427a-a642-f3bf0e8b79c1,4.205970785998943,5.351954940335324e-05,1.2724680021562081e-05,31.391510089790707,70.80972487067042,20.0,3.209080456151314e-05,8.503423469399807e-05,2.336465598888637e-05,0.00014048969524439736,0.0,Germany,DEU,baden-wurttemberg,,,Linux-7.0.0-31-generic-x86_64-with-glibc2.43,3.14.4,3.3.0,24,Intel(R) Core(TM) Ultra 9 285K,1,1 x NVIDIA GeForce RTX 5090,9.2986,48.7383,60.816158294677734,machine,0.0,0.0,0.0,0.0,N
rollout_51,2026-09-12T22:48:12,sac_Ant-v5_seed85062,f5baebbd-825a-427a-a642-f3bf0e8b79c1,0.3441585059990757,4.699049660542975e-06,1.3653425421378787e-05,31.420528930766384,70.84112477262109,20.0,3.3225615469339997e-06,7.098061234028785e-06,1.914459672227361e-06,1.233508245319058e-05,0.0,Germany,DEU,baden-wurttemberg,,,Linux-7.0.0-31-generic-x86_64-with-glibc2.43,3.14.4,3.3.0,24,Intel(R) Core(TM) Ultra 9 285K,1,1 x NVIDIA GeForce RTX 5090,9.2986,48.7383,60.816158294677734,machine,0.0,0.0,0.0,0.0,N
gradient_updates_51,2026-09-12T22:48:16,sac_Ant-v5_seed85062,f5baebbd-825a-427a-a642-f3bf0e8b79c1,4.193334319001224,5.256235060342772e-05,1.2534768934401504e-05,31.43279928124292,70.85829473765783,20.0,3.0063135439378774e-05,8.46264565899646e-05,2.3287440661109255e-05,0.00013797703269045197,0.0,Germany,DEU,baden-wurttemberg,,,Linux-7.0.0-31-generic-x86_64-with-glibc2.43,3.14.4,3.3.0,24,Intel(R) Core(TM) Ultra 9 285K,1,1 x NVIDIA GeForce RTX 5090,9.2986,48.7383,60.816158294677734,machine,0.0,0.0,0.0,0.0,N
rollout_52,2026-09-12T22:48:16,sac_Ant-v5_seed85062,f5baebbd-825a-427a-a642-f3bf0e8b79c1,0.3509863290000794,3.75018284037203e-06,1.0684394589307185e-05,31.392253415046607,70.70013061490846,20.0,2.6531935114412764e-06,5.241948638018412e-06,1.949149333338668e-06,9.84429148279814e-06,0.0,Germany,DEU,baden-wurttemberg,,,Linux-7.0.0-31-generic-x86_64-with-glibc2.43,3.14.4,3.3.0,24,Intel(R) Core(TM) Ultra 9 285K,1,1 x NVIDIA GeForce RTX 5090,9.2986,48.7383,60.816158294677734,machine,0.0,0.0,0.0,0.0,N
gradient_updates_52,2026-09-12T22:48:20,sac_Ant-v5_seed85062,f5baebbd-825a-427a-a642-f3bf0e8b79c1,4.145902360998662,5.3152004650992585e-05,1.2820389738580414e-05,31.353491897596083,70.72604010117982,20.0,3.182482740428719e-05,8.466895662398444e-05,2.3031100211109122e-05,0.0001395248842393816,0.0,Germany,DEU,baden-wurttemberg,,,Linux-7.0.0-31-generic-x86_64-with-glibc2.43,3.14.4,3.3.0,24,Intel(R) Core(TM) Ultra 9 285K,1,1 x NVIDIA GeForce RTX 5090,9.2986,48.7383,60.816158294677734,machine,0.0,0.0,0.0,0.0,N
rollout_53,2026-09-12T22:48:21,sac_Ant-v5_seed85062,f5baebbd-825a-427a-a642-f3bf0e8b79c1,0.3443564239987609,3.9773369681223025e-06,1.1549865874395242e-05,31.38157125420912,70.57874802190068,20.0,3.3141862624576357e-06,5.2141708380137874e-06,1.912217694441864e-06,1.0440574794913504e-05,0.0,Germany,DEU,baden-wurttemberg,,,Linux-7.0.0-31-generic-x86_64-with-glibc2.43,3.14.4,3.3.0,24,Intel(R) Core(TM) Ultra 9 285K,1,1 x NVIDIA GeForce RTX 5090,9.2986,48.7383,60.816158294677734,machine,0.0,0.0,0.0,0.0,N
gradient_updates_53,2026-09-12T22:48:25,sac_Ant-v5_seed85062,f5baebbd-825a-427a-a642-f3bf0e8b79c1,4.133889352000551,5.218781692088725e-05,1.2624411555407956e-05,31.396595517991678,70.58989127628526,20.0,3.1567446087267526e-05,8.246201041400836e-05,2.2964419127775772e-05,0.0001369938756290521,0.0,Germany,DEU,baden-wurttemberg,,,Linux-7.0.0-31-generic-x86_64-with-glibc2.43,3.14.4,3.3.0,24,Intel(R) Core(TM) Ultra 9 285K,1,1 x NVIDIA GeForce RTX 5090,9.2986,48.7383,60.816158294677734,machine,0.0,0.0,0.0,0.0,N
rollout_54,2026-09-12T22:48:25,sac_Ant-v5_seed85062,f5baebbd-825a-427a-a642-f3bf0e8b79c1,0.3471820150007261,4.748895289620383e-06,1.3677243859840246e-05,31.427570636291147,70.6224650673684,20.0,3.3819182610854426e-06,7.156394613988537e-06,1.9276151722300884e-06,1.2465928047303634e-05,0.0,Germany,DEU,baden-wurttemberg,,,Linux-7.0.0-31-generic-x86_64-with-glibc2.43,3.14.4,3.3.0,24,Intel(R) Core(TM) Ultra 9 285K,1,1 x NVIDIA GeForce RTX 5090,9.2986,48.7383,60.816158294677734,machine,0.0,0.0,0.0,0.0,N
gradient_updates_54,2026-09-12T22:48:29,sac_Ant-v5_seed85062,f5baebbd-825a-427a-a642-f3bf0e8b79c1,4.125047933999667,5.223382017300422e-05,1.2662622849045453e-05,31.44499964393907,70.63583058839141,20.0,3.1551068018612766e-05,8.264839945198998e-05,2.291516745000187e-05,0.00013711463492060462,0.0,Germany,DEU,baden-wurttemberg,,,Linux-7.0.0-31-generic-x86_64-with-glibc2.43,3.14.4,3.3.0,24,Intel(R) Core(TM) Ultra 9 285K,1,1 x NVIDIA GeForce RTX 5090,9.2986,48.7383,60.816158294677734,machine,0.0,0.0,0.0,0.0,N
rollout_55,2026-09-12T22:48:30,sac_Ant-v5_seed85062,f5baebbd-825a-427a-a642-f3bf0e8b79c1,0.34542479800074943,4.725094728093987e-06,1.3678781050202264e-05,31.469409774268055,70.67302617265963,20.0,3.3034881983425024e-06,7.18195019003276e-06,1.9180127944411294e-06,1.2403451182816175e-05,0.0,Germany,DEU,baden-wurttemberg,,,Linux-7.0.0-31-generic-x86_64-with-glibc2.43,3.14.4,3.3.0,24,Intel(R) Core(TM) Ultra 9 285K,1,1 x NVIDIA GeForce RTX 5090,9.2986,48.7383,60.816158294677734,machine,0.0,0.0,0.0,0.0,N
gradient_updates_55,2026-09-12T22:48:34,sac_Ant-v5_seed85062,f5baebbd-825a-427a-a642-f3bf0e8b79c1,4.139009661999808,5.221060517318415e-05,1.2614292000453942e-05,31.481667522816057,70.68207141636242,20.0,3.161432418033114e-05,8.244645484598023e-05,2.299291613889077e-05,0.000137053695165203,0.0,Germany,DEU,baden-wurttemberg,,,Linux-7.0.0-31-generic-x86_64-with-glibc2.43,3.14.4,3.3.0,24,Intel(R) Core(TM) Ultra 9 285K,1,1 x NVIDIA GeForce RTX 5090,9.2986,48.7383,60.816158294677734,machine,0.0,0.0,0.0,0.0,N
rollout_56,2026-09-12T22:48:34,sac_Ant-v5_seed85062,f5baebbd-825a-427a-a642-f3bf0e8b79c1,0.34025113200004853,3.977939223703212e-06,1.1690981832363192e-05,31.503487628727765,70.55810954626696,20.0,3.2335011979113537e-06,5.319448699997453e-06,1.889205827784431e-06,1.0442155725693889e-05,0.0,Germany,DEU,baden-wurttemberg,,,Linux-7.0.0-31-generic-x86_64-with-glibc2.43,3.14.4,3.3.0,24,Intel(R) Core(TM) Ultra 9 285K,1,1 x NVIDIA GeForce RTX 5090,9.2986,48.7383,60.816158294677734,machine,0.0,0.0,0.0,0.0,N
gradient_updates_56,2026-09-12T22:48:38,sac_Ant-v5_seed85062,f5baebbd-825a-427a-a642-f3bf0e8b79c1,4.162649482001143,5.179700236794017e-05,1.244330401533788e-05,31.511796576722443,70.56414704439652,20.0,3.0456065753720063e-05,8.239006591201359e-05,2.3121849349991026e-05,0.00013596798101572424,0.0,Germany,DEU,baden-wurttemberg,,,Linux-7.0.0-31-generic-x86_64-with-glibc2.43,3.14.4,3.3.0,24,Intel(R) Core(TM) Ultra 9 285K,1,1 x NVIDIA GeForce RTX 5090,9.2986,48.7383,60.816158294677734,machine,0.0,0.0,0.0,0.0,N
rollout_57,2026-09-12T22:48:39,sac_Ant-v5_seed85062,f5baebbd-825a-427a-a642-f3bf0e8b79c1,0.35756023899921274,4.516624351890916e-06,1.2631737513457816e-05,31.476435029957397,70.57858851982242,20.0,2.7307419068166305e-06,7.147783496003202e-06,1.977687622224363e-06,1.1856213025044846e-05,0.0,Germany,DEU,baden-wurttemberg,,,Linux-7.0.0-31-generic-x86_64-with-glibc2.43,3.14.4,3.3.0,24,Intel(R) Core(TM) Ultra 9 285K,1,1 x NVIDIA GeForce RTX 5090,9.2986,48.7383,60.816158294677734,machine,0.0,0.0,0.0,0.0,N
gradient_updates_57,2026-09-12T22:48:43,sac_Ant-v5_seed85062,f5baebbd-825a-427a-a642-f3bf0e8b79c1,4.159984131998499,5.167278072914453e-05,1.2421412762412081e-05,31.439358711250176,70.58557134366143,20.0,3.001873262607757e-05,8.251367712200364e-05,2.3109487427781404e-05,0.00013564189717586196,0.0,Germany,DEU,baden-wurttemberg,,,Linux-7.0.0-31-generic-x86_64-with-glibc2.43,3.14.4,3.3.0,24,Intel(R) Core(TM) Ultra 9 285K,1,1 x NVIDIA GeForce RTX 5090,9.2986,48.7383,60.816158294677734,machine,0.0,0.0,0.0,0.0,N
rollout_58,2026-09-12T22:48:43,sac_Ant-v5_seed85062,f5baebbd-825a-427a-a642-f3bf0e8b79c1,0.3547345900005894,4.512487491612101e-06,1.271985994713647e-05,31.404611493324648,70.6061718038923,20.0,2.7023099396263073e-06,7.178339075986084e-06,1.9647046833293994e-06,1.1845353698941574e-05,0.0,Germany,DEU,baden-wurttemberg,,,Linux-7.0.0-31-generic-x86_64-with-glibc2.43,3.14.4,3.3.0,24,Intel(R) Core(TM) Ultra 9 285K,1,1 x NVIDIA GeForce RTX 5090,9.2986,48.7383,60.816158294677734,machine,0.0,0.0,0.0,0.0,N
gradient_updates_58,2026-09-12T22:48:47,sac_Ant-v5_seed85062,f5baebbd-825a-427a-a642-f3bf0e8b79c1,4.157322535000276,5.259795668701578e-05,1.2651909549689276e-05,31.36964331390132,70.62410414543355,20.0,3.095063614937804e-05,8.402812277799598e-05,2.3091740316663698e-05,0.0001380704992440373,0.0,Germany,DEU,baden-wurttemberg,,,Linux-7.0.0-31-generic-x86_64-with-glibc2.43,3.14.4,3.3.0,24,Intel(R) Core(TM) Ultra 9 285K,1,1 x NVIDIA GeForce RTX 5090,9.2986,48.7383,60.816158294677734,machine,0.0,0.0,0.0,0.0,N
rollout_59,2026-09-12T22:48:48,sac_Ant-v5_seed85062,f5baebbd-825a-427a-a642-f3bf0e8b79c1,0.35748840999985987,3.706711369511062e-06,1.036846482705561e-05,31.324684318271967,70.47383529247914,20.0,2.58546151281e-06,5.16833746799783e-06,1.976379177772835e-06,9.730178158581099e-06,0.0,Germany,DEU,baden-wurttemberg,,,Linux-7.0.0-31-generic-x86_64-with-glibc2.43,3.14.4,3.3.0,24,Intel(R) Core(TM) Ultra 9 285K,1,1 x NVIDIA GeForce RTX 5090,9.2986,48.7383,60.816158294677734,machine,0.0,0.0,0.0,0.0,N
gradient_updates_59,2026-09-12T22:48:52,sac_Ant-v5_seed85062,f5baebbd-825a-427a-a642-f3bf0e8b79c1,4.13178017500104,5.186520848795336e-05,1.2552774180415748e-05,31.283211342957163,70.47840901799646,20.0,3.1668340056873606e-05,8.152589855400794e-05,2.295278458889008e-05,0.00013614702319977162,0.0,Germany,DEU,baden-wurttemberg,,,Linux-7.0.0-31-generic-x86_64-with-glibc2.43,3.14.4,3.3.0,24,Intel(R) Core(TM) Ultra 9 285K,1,1 x NVIDIA GeForce RTX 5090,9.2986,48.7383,60.816158294677734,machine,0.0,0.0,0.0,0.0,N
rollout_60,2026-09-12T22:48:52,sac_Ant-v5_seed85062,f5baebbd-825a-427a-a642-f3bf0e8b79c1,0.3556554039987532,4.098665029034568e-06,1.1524246147364429e-05,31.32064093960276,70.33634706593874,20.0,3.569193966466294e-06,5.216670839996995e-06,1.973198138896081e-06,1.0759062945359804e-05,0.0,Germany,DEU,baden-wurttemberg,,,Linux-7.0.0-31-generic-x86_64-with-glibc2.43,3.14.4,3.3.0,24,Intel(R) Core(TM) Ultra 9 285K,1,1 x NVIDIA GeForce RTX 5090,9.2986,48.7383,60.816158294677734,machine,0.0,0.0,0.0,0.0,N
gradient_updates_60,2026-09-12T22:48:57,sac_Ant-v5_seed85062,f5baebbd-825a-427a-a642-f3bf0e8b79c1,4.217515465999895,5.294555121756767e-05,1.2553732052813621e-05,31.34340206537499,70.34542456977421,20.0,3.180688988993485e-05,8.374256699400506e-05,2.3433483705553697e-05,0.00013898294058949275,0.0,Germany,DEU,baden-wurttemberg,,,Linux-7.0.0-31-generic-x86_64-with-glibc2.43,3.14.4,3.3.0,24,Intel(R) Core(TM) Ultra 9 285K,1,1 x NVIDIA GeForce RTX 5090,9.2986,48.7383,60.816158294677734,machine,0.0,0.0,0.0,0.0,N
rollout_61,2026-09-12T22:48:57,sac_Ant-v5_seed85062,f5baebbd-825a-427a-a642-f3bf0e8b79c1,0.3589996009995957,4.753816085127996e-06,1.3241472412952938e-05,31.36745263158022,70.3475098022769,20.0,3.4472424800154056e-06,7.038338964010515e-06,1.9932637722176565e-06,1.2478845216244011e-05,0.0,Germany,DEU,baden-wurttemberg,,,Linux-7.0.0-31-generic-x86_64-with-glibc2.43,3.14.4,3.3.0,24,Intel(R) Core(TM) Ultra 9 285K,1,1 x NVIDIA GeForce RTX 5090,9.2986,48.7383,60.816158294677734,machine,0.0,0.0,0.0,0.0,N
gradient_updates_61,2026-09-12T22:49:01,sac_Ant-v5_seed85062,f5baebbd-825a-427a-a642-f3bf0e8b79c1,4.142238602998987,5.199350260975868e-05,1.2552051075499828e-05,31.380423148878577,70.35295199395901,20.0,3.17474484534952e-05,8.172756538196713e-05,2.300878353888843e-05,0.00013648379737435032,0.0,Germany,DEU,baden-wurttemberg,,,Linux-7.0.0-31-generic-x86_64-with-glibc2.43,3.14.4,3.3.0,24,Intel(R) Core(TM) Ultra 9 285K,1,1 x NVIDIA GeForce RTX 5090,9.2986,48.7383,60.816158294677734,machine,0.0,0.0,0.0,0.0,N
rollout_62,2026-09-12T22:49:01,sac_Ant-v5_seed85062,f5baebbd-825a-427a-a642-f3bf0e8b79c1,0.3440815640005894,4.690644289583393e-06,1.3631559161310994e-05,31.40204578742438,70.38549819996207,20.0,3.282871792961023e-06,7.119727918003527e-06,1.910418505556531e-06,1.2313018216520213e-05,0.0,Germany,DEU,baden-wurttemberg,,,Linux-7.0.0-31-generic-x86_64-with-glibc2.43,3.14.4,3.3.0,24,Intel(R) Core(TM) Ultra 9 285K,1,1 x NVIDIA GeForce RTX 5090,9.2986,48.7383,60.816158294677734,machine,0.0,0.0,0.0,0.0,N
gradient_updates_62,2026-09-12T22:49:06,sac_Ant-v5_seed85062,f5baebbd-825a-427a-a642-f3bf0e8b79c1,4.166438338001171,5.165121767177101e-05,1.2396982974335342e-05,31.411461782526107,70.3875767346977,20.0,3.067396065025915e-05,8.176617652400076e-05,2.3145156622225195e-05,0.00013558529379648597,0.0,Germany,DEU,baden-wurttemberg,,,Linux-7.0.0-31-generic-x86_64-with-glibc2.43,3.14.4,3.3.0,24,Intel(R) Core(TM) Ultra 9 285K,1,1 x NVIDIA GeForce RTX 5090,9.2986,48.7383,60.816158294677734,machine,0.0,0.0,0.0,0.0,N
rollout_63,2026-09-12T22:49:06,sac_Ant-v5_seed85062,f5baebbd-825a-427a-a642-f3bf0e8b79c1,0.34193576799953007,3.95290388478884e-06,1.1560171395657708e-05,31.43484214927243,70.26683516830275,20.0,3.2915184665499586e-06,5.188059705979464e-06,1.8968593777776363e-06,1.0376437550306192e-05,0.0,Germany,DEU,baden-wurttemberg,,,Linux-7.0.0-31-generic-x86_64-with-glibc2.43,3.14.4,3.3.0,24,Intel(R) Core(TM) Ultra 9 285K,1,1 x NVIDIA GeForce RTX 5090,9.2986,48.7383,60.816158294677734,machine,0.0,0.0,0.0,0.0,N
gradient_updates_63,2026-09-12T22:49:10,sac_Ant-v5_seed85062,f5baebbd-825a-427a-a642-f3bf0e8b79c1,4.184412368000267,5.223271786269912e-05,1.2482715869124042e-05,31.445136174428438,70.27886475837055,20.0,3.0366632071066046e-05,8.350034457801914e-05,2.324476468888335e-05,0.00013711174133796897,0.0,Germany,DEU,baden-wurttemberg,,,Linux-7.0.0-31-generic-x86_64-with-glibc2.43,3.14.4,3.3.0,24,Intel(R) Core(TM) Ultra 9 285K,1,1 x NVIDIA GeForce RTX 5090,9.2986,48.7383,60.816158294677734,machine,0.0,0.0,0.0,0.0,N
rollout_64,2026-09-12T22:49:10,sac_Ant-v5_seed85062,f5baebbd-825a-427a-a642-f3bf0e8b79c1,0.357330444998297,3.7719332677717266e-06,1.0555620052384213e-05,31.41311616297054,70.14348133464293,20.0,2.7169749513555885e-06,5.2002819379837195e-06,1.984129822226767e-06,9.901386711566942e-06,0.0,Germany,DEU,baden-wurttemberg,,,Linux-7.0.0-31-generic-x86_64-with-glibc2.43,3.14.4,3.3.0,24,Intel(R) Core(TM) Ultra 9 285K,1,1 x NVIDIA GeForce RTX 5090,9.2986,48.7383,60.816158294677734,machine,0.0,0.0,0.0,0.0,N
gradient_updates_64,2026-09-12T22:49:15,sac_Ant-v5_seed85062,f5baebbd-825a-427a-a642-f3bf0e8b79c1,4.157406795000497,5.258710106258082e-05,1.2649035467033485e-05,31.381987608667895,70.15769400996544,20.0,3.176306318820876e-05,8.318367765802748e-05,2.30952622055562e-05,0.00013804200305179287,0.0,Germany,DEU,baden-wurttemberg,,,Linux-7.0.0-31-generic-x86_64-with-glibc2.43,3.14.4,3.3.0,24,Intel(R) Core(TM) Ultra 9 285K,1,1 x NVIDIA GeForce RTX 5090,9.2986,48.7383,60.816158294677734,machine,0.0,0.0,0.0,0.0,N
rollout_65,2026-09-12T22:49:15,sac_Ant-v5_seed85062,f5baebbd-825a-427a-a642-f3bf0e8b79c1,0.3429654510000546,3.963222198710009e-06,1.1555383652626241e-05,31.4037859005689,70.04248815087978,20.0,3.2873476298773963e-06,5.2116708359750685e-06,1.9045048277803282e-06,1.0403523293633227e-05,0.0,Germany,DEU,baden-wurttemberg,,,Linux-7.0.0-31-generic-x86_64-with-glibc2.43,3.14.4,3.3.0,24,Intel(R) Core(TM) Ultra 9 285K,1,1 x NVIDIA GeForce RTX 5090,9.2986,48.7383,60.816158294677734,machine,0.0,0.0,0.0,0.0,N
gradient_updates_65,2026-09-12T22:49:19,sac_Ant-v5_seed85062,f5baebbd-825a-427a-a642-f3bf0e8b79c1,4.205365406000055,5.254970524241117e-05,1.2495877702725757e-05,31.412165664435445,70.0615544879894,20.0,2.975929936297611e-05,8.482312341401288e-05,2.3361415633331092e-05,0.00013794383841032008,0.0,Germany,DEU,baden-wurttemberg,,,Linux-7.0.0-31-generic-x86_64-with-glibc2.43,3.14.4,3.3.0,24,Intel(R) Core(TM) Ultra 9 285K,1,1 x NVIDIA GeForce RTX 5090,9.2986,48.7383,60.816158294677734,machine,0.0,0.0,0.0,0.0,N
rollout_66,2026-09-12T22:49:20,sac_Ant-v5_seed85062,f5baebbd-825a-427a-a642-f3bf0e8b79c1,0.34505618599905574,3.992924666336092e-06,1.1571495731913583e-05,31.44486028625373,69.93859992902522,20.0,3.4567030431364998e-06,5.1094485319924665e-06,1.9153411833332246e-06,1.0481492758462191e-05,0.0,Germany,DEU,baden-wurttemberg,,,Linux-7.0.0-31-generic-x86_64-with-glibc2.43,3.14.4,3.3.0,24,Intel(R) Core(TM) Ultra 9 285K,1,1 x NVIDIA GeForce RTX 5090,9.2986,48.7383,60.816158294677734,machine,0.0,0.0,0.0,0.0,N
gradient_updates_66,2026-09-12T22:49:24,sac_Ant-v5_seed85062,f5baebbd-825a-427a-a642-f3bf0e8b79c1,4.173764168999696,5.206882036963047e-05,1.2475273465102146e-05,31.463263981314743,69.94991124357618,20.0,3.0617740605285576e-05,8.287784407998156e-05,2.3185923044436677e-05,0.00013668150772970337,0.0,Germany,DEU,baden-wurttemberg,,,Linux-7.0.0-31-generic-x86_64-with-glibc2.43,3.14.4,3.3.0,24,Intel(R) Core(TM) Ultra 9 285K,1,1 x NVIDIA GeForce RTX 5090,9.2986,48.7383,60.816158294677734,machine,0.0,0.0,0.0,0.0,N
rollout_67,2026-09-12T22:49:24,sac_Ant-v5_seed85062,f5baebbd-825a-427a-a642-f3bf0e8b79c1,0.3477071089982928,3.978433589357962e-06,1.144182139583383e-05,31.48512237215325,69.83055813211826,20.0,3.349552679641349e-06,5.163337464003659e-06,1.930563300003244e-06,1.0443453443647818e-05,0.0,Germany,DEU,baden-wurttemberg,,,Linux-7.0.0-31-generic-x86_64-with-glibc2.43,3.14.4,3.3.0,24,Intel(R) Core(TM) Ultra 9 285K,1,1 x NVIDIA GeForce RTX 5090,9.2986,48.7383,60.816158294677734,machine,0.0,0.0,0.0,0.0,N
gradient_updates_67,2026-09-12T22:49:28,sac_Ant-v5_seed85062,f5baebbd-825a-427a-a642-f3bf0e8b79c1,4.163577380000788,5.204455706307124e-05,1.2499980984009263e-05,31.495108038400417,69.84380171705128,20.0,3.060156642567882e-05,8.28870107540125e-05,2.312923897222069e-05,0.00013661781615191201,0.0,Germany,DEU,baden-wurttemberg,,,Linux-7.0.0-31-generic-x86_64-with-glibc2.43,3.14.4,3.3.0,24,Intel(R) Core(TM) Ultra 9 285K,1,1 x NVIDIA GeForce RTX 5090,9.2986,48.7383,60.816158294677734,machine,0.0,0.0,0.0,0.0,N
rollout_68,2026-09-12T22:49:29,sac_Ant-v5_seed85062,f5baebbd-825a-427a-a642-f3bf0e8b79c1,0.3582454650004365,4.4435947804876905e-06,1.2403393638152674e-05,31.46340229651467,69.84544830199884,20.0,2.70771827728597e-06,6.968338908008853e-06,1.9884520166667946e-06,1.1664509201961618e-05,0.0,Germany,DEU,baden-wurttemberg,,,Linux-7.0.0-31-generic-x86_64-with-glibc2.43,3.14.4,3.3.0,24,Intel(R) Core(TM) Ultra 9 285K,1,1 x NVIDIA GeForce RTX 5090,9.2986,48.7383,60.816158294677734,machine,0.0,0.0,0.0,0.0,N
gradient_updates_68,2026-09-12T22:49:33,sac_Ant-v5_seed85062,f5baebbd-825a-427a-a642-f3bf0e8b79c1,4.14289376600027,5.173150124217381e-05,1.2486825870932175e-05,31.43289771859451,69.84941274931631,20.0,3.176192735396266e-05,8.101923148198797e-05,2.3014880650003462e-05,0.00013579603948595323,0.0,Germany,DEU,baden-wurttemberg,,,Linux-7.0.0-31-generic-x86_64-with-glibc2.43,3.14.4,3.3.0,24,Intel(R) Core(TM) Ultra 9 285K,1,1 x NVIDIA GeForce RTX 5090,9.2986,48.7383,60.816158294677734,machine,0.0,0.0,0.0,0.0,N
rollout_69,2026-09-12T22:49:33,sac_Ant-v5_seed85062,f5baebbd-825a-427a-a642-f3bf0e8b79c1,0.3484204659998795,4.702630710001245e-06,1.3497016166034555e-05,31.46283864352093,69.86239108501188,20.0,3.4734369454142433e-06,6.936394438022964e-06,1.9346513833321324e-06,1.2344482766770207e-05,0.0,Germany,DEU,baden-wurttemberg,,,Linux-7.0.0-31-generic-x86_64-with-glibc2.43,3.14.4,3.3.0,24,Intel(R) Core(TM) Ultra 9 285K,1,1 x NVIDIA GeForce RTX 5090,9.2986,48.7383,60.816158294677734,machine,0.0,0.0,0.0,0.0,N
gradient_updates_69,2026-09-12T22:49:37,sac_Ant-v5_seed85062,f5baebbd-825a-427a-a642-f3bf0e8b79c1,4.228711993999241,5.1833562271829184e-05,1.2257567197204612e-05,31.477872664494594,69.86684466746163,20.0,2.9762995754818028e-05,8.28092329139829e-05,2.3491722694446437e-05,0.00013606395136324737,0.0,Germany,DEU,baden-wurttemberg,,,Linux-7.0.0-31-generic-x86_64-with-glibc2.43,3.14.4,3.3.0,24,Intel(R) Core(TM) Ultra 9 285K,1,1 x NVIDIA GeForce RTX 5090,9.2986,48.7383,60.816158294677734,machine,0.0,0.0,0.0,0.0,N
rollout_70,2026-09-12T22:49:38,sac_Ant-v5_seed85062,f5baebbd-825a-427a-a642-f3bf0e8b79c1,0.3537508320005145,4.043509235253373e-06,1.1429661556344953e-05,31.500237287359923,69.75095539534476,20.0,3.4288813542115992e-06,5.221948622013972e-06,1.963448105551588e-06,1.061427808177716e-05,0.0,Germany,DEU,baden-wurttemberg,,,Linux-7.0.0-31-generic-x86_64-with-glibc2.43,3.14.4,3.3.0,24,Intel(R) Core(TM) Ultra 9 285K,1,1 x NVIDIA GeForce RTX 5090,9.2986,48.7383,60.816158294677734,machine,0.0,0.0,0.0,0.0,N
gradient_updates_70,2026-09-12T22:49:42,sac_Ant-v5_seed85062,f5baebbd-825a-427a-a642-f3bf0e8b79c1,4.297678601000371,5.2512878044614665e-05,1.2218905442436326e-05,31.508256504029337,69.75917578480536,20.0,2.9287413707692472e-05,8.468590108198781e-05,2.387385162222304e-05,0.00013784716641190332,0.0,Germany,DEU,baden-wurttemberg,,,Linux-7.0.0-31-generic-x86_64-with-glibc2.43,3.14.4,3.3.0,24,Intel(R) Core(TM) Ultra 9 285K,1,1 x NVIDIA GeForce RTX 5090,9.2986,48.7383,60.816158294677734,machine,0.0,0.0,0.0,0.0,N
rollout_71,2026-09-12T22:49:42,sac_Ant-v5_seed85062,f5baebbd-825a-427a-a642-f3bf0e8b79c1,0.3492740000001504,4.702982492901797e-06,1.3464790565110782e-05,31.528913183667438,69.7783631122673,20.0,3.368880195100954e-06,7.037227852002559e-06,1.939298155553479e-06,1.2345406202656992e-05,0.0,Germany,DEU,baden-wurttemberg,,,Linux-7.0.0-31-generic-x86_64-with-glibc2.43,3.14.4,3.3.0,24,Intel(R) Core(TM) Ultra 9 285K,1,1 x NVIDIA GeForce RTX 5090,9.2986,48.7383,60.816158294677734,machine,0.0,0.0,0.0,0.0,N
gradient_updates_71,2026-09-12T22:49:47,sac_Ant-v5_seed85062,f5baebbd-825a-427a-a642-f3bf0e8b79c1,4.230669383001441,5.181616341483602e-05,1.224777037055031e-05,31.537062362590905,69.7811466951929,20.0,3.0028870967521715e-05,8.248562154400396e-05,2.3503786566662736e-05,0.00013601827907818928,0.0,Germany,DEU,baden-wurttemberg,,,Linux-7.0.0-31-generic-x86_64-with-glibc2.43,3.14.4,3.3.0,24,Intel(R) Core(TM) Ultra 9 285K,1,1 x NVIDIA GeForce RTX 5090,9.2986,48.7383,60.816158294677734,machine,0.0,0.0,0.0,0.0,N
rollout_72,2026-09-12T22:49:47,sac_Ant-v5_seed85062,f5baebbd-825a-427a-a642-f3bf0e8b79c1,0.3582797569997638,4.457847870692304e-06,1.244204874270336e-05,31.50599467694366,69.78607708361793,20.0,2.6964435460470615e-06,7.015838945995112e-06,1.989641305549881e-06,1.170192379759162e-05,0.0,Germany,DEU,baden-wurttemberg,,,Linux-7.0.0-31-generic-x86_64-with-glibc2.43,3.14.4,3.3.0,24,Intel(R) Core(TM) Ultra 9 285K,1,1 x NVIDIA GeForce RTX 5090,9.2986,48.7383,60.816158294677734,machine,0.0,0.0,0.0,0.0,N
gradient_updates_72,2026-09-12T22:49:51,sac_Ant-v5_seed85062,f5baebbd-825a-427a-a642-f3bf0e8b79c1,4.207924977001312,5.222054498539488e-05,1.241007490798814e-05,31.474853174395527,69.79217022342291,20.0,3.107555430486783e-05,8.26283994360133e-05,2.3375833594450803e-05,0.00013707978733533237,0.0,Germany,DEU,baden-wurttemberg,,,Linux-7.0.0-31-generic-x86_64-with-glibc2.43,3.14.4,3.3.0,24,Intel(R) Core(TM) Ultra 9 285K,1,1 x NVIDIA GeForce RTX 5090,9.2986,48.7383,60.816158294677734,machine,0.0,0.0,0.0,0.0,N
rollout_73,2026-09-12T22:49:51,sac_Ant-v5_seed85062,f5baebbd-825a-427a-a642-f3bf0e8b79c1,0.34871772099904774,4.126617116659119e-06,1.1833926849615234e-05,31.51800763827606,69.6849439165341,20.0,3.6969437908832004e-06,5.1997263819658635e-06,1.935767461115276e-06,1.083243763396434e-05,0.0,Germany,DEU,baden-wurttemberg,,,Linux-7.0.0-31-generic-x86_64-with-glibc2.43,3.14.4,3.3.0,24,Intel(R) Core(TM) Ultra 9 285K,1,1 x NVIDIA GeForce RTX 5090,9.2986,48.7383,60.816158294677734,machine,0.0,0.0,0.0,0.0,N
gradient_updates_73,2026-09-12T22:49:56,sac_Ant-v5_seed85062,f5baebbd-825a-427a-a642-f3bf0e8b79c1,4.174139845999889,5.1907432048708783e-05,1.2435493751602862e-05,31.54572242028894,69.69224484165214,20.0,3.09991078548226e-05,8.207117676800602e-05,2.3187576116662223e-05,0.00013625786073949084,0.0,Germany,DEU,baden-wurttemberg,,,Linux-7.0.0-31-generic-x86_64-with-glibc2.43,3.14.4,3.3.0,24,Intel(R) Core(TM) Ultra 9 285K,1,1 x NVIDIA GeForce RTX 5090,9.2986,48.7383,60.816158294677734,machine,0.0,0.0,0.0,0.0,N
rollout_74,2026-09-12T22:49:56,sac_Ant-v5_seed85062,f5baebbd-825a-427a-a642-f3bf0e8b79c1,0.3487333329994726,4.6593476945959444e-06,1.3359866994723112e-05,31.564487567491117,69.70547276839743,20.0,3.351231292095247e-06,6.943338888010242e-06,1.936293961110353e-06,1.2230864141215408e-05,0.0,Germany,DEU,baden-wurttemberg,,,Linux-7.0.0-31-generic-x86_64-with-glibc2.43,3.14.4,3.3.0,24,Intel(R) Core(TM) Ultra 9 285K,1,1 x NVIDIA GeForce RTX 5090,9.2986,48.7383,60.816158294677734,machine,0.0,0.0,0.0,0.0,N
gradient_updates_74,2026-09-12T22:50:00,sac_Ant-v5_seed85062,f5baebbd-825a-427a-a642-f3bf0e8b79c1,3.9039053169999534,4.828238621410255e-05,1.2367734858841843e-05,31.568930592819402,69.71449120483643,20.0,2.7973753212322955e-05,7.708172833198468e-05,2.168657440556167e-05,0.00012674205594986887,0.0,Germany,DEU,baden-wurttemberg,,,Linux-7.0.0-31-generic-x86_64-with-glibc2.43,3.14.4,3.3.0,24,Intel(R) Core(TM) Ultra 9 285K,1,1 x NVIDIA GeForce RTX 5090,9.2986,48.7383,60.816158294677734,machine,0.0,0.0,0.0,0.0,N
rollout_75,2026-09-12T22:50:00,sac_Ant-v5_seed85062,f5baebbd-825a-427a-a642-f3bf0e8b79c1,0.34557766299985815,3.9507684125410225e-06,1.1432264893639052e-05,31.585560342461022,69.61077695867546,20.0,3.2951806916980964e-06,5.1569485700342366e-06,1.9187026388863687e-06,1.0370831900618702e-05,0.0,Germany,DEU,baden-wurttemberg,,,Linux-7.0.0-31-generic-x86_64-with-glibc2.43,3.14.4,3.3.0,24,Intel(R) Core(TM) Ultra 9 285K,1,1 x NVIDIA GeForce RTX 5090,9.2986,48.7383,60.816158294677734,machine,0.0,0.0,0.0,0.0,N
gradient_updates_75,2026-09-12T22:50:04,sac_Ant-v5_seed85062,f5baebbd-825a-427a-a642-f3bf0e8b79c1,3.9082861589995446,4.838145378969084e-05,1.237922314085098e-05,31.58881426294892,69.6198056210859,20.0,2.8207313954725644e-05,7.708450611196294e-05,2.1710289894437754e-05,0.00012700210996112633,0.0,Germany,DEU,baden-wurttemberg,,,Linux-7.0.0-31-generic-x86_64-with-glibc2.43,3.14.4,3.3.0,24,Intel(R) Core(TM) Ultra 9 285K,1,1 x NVIDIA GeForce RTX 5090,9.2986,48.7383,60.816158294677734,machine,0.0,0.0,0.0,0.0,N
rollout_76,2026-09-12T22:50:04,sac_Ant-v5_seed85062,f5baebbd-825a-427a-a642-f3bf0e8b79c1,0.33930842300105724,4.608034908680676e-06,1.3580384158050682e-05,31.604258626721304,69.64898441780976,20.0,3.223464523215147e-06,6.988616702008343e-06,1.8840860111089992e-06,1.2096167236332056e-05,0.0,Germany,DEU,baden-wurttemberg,,,Linux-7.0.0-31-generic-x86_64-with-glibc2.43,3.14.4,3.3.0,24,Intel(R) Core(TM) Ultra 9 285K,1,1 x NVIDIA GeForce RTX 5090,9.2986,48.7383,60.816158294677734,machine,0.0,0.0,0.0,0.0,N
gradient_updates_76,2026-09-12T22:50:09,sac_Ant-v5_seed85062,f5baebbd-825a-427a-a642-f3bf0e8b79c1,4.064610117999109,4.975474264990332e-05,1.2240996235684025e-05,31.60959788243339,69.64772350919411,20.0,2.9618122027813554e-05,7.84095071720281e-05,2.257938655000338e-05,0.00013060701574984547,0.0,Germany,DEU,baden-wurttemberg,,,Linux-7.0.0-31-generic-x86_64-with-glibc2.43,3.14.4,3.3.0,24,Intel(R) Core(TM) Ultra 9 285K,1,1 x NVIDIA GeForce RTX 5090,9.2986,48.7383,60.816158294677734,machine,0.0,0.0,0.0,0.0,N
rollout_77,2026-09-12T22:50:09,sac_Ant-v5_seed85062,f5baebbd-825a-427a-a642-f3bf0e8b79c1,0.34537819199977093,3.934235501811337e-06,1.1390690633707576e-05,31.631127713404027,69.53889108990512,20.0,3.378662980703384e-06,5.030837358005469e-06,1.9179324000006756e-06,1.0327432738708661e-05,0.0,Germany,DEU,baden-wurttemberg,,,Linux-7.0.0-31-generic-x86_64-with-glibc2.43,3.14.4,3.3.0,24,Intel(R) Core(TM) Ultra 9 285K,1,1 x NVIDIA GeForce RTX 5090,9.2986,48.7383,60.816158294677734,machine,0.0,0.0,0.0,0.0,N
gradient_updates_77,2026-09-12T22:50:13,sac_Ant-v5_seed85062,f5baebbd-825a-427a-a642-f3bf0e8b79c1,4.168829764001202,5.173679988491973e-05,1.241041138250944e-05,31.642013408556735,69.54498111119389,20.0,3.1008195362093594e-05,8.164339864799586e-05,2.315835450000239e-05,0.00013580994851009227,0.0,Germany,DEU,baden-wurttemberg,,,Linux-7.0.0-31-generic-x86_64-with-glibc2.43,3.14.4,3.3.0,24,Intel(R) Core(TM) Ultra 9 285K,1,1 x NVIDIA GeForce RTX 5090,9.2986,48.7383,60.816158294677734,machine,0.0,0.0,0.0,0.0,N
rollout_78,2026-09-12T22:50:13,sac_Ant-v5_seed85062,f5baebbd-825a-427a-a642-f3bf0e8b79c1,0.343096720000176,3.873201037843214e-06,1.1288184357455049e-05,31.65813913509529,69.43838694632794,20.0,3.280447346577786e-06,4.986948433982619e-06,1.8998204888804812e-06,1.0167216269440019e-05,0.0,Germany,DEU,baden-wurttemberg,,,Linux-7.0.0-31-generic-x86_64-with-glibc2.43,3.14.4,3.3.0,24,Intel(R) Core(TM) Ultra 9 285K,1,1 x NVIDIA GeForce RTX 5090,9.2986,48.7383,60.816158294677734,machine,0.0,0.0,0.0,0.0,N
gradient_updates_78,2026-09-12T22:50:18,sac_Ant-v5_seed85062,f5baebbd-825a-427a-a642-f3bf0e8b79c1,4.237534035999488,5.155503328833043e-05,1.2166321204759026e-05,31.6617859743729,69.44577647425933,20.0,2.866127904012014e-05,8.313145539401434e-05,2.3540073777783208e-05,0.0001353328082119177,0.0,Germany,DEU,baden-wurttemberg,,,Linux-7.0.0-31-generic-x86_64-with-glibc2.43,3.14.4,3.3.0,24,Intel(R) Core(TM) Ultra 9 285K,1,1 x NVIDIA GeForce RTX 5090,9.2986,48.7383,60.816158294677734,machine,0.0,0.0,0.0,0.0,N
rollout_79,2026-09-12T22:50:18,sac_Ant-v5_seed85062,f5baebbd-825a-427a-a642-f3bf0e8b79c1,0.3573932409999543,3.6791863128431135e-06,1.0294248825434325e-05,31.63511104532166,69.32610534204932,20.0,2.729894406132416e-06,4.9505595159926585e-06,1.9774705111155408e-06,9.657924433239748e-06,0.0,Germany,DEU,baden-wurttemberg,,,Linux-7.0.0-31-generic-x86_64-with-glibc2.43,3.14.4,3.3.0,24,Intel(R) Core(TM) Ultra 9 285K,1,1 x NVIDIA GeForce RTX 5090,9.2986,48.7383,60.816158294677734,machine,0.0,0.0,0.0,0.0,N
gradient_updates_79,2026-09-12T22:50:22,sac_Ant-v5_seed85062,f5baebbd-825a-427a-a642-f3bf0e8b79c1,4.191295019998506,5.169522617916051e-05,1.2333965733669917e-05,31.608384383953886,69.32727055489714,20.0,3.1486659355973307e-05,8.093062029998488e-05,2.3283537194442386e-05,0.00013570081685040057,0.0,Germany,DEU,baden-wurttemberg,,,Linux-7.0.0-31-generic-x86_64-with-glibc2.43,3.14.4,3.3.0,24,Intel(R) Core(TM) Ultra 9 285K,1,1 x NVIDIA GeForce RTX 5090,9.2986,48.7383,60.816158294677734,machine,0.0,0.0,0.0,0.0,N
rollout_80,2026-09-12T22:50:23,sac_Ant-v5_seed85062,f5baebbd-825a-427a-a642-f3bf0e8b79c1,0.3511122919990157,4.664345030896792e-06,1.3284866196454643e-05,31.63247784839174,69.3305777743706,20.0,3.487593345626039e-06,6.808061002033794e-06,1.948327883332778e-06,1.2243982230993045e-05,0.0,Germany,DEU,baden-wurttemberg,,,Linux-7.0.0-31-generic-x86_64-with-glibc2.43,3.14.4,3.3.0,24,Intel(R) Core(TM) Ultra 9 285K,1,1 x NVIDIA GeForce RTX 5090,9.2986,48.7383,60.816158294677734,machine,0.0,0.0,0.0,0.0,N
gradient_updates_80,2026-09-12T22:50:27,sac_Ant-v5_seed85062,f5baebbd-825a-427a-a642-f3bf0e8b79c1,4.2318340679994435,5.227109578704453e-05,1.2351895240755189e-05,31.646225476039913,69.33132748581113,20.0,3.206574620813127e-05,8.163867642199674e-05,2.3508061388888973e-05,0.00013721248401901698,0.0,Germany,DEU,baden-wurttemberg,,,Linux-7.0.0-31-generic-x86_64-with-glibc2.43,3.14.4,3.3.0,24,Intel(R) Core(TM) Ultra 9 285K,1,1 x NVIDIA GeForce RTX 5090,9.2986,48.7383,60.816158294677734,machine,0.0,0.0,0.0,0.0,N
rollout_81,2026-09-12T22:50:27,sac_Ant-v5_seed85062,f5baebbd-825a-427a-a642-f3bf0e8b79c1,0.3472132759998203,3.976562514638321e-06,1.1452782392632491e-05,31.66253507622115,69.23719846197433,20.0,3.332598221633676e-06,5.178059697963366e-06,1.9278839222150283e-06,1.0438541841812504e-05,0.0,Germany,DEU,baden-wurttemberg,,,Linux-7.0.0-31-generic-x86_64-with-glibc2.43,3.14.4,3.3.0,24,Intel(R) Core(TM) Ultra 9 285K,1,1 x NVIDIA GeForce RTX 5090,9.2986,48.7383,60.816158294677734,machine,0.0,0.0,0.0,0.0,N
gradient_updates_81,2026-09-12T22:50:31,sac_Ant-v5_seed85062,f5baebbd-825a-427a-a642-f3bf0e8b79c1,4.122820550999677,5.162508451684016e-05,1.2521799858012724e-05,31.66998939359546,69.24897677745125,20.0,3.107645291669861e-05,8.153812078601219e-05,2.290212013333296e-05,0.0001355166938360429,0.0,Germany,DEU,baden-wurttemberg,,,Linux-7.0.0-31-generic-x86_64-with-glibc2.43,3.14.4,3.3.0,24,Intel(R) Core(TM) Ultra 9 285K,1,1 x NVIDIA GeForce RTX 5090,9.2986,48.7383,60.816158294677734,machine,0.0,0.0,0.0,0.0,N
rollout_82,2026-09-12T22:50:32,sac_Ant-v5_seed85062,f5baebbd-825a-427a-a642-f3bf0e8b79c1,0.34788179299903277,3.927757170235288e-06,1.129029482115489e-05,31.688522784933237,69.14388443388123,20.0,3.3852921526786317e-06,4.990837326024344e-06,1.9342975333329175e-06,1.0310427012036327e-05,0.0,Germany,DEU,baden-wurttemberg,,,Linux-7.0.0-31-generic-x86_64-with-glibc2.43,3.14.4,3.3.0,24,Intel(R) Core(TM) Ultra 9 285K,1,1 x NVIDIA GeForce RTX 5090,9.2986,48.7383,60.816158294677734,machine,0.0,0.0,0.0,0.0,N
gradient_updates_82,2026-09-12T22:50:36,sac_Ant-v5_seed85062,f5baebbd-825a-427a-a642-f3bf0e8b79c1,3.939121654999326,4.887315794012675e-05,1.2407177767581932e-05,31.693563803156664,69.15741818565631,20.0,2.8256396493991226e-05,7.815450696799231e-05,2.1881937961107725e-05,0.00012829284142309126,0.0,Germany,DEU,baden-wurttemberg,,,Linux-7.0.0-31-generic-x86_64-with-glibc2.43,3.14.4,3.3.0,24,Intel(R) Core(TM) Ultra 9 285K,1,1 x NVIDIA GeForce RTX 5090,9.2986,48.7383,60.816158294677734,machine,0.0,0.0,0.0,0.0,N
rollout_83,2026-09-12T22:50:36,sac_Ant-v5_seed85062,f5baebbd-825a-427a-a642-f3bf0e8b79c1,0.3519090720001259,3.7006762176440902e-06,1.0515726000688175e-05,31.671561335353935,69.05228907671096,20.0,2.7482046985639885e-06,5.011948454008985e-06,1.9541826333400666e-06,9.714335785913908e-06,0.0,Germany,DEU,baden-wurttemberg,,,Linux-7.0.0-31-generic-x86_64-with-glibc2.43,3.14.4,3.3.0,24,Intel(R) Core(TM) Ultra 9 285K,1,1 x NVIDIA GeForce RTX 5090,9.2986,48.7383,60.816158294677734,machine,0.0,0.0,0.0,0.0,N
gradient_updates_83,2026-09-12T22:50:40,sac_Ant-v5_seed85062,f5baebbd-825a-427a-a642-f3bf0e8b79c1,3.9235009160001937,4.855740213823012e-05,1.237606914370268e-05,31.648461970493543,69.05736479557487,20.0,2.9470671632076534e-05,7.619811651396469e-05,2.179518911667004e-05,0.00012746397726271126,0.0,Germany,DEU,baden-wurttemberg,,,Linux-7.0.0-31-generic-x86_64-with-glibc2.43,3.14.4,3.3.0,24,Intel(R) Core(TM) Ultra 9 285K,1,1 x NVIDIA GeForce RTX 5090,9.2986,48.7383,60.816158294677734,machine,0.0,0.0,0.0,0.0,N
rollout_84,2026-09-12T22:50:40,sac_Ant-v5_seed85062,f5baebbd-825a-427a-a642-f3bf0e8b79c1,0.345551747999707,4.614190348195546e-06,1.3352935703648406e-05,31.66886977277569,69.06783872586371,20.0,3.3944810489162924e-06,6.799172106025653e-06,1.9186722111045468e-06,1.2112325366046492e-05,0.0,Germany,DEU,baden-wurttemberg,,,Linux-7.0.0-31-generic-x86_64-with-glibc2.43,3.14.4,3.3.0,24,Intel(R) Core(TM) Ultra 9 285K,1,1 x NVIDIA GeForce RTX 5090,9.2986,48.7383,60.816158294677734,machine,0.0,0.0,0.0,0.0,N
gradient_updates_84,2026-09-12T22:50:44,sac_Ant-v5_seed85062,f5baebbd-825a-427a-a642-f3bf0e8b79c1,3.917768224999236,4.799814104563486e-05,1.2251419746857706e-05,31.67644085928379,69.06935447384755,20.0,2.8787367196542873e-05,7.544506035600529e-05,2.1763480166666575e-05,0.0001259959077192143,0.0,Germany,DEU,baden-wurttemberg,,,Linux-7.0.0-31-generic-x86_64-with-glibc2.43,3.14.4,3.3.0,24,Intel(R) Core(TM) Ultra 9 285K,1,1 x NVIDIA GeForce RTX 5090,9.2986,48.7383,60.816158294677734,machine,0.0,0.0,0.0,0.0,N
rollout_85,2026-09-12T22:50:44,sac_Ant-v5_seed85062,f5baebbd-825a-427a-a642-f3bf0e8b79c1,0.3408494800005428,4.5269667531006724e-06,1.328100208400119e-05,31.694670014303657,69.07739916782575,20.0,3.3196284890367467e-06,6.670838669980972e-06,1.8928948388847143e-06,1.1883361997902867e-05,0.0,Germany,DEU,baden-wurttemberg,,,Linux-7.0.0-31-generic-x86_64-with-glibc2.43,3.14.4,3.3.0,24,Intel(R) Core(TM) Ultra 9 285K,1,1 x NVIDIA GeForce RTX 5090,9.2986,48.7383,60.816158294677734,machine,0.0,0.0,0.0,0.0,N
gradient_updates_85,2026-09-12T22:50:48,sac_Ant-v5_seed85062,f5baebbd-825a-427a-a642-f3bf0e8b79c1,3.9132256419998157,4.8132473188487734e-05,1.2299974245662922e-05,31.70114010936212,69.07957186289087,20.0,2.9107648563880123e-05,7.550117151200464e-05,2.1739711722218707e-05,0.0001263485317981039,0.0,Germany,DEU,baden-wurttemberg,,,Linux-7.0.0-31-generic-x86_64-with-glibc2.43,3.14.4,3.3.0,24,Intel(R) Core(TM) Ultra 9 285K,1,1 x NVIDIA GeForce RTX 5090,9.2986,48.7383,60.816158294677734,machine,0.0,0.0,0.0,0.0,N
rollout_86,2026-09-12T22:50:49,sac_Ant-v5_seed85062,f5baebbd-825a-427a-a642-f3bf0e8b79c1,0.3474418730002071,3.891383302630745e-06,1.1199319480606572e-05,31.720216552903654,68.97462866768431,20.0,3.403517722811583e-06,4.88333723999701e-06,1.9280900500030437e-06,1.0214945012812504e-05,0.0,Germany,DEU,baden-wurttemberg,,,Linux-7.0.0-31-generic-x86_64-with-glibc2.43,3.14.4,3.3.0,24,Intel(R) Core(TM) Ultra 9 285K,1,1 x NVIDIA GeForce RTX 5090,9.2986,48.7383,60.816158294677734,machine,0.0,0.0,0.0,0.0,N
gradient_updates_86,2026-09-12T22:50:53,sac_Ant-v5_seed85062,f5baebbd-825a-427a-a642-f3bf0e8b79c1,3.9642642779999733,4.786334820742252e-05,1.2073735729825414e-05,31.723389187245736,68.98121805278672,20.0,2.638796083257247e-05,7.723256178598925e-05,2.2021551688885654e-05,0.0001256420743074478,0.0,Germany,DEU,baden-wurttemberg,,,Linux-7.0.0-31-generic-x86_64-with-glibc2.43,3.14.4,3.3.0,24,Intel(R) Core(TM) Ultra 9 285K,1,1 x NVIDIA GeForce RTX 5090,9.2986,48.7383,60.816158294677734,machine,0.0,0.0,0.0,0.0,N
rollout_87,2026-09-12T22:50:53,sac_Ant-v5_seed85062,f5baebbd-825a-427a-a642-f3bf0e8b79c1,0.358518910001294,3.708560910591248e-06,1.0343895996082229e-05,31.701732114024452,68.87317206988475,20.0,2.791149732919024e-06,4.953059518003622e-06,1.9908239833358807e-06,9.735033234259394e-06,0.0,Germany,DEU,baden-wurttemberg,,,Linux-7.0.0-31-generic-x86_64-with-glibc2.43,3.14.4,3.3.0,24,Intel(R) Core(TM) Ultra 9 285K,1,1 x NVIDIA GeForce RTX 5090,9.2986,48.7383,60.816158294677734,machine,0.0,0.0,0.0,0.0,N
gradient_updates_87,2026-09-12T22:50:57,sac_Ant-v5_seed85062,f5baebbd-825a-427a-a642-f3bf0e8b79c1,3.9134864569987258,4.839317250408554e-05,1.236576870972676e-05,31.678839068455307,68.87967829505729,20.0,2.9159765827794365e-05,7.613311646198495e-05,2.173998948889382e-05,0.0001270328717786727,0.0,Germany,DEU,baden-wurttemberg,,,Linux-7.0.0-31-generic-x86_64-with-glibc2.43,3.14.4,3.3.0,24,Intel(R) Core(TM) Ultra 9 285K,1,1 x NVIDIA GeForce RTX 5090,9.2986,48.7383,60.816158294677734,machine,0.0,0.0,0.0,0.0,N
rollout_88,2026-09-12T22:50:57,sac_Ant-v5_seed85062,f5baebbd-825a-427a-a642-f3bf0e8b79c1,0.34420966600009706,3.8713119335830395e-06,1.124721615650587e-05,31.698927216600996,68.77931153587596,20.0,3.3944302155440587e-06,4.856670552000342e-06,1.9111565722190055e-06,1.0162257339763406e-05,0.0,Germany,DEU,baden-wurttemberg,,,Linux-7.0.0-31-generic-x86_64-with-glibc2.43,3.14.4,3.3.0,24,Intel(R) Core(TM) Ultra 9 285K,1,1 x NVIDIA GeForce RTX 5090,9.2986,48.7383,60.816158294677734,machine,0.0,0.0,0.0,0.0,N
gradient_updates_88,2026-09-12T22:51:01,sac_Ant-v5_seed85062,f5baebbd-825a-427a-a642-f3bf0e8b79c1,3.9055516609987535,4.824196616700412e-05,1.2352166358724332e-05,31.70694691868961,68.78606646217378,20.0,2.900056597821346e-05,7.593950519599324e-05,2.1695881488883583e-05,0.00012663595266309072,0.0,Germany,DEU,baden-wurttemberg,,,Linux-7.0.0-31-generic-x86_64-with-glibc2.43,3.14.4,3.3.0,24,Intel(R) Core(TM) Ultra 9 285K,1,1 x NVIDIA GeForce RTX 5090,9.2986,48.7383,60.816158294677734,machine,0.0,0.0,0.0,0.0,N
rollout_89,2026-09-12T22:51:02,sac_Ant-v5_seed85062,f5baebbd-825a-427a-a642-f3bf0e8b79c1,0.3468963649993384,4.628447370878634e-06,1.3342313668852363e-05,31.723876500702783,68.79898069344374,20.0,3.3717285307134637e-06,6.851949926001133e-06,1.9260718277817543e-06,1.2149750284495484e-05,0.0,Germany,DEU,baden-wurttemberg,,,Linux-7.0.0-31-generic-x86_64-with-glibc2.43,3.14.4,3.3.0,24,Intel(R) Core(TM) Ultra 9 285K,1,1 x NVIDIA GeForce RTX 5090,9.2986,48.7383,60.816158294677734,machine,0.0,0.0,0.0,0.0,N
gradient_updates_89,2026-09-12T22:51:05,sac_Ant-v5_seed85062,f5baebbd-825a-427a-a642-f3bf0e8b79c1,3.9037133889996767,4.817999983912358e-05,1.2342124344563696e-05,31.72926164733078,68.80637864950747,20.0,2.8721076587953642e-05,7.606672752002996e-05,2.1685485927779805e-05,0.00012647329003576298,0.0,Germany,DEU,baden-wurttemberg,,,Linux-7.0.0-31-generic-x86_64-with-glibc2.43,3.14.4,3.3.0,24,Intel(R) Core(TM) Ultra 9 285K,1,1 x NVIDIA GeForce RTX 5090,9.2986,48.7383,60.816158294677734,machine,0.0,0.0,0.0,0.0,N
rollout_90,2026-09-12T22:51:06,sac_Ant-v5_seed85062,f5baebbd-825a-427a-a642-f3bf0e8b79c1,0.35237767599937797,3.996385667930785e-06,1.1340510491085711e-05,31.748098319545644,68.71414770806562,20.0,3.4644680493509106e-06,5.070281833968737e-06,1.9558280611110986e-06,1.0490577944430313e-05,0.0,Germany,DEU,baden-wurttemberg,,,Linux-7.0.0-31-generic-x86_64-with-glibc2.43,3.14.4,3.3.0,24,Intel(R) Core(TM) Ultra 9 285K,1,1 x NVIDIA GeForce RTX 5090,9.2986,48.7383,60.816158294677734,machine,0.0,0.0,0.0,0.0,N
gradient_updates_90,2026-09-12T22:51:10,sac_Ant-v5_seed85062,f5baebbd-825a-427a-a642-f3bf0e8b79c1,4.206215992999205,5.167600766707581e-05,1.2285635810032485e-05,31.757903950322373,68.71592322424151,20.0,3.1602236115105264e-05,8.06781200979878e-05,2.337001172777976e-05,0.00013565036794087326,0.0,Germany,DEU,baden-wurttemberg,,,Linux-7.0.0-31-generic-x86_64-with-glibc2.43,3.14.4,3.3.0,24,Intel(R) Core(TM) Ultra 9 285K,1,1 x NVIDIA GeForce RTX 5090,9.2986,48.7383,60.816158294677734,machine,0.0,0.0,0.0,0.0,N
rollout_91,2026-09-12T22:51:10,sac_Ant-v5_seed85062,f5baebbd-825a-427a-a642-f3bf0e8b79c1,0.3457959489987843,4.586969848472365e-06,1.326496128214061e-05,31.772181727231185,68.72695483533712,20.0,3.325155437900601e-06,6.795560992006733e-06,1.9201546777769703e-06,1.204087110768387e-05,0.0,Germany,DEU,baden-wurttemberg,,,Linux-7.0.0-31-generic-x86_64-with-glibc2.43,3.14.4,3.3.0,24,Intel(R) Core(TM) Ultra 9 285K,1,1 x NVIDIA GeForce RTX 5090,9.2986,48.7383,60.816158294677734,machine,0.0,0.0,0.0,0.0,N
gradient_updates_91,2026-09-12T22:51:15,sac_Ant-v5_seed85062,f5baebbd-825a-427a-a642-f3bf0e8b79c1,4.1785856719998264,5.142550514423364e-05,1.2306973821918732e-05,31.778207214418952,68.73086827240594,20.0,3.116878521278524e-05,8.061284226801302e-05,2.321116722778238e-05,0.00013499279470858064,0.0,Germany,DEU,baden-wurttemberg,,,Linux-7.0.0-31-generic-x86_64-with-glibc2.43,3.14.4,3.3.0,24,Intel(R) Core(TM) Ultra 9 285K,1,1 x NVIDIA GeForce RTX 5090,9.2986,48.7383,60.816158294677734,machine,0.0,0.0,0.0,0.0,N
rollout_92,2026-09-12T22:51:15,sac_Ant-v5_seed85062,f5baebbd-825a-427a-a642-f3bf0e8b79c1,0.3468507329998829,3.877899042327784e-06,1.1180015776193797e-05,31.793319982941355,68.63575363812872,20.0,3.355351017610836e-06,4.8980594740122285e-06,1.9261381166667257e-06,1.017954860828979e-05,0.0,Germany,DEU,baden-wurttemberg,,,Linux-7.0.0-31-generic-x86_64-with-glibc2.43,3.14.4,3.3.0,24,Intel(R) Core(TM) Ultra 9 285K,1,1 x NVIDIA GeForce RTX 5090,9.2986,48.7383,60.816158294677734,machine,0.0,0.0,0.0,0.0,N
gradient_updates_92,2026-09-12T22:51:19,sac_Ant-v5_seed85062,f5baebbd-825a-427a-a642-f3bf0e8b79c1,4.180110729999797,5.147092491267647e-05,1.2313317162811689e-05,31.80006117600271,68.64029413692053,20.0,3.120242246191715e-05,8.068839788399895e-05,2.3221201999998244e-05,0.00013511202234591478,0.0,Germany,DEU,baden-wurttemberg,,,Linux-7.0.0-31-generic-x86_64-with-glibc2.43,3.14.4,3.3.0,24,Intel(R) Core(TM) Ultra 9 285K,1,1 x NVIDIA GeForce RTX 5090,9.2986,48.7383,60.816158294677734,machine,0.0,0.0,0.0,0.0,N
rollout_93,2026-09-12T22:51:19,sac_Ant-v5_seed85062,f5baebbd-825a-427a-a642-f3bf0e8b79c1,0.34988504799912334,4.586528873222993e-06,1.3108389863184835e-05,31.812314223451544,68.64750976494327,20.0,3.3360910022019186e-06,6.770005415990266e-06,1.9336171222269875e-06,1.2039713540419605e-05,0.0,Germany,DEU,baden-wurttemberg,,,Linux-7.0.0-31-generic-x86_64-with-glibc2.43,3.14.4,3.3.0,24,Intel(R) Core(TM) Ultra 9 285K,1,1 x NVIDIA GeForce RTX 5090,9.2986,48.7383,60.816158294677734,machine,0.0,0.0,0.0,0.0,N
gradient_updates_93,2026-09-12T22:51:24,sac_Ant-v5_seed85062,f5baebbd-825a-427a-a642-f3bf0e8b79c1,4.180908002001161,5.063551996181692e-05,1.2111156046588789e-05,31.81658601505926,68.64316083149498,20.0,3.093942919597109e-05,7.875450744798673e-05,2.322513399999988e-05,0.00013291907064395987,0.0,Germany,DEU,baden-wurttemberg,,,Linux-7.0.0-31-generic-x86_64-with-glibc2.43,3.14.4,3.3.0,24,Intel(R) Core(TM) Ultra 9 285K,1,1 x NVIDIA GeForce RTX 5090,9.2986,48.7383,60.816158294677734,machine,0.0,0.0,0.0,0.0,N
rollout_94,2026-09-12T22:51:24,sac_Ant-v5_seed85062,f5baebbd-825a-427a-a642-f3bf0e8b79c1,0.3451272130005236,4.584429103750114e-06,1.3282779309765289e-05,31.830732381352394,68.65459676706156,20.0,3.329682385967009e-06,6.788338764024404e-06,1.9161804611133107e-06,1.2034201611103856e-05,0.0,Germany,DEU,baden-wurttemberg,,,Linux-7.0.0-31-generic-x86_64-with-glibc2.43,3.14.4,3.3.0,24,Intel(R) Core(TM) Ultra 9 285K,1,1 x NVIDIA GeForce RTX 5090,9.2986,48.7383,60.816158294677734,machine,0.0,0.0,0.0,0.0,N
gradient_updates_94,2026-09-12T22:51:28,sac_Ant-v5_seed85062,f5baebbd-825a-427a-a642-f3bf0e8b79c1,4.244025629001044,5.007294761718e-05,1.1798478454198493e-05,31.83302928017331,68.65250576907675,20.0,2.740975526111661e-05,8.045645325396866e-05,2.357610049444304e-05,0.00013144230900952875,0.0,Germany,DEU,baden-wurttemberg,,,Linux-7.0.0-31-generic-x86_64-with-glibc2.43,3.14.4,3.3.0,24,Intel(R) Core(TM) Ultra 9 285K,1,1 x NVIDIA GeForce RTX 5090,9.2986,48.7383,60.816158294677734,machine,0.0,0.0,0.0,0.0,N
rollout_95,2026-09-12T22:51:29,sac_Ant-v5_seed85062,f5baebbd-825a-427a-a642-f3bf0e8b79c1,0.35029052200115984,4.597871607882505e-06,1.312567754964272e-05,31.846161739508144,68.65677941588184,20.0,3.3650824142889e-06,6.759172074044528e-06,1.9452339166592045e-06,1.20694884049935e-05,0.0,Germany,DEU,baden-wurttemberg,,,Linux-7.0.0-31-generic-x86_64-with-glibc2.43,3.14.4,3.3.0,24,Intel(R) Core(TM) Ultra 9 285K,1,1 x NVIDIA GeForce RTX 5090,9.2986,48.7383,60.816158294677734,machine,0.0,0.0,0.0,0.0,N
gradient_updates_95,2026-09-12T22:51:33,sac_Ant-v5_seed85062,f5baebbd-825a-427a-a642-f3bf0e8b79c1,4.190294963998895,5.119524536719572e-05,1.2217601095946208e-05,31.85087108124008,68.65930658529466,20.0,3.062633644549187e-05,8.048423105397329e-05,2.3277791516668114e-05,0.00013438835901613197,0.0,Germany,DEU,baden-wurttemberg,,,Linux-7.0.0-31-generic-x86_64-with-glibc2.43,3.14.4,3.3.0,24,Intel(R) Core(TM) Ultra 9 285K,1,1 x NVIDIA GeForce RTX 5090,9.2986,48.7383,60.816158294677734,machine,0.0,0.0,0.0,0.0,N
rollout_96,2026-09-12T22:51:33,sac_Ant-v5_seed85062,f5baebbd-825a-427a-a642-f3bf0e8b79c1,0.3480591120005556,3.962597253841585e-06,1.1384663760251815e-05,31.86864141780393,68.57467556783807,20.0,3.4360699710765663e-06,5.033059582021382e-06,1.9327532500027986e-06,1.0401882803101614e-05,0.0,Germany,DEU,baden-wurttemberg,,,Linux-7.0.0-31-generic-x86_64-with-glibc2.43,3.14.4,3.3.0,24,Intel(R) Core(TM) Ultra 9 285K,1,1 x NVIDIA GeForce RTX 5090,9.2986,48.7383,60.816158294677734,machine,0.0,0.0,0.0,0.0,N
gradient_updates_96,2026-09-12T22:51:37,sac_Ant-v5_seed85062,f5baebbd-825a-427a-a642-f3bf0e8b79c1,4.097134631998415,5.010596504251893e-05,1.222953929857358e-05,31.877212159951622,68.57740435433222,20.0,3.0117117427005263e-05,7.865172958795852e-05,2.2760133277774375e-05,0.00013152898029273816,0.0,Germany,DEU,baden-wurttemberg,,,Linux-7.0.0-31-generic-x86_64-with-glibc2.43,3.14.4,3.3.0,24,Intel(R) Core(TM) Ultra 9 285K,1,1 x NVIDIA GeForce RTX 5090,9.2986,48.7383,60.816158294677734,machine,0.0,0.0,0.0,0.0,N
rollout_97,2026-09-12T22:51:38,sac_Ant-v5_seed85062,f5baebbd-825a-427a-a642-f3bf0e8b79c1,0.34526649699910195,4.564435017703587e-06,1.3219907885362289e-05,31.88956918082989,68.58679733719708,20.0,3.3112020934068787e-06,6.753338736009695e-06,1.9171759777841454e-06,1.1981716807201587e-05,0.0,Germany,DEU,baden-wurttemberg,,,Linux-7.0.0-31-generic-x86_64-with-glibc2.43,3.14.4,3.3.0,24,Intel(R) Core(TM) Ultra 9 285K,1,1 x NVIDIA GeForce RTX 5090,9.2986,48.7383,60.816158294677734,machine,0.0,0.0,0.0,0.0,N
gradient_updates_97,2026-09-12T22:51:42,sac_Ant-v5_seed85062,f5baebbd-825a-427a-a642-f3bf0e8b79c1,3.9633763900001213,4.71159151416772e-05,1.1887860067270639e-05,31.8886314791448,68.58633498965551,20.0,2.6259566840967224e-05,7.540367143402116e-05,2.2016811972227872e-05,0.00012368005024721712,0.0,Germany,DEU,baden-wurttemberg,,,Linux-7.0.0-31-generic-x86_64-with-glibc2.43,3.14.4,3.3.0,24,Intel(R) Core(TM) Ultra 9 285K,1,1 x NVIDIA GeForce RTX 5090,9.2986,48.7383,60.816158294677734,machine,0.0,0.0,0.0,0.0,N
rollout_98,2026-09-12T22:51:42,sac_Ant-v5_seed85062,f5baebbd-825a-427a-a642-f3bf0e8b79c1,0.3571722460001183,4.393739972343921e-06,1.2300723650259467e-05,31.866771449445714,68.5865047973585,20.0,2.7452546962000723e-06,6.805283222000025e-06,1.983101594446937e-06,1.1533639512648769e-05,0.0,Germany,DEU,baden-wurttemberg,,,Linux-7.0.0-31-generic-x86_64-with-glibc2.43,3.14.4,3.3.0,24,Intel(R) Core(TM) Ultra 9 285K,1,1 x NVIDIA GeForce RTX 5090,9.2986,48.7383,60.816158294677734,machine,0.0,0.0,0.0,0.0,N
gradient_updates_98,2026-09-12T22:51:46,sac_Ant-v5_seed85062,f5baebbd-825a-427a-a642-f3bf0e8b79c1,3.9869552529999055,4.778371893296874e-05,1.1985053360905707e-05,31.839807989318977,68.59360288449842,20.0,2.5749483099572756e-05,7.753533980600635e-05,2.214822325000143e-05,0.00012543304615558054,0.0,Germany,DEU,baden-wurttemberg,,,Linux-7.0.0-31-generic-x86_64-with-glibc2.43,3.14.4,3.3.0,24,Intel(R) Core(TM) Ultra 9 285K,1,1 x NVIDIA GeForce RTX 5090,9.2986,48.7383,60.816158294677734,machine,0.0,0.0,0.0,0.0,N
rollout_99,2026-09-12T22:51:46,sac_Ant-v5_seed85062,f5baebbd-825a-427a-a642-f3bf0e8b79c1,0.34972533699874475,3.6860981107965374e-06,1.0539746167158656e-05,31.81854694031448,68.50970184929766,20.0,2.698986881412291e-06,5.029726245969757e-06,1.9473548888830107e-06,9.67606801626636e-06,0.0,Germany,DEU,baden-wurttemberg,,,Linux-7.0.0-31-generic-x86_64-with-glibc2.43,3.14.4,3.3.0,24,Intel(R) Core(TM) Ultra 9 285K,1,1 x NVIDIA GeForce RTX 5090,9.2986,48.7383,60.816158294677734,machine,0.0,0.0,0.0,0.0,N
gradient_updates_99,2026-09-12T22:51:50,sac_Ant-v5_seed85062,f5baebbd-825a-427a-a642-f3bf0e8b79c1,3.9277712340008293,4.8999612161620965e-05,1.2475187362226113e-05,31.79658621049719,68.5223807123711,20.0,2.9262593132281522e-05,7.75447842580046e-05,2.1817408438882038e-05,0.00012862478582916642,0.0,Germany,DEU,baden-wurttemberg,,,Linux-7.0.0-31-generic-x86_64-with-glibc2.43,3.14.4,3.3.0,24,Intel(R) Core(TM) Ultra 9 285K,1,1 x NVIDIA GeForce RTX 5090,9.2986,48.7383,60.816158294677734,machine,0.0,0.0,0.0,0.0,N
idle_baseline_tail,2026-09-12T22:53:20,sac_Ant-v5_seed85062,f5baebbd-825a-427a-a642-f3bf0e8b79c1,90.00310715300111,0.0006228435811129517,6.920246053405865e-06,31.771478015623924,68.33599566275838,20.0,0.0003724444126775167,0.0007625169989020075,0.0005000132074333427,0.0016349746190128661,0.0,Germany,DEU,baden-wurttemberg,,,Linux-7.0.0-31-generic-x86_64-with-glibc2.43,3.14.4,3.3.0,24,Intel(R) Core(TM) Ultra 9 285K,1,1 x NVIDIA GeForce RTX 5090,9.2986,48.7383,60.816158294677734,machine,0.0,0.0,0.0,0.0,N
