task_name,timestamp,project_name,run_id,duration,emissions,emissions_rate,cpu_power,gpu_power,ram_power,cpu_energy,gpu_energy,ram_energy,energy_consumed,water_consumed,country_name,country_iso_code,region,cloud_provider,cloud_region,os,python_version,codecarbon_version,cpu_count,cpu_model,gpu_count,gpu_model,longitude,latitude,ram_total_size,tracking_mode,cpu_utilization_percent,gpu_utilization_percent,ram_utilization_percent,ram_used_gb,on_cloud
idle_baseline_head,2026-09-19T17:14:31,tdmpc2_Ant-v5_seed85062,e895d6ce-cf92-4b9f-a886-61c464011cbe,90.00344787100039,0.0006020226394839693,6.688883970251015e-06,13.636616483705318,12.486785758576273,20.0,0.00041774506697356273,0.0006455713497897086,0.0005170028888778082,0.0015803193056410795,0.0,Germany,DEU,baden-wurttemberg,,,Linux-7.0.0-31-generic-x86_64-with-glibc2.43,3.14.4,3.3.0,24,Intel(R) Core(TM) Ultra 9 285K,1,1 x NVIDIA GeForce RTX 5090,9.2986,48.7383,60.81615447998047,machine,0.0,0.0,0.0,0.0,N
warmup_0,2026-09-19T17:14:32,tdmpc2_Ant-v5_seed85062,e895d6ce-cf92-4b9f-a886-61c464011cbe,0.6714257870044094,7.5104581529809e-06,1.1185634862352961e-05,21.34133622233249,24.59716670278905,20.0,6.878463558318559e-06,9.106396173574893e-06,3.7302161389056758e-06,1.971507587079902e-05,0.0,Germany,DEU,baden-wurttemberg,,,Linux-7.0.0-31-generic-x86_64-with-glibc2.43,3.14.4,3.3.0,24,Intel(R) Core(TM) Ultra 9 285K,1,1 x NVIDIA GeForce RTX 5090,9.2986,48.7383,60.81615447998047,machine,0.0,0.0,0.0,0.0,N
world_model_pretrain_0,2026-09-19T17:15:44,tdmpc2_Ant-v5_seed85062,e895d6ce-cf92-4b9f-a886-61c464011cbe,72.06050706500537,0.0013990543192462814,1.9414996132934403e-05,25.174515583032175,51.52815912703568,20.0,0.0006235480121713488,0.0026486554522562322,0.0004003370769722905,0.0036725405413998717,0.0,Germany,DEU,baden-wurttemberg,,,Linux-7.0.0-31-generic-x86_64-with-glibc2.43,3.14.4,3.3.0,24,Intel(R) Core(TM) Ultra 9 285K,1,1 x NVIDIA GeForce RTX 5090,9.2986,48.7383,60.81615447998047,machine,0.0,0.0,0.0,0.0,N
rollout_0,2026-09-19T17:16:01,tdmpc2_Ant-v5_seed85062,e895d6ce-cf92-4b9f-a886-61c464011cbe,16.589629997994052,0.0003689501252715768,2.2239802365226376e-05,26.401003025367366,72.4922028166256,20.0,0.00015585750690812195,0.0007204797430500065,9.216288200558566e-05,0.000968500131963714,0.0,Germany,DEU,baden-wurttemberg,,,Linux-7.0.0-31-generic-x86_64-with-glibc2.43,3.14.4,3.3.0,24,Intel(R) Core(TM) Ultra 9 285K,1,1 x NVIDIA GeForce RTX 5090,9.2986,48.7383,60.81615447998047,machine,0.0,0.0,0.0,0.0,N
gradient_updates_0,2026-09-19T17:16:15,tdmpc2_Ant-v5_seed85062,e895d6ce-cf92-4b9f-a886-61c464011cbe,14.441371808003169,0.00028066585968834334,1.943486846422534e-05,27.587644354453804,82.79078569101321,20.0,0.00011784942233501738,0.0005386743198276811,8.022874422224254e-05,0.0007367524863849412,0.0,Germany,DEU,baden-wurttemberg,,,Linux-7.0.0-31-generic-x86_64-with-glibc2.43,3.14.4,3.3.0,24,Intel(R) Core(TM) Ultra 9 285K,1,1 x NVIDIA GeForce RTX 5090,9.2986,48.7383,60.81615447998047,machine,0.0,0.0,0.0,0.0,N
rollout_1,2026-09-19T17:16:32,tdmpc2_Ant-v5_seed85062,e895d6ce-cf92-4b9f-a886-61c464011cbe,16.52155646101164,0.00036750792003461185,2.2244156965294714e-05,27.874197759695342,93.40454060687539,20.0,0.0001520215899505073,0.0007209086322825797,9.178409732226605e-05,0.0009647143195553529,0.0,Germany,DEU,baden-wurttemberg,,,Linux-7.0.0-31-generic-x86_64-with-glibc2.43,3.14.4,3.3.0,24,Intel(R) Core(TM) Ultra 9 285K,1,1 x NVIDIA GeForce RTX 5090,9.2986,48.7383,60.81615447998047,machine,0.0,0.0,0.0,0.0,N
gradient_updates_1,2026-09-19T17:16:46,tdmpc2_Ant-v5_seed85062,e895d6ce-cf92-4b9f-a886-61c464011cbe,14.427447383990511,0.00028167904165319734,1.9523811016519e-05,28.50770776592725,98.48686898829479,20.0,0.00012200790955069207,0.0005372551520257396,8.014904408887064e-05,0.000739412105665303,0.0,Germany,DEU,baden-wurttemberg,,,Linux-7.0.0-31-generic-x86_64-with-glibc2.43,3.14.4,3.3.0,24,Intel(R) Core(TM) Ultra 9 285K,1,1 x NVIDIA GeForce RTX 5090,9.2986,48.7383,60.81615447998047,machine,0.0,0.0,0.0,0.0,N
rollout_2,2026-09-19T17:17:03,tdmpc2_Ant-v5_seed85062,e895d6ce-cf92-4b9f-a886-61c464011cbe,16.524830483002006,0.0003693270770899512,2.234982689869903e-05,28.744567203903486,105.0297404219804,20.0,0.00015532141592371207,0.0007223655778920701,9.18026428555702e-05,0.0009694896366713515,0.0,Germany,DEU,baden-wurttemberg,,,Linux-7.0.0-31-generic-x86_64-with-glibc2.43,3.14.4,3.3.0,24,Intel(R) Core(TM) Ultra 9 285K,1,1 x NVIDIA GeForce RTX 5090,9.2986,48.7383,60.81615447998047,machine,0.0,0.0,0.0,0.0,N
gradient_updates_2,2026-09-19T17:17:17,tdmpc2_Ant-v5_seed85062,e895d6ce-cf92-4b9f-a886-61c464011cbe,14.424316849996103,0.0002849791341004819,1.9756870553644263e-05,29.233913170804453,108.10637668035213,20.0,0.00012386049297720414,0.0005440826574880653,8.013175201663733e-05,0.0007480749024819065,0.0,Germany,DEU,baden-wurttemberg,,,Linux-7.0.0-31-generic-x86_64-with-glibc2.43,3.14.4,3.3.0,24,Intel(R) Core(TM) Ultra 9 285K,1,1 x NVIDIA GeForce RTX 5090,9.2986,48.7383,60.81615447998047,machine,0.0,0.0,0.0,0.0,N
rollout_3,2026-09-19T17:17:34,tdmpc2_Ant-v5_seed85062,e895d6ce-cf92-4b9f-a886-61c464011cbe,16.52382764899812,0.0003701730988267503,2.240238896593662e-05,29.40188779408901,112.63069131176984,20.0,0.00015538407847383306,0.0007245397462978254,9.178663283892097e-05,0.0009717104576105785,0.0,Germany,DEU,baden-wurttemberg,,,Linux-7.0.0-31-generic-x86_64-with-glibc2.43,3.14.4,3.3.0,24,Intel(R) Core(TM) Ultra 9 285K,1,1 x NVIDIA GeForce RTX 5090,9.2986,48.7383,60.81615447998047,machine,0.0,0.0,0.0,0.0,N
gradient_updates_3,2026-09-19T17:17:48,tdmpc2_Ant-v5_seed85062,e895d6ce-cf92-4b9f-a886-61c464011cbe,14.410534351001843,0.000283177008565492,1.9650696730931236e-05,29.75546049273356,114.48774317137412,20.0,0.00012325104110075258,0.0005400379320299464,8.005532025555221e-05,0.000743344293386251,0.0,Germany,DEU,baden-wurttemberg,,,Linux-7.0.0-31-generic-x86_64-with-glibc2.43,3.14.4,3.3.0,24,Intel(R) Core(TM) Ultra 9 285K,1,1 x NVIDIA GeForce RTX 5090,9.2986,48.7383,60.81615447998047,machine,0.0,0.0,0.0,0.0,N
rollout_4,2026-09-19T17:18:05,tdmpc2_Ant-v5_seed85062,e895d6ce-cf92-4b9f-a886-61c464011cbe,16.539316791997408,0.0003716442276052896,2.2470358453869495e-05,29.85240338468395,117.80824610607894,20.0,0.00015940340585596235,0.0007242864127618986,9.188237617224022e-05,0.0009755721947901017,0.0,Germany,DEU,baden-wurttemberg,,,Linux-7.0.0-31-generic-x86_64-with-glibc2.43,3.14.4,3.3.0,24,Intel(R) Core(TM) Ultra 9 285K,1,1 x NVIDIA GeForce RTX 5090,9.2986,48.7383,60.81615447998047,machine,0.0,0.0,0.0,0.0,N
gradient_updates_4,2026-09-19T17:18:19,tdmpc2_Ant-v5_seed85062,e895d6ce-cf92-4b9f-a886-61c464011cbe,14.415444220998324,0.00028332502539080064,1.9654283782073228e-05,30.1801038597311,119.02232917800036,20.0,0.0001238180226654506,0.0005398257096378423,8.008910767780936e-05,0.0007437328399811025,0.0,Germany,DEU,baden-wurttemberg,,,Linux-7.0.0-31-generic-x86_64-with-glibc2.43,3.14.4,3.3.0,24,Intel(R) Core(TM) Ultra 9 285K,1,1 x NVIDIA GeForce RTX 5090,9.2986,48.7383,60.81615447998047,machine,0.0,0.0,0.0,0.0,N
rollout_5,2026-09-19T17:18:36,tdmpc2_Ant-v5_seed85062,e895d6ce-cf92-4b9f-a886-61c464011cbe,16.524593269001343,0.00037134828635202507,2.2472469481297423e-05,30.24261529284134,121.61948030583807,20.0,0.00015779118206617204,0.000725195857934402,9.180830414439291e-05,0.0009747953441449665,0.0,Germany,DEU,baden-wurttemberg,,,Linux-7.0.0-31-generic-x86_64-with-glibc2.43,3.14.4,3.3.0,24,Intel(R) Core(TM) Ultra 9 285K,1,1 x NVIDIA GeForce RTX 5090,9.2986,48.7383,60.81615447998047,machine,0.0,0.0,0.0,0.0,N
gradient_updates_5,2026-09-19T17:18:51,tdmpc2_Ant-v5_seed85062,e895d6ce-cf92-4b9f-a886-61c464011cbe,15.382315777009353,0.0002927778121381546,1.9033384884049384e-05,30.47953899784319,122.1974176579515,20.0,0.0001239360069264922,0.0005591565584355251,8.545399491663875e-05,0.000768546560278657,0.0,Germany,DEU,baden-wurttemberg,,,Linux-7.0.0-31-generic-x86_64-with-glibc2.43,3.14.4,3.3.0,24,Intel(R) Core(TM) Ultra 9 285K,1,1 x NVIDIA GeForce RTX 5090,9.2986,48.7383,60.81615447998047,machine,0.0,0.0,0.0,0.0,N
rollout_6,2026-09-19T17:19:08,tdmpc2_Ant-v5_seed85062,e895d6ce-cf92-4b9f-a886-61c464011cbe,16.510762924997834,0.0003722689462107246,2.2547052768316378e-05,30.411941293722734,124.33177046864175,20.0,0.00015865821887091347,0.0007268300259077876,9.172384660002244e-05,0.000977212091378724,0.0,Germany,DEU,baden-wurttemberg,,,Linux-7.0.0-31-generic-x86_64-with-glibc2.43,3.14.4,3.3.0,24,Intel(R) Core(TM) Ultra 9 285K,1,1 x NVIDIA GeForce RTX 5090,9.2986,48.7383,60.81615447998047,machine,0.0,0.0,0.0,0.0,N
gradient_updates_6,2026-09-19T17:19:25,tdmpc2_Ant-v5_seed85062,e895d6ce-cf92-4b9f-a886-61c464011cbe,17.365504433997557,0.000312877114466625,1.8017173421784498e-05,30.620717769604077,124.27055616842043,20.0,0.00013042840684264478,0.0005944082533044792,9.647089850000658e-05,0.0008213075586471323,0.0,Germany,DEU,baden-wurttemberg,,,Linux-7.0.0-31-generic-x86_64-with-glibc2.43,3.14.4,3.3.0,24,Intel(R) Core(TM) Ultra 9 285K,1,1 x NVIDIA GeForce RTX 5090,9.2986,48.7383,60.81615447998047,machine,0.0,0.0,0.0,0.0,N
rollout_7,2026-09-19T17:19:41,tdmpc2_Ant-v5_seed85062,e895d6ce-cf92-4b9f-a886-61c464011cbe,16.53230161999818,0.00037355735851541446,2.2595610711094427e-05,30.455819101633182,126.08849120342911,20.0,0.0001594573711769104,0.000729293361211969,9.184346242780339e-05,0.0009805941948166814,0.0,Germany,DEU,baden-wurttemberg,,,Linux-7.0.0-31-generic-x86_64-with-glibc2.43,3.14.4,3.3.0,24,Intel(R) Core(TM) Ultra 9 285K,1,1 x NVIDIA GeForce RTX 5090,9.2986,48.7383,60.81615447998047,machine,0.0,0.0,0.0,0.0,N
gradient_updates_7,2026-09-19T17:19:59,tdmpc2_Ant-v5_seed85062,e895d6ce-cf92-4b9f-a886-61c464011cbe,17.096234753000317,0.00031019189764550613,1.8143875511325485e-05,30.646847945220117,126.01911908607369,20.0,0.0001271005044580914,0.0005921824181900348,9.49758977889562e-05,0.0008142588204370811,0.0,Germany,DEU,baden-wurttemberg,,,Linux-7.0.0-31-generic-x86_64-with-glibc2.43,3.14.4,3.3.0,24,Intel(R) Core(TM) Ultra 9 285K,1,1 x NVIDIA GeForce RTX 5090,9.2986,48.7383,60.81615447998047,machine,0.0,0.0,0.0,0.0,N
rollout_8,2026-09-19T17:20:15,tdmpc2_Ant-v5_seed85062,e895d6ce-cf92-4b9f-a886-61c464011cbe,16.533949738004594,0.0003722193255254686,2.2512430012629654e-05,30.48209563666597,127.57707343153892,20.0,0.00015620735663245122,0.0007290216943278693,9.18527853055115e-05,0.000977081836265832,0.0,Germany,DEU,baden-wurttemberg,,,Linux-7.0.0-31-generic-x86_64-with-glibc2.43,3.14.4,3.3.0,24,Intel(R) Core(TM) Ultra 9 285K,1,1 x NVIDIA GeForce RTX 5090,9.2986,48.7383,60.81615447998047,machine,0.0,0.0,0.0,0.0,N
gradient_updates_8,2026-09-19T17:20:32,tdmpc2_Ant-v5_seed85062,e895d6ce-cf92-4b9f-a886-61c464011cbe,17.06478954400518,0.0003098077741138603,1.8154808015271546e-05,30.623593873322594,127.45904055966011,20.0,0.0001260314588806405,0.0005924176961560335,9.480133482777297e-05,0.0008132504898644456,0.0,Germany,DEU,baden-wurttemberg,,,Linux-7.0.0-31-generic-x86_64-with-glibc2.43,3.14.4,3.3.0,24,Intel(R) Core(TM) Ultra 9 285K,1,1 x NVIDIA GeForce RTX 5090,9.2986,48.7383,60.81615447998047,machine,0.0,0.0,0.0,0.0,N
rollout_9,2026-09-19T17:20:49,tdmpc2_Ant-v5_seed85062,e895d6ce-cf92-4b9f-a886-61c464011cbe,16.523033256002236,0.00037286278086098336,2.2566246663951194e-05,30.468490743491294,128.8159352169898,20.0,0.00015883455928976387,0.0007281533602996326,9.178299748891731e-05,0.000978770917078313,0.0,Germany,DEU,baden-wurttemberg,,,Linux-7.0.0-31-generic-x86_64-with-glibc2.43,3.14.4,3.3.0,24,Intel(R) Core(TM) Ultra 9 285K,1,1 x NVIDIA GeForce RTX 5090,9.2986,48.7383,60.81615447998047,machine,0.0,0.0,0.0,0.0,N
gradient_updates_9,2026-09-19T17:21:06,tdmpc2_Ant-v5_seed85062,e895d6ce-cf92-4b9f-a886-61c464011cbe,17.05854390800232,0.0003099268695305208,1.8168407635054532e-05,30.622330507485973,128.65867381993186,20.0,0.0001263061504892804,0.0005924904739922354,9.476649280558283e-05,0.0008135631172871,0.0,Germany,DEU,baden-wurttemberg,,,Linux-7.0.0-31-generic-x86_64-with-glibc2.43,3.14.4,3.3.0,24,Intel(R) Core(TM) Ultra 9 285K,1,1 x NVIDIA GeForce RTX 5090,9.2986,48.7383,60.81615447998047,machine,0.0,0.0,0.0,0.0,N
rollout_10,2026-09-19T17:21:22,tdmpc2_Ant-v5_seed85062,e895d6ce-cf92-4b9f-a886-61c464011cbe,16.554881277988898,0.0003745843083992617,2.2626822822934235e-05,30.482090560938428,129.88409161300828,20.0,0.00015885534513972177,0.0007324705859761416,9.19640239944175e-05,0.0009832899551102808,0.0,Germany,DEU,baden-wurttemberg,,,Linux-7.0.0-31-generic-x86_64-with-glibc2.43,3.14.4,3.3.0,24,Intel(R) Core(TM) Ultra 9 285K,1,1 x NVIDIA GeForce RTX 5090,9.2986,48.7383,60.81615447998047,machine,0.0,0.0,0.0,0.0,N
gradient_updates_10,2026-09-19T17:21:39,tdmpc2_Ant-v5_seed85062,e895d6ce-cf92-4b9f-a886-61c464011cbe,17.177607177000027,0.00030766496647118,1.7910829172610482e-05,30.618658349082036,129.65209628907027,20.0,0.00012124702310864488,0.0005909507505381661,9.542781099993987e-05,0.0008076255846467505,0.0,Germany,DEU,baden-wurttemberg,,,Linux-7.0.0-31-generic-x86_64-with-glibc2.43,3.14.4,3.3.0,24,Intel(R) Core(TM) Ultra 9 285K,1,1 x NVIDIA GeForce RTX 5090,9.2986,48.7383,60.81615447998047,machine,0.0,0.0,0.0,0.0,N
rollout_11,2026-09-19T17:21:56,tdmpc2_Ant-v5_seed85062,e895d6ce-cf92-4b9f-a886-61c464011cbe,16.52981569401163,0.0003747356591579185,2.2670293726082432e-05,30.4453794093279,130.7676505135357,20.0,0.00015826281327681324,0.0007335947535414,9.182968651665676e-05,0.000983687253334871,0.0,Germany,DEU,baden-wurttemberg,,,Linux-7.0.0-31-generic-x86_64-with-glibc2.43,3.14.4,3.3.0,24,Intel(R) Core(TM) Ultra 9 285K,1,1 x NVIDIA GeForce RTX 5090,9.2986,48.7383,60.81615447998047,machine,0.0,0.0,0.0,0.0,N
gradient_updates_11,2026-09-19T17:22:13,tdmpc2_Ant-v5_seed85062,e895d6ce-cf92-4b9f-a886-61c464011cbe,17.092684754999937,0.00031096208616729695,1.8192711162306515e-05,30.574531490550722,130.55072611494646,20.0,0.00012929785121598703,0.0005920263069545406,9.495641977223888e-05,0.0008162805779427657,0.0,Germany,DEU,baden-wurttemberg,,,Linux-7.0.0-31-generic-x86_64-with-glibc2.43,3.14.4,3.3.0,24,Intel(R) Core(TM) Ultra 9 285K,1,1 x NVIDIA GeForce RTX 5090,9.2986,48.7383,60.81615447998047,machine,0.0,0.0,0.0,0.0,N
rollout_12,2026-09-19T17:22:30,tdmpc2_Ant-v5_seed85062,e895d6ce-cf92-4b9f-a886-61c464011cbe,16.530472739003017,0.00037191725722239555,2.2498894594661384e-05,30.472404258326467,131.52699286138957,20.0,0.00015501001845236173,0.0007294464168898784,9.183246667218746e-05,0.0009762889020144272,0.0,Germany,DEU,baden-wurttemberg,,,Linux-7.0.0-31-generic-x86_64-with-glibc2.43,3.14.4,3.3.0,24,Intel(R) Core(TM) Ultra 9 285K,1,1 x NVIDIA GeForce RTX 5090,9.2986,48.7383,60.81615447998047,machine,0.0,0.0,0.0,0.0,N
gradient_updates_12,2026-09-19T17:22:47,tdmpc2_Ant-v5_seed85062,e895d6ce-cf92-4b9f-a886-61c464011cbe,17.08006456300791,0.00031020275106747285,1.816169625014182e-05,30.56892300916652,131.3035626531709,20.0,0.00012719519370051838,0.0005922060293195308,9.488608782776305e-05,0.0008142873108478096,0.0,Germany,DEU,baden-wurttemberg,,,Linux-7.0.0-31-generic-x86_64-with-glibc2.43,3.14.4,3.3.0,24,Intel(R) Core(TM) Ultra 9 285K,1,1 x NVIDIA GeForce RTX 5090,9.2986,48.7383,60.81615447998047,machine,0.0,0.0,0.0,0.0,N
rollout_13,2026-09-19T17:23:03,tdmpc2_Ant-v5_seed85062,e895d6ce-cf92-4b9f-a886-61c464011cbe,16.52282641400234,0.00037293316734932254,2.2570790299105494e-05,30.462176106513343,132.18979621805576,20.0,0.00015844783453594375,0.0007287169718623865,9.179087636665721e-05,0.000978955682764987,0.0,Germany,DEU,baden-wurttemberg,,,Linux-7.0.0-31-generic-x86_64-with-glibc2.43,3.14.4,3.3.0,24,Intel(R) Core(TM) Ultra 9 285K,1,1 x NVIDIA GeForce RTX 5090,9.2986,48.7383,60.81615447998047,machine,0.0,0.0,0.0,0.0,N
gradient_updates_13,2026-09-19T17:23:20,tdmpc2_Ant-v5_seed85062,e895d6ce-cf92-4b9f-a886-61c464011cbe,17.073316194990184,0.0003096374308608398,1.8135733033452072e-05,30.575025291415344,131.96132651027645,20.0,0.00012572472391303175,0.0005922301960064047,9.484841611111846e-05,0.0008128033360305549,0.0,Germany,DEU,baden-wurttemberg,,,Linux-7.0.0-31-generic-x86_64-with-glibc2.43,3.14.4,3.3.0,24,Intel(R) Core(TM) Ultra 9 285K,1,1 x NVIDIA GeForce RTX 5090,9.2986,48.7383,60.81615447998047,machine,0.0,0.0,0.0,0.0,N
rollout_14,2026-09-19T17:23:37,tdmpc2_Ant-v5_seed85062,e895d6ce-cf92-4b9f-a886-61c464011cbe,16.520567193991155,0.00037257204981214036,2.255202185590332e-05,30.465509708113874,132.77731405377057,20.0,0.0001571015029033238,0.000729128361079745,9.177787932219657e-05,0.000978007743305264,0.0,Germany,DEU,baden-wurttemberg,,,Linux-7.0.0-31-generic-x86_64-with-glibc2.43,3.14.4,3.3.0,24,Intel(R) Core(TM) Ultra 9 285K,1,1 x NVIDIA GeForce RTX 5090,9.2986,48.7383,60.81615447998047,machine,0.0,0.0,0.0,0.0,N
gradient_updates_14,2026-09-19T17:23:54,tdmpc2_Ant-v5_seed85062,e895d6ce-cf92-4b9f-a886-61c464011cbe,17.146318409999367,0.00030926029220419184,1.8036553838470004e-05,30.56217918770771,132.54313996811777,20.0,0.00012209807212282438,0.0005944613089021722,9.525395984439668e-05,0.0008118133408693863,0.0,Germany,DEU,baden-wurttemberg,,,Linux-7.0.0-31-generic-x86_64-with-glibc2.43,3.14.4,3.3.0,24,Intel(R) Core(TM) Ultra 9 285K,1,1 x NVIDIA GeForce RTX 5090,9.2986,48.7383,60.81615447998047,machine,0.0,0.0,0.0,0.0,N
rollout_15,2026-09-19T17:24:11,tdmpc2_Ant-v5_seed85062,e895d6ce-cf92-4b9f-a886-61c464011cbe,16.534376228999463,0.0003718395060644409,2.2488881783913518e-05,30.435120654851854,133.2899779462368,20.0,0.0001554332454576082,0.0007287961385915587,9.185541990001283e-05,0.0009760848039491801,0.0,Germany,DEU,baden-wurttemberg,,,Linux-7.0.0-31-generic-x86_64-with-glibc2.43,3.14.4,3.3.0,24,Intel(R) Core(TM) Ultra 9 285K,1,1 x NVIDIA GeForce RTX 5090,9.2986,48.7383,60.81615447998047,machine,0.0,0.0,0.0,0.0,N
gradient_updates_15,2026-09-19T17:24:28,tdmpc2_Ant-v5_seed85062,e895d6ce-cf92-4b9f-a886-61c464011cbe,17.084346882998943,0.00031108399806299356,1.820872614568408e-05,30.519245193027288,133.05897128700957,20.0,0.00012862641484549363,0.0005930643633402788,9.490982048333124e-05,0.0008166005986691011,0.0,Germany,DEU,baden-wurttemberg,,,Linux-7.0.0-31-generic-x86_64-with-glibc2.43,3.14.4,3.3.0,24,Intel(R) Core(TM) Ultra 9 285K,1,1 x NVIDIA GeForce RTX 5090,9.2986,48.7383,60.81615447998047,machine,0.0,0.0,0.0,0.0,N
rollout_16,2026-09-19T17:24:44,tdmpc2_Ant-v5_seed85062,e895d6ce-cf92-4b9f-a886-61c464011cbe,16.529524017998483,0.0003727882740027066,2.2552881208801963e-05,30.438416758504715,133.75345392282975,20.0,0.0001578361615466057,0.0007289111386841185,9.182803512222627e-05,0.0009785753353529492,0.0,Germany,DEU,baden-wurttemberg,,,Linux-7.0.0-31-generic-x86_64-with-glibc2.43,3.14.4,3.3.0,24,Intel(R) Core(TM) Ultra 9 285K,1,1 x NVIDIA GeForce RTX 5090,9.2986,48.7383,60.81615447998047,machine,0.0,0.0,0.0,0.0,N
gradient_updates_16,2026-09-19T17:25:01,tdmpc2_Ant-v5_seed85062,e895d6ce-cf92-4b9f-a886-61c464011cbe,17.07980357100314,0.0003104240114641856,1.8174929732337785e-05,30.530924587263588,133.5204784453406,20.0,0.00012742339721641405,0.0005925599184917196,9.488480731112414e-05,0.0008148681230192578,0.0,Germany,DEU,baden-wurttemberg,,,Linux-7.0.0-31-generic-x86_64-with-glibc2.43,3.14.4,3.3.0,24,Intel(R) Core(TM) Ultra 9 285K,1,1 x NVIDIA GeForce RTX 5090,9.2986,48.7383,60.81615447998047,machine,0.0,0.0,0.0,0.0,N
rollout_17,2026-09-19T17:25:18,tdmpc2_Ant-v5_seed85062,e895d6ce-cf92-4b9f-a886-61c464011cbe,16.52358658000594,0.0003742002769117885,2.2646437150428466e-05,30.449473897327387,134.16507372857222,20.0,0.0001622739859301961,0.0007282128047916281,9.179507543327983e-05,0.0009822818661551075,0.0,Germany,DEU,baden-wurttemberg,,,Linux-7.0.0-31-generic-x86_64-with-glibc2.43,3.14.4,3.3.0,24,Intel(R) Core(TM) Ultra 9 285K,1,1 x NVIDIA GeForce RTX 5090,9.2986,48.7383,60.81615447998047,machine,0.0,0.0,0.0,0.0,N
gradient_updates_17,2026-09-19T17:25:35,tdmpc2_Ant-v5_seed85062,e895d6ce-cf92-4b9f-a886-61c464011cbe,17.106498112989357,0.00030988121076901305,1.811480407855511e-05,30.560023671588702,133.92239911691303,20.0,0.00012702682189915434,0.0005913835286621705,9.503291172772554e-05,0.0008134432622890486,0.0,Germany,DEU,baden-wurttemberg,,,Linux-7.0.0-31-generic-x86_64-with-glibc2.43,3.14.4,3.3.0,24,Intel(R) Core(TM) Ultra 9 285K,1,1 x NVIDIA GeForce RTX 5090,9.2986,48.7383,60.81615447998047,machine,0.0,0.0,0.0,0.0,N
rollout_18,2026-09-19T17:25:51,tdmpc2_Ant-v5_seed85062,e895d6ce-cf92-4b9f-a886-61c464011cbe,16.517919566002092,0.0003754137642068174,2.2727676433773277e-05,30.478242525533204,134.55671500941406,20.0,0.00015992537432908596,0.000733779475912133,9.176243997224224e-05,0.0009854672902134612,0.0,Germany,DEU,baden-wurttemberg,,,Linux-7.0.0-31-generic-x86_64-with-glibc2.43,3.14.4,3.3.0,24,Intel(R) Core(TM) Ultra 9 285K,1,1 x NVIDIA GeForce RTX 5090,9.2986,48.7383,60.81615447998047,machine,0.0,0.0,0.0,0.0,N
gradient_updates_18,2026-09-19T17:26:08,tdmpc2_Ant-v5_seed85062,e895d6ce-cf92-4b9f-a886-61c464011cbe,17.090904520999175,0.00030853658085367233,1.805268651507105e-05,30.571564495846197,134.30303958211476,20.0,0.0001267593525185115,0.0005882076927878899,9.494654139440787e-05,0.0008099135867008084,0.0,Germany,DEU,baden-wurttemberg,,,Linux-7.0.0-31-generic-x86_64-with-glibc2.43,3.14.4,3.3.0,24,Intel(R) Core(TM) Ultra 9 285K,1,1 x NVIDIA GeForce RTX 5090,9.2986,48.7383,60.81615447998047,machine,0.0,0.0,0.0,0.0,N
rollout_19,2026-09-19T17:26:25,tdmpc2_Ant-v5_seed85062,e895d6ce-cf92-4b9f-a886-61c464011cbe,16.5239374399971,0.00037394519438768356,2.2630519373244206e-05,30.492756475520242,134.87472756256417,20.0,0.00016046768754071367,0.0007293383612481108,9.18062215555333e-05,0.0009816122703443578,0.0,Germany,DEU,baden-wurttemberg,,,Linux-7.0.0-31-generic-x86_64-with-glibc2.43,3.14.4,3.3.0,24,Intel(R) Core(TM) Ultra 9 285K,1,1 x NVIDIA GeForce RTX 5090,9.2986,48.7383,60.81615447998047,machine,0.0,0.0,0.0,0.0,N
gradient_updates_19,2026-09-19T17:26:41,tdmpc2_Ant-v5_seed85062,e895d6ce-cf92-4b9f-a886-61c464011cbe,15.997288498998387,0.0003002584664945577,1.8769348626307316e-05,30.58488920533659,134.73933417217157,20.0,0.0001264622306141475,0.0005728507360580615,8.887043402226302e-05,0.0007881834006944685,0.0,Germany,DEU,baden-wurttemberg,,,Linux-7.0.0-31-generic-x86_64-with-glibc2.43,3.14.4,3.3.0,24,Intel(R) Core(TM) Ultra 9 285K,1,1 x NVIDIA GeForce RTX 5090,9.2986,48.7383,60.81615447998047,machine,0.0,0.0,0.0,0.0,N
rollout_20,2026-09-19T17:26:58,tdmpc2_Ant-v5_seed85062,e895d6ce-cf92-4b9f-a886-61c464011cbe,16.577506085988716,0.0003752536411814472,2.263632510143392e-05,30.545548765139593,135.2862911324422,20.0,0.0001591740667835958,0.0007337783648000418,9.20945330611881e-05,0.0009850469646448257,0.0,Germany,DEU,baden-wurttemberg,,,Linux-7.0.0-31-generic-x86_64-with-glibc2.43,3.14.4,3.3.0,24,Intel(R) Core(TM) Ultra 9 285K,1,1 x NVIDIA GeForce RTX 5090,9.2986,48.7383,60.81615447998047,machine,0.0,0.0,0.0,0.0,N
gradient_updates_20,2026-09-19T17:27:12,tdmpc2_Ant-v5_seed85062,e895d6ce-cf92-4b9f-a886-61c464011cbe,14.63434029200289,0.0002849518063276421,1.947146419109389e-05,30.62475449578384,135.28104606761883,20.0,0.00011775278336881821,0.0005489518280499261,8.129855521110587e-05,0.0007480031666298528,0.0,Germany,DEU,baden-wurttemberg,,,Linux-7.0.0-31-generic-x86_64-with-glibc2.43,3.14.4,3.3.0,24,Intel(R) Core(TM) Ultra 9 285K,1,1 x NVIDIA GeForce RTX 5090,9.2986,48.7383,60.81615447998047,machine,0.0,0.0,0.0,0.0,N
rollout_21,2026-09-19T17:27:29,tdmpc2_Ant-v5_seed85062,e895d6ce-cf92-4b9f-a886-61c464011cbe,16.544182575002196,0.00037184767108719083,2.2476044246570163e-05,30.595022342677087,135.78447186928219,20.0,0.0001537796366347221,0.0007304172509998708,9.190934963327051e-05,0.0009761062372678625,0.0,Germany,DEU,baden-wurttemberg,,,Linux-7.0.0-31-generic-x86_64-with-glibc2.43,3.14.4,3.3.0,24,Intel(R) Core(TM) Ultra 9 285K,1,1 x NVIDIA GeForce RTX 5090,9.2986,48.7383,60.81615447998047,machine,0.0,0.0,0.0,0.0,N
gradient_updates_21,2026-09-19T17:27:43,tdmpc2_Ant-v5_seed85062,e895d6ce-cf92-4b9f-a886-61c464011cbe,14.533902597002452,0.0002887969891118315,1.987055001153443e-05,30.65109360105421,135.80768421825167,20.0,0.00012469014586314817,0.0005526662754662404,8.074041319438684e-05,0.0007580968345237693,0.0,Germany,DEU,baden-wurttemberg,,,Linux-7.0.0-31-generic-x86_64-with-glibc2.43,3.14.4,3.3.0,24,Intel(R) Core(TM) Ultra 9 285K,1,1 x NVIDIA GeForce RTX 5090,9.2986,48.7383,60.81615447998047,machine,0.0,0.0,0.0,0.0,N
rollout_22,2026-09-19T17:28:00,tdmpc2_Ant-v5_seed85062,e895d6ce-cf92-4b9f-a886-61c464011cbe,16.532860745006474,0.00037345882867035815,2.2588887933426382e-05,30.659731102210053,136.28716197989172,20.0,0.00015691788942309975,0.000731571140811571,9.184652212223046e-05,0.0009803355523568952,0.0,Germany,DEU,baden-wurttemberg,,,Linux-7.0.0-31-generic-x86_64-with-glibc2.43,3.14.4,3.3.0,24,Intel(R) Core(TM) Ultra 9 285K,1,1 x NVIDIA GeForce RTX 5090,9.2986,48.7383,60.81615447998047,machine,0.0,0.0,0.0,0.0,N
gradient_updates_22,2026-09-19T17:28:14,tdmpc2_Ant-v5_seed85062,e895d6ce-cf92-4b9f-a886-61c464011cbe,14.52952417700726,0.000287557551332758,1.9791274985927675e-05,30.725190880046416,136.28829897511795,20.0,0.0001238723271533371,0.0005502557179823953,8.071524488332225e-05,0.0007548432900190555,0.0,Germany,DEU,baden-wurttemberg,,,Linux-7.0.0-31-generic-x86_64-with-glibc2.43,3.14.4,3.3.0,24,Intel(R) Core(TM) Ultra 9 285K,1,1 x NVIDIA GeForce RTX 5090,9.2986,48.7383,60.81615447998047,machine,0.0,0.0,0.0,0.0,N
rollout_23,2026-09-19T17:28:31,tdmpc2_Ant-v5_seed85062,e895d6ce-cf92-4b9f-a886-61c464011cbe,16.515349192006397,0.0003745425917382264,2.2678463405374836e-05,30.72886221120785,136.74934774318442,20.0,0.00015830070608490766,0.0007331258642779837,9.175387782775577e-05,0.0009831804481906445,0.0,Germany,DEU,baden-wurttemberg,,,Linux-7.0.0-31-generic-x86_64-with-glibc2.43,3.14.4,3.3.0,24,Intel(R) Core(TM) Ultra 9 285K,1,1 x NVIDIA GeForce RTX 5090,9.2986,48.7383,60.81615447998047,machine,0.0,0.0,0.0,0.0,N
gradient_updates_23,2026-09-19T17:28:45,tdmpc2_Ant-v5_seed85062,e895d6ce-cf92-4b9f-a886-61c464011cbe,14.536872229000437,0.0002868035512742645,1.972940059316534e-05,30.796786453536097,136.72564157098012,20.0,0.00012484459848671053,0.0005472543266917818,8.076510231662219e-05,0.0007528640274951162,0.0,Germany,DEU,baden-wurttemberg,,,Linux-7.0.0-31-generic-x86_64-with-glibc2.43,3.14.4,3.3.0,24,Intel(R) Core(TM) Ultra 9 285K,1,1 x NVIDIA GeForce RTX 5090,9.2986,48.7383,60.81615447998047,machine,0.0,0.0,0.0,0.0,N
rollout_24,2026-09-19T17:29:02,tdmpc2_Ant-v5_seed85062,e895d6ce-cf92-4b9f-a886-61c464011cbe,16.510904201990343,0.00037332339803205355,2.261072123246003e-05,30.8027002523226,137.1526963070375,20.0,0.00015739335230346985,0.0007308622513559904,9.172444104996354e-05,0.000979980044709422,0.0,Germany,DEU,baden-wurttemberg,,,Linux-7.0.0-31-generic-x86_64-with-glibc2.43,3.14.4,3.3.0,24,Intel(R) Core(TM) Ultra 9 285K,1,1 x NVIDIA GeForce RTX 5090,9.2986,48.7383,60.81615447998047,machine,0.0,0.0,0.0,0.0,N
gradient_updates_24,2026-09-19T17:29:16,tdmpc2_Ant-v5_seed85062,e895d6ce-cf92-4b9f-a886-61c464011cbe,14.53747542099154,0.0002882887118441334,1.9830742308608544e-05,30.86334242152191,137.14303153183485,20.0,0.00012428192303656944,0.0005517204413760801,8.076023394444024e-05,0.0007567625983570872,0.0,Germany,DEU,baden-wurttemberg,,,Linux-7.0.0-31-generic-x86_64-with-glibc2.43,3.14.4,3.3.0,24,Intel(R) Core(TM) Ultra 9 285K,1,1 x NVIDIA GeForce RTX 5090,9.2986,48.7383,60.81615447998047,machine,0.0,0.0,0.0,0.0,N
rollout_25,2026-09-19T17:29:33,tdmpc2_Ant-v5_seed85062,e895d6ce-cf92-4b9f-a886-61c464011cbe,16.524573739996413,0.000373441264054572,2.259915340847135e-05,30.8652282704459,137.54924531584578,20.0,0.00015645178488354894,0.0007320378078521372,9.179985221659682e-05,0.0009802894449522856,0.0,Germany,DEU,baden-wurttemberg,,,Linux-7.0.0-31-generic-x86_64-with-glibc2.43,3.14.4,3.3.0,24,Intel(R) Core(TM) Ultra 9 285K,1,1 x NVIDIA GeForce RTX 5090,9.2986,48.7383,60.81615447998047,machine,0.0,0.0,0.0,0.0,N
gradient_updates_25,2026-09-19T17:29:48,tdmpc2_Ant-v5_seed85062,e895d6ce-cf92-4b9f-a886-61c464011cbe,14.64576105598826,0.00028633994661167103,1.9551023645731592e-05,30.916911339632804,137.5124452353552,20.0,0.00011910231944844626,0.0005511829409456936,8.136179725560296e-05,0.0007516470576497472,0.0,Germany,DEU,baden-wurttemberg,,,Linux-7.0.0-31-generic-x86_64-with-glibc2.43,3.14.4,3.3.0,24,Intel(R) Core(TM) Ultra 9 285K,1,1 x NVIDIA GeForce RTX 5090,9.2986,48.7383,60.81615447998047,machine,0.0,0.0,0.0,0.0,N
rollout_26,2026-09-19T17:30:04,tdmpc2_Ant-v5_seed85062,e895d6ce-cf92-4b9f-a886-61c464011cbe,16.545592931011925,0.00037612837883839803,2.2732853590817358e-05,30.893575727486535,137.91055194486046,20.0,0.00015914297286983084,0.0007362828112480457,9.19173812277017e-05,0.0009873431653455791,0.0,Germany,DEU,baden-wurttemberg,,,Linux-7.0.0-31-generic-x86_64-with-glibc2.43,3.14.4,3.3.0,24,Intel(R) Core(TM) Ultra 9 285K,1,1 x NVIDIA GeForce RTX 5090,9.2986,48.7383,60.81615447998047,machine,0.0,0.0,0.0,0.0,N
gradient_updates_26,2026-09-19T17:30:19,tdmpc2_Ant-v5_seed85062,e895d6ce-cf92-4b9f-a886-61c464011cbe,14.50337794200459,0.0002881952748956425,1.9870920669947792e-05,30.953625805387496,137.89218528335576,20.0,0.00012465352472273983,0.0005512926632560422,8.057113685556224e-05,0.0007565173248343451,0.0,Germany,DEU,baden-wurttemberg,,,Linux-7.0.0-31-generic-x86_64-with-glibc2.43,3.14.4,3.3.0,24,Intel(R) Core(TM) Ultra 9 285K,1,1 x NVIDIA GeForce RTX 5090,9.2986,48.7383,60.81615447998047,machine,0.0,0.0,0.0,0.0,N
rollout_27,2026-09-19T17:30:35,tdmpc2_Ant-v5_seed85062,e895d6ce-cf92-4b9f-a886-61c464011cbe,16.50785523300874,0.0003731324744089999,2.2603337272502963e-05,30.956041378628758,138.26621520475652,20.0,0.00015429009287641973,0.0007334811423400645,9.170763185005221e-05,0.0009794788670665425,0.0,Germany,DEU,baden-wurttemberg,,,Linux-7.0.0-31-generic-x86_64-with-glibc2.43,3.14.4,3.3.0,24,Intel(R) Core(TM) Ultra 9 285K,1,1 x NVIDIA GeForce RTX 5090,9.2986,48.7383,60.81615447998047,machine,0.0,0.0,0.0,0.0,N
gradient_updates_27,2026-09-19T17:30:50,tdmpc2_Ant-v5_seed85062,e895d6ce-cf92-4b9f-a886-61c464011cbe,14.5765100360004,0.0002875267922499321,1.9725356751877292e-05,30.99676812529041,138.23539262810155,20.0,0.00012144718410211398,0.0005523379418699292,8.097742094994621e-05,0.000754762546921986,0.0,Germany,DEU,baden-wurttemberg,,,Linux-7.0.0-31-generic-x86_64-with-glibc2.43,3.14.4,3.3.0,24,Intel(R) Core(TM) Ultra 9 285K,1,1 x NVIDIA GeForce RTX 5090,9.2986,48.7383,60.81615447998047,machine,0.0,0.0,0.0,0.0,N
rollout_28,2026-09-19T17:31:06,tdmpc2_Ant-v5_seed85062,e895d6ce-cf92-4b9f-a886-61c464011cbe,16.536567285002093,0.0003744495632751199,2.2643741043270976e-05,30.984581383599657,138.58426744128127,20.0,0.00015834207417355674,0.0007327264195140515,9.186775326112777e-05,0.000982936246948736,0.0,Germany,DEU,baden-wurttemberg,,,Linux-7.0.0-31-generic-x86_64-with-glibc2.43,3.14.4,3.3.0,24,Intel(R) Core(TM) Ultra 9 285K,1,1 x NVIDIA GeForce RTX 5090,9.2986,48.7383,60.81615447998047,machine,0.0,0.0,0.0,0.0,N
gradient_updates_28,2026-09-19T17:31:21,tdmpc2_Ant-v5_seed85062,e895d6ce-cf92-4b9f-a886-61c464011cbe,14.71726822599885,0.0002853261769786529,1.9387185150198324e-05,31.033046000275675,138.54106317677198,20.0,0.00011164561653864355,0.0005555810000199557,8.175927917222423e-05,0.0007489858957308165,0.0,Germany,DEU,baden-wurttemberg,,,Linux-7.0.0-31-generic-x86_64-with-glibc2.43,3.14.4,3.3.0,24,Intel(R) Core(TM) Ultra 9 285K,1,1 x NVIDIA GeForce RTX 5090,9.2986,48.7383,60.81615447998047,machine,0.0,0.0,0.0,0.0,N
rollout_29,2026-09-19T17:31:38,tdmpc2_Ant-v5_seed85062,e895d6ce-cf92-4b9f-a886-61c464011cbe,16.527008033008315,0.0003743075496211584,2.2648242076926017e-05,30.98024131593484,138.88035120698166,20.0,0.00015661741029382795,0.0007341319761944298,9.181407228889965e-05,0.000982563458777161,0.0,Germany,DEU,baden-wurttemberg,,,Linux-7.0.0-31-generic-x86_64-with-glibc2.43,3.14.4,3.3.0,24,Intel(R) Core(TM) Ultra 9 285K,1,1 x NVIDIA GeForce RTX 5090,9.2986,48.7383,60.81615447998047,machine,0.0,0.0,0.0,0.0,N
gradient_updates_29,2026-09-19T17:31:52,tdmpc2_Ant-v5_seed85062,e895d6ce-cf92-4b9f-a886-61c464011cbe,14.700931354993372,0.00028631403565405195,1.9475891455176153e-05,31.02297617388832,138.83341557545253,20.0,0.00011506759733178294,0.0005548432216513355,8.166822197777559e-05,0.0007515790409608966,0.0,Germany,DEU,baden-wurttemberg,,,Linux-7.0.0-31-generic-x86_64-with-glibc2.43,3.14.4,3.3.0,24,Intel(R) Core(TM) Ultra 9 285K,1,1 x NVIDIA GeForce RTX 5090,9.2986,48.7383,60.81615447998047,machine,0.0,0.0,0.0,0.0,N
rollout_30,2026-09-19T17:32:09,tdmpc2_Ant-v5_seed85062,e895d6ce-cf92-4b9f-a886-61c464011cbe,16.584378839994315,0.0003766060595513897,2.2708482211826496e-05,30.98479121425832,139.16197244374015,20.0,0.00015852455209731768,0.0007379397570179691,9.213277593888864e-05,0.0009885970850541798,0.0,Germany,DEU,baden-wurttemberg,,,Linux-7.0.0-31-generic-x86_64-with-glibc2.43,3.14.4,3.3.0,24,Intel(R) Core(TM) Ultra 9 285K,1,1 x NVIDIA GeForce RTX 5090,9.2986,48.7383,60.81615447998047,machine,0.0,0.0,0.0,0.0,N
gradient_updates_30,2026-09-19T17:32:23,tdmpc2_Ant-v5_seed85062,e895d6ce-cf92-4b9f-a886-61c464011cbe,14.487575833001756,0.0002892861842761496,1.9967895087000128e-05,31.03404327393374,139.12713022268127,20.0,0.00012812928444778937,0.0005507673850582151,8.048431035001871e-05,0.0007593809798560197,0.0,Germany,DEU,baden-wurttemberg,,,Linux-7.0.0-31-generic-x86_64-with-glibc2.43,3.14.4,3.3.0,24,Intel(R) Core(TM) Ultra 9 285K,1,1 x NVIDIA GeForce RTX 5090,9.2986,48.7383,60.81615447998047,machine,0.0,0.0,0.0,0.0,N
rollout_31,2026-09-19T17:32:40,tdmpc2_Ant-v5_seed85062,e895d6ce-cf92-4b9f-a886-61c464011cbe,16.53572477500711,0.000375154726457886,2.2687535909878152e-05,31.04855917659526,139.4331197155608,20.0,0.00015972782417104578,0.0007331969754460488,9.186251225554685e-05,0.0009847873118726466,0.0,Germany,DEU,baden-wurttemberg,,,Linux-7.0.0-31-generic-x86_64-with-glibc2.43,3.14.4,3.3.0,24,Intel(R) Core(TM) Ultra 9 285K,1,1 x NVIDIA GeForce RTX 5090,9.2986,48.7383,60.81615447998047,machine,0.0,0.0,0.0,0.0,N
gradient_updates_31,2026-09-19T17:32:54,tdmpc2_Ant-v5_seed85062,e895d6ce-cf92-4b9f-a886-61c464011cbe,14.554512574002729,0.0002902893515868525,1.994498232163654e-05,31.100207222877287,139.39522270034584,20.0,0.00012788117674930252,0.0005532782204000775,8.085491335554657e-05,0.0007620143105049326,0.0,Germany,DEU,baden-wurttemberg,,,Linux-7.0.0-31-generic-x86_64-with-glibc2.43,3.14.4,3.3.0,24,Intel(R) Core(TM) Ultra 9 285K,1,1 x NVIDIA GeForce RTX 5090,9.2986,48.7383,60.81615447998047,machine,0.0,0.0,0.0,0.0,N
rollout_32,2026-09-19T17:33:11,tdmpc2_Ant-v5_seed85062,e895d6ce-cf92-4b9f-a886-61c464011cbe,16.50437122299627,0.00037457462945455697,2.2695486079363197e-05,31.11023759372714,139.69427944173393,20.0,0.00015792854495384583,0.0007336478091399812,9.168819362781119e-05,0.0009832645477216365,0.0,Germany,DEU,baden-wurttemberg,,,Linux-7.0.0-31-generic-x86_64-with-glibc2.43,3.14.4,3.3.0,24,Intel(R) Core(TM) Ultra 9 285K,1,1 x NVIDIA GeForce RTX 5090,9.2986,48.7383,60.81615447998047,machine,0.0,0.0,0.0,0.0,N
gradient_updates_32,2026-09-19T17:33:25,tdmpc2_Ant-v5_seed85062,e895d6ce-cf92-4b9f-a886-61c464011cbe,14.507676510998863,0.000287991015114647,1.9850955786767157e-05,31.154882280845122,139.6454462421961,20.0,0.00012622393959018166,0.0005491621059956486,8.059509397224073e-05,0.0007559811395580693,0.0,Germany,DEU,baden-wurttemberg,,,Linux-7.0.0-31-generic-x86_64-with-glibc2.43,3.14.4,3.3.0,24,Intel(R) Core(TM) Ultra 9 285K,1,1 x NVIDIA GeForce RTX 5090,9.2986,48.7383,60.81615447998047,machine,0.0,0.0,0.0,0.0,N
rollout_33,2026-09-19T17:33:42,tdmpc2_Ant-v5_seed85062,e895d6ce-cf92-4b9f-a886-61c464011cbe,16.507934704000945,0.0003751132815755266,2.272321951968899e-05,31.160246218902987,139.92803188189094,20.0,0.00016063812823262184,0.0007323325303105754,9.170785983329127e-05,0.0009846785183764972,0.0,Germany,DEU,baden-wurttemberg,,,Linux-7.0.0-31-generic-x86_64-with-glibc2.43,3.14.4,3.3.0,24,Intel(R) Core(TM) Ultra 9 285K,1,1 x NVIDIA GeForce RTX 5090,9.2986,48.7383,60.81615447998047,machine,0.0,0.0,0.0,0.0,N
gradient_updates_33,2026-09-19T17:33:57,tdmpc2_Ant-v5_seed85062,e895d6ce-cf92-4b9f-a886-61c464011cbe,14.690591323000262,0.0002867162853355601,1.9516980340538082e-05,31.208157992240793,139.86891146128366,20.0,0.00011740690114766736,0.0005536171095599229,8.161094226670669e-05,0.0007526349529742987,0.0,Germany,DEU,baden-wurttemberg,,,Linux-7.0.0-31-generic-x86_64-with-glibc2.43,3.14.4,3.3.0,24,Intel(R) Core(TM) Ultra 9 285K,1,1 x NVIDIA GeForce RTX 5090,9.2986,48.7383,60.81615447998047,machine,0.0,0.0,0.0,0.0,N
rollout_34,2026-09-19T17:34:13,tdmpc2_Ant-v5_seed85062,e895d6ce-cf92-4b9f-a886-61c464011cbe,16.521465420999448,0.00037602175999991785,2.2759593587520754e-05,31.179883914343726,140.14339299092953,20.0,0.00016144234970933216,0.0007338378092915931,9.178313014441934e-05,0.000987063289145343,0.0,Germany,DEU,baden-wurttemberg,,,Linux-7.0.0-31-generic-x86_64-with-glibc2.43,3.14.4,3.3.0,24,Intel(R) Core(TM) Ultra 9 285K,1,1 x NVIDIA GeForce RTX 5090,9.2986,48.7383,60.81615447998047,machine,0.0,0.0,0.0,0.0,N
gradient_updates_34,2026-09-19T17:34:28,tdmpc2_Ant-v5_seed85062,e895d6ce-cf92-4b9f-a886-61c464011cbe,14.619897626995225,0.00028680226124892794,1.9617267510714036e-05,31.22853345157823,140.089003060791,20.0,0.00011887113204127331,0.0005527709977717343,8.121851134443824e-05,0.0007528606411574407,0.0,Germany,DEU,baden-wurttemberg,,,Linux-7.0.0-31-generic-x86_64-with-glibc2.43,3.14.4,3.3.0,24,Intel(R) Core(TM) Ultra 9 285K,1,1 x NVIDIA GeForce RTX 5090,9.2986,48.7383,60.81615447998047,machine,0.0,0.0,0.0,0.0,N
rollout_35,2026-09-19T17:34:44,tdmpc2_Ant-v5_seed85062,e895d6ce-cf92-4b9f-a886-61c464011cbe,16.54006814699096,0.00037590258563149903,2.2726793844242887e-05,31.206215244886565,140.36232208504953,20.0,0.00015698801170141961,0.0007378672569604561,9.189518581115448e-05,0.0009867504544730232,0.0,Germany,DEU,baden-wurttemberg,,,Linux-7.0.0-31-generic-x86_64-with-glibc2.43,3.14.4,3.3.0,24,Intel(R) Core(TM) Ultra 9 285K,1,1 x NVIDIA GeForce RTX 5090,9.2986,48.7383,60.81615447998047,machine,0.0,0.0,0.0,0.0,N
gradient_updates_35,2026-09-19T17:34:59,tdmpc2_Ant-v5_seed85062,e895d6ce-cf92-4b9f-a886-61c464011cbe,14.527495265007019,0.00028843785153492146,1.985463162072085e-05,31.242368341796418,140.31259766730292,20.0,0.0001252987841278367,0.0005511504409199119,8.070486744448605e-05,0.000757154092492246,0.0,Germany,DEU,baden-wurttemberg,,,Linux-7.0.0-31-generic-x86_64-with-glibc2.43,3.14.4,3.3.0,24,Intel(R) Core(TM) Ultra 9 285K,1,1 x NVIDIA GeForce RTX 5090,9.2986,48.7383,60.81615447998047,machine,0.0,0.0,0.0,0.0,N
rollout_36,2026-09-19T17:35:15,tdmpc2_Ant-v5_seed85062,e895d6ce-cf92-4b9f-a886-61c464011cbe,16.533116495003924,0.0003753282881618844,2.270161737662474e-05,31.242930465724935,140.56055167536726,20.0,0.0001613396410160544,0.0007320553078660197,9.184796531109055e-05,0.000985242914193163,0.0,Germany,DEU,baden-wurttemberg,,,Linux-7.0.0-31-generic-x86_64-with-glibc2.43,3.14.4,3.3.0,24,Intel(R) Core(TM) Ultra 9 285K,1,1 x NVIDIA GeForce RTX 5090,9.2986,48.7383,60.81615447998047,machine,0.0,0.0,0.0,0.0,N
gradient_updates_36,2026-09-19T17:35:30,tdmpc2_Ant-v5_seed85062,e895d6ce-cf92-4b9f-a886-61c464011cbe,14.483271625998896,0.0002892502458912115,1.997134358507375e-05,31.289786108033002,140.51539339278693,20.0,0.0001275216295172233,0.0005513054410442031,8.045957044450908e-05,0.0007592866410059407,0.0,Germany,DEU,baden-wurttemberg,,,Linux-7.0.0-31-generic-x86_64-with-glibc2.43,3.14.4,3.3.0,24,Intel(R) Core(TM) Ultra 9 285K,1,1 x NVIDIA GeForce RTX 5090,9.2986,48.7383,60.81615447998047,machine,0.0,0.0,0.0,0.0,N
rollout_37,2026-09-19T17:35:46,tdmpc2_Ant-v5_seed85062,e895d6ce-cf92-4b9f-a886-61c464011cbe,16.520530491005047,0.0003766266970981723,2.279750013417079e-05,31.2972709112498,140.76888584995837,20.0,0.00016015752784814125,0.0007367153115938052,9.177841951111751e-05,0.0009886512589530744,0.0,Germany,DEU,baden-wurttemberg,,,Linux-7.0.0-31-generic-x86_64-with-glibc2.43,3.14.4,3.3.0,24,Intel(R) Core(TM) Ultra 9 285K,1,1 x NVIDIA GeForce RTX 5090,9.2986,48.7383,60.81615447998047,machine,0.0,0.0,0.0,0.0,N
gradient_updates_37,2026-09-19T17:36:01,tdmpc2_Ant-v5_seed85062,e895d6ce-cf92-4b9f-a886-61c464011cbe,14.632612781992066,0.0002865196997452399,1.9580863901992354e-05,31.337605744502405,140.70578794359977,20.0,0.00011919219340923368,0.0005516373857541446,8.128933341108174e-05,0.0007521189125744565,0.0,Germany,DEU,baden-wurttemberg,,,Linux-7.0.0-31-generic-x86_64-with-glibc2.43,3.14.4,3.3.0,24,Intel(R) Core(TM) Ultra 9 285K,1,1 x NVIDIA GeForce RTX 5090,9.2986,48.7383,60.81615447998047,machine,0.0,0.0,0.0,0.0,N
rollout_38,2026-09-19T17:36:18,tdmpc2_Ant-v5_seed85062,e895d6ce-cf92-4b9f-a886-61c464011cbe,16.536409174994333,0.0003752933968818699,2.269498305358201e-05,31.31660995609625,140.9410872036231,20.0,0.00015943031226637108,0.0007338547537498741,9.186625799443866e-05,0.000985151324010683,0.0,Germany,DEU,baden-wurttemberg,,,Linux-7.0.0-31-generic-x86_64-with-glibc2.43,3.14.4,3.3.0,24,Intel(R) Core(TM) Ultra 9 285K,1,1 x NVIDIA GeForce RTX 5090,9.2986,48.7383,60.81615447998047,machine,0.0,0.0,0.0,0.0,N
gradient_updates_38,2026-09-19T17:36:32,tdmpc2_Ant-v5_seed85062,e895d6ce-cf92-4b9f-a886-61c464011cbe,14.551451964012813,0.00029014717561124184,1.993940239259969e-05,31.35511863438763,140.89511305210934,20.0,0.00012636613442616046,0.0005544368324379434,8.08381293722453e-05,0.0007616410962363596,0.0,Germany,DEU,baden-wurttemberg,,,Linux-7.0.0-31-generic-x86_64-with-glibc2.43,3.14.4,3.3.0,24,Intel(R) Core(TM) Ultra 9 285K,1,1 x NVIDIA GeForce RTX 5090,9.2986,48.7383,60.81615447998047,machine,0.0,0.0,0.0,0.0,N
rollout_39,2026-09-19T17:36:49,tdmpc2_Ant-v5_seed85062,e895d6ce-cf92-4b9f-a886-61c464011cbe,16.54676470698905,0.000376407560235565,2.2748117844714577e-05,31.356807436870493,141.12151808948377,20.0,0.0001621974717023189,0.0007339547538300906,9.192379556107952e-05,0.0009880760210934925,0.0,Germany,DEU,baden-wurttemberg,,,Linux-7.0.0-31-generic-x86_64-with-glibc2.43,3.14.4,3.3.0,24,Intel(R) Core(TM) Ultra 9 285K,1,1 x NVIDIA GeForce RTX 5090,9.2986,48.7383,60.81615447998047,machine,0.0,0.0,0.0,0.0,N
gradient_updates_39,2026-09-19T17:37:05,tdmpc2_Ant-v5_seed85062,e895d6ce-cf92-4b9f-a886-61c464011cbe,16.488395776003017,0.0003078686726315019,1.867184312250855e-05,31.398550796288028,140.96915573996256,20.0,0.0001288434452968966,0.0005877176923960725,9.159917896670033e-05,0.0008081603166596729,0.0,Germany,DEU,baden-wurttemberg,,,Linux-7.0.0-31-generic-x86_64-with-glibc2.43,3.14.4,3.3.0,24,Intel(R) Core(TM) Ultra 9 285K,1,1 x NVIDIA GeForce RTX 5090,9.2986,48.7383,60.81615447998047,machine,0.0,0.0,0.0,0.0,N
rollout_40,2026-09-19T17:37:22,tdmpc2_Ant-v5_seed85062,e895d6ce-cf92-4b9f-a886-61c464011cbe,16.58439563200227,0.00037788244833253035,2.278542466841107e-05,31.3651174767794,141.1918858612568,20.0,0.00016320119306085026,0.0007366133670680952,9.213306641662165e-05,0.0009919476265455585,0.0,Germany,DEU,baden-wurttemberg,,,Linux-7.0.0-31-generic-x86_64-with-glibc2.43,3.14.4,3.3.0,24,Intel(R) Core(TM) Ultra 9 285K,1,1 x NVIDIA GeForce RTX 5090,9.2986,48.7383,60.81615447998047,machine,0.0,0.0,0.0,0.0,N
gradient_updates_40,2026-09-19T17:37:39,tdmpc2_Ant-v5_seed85062,e895d6ce-cf92-4b9f-a886-61c464011cbe,17.16919043699454,0.00031404705675030717,1.8291326172431964e-05,31.407020641020576,141.01048172769345,20.0,0.00013004254653395386,0.0005989549236078417,9.538120619448191e-05,0.0008243786763362793,0.0,Germany,DEU,baden-wurttemberg,,,Linux-7.0.0-31-generic-x86_64-with-glibc2.43,3.14.4,3.3.0,24,Intel(R) Core(TM) Ultra 9 285K,1,1 x NVIDIA GeForce RTX 5090,9.2986,48.7383,60.81615447998047,machine,0.0,0.0,0.0,0.0,N
rollout_41,2026-09-19T17:37:56,tdmpc2_Ant-v5_seed85062,e895d6ce-cf92-4b9f-a886-61c464011cbe,16.546738392004045,0.00037570225922554934,2.2705528943310193e-05,31.364546325967243,141.22527693466367,20.0,0.0001603279513178145,0.0007339764205140931,9.192022253886982e-05,0.0009862245943707826,0.0,Germany,DEU,baden-wurttemberg,,,Linux-7.0.0-31-generic-x86_64-with-glibc2.43,3.14.4,3.3.0,24,Intel(R) Core(TM) Ultra 9 285K,1,1 x NVIDIA GeForce RTX 5090,9.2986,48.7383,60.81615447998047,machine,0.0,0.0,0.0,0.0,N
gradient_updates_41,2026-09-19T17:38:12,tdmpc2_Ant-v5_seed85062,e895d6ce-cf92-4b9f-a886-61c464011cbe,16.00835967400053,0.0003014145271105148,1.8828548999593314e-05,31.399781051601142,141.09846418918866,20.0,0.00012393246359033473,0.0005783535182377619,8.893209694999481e-05,0.0007912180787780915,0.0,Germany,DEU,baden-wurttemberg,,,Linux-7.0.0-31-generic-x86_64-with-glibc2.43,3.14.4,3.3.0,24,Intel(R) Core(TM) Ultra 9 285K,1,1 x NVIDIA GeForce RTX 5090,9.2986,48.7383,60.81615447998047,machine,0.0,0.0,0.0,0.0,N
rollout_42,2026-09-19T17:38:28,tdmpc2_Ant-v5_seed85062,e895d6ce-cf92-4b9f-a886-61c464011cbe,16.535571942004026,0.00037723129596839086,2.2813325325576045e-05,31.364681034304926,141.31945865151104,20.0,0.0001599557054644627,0.0007384208685143889,9.186176692779074e-05,0.0009902383409066545,0.0,Germany,DEU,baden-wurttemberg,,,Linux-7.0.0-31-generic-x86_64-with-glibc2.43,3.14.4,3.3.0,24,Intel(R) Core(TM) Ultra 9 285K,1,1 x NVIDIA GeForce RTX 5090,9.2986,48.7383,60.81615447998047,machine,0.0,0.0,0.0,0.0,N
gradient_updates_42,2026-09-19T17:38:43,tdmpc2_Ant-v5_seed85062,e895d6ce-cf92-4b9f-a886-61c464011cbe,14.643201330007287,0.00028701349756093605,1.9600467309662783e-05,31.398967816878436,141.25981247456826,20.0,0.00011909694472192305,0.0005529704423756776,8.134775284448191e-05,0.0007534151399420791,0.0,Germany,DEU,baden-wurttemberg,,,Linux-7.0.0-31-generic-x86_64-with-glibc2.43,3.14.4,3.3.0,24,Intel(R) Core(TM) Ultra 9 285K,1,1 x NVIDIA GeForce RTX 5090,9.2986,48.7383,60.81615447998047,machine,0.0,0.0,0.0,0.0,N
rollout_43,2026-09-19T17:38:59,tdmpc2_Ant-v5_seed85062,e895d6ce-cf92-4b9f-a886-61c464011cbe,16.527282248993288,0.0003768692352665269,2.280285996448522e-05,31.37920161548912,141.4733028087813,20.0,0.00015975286557996793,0.0007377155901719945,9.181946987219837e-05,0.000989287925624166,0.0,Germany,DEU,baden-wurttemberg,,,Linux-7.0.0-31-generic-x86_64-with-glibc2.43,3.14.4,3.3.0,24,Intel(R) Core(TM) Ultra 9 285K,1,1 x NVIDIA GeForce RTX 5090,9.2986,48.7383,60.81615447998047,machine,0.0,0.0,0.0,0.0,N
gradient_updates_43,2026-09-19T17:39:14,tdmpc2_Ant-v5_seed85062,e895d6ce-cf92-4b9f-a886-61c464011cbe,14.544457712996518,0.0002888674333238993,1.9861012323758833e-05,31.41390660880693,141.41592484306878,20.0,0.00012726043347493186,0.0005502223846223231,8.079893363893524e-05,0.0007582817517361867,0.0,Germany,DEU,baden-wurttemberg,,,Linux-7.0.0-31-generic-x86_64-with-glibc2.43,3.14.4,3.3.0,24,Intel(R) Core(TM) Ultra 9 285K,1,1 x NVIDIA GeForce RTX 5090,9.2986,48.7383,60.81615447998047,machine,0.0,0.0,0.0,0.0,N
rollout_44,2026-09-19T17:39:30,tdmpc2_Ant-v5_seed85062,e895d6ce-cf92-4b9f-a886-61c464011cbe,16.513557767000748,0.0003737805924796875,2.2634777303972114e-05,31.41626209781006,141.6163825617068,20.0,0.00015525792253957317,0.0007341833651235419,9.173889997222788e-05,0.0009811801876353499,0.0,Germany,DEU,baden-wurttemberg,,,Linux-7.0.0-31-generic-x86_64-with-glibc2.43,3.14.4,3.3.0,24,Intel(R) Core(TM) Ultra 9 285K,1,1 x NVIDIA GeForce RTX 5090,9.2986,48.7383,60.81615447998047,machine,0.0,0.0,0.0,0.0,N
gradient_updates_44,2026-09-19T17:39:46,tdmpc2_Ant-v5_seed85062,e895d6ce-cf92-4b9f-a886-61c464011cbe,15.353365604998544,0.00029751221407792183,1.9377668670438096e-05,31.43931178617,141.52932198244886,20.0,0.00012663304408413144,0.0005690482330162894,8.529316594439382e-05,0.0007809744430448129,0.0,Germany,DEU,baden-wurttemberg,,,Linux-7.0.0-31-generic-x86_64-with-glibc2.43,3.14.4,3.3.0,24,Intel(R) Core(TM) Ultra 9 285K,1,1 x NVIDIA GeForce RTX 5090,9.2986,48.7383,60.81615447998047,machine,0.0,0.0,0.0,0.0,N
rollout_45,2026-09-19T17:40:02,tdmpc2_Ant-v5_seed85062,e895d6ce-cf92-4b9f-a886-61c464011cbe,16.521949717003736,0.00037366550710954405,2.261631423783262e-05,31.42360942625654,141.71990153478993,20.0,0.000156478471016009,0.0007326136416456741,9.178597398891257e-05,0.000980878086650594,0.0,Germany,DEU,baden-wurttemberg,,,Linux-7.0.0-31-generic-x86_64-with-glibc2.43,3.14.4,3.3.0,24,Intel(R) Core(TM) Ultra 9 285K,1,1 x NVIDIA GeForce RTX 5090,9.2986,48.7383,60.81615447998047,machine,0.0,0.0,0.0,0.0,N
gradient_updates_45,2026-09-19T17:40:19,tdmpc2_Ant-v5_seed85062,e895d6ce-cf92-4b9f-a886-61c464011cbe,17.22401305299718,0.0003121323357512598,1.8121912102745963e-05,31.446957789387096,141.54401949231786,20.0,0.00012641731891155188,0.0005972496444663911,9.568553892224524e-05,0.0008193525023001968,0.0,Germany,DEU,baden-wurttemberg,,,Linux-7.0.0-31-generic-x86_64-with-glibc2.43,3.14.4,3.3.0,24,Intel(R) Core(TM) Ultra 9 285K,1,1 x NVIDIA GeForce RTX 5090,9.2986,48.7383,60.81615447998047,machine,0.0,0.0,0.0,0.0,N
rollout_46,2026-09-19T17:40:36,tdmpc2_Ant-v5_seed85062,e895d6ce-cf92-4b9f-a886-61c464011cbe,16.5355392700003,0.0003761298304415239,2.274675749344919e-05,31.400165887050555,141.73685198671464,20.0,0.00015952027122722624,0.0007359733665559531,9.185333804440782e-05,0.0009873469758275993,0.0,Germany,DEU,baden-wurttemberg,,,Linux-7.0.0-31-generic-x86_64-with-glibc2.43,3.14.4,3.3.0,24,Intel(R) Core(TM) Ultra 9 285K,1,1 x NVIDIA GeForce RTX 5090,9.2986,48.7383,60.81615447998047,machine,0.0,0.0,0.0,0.0,N
gradient_updates_46,2026-09-19T17:40:53,tdmpc2_Ant-v5_seed85062,e895d6ce-cf92-4b9f-a886-61c464011cbe,17.179673910999554,0.0003129000480102326,1.8213397458148438e-05,31.42983132683998,141.5652343593233,20.0,0.0001298196330222906,0.0005961088102197643,9.543931633331122e-05,0.0008213677595753643,0.0,Germany,DEU,baden-wurttemberg,,,Linux-7.0.0-31-generic-x86_64-with-glibc2.43,3.14.4,3.3.0,24,Intel(R) Core(TM) Ultra 9 285K,1,1 x NVIDIA GeForce RTX 5090,9.2986,48.7383,60.81615447998047,machine,0.0,0.0,0.0,0.0,N
rollout_47,2026-09-19T17:41:10,tdmpc2_Ant-v5_seed85062,e895d6ce-cf92-4b9f-a886-61c464011cbe,16.543955177010503,0.0003752964601708361,2.2684816509004548e-05,31.39177731080677,141.74456712661467,20.0,0.00016110684332981684,0.0007321439190479673,9.190860281669232e-05,0.0009851593651944712,0.0,Germany,DEU,baden-wurttemberg,,,Linux-7.0.0-31-generic-x86_64-with-glibc2.43,3.14.4,3.3.0,24,Intel(R) Core(TM) Ultra 9 285K,1,1 x NVIDIA GeForce RTX 5090,9.2986,48.7383,60.81615447998047,machine,0.0,0.0,0.0,0.0,N
gradient_updates_47,2026-09-19T17:41:27,tdmpc2_Ant-v5_seed85062,e895d6ce-cf92-4b9f-a886-61c464011cbe,17.194347627009847,0.0003125935422633591,1.8180031870853042e-05,31.423925530923796,141.57494813977692,20.0,0.00012907186909074699,0.0005959704767759533,9.552083109447274e-05,0.0008205631769611782,0.0,Germany,DEU,baden-wurttemberg,,,Linux-7.0.0-31-generic-x86_64-with-glibc2.43,3.14.4,3.3.0,24,Intel(R) Core(TM) Ultra 9 285K,1,1 x NVIDIA GeForce RTX 5090,9.2986,48.7383,60.81615447998047,machine,0.0,0.0,0.0,0.0,N
rollout_48,2026-09-19T17:41:43,tdmpc2_Ant-v5_seed85062,e895d6ce-cf92-4b9f-a886-61c464011cbe,16.551876141995308,0.00037676838015466424,2.276289035937436e-05,31.385109046572087,141.75624022962592,20.0,0.00016197593152508447,0.0007350950325202277,9.195221525555575e-05,0.0009890231793008714,0.0,Germany,DEU,baden-wurttemberg,,,Linux-7.0.0-31-generic-x86_64-with-glibc2.43,3.14.4,3.3.0,24,Intel(R) Core(TM) Ultra 9 285K,1,1 x NVIDIA GeForce RTX 5090,9.2986,48.7383,60.81615447998047,machine,0.0,0.0,0.0,0.0,N
gradient_updates_48,2026-09-19T17:42:01,tdmpc2_Ant-v5_seed85062,e895d6ce-cf92-4b9f-a886-61c464011cbe,17.210189156990964,0.0003138718442159058,1.8237566837347973e-05,31.41841913945404,141.59280902721875,20.0,0.00013034007538308655,0.0005979699228202406,9.560874235555947e-05,0.0008239187405588849,0.0,Germany,DEU,baden-wurttemberg,,,Linux-7.0.0-31-generic-x86_64-with-glibc2.43,3.14.4,3.3.0,24,Intel(R) Core(TM) Ultra 9 285K,1,1 x NVIDIA GeForce RTX 5090,9.2986,48.7383,60.81615447998047,machine,0.0,0.0,0.0,0.0,N
rollout_49,2026-09-19T17:42:17,tdmpc2_Ant-v5_seed85062,e895d6ce-cf92-4b9f-a886-61c464011cbe,16.5242902530008,0.0003776577469734102,2.285471207146358e-05,31.383036656210862,141.77137212338226,20.0,0.0001651782879758569,0.0007343744763876892,9.180501742779915e-05,0.0009913577817913383,0.0,Germany,DEU,baden-wurttemberg,,,Linux-7.0.0-31-generic-x86_64-with-glibc2.43,3.14.4,3.3.0,24,Intel(R) Core(TM) Ultra 9 285K,1,1 x NVIDIA GeForce RTX 5090,9.2986,48.7383,60.81615447998047,machine,0.0,0.0,0.0,0.0,N
gradient_updates_49,2026-09-19T17:42:34,tdmpc2_Ant-v5_seed85062,e895d6ce-cf92-4b9f-a886-61c464011cbe,17.198746540991124,0.00031475517649178636,1.8301034393834148e-05,31.422640370374765,141.61549750194263,20.0,0.00013085432968337925,0.0005998379798697329,9.554519272221736e-05,0.000826237502275326,0.0,Germany,DEU,baden-wurttemberg,,,Linux-7.0.0-31-generic-x86_64-with-glibc2.43,3.14.4,3.3.0,24,Intel(R) Core(TM) Ultra 9 285K,1,1 x NVIDIA GeForce RTX 5090,9.2986,48.7383,60.81615447998047,machine,0.0,0.0,0.0,0.0,N
rollout_50,2026-09-19T17:42:51,tdmpc2_Ant-v5_seed85062,e895d6ce-cf92-4b9f-a886-61c464011cbe,16.587479283989524,0.0003782487864153264,2.2803275076119267e-05,31.388636524710932,141.79243918711177,20.0,0.0001626513690098797,0.0007381069793743755,9.215092163891887e-05,0.0009929092700231706,0.0,Germany,DEU,baden-wurttemberg,,,Linux-7.0.0-31-generic-x86_64-with-glibc2.43,3.14.4,3.3.0,24,Intel(R) Core(TM) Ultra 9 285K,1,1 x NVIDIA GeForce RTX 5090,9.2986,48.7383,60.81615447998047,machine,0.0,0.0,0.0,0.0,N
gradient_updates_50,2026-09-19T17:43:08,tdmpc2_Ant-v5_seed85062,e895d6ce-cf92-4b9f-a886-61c464011cbe,17.188015870007803,0.0003133292197673096,1.8229529960361112e-05,31.421123908191436,141.63706919697506,20.0,0.00012867581905168408,0.0005983327008882711,9.54858225388714e-05,0.00082249434247883,0.0,Germany,DEU,baden-wurttemberg,,,Linux-7.0.0-31-generic-x86_64-with-glibc2.43,3.14.4,3.3.0,24,Intel(R) Core(TM) Ultra 9 285K,1,1 x NVIDIA GeForce RTX 5090,9.2986,48.7383,60.81615447998047,machine,0.0,0.0,0.0,0.0,N
rollout_51,2026-09-19T17:43:25,tdmpc2_Ant-v5_seed85062,e895d6ce-cf92-4b9f-a886-61c464011cbe,16.55211999399762,0.00037457066089990193,2.2629774075836574e-05,31.38346302795929,141.80273925518895,20.0,0.00015859267409625878,0.0007327078083876337,9.195364771666208e-05,0.0009832541302005615,0.0,Germany,DEU,baden-wurttemberg,,,Linux-7.0.0-31-generic-x86_64-with-glibc2.43,3.14.4,3.3.0,24,Intel(R) Core(TM) Ultra 9 285K,1,1 x NVIDIA GeForce RTX 5090,9.2986,48.7383,60.81615447998047,machine,0.0,0.0,0.0,0.0,N
gradient_updates_51,2026-09-19T17:43:42,tdmpc2_Ant-v5_seed85062,e895d6ce-cf92-4b9f-a886-61c464011cbe,17.197849751988542,0.0003139860214028678,1.8257294894500768e-05,31.408483196208962,141.64997069991693,20.0,0.00013009774963367027,0.0005985804788641857,9.55402290500288e-05,0.00082421845754789,0.0,Germany,DEU,baden-wurttemberg,,,Linux-7.0.0-31-generic-x86_64-with-glibc2.43,3.14.4,3.3.0,24,Intel(R) Core(TM) Ultra 9 285K,1,1 x NVIDIA GeForce RTX 5090,9.2986,48.7383,60.81615447998047,machine,0.0,0.0,0.0,0.0,N
rollout_52,2026-09-19T17:43:58,tdmpc2_Ant-v5_seed85062,e895d6ce-cf92-4b9f-a886-61c464011cbe,16.533186052998644,0.00037566800044577103,2.2722067419630504e-05,31.374086733139976,141.82013735121106,20.0,0.00015858480742329817,0.0007357014218940527,9.18484351944554e-05,0.0009861346645118063,0.0,Germany,DEU,baden-wurttemberg,,,Linux-7.0.0-31-generic-x86_64-with-glibc2.43,3.14.4,3.3.0,24,Intel(R) Core(TM) Ultra 9 285K,1,1 x NVIDIA GeForce RTX 5090,9.2986,48.7383,60.81615447998047,machine,0.0,0.0,0.0,0.0,N
gradient_updates_52,2026-09-19T17:44:14,tdmpc2_Ant-v5_seed85062,e895d6ce-cf92-4b9f-a886-61c464011cbe,15.740861088997917,0.0002999776691468836,1.905727060530019e-05,31.399986126254547,141.71655123364323,20.0,0.00012973711684516678,0.000570263233988122,8.74459522166738e-05,0.0007874463030499573,0.0,Germany,DEU,baden-wurttemberg,,,Linux-7.0.0-31-generic-x86_64-with-glibc2.43,3.14.4,3.3.0,24,Intel(R) Core(TM) Ultra 9 285K,1,1 x NVIDIA GeForce RTX 5090,9.2986,48.7383,60.81615447998047,machine,0.0,0.0,0.0,0.0,N
rollout_53,2026-09-19T17:44:31,tdmpc2_Ant-v5_seed85062,e895d6ce-cf92-4b9f-a886-61c464011cbe,16.55084970401367,0.0003775631726865361,2.2812326769062256e-05,31.387517864607755,141.88120219792373,20.0,0.00016363772952118771,0.0007355272550877423,9.194453812775075e-05,0.0009911095227366773,0.0,Germany,DEU,baden-wurttemberg,,,Linux-7.0.0-31-generic-x86_64-with-glibc2.43,3.14.4,3.3.0,24,Intel(R) Core(TM) Ultra 9 285K,1,1 x NVIDIA GeForce RTX 5090,9.2986,48.7383,60.81615447998047,machine,0.0,0.0,0.0,0.0,N
gradient_updates_53,2026-09-19T17:44:45,tdmpc2_Ant-v5_seed85062,e895d6ce-cf92-4b9f-a886-61c464011cbe,14.682597224003985,0.000289793129047998,1.973716387788248e-05,31.422086965575854,141.82756596885537,20.0,0.00012500462889251246,0.0005541407210900573,8.156636821667063e-05,0.0007607117181992334,0.0,Germany,DEU,baden-wurttemberg,,,Linux-7.0.0-31-generic-x86_64-with-glibc2.43,3.14.4,3.3.0,24,Intel(R) Core(TM) Ultra 9 285K,1,1 x NVIDIA GeForce RTX 5090,9.2986,48.7383,60.81615447998047,machine,0.0,0.0,0.0,0.0,N
rollout_54,2026-09-19T17:45:02,tdmpc2_Ant-v5_seed85062,e895d6ce-cf92-4b9f-a886-61c464011cbe,16.522177191000083,0.0003745867185246457,2.2671764415124922e-05,31.41711229646516,141.98802720017233,20.0,0.0001573920806357855,0.0007341169761820865,9.178722491107877e-05,0.0009832962817289542,0.0,Germany,DEU,baden-wurttemberg,,,Linux-7.0.0-31-generic-x86_64-with-glibc2.43,3.14.4,3.3.0,24,Intel(R) Core(TM) Ultra 9 285K,1,1 x NVIDIA GeForce RTX 5090,9.2986,48.7383,60.81615447998047,machine,0.0,0.0,0.0,0.0,N
gradient_updates_54,2026-09-19T17:45:17,tdmpc2_Ant-v5_seed85062,e895d6ce-cf92-4b9f-a886-61c464011cbe,14.658588698002859,0.00028897503089939797,1.9713713565703246e-05,31.44006256506337,141.93420685813558,20.0,0.00012398193585213407,0.0005531490536294648,8.14332076555322e-05,0.0007585641971371432,0.0,Germany,DEU,baden-wurttemberg,,,Linux-7.0.0-31-generic-x86_64-with-glibc2.43,3.14.4,3.3.0,24,Intel(R) Core(TM) Ultra 9 285K,1,1 x NVIDIA GeForce RTX 5090,9.2986,48.7383,60.81615447998047,machine,0.0,0.0,0.0,0.0,N
rollout_55,2026-09-19T17:45:33,tdmpc2_Ant-v5_seed85062,e895d6ce-cf92-4b9f-a886-61c464011cbe,16.540054630007944,0.00037771272788493515,2.2836249698826455e-05,31.433762715718892,142.09784316331894,20.0,0.00016105901579155368,0.0007385561464001711,9.188694539439407e-05,0.0009915021075861258,0.0,Germany,DEU,baden-wurttemberg,,,Linux-7.0.0-31-generic-x86_64-with-glibc2.43,3.14.4,3.3.0,24,Intel(R) Core(TM) Ultra 9 285K,1,1 x NVIDIA GeForce RTX 5090,9.2986,48.7383,60.81615447998047,machine,0.0,0.0,0.0,0.0,N
gradient_updates_55,2026-09-19T17:45:48,tdmpc2_Ant-v5_seed85062,e895d6ce-cf92-4b9f-a886-61c464011cbe,14.586778369994136,0.0002902592068178139,1.989880298618595e-05,31.462819092470415,142.05107484115607,20.0,0.00012707707416157593,0.0005538159986078206,8.104210722222928e-05,0.000761935179991638,0.0,Germany,DEU,baden-wurttemberg,,,Linux-7.0.0-31-generic-x86_64-with-glibc2.43,3.14.4,3.3.0,24,Intel(R) Core(TM) Ultra 9 285K,1,1 x NVIDIA GeForce RTX 5090,9.2986,48.7383,60.81615447998047,machine,0.0,0.0,0.0,0.0,N
rollout_56,2026-09-19T17:46:04,tdmpc2_Ant-v5_seed85062,e895d6ce-cf92-4b9f-a886-61c464011cbe,16.539125750001404,0.00037493025148096354,2.266929819217251e-05,31.463583663866416,142.20039243339713,20.0,0.00015946199979172127,0.0007328547529503737,9.188130863331014e-05,0.0009841980613754103,0.0,Germany,DEU,baden-wurttemberg,,,Linux-7.0.0-31-generic-x86_64-with-glibc2.43,3.14.4,3.3.0,24,Intel(R) Core(TM) Ultra 9 285K,1,1 x NVIDIA GeForce RTX 5090,9.2986,48.7383,60.81615447998047,machine,0.0,0.0,0.0,0.0,N
gradient_updates_56,2026-09-19T17:46:19,tdmpc2_Ant-v5_seed85062,e895d6ce-cf92-4b9f-a886-61c464011cbe,14.638875636999728,0.00029027001573787153,1.9828730278009756e-05,31.48879713486937,142.153573885493,20.0,0.00012489042546781626,0.0005557498890440549,8.132323907225798e-05,0.0007619635535841274,0.0,Germany,DEU,baden-wurttemberg,,,Linux-7.0.0-31-generic-x86_64-with-glibc2.43,3.14.4,3.3.0,24,Intel(R) Core(TM) Ultra 9 285K,1,1 x NVIDIA GeForce RTX 5090,9.2986,48.7383,60.81615447998047,machine,0.0,0.0,0.0,0.0,N
rollout_57,2026-09-19T17:46:35,tdmpc2_Ant-v5_seed85062,e895d6ce-cf92-4b9f-a886-61c464011cbe,16.52786785000353,0.0003744480664241087,2.265557756867875e-05,31.484001046767936,142.30215301197083,20.0,0.0001573183977990611,0.0007337950314800779,9.181888841113678e-05,0.0009829323176902688,0.0,Germany,DEU,baden-wurttemberg,,,Linux-7.0.0-31-generic-x86_64-with-glibc2.43,3.14.4,3.3.0,24,Intel(R) Core(TM) Ultra 9 285K,1,1 x NVIDIA GeForce RTX 5090,9.2986,48.7383,60.81615447998047,machine,0.0,0.0,0.0,0.0,N
gradient_updates_57,2026-09-19T17:46:50,tdmpc2_Ant-v5_seed85062,e895d6ce-cf92-4b9f-a886-61c464011cbe,14.726728933994309,0.0002884323418646251,1.958561497307284e-05,31.50446309138743,142.24683485622074,20.0,0.00012038010491511458,0.0005549479439577176,8.181158064447455e-05,0.0007571396295173172,0.0,Germany,DEU,baden-wurttemberg,,,Linux-7.0.0-31-generic-x86_64-with-glibc2.43,3.14.4,3.3.0,24,Intel(R) Core(TM) Ultra 9 285K,1,1 x NVIDIA GeForce RTX 5090,9.2986,48.7383,60.81615447998047,machine,0.0,0.0,0.0,0.0,N
rollout_58,2026-09-19T17:47:07,tdmpc2_Ant-v5_seed85062,e895d6ce-cf92-4b9f-a886-61c464011cbe,16.537010120009654,0.00037628915670465113,2.275436793510034e-05,31.489746328340505,142.39769831017557,20.0,0.00015862788801331712,0.0007372672564800453,9.187006538890694e-05,0.0009877652098822798,0.0,Germany,DEU,baden-wurttemberg,,,Linux-7.0.0-31-generic-x86_64-with-glibc2.43,3.14.4,3.3.0,24,Intel(R) Core(TM) Ultra 9 285K,1,1 x NVIDIA GeForce RTX 5090,9.2986,48.7383,60.81615447998047,machine,0.0,0.0,0.0,0.0,N
gradient_updates_58,2026-09-19T17:47:21,tdmpc2_Ant-v5_seed85062,e895d6ce-cf92-4b9f-a886-61c464011cbe,14.594516377997934,0.00029015976542533933,1.9881436447117577e-05,31.513010653947216,142.34815523678725,20.0,0.00012783502754571893,0.000552761831098092,8.107728606110941e-05,0.0007616741447049186,0.0,Germany,DEU,baden-wurttemberg,,,Linux-7.0.0-31-generic-x86_64-with-glibc2.43,3.14.4,3.3.0,24,Intel(R) Core(TM) Ultra 9 285K,1,1 x NVIDIA GeForce RTX 5090,9.2986,48.7383,60.81615447998047,machine,0.0,0.0,0.0,0.0,N
rollout_59,2026-09-19T17:47:38,tdmpc2_Ant-v5_seed85062,e895d6ce-cf92-4b9f-a886-61c464011cbe,16.53675619600108,0.00037660231270853634,2.2773661456744633e-05,31.514959030157733,142.4906365500964,20.0,0.00016234692293299116,0.0007343716986083493,9.186862798887807e-05,0.000988587249530215,0.0,Germany,DEU,baden-wurttemberg,,,Linux-7.0.0-31-generic-x86_64-with-glibc2.43,3.14.4,3.3.0,24,Intel(R) Core(TM) Ultra 9 285K,1,1 x NVIDIA GeForce RTX 5090,9.2986,48.7383,60.81615447998047,machine,0.0,0.0,0.0,0.0,N
gradient_updates_59,2026-09-19T17:47:52,tdmpc2_Ant-v5_seed85062,e895d6ce-cf92-4b9f-a886-61c464011cbe,14.612483330012765,0.00029041614393821025,1.9874537955664163e-05,31.543794385943624,142.4398487984223,20.0,0.00012837842603599312,0.0005527915533436456,8.117716312780292e-05,0.0007623471425074468,0.0,Germany,DEU,baden-wurttemberg,,,Linux-7.0.0-31-generic-x86_64-with-glibc2.43,3.14.4,3.3.0,24,Intel(R) Core(TM) Ultra 9 285K,1,1 x NVIDIA GeForce RTX 5090,9.2986,48.7383,60.81615447998047,machine,0.0,0.0,0.0,0.0,N
rollout_60,2026-09-19T17:48:09,tdmpc2_Ant-v5_seed85062,e895d6ce-cf92-4b9f-a886-61c464011cbe,16.577834947995143,0.0003769926564948234,2.274077076148782e-05,31.545980423959477,142.58025632016887,20.0,0.0001607836289045754,0.0007367319782742854,9.209630119447719e-05,0.0009896119083733362,0.0,Germany,DEU,baden-wurttemberg,,,Linux-7.0.0-31-generic-x86_64-with-glibc2.43,3.14.4,3.3.0,24,Intel(R) Core(TM) Ultra 9 285K,1,1 x NVIDIA GeForce RTX 5090,9.2986,48.7383,60.81615447998047,machine,0.0,0.0,0.0,0.0,N
gradient_updates_60,2026-09-19T17:48:24,tdmpc2_Ant-v5_seed85062,e895d6ce-cf92-4b9f-a886-61c464011cbe,14.709776071002125,0.00028929071673037404,1.966657658207712e-05,31.5701210881838,142.52637927957332,20.0,0.00012284290299646727,0.0005548323883095563,8.171758631667948e-05,0.0007593928776227082,0.0,Germany,DEU,baden-wurttemberg,,,Linux-7.0.0-31-generic-x86_64-with-glibc2.43,3.14.4,3.3.0,24,Intel(R) Core(TM) Ultra 9 285K,1,1 x NVIDIA GeForce RTX 5090,9.2986,48.7383,60.81615447998047,machine,0.0,0.0,0.0,0.0,N
rollout_61,2026-09-19T17:48:40,tdmpc2_Ant-v5_seed85062,e895d6ce-cf92-4b9f-a886-61c464011cbe,16.519076598997344,0.00037378537327192873,2.2627505961206158e-05,31.560043575129445,142.66283635571943,20.0,0.00015591772806741733,0.0007335050312482494,9.176997797775456e-05,0.0009811927372934265,0.0,Germany,DEU,baden-wurttemberg,,,Linux-7.0.0-31-generic-x86_64-with-glibc2.43,3.14.4,3.3.0,24,Intel(R) Core(TM) Ultra 9 285K,1,1 x NVIDIA GeForce RTX 5090,9.2986,48.7383,60.81615447998047,machine,0.0,0.0,0.0,0.0,N
gradient_updates_61,2026-09-19T17:48:55,tdmpc2_Ant-v5_seed85062,e895d6ce-cf92-4b9f-a886-61c464011cbe,14.61093867100135,0.0002902568638715672,1.98657022930577e-05,31.5773299817281,142.61698522672395,20.0,0.00012559151463979734,0.0005551693330239083,8.11681820555854e-05,0.000761929029719291,0.0,Germany,DEU,baden-wurttemberg,,,Linux-7.0.0-31-generic-x86_64-with-glibc2.43,3.14.4,3.3.0,24,Intel(R) Core(TM) Ultra 9 285K,1,1 x NVIDIA GeForce RTX 5090,9.2986,48.7383,60.81615447998047,machine,0.0,0.0,0.0,0.0,N
rollout_62,2026-09-19T17:49:11,tdmpc2_Ant-v5_seed85062,e895d6ce-cf92-4b9f-a886-61c464011cbe,16.551434345004964,0.0003745252391095938,2.2627975328556385e-05,31.573942167454295,142.74777823615975,20.0,0.00015789841742974361,0.0007332830866260132,9.195339320002688e-05,0.000983134897255794,0.0,Germany,DEU,baden-wurttemberg,,,Linux-7.0.0-31-generic-x86_64-with-glibc2.43,3.14.4,3.3.0,24,Intel(R) Core(TM) Ultra 9 285K,1,1 x NVIDIA GeForce RTX 5090,9.2986,48.7383,60.81615447998047,machine,0.0,0.0,0.0,0.0,N
gradient_updates_62,2026-09-19T17:49:27,tdmpc2_Ant-v5_seed85062,e895d6ce-cf92-4b9f-a886-61c464011cbe,15.893479434991605,0.00030306903334861163,1.9068781173623856e-05,31.59280365789223,142.65631042198544,20.0,0.0001295714578237496,0.0005776960177126256,8.829370926113217e-05,0.0007955611847975108,0.0,Germany,DEU,baden-wurttemberg,,,Linux-7.0.0-31-generic-x86_64-with-glibc2.43,3.14.4,3.3.0,24,Intel(R) Core(TM) Ultra 9 285K,1,1 x NVIDIA GeForce RTX 5090,9.2986,48.7383,60.81615447998047,machine,0.0,0.0,0.0,0.0,N
rollout_63,2026-09-19T17:49:44,tdmpc2_Ant-v5_seed85062,e895d6ce-cf92-4b9f-a886-61c464011cbe,16.539771715993993,0.00037591782739698765,2.2728120495950745e-05,31.57815903544012,142.78751759227794,20.0,0.00016054060759904815,0.0007343653097140468,9.188454704441712e-05,0.0009867904643574982,0.0,Germany,DEU,baden-wurttemberg,,,Linux-7.0.0-31-generic-x86_64-with-glibc2.43,3.14.4,3.3.0,24,Intel(R) Core(TM) Ultra 9 285K,1,1 x NVIDIA GeForce RTX 5090,9.2986,48.7383,60.81615447998047,machine,0.0,0.0,0.0,0.0,N
gradient_updates_63,2026-09-19T17:50:01,tdmpc2_Ant-v5_seed85062,e895d6ce-cf92-4b9f-a886-61c464011cbe,17.247396140999626,0.0003159663013473854,1.831966765432838e-05,31.600346612669867,142.66002401178406,20.0,0.00013015929329401876,0.0006034418716418521,9.581555995553416e-05,0.0008294167248914103,0.0,Germany,DEU,baden-wurttemberg,,,Linux-7.0.0-31-generic-x86_64-with-glibc2.43,3.14.4,3.3.0,24,Intel(R) Core(TM) Ultra 9 285K,1,1 x NVIDIA GeForce RTX 5090,9.2986,48.7383,60.81615447998047,machine,0.0,0.0,0.0,0.0,N
rollout_64,2026-09-19T17:50:18,tdmpc2_Ant-v5_seed85062,e895d6ce-cf92-4b9f-a886-61c464011cbe,16.554870905005373,0.00037704943860277645,2.2775744235648303e-05,31.57036732118056,142.79373583851884,20.0,0.0001599936318836953,0.0007377980902378845,9.196924021671361e-05,0.0009897609623382986,0.0,Germany,DEU,baden-wurttemberg,,,Linux-7.0.0-31-generic-x86_64-with-glibc2.43,3.14.4,3.3.0,24,Intel(R) Core(TM) Ultra 9 285K,1,1 x NVIDIA GeForce RTX 5090,9.2986,48.7383,60.81615447998047,machine,0.0,0.0,0.0,0.0,N
gradient_updates_64,2026-09-19T17:50:35,tdmpc2_Ant-v5_seed85062,e895d6ce-cf92-4b9f-a886-61c464011cbe,17.23884631600231,0.00031360141469927855,1.8191569018649096e-05,31.59124713461844,142.65852326096942,20.0,0.0001304400374075032,0.0005970004776001403,9.57683436333262e-05,0.0008232088586409697,0.0,Germany,DEU,baden-wurttemberg,,,Linux-7.0.0-31-generic-x86_64-with-glibc2.43,3.14.4,3.3.0,24,Intel(R) Core(TM) Ultra 9 285K,1,1 x NVIDIA GeForce RTX 5090,9.2986,48.7383,60.81615447998047,machine,0.0,0.0,0.0,0.0,N
rollout_65,2026-09-19T17:50:52,tdmpc2_Ant-v5_seed85062,e895d6ce-cf92-4b9f-a886-61c464011cbe,16.56527571499464,0.0003765366750474383,2.2730490290402323e-05,31.56228053214956,142.7871221185905,20.0,0.00016008311612194723,0.0007363053112654505,9.20265222055603e-05,0.0009884149495929667,0.0,Germany,DEU,baden-wurttemberg,,,Linux-7.0.0-31-generic-x86_64-with-glibc2.43,3.14.4,3.3.0,24,Intel(R) Core(TM) Ultra 9 285K,1,1 x NVIDIA GeForce RTX 5090,9.2986,48.7383,60.81615447998047,machine,0.0,0.0,0.0,0.0,N
gradient_updates_65,2026-09-19T17:51:09,tdmpc2_Ant-v5_seed85062,e895d6ce-cf92-4b9f-a886-61c464011cbe,17.228629336997983,0.00031327116653779435,1.8183157398165826e-05,31.58279500091058,142.65519121216968,20.0,0.0001291766288967766,0.0005974540890743008,9.571123382783216e-05,0.0008223419517989078,0.0,Germany,DEU,baden-wurttemberg,,,Linux-7.0.0-31-generic-x86_64-with-glibc2.43,3.14.4,3.3.0,24,Intel(R) Core(TM) Ultra 9 285K,1,1 x NVIDIA GeForce RTX 5090,9.2986,48.7383,60.81615447998047,machine,0.0,0.0,0.0,0.0,N
rollout_66,2026-09-19T17:51:25,tdmpc2_Ant-v5_seed85062,e895d6ce-cf92-4b9f-a886-61c464011cbe,16.54553181400115,0.0003759338847427879,2.272118446227061e-05,31.552735286951766,142.77917071028176,20.0,0.00016122086036547342,0.0007336939202882142,9.191783449997298e-05,0.000986832615153671,0.0,Germany,DEU,baden-wurttemberg,,,Linux-7.0.0-31-generic-x86_64-with-glibc2.43,3.14.4,3.3.0,24,Intel(R) Core(TM) Ultra 9 285K,1,1 x NVIDIA GeForce RTX 5090,9.2986,48.7383,60.81615447998047,machine,0.0,0.0,0.0,0.0,N
gradient_updates_66,2026-09-19T17:51:43,tdmpc2_Ant-v5_seed85062,e895d6ce-cf92-4b9f-a886-61c464011cbe,17.246548095994513,0.0003149702914184843,1.826281117461443e-05,31.575036950160303,142.6539927429656,20.0,0.00012975276574657413,0.0006012385365461448,9.581088019444337e-05,0.0008268021824871657,0.0,Germany,DEU,baden-wurttemberg,,,Linux-7.0.0-31-generic-x86_64-with-glibc2.43,3.14.4,3.3.0,24,Intel(R) Core(TM) Ultra 9 285K,1,1 x NVIDIA GeForce RTX 5090,9.2986,48.7383,60.81615447998047,machine,0.0,0.0,0.0,0.0,N
rollout_67,2026-09-19T17:51:59,tdmpc2_Ant-v5_seed85062,e895d6ce-cf92-4b9f-a886-61c464011cbe,16.541335703994264,0.00037611487446619074,2.2737905815155226e-05,31.546219265161643,142.77513888244025,20.0,0.0001625880792370249,0.0007328258640377783,9.189377287216818e-05,0.0009873077161469679,0.0,Germany,DEU,baden-wurttemberg,,,Linux-7.0.0-31-generic-x86_64-with-glibc2.43,3.14.4,3.3.0,24,Intel(R) Core(TM) Ultra 9 285K,1,1 x NVIDIA GeForce RTX 5090,9.2986,48.7383,60.81615447998047,machine,0.0,0.0,0.0,0.0,N
gradient_updates_67,2026-09-19T17:52:16,tdmpc2_Ant-v5_seed85062,e895d6ce-cf92-4b9f-a886-61c464011cbe,17.240032251997036,0.00031510858815287507,1.827773957085785e-05,31.570333124570023,142.6524773969386,20.0,0.0001299093375385016,0.0006014810367398482,9.577483940552585e-05,0.0008271652136838809,0.0,Germany,DEU,baden-wurttemberg,,,Linux-7.0.0-31-generic-x86_64-with-glibc2.43,3.14.4,3.3.0,24,Intel(R) Core(TM) Ultra 9 285K,1,1 x NVIDIA GeForce RTX 5090,9.2986,48.7383,60.81615447998047,machine,0.0,0.0,0.0,0.0,N
rollout_68,2026-09-19T17:52:33,tdmpc2_Ant-v5_seed85062,e895d6ce-cf92-4b9f-a886-61c464011cbe,16.538467289996333,0.00037427375969044385,2.2630499846096844e-05,31.541695899560555,142.77403513072232,20.0,0.00015652428077488068,0.0007340725317019903,9.187794717775699e-05,0.0009824747596546557,0.0,Germany,DEU,baden-wurttemberg,,,Linux-7.0.0-31-generic-x86_64-with-glibc2.43,3.14.4,3.3.0,24,Intel(R) Core(TM) Ultra 9 285K,1,1 x NVIDIA GeForce RTX 5090,9.2986,48.7383,60.81615447998047,machine,0.0,0.0,0.0,0.0,N
gradient_updates_68,2026-09-19T17:52:50,tdmpc2_Ant-v5_seed85062,e895d6ce-cf92-4b9f-a886-61c464011cbe,17.25261280500854,0.00031576912210008745,1.830269837146628e-05,31.556759016227613,142.6548680149165,20.0,0.0001299388717287929,0.0006031157602701676,9.584449413329449e-05,0.0008288991261322654,0.0,Germany,DEU,baden-wurttemberg,,,Linux-7.0.0-31-generic-x86_64-with-glibc2.43,3.14.4,3.3.0,24,Intel(R) Core(TM) Ultra 9 285K,1,1 x NVIDIA GeForce RTX 5090,9.2986,48.7383,60.81615447998047,machine,0.0,0.0,0.0,0.0,N
rollout_69,2026-09-19T17:53:07,tdmpc2_Ant-v5_seed85062,e895d6ce-cf92-4b9f-a886-61c464011cbe,16.537373785991804,0.00037390189602798385,2.260951612182913e-05,31.52846104425902,142.7744632471118,20.0,0.00015576607322386957,0.0007338608648659317,9.18716733499924e-05,0.000981498611439785,0.0,Germany,DEU,baden-wurttemberg,,,Linux-7.0.0-31-generic-x86_64-with-glibc2.43,3.14.4,3.3.0,24,Intel(R) Core(TM) Ultra 9 285K,1,1 x NVIDIA GeForce RTX 5090,9.2986,48.7383,60.81615447998047,machine,0.0,0.0,0.0,0.0,N
gradient_updates_69,2026-09-19T17:53:24,tdmpc2_Ant-v5_seed85062,e895d6ce-cf92-4b9f-a886-61c464011cbe,17.25115549599286,0.0003157160558921873,1.8301129599711286e-05,31.542371008478646,142.6562835064657,20.0,0.0001303174245316334,0.0006026060376398412,9.583636429443855e-05,0.000828759826465908,0.0,Germany,DEU,baden-wurttemberg,,,Linux-7.0.0-31-generic-x86_64-with-glibc2.43,3.14.4,3.3.0,24,Intel(R) Core(TM) Ultra 9 285K,1,1 x NVIDIA GeForce RTX 5090,9.2986,48.7383,60.81615447998047,machine,0.0,0.0,0.0,0.0,N
rollout_70,2026-09-19T17:53:41,tdmpc2_Ant-v5_seed85062,e895d6ce-cf92-4b9f-a886-61c464011cbe,16.601341372006573,0.0003773479824463119,2.2729978225238784e-05,31.515572429926635,142.77386377592453,20.0,0.00016185437003894687,0.0007364630891699697,9.222718561666468e-05,0.0009905446448255917,0.0,Germany,DEU,baden-wurttemberg,,,Linux-7.0.0-31-generic-x86_64-with-glibc2.43,3.14.4,3.3.0,24,Intel(R) Core(TM) Ultra 9 285K,1,1 x NVIDIA GeForce RTX 5090,9.2986,48.7383,60.81615447998047,machine,0.0,0.0,0.0,0.0,N
gradient_updates_70,2026-09-19T17:53:58,tdmpc2_Ant-v5_seed85062,e895d6ce-cf92-4b9f-a886-61c464011cbe,17.246508090000134,0.0003132453120218287,1.816283619154368e-05,31.536978549458507,142.6500757692123,20.0,0.00012907710770604722,0.0005973863112420652,9.581066432219794e-05,0.000822274083270319,0.0,Germany,DEU,baden-wurttemberg,,,Linux-7.0.0-31-generic-x86_64-with-glibc2.43,3.14.4,3.3.0,24,Intel(R) Core(TM) Ultra 9 285K,1,1 x NVIDIA GeForce RTX 5090,9.2986,48.7383,60.81615447998047,machine,0.0,0.0,0.0,0.0,N
rollout_71,2026-09-19T17:54:14,tdmpc2_Ant-v5_seed85062,e895d6ce-cf92-4b9f-a886-61c464011cbe,16.55474189699453,0.0003741005071029105,2.2597791458747292e-05,31.508317672949186,142.76862389610363,20.0,0.0001539035547894127,0.0007361430889138987,9.197332506664761e-05,0.0009820199687699538,0.0,Germany,DEU,baden-wurttemberg,,,Linux-7.0.0-31-generic-x86_64-with-glibc2.43,3.14.4,3.3.0,24,Intel(R) Core(TM) Ultra 9 285K,1,1 x NVIDIA GeForce RTX 5090,9.2986,48.7383,60.81615447998047,machine,0.0,0.0,0.0,0.0,N
gradient_updates_71,2026-09-19T17:54:29,tdmpc2_Ant-v5_seed85062,e895d6ce-cf92-4b9f-a886-61c464011cbe,14.681649192003533,0.0002893822719452835,1.971049198286211e-05,31.52005949969434,142.72328139974388,20.0,0.00012328035501309176,0.0005547998882842187,8.155296826662349e-05,0.0007596332115639426,0.0,Germany,DEU,baden-wurttemberg,,,Linux-7.0.0-31-generic-x86_64-with-glibc2.43,3.14.4,3.3.0,24,Intel(R) Core(TM) Ultra 9 285K,1,1 x NVIDIA GeForce RTX 5090,9.2986,48.7383,60.81615447998047,machine,0.0,0.0,0.0,0.0,N
rollout_72,2026-09-19T17:54:46,tdmpc2_Ant-v5_seed85062,e895d6ce-cf92-4b9f-a886-61c464011cbe,16.5574800530012,0.0003739447640862467,2.2584652917101555e-05,31.51293658936404,142.8340304721967,20.0,0.00015732285669151774,0.000732305030287872,9.198325381666074e-05,0.0009816111407960348,0.0,Germany,DEU,baden-wurttemberg,,,Linux-7.0.0-31-generic-x86_64-with-glibc2.43,3.14.4,3.3.0,24,Intel(R) Core(TM) Ultra 9 285K,1,1 x NVIDIA GeForce RTX 5090,9.2986,48.7383,60.81615447998047,machine,0.0,0.0,0.0,0.0,N
gradient_updates_72,2026-09-19T17:55:00,tdmpc2_Ant-v5_seed85062,e895d6ce-cf92-4b9f-a886-61c464011cbe,14.690082900007837,0.0002902284517844883,1.9756770934519858e-05,31.529220826865785,142.7897626456037,20.0,0.00012451577211253576,0.0005557304445842348,8.160823082782598e-05,0.0007618544475245792,0.0,Germany,DEU,baden-wurttemberg,,,Linux-7.0.0-31-generic-x86_64-with-glibc2.43,3.14.4,3.3.0,24,Intel(R) Core(TM) Ultra 9 285K,1,1 x NVIDIA GeForce RTX 5090,9.2986,48.7383,60.81615447998047,machine,0.0,0.0,0.0,0.0,N
rollout_73,2026-09-19T17:55:17,tdmpc2_Ant-v5_seed85062,e895d6ce-cf92-4b9f-a886-61c464011cbe,16.551622030005092,0.00037750267921951575,2.2807603848035194e-05,31.524318431990107,142.90561257206932,20.0,0.0001620860660576373,0.0007369136450856573,9.195101524997473e-05,0.0009909507263932693,0.0,Germany,DEU,baden-wurttemberg,,,Linux-7.0.0-31-generic-x86_64-with-glibc2.43,3.14.4,3.3.0,24,Intel(R) Core(TM) Ultra 9 285K,1,1 x NVIDIA GeForce RTX 5090,9.2986,48.7383,60.81615447998047,machine,0.0,0.0,0.0,0.0,N
gradient_updates_73,2026-09-19T17:55:31,tdmpc2_Ant-v5_seed85062,e895d6ce-cf92-4b9f-a886-61c464011cbe,14.592324377998011,0.00029122613327444563,1.995746668602253e-05,31.547463750235597,142.8632061634631,20.0,0.0001302984359053301,0.0005531098869320239,8.106505496665098e-05,0.0007644733778040258,0.0,Germany,DEU,baden-wurttemberg,,,Linux-7.0.0-31-generic-x86_64-with-glibc2.43,3.14.4,3.3.0,24,Intel(R) Core(TM) Ultra 9 285K,1,1 x NVIDIA GeForce RTX 5090,9.2986,48.7383,60.81615447998047,machine,0.0,0.0,0.0,0.0,N
rollout_74,2026-09-19T17:55:48,tdmpc2_Ant-v5_seed85062,e895d6ce-cf92-4b9f-a886-61c464011cbe,16.547857821991784,0.00037649266063543435,2.2751752272830393e-05,31.552565014901873,142.97314906341887,20.0,0.00016237359184321024,0.0007339955871961124,9.193023200002905e-05,0.0009882994110393395,0.0,Germany,DEU,baden-wurttemberg,,,Linux-7.0.0-31-generic-x86_64-with-glibc2.43,3.14.4,3.3.0,24,Intel(R) Core(TM) Ultra 9 285K,1,1 x NVIDIA GeForce RTX 5090,9.2986,48.7383,60.81615447998047,machine,0.0,0.0,0.0,0.0,N
gradient_updates_74,2026-09-19T17:56:03,tdmpc2_Ant-v5_seed85062,e895d6ce-cf92-4b9f-a886-61c464011cbe,14.61872088999371,0.0002917007301945357,1.9953935738086754e-05,31.575272945034104,142.9363282340036,20.0,0.00012697202602198268,0.0005575351682503005,8.121200823338337e-05,0.0007657192025056769,0.0,Germany,DEU,baden-wurttemberg,,,Linux-7.0.0-31-generic-x86_64-with-glibc2.43,3.14.4,3.3.0,24,Intel(R) Core(TM) Ultra 9 285K,1,1 x NVIDIA GeForce RTX 5090,9.2986,48.7383,60.81615447998047,machine,0.0,0.0,0.0,0.0,N
rollout_75,2026-09-19T17:56:19,tdmpc2_Ant-v5_seed85062,e895d6ce-cf92-4b9f-a886-61c464011cbe,16.536542228990584,0.0003761641128409432,2.2747454822724223e-05,31.574630218300147,143.04706114800695,20.0,0.00016016853119028146,0.0007354011438760466,9.186729262219105e-05,0.0009874369676885209,0.0,Germany,DEU,baden-wurttemberg,,,Linux-7.0.0-31-generic-x86_64-with-glibc2.43,3.14.4,3.3.0,24,Intel(R) Core(TM) Ultra 9 285K,1,1 x NVIDIA GeForce RTX 5090,9.2986,48.7383,60.81615447998047,machine,0.0,0.0,0.0,0.0,N
gradient_updates_75,2026-09-19T17:56:34,tdmpc2_Ant-v5_seed85062,e895d6ce-cf92-4b9f-a886-61c464011cbe,14.637423025007593,0.0002911668978888421,1.9891968108831907e-05,31.594438457151544,143.0025831460876,20.0,0.00012960455229466677,0.0005533968316058235,8.131650004450201e-05,0.0007643178839449871,0.0,Germany,DEU,baden-wurttemberg,,,Linux-7.0.0-31-generic-x86_64-with-glibc2.43,3.14.4,3.3.0,24,Intel(R) Core(TM) Ultra 9 285K,1,1 x NVIDIA GeForce RTX 5090,9.2986,48.7383,60.81615447998047,machine,0.0,0.0,0.0,0.0,N
rollout_76,2026-09-19T17:56:50,tdmpc2_Ant-v5_seed85062,e895d6ce-cf92-4b9f-a886-61c464011cbe,16.565814528003102,0.0003772078257043496,2.277026226695854e-05,31.59725782976705,143.11393836262127,20.0,0.00015967338440527057,0.0007384739241120819,9.202942256112366e-05,0.0009901767310784848,0.0,Germany,DEU,baden-wurttemberg,,,Linux-7.0.0-31-generic-x86_64-with-glibc2.43,3.14.4,3.3.0,24,Intel(R) Core(TM) Ultra 9 285K,1,1 x NVIDIA GeForce RTX 5090,9.2986,48.7383,60.81615447998047,machine,0.0,0.0,0.0,0.0,N
gradient_updates_76,2026-09-19T17:57:05,tdmpc2_Ant-v5_seed85062,e895d6ce-cf92-4b9f-a886-61c464011cbe,14.651720393987489,0.00029222818915609905,1.9944992449418776e-05,31.615451288474837,143.07610696376184,20.0,0.00012759265068515088,0.0005581160020482479,8.139513820003969e-05,0.0007671037909334488,0.0,Germany,DEU,baden-wurttemberg,,,Linux-7.0.0-31-generic-x86_64-with-glibc2.43,3.14.4,3.3.0,24,Intel(R) Core(TM) Ultra 9 285K,1,1 x NVIDIA GeForce RTX 5090,9.2986,48.7383,60.81615447998047,machine,0.0,0.0,0.0,0.0,N
rollout_77,2026-09-19T17:57:22,tdmpc2_Ant-v5_seed85062,e895d6ce-cf92-4b9f-a886-61c464011cbe,16.537016710994067,0.00037536774525830097,2.269863891713186e-05,31.614838551162833,143.1839904861863,20.0,0.0001574500470710484,0.0007360255888197997,9.187085382776107e-05,0.000985346489718597,0.0,Germany,DEU,baden-wurttemberg,,,Linux-7.0.0-31-generic-x86_64-with-glibc2.43,3.14.4,3.3.0,24,Intel(R) Core(TM) Ultra 9 285K,1,1 x NVIDIA GeForce RTX 5090,9.2986,48.7383,60.81615447998047,machine,0.0,0.0,0.0,0.0,N
gradient_updates_77,2026-09-19T17:57:36,tdmpc2_Ant-v5_seed85062,e895d6ce-cf92-4b9f-a886-61c464011cbe,14.612588029005565,0.000291427053169431,1.9943540419912317e-05,31.630353976505194,143.14417417693898,20.0,0.00012851085503082227,0.0005553123886938849,8.117755210001153e-05,0.0007650007958247274,0.0,Germany,DEU,baden-wurttemberg,,,Linux-7.0.0-31-generic-x86_64-with-glibc2.43,3.14.4,3.3.0,24,Intel(R) Core(TM) Ultra 9 285K,1,1 x NVIDIA GeForce RTX 5090,9.2986,48.7383,60.81615447998047,machine,0.0,0.0,0.0,0.0,N
rollout_78,2026-09-19T17:57:53,tdmpc2_Ant-v5_seed85062,e895d6ce-cf92-4b9f-a886-61c464011cbe,16.536795808991883,0.00037699798200573065,2.2797531758300677e-05,31.631487539478957,143.25579823773504,20.0,0.00015767504613993857,0.0007400817031757434,9.186913861113782e-05,0.0009896258879268371,0.0,Germany,DEU,baden-wurttemberg,,,Linux-7.0.0-31-generic-x86_64-with-glibc2.43,3.14.4,3.3.0,24,Intel(R) Core(TM) Ultra 9 285K,1,1 x NVIDIA GeForce RTX 5090,9.2986,48.7383,60.81615447998047,machine,0.0,0.0,0.0,0.0,N
gradient_updates_78,2026-09-19T17:58:07,tdmpc2_Ant-v5_seed85062,e895d6ce-cf92-4b9f-a886-61c464011cbe,14.61579408000398,0.00028993709388538264,1.9837261285544897e-05,31.646667280527126,143.2147070553421,20.0,0.00012532862331837008,0.0005545654436520664,8.119556128884965e-05,0.0007610896282592983,0.0,Germany,DEU,baden-wurttemberg,,,Linux-7.0.0-31-generic-x86_64-with-glibc2.43,3.14.4,3.3.0,24,Intel(R) Core(TM) Ultra 9 285K,1,1 x NVIDIA GeForce RTX 5090,9.2986,48.7383,60.81615447998047,machine,0.0,0.0,0.0,0.0,N
rollout_79,2026-09-19T17:58:24,tdmpc2_Ant-v5_seed85062,e895d6ce-cf92-4b9f-a886-61c464011cbe,16.54462963300466,0.000375350616176634,2.2687170934406798e-05,31.643200040100567,143.31675628349637,20.0,0.00015876133423118471,0.0007346255877003216,9.191460366669672e-05,0.0009853015255981978,0.0,Germany,DEU,baden-wurttemberg,,,Linux-7.0.0-31-generic-x86_64-with-glibc2.43,3.14.4,3.3.0,24,Intel(R) Core(TM) Ultra 9 285K,1,1 x NVIDIA GeForce RTX 5090,9.2986,48.7383,60.81615447998047,machine,0.0,0.0,0.0,0.0,N
gradient_updates_79,2026-09-19T17:58:38,tdmpc2_Ant-v5_seed85062,e895d6ce-cf92-4b9f-a886-61c464011cbe,14.627044804001343,0.0002910832633190169,1.9900351917954626e-05,31.659707007130002,143.2743888677602,20.0,0.00012878325774874633,0.0005540568321338313,8.125825194446254e-05,0.0007640983418270575,0.0,Germany,DEU,baden-wurttemberg,,,Linux-7.0.0-31-generic-x86_64-with-glibc2.43,3.14.4,3.3.0,24,Intel(R) Core(TM) Ultra 9 285K,1,1 x NVIDIA GeForce RTX 5090,9.2986,48.7383,60.81615447998047,machine,0.0,0.0,0.0,0.0,N
rollout_80,2026-09-19T17:58:55,tdmpc2_Ant-v5_seed85062,e895d6ce-cf92-4b9f-a886-61c464011cbe,16.603310637001414,0.0003781259856857344,2.277413763985036e-05,31.661158245666492,143.37561328615809,20.0,0.00016246660247317551,0.0007378730902978248,9.224722332227403e-05,0.0009925869160932743,0.0,Germany,DEU,baden-wurttemberg,,,Linux-7.0.0-31-generic-x86_64-with-glibc2.43,3.14.4,3.3.0,24,Intel(R) Core(TM) Ultra 9 285K,1,1 x NVIDIA GeForce RTX 5090,9.2986,48.7383,60.81615447998047,machine,0.0,0.0,0.0,0.0,N
gradient_updates_80,2026-09-19T17:59:10,tdmpc2_Ant-v5_seed85062,e895d6ce-cf92-4b9f-a886-61c464011cbe,14.624612433006405,0.0002903527862865851,1.9853729319015036e-05,31.68105245407482,143.33256597176972,20.0,0.0001275367186959614,0.0005533996093864957,8.124449955002055e-05,0.0007621808276324638,0.0,Germany,DEU,baden-wurttemberg,,,Linux-7.0.0-31-generic-x86_64-with-glibc2.43,3.14.4,3.3.0,24,Intel(R) Core(TM) Ultra 9 285K,1,1 x NVIDIA GeForce RTX 5090,9.2986,48.7383,60.81615447998047,machine,0.0,0.0,0.0,0.0,N
rollout_81,2026-09-19T17:59:26,tdmpc2_Ant-v5_seed85062,e895d6ce-cf92-4b9f-a886-61c464011cbe,16.52970779100724,0.000375742014198599,2.273132636140352e-05,31.68050072126856,143.4326440470371,20.0,0.00015965495522386047,0.0007348450323201305,9.182896428327515e-05,0.0009863289518272644,0.0,Germany,DEU,baden-wurttemberg,,,Linux-7.0.0-31-generic-x86_64-with-glibc2.43,3.14.4,3.3.0,24,Intel(R) Core(TM) Ultra 9 285K,1,1 x NVIDIA GeForce RTX 5090,9.2986,48.7383,60.81615447998047,machine,0.0,0.0,0.0,0.0,N
gradient_updates_81,2026-09-19T17:59:41,tdmpc2_Ant-v5_seed85062,e895d6ce-cf92-4b9f-a886-61c464011cbe,14.639187602006132,0.0002918734842299181,1.9937791626934407e-05,31.697470372708793,143.3954371086178,20.0,0.00012702549939809515,0.0005578218351458553,8.132535013889199e-05,0.0007661726846828198,0.0,Germany,DEU,baden-wurttemberg,,,Linux-7.0.0-31-generic-x86_64-with-glibc2.43,3.14.4,3.3.0,24,Intel(R) Core(TM) Ultra 9 285K,1,1 x NVIDIA GeForce RTX 5090,9.2986,48.7383,60.81615447998047,machine,0.0,0.0,0.0,0.0,N
rollout_82,2026-09-19T17:59:57,tdmpc2_Ant-v5_seed85062,e895d6ce-cf92-4b9f-a886-61c464011cbe,16.54187591400114,0.0003736486713855833,2.2588056788202905e-05,31.69552585690689,143.49322089527257,20.0,0.00015412329774298558,0.0007348139211837967,9.18966736722128e-05,0.0009808338925989812,0.0,Germany,DEU,baden-wurttemberg,,,Linux-7.0.0-31-generic-x86_64-with-glibc2.43,3.14.4,3.3.0,24,Intel(R) Core(TM) Ultra 9 285K,1,1 x NVIDIA GeForce RTX 5090,9.2986,48.7383,60.81615447998047,machine,0.0,0.0,0.0,0.0,N
gradient_updates_82,2026-09-19T18:00:12,tdmpc2_Ant-v5_seed85062,e895d6ce-cf92-4b9f-a886-61c464011cbe,14.679733605007641,0.0002912268076772778,1.9838712247888336e-05,31.7054168572896,143.45121168403364,20.0,0.0001269430004432054,0.0005559815558959791,8.155059178332341e-05,0.0007644751481225287,0.0,Germany,DEU,baden-wurttemberg,,,Linux-7.0.0-31-generic-x86_64-with-glibc2.43,3.14.4,3.3.0,24,Intel(R) Core(TM) Ultra 9 285K,1,1 x NVIDIA GeForce RTX 5090,9.2986,48.7383,60.81615447998047,machine,0.0,0.0,0.0,0.0,N
rollout_83,2026-09-19T18:00:29,tdmpc2_Ant-v5_seed85062,e895d6ce-cf92-4b9f-a886-61c464011cbe,16.53005059598945,0.00037474685537809693,2.267065185524224e-05,31.703150461415255,143.5471979747194,20.0,0.0001578535904494388,0.0007340319761137692,9.183107703332472e-05,0.0009837166435965328,0.0,Germany,DEU,baden-wurttemberg,,,Linux-7.0.0-31-generic-x86_64-with-glibc2.43,3.14.4,3.3.0,24,Intel(R) Core(TM) Ultra 9 285K,1,1 x NVIDIA GeForce RTX 5090,9.2986,48.7383,60.81615447998047,machine,0.0,0.0,0.0,0.0,N
gradient_updates_83,2026-09-19T18:00:43,tdmpc2_Ant-v5_seed85062,e895d6ce-cf92-4b9f-a886-61c464011cbe,14.688440751997405,0.0002910566675253731,1.9815369510653083e-05,31.717287105338603,143.50607215249022,20.0,0.0001256188449394388,0.0005568104454485301,8.159923704443087e-05,0.0007640285274324032,0.0,Germany,DEU,baden-wurttemberg,,,Linux-7.0.0-31-generic-x86_64-with-glibc2.43,3.14.4,3.3.0,24,Intel(R) Core(TM) Ultra 9 285K,1,1 x NVIDIA GeForce RTX 5090,9.2986,48.7383,60.81615447998047,machine,0.0,0.0,0.0,0.0,N
rollout_84,2026-09-19T18:01:00,tdmpc2_Ant-v5_seed85062,e895d6ce-cf92-4b9f-a886-61c464011cbe,16.528891289999592,0.0003756510581663722,2.272694464092373e-05,31.713275685084486,143.60092917469575,20.0,0.00016004824137182128,0.0007342172540396597,9.182469533892262e-05,0.0009860901907504105,0.0,Germany,DEU,baden-wurttemberg,,,Linux-7.0.0-31-generic-x86_64-with-glibc2.43,3.14.4,3.3.0,24,Intel(R) Core(TM) Ultra 9 285K,1,1 x NVIDIA GeForce RTX 5090,9.2986,48.7383,60.81615447998047,machine,0.0,0.0,0.0,0.0,N
gradient_updates_84,2026-09-19T18:01:15,tdmpc2_Ant-v5_seed85062,e895d6ce-cf92-4b9f-a886-61c464011cbe,14.652011195008527,0.0002927671750392255,1.9981379090038312e-05,31.730160792651624,143.56309312334247,20.0,0.00012947949830573874,0.0005576423905582217,8.139674885549245e-05,0.0007685186377194564,0.0,Germany,DEU,baden-wurttemberg,,,Linux-7.0.0-31-generic-x86_64-with-glibc2.43,3.14.4,3.3.0,24,Intel(R) Core(TM) Ultra 9 285K,1,1 x NVIDIA GeForce RTX 5090,9.2986,48.7383,60.81615447998047,machine,0.0,0.0,0.0,0.0,N
rollout_85,2026-09-19T18:01:31,tdmpc2_Ant-v5_seed85062,e895d6ce-cf92-4b9f-a886-61c464011cbe,16.546931235003285,0.0003773759609254912,2.280639888441772e-05,31.731617639978204,143.66110838810178,20.0,0.00016000070188934915,0.0007386925353976004,9.192485150552945e-05,0.000990618088792472,0.0,Germany,DEU,baden-wurttemberg,,,Linux-7.0.0-31-generic-x86_64-with-glibc2.43,3.14.4,3.3.0,24,Intel(R) Core(TM) Ultra 9 285K,1,1 x NVIDIA GeForce RTX 5090,9.2986,48.7383,60.81615447998047,machine,0.0,0.0,0.0,0.0,N
gradient_updates_85,2026-09-19T18:01:47,tdmpc2_Ant-v5_seed85062,e895d6ce-cf92-4b9f-a886-61c464011cbe,15.8563874590036,0.00029850764395567,1.8825682794389523e-05,31.746588760971257,143.58422982701023,20.0,0.00012235094371400995,0.0005731487918523293,8.808772723892244e-05,0.0007835874628052686,0.0,Germany,DEU,baden-wurttemberg,,,Linux-7.0.0-31-generic-x86_64-with-glibc2.43,3.14.4,3.3.0,24,Intel(R) Core(TM) Ultra 9 285K,1,1 x NVIDIA GeForce RTX 5090,9.2986,48.7383,60.81615447998047,machine,0.0,0.0,0.0,0.0,N
rollout_86,2026-09-19T18:02:03,tdmpc2_Ant-v5_seed85062,e895d6ce-cf92-4b9f-a886-61c464011cbe,16.561536228997284,0.0003764942504340951,2.273306479073945e-05,31.72640843299585,143.67840615107116,20.0,0.0001590698325335399,0.0007372267008922684,9.200705086105654e-05,0.0009883035842868926,0.0,Germany,DEU,baden-wurttemberg,,,Linux-7.0.0-31-generic-x86_64-with-glibc2.43,3.14.4,3.3.0,24,Intel(R) Core(TM) Ultra 9 285K,1,1 x NVIDIA GeForce RTX 5090,9.2986,48.7383,60.81615447998047,machine,0.0,0.0,0.0,0.0,N
gradient_updates_86,2026-09-19T18:02:20,tdmpc2_Ant-v5_seed85062,e895d6ce-cf92-4b9f-a886-61c464011cbe,16.19472354699974,0.00030457991782954774,1.880736763301509e-05,31.7404165436602,143.59689044084948,20.0,0.00012856760063177305,0.0005810001870218962,8.995949369442965e-05,0.000799527281348078,0.0,Germany,DEU,baden-wurttemberg,,,Linux-7.0.0-31-generic-x86_64-with-glibc2.43,3.14.4,3.3.0,24,Intel(R) Core(TM) Ultra 9 285K,1,1 x NVIDIA GeForce RTX 5090,9.2986,48.7383,60.81615447998047,machine,0.0,0.0,0.0,0.0,N
rollout_87,2026-09-19T18:02:36,tdmpc2_Ant-v5_seed85062,e895d6ce-cf92-4b9f-a886-61c464011cbe,16.541458842009888,0.00037489140473827287,2.266374873909305e-05,31.724674406567665,143.68692403733408,20.0,0.0001583619275227731,0.0007338397537379748,9.189440677776634e-05,0.0009840960880385108,0.0,Germany,DEU,baden-wurttemberg,,,Linux-7.0.0-31-generic-x86_64-with-glibc2.43,3.14.4,3.3.0,24,Intel(R) Core(TM) Ultra 9 285K,1,1 x NVIDIA GeForce RTX 5090,9.2986,48.7383,60.81615447998047,machine,0.0,0.0,0.0,0.0,N
gradient_updates_87,2026-09-19T18:02:51,tdmpc2_Ant-v5_seed85062,e895d6ce-cf92-4b9f-a886-61c464011cbe,14.706668462007656,0.000291671522405626,1.9832613636730285e-05,31.738659256697083,143.64557101000457,20.0,0.00012738107940477722,0.0005565610008035904,8.170045137222831e-05,0.0007656425315805959,0.0,Germany,DEU,baden-wurttemberg,,,Linux-7.0.0-31-generic-x86_64-with-glibc2.43,3.14.4,3.3.0,24,Intel(R) Core(TM) Ultra 9 285K,1,1 x NVIDIA GeForce RTX 5090,9.2986,48.7383,60.81615447998047,machine,0.0,0.0,0.0,0.0,N
rollout_88,2026-09-19T18:03:07,tdmpc2_Ant-v5_seed85062,e895d6ce-cf92-4b9f-a886-61c464011cbe,16.551164588992833,0.00037511904702829807,2.266421709441418e-05,31.736298725607995,143.73988256646837,20.0,0.0001538621186451504,0.0007388830911061461,9.194844303330937e-05,0.0009846936527846128,0.0,Germany,DEU,baden-wurttemberg,,,Linux-7.0.0-31-generic-x86_64-with-glibc2.43,3.14.4,3.3.0,24,Intel(R) Core(TM) Ultra 9 285K,1,1 x NVIDIA GeForce RTX 5090,9.2986,48.7383,60.81615447998047,machine,0.0,0.0,0.0,0.0,N
gradient_updates_88,2026-09-19T18:03:22,tdmpc2_Ant-v5_seed85062,e895d6ce-cf92-4b9f-a886-61c464011cbe,14.799588584995945,0.0002888536733456626,1.9517701620466258e-05,31.744056409324184,143.6956573521609,20.0,0.00011822332985636161,0.0005578057240223089,8.221657768889626e-05,0.0007582456315675667,0.0,Germany,DEU,baden-wurttemberg,,,Linux-7.0.0-31-generic-x86_64-with-glibc2.43,3.14.4,3.3.0,24,Intel(R) Core(TM) Ultra 9 285K,1,1 x NVIDIA GeForce RTX 5090,9.2986,48.7383,60.81615447998047,machine,0.0,0.0,0.0,0.0,N
rollout_89,2026-09-19T18:03:39,tdmpc2_Ant-v5_seed85062,e895d6ce-cf92-4b9f-a886-61c464011cbe,16.559138130003703,0.00037440635351059653,2.2610264449760496e-05,31.729421515621574,143.78263474156037,20.0,0.00015666708588912143,0.0007341630873298755,9.199264738894708e-05,0.000982822820607937,0.0,Germany,DEU,baden-wurttemberg,,,Linux-7.0.0-31-generic-x86_64-with-glibc2.43,3.14.4,3.3.0,24,Intel(R) Core(TM) Ultra 9 285K,1,1 x NVIDIA GeForce RTX 5090,9.2986,48.7383,60.81615447998047,machine,0.0,0.0,0.0,0.0,N
gradient_updates_89,2026-09-19T18:03:54,tdmpc2_Ant-v5_seed85062,e895d6ce-cf92-4b9f-a886-61c464011cbe,14.674462708993815,0.0002900315925873989,1.976435551283375e-05,31.74104185542244,143.73784994831493,20.0,0.00012733403158936632,0.0005524823864297979,8.152127088332031e-05,0.0007613376889024914,0.0,Germany,DEU,baden-wurttemberg,,,Linux-7.0.0-31-generic-x86_64-with-glibc2.43,3.14.4,3.3.0,24,Intel(R) Core(TM) Ultra 9 285K,1,1 x NVIDIA GeForce RTX 5090,9.2986,48.7383,60.81615447998047,machine,0.0,0.0,0.0,0.0,N
rollout_90,2026-09-19T18:04:10,tdmpc2_Ant-v5_seed85062,e895d6ce-cf92-4b9f-a886-61c464011cbe,16.60465369200392,0.00037808281754854456,2.2769702043476997e-05,31.739628896978246,143.82453061859903,20.0,0.00016334742290005644,0.0007368855895082405,9.224058661663412e-05,0.0009924735990249345,0.0,Germany,DEU,baden-wurttemberg,,,Linux-7.0.0-31-generic-x86_64-with-glibc2.43,3.14.4,3.3.0,24,Intel(R) Core(TM) Ultra 9 285K,1,1 x NVIDIA GeForce RTX 5090,9.2986,48.7383,60.81615447998047,machine,0.0,0.0,0.0,0.0,N
gradient_updates_90,2026-09-19T18:04:25,tdmpc2_Ant-v5_seed85062,e895d6ce-cf92-4b9f-a886-61c464011cbe,14.69232286400802,0.0002923556701576735,1.9898550707833964e-05,31.758069558928256,143.78379205166647,20.0,0.0001297883188305718,0.0005560298892679505,8.162022255556872e-05,0.0007674384306540771,0.0,Germany,DEU,baden-wurttemberg,,,Linux-7.0.0-31-generic-x86_64-with-glibc2.43,3.14.4,3.3.0,24,Intel(R) Core(TM) Ultra 9 285K,1,1 x NVIDIA GeForce RTX 5090,9.2986,48.7383,60.81615447998047,machine,0.0,0.0,0.0,0.0,N
rollout_91,2026-09-19T18:04:41,tdmpc2_Ant-v5_seed85062,e895d6ce-cf92-4b9f-a886-61c464011cbe,16.54825389200414,0.0003771451918975627,2.279064072412702e-05,31.75920193561546,143.87394537355942,20.0,0.0001596681963455665,0.000738412257395904,9.193186256662572e-05,0.0009900123163080754,0.0,Germany,DEU,baden-wurttemberg,,,Linux-7.0.0-31-generic-x86_64-with-glibc2.43,3.14.4,3.3.0,24,Intel(R) Core(TM) Ultra 9 285K,1,1 x NVIDIA GeForce RTX 5090,9.2986,48.7383,60.81615447998047,machine,0.0,0.0,0.0,0.0,N
gradient_updates_91,2026-09-19T18:04:56,tdmpc2_Ant-v5_seed85062,e895d6ce-cf92-4b9f-a886-61c464011cbe,14.68667576900043,0.000291876821659362,1.9873584958273457e-05,31.77384830791815,143.8339169666987,20.0,0.0001283559787958119,0.0005562357227661963,8.158974392782556e-05,0.0007661814454898441,0.0,Germany,DEU,baden-wurttemberg,,,Linux-7.0.0-31-generic-x86_64-with-glibc2.43,3.14.4,3.3.0,24,Intel(R) Core(TM) Ultra 9 285K,1,1 x NVIDIA GeForce RTX 5090,9.2986,48.7383,60.81615447998047,machine,0.0,0.0,0.0,0.0,N
rollout_92,2026-09-19T18:05:13,tdmpc2_Ant-v5_seed85062,e895d6ce-cf92-4b9f-a886-61c464011cbe,16.545015167997917,0.00037606921469524046,2.273006525872805e-05,31.773292040486485,143.91817022313865,20.0,0.0001610454352251288,0.0007342255873794556,9.191683589451771e-05,0.0009871878584991056,0.0,Germany,DEU,baden-wurttemberg,,,Linux-7.0.0-31-generic-x86_64-with-glibc2.43,3.14.4,3.3.0,24,Intel(R) Core(TM) Ultra 9 285K,1,1 x NVIDIA GeForce RTX 5090,9.2986,48.7383,60.81615447998047,machine,0.0,0.0,0.0,0.0,N
gradient_updates_92,2026-09-19T18:05:27,tdmpc2_Ant-v5_seed85062,e895d6ce-cf92-4b9f-a886-61c464011cbe,14.673210937995464,0.00029214690476700444,1.991023224315532e-05,31.789253827720188,143.8795069139565,20.0,0.00012874122854845266,0.0005566346119745269,8.151457755553246e-05,0.0007668904180785086,0.0,Germany,DEU,baden-wurttemberg,,,Linux-7.0.0-31-generic-x86_64-with-glibc2.43,3.14.4,3.3.0,24,Intel(R) Core(TM) Ultra 9 285K,1,1 x NVIDIA GeForce RTX 5090,9.2986,48.7383,60.81615447998047,machine,0.0,0.0,0.0,0.0,N
rollout_93,2026-09-19T18:05:44,tdmpc2_Ant-v5_seed85062,e895d6ce-cf92-4b9f-a886-61c464011cbe,16.53458080200653,0.00037406822549111707,2.262338705955348e-05,31.788907129834662,143.9629373806775,20.0,0.00015610151154777513,0.0007339803094059683,9.185340805561298e-05,0.0009819352290093564,0.0,Germany,DEU,baden-wurttemberg,,,Linux-7.0.0-31-generic-x86_64-with-glibc2.43,3.14.4,3.3.0,24,Intel(R) Core(TM) Ultra 9 285K,1,1 x NVIDIA GeForce RTX 5090,9.2986,48.7383,60.81615447998047,machine,0.0,0.0,0.0,0.0,N
gradient_updates_93,2026-09-19T18:05:59,tdmpc2_Ant-v5_seed85062,e895d6ce-cf92-4b9f-a886-61c464011cbe,14.768711006006924,0.0002910833214727765,1.9709439005508782e-05,31.798965052200483,143.92260251367378,20.0,0.00012324856582099364,0.0005588051692662077,8.204475939443609e-05,0.0007640984944816409,0.0,Germany,DEU,baden-wurttemberg,,,Linux-7.0.0-31-generic-x86_64-with-glibc2.43,3.14.4,3.3.0,24,Intel(R) Core(TM) Ultra 9 285K,1,1 x NVIDIA GeForce RTX 5090,9.2986,48.7383,60.81615447998047,machine,0.0,0.0,0.0,0.0,N
rollout_94,2026-09-19T18:06:15,tdmpc2_Ant-v5_seed85062,e895d6ce-cf92-4b9f-a886-61c464011cbe,16.541292827008874,0.00037482512084806296,2.2659972741653568e-05,31.791152464198024,144.0049321013995,20.0,0.00015774159119317024,0.0007342872540960776,9.189324645000538e-05,0.0009839220917392533,0.0,Germany,DEU,baden-wurttemberg,,,Linux-7.0.0-31-generic-x86_64-with-glibc2.43,3.14.4,3.3.0,24,Intel(R) Core(TM) Ultra 9 285K,1,1 x NVIDIA GeForce RTX 5090,9.2986,48.7383,60.81615447998047,machine,0.0,0.0,0.0,0.0,N
gradient_updates_94,2026-09-19T18:06:30,tdmpc2_Ant-v5_seed85062,e895d6ce-cf92-4b9f-a886-61c464011cbe,14.759405258999323,0.00029057794651031477,1.96876589862594e-05,31.80297203596652,143.96030386525047,20.0,0.00012586924125086718,0.0005549057217018039,8.199691396116107e-05,0.0007627718769138148,0.0,Germany,DEU,baden-wurttemberg,,,Linux-7.0.0-31-generic-x86_64-with-glibc2.43,3.14.4,3.3.0,24,Intel(R) Core(TM) Ultra 9 285K,1,1 x NVIDIA GeForce RTX 5090,9.2986,48.7383,60.81615447998047,machine,0.0,0.0,0.0,0.0,N
rollout_95,2026-09-19T18:06:46,tdmpc2_Ant-v5_seed85062,e895d6ce-cf92-4b9f-a886-61c464011cbe,16.543171034994884,0.0003777795686181612,2.28359901118556e-05,31.79857375931579,144.04688108936526,20.0,0.0001606671704780828,0.0007391067023960751,9.190369273330556e-05,0.0009916775656074739,0.0,Germany,DEU,baden-wurttemberg,,,Linux-7.0.0-31-generic-x86_64-with-glibc2.43,3.14.4,3.3.0,24,Intel(R) Core(TM) Ultra 9 285K,1,1 x NVIDIA GeForce RTX 5090,9.2986,48.7383,60.81615447998047,machine,0.0,0.0,0.0,0.0,N
gradient_updates_95,2026-09-19T18:07:01,tdmpc2_Ant-v5_seed85062,e895d6ce-cf92-4b9f-a886-61c464011cbe,14.795234791992698,0.0002920217881013515,1.973756607421264e-05,31.81321481833857,144.005440234871,20.0,0.0001257670583913427,0.0005586023913259908,8.219253506112217e-05,0.0007665619847784522,0.0,Germany,DEU,baden-wurttemberg,,,Linux-7.0.0-31-generic-x86_64-with-glibc2.43,3.14.4,3.3.0,24,Intel(R) Core(TM) Ultra 9 285K,1,1 x NVIDIA GeForce RTX 5090,9.2986,48.7383,60.81615447998047,machine,0.0,0.0,0.0,0.0,N
rollout_96,2026-09-19T18:07:18,tdmpc2_Ant-v5_seed85062,e895d6ce-cf92-4b9f-a886-61c464011cbe,16.536464020988205,0.00037549950838497437,2.270737057865433e-05,31.808175447401823,144.08764947106192,20.0,0.0001579651997053906,0.0007358603109102191,9.186685947222897e-05,0.0009856923700878595,0.0,Germany,DEU,baden-wurttemberg,,,Linux-7.0.0-31-generic-x86_64-with-glibc2.43,3.14.4,3.3.0,24,Intel(R) Core(TM) Ultra 9 285K,1,1 x NVIDIA GeForce RTX 5090,9.2986,48.7383,60.81615447998047,machine,0.0,0.0,0.0,0.0,N
gradient_updates_96,2026-09-19T18:07:32,tdmpc2_Ant-v5_seed85062,e895d6ce-cf92-4b9f-a886-61c464011cbe,14.672368764004204,0.00029122079650999166,1.9848265775421508e-05,31.82006354204014,144.04954279851142,20.0,0.0001265310478914261,0.0005564265562516546,8.150176456668545e-05,0.00076445936870978,0.0,Germany,DEU,baden-wurttemberg,,,Linux-7.0.0-31-generic-x86_64-with-glibc2.43,3.14.4,3.3.0,24,Intel(R) Core(TM) Ultra 9 285K,1,1 x NVIDIA GeForce RTX 5090,9.2986,48.7383,60.81615447998047,machine,0.0,0.0,0.0,0.0,N
rollout_97,2026-09-19T18:07:49,tdmpc2_Ant-v5_seed85062,e895d6ce-cf92-4b9f-a886-61c464011cbe,16.544052197001292,0.0003742326792870454,2.2620390079969418e-05,31.81709684105033,144.1272816737108,20.0,0.00015739267396959467,0.0007330655864521418,9.190866249999749e-05,0.0009823669229217513,0.0,Germany,DEU,baden-wurttemberg,,,Linux-7.0.0-31-generic-x86_64-with-glibc2.43,3.14.4,3.3.0,24,Intel(R) Core(TM) Ultra 9 285K,1,1 x NVIDIA GeForce RTX 5090,9.2986,48.7383,60.81615447998047,machine,0.0,0.0,0.0,0.0,N
gradient_updates_97,2026-09-19T18:08:04,tdmpc2_Ant-v5_seed85062,e895d6ce-cf92-4b9f-a886-61c464011cbe,14.663450687992736,0.0002915383101700503,1.98819426107552e-05,31.828279535750866,144.08918206461055,20.0,0.00012783173837642436,0.0005560007225779984,8.146038632225391e-05,0.0007652928472766662,0.0,Germany,DEU,baden-wurttemberg,,,Linux-7.0.0-31-generic-x86_64-with-glibc2.43,3.14.4,3.3.0,24,Intel(R) Core(TM) Ultra 9 285K,1,1 x NVIDIA GeForce RTX 5090,9.2986,48.7383,60.81615447998047,machine,0.0,0.0,0.0,0.0,N
rollout_98,2026-09-19T18:08:20,tdmpc2_Ant-v5_seed85062,e895d6ce-cf92-4b9f-a886-61c464011cbe,16.54281157400692,0.00037675321398017436,2.2774446006210448e-05,31.8271949401654,144.16794881516785,20.0,0.00016224268868293007,0.0007348408656500105,9.189981351107046e-05,0.000988983367844004,0.0,Germany,DEU,baden-wurttemberg,,,Linux-7.0.0-31-generic-x86_64-with-glibc2.43,3.14.4,3.3.0,24,Intel(R) Core(TM) Ultra 9 285K,1,1 x NVIDIA GeForce RTX 5090,9.2986,48.7383,60.81615447998047,machine,0.0,0.0,0.0,0.0,N
gradient_updates_98,2026-09-19T18:08:35,tdmpc2_Ant-v5_seed85062,e895d6ce-cf92-4b9f-a886-61c464011cbe,14.776915283990093,0.0002909379572611226,1.9688693285357547e-05,31.842544194354808,144.12947814600784,20.0,0.0001218466585883593,0.0005597885033861161,8.20817490666953e-05,0.0007637169110411568,0.0,Germany,DEU,baden-wurttemberg,,,Linux-7.0.0-31-generic-x86_64-with-glibc2.43,3.14.4,3.3.0,24,Intel(R) Core(TM) Ultra 9 285K,1,1 x NVIDIA GeForce RTX 5090,9.2986,48.7383,60.81615447998047,machine,0.0,0.0,0.0,0.0,N
rollout_99,2026-09-19T18:08:52,tdmpc2_Ant-v5_seed85062,e895d6ce-cf92-4b9f-a886-61c464011cbe,16.54188669800351,0.000376908978279078,2.2785131702814547e-05,31.83328975510224,144.21172636164354,20.0,0.00015852172070616663,0.0007389736467335872,9.18968842444079e-05,0.0009893922516841513,0.0,Germany,DEU,baden-wurttemberg,,,Linux-7.0.0-31-generic-x86_64-with-glibc2.43,3.14.4,3.3.0,24,Intel(R) Core(TM) Ultra 9 285K,1,1 x NVIDIA GeForce RTX 5090,9.2986,48.7383,60.81615447998047,machine,0.0,0.0,0.0,0.0,N
gradient_updates_99,2026-09-19T18:09:06,tdmpc2_Ant-v5_seed85062,e895d6ce-cf92-4b9f-a886-61c464011cbe,14.691683949989965,0.00029220475734111073,1.9889143777023306e-05,31.845387778072,144.17324660577128,20.0,0.0001289489512146351,0.0005564762785144062,8.161705230563115e-05,0.000767042282034669,0.0,Germany,DEU,baden-wurttemberg,,,Linux-7.0.0-31-generic-x86_64-with-glibc2.43,3.14.4,3.3.0,24,Intel(R) Core(TM) Ultra 9 285K,1,1 x NVIDIA GeForce RTX 5090,9.2986,48.7383,60.81615447998047,machine,0.0,0.0,0.0,0.0,N
idle_baseline_tail,2026-09-19T18:10:36,tdmpc2_Ant-v5_seed85062,e895d6ce-cf92-4b9f-a886-61c464011cbe,90.00372414001322,0.0006870438236615678,7.633505292942551e-06,31.843319087245373,143.64554572225742,20.0,0.0004035961931544742,0.000899890997690278,0.0005000141181500418,0.0018035013089947871,0.0,Germany,DEU,baden-wurttemberg,,,Linux-7.0.0-31-generic-x86_64-with-glibc2.43,3.14.4,3.3.0,24,Intel(R) Core(TM) Ultra 9 285K,1,1 x NVIDIA GeForce RTX 5090,9.2986,48.7383,60.81615447998047,machine,0.0,0.0,0.0,0.0,N
