[2026-09-12 19:15:00] Priming sudo credentials (you may be prompted for your password now)...
[2026-09-12 19:15:04] sudo credential keepalive started (pid 17410, refreshes every 60s).
[2026-09-12 19:15:05] [1/60] Starting: algo=sac env=HalfCheetah-v5 seed=331 width=256x256
2026-09-12 19:15:06,116 [INFO] === Experiment run: algo=sac env=HalfCheetah-v5 seed=331 ===
2026-09-12 19:15:06,116 [INFO] Run directory: results/sac/HalfCheetah-v5/seed_331/20260912_191506
2026-09-12 19:15:06,377 [INFO] Using device: cuda
2026-09-12 19:15:06,484 [INFO] Waiting for thermal baseline before starting...
2026-09-12 19:15:16,497 [INFO] Thermal gate result: {'gated': True, 'reason': 'reached_reference', 'waited_seconds': 1.1682510375976562e-05, 'final_temp_c': 45.0, 'final_power_w': 31.04}
2026-09-12 19:15:16,497 [INFO] Settling for 30s (unmeasured)...
[codecarbon WARNING @ 19:15:46] Multiple instances of codecarbon are allowed to run at the same time.
2026-09-12 19:15:47,778 [INFO] Recording idle baseline for 90s...
2026-09-12 19:17:21,706 [INFO] Starting warmup: 5000 steps
2026-09-12 19:17:21,859 [INFO] Starting measured training: 100 epochs x 1000 steps = 100000 env steps
2026-09-12 19:18:02,439 [INFO] Epoch 10/100 done (buffer size=15000, cumulative_reward=-1677.68, mean_episode_return=-85.47032092549375)
2026-09-12 19:18:42,960 [INFO] Epoch 20/100 done (buffer size=25000, cumulative_reward=1322.07, mean_episode_return=1022.7569878636006)
2026-09-12 19:19:23,438 [INFO] Epoch 30/100 done (buffer size=35000, cumulative_reward=23062.98, mean_episode_return=2873.225075126901)
2026-09-12 19:20:03,998 [INFO] Epoch 40/100 done (buffer size=45000, cumulative_reward=53920.15, mean_episode_return=3222.261050410736)
2026-09-12 19:20:47,359 [INFO] Epoch 50/100 done (buffer size=55000, cumulative_reward=83599.17, mean_episode_return=3367.4032112865984)
2026-09-12 19:21:30,987 [INFO] Epoch 60/100 done (buffer size=65000, cumulative_reward=119642.00, mean_episode_return=3713.846913397239)
2026-09-12 19:22:14,584 [INFO] Epoch 70/100 done (buffer size=75000, cumulative_reward=158748.07, mean_episode_return=4176.410001787219)
2026-09-12 19:22:55,326 [INFO] Epoch 80/100 done (buffer size=85000, cumulative_reward=200880.01, mean_episode_return=4348.453509483067)
2026-09-12 19:23:37,497 [INFO] Epoch 90/100 done (buffer size=95000, cumulative_reward=244408.75, mean_episode_return=4628.639643613022)
2026-09-12 19:24:19,064 [INFO] Epoch 100/100 done (buffer size=105000, cumulative_reward=290204.39, mean_episode_return=4707.009392297456)
2026-09-12 19:24:19,064 [INFO] Recording idle tail for 90s...
2026-09-12 19:25:49,136 [INFO] Run complete. Segment energy summary (kWh unless noted):
2026-09-12 19:25:49,136 [INFO]   idle_baseline_head: 0.001660279670499602
2026-09-12 19:25:49,136 [INFO]   warmup: 3.960003686741568e-06
2026-09-12 19:25:49,136 [INFO]   rollout: 0.0006245851477759078
2026-09-12 19:25:49,136 [INFO]   buffer_sample: 0.00033062160917713193
2026-09-12 19:25:49,136 [INFO]   critic_update: 0.005299252991516492
2026-09-12 19:25:49,136 [INFO]   actor_update: 0.006368431874084268
2026-09-12 19:25:49,136 [INFO]   target_update: 0.0005467257849020694
2026-09-12 19:25:49,136 [INFO]   _sub_segment_wall_time_seconds: {'buffer_sample': 10.22173332303555, 'critic_update': 163.83548257899702, 'actor_update': 196.89097897994088, 'target_update': 16.902964050066657}
2026-09-12 19:25:49,136 [INFO]   idle_baseline_tail: 0.001954102750670582
2026-09-12 19:25:49,136 [INFO]   _total_kg_co2eq: 0.006395383789842301
2026-09-12 19:25:49,136 [INFO] Training summary: 100 epochs, final cumulative_reward=290204.39, final mean_episode_return=4707.009392297456, episodes completed=105

Run artifacts written to: results/sac/HalfCheetah-v5/seed_331/20260912_191506
[2026-09-12 19:25:50] [1/60] Finished OK: algo=sac env=HalfCheetah-v5 seed=331 width=256x256 -> results/sac/HalfCheetah-v5/seed_331/20260912_191506
[2026-09-12 19:25:50] [2/60] Starting: algo=sac env=HalfCheetah-v5 seed=958 width=256x256
2026-09-12 19:25:50,597 [INFO] === Experiment run: algo=sac env=HalfCheetah-v5 seed=958 ===
2026-09-12 19:25:50,597 [INFO] Run directory: results/sac/HalfCheetah-v5/seed_958/20260912_192550
2026-09-12 19:25:50,731 [INFO] Using device: cuda
2026-09-12 19:25:50,824 [INFO] Waiting for thermal baseline before starting...
2026-09-12 19:26:00,835 [INFO] Thermal gate result: {'gated': True, 'reason': 'reached_reference', 'waited_seconds': 1.049041748046875e-05, 'final_temp_c': 54.0, 'final_power_w': 37.746}
2026-09-12 19:26:00,835 [INFO] Settling for 30s (unmeasured)...
[codecarbon WARNING @ 19:26:30] Multiple instances of codecarbon are allowed to run at the same time.
2026-09-12 19:26:32,069 [INFO] Recording idle baseline for 90s...
2026-09-12 19:28:05,625 [INFO] Starting warmup: 5000 steps
2026-09-12 19:28:05,782 [INFO] Starting measured training: 100 epochs x 1000 steps = 100000 env steps
2026-09-12 19:28:49,505 [INFO] Epoch 10/100 done (buffer size=15000, cumulative_reward=-1363.38, mean_episode_return=14.221730216003152)
2026-09-12 19:29:30,885 [INFO] Epoch 20/100 done (buffer size=25000, cumulative_reward=3114.21, mean_episode_return=1676.671542238611)
2026-09-12 19:30:12,082 [INFO] Epoch 30/100 done (buffer size=35000, cumulative_reward=22417.79, mean_episode_return=3018.800783627033)
2026-09-12 19:30:53,151 [INFO] Epoch 40/100 done (buffer size=45000, cumulative_reward=58956.32, mean_episode_return=3842.877600860992)
2026-09-12 19:31:33,800 [INFO] Epoch 50/100 done (buffer size=55000, cumulative_reward=98067.88, mean_episode_return=4190.2856567233575)
2026-09-12 19:32:16,814 [INFO] Epoch 60/100 done (buffer size=65000, cumulative_reward=139885.68, mean_episode_return=4136.648751137864)
2026-09-12 19:32:57,756 [INFO] Epoch 70/100 done (buffer size=75000, cumulative_reward=183305.97, mean_episode_return=4526.980619078741)
2026-09-12 19:33:40,594 [INFO] Epoch 80/100 done (buffer size=85000, cumulative_reward=228472.37, mean_episode_return=4568.6270193196115)
2026-09-12 19:34:22,556 [INFO] Epoch 90/100 done (buffer size=95000, cumulative_reward=276600.02, mean_episode_return=5028.090276758929)
2026-09-12 19:35:03,328 [INFO] Epoch 100/100 done (buffer size=105000, cumulative_reward=328264.46, mean_episode_return=5380.125896077982)
2026-09-12 19:35:03,328 [INFO] Recording idle tail for 90s...
2026-09-12 19:36:33,398 [INFO] Run complete. Segment energy summary (kWh unless noted):
2026-09-12 19:36:33,398 [INFO]   idle_baseline_head: 0.001884672456039028
2026-09-12 19:36:33,398 [INFO]   warmup: 5.906060798290414e-06
2026-09-12 19:36:33,398 [INFO]   rollout: 0.0006369732818181512
2026-09-12 19:36:33,398 [INFO]   buffer_sample: 0.0003324028720370736
2026-09-12 19:36:33,398 [INFO]   critic_update: 0.00530973117348648
2026-09-12 19:36:33,398 [INFO]   actor_update: 0.00640563173231623
2026-09-12 19:36:33,398 [INFO]   target_update: 0.0005530177068355923
2026-09-12 19:36:33,398 [INFO]   _sub_segment_wall_time_seconds: {'buffer_sample': 10.239987307115825, 'critic_update': 163.57132983686915, 'actor_update': 197.33159112313797, 'target_update': 17.03623757491232}
2026-09-12 19:36:33,398 [INFO]   idle_baseline_tail: 0.001667522340311962
2026-09-12 19:36:33,398 [INFO]   _total_kg_co2eq: 0.006398390375126351
2026-09-12 19:36:33,398 [INFO] Training summary: 100 epochs, final cumulative_reward=328264.46, final mean_episode_return=5380.125896077982, episodes completed=105

Run artifacts written to: results/sac/HalfCheetah-v5/seed_958/20260912_192550
[2026-09-12 19:36:34] [2/60] Finished OK: algo=sac env=HalfCheetah-v5 seed=958 width=256x256 -> results/sac/HalfCheetah-v5/seed_958/20260912_192550
[2026-09-12 19:36:34] [3/60] Starting: algo=sac env=HalfCheetah-v5 seed=14577 width=256x256
2026-09-12 19:36:34,564 [INFO] === Experiment run: algo=sac env=HalfCheetah-v5 seed=14577 ===
2026-09-12 19:36:34,564 [INFO] Run directory: results/sac/HalfCheetah-v5/seed_14577/20260912_193634
2026-09-12 19:36:34,697 [INFO] Using device: cuda
2026-09-12 19:36:34,789 [INFO] Waiting for thermal baseline before starting...
2026-09-12 19:36:44,801 [INFO] Thermal gate result: {'gated': True, 'reason': 'reached_reference', 'waited_seconds': 9.5367431640625e-06, 'final_temp_c': 43.0, 'final_power_w': 26.34}
2026-09-12 19:36:44,801 [INFO] Settling for 30s (unmeasured)...
[codecarbon WARNING @ 19:37:14] Multiple instances of codecarbon are allowed to run at the same time.
2026-09-12 19:37:16,035 [INFO] Recording idle baseline for 90s...
2026-09-12 19:38:49,588 [INFO] Starting warmup: 5000 steps
2026-09-12 19:38:49,740 [INFO] Starting measured training: 100 epochs x 1000 steps = 100000 env steps
2026-09-12 19:39:31,444 [INFO] Epoch 10/100 done (buffer size=15000, cumulative_reward=-2267.66, mean_episode_return=-173.10025146023773)
2026-09-12 19:40:11,916 [INFO] Epoch 20/100 done (buffer size=25000, cumulative_reward=273.42, mean_episode_return=329.75512738826643)
2026-09-12 19:40:52,526 [INFO] Epoch 30/100 done (buffer size=35000, cumulative_reward=15381.09, mean_episode_return=1977.0956467602243)
2026-09-12 19:41:33,095 [INFO] Epoch 40/100 done (buffer size=45000, cumulative_reward=38567.54, mean_episode_return=2540.404744304208)
2026-09-12 19:42:13,793 [INFO] Epoch 50/100 done (buffer size=55000, cumulative_reward=67761.90, mean_episode_return=3418.490796141664)
2026-09-12 19:42:54,352 [INFO] Epoch 60/100 done (buffer size=65000, cumulative_reward=108465.12, mean_episode_return=4299.669390524188)
2026-09-12 19:43:37,478 [INFO] Epoch 70/100 done (buffer size=75000, cumulative_reward=154687.57, mean_episode_return=4800.948234124036)
2026-09-12 19:44:18,282 [INFO] Epoch 80/100 done (buffer size=85000, cumulative_reward=204722.82, mean_episode_return=5169.370518531885)
2026-09-12 19:44:59,124 [INFO] Epoch 90/100 done (buffer size=95000, cumulative_reward=256469.11, mean_episode_return=5288.674111034213)
2026-09-12 19:45:42,548 [INFO] Epoch 100/100 done (buffer size=105000, cumulative_reward=309542.00, mean_episode_return=5524.696001018907)
2026-09-12 19:45:42,548 [INFO] Recording idle tail for 90s...
2026-09-12 19:47:12,608 [INFO] Run complete. Segment energy summary (kWh unless noted):
2026-09-12 19:47:12,609 [INFO]   idle_baseline_head: 0.0016143811029055697
2026-09-12 19:47:12,609 [INFO]   warmup: 5.329075161491278e-06
2026-09-12 19:47:12,609 [INFO]   rollout: 0.0006309314248421529
2026-09-12 19:47:12,609 [INFO]   buffer_sample: 0.0003260398569912612
2026-09-12 19:47:12,609 [INFO]   critic_update: 0.00517494420583707
2026-09-12 19:47:12,609 [INFO]   actor_update: 0.006337548482463715
2026-09-12 19:47:12,609 [INFO]   target_update: 0.0005459706704344615
2026-09-12 19:47:12,609 [INFO]   _sub_segment_wall_time_seconds: {'buffer_sample': 10.090275701104929, 'critic_update': 160.1540813340839, 'actor_update': 196.13433783002802, 'target_update': 16.896690607824894}
2026-09-12 19:47:12,609 [INFO]   idle_baseline_tail: 0.0019492202440822004
2026-09-12 19:47:12,609 [INFO]   _total_kg_co2eq: 0.006317825004622009
2026-09-12 19:47:12,609 [INFO] Training summary: 100 epochs, final cumulative_reward=309542.00, final mean_episode_return=5524.696001018907, episodes completed=105

Run artifacts written to: results/sac/HalfCheetah-v5/seed_14577/20260912_193634
[2026-09-12 19:47:13] [3/60] Finished OK: algo=sac env=HalfCheetah-v5 seed=14577 width=256x256 -> results/sac/HalfCheetah-v5/seed_14577/20260912_193634
[2026-09-12 19:47:13] [4/60] Starting: algo=sac env=HalfCheetah-v5 seed=43611 width=256x256
2026-09-12 19:47:13,769 [INFO] === Experiment run: algo=sac env=HalfCheetah-v5 seed=43611 ===
2026-09-12 19:47:13,769 [INFO] Run directory: results/sac/HalfCheetah-v5/seed_43611/20260912_194713
2026-09-12 19:47:13,904 [INFO] Using device: cuda
2026-09-12 19:47:13,997 [INFO] Waiting for thermal baseline before starting...
2026-09-12 19:47:24,009 [INFO] Thermal gate result: {'gated': True, 'reason': 'reached_reference', 'waited_seconds': 9.5367431640625e-06, 'final_temp_c': 53.0, 'final_power_w': 37.026}
2026-09-12 19:47:24,009 [INFO] Settling for 30s (unmeasured)...
[codecarbon WARNING @ 19:47:54] Multiple instances of codecarbon are allowed to run at the same time.
2026-09-12 19:47:55,244 [INFO] Recording idle baseline for 90s...
2026-09-12 19:49:28,799 [INFO] Starting warmup: 5000 steps
2026-09-12 19:49:28,953 [INFO] Starting measured training: 100 epochs x 1000 steps = 100000 env steps
2026-09-12 19:50:09,855 [INFO] Epoch 10/100 done (buffer size=15000, cumulative_reward=-2183.67, mean_episode_return=-58.621717389095444)
2026-09-12 19:50:50,465 [INFO] Epoch 20/100 done (buffer size=25000, cumulative_reward=6359.11, mean_episode_return=1566.4776464337872)
2026-09-12 19:51:30,985 [INFO] Epoch 30/100 done (buffer size=35000, cumulative_reward=27475.34, mean_episode_return=2385.2865330838863)
2026-09-12 19:52:13,612 [INFO] Epoch 40/100 done (buffer size=45000, cumulative_reward=55535.37, mean_episode_return=3312.8514304183736)
2026-09-12 19:52:54,242 [INFO] Epoch 50/100 done (buffer size=55000, cumulative_reward=88927.03, mean_episode_return=3520.7183703795986)
2026-09-12 19:53:36,974 [INFO] Epoch 60/100 done (buffer size=65000, cumulative_reward=126355.49, mean_episode_return=3312.597414116487)
2026-09-12 19:54:19,114 [INFO] Epoch 70/100 done (buffer size=75000, cumulative_reward=170640.90, mean_episode_return=4582.118930688203)
2026-09-12 19:55:02,437 [INFO] Epoch 80/100 done (buffer size=85000, cumulative_reward=218109.72, mean_episode_return=4903.804252531447)
2026-09-12 19:55:46,161 [INFO] Epoch 90/100 done (buffer size=95000, cumulative_reward=267728.07, mean_episode_return=5150.2322709508335)
2026-09-12 19:56:26,641 [INFO] Epoch 100/100 done (buffer size=105000, cumulative_reward=319966.90, mean_episode_return=5166.989358384659)
2026-09-12 19:56:26,641 [INFO] Recording idle tail for 90s...
2026-09-12 19:57:56,702 [INFO] Run complete. Segment energy summary (kWh unless noted):
2026-09-12 19:57:56,702 [INFO]   idle_baseline_head: 0.0018632061461991648
2026-09-12 19:57:56,702 [INFO]   warmup: 4.102006349723016e-06
2026-09-12 19:57:56,702 [INFO]   rollout: 0.0006331898803381992
2026-09-12 19:57:56,702 [INFO]   buffer_sample: 0.0003319672043701012
2026-09-12 19:57:56,702 [INFO]   critic_update: 0.005361468811345281
2026-09-12 19:57:56,702 [INFO]   actor_update: 0.006462112005307061
2026-09-12 19:57:56,702 [INFO]   target_update: 0.0005506641299882322
2026-09-12 19:57:56,702 [INFO]   _sub_segment_wall_time_seconds: {'buffer_sample': 10.145216566087583, 'critic_update': 163.85131268202167, 'actor_update': 197.4879593680107, 'target_update': 16.828791460009597}
2026-09-12 19:57:56,702 [INFO]   idle_baseline_tail: 0.0017071131928406477
2026-09-12 19:57:56,702 [INFO]   _total_kg_co2eq: 0.006443332900565041
2026-09-12 19:57:56,702 [INFO] Training summary: 100 epochs, final cumulative_reward=319966.90, final mean_episode_return=5166.989358384659, episodes completed=105

Run artifacts written to: results/sac/HalfCheetah-v5/seed_43611/20260912_194713
[2026-09-12 19:57:57] [4/60] Finished OK: algo=sac env=HalfCheetah-v5 seed=43611 width=256x256 -> results/sac/HalfCheetah-v5/seed_43611/20260912_194713
[2026-09-12 19:57:57] [5/60] Starting: algo=sac env=HalfCheetah-v5 seed=85062 width=256x256
2026-09-12 19:57:57,903 [INFO] === Experiment run: algo=sac env=HalfCheetah-v5 seed=85062 ===
2026-09-12 19:57:57,903 [INFO] Run directory: results/sac/HalfCheetah-v5/seed_85062/20260912_195757
2026-09-12 19:57:58,036 [INFO] Using device: cuda
2026-09-12 19:57:58,130 [INFO] Waiting for thermal baseline before starting...
2026-09-12 19:58:08,140 [INFO] Thermal gate result: {'gated': True, 'reason': 'reached_reference', 'waited_seconds': 1.0967254638671875e-05, 'final_temp_c': 44.0, 'final_power_w': 27.206}
2026-09-12 19:58:08,141 [INFO] Settling for 30s (unmeasured)...
[codecarbon WARNING @ 19:58:38] Multiple instances of codecarbon are allowed to run at the same time.
2026-09-12 19:58:39,374 [INFO] Recording idle baseline for 90s...
2026-09-12 20:00:12,995 [INFO] Starting warmup: 5000 steps
2026-09-12 20:00:13,152 [INFO] Starting measured training: 100 epochs x 1000 steps = 100000 env steps
2026-09-12 20:00:56,990 [INFO] Epoch 10/100 done (buffer size=15000, cumulative_reward=-1796.51, mean_episode_return=-58.563726100218474)
2026-09-12 20:01:37,732 [INFO] Epoch 20/100 done (buffer size=25000, cumulative_reward=1866.38, mean_episode_return=1236.174030008432)
2026-09-12 20:02:18,309 [INFO] Epoch 30/100 done (buffer size=35000, cumulative_reward=11013.28, mean_episode_return=636.5768363016789)
2026-09-12 20:03:02,238 [INFO] Epoch 40/100 done (buffer size=45000, cumulative_reward=27335.89, mean_episode_return=2392.53070485486)
2026-09-12 20:03:43,049 [INFO] Epoch 50/100 done (buffer size=55000, cumulative_reward=47174.47, mean_episode_return=2437.7195652410883)
2026-09-12 20:04:23,587 [INFO] Epoch 60/100 done (buffer size=65000, cumulative_reward=74590.20, mean_episode_return=3376.3300302954294)
2026-09-12 20:05:04,133 [INFO] Epoch 70/100 done (buffer size=75000, cumulative_reward=104061.28, mean_episode_return=612.549091442135)
2026-09-12 20:05:44,705 [INFO] Epoch 80/100 done (buffer size=85000, cumulative_reward=131170.81, mean_episode_return=3705.0286483236146)
2026-09-12 20:06:25,421 [INFO] Epoch 90/100 done (buffer size=95000, cumulative_reward=169595.93, mean_episode_return=4063.53609872085)
2026-09-12 20:07:06,335 [INFO] Epoch 100/100 done (buffer size=105000, cumulative_reward=211061.24, mean_episode_return=4358.781525682162)
2026-09-12 20:07:06,335 [INFO] Recording idle tail for 90s...
2026-09-12 20:08:36,396 [INFO] Run complete. Segment energy summary (kWh unless noted):
2026-09-12 20:08:36,396 [INFO]   idle_baseline_head: 0.001626917555773302
2026-09-12 20:08:36,396 [INFO]   warmup: 3.979374337883699e-06
2026-09-12 20:08:36,396 [INFO]   rollout: 0.000638817054022914
2026-09-12 20:08:36,396 [INFO]   buffer_sample: 0.00033094249495513604
2026-09-12 20:08:36,396 [INFO]   critic_update: 0.0052071780288605336
2026-09-12 20:08:36,396 [INFO]   actor_update: 0.006357490695186975
2026-09-12 20:08:36,396 [INFO]   target_update: 0.0005477047387628329
2026-09-12 20:08:36,396 [INFO]   _sub_segment_wall_time_seconds: {'buffer_sample': 10.200990508978066, 'critic_update': 160.5063552148731, 'actor_update': 195.963659037835, 'target_update': 16.882482385948606}
2026-09-12 20:08:36,396 [INFO]   idle_baseline_tail: 0.0019390443062730443
2026-09-12 20:08:36,396 [INFO]   _total_kg_co2eq: 0.006343619410646103
2026-09-12 20:08:36,396 [INFO] Training summary: 100 epochs, final cumulative_reward=211061.24, final mean_episode_return=4358.781525682162, episodes completed=105

Run artifacts written to: results/sac/HalfCheetah-v5/seed_85062/20260912_195757
[2026-09-12 20:08:37] [5/60] Finished OK: algo=sac env=HalfCheetah-v5 seed=85062 width=256x256 -> results/sac/HalfCheetah-v5/seed_85062/20260912_195757
[2026-09-12 20:08:37] [6/60] Starting: algo=sac env=HalfCheetah-v5 seed=331 width=512x512
2026-09-12 20:08:37,570 [INFO] === Experiment run: algo=sac env=HalfCheetah-v5 seed=331 ===
2026-09-12 20:08:37,570 [INFO] Run directory: results/sac/HalfCheetah-v5/seed_331/20260912_200837
2026-09-12 20:08:37,707 [INFO] Using device: cuda
2026-09-12 20:08:37,802 [INFO] Waiting for thermal baseline before starting...
2026-09-12 20:08:47,814 [INFO] Thermal gate result: {'gated': True, 'reason': 'reached_reference', 'waited_seconds': 9.775161743164062e-06, 'final_temp_c': 54.0, 'final_power_w': 37.141}
2026-09-12 20:08:47,814 [INFO] Settling for 30s (unmeasured)...
[codecarbon WARNING @ 20:09:17] Multiple instances of codecarbon are allowed to run at the same time.
2026-09-12 20:09:19,052 [INFO] Recording idle baseline for 90s...
2026-09-12 20:10:52,583 [INFO] Starting warmup: 5000 steps
2026-09-12 20:10:52,737 [INFO] Starting measured training: 100 epochs x 1000 steps = 100000 env steps
2026-09-12 20:11:35,558 [INFO] Epoch 10/100 done (buffer size=15000, cumulative_reward=-1706.04, mean_episode_return=49.3535411391548)
2026-09-12 20:12:16,032 [INFO] Epoch 20/100 done (buffer size=25000, cumulative_reward=1963.26, mean_episode_return=716.3111041327413)
2026-09-12 20:12:57,389 [INFO] Epoch 30/100 done (buffer size=35000, cumulative_reward=14585.08, mean_episode_return=1739.9570948265946)
2026-09-12 20:13:40,186 [INFO] Epoch 40/100 done (buffer size=45000, cumulative_reward=28541.65, mean_episode_return=1588.9946740323855)
2026-09-12 20:14:23,694 [INFO] Epoch 50/100 done (buffer size=55000, cumulative_reward=52777.08, mean_episode_return=2506.180871263629)
2026-09-12 20:15:04,956 [INFO] Epoch 60/100 done (buffer size=65000, cumulative_reward=74823.75, mean_episode_return=2950.4352924976765)
2026-09-12 20:15:46,453 [INFO] Epoch 70/100 done (buffer size=75000, cumulative_reward=104820.44, mean_episode_return=3381.622408865031)
2026-09-12 20:16:29,930 [INFO] Epoch 80/100 done (buffer size=85000, cumulative_reward=139277.73, mean_episode_return=3249.5881230508767)
2026-09-12 20:17:11,703 [INFO] Epoch 90/100 done (buffer size=95000, cumulative_reward=177862.19, mean_episode_return=4163.8366114506225)
2026-09-12 20:17:55,522 [INFO] Epoch 100/100 done (buffer size=105000, cumulative_reward=220416.60, mean_episode_return=4171.168618315517)
2026-09-12 20:17:55,522 [INFO] Recording idle tail for 90s...
2026-09-12 20:19:25,582 [INFO] Run complete. Segment energy summary (kWh unless noted):
2026-09-12 20:19:25,582 [INFO]   idle_baseline_head: 0.0018833266414289025
2026-09-12 20:19:25,582 [INFO]   warmup: 5.97657690421579e-06
2026-09-12 20:19:25,582 [INFO]   rollout: 0.00064459052672961
2026-09-12 20:19:25,582 [INFO]   buffer_sample: 0.00034753509431643313
2026-09-12 20:19:25,582 [INFO]   critic_update: 0.005639016483026585
2026-09-12 20:19:25,582 [INFO]   actor_update: 0.0067244983878546076
2026-09-12 20:19:25,582 [INFO]   target_update: 0.0005716366488467765
2026-09-12 20:19:25,582 [INFO]   _sub_segment_wall_time_seconds: {'buffer_sample': 10.264311263013951, 'critic_update': 166.54611676813965, 'actor_update': 198.605394589963, 'target_update': 16.88306185207057}
2026-09-12 20:19:25,582 [INFO]   idle_baseline_tail: 0.001673612789423174
2026-09-12 20:19:25,582 [INFO]   _total_kg_co2eq: 0.0066629052774799385
2026-09-12 20:19:25,582 [INFO] Training summary: 100 epochs, final cumulative_reward=220416.60, final mean_episode_return=4171.168618315517, episodes completed=105

Run artifacts written to: results/sac/HalfCheetah-v5/seed_331/20260912_200837
[2026-09-12 20:19:26] [6/60] Finished OK: algo=sac env=HalfCheetah-v5 seed=331 width=512x512 -> results/sac/HalfCheetah-v5/seed_331/20260912_200837
[2026-09-12 20:19:26] [7/60] Starting: algo=sac env=HalfCheetah-v5 seed=958 width=512x512
2026-09-12 20:19:26,767 [INFO] === Experiment run: algo=sac env=HalfCheetah-v5 seed=958 ===
2026-09-12 20:19:26,767 [INFO] Run directory: results/sac/HalfCheetah-v5/seed_958/20260912_201926
2026-09-12 20:19:26,900 [INFO] Using device: cuda
2026-09-12 20:19:26,992 [INFO] Waiting for thermal baseline before starting...
2026-09-12 20:19:37,003 [INFO] Thermal gate result: {'gated': True, 'reason': 'reached_reference', 'waited_seconds': 1.0013580322265625e-05, 'final_temp_c': 43.0, 'final_power_w': 26.09}
2026-09-12 20:19:37,003 [INFO] Settling for 30s (unmeasured)...
[codecarbon WARNING @ 20:20:07] Multiple instances of codecarbon are allowed to run at the same time.
2026-09-12 20:20:08,241 [INFO] Recording idle baseline for 90s...
2026-09-12 20:21:41,776 [INFO] Starting warmup: 5000 steps
2026-09-12 20:21:41,929 [INFO] Starting measured training: 100 epochs x 1000 steps = 100000 env steps
2026-09-12 20:22:25,615 [INFO] Epoch 10/100 done (buffer size=15000, cumulative_reward=-2056.21, mean_episode_return=80.3786834949095)
2026-09-12 20:23:07,298 [INFO] Epoch 20/100 done (buffer size=25000, cumulative_reward=2979.85, mean_episode_return=606.6142804885848)
2026-09-12 20:23:47,814 [INFO] Epoch 30/100 done (buffer size=35000, cumulative_reward=19299.03, mean_episode_return=1245.1907434367233)
2026-09-12 20:24:28,443 [INFO] Epoch 40/100 done (buffer size=45000, cumulative_reward=36350.56, mean_episode_return=442.1538954805422)
2026-09-12 20:25:09,016 [INFO] Epoch 50/100 done (buffer size=55000, cumulative_reward=56723.67, mean_episode_return=931.7244456996598)
2026-09-12 20:25:49,629 [INFO] Epoch 60/100 done (buffer size=65000, cumulative_reward=79872.25, mean_episode_return=3713.0585143978433)
2026-09-12 20:26:30,283 [INFO] Epoch 70/100 done (buffer size=75000, cumulative_reward=117658.23, mean_episode_return=3515.205866385684)
2026-09-12 20:27:13,723 [INFO] Epoch 80/100 done (buffer size=85000, cumulative_reward=160349.63, mean_episode_return=4699.748426123461)
2026-09-12 20:27:54,740 [INFO] Epoch 90/100 done (buffer size=95000, cumulative_reward=206652.92, mean_episode_return=4898.968222294226)
2026-09-12 20:28:35,365 [INFO] Epoch 100/100 done (buffer size=105000, cumulative_reward=256595.74, mean_episode_return=4895.2204249531105)
2026-09-12 20:28:35,365 [INFO] Recording idle tail for 90s...
2026-09-12 20:30:05,426 [INFO] Run complete. Segment energy summary (kWh unless noted):
2026-09-12 20:30:05,426 [INFO]   idle_baseline_head: 0.0016216514278339488
2026-09-12 20:30:05,426 [INFO]   warmup: 5.476883865254776e-06
2026-09-12 20:30:05,426 [INFO]   rollout: 0.0006449470880204359
2026-09-12 20:30:05,426 [INFO]   buffer_sample: 0.00034546617889571357
2026-09-12 20:30:05,426 [INFO]   critic_update: 0.005412917544062365
2026-09-12 20:30:05,426 [INFO]   actor_update: 0.006665122654194636
2026-09-12 20:30:05,426 [INFO]   target_update: 0.0005751085688529853
2026-09-12 20:30:05,426 [INFO]   _sub_segment_wall_time_seconds: {'buffer_sample': 10.175218276228406, 'critic_update': 159.42983969694797, 'actor_update': 196.31177228708657, 'target_update': 16.939010467866865}
2026-09-12 20:30:05,426 [INFO]   idle_baseline_tail: 0.001954119298750681
2026-09-12 20:30:05,426 [INFO]   _total_kg_co2eq: 0.006561803741650089
2026-09-12 20:30:05,426 [INFO] Training summary: 100 epochs, final cumulative_reward=256595.74, final mean_episode_return=4895.2204249531105, episodes completed=105

Run artifacts written to: results/sac/HalfCheetah-v5/seed_958/20260912_201926
[2026-09-12 20:30:06] [7/60] Finished OK: algo=sac env=HalfCheetah-v5 seed=958 width=512x512 -> results/sac/HalfCheetah-v5/seed_958/20260912_201926
[2026-09-12 20:30:06] [8/60] Starting: algo=sac env=HalfCheetah-v5 seed=14577 width=512x512
2026-09-12 20:30:06,594 [INFO] === Experiment run: algo=sac env=HalfCheetah-v5 seed=14577 ===
2026-09-12 20:30:06,594 [INFO] Run directory: results/sac/HalfCheetah-v5/seed_14577/20260912_203006
2026-09-12 20:30:06,732 [INFO] Using device: cuda
2026-09-12 20:30:06,823 [INFO] Waiting for thermal baseline before starting...
2026-09-12 20:30:21,834 [INFO] Thermal gate result: {'gated': True, 'reason': 'reached_reference', 'waited_seconds': 9.5367431640625e-06, 'final_temp_c': 55.0, 'final_power_w': 38.718}
2026-09-12 20:30:21,834 [INFO] Settling for 30s (unmeasured)...
[codecarbon WARNING @ 20:30:51] Multiple instances of codecarbon are allowed to run at the same time.
2026-09-12 20:30:53,069 [INFO] Recording idle baseline for 90s...
2026-09-12 20:32:26,626 [INFO] Starting warmup: 5000 steps
2026-09-12 20:32:26,786 [INFO] Starting measured training: 100 epochs x 1000 steps = 100000 env steps
2026-09-12 20:33:10,790 [INFO] Epoch 10/100 done (buffer size=15000, cumulative_reward=-1154.25, mean_episode_return=54.14289344857719)
2026-09-12 20:33:51,939 [INFO] Epoch 20/100 done (buffer size=25000, cumulative_reward=1815.45, mean_episode_return=285.46209043403843)
2026-09-12 20:34:32,611 [INFO] Epoch 30/100 done (buffer size=35000, cumulative_reward=19903.08, mean_episode_return=1441.3545377854227)
2026-09-12 20:35:13,151 [INFO] Epoch 40/100 done (buffer size=45000, cumulative_reward=47357.39, mean_episode_return=2698.1370376328314)
2026-09-12 20:35:54,004 [INFO] Epoch 50/100 done (buffer size=55000, cumulative_reward=77681.85, mean_episode_return=3069.5971652483204)
2026-09-12 20:36:37,601 [INFO] Epoch 60/100 done (buffer size=65000, cumulative_reward=112436.75, mean_episode_return=3536.9205348201576)
2026-09-12 20:37:21,364 [INFO] Epoch 70/100 done (buffer size=75000, cumulative_reward=149807.70, mean_episode_return=3938.664717880058)
2026-09-12 20:38:05,202 [INFO] Epoch 80/100 done (buffer size=85000, cumulative_reward=188136.13, mean_episode_return=3927.270592593394)
2026-09-12 20:38:46,232 [INFO] Epoch 90/100 done (buffer size=95000, cumulative_reward=229837.29, mean_episode_return=4285.568305574607)
2026-09-12 20:39:29,855 [INFO] Epoch 100/100 done (buffer size=105000, cumulative_reward=273723.69, mean_episode_return=4617.371080645174)
2026-09-12 20:39:29,855 [INFO] Recording idle tail for 90s...
2026-09-12 20:40:59,916 [INFO] Run complete. Segment energy summary (kWh unless noted):
2026-09-12 20:40:59,916 [INFO]   idle_baseline_head: 0.0018789205328286623
2026-09-12 20:40:59,916 [INFO]   warmup: 5.9844182394238905e-06
2026-09-12 20:40:59,916 [INFO]   rollout: 0.0006468393321408094
2026-09-12 20:40:59,916 [INFO]   buffer_sample: 0.000344483111544728
2026-09-12 20:40:59,916 [INFO]   critic_update: 0.005608297509131448
2026-09-12 20:40:59,916 [INFO]   actor_update: 0.006712762339560992
2026-09-12 20:40:59,916 [INFO]   target_update: 0.0005751431239609133
2026-09-12 20:40:59,916 [INFO]   _sub_segment_wall_time_seconds: {'buffer_sample': 10.224706421031442, 'critic_update': 166.46155829100917, 'actor_update': 199.24350975695234, 'target_update': 17.070995341992784}
2026-09-12 20:40:59,916 [INFO]   idle_baseline_tail: 0.0016721056444733082
2026-09-12 20:40:59,916 [INFO]   _total_kg_co2eq: 0.006645509555213318
2026-09-12 20:40:59,916 [INFO] Training summary: 100 epochs, final cumulative_reward=273723.69, final mean_episode_return=4617.371080645174, episodes completed=105

Run artifacts written to: results/sac/HalfCheetah-v5/seed_14577/20260912_203006
[2026-09-12 20:41:00] [8/60] Finished OK: algo=sac env=HalfCheetah-v5 seed=14577 width=512x512 -> results/sac/HalfCheetah-v5/seed_14577/20260912_203006
[2026-09-12 20:41:00] [9/60] Starting: algo=sac env=HalfCheetah-v5 seed=43611 width=512x512
2026-09-12 20:41:01,075 [INFO] === Experiment run: algo=sac env=HalfCheetah-v5 seed=43611 ===
2026-09-12 20:41:01,075 [INFO] Run directory: results/sac/HalfCheetah-v5/seed_43611/20260912_204101
2026-09-12 20:41:01,211 [INFO] Using device: cuda
2026-09-12 20:41:01,307 [INFO] Waiting for thermal baseline before starting...
2026-09-12 20:41:11,327 [INFO] Thermal gate result: {'gated': True, 'reason': 'reached_reference', 'waited_seconds': 1.7881393432617188e-05, 'final_temp_c': 43.0, 'final_power_w': 26.559}
2026-09-12 20:41:11,327 [INFO] Settling for 30s (unmeasured)...
[codecarbon WARNING @ 20:41:41] Multiple instances of codecarbon are allowed to run at the same time.
2026-09-12 20:41:42,563 [INFO] Recording idle baseline for 90s...
2026-09-12 20:43:16,116 [INFO] Starting warmup: 5000 steps
2026-09-12 20:43:16,269 [INFO] Starting measured training: 100 epochs x 1000 steps = 100000 env steps
2026-09-12 20:43:59,796 [INFO] Epoch 10/100 done (buffer size=15000, cumulative_reward=-1222.80, mean_episode_return=642.0819138387827)
2026-09-12 20:44:40,588 [INFO] Epoch 20/100 done (buffer size=25000, cumulative_reward=6047.48, mean_episode_return=1276.333433963912)
2026-09-12 20:45:21,209 [INFO] Epoch 30/100 done (buffer size=35000, cumulative_reward=21823.44, mean_episode_return=1841.7610136901208)
2026-09-12 20:46:01,746 [INFO] Epoch 40/100 done (buffer size=45000, cumulative_reward=40646.96, mean_episode_return=2422.6905447983827)
2026-09-12 20:46:44,972 [INFO] Epoch 50/100 done (buffer size=55000, cumulative_reward=66300.81, mean_episode_return=2568.6332388058004)
2026-09-12 20:47:25,662 [INFO] Epoch 60/100 done (buffer size=65000, cumulative_reward=96229.46, mean_episode_return=2952.5510566046837)
2026-09-12 20:48:06,326 [INFO] Epoch 70/100 done (buffer size=75000, cumulative_reward=129439.07, mean_episode_return=3272.1422950633946)
2026-09-12 20:48:47,046 [INFO] Epoch 80/100 done (buffer size=85000, cumulative_reward=165660.81, mean_episode_return=3628.1846870484833)
2026-09-12 20:49:30,528 [INFO] Epoch 90/100 done (buffer size=95000, cumulative_reward=205466.14, mean_episode_return=4216.963797233751)
2026-09-12 20:50:14,252 [INFO] Epoch 100/100 done (buffer size=105000, cumulative_reward=248256.67, mean_episode_return=4524.29934100893)
2026-09-12 20:50:14,252 [INFO] Recording idle tail for 90s...
2026-09-12 20:51:44,313 [INFO] Run complete. Segment energy summary (kWh unless noted):
2026-09-12 20:51:44,313 [INFO]   idle_baseline_head: 0.0015838287315383757
2026-09-12 20:51:44,313 [INFO]   warmup: 5.423634877798613e-06
2026-09-12 20:51:44,313 [INFO]   rollout: 0.000644257149619237
2026-09-12 20:51:44,313 [INFO]   buffer_sample: 0.000343995708276291
2026-09-12 20:51:44,313 [INFO]   critic_update: 0.0055045939531103245
2026-09-12 20:51:44,313 [INFO]   actor_update: 0.006688298341519344
2026-09-12 20:51:44,313 [INFO]   target_update: 0.0005763221688938444
2026-09-12 20:51:44,313 [INFO]   _sub_segment_wall_time_seconds: {'buffer_sample': 10.177792315283114, 'critic_update': 162.8642819861061, 'actor_update': 197.8865137699977, 'target_update': 17.05162942609695}
2026-09-12 20:51:44,313 [INFO]   idle_baseline_tail: 0.001939173089893876
2026-09-12 20:51:44,313 [INFO]   _total_kg_co2eq: 0.006585073369452785
2026-09-12 20:51:44,313 [INFO] Training summary: 100 epochs, final cumulative_reward=248256.67, final mean_episode_return=4524.29934100893, episodes completed=105

Run artifacts written to: results/sac/HalfCheetah-v5/seed_43611/20260912_204101
[2026-09-12 20:51:44] [9/60] Finished OK: algo=sac env=HalfCheetah-v5 seed=43611 width=512x512 -> results/sac/HalfCheetah-v5/seed_43611/20260912_204101
[2026-09-12 20:51:44] [10/60] Starting: algo=sac env=HalfCheetah-v5 seed=85062 width=512x512
2026-09-12 20:51:45,478 [INFO] === Experiment run: algo=sac env=HalfCheetah-v5 seed=85062 ===
2026-09-12 20:51:45,478 [INFO] Run directory: results/sac/HalfCheetah-v5/seed_85062/20260912_205145
2026-09-12 20:51:45,600 [INFO] Using device: cuda
2026-09-12 20:51:45,691 [INFO] Waiting for thermal baseline before starting...
2026-09-12 20:52:05,703 [INFO] Thermal gate result: {'gated': True, 'reason': 'reached_reference', 'waited_seconds': 1.0251998901367188e-05, 'final_temp_c': 54.0, 'final_power_w': 37.105}
2026-09-12 20:52:05,703 [INFO] Settling for 30s (unmeasured)...
[codecarbon WARNING @ 20:52:35] Multiple instances of codecarbon are allowed to run at the same time.
2026-09-12 20:52:36,933 [INFO] Recording idle baseline for 90s...
2026-09-12 20:54:10,495 [INFO] Starting warmup: 5000 steps
2026-09-12 20:54:10,648 [INFO] Starting measured training: 100 epochs x 1000 steps = 100000 env steps
2026-09-12 20:54:51,519 [INFO] Epoch 10/100 done (buffer size=15000, cumulative_reward=-2175.49, mean_episode_return=-130.04374926246248)
2026-09-12 20:55:31,876 [INFO] Epoch 20/100 done (buffer size=25000, cumulative_reward=203.83, mean_episode_return=173.209026747836)
2026-09-12 20:56:12,432 [INFO] Epoch 30/100 done (buffer size=35000, cumulative_reward=14679.46, mean_episode_return=2242.8920215643934)
2026-09-12 20:56:53,067 [INFO] Epoch 40/100 done (buffer size=45000, cumulative_reward=38540.31, mean_episode_return=2761.3346980887345)
2026-09-12 20:57:35,664 [INFO] Epoch 50/100 done (buffer size=55000, cumulative_reward=65957.81, mean_episode_return=2989.425343870352)
2026-09-12 20:58:16,869 [INFO] Epoch 60/100 done (buffer size=65000, cumulative_reward=98099.12, mean_episode_return=3436.8239098966415)
2026-09-12 20:58:57,593 [INFO] Epoch 70/100 done (buffer size=75000, cumulative_reward=132451.67, mean_episode_return=3735.4938753106226)
2026-09-12 20:59:38,384 [INFO] Epoch 80/100 done (buffer size=85000, cumulative_reward=164796.65, mean_episode_return=3780.370302488788)
2026-09-12 21:00:19,903 [INFO] Epoch 90/100 done (buffer size=95000, cumulative_reward=203055.54, mean_episode_return=3788.5724179034305)
2026-09-12 21:01:00,618 [INFO] Epoch 100/100 done (buffer size=105000, cumulative_reward=242058.56, mean_episode_return=3891.721673790789)
2026-09-12 21:01:00,618 [INFO] Recording idle tail for 90s...
2026-09-12 21:02:30,681 [INFO] Run complete. Segment energy summary (kWh unless noted):
2026-09-12 21:02:30,681 [INFO]   idle_baseline_head: 0.001882421887427555
2026-09-12 21:02:30,681 [INFO]   warmup: 4.201410891915228e-06
2026-09-12 21:02:30,681 [INFO]   rollout: 0.000650957587875438
2026-09-12 21:02:30,681 [INFO]   buffer_sample: 0.0003464191225829247
2026-09-12 21:02:30,681 [INFO]   critic_update: 0.005347918920304945
2026-09-12 21:02:30,681 [INFO]   actor_update: 0.006683055424483591
2026-09-12 21:02:30,681 [INFO]   target_update: 0.0005807941652090003
2026-09-12 21:02:30,681 [INFO]   _sub_segment_wall_time_seconds: {'buffer_sample': 10.143567688157418, 'critic_update': 156.59348466222582, 'actor_update': 195.68788396122545, 'target_update': 17.00635023770701}
2026-09-12 21:02:30,681 [INFO]   idle_baseline_tail: 0.0016663414928121435
2026-09-12 21:02:30,681 [INFO]   _total_kg_co2eq: 0.006537918896330708
2026-09-12 21:02:30,681 [INFO] Training summary: 100 epochs, final cumulative_reward=242058.56, final mean_episode_return=3891.721673790789, episodes completed=105

Run artifacts written to: results/sac/HalfCheetah-v5/seed_85062/20260912_205145
[2026-09-12 21:02:31] [10/60] Finished OK: algo=sac env=HalfCheetah-v5 seed=85062 width=512x512 -> results/sac/HalfCheetah-v5/seed_85062/20260912_205145
[2026-09-12 21:02:31] [11/60] Starting: algo=sac env=Ant-v5 seed=331 width=256x256
2026-09-12 21:02:31,871 [INFO] === Experiment run: algo=sac env=Ant-v5 seed=331 ===
2026-09-12 21:02:31,871 [INFO] Run directory: results/sac/Ant-v5/seed_331/20260912_210231
2026-09-12 21:02:32,012 [INFO] Using device: cuda
2026-09-12 21:02:32,104 [INFO] Waiting for thermal baseline before starting...
2026-09-12 21:02:42,115 [INFO] Thermal gate result: {'gated': True, 'reason': 'reached_reference', 'waited_seconds': 1.049041748046875e-05, 'final_temp_c': 43.0, 'final_power_w': 26.484}
2026-09-12 21:02:42,115 [INFO] Settling for 30s (unmeasured)...
[codecarbon WARNING @ 21:03:12] Multiple instances of codecarbon are allowed to run at the same time.
2026-09-12 21:03:13,355 [INFO] Recording idle baseline for 90s...
2026-09-12 21:04:46,938 [INFO] Starting warmup: 5000 steps
2026-09-12 21:04:47,616 [INFO] Starting measured training: 100 epochs x 1000 steps = 100000 env steps
2026-09-12 21:05:33,004 [INFO] Epoch 10/100 done (buffer size=15000, cumulative_reward=-147.74, mean_episode_return=98.40845858885821)
2026-09-12 21:06:15,684 [INFO] Epoch 20/100 done (buffer size=25000, cumulative_reward=511.23, mean_episode_return=74.13643337813946)
2026-09-12 21:07:00,169 [INFO] Epoch 30/100 done (buffer size=35000, cumulative_reward=2304.02, mean_episode_return=134.4889823982647)
2026-09-12 21:07:45,059 [INFO] Epoch 40/100 done (buffer size=45000, cumulative_reward=5332.71, mean_episode_return=293.812083064515)
2026-09-12 21:08:28,771 [INFO] Epoch 50/100 done (buffer size=55000, cumulative_reward=9273.56, mean_episode_return=414.9540483908242)
2026-09-12 21:09:10,880 [INFO] Epoch 60/100 done (buffer size=65000, cumulative_reward=14680.99, mean_episode_return=254.30181873859576)
2026-09-12 21:09:53,292 [INFO] Epoch 70/100 done (buffer size=75000, cumulative_reward=20899.61, mean_episode_return=344.30133024842297)
2026-09-12 21:10:35,629 [INFO] Epoch 80/100 done (buffer size=85000, cumulative_reward=27278.87, mean_episode_return=290.29376320706336)
2026-09-12 21:11:18,687 [INFO] Epoch 90/100 done (buffer size=95000, cumulative_reward=35420.69, mean_episode_return=707.7711185974533)
2026-09-12 21:12:03,755 [INFO] Epoch 100/100 done (buffer size=105000, cumulative_reward=43749.24, mean_episode_return=26.32545330708268)
2026-09-12 21:12:03,755 [INFO] Recording idle tail for 90s...
2026-09-12 21:13:33,816 [INFO] Run complete. Segment energy summary (kWh unless noted):
2026-09-12 21:13:33,816 [INFO]   idle_baseline_head: 0.0016245715947104705
2026-09-12 21:13:33,816 [INFO]   warmup: 2.1653411010131695e-05
2026-09-12 21:13:33,816 [INFO]   rollout: 0.0011238676875791715
2026-09-12 21:13:33,816 [INFO]   buffer_sample: 0.0004011973551493727
2026-09-12 21:13:33,816 [INFO]   critic_update: 0.005335753057961489
2026-09-12 21:13:33,816 [INFO]   actor_update: 0.006373985986135551
2026-09-12 21:13:33,816 [INFO]   target_update: 0.0005470061930736921
2026-09-12 21:13:33,817 [INFO]   _sub_segment_wall_time_seconds: {'buffer_sample': 12.3997080541576, 'critic_update': 164.91080840542418, 'actor_update': 196.99921835214082, 'target_update': 16.906185972748062}
2026-09-12 21:13:33,817 [INFO]   idle_baseline_tail: 0.0019470427194173655
2026-09-12 21:13:33,817 [INFO]   _total_kg_co2eq: 0.006619050175542632
2026-09-12 21:13:33,817 [INFO] Training summary: 100 epochs, final cumulative_reward=43749.24, final mean_episode_return=26.32545330708268, episodes completed=255

Run artifacts written to: results/sac/Ant-v5/seed_331/20260912_210231
[2026-09-12 21:13:34] [11/60] Finished OK: algo=sac env=Ant-v5 seed=331 width=256x256 -> results/sac/Ant-v5/seed_331/20260912_210231
[2026-09-12 21:13:34] [12/60] Starting: algo=sac env=Ant-v5 seed=958 width=256x256
2026-09-12 21:13:34,996 [INFO] === Experiment run: algo=sac env=Ant-v5 seed=958 ===
2026-09-12 21:13:34,996 [INFO] Run directory: results/sac/Ant-v5/seed_958/20260912_211334
2026-09-12 21:13:35,128 [INFO] Using device: cuda
2026-09-12 21:13:35,223 [INFO] Waiting for thermal baseline before starting...
2026-09-12 21:13:45,234 [INFO] Thermal gate result: {'gated': True, 'reason': 'reached_reference', 'waited_seconds': 1.049041748046875e-05, 'final_temp_c': 54.0, 'final_power_w': 36.756}
2026-09-12 21:13:45,234 [INFO] Settling for 30s (unmeasured)...
[codecarbon WARNING @ 21:14:15] Multiple instances of codecarbon are allowed to run at the same time.
2026-09-12 21:14:16,469 [INFO] Recording idle baseline for 90s...
2026-09-12 21:15:50,006 [INFO] Starting warmup: 5000 steps
2026-09-12 21:15:50,675 [INFO] Starting measured training: 100 epochs x 1000 steps = 100000 env steps
2026-09-12 21:16:36,188 [INFO] Epoch 10/100 done (buffer size=15000, cumulative_reward=-635.40, mean_episode_return=68.24835356123387)
2026-09-12 21:17:18,617 [INFO] Epoch 20/100 done (buffer size=25000, cumulative_reward=937.09, mean_episode_return=88.68271735810481)
2026-09-12 21:18:00,657 [INFO] Epoch 30/100 done (buffer size=35000, cumulative_reward=3390.31, mean_episode_return=119.61203509119025)
2026-09-12 21:18:45,545 [INFO] Epoch 40/100 done (buffer size=45000, cumulative_reward=7221.11, mean_episode_return=223.4440996882075)
2026-09-12 21:19:30,760 [INFO] Epoch 50/100 done (buffer size=55000, cumulative_reward=11336.66, mean_episode_return=508.199423179364)
2026-09-12 21:20:15,398 [INFO] Epoch 60/100 done (buffer size=65000, cumulative_reward=17042.87, mean_episode_return=630.1196985164646)
2026-09-12 21:20:57,947 [INFO] Epoch 70/100 done (buffer size=75000, cumulative_reward=22636.08, mean_episode_return=557.1832741076673)
2026-09-12 21:21:40,837 [INFO] Epoch 80/100 done (buffer size=85000, cumulative_reward=29484.28, mean_episode_return=712.9770321093081)
2026-09-12 21:22:25,859 [INFO] Epoch 90/100 done (buffer size=95000, cumulative_reward=36679.56, mean_episode_return=590.4911852034573)
2026-09-12 21:23:09,159 [INFO] Epoch 100/100 done (buffer size=105000, cumulative_reward=44731.46, mean_episode_return=465.51413491685565)
2026-09-12 21:23:09,159 [INFO] Recording idle tail for 90s...
2026-09-12 21:24:39,220 [INFO] Run complete. Segment energy summary (kWh unless noted):
2026-09-12 21:24:39,220 [INFO]   idle_baseline_head: 0.0018592590008145783
2026-09-12 21:24:39,220 [INFO]   warmup: 2.288181840486253e-05
2026-09-12 21:24:39,220 [INFO]   rollout: 0.0011461222214275318
2026-09-12 21:24:39,220 [INFO]   buffer_sample: 0.0004043410475598201
2026-09-12 21:24:39,220 [INFO]   critic_update: 0.005420532964739853
2026-09-12 21:24:39,220 [INFO]   actor_update: 0.0064341837464920604
2026-09-12 21:24:39,220 [INFO]   target_update: 0.0005572794568114021
2026-09-12 21:24:39,220 [INFO]   _sub_segment_wall_time_seconds: {'buffer_sample': 12.41709844610159, 'critic_update': 166.46168342222518, 'actor_update': 197.59035962995767, 'target_update': 17.113755625301565}
2026-09-12 21:24:39,220 [INFO]   idle_baseline_tail: 0.001701575507077547
2026-09-12 21:24:39,220 [INFO]   _total_kg_co2eq: 0.006684227776150341
2026-09-12 21:24:39,220 [INFO] Training summary: 100 epochs, final cumulative_reward=44731.46, final mean_episode_return=465.51413491685565, episodes completed=206

Run artifacts written to: results/sac/Ant-v5/seed_958/20260912_211334
[2026-09-12 21:24:39] [12/60] Finished OK: algo=sac env=Ant-v5 seed=958 width=256x256 -> results/sac/Ant-v5/seed_958/20260912_211334
[2026-09-12 21:24:39] [13/60] Starting: algo=sac env=Ant-v5 seed=14577 width=256x256
2026-09-12 21:24:40,390 [INFO] === Experiment run: algo=sac env=Ant-v5 seed=14577 ===
2026-09-12 21:24:40,390 [INFO] Run directory: results/sac/Ant-v5/seed_14577/20260912_212440
2026-09-12 21:24:40,522 [INFO] Using device: cuda
2026-09-12 21:24:40,616 [INFO] Waiting for thermal baseline before starting...
2026-09-12 21:24:50,628 [INFO] Thermal gate result: {'gated': True, 'reason': 'reached_reference', 'waited_seconds': 1.0251998901367188e-05, 'final_temp_c': 43.0, 'final_power_w': 27.046}
2026-09-12 21:24:50,628 [INFO] Settling for 30s (unmeasured)...
[codecarbon WARNING @ 21:25:20] Multiple instances of codecarbon are allowed to run at the same time.
2026-09-12 21:25:21,860 [INFO] Recording idle baseline for 90s...
2026-09-12 21:26:55,430 [INFO] Starting warmup: 5000 steps
2026-09-12 21:26:56,122 [INFO] Starting measured training: 100 epochs x 1000 steps = 100000 env steps
2026-09-12 21:27:41,758 [INFO] Epoch 10/100 done (buffer size=15000, cumulative_reward=1274.75, mean_episode_return=249.83374267839173)
2026-09-12 21:28:27,222 [INFO] Epoch 20/100 done (buffer size=25000, cumulative_reward=3671.55, mean_episode_return=112.27465962675035)
2026-09-12 21:29:09,641 [INFO] Epoch 30/100 done (buffer size=35000, cumulative_reward=6697.46, mean_episode_return=132.7865470222779)
2026-09-12 21:29:52,078 [INFO] Epoch 40/100 done (buffer size=45000, cumulative_reward=11901.49, mean_episode_return=277.9207920113495)
2026-09-12 21:30:36,410 [INFO] Epoch 50/100 done (buffer size=55000, cumulative_reward=17459.77, mean_episode_return=207.93724117084562)
2026-09-12 21:31:19,169 [INFO] Epoch 60/100 done (buffer size=65000, cumulative_reward=23641.57, mean_episode_return=714.0821001347321)
2026-09-12 21:32:01,636 [INFO] Epoch 70/100 done (buffer size=75000, cumulative_reward=30556.04, mean_episode_return=208.77947640333483)
2026-09-12 21:32:44,091 [INFO] Epoch 80/100 done (buffer size=85000, cumulative_reward=38605.96, mean_episode_return=424.4893264218309)
2026-09-12 21:33:26,642 [INFO] Epoch 90/100 done (buffer size=95000, cumulative_reward=46713.03, mean_episode_return=753.7244893929787)
2026-09-12 21:34:09,319 [INFO] Epoch 100/100 done (buffer size=105000, cumulative_reward=54716.29, mean_episode_return=359.8712253908104)
2026-09-12 21:34:09,319 [INFO] Recording idle tail for 90s...
2026-09-12 21:35:39,379 [INFO] Run complete. Segment energy summary (kWh unless noted):
2026-09-12 21:35:39,379 [INFO]   idle_baseline_head: 0.001619499079997237
2026-09-12 21:35:39,379 [INFO]   warmup: 2.1856989102400897e-05
2026-09-12 21:35:39,379 [INFO]   rollout: 0.0011545833948400732
2026-09-12 21:35:39,379 [INFO]   buffer_sample: 0.00040216461466920317
2026-09-12 21:35:39,379 [INFO]   critic_update: 0.005243689231264657
2026-09-12 21:35:39,379 [INFO]   actor_update: 0.006387515895734719
2026-09-12 21:35:39,379 [INFO]   target_update: 0.0005500188794730366
2026-09-12 21:35:39,379 [INFO]   _sub_segment_wall_time_seconds: {'buffer_sample': 12.399115268744936, 'critic_update': 161.6678962802489, 'actor_update': 196.93315369702577, 'target_update': 16.95760203115242}
2026-09-12 21:35:39,379 [INFO]   idle_baseline_tail: 0.0019488143489953865
2026-09-12 21:35:39,379 [INFO]   _total_kg_co2eq: 0.006601167937511634
2026-09-12 21:35:39,379 [INFO] Training summary: 100 epochs, final cumulative_reward=54716.29, final mean_episode_return=359.8712253908104, episodes completed=202

Run artifacts written to: results/sac/Ant-v5/seed_14577/20260912_212440
[2026-09-12 21:35:40] [13/60] Finished OK: algo=sac env=Ant-v5 seed=14577 width=256x256 -> results/sac/Ant-v5/seed_14577/20260912_212440
[2026-09-12 21:35:40] [14/60] Starting: algo=sac env=Ant-v5 seed=43611 width=256x256
2026-09-12 21:35:40,558 [INFO] === Experiment run: algo=sac env=Ant-v5 seed=43611 ===
2026-09-12 21:35:40,558 [INFO] Run directory: results/sac/Ant-v5/seed_43611/20260912_213540
2026-09-12 21:35:40,680 [INFO] Using device: cuda
2026-09-12 21:35:40,769 [INFO] Waiting for thermal baseline before starting...
2026-09-12 21:35:50,780 [INFO] Thermal gate result: {'gated': True, 'reason': 'reached_reference', 'waited_seconds': 1.0728836059570312e-05, 'final_temp_c': 54.0, 'final_power_w': 37.963}
2026-09-12 21:35:50,780 [INFO] Settling for 30s (unmeasured)...
[codecarbon WARNING @ 21:36:20] Multiple instances of codecarbon are allowed to run at the same time.
2026-09-12 21:36:22,020 [INFO] Recording idle baseline for 90s...
2026-09-12 21:37:55,579 [INFO] Starting warmup: 5000 steps
2026-09-12 21:37:56,247 [INFO] Starting measured training: 100 epochs x 1000 steps = 100000 env steps
2026-09-12 21:38:40,229 [INFO] Epoch 10/100 done (buffer size=15000, cumulative_reward=-312.80, mean_episode_return=-3.7349832414084587)
2026-09-12 21:39:26,187 [INFO] Epoch 20/100 done (buffer size=25000, cumulative_reward=-542.40, mean_episode_return=91.36459536517371)
2026-09-12 21:40:09,625 [INFO] Epoch 30/100 done (buffer size=35000, cumulative_reward=1535.25, mean_episode_return=63.100896930983026)
2026-09-12 21:40:52,800 [INFO] Epoch 40/100 done (buffer size=45000, cumulative_reward=4432.53, mean_episode_return=192.0052345261982)
2026-09-12 21:41:36,057 [INFO] Epoch 50/100 done (buffer size=55000, cumulative_reward=8692.91, mean_episode_return=772.5386859036582)
2026-09-12 21:42:22,263 [INFO] Epoch 60/100 done (buffer size=65000, cumulative_reward=13649.77, mean_episode_return=297.09406834748313)
2026-09-12 21:43:08,452 [INFO] Epoch 70/100 done (buffer size=75000, cumulative_reward=18944.26, mean_episode_return=464.4354566432444)
2026-09-12 21:43:54,645 [INFO] Epoch 80/100 done (buffer size=85000, cumulative_reward=25788.55, mean_episode_return=284.45511084992955)
2026-09-12 21:44:41,108 [INFO] Epoch 90/100 done (buffer size=95000, cumulative_reward=33351.87, mean_episode_return=393.5108762336173)
2026-09-12 21:45:24,405 [INFO] Epoch 100/100 done (buffer size=105000, cumulative_reward=42040.75, mean_episode_return=376.47569331356954)
2026-09-12 21:45:24,405 [INFO] Recording idle tail for 90s...
2026-09-12 21:46:54,466 [INFO] Run complete. Segment energy summary (kWh unless noted):
2026-09-12 21:46:54,466 [INFO]   idle_baseline_head: 0.0018591151693298528
2026-09-12 21:46:54,466 [INFO]   warmup: 2.100828494843647e-05
2026-09-12 21:46:54,466 [INFO]   rollout: 0.0011443763930614453
2026-09-12 21:46:54,466 [INFO]   buffer_sample: 0.00041306187569449765
2026-09-12 21:46:54,466 [INFO]   critic_update: 0.005525674929932783
2026-09-12 21:46:54,466 [INFO]   actor_update: 0.006558696577820662
2026-09-12 21:46:54,466 [INFO]   target_update: 0.0005629929546134364
2026-09-12 21:46:54,466 [INFO]   _sub_segment_wall_time_seconds: {'buffer_sample': 12.736056205083514, 'critic_update': 170.37473226092334, 'actor_update': 202.22618731580405, 'target_update': 17.35892449761195}
2026-09-12 21:46:54,466 [INFO]   idle_baseline_tail: 0.001667062154827481
2026-09-12 21:46:54,466 [INFO]   _total_kg_co2eq: 0.006762631883977781
2026-09-12 21:46:54,466 [INFO] Training summary: 100 epochs, final cumulative_reward=42040.75, final mean_episode_return=376.47569331356954, episodes completed=239

Run artifacts written to: results/sac/Ant-v5/seed_43611/20260912_213540
[2026-09-12 21:46:55] [14/60] Finished OK: algo=sac env=Ant-v5 seed=43611 width=256x256 -> results/sac/Ant-v5/seed_43611/20260912_213540
[2026-09-12 21:46:55] [15/60] Starting: algo=sac env=Ant-v5 seed=85062 width=256x256
2026-09-12 21:46:55,644 [INFO] === Experiment run: algo=sac env=Ant-v5 seed=85062 ===
2026-09-12 21:46:55,644 [INFO] Run directory: results/sac/Ant-v5/seed_85062/20260912_214655
2026-09-12 21:46:55,784 [INFO] Using device: cuda
2026-09-12 21:46:55,877 [INFO] Waiting for thermal baseline before starting...
2026-09-12 21:47:05,889 [INFO] Thermal gate result: {'gated': True, 'reason': 'reached_reference', 'waited_seconds': 1.0251998901367188e-05, 'final_temp_c': 43.0, 'final_power_w': 26.151}
2026-09-12 21:47:05,889 [INFO] Settling for 30s (unmeasured)...
[codecarbon WARNING @ 21:47:35] Multiple instances of codecarbon are allowed to run at the same time.
2026-09-12 21:47:37,127 [INFO] Recording idle baseline for 90s...
2026-09-12 21:49:10,690 [INFO] Starting warmup: 5000 steps
2026-09-12 21:49:11,359 [INFO] Starting measured training: 100 epochs x 1000 steps = 100000 env steps
2026-09-12 21:49:57,052 [INFO] Epoch 10/100 done (buffer size=15000, cumulative_reward=-190.73, mean_episode_return=21.26489693117075)
2026-09-12 21:50:39,323 [INFO] Epoch 20/100 done (buffer size=25000, cumulative_reward=1853.05, mean_episode_return=73.4107446502034)
2026-09-12 21:51:22,593 [INFO] Epoch 30/100 done (buffer size=35000, cumulative_reward=4672.84, mean_episode_return=172.30339437073496)
2026-09-12 21:52:07,832 [INFO] Epoch 40/100 done (buffer size=45000, cumulative_reward=7714.75, mean_episode_return=312.1708208933504)
2026-09-12 21:52:50,639 [INFO] Epoch 50/100 done (buffer size=55000, cumulative_reward=13028.69, mean_episode_return=185.37873282354826)
2026-09-12 21:53:35,413 [INFO] Epoch 60/100 done (buffer size=65000, cumulative_reward=19753.89, mean_episode_return=358.0197953364461)
2026-09-12 21:54:17,940 [INFO] Epoch 70/100 done (buffer size=75000, cumulative_reward=26955.31, mean_episode_return=649.2416177441332)
2026-09-12 21:55:00,598 [INFO] Epoch 80/100 done (buffer size=85000, cumulative_reward=34758.45, mean_episode_return=888.5672636154995)
2026-09-12 21:55:43,099 [INFO] Epoch 90/100 done (buffer size=95000, cumulative_reward=44302.36, mean_episode_return=290.212243619497)
2026-09-12 21:56:26,806 [INFO] Epoch 100/100 done (buffer size=105000, cumulative_reward=53679.80, mean_episode_return=257.9689134191431)
2026-09-12 21:56:26,806 [INFO] Recording idle tail for 90s...
2026-09-12 21:57:56,867 [INFO] Run complete. Segment energy summary (kWh unless noted):
2026-09-12 21:57:56,867 [INFO]   idle_baseline_head: 0.0015893199520272126
2026-09-12 21:57:56,867 [INFO]   warmup: 2.1246872279037567e-05
2026-09-12 21:57:56,867 [INFO]   rollout: 0.0011265219496146052
2026-09-12 21:57:56,867 [INFO]   buffer_sample: 0.0004032095573257707
2026-09-12 21:57:56,867 [INFO]   critic_update: 0.005285161970030318
2026-09-12 21:57:56,867 [INFO]   actor_update: 0.006367023460480749
2026-09-12 21:57:56,867 [INFO]   target_update: 0.000554982768378556
2026-09-12 21:57:56,867 [INFO]   _sub_segment_wall_time_seconds: {'buffer_sample': 12.487964286110582, 'critic_update': 163.68886284787004, 'actor_update': 197.1956272828902, 'target_update': 17.188593040513297}
2026-09-12 21:57:56,867 [INFO]   idle_baseline_tail: 0.0019355428780284591
2026-09-12 21:57:56,867 [INFO]   _total_kg_co2eq: 0.0065839764473816335
2026-09-12 21:57:56,867 [INFO] Training summary: 100 epochs, final cumulative_reward=53679.80, final mean_episode_return=257.9689134191431, episodes completed=228

Run artifacts written to: results/sac/Ant-v5/seed_85062/20260912_214655
[2026-09-12 21:57:57] [15/60] Finished OK: algo=sac env=Ant-v5 seed=85062 width=256x256 -> results/sac/Ant-v5/seed_85062/20260912_214655
[2026-09-12 21:57:57] [16/60] Starting: algo=sac env=Ant-v5 seed=331 width=512x512
2026-09-12 21:57:58,036 [INFO] === Experiment run: algo=sac env=Ant-v5 seed=331 ===
2026-09-12 21:57:58,036 [INFO] Run directory: results/sac/Ant-v5/seed_331/20260912_215758
2026-09-12 21:57:58,172 [INFO] Using device: cuda
2026-09-12 21:57:58,264 [INFO] Waiting for thermal baseline before starting...
2026-09-12 21:58:08,275 [INFO] Thermal gate result: {'gated': True, 'reason': 'reached_reference', 'waited_seconds': 9.5367431640625e-06, 'final_temp_c': 54.0, 'final_power_w': 37.061}
2026-09-12 21:58:08,275 [INFO] Settling for 30s (unmeasured)...
[codecarbon WARNING @ 21:58:38] Multiple instances of codecarbon are allowed to run at the same time.
2026-09-12 21:58:39,510 [INFO] Recording idle baseline for 90s...
2026-09-12 22:00:13,076 [INFO] Starting warmup: 5000 steps
2026-09-12 22:00:13,742 [INFO] Starting measured training: 100 epochs x 1000 steps = 100000 env steps
2026-09-12 22:00:59,418 [INFO] Epoch 10/100 done (buffer size=15000, cumulative_reward=-1410.24, mean_episode_return=-37.05868672686774)
2026-09-12 22:01:44,104 [INFO] Epoch 20/100 done (buffer size=25000, cumulative_reward=-2364.55, mean_episode_return=5.842331457251248)
2026-09-12 22:02:26,685 [INFO] Epoch 30/100 done (buffer size=35000, cumulative_reward=-3434.83, mean_episode_return=-12.482335464725555)
2026-09-12 22:03:09,324 [INFO] Epoch 40/100 done (buffer size=45000, cumulative_reward=-3811.77, mean_episode_return=50.05602206306818)
2026-09-12 22:03:51,984 [INFO] Epoch 50/100 done (buffer size=55000, cumulative_reward=-2784.89, mean_episode_return=46.784008237072996)
2026-09-12 22:04:34,762 [INFO] Epoch 60/100 done (buffer size=65000, cumulative_reward=-1256.01, mean_episode_return=133.86917711778756)
2026-09-12 22:05:17,533 [INFO] Epoch 70/100 done (buffer size=75000, cumulative_reward=1572.12, mean_episode_return=94.77949485854965)
2026-09-12 22:06:00,331 [INFO] Epoch 80/100 done (buffer size=85000, cumulative_reward=5206.58, mean_episode_return=240.3504037921052)
2026-09-12 22:06:43,805 [INFO] Epoch 90/100 done (buffer size=95000, cumulative_reward=9245.93, mean_episode_return=268.28168274172504)
2026-09-12 22:07:29,659 [INFO] Epoch 100/100 done (buffer size=105000, cumulative_reward=14829.37, mean_episode_return=93.0322496422158)
2026-09-12 22:07:29,659 [INFO] Recording idle tail for 90s...
2026-09-12 22:08:59,720 [INFO] Run complete. Segment energy summary (kWh unless noted):
2026-09-12 22:08:59,721 [INFO]   idle_baseline_head: 0.001865309030623242
2026-09-12 22:08:59,721 [INFO]   warmup: 2.2913268723714344e-05
2026-09-12 22:08:59,721 [INFO]   rollout: 0.0011459324794611243
2026-09-12 22:08:59,721 [INFO]   buffer_sample: 0.0004334071908421105
2026-09-12 22:08:59,721 [INFO]   critic_update: 0.0055720399788957865
2026-09-12 22:08:59,721 [INFO]   actor_update: 0.006802157415518416
2026-09-12 22:08:59,721 [INFO]   target_update: 0.000586778132420008
2026-09-12 22:08:59,721 [INFO]   _sub_segment_wall_time_seconds: {'buffer_sample': 12.53193048079811, 'critic_update': 161.1150417603203, 'actor_update': 196.68377833116392, 'target_update': 16.966637652809368}
2026-09-12 22:08:59,721 [INFO]   idle_baseline_tail: 0.00169914261705819
2026-09-12 22:08:59,721 [INFO]   _total_kg_co2eq: 0.006905753266565947
2026-09-12 22:08:59,721 [INFO] Training summary: 100 epochs, final cumulative_reward=14829.37, final mean_episode_return=93.0322496422158, episodes completed=317

Run artifacts written to: results/sac/Ant-v5/seed_331/20260912_215758
[2026-09-12 22:09:00] [16/60] Finished OK: algo=sac env=Ant-v5 seed=331 width=512x512 -> results/sac/Ant-v5/seed_331/20260912_215758
[2026-09-12 22:09:00] [17/60] Starting: algo=sac env=Ant-v5 seed=958 width=512x512
2026-09-12 22:09:00,886 [INFO] === Experiment run: algo=sac env=Ant-v5 seed=958 ===
2026-09-12 22:09:00,886 [INFO] Run directory: results/sac/Ant-v5/seed_958/20260912_220900
2026-09-12 22:09:01,018 [INFO] Using device: cuda
2026-09-12 22:09:01,110 [INFO] Waiting for thermal baseline before starting...
2026-09-12 22:09:11,121 [INFO] Thermal gate result: {'gated': True, 'reason': 'reached_reference', 'waited_seconds': 9.775161743164062e-06, 'final_temp_c': 43.0, 'final_power_w': 26.548}
2026-09-12 22:09:11,121 [INFO] Settling for 30s (unmeasured)...
[codecarbon WARNING @ 22:09:41] Multiple instances of codecarbon are allowed to run at the same time.
2026-09-12 22:09:42,356 [INFO] Recording idle baseline for 90s...
2026-09-12 22:11:15,878 [INFO] Starting warmup: 5000 steps
2026-09-12 22:11:16,549 [INFO] Starting measured training: 100 epochs x 1000 steps = 100000 env steps
2026-09-12 22:12:00,329 [INFO] Epoch 10/100 done (buffer size=15000, cumulative_reward=-1580.75, mean_episode_return=-13.97246389583693)
2026-09-12 22:12:45,211 [INFO] Epoch 20/100 done (buffer size=25000, cumulative_reward=-2565.90, mean_episode_return=-4.566737700767391)
2026-09-12 22:13:28,667 [INFO] Epoch 30/100 done (buffer size=35000, cumulative_reward=-2884.84, mean_episode_return=47.165293327186625)
2026-09-12 22:14:14,415 [INFO] Epoch 40/100 done (buffer size=45000, cumulative_reward=-3612.96, mean_episode_return=75.67458692058062)
2026-09-12 22:14:57,337 [INFO] Epoch 50/100 done (buffer size=55000, cumulative_reward=-3304.29, mean_episode_return=-3.729594696074049)
2026-09-12 22:15:40,340 [INFO] Epoch 60/100 done (buffer size=65000, cumulative_reward=-2433.13, mean_episode_return=-79.78257652943363)
2026-09-12 22:16:23,225 [INFO] Epoch 70/100 done (buffer size=75000, cumulative_reward=-199.17, mean_episode_return=72.55316365886804)
2026-09-12 22:17:06,216 [INFO] Epoch 80/100 done (buffer size=85000, cumulative_reward=3524.45, mean_episode_return=212.28881437105255)
2026-09-12 22:17:49,291 [INFO] Epoch 90/100 done (buffer size=95000, cumulative_reward=7090.39, mean_episode_return=354.8438124718904)
2026-09-12 22:18:32,276 [INFO] Epoch 100/100 done (buffer size=105000, cumulative_reward=11311.57, mean_episode_return=258.74906114125656)
2026-09-12 22:18:32,276 [INFO] Recording idle tail for 90s...
2026-09-12 22:20:02,339 [INFO] Run complete. Segment energy summary (kWh unless noted):
2026-09-12 22:20:02,339 [INFO]   idle_baseline_head: 0.0016443673243759895
2026-09-12 22:20:02,339 [INFO]   warmup: 2.00060239826114e-05
2026-09-12 22:20:02,339 [INFO]   rollout: 0.0011480513420587346
2026-09-12 22:20:02,339 [INFO]   buffer_sample: 0.0004278262709597117
2026-09-12 22:20:02,339 [INFO]   critic_update: 0.005510992386084517
2026-09-12 22:20:02,339 [INFO]   actor_update: 0.006772832871089539
2026-09-12 22:20:02,339 [INFO]   target_update: 0.000589072576736847
2026-09-12 22:20:02,339 [INFO]   _sub_segment_wall_time_seconds: {'buffer_sample': 12.45349047819036, 'critic_update': 160.41813199439093, 'actor_update': 197.14873862533568, 'target_update': 17.14716982876962}
2026-09-12 22:20:02,339 [INFO]   idle_baseline_tail: 0.0019659335717299165
2026-09-12 22:20:02,339 [INFO]   _total_kg_co2eq: 0.00688724040273847
2026-09-12 22:20:02,339 [INFO] Training summary: 100 epochs, final cumulative_reward=11311.57, final mean_episode_return=258.74906114125656, episodes completed=353

Run artifacts written to: results/sac/Ant-v5/seed_958/20260912_220900
[2026-09-12 22:20:02] [17/60] Finished OK: algo=sac env=Ant-v5 seed=958 width=512x512 -> results/sac/Ant-v5/seed_958/20260912_220900
[2026-09-12 22:20:02] [18/60] Starting: algo=sac env=Ant-v5 seed=14577 width=512x512
2026-09-12 22:20:03,505 [INFO] === Experiment run: algo=sac env=Ant-v5 seed=14577 ===
2026-09-12 22:20:03,505 [INFO] Run directory: results/sac/Ant-v5/seed_14577/20260912_222003
2026-09-12 22:20:03,639 [INFO] Using device: cuda
2026-09-12 22:20:03,731 [INFO] Waiting for thermal baseline before starting...
2026-09-12 22:20:13,742 [INFO] Thermal gate result: {'gated': True, 'reason': 'reached_reference', 'waited_seconds': 9.775161743164062e-06, 'final_temp_c': 55.0, 'final_power_w': 38.033}
2026-09-12 22:20:13,742 [INFO] Settling for 30s (unmeasured)...
[codecarbon WARNING @ 22:20:43] Multiple instances of codecarbon are allowed to run at the same time.
2026-09-12 22:20:44,980 [INFO] Recording idle baseline for 90s...
2026-09-12 22:22:18,533 [INFO] Starting warmup: 5000 steps
2026-09-12 22:22:19,215 [INFO] Starting measured training: 100 epochs x 1000 steps = 100000 env steps
2026-09-12 22:23:04,769 [INFO] Epoch 10/100 done (buffer size=15000, cumulative_reward=-266.47, mean_episode_return=-39.00944839126663)
2026-09-12 22:23:47,344 [INFO] Epoch 20/100 done (buffer size=25000, cumulative_reward=-1140.71, mean_episode_return=-42.80346162687462)
2026-09-12 22:24:31,304 [INFO] Epoch 30/100 done (buffer size=35000, cumulative_reward=-989.79, mean_episode_return=-9.406116482553186)
2026-09-12 22:25:14,076 [INFO] Epoch 40/100 done (buffer size=45000, cumulative_reward=-166.27, mean_episode_return=63.037716915709154)
2026-09-12 22:25:56,815 [INFO] Epoch 50/100 done (buffer size=55000, cumulative_reward=1581.79, mean_episode_return=98.45539425051828)
2026-09-12 22:26:39,535 [INFO] Epoch 60/100 done (buffer size=65000, cumulative_reward=4019.64, mean_episode_return=58.761469114383345)
2026-09-12 22:27:22,260 [INFO] Epoch 70/100 done (buffer size=75000, cumulative_reward=8345.04, mean_episode_return=149.58969668922703)
2026-09-12 22:28:04,984 [INFO] Epoch 80/100 done (buffer size=85000, cumulative_reward=12524.53, mean_episode_return=94.73466366983746)
2026-09-12 22:28:49,187 [INFO] Epoch 90/100 done (buffer size=95000, cumulative_reward=18065.14, mean_episode_return=326.76554997201174)
2026-09-12 22:29:31,854 [INFO] Epoch 100/100 done (buffer size=105000, cumulative_reward=24424.48, mean_episode_return=131.45085623453585)
2026-09-12 22:29:31,854 [INFO] Recording idle tail for 90s...
2026-09-12 22:31:01,917 [INFO] Run complete. Segment energy summary (kWh unless noted):
2026-09-12 22:31:01,917 [INFO]   idle_baseline_head: 0.0018934259800185264
2026-09-12 22:31:01,917 [INFO]   warmup: 2.1607367616504388e-05
2026-09-12 22:31:01,917 [INFO]   rollout: 0.0011645921029590442
2026-09-12 22:31:01,917 [INFO]   buffer_sample: 0.0004258164644965689
2026-09-12 22:31:01,917 [INFO]   critic_update: 0.005428272297265804
2026-09-12 22:31:01,917 [INFO]   actor_update: 0.006695520518547122
2026-09-12 22:31:01,917 [INFO]   target_update: 0.0005792659041249461
2026-09-12 22:31:01,917 [INFO]   _sub_segment_wall_time_seconds: {'buffer_sample': 12.455824485077756, 'critic_update': 158.78579770721262, 'actor_update': 195.85487027576346, 'target_update': 16.944470290740355}
2026-09-12 22:31:01,917 [INFO]   idle_baseline_tail: 0.0016729706879487563
2026-09-12 22:31:01,917 [INFO]   _total_kg_co2eq: 0.006811966811003977
2026-09-12 22:31:01,917 [INFO] Training summary: 100 epochs, final cumulative_reward=24424.48, final mean_episode_return=131.45085623453585, episodes completed=278

Run artifacts written to: results/sac/Ant-v5/seed_14577/20260912_222003
[2026-09-12 22:31:02] [18/60] Finished OK: algo=sac env=Ant-v5 seed=14577 width=512x512 -> results/sac/Ant-v5/seed_14577/20260912_222003
[2026-09-12 22:31:02] [19/60] Starting: algo=sac env=Ant-v5 seed=43611 width=512x512
2026-09-12 22:31:03,112 [INFO] === Experiment run: algo=sac env=Ant-v5 seed=43611 ===
2026-09-12 22:31:03,112 [INFO] Run directory: results/sac/Ant-v5/seed_43611/20260912_223103
2026-09-12 22:31:03,252 [INFO] Using device: cuda
2026-09-12 22:31:03,349 [INFO] Waiting for thermal baseline before starting...
2026-09-12 22:31:13,360 [INFO] Thermal gate result: {'gated': True, 'reason': 'reached_reference', 'waited_seconds': 1.0251998901367188e-05, 'final_temp_c': 42.0, 'final_power_w': 25.426}
2026-09-12 22:31:13,360 [INFO] Settling for 30s (unmeasured)...
[codecarbon WARNING @ 22:31:43] Multiple instances of codecarbon are allowed to run at the same time.
2026-09-12 22:31:44,598 [INFO] Recording idle baseline for 90s...
2026-09-12 22:33:18,147 [INFO] Starting warmup: 5000 steps
2026-09-12 22:33:18,815 [INFO] Starting measured training: 100 epochs x 1000 steps = 100000 env steps
2026-09-12 22:34:04,667 [INFO] Epoch 10/100 done (buffer size=15000, cumulative_reward=-1042.92, mean_episode_return=-71.53294629307484)
2026-09-12 22:34:50,386 [INFO] Epoch 20/100 done (buffer size=25000, cumulative_reward=-1314.25, mean_episode_return=-13.84292686028109)
2026-09-12 22:35:35,982 [INFO] Epoch 30/100 done (buffer size=35000, cumulative_reward=-914.36, mean_episode_return=0.04511549466381659)
2026-09-12 22:36:21,336 [INFO] Epoch 40/100 done (buffer size=45000, cumulative_reward=-459.14, mean_episode_return=-184.05885958724613)
2026-09-12 22:37:06,251 [INFO] Epoch 50/100 done (buffer size=55000, cumulative_reward=1101.81, mean_episode_return=276.14599257590896)
2026-09-12 22:37:49,255 [INFO] Epoch 60/100 done (buffer size=65000, cumulative_reward=2989.21, mean_episode_return=205.23458830285787)
2026-09-12 22:38:32,414 [INFO] Epoch 70/100 done (buffer size=75000, cumulative_reward=4920.44, mean_episode_return=80.18589289625596)
2026-09-12 22:39:15,418 [INFO] Epoch 80/100 done (buffer size=85000, cumulative_reward=7263.86, mean_episode_return=118.55828674527918)
2026-09-12 22:39:58,602 [INFO] Epoch 90/100 done (buffer size=95000, cumulative_reward=12086.14, mean_episode_return=245.4573863799416)
2026-09-12 22:40:41,760 [INFO] Epoch 100/100 done (buffer size=105000, cumulative_reward=17001.65, mean_episode_return=682.8575362962582)
2026-09-12 22:40:41,761 [INFO] Recording idle tail for 90s...
2026-09-12 22:42:11,824 [INFO] Run complete. Segment energy summary (kWh unless noted):
2026-09-12 22:42:11,824 [INFO]   idle_baseline_head: 0.0015893977467292188
2026-09-12 22:42:11,824 [INFO]   warmup: 2.1292509205480528e-05
2026-09-12 22:42:11,824 [INFO]   rollout: 0.0011664604075205356
2026-09-12 22:42:11,824 [INFO]   buffer_sample: 0.0004280968731450641
2026-09-12 22:42:11,824 [INFO]   critic_update: 0.0056487577164195
2026-09-12 22:42:11,824 [INFO]   actor_update: 0.006777132918876315
2026-09-12 22:42:11,824 [INFO]   target_update: 0.0005737998690996799
2026-09-12 22:42:11,824 [INFO]   _sub_segment_wall_time_seconds: {'buffer_sample': 12.565549494151128, 'critic_update': 165.8029972157383, 'actor_update': 198.9231981419416, 'target_update': 16.842240873986157}
2026-09-12 22:42:11,824 [INFO]   idle_baseline_tail: 0.00195800642236571
2026-09-12 22:42:11,824 [INFO]   _total_kg_co2eq: 0.006919186485338609
2026-09-12 22:42:11,824 [INFO] Training summary: 100 epochs, final cumulative_reward=17001.65, final mean_episode_return=682.8575362962582, episodes completed=314

Run artifacts written to: results/sac/Ant-v5/seed_43611/20260912_223103
[2026-09-12 22:42:12] [19/60] Finished OK: algo=sac env=Ant-v5 seed=43611 width=512x512 -> results/sac/Ant-v5/seed_43611/20260912_223103
[2026-09-12 22:42:12] [20/60] Starting: algo=sac env=Ant-v5 seed=85062 width=512x512
2026-09-12 22:42:12,982 [INFO] === Experiment run: algo=sac env=Ant-v5 seed=85062 ===
2026-09-12 22:42:12,982 [INFO] Run directory: results/sac/Ant-v5/seed_85062/20260912_224212
2026-09-12 22:42:13,120 [INFO] Using device: cuda
2026-09-12 22:42:13,211 [INFO] Waiting for thermal baseline before starting...
2026-09-12 22:42:23,223 [INFO] Thermal gate result: {'gated': True, 'reason': 'reached_reference', 'waited_seconds': 1.0967254638671875e-05, 'final_temp_c': 55.0, 'final_power_w': 37.314}
2026-09-12 22:42:23,223 [INFO] Settling for 30s (unmeasured)...
[codecarbon WARNING @ 22:42:53] Multiple instances of codecarbon are allowed to run at the same time.
2026-09-12 22:42:54,461 [INFO] Recording idle baseline for 90s...
2026-09-12 22:44:28,017 [INFO] Starting warmup: 5000 steps
2026-09-12 22:44:28,680 [INFO] Starting measured training: 100 epochs x 1000 steps = 100000 env steps
2026-09-12 22:45:13,126 [INFO] Epoch 10/100 done (buffer size=15000, cumulative_reward=-1173.98, mean_episode_return=-11.662863750884581)
2026-09-12 22:45:55,840 [INFO] Epoch 20/100 done (buffer size=25000, cumulative_reward=-1822.50, mean_episode_return=-87.0266890065707)
2026-09-12 22:46:38,360 [INFO] Epoch 30/100 done (buffer size=35000, cumulative_reward=-2964.47, mean_episode_return=-189.77645385234428)
2026-09-12 22:47:21,836 [INFO] Epoch 40/100 done (buffer size=45000, cumulative_reward=-3574.66, mean_episode_return=-46.179672448514495)
2026-09-12 22:48:07,336 [INFO] Epoch 50/100 done (buffer size=55000, cumulative_reward=-3041.39, mean_episode_return=0.42341973057522764)
2026-09-12 22:48:52,450 [INFO] Epoch 60/100 done (buffer size=65000, cumulative_reward=-443.41, mean_episode_return=240.5108760472572)
2026-09-12 22:49:37,782 [INFO] Epoch 70/100 done (buffer size=75000, cumulative_reward=1794.84, mean_episode_return=72.3213891303053)
2026-09-12 22:50:22,705 [INFO] Epoch 80/100 done (buffer size=85000, cumulative_reward=4868.58, mean_episode_return=398.9226336752)
2026-09-12 22:51:05,971 [INFO] Epoch 90/100 done (buffer size=95000, cumulative_reward=8989.90, mean_episode_return=452.0702874475821)
2026-09-12 22:51:50,667 [INFO] Epoch 100/100 done (buffer size=105000, cumulative_reward=14327.73, mean_episode_return=177.74766868157568)
2026-09-12 22:51:50,667 [INFO] Recording idle tail for 90s...
2026-09-12 22:53:20,728 [INFO] Run complete. Segment energy summary (kWh unless noted):
2026-09-12 22:53:20,728 [INFO]   idle_baseline_head: 0.0018958098954063364
2026-09-12 22:53:20,728 [INFO]   warmup: 2.283656298814182e-05
2026-09-12 22:53:20,728 [INFO]   rollout: 0.0011446798361097676
2026-09-12 22:53:20,728 [INFO]   buffer_sample: 0.0004301533159150228
2026-09-12 22:53:20,728 [INFO]   critic_update: 0.0056957969830632
2026-09-12 22:53:20,728 [INFO]   actor_update: 0.006768402011576758
2026-09-12 22:53:20,728 [INFO]   target_update: 0.0005838870098655669
2026-09-12 22:53:20,728 [INFO]   _sub_segment_wall_time_seconds: {'buffer_sample': 12.563151059690426, 'critic_update': 166.3526823019729, 'actor_update': 197.67941744972995, 'target_update': 17.05313067534553}
2026-09-12 22:53:20,728 [INFO]   idle_baseline_tail: 0.0016349746190128661
2026-09-12 22:53:20,728 [INFO]   _total_kg_co2eq: 0.006924365014939546
2026-09-12 22:53:20,728 [INFO] Training summary: 100 epochs, final cumulative_reward=14327.73, final mean_episode_return=177.74766868157568, episodes completed=300

Run artifacts written to: results/sac/Ant-v5/seed_85062/20260912_224212
[2026-09-12 22:53:21] [20/60] Finished OK: algo=sac env=Ant-v5 seed=85062 width=512x512 -> results/sac/Ant-v5/seed_85062/20260912_224212
[2026-09-12 22:53:21] [21/60] Starting: algo=mbpo env=HalfCheetah-v5 seed=331 width=256x256
2026-09-12 22:53:21,900 [INFO] === Experiment run: algo=mbpo env=HalfCheetah-v5 seed=331 ===
2026-09-12 22:53:21,900 [INFO] Run directory: results/mbpo/HalfCheetah-v5/seed_331/20260912_225321
2026-09-12 22:53:22,038 [INFO] Using device: cuda
2026-09-12 22:53:22,131 [INFO] Waiting for thermal baseline before starting...
2026-09-12 22:53:32,142 [INFO] Thermal gate result: {'gated': True, 'reason': 'reached_reference', 'waited_seconds': 1.049041748046875e-05, 'final_temp_c': 42.0, 'final_power_w': 24.83}
2026-09-12 22:53:32,142 [INFO] Settling for 30s (unmeasured)...
[codecarbon WARNING @ 22:54:02] Multiple instances of codecarbon are allowed to run at the same time.
2026-09-12 22:54:03,381 [INFO] Recording idle baseline for 90s...
2026-09-12 22:55:36,977 [INFO] Starting warmup: 5000 steps
2026-09-12 22:55:37,131 [INFO] Starting measured training: 100 epochs x 1000 steps = 100000 env steps
2026-09-12 22:57:03,672 [INFO] Epoch 10/100 done (real_buffer=15000, model_buffer=10000, rollout_len=1, cumulative_reward=-1590.28, mean_episode_return=-167.55335305651195)
2026-09-12 22:58:14,759 [INFO] Epoch 20/100 done (real_buffer=25000, model_buffer=10000, rollout_len=1, cumulative_reward=193.13, mean_episode_return=707.0842661881501)
2026-09-12 22:59:37,129 [INFO] Epoch 30/100 done (real_buffer=35000, model_buffer=10000, rollout_len=1, cumulative_reward=8800.64, mean_episode_return=1789.6287291816898)
2026-09-12 23:02:49,330 [INFO] Epoch 40/100 done (real_buffer=45000, model_buffer=10000, rollout_len=1, cumulative_reward=25795.39, mean_episode_return=2279.004438738993)
2026-09-12 23:06:35,405 [INFO] Epoch 50/100 done (real_buffer=55000, model_buffer=10000, rollout_len=1, cumulative_reward=51086.94, mean_episode_return=2592.332403099038)
2026-09-12 23:08:34,710 [INFO] Epoch 60/100 done (real_buffer=65000, model_buffer=10000, rollout_len=1, cumulative_reward=81749.31, mean_episode_return=3287.022219395738)
2026-09-12 23:11:12,526 [INFO] Epoch 70/100 done (real_buffer=75000, model_buffer=10000, rollout_len=1, cumulative_reward=115031.45, mean_episode_return=3461.462716522066)
2026-09-12 23:14:38,927 [INFO] Epoch 80/100 done (real_buffer=85000, model_buffer=10000, rollout_len=1, cumulative_reward=147864.06, mean_episode_return=3621.5830451580637)
2026-09-12 23:18:02,442 [INFO] Epoch 90/100 done (real_buffer=95000, model_buffer=10000, rollout_len=1, cumulative_reward=184859.39, mean_episode_return=3818.4447132492505)
2026-09-12 23:22:22,217 [INFO] Epoch 100/100 done (real_buffer=105000, model_buffer=10000, rollout_len=1, cumulative_reward=224371.45, mean_episode_return=4056.8838758421703)
2026-09-12 23:22:22,217 [INFO] Recording idle tail for 90s...
2026-09-12 23:23:52,281 [INFO] Run complete. Segment energy summary (kWh unless noted):
2026-09-12 23:23:52,281 [INFO]   idle_baseline_head: 0.001601786813071655
2026-09-12 23:23:52,281 [INFO]   warmup: 3.94531664925802e-06
2026-09-12 23:23:52,281 [INFO]   dynamics_model_update: 0.038593356146106025
2026-09-12 23:23:52,281 [INFO]   rollout: 0.0006337030458025538
2026-09-12 23:23:52,281 [INFO]   synthetic_rollout_generation: 1.3324491643281963e-05
2026-09-12 23:23:52,281 [INFO]   buffer_sample: 0.000354845106904673
2026-09-12 23:23:52,281 [INFO]   critic_update: 0.005301281290534239
2026-09-12 23:23:52,281 [INFO]   actor_update: 0.006306817137306595
2026-09-12 23:23:52,281 [INFO]   target_update: 0.0005459375137347058
2026-09-12 23:23:52,281 [INFO]   _sub_segment_wall_time_seconds: {'buffer_sample': 11.189614014176186, 'critic_update': 167.16953472769092, 'actor_update': 198.87789926158075, 'target_update': 17.21548341990092}
2026-09-12 23:23:52,281 [INFO]   idle_baseline_tail: 0.0016002890810368625
2026-09-12 23:23:52,281 [INFO]   _total_kg_co2eq: 0.020935231378275562
2026-09-12 23:23:52,281 [INFO] Training summary: 100 epochs, final cumulative_reward=224371.45, final mean_episode_return=4056.8838758421703, episodes completed=105

Run artifacts written to: results/mbpo/HalfCheetah-v5/seed_331/20260912_225321
[2026-09-12 23:23:52] [21/60] Finished OK: algo=mbpo env=HalfCheetah-v5 seed=331 width=256x256 -> results/mbpo/HalfCheetah-v5/seed_331/20260912_225321
[2026-09-12 23:23:52] [22/60] Starting: algo=mbpo env=HalfCheetah-v5 seed=958 width=256x256
2026-09-12 23:23:53,492 [INFO] === Experiment run: algo=mbpo env=HalfCheetah-v5 seed=958 ===
2026-09-12 23:23:53,492 [INFO] Run directory: results/mbpo/HalfCheetah-v5/seed_958/20260912_232353
2026-09-12 23:23:53,632 [INFO] Using device: cuda
2026-09-12 23:23:53,725 [INFO] Waiting for thermal baseline before starting...
2026-09-12 23:24:03,736 [INFO] Thermal gate result: {'gated': True, 'reason': 'reached_reference', 'waited_seconds': 9.775161743164062e-06, 'final_temp_c': 40.0, 'final_power_w': 24.132}
2026-09-12 23:24:03,736 [INFO] Settling for 30s (unmeasured)...
[codecarbon WARNING @ 23:24:33] Multiple instances of codecarbon are allowed to run at the same time.
2026-09-12 23:24:34,973 [INFO] Recording idle baseline for 90s...
2026-09-12 23:26:08,501 [INFO] Starting warmup: 5000 steps
2026-09-12 23:26:08,655 [INFO] Starting measured training: 100 epochs x 1000 steps = 100000 env steps
2026-09-12 23:27:36,180 [INFO] Epoch 10/100 done (real_buffer=15000, model_buffer=10000, rollout_len=1, cumulative_reward=-1841.75, mean_episode_return=-409.0626146430611)
2026-09-12 23:28:46,782 [INFO] Epoch 20/100 done (real_buffer=25000, model_buffer=10000, rollout_len=1, cumulative_reward=-1237.08, mean_episode_return=-211.22578647961163)
2026-09-12 23:30:15,058 [INFO] Epoch 30/100 done (real_buffer=35000, model_buffer=10000, rollout_len=1, cumulative_reward=13027.43, mean_episode_return=1830.4553251520742)
2026-09-12 23:32:58,308 [INFO] Epoch 40/100 done (real_buffer=45000, model_buffer=10000, rollout_len=1, cumulative_reward=28026.37, mean_episode_return=1887.3888158025925)
2026-09-12 23:36:33,646 [INFO] Epoch 50/100 done (real_buffer=55000, model_buffer=10000, rollout_len=1, cumulative_reward=42889.66, mean_episode_return=1421.9830386066374)
2026-09-12 23:39:25,459 [INFO] Epoch 60/100 done (real_buffer=65000, model_buffer=10000, rollout_len=1, cumulative_reward=65093.10, mean_episode_return=2136.022421615364)
2026-09-12 23:42:03,525 [INFO] Epoch 70/100 done (real_buffer=75000, model_buffer=10000, rollout_len=1, cumulative_reward=92449.96, mean_episode_return=2987.8016352545847)
2026-09-12 23:45:12,430 [INFO] Epoch 80/100 done (real_buffer=85000, model_buffer=10000, rollout_len=1, cumulative_reward=119583.31, mean_episode_return=2852.0817183110817)
2026-09-12 23:48:51,851 [INFO] Epoch 90/100 done (real_buffer=95000, model_buffer=10000, rollout_len=1, cumulative_reward=151722.08, mean_episode_return=3403.314747932107)
2026-09-12 23:52:30,212 [INFO] Epoch 100/100 done (real_buffer=105000, model_buffer=10000, rollout_len=1, cumulative_reward=184275.63, mean_episode_return=1993.7987788673483)
2026-09-12 23:52:30,212 [INFO] Recording idle tail for 90s...
2026-09-12 23:54:00,277 [INFO] Run complete. Segment energy summary (kWh unless noted):
2026-09-12 23:54:00,277 [INFO]   idle_baseline_head: 0.0015347608655724102
2026-09-12 23:54:00,277 [INFO]   warmup: 5.331887063117968e-06
2026-09-12 23:54:00,277 [INFO]   dynamics_model_update: 0.037229390687724746
2026-09-12 23:54:00,277 [INFO]   rollout: 0.000636077960970692
2026-09-12 23:54:00,277 [INFO]   synthetic_rollout_generation: 1.80557836035101e-05
2026-09-12 23:54:00,277 [INFO]   buffer_sample: 0.00035192157176400566
2026-09-12 23:54:00,277 [INFO]   critic_update: 0.005053089247943482
2026-09-12 23:54:00,277 [INFO]   actor_update: 0.006225358264263565
2026-09-12 23:54:00,277 [INFO]   target_update: 0.0005366631724974264
2026-09-12 23:54:00,277 [INFO]   _sub_segment_wall_time_seconds: {'buffer_sample': 11.151987281955371, 'critic_update': 160.12654963203022, 'actor_update': 197.27439793102167, 'target_update': 17.006234782329557}
2026-09-12 23:54:00,277 [INFO]   idle_baseline_tail: 0.001605980064489608
2026-09-12 23:54:00,277 [INFO]   _total_kg_co2eq: 0.020265271255583313
2026-09-12 23:54:00,277 [INFO] Training summary: 100 epochs, final cumulative_reward=184275.63, final mean_episode_return=1993.7987788673483, episodes completed=105

Run artifacts written to: results/mbpo/HalfCheetah-v5/seed_958/20260912_232353
[2026-09-12 23:54:00] [22/60] Finished OK: algo=mbpo env=HalfCheetah-v5 seed=958 width=256x256 -> results/mbpo/HalfCheetah-v5/seed_958/20260912_232353
[2026-09-12 23:54:00] [23/60] Starting: algo=mbpo env=HalfCheetah-v5 seed=14577 width=256x256
2026-09-12 23:54:01,466 [INFO] === Experiment run: algo=mbpo env=HalfCheetah-v5 seed=14577 ===
2026-09-12 23:54:01,466 [INFO] Run directory: results/mbpo/HalfCheetah-v5/seed_14577/20260912_235401
2026-09-12 23:54:01,599 [INFO] Using device: cuda
2026-09-12 23:54:01,693 [INFO] Waiting for thermal baseline before starting...
2026-09-12 23:54:11,704 [INFO] Thermal gate result: {'gated': True, 'reason': 'reached_reference', 'waited_seconds': 1.1444091796875e-05, 'final_temp_c': 40.0, 'final_power_w': 23.759}
2026-09-12 23:54:11,704 [INFO] Settling for 30s (unmeasured)...
[codecarbon WARNING @ 23:54:41] Multiple instances of codecarbon are allowed to run at the same time.
2026-09-12 23:54:42,951 [INFO] Recording idle baseline for 90s...
2026-09-12 23:56:16,531 [INFO] Starting warmup: 5000 steps
2026-09-12 23:56:16,686 [INFO] Starting measured training: 100 epochs x 1000 steps = 100000 env steps
2026-09-12 23:57:45,329 [INFO] Epoch 10/100 done (real_buffer=15000, model_buffer=10000, rollout_len=1, cumulative_reward=-2768.02, mean_episode_return=-356.3863069235129)
2026-09-12 23:58:55,441 [INFO] Epoch 20/100 done (real_buffer=25000, model_buffer=10000, rollout_len=1, cumulative_reward=-3076.74, mean_episode_return=1026.5154175929133)
2026-09-13 00:00:17,833 [INFO] Epoch 30/100 done (real_buffer=35000, model_buffer=10000, rollout_len=1, cumulative_reward=8120.22, mean_episode_return=1593.7768577178747)
2026-09-13 00:04:27,371 [INFO] Epoch 40/100 done (real_buffer=45000, model_buffer=10000, rollout_len=1, cumulative_reward=30695.40, mean_episode_return=2606.265201806628)
2026-09-13 00:07:21,622 [INFO] Epoch 50/100 done (real_buffer=55000, model_buffer=10000, rollout_len=1, cumulative_reward=57338.37, mean_episode_return=2414.0381159637186)
2026-09-13 00:09:39,512 [INFO] Epoch 60/100 done (real_buffer=65000, model_buffer=10000, rollout_len=1, cumulative_reward=89349.99, mean_episode_return=3468.2004681690614)
2026-09-13 00:12:26,863 [INFO] Epoch 70/100 done (real_buffer=75000, model_buffer=10000, rollout_len=1, cumulative_reward=125441.21, mean_episode_return=4168.533696212984)
2026-09-13 00:15:32,346 [INFO] Epoch 80/100 done (real_buffer=85000, model_buffer=10000, rollout_len=1, cumulative_reward=166474.12, mean_episode_return=4358.27730100776)
2026-09-13 00:18:50,219 [INFO] Epoch 90/100 done (real_buffer=95000, model_buffer=10000, rollout_len=1, cumulative_reward=206835.11, mean_episode_return=4693.1655130395675)
2026-09-13 00:23:36,620 [INFO] Epoch 100/100 done (real_buffer=105000, model_buffer=10000, rollout_len=1, cumulative_reward=249904.51, mean_episode_return=5116.815009864842)
2026-09-13 00:23:36,621 [INFO] Recording idle tail for 90s...
2026-09-13 00:25:06,682 [INFO] Run complete. Segment energy summary (kWh unless noted):
2026-09-13 00:25:06,683 [INFO]   idle_baseline_head: 0.0015415757660546068
2026-09-13 00:25:06,683 [INFO]   warmup: 5.301656436319455e-06
2026-09-13 00:25:06,683 [INFO]   dynamics_model_update: 0.039800093865624254
2026-09-13 00:25:06,683 [INFO]   rollout: 0.0006489090172257033
2026-09-13 00:25:06,683 [INFO]   synthetic_rollout_generation: 1.627669591360622e-05
2026-09-13 00:25:06,683 [INFO]   buffer_sample: 0.0003526078042313674
2026-09-13 00:25:06,683 [INFO]   critic_update: 0.005217445710301149
2026-09-13 00:25:06,683 [INFO]   actor_update: 0.006289428654285797
2026-09-13 00:25:06,683 [INFO]   target_update: 0.000543156015859731
2026-09-13 00:25:06,683 [INFO]   _sub_segment_wall_time_seconds: {'buffer_sample': 11.150750394146598, 'critic_update': 164.99474518835268, 'actor_update': 198.8947726174447, 'target_update': 17.176582835803856}
2026-09-13 00:25:06,683 [INFO]   idle_baseline_tail: 0.0016408173459482797
2026-09-13 00:25:06,683 [INFO]   _total_kg_co2eq: 0.021354397898376235
2026-09-13 00:25:06,683 [INFO] Training summary: 100 epochs, final cumulative_reward=249904.51, final mean_episode_return=5116.815009864842, episodes completed=105

Run artifacts written to: results/mbpo/HalfCheetah-v5/seed_14577/20260912_235401
[2026-09-13 00:25:07] [23/60] Finished OK: algo=mbpo env=HalfCheetah-v5 seed=14577 width=256x256 -> results/mbpo/HalfCheetah-v5/seed_14577/20260912_235401
[2026-09-13 00:25:07] [24/60] Starting: algo=mbpo env=HalfCheetah-v5 seed=43611 width=256x256
2026-09-13 00:25:07,863 [INFO] === Experiment run: algo=mbpo env=HalfCheetah-v5 seed=43611 ===
2026-09-13 00:25:07,863 [INFO] Run directory: results/mbpo/HalfCheetah-v5/seed_43611/20260913_002507
2026-09-13 00:25:08,002 [INFO] Using device: cuda
2026-09-13 00:25:08,097 [INFO] Waiting for thermal baseline before starting...
2026-09-13 00:25:18,108 [INFO] Thermal gate result: {'gated': True, 'reason': 'reached_reference', 'waited_seconds': 1.0967254638671875e-05, 'final_temp_c': 40.0, 'final_power_w': 24.476}
2026-09-13 00:25:18,108 [INFO] Settling for 30s (unmeasured)...
[codecarbon WARNING @ 00:25:48] Multiple instances of codecarbon are allowed to run at the same time.
2026-09-13 00:25:49,343 [INFO] Recording idle baseline for 90s...
2026-09-13 00:27:22,907 [INFO] Starting warmup: 5000 steps
2026-09-13 00:27:23,065 [INFO] Starting measured training: 100 epochs x 1000 steps = 100000 env steps
2026-09-13 00:28:58,770 [INFO] Epoch 10/100 done (real_buffer=15000, model_buffer=10000, rollout_len=1, cumulative_reward=-2867.56, mean_episode_return=-433.88030821219263)
2026-09-13 00:30:10,232 [INFO] Epoch 20/100 done (real_buffer=25000, model_buffer=10000, rollout_len=1, cumulative_reward=-913.06, mean_episode_return=508.54952440367913)
2026-09-13 00:31:39,342 [INFO] Epoch 30/100 done (real_buffer=35000, model_buffer=10000, rollout_len=1, cumulative_reward=16371.48, mean_episode_return=2226.036331831321)
2026-09-13 00:34:10,321 [INFO] Epoch 40/100 done (real_buffer=45000, model_buffer=10000, rollout_len=1, cumulative_reward=46994.17, mean_episode_return=3966.855795700426)
2026-09-13 00:37:45,547 [INFO] Epoch 50/100 done (real_buffer=55000, model_buffer=10000, rollout_len=1, cumulative_reward=84290.83, mean_episode_return=4300.4373133488225)
2026-09-13 00:41:26,115 [INFO] Epoch 60/100 done (real_buffer=65000, model_buffer=10000, rollout_len=1, cumulative_reward=131248.78, mean_episode_return=4675.903655806181)
2026-09-13 00:44:28,374 [INFO] Epoch 70/100 done (real_buffer=75000, model_buffer=10000, rollout_len=1, cumulative_reward=180264.29, mean_episode_return=2905.277249987854)
2026-09-13 00:47:50,425 [INFO] Epoch 80/100 done (real_buffer=85000, model_buffer=10000, rollout_len=1, cumulative_reward=229343.96, mean_episode_return=5748.126222303892)
2026-09-13 00:51:20,977 [INFO] Epoch 90/100 done (real_buffer=95000, model_buffer=10000, rollout_len=1, cumulative_reward=288448.95, mean_episode_return=5801.242611971084)
2026-09-13 00:54:58,551 [INFO] Epoch 100/100 done (real_buffer=105000, model_buffer=10000, rollout_len=1, cumulative_reward=343524.21, mean_episode_return=6096.718206346639)
2026-09-13 00:54:58,551 [INFO] Recording idle tail for 90s...
2026-09-13 00:56:28,614 [INFO] Run complete. Segment energy summary (kWh unless noted):
2026-09-13 00:56:28,614 [INFO]   idle_baseline_head: 0.0015779526204887891
2026-09-13 00:56:28,614 [INFO]   warmup: 5.402977428770571e-06
2026-09-13 00:56:28,615 [INFO]   dynamics_model_update: 0.039814719182809
2026-09-13 00:56:28,615 [INFO]   rollout: 0.0006451940984122054
2026-09-13 00:56:28,615 [INFO]   synthetic_rollout_generation: 1.6545331749003023e-05
2026-09-13 00:56:28,615 [INFO]   buffer_sample: 0.00035441704687096636
2026-09-13 00:56:28,615 [INFO]   critic_update: 0.005202108810066114
2026-09-13 00:56:28,615 [INFO]   actor_update: 0.006319257459742322
2026-09-13 00:56:28,615 [INFO]   target_update: 0.0005440331030793577
2026-09-13 00:56:28,615 [INFO]   _sub_segment_wall_time_seconds: {'buffer_sample': 11.183909977677104, 'critic_update': 164.15665425665065, 'actor_update': 199.40916267849025, 'target_update': 17.167394467713166}
2026-09-13 00:56:28,615 [INFO]   idle_baseline_tail: 0.001621815706391215
2026-09-13 00:56:28,615 [INFO]   _total_kg_co2eq: 0.021371856869586748
2026-09-13 00:56:28,615 [INFO] Training summary: 100 epochs, final cumulative_reward=343524.21, final mean_episode_return=6096.718206346639, episodes completed=105

Run artifacts written to: results/mbpo/HalfCheetah-v5/seed_43611/20260913_002507
[2026-09-13 00:56:29] [24/60] Finished OK: algo=mbpo env=HalfCheetah-v5 seed=43611 width=256x256 -> results/mbpo/HalfCheetah-v5/seed_43611/20260913_002507
[2026-09-13 00:56:29] [25/60] Starting: algo=mbpo env=HalfCheetah-v5 seed=85062 width=256x256
2026-09-13 00:56:29,806 [INFO] === Experiment run: algo=mbpo env=HalfCheetah-v5 seed=85062 ===
2026-09-13 00:56:29,806 [INFO] Run directory: results/mbpo/HalfCheetah-v5/seed_85062/20260913_005629
2026-09-13 00:56:29,939 [INFO] Using device: cuda
2026-09-13 00:56:30,033 [INFO] Waiting for thermal baseline before starting...
2026-09-13 00:56:40,044 [INFO] Thermal gate result: {'gated': True, 'reason': 'reached_reference', 'waited_seconds': 9.775161743164062e-06, 'final_temp_c': 40.0, 'final_power_w': 25.282}
2026-09-13 00:56:40,044 [INFO] Settling for 30s (unmeasured)...
[codecarbon WARNING @ 00:57:10] Multiple instances of codecarbon are allowed to run at the same time.
2026-09-13 00:57:11,283 [INFO] Recording idle baseline for 90s...
2026-09-13 00:58:44,857 [INFO] Starting warmup: 5000 steps
2026-09-13 00:58:45,013 [INFO] Starting measured training: 100 epochs x 1000 steps = 100000 env steps
2026-09-13 01:00:10,131 [INFO] Epoch 10/100 done (real_buffer=15000, model_buffer=10000, rollout_len=1, cumulative_reward=-2493.97, mean_episode_return=-310.04525370365843)
2026-09-13 01:01:27,875 [INFO] Epoch 20/100 done (real_buffer=25000, model_buffer=10000, rollout_len=1, cumulative_reward=-1533.66, mean_episode_return=1006.3910037261702)
2026-09-13 01:03:04,953 [INFO] Epoch 30/100 done (real_buffer=35000, model_buffer=10000, rollout_len=1, cumulative_reward=8445.54, mean_episode_return=2028.954680246929)
2026-09-13 01:06:10,173 [INFO] Epoch 40/100 done (real_buffer=45000, model_buffer=10000, rollout_len=1, cumulative_reward=23905.96, mean_episode_return=2170.8136957951265)
2026-09-13 01:09:24,101 [INFO] Epoch 50/100 done (real_buffer=55000, model_buffer=10000, rollout_len=1, cumulative_reward=47623.97, mean_episode_return=3482.156249381786)
2026-09-13 01:12:19,828 [INFO] Epoch 60/100 done (real_buffer=65000, model_buffer=10000, rollout_len=1, cumulative_reward=83088.82, mean_episode_return=3976.2353141850094)
2026-09-13 01:15:11,845 [INFO] Epoch 70/100 done (real_buffer=75000, model_buffer=10000, rollout_len=1, cumulative_reward=122858.36, mean_episode_return=5084.453580738908)
2026-09-13 01:18:19,562 [INFO] Epoch 80/100 done (real_buffer=85000, model_buffer=10000, rollout_len=1, cumulative_reward=171206.18, mean_episode_return=3673.6744106443803)
2026-09-13 01:22:19,306 [INFO] Epoch 90/100 done (real_buffer=95000, model_buffer=10000, rollout_len=1, cumulative_reward=225030.10, mean_episode_return=5486.104792781501)
2026-09-13 01:26:47,105 [INFO] Epoch 100/100 done (real_buffer=105000, model_buffer=10000, rollout_len=1, cumulative_reward=281557.55, mean_episode_return=5769.841253661936)
2026-09-13 01:26:47,105 [INFO] Recording idle tail for 90s...
2026-09-13 01:28:17,178 [INFO] Run complete. Segment energy summary (kWh unless noted):
2026-09-13 01:28:17,178 [INFO]   idle_baseline_head: 0.00157499951645931
2026-09-13 01:28:17,178 [INFO]   warmup: 5.365310242530031e-06
2026-09-13 01:28:17,178 [INFO]   dynamics_model_update: 0.04039214999795528
2026-09-13 01:28:17,178 [INFO]   rollout: 0.000648106045220382
2026-09-13 01:28:17,178 [INFO]   synthetic_rollout_generation: 9.713452242381734e-06
2026-09-13 01:28:17,178 [INFO]   buffer_sample: 0.00035382820557818847
2026-09-13 01:28:17,178 [INFO]   critic_update: 0.005165890470877436
2026-09-13 01:28:17,178 [INFO]   actor_update: 0.006306566766038225
2026-09-13 01:28:17,178 [INFO]   target_update: 0.000550438978751508
2026-09-13 01:28:17,178 [INFO]   _sub_segment_wall_time_seconds: {'buffer_sample': 11.147174477238877, 'critic_update': 162.74870544895384, 'actor_update': 198.68512172031842, 'target_update': 17.34129512142681}
2026-09-13 01:28:17,178 [INFO]   idle_baseline_tail: 0.0016165566696177969
2026-09-13 01:28:17,178 [INFO]   _total_kg_co2eq: 0.021570777806685107
2026-09-13 01:28:17,178 [INFO] Training summary: 100 epochs, final cumulative_reward=281557.55, final mean_episode_return=5769.841253661936, episodes completed=105

Run artifacts written to: results/mbpo/HalfCheetah-v5/seed_85062/20260913_005629
[2026-09-13 01:28:17] [25/60] Finished OK: algo=mbpo env=HalfCheetah-v5 seed=85062 width=256x256 -> results/mbpo/HalfCheetah-v5/seed_85062/20260913_005629
[2026-09-13 01:28:17] [26/60] Starting: algo=mbpo env=HalfCheetah-v5 seed=331 width=512x512
2026-09-13 01:28:18,378 [INFO] === Experiment run: algo=mbpo env=HalfCheetah-v5 seed=331 ===
2026-09-13 01:28:18,378 [INFO] Run directory: results/mbpo/HalfCheetah-v5/seed_331/20260913_012818
2026-09-13 01:28:18,509 [INFO] Using device: cuda
2026-09-13 01:28:18,604 [INFO] Waiting for thermal baseline before starting...
2026-09-13 01:28:28,615 [INFO] Thermal gate result: {'gated': True, 'reason': 'reached_reference', 'waited_seconds': 1.0013580322265625e-05, 'final_temp_c': 40.0, 'final_power_w': 24.338}
2026-09-13 01:28:28,615 [INFO] Settling for 30s (unmeasured)...
[codecarbon WARNING @ 01:28:58] Multiple instances of codecarbon are allowed to run at the same time.
2026-09-13 01:28:59,850 [INFO] Recording idle baseline for 90s...
2026-09-13 01:30:33,414 [INFO] Starting warmup: 5000 steps
2026-09-13 01:30:33,571 [INFO] Starting measured training: 100 epochs x 1000 steps = 100000 env steps
2026-09-13 01:31:59,392 [INFO] Epoch 10/100 done (real_buffer=15000, model_buffer=10000, rollout_len=1, cumulative_reward=-2857.44, mean_episode_return=-340.9719892275147)
2026-09-13 01:33:18,303 [INFO] Epoch 20/100 done (real_buffer=25000, model_buffer=10000, rollout_len=1, cumulative_reward=3057.50, mean_episode_return=1523.451522594754)
2026-09-13 01:34:51,605 [INFO] Epoch 30/100 done (real_buffer=35000, model_buffer=10000, rollout_len=1, cumulative_reward=19165.39, mean_episode_return=2087.5049122405444)
2026-09-13 01:37:55,222 [INFO] Epoch 40/100 done (real_buffer=45000, model_buffer=10000, rollout_len=1, cumulative_reward=40357.45, mean_episode_return=2491.5163332558654)
2026-09-13 01:40:59,745 [INFO] Epoch 50/100 done (real_buffer=55000, model_buffer=10000, rollout_len=1, cumulative_reward=64655.49, mean_episode_return=3098.0973168396995)
2026-09-13 01:43:54,629 [INFO] Epoch 60/100 done (real_buffer=65000, model_buffer=10000, rollout_len=1, cumulative_reward=96081.69, mean_episode_return=3556.4072195289073)
2026-09-13 01:46:46,184 [INFO] Epoch 70/100 done (real_buffer=75000, model_buffer=10000, rollout_len=1, cumulative_reward=134035.34, mean_episode_return=4377.475966574531)
2026-09-13 01:50:25,803 [INFO] Epoch 80/100 done (real_buffer=85000, model_buffer=10000, rollout_len=1, cumulative_reward=173849.54, mean_episode_return=4161.208423249513)
2026-09-13 01:54:13,223 [INFO] Epoch 90/100 done (real_buffer=95000, model_buffer=10000, rollout_len=1, cumulative_reward=219750.09, mean_episode_return=4571.25359565954)
2026-09-13 01:59:13,893 [INFO] Epoch 100/100 done (real_buffer=105000, model_buffer=10000, rollout_len=1, cumulative_reward=264658.32, mean_episode_return=5298.860958089208)
2026-09-13 01:59:13,893 [INFO] Recording idle tail for 90s...
2026-09-13 02:00:43,955 [INFO] Run complete. Segment energy summary (kWh unless noted):
2026-09-13 02:00:43,955 [INFO]   idle_baseline_head: 0.001562107573724146
2026-09-13 02:00:43,955 [INFO]   warmup: 3.909972356808426e-06
2026-09-13 02:00:43,955 [INFO]   dynamics_model_update: 0.041994082305017465
2026-09-13 02:00:43,955 [INFO]   rollout: 0.0006551038282040125
2026-09-13 02:00:43,955 [INFO]   synthetic_rollout_generation: 1.1613765643958551e-05
2026-09-13 02:00:43,955 [INFO]   buffer_sample: 0.00037048307779870396
2026-09-13 02:00:43,955 [INFO]   critic_update: 0.005394260371688818
2026-09-13 02:00:43,955 [INFO]   actor_update: 0.00665707776091793
2026-09-13 02:00:43,955 [INFO]   target_update: 0.0005740635001805809
2026-09-13 02:00:43,955 [INFO]   _sub_segment_wall_time_seconds: {'buffer_sample': 11.127938396934042, 'critic_update': 162.02358679872123, 'actor_update': 199.9539403182789, 'target_update': 17.242739678946236}
2026-09-13 02:00:43,955 [INFO]   idle_baseline_tail: 0.0016399502412599853
2026-09-13 02:00:43,955 [INFO]   _total_kg_co2eq: 0.022423739225615708
2026-09-13 02:00:43,955 [INFO] Training summary: 100 epochs, final cumulative_reward=264658.32, final mean_episode_return=5298.860958089208, episodes completed=105

Run artifacts written to: results/mbpo/HalfCheetah-v5/seed_331/20260913_012818
[2026-09-13 02:00:44] [26/60] Finished OK: algo=mbpo env=HalfCheetah-v5 seed=331 width=512x512 -> results/mbpo/HalfCheetah-v5/seed_331/20260913_012818
[2026-09-13 02:00:44] [27/60] Starting: algo=mbpo env=HalfCheetah-v5 seed=958 width=512x512
2026-09-13 02:00:45,142 [INFO] === Experiment run: algo=mbpo env=HalfCheetah-v5 seed=958 ===
2026-09-13 02:00:45,143 [INFO] Run directory: results/mbpo/HalfCheetah-v5/seed_958/20260913_020045
2026-09-13 02:00:45,280 [INFO] Using device: cuda
2026-09-13 02:00:45,375 [INFO] Waiting for thermal baseline before starting...
2026-09-13 02:00:55,386 [INFO] Thermal gate result: {'gated': True, 'reason': 'reached_reference', 'waited_seconds': 1.1682510375976562e-05, 'final_temp_c': 40.0, 'final_power_w': 24.683}
2026-09-13 02:00:55,386 [INFO] Settling for 30s (unmeasured)...
[codecarbon WARNING @ 02:01:25] Multiple instances of codecarbon are allowed to run at the same time.
2026-09-13 02:01:26,624 [INFO] Recording idle baseline for 90s...
2026-09-13 02:03:00,198 [INFO] Starting warmup: 5000 steps
2026-09-13 02:03:00,356 [INFO] Starting measured training: 100 epochs x 1000 steps = 100000 env steps
2026-09-13 02:04:28,433 [INFO] Epoch 10/100 done (real_buffer=15000, model_buffer=10000, rollout_len=1, cumulative_reward=-3034.83, mean_episode_return=-279.8245463320392)
2026-09-13 02:05:39,973 [INFO] Epoch 20/100 done (real_buffer=25000, model_buffer=10000, rollout_len=1, cumulative_reward=1214.33, mean_episode_return=789.7002229710129)
2026-09-13 02:07:43,363 [INFO] Epoch 30/100 done (real_buffer=35000, model_buffer=10000, rollout_len=1, cumulative_reward=17836.65, mean_episode_return=2234.9521440162994)
2026-09-13 02:11:47,479 [INFO] Epoch 40/100 done (real_buffer=45000, model_buffer=10000, rollout_len=1, cumulative_reward=42247.15, mean_episode_return=3048.534020813365)
2026-09-13 02:14:09,754 [INFO] Epoch 50/100 done (real_buffer=55000, model_buffer=10000, rollout_len=1, cumulative_reward=73282.09, mean_episode_return=2613.822530061655)
2026-09-13 02:16:21,381 [INFO] Epoch 60/100 done (real_buffer=65000, model_buffer=10000, rollout_len=1, cumulative_reward=104953.32, mean_episode_return=3425.0292129477516)
2026-09-13 02:18:53,230 [INFO] Epoch 70/100 done (real_buffer=75000, model_buffer=10000, rollout_len=1, cumulative_reward=141952.02, mean_episode_return=4189.989372014903)
2026-09-13 02:22:20,276 [INFO] Epoch 80/100 done (real_buffer=85000, model_buffer=10000, rollout_len=1, cumulative_reward=182876.33, mean_episode_return=4538.192490069782)
2026-09-13 02:25:39,039 [INFO] Epoch 90/100 done (real_buffer=95000, model_buffer=10000, rollout_len=1, cumulative_reward=218227.51, mean_episode_return=4593.922575001121)
2026-09-13 02:29:03,155 [INFO] Epoch 100/100 done (real_buffer=105000, model_buffer=10000, rollout_len=1, cumulative_reward=266610.67, mean_episode_return=5623.517206643297)
2026-09-13 02:29:03,155 [INFO] Recording idle tail for 90s...
2026-09-13 02:30:33,222 [INFO] Run complete. Segment energy summary (kWh unless noted):
2026-09-13 02:30:33,222 [INFO]   idle_baseline_head: 0.001592678907864973
2026-09-13 02:30:33,222 [INFO]   warmup: 3.989485301481542e-06
2026-09-13 02:30:33,222 [INFO]   dynamics_model_update: 0.03711216140986937
2026-09-13 02:30:33,222 [INFO]   rollout: 0.0006606937590378772
2026-09-13 02:30:33,222 [INFO]   synthetic_rollout_generation: 2.1763814121401968e-05
2026-09-13 02:30:33,222 [INFO]   buffer_sample: 0.000376200457083823
2026-09-13 02:30:33,222 [INFO]   critic_update: 0.005605270401557113
2026-09-13 02:30:33,222 [INFO]   actor_update: 0.006674935974167788
2026-09-13 02:30:33,222 [INFO]   target_update: 0.0005809097749219892
2026-09-13 02:30:33,222 [INFO]   _sub_segment_wall_time_seconds: {'buffer_sample': 11.391679819407727, 'critic_update': 169.73250434279544, 'actor_update': 202.12291612347326, 'target_update': 17.590457521429926}
2026-09-13 02:30:33,222 [INFO]   idle_baseline_tail: 0.0016182649401507848
2026-09-13 02:30:33,222 [INFO]   _total_kg_co2eq: 0.02066535798538209
2026-09-13 02:30:33,222 [INFO] Training summary: 100 epochs, final cumulative_reward=266610.67, final mean_episode_return=5623.517206643297, episodes completed=105

Run artifacts written to: results/mbpo/HalfCheetah-v5/seed_958/20260913_020045
[2026-09-13 02:30:33] [27/60] Finished OK: algo=mbpo env=HalfCheetah-v5 seed=958 width=512x512 -> results/mbpo/HalfCheetah-v5/seed_958/20260913_020045
[2026-09-13 02:30:33] [28/60] Starting: algo=mbpo env=HalfCheetah-v5 seed=14577 width=512x512
2026-09-13 02:30:34,420 [INFO] === Experiment run: algo=mbpo env=HalfCheetah-v5 seed=14577 ===
2026-09-13 02:30:34,420 [INFO] Run directory: results/mbpo/HalfCheetah-v5/seed_14577/20260913_023034
2026-09-13 02:30:34,555 [INFO] Using device: cuda
2026-09-13 02:30:34,648 [INFO] Waiting for thermal baseline before starting...
2026-09-13 02:30:44,659 [INFO] Thermal gate result: {'gated': True, 'reason': 'reached_reference', 'waited_seconds': 1.0251998901367188e-05, 'final_temp_c': 40.0, 'final_power_w': 25.497}
2026-09-13 02:30:44,659 [INFO] Settling for 30s (unmeasured)...
[codecarbon WARNING @ 02:31:14] Multiple instances of codecarbon are allowed to run at the same time.
2026-09-13 02:31:15,900 [INFO] Recording idle baseline for 90s...
2026-09-13 02:32:49,459 [INFO] Starting warmup: 5000 steps
2026-09-13 02:32:49,611 [INFO] Starting measured training: 100 epochs x 1000 steps = 100000 env steps
2026-09-13 02:34:15,737 [INFO] Epoch 10/100 done (real_buffer=15000, model_buffer=10000, rollout_len=1, cumulative_reward=-3059.00, mean_episode_return=-719.1492015966282)
2026-09-13 02:35:26,014 [INFO] Epoch 20/100 done (real_buffer=25000, model_buffer=10000, rollout_len=1, cumulative_reward=73.16, mean_episode_return=1019.2423691509019)
2026-09-13 02:36:50,340 [INFO] Epoch 30/100 done (real_buffer=35000, model_buffer=10000, rollout_len=1, cumulative_reward=15309.30, mean_episode_return=2408.7141988053)
2026-09-13 02:38:51,082 [INFO] Epoch 40/100 done (real_buffer=45000, model_buffer=10000, rollout_len=1, cumulative_reward=39221.39, mean_episode_return=3197.3198759895768)
2026-09-13 02:42:04,339 [INFO] Epoch 50/100 done (real_buffer=55000, model_buffer=10000, rollout_len=1, cumulative_reward=78615.94, mean_episode_return=4387.685763702281)
2026-09-13 02:45:07,895 [INFO] Epoch 60/100 done (real_buffer=65000, model_buffer=10000, rollout_len=1, cumulative_reward=123514.71, mean_episode_return=4790.2662574110855)
2026-09-13 02:48:26,002 [INFO] Epoch 70/100 done (real_buffer=75000, model_buffer=10000, rollout_len=1, cumulative_reward=168874.65, mean_episode_return=4884.014473879933)
2026-09-13 02:51:51,251 [INFO] Epoch 80/100 done (real_buffer=85000, model_buffer=10000, rollout_len=1, cumulative_reward=219184.68, mean_episode_return=4881.219444429919)
2026-09-13 02:55:21,169 [INFO] Epoch 90/100 done (real_buffer=95000, model_buffer=10000, rollout_len=1, cumulative_reward=272121.25, mean_episode_return=5488.458259091601)
2026-09-13 02:58:37,311 [INFO] Epoch 100/100 done (real_buffer=105000, model_buffer=10000, rollout_len=1, cumulative_reward=327586.79, mean_episode_return=5743.704053226259)
2026-09-13 02:58:37,311 [INFO] Recording idle tail for 90s...
2026-09-13 03:00:07,376 [INFO] Run complete. Segment energy summary (kWh unless noted):
2026-09-13 03:00:07,376 [INFO]   idle_baseline_head: 0.0015595871060054371
2026-09-13 03:00:07,376 [INFO]   warmup: 5.367934446992052e-06
2026-09-13 03:00:07,376 [INFO]   dynamics_model_update: 0.03698067197579106
2026-09-13 03:00:07,376 [INFO]   rollout: 0.0006460701255505976
2026-09-13 03:00:07,376 [INFO]   synthetic_rollout_generation: 1.8863983158496495e-05
2026-09-13 03:00:07,376 [INFO]   buffer_sample: 0.0003696408242060712
2026-09-13 03:00:07,376 [INFO]   critic_update: 0.005494447147957783
2026-09-13 03:00:07,376 [INFO]   actor_update: 0.006656618472764945
2026-09-13 03:00:07,376 [INFO]   target_update: 0.000569911488340655
2026-09-13 03:00:07,376 [INFO]   _sub_segment_wall_time_seconds: {'buffer_sample': 11.10961073899307, 'critic_update': 165.13643797567056, 'actor_update': 200.06567247880957, 'target_update': 17.12877576426763}
2026-09-13 03:00:07,376 [INFO]   idle_baseline_tail: 0.0016586767184203072
2026-09-13 03:00:07,376 [INFO]   _total_kg_co2eq: 0.02055602586645576
2026-09-13 03:00:07,376 [INFO] Training summary: 100 epochs, final cumulative_reward=327586.79, final mean_episode_return=5743.704053226259, episodes completed=105

Run artifacts written to: results/mbpo/HalfCheetah-v5/seed_14577/20260913_023034
[2026-09-13 03:00:08] [28/60] Finished OK: algo=mbpo env=HalfCheetah-v5 seed=14577 width=512x512 -> results/mbpo/HalfCheetah-v5/seed_14577/20260913_023034
[2026-09-13 03:00:08] [29/60] Starting: algo=mbpo env=HalfCheetah-v5 seed=43611 width=512x512
2026-09-13 03:00:08,573 [INFO] === Experiment run: algo=mbpo env=HalfCheetah-v5 seed=43611 ===
2026-09-13 03:00:08,573 [INFO] Run directory: results/mbpo/HalfCheetah-v5/seed_43611/20260913_030008
2026-09-13 03:00:08,705 [INFO] Using device: cuda
2026-09-13 03:00:08,800 [INFO] Waiting for thermal baseline before starting...
2026-09-13 03:00:18,811 [INFO] Thermal gate result: {'gated': True, 'reason': 'reached_reference', 'waited_seconds': 1.1205673217773438e-05, 'final_temp_c': 40.0, 'final_power_w': 25.221}
2026-09-13 03:00:18,811 [INFO] Settling for 30s (unmeasured)...
[codecarbon WARNING @ 03:00:48] Multiple instances of codecarbon are allowed to run at the same time.
2026-09-13 03:00:50,045 [INFO] Recording idle baseline for 90s...
2026-09-13 03:02:23,577 [INFO] Starting warmup: 5000 steps
2026-09-13 03:02:23,732 [INFO] Starting measured training: 100 epochs x 1000 steps = 100000 env steps
2026-09-13 03:03:56,474 [INFO] Epoch 10/100 done (real_buffer=15000, model_buffer=10000, rollout_len=1, cumulative_reward=-1922.02, mean_episode_return=-8.757930129704896)
2026-09-13 03:05:13,993 [INFO] Epoch 20/100 done (real_buffer=25000, model_buffer=10000, rollout_len=1, cumulative_reward=4467.08, mean_episode_return=1442.517716052825)
2026-09-13 03:06:45,712 [INFO] Epoch 30/100 done (real_buffer=35000, model_buffer=10000, rollout_len=1, cumulative_reward=26194.73, mean_episode_return=1640.465533756984)
2026-09-13 03:10:06,206 [INFO] Epoch 40/100 done (real_buffer=45000, model_buffer=10000, rollout_len=1, cumulative_reward=53456.71, mean_episode_return=3532.4389277928035)
2026-09-13 03:13:16,144 [INFO] Epoch 50/100 done (real_buffer=55000, model_buffer=10000, rollout_len=1, cumulative_reward=84650.15, mean_episode_return=3270.7368436107786)
2026-09-13 03:16:16,021 [INFO] Epoch 60/100 done (real_buffer=65000, model_buffer=10000, rollout_len=1, cumulative_reward=123683.66, mean_episode_return=4265.598062436162)
2026-09-13 03:19:14,325 [INFO] Epoch 70/100 done (real_buffer=75000, model_buffer=10000, rollout_len=1, cumulative_reward=165404.52, mean_episode_return=4484.335902728736)
2026-09-13 03:23:01,366 [INFO] Epoch 80/100 done (real_buffer=85000, model_buffer=10000, rollout_len=1, cumulative_reward=213246.95, mean_episode_return=5259.778795658194)
2026-09-13 03:26:52,929 [INFO] Epoch 90/100 done (real_buffer=95000, model_buffer=10000, rollout_len=1, cumulative_reward=262723.89, mean_episode_return=5241.152102373603)
2026-09-13 03:30:52,462 [INFO] Epoch 100/100 done (real_buffer=105000, model_buffer=10000, rollout_len=1, cumulative_reward=316158.02, mean_episode_return=5171.50527448582)
2026-09-13 03:30:52,462 [INFO] Recording idle tail for 90s...
2026-09-13 03:32:22,525 [INFO] Run complete. Segment energy summary (kWh unless noted):
2026-09-13 03:32:22,525 [INFO]   idle_baseline_head: 0.0015930437998619938
2026-09-13 03:32:22,525 [INFO]   warmup: 5.425452697193625e-06
2026-09-13 03:32:22,525 [INFO]   dynamics_model_update: 0.04140135557362818
2026-09-13 03:32:22,525 [INFO]   rollout: 0.0006389425556858398
2026-09-13 03:32:22,525 [INFO]   synthetic_rollout_generation: 2.1991184440964522e-05
2026-09-13 03:32:22,525 [INFO]   buffer_sample: 0.0003699387128911173
2026-09-13 03:32:22,525 [INFO]   critic_update: 0.005316571837941209
2026-09-13 03:32:22,525 [INFO]   actor_update: 0.006578491091519627
2026-09-13 03:32:22,525 [INFO]   target_update: 0.0005725387646523714
2026-09-13 03:32:22,525 [INFO]   _sub_segment_wall_time_seconds: {'buffer_sample': 11.20341620880572, 'critic_update': 161.00982413809106, 'actor_update': 199.2264425321373, 'target_update': 17.339061451413727}
2026-09-13 03:32:22,525 [INFO]   idle_baseline_tail: 0.0016170087750681864
2026-09-13 03:32:22,525 [INFO]   _total_kg_co2eq: 0.022139034593825532
2026-09-13 03:32:22,525 [INFO] Training summary: 100 epochs, final cumulative_reward=316158.02, final mean_episode_return=5171.50527448582, episodes completed=105

Run artifacts written to: results/mbpo/HalfCheetah-v5/seed_43611/20260913_030008
[2026-09-13 03:32:23] [29/60] Finished OK: algo=mbpo env=HalfCheetah-v5 seed=43611 width=512x512 -> results/mbpo/HalfCheetah-v5/seed_43611/20260913_030008
[2026-09-13 03:32:23] [30/60] Starting: algo=mbpo env=HalfCheetah-v5 seed=85062 width=512x512
2026-09-13 03:32:23,708 [INFO] === Experiment run: algo=mbpo env=HalfCheetah-v5 seed=85062 ===
2026-09-13 03:32:23,708 [INFO] Run directory: results/mbpo/HalfCheetah-v5/seed_85062/20260913_033223
2026-09-13 03:32:23,832 [INFO] Using device: cuda
2026-09-13 03:32:23,922 [INFO] Waiting for thermal baseline before starting...
2026-09-13 03:32:33,932 [INFO] Thermal gate result: {'gated': True, 'reason': 'reached_reference', 'waited_seconds': 1.0013580322265625e-05, 'final_temp_c': 40.0, 'final_power_w': 24.064}
2026-09-13 03:32:33,933 [INFO] Settling for 30s (unmeasured)...
[codecarbon WARNING @ 03:33:03] Multiple instances of codecarbon are allowed to run at the same time.
2026-09-13 03:33:05,170 [INFO] Recording idle baseline for 90s...
2026-09-13 03:34:38,714 [INFO] Starting warmup: 5000 steps
2026-09-13 03:34:38,868 [INFO] Starting measured training: 100 epochs x 1000 steps = 100000 env steps
2026-09-13 03:36:07,664 [INFO] Epoch 10/100 done (real_buffer=15000, model_buffer=10000, rollout_len=1, cumulative_reward=-2314.95, mean_episode_return=-263.94575024405196)
2026-09-13 03:37:29,787 [INFO] Epoch 20/100 done (real_buffer=25000, model_buffer=10000, rollout_len=1, cumulative_reward=3709.39, mean_episode_return=1541.5133678549994)
2026-09-13 03:39:06,731 [INFO] Epoch 30/100 done (real_buffer=35000, model_buffer=10000, rollout_len=1, cumulative_reward=14881.61, mean_episode_return=2159.79600297002)
2026-09-13 03:43:31,722 [INFO] Epoch 40/100 done (real_buffer=45000, model_buffer=10000, rollout_len=1, cumulative_reward=39523.88, mean_episode_return=2166.192662919737)
2026-09-13 03:46:05,985 [INFO] Epoch 50/100 done (real_buffer=55000, model_buffer=10000, rollout_len=1, cumulative_reward=67281.51, mean_episode_return=2836.201072840411)
2026-09-13 03:49:37,162 [INFO] Epoch 60/100 done (real_buffer=65000, model_buffer=10000, rollout_len=1, cumulative_reward=102993.35, mean_episode_return=2955.2356833731164)
2026-09-13 03:52:53,575 [INFO] Epoch 70/100 done (real_buffer=75000, model_buffer=10000, rollout_len=1, cumulative_reward=143401.15, mean_episode_return=4588.886332552252)
2026-09-13 03:56:34,256 [INFO] Epoch 80/100 done (real_buffer=85000, model_buffer=10000, rollout_len=1, cumulative_reward=189782.61, mean_episode_return=5265.218873387671)
2026-09-13 04:00:11,379 [INFO] Epoch 90/100 done (real_buffer=95000, model_buffer=10000, rollout_len=1, cumulative_reward=242917.14, mean_episode_return=4857.54051392019)
2026-09-13 04:03:33,720 [INFO] Epoch 100/100 done (real_buffer=105000, model_buffer=10000, rollout_len=1, cumulative_reward=297416.38, mean_episode_return=5612.883499251802)
2026-09-13 04:03:33,720 [INFO] Recording idle tail for 90s...
2026-09-13 04:05:03,787 [INFO] Run complete. Segment energy summary (kWh unless noted):
2026-09-13 04:05:03,787 [INFO]   idle_baseline_head: 0.0015514944192555435
2026-09-13 04:05:03,787 [INFO]   warmup: 3.922823299037622e-06
2026-09-13 04:05:03,787 [INFO]   dynamics_model_update: 0.04192709716335776
2026-09-13 04:05:03,787 [INFO]   rollout: 0.0006433300490064145
2026-09-13 04:05:03,787 [INFO]   synthetic_rollout_generation: 1.7051052648865868e-05
2026-09-13 04:05:03,787 [INFO]   buffer_sample: 0.0003666282597916498
2026-09-13 04:05:03,787 [INFO]   critic_update: 0.005334524024315987
2026-09-13 04:05:03,787 [INFO]   actor_update: 0.006548991822827477
2026-09-13 04:05:03,787 [INFO]   target_update: 0.0005728221200473833
2026-09-13 04:05:03,787 [INFO]   _sub_segment_wall_time_seconds: {'buffer_sample': 11.13441933008653, 'critic_update': 162.0083172173072, 'actor_update': 198.89143620873074, 'target_update': 17.396481356296135}
2026-09-13 04:05:03,787 [INFO]   idle_baseline_tail: 0.001603818571598803
2026-09-13 04:05:03,787 [INFO]   _total_kg_co2eq: 0.022312147183850863
2026-09-13 04:05:03,787 [INFO] Training summary: 100 epochs, final cumulative_reward=297416.38, final mean_episode_return=5612.883499251802, episodes completed=105

Run artifacts written to: results/mbpo/HalfCheetah-v5/seed_85062/20260913_033223
[2026-09-13 04:05:04] [30/60] Finished OK: algo=mbpo env=HalfCheetah-v5 seed=85062 width=512x512 -> results/mbpo/HalfCheetah-v5/seed_85062/20260913_033223
[2026-09-13 04:05:04] [31/60] Starting: algo=mbpo env=Ant-v5 seed=331 width=256x256
2026-09-13 04:05:04,986 [INFO] === Experiment run: algo=mbpo env=Ant-v5 seed=331 ===
2026-09-13 04:05:04,986 [INFO] Run directory: results/mbpo/Ant-v5/seed_331/20260913_040504
2026-09-13 04:05:05,119 [INFO] Using device: cuda
2026-09-13 04:05:05,212 [INFO] Waiting for thermal baseline before starting...
2026-09-13 04:05:15,223 [INFO] Thermal gate result: {'gated': True, 'reason': 'reached_reference', 'waited_seconds': 1.0013580322265625e-05, 'final_temp_c': 40.0, 'final_power_w': 24.388}
2026-09-13 04:05:15,223 [INFO] Settling for 30s (unmeasured)...
[codecarbon WARNING @ 04:05:45] Multiple instances of codecarbon are allowed to run at the same time.
2026-09-13 04:05:46,461 [INFO] Recording idle baseline for 90s...
2026-09-13 04:07:20,024 [INFO] Starting warmup: 5000 steps
2026-09-13 04:07:20,687 [INFO] Starting measured training: 100 epochs x 1000 steps = 100000 env steps
2026-09-13 04:08:45,452 [INFO] Epoch 10/100 done (real_buffer=15000, model_buffer=90000, rollout_len=1, cumulative_reward=-3600.57, mean_episode_return=-25.84267616669269)
2026-09-13 04:10:48,824 [INFO] Epoch 20/100 done (real_buffer=25000, model_buffer=190000, rollout_len=1, cumulative_reward=-7716.35, mean_episode_return=-119.5937424937691)
2026-09-13 04:13:38,243 [INFO] Epoch 30/100 done (real_buffer=35000, model_buffer=250000, rollout_len=4, cumulative_reward=-12942.09, mean_episode_return=-559.2751674834514)
2026-09-13 04:17:26,175 [INFO] Epoch 40/100 done (real_buffer=45000, model_buffer=250000, rollout_len=7, cumulative_reward=-22977.16, mean_episode_return=-433.8716550462588)
2026-09-13 04:21:34,710 [INFO] Epoch 50/100 done (real_buffer=55000, model_buffer=250000, rollout_len=10, cumulative_reward=-32498.16, mean_episode_return=-1095.624415786492)
2026-09-13 04:25:45,766 [INFO] Epoch 60/100 done (real_buffer=65000, model_buffer=250000, rollout_len=13, cumulative_reward=-46544.84, mean_episode_return=-1139.2140024048879)
2026-09-13 04:30:15,585 [INFO] Epoch 70/100 done (real_buffer=75000, model_buffer=250000, rollout_len=16, cumulative_reward=-55156.92, mean_episode_return=-335.624679342967)
2026-09-13 04:35:32,139 [INFO] Epoch 80/100 done (real_buffer=85000, model_buffer=250000, rollout_len=19, cumulative_reward=-62945.93, mean_episode_return=-927.0403856260907)
2026-09-13 04:38:59,598 [INFO] Epoch 90/100 done (real_buffer=95000, model_buffer=250000, rollout_len=22, cumulative_reward=-74106.94, mean_episode_return=-450.5732462955884)
2026-09-13 04:41:53,386 [INFO] Epoch 100/100 done (real_buffer=105000, model_buffer=250000, rollout_len=25, cumulative_reward=-86735.76, mean_episode_return=-1491.7288922195899)
2026-09-13 04:41:53,386 [INFO] Recording idle tail for 90s...
2026-09-13 04:43:23,450 [INFO] Run complete. Segment energy summary (kWh unless noted):
2026-09-13 04:43:23,450 [INFO]   idle_baseline_head: 0.001554402266477227
2026-09-13 04:43:23,450 [INFO]   warmup: 1.9279098668128006e-05
2026-09-13 04:43:23,450 [INFO]   dynamics_model_update: 0.05290705577400102
2026-09-13 04:43:23,451 [INFO]   rollout: 0.001144867096413202
2026-09-13 04:43:23,451 [INFO]   synthetic_rollout_generation: 0.00016549549870441575
2026-09-13 04:43:23,451 [INFO]   buffer_sample: 0.00047765676824213974
2026-09-13 04:43:23,451 [INFO]   critic_update: 0.005150716947902605
2026-09-13 04:43:23,451 [INFO]   actor_update: 0.006231083668118479
2026-09-13 04:43:23,451 [INFO]   target_update: 0.0005418750992962048
2026-09-13 04:43:23,451 [INFO]   _sub_segment_wall_time_seconds: {'buffer_sample': 15.128041150150239, 'critic_update': 163.13022890350112, 'actor_update': 197.34691604650288, 'target_update': 17.161923258332536}
2026-09-13 04:43:23,451 [INFO]   idle_baseline_tail: 0.0016110269341401695
2026-09-13 04:43:23,451 [INFO]   _total_kg_co2eq: 0.026591649667704186
2026-09-13 04:43:23,451 [INFO] Training summary: 100 epochs, final cumulative_reward=-86735.76, final mean_episode_return=-1491.7288922195899, episodes completed=280

Run artifacts written to: results/mbpo/Ant-v5/seed_331/20260913_040504
[2026-09-13 04:43:24] [31/60] Finished OK: algo=mbpo env=Ant-v5 seed=331 width=256x256 -> results/mbpo/Ant-v5/seed_331/20260913_040504
[2026-09-13 04:43:24] [32/60] Starting: algo=mbpo env=Ant-v5 seed=958 width=256x256
2026-09-13 04:43:24,738 [INFO] === Experiment run: algo=mbpo env=Ant-v5 seed=958 ===
2026-09-13 04:43:24,738 [INFO] Run directory: results/mbpo/Ant-v5/seed_958/20260913_044324
2026-09-13 04:43:24,862 [INFO] Using device: cuda
2026-09-13 04:43:24,953 [INFO] Waiting for thermal baseline before starting...
2026-09-13 04:43:34,963 [INFO] Thermal gate result: {'gated': True, 'reason': 'reached_reference', 'waited_seconds': 9.775161743164062e-06, 'final_temp_c': 40.0, 'final_power_w': 24.47}
2026-09-13 04:43:34,963 [INFO] Settling for 30s (unmeasured)...
[codecarbon WARNING @ 04:44:04] Multiple instances of codecarbon are allowed to run at the same time.
2026-09-13 04:44:06,199 [INFO] Recording idle baseline for 90s...
2026-09-13 04:45:39,778 [INFO] Starting warmup: 5000 steps
2026-09-13 04:45:40,451 [INFO] Starting measured training: 100 epochs x 1000 steps = 100000 env steps
2026-09-13 04:46:55,923 [INFO] Epoch 10/100 done (real_buffer=15000, model_buffer=90000, rollout_len=1, cumulative_reward=-4716.39, mean_episode_return=-56.474590947035175)
2026-09-13 04:48:56,817 [INFO] Epoch 20/100 done (real_buffer=25000, model_buffer=190000, rollout_len=1, cumulative_reward=-9501.49, mean_episode_return=-430.4540543210508)
2026-09-13 04:52:08,469 [INFO] Epoch 30/100 done (real_buffer=35000, model_buffer=250000, rollout_len=4, cumulative_reward=-14588.32, mean_episode_return=-60.27339418172435)
2026-09-13 04:55:51,163 [INFO] Epoch 40/100 done (real_buffer=45000, model_buffer=250000, rollout_len=7, cumulative_reward=-24819.48, mean_episode_return=-1409.018077113194)
2026-09-13 04:59:39,645 [INFO] Epoch 50/100 done (real_buffer=55000, model_buffer=250000, rollout_len=10, cumulative_reward=-37639.16, mean_episode_return=-1186.0631453378126)
2026-09-13 05:04:15,328 [INFO] Epoch 60/100 done (real_buffer=65000, model_buffer=250000, rollout_len=13, cumulative_reward=-49376.38, mean_episode_return=-566.4103797394292)
2026-09-13 05:08:36,082 [INFO] Epoch 70/100 done (real_buffer=75000, model_buffer=250000, rollout_len=16, cumulative_reward=-59062.37, mean_episode_return=-404.2065204475515)
2026-09-13 05:11:30,462 [INFO] Epoch 80/100 done (real_buffer=85000, model_buffer=250000, rollout_len=19, cumulative_reward=-67322.03, mean_episode_return=-575.4858420270028)
2026-09-13 05:14:53,839 [INFO] Epoch 90/100 done (real_buffer=95000, model_buffer=250000, rollout_len=22, cumulative_reward=-77708.39, mean_episode_return=-831.039936403858)
2026-09-13 05:17:49,785 [INFO] Epoch 100/100 done (real_buffer=105000, model_buffer=250000, rollout_len=25, cumulative_reward=-89347.11, mean_episode_return=-1216.5939441285045)
2026-09-13 05:17:49,785 [INFO] Recording idle tail for 90s...
2026-09-13 05:19:19,851 [INFO] Run complete. Segment energy summary (kWh unless noted):
2026-09-13 05:19:19,851 [INFO]   idle_baseline_head: 0.0015635706362404935
2026-09-13 05:19:19,851 [INFO]   warmup: 2.082469694025292e-05
2026-09-13 05:19:19,851 [INFO]   dynamics_model_update: 0.048350346519274584
2026-09-13 05:19:19,851 [INFO]   rollout: 0.0011402244687963878
2026-09-13 05:19:19,851 [INFO]   synthetic_rollout_generation: 0.0001655556680425997
2026-09-13 05:19:19,851 [INFO]   buffer_sample: 0.00047553863638894324
2026-09-13 05:19:19,851 [INFO]   critic_update: 0.0052257130903219946
2026-09-13 05:19:19,851 [INFO]   actor_update: 0.006253961668399301
2026-09-13 05:19:19,851 [INFO]   target_update: 0.0005379512799974232
2026-09-13 05:19:19,851 [INFO]   _sub_segment_wall_time_seconds: {'buffer_sample': 15.090426749935432, 'critic_update': 165.82930296579434, 'actor_update': 198.45905933223548, 'target_update': 17.07098806414433}
2026-09-13 05:19:19,851 [INFO]   idle_baseline_tail: 0.0015862686509093143
2026-09-13 05:19:19,851 [INFO]   _total_kg_co2eq: 0.024883649818627094
2026-09-13 05:19:19,851 [INFO] Training summary: 100 epochs, final cumulative_reward=-89347.11, final mean_episode_return=-1216.5939441285045, episodes completed=294

Run artifacts written to: results/mbpo/Ant-v5/seed_958/20260913_044324
[2026-09-13 05:19:20] [32/60] Finished OK: algo=mbpo env=Ant-v5 seed=958 width=256x256 -> results/mbpo/Ant-v5/seed_958/20260913_044324
[2026-09-13 05:19:20] [33/60] Starting: algo=mbpo env=Ant-v5 seed=14577 width=256x256
2026-09-13 05:19:21,163 [INFO] === Experiment run: algo=mbpo env=Ant-v5 seed=14577 ===
2026-09-13 05:19:21,163 [INFO] Run directory: results/mbpo/Ant-v5/seed_14577/20260913_051921
2026-09-13 05:19:21,221 [INFO] Using device: cuda
2026-09-13 05:19:21,304 [INFO] Waiting for thermal baseline before starting...
2026-09-13 05:19:31,314 [INFO] Thermal gate result: {'gated': True, 'reason': 'reached_reference', 'waited_seconds': 1.0728836059570312e-05, 'final_temp_c': 40.0, 'final_power_w': 23.938}
2026-09-13 05:19:31,314 [INFO] Settling for 30s (unmeasured)...
[codecarbon WARNING @ 05:20:01] Multiple instances of codecarbon are allowed to run at the same time.
2026-09-13 05:20:02,550 [INFO] Recording idle baseline for 90s...
2026-09-13 05:21:36,108 [INFO] Starting warmup: 5000 steps
2026-09-13 05:21:36,785 [INFO] Starting measured training: 100 epochs x 1000 steps = 100000 env steps
2026-09-13 05:22:55,383 [INFO] Epoch 10/100 done (real_buffer=15000, model_buffer=90000, rollout_len=1, cumulative_reward=-3266.94, mean_episode_return=4.841458106595793)
2026-09-13 05:25:03,927 [INFO] Epoch 20/100 done (real_buffer=25000, model_buffer=190000, rollout_len=1, cumulative_reward=-8243.44, mean_episode_return=-234.49648517662692)
2026-09-13 05:28:41,909 [INFO] Epoch 30/100 done (real_buffer=35000, model_buffer=250000, rollout_len=4, cumulative_reward=-13809.63, mean_episode_return=-721.8979805736949)
2026-09-13 05:33:03,792 [INFO] Epoch 40/100 done (real_buffer=45000, model_buffer=250000, rollout_len=7, cumulative_reward=-23527.71, mean_episode_return=-93.48685574256307)
2026-09-13 05:36:57,732 [INFO] Epoch 50/100 done (real_buffer=55000, model_buffer=250000, rollout_len=10, cumulative_reward=-36983.96, mean_episode_return=-1202.0908054996887)
2026-09-13 05:41:11,354 [INFO] Epoch 60/100 done (real_buffer=65000, model_buffer=250000, rollout_len=13, cumulative_reward=-49947.93, mean_episode_return=-134.05559476391124)
2026-09-13 05:44:49,688 [INFO] Epoch 70/100 done (real_buffer=75000, model_buffer=250000, rollout_len=16, cumulative_reward=-61624.87, mean_episode_return=-197.20325529994528)
2026-09-13 05:48:22,316 [INFO] Epoch 80/100 done (real_buffer=85000, model_buffer=250000, rollout_len=19, cumulative_reward=-69652.34, mean_episode_return=-437.46144339912934)
2026-09-13 05:51:37,403 [INFO] Epoch 90/100 done (real_buffer=95000, model_buffer=250000, rollout_len=22, cumulative_reward=-78009.76, mean_episode_return=-478.8170400490715)
2026-09-13 05:54:58,554 [INFO] Epoch 100/100 done (real_buffer=105000, model_buffer=250000, rollout_len=25, cumulative_reward=-84838.44, mean_episode_return=-632.63779282577)
2026-09-13 05:54:58,554 [INFO] Recording idle tail for 90s...
2026-09-13 05:56:28,619 [INFO] Run complete. Segment energy summary (kWh unless noted):
2026-09-13 05:56:28,619 [INFO]   idle_baseline_head: 0.0015649421240276995
2026-09-13 05:56:28,619 [INFO]   warmup: 1.9701420418236472e-05
2026-09-13 05:56:28,619 [INFO]   dynamics_model_update: 0.050476073309503405
2026-09-13 05:56:28,619 [INFO]   rollout: 0.0011108474026946963
2026-09-13 05:56:28,619 [INFO]   synthetic_rollout_generation: 0.00015540122347503763
2026-09-13 05:56:28,619 [INFO]   buffer_sample: 0.0004764316672310858
2026-09-13 05:56:28,619 [INFO]   critic_update: 0.00512934038585254
2026-09-13 05:56:28,619 [INFO]   actor_update: 0.00624259489115026
2026-09-13 05:56:28,619 [INFO]   target_update: 0.0005423464685141816
2026-09-13 05:56:28,619 [INFO]   _sub_segment_wall_time_seconds: {'buffer_sample': 15.097918745188508, 'critic_update': 162.54663509689271, 'actor_update': 197.825201195119, 'target_update': 17.186731018438877}
2026-09-13 05:56:28,619 [INFO]   idle_baseline_tail: 0.001611094340214253
2026-09-13 05:56:28,619 [INFO]   _total_kg_co2eq: 0.025648908613169274
2026-09-13 05:56:28,619 [INFO] Training summary: 100 epochs, final cumulative_reward=-84838.44, final mean_episode_return=-632.63779282577, episodes completed=326

Run artifacts written to: results/mbpo/Ant-v5/seed_14577/20260913_051921
[2026-09-13 05:56:29] [33/60] Finished OK: algo=mbpo env=Ant-v5 seed=14577 width=256x256 -> results/mbpo/Ant-v5/seed_14577/20260913_051921
[2026-09-13 05:56:29] [34/60] Starting: algo=mbpo env=Ant-v5 seed=43611 width=256x256
2026-09-13 05:56:29,920 [INFO] === Experiment run: algo=mbpo env=Ant-v5 seed=43611 ===
2026-09-13 05:56:29,920 [INFO] Run directory: results/mbpo/Ant-v5/seed_43611/20260913_055629
2026-09-13 05:56:30,032 [INFO] Using device: cuda
2026-09-13 05:56:30,121 [INFO] Waiting for thermal baseline before starting...
2026-09-13 05:56:45,133 [INFO] Thermal gate result: {'gated': True, 'reason': 'reached_reference', 'waited_seconds': 1.049041748046875e-05, 'final_temp_c': 40.0, 'final_power_w': 24.106}
2026-09-13 05:56:45,133 [INFO] Settling for 30s (unmeasured)...
[codecarbon WARNING @ 05:57:15] Multiple instances of codecarbon are allowed to run at the same time.
2026-09-13 05:57:16,367 [INFO] Recording idle baseline for 90s...
2026-09-13 05:58:49,943 [INFO] Starting warmup: 5000 steps
2026-09-13 05:58:50,608 [INFO] Starting measured training: 100 epochs x 1000 steps = 100000 env steps
2026-09-13 06:00:10,865 [INFO] Epoch 10/100 done (real_buffer=15000, model_buffer=90000, rollout_len=1, cumulative_reward=-4227.07, mean_episode_return=-255.1919679617815)
2026-09-13 06:02:03,787 [INFO] Epoch 20/100 done (real_buffer=25000, model_buffer=190000, rollout_len=1, cumulative_reward=-8206.96, mean_episode_return=-176.27637074171474)
2026-09-13 06:05:11,935 [INFO] Epoch 30/100 done (real_buffer=35000, model_buffer=250000, rollout_len=4, cumulative_reward=-12746.57, mean_episode_return=-142.36191326283003)
2026-09-13 06:08:52,718 [INFO] Epoch 40/100 done (real_buffer=45000, model_buffer=250000, rollout_len=7, cumulative_reward=-20928.21, mean_episode_return=-220.47647959822336)
2026-09-13 06:12:49,165 [INFO] Epoch 50/100 done (real_buffer=55000, model_buffer=250000, rollout_len=10, cumulative_reward=-30777.41, mean_episode_return=-265.39162189784514)
2026-09-13 06:17:04,972 [INFO] Epoch 60/100 done (real_buffer=65000, model_buffer=250000, rollout_len=13, cumulative_reward=-39452.36, mean_episode_return=-246.31633839575176)
2026-09-13 06:21:31,779 [INFO] Epoch 70/100 done (real_buffer=75000, model_buffer=250000, rollout_len=16, cumulative_reward=-49620.47, mean_episode_return=-1319.1955291336537)
2026-09-13 06:25:50,690 [INFO] Epoch 80/100 done (real_buffer=85000, model_buffer=250000, rollout_len=19, cumulative_reward=-58003.44, mean_episode_return=-680.0590262086018)
2026-09-13 06:30:36,699 [INFO] Epoch 90/100 done (real_buffer=95000, model_buffer=250000, rollout_len=22, cumulative_reward=-67837.33, mean_episode_return=-1009.6775443630564)
2026-09-13 06:34:34,539 [INFO] Epoch 100/100 done (real_buffer=105000, model_buffer=250000, rollout_len=25, cumulative_reward=-78065.70, mean_episode_return=-1128.4905631296788)
2026-09-13 06:34:34,539 [INFO] Recording idle tail for 90s...
2026-09-13 06:36:04,614 [INFO] Run complete. Segment energy summary (kWh unless noted):
2026-09-13 06:36:04,614 [INFO]   idle_baseline_head: 0.00157694188571686
2026-09-13 06:36:04,614 [INFO]   warmup: 2.098828783073125e-05
2026-09-13 06:36:04,614 [INFO]   dynamics_model_update: 0.05536939221135346
2026-09-13 06:36:04,614 [INFO]   rollout: 0.0011318590701161165
2026-09-13 06:36:04,614 [INFO]   synthetic_rollout_generation: 0.00015415449434468833
2026-09-13 06:36:04,614 [INFO]   buffer_sample: 0.00047415538007204895
2026-09-13 06:36:04,614 [INFO]   critic_update: 0.005183977724279225
2026-09-13 06:36:04,614 [INFO]   actor_update: 0.006260472609927922
2026-09-13 06:36:04,614 [INFO]   target_update: 0.0005357840233691741
2026-09-13 06:36:04,614 [INFO]   _sub_segment_wall_time_seconds: {'buffer_sample': 14.990166609160951, 'critic_update': 163.888659817203, 'actor_update': 197.92146502829564, 'target_update': 16.938522928096063}
2026-09-13 06:36:04,614 [INFO]   idle_baseline_tail: 0.0016146736302427994
2026-09-13 06:36:04,614 [INFO]   _total_kg_co2eq: 0.027551234310076982
2026-09-13 06:36:04,614 [INFO] Training summary: 100 epochs, final cumulative_reward=-78065.70, final mean_episode_return=-1128.4905631296788, episodes completed=336

Run artifacts written to: results/mbpo/Ant-v5/seed_43611/20260913_055629
[2026-09-13 06:36:05] [34/60] Finished OK: algo=mbpo env=Ant-v5 seed=43611 width=256x256 -> results/mbpo/Ant-v5/seed_43611/20260913_055629
[2026-09-13 06:36:05] [35/60] Starting: algo=mbpo env=Ant-v5 seed=85062 width=256x256
2026-09-13 06:36:05,910 [INFO] === Experiment run: algo=mbpo env=Ant-v5 seed=85062 ===
2026-09-13 06:36:05,910 [INFO] Run directory: results/mbpo/Ant-v5/seed_85062/20260913_063605
2026-09-13 06:36:05,968 [INFO] Using device: cuda
2026-09-13 06:36:06,053 [INFO] Waiting for thermal baseline before starting...
2026-09-13 06:36:16,062 [INFO] Thermal gate result: {'gated': True, 'reason': 'reached_reference', 'waited_seconds': 1.0013580322265625e-05, 'final_temp_c': 40.0, 'final_power_w': 23.293}
2026-09-13 06:36:16,063 [INFO] Settling for 30s (unmeasured)...
[codecarbon WARNING @ 06:36:46] Multiple instances of codecarbon are allowed to run at the same time.
2026-09-13 06:36:47,298 [INFO] Recording idle baseline for 90s...
2026-09-13 06:38:20,830 [INFO] Starting warmup: 5000 steps
2026-09-13 06:38:21,494 [INFO] Starting measured training: 100 epochs x 1000 steps = 100000 env steps
2026-09-13 06:39:43,886 [INFO] Epoch 10/100 done (real_buffer=15000, model_buffer=90000, rollout_len=1, cumulative_reward=-4009.25, mean_episode_return=-71.9810553865017)
2026-09-13 06:41:25,257 [INFO] Epoch 20/100 done (real_buffer=25000, model_buffer=190000, rollout_len=1, cumulative_reward=-8170.87, mean_episode_return=-151.41891390857387)
2026-09-13 06:43:30,820 [INFO] Epoch 30/100 done (real_buffer=35000, model_buffer=250000, rollout_len=4, cumulative_reward=-13283.11, mean_episode_return=-518.511729277337)
2026-09-13 06:47:20,974 [INFO] Epoch 40/100 done (real_buffer=45000, model_buffer=250000, rollout_len=7, cumulative_reward=-23357.49, mean_episode_return=-717.8661109845824)
2026-09-13 06:51:22,308 [INFO] Epoch 50/100 done (real_buffer=55000, model_buffer=250000, rollout_len=10, cumulative_reward=-36242.86, mean_episode_return=-1265.0855266058084)
2026-09-13 06:55:27,129 [INFO] Epoch 60/100 done (real_buffer=65000, model_buffer=250000, rollout_len=13, cumulative_reward=-48672.60, mean_episode_return=-932.7066018267143)
2026-09-13 06:59:58,723 [INFO] Epoch 70/100 done (real_buffer=75000, model_buffer=250000, rollout_len=16, cumulative_reward=-58446.65, mean_episode_return=-922.7899260428047)
2026-09-13 07:04:36,899 [INFO] Epoch 80/100 done (real_buffer=85000, model_buffer=250000, rollout_len=19, cumulative_reward=-69553.26, mean_episode_return=-1674.0283194549224)
2026-09-13 07:08:07,504 [INFO] Epoch 90/100 done (real_buffer=95000, model_buffer=250000, rollout_len=22, cumulative_reward=-77503.53, mean_episode_return=43.956978153501524)
2026-09-13 07:11:22,774 [INFO] Epoch 100/100 done (real_buffer=105000, model_buffer=250000, rollout_len=25, cumulative_reward=-82123.60, mean_episode_return=-885.2476468551315)
2026-09-13 07:11:22,774 [INFO] Recording idle tail for 90s...
2026-09-13 07:12:52,837 [INFO] Run complete. Segment energy summary (kWh unless noted):
2026-09-13 07:12:52,838 [INFO]   idle_baseline_head: 0.0015368087175752939
2026-09-13 07:12:52,838 [INFO]   warmup: 2.0961336909695568e-05
2026-09-13 07:12:52,838 [INFO]   dynamics_model_update: 0.04989931733848189
2026-09-13 07:12:52,838 [INFO]   rollout: 0.0011302015961272363
2026-09-13 07:12:52,838 [INFO]   synthetic_rollout_generation: 0.00014766586346148867
2026-09-13 07:12:52,838 [INFO]   buffer_sample: 0.00047959513584763195
2026-09-13 07:12:52,838 [INFO]   critic_update: 0.005211133687963373
2026-09-13 07:12:52,838 [INFO]   actor_update: 0.006263023303080055
2026-09-13 07:12:52,838 [INFO]   target_update: 0.0005396282802096839
2026-09-13 07:12:52,838 [INFO]   _sub_segment_wall_time_seconds: {'buffer_sample': 15.159865374211222, 'critic_update': 164.72244868980488, 'actor_update': 197.97237922864588, 'target_update': 17.05749593485234}
2026-09-13 07:12:52,838 [INFO]   idle_baseline_tail: 0.00161524819500386
2026-09-13 07:12:52,838 [INFO]   _total_kg_co2eq: 0.025464075854957812
2026-09-13 07:12:52,838 [INFO] Training summary: 100 epochs, final cumulative_reward=-82123.60, final mean_episode_return=-885.2476468551315, episodes completed=271

Run artifacts written to: results/mbpo/Ant-v5/seed_85062/20260913_063605
[2026-09-13 07:12:53] [35/60] Finished OK: algo=mbpo env=Ant-v5 seed=85062 width=256x256 -> results/mbpo/Ant-v5/seed_85062/20260913_063605
[2026-09-13 07:12:53] [36/60] Starting: algo=mbpo env=Ant-v5 seed=331 width=512x512
2026-09-13 07:12:54,152 [INFO] === Experiment run: algo=mbpo env=Ant-v5 seed=331 ===
2026-09-13 07:12:54,152 [INFO] Run directory: results/mbpo/Ant-v5/seed_331/20260913_071254
2026-09-13 07:12:54,288 [INFO] Using device: cuda
2026-09-13 07:12:54,384 [INFO] Waiting for thermal baseline before starting...
2026-09-13 07:13:09,396 [INFO] Thermal gate result: {'gated': True, 'reason': 'reached_reference', 'waited_seconds': 1.1205673217773438e-05, 'final_temp_c': 40.0, 'final_power_w': 24.206}
2026-09-13 07:13:09,396 [INFO] Settling for 30s (unmeasured)...
[codecarbon WARNING @ 07:13:39] Multiple instances of codecarbon are allowed to run at the same time.
2026-09-13 07:13:40,648 [INFO] Recording idle baseline for 90s...
2026-09-13 07:15:14,221 [INFO] Starting warmup: 5000 steps
2026-09-13 07:15:14,885 [INFO] Starting measured training: 100 epochs x 1000 steps = 100000 env steps
2026-09-13 07:16:40,764 [INFO] Epoch 10/100 done (real_buffer=15000, model_buffer=90000, rollout_len=1, cumulative_reward=-3477.51, mean_episode_return=-14.08691591319076)
2026-09-13 07:18:55,421 [INFO] Epoch 20/100 done (real_buffer=25000, model_buffer=190000, rollout_len=1, cumulative_reward=-8089.90, mean_episode_return=-72.6128898882019)
2026-09-13 07:21:35,697 [INFO] Epoch 30/100 done (real_buffer=35000, model_buffer=250000, rollout_len=4, cumulative_reward=-13117.97, mean_episode_return=-215.26122089268975)
2026-09-13 07:25:09,424 [INFO] Epoch 40/100 done (real_buffer=45000, model_buffer=250000, rollout_len=7, cumulative_reward=-22372.46, mean_episode_return=-2102.0636662633588)
2026-09-13 07:28:56,043 [INFO] Epoch 50/100 done (real_buffer=55000, model_buffer=250000, rollout_len=10, cumulative_reward=-31076.92, mean_episode_return=-1178.4782640857509)
2026-09-13 07:33:08,677 [INFO] Epoch 60/100 done (real_buffer=65000, model_buffer=250000, rollout_len=13, cumulative_reward=-38868.68, mean_episode_return=-382.15004706702365)
2026-09-13 07:37:16,383 [INFO] Epoch 70/100 done (real_buffer=75000, model_buffer=250000, rollout_len=16, cumulative_reward=-42434.79, mean_episode_return=-88.71552045622475)
2026-09-13 07:42:24,003 [INFO] Epoch 80/100 done (real_buffer=85000, model_buffer=250000, rollout_len=19, cumulative_reward=-44318.24, mean_episode_return=48.41550741514472)
2026-09-13 07:46:30,724 [INFO] Epoch 90/100 done (real_buffer=95000, model_buffer=250000, rollout_len=22, cumulative_reward=-47824.60, mean_episode_return=-434.1487762362397)
2026-09-13 07:50:33,564 [INFO] Epoch 100/100 done (real_buffer=105000, model_buffer=250000, rollout_len=25, cumulative_reward=-51023.28, mean_episode_return=116.33400392807584)
2026-09-13 07:50:33,564 [INFO] Recording idle tail for 90s...
2026-09-13 07:52:03,629 [INFO] Run complete. Segment energy summary (kWh unless noted):
2026-09-13 07:52:03,629 [INFO]   idle_baseline_head: 0.0015422756267227616
2026-09-13 07:52:03,629 [INFO]   warmup: 2.0791621776553026e-05
2026-09-13 07:52:03,629 [INFO]   dynamics_model_update: 0.05452998097025193
2026-09-13 07:52:03,629 [INFO]   rollout: 0.001144458177838402
2026-09-13 07:52:03,629 [INFO]   synthetic_rollout_generation: 0.00017806504438085385
2026-09-13 07:52:03,629 [INFO]   buffer_sample: 0.000500521685065618
2026-09-13 07:52:03,629 [INFO]   critic_update: 0.005458137606299797
2026-09-13 07:52:03,629 [INFO]   actor_update: 0.006613258384808015
2026-09-13 07:52:03,629 [INFO]   target_update: 0.0005736623889289012
2026-09-13 07:52:03,629 [INFO]   _sub_segment_wall_time_seconds: {'buffer_sample': 15.043270141301036, 'critic_update': 164.04531697602215, 'actor_update': 198.76268174844154, 'target_update': 17.2415272785438}
2026-09-13 07:52:03,629 [INFO]   idle_baseline_tail: 0.0015990899648554296
2026-09-13 07:52:03,629 [INFO]   _total_kg_co2eq: 0.02748945546799725
2026-09-13 07:52:03,629 [INFO] Training summary: 100 epochs, final cumulative_reward=-51023.28, final mean_episode_return=116.33400392807584, episodes completed=284

Run artifacts written to: results/mbpo/Ant-v5/seed_331/20260913_071254
[2026-09-13 07:52:04] [36/60] Finished OK: algo=mbpo env=Ant-v5 seed=331 width=512x512 -> results/mbpo/Ant-v5/seed_331/20260913_071254
[2026-09-13 07:52:04] [37/60] Starting: algo=mbpo env=Ant-v5 seed=958 width=512x512
2026-09-13 07:52:04,906 [INFO] === Experiment run: algo=mbpo env=Ant-v5 seed=958 ===
2026-09-13 07:52:04,906 [INFO] Run directory: results/mbpo/Ant-v5/seed_958/20260913_075204
2026-09-13 07:52:04,990 [INFO] Using device: cuda
2026-09-13 07:52:05,074 [INFO] Waiting for thermal baseline before starting...
2026-09-13 07:52:15,084 [INFO] Thermal gate result: {'gated': True, 'reason': 'reached_reference', 'waited_seconds': 1.049041748046875e-05, 'final_temp_c': 40.0, 'final_power_w': 23.935}
2026-09-13 07:52:15,084 [INFO] Settling for 30s (unmeasured)...
[codecarbon WARNING @ 07:52:45] Multiple instances of codecarbon are allowed to run at the same time.
2026-09-13 07:52:46,322 [INFO] Recording idle baseline for 90s...
2026-09-13 07:54:19,857 [INFO] Starting warmup: 5000 steps
2026-09-13 07:54:20,528 [INFO] Starting measured training: 100 epochs x 1000 steps = 100000 env steps
2026-09-13 07:55:55,967 [INFO] Epoch 10/100 done (real_buffer=15000, model_buffer=90000, rollout_len=1, cumulative_reward=-3845.43, mean_episode_return=-29.13561351921347)
2026-09-13 07:58:07,464 [INFO] Epoch 20/100 done (real_buffer=25000, model_buffer=190000, rollout_len=1, cumulative_reward=-8042.14, mean_episode_return=-109.78346375057114)
2026-09-13 08:01:15,066 [INFO] Epoch 30/100 done (real_buffer=35000, model_buffer=250000, rollout_len=4, cumulative_reward=-11229.23, mean_episode_return=-483.55021845162577)
2026-09-13 08:05:41,199 [INFO] Epoch 40/100 done (real_buffer=45000, model_buffer=250000, rollout_len=7, cumulative_reward=-20602.33, mean_episode_return=-453.0132906226059)
2026-09-13 08:10:18,673 [INFO] Epoch 50/100 done (real_buffer=55000, model_buffer=250000, rollout_len=10, cumulative_reward=-26562.08, mean_episode_return=-36.99922939601626)
2026-09-13 08:14:07,945 [INFO] Epoch 60/100 done (real_buffer=65000, model_buffer=250000, rollout_len=13, cumulative_reward=-29766.02, mean_episode_return=-155.90625878009968)
2026-09-13 08:18:26,709 [INFO] Epoch 70/100 done (real_buffer=75000, model_buffer=250000, rollout_len=16, cumulative_reward=-34286.78, mean_episode_return=-888.9689706754315)
2026-09-13 08:21:29,653 [INFO] Epoch 80/100 done (real_buffer=85000, model_buffer=250000, rollout_len=19, cumulative_reward=-39786.54, mean_episode_return=-272.80365743896294)
2026-09-13 08:24:55,847 [INFO] Epoch 90/100 done (real_buffer=95000, model_buffer=250000, rollout_len=22, cumulative_reward=-46738.43, mean_episode_return=-425.144313713843)
2026-09-13 08:28:04,702 [INFO] Epoch 100/100 done (real_buffer=105000, model_buffer=250000, rollout_len=25, cumulative_reward=-53191.51, mean_episode_return=-61.71953287025336)
2026-09-13 08:28:04,702 [INFO] Recording idle tail for 90s...
2026-09-13 08:29:34,765 [INFO] Run complete. Segment energy summary (kWh unless noted):
2026-09-13 08:29:34,765 [INFO]   idle_baseline_head: 0.0015737373867367804
2026-09-13 08:29:34,765 [INFO]   warmup: 1.94473287672347e-05
2026-09-13 08:29:34,765 [INFO]   dynamics_model_update: 0.050738568439391896
2026-09-13 08:29:34,765 [INFO]   rollout: 0.0011389336495280455
2026-09-13 08:29:34,765 [INFO]   synthetic_rollout_generation: 0.0001751067178398303
2026-09-13 08:29:34,765 [INFO]   buffer_sample: 0.0004968002933657021
2026-09-13 08:29:34,765 [INFO]   critic_update: 0.0053236375720461864
2026-09-13 08:29:34,765 [INFO]   actor_update: 0.006550172855264991
2026-09-13 08:29:34,765 [INFO]   target_update: 0.0005625665028369782
2026-09-13 08:29:34,765 [INFO]   _sub_segment_wall_time_seconds: {'buffer_sample': 15.038229463789321, 'critic_update': 161.1474156911354, 'actor_update': 198.27484754009492, 'target_update': 17.028983821626753}
2026-09-13 08:29:34,765 [INFO]   idle_baseline_tail: 0.0016172612913706724
2026-09-13 08:29:34,765 [INFO]   _total_kg_co2eq: 0.025979365843093474
2026-09-13 08:29:34,765 [INFO] Training summary: 100 epochs, final cumulative_reward=-53191.51, final mean_episode_return=-61.71953287025336, episodes completed=296

Run artifacts written to: results/mbpo/Ant-v5/seed_958/20260913_075204
[2026-09-13 08:29:35] [37/60] Finished OK: algo=mbpo env=Ant-v5 seed=958 width=512x512 -> results/mbpo/Ant-v5/seed_958/20260913_075204
[2026-09-13 08:29:35] [38/60] Starting: algo=mbpo env=Ant-v5 seed=14577 width=512x512
2026-09-13 08:29:36,053 [INFO] === Experiment run: algo=mbpo env=Ant-v5 seed=14577 ===
2026-09-13 08:29:36,053 [INFO] Run directory: results/mbpo/Ant-v5/seed_14577/20260913_082936
2026-09-13 08:29:36,162 [INFO] Using device: cuda
2026-09-13 08:29:36,253 [INFO] Waiting for thermal baseline before starting...
2026-09-13 08:29:46,264 [INFO] Thermal gate result: {'gated': True, 'reason': 'reached_reference', 'waited_seconds': 1.0251998901367188e-05, 'final_temp_c': 40.0, 'final_power_w': 23.197}
2026-09-13 08:29:46,264 [INFO] Settling for 30s (unmeasured)...
[codecarbon WARNING @ 08:30:16] Multiple instances of codecarbon are allowed to run at the same time.
2026-09-13 08:30:17,501 [INFO] Recording idle baseline for 90s...
2026-09-13 08:31:51,079 [INFO] Starting warmup: 5000 steps
2026-09-13 08:31:51,755 [INFO] Starting measured training: 100 epochs x 1000 steps = 100000 env steps
2026-09-13 08:33:27,765 [INFO] Epoch 10/100 done (real_buffer=15000, model_buffer=90000, rollout_len=1, cumulative_reward=-3528.63, mean_episode_return=-7.5692376137562585)
2026-09-13 08:34:56,160 [INFO] Epoch 20/100 done (real_buffer=25000, model_buffer=190000, rollout_len=1, cumulative_reward=-9178.78, mean_episode_return=-100.42509033024211)
2026-09-13 08:37:55,945 [INFO] Epoch 30/100 done (real_buffer=35000, model_buffer=250000, rollout_len=4, cumulative_reward=-14876.91, mean_episode_return=-53.54454548507956)
2026-09-13 08:41:30,644 [INFO] Epoch 40/100 done (real_buffer=45000, model_buffer=250000, rollout_len=7, cumulative_reward=-23361.63, mean_episode_return=-949.9638688588983)
2026-09-13 08:44:28,592 [INFO] Epoch 50/100 done (real_buffer=55000, model_buffer=250000, rollout_len=10, cumulative_reward=-39859.95, mean_episode_return=-2321.036527887084)
2026-09-13 08:48:26,013 [INFO] Epoch 60/100 done (real_buffer=65000, model_buffer=250000, rollout_len=13, cumulative_reward=-51902.57, mean_episode_return=-876.2286242101758)
2026-09-13 08:51:22,429 [INFO] Epoch 70/100 done (real_buffer=75000, model_buffer=250000, rollout_len=16, cumulative_reward=-57903.14, mean_episode_return=-205.01479473321274)
2026-09-13 08:54:05,569 [INFO] Epoch 80/100 done (real_buffer=85000, model_buffer=250000, rollout_len=19, cumulative_reward=-61934.64, mean_episode_return=-510.15927305897463)
2026-09-13 08:57:02,106 [INFO] Epoch 90/100 done (real_buffer=95000, model_buffer=250000, rollout_len=22, cumulative_reward=-68127.48, mean_episode_return=-550.6876606630797)
2026-09-13 09:00:07,046 [INFO] Epoch 100/100 done (real_buffer=105000, model_buffer=250000, rollout_len=25, cumulative_reward=-76971.41, mean_episode_return=-555.1657765143772)
2026-09-13 09:00:07,046 [INFO] Recording idle tail for 90s...
2026-09-13 09:01:37,111 [INFO] Run complete. Segment energy summary (kWh unless noted):
2026-09-13 09:01:37,111 [INFO]   idle_baseline_head: 0.001547418182185284
2026-09-13 09:01:37,111 [INFO]   warmup: 2.085503487951135e-05
2026-09-13 09:01:37,111 [INFO]   dynamics_model_update: 0.040991234529209004
2026-09-13 09:01:37,111 [INFO]   rollout: 0.0011560581509399025
2026-09-13 09:01:37,111 [INFO]   synthetic_rollout_generation: 0.00019012863931868406
2026-09-13 09:01:37,111 [INFO]   buffer_sample: 0.0005020328912123512
2026-09-13 09:01:37,111 [INFO]   critic_update: 0.005541998268183172
2026-09-13 09:01:37,111 [INFO]   actor_update: 0.006641872718310853
2026-09-13 09:01:37,111 [INFO]   target_update: 0.0005758924913181386
2026-09-13 09:01:37,111 [INFO]   _sub_segment_wall_time_seconds: {'buffer_sample': 15.083551497875305, 'critic_update': 166.50904301789706, 'actor_update': 199.55471233576827, 'target_update': 17.30265925218555}
2026-09-13 09:01:37,111 [INFO]   idle_baseline_tail: 0.0016232657614508941
2026-09-13 09:01:37,111 [INFO]   _total_kg_co2eq: 0.022396352027009618
2026-09-13 09:01:37,111 [INFO] Training summary: 100 epochs, final cumulative_reward=-76971.41, final mean_episode_return=-555.1657765143772, episodes completed=266

Run artifacts written to: results/mbpo/Ant-v5/seed_14577/20260913_082936
[2026-09-13 09:01:37] [38/60] Finished OK: algo=mbpo env=Ant-v5 seed=14577 width=512x512 -> results/mbpo/Ant-v5/seed_14577/20260913_082936
[2026-09-13 09:01:37] [39/60] Starting: algo=mbpo env=Ant-v5 seed=43611 width=512x512
2026-09-13 09:01:38,417 [INFO] === Experiment run: algo=mbpo env=Ant-v5 seed=43611 ===
2026-09-13 09:01:38,418 [INFO] Run directory: results/mbpo/Ant-v5/seed_43611/20260913_090138
2026-09-13 09:01:38,558 [INFO] Using device: cuda
2026-09-13 09:01:38,653 [INFO] Waiting for thermal baseline before starting...
2026-09-13 09:01:48,665 [INFO] Thermal gate result: {'gated': True, 'reason': 'reached_reference', 'waited_seconds': 9.775161743164062e-06, 'final_temp_c': 40.0, 'final_power_w': 23.886}
2026-09-13 09:01:48,665 [INFO] Settling for 30s (unmeasured)...
[codecarbon WARNING @ 09:02:18] Multiple instances of codecarbon are allowed to run at the same time.
2026-09-13 09:02:19,902 [INFO] Recording idle baseline for 90s...
2026-09-13 09:03:53,442 [INFO] Starting warmup: 5000 steps
2026-09-13 09:03:54,103 [INFO] Starting measured training: 100 epochs x 1000 steps = 100000 env steps
2026-09-13 09:05:14,486 [INFO] Epoch 10/100 done (real_buffer=15000, model_buffer=90000, rollout_len=1, cumulative_reward=-3282.58, mean_episode_return=-43.83166611525811)
2026-09-13 09:07:03,516 [INFO] Epoch 20/100 done (real_buffer=25000, model_buffer=190000, rollout_len=1, cumulative_reward=-7475.01, mean_episode_return=-142.84566937158021)
2026-09-13 09:10:07,497 [INFO] Epoch 30/100 done (real_buffer=35000, model_buffer=250000, rollout_len=4, cumulative_reward=-10761.76, mean_episode_return=-195.46440922164626)
2026-09-13 09:14:01,810 [INFO] Epoch 40/100 done (real_buffer=45000, model_buffer=250000, rollout_len=7, cumulative_reward=-18844.86, mean_episode_return=-612.5304350382976)
2026-09-13 09:18:14,325 [INFO] Epoch 50/100 done (real_buffer=55000, model_buffer=250000, rollout_len=10, cumulative_reward=-25090.26, mean_episode_return=-561.0504415614738)
2026-09-13 09:22:49,920 [INFO] Epoch 60/100 done (real_buffer=65000, model_buffer=250000, rollout_len=13, cumulative_reward=-28261.54, mean_episode_return=-400.6209742476768)
2026-09-13 09:27:18,417 [INFO] Epoch 70/100 done (real_buffer=75000, model_buffer=250000, rollout_len=16, cumulative_reward=-28834.82, mean_episode_return=9.595413872523556)
2026-09-13 09:30:52,755 [INFO] Epoch 80/100 done (real_buffer=85000, model_buffer=250000, rollout_len=19, cumulative_reward=-31247.98, mean_episode_return=-5.3264384445540305)
2026-09-13 09:33:51,184 [INFO] Epoch 90/100 done (real_buffer=95000, model_buffer=250000, rollout_len=22, cumulative_reward=-36539.95, mean_episode_return=-325.584108149459)
2026-09-13 09:37:01,832 [INFO] Epoch 100/100 done (real_buffer=105000, model_buffer=250000, rollout_len=25, cumulative_reward=-41453.39, mean_episode_return=-870.6921887888229)
2026-09-13 09:37:01,832 [INFO] Recording idle tail for 90s...
2026-09-13 09:38:31,897 [INFO] Run complete. Segment energy summary (kWh unless noted):
2026-09-13 09:38:31,897 [INFO]   idle_baseline_head: 0.0015393445060664613
2026-09-13 09:38:31,897 [INFO]   warmup: 1.9194574469006158e-05
2026-09-13 09:38:31,897 [INFO]   dynamics_model_update: 0.050553903887214965
2026-09-13 09:38:31,897 [INFO]   rollout: 0.001133034920175351
2026-09-13 09:38:31,897 [INFO]   synthetic_rollout_generation: 0.0001692423190360337
2026-09-13 09:38:31,897 [INFO]   buffer_sample: 0.0004967699888357157
2026-09-13 09:38:31,897 [INFO]   critic_update: 0.005541604429814203
2026-09-13 09:38:31,897 [INFO]   actor_update: 0.006634382865708588
2026-09-13 09:38:31,897 [INFO]   target_update: 0.0005718151200315938
2026-09-13 09:38:31,897 [INFO]   _sub_segment_wall_time_seconds: {'buffer_sample': 14.982293397828471, 'critic_update': 167.1315605372438, 'actor_update': 200.089121407138, 'target_update': 17.245610826263146}
2026-09-13 09:38:31,897 [INFO]   idle_baseline_tail: 0.00161061810010453
2026-09-13 09:38:31,897 [INFO]   _total_kg_co2eq: 0.026007435285082727
2026-09-13 09:38:31,897 [INFO] Training summary: 100 epochs, final cumulative_reward=-41453.39, final mean_episode_return=-870.6921887888229, episodes completed=290

Run artifacts written to: results/mbpo/Ant-v5/seed_43611/20260913_090138
[2026-09-13 09:38:32] [39/60] Finished OK: algo=mbpo env=Ant-v5 seed=43611 width=512x512 -> results/mbpo/Ant-v5/seed_43611/20260913_090138
[2026-09-13 09:38:32] [40/60] Starting: algo=mbpo env=Ant-v5 seed=85062 width=512x512
2026-09-13 09:38:33,195 [INFO] === Experiment run: algo=mbpo env=Ant-v5 seed=85062 ===
2026-09-13 09:38:33,195 [INFO] Run directory: results/mbpo/Ant-v5/seed_85062/20260913_093833
2026-09-13 09:38:33,279 [INFO] Using device: cuda
2026-09-13 09:38:33,363 [INFO] Waiting for thermal baseline before starting...
2026-09-13 09:38:43,373 [INFO] Thermal gate result: {'gated': True, 'reason': 'reached_reference', 'waited_seconds': 1.049041748046875e-05, 'final_temp_c': 40.0, 'final_power_w': 23.718}
2026-09-13 09:38:43,373 [INFO] Settling for 30s (unmeasured)...
[codecarbon WARNING @ 09:39:13] Multiple instances of codecarbon are allowed to run at the same time.
2026-09-13 09:39:14,607 [INFO] Recording idle baseline for 90s...
2026-09-13 09:40:48,183 [INFO] Starting warmup: 5000 steps
2026-09-13 09:40:48,845 [INFO] Starting measured training: 100 epochs x 1000 steps = 100000 env steps
2026-09-13 09:42:19,997 [INFO] Epoch 10/100 done (real_buffer=15000, model_buffer=90000, rollout_len=1, cumulative_reward=-3661.19, mean_episode_return=9.78345824837372)
2026-09-13 09:44:21,061 [INFO] Epoch 20/100 done (real_buffer=25000, model_buffer=190000, rollout_len=1, cumulative_reward=-8438.42, mean_episode_return=-37.01665498841705)
2026-09-13 09:47:56,135 [INFO] Epoch 30/100 done (real_buffer=35000, model_buffer=250000, rollout_len=4, cumulative_reward=-13226.48, mean_episode_return=-93.72236988216656)
2026-09-13 09:52:18,188 [INFO] Epoch 40/100 done (real_buffer=45000, model_buffer=250000, rollout_len=7, cumulative_reward=-26504.90, mean_episode_return=-668.8392533503527)
2026-09-13 09:56:32,159 [INFO] Epoch 50/100 done (real_buffer=55000, model_buffer=250000, rollout_len=10, cumulative_reward=-30506.50, mean_episode_return=-152.9196666478776)
2026-09-13 10:00:38,547 [INFO] Epoch 60/100 done (real_buffer=65000, model_buffer=250000, rollout_len=13, cumulative_reward=-40545.76, mean_episode_return=-698.7587765439418)
2026-09-13 10:05:46,700 [INFO] Epoch 70/100 done (real_buffer=75000, model_buffer=250000, rollout_len=16, cumulative_reward=-45294.64, mean_episode_return=253.67230962050323)
2026-09-13 10:09:28,407 [INFO] Epoch 80/100 done (real_buffer=85000, model_buffer=250000, rollout_len=19, cumulative_reward=-46613.26, mean_episode_return=-116.16165129394747)
2026-09-13 10:12:36,617 [INFO] Epoch 90/100 done (real_buffer=95000, model_buffer=250000, rollout_len=22, cumulative_reward=-49769.98, mean_episode_return=-563.0829022582304)
2026-09-13 10:15:31,337 [INFO] Epoch 100/100 done (real_buffer=105000, model_buffer=250000, rollout_len=25, cumulative_reward=-52270.22, mean_episode_return=-185.6577184835442)
2026-09-13 10:15:31,337 [INFO] Recording idle tail for 90s...
2026-09-13 10:17:01,401 [INFO] Run complete. Segment energy summary (kWh unless noted):
2026-09-13 10:17:01,401 [INFO]   idle_baseline_head: 0.0015531601759171446
2026-09-13 10:17:01,401 [INFO]   warmup: 2.0683961411396097e-05
2026-09-13 10:17:01,401 [INFO]   dynamics_model_update: 0.05259862664023507
2026-09-13 10:17:01,401 [INFO]   rollout: 0.0011339302074613229
2026-09-13 10:17:01,401 [INFO]   synthetic_rollout_generation: 0.0001792759648069325
2026-09-13 10:17:01,401 [INFO]   buffer_sample: 0.0004993034893659652
2026-09-13 10:17:01,401 [INFO]   critic_update: 0.005411426262032724
2026-09-13 10:17:01,401 [INFO]   actor_update: 0.0066393928922595475
2026-09-13 10:17:01,401 [INFO]   target_update: 0.0005735725799972717
2026-09-13 10:17:01,401 [INFO]   _sub_segment_wall_time_seconds: {'buffer_sample': 15.005138383916346, 'critic_update': 162.6249398322252, 'actor_update': 199.52796496586234, 'target_update': 17.2370834960675}
2026-09-13 10:17:01,402 [INFO]   idle_baseline_tail: 0.0016152078412664528
2026-09-13 10:17:01,402 [INFO]   _total_kg_co2eq: 0.026752067456490426
2026-09-13 10:17:01,402 [INFO] Training summary: 100 epochs, final cumulative_reward=-52270.22, final mean_episode_return=-185.6577184835442, episodes completed=266

Run artifacts written to: results/mbpo/Ant-v5/seed_85062/20260913_093833
[2026-09-13 10:17:02] [40/60] Finished OK: algo=mbpo env=Ant-v5 seed=85062 width=512x512 -> results/mbpo/Ant-v5/seed_85062/20260913_093833
[2026-09-13 10:17:02] [41/60] Starting: algo=td3 env=HalfCheetah-v5 seed=331 width=256x256
2026-09-13 10:17:02,691 [INFO] === Experiment run: algo=td3 env=HalfCheetah-v5 seed=331 ===
2026-09-13 10:17:02,691 [INFO] Run directory: results/td3/HalfCheetah-v5/seed_331/20260913_101702
2026-09-13 10:17:02,790 [INFO] Using device: cuda
2026-09-13 10:17:02,880 [INFO] Waiting for thermal baseline before starting...
2026-09-13 10:17:12,891 [INFO] Thermal gate result: {'gated': True, 'reason': 'reached_reference', 'waited_seconds': 1.0728836059570312e-05, 'final_temp_c': 40.0, 'final_power_w': 23.729}
2026-09-13 10:17:12,891 [INFO] Settling for 30s (unmeasured)...
[codecarbon WARNING @ 10:17:42] Multiple instances of codecarbon are allowed to run at the same time.
2026-09-13 10:17:44,128 [INFO] Recording idle baseline for 90s...
2026-09-13 10:19:17,697 [INFO] Starting warmup: 10000 steps
2026-09-13 10:19:18,000 [INFO] Starting measured training: 100 epochs x 1000 steps = 100000 env steps
2026-09-13 10:19:40,855 [INFO] Epoch 10/100 done (buffer size=20000, cumulative_reward=-3292.44, mean_episode_return=-506.6877958474188)
2026-09-13 10:20:00,630 [INFO] Epoch 20/100 done (buffer size=30000, cumulative_reward=1533.92, mean_episode_return=1768.0803364998892)
2026-09-13 10:20:20,316 [INFO] Epoch 30/100 done (buffer size=40000, cumulative_reward=18497.95, mean_episode_return=2760.6648613813763)
2026-09-13 10:20:40,024 [INFO] Epoch 40/100 done (buffer size=50000, cumulative_reward=53765.50, mean_episode_return=4062.491831447285)
2026-09-13 10:20:59,707 [INFO] Epoch 50/100 done (buffer size=60000, cumulative_reward=87841.52, mean_episode_return=3977.359148294058)
2026-09-13 10:21:19,338 [INFO] Epoch 60/100 done (buffer size=70000, cumulative_reward=128711.26, mean_episode_return=4540.430852697369)
2026-09-13 10:21:38,964 [INFO] Epoch 70/100 done (buffer size=80000, cumulative_reward=174011.98, mean_episode_return=4906.600086522208)
2026-09-13 10:21:58,583 [INFO] Epoch 80/100 done (buffer size=90000, cumulative_reward=224899.15, mean_episode_return=5071.03118995832)
2026-09-13 10:22:18,418 [INFO] Epoch 90/100 done (buffer size=100000, cumulative_reward=274297.00, mean_episode_return=5515.79273910953)
2026-09-13 10:22:38,501 [INFO] Epoch 100/100 done (buffer size=110000, cumulative_reward=331919.52, mean_episode_return=5543.613354990354)
2026-09-13 10:22:38,501 [INFO] Recording idle tail for 90s...
2026-09-13 10:24:08,561 [INFO] Run complete. Segment energy summary (kWh unless noted):
2026-09-13 10:24:08,561 [INFO]   idle_baseline_head: 0.001571299148736588
2026-09-13 10:24:08,561 [INFO]   warmup: 9.14101873323984e-06
2026-09-13 10:24:08,561 [INFO]   rollout: 0.0003444762897757041
2026-09-13 10:24:08,561 [INFO]   buffer_sample: 0.0002823781479888604
2026-09-13 10:24:08,561 [INFO]   critic_update: 0.0040725626719881015
2026-09-13 10:24:08,561 [INFO]   actor_update: 0.001131789516636147
2026-09-13 10:24:08,562 [INFO]   target_update: 0.00038014128289072925
2026-09-13 10:24:08,562 [INFO]   _sub_segment_wall_time_seconds: {'buffer_sample': 8.698235583651694, 'critic_update': 125.44918862324994, 'actor_update': 34.863079586444655, 'target_update': 11.709682414184499}
2026-09-13 10:24:08,562 [INFO]   idle_baseline_tail: 0.0017530781664178959
2026-09-13 10:24:08,562 [INFO]   _total_kg_co2eq: 0.003636130180895558
2026-09-13 10:24:08,562 [INFO] Training summary: 100 epochs, final cumulative_reward=331919.52, final mean_episode_return=5543.613354990354, episodes completed=110

Run artifacts written to: results/td3/HalfCheetah-v5/seed_331/20260913_101702
[2026-09-13 10:24:09] [41/60] Finished OK: algo=td3 env=HalfCheetah-v5 seed=331 width=256x256 -> results/td3/HalfCheetah-v5/seed_331/20260913_101702
[2026-09-13 10:24:09] [42/60] Starting: algo=td3 env=HalfCheetah-v5 seed=958 width=256x256
2026-09-13 10:24:09,724 [INFO] === Experiment run: algo=td3 env=HalfCheetah-v5 seed=958 ===
2026-09-13 10:24:09,724 [INFO] Run directory: results/td3/HalfCheetah-v5/seed_958/20260913_102409
2026-09-13 10:24:09,857 [INFO] Using device: cuda
2026-09-13 10:24:09,951 [INFO] Waiting for thermal baseline before starting...
2026-09-13 10:24:19,962 [INFO] Thermal gate result: {'gated': True, 'reason': 'reached_reference', 'waited_seconds': 1.0251998901367188e-05, 'final_temp_c': 48.0, 'final_power_w': 30.737}
2026-09-13 10:24:19,962 [INFO] Settling for 30s (unmeasured)...
[codecarbon WARNING @ 10:24:49] Multiple instances of codecarbon are allowed to run at the same time.
2026-09-13 10:24:51,197 [INFO] Recording idle baseline for 90s...
2026-09-13 10:26:24,757 [INFO] Starting warmup: 10000 steps
2026-09-13 10:26:25,064 [INFO] Starting measured training: 100 epochs x 1000 steps = 100000 env steps
2026-09-13 10:26:47,683 [INFO] Epoch 10/100 done (buffer size=20000, cumulative_reward=-2750.34, mean_episode_return=-563.9417236594921)
2026-09-13 10:27:07,358 [INFO] Epoch 20/100 done (buffer size=30000, cumulative_reward=10608.67, mean_episode_return=2306.6207868007746)
2026-09-13 10:27:26,972 [INFO] Epoch 30/100 done (buffer size=40000, cumulative_reward=35862.48, mean_episode_return=3041.0587359078604)
2026-09-13 10:27:46,401 [INFO] Epoch 40/100 done (buffer size=50000, cumulative_reward=70289.58, mean_episode_return=3607.72843234442)
2026-09-13 10:28:05,936 [INFO] Epoch 50/100 done (buffer size=60000, cumulative_reward=106880.08, mean_episode_return=3879.962263792084)
2026-09-13 10:28:25,549 [INFO] Epoch 60/100 done (buffer size=70000, cumulative_reward=142744.31, mean_episode_return=4233.499365284155)
2026-09-13 10:28:45,240 [INFO] Epoch 70/100 done (buffer size=80000, cumulative_reward=184592.55, mean_episode_return=4212.656901966328)
2026-09-13 10:29:04,763 [INFO] Epoch 80/100 done (buffer size=90000, cumulative_reward=226034.23, mean_episode_return=4388.767008145728)
2026-09-13 10:29:24,539 [INFO] Epoch 90/100 done (buffer size=100000, cumulative_reward=270193.40, mean_episode_return=4589.012555847721)
2026-09-13 10:29:44,248 [INFO] Epoch 100/100 done (buffer size=110000, cumulative_reward=315975.16, mean_episode_return=4674.491316643205)
2026-09-13 10:29:44,249 [INFO] Recording idle tail for 90s...
2026-09-13 10:31:14,307 [INFO] Run complete. Segment energy summary (kWh unless noted):
2026-09-13 10:31:14,308 [INFO]   idle_baseline_head: 0.0017056025383292573
2026-09-13 10:31:14,308 [INFO]   warmup: 9.742180122115657e-06
2026-09-13 10:31:14,308 [INFO]   rollout: 0.00034202319684902417
2026-09-13 10:31:14,308 [INFO]   buffer_sample: 0.00029051970386160213
2026-09-13 10:31:14,308 [INFO]   critic_update: 0.004160737347247415
2026-09-13 10:31:14,308 [INFO]   actor_update: 0.0011545171222394483
2026-09-13 10:31:14,308 [INFO]   target_update: 0.00039234967446926126
2026-09-13 10:31:14,308 [INFO]   _sub_segment_wall_time_seconds: {'buffer_sample': 8.69637959665124, 'critic_update': 124.54697871668031, 'actor_update': 34.55916763088317, 'target_update': 11.744544891291298}
2026-09-13 10:31:14,308 [INFO]   idle_baseline_tail: 0.0019082182304522213
2026-09-13 10:31:14,308 [INFO]   _total_kg_co2eq: 0.003795695473102633
2026-09-13 10:31:14,308 [INFO] Training summary: 100 epochs, final cumulative_reward=315975.16, final mean_episode_return=4674.491316643205, episodes completed=110

Run artifacts written to: results/td3/HalfCheetah-v5/seed_958/20260913_102409
[2026-09-13 10:31:14] [42/60] Finished OK: algo=td3 env=HalfCheetah-v5 seed=958 width=256x256 -> results/td3/HalfCheetah-v5/seed_958/20260913_102409
[2026-09-13 10:31:14] [43/60] Starting: algo=td3 env=HalfCheetah-v5 seed=14577 width=256x256
2026-09-13 10:31:15,464 [INFO] === Experiment run: algo=td3 env=HalfCheetah-v5 seed=14577 ===
2026-09-13 10:31:15,464 [INFO] Run directory: results/td3/HalfCheetah-v5/seed_14577/20260913_103115
2026-09-13 10:31:15,586 [INFO] Using device: cuda
2026-09-13 10:31:15,676 [INFO] Waiting for thermal baseline before starting...
2026-09-13 10:31:25,687 [INFO] Thermal gate result: {'gated': True, 'reason': 'reached_reference', 'waited_seconds': 9.775161743164062e-06, 'final_temp_c': 52.0, 'final_power_w': 35.469}
2026-09-13 10:31:25,687 [INFO] Settling for 30s (unmeasured)...
[codecarbon WARNING @ 10:31:55] Multiple instances of codecarbon are allowed to run at the same time.
2026-09-13 10:31:56,924 [INFO] Recording idle baseline for 90s...
2026-09-13 10:33:30,476 [INFO] Starting warmup: 10000 steps
2026-09-13 10:33:30,780 [INFO] Starting measured training: 100 epochs x 1000 steps = 100000 env steps
2026-09-13 10:33:53,726 [INFO] Epoch 10/100 done (buffer size=20000, cumulative_reward=-4222.63, mean_episode_return=-338.08776773300946)
2026-09-13 10:34:16,517 [INFO] Epoch 20/100 done (buffer size=30000, cumulative_reward=1178.11, mean_episode_return=608.4162330409503)
2026-09-13 10:34:39,388 [INFO] Epoch 30/100 done (buffer size=40000, cumulative_reward=17824.72, mean_episode_return=2088.44874854371)
2026-09-13 10:34:59,111 [INFO] Epoch 40/100 done (buffer size=50000, cumulative_reward=42095.65, mean_episode_return=2883.453232616061)
2026-09-13 10:35:18,759 [INFO] Epoch 50/100 done (buffer size=60000, cumulative_reward=74540.47, mean_episode_return=3464.1292688758335)
2026-09-13 10:35:38,421 [INFO] Epoch 60/100 done (buffer size=70000, cumulative_reward=110620.67, mean_episode_return=3742.301082135515)
2026-09-13 10:35:58,062 [INFO] Epoch 70/100 done (buffer size=80000, cumulative_reward=150331.54, mean_episode_return=4213.988412004494)
2026-09-13 10:36:17,796 [INFO] Epoch 80/100 done (buffer size=90000, cumulative_reward=192328.68, mean_episode_return=4464.973924325617)
2026-09-13 10:36:37,346 [INFO] Epoch 90/100 done (buffer size=100000, cumulative_reward=237877.96, mean_episode_return=4746.590232600978)
2026-09-13 10:36:57,068 [INFO] Epoch 100/100 done (buffer size=110000, cumulative_reward=285382.85, mean_episode_return=4748.558811111176)
2026-09-13 10:36:57,068 [INFO] Recording idle tail for 90s...
2026-09-13 10:38:27,137 [INFO] Run complete. Segment energy summary (kWh unless noted):
2026-09-13 10:38:27,137 [INFO]   idle_baseline_head: 0.0018129101075704918
2026-09-13 10:38:27,137 [INFO]   warmup: 1.0066035970181892e-05
2026-09-13 10:38:27,137 [INFO]   rollout: 0.0003515517379091826
2026-09-13 10:38:27,137 [INFO]   buffer_sample: 0.0002948412416574917
2026-09-13 10:38:27,137 [INFO]   critic_update: 0.004398214600201991
2026-09-13 10:38:27,137 [INFO]   actor_update: 0.0012108881003095996
2026-09-13 10:38:27,137 [INFO]   target_update: 0.00039186622276198685
2026-09-13 10:38:27,137 [INFO]   _sub_segment_wall_time_seconds: {'buffer_sample': 8.737243814088288, 'critic_update': 130.33547509370692, 'actor_update': 35.88312308178865, 'target_update': 11.612455270944338}
2026-09-13 10:38:27,137 [INFO]   idle_baseline_tail: 0.001967750940189297
2026-09-13 10:38:27,137 [INFO]   _total_kg_co2eq: 0.003976402492396218
2026-09-13 10:38:27,137 [INFO] Training summary: 100 epochs, final cumulative_reward=285382.85, final mean_episode_return=4748.558811111176, episodes completed=110

Run artifacts written to: results/td3/HalfCheetah-v5/seed_14577/20260913_103115
[2026-09-13 10:38:27] [43/60] Finished OK: algo=td3 env=HalfCheetah-v5 seed=14577 width=256x256 -> results/td3/HalfCheetah-v5/seed_14577/20260913_103115
[2026-09-13 10:38:27] [44/60] Starting: algo=td3 env=HalfCheetah-v5 seed=43611 width=256x256
2026-09-13 10:38:28,328 [INFO] === Experiment run: algo=td3 env=HalfCheetah-v5 seed=43611 ===
2026-09-13 10:38:28,328 [INFO] Run directory: results/td3/HalfCheetah-v5/seed_43611/20260913_103828
2026-09-13 10:38:28,463 [INFO] Using device: cuda
2026-09-13 10:38:28,556 [INFO] Waiting for thermal baseline before starting...
2026-09-13 10:38:38,568 [INFO] Thermal gate result: {'gated': True, 'reason': 'reached_reference', 'waited_seconds': 1.1682510375976562e-05, 'final_temp_c': 55.0, 'final_power_w': 38.121}
2026-09-13 10:38:38,568 [INFO] Settling for 30s (unmeasured)...
[codecarbon WARNING @ 10:39:08] Multiple instances of codecarbon are allowed to run at the same time.
2026-09-13 10:39:09,816 [INFO] Recording idle baseline for 90s...
2026-09-13 10:40:43,377 [INFO] Starting warmup: 10000 steps
2026-09-13 10:40:43,680 [INFO] Starting measured training: 100 epochs x 1000 steps = 100000 env steps
2026-09-13 10:41:03,607 [INFO] Epoch 10/100 done (buffer size=20000, cumulative_reward=-2055.76, mean_episode_return=716.2563465381202)
2026-09-13 10:41:25,701 [INFO] Epoch 20/100 done (buffer size=30000, cumulative_reward=17274.53, mean_episode_return=2742.937617155824)
2026-09-13 10:41:45,387 [INFO] Epoch 30/100 done (buffer size=40000, cumulative_reward=52586.49, mean_episode_return=3629.9523825439346)
2026-09-13 10:42:04,844 [INFO] Epoch 40/100 done (buffer size=50000, cumulative_reward=90107.85, mean_episode_return=4606.26699086279)
2026-09-13 10:42:26,395 [INFO] Epoch 50/100 done (buffer size=60000, cumulative_reward=134609.11, mean_episode_return=4463.1783236082965)
2026-09-13 10:42:46,144 [INFO] Epoch 60/100 done (buffer size=70000, cumulative_reward=181955.13, mean_episode_return=4832.035226146412)
2026-09-13 10:43:05,658 [INFO] Epoch 70/100 done (buffer size=80000, cumulative_reward=229985.38, mean_episode_return=5044.602538064897)
2026-09-13 10:43:25,247 [INFO] Epoch 80/100 done (buffer size=90000, cumulative_reward=280505.87, mean_episode_return=4954.627392673143)
2026-09-13 10:43:44,782 [INFO] Epoch 90/100 done (buffer size=100000, cumulative_reward=331093.10, mean_episode_return=5084.812394602971)
2026-09-13 10:44:04,282 [INFO] Epoch 100/100 done (buffer size=110000, cumulative_reward=382162.54, mean_episode_return=5406.0038546449105)
2026-09-13 10:44:04,282 [INFO] Recording idle tail for 90s...
2026-09-13 10:45:34,343 [INFO] Run complete. Segment energy summary (kWh unless noted):
2026-09-13 10:45:34,343 [INFO]   idle_baseline_head: 0.0019051296000316016
2026-09-13 10:45:34,343 [INFO]   warmup: 1.0112182660380149e-05
2026-09-13 10:45:34,343 [INFO]   rollout: 0.00034861802918009603
2026-09-13 10:45:34,343 [INFO]   buffer_sample: 0.0002942530137448329
2026-09-13 10:45:34,343 [INFO]   critic_update: 0.004269503085701156
2026-09-13 10:45:34,343 [INFO]   actor_update: 0.0011846803164672045
2026-09-13 10:45:34,343 [INFO]   target_update: 0.0003954509766822429
2026-09-13 10:45:34,343 [INFO]   _sub_segment_wall_time_seconds: {'buffer_sample': 8.657912017064518, 'critic_update': 125.62312141564325, 'actor_update': 34.85727407779632, 'target_update': 11.635495995789825}
2026-09-13 10:45:34,343 [INFO]   idle_baseline_tail: 0.001746184085135766
2026-09-13 10:45:34,343 [INFO]   _total_kg_co2eq: 0.003868149773591454
2026-09-13 10:45:34,343 [INFO] Training summary: 100 epochs, final cumulative_reward=382162.54, final mean_episode_return=5406.0038546449105, episodes completed=110

Run artifacts written to: results/td3/HalfCheetah-v5/seed_43611/20260913_103828
[2026-09-13 10:45:34] [44/60] Finished OK: algo=td3 env=HalfCheetah-v5 seed=43611 width=256x256 -> results/td3/HalfCheetah-v5/seed_43611/20260913_103828
[2026-09-13 10:45:34] [45/60] Starting: algo=td3 env=HalfCheetah-v5 seed=85062 width=256x256
2026-09-13 10:45:35,506 [INFO] === Experiment run: algo=td3 env=HalfCheetah-v5 seed=85062 ===
2026-09-13 10:45:35,506 [INFO] Run directory: results/td3/HalfCheetah-v5/seed_85062/20260913_104535
2026-09-13 10:45:35,639 [INFO] Using device: cuda
2026-09-13 10:45:35,733 [INFO] Waiting for thermal baseline before starting...
2026-09-13 10:45:45,748 [INFO] Thermal gate result: {'gated': True, 'reason': 'reached_reference', 'waited_seconds': 1.6450881958007812e-05, 'final_temp_c': 43.0, 'final_power_w': 29.328}
2026-09-13 10:45:45,748 [INFO] Settling for 30s (unmeasured)...
[codecarbon WARNING @ 10:46:15] Multiple instances of codecarbon are allowed to run at the same time.
2026-09-13 10:46:16,984 [INFO] Recording idle baseline for 90s...
2026-09-13 10:47:50,547 [INFO] Starting warmup: 10000 steps
2026-09-13 10:47:50,850 [INFO] Starting measured training: 100 epochs x 1000 steps = 100000 env steps
2026-09-13 10:48:12,137 [INFO] Epoch 10/100 done (buffer size=20000, cumulative_reward=-2644.65, mean_episode_return=714.0955308933493)
2026-09-13 10:48:34,805 [INFO] Epoch 20/100 done (buffer size=30000, cumulative_reward=16157.97, mean_episode_return=2366.6672480776247)
2026-09-13 10:48:54,590 [INFO] Epoch 30/100 done (buffer size=40000, cumulative_reward=40354.52, mean_episode_return=3022.839096678683)
2026-09-13 10:49:14,327 [INFO] Epoch 40/100 done (buffer size=50000, cumulative_reward=72470.84, mean_episode_return=3726.9780303141165)
2026-09-13 10:49:33,957 [INFO] Epoch 50/100 done (buffer size=60000, cumulative_reward=112339.74, mean_episode_return=4175.190542637663)
2026-09-13 10:49:53,532 [INFO] Epoch 60/100 done (buffer size=70000, cumulative_reward=149222.83, mean_episode_return=4734.009746975373)
2026-09-13 10:50:13,093 [INFO] Epoch 70/100 done (buffer size=80000, cumulative_reward=196346.56, mean_episode_return=4979.468075987852)
2026-09-13 10:50:32,716 [INFO] Epoch 80/100 done (buffer size=90000, cumulative_reward=242170.49, mean_episode_return=5367.238522893634)
2026-09-13 10:50:52,393 [INFO] Epoch 90/100 done (buffer size=100000, cumulative_reward=290113.19, mean_episode_return=5391.905660965047)
2026-09-13 10:51:12,004 [INFO] Epoch 100/100 done (buffer size=110000, cumulative_reward=344870.73, mean_episode_return=5793.589922717143)
2026-09-13 10:51:12,004 [INFO] Recording idle tail for 90s...
2026-09-13 10:52:42,063 [INFO] Run complete. Segment energy summary (kWh unless noted):
2026-09-13 10:52:42,063 [INFO]   idle_baseline_head: 0.0016069045613745568
2026-09-13 10:52:42,064 [INFO]   warmup: 9.305620174902135e-06
2026-09-13 10:52:42,064 [INFO]   rollout: 0.00033580515351823155
2026-09-13 10:52:42,064 [INFO]   buffer_sample: 0.00028658815696035585
2026-09-13 10:52:42,064 [INFO]   critic_update: 0.004144938787826642
2026-09-13 10:52:42,064 [INFO]   actor_update: 0.0011498426188459405
2026-09-13 10:52:42,064 [INFO]   target_update: 0.00038723290030358927
2026-09-13 10:52:42,064 [INFO]   _sub_segment_wall_time_seconds: {'buffer_sample': 8.725288561254274, 'critic_update': 126.1942830300759, 'actor_update': 35.00740838654747, 'target_update': 11.789457147831854}
2026-09-13 10:52:42,064 [INFO]   idle_baseline_tail: 0.0018215047897647274
2026-09-13 10:52:42,064 [INFO]   _total_kg_co2eq: 0.003711274419773972
2026-09-13 10:52:42,064 [INFO] Training summary: 100 epochs, final cumulative_reward=344870.73, final mean_episode_return=5793.589922717143, episodes completed=110

Run artifacts written to: results/td3/HalfCheetah-v5/seed_85062/20260913_104535
[2026-09-13 10:52:42] [45/60] Finished OK: algo=td3 env=HalfCheetah-v5 seed=85062 width=256x256 -> results/td3/HalfCheetah-v5/seed_85062/20260913_104535
[2026-09-13 10:52:42] [46/60] Starting: algo=td3 env=HalfCheetah-v5 seed=331 width=512x512
2026-09-13 10:52:43,250 [INFO] === Experiment run: algo=td3 env=HalfCheetah-v5 seed=331 ===
2026-09-13 10:52:43,250 [INFO] Run directory: results/td3/HalfCheetah-v5/seed_331/20260913_105243
2026-09-13 10:52:43,388 [INFO] Using device: cuda
2026-09-13 10:52:43,481 [INFO] Waiting for thermal baseline before starting...
2026-09-13 10:52:53,492 [INFO] Thermal gate result: {'gated': True, 'reason': 'reached_reference', 'waited_seconds': 1.0728836059570312e-05, 'final_temp_c': 50.0, 'final_power_w': 32.956}
2026-09-13 10:52:53,492 [INFO] Settling for 30s (unmeasured)...
[codecarbon WARNING @ 10:53:23] Multiple instances of codecarbon are allowed to run at the same time.
2026-09-13 10:53:24,733 [INFO] Recording idle baseline for 90s...
2026-09-13 10:54:58,291 [INFO] Starting warmup: 10000 steps
2026-09-13 10:54:58,593 [INFO] Starting measured training: 100 epochs x 1000 steps = 100000 env steps
2026-09-13 10:55:18,868 [INFO] Epoch 10/100 done (buffer size=20000, cumulative_reward=-2594.09, mean_episode_return=113.9929030439884)
2026-09-13 10:55:41,554 [INFO] Epoch 20/100 done (buffer size=30000, cumulative_reward=7691.19, mean_episode_return=727.2730236896386)
2026-09-13 10:56:04,694 [INFO] Epoch 30/100 done (buffer size=40000, cumulative_reward=31693.55, mean_episode_return=3388.2320626742976)
2026-09-13 10:56:27,801 [INFO] Epoch 40/100 done (buffer size=50000, cumulative_reward=66343.62, mean_episode_return=4067.324310199123)
2026-09-13 10:56:47,936 [INFO] Epoch 50/100 done (buffer size=60000, cumulative_reward=105915.49, mean_episode_return=4315.637437779168)
2026-09-13 10:57:10,780 [INFO] Epoch 60/100 done (buffer size=70000, cumulative_reward=149741.41, mean_episode_return=4418.810751595731)
2026-09-13 10:57:31,136 [INFO] Epoch 70/100 done (buffer size=80000, cumulative_reward=195920.70, mean_episode_return=4746.151094125795)
2026-09-13 10:57:51,333 [INFO] Epoch 80/100 done (buffer size=90000, cumulative_reward=243547.45, mean_episode_return=4659.849834218889)
2026-09-13 10:58:13,061 [INFO] Epoch 90/100 done (buffer size=100000, cumulative_reward=292765.75, mean_episode_return=5061.891425220718)
2026-09-13 10:58:33,338 [INFO] Epoch 100/100 done (buffer size=110000, cumulative_reward=343297.06, mean_episode_return=5137.341579174253)
2026-09-13 10:58:33,338 [INFO] Recording idle tail for 90s...
2026-09-13 11:00:03,399 [INFO] Run complete. Segment energy summary (kWh unless noted):
2026-09-13 11:00:03,399 [INFO]   idle_baseline_head: 0.0017951151647469204
2026-09-13 11:00:03,399 [INFO]   warmup: 9.867313657180299e-06
2026-09-13 11:00:03,399 [INFO]   rollout: 0.0003637175642063693
2026-09-13 11:00:03,399 [INFO]   buffer_sample: 0.0003107600761397732
2026-09-13 11:00:03,399 [INFO]   critic_update: 0.004819181096581815
2026-09-13 11:00:03,399 [INFO]   actor_update: 0.0013241171554316826
2026-09-13 11:00:03,399 [INFO]   target_update: 0.0004124007617418284
2026-09-13 11:00:03,399 [INFO]   _sub_segment_wall_time_seconds: {'buffer_sample': 8.712461719827843, 'critic_update': 135.11044065390888, 'actor_update': 37.12291544193431, 'target_update': 11.562057438444754}
2026-09-13 11:00:03,399 [INFO]   idle_baseline_tail: 0.001928685904020044
2026-09-13 11:00:03,399 [INFO]   _total_kg_co2eq: 0.004176690848411921
2026-09-13 11:00:03,399 [INFO] Training summary: 100 epochs, final cumulative_reward=343297.06, final mean_episode_return=5137.341579174253, episodes completed=110

Run artifacts written to: results/td3/HalfCheetah-v5/seed_331/20260913_105243
[2026-09-13 11:00:04] [46/60] Finished OK: algo=td3 env=HalfCheetah-v5 seed=331 width=512x512 -> results/td3/HalfCheetah-v5/seed_331/20260913_105243
[2026-09-13 11:00:04] [47/60] Starting: algo=td3 env=HalfCheetah-v5 seed=958 width=512x512
2026-09-13 11:00:04,590 [INFO] === Experiment run: algo=td3 env=HalfCheetah-v5 seed=958 ===
2026-09-13 11:00:04,590 [INFO] Run directory: results/td3/HalfCheetah-v5/seed_958/20260913_110004
2026-09-13 11:00:04,708 [INFO] Using device: cuda
2026-09-13 11:00:04,797 [INFO] Waiting for thermal baseline before starting...
2026-09-13 11:00:14,809 [INFO] Thermal gate result: {'gated': True, 'reason': 'reached_reference', 'waited_seconds': 1.049041748046875e-05, 'final_temp_c': 55.0, 'final_power_w': 37.586}
2026-09-13 11:00:14,809 [INFO] Settling for 30s (unmeasured)...
[codecarbon WARNING @ 11:00:44] Multiple instances of codecarbon are allowed to run at the same time.
2026-09-13 11:00:46,046 [INFO] Recording idle baseline for 90s...
2026-09-13 11:02:19,572 [INFO] Starting warmup: 10000 steps
2026-09-13 11:02:19,871 [INFO] Starting measured training: 100 epochs x 1000 steps = 100000 env steps
2026-09-13 11:02:40,120 [INFO] Epoch 10/100 done (buffer size=20000, cumulative_reward=-2645.78, mean_episode_return=-178.65085391880515)
2026-09-13 11:03:00,399 [INFO] Epoch 20/100 done (buffer size=30000, cumulative_reward=3009.06, mean_episode_return=253.0572472733492)
2026-09-13 11:03:20,528 [INFO] Epoch 30/100 done (buffer size=40000, cumulative_reward=18880.25, mean_episode_return=740.3253056027609)
2026-09-13 11:03:43,420 [INFO] Epoch 40/100 done (buffer size=50000, cumulative_reward=47260.48, mean_episode_return=3045.7024643930304)
2026-09-13 11:04:03,632 [INFO] Epoch 50/100 done (buffer size=60000, cumulative_reward=85785.25, mean_episode_return=3983.2615624892615)
2026-09-13 11:04:23,851 [INFO] Epoch 60/100 done (buffer size=70000, cumulative_reward=120069.07, mean_episode_return=3304.742392692002)
2026-09-13 11:04:44,049 [INFO] Epoch 70/100 done (buffer size=80000, cumulative_reward=170875.68, mean_episode_return=5321.654338173827)
2026-09-13 11:05:04,228 [INFO] Epoch 80/100 done (buffer size=90000, cumulative_reward=217869.66, mean_episode_return=5528.539177382529)
2026-09-13 11:05:25,031 [INFO] Epoch 90/100 done (buffer size=100000, cumulative_reward=272044.56, mean_episode_return=5462.606944616841)
2026-09-13 11:05:45,290 [INFO] Epoch 100/100 done (buffer size=110000, cumulative_reward=323347.48, mean_episode_return=5749.577508683796)
2026-09-13 11:05:45,290 [INFO] Recording idle tail for 90s...
2026-09-13 11:07:15,351 [INFO] Run complete. Segment energy summary (kWh unless noted):
2026-09-13 11:07:15,351 [INFO]   idle_baseline_head: 0.0018630980751843627
2026-09-13 11:07:15,351 [INFO]   warmup: 1.0010655450644248e-05
2026-09-13 11:07:15,351 [INFO]   rollout: 0.0003561177084224292
2026-09-13 11:07:15,351 [INFO]   buffer_sample: 0.0003161551923688263
2026-09-13 11:07:15,351 [INFO]   critic_update: 0.004634681254134718
2026-09-13 11:07:15,351 [INFO]   actor_update: 0.0012888693284173127
2026-09-13 11:07:15,351 [INFO]   target_update: 0.0004241512643048308
2026-09-13 11:07:15,351 [INFO]   _sub_segment_wall_time_seconds: {'buffer_sample': 8.66823041056341, 'critic_update': 127.0720391759096, 'actor_update': 35.3377599909727, 'target_update': 11.629228229270666}
2026-09-13 11:07:15,351 [INFO]   idle_baseline_tail: 0.0017497835647419784
2026-09-13 11:07:15,351 [INFO]   _total_kg_co2eq: 0.004054411245375075
2026-09-13 11:07:15,351 [INFO] Training summary: 100 epochs, final cumulative_reward=323347.48, final mean_episode_return=5749.577508683796, episodes completed=110

Run artifacts written to: results/td3/HalfCheetah-v5/seed_958/20260913_110004
[2026-09-13 11:07:15] [47/60] Finished OK: algo=td3 env=HalfCheetah-v5 seed=958 width=512x512 -> results/td3/HalfCheetah-v5/seed_958/20260913_110004
[2026-09-13 11:07:15] [48/60] Starting: algo=td3 env=HalfCheetah-v5 seed=14577 width=512x512
2026-09-13 11:07:16,525 [INFO] === Experiment run: algo=td3 env=HalfCheetah-v5 seed=14577 ===
2026-09-13 11:07:16,525 [INFO] Run directory: results/td3/HalfCheetah-v5/seed_14577/20260913_110716
2026-09-13 11:07:16,655 [INFO] Using device: cuda
2026-09-13 11:07:16,750 [INFO] Waiting for thermal baseline before starting...
2026-09-13 11:07:26,761 [INFO] Thermal gate result: {'gated': True, 'reason': 'reached_reference', 'waited_seconds': 1.1920928955078125e-05, 'final_temp_c': 43.0, 'final_power_w': 26.969}
2026-09-13 11:07:26,761 [INFO] Settling for 30s (unmeasured)...
[codecarbon WARNING @ 11:07:56] Multiple instances of codecarbon are allowed to run at the same time.
2026-09-13 11:07:58,010 [INFO] Recording idle baseline for 90s...
2026-09-13 11:09:31,579 [INFO] Starting warmup: 10000 steps
2026-09-13 11:09:31,882 [INFO] Starting measured training: 100 epochs x 1000 steps = 100000 env steps
2026-09-13 11:09:53,506 [INFO] Epoch 10/100 done (buffer size=20000, cumulative_reward=-2474.93, mean_episode_return=261.3992589004231)
2026-09-13 11:10:15,163 [INFO] Epoch 20/100 done (buffer size=30000, cumulative_reward=14873.94, mean_episode_return=2373.170895063427)
2026-09-13 11:10:38,319 [INFO] Epoch 30/100 done (buffer size=40000, cumulative_reward=43679.10, mean_episode_return=3005.002807893456)
2026-09-13 11:11:01,480 [INFO] Epoch 40/100 done (buffer size=50000, cumulative_reward=83769.19, mean_episode_return=4250.2501124976125)
2026-09-13 11:11:23,743 [INFO] Epoch 50/100 done (buffer size=60000, cumulative_reward=127982.12, mean_episode_return=4569.793563681269)
2026-09-13 11:11:46,892 [INFO] Epoch 60/100 done (buffer size=70000, cumulative_reward=173322.07, mean_episode_return=4598.438263887633)
2026-09-13 11:12:07,274 [INFO] Epoch 70/100 done (buffer size=80000, cumulative_reward=221335.55, mean_episode_return=4877.94694046263)
2026-09-13 11:12:27,473 [INFO] Epoch 80/100 done (buffer size=90000, cumulative_reward=270140.42, mean_episode_return=4895.5876757154365)
2026-09-13 11:12:47,705 [INFO] Epoch 90/100 done (buffer size=100000, cumulative_reward=320091.92, mean_episode_return=4998.935817537339)
2026-09-13 11:13:07,943 [INFO] Epoch 100/100 done (buffer size=110000, cumulative_reward=370985.21, mean_episode_return=5210.066944901807)
2026-09-13 11:13:07,943 [INFO] Recording idle tail for 90s...
2026-09-13 11:14:38,003 [INFO] Run complete. Segment energy summary (kWh unless noted):
2026-09-13 11:14:38,003 [INFO]   idle_baseline_head: 0.0015945577581484424
2026-09-13 11:14:38,003 [INFO]   warmup: 9.316486818266786e-06
2026-09-13 11:14:38,003 [INFO]   rollout: 0.0003546166749393582
2026-09-13 11:14:38,003 [INFO]   buffer_sample: 0.0003012008655205819
2026-09-13 11:14:38,003 [INFO]   critic_update: 0.004709270442695791
2026-09-13 11:14:38,003 [INFO]   actor_update: 0.0012919505785862237
2026-09-13 11:14:38,003 [INFO]   target_update: 0.00040529607925884756
2026-09-13 11:14:38,003 [INFO]   _sub_segment_wall_time_seconds: {'buffer_sample': 8.686924127665407, 'critic_update': 135.81991194364673, 'actor_update': 37.26110359435552, 'target_update': 11.689130719052628}
2026-09-13 11:14:38,003 [INFO]   idle_baseline_tail: 0.0018319480233028995
2026-09-13 11:14:38,003 [INFO]   _total_kg_co2eq: 0.003999290243001604
2026-09-13 11:14:38,003 [INFO] Training summary: 100 epochs, final cumulative_reward=370985.21, final mean_episode_return=5210.066944901807, episodes completed=110

Run artifacts written to: results/td3/HalfCheetah-v5/seed_14577/20260913_110716
[2026-09-13 11:14:38] [48/60] Finished OK: algo=td3 env=HalfCheetah-v5 seed=14577 width=512x512 -> results/td3/HalfCheetah-v5/seed_14577/20260913_110716
[2026-09-13 11:14:38] [49/60] Starting: algo=td3 env=HalfCheetah-v5 seed=43611 width=512x512
2026-09-13 11:14:39,158 [INFO] === Experiment run: algo=td3 env=HalfCheetah-v5 seed=43611 ===
2026-09-13 11:14:39,158 [INFO] Run directory: results/td3/HalfCheetah-v5/seed_43611/20260913_111439
2026-09-13 11:14:39,293 [INFO] Using device: cuda
2026-09-13 11:14:39,389 [INFO] Waiting for thermal baseline before starting...
2026-09-13 11:14:49,400 [INFO] Thermal gate result: {'gated': True, 'reason': 'reached_reference', 'waited_seconds': 1.0728836059570312e-05, 'final_temp_c': 51.0, 'final_power_w': 31.86}
2026-09-13 11:14:49,400 [INFO] Settling for 30s (unmeasured)...
[codecarbon WARNING @ 11:15:19] Multiple instances of codecarbon are allowed to run at the same time.
2026-09-13 11:15:20,634 [INFO] Recording idle baseline for 90s...
2026-09-13 11:16:54,190 [INFO] Starting warmup: 10000 steps
2026-09-13 11:16:54,492 [INFO] Starting measured training: 100 epochs x 1000 steps = 100000 env steps
2026-09-13 11:17:14,802 [INFO] Epoch 10/100 done (buffer size=20000, cumulative_reward=-2576.33, mean_episode_return=741.163522712307)
2026-09-13 11:17:35,006 [INFO] Epoch 20/100 done (buffer size=30000, cumulative_reward=4280.51, mean_episode_return=1389.485634567178)
2026-09-13 11:17:55,034 [INFO] Epoch 30/100 done (buffer size=40000, cumulative_reward=26358.06, mean_episode_return=2906.4181043487415)
2026-09-13 11:18:17,727 [INFO] Epoch 40/100 done (buffer size=50000, cumulative_reward=61348.06, mean_episode_return=4039.3847765933283)
2026-09-13 11:18:37,765 [INFO] Epoch 50/100 done (buffer size=60000, cumulative_reward=98699.85, mean_episode_return=4264.54339957688)
2026-09-13 11:18:57,811 [INFO] Epoch 60/100 done (buffer size=70000, cumulative_reward=144709.48, mean_episode_return=5117.9725149948845)
2026-09-13 11:19:18,689 [INFO] Epoch 70/100 done (buffer size=80000, cumulative_reward=189209.79, mean_episode_return=4800.217569106337)
2026-09-13 11:19:39,654 [INFO] Epoch 80/100 done (buffer size=90000, cumulative_reward=244739.44, mean_episode_return=5747.0746969528)
2026-09-13 11:19:59,805 [INFO] Epoch 90/100 done (buffer size=100000, cumulative_reward=303711.61, mean_episode_return=5663.055874097492)
2026-09-13 11:20:20,038 [INFO] Epoch 100/100 done (buffer size=110000, cumulative_reward=365955.42, mean_episode_return=6761.153123342191)
2026-09-13 11:20:20,038 [INFO] Recording idle tail for 90s...
2026-09-13 11:21:50,102 [INFO] Run complete. Segment energy summary (kWh unless noted):
2026-09-13 11:21:50,102 [INFO]   idle_baseline_head: 0.0017719173612371429
2026-09-13 11:21:50,102 [INFO]   warmup: 9.777841620942735e-06
2026-09-13 11:21:50,102 [INFO]   rollout: 0.00036485483423231036
2026-09-13 11:21:50,102 [INFO]   buffer_sample: 0.00031453757338592813
2026-09-13 11:21:50,102 [INFO]   critic_update: 0.004587174288794798
2026-09-13 11:21:50,102 [INFO]   actor_update: 0.0012791992901558435
2026-09-13 11:21:50,102 [INFO]   target_update: 0.0004203215008688203
2026-09-13 11:21:50,102 [INFO]   _sub_segment_wall_time_seconds: {'buffer_sample': 8.71313041375106, 'critic_update': 127.07113931929052, 'actor_update': 35.43560828146292, 'target_update': 11.643493059826142}
2026-09-13 11:21:50,102 [INFO]   idle_baseline_tail: 0.0019373769745454211
2026-09-13 11:21:50,102 [INFO]   _total_kg_co2eq: 0.004070526805967039
2026-09-13 11:21:50,102 [INFO] Training summary: 100 epochs, final cumulative_reward=365955.42, final mean_episode_return=6761.153123342191, episodes completed=110

Run artifacts written to: results/td3/HalfCheetah-v5/seed_43611/20260913_111439
[2026-09-13 11:21:50] [49/60] Finished OK: algo=td3 env=HalfCheetah-v5 seed=43611 width=512x512 -> results/td3/HalfCheetah-v5/seed_43611/20260913_111439
[2026-09-13 11:21:50] [50/60] Starting: algo=td3 env=HalfCheetah-v5 seed=85062 width=512x512
2026-09-13 11:21:51,288 [INFO] === Experiment run: algo=td3 env=HalfCheetah-v5 seed=85062 ===
2026-09-13 11:21:51,288 [INFO] Run directory: results/td3/HalfCheetah-v5/seed_85062/20260913_112151
2026-09-13 11:21:51,414 [INFO] Using device: cuda
2026-09-13 11:21:51,506 [INFO] Waiting for thermal baseline before starting...
2026-09-13 11:22:01,518 [INFO] Thermal gate result: {'gated': True, 'reason': 'reached_reference', 'waited_seconds': 1.0251998901367188e-05, 'final_temp_c': 55.0, 'final_power_w': 38.083}
2026-09-13 11:22:01,518 [INFO] Settling for 30s (unmeasured)...
[codecarbon WARNING @ 11:22:31] Multiple instances of codecarbon are allowed to run at the same time.
2026-09-13 11:22:32,755 [INFO] Recording idle baseline for 90s...
2026-09-13 11:24:06,332 [INFO] Starting warmup: 10000 steps
2026-09-13 11:24:06,642 [INFO] Starting measured training: 100 epochs x 1000 steps = 100000 env steps
2026-09-13 11:24:26,973 [INFO] Epoch 10/100 done (buffer size=20000, cumulative_reward=-3655.82, mean_episode_return=-220.10124830229802)
2026-09-13 11:24:47,140 [INFO] Epoch 20/100 done (buffer size=30000, cumulative_reward=10319.68, mean_episode_return=2648.074127905539)
2026-09-13 11:25:07,266 [INFO] Epoch 30/100 done (buffer size=40000, cumulative_reward=31479.83, mean_episode_return=353.8755919494937)
2026-09-13 11:25:27,371 [INFO] Epoch 40/100 done (buffer size=50000, cumulative_reward=54979.76, mean_episode_return=4217.712102479681)
2026-09-13 11:25:47,555 [INFO] Epoch 50/100 done (buffer size=60000, cumulative_reward=95714.58, mean_episode_return=4863.51274224369)
2026-09-13 11:26:10,336 [INFO] Epoch 60/100 done (buffer size=70000, cumulative_reward=140986.63, mean_episode_return=5017.640939456509)
2026-09-13 11:26:30,754 [INFO] Epoch 70/100 done (buffer size=80000, cumulative_reward=191855.10, mean_episode_return=5737.137643628058)
2026-09-13 11:26:51,030 [INFO] Epoch 80/100 done (buffer size=90000, cumulative_reward=246898.15, mean_episode_return=5519.086562370722)
2026-09-13 11:27:11,354 [INFO] Epoch 90/100 done (buffer size=100000, cumulative_reward=301897.45, mean_episode_return=6197.686991791172)
2026-09-13 11:27:31,641 [INFO] Epoch 100/100 done (buffer size=110000, cumulative_reward=363901.47, mean_episode_return=6498.025788911668)
2026-09-13 11:27:31,641 [INFO] Recording idle tail for 90s...
2026-09-13 11:29:01,702 [INFO] Run complete. Segment energy summary (kWh unless noted):
2026-09-13 11:29:01,702 [INFO]   idle_baseline_head: 0.001857105202869415
2026-09-13 11:29:01,702 [INFO]   warmup: 1.0172678619962006e-05
2026-09-13 11:29:01,702 [INFO]   rollout: 0.00036893028166815577
2026-09-13 11:29:01,702 [INFO]   buffer_sample: 0.000312492780810886
2026-09-13 11:29:01,702 [INFO]   critic_update: 0.004575968213552172
2026-09-13 11:29:01,702 [INFO]   actor_update: 0.001280027067087291
2026-09-13 11:29:01,702 [INFO]   target_update: 0.000419670806159981
2026-09-13 11:29:01,702 [INFO]   _sub_segment_wall_time_seconds: {'buffer_sample': 8.656418905920873, 'critic_update': 126.75972114907199, 'actor_update': 35.45826074724755, 'target_update': 11.625376724798116}
2026-09-13 11:29:01,702 [INFO]   idle_baseline_tail: 0.0016988348016290095
2026-09-13 11:29:01,702 [INFO]   _total_kg_co2eq: 0.0040088264996494104
2026-09-13 11:29:01,702 [INFO] Training summary: 100 epochs, final cumulative_reward=363901.47, final mean_episode_return=6498.025788911668, episodes completed=110

Run artifacts written to: results/td3/HalfCheetah-v5/seed_85062/20260913_112151
[2026-09-13 11:29:02] [50/60] Finished OK: algo=td3 env=HalfCheetah-v5 seed=85062 width=512x512 -> results/td3/HalfCheetah-v5/seed_85062/20260913_112151
[2026-09-13 11:29:02] [51/60] Starting: algo=td3 env=Ant-v5 seed=331 width=256x256
2026-09-13 11:29:02,872 [INFO] === Experiment run: algo=td3 env=Ant-v5 seed=331 ===
2026-09-13 11:29:02,872 [INFO] Run directory: results/td3/Ant-v5/seed_331/20260913_112902
2026-09-13 11:29:02,994 [INFO] Using device: cuda
2026-09-13 11:29:03,084 [INFO] Waiting for thermal baseline before starting...
2026-09-13 11:29:13,095 [INFO] Thermal gate result: {'gated': True, 'reason': 'reached_reference', 'waited_seconds': 1.0251998901367188e-05, 'final_temp_c': 43.0, 'final_power_w': 24.445}
2026-09-13 11:29:13,095 [INFO] Settling for 30s (unmeasured)...
[codecarbon WARNING @ 11:29:43] Multiple instances of codecarbon are allowed to run at the same time.
2026-09-13 11:29:44,331 [INFO] Recording idle baseline for 90s...
2026-09-13 11:31:17,912 [INFO] Starting warmup: 10000 steps
2026-09-13 11:31:19,248 [INFO] Starting measured training: 100 epochs x 1000 steps = 100000 env steps
2026-09-13 11:31:43,521 [INFO] Epoch 10/100 done (buffer size=20000, cumulative_reward=3241.47, mean_episode_return=-11.383700847806331)
2026-09-13 11:32:07,478 [INFO] Epoch 20/100 done (buffer size=30000, cumulative_reward=5847.89, mean_episode_return=424.3348255833219)
2026-09-13 11:32:30,828 [INFO] Epoch 30/100 done (buffer size=40000, cumulative_reward=10892.11, mean_episode_return=244.54580733233712)
2026-09-13 11:32:52,707 [INFO] Epoch 40/100 done (buffer size=50000, cumulative_reward=16590.00, mean_episode_return=505.377782343934)
2026-09-13 11:33:13,491 [INFO] Epoch 50/100 done (buffer size=60000, cumulative_reward=23890.75, mean_episode_return=90.66271396964414)
2026-09-13 11:33:34,439 [INFO] Epoch 60/100 done (buffer size=70000, cumulative_reward=30637.03, mean_episode_return=523.8464276510496)
2026-09-13 11:33:55,331 [INFO] Epoch 70/100 done (buffer size=80000, cumulative_reward=38786.49, mean_episode_return=354.6559216744279)
2026-09-13 11:34:16,110 [INFO] Epoch 80/100 done (buffer size=90000, cumulative_reward=48161.10, mean_episode_return=607.6133220511273)
2026-09-13 11:34:36,891 [INFO] Epoch 90/100 done (buffer size=100000, cumulative_reward=58204.13, mean_episode_return=814.6822322615765)
2026-09-13 11:34:57,859 [INFO] Epoch 100/100 done (buffer size=110000, cumulative_reward=68268.96, mean_episode_return=355.3436577738746)
2026-09-13 11:34:57,859 [INFO] Recording idle tail for 90s...
2026-09-13 11:36:27,920 [INFO] Run complete. Segment energy summary (kWh unless noted):
2026-09-13 11:36:27,920 [INFO]   idle_baseline_head: 0.001582808060219225
2026-09-13 11:36:27,920 [INFO]   warmup: 4.078242883509705e-05
2026-09-13 11:36:27,920 [INFO]   rollout: 0.0007657215065634238
2026-09-13 11:36:27,920 [INFO]   buffer_sample: 0.0003122239848395954
2026-09-13 11:36:27,920 [INFO]   critic_update: 0.004161799695694273
2026-09-13 11:36:27,920 [INFO]   actor_update: 0.001149587121370466
2026-09-13 11:36:27,920 [INFO]   target_update: 0.0003733278480693536
2026-09-13 11:36:27,920 [INFO]   _sub_segment_wall_time_seconds: {'buffer_sample': 9.69643696444109, 'critic_update': 129.24896986585372, 'actor_update': 35.7016103782953, 'target_update': 11.594080280970957}
2026-09-13 11:36:27,920 [INFO]   idle_baseline_tail: 0.0017792407247868552
2026-09-13 11:36:27,920 [INFO]   _total_kg_co2eq: 0.0038725535121493814
2026-09-13 11:36:27,920 [INFO] Training summary: 100 epochs, final cumulative_reward=68268.96, final mean_episode_return=355.3436577738746, episodes completed=270

Run artifacts written to: results/td3/Ant-v5/seed_331/20260913_112902
[2026-09-13 11:36:28] [51/60] Finished OK: algo=td3 env=Ant-v5 seed=331 width=256x256 -> results/td3/Ant-v5/seed_331/20260913_112902
[2026-09-13 11:36:28] [52/60] Starting: algo=td3 env=Ant-v5 seed=958 width=256x256
2026-09-13 11:36:29,097 [INFO] === Experiment run: algo=td3 env=Ant-v5 seed=958 ===
2026-09-13 11:36:29,097 [INFO] Run directory: results/td3/Ant-v5/seed_958/20260913_113629
2026-09-13 11:36:29,233 [INFO] Using device: cuda
2026-09-13 11:36:29,327 [INFO] Waiting for thermal baseline before starting...
2026-09-13 11:36:39,338 [INFO] Thermal gate result: {'gated': True, 'reason': 'reached_reference', 'waited_seconds': 1.049041748046875e-05, 'final_temp_c': 50.0, 'final_power_w': 31.368}
2026-09-13 11:36:39,338 [INFO] Settling for 30s (unmeasured)...
[codecarbon WARNING @ 11:37:09] Multiple instances of codecarbon are allowed to run at the same time.
2026-09-13 11:37:10,576 [INFO] Recording idle baseline for 90s...
2026-09-13 11:38:44,140 [INFO] Starting warmup: 10000 steps
2026-09-13 11:38:45,477 [INFO] Starting measured training: 100 epochs x 1000 steps = 100000 env steps
2026-09-13 11:39:09,570 [INFO] Epoch 10/100 done (buffer size=20000, cumulative_reward=4544.31, mean_episode_return=-31.089194169595785)
2026-09-13 11:39:31,559 [INFO] Epoch 20/100 done (buffer size=30000, cumulative_reward=8505.96, mean_episode_return=120.13759126549083)
2026-09-13 11:39:55,132 [INFO] Epoch 30/100 done (buffer size=40000, cumulative_reward=13454.09, mean_episode_return=241.70819558226222)
2026-09-13 11:40:19,364 [INFO] Epoch 40/100 done (buffer size=50000, cumulative_reward=19077.77, mean_episode_return=-51.5508530716151)
2026-09-13 11:40:40,665 [INFO] Epoch 50/100 done (buffer size=60000, cumulative_reward=25623.08, mean_episode_return=421.9096640071076)
2026-09-13 11:41:02,078 [INFO] Epoch 60/100 done (buffer size=70000, cumulative_reward=32573.13, mean_episode_return=346.5582402403678)
2026-09-13 11:41:23,524 [INFO] Epoch 70/100 done (buffer size=80000, cumulative_reward=39917.54, mean_episode_return=660.7346751517474)
2026-09-13 11:41:45,113 [INFO] Epoch 80/100 done (buffer size=90000, cumulative_reward=46119.67, mean_episode_return=879.3461742378024)
2026-09-13 11:42:06,441 [INFO] Epoch 90/100 done (buffer size=100000, cumulative_reward=53343.47, mean_episode_return=675.4573267254007)
2026-09-13 11:42:27,798 [INFO] Epoch 100/100 done (buffer size=110000, cumulative_reward=61187.89, mean_episode_return=793.8508624460438)
2026-09-13 11:42:27,798 [INFO] Recording idle tail for 90s...
2026-09-13 11:43:57,859 [INFO] Run complete. Segment energy summary (kWh unless noted):
2026-09-13 11:43:57,859 [INFO]   idle_baseline_head: 0.0017521056315844
2026-09-13 11:43:57,859 [INFO]   warmup: 4.429707248761682e-05
2026-09-13 11:43:57,859 [INFO]   rollout: 0.0008101527932658564
2026-09-13 11:43:57,859 [INFO]   buffer_sample: 0.0003288146128212665
2026-09-13 11:43:57,859 [INFO]   critic_update: 0.004327778285820239
2026-09-13 11:43:57,859 [INFO]   actor_update: 0.0011952415243126936
2026-09-13 11:43:57,859 [INFO]   target_update: 0.0003905667177767921
2026-09-13 11:43:57,859 [INFO]   _sub_segment_wall_time_seconds: {'buffer_sample': 9.969947707475512, 'critic_update': 131.22203672447358, 'actor_update': 36.24077224839857, 'target_update': 11.84232573821646}
2026-09-13 11:43:57,859 [INFO]   idle_baseline_tail: 0.0019239704297594508
2026-09-13 11:43:57,859 [INFO]   _total_kg_co2eq: 0.004104458406609537
2026-09-13 11:43:57,859 [INFO] Training summary: 100 epochs, final cumulative_reward=61187.89, final mean_episode_return=793.8508624460438, episodes completed=247

Run artifacts written to: results/td3/Ant-v5/seed_958/20260913_113629
[2026-09-13 11:43:58] [52/60] Finished OK: algo=td3 env=Ant-v5 seed=958 width=256x256 -> results/td3/Ant-v5/seed_958/20260913_113629
[2026-09-13 11:43:58] [53/60] Starting: algo=td3 env=Ant-v5 seed=14577 width=256x256
2026-09-13 11:43:59,011 [INFO] === Experiment run: algo=td3 env=Ant-v5 seed=14577 ===
2026-09-13 11:43:59,011 [INFO] Run directory: results/td3/Ant-v5/seed_14577/20260913_114359
2026-09-13 11:43:59,134 [INFO] Using device: cuda
2026-09-13 11:43:59,224 [INFO] Waiting for thermal baseline before starting...
2026-09-13 11:44:09,235 [INFO] Thermal gate result: {'gated': True, 'reason': 'reached_reference', 'waited_seconds': 1.0967254638671875e-05, 'final_temp_c': 54.0, 'final_power_w': 36.04}
2026-09-13 11:44:09,235 [INFO] Settling for 30s (unmeasured)...
[codecarbon WARNING @ 11:44:39] Multiple instances of codecarbon are allowed to run at the same time.
2026-09-13 11:44:40,471 [INFO] Recording idle baseline for 90s...
2026-09-13 11:46:14,032 [INFO] Starting warmup: 10000 steps
2026-09-13 11:46:15,377 [INFO] Starting measured training: 100 epochs x 1000 steps = 100000 env steps
2026-09-13 11:46:37,141 [INFO] Epoch 10/100 done (buffer size=20000, cumulative_reward=5069.80, mean_episode_return=-75.688257932363)
2026-09-13 11:46:57,880 [INFO] Epoch 20/100 done (buffer size=30000, cumulative_reward=8426.85, mean_episode_return=49.46205444832386)
2026-09-13 11:47:19,674 [INFO] Epoch 30/100 done (buffer size=40000, cumulative_reward=13845.18, mean_episode_return=214.42772931414925)
2026-09-13 11:47:43,518 [INFO] Epoch 40/100 done (buffer size=50000, cumulative_reward=20701.81, mean_episode_return=411.127669579442)
2026-09-13 11:48:04,447 [INFO] Epoch 50/100 done (buffer size=60000, cumulative_reward=29240.67, mean_episode_return=859.6322969968795)
2026-09-13 11:48:25,199 [INFO] Epoch 60/100 done (buffer size=70000, cumulative_reward=37826.06, mean_episode_return=329.37600550890465)
2026-09-13 11:48:45,905 [INFO] Epoch 70/100 done (buffer size=80000, cumulative_reward=47865.80, mean_episode_return=387.7225199446484)
2026-09-13 11:49:06,745 [INFO] Epoch 80/100 done (buffer size=90000, cumulative_reward=59091.84, mean_episode_return=747.3547691477662)
2026-09-13 11:49:27,623 [INFO] Epoch 90/100 done (buffer size=100000, cumulative_reward=69103.43, mean_episode_return=182.10859454245193)
2026-09-13 11:49:49,603 [INFO] Epoch 100/100 done (buffer size=110000, cumulative_reward=78898.10, mean_episode_return=1108.6298160195095)
2026-09-13 11:49:49,604 [INFO] Recording idle tail for 90s...
2026-09-13 11:51:19,673 [INFO] Run complete. Segment energy summary (kWh unless noted):
2026-09-13 11:51:19,673 [INFO]   idle_baseline_head: 0.0018549155033089565
2026-09-13 11:51:19,673 [INFO]   warmup: 4.59084669121024e-05
2026-09-13 11:51:19,673 [INFO]   rollout: 0.0007916745422082332
2026-09-13 11:51:19,673 [INFO]   buffer_sample: 0.00032810901812331647
2026-09-13 11:51:19,673 [INFO]   critic_update: 0.004249837460390561
2026-09-13 11:51:19,673 [INFO]   actor_update: 0.0011790920448411716
2026-09-13 11:51:19,673 [INFO]   target_update: 0.0003889280480830782
2026-09-13 11:51:19,673 [INFO]   _sub_segment_wall_time_seconds: {'buffer_sample': 9.72644079100428, 'critic_update': 125.98188451603346, 'actor_update': 34.95292213206267, 'target_update': 11.529355862505327}
2026-09-13 11:51:19,673 [INFO]   idle_baseline_tail: 0.001839991410848155
2026-09-13 11:51:19,673 [INFO]   _total_kg_co2eq: 0.004067991417077799
2026-09-13 11:51:19,673 [INFO] Training summary: 100 epochs, final cumulative_reward=78898.10, final mean_episode_return=1108.6298160195095, episodes completed=220

Run artifacts written to: results/td3/Ant-v5/seed_14577/20260913_114359
[2026-09-13 11:51:20] [53/60] Finished OK: algo=td3 env=Ant-v5 seed=14577 width=256x256 -> results/td3/Ant-v5/seed_14577/20260913_114359
[2026-09-13 11:51:20] [54/60] Starting: algo=td3 env=Ant-v5 seed=43611 width=256x256
2026-09-13 11:51:20,842 [INFO] === Experiment run: algo=td3 env=Ant-v5 seed=43611 ===
2026-09-13 11:51:20,842 [INFO] Run directory: results/td3/Ant-v5/seed_43611/20260913_115120
2026-09-13 11:51:20,979 [INFO] Using device: cuda
2026-09-13 11:51:21,072 [INFO] Waiting for thermal baseline before starting...
2026-09-13 11:51:31,083 [INFO] Thermal gate result: {'gated': True, 'reason': 'reached_reference', 'waited_seconds': 1.0013580322265625e-05, 'final_temp_c': 46.0, 'final_power_w': 29.426}
2026-09-13 11:51:31,083 [INFO] Settling for 30s (unmeasured)...
[codecarbon WARNING @ 11:52:01] Multiple instances of codecarbon are allowed to run at the same time.
2026-09-13 11:52:02,319 [INFO] Recording idle baseline for 90s...
2026-09-13 11:53:35,898 [INFO] Starting warmup: 10000 steps
2026-09-13 11:53:37,249 [INFO] Starting measured training: 100 epochs x 1000 steps = 100000 env steps
2026-09-13 11:53:59,051 [INFO] Epoch 10/100 done (buffer size=20000, cumulative_reward=5999.34, mean_episode_return=217.62630959214644)
2026-09-13 11:54:21,010 [INFO] Epoch 20/100 done (buffer size=30000, cumulative_reward=7557.54, mean_episode_return=215.30986245888414)
2026-09-13 11:54:42,396 [INFO] Epoch 30/100 done (buffer size=40000, cumulative_reward=13420.53, mean_episode_return=289.71581722336214)
2026-09-13 11:55:03,340 [INFO] Epoch 40/100 done (buffer size=50000, cumulative_reward=20036.57, mean_episode_return=316.0473845648338)
2026-09-13 11:55:24,239 [INFO] Epoch 50/100 done (buffer size=60000, cumulative_reward=27716.70, mean_episode_return=621.2310421324055)
2026-09-13 11:55:45,071 [INFO] Epoch 60/100 done (buffer size=70000, cumulative_reward=35932.93, mean_episode_return=377.32155421359204)
2026-09-13 11:56:06,063 [INFO] Epoch 70/100 done (buffer size=80000, cumulative_reward=45672.69, mean_episode_return=412.2741957399649)
2026-09-13 11:56:27,110 [INFO] Epoch 80/100 done (buffer size=90000, cumulative_reward=56719.29, mean_episode_return=1197.9914100785477)
2026-09-13 11:56:50,907 [INFO] Epoch 90/100 done (buffer size=100000, cumulative_reward=67045.79, mean_episode_return=1308.7376687059057)
2026-09-13 11:57:14,975 [INFO] Epoch 100/100 done (buffer size=110000, cumulative_reward=75670.17, mean_episode_return=788.6916245322965)
2026-09-13 11:57:14,975 [INFO] Recording idle tail for 90s...
2026-09-13 11:58:45,038 [INFO] Run complete. Segment energy summary (kWh unless noted):
2026-09-13 11:58:45,038 [INFO]   idle_baseline_head: 0.0015879129034377898
2026-09-13 11:58:45,038 [INFO]   warmup: 4.2257554484086005e-05
2026-09-13 11:58:45,038 [INFO]   rollout: 0.0007689645150611032
2026-09-13 11:58:45,038 [INFO]   buffer_sample: 0.00031804379490899047
2026-09-13 11:58:45,038 [INFO]   critic_update: 0.004176540648346582
2026-09-13 11:58:45,038 [INFO]   actor_update: 0.0011501831496675793
2026-09-13 11:58:45,038 [INFO]   target_update: 0.00037791956990854375
2026-09-13 11:58:45,038 [INFO]   _sub_segment_wall_time_seconds: {'buffer_sample': 9.767132641150965, 'critic_update': 128.26166442024987, 'actor_update': 35.32215237097989, 'target_update': 11.60591914091492}
2026-09-13 11:58:45,038 [INFO]   idle_baseline_tail: 0.001786941472858532
2026-09-13 11:58:45,038 [INFO]   _total_kg_co2eq: 0.003889046493084386
2026-09-13 11:58:45,038 [INFO] Training summary: 100 epochs, final cumulative_reward=75670.17, final mean_episode_return=788.6916245322965, episodes completed=270

Run artifacts written to: results/td3/Ant-v5/seed_43611/20260913_115120
[2026-09-13 11:58:45] [54/60] Finished OK: algo=td3 env=Ant-v5 seed=43611 width=256x256 -> results/td3/Ant-v5/seed_43611/20260913_115120
[2026-09-13 11:58:45] [55/60] Starting: algo=td3 env=Ant-v5 seed=85062 width=256x256
2026-09-13 11:58:46,203 [INFO] === Experiment run: algo=td3 env=Ant-v5 seed=85062 ===
2026-09-13 11:58:46,203 [INFO] Run directory: results/td3/Ant-v5/seed_85062/20260913_115846
2026-09-13 11:58:46,325 [INFO] Using device: cuda
2026-09-13 11:58:46,418 [INFO] Waiting for thermal baseline before starting...
2026-09-13 11:58:56,429 [INFO] Thermal gate result: {'gated': True, 'reason': 'reached_reference', 'waited_seconds': 1.1444091796875e-05, 'final_temp_c': 50.0, 'final_power_w': 31.369}
2026-09-13 11:58:56,429 [INFO] Settling for 30s (unmeasured)...
[codecarbon WARNING @ 11:59:26] Multiple instances of codecarbon are allowed to run at the same time.
2026-09-13 11:59:27,676 [INFO] Recording idle baseline for 90s...
2026-09-13 12:01:01,234 [INFO] Starting warmup: 10000 steps
2026-09-13 12:01:02,578 [INFO] Starting measured training: 100 epochs x 1000 steps = 100000 env steps
2026-09-13 12:01:27,263 [INFO] Epoch 10/100 done (buffer size=20000, cumulative_reward=2401.37, mean_episode_return=95.8990125472764)
2026-09-13 12:01:51,402 [INFO] Epoch 20/100 done (buffer size=30000, cumulative_reward=5829.69, mean_episode_return=225.33380612841722)
2026-09-13 12:02:15,630 [INFO] Epoch 30/100 done (buffer size=40000, cumulative_reward=10655.82, mean_episode_return=497.7990269047222)
2026-09-13 12:02:38,423 [INFO] Epoch 40/100 done (buffer size=50000, cumulative_reward=16104.98, mean_episode_return=211.9939452777558)
2026-09-13 12:03:02,542 [INFO] Epoch 50/100 done (buffer size=60000, cumulative_reward=22367.65, mean_episode_return=133.5125144549868)
2026-09-13 12:03:23,904 [INFO] Epoch 60/100 done (buffer size=70000, cumulative_reward=30107.81, mean_episode_return=263.16671679319296)
2026-09-13 12:03:45,211 [INFO] Epoch 70/100 done (buffer size=80000, cumulative_reward=37343.27, mean_episode_return=305.4424005341608)
2026-09-13 12:04:06,539 [INFO] Epoch 80/100 done (buffer size=90000, cumulative_reward=47325.77, mean_episode_return=660.3300123662827)
2026-09-13 12:04:30,018 [INFO] Epoch 90/100 done (buffer size=100000, cumulative_reward=56670.71, mean_episode_return=1328.868711983143)
2026-09-13 12:04:54,531 [INFO] Epoch 100/100 done (buffer size=110000, cumulative_reward=66043.54, mean_episode_return=433.05441158512684)
2026-09-13 12:04:54,531 [INFO] Recording idle tail for 90s...
2026-09-13 12:06:24,591 [INFO] Run complete. Segment energy summary (kWh unless noted):
2026-09-13 12:06:24,591 [INFO]   idle_baseline_head: 0.0017460704247836212
2026-09-13 12:06:24,591 [INFO]   warmup: 4.31859074045836e-05
2026-09-13 12:06:24,591 [INFO]   rollout: 0.0008041152445204245
2026-09-13 12:06:24,591 [INFO]   buffer_sample: 0.00032395834702702973
2026-09-13 12:06:24,591 [INFO]   critic_update: 0.004560385257985831
2026-09-13 12:06:24,591 [INFO]   actor_update: 0.001244840630377488
2026-09-13 12:06:24,591 [INFO]   target_update: 0.0003838741844988278
2026-09-13 12:06:24,591 [INFO]   _sub_segment_wall_time_seconds: {'buffer_sample': 9.905332088681462, 'critic_update': 139.43808161518973, 'actor_update': 38.06217667959572, 'target_update': 11.737315345097159}
2026-09-13 12:06:24,591 [INFO]   idle_baseline_tail: 0.0019122117462576534
2026-09-13 12:06:24,591 [INFO]   _total_kg_co2eq: 0.0041975635371304144
2026-09-13 12:06:24,591 [INFO] Training summary: 100 epochs, final cumulative_reward=66043.54, final mean_episode_return=433.05441158512684, episodes completed=282

Run artifacts written to: results/td3/Ant-v5/seed_85062/20260913_115846
[2026-09-13 12:06:25] [55/60] Finished OK: algo=td3 env=Ant-v5 seed=85062 width=256x256 -> results/td3/Ant-v5/seed_85062/20260913_115846
[2026-09-13 12:06:25] [56/60] Starting: algo=td3 env=Ant-v5 seed=331 width=512x512
2026-09-13 12:06:25,748 [INFO] === Experiment run: algo=td3 env=Ant-v5 seed=331 ===
2026-09-13 12:06:25,748 [INFO] Run directory: results/td3/Ant-v5/seed_331/20260913_120625
2026-09-13 12:06:25,870 [INFO] Using device: cuda
2026-09-13 12:06:25,961 [INFO] Waiting for thermal baseline before starting...
2026-09-13 12:06:35,972 [INFO] Thermal gate result: {'gated': True, 'reason': 'reached_reference', 'waited_seconds': 1.0251998901367188e-05, 'final_temp_c': 54.0, 'final_power_w': 36.048}
2026-09-13 12:06:35,972 [INFO] Settling for 30s (unmeasured)...
[codecarbon WARNING @ 12:07:05] Multiple instances of codecarbon are allowed to run at the same time.
2026-09-13 12:07:07,211 [INFO] Recording idle baseline for 90s...
2026-09-13 12:08:40,771 [INFO] Starting warmup: 10000 steps
2026-09-13 12:08:42,099 [INFO] Starting measured training: 100 epochs x 1000 steps = 100000 env steps
2026-09-13 12:09:04,440 [INFO] Epoch 10/100 done (buffer size=20000, cumulative_reward=3629.67, mean_episode_return=187.4487638172573)
2026-09-13 12:09:27,673 [INFO] Epoch 20/100 done (buffer size=30000, cumulative_reward=6170.32, mean_episode_return=558.5525857848185)
2026-09-13 12:09:52,203 [INFO] Epoch 30/100 done (buffer size=40000, cumulative_reward=11321.94, mean_episode_return=548.2047107008517)
2026-09-13 12:10:16,790 [INFO] Epoch 40/100 done (buffer size=50000, cumulative_reward=17143.10, mean_episode_return=104.62715405529663)
2026-09-13 12:10:38,461 [INFO] Epoch 50/100 done (buffer size=60000, cumulative_reward=23440.96, mean_episode_return=119.83334865284719)
2026-09-13 12:10:59,935 [INFO] Epoch 60/100 done (buffer size=70000, cumulative_reward=30922.70, mean_episode_return=405.0056658494658)
2026-09-13 12:11:24,171 [INFO] Epoch 70/100 done (buffer size=80000, cumulative_reward=38363.98, mean_episode_return=114.06083643369446)
2026-09-13 12:11:45,878 [INFO] Epoch 80/100 done (buffer size=90000, cumulative_reward=46141.02, mean_episode_return=106.07873951644467)
2026-09-13 12:12:07,375 [INFO] Epoch 90/100 done (buffer size=100000, cumulative_reward=54862.10, mean_episode_return=202.70874729773053)
2026-09-13 12:12:28,831 [INFO] Epoch 100/100 done (buffer size=110000, cumulative_reward=63997.30, mean_episode_return=844.9116569174753)
2026-09-13 12:12:28,831 [INFO] Recording idle tail for 90s...
2026-09-13 12:13:58,893 [INFO] Run complete. Segment energy summary (kWh unless noted):
2026-09-13 12:13:58,893 [INFO]   idle_baseline_head: 0.0018305956253305894
2026-09-13 12:13:58,893 [INFO]   warmup: 4.5980339079299513e-05
2026-09-13 12:13:58,893 [INFO]   rollout: 0.0008273191184010118
2026-09-13 12:13:58,893 [INFO]   buffer_sample: 0.0003522488440191016
2026-09-13 12:13:58,893 [INFO]   critic_update: 0.004772048405766482
2026-09-13 12:13:58,893 [INFO]   actor_update: 0.0013150169218561648
2026-09-13 12:13:58,893 [INFO]   target_update: 0.0004213837507136354
2026-09-13 12:13:58,893 [INFO]   _sub_segment_wall_time_seconds: {'buffer_sample': 9.732676770232501, 'critic_update': 131.8522557385877, 'actor_update': 36.33407139618066, 'target_update': 11.642882330372231}
2026-09-13 12:13:58,893 [INFO]   idle_baseline_tail: 0.0017431122434884618
2026-09-13 12:13:58,893 [INFO]   _total_kg_co2eq: 0.004307690522032324
2026-09-13 12:13:58,893 [INFO] Training summary: 100 epochs, final cumulative_reward=63997.30, final mean_episode_return=844.9116569174753, episodes completed=329

Run artifacts written to: results/td3/Ant-v5/seed_331/20260913_120625
[2026-09-13 12:13:59] [56/60] Finished OK: algo=td3 env=Ant-v5 seed=331 width=512x512 -> results/td3/Ant-v5/seed_331/20260913_120625
[2026-09-13 12:13:59] [57/60] Starting: algo=td3 env=Ant-v5 seed=958 width=512x512
2026-09-13 12:14:00,046 [INFO] === Experiment run: algo=td3 env=Ant-v5 seed=958 ===
2026-09-13 12:14:00,046 [INFO] Run directory: results/td3/Ant-v5/seed_958/20260913_121400
2026-09-13 12:14:00,180 [INFO] Using device: cuda
2026-09-13 12:14:00,272 [INFO] Waiting for thermal baseline before starting...
2026-09-13 12:14:20,283 [INFO] Thermal gate result: {'gated': True, 'reason': 'reached_reference', 'waited_seconds': 1.0013580322265625e-05, 'final_temp_c': 43.0, 'final_power_w': 25.218}
2026-09-13 12:14:20,283 [INFO] Settling for 30s (unmeasured)...
[codecarbon WARNING @ 12:14:50] Multiple instances of codecarbon are allowed to run at the same time.
2026-09-13 12:14:51,517 [INFO] Recording idle baseline for 90s...
2026-09-13 12:16:25,052 [INFO] Starting warmup: 10000 steps
2026-09-13 12:16:26,412 [INFO] Starting measured training: 100 epochs x 1000 steps = 100000 env steps
2026-09-13 12:16:50,195 [INFO] Epoch 10/100 done (buffer size=20000, cumulative_reward=4160.69, mean_episode_return=79.25396947884067)
2026-09-13 12:17:14,957 [INFO] Epoch 20/100 done (buffer size=30000, cumulative_reward=7184.55, mean_episode_return=170.26758415918968)
2026-09-13 12:17:39,769 [INFO] Epoch 30/100 done (buffer size=40000, cumulative_reward=12938.25, mean_episode_return=635.0383486289574)
2026-09-13 12:18:04,589 [INFO] Epoch 40/100 done (buffer size=50000, cumulative_reward=19578.52, mean_episode_return=165.86154755560514)
2026-09-13 12:18:27,834 [INFO] Epoch 50/100 done (buffer size=60000, cumulative_reward=26502.90, mean_episode_return=369.8537977285608)
2026-09-13 12:18:49,600 [INFO] Epoch 60/100 done (buffer size=70000, cumulative_reward=34556.92, mean_episode_return=766.061366806087)
2026-09-13 12:19:11,290 [INFO] Epoch 70/100 done (buffer size=80000, cumulative_reward=43644.67, mean_episode_return=182.91883123635728)
2026-09-13 12:19:35,724 [INFO] Epoch 80/100 done (buffer size=90000, cumulative_reward=53103.06, mean_episode_return=334.0791423930583)
2026-09-13 12:20:00,395 [INFO] Epoch 90/100 done (buffer size=100000, cumulative_reward=63584.61, mean_episode_return=1072.5534944666392)
2026-09-13 12:20:25,181 [INFO] Epoch 100/100 done (buffer size=110000, cumulative_reward=75057.37, mean_episode_return=166.78031754524926)
2026-09-13 12:20:25,181 [INFO] Recording idle tail for 90s...
2026-09-13 12:21:55,243 [INFO] Run complete. Segment energy summary (kWh unless noted):
2026-09-13 12:21:55,243 [INFO]   idle_baseline_head: 0.001593256008989929
2026-09-13 12:21:55,243 [INFO]   warmup: 4.3296690564400544e-05
2026-09-13 12:21:55,243 [INFO]   rollout: 0.0007835992321408069
2026-09-13 12:21:55,243 [INFO]   buffer_sample: 0.0003385473058502333
2026-09-13 12:21:55,243 [INFO]   critic_update: 0.004879992524412268
2026-09-13 12:21:55,243 [INFO]   actor_update: 0.0013226480438984826
2026-09-13 12:21:55,243 [INFO]   target_update: 0.0004027016423480237
2026-09-13 12:21:55,243 [INFO]   _sub_segment_wall_time_seconds: {'buffer_sample': 9.808412262435013, 'critic_update': 141.38342763303808, 'actor_update': 38.31983616020443, 'target_update': 11.667095435863303}
2026-09-13 12:21:55,243 [INFO]   idle_baseline_tail: 0.0018186315498103893
2026-09-13 12:21:55,243 [INFO]   _total_kg_co2eq: 0.004260051553938141
2026-09-13 12:21:55,243 [INFO] Training summary: 100 epochs, final cumulative_reward=75057.37, final mean_episode_return=166.78031754524926, episodes completed=265

Run artifacts written to: results/td3/Ant-v5/seed_958/20260913_121400
[2026-09-13 12:21:55] [57/60] Finished OK: algo=td3 env=Ant-v5 seed=958 width=512x512 -> results/td3/Ant-v5/seed_958/20260913_121400
[2026-09-13 12:21:55] [58/60] Starting: algo=td3 env=Ant-v5 seed=14577 width=512x512
2026-09-13 12:21:56,422 [INFO] === Experiment run: algo=td3 env=Ant-v5 seed=14577 ===
2026-09-13 12:21:56,422 [INFO] Run directory: results/td3/Ant-v5/seed_14577/20260913_122156
2026-09-13 12:21:56,561 [INFO] Using device: cuda
2026-09-13 12:21:56,654 [INFO] Waiting for thermal baseline before starting...
2026-09-13 12:22:06,666 [INFO] Thermal gate result: {'gated': True, 'reason': 'reached_reference', 'waited_seconds': 1.0013580322265625e-05, 'final_temp_c': 51.0, 'final_power_w': 31.012}
2026-09-13 12:22:06,666 [INFO] Settling for 30s (unmeasured)...
[codecarbon WARNING @ 12:22:36] Multiple instances of codecarbon are allowed to run at the same time.
2026-09-13 12:22:37,905 [INFO] Recording idle baseline for 90s...
2026-09-13 12:24:11,578 [INFO] Starting warmup: 10000 steps
2026-09-13 12:24:12,930 [INFO] Starting measured training: 100 epochs x 1000 steps = 100000 env steps
2026-09-13 12:24:37,703 [INFO] Epoch 10/100 done (buffer size=20000, cumulative_reward=3060.99, mean_episode_return=284.2055126638152)
2026-09-13 12:25:02,190 [INFO] Epoch 20/100 done (buffer size=30000, cumulative_reward=9068.39, mean_episode_return=742.1453252137177)
2026-09-13 12:25:23,907 [INFO] Epoch 30/100 done (buffer size=40000, cumulative_reward=16057.00, mean_episode_return=347.81307484911997)
2026-09-13 12:25:48,374 [INFO] Epoch 40/100 done (buffer size=50000, cumulative_reward=23161.82, mean_episode_return=389.76501218297767)
2026-09-13 12:26:11,593 [INFO] Epoch 50/100 done (buffer size=60000, cumulative_reward=30811.20, mean_episode_return=180.74612096346257)
2026-09-13 12:26:33,019 [INFO] Epoch 60/100 done (buffer size=70000, cumulative_reward=38957.67, mean_episode_return=375.60346424056434)
2026-09-13 12:26:54,615 [INFO] Epoch 70/100 done (buffer size=80000, cumulative_reward=47451.20, mean_episode_return=203.35553780163477)
2026-09-13 12:27:16,150 [INFO] Epoch 80/100 done (buffer size=90000, cumulative_reward=54768.68, mean_episode_return=190.65299620601095)
2026-09-13 12:27:37,685 [INFO] Epoch 90/100 done (buffer size=100000, cumulative_reward=63170.71, mean_episode_return=851.0350462481927)
2026-09-13 12:27:59,368 [INFO] Epoch 100/100 done (buffer size=110000, cumulative_reward=71360.44, mean_episode_return=872.8292302433523)
2026-09-13 12:27:59,368 [INFO] Recording idle tail for 90s...
2026-09-13 12:29:29,428 [INFO] Run complete. Segment energy summary (kWh unless noted):
2026-09-13 12:29:29,428 [INFO]   idle_baseline_head: 0.0017219308769589158
2026-09-13 12:29:29,428 [INFO]   warmup: 4.334840003136038e-05
2026-09-13 12:29:29,428 [INFO]   rollout: 0.0008167743191925044
2026-09-13 12:29:29,428 [INFO]   buffer_sample: 0.0003496384710351011
2026-09-13 12:29:29,428 [INFO]   critic_update: 0.0047207633832635895
2026-09-13 12:29:29,428 [INFO]   actor_update: 0.001302964393499863
2026-09-13 12:29:29,428 [INFO]   target_update: 0.0004184319645265486
2026-09-13 12:29:29,428 [INFO]   _sub_segment_wall_time_seconds: {'buffer_sample': 9.715375318548467, 'critic_update': 131.17546225015394, 'actor_update': 36.20536399235425, 'target_update': 11.626934440646437}
2026-09-13 12:29:29,428 [INFO]   idle_baseline_tail: 0.0019123458981931823
2026-09-13 12:29:29,428 [INFO]   _total_kg_co2eq: 0.004299497772169425
2026-09-13 12:29:29,428 [INFO] Training summary: 100 epochs, final cumulative_reward=71360.44, final mean_episode_return=872.8292302433523, episodes completed=268

Run artifacts written to: results/td3/Ant-v5/seed_14577/20260913_122156
[2026-09-13 12:29:30] [58/60] Finished OK: algo=td3 env=Ant-v5 seed=14577 width=512x512 -> results/td3/Ant-v5/seed_14577/20260913_122156
[2026-09-13 12:29:30] [59/60] Starting: algo=td3 env=Ant-v5 seed=43611 width=512x512
2026-09-13 12:29:30,603 [INFO] === Experiment run: algo=td3 env=Ant-v5 seed=43611 ===
2026-09-13 12:29:30,603 [INFO] Run directory: results/td3/Ant-v5/seed_43611/20260913_122930
2026-09-13 12:29:30,744 [INFO] Using device: cuda
2026-09-13 12:29:30,840 [INFO] Waiting for thermal baseline before starting...
2026-09-13 12:29:40,851 [INFO] Thermal gate result: {'gated': True, 'reason': 'reached_reference', 'waited_seconds': 1.1682510375976562e-05, 'final_temp_c': 50.0, 'final_power_w': 31.645}
2026-09-13 12:29:40,851 [INFO] Settling for 30s (unmeasured)...
[codecarbon WARNING @ 12:30:10] Multiple instances of codecarbon are allowed to run at the same time.
2026-09-13 12:30:12,089 [INFO] Recording idle baseline for 90s...
2026-09-13 12:31:45,651 [INFO] Starting warmup: 10000 steps
2026-09-13 12:31:46,998 [INFO] Starting measured training: 100 epochs x 1000 steps = 100000 env steps
2026-09-13 12:32:09,967 [INFO] Epoch 10/100 done (buffer size=20000, cumulative_reward=3836.36, mean_episode_return=16.374848972365253)
2026-09-13 12:32:31,739 [INFO] Epoch 20/100 done (buffer size=30000, cumulative_reward=9266.84, mean_episode_return=295.7819030398055)
2026-09-13 12:32:56,149 [INFO] Epoch 30/100 done (buffer size=40000, cumulative_reward=15198.26, mean_episode_return=807.8354728188001)
2026-09-13 12:33:19,518 [INFO] Epoch 40/100 done (buffer size=50000, cumulative_reward=22526.05, mean_episode_return=47.3288804353804)
2026-09-13 12:33:42,180 [INFO] Epoch 50/100 done (buffer size=60000, cumulative_reward=30885.05, mean_episode_return=302.89828260594123)
2026-09-13 12:34:06,037 [INFO] Epoch 60/100 done (buffer size=70000, cumulative_reward=39133.01, mean_episode_return=859.0354343874482)
2026-09-13 12:34:30,733 [INFO] Epoch 70/100 done (buffer size=80000, cumulative_reward=48265.54, mean_episode_return=485.64290395636584)
2026-09-13 12:34:55,603 [INFO] Epoch 80/100 done (buffer size=90000, cumulative_reward=57566.49, mean_episode_return=702.5575898046372)
2026-09-13 12:35:18,168 [INFO] Epoch 90/100 done (buffer size=100000, cumulative_reward=67394.53, mean_episode_return=191.81241192656873)
2026-09-13 12:35:40,427 [INFO] Epoch 100/100 done (buffer size=110000, cumulative_reward=76286.89, mean_episode_return=765.6711646913802)
2026-09-13 12:35:40,427 [INFO] Recording idle tail for 90s...
2026-09-13 12:37:10,489 [INFO] Run complete. Segment energy summary (kWh unless noted):
2026-09-13 12:37:10,489 [INFO]   idle_baseline_head: 0.0016151983658122676
2026-09-13 12:37:10,489 [INFO]   warmup: 4.019948502002966e-05
2026-09-13 12:37:10,489 [INFO]   rollout: 0.0007955879751569684
2026-09-13 12:37:10,489 [INFO]   buffer_sample: 0.00033834518572978164
2026-09-13 12:37:10,489 [INFO]   critic_update: 0.004739348696237715
2026-09-13 12:37:10,489 [INFO]   actor_update: 0.0012972570722602312
2026-09-13 12:37:10,489 [INFO]   target_update: 0.0004069924932976271
2026-09-13 12:37:10,489 [INFO]   _sub_segment_wall_time_seconds: {'buffer_sample': 9.749012087122537, 'critic_update': 136.5586675189479, 'actor_update': 37.378911865678674, 'target_update': 11.727002197381807}
2026-09-13 12:37:10,489 [INFO]   idle_baseline_tail: 0.0018143615687886052
2026-09-13 12:37:10,489 [INFO]   _total_kg_co2eq: 0.004208478670061772
2026-09-13 12:37:10,489 [INFO] Training summary: 100 epochs, final cumulative_reward=76286.89, final mean_episode_return=765.6711646913802, episodes completed=290

Run artifacts written to: results/td3/Ant-v5/seed_43611/20260913_122930
[2026-09-13 12:37:11] [59/60] Finished OK: algo=td3 env=Ant-v5 seed=43611 width=512x512 -> results/td3/Ant-v5/seed_43611/20260913_122930
[2026-09-13 12:37:11] [60/60] Starting: algo=td3 env=Ant-v5 seed=85062 width=512x512
2026-09-13 12:37:11,649 [INFO] === Experiment run: algo=td3 env=Ant-v5 seed=85062 ===
2026-09-13 12:37:11,649 [INFO] Run directory: results/td3/Ant-v5/seed_85062/20260913_123711
2026-09-13 12:37:11,792 [INFO] Using device: cuda
2026-09-13 12:37:11,887 [INFO] Waiting for thermal baseline before starting...
2026-09-13 12:37:26,898 [INFO] Thermal gate result: {'gated': True, 'reason': 'reached_reference', 'waited_seconds': 1.0251998901367188e-05, 'final_temp_c': 51.0, 'final_power_w': 32.083}
2026-09-13 12:37:26,898 [INFO] Settling for 30s (unmeasured)...
[codecarbon WARNING @ 12:37:56] Multiple instances of codecarbon are allowed to run at the same time.
2026-09-13 12:37:58,132 [INFO] Recording idle baseline for 90s...
2026-09-13 12:39:31,716 [INFO] Starting warmup: 10000 steps
2026-09-13 12:39:33,048 [INFO] Starting measured training: 100 epochs x 1000 steps = 100000 env steps
2026-09-13 12:39:55,473 [INFO] Epoch 10/100 done (buffer size=20000, cumulative_reward=3804.94, mean_episode_return=40.55831963746403)
2026-09-13 12:40:17,044 [INFO] Epoch 20/100 done (buffer size=30000, cumulative_reward=7886.28, mean_episode_return=508.26878591177774)
2026-09-13 12:40:38,736 [INFO] Epoch 30/100 done (buffer size=40000, cumulative_reward=12578.38, mean_episode_return=-20.760701832954922)
2026-09-13 12:41:00,386 [INFO] Epoch 40/100 done (buffer size=50000, cumulative_reward=19089.82, mean_episode_return=623.3191233665241)
2026-09-13 12:41:23,220 [INFO] Epoch 50/100 done (buffer size=60000, cumulative_reward=25694.97, mean_episode_return=112.19014257125127)
2026-09-13 12:41:47,863 [INFO] Epoch 60/100 done (buffer size=70000, cumulative_reward=33737.17, mean_episode_return=115.29690422920422)
2026-09-13 12:42:11,477 [INFO] Epoch 70/100 done (buffer size=80000, cumulative_reward=41925.74, mean_episode_return=768.0329245193846)
2026-09-13 12:42:33,084 [INFO] Epoch 80/100 done (buffer size=90000, cumulative_reward=50743.02, mean_episode_return=738.6893583499965)
2026-09-13 12:42:54,663 [INFO] Epoch 90/100 done (buffer size=100000, cumulative_reward=59212.47, mean_episode_return=286.3996919784776)
2026-09-13 12:43:17,882 [INFO] Epoch 100/100 done (buffer size=110000, cumulative_reward=68707.78, mean_episode_return=599.6631107443856)
2026-09-13 12:43:17,882 [INFO] Recording idle tail for 90s...
2026-09-13 12:44:47,944 [INFO] Run complete. Segment energy summary (kWh unless noted):
2026-09-13 12:44:47,944 [INFO]   idle_baseline_head: 0.0017298018841597324
2026-09-13 12:44:47,944 [INFO]   warmup: 4.254867957087451e-05
2026-09-13 12:44:47,944 [INFO]   rollout: 0.0008014927464536374
2026-09-13 12:44:47,944 [INFO]   buffer_sample: 0.00035014155375918466
2026-09-13 12:44:47,944 [INFO]   critic_update: 0.004684165939730924
2026-09-13 12:44:47,944 [INFO]   actor_update: 0.001296745788094674
2026-09-13 12:44:47,944 [INFO]   target_update: 0.0004230885796317223
2026-09-13 12:44:47,944 [INFO]   _sub_segment_wall_time_seconds: {'buffer_sample': 9.700854652030102, 'critic_update': 129.77726425059518, 'actor_update': 35.92701944651344, 'target_update': 11.721890109518426}
2026-09-13 12:44:47,944 [INFO]   idle_baseline_tail: 0.0019187418070100767
2026-09-13 12:44:47,944 [INFO]   _total_kg_co2eq: 0.004284454602605365
2026-09-13 12:44:47,944 [INFO] Training summary: 100 epochs, final cumulative_reward=68707.78, final mean_episode_return=599.6631107443856, episodes completed=298

Run artifacts written to: results/td3/Ant-v5/seed_85062/20260913_123711
[2026-09-13 12:44:48] [60/60] Finished OK: algo=td3 env=Ant-v5 seed=85062 width=512x512 -> results/td3/Ant-v5/seed_85062/20260913_123711
[2026-09-13 12:44:48] Sweep complete: 60/60 runs succeeded, 0 failed.
[2026-09-13 12:44:48] Powering down in 1 minute (sudo shutdown -h +1) -- run 'sudo shutdown -c' now to cancel.
