task_name,timestamp,project_name,run_id,duration,emissions,emissions_rate,cpu_power,gpu_power,ram_power,cpu_energy,gpu_energy,ram_energy,energy_consumed,water_consumed,country_name,country_iso_code,region,cloud_provider,cloud_region,os,python_version,codecarbon_version,cpu_count,cpu_model,gpu_count,gpu_model,longitude,latitude,ram_total_size,tracking_mode,cpu_utilization_percent,gpu_utilization_percent,ram_utilization_percent,ram_used_gb,on_cloud
idle_baseline_head,2026-09-07T13:19:24,sac_HalfCheetah-v5_seed85062,e96067d0-2220-46b4-8988-d07e6b7e193c,90.002971119,0.0006477690702347756,7.197195989292427e-06,13.240705420469567,14.642582552019002,20.0,0.00042643008308823616,0.0007569939389280023,0.0005169804148777783,0.0017004044368940166,0.0,Germany,DEU,baden-wurttemberg,,,Linux-7.0.0-31-generic-x86_64-with-glibc2.43,3.14.4,3.3.0,24,Intel(R) Core(TM) Ultra 9 285K,1,1 x NVIDIA GeForce RTX 5090,9.1827,48.767,60.81614303588867,machine,0.0,0.0,0.0,0.0,N
warmup_0,2026-09-07T13:19:24,sac_HalfCheetah-v5_seed85062,e96067d0-2220-46b4-8988-d07e6b7e193c,0.15343259900055273,1.5034581644434797e-06,9.797466330408982e-06,21.563960432084567,21.0457629345473,20.0,1.6518627103806471e-06,1.4427789319926276e-06,8.519607055556449e-07,3.946602347928811e-06,0.0,Germany,DEU,baden-wurttemberg,,,Linux-7.0.0-31-generic-x86_64-with-glibc2.43,3.14.4,3.3.0,24,Intel(R) Core(TM) Ultra 9 285K,1,1 x NVIDIA GeForce RTX 5090,9.1827,48.767,60.81614303588867,machine,0.0,0.0,0.0,0.0,N
rollout_0,2026-09-07T13:19:25,sac_HalfCheetah-v5_seed85062,e96067d0-2220-46b4-8988-d07e6b7e193c,0.3435658059997877,4.438333911425149e-06,1.2918959431648204e-05,24.246198330901553,33.20789770348142,20.0,3.0993258127928747e-06,6.645005316011088e-06,1.9063682055578185e-06,1.165069933436189e-05,0.0,Germany,DEU,baden-wurttemberg,,,Linux-7.0.0-31-generic-x86_64-with-glibc2.43,3.14.4,3.3.0,24,Intel(R) Core(TM) Ultra 9 285K,1,1 x NVIDIA GeForce RTX 5090,9.1827,48.767,60.81614303588867,machine,0.0,0.0,0.0,0.0,N
gradient_updates_0,2026-09-07T13:19:29,sac_HalfCheetah-v5_seed85062,e96067d0-2220-46b4-8988-d07e6b7e193c,4.4998822429997745,6.593371861343157e-05,1.465233131454909e-05,25.511520011932014,45.527305509459154,20.0,2.962819286920007e-05,0.00011845926143400076,2.4989638788888973e-05,0.0001730770930920898,0.0,Germany,DEU,baden-wurttemberg,,,Linux-7.0.0-31-generic-x86_64-with-glibc2.43,3.14.4,3.3.0,24,Intel(R) Core(TM) Ultra 9 285K,1,1 x NVIDIA GeForce RTX 5090,9.1827,48.767,60.81614303588867,machine,0.0,0.0,0.0,0.0,N
rollout_1,2026-09-07T13:19:30,sac_HalfCheetah-v5_seed85062,e96067d0-2220-46b4-8988-d07e6b7e193c,0.21850397799971688,2.5743425736625587e-06,1.1780855106137153e-05,25.435821937567038,48.956256028774874,20.0,1.5351331725532713e-06,4.009725429993116e-06,1.2128328888896941e-06,6.757691491435973e-06,0.0,Germany,DEU,baden-wurttemberg,,,Linux-7.0.0-31-generic-x86_64-with-glibc2.43,3.14.4,3.3.0,24,Intel(R) Core(TM) Ultra 9 285K,1,1 x NVIDIA GeForce RTX 5090,9.1827,48.767,60.81614303588867,machine,0.0,0.0,0.0,0.0,N
gradient_updates_1,2026-09-07T13:19:34,sac_HalfCheetah-v5_seed85062,e96067d0-2220-46b4-8988-d07e6b7e193c,4.231099958999948,6.352205380359731e-05,1.5013159131693784e-05,25.40241823771063,55.68996859813376,20.0,3.0314582862761563e-05,0.00011292814589800027,2.350370463889001e-05,0.00016674643339965162,0.0,Germany,DEU,baden-wurttemberg,,,Linux-7.0.0-31-generic-x86_64-with-glibc2.43,3.14.4,3.3.0,24,Intel(R) Core(TM) Ultra 9 285K,1,1 x NVIDIA GeForce RTX 5090,9.1827,48.767,60.81614303588867,machine,0.0,0.0,0.0,0.0,N
rollout_2,2026-09-07T13:19:34,sac_HalfCheetah-v5_seed85062,e96067d0-2220-46b4-8988-d07e6b7e193c,0.212823372999992,2.566294729057419e-06,1.2056961845898884e-05,26.205574834850303,56.471580945818,20.0,1.8994109639708379e-06,3.656947370006547e-06,1.1802074333344377e-06,6.736565767311714e-06,0.0,Germany,DEU,baden-wurttemberg,,,Linux-7.0.0-31-generic-x86_64-with-glibc2.43,3.14.4,3.3.0,24,Intel(R) Core(TM) Ultra 9 285K,1,1 x NVIDIA GeForce RTX 5090,9.1827,48.767,60.81614303588867,machine,0.0,0.0,0.0,0.0,N
gradient_updates_2,2026-09-07T13:19:38,sac_HalfCheetah-v5_seed85062,e96067d0-2220-46b4-8988-d07e6b7e193c,4.316252354000426,6.375809794537568e-05,1.477165336773379e-05,26.644299660876502,60.87818301725979,20.0,2.8140311123341782e-05,0.00011524870330999193,2.39770387111093e-05,0.00016736605314444323,0.0,Germany,DEU,baden-wurttemberg,,,Linux-7.0.0-31-generic-x86_64-with-glibc2.43,3.14.4,3.3.0,24,Intel(R) Core(TM) Ultra 9 285K,1,1 x NVIDIA GeForce RTX 5090,9.1827,48.767,60.81614303588867,machine,0.0,0.0,0.0,0.0,N
rollout_3,2026-09-07T13:19:38,sac_HalfCheetah-v5_seed85062,e96067d0-2220-46b4-8988-d07e6b7e193c,0.20866241000021546,2.5772489054585535e-06,1.2350583835833418e-05,27.117883215422232,61.319635461029506,20.0,1.8364936914157248e-06,3.7733363520003893e-06,1.1554906166667302e-06,6.765320660082844e-06,0.0,Germany,DEU,baden-wurttemberg,,,Linux-7.0.0-31-generic-x86_64-with-glibc2.43,3.14.4,3.3.0,24,Intel(R) Core(TM) Ultra 9 285K,1,1 x NVIDIA GeForce RTX 5090,9.1827,48.767,60.81614303588867,machine,0.0,0.0,0.0,0.0,N
gradient_updates_3,2026-09-07T13:19:43,sac_HalfCheetah-v5_seed85062,e96067d0-2220-46b4-8988-d07e6b7e193c,4.069511634999799,6.155648745840387e-05,1.512628425562535e-05,27.361007149365808,64.79088130168591,20.0,2.651081065307634e-05,0.00011247008997600227,2.2605888866665796e-05,0.0001615867894957444,0.0,Germany,DEU,baden-wurttemberg,,,Linux-7.0.0-31-generic-x86_64-with-glibc2.43,3.14.4,3.3.0,24,Intel(R) Core(TM) Ultra 9 285K,1,1 x NVIDIA GeForce RTX 5090,9.1827,48.767,60.81614303588867,machine,0.0,0.0,0.0,0.0,N
rollout_4,2026-09-07T13:19:43,sac_HalfCheetah-v5_seed85062,e96067d0-2220-46b4-8988-d07e6b7e193c,0.21323046199995588,2.3840486267952135e-06,1.1180041697243341e-05,27.2261908109038,64.36269607169616,20.0,1.5394226204300254e-06,3.534169494001649e-06,1.1845746444476887e-06,6.25816675887958e-06,0.0,Germany,DEU,baden-wurttemberg,,,Linux-7.0.0-31-generic-x86_64-with-glibc2.43,3.14.4,3.3.0,24,Intel(R) Core(TM) Ultra 9 285K,1,1 x NVIDIA GeForce RTX 5090,9.1827,48.767,60.81614303588867,machine,0.0,0.0,0.0,0.0,N
gradient_updates_4,2026-09-07T13:19:47,sac_HalfCheetah-v5_seed85062,e96067d0-2220-46b4-8988-d07e6b7e193c,3.9741756749999695,6.131863832783252e-05,1.5429305978296032e-05,27.097600388024976,67.16708002952701,20.0,2.759972680198633e-05,0.000111286755695994,2.207594912777798e-05,0.0001609624316257583,0.0,Germany,DEU,baden-wurttemberg,,,Linux-7.0.0-31-generic-x86_64-with-glibc2.43,3.14.4,3.3.0,24,Intel(R) Core(TM) Ultra 9 285K,1,1 x NVIDIA GeForce RTX 5090,9.1827,48.767,60.81614303588867,machine,0.0,0.0,0.0,0.0,N
rollout_5,2026-09-07T13:19:47,sac_HalfCheetah-v5_seed85062,e96067d0-2220-46b4-8988-d07e6b7e193c,0.20808599599968147,2.529907931631383e-06,1.2157268630874974e-05,27.459904964677644,66.82531257007534,20.0,1.8791503922088726e-06,3.6061139959964184e-06,1.155785438888596e-06,6.6410498270937784e-06,0.0,Germany,DEU,baden-wurttemberg,,,Linux-7.0.0-31-generic-x86_64-with-glibc2.43,3.14.4,3.3.0,24,Intel(R) Core(TM) Ultra 9 285K,1,1 x NVIDIA GeForce RTX 5090,9.1827,48.767,60.81614303588867,machine,0.0,0.0,0.0,0.0,N
gradient_updates_5,2026-09-07T13:19:51,sac_HalfCheetah-v5_seed85062,e96067d0-2220-46b4-8988-d07e6b7e193c,3.962935032999667,6.026207632309731e-05,1.5206486794487254e-05,27.654009901843576,68.95195218312301,20.0,2.7507920061873442e-05,0.00010866730915601308,2.2013709811113187e-05,0.0001581889390289996,0.0,Germany,DEU,baden-wurttemberg,,,Linux-7.0.0-31-generic-x86_64-with-glibc2.43,3.14.4,3.3.0,24,Intel(R) Core(TM) Ultra 9 285K,1,1 x NVIDIA GeForce RTX 5090,9.1827,48.767,60.81614303588867,machine,0.0,0.0,0.0,0.0,N
rollout_6,2026-09-07T13:19:51,sac_HalfCheetah-v5_seed85062,e96067d0-2220-46b4-8988-d07e6b7e193c,0.20749690599950554,2.854905473773919e-06,1.3757251679174015e-05,27.886774793703715,69.5421906095414,20.0,1.8262872943618225e-06,4.516114723990272e-06,1.1517716888899973e-06,7.4941737072419835e-06,0.0,Germany,DEU,baden-wurttemberg,,,Linux-7.0.0-31-generic-x86_64-with-glibc2.43,3.14.4,3.3.0,24,Intel(R) Core(TM) Ultra 9 285K,1,1 x NVIDIA GeForce RTX 5090,9.1827,48.767,60.81614303588867,machine,0.0,0.0,0.0,0.0,N
gradient_updates_6,2026-09-07T13:19:55,sac_HalfCheetah-v5_seed85062,e96067d0-2220-46b4-8988-d07e6b7e193c,3.989130203000059,6.122451130222248e-05,1.5347858684010422e-05,28.002678915057277,71.31873235453408,20.0,2.804185798902306e-05,0.00011051425507800638,2.2159233572220812e-05,0.00016071534663925037,0.0,Germany,DEU,baden-wurttemberg,,,Linux-7.0.0-31-generic-x86_64-with-glibc2.43,3.14.4,3.3.0,24,Intel(R) Core(TM) Ultra 9 285K,1,1 x NVIDIA GeForce RTX 5090,9.1827,48.767,60.81614303588867,machine,0.0,0.0,0.0,0.0,N
rollout_7,2026-09-07T13:19:55,sac_HalfCheetah-v5_seed85062,e96067d0-2220-46b4-8988-d07e6b7e193c,0.2077357939997455,2.8460369375519004e-06,1.3699480182449754e-05,28.196270471527136,71.67450359776598,20.0,1.8349170234875645e-06,4.482781364001376e-06,1.153195266670069e-06,7.470893654159226e-06,0.0,Germany,DEU,baden-wurttemberg,,,Linux-7.0.0-31-generic-x86_64-with-glibc2.43,3.14.4,3.3.0,24,Intel(R) Core(TM) Ultra 9 285K,1,1 x NVIDIA GeForce RTX 5090,9.1827,48.767,60.81614303588867,machine,0.0,0.0,0.0,0.0,N
gradient_updates_7,2026-09-07T13:19:59,sac_HalfCheetah-v5_seed85062,e96067d0-2220-46b4-8988-d07e6b7e193c,3.994391333999374,6.128544993670953e-05,1.5342902338742737e-05,28.289440646903856,73.14339819859258,20.0,2.8201278394337365e-05,0.00011048508838799875,2.2188944772223154e-05,0.0001608753115545595,0.0,Germany,DEU,baden-wurttemberg,,,Linux-7.0.0-31-generic-x86_64-with-glibc2.43,3.14.4,3.3.0,24,Intel(R) Core(TM) Ultra 9 285K,1,1 x NVIDIA GeForce RTX 5090,9.1827,48.767,60.81614303588867,machine,0.0,0.0,0.0,0.0,N
rollout_8,2026-09-07T13:20:00,sac_HalfCheetah-v5_seed85062,e96067d0-2220-46b4-8988-d07e6b7e193c,0.22051104300044244,3.6436716443479997e-06,1.6523661656978855e-05,28.548499503660356,74.61463822182905,20.0,2.068884710659802e-06,6.273060574005229e-06,1.2227525611100505e-06,9.56469784577519e-06,0.0,Germany,DEU,baden-wurttemberg,,,Linux-7.0.0-31-generic-x86_64-with-glibc2.43,3.14.4,3.3.0,24,Intel(R) Core(TM) Ultra 9 285K,1,1 x NVIDIA GeForce RTX 5090,9.1827,48.767,60.81614303588867,machine,0.0,0.0,0.0,0.0,N
gradient_updates_8,2026-09-07T13:20:04,sac_HalfCheetah-v5_seed85062,e96067d0-2220-46b4-8988-d07e6b7e193c,4.066185800999847,6.0772737231712046e-05,1.4945897991451178e-05,28.687350918353403,75.71863727457819,20.0,2.6487770079085954e-05,0.00011045397725199801,2.2587684961111612e-05,0.0001595294322921958,0.0,Germany,DEU,baden-wurttemberg,,,Linux-7.0.0-31-generic-x86_64-with-glibc2.43,3.14.4,3.3.0,24,Intel(R) Core(TM) Ultra 9 285K,1,1 x NVIDIA GeForce RTX 5090,9.1827,48.767,60.81614303588867,machine,0.0,0.0,0.0,0.0,N
rollout_9,2026-09-07T13:20:04,sac_HalfCheetah-v5_seed85062,e96067d0-2220-46b4-8988-d07e6b7e193c,0.205862748999607,2.8741165146520253e-06,1.3960502311003442e-05,28.86462422662112,75.87117397250667,20.0,1.8820326167338919e-06,4.519725837995314e-06,1.1428445500010972e-06,7.544603004730303e-06,0.0,Germany,DEU,baden-wurttemberg,,,Linux-7.0.0-31-generic-x86_64-with-glibc2.43,3.14.4,3.3.0,24,Intel(R) Core(TM) Ultra 9 285K,1,1 x NVIDIA GeForce RTX 5090,9.1827,48.767,60.81614303588867,machine,0.0,0.0,0.0,0.0,N
gradient_updates_9,2026-09-07T13:20:08,sac_HalfCheetah-v5_seed85062,e96067d0-2220-46b4-8988-d07e6b7e193c,3.9787165829993683,6.142679102577814e-05,1.54388864018822e-05,28.948821908742797,76.93994245284102,20.0,2.8133122228702484e-05,0.00011101147769800035,2.2101734305553927e-05,0.00016124633423225676,0.0,Germany,DEU,baden-wurttemberg,,,Linux-7.0.0-31-generic-x86_64-with-glibc2.43,3.14.4,3.3.0,24,Intel(R) Core(TM) Ultra 9 285K,1,1 x NVIDIA GeForce RTX 5090,9.1827,48.767,60.81614303588867,machine,0.0,0.0,0.0,0.0,N
rollout_10,2026-09-07T13:20:08,sac_HalfCheetah-v5_seed85062,e96067d0-2220-46b4-8988-d07e6b7e193c,0.21093682599985186,2.8161913385249884e-06,1.3349409328449227e-05,29.094937486449023,76.79759880003252,20.0,1.920484591945437e-06,4.302225663999071e-06,1.1698382111110638e-06,7.392548467055789e-06,0.0,Germany,DEU,baden-wurttemberg,,,Linux-7.0.0-31-generic-x86_64-with-glibc2.43,3.14.4,3.3.0,24,Intel(R) Core(TM) Ultra 9 285K,1,1 x NVIDIA GeForce RTX 5090,9.1827,48.767,60.81614303588867,machine,0.0,0.0,0.0,0.0,N
gradient_updates_10,2026-09-07T13:20:12,sac_HalfCheetah-v5_seed85062,e96067d0-2220-46b4-8988-d07e6b7e193c,3.996034089999739,6.155874809320107e-05,1.5405006813466186e-05,29.15847598717366,77.73406252796968,20.0,2.8171218648072316e-05,0.0001112237000899935,2.2197804961110196e-05,0.000161592723699176,0.0,Germany,DEU,baden-wurttemberg,,,Linux-7.0.0-31-generic-x86_64-with-glibc2.43,3.14.4,3.3.0,24,Intel(R) Core(TM) Ultra 9 285K,1,1 x NVIDIA GeForce RTX 5090,9.1827,48.767,60.81614303588867,machine,0.0,0.0,0.0,0.0,N
rollout_11,2026-09-07T13:20:12,sac_HalfCheetah-v5_seed85062,e96067d0-2220-46b4-8988-d07e6b7e193c,0.20432486200024869,2.823633090826179e-06,1.3818609033041413e-05,29.224945499228525,77.80009500499784,20.0,1.7706266942779658e-06,4.507225827996009e-06,1.1342306666645543e-06,7.41208318893842e-06,0.0,Germany,DEU,baden-wurttemberg,,,Linux-7.0.0-31-generic-x86_64-with-glibc2.43,3.14.4,3.3.0,24,Intel(R) Core(TM) Ultra 9 285K,1,1 x NVIDIA GeForce RTX 5090,9.1827,48.767,60.81614303588867,machine,0.0,0.0,0.0,0.0,N
gradient_updates_11,2026-09-07T13:20:16,sac_HalfCheetah-v5_seed85062,e96067d0-2220-46b4-8988-d07e6b7e193c,3.9938581809992684,6.124877441897976e-05,1.533576620330748e-05,29.23049004463635,78.62535420424867,20.0,2.7569633166798363e-05,0.00011102342215200955,2.2185982399999652e-05,0.00016077903771880746,0.0,Germany,DEU,baden-wurttemberg,,,Linux-7.0.0-31-generic-x86_64-with-glibc2.43,3.14.4,3.3.0,24,Intel(R) Core(TM) Ultra 9 285K,1,1 x NVIDIA GeForce RTX 5090,9.1827,48.767,60.81614303588867,machine,0.0,0.0,0.0,0.0,N
rollout_12,2026-09-07T13:20:16,sac_HalfCheetah-v5_seed85062,e96067d0-2220-46b4-8988-d07e6b7e193c,0.20463624199965125,2.8163218774069926e-06,1.3761812525157707e-05,29.325762749246014,78.60099220049662,20.0,1.8313736873214193e-06,4.426114651998048e-06,1.1354027944435055e-06,7.392891133762864e-06,0.0,Germany,DEU,baden-wurttemberg,,,Linux-7.0.0-31-generic-x86_64-with-glibc2.43,3.14.4,3.3.0,24,Intel(R) Core(TM) Ultra 9 285K,1,1 x NVIDIA GeForce RTX 5090,9.1827,48.767,60.81614303588867,machine,0.0,0.0,0.0,0.0,N
gradient_updates_12,2026-09-07T13:20:20,sac_HalfCheetah-v5_seed85062,e96067d0-2220-46b4-8988-d07e6b7e193c,3.9865694760001134,6.154828668255316e-05,1.5438941872067295e-05,29.361200971963104,79.34493701651981,20.0,2.849548418525777e-05,0.00011092425540600026,2.2145522733333397e-05,0.00016156526232459154,0.0,Germany,DEU,baden-wurttemberg,,,Linux-7.0.0-31-generic-x86_64-with-glibc2.43,3.14.4,3.3.0,24,Intel(R) Core(TM) Ultra 9 285K,1,1 x NVIDIA GeForce RTX 5090,9.1827,48.767,60.81614303588867,machine,0.0,0.0,0.0,0.0,N
rollout_13,2026-09-07T13:20:21,sac_HalfCheetah-v5_seed85062,e96067d0-2220-46b4-8988-d07e6b7e193c,0.20405726400076674,2.839044042207521e-06,1.3912328590933827e-05,29.439749557906104,79.34994025320876,20.0,1.8158775638155156e-06,4.503892491999895e-06,1.1327671333371484e-06,7.452537189152342e-06,0.0,Germany,DEU,baden-wurttemberg,,,Linux-7.0.0-31-generic-x86_64-with-glibc2.43,3.14.4,3.3.0,24,Intel(R) Core(TM) Ultra 9 285K,1,1 x NVIDIA GeForce RTX 5090,9.1827,48.767,60.81614303588867,machine,0.0,0.0,0.0,0.0,N
gradient_updates_13,2026-09-07T13:20:25,sac_HalfCheetah-v5_seed85062,e96067d0-2220-46b4-8988-d07e6b7e193c,3.995070908999878,6.14192681036524e-05,1.5373776797643885e-05,29.460983583727703,80.01741473302843,20.0,2.8022852418260052e-05,0.00011101119991999142,2.2192534100001185e-05,0.00016122658643825255,0.0,Germany,DEU,baden-wurttemberg,,,Linux-7.0.0-31-generic-x86_64-with-glibc2.43,3.14.4,3.3.0,24,Intel(R) Core(TM) Ultra 9 285K,1,1 x NVIDIA GeForce RTX 5090,9.1827,48.767,60.81614303588867,machine,0.0,0.0,0.0,0.0,N
rollout_14,2026-09-07T13:20:25,sac_HalfCheetah-v5_seed85062,e96067d0-2220-46b4-8988-d07e6b7e193c,0.20505644500008202,2.8287606595317483e-06,1.3793428354830007e-05,29.545714643129504,79.95203859327047,20.0,1.8508539806824653e-06,4.436392438009196e-06,1.1382967222238602e-06,7.425543140915196e-06,0.0,Germany,DEU,baden-wurttemberg,,,Linux-7.0.0-31-generic-x86_64-with-glibc2.43,3.14.4,3.3.0,24,Intel(R) Core(TM) Ultra 9 285K,1,1 x NVIDIA GeForce RTX 5090,9.1827,48.767,60.81614303588867,machine,0.0,0.0,0.0,0.0,N
gradient_updates_14,2026-09-07T13:20:29,sac_HalfCheetah-v5_seed85062,e96067d0-2220-46b4-8988-d07e6b7e193c,4.020244319000085,6.145277540843476e-05,1.528588945960625e-05,29.567565156320722,80.61423615809375,20.0,2.5300485795926725e-05,0.0001136812020560013,2.2332855811110796e-05,0.00016131454366303914,0.0,Germany,DEU,baden-wurttemberg,,,Linux-7.0.0-31-generic-x86_64-with-glibc2.43,3.14.4,3.3.0,24,Intel(R) Core(TM) Ultra 9 285K,1,1 x NVIDIA GeForce RTX 5090,9.1827,48.767,60.81614303588867,machine,0.0,0.0,0.0,0.0,N
rollout_15,2026-09-07T13:20:29,sac_HalfCheetah-v5_seed85062,e96067d0-2220-46b4-8988-d07e6b7e193c,0.21161349099929794,2.3793243752504543e-06,1.1243608604684194e-05,29.442741470135985,80.02135288780863,20.0,1.5069045388518831e-06,3.5611139599933672e-06,1.1777470222215257e-06,6.2457655210668844e-06,0.0,Germany,DEU,baden-wurttemberg,,,Linux-7.0.0-31-generic-x86_64-with-glibc2.43,3.14.4,3.3.0,24,Intel(R) Core(TM) Ultra 9 285K,1,1 x NVIDIA GeForce RTX 5090,9.1827,48.767,60.81614303588867,machine,0.0,0.0,0.0,0.0,N
gradient_updates_15,2026-09-07T13:20:33,sac_HalfCheetah-v5_seed85062,e96067d0-2220-46b4-8988-d07e6b7e193c,3.9890187780001725,6.228996442455637e-05,1.5615382572334627e-05,29.332911387526547,80.62466222699798,20.0,2.9294212602018477e-05,0.00011205870075800539,2.215926520555316e-05,0.0001635121785655766,0.0,Germany,DEU,baden-wurttemberg,,,Linux-7.0.0-31-generic-x86_64-with-glibc2.43,3.14.4,3.3.0,24,Intel(R) Core(TM) Ultra 9 285K,1,1 x NVIDIA GeForce RTX 5090,9.1827,48.767,60.81614303588867,machine,0.0,0.0,0.0,0.0,N
rollout_16,2026-09-07T13:20:33,sac_HalfCheetah-v5_seed85062,e96067d0-2220-46b4-8988-d07e6b7e193c,0.20404421700004605,2.643045815131943e-06,1.295244761646885e-05,29.427996781277702,80.31163461128219,20.0,1.875437611459363e-06,3.929725366003112e-06,1.1328756500006854e-06,6.938038627462943e-06,0.0,Germany,DEU,baden-wurttemberg,,,Linux-7.0.0-31-generic-x86_64-with-glibc2.43,3.14.4,3.3.0,24,Intel(R) Core(TM) Ultra 9 285K,1,1 x NVIDIA GeForce RTX 5090,9.1827,48.767,60.81614303588867,machine,0.0,0.0,0.0,0.0,N
gradient_updates_16,2026-09-07T13:20:37,sac_HalfCheetah-v5_seed85062,e96067d0-2220-46b4-8988-d07e6b7e193c,3.96789329800049,6.174833408589125e-05,1.5562051624140846e-05,29.46582616305461,80.89854230371093,20.0,2.76155451479701e-05,0.00011243508994798757,2.2039754944444263e-05,0.00016209039004040204,0.0,Germany,DEU,baden-wurttemberg,,,Linux-7.0.0-31-generic-x86_64-with-glibc2.43,3.14.4,3.3.0,24,Intel(R) Core(TM) Ultra 9 285K,1,1 x NVIDIA GeForce RTX 5090,9.1827,48.767,60.81614303588867,machine,0.0,0.0,0.0,0.0,N
rollout_17,2026-09-07T13:20:37,sac_HalfCheetah-v5_seed85062,e96067d0-2220-46b4-8988-d07e6b7e193c,0.20536107099997025,2.5343864093947156e-06,1.2340603923347712e-05,29.519670608131445,80.47595403583045,20.0,1.8158775638085767e-06,3.696947402001549e-06,1.1399809388876712e-06,6.652805904698231e-06,0.0,Germany,DEU,baden-wurttemberg,,,Linux-7.0.0-31-generic-x86_64-with-glibc2.43,3.14.4,3.3.0,24,Intel(R) Core(TM) Ultra 9 285K,1,1 x NVIDIA GeForce RTX 5090,9.1827,48.767,60.81614303588867,machine,0.0,0.0,0.0,0.0,N
gradient_updates_17,2026-09-07T13:20:41,sac_HalfCheetah-v5_seed85062,e96067d0-2220-46b4-8988-d07e6b7e193c,3.989766545000748,6.210894529365949e-05,1.556711934934764e-05,29.53221131295514,81.01785352930577,20.0,2.8273892896873293e-05,0.00011260036785801231,2.2162739622222567e-05,0.0001630370003771085,0.0,Germany,DEU,baden-wurttemberg,,,Linux-7.0.0-31-generic-x86_64-with-glibc2.43,3.14.4,3.3.0,24,Intel(R) Core(TM) Ultra 9 285K,1,1 x NVIDIA GeForce RTX 5090,9.1827,48.767,60.81614303588867,machine,0.0,0.0,0.0,0.0,N
rollout_18,2026-09-07T13:20:42,sac_HalfCheetah-v5_seed85062,e96067d0-2220-46b4-8988-d07e6b7e193c,0.20532660499975464,2.5607505283694633e-06,1.246999223962608e-05,29.600330298664016,80.62645167394498,20.0,1.8580423197626927e-06,3.724725202006174e-06,1.139244627777064e-06,6.722012149545931e-06,0.0,Germany,DEU,baden-wurttemberg,,,Linux-7.0.0-31-generic-x86_64-with-glibc2.43,3.14.4,3.3.0,24,Intel(R) Core(TM) Ultra 9 285K,1,1 x NVIDIA GeForce RTX 5090,9.1827,48.767,60.81614303588867,machine,0.0,0.0,0.0,0.0,N
gradient_updates_18,2026-09-07T13:20:46,sac_HalfCheetah-v5_seed85062,e96067d0-2220-46b4-8988-d07e6b7e193c,4.038323546999891,6.113641624493613e-05,1.5139075915062914e-05,29.61923642855031,81.10419273352503,20.0,2.56443335710059e-05,0.00011240675659199284,2.2433005505556386e-05,0.00016048409566855534,0.0,Germany,DEU,baden-wurttemberg,,,Linux-7.0.0-31-generic-x86_64-with-glibc2.43,3.14.4,3.3.0,24,Intel(R) Core(TM) Ultra 9 285K,1,1 x NVIDIA GeForce RTX 5090,9.1827,48.767,60.81614303588867,machine,0.0,0.0,0.0,0.0,N
rollout_19,2026-09-07T13:20:46,sac_HalfCheetah-v5_seed85062,e96067d0-2220-46b4-8988-d07e6b7e193c,0.21142405299997336,2.5864946126489662e-06,1.2233222435803493e-05,29.51450919835194,80.84568908820032,20.0,1.4947653624829138e-06,4.121669963996766e-06,1.1731554666665964e-06,6.789590793146276e-06,0.0,Germany,DEU,baden-wurttemberg,,,Linux-7.0.0-31-generic-x86_64-with-glibc2.43,3.14.4,3.3.0,24,Intel(R) Core(TM) Ultra 9 285K,1,1 x NVIDIA GeForce RTX 5090,9.1827,48.767,60.81614303588867,machine,0.0,0.0,0.0,0.0,N
gradient_updates_19,2026-09-07T13:20:50,sac_HalfCheetah-v5_seed85062,e96067d0-2220-46b4-8988-d07e6b7e193c,3.992387762999897,6.220407283192599e-05,1.558069410164865e-05,29.416294867081636,81.33138430241766,20.0,2.8297222082203366e-05,0.0001128114791379975,2.217801050555365e-05,0.0001632867117257542,0.0,Germany,DEU,baden-wurttemberg,,,Linux-7.0.0-31-generic-x86_64-with-glibc2.43,3.14.4,3.3.0,24,Intel(R) Core(TM) Ultra 9 285K,1,1 x NVIDIA GeForce RTX 5090,9.1827,48.767,60.81614303588867,machine,0.0,0.0,0.0,0.0,N
rollout_20,2026-09-07T13:20:50,sac_HalfCheetah-v5_seed85062,e96067d0-2220-46b4-8988-d07e6b7e193c,0.2109954600000492,2.7322374912394295e-06,1.2948670728293644e-05,29.485467788018173,81.06740536681492,20.0,1.921807370779821e-06,4.080281041998757e-06,1.1700798277767578e-06,7.172168240554902e-06,0.0,Germany,DEU,baden-wurttemberg,,,Linux-7.0.0-31-generic-x86_64-with-glibc2.43,3.14.4,3.3.0,24,Intel(R) Core(TM) Ultra 9 285K,1,1 x NVIDIA GeForce RTX 5090,9.1827,48.767,60.81614303588867,machine,0.0,0.0,0.0,0.0,N
gradient_updates_20,2026-09-07T13:20:54,sac_HalfCheetah-v5_seed85062,e96067d0-2220-46b4-8988-d07e6b7e193c,4.0203493680000975,6.242967335194486e-05,1.552846994301531e-05,29.522447020897815,81.50665267883346,20.0,2.8947347046746896e-05,0.00011259842341200532,2.2333146333332636e-05,0.00016387891679208507,0.0,Germany,DEU,baden-wurttemberg,,,Linux-7.0.0-31-generic-x86_64-with-glibc2.43,3.14.4,3.3.0,24,Intel(R) Core(TM) Ultra 9 285K,1,1 x NVIDIA GeForce RTX 5090,9.1827,48.767,60.81614303588867,machine,0.0,0.0,0.0,0.0,N
rollout_21,2026-09-07T13:20:54,sac_HalfCheetah-v5_seed85062,e96067d0-2220-46b4-8988-d07e6b7e193c,0.20549611400019785,3.530582192504128e-06,1.717975608464072e-05,29.577331252256336,82.12699883102201,20.0,1.8477514781983784e-06,6.279171689993479e-06,1.1409130111082917e-06,9.267836179299715e-06,0.0,Germany,DEU,baden-wurttemberg,,,Linux-7.0.0-31-generic-x86_64-with-glibc2.43,3.14.4,3.3.0,24,Intel(R) Core(TM) Ultra 9 285K,1,1 x NVIDIA GeForce RTX 5090,9.1827,48.767,60.81614303588867,machine,0.0,0.0,0.0,0.0,N
gradient_updates_21,2026-09-07T13:20:58,sac_HalfCheetah-v5_seed85062,e96067d0-2220-46b4-8988-d07e6b7e193c,4.012734291000015,6.125185059663437e-05,1.526439811936655e-05,29.590092600595025,82.54023494405297,20.0,2.5312031360722603e-05,0.00011318397943600733,2.2291101938890293e-05,0.00016078711273562023,0.0,Germany,DEU,baden-wurttemberg,,,Linux-7.0.0-31-generic-x86_64-with-glibc2.43,3.14.4,3.3.0,24,Intel(R) Core(TM) Ultra 9 285K,1,1 x NVIDIA GeForce RTX 5090,9.1827,48.767,60.81614303588867,machine,0.0,0.0,0.0,0.0,N
rollout_22,2026-09-07T13:20:59,sac_HalfCheetah-v5_seed85062,e96067d0-2220-46b4-8988-d07e6b7e193c,0.21380093199968542,2.4050280038137063e-06,1.1247872230489211e-05,29.5150488745963,82.0728712710628,20.0,1.5583095799784341e-06,3.5680584099945234e-06,1.186869977775392e-06,6.313237967747916e-06,0.0,Germany,DEU,baden-wurttemberg,,,Linux-7.0.0-31-generic-x86_64-with-glibc2.43,3.14.4,3.3.0,24,Intel(R) Core(TM) Ultra 9 285K,1,1 x NVIDIA GeForce RTX 5090,9.1827,48.767,60.81614303588867,machine,0.0,0.0,0.0,0.0,N
gradient_updates_22,2026-09-07T13:21:03,sac_HalfCheetah-v5_seed85062,e96067d0-2220-46b4-8988-d07e6b7e193c,4.015201903999696,6.434629265461957e-05,1.602569494600172e-05,29.461449204224234,82.45802350530786,20.0,3.4025174720113405e-05,0.00011258009006399894,2.23048091222255e-05,0.00016891007390633806,0.0,Germany,DEU,baden-wurttemberg,,,Linux-7.0.0-31-generic-x86_64-with-glibc2.43,3.14.4,3.3.0,24,Intel(R) Core(TM) Ultra 9 285K,1,1 x NVIDIA GeForce RTX 5090,9.1827,48.767,60.81614303588867,machine,0.0,0.0,0.0,0.0,N
rollout_23,2026-09-07T13:21:03,sac_HalfCheetah-v5_seed85062,e96067d0-2220-46b4-8988-d07e6b7e193c,0.20384945699970558,2.7050444574979945e-06,1.3269017919385088e-05,29.514073258027057,82.26951465980872,20.0,1.8354934128370082e-06,4.133614418005971e-06,1.1316782500014368e-06,7.1007860808448495e-06,0.0,Germany,DEU,baden-wurttemberg,,,Linux-7.0.0-31-generic-x86_64-with-glibc2.43,3.14.4,3.3.0,24,Intel(R) Core(TM) Ultra 9 285K,1,1 x NVIDIA GeForce RTX 5090,9.1827,48.767,60.81614303588867,machine,0.0,0.0,0.0,0.0,N
gradient_updates_23,2026-09-07T13:21:07,sac_HalfCheetah-v5_seed85062,e96067d0-2220-46b4-8988-d07e6b7e193c,3.950087008999617,6.208162810221506e-05,1.5716552715319148e-05,29.53291869742114,82.67397258992085,20.0,2.81289855587237e-05,0.00011289370142600341,2.1942605316664686e-05,0.00016296529230139158,0.0,Germany,DEU,baden-wurttemberg,,,Linux-7.0.0-31-generic-x86_64-with-glibc2.43,3.14.4,3.3.0,24,Intel(R) Core(TM) Ultra 9 285K,1,1 x NVIDIA GeForce RTX 5090,9.1827,48.767,60.81614303588867,machine,0.0,0.0,0.0,0.0,N
rollout_24,2026-09-07T13:21:07,sac_HalfCheetah-v5_seed85062,e96067d0-2220-46b4-8988-d07e6b7e193c,0.20281146700017416,2.5285957850132434e-06,1.2466868819382275e-05,29.58674365342032,82.33849412686641,20.0,1.839765916254038e-06,3.6722251599979883e-06,1.1256143444421125e-06,6.637605420693922e-06,0.0,Germany,DEU,baden-wurttemberg,,,Linux-7.0.0-31-generic-x86_64-with-glibc2.43,3.14.4,3.3.0,24,Intel(R) Core(TM) Ultra 9 285K,1,1 x NVIDIA GeForce RTX 5090,9.1827,48.767,60.81614303588867,machine,0.0,0.0,0.0,0.0,N
gradient_updates_24,2026-09-07T13:21:11,sac_HalfCheetah-v5_seed85062,e96067d0-2220-46b4-8988-d07e6b7e193c,3.966864431000431,6.085519893898016e-05,1.5340912263303323e-05,29.603141903218322,82.67318954865245,20.0,2.7383645795790723e-05,0.00011031647714199178,2.2045772688887967e-05,0.00015974589562667025,0.0,Germany,DEU,baden-wurttemberg,,,Linux-7.0.0-31-generic-x86_64-with-glibc2.43,3.14.4,3.3.0,24,Intel(R) Core(TM) Ultra 9 285K,1,1 x NVIDIA GeForce RTX 5090,9.1827,48.767,60.81614303588867,machine,0.0,0.0,0.0,0.0,N
rollout_25,2026-09-07T13:21:11,sac_HalfCheetah-v5_seed85062,e96067d0-2220-46b4-8988-d07e6b7e193c,0.20305173699944135,2.846345555438355e-06,1.4016987045084827e-05,29.65482889388441,82.62000251750659,20.0,1.8456320320589525e-06,4.4988924880057235e-06,1.127179261109501e-06,7.471703781174177e-06,0.0,Germany,DEU,baden-wurttemberg,,,Linux-7.0.0-31-generic-x86_64-with-glibc2.43,3.14.4,3.3.0,24,Intel(R) Core(TM) Ultra 9 285K,1,1 x NVIDIA GeForce RTX 5090,9.1827,48.767,60.81614303588867,machine,0.0,0.0,0.0,0.0,N
gradient_updates_25,2026-09-07T13:21:15,sac_HalfCheetah-v5_seed85062,e96067d0-2220-46b4-8988-d07e6b7e193c,4.017909591000716,6.186429409253723e-05,1.5397201046050432e-05,29.67001274140269,82.98385257844987,20.0,2.5540438210111538e-05,0.0001145350916279958,2.2319257122222196e-05,0.0001623947869603291,0.0,Germany,DEU,baden-wurttemberg,,,Linux-7.0.0-31-generic-x86_64-with-glibc2.43,3.14.4,3.3.0,24,Intel(R) Core(TM) Ultra 9 285K,1,1 x NVIDIA GeForce RTX 5090,9.1827,48.767,60.81614303588867,machine,0.0,0.0,0.0,0.0,N
rollout_26,2026-09-07T13:21:15,sac_HalfCheetah-v5_seed85062,e96067d0-2220-46b4-8988-d07e6b7e193c,0.20471455400002014,2.526987628709808e-06,1.2342550165345037e-05,29.718114404617786,82.6502493163553,20.0,1.858618986896876e-06,3.642225136005206e-06,1.1325398611107193e-06,6.6333839840128014e-06,0.0,Germany,DEU,baden-wurttemberg,,,Linux-7.0.0-31-generic-x86_64-with-glibc2.43,3.14.4,3.3.0,24,Intel(R) Core(TM) Ultra 9 285K,1,1 x NVIDIA GeForce RTX 5090,9.1827,48.767,60.81614303588867,machine,0.0,0.0,0.0,0.0,N
gradient_updates_26,2026-09-07T13:21:19,sac_HalfCheetah-v5_seed85062,e96067d0-2220-46b4-8988-d07e6b7e193c,3.977286304999325,6.200249146786534e-05,1.558915101321041e-05,29.73298633142652,82.99308462238149,20.0,2.7824318926103486e-05,0.00011284814583399638,2.208509257777924e-05,0.00016275755733787933,0.0,Germany,DEU,baden-wurttemberg,,,Linux-7.0.0-31-generic-x86_64-with-glibc2.43,3.14.4,3.3.0,24,Intel(R) Core(TM) Ultra 9 285K,1,1 x NVIDIA GeForce RTX 5090,9.1827,48.767,60.81614303588867,machine,0.0,0.0,0.0,0.0,N
rollout_27,2026-09-07T13:21:20,sac_HalfCheetah-v5_seed85062,e96067d0-2220-46b4-8988-d07e6b7e193c,0.2025689690008221,2.5234678259775448e-06,1.2456753145845854e-05,29.761969787062792,82.700500213336,20.0,1.7859533732109134e-06,3.7136140819959973e-06,1.1245769888875747e-06,6.624144444094052e-06,0.0,Germany,DEU,baden-wurttemberg,,,Linux-7.0.0-31-generic-x86_64-with-glibc2.43,3.14.4,3.3.0,24,Intel(R) Core(TM) Ultra 9 285K,1,1 x NVIDIA GeForce RTX 5090,9.1827,48.767,60.81614303588867,machine,0.0,0.0,0.0,0.0,N
gradient_updates_27,2026-09-07T13:21:24,sac_HalfCheetah-v5_seed85062,e96067d0-2220-46b4-8988-d07e6b7e193c,3.986374052999963,6.119362691425073e-05,1.535072675639759e-05,29.76558443233315,82.98359548327431,20.0,2.8427124686127014e-05,0.00011006286582800062,2.21442840999972e-05,0.00016063427461412462,0.0,Germany,DEU,baden-wurttemberg,,,Linux-7.0.0-31-generic-x86_64-with-glibc2.43,3.14.4,3.3.0,24,Intel(R) Core(TM) Ultra 9 285K,1,1 x NVIDIA GeForce RTX 5090,9.1827,48.767,60.81614303588867,machine,0.0,0.0,0.0,0.0,N
rollout_28,2026-09-07T13:21:24,sac_HalfCheetah-v5_seed85062,e96067d0-2220-46b4-8988-d07e6b7e193c,0.2041020260003279,3.525668228067814e-06,1.727319763314708e-05,29.810226332149355,83.44294946069643,20.0,1.85780537513211e-06,6.264171678010966e-06,1.1329598888904207e-06,9.254936942033713e-06,0.0,Germany,DEU,baden-wurttemberg,,,Linux-7.0.0-31-generic-x86_64-with-glibc2.43,3.14.4,3.3.0,24,Intel(R) Core(TM) Ultra 9 285K,1,1 x NVIDIA GeForce RTX 5090,9.1827,48.767,60.81614303588867,machine,0.0,0.0,0.0,0.0,N
gradient_updates_28,2026-09-07T13:21:28,sac_HalfCheetah-v5_seed85062,e96067d0-2220-46b4-8988-d07e6b7e193c,4.022858180000185,6.142251973389763e-05,1.5268406094708862e-05,29.824275451239053,83.72621350146535,20.0,2.6340438294556595e-05,0.00011254703448199121,2.2347649244445784e-05,0.00016123512202099403,0.0,Germany,DEU,baden-wurttemberg,,,Linux-7.0.0-31-generic-x86_64-with-glibc2.43,3.14.4,3.3.0,24,Intel(R) Core(TM) Ultra 9 285K,1,1 x NVIDIA GeForce RTX 5090,9.1827,48.767,60.81614303588867,machine,0.0,0.0,0.0,0.0,N
rollout_29,2026-09-07T13:21:28,sac_HalfCheetah-v5_seed85062,e96067d0-2220-46b4-8988-d07e6b7e193c,0.21501436200014723,2.51004429296757e-06,1.1673835575753567e-05,29.739990767965466,83.4330009181745,20.0,1.4829653530376574e-06,3.912503130004685e-06,1.1934389666698984e-06,6.5889074497118075e-06,0.0,Germany,DEU,baden-wurttemberg,,,Linux-7.0.0-31-generic-x86_64-with-glibc2.43,3.14.4,3.3.0,24,Intel(R) Core(TM) Ultra 9 285K,1,1 x NVIDIA GeForce RTX 5090,9.1827,48.767,60.81614303588867,machine,0.0,0.0,0.0,0.0,N
gradient_updates_29,2026-09-07T13:21:32,sac_HalfCheetah-v5_seed85062,e96067d0-2220-46b4-8988-d07e6b7e193c,3.9881671929997538,6.161441865172286e-05,1.544934013631597e-05,29.657713143932153,83.72079338442896,20.0,2.7078063884654335e-05,0.00011250647889399223,2.215431705000011e-05,0.00016173885982864646,0.0,Germany,DEU,baden-wurttemberg,,,Linux-7.0.0-31-generic-x86_64-with-glibc2.43,3.14.4,3.3.0,24,Intel(R) Core(TM) Ultra 9 285K,1,1 x NVIDIA GeForce RTX 5090,9.1827,48.767,60.81614303588867,machine,0.0,0.0,0.0,0.0,N
rollout_30,2026-09-07T13:21:32,sac_HalfCheetah-v5_seed85062,e96067d0-2220-46b4-8988-d07e6b7e193c,0.20865038400006597,2.624413515572594e-06,1.2576466564683963e-05,29.69165725516573,83.45683445448195,20.0,1.8631628794195387e-06,3.868614206009591e-06,1.1573514500013739e-06,6.889128535430937e-06,0.0,Germany,DEU,baden-wurttemberg,,,Linux-7.0.0-31-generic-x86_64-with-glibc2.43,3.14.4,3.3.0,24,Intel(R) Core(TM) Ultra 9 285K,1,1 x NVIDIA GeForce RTX 5090,9.1827,48.767,60.81614303588867,machine,0.0,0.0,0.0,0.0,N
gradient_updates_30,2026-09-07T13:21:36,sac_HalfCheetah-v5_seed85062,e96067d0-2220-46b4-8988-d07e6b7e193c,3.9920633880001333,6.200645303159084e-05,1.553251625130592e-05,29.698646171696694,83.73737380650385,20.0,2.7839865882988563e-05,0.00011275314575799611,2.2174944866669086e-05,0.00016276795650765376,0.0,Germany,DEU,baden-wurttemberg,,,Linux-7.0.0-31-generic-x86_64-with-glibc2.43,3.14.4,3.3.0,24,Intel(R) Core(TM) Ultra 9 285K,1,1 x NVIDIA GeForce RTX 5090,9.1827,48.767,60.81614303588867,machine,0.0,0.0,0.0,0.0,N
rollout_31,2026-09-07T13:21:36,sac_HalfCheetah-v5_seed85062,e96067d0-2220-46b4-8988-d07e6b7e193c,0.2105113830002665,2.6172801093895734e-06,1.243206568499852e-05,29.6374419364918,83.55201550999789,20.0,1.5170092691647874e-06,4.183614458003193e-06,1.1697794999993537e-06,6.870403227167768e-06,0.0,Germany,DEU,baden-wurttemberg,,,Linux-7.0.0-31-generic-x86_64-with-glibc2.43,3.14.4,3.3.0,24,Intel(R) Core(TM) Ultra 9 285K,1,1 x NVIDIA GeForce RTX 5090,9.1827,48.767,60.81614303588867,machine,0.0,0.0,0.0,0.0,N
gradient_updates_31,2026-09-07T13:21:40,sac_HalfCheetah-v5_seed85062,e96067d0-2220-46b4-8988-d07e6b7e193c,3.977801823999471,6.212062517800283e-05,1.561684404886091e-05,29.579049632069648,83.82213910779811,20.0,2.8658379871131928e-05,0.0001123120342940015,2.2097246099999973e-05,0.0001630676602651336,0.0,Germany,DEU,baden-wurttemberg,,,Linux-7.0.0-31-generic-x86_64-with-glibc2.43,3.14.4,3.3.0,24,Intel(R) Core(TM) Ultra 9 285K,1,1 x NVIDIA GeForce RTX 5090,9.1827,48.767,60.81614303588867,machine,0.0,0.0,0.0,0.0,N
rollout_32,2026-09-07T13:21:41,sac_HalfCheetah-v5_seed85062,e96067d0-2220-46b4-8988-d07e6b7e193c,0.20503686899974127,2.6269366994171803e-06,1.2812126177190404e-05,29.632312101639048,83.58433030872072,20.0,1.9094134719732647e-06,3.848891968000201e-06,1.1374464944462464e-06,6.895751934419929e-06,0.0,Germany,DEU,baden-wurttemberg,,,Linux-7.0.0-31-generic-x86_64-with-glibc2.43,3.14.4,3.3.0,24,Intel(R) Core(TM) Ultra 9 285K,1,1 x NVIDIA GeForce RTX 5090,9.1827,48.767,60.81614303588867,machine,0.0,0.0,0.0,0.0,N
gradient_updates_32,2026-09-07T13:21:45,sac_HalfCheetah-v5_seed85062,e96067d0-2220-46b4-8988-d07e6b7e193c,3.9579693059995407,6.177881153602866e-05,1.5608737194756137e-05,29.65527684993591,83.85464293391067,20.0,2.779103778836542e-05,0.0001123928676920044,2.1986488366665998e-05,0.00016217039384703626,0.0,Germany,DEU,baden-wurttemberg,,,Linux-7.0.0-31-generic-x86_64-with-glibc2.43,3.14.4,3.3.0,24,Intel(R) Core(TM) Ultra 9 285K,1,1 x NVIDIA GeForce RTX 5090,9.1827,48.767,60.81614303588867,machine,0.0,0.0,0.0,0.0,N
rollout_33,2026-09-07T13:21:45,sac_HalfCheetah-v5_seed85062,e96067d0-2220-46b4-8988-d07e6b7e193c,0.21069380800054205,2.4441201218312024e-06,1.1599690904476172e-05,29.61000566776551,83.55508535097778,20.0,1.5658543082372467e-06,3.680002943998173e-06,1.1699981666676764e-06,6.415855418903313e-06,0.0,Germany,DEU,baden-wurttemberg,,,Linux-7.0.0-31-generic-x86_64-with-glibc2.43,3.14.4,3.3.0,24,Intel(R) Core(TM) Ultra 9 285K,1,1 x NVIDIA GeForce RTX 5090,9.1827,48.767,60.81614303588867,machine,0.0,0.0,0.0,0.0,N
gradient_updates_33,2026-09-07T13:21:49,sac_HalfCheetah-v5_seed85062,e96067d0-2220-46b4-8988-d07e6b7e193c,3.9749531299994487,6.126131832966033e-05,1.541186398869917e-05,29.566253712429752,83.77377249248413,20.0,2.933632680237816e-05,0.00010939453195998872,2.2081106927776496e-05,0.0001608119656901436,0.0,Germany,DEU,baden-wurttemberg,,,Linux-7.0.0-31-generic-x86_64-with-glibc2.43,3.14.4,3.3.0,24,Intel(R) Core(TM) Ultra 9 285K,1,1 x NVIDIA GeForce RTX 5090,9.1827,48.767,60.81614303588867,machine,0.0,0.0,0.0,0.0,N
rollout_34,2026-09-07T13:21:49,sac_HalfCheetah-v5_seed85062,e96067d0-2220-46b4-8988-d07e6b7e193c,0.2024331449993042,3.5163199601814625e-06,1.7368152844377936e-05,29.61605914102253,84.14849594746946,20.0,1.8829312285646715e-06,6.2238938680070355e-06,1.1235724888896369e-06,9.23039758546091e-06,0.0,Germany,DEU,baden-wurttemberg,,,Linux-7.0.0-31-generic-x86_64-with-glibc2.43,3.14.4,3.3.0,24,Intel(R) Core(TM) Ultra 9 285K,1,1 x NVIDIA GeForce RTX 5090,9.1827,48.767,60.81614303588867,machine,0.0,0.0,0.0,0.0,N
gradient_updates_34,2026-09-07T13:21:53,sac_HalfCheetah-v5_seed85062,e96067d0-2220-46b4-8988-d07e6b7e193c,3.9824696369996673,6.091367164231783e-05,1.5295494658138975e-05,29.63869023097287,84.3508810020835,20.0,2.835174657026679e-05,0.00010942480976199043,2.212283109999792e-05,0.00015989938743225535,0.0,Germany,DEU,baden-wurttemberg,,,Linux-7.0.0-31-generic-x86_64-with-glibc2.43,3.14.4,3.3.0,24,Intel(R) Core(TM) Ultra 9 285K,1,1 x NVIDIA GeForce RTX 5090,9.1827,48.767,60.81614303588867,machine,0.0,0.0,0.0,0.0,N
rollout_35,2026-09-07T13:21:53,sac_HalfCheetah-v5_seed85062,e96067d0-2220-46b4-8988-d07e6b7e193c,0.2106830170005196,2.7587939033504524e-06,1.309392308369022e-05,29.59309753939602,84.25551414385656,20.0,1.5519856860352066e-06,4.5205591720082205e-06,1.1693343999973592e-06,7.241879258040353e-06,0.0,Germany,DEU,baden-wurttemberg,,,Linux-7.0.0-31-generic-x86_64-with-glibc2.43,3.14.4,3.3.0,24,Intel(R) Core(TM) Ultra 9 285K,1,1 x NVIDIA GeForce RTX 5090,9.1827,48.767,60.81614303588867,machine,0.0,0.0,0.0,0.0,N
gradient_updates_35,2026-09-07T13:21:57,sac_HalfCheetah-v5_seed85062,e96067d0-2220-46b4-8988-d07e6b7e193c,4.026317652000216,6.139960027169277e-05,1.5249594472566853e-05,29.54279064303179,84.46558801202619,20.0,2.6911692640449458e-05,0.00011188842284401423,2.237484257221786e-05,0.00016117495805668177,0.0,Germany,DEU,baden-wurttemberg,,,Linux-7.0.0-31-generic-x86_64-with-glibc2.43,3.14.4,3.3.0,24,Intel(R) Core(TM) Ultra 9 285K,1,1 x NVIDIA GeForce RTX 5090,9.1827,48.767,60.81614303588867,machine,0.0,0.0,0.0,0.0,N
rollout_36,2026-09-07T13:21:57,sac_HalfCheetah-v5_seed85062,e96067d0-2220-46b4-8988-d07e6b7e193c,0.20324462200005655,2.6202594263840737e-06,1.289135129194613e-05,29.58880621089025,84.25542502186542,20.0,1.884236785165e-06,3.865558647994649e-06,1.1284285499995033e-06,6.878223983158502e-06,0.0,Germany,DEU,baden-wurttemberg,,,Linux-7.0.0-31-generic-x86_64-with-glibc2.43,3.14.4,3.3.0,24,Intel(R) Core(TM) Ultra 9 285K,1,1 x NVIDIA GeForce RTX 5090,9.1827,48.767,60.81614303588867,machine,0.0,0.0,0.0,0.0,N
gradient_updates_36,2026-09-07T13:22:01,sac_HalfCheetah-v5_seed85062,e96067d0-2220-46b4-8988-d07e6b7e193c,4.016175409000425,6.077827234437453e-05,1.5133403454750056e-05,29.608885659791586,84.45333101656807,20.0,2.624608821907501e-05,0.00011098786656800474,2.2310007266666213e-05,0.00015954396205374553,0.0,Germany,DEU,baden-wurttemberg,,,Linux-7.0.0-31-generic-x86_64-with-glibc2.43,3.14.4,3.3.0,24,Intel(R) Core(TM) Ultra 9 285K,1,1 x NVIDIA GeForce RTX 5090,9.1827,48.767,60.81614303588867,machine,0.0,0.0,0.0,0.0,N
rollout_37,2026-09-07T13:22:02,sac_HalfCheetah-v5_seed85062,e96067d0-2220-46b4-8988-d07e6b7e193c,0.21647440000015195,2.56819213229802e-06,1.186359181811386e-05,29.549039412417926,84.22945619748943,20.0,1.5138387110674723e-06,4.026114331992514e-06,1.2015934388880274e-06,6.74154648194758e-06,0.0,Germany,DEU,baden-wurttemberg,,,Linux-7.0.0-31-generic-x86_64-with-glibc2.43,3.14.4,3.3.0,24,Intel(R) Core(TM) Ultra 9 285K,1,1 x NVIDIA GeForce RTX 5090,9.1827,48.767,60.81614303588867,machine,0.0,0.0,0.0,0.0,N
gradient_updates_37,2026-09-07T13:22:06,sac_HalfCheetah-v5_seed85062,e96067d0-2220-46b4-8988-d07e6b7e193c,4.004484709999815,6.19747030181088e-05,1.5476338749736668e-05,29.495001558269262,84.42414732521294,20.0,2.9644773993576373e-05,0.00011079453308000808,2.224530512777781e-05,0.00016268461220136227,0.0,Germany,DEU,baden-wurttemberg,,,Linux-7.0.0-31-generic-x86_64-with-glibc2.43,3.14.4,3.3.0,24,Intel(R) Core(TM) Ultra 9 285K,1,1 x NVIDIA GeForce RTX 5090,9.1827,48.767,60.81614303588867,machine,0.0,0.0,0.0,0.0,N
rollout_38,2026-09-07T13:22:06,sac_HalfCheetah-v5_seed85062,e96067d0-2220-46b4-8988-d07e6b7e193c,0.20301121400007105,2.7591784465311707e-06,1.3589792229645136e-05,29.543008510582155,84.2995740194452,20.0,1.9041579122115737e-06,4.2086144779879264e-06,1.1301162999998067e-06,7.242888690198873e-06,0.0,Germany,DEU,baden-wurttemberg,,,Linux-7.0.0-31-generic-x86_64-with-glibc2.43,3.14.4,3.3.0,24,Intel(R) Core(TM) Ultra 9 285K,1,1 x NVIDIA GeForce RTX 5090,9.1827,48.767,60.81614303588867,machine,0.0,0.0,0.0,0.0,N
gradient_updates_38,2026-09-07T13:22:10,sac_HalfCheetah-v5_seed85062,e96067d0-2220-46b4-8988-d07e6b7e193c,4.0086829219999345,6.119609238897572e-05,1.526594852289301e-05,29.569093141137813,84.48506919244844,20.0,2.778162833639436e-05,0.00011059092180600028,2.226819638333124e-05,0.00016064074652572674,0.0,Germany,DEU,baden-wurttemberg,,,Linux-7.0.0-31-generic-x86_64-with-glibc2.43,3.14.4,3.3.0,24,Intel(R) Core(TM) Ultra 9 285K,1,1 x NVIDIA GeForce RTX 5090,9.1827,48.767,60.81614303588867,machine,0.0,0.0,0.0,0.0,N
rollout_39,2026-09-07T13:22:10,sac_HalfCheetah-v5_seed85062,e96067d0-2220-46b4-8988-d07e6b7e193c,0.21612336199996207,3.359255495610433e-06,1.554232524201761e-05,29.509016741175873,84.69952894080984,20.0,1.4936123059958173e-06,6.124727121997742e-06,1.1997613611129491e-06,8.818100789106942e-06,0.0,Germany,DEU,baden-wurttemberg,,,Linux-7.0.0-31-generic-x86_64-with-glibc2.43,3.14.4,3.3.0,24,Intel(R) Core(TM) Ultra 9 285K,1,1 x NVIDIA GeForce RTX 5090,9.1827,48.767,60.81614303588867,machine,0.0,0.0,0.0,0.0,N
gradient_updates_39,2026-09-07T13:22:14,sac_HalfCheetah-v5_seed85062,e96067d0-2220-46b4-8988-d07e6b7e193c,4.005374150000534,6.116836926719615e-05,1.5271610917989245e-05,29.449478890974255,84.88443804081436,20.0,2.701168827599909e-05,0.00011130592237799941,2.2250362222222186e-05,0.0001605679728762209,0.0,Germany,DEU,baden-wurttemberg,,,Linux-7.0.0-31-generic-x86_64-with-glibc2.43,3.14.4,3.3.0,24,Intel(R) Core(TM) Ultra 9 285K,1,1 x NVIDIA GeForce RTX 5090,9.1827,48.767,60.81614303588867,machine,0.0,0.0,0.0,0.0,N
rollout_40,2026-09-07T13:22:14,sac_HalfCheetah-v5_seed85062,e96067d0-2220-46b4-8988-d07e6b7e193c,0.21650491200034594,2.5823545852033183e-06,1.1926878823793164e-05,29.425688499470475,84.6508167717511,20.0,1.6686813349466034e-06,3.911669796005657e-06,1.1983720222259568e-06,6.778723153178651e-06,0.0,Germany,DEU,baden-wurttemberg,,,Linux-7.0.0-31-generic-x86_64-with-glibc2.43,3.14.4,3.3.0,24,Intel(R) Core(TM) Ultra 9 285K,1,1 x NVIDIA GeForce RTX 5090,9.1827,48.767,60.81614303588867,machine,0.0,0.0,0.0,0.0,N
gradient_updates_40,2026-09-07T13:22:18,sac_HalfCheetah-v5_seed85062,e96067d0-2220-46b4-8988-d07e6b7e193c,4.014074720999815,6.201721167170418e-05,1.5449947492031286e-05,29.399609701633995,84.82851942291342,20.0,2.9273935085796787e-05,0.00011122342231199844,2.2298840716666662e-05,0.0001627961981144621,0.0,Germany,DEU,baden-wurttemberg,,,Linux-7.0.0-31-generic-x86_64-with-glibc2.43,3.14.4,3.3.0,24,Intel(R) Core(TM) Ultra 9 285K,1,1 x NVIDIA GeForce RTX 5090,9.1827,48.767,60.81614303588867,machine,0.0,0.0,0.0,0.0,N
rollout_41,2026-09-07T13:22:19,sac_HalfCheetah-v5_seed85062,e96067d0-2220-46b4-8988-d07e6b7e193c,0.20380776100046205,2.6572814533190776e-06,1.3037790743156843e-05,29.432753196306855,84.65960999766013,20.0,1.8499045354794519e-06,3.9905587480015825e-06,1.134944127776684e-06,6.975407411258586e-06,0.0,Germany,DEU,baden-wurttemberg,,,Linux-7.0.0-31-generic-x86_64-with-glibc2.43,3.14.4,3.3.0,24,Intel(R) Core(TM) Ultra 9 285K,1,1 x NVIDIA GeForce RTX 5090,9.1827,48.767,60.81614303588867,machine,0.0,0.0,0.0,0.0,N
gradient_updates_41,2026-09-07T13:22:23,sac_HalfCheetah-v5_seed85062,e96067d0-2220-46b4-8988-d07e6b7e193c,4.002770271999907,6.197260470863775e-05,1.5482466154415146e-05,29.452443448399542,84.83105531091407,20.0,2.9734631009911e-05,0.00011070869967799712,2.2235773416666004e-05,0.00016267910410457456,0.0,Germany,DEU,baden-wurttemberg,,,Linux-7.0.0-31-generic-x86_64-with-glibc2.43,3.14.4,3.3.0,24,Intel(R) Core(TM) Ultra 9 285K,1,1 x NVIDIA GeForce RTX 5090,9.1827,48.767,60.81614303588867,machine,0.0,0.0,0.0,0.0,N
rollout_42,2026-09-07T13:22:23,sac_HalfCheetah-v5_seed85062,e96067d0-2220-46b4-8988-d07e6b7e193c,0.20241524600078264,2.782082055036595e-06,1.374314880167887e-05,29.49387416855674,84.73696964561307,20.0,1.8792523367346103e-06,4.300558996001014e-06,1.1231997055548368e-06,7.303011038290244e-06,0.0,Germany,DEU,baden-wurttemberg,,,Linux-7.0.0-31-generic-x86_64-with-glibc2.43,3.14.4,3.3.0,24,Intel(R) Core(TM) Ultra 9 285K,1,1 x NVIDIA GeForce RTX 5090,9.1827,48.767,60.81614303588867,machine,0.0,0.0,0.0,0.0,N
gradient_updates_42,2026-09-07T13:22:27,sac_HalfCheetah-v5_seed85062,e96067d0-2220-46b4-8988-d07e6b7e193c,4.013838720000422,6.069829272293929e-05,1.5122319721320542e-05,29.5136134475269,84.89774107525713,20.0,2.6615808237071686e-05,0.00011042147722600815,2.2296728772223766e-05,0.00015933401423530447,0.0,Germany,DEU,baden-wurttemberg,,,Linux-7.0.0-31-generic-x86_64-with-glibc2.43,3.14.4,3.3.0,24,Intel(R) Core(TM) Ultra 9 285K,1,1 x NVIDIA GeForce RTX 5090,9.1827,48.767,60.81614303588867,machine,0.0,0.0,0.0,0.0,N
rollout_43,2026-09-07T13:22:27,sac_HalfCheetah-v5_seed85062,e96067d0-2220-46b4-8988-d07e6b7e193c,0.2104442609997932,3.389678526680498e-06,1.6106366222533417e-05,29.473430503628187,85.13352196756617,20.0,1.528775389687126e-06,6.200838294001532e-06,1.1683480611078892e-06,8.897961744797414e-06,0.0,Germany,DEU,baden-wurttemberg,,,Linux-7.0.0-31-generic-x86_64-with-glibc2.43,3.14.4,3.3.0,24,Intel(R) Core(TM) Ultra 9 285K,1,1 x NVIDIA GeForce RTX 5090,9.1827,48.767,60.81614303588867,machine,0.0,0.0,0.0,0.0,N
gradient_updates_43,2026-09-07T13:22:31,sac_HalfCheetah-v5_seed85062,e96067d0-2220-46b4-8988-d07e6b7e193c,4.003985083999396,6.137402287884671e-05,1.532827200398453e-05,29.4316343161849,85.29783092147902,20.0,2.7554120376610536e-05,0.00011131092238199358,2.2242774222225618e-05,0.00016110781698082909,0.0,Germany,DEU,baden-wurttemberg,,,Linux-7.0.0-31-generic-x86_64-with-glibc2.43,3.14.4,3.3.0,24,Intel(R) Core(TM) Ultra 9 285K,1,1 x NVIDIA GeForce RTX 5090,9.1827,48.767,60.81614303588867,machine,0.0,0.0,0.0,0.0,N
rollout_44,2026-09-07T13:22:31,sac_HalfCheetah-v5_seed85062,e96067d0-2220-46b4-8988-d07e6b7e193c,0.20961051100039185,2.4110744182019757e-06,1.150224275218805e-05,29.400463639559938,85.04381762943271,20.0,1.561734304943857e-06,3.603891771994383e-06,1.163483827778828e-06,6.329109904716634e-06,0.0,Germany,DEU,baden-wurttemberg,,,Linux-7.0.0-31-generic-x86_64-with-glibc2.43,3.14.4,3.3.0,24,Intel(R) Core(TM) Ultra 9 285K,1,1 x NVIDIA GeForce RTX 5090,9.1827,48.767,60.81614303588867,machine,0.0,0.0,0.0,0.0,N
gradient_updates_44,2026-09-07T13:22:35,sac_HalfCheetah-v5_seed85062,e96067d0-2220-46b4-8988-d07e6b7e193c,3.989870192000126,6.179177337111439e-05,1.5487182683236793e-05,29.3684497672051,85.20839341118607,20.0,2.8831566954122534e-05,0.00011120897785600603,2.2163874066664924e-05,0.0001622044188767935,0.0,Germany,DEU,baden-wurttemberg,,,Linux-7.0.0-31-generic-x86_64-with-glibc2.43,3.14.4,3.3.0,24,Intel(R) Core(TM) Ultra 9 285K,1,1 x NVIDIA GeForce RTX 5090,9.1827,48.767,60.81614303588867,machine,0.0,0.0,0.0,0.0,N
rollout_45,2026-09-07T13:22:35,sac_HalfCheetah-v5_seed85062,e96067d0-2220-46b4-8988-d07e6b7e193c,0.20420531900072092,2.513606154190204e-06,1.2308455958497722e-05,29.4136692302325,84.96577039689743,20.0,1.926215429860767e-06,3.5383361639967914e-06,1.1337058000006426e-06,6.598257393857984e-06,0.0,Germany,DEU,baden-wurttemberg,,,Linux-7.0.0-31-generic-x86_64-with-glibc2.43,3.14.4,3.3.0,24,Intel(R) Core(TM) Ultra 9 285K,1,1 x NVIDIA GeForce RTX 5090,9.1827,48.767,60.81614303588867,machine,0.0,0.0,0.0,0.0,N
gradient_updates_45,2026-09-07T13:22:39,sac_HalfCheetah-v5_seed85062,e96067d0-2220-46b4-8988-d07e6b7e193c,3.988459072000296,6.181482700660804e-05,1.5498456059897878e-05,29.439187029162497,85.12363471528195,20.0,2.9367759883078964e-05,0.00011074119970400087,2.2155975461110805e-05,0.00016226493504819042,0.0,Germany,DEU,baden-wurttemberg,,,Linux-7.0.0-31-generic-x86_64-with-glibc2.43,3.14.4,3.3.0,24,Intel(R) Core(TM) Ultra 9 285K,1,1 x NVIDIA GeForce RTX 5090,9.1827,48.767,60.81614303588867,machine,0.0,0.0,0.0,0.0,N
rollout_46,2026-09-07T13:22:40,sac_HalfCheetah-v5_seed85062,e96067d0-2220-46b4-8988-d07e6b7e193c,0.20559891799985053,2.49800940762537e-06,1.2148453364088839e-05,29.46436040283368,84.89621061002167,20.0,1.8372398031193948e-06,3.5869473140048846e-06,1.1331285611150457e-06,6.557315678239542e-06,0.0,Germany,DEU,baden-wurttemberg,,,Linux-7.0.0-31-generic-x86_64-with-glibc2.43,3.14.4,3.3.0,24,Intel(R) Core(TM) Ultra 9 285K,1,1 x NVIDIA GeForce RTX 5090,9.1827,48.767,60.81614303588867,machine,0.0,0.0,0.0,0.0,N
gradient_updates_46,2026-09-07T13:22:44,sac_HalfCheetah-v5_seed85062,e96067d0-2220-46b4-8988-d07e6b7e193c,4.002352842999244,6.16112863612221e-05,1.5393797403756655e-05,29.47692611713451,85.04652706981645,20.0,2.8912285907591734e-05,0.00011058536624598825,2.2232985361112434e-05,0.00016173063751469263,0.0,Germany,DEU,baden-wurttemberg,,,Linux-7.0.0-31-generic-x86_64-with-glibc2.43,3.14.4,3.3.0,24,Intel(R) Core(TM) Ultra 9 285K,1,1 x NVIDIA GeForce RTX 5090,9.1827,48.767,60.81614303588867,machine,0.0,0.0,0.0,0.0,N
rollout_47,2026-09-07T13:22:44,sac_HalfCheetah-v5_seed85062,e96067d0-2220-46b4-8988-d07e6b7e193c,0.20336720999966929,2.6077111562753177e-06,1.28218500396623e-05,29.51183439061318,84.87324325561414,20.0,1.8772515017993763e-06,3.8400030720059375e-06,1.1280299944448416e-06,6.845284568251023e-06,0.0,Germany,DEU,baden-wurttemberg,,,Linux-7.0.0-31-generic-x86_64-with-glibc2.43,3.14.4,3.3.0,24,Intel(R) Core(TM) Ultra 9 285K,1,1 x NVIDIA GeForce RTX 5090,9.1827,48.767,60.81614303588867,machine,0.0,0.0,0.0,0.0,N
gradient_updates_47,2026-09-07T13:22:48,sac_HalfCheetah-v5_seed85062,e96067d0-2220-46b4-8988-d07e6b7e193c,3.9894628920001196,6.128254559016784e-05,1.5361129040306205e-05,29.52737449350976,85.02244943001126,20.0,2.8282675126119206e-05,0.00011042231056000718,2.2162701911111098e-05,0.00016086768759723813,0.0,Germany,DEU,baden-wurttemberg,,,Linux-7.0.0-31-generic-x86_64-with-glibc2.43,3.14.4,3.3.0,24,Intel(R) Core(TM) Ultra 9 285K,1,1 x NVIDIA GeForce RTX 5090,9.1827,48.767,60.81614303588867,machine,0.0,0.0,0.0,0.0,N
rollout_48,2026-09-07T13:22:48,sac_HalfCheetah-v5_seed85062,e96067d0-2220-46b4-8988-d07e6b7e193c,0.20310405000054743,2.611312603524249e-06,1.2856452147104868e-05,29.559056220757387,84.85756975178374,20.0,1.8632473239299507e-06,3.864169757991642e-06,1.1273213444433147e-06,6.854738426365775e-06,0.0,Germany,DEU,baden-wurttemberg,,,Linux-7.0.0-31-generic-x86_64-with-glibc2.43,3.14.4,3.3.0,24,Intel(R) Core(TM) Ultra 9 285K,1,1 x NVIDIA GeForce RTX 5090,9.1827,48.767,60.81614303588867,machine,0.0,0.0,0.0,0.0,N
gradient_updates_48,2026-09-07T13:22:52,sac_HalfCheetah-v5_seed85062,e96067d0-2220-46b4-8988-d07e6b7e193c,4.0163680109999405,6.0955133890129576e-05,1.5176720149802698e-05,29.574176521732646,84.99529345112705,20.0,2.7513226732788637e-05,0.00011018369925799854,2.2311300522217907e-05,0.00016000822651300595,0.0,Germany,DEU,baden-wurttemberg,,,Linux-7.0.0-31-generic-x86_64-with-glibc2.43,3.14.4,3.3.0,24,Intel(R) Core(TM) Ultra 9 285K,1,1 x NVIDIA GeForce RTX 5090,9.1827,48.767,60.81614303588867,machine,0.0,0.0,0.0,0.0,N
rollout_49,2026-09-07T13:22:52,sac_HalfCheetah-v5_seed85062,e96067d0-2220-46b4-8988-d07e6b7e193c,0.21065034900038881,2.5667852883697745e-06,1.2184299727619867e-05,29.540688272928346,84.83626469036092,20.0,1.545543180877379e-06,4.022780996010278e-06,1.1695293166667526e-06,6.73785349355506e-06,0.0,Germany,DEU,baden-wurttemberg,,,Linux-7.0.0-31-generic-x86_64-with-glibc2.43,3.14.4,3.3.0,24,Intel(R) Core(TM) Ultra 9 285K,1,1 x NVIDIA GeForce RTX 5090,9.1827,48.767,60.81614303588867,machine,0.0,0.0,0.0,0.0,N
gradient_updates_49,2026-09-07T13:22:56,sac_HalfCheetah-v5_seed85062,e96067d0-2220-46b4-8988-d07e6b7e193c,3.992638683000223,6.133383957438029e-05,1.5361759126554614e-05,29.507016172282817,84.9771838222341,20.0,2.8644765693572327e-05,0.00011017842147599544,2.2179147977774557e-05,0.00016100233514734254,0.0,Germany,DEU,baden-wurttemberg,,,Linux-7.0.0-31-generic-x86_64-with-glibc2.43,3.14.4,3.3.0,24,Intel(R) Core(TM) Ultra 9 285K,1,1 x NVIDIA GeForce RTX 5090,9.1827,48.767,60.81614303588867,machine,0.0,0.0,0.0,0.0,N
rollout_50,2026-09-07T13:22:56,sac_HalfCheetah-v5_seed85062,e96067d0-2220-46b4-8988-d07e6b7e193c,0.2069896160001008,2.691800321307468e-06,1.300283215308384e-05,29.536577556593087,84.82644153743698,20.0,1.9045140236054192e-06,4.005836538006902e-06,1.1556694444454872e-06,7.066020006057591e-06,0.0,Germany,DEU,baden-wurttemberg,,,Linux-7.0.0-31-generic-x86_64-with-glibc2.43,3.14.4,3.3.0,24,Intel(R) Core(TM) Ultra 9 285K,1,1 x NVIDIA GeForce RTX 5090,9.1827,48.767,60.81614303588867,machine,0.0,0.0,0.0,0.0,N
gradient_updates_50,2026-09-07T13:23:00,sac_HalfCheetah-v5_seed85062,e96067d0-2220-46b4-8988-d07e6b7e193c,4.079429369000536,6.24345920293705e-05,1.5304755515360517e-05,29.552835186656214,84.95890579873009,20.0,2.935548487325787e-05,0.00011187508949998815,2.2661254027778188e-05,0.0001638918284010242,0.0,Germany,DEU,baden-wurttemberg,,,Linux-7.0.0-31-generic-x86_64-with-glibc2.43,3.14.4,3.3.0,24,Intel(R) Core(TM) Ultra 9 285K,1,1 x NVIDIA GeForce RTX 5090,9.1827,48.767,60.81614303588867,machine,0.0,0.0,0.0,0.0,N
rollout_51,2026-09-07T13:23:01,sac_HalfCheetah-v5_seed85062,e96067d0-2220-46b4-8988-d07e6b7e193c,0.20996449399990524,2.5168874388595275e-06,1.1987128643229658e-05,29.509606791434713,84.80025465115547,20.0,1.4702156206150563e-06,3.971392065996171e-06,1.1652631333365377e-06,6.6068708199484155e-06,0.0,Germany,DEU,baden-wurttemberg,,,Linux-7.0.0-31-generic-x86_64-with-glibc2.43,3.14.4,3.3.0,24,Intel(R) Core(TM) Ultra 9 285K,1,1 x NVIDIA GeForce RTX 5090,9.1827,48.767,60.81614303588867,machine,0.0,0.0,0.0,0.0,N
gradient_updates_51,2026-09-07T13:23:05,sac_HalfCheetah-v5_seed85062,e96067d0-2220-46b4-8988-d07e6b7e193c,4.338640918999772,6.460459722420347e-05,1.489054280366615e-05,29.465328748676455,84.91181248952029,20.0,2.890972534998551e-05,0.00011657703770601158,2.4101364583334122e-05,0.00016958812763933143,0.0,Germany,DEU,baden-wurttemberg,,,Linux-7.0.0-31-generic-x86_64-with-glibc2.43,3.14.4,3.3.0,24,Intel(R) Core(TM) Ultra 9 285K,1,1 x NVIDIA GeForce RTX 5090,9.1827,48.767,60.81614303588867,machine,0.0,0.0,0.0,0.0,N
rollout_52,2026-09-07T13:23:05,sac_HalfCheetah-v5_seed85062,e96067d0-2220-46b4-8988-d07e6b7e193c,0.20375946699914493,2.5157131510319605e-06,1.2346035946093473e-05,29.49299995637658,84.7178558567865,20.0,1.8555842622447472e-06,3.617502894001645e-06,1.130701138890881e-06,6.603788295136623e-06,0.0,Germany,DEU,baden-wurttemberg,,,Linux-7.0.0-31-generic-x86_64-with-glibc2.43,3.14.4,3.3.0,24,Intel(R) Core(TM) Ultra 9 285K,1,1 x NVIDIA GeForce RTX 5090,9.1827,48.767,60.81614303588867,machine,0.0,0.0,0.0,0.0,N
gradient_updates_52,2026-09-07T13:23:10,sac_HalfCheetah-v5_seed85062,e96067d0-2220-46b4-8988-d07e6b7e193c,4.316011986999911,6.457311954420966e-05,1.4961320777784267e-05,29.5077770234328,84.8184268650273,20.0,3.0829515219148174e-05,0.00011470064731598784,2.397533567777819e-05,0.00016950549821291398,0.0,Germany,DEU,baden-wurttemberg,,,Linux-7.0.0-31-generic-x86_64-with-glibc2.43,3.14.4,3.3.0,24,Intel(R) Core(TM) Ultra 9 285K,1,1 x NVIDIA GeForce RTX 5090,9.1827,48.767,60.81614303588867,machine,0.0,0.0,0.0,0.0,N
rollout_53,2026-09-07T13:23:10,sac_HalfCheetah-v5_seed85062,e96067d0-2220-46b4-8988-d07e6b7e193c,0.20330451900008484,2.5818002835232418e-06,1.269823128592269e-05,29.537625173777712,84.6557584620636,20.0,1.8705039964012071e-06,3.77805857799951e-06,1.1287055277737698e-06,6.77726810217362e-06,0.0,Germany,DEU,baden-wurttemberg,,,Linux-7.0.0-31-generic-x86_64-with-glibc2.43,3.14.4,3.3.0,24,Intel(R) Core(TM) Ultra 9 285K,1,1 x NVIDIA GeForce RTX 5090,9.1827,48.767,60.81614303588867,machine,0.0,0.0,0.0,0.0,N
gradient_updates_53,2026-09-07T13:23:14,sac_HalfCheetah-v5_seed85062,e96067d0-2220-46b4-8988-d07e6b7e193c,4.306416250999973,6.443194506623121e-05,1.4961867763845262e-05,29.55433047115238,84.75427490695459,20.0,3.0871205530278584e-05,0.00011434120258400904,2.3922504777773405e-05,0.0001691349128920619,0.0,Germany,DEU,baden-wurttemberg,,,Linux-7.0.0-31-generic-x86_64-with-glibc2.43,3.14.4,3.3.0,24,Intel(R) Core(TM) Ultra 9 285K,1,1 x NVIDIA GeForce RTX 5090,9.1827,48.767,60.81614303588867,machine,0.0,0.0,0.0,0.0,N
rollout_54,2026-09-07T13:23:14,sac_HalfCheetah-v5_seed85062,e96067d0-2220-46b4-8988-d07e6b7e193c,0.2045088590002706,2.6654130407663054e-06,1.3031815607525495e-05,29.57907465855677,84.62791767771499,20.0,1.8543803723923558e-06,4.007503205991081e-06,1.1348693833344945e-06,6.996752961717714e-06,0.0,Germany,DEU,baden-wurttemberg,,,Linux-7.0.0-31-generic-x86_64-with-glibc2.43,3.14.4,3.3.0,24,Intel(R) Core(TM) Ultra 9 285K,1,1 x NVIDIA GeForce RTX 5090,9.1827,48.767,60.81614303588867,machine,0.0,0.0,0.0,0.0,N
gradient_updates_54,2026-09-07T13:23:19,sac_HalfCheetah-v5_seed85062,e96067d0-2220-46b4-8988-d07e6b7e193c,4.3494728140003645,6.450844877578694e-05,1.4831359523621929e-05,29.588315253453644,84.73163155263559,20.0,2.8784332471894214e-05,0.00011639120422400617,2.4160199688892875e-05,0.00016933573638479305,0.0,Germany,DEU,baden-wurttemberg,,,Linux-7.0.0-31-generic-x86_64-with-glibc2.43,3.14.4,3.3.0,24,Intel(R) Core(TM) Ultra 9 285K,1,1 x NVIDIA GeForce RTX 5090,9.1827,48.767,60.81614303588867,machine,0.0,0.0,0.0,0.0,N
rollout_55,2026-09-07T13:23:19,sac_HalfCheetah-v5_seed85062,e96067d0-2220-46b4-8988-d07e6b7e193c,0.21028308699987974,2.399876619766511e-06,1.1411799200925047e-05,29.556164610818765,84.52953526801326,20.0,1.5293009456643358e-06,3.6027806600003043e-06,1.1676338944450158e-06,6.29971550011009e-06,0.0,Germany,DEU,baden-wurttemberg,,,Linux-7.0.0-31-generic-x86_64-with-glibc2.43,3.14.4,3.3.0,24,Intel(R) Core(TM) Ultra 9 285K,1,1 x NVIDIA GeForce RTX 5090,9.1827,48.767,60.81614303588867,machine,0.0,0.0,0.0,0.0,N
gradient_updates_55,2026-09-07T13:23:23,sac_HalfCheetah-v5_seed85062,e96067d0-2220-46b4-8988-d07e6b7e193c,4.327901470999677,6.468808713448997e-05,1.4946786192390822e-05,29.524993195386603,84.62127964330803,20.0,3.1469518508926014e-05,0.00011429620254800599,2.404156896666592e-05,0.00016980729002359814,0.0,Germany,DEU,baden-wurttemberg,,,Linux-7.0.0-31-generic-x86_64-with-glibc2.43,3.14.4,3.3.0,24,Intel(R) Core(TM) Ultra 9 285K,1,1 x NVIDIA GeForce RTX 5090,9.1827,48.767,60.81614303588867,machine,0.0,0.0,0.0,0.0,N
rollout_56,2026-09-07T13:23:23,sac_HalfCheetah-v5_seed85062,e96067d0-2220-46b4-8988-d07e6b7e193c,0.20427171000028466,2.686457229111351e-06,1.315136940980119e-05,29.562227147107773,84.49672970672736,20.0,1.939524329395287e-06,3.978892071987428e-06,1.133577899999072e-06,7.0519943013817865e-06,0.0,Germany,DEU,baden-wurttemberg,,,Linux-7.0.0-31-generic-x86_64-with-glibc2.43,3.14.4,3.3.0,24,Intel(R) Core(TM) Ultra 9 285K,1,1 x NVIDIA GeForce RTX 5090,9.1827,48.767,60.81614303588867,machine,0.0,0.0,0.0,0.0,N
gradient_updates_56,2026-09-07T13:23:28,sac_HalfCheetah-v5_seed85062,e96067d0-2220-46b4-8988-d07e6b7e193c,4.119859665000149,6.144352325636055e-05,1.4914000944762223e-05,29.582289759284627,84.6015699513415,20.0,2.7675071306704907e-05,0.00011072897747201049,2.2886207833334917e-05,0.00016129025661205075,0.0,Germany,DEU,baden-wurttemberg,,,Linux-7.0.0-31-generic-x86_64-with-glibc2.43,3.14.4,3.3.0,24,Intel(R) Core(TM) Ultra 9 285K,1,1 x NVIDIA GeForce RTX 5090,9.1827,48.767,60.81614303588867,machine,0.0,0.0,0.0,0.0,N
rollout_57,2026-09-07T13:23:28,sac_HalfCheetah-v5_seed85062,e96067d0-2220-46b4-8988-d07e6b7e193c,0.2131059400007871,2.640120630616541e-06,1.238849697562352e-05,29.55497552977755,84.48214455632016,20.0,1.575416260335416e-06,4.171947782002916e-06,1.1829959277798782e-06,6.930359970118427e-06,0.0,Germany,DEU,baden-wurttemberg,,,Linux-7.0.0-31-generic-x86_64-with-glibc2.43,3.14.4,3.3.0,24,Intel(R) Core(TM) Ultra 9 285K,1,1 x NVIDIA GeForce RTX 5090,9.1827,48.767,60.81614303588867,machine,0.0,0.0,0.0,0.0,N
gradient_updates_57,2026-09-07T13:23:32,sac_HalfCheetah-v5_seed85062,e96067d0-2220-46b4-8988-d07e6b7e193c,3.988017321999905,6.143747868305165e-05,1.540555026486553e-05,29.52795443539482,84.60698262618354,20.0,2.912746802418223e-05,0.00011000064355598527,2.214627792777716e-05,0.00016127438950794444,0.0,Germany,DEU,baden-wurttemberg,,,Linux-7.0.0-31-generic-x86_64-with-glibc2.43,3.14.4,3.3.0,24,Intel(R) Core(TM) Ultra 9 285K,1,1 x NVIDIA GeForce RTX 5090,9.1827,48.767,60.81614303588867,machine,0.0,0.0,0.0,0.0,N
rollout_58,2026-09-07T13:23:32,sac_HalfCheetah-v5_seed85062,e96067d0-2220-46b4-8988-d07e6b7e193c,0.2034575779998704,2.8464941805193475e-06,1.3988972757533055e-05,29.55896466514516,84.55791432757748,20.0,1.897765962655118e-06,4.445281334017337e-06,1.1290466277792156e-06,7.472093924451237e-06,0.0,Germany,DEU,baden-wurttemberg,,,Linux-7.0.0-31-generic-x86_64-with-glibc2.43,3.14.4,3.3.0,24,Intel(R) Core(TM) Ultra 9 285K,1,1 x NVIDIA GeForce RTX 5090,9.1827,48.767,60.81614303588867,machine,0.0,0.0,0.0,0.0,N
gradient_updates_58,2026-09-07T13:23:36,sac_HalfCheetah-v5_seed85062,e96067d0-2220-46b4-8988-d07e6b7e193c,3.9912735480002084,6.14337002840925e-05,1.5392039029331434e-05,29.575681305643386,84.67632596769309,20.0,2.9484506365366064e-05,0.00010961119879998593,2.216876598333528e-05,0.00016126447114868728,0.0,Germany,DEU,baden-wurttemberg,,,Linux-7.0.0-31-generic-x86_64-with-glibc2.43,3.14.4,3.3.0,24,Intel(R) Core(TM) Ultra 9 285K,1,1 x NVIDIA GeForce RTX 5090,9.1827,48.767,60.81614303588867,machine,0.0,0.0,0.0,0.0,N
rollout_59,2026-09-07T13:23:36,sac_HalfCheetah-v5_seed85062,e96067d0-2220-46b4-8988-d07e6b7e193c,0.20499372700032836,2.866949725526327e-06,1.3984792208474875e-05,29.6078350180834,84.62465863344383,20.0,1.9265712634768117e-06,4.461114679998879e-06,1.1381041222194473e-06,7.525790065694704e-06,0.0,Germany,DEU,baden-wurttemberg,,,Linux-7.0.0-31-generic-x86_64-with-glibc2.43,3.14.4,3.3.0,24,Intel(R) Core(TM) Ultra 9 285K,1,1 x NVIDIA GeForce RTX 5090,9.1827,48.767,60.81614303588867,machine,0.0,0.0,0.0,0.0,N
gradient_updates_59,2026-09-07T13:23:40,sac_HalfCheetah-v5_seed85062,e96067d0-2220-46b4-8988-d07e6b7e193c,4.0227344370005085,6.097421053533839e-05,1.5157439962348506e-05,29.622736762324287,84.74988966653945,20.0,2.5948186314090488e-05,0.00011176397830001128,2.2346138405555374e-05,0.00016005830301965736,0.0,Germany,DEU,baden-wurttemberg,,,Linux-7.0.0-31-generic-x86_64-with-glibc2.43,3.14.4,3.3.0,24,Intel(R) Core(TM) Ultra 9 285K,1,1 x NVIDIA GeForce RTX 5090,9.1827,48.767,60.81614303588867,machine,0.0,0.0,0.0,0.0,N
rollout_60,2026-09-07T13:23:40,sac_HalfCheetah-v5_seed85062,e96067d0-2220-46b4-8988-d07e6b7e193c,0.21453482300057658,2.427751307791312e-06,1.131627053268416e-05,29.601354621170838,84.54930982234522,20.0,1.621599630616255e-06,3.5619472939923957e-06,1.189340088886704e-06,6.372887013494921e-06,0.0,Germany,DEU,baden-wurttemberg,,,Linux-7.0.0-31-generic-x86_64-with-glibc2.43,3.14.4,3.3.0,24,Intel(R) Core(TM) Ultra 9 285K,1,1 x NVIDIA GeForce RTX 5090,9.1827,48.767,60.81614303588867,machine,0.0,0.0,0.0,0.0,N
gradient_updates_60,2026-09-07T13:23:44,sac_HalfCheetah-v5_seed85062,e96067d0-2220-46b4-8988-d07e6b7e193c,4.004561877000015,6.129740357063533e-05,1.5306906770509565e-05,29.578365975595624,84.66405369331049,20.0,2.866217765194745e-05,0.00010999869911000604,2.2245813277777318e-05,0.0001609066900397308,0.0,Germany,DEU,baden-wurttemberg,,,Linux-7.0.0-31-generic-x86_64-with-glibc2.43,3.14.4,3.3.0,24,Intel(R) Core(TM) Ultra 9 285K,1,1 x NVIDIA GeForce RTX 5090,9.1827,48.767,60.81614303588867,machine,0.0,0.0,0.0,0.0,N
rollout_61,2026-09-07T13:23:45,sac_HalfCheetah-v5_seed85062,e96067d0-2220-46b4-8988-d07e6b7e193c,0.20338149100007286,2.5630778213176636e-06,1.2602112219632511e-05,29.601408287850756,84.51530304917087,20.0,1.8599412101756585e-06,3.7352807659846166e-06,1.1328993555557824e-06,6.728121331716491e-06,0.0,Germany,DEU,baden-wurttemberg,,,Linux-7.0.0-31-generic-x86_64-with-glibc2.43,3.14.4,3.3.0,24,Intel(R) Core(TM) Ultra 9 285K,1,1 x NVIDIA GeForce RTX 5090,9.1827,48.767,60.81614303588867,machine,0.0,0.0,0.0,0.0,N
gradient_updates_61,2026-09-07T13:23:49,sac_HalfCheetah-v5_seed85062,e96067d0-2220-46b4-8988-d07e6b7e193c,3.9949435299995457,6.109472264507424e-05,1.5293041116063564e-05,29.610236644606307,84.62991291226895,20.0,2.8250835378426653e-05,0.00010993175461200544,2.2192059294446828e-05,0.00016037464928487892,0.0,Germany,DEU,baden-wurttemberg,,,Linux-7.0.0-31-generic-x86_64-with-glibc2.43,3.14.4,3.3.0,24,Intel(R) Core(TM) Ultra 9 285K,1,1 x NVIDIA GeForce RTX 5090,9.1827,48.767,60.81614303588867,machine,0.0,0.0,0.0,0.0,N
rollout_62,2026-09-07T13:23:49,sac_HalfCheetah-v5_seed85062,e96067d0-2220-46b4-8988-d07e6b7e193c,0.20383396499983064,2.687190097913454e-06,1.3181621386576381e-05,29.634263499712798,84.52870124488867,20.0,1.8691812175668232e-06,4.053892131997139e-06,1.1308447444460627e-06,7.0539180940104584e-06,0.0,Germany,DEU,baden-wurttemberg,,,Linux-7.0.0-31-generic-x86_64-with-glibc2.43,3.14.4,3.3.0,24,Intel(R) Core(TM) Ultra 9 285K,1,1 x NVIDIA GeForce RTX 5090,9.1827,48.767,60.81614303588867,machine,0.0,0.0,0.0,0.0,N
gradient_updates_62,2026-09-07T13:23:53,sac_HalfCheetah-v5_seed85062,e96067d0-2220-46b4-8988-d07e6b7e193c,4.065441980999822,6.16671008390312e-05,1.5168639405059045e-05,29.64483676953441,84.64160281574993,20.0,2.7396920806409264e-05,0.00011189647840602335,2.258375222222121e-05,0.00016187715143465425,0.0,Germany,DEU,baden-wurttemberg,,,Linux-7.0.0-31-generic-x86_64-with-glibc2.43,3.14.4,3.3.0,24,Intel(R) Core(TM) Ultra 9 285K,1,1 x NVIDIA GeForce RTX 5090,9.1827,48.767,60.81614303588867,machine,0.0,0.0,0.0,0.0,N
rollout_63,2026-09-07T13:23:53,sac_HalfCheetah-v5_seed85062,e96067d0-2220-46b4-8988-d07e6b7e193c,0.21523691899983532,2.364598268332803e-06,1.098545191874361e-05,29.60953089856555,84.44111496182562,20.0,1.5121434319385896e-06,3.5002805779810187e-06,1.1946852388872685e-06,6.20710924880731e-06,0.0,Germany,DEU,baden-wurttemberg,,,Linux-7.0.0-31-generic-x86_64-with-glibc2.43,3.14.4,3.3.0,24,Intel(R) Core(TM) Ultra 9 285K,1,1 x NVIDIA GeForce RTX 5090,9.1827,48.767,60.81614303588867,machine,0.0,0.0,0.0,0.0,N
gradient_updates_63,2026-09-07T13:23:57,sac_HalfCheetah-v5_seed85062,e96067d0-2220-46b4-8988-d07e6b7e193c,3.97669229299936,6.146230969693821e-05,1.545565745872635e-05,29.57715494635457,84.55793173624603,20.0,2.9075452704786786e-05,0.00011017342147200127,2.2090697149997236e-05,0.00016133957132678442,0.0,Germany,DEU,baden-wurttemberg,,,Linux-7.0.0-31-generic-x86_64-with-glibc2.43,3.14.4,3.3.0,24,Intel(R) Core(TM) Ultra 9 285K,1,1 x NVIDIA GeForce RTX 5090,9.1827,48.767,60.81614303588867,machine,0.0,0.0,0.0,0.0,N
rollout_64,2026-09-07T13:23:57,sac_HalfCheetah-v5_seed85062,e96067d0-2220-46b4-8988-d07e6b7e193c,0.20260111300012795,2.4886662759286693e-06,1.2282829739602395e-05,29.600851718753397,84.39528567226132,20.0,1.8591953762463198e-06,3.5488917280029897e-06,1.1247026999979329e-06,6.53278980424811e-06,0.0,Germany,DEU,baden-wurttemberg,,,Linux-7.0.0-31-generic-x86_64-with-glibc2.43,3.14.4,3.3.0,24,Intel(R) Core(TM) Ultra 9 285K,1,1 x NVIDIA GeForce RTX 5090,9.1827,48.767,60.81614303588867,machine,0.0,0.0,0.0,0.0,N
gradient_updates_64,2026-09-07T13:24:01,sac_HalfCheetah-v5_seed85062,e96067d0-2220-46b4-8988-d07e6b7e193c,4.090478642000562,6.266546476261462e-05,1.5319868127283883e-05,29.61440505114494,84.50183566849061,20.0,2.978171299201915e-05,0.0001119923118159949,2.2723848305556977e-05,0.00016449787311357059,0.0,Germany,DEU,baden-wurttemberg,,,Linux-7.0.0-31-generic-x86_64-with-glibc2.43,3.14.4,3.3.0,24,Intel(R) Core(TM) Ultra 9 285K,1,1 x NVIDIA GeForce RTX 5090,9.1827,48.767,60.81614303588867,machine,0.0,0.0,0.0,0.0,N
rollout_65,2026-09-07T13:24:02,sac_HalfCheetah-v5_seed85062,e96067d0-2220-46b4-8988-d07e6b7e193c,0.2039519059999293,2.5049504537629635e-06,1.2281562712054302e-05,29.636925808689764,84.3426546085832,20.0,1.8672317715628939e-06,3.5763917499986864e-06,1.1319125166665313e-06,6.575536038227678e-06,0.0,Germany,DEU,baden-wurttemberg,,,Linux-7.0.0-31-generic-x86_64-with-glibc2.43,3.14.4,3.3.0,24,Intel(R) Core(TM) Ultra 9 285K,1,1 x NVIDIA GeForce RTX 5090,9.1827,48.767,60.81614303588867,machine,0.0,0.0,0.0,0.0,N
gradient_updates_65,2026-09-07T13:24:06,sac_HalfCheetah-v5_seed85062,e96067d0-2220-46b4-8988-d07e6b7e193c,4.32095492299959,6.492480519930399e-05,1.502560513342255e-05,29.64973044854043,84.42659873786089,20.0,3.1584552489850176e-05,0.00011483870298201193,2.4005423355553425e-05,0.0001704286788274164,0.0,Germany,DEU,baden-wurttemberg,,,Linux-7.0.0-31-generic-x86_64-with-glibc2.43,3.14.4,3.3.0,24,Intel(R) Core(TM) Ultra 9 285K,1,1 x NVIDIA GeForce RTX 5090,9.1827,48.767,60.81614303588867,machine,0.0,0.0,0.0,0.0,N
rollout_66,2026-09-07T13:24:06,sac_HalfCheetah-v5_seed85062,e96067d0-2220-46b4-8988-d07e6b7e193c,0.21973535100005392,2.686094602180264e-06,1.2222872295782466e-05,29.638829092876403,84.30035170538348,20.0,1.735243332637998e-06,4.097781055992233e-06,1.2180180111094098e-06,7.0510423997392074e-06,0.0,Germany,DEU,baden-wurttemberg,,,Linux-7.0.0-31-generic-x86_64-with-glibc2.43,3.14.4,3.3.0,24,Intel(R) Core(TM) Ultra 9 285K,1,1 x NVIDIA GeForce RTX 5090,9.1827,48.767,60.81614303588867,machine,0.0,0.0,0.0,0.0,N
gradient_updates_66,2026-09-07T13:24:10,sac_HalfCheetah-v5_seed85062,e96067d0-2220-46b4-8988-d07e6b7e193c,4.21023507999962,6.721683640713381e-05,1.596509354757812e-05,29.63694034476579,84.39038468251837,20.0,4.005370815405446e-05,0.00011300425707000405,2.3387333127781584e-05,0.00017644529835184053,0.0,Germany,DEU,baden-wurttemberg,,,Linux-7.0.0-31-generic-x86_64-with-glibc2.43,3.14.4,3.3.0,24,Intel(R) Core(TM) Ultra 9 285K,1,1 x NVIDIA GeForce RTX 5090,9.1827,48.767,60.81614303588867,machine,0.0,0.0,0.0,0.0,N
rollout_67,2026-09-07T13:24:11,sac_HalfCheetah-v5_seed85062,e96067d0-2220-46b4-8988-d07e6b7e193c,0.2164814119996663,2.850962987604143e-06,1.3170330237698558e-05,29.67467592142412,84.27673426067338,20.0,2.1265797568170708e-06,4.1508366539905195e-06,1.206408205558021e-06,7.483824616365611e-06,0.0,Germany,DEU,baden-wurttemberg,,,Linux-7.0.0-31-generic-x86_64-with-glibc2.43,3.14.4,3.3.0,24,Intel(R) Core(TM) Ultra 9 285K,1,1 x NVIDIA GeForce RTX 5090,9.1827,48.767,60.81614303588867,machine,0.0,0.0,0.0,0.0,N
gradient_updates_67,2026-09-07T13:24:15,sac_HalfCheetah-v5_seed85062,e96067d0-2220-46b4-8988-d07e6b7e193c,4.040360713000155,6.742744024075629e-05,1.668850281818435e-05,29.716979539840402,84.38442868726466,20.0,4.313101089366625e-05,0.00011141536691000598,2.245175906666905e-05,0.00017699813687034084,0.0,Germany,DEU,baden-wurttemberg,,,Linux-7.0.0-31-generic-x86_64-with-glibc2.43,3.14.4,3.3.0,24,Intel(R) Core(TM) Ultra 9 285K,1,1 x NVIDIA GeForce RTX 5090,9.1827,48.767,60.81614303588867,machine,0.0,0.0,0.0,0.0,N
rollout_68,2026-09-07T13:24:15,sac_HalfCheetah-v5_seed85062,e96067d0-2220-46b4-8988-d07e6b7e193c,0.22594635600034962,2.9606644260946405e-06,1.3102792226761871e-05,29.768894750496962,84.25699167157356,20.0,2.3447121535458137e-06,4.173336671992045e-06,1.253743866664117e-06,7.771792692201976e-06,0.0,Germany,DEU,baden-wurttemberg,,,Linux-7.0.0-31-generic-x86_64-with-glibc2.43,3.14.4,3.3.0,24,Intel(R) Core(TM) Ultra 9 285K,1,1 x NVIDIA GeForce RTX 5090,9.1827,48.767,60.81614303588867,machine,0.0,0.0,0.0,0.0,N
gradient_updates_68,2026-09-07T13:24:19,sac_HalfCheetah-v5_seed85062,e96067d0-2220-46b4-8988-d07e6b7e193c,4.063634949000516,6.50374322915346e-05,1.600477621544966e-05,29.81231713537373,84.36664657547534,20.0,3.5595131809416924e-05,0.0001125550900440142,2.2574104938889207e-05,0.0001707243267923212,0.0,Germany,DEU,baden-wurttemberg,,,Linux-7.0.0-31-generic-x86_64-with-glibc2.43,3.14.4,3.3.0,24,Intel(R) Core(TM) Ultra 9 285K,1,1 x NVIDIA GeForce RTX 5090,9.1827,48.767,60.81614303588867,machine,0.0,0.0,0.0,0.0,N
rollout_69,2026-09-07T13:24:19,sac_HalfCheetah-v5_seed85062,e96067d0-2220-46b4-8988-d07e6b7e193c,0.2151940570001898,2.500562236027598e-06,1.1620458818785356e-05,29.79521835503698,84.2052880911644,20.0,1.6647646651456183e-06,3.6966696239787433e-06,1.2025826055528377e-06,6.564016894677199e-06,0.0,Germany,DEU,baden-wurttemberg,,,Linux-7.0.0-31-generic-x86_64-with-glibc2.43,3.14.4,3.3.0,24,Intel(R) Core(TM) Ultra 9 285K,1,1 x NVIDIA GeForce RTX 5090,9.1827,48.767,60.81614303588867,machine,0.0,0.0,0.0,0.0,N
gradient_updates_69,2026-09-07T13:24:23,sac_HalfCheetah-v5_seed85062,e96067d0-2220-46b4-8988-d07e6b7e193c,4.156533941999442,6.364822745605261e-05,1.5312811459916858e-05,29.77764035319908,84.30060025766596,20.0,3.103979788737429e-05,0.00011294870147002256,2.3089141949999073e-05,0.00016707764130739593,0.0,Germany,DEU,baden-wurttemberg,,,Linux-7.0.0-31-generic-x86_64-with-glibc2.43,3.14.4,3.3.0,24,Intel(R) Core(TM) Ultra 9 285K,1,1 x NVIDIA GeForce RTX 5090,9.1827,48.767,60.81614303588867,machine,0.0,0.0,0.0,0.0,N
rollout_70,2026-09-07T13:24:23,sac_HalfCheetah-v5_seed85062,e96067d0-2220-46b4-8988-d07e6b7e193c,0.21553046200006065,2.4762519175158815e-06,1.1487996837656675e-05,29.77552080725761,84.12375850246642,20.0,1.7830203153067214e-06,3.520836149989437e-06,1.1963454444462347e-06,6.5002019097419594e-06,0.0,Germany,DEU,baden-wurttemberg,,,Linux-7.0.0-31-generic-x86_64-with-glibc2.43,3.14.4,3.3.0,24,Intel(R) Core(TM) Ultra 9 285K,1,1 x NVIDIA GeForce RTX 5090,9.1827,48.767,60.81614303588867,machine,0.0,0.0,0.0,0.0,N
gradient_updates_70,2026-09-07T13:24:28,sac_HalfCheetah-v5_seed85062,e96067d0-2220-46b4-8988-d07e6b7e193c,4.041226202999496,6.089043756574673e-05,1.5067322067062023e-05,29.76712417465716,84.21588680089612,20.0,2.7966784873410117e-05,0.00010942230975999334,2.244930296666685e-05,0.00015983839760006988,0.0,Germany,DEU,baden-wurttemberg,,,Linux-7.0.0-31-generic-x86_64-with-glibc2.43,3.14.4,3.3.0,24,Intel(R) Core(TM) Ultra 9 285K,1,1 x NVIDIA GeForce RTX 5090,9.1827,48.767,60.81614303588867,machine,0.0,0.0,0.0,0.0,N
rollout_71,2026-09-07T13:24:28,sac_HalfCheetah-v5_seed85062,e96067d0-2220-46b4-8988-d07e6b7e193c,0.21295624300000782,2.6474533033052014e-06,1.2432385137857342e-05,29.74816169049137,84.11817897949815,20.0,1.618615461558559e-06,4.146114428005276e-06,1.18487846666529e-06,6.9496083562291255e-06,0.0,Germany,DEU,baden-wurttemberg,,,Linux-7.0.0-31-generic-x86_64-with-glibc2.43,3.14.4,3.3.0,24,Intel(R) Core(TM) Ultra 9 285K,1,1 x NVIDIA GeForce RTX 5090,9.1827,48.767,60.81614303588867,machine,0.0,0.0,0.0,0.0,N
gradient_updates_71,2026-09-07T13:24:32,sac_HalfCheetah-v5_seed85062,e96067d0-2220-46b4-8988-d07e6b7e193c,4.048268280000229,6.11505150485657e-05,1.5105350470122531e-05,29.725209381291553,84.21850500852666,20.0,2.6863423990719504e-05,0.00011116925560200608,2.2488425666667908e-05,0.0001605211052593935,0.0,Germany,DEU,baden-wurttemberg,,,Linux-7.0.0-31-generic-x86_64-with-glibc2.43,3.14.4,3.3.0,24,Intel(R) Core(TM) Ultra 9 285K,1,1 x NVIDIA GeForce RTX 5090,9.1827,48.767,60.81614303588867,machine,0.0,0.0,0.0,0.0,N
rollout_72,2026-09-07T13:24:32,sac_HalfCheetah-v5_seed85062,e96067d0-2220-46b4-8988-d07e6b7e193c,0.20918054300000222,2.5600586207744427e-06,1.2238037636459638e-05,29.702303621674144,84.1165930506616,20.0,1.5451192916515755e-06,4.014169877997187e-06,1.160906711109022e-06,6.720195880757784e-06,0.0,Germany,DEU,baden-wurttemberg,,,Linux-7.0.0-31-generic-x86_64-with-glibc2.43,3.14.4,3.3.0,24,Intel(R) Core(TM) Ultra 9 285K,1,1 x NVIDIA GeForce RTX 5090,9.1827,48.767,60.81614303588867,machine,0.0,0.0,0.0,0.0,N
gradient_updates_72,2026-09-07T13:24:36,sac_HalfCheetah-v5_seed85062,e96067d0-2220-46b4-8988-d07e6b7e193c,3.9985913059999802,6.117996360095745e-05,1.5300413714944026e-05,29.679523887758496,84.21219422854719,20.0,2.914545664967766e-05,0.00010924119850400094,2.22117530388863e-05,0.00016059840819256446,0.0,Germany,DEU,baden-wurttemberg,,,Linux-7.0.0-31-generic-x86_64-with-glibc2.43,3.14.4,3.3.0,24,Intel(R) Core(TM) Ultra 9 285K,1,1 x NVIDIA GeForce RTX 5090,9.1827,48.767,60.81614303588867,machine,0.0,0.0,0.0,0.0,N
rollout_73,2026-09-07T13:24:36,sac_HalfCheetah-v5_seed85062,e96067d0-2220-46b4-8988-d07e6b7e193c,0.20260328999938793,2.6486618831351658e-06,1.3073164790550017e-05,29.70009278837565,84.11775090084413,20.0,1.8693001065522852e-06,3.954725386001723e-06,1.1287554055544949e-06,6.95278089810937e-06,0.0,Germany,DEU,baden-wurttemberg,,,Linux-7.0.0-31-generic-x86_64-with-glibc2.43,3.14.4,3.3.0,24,Intel(R) Core(TM) Ultra 9 285K,1,1 x NVIDIA GeForce RTX 5090,9.1827,48.767,60.81614303588867,machine,0.0,0.0,0.0,0.0,N
gradient_updates_73,2026-09-07T13:24:40,sac_HalfCheetah-v5_seed85062,e96067d0-2220-46b4-8988-d07e6b7e193c,4.037247532000038,6.155876020951748e-05,1.524773673014943e-05,29.70947921450006,84.22002683324183,20.0,2.7520347571814707e-05,0.00011164536709400152,2.2427040838889772e-05,0.000161592755504706,0.0,Germany,DEU,baden-wurttemberg,,,Linux-7.0.0-31-generic-x86_64-with-glibc2.43,3.14.4,3.3.0,24,Intel(R) Core(TM) Ultra 9 285K,1,1 x NVIDIA GeForce RTX 5090,9.1827,48.767,60.81614303588867,machine,0.0,0.0,0.0,0.0,N
rollout_74,2026-09-07T13:24:40,sac_HalfCheetah-v5_seed85062,e96067d0-2220-46b4-8988-d07e6b7e193c,0.2092316620000929,2.4312839068500736e-06,1.1619168360873249e-05,29.698358402926303,84.07141316136772,20.0,1.6438604817578528e-06,3.577780640001693e-06,1.1605190222223859e-06,6.3821601439823655e-06,0.0,Germany,DEU,baden-wurttemberg,,,Linux-7.0.0-31-generic-x86_64-with-glibc2.43,3.14.4,3.3.0,24,Intel(R) Core(TM) Ultra 9 285K,1,1 x NVIDIA GeForce RTX 5090,9.1827,48.767,60.81614303588867,machine,0.0,0.0,0.0,0.0,N
gradient_updates_74,2026-09-07T13:24:44,sac_HalfCheetah-v5_seed85062,e96067d0-2220-46b4-8988-d07e6b7e193c,4.036773469999389,6.18965325007003e-05,1.5333167914285602e-05,29.686115117873133,84.16144392847077,20.0,3.0346422888228447e-05,0.00010970869887799717,2.2424291544444457e-05,0.0001624794133106705,0.0,Germany,DEU,baden-wurttemberg,,,Linux-7.0.0-31-generic-x86_64-with-glibc2.43,3.14.4,3.3.0,24,Intel(R) Core(TM) Ultra 9 285K,1,1 x NVIDIA GeForce RTX 5090,9.1827,48.767,60.81614303588867,machine,0.0,0.0,0.0,0.0,N
rollout_75,2026-09-07T13:24:45,sac_HalfCheetah-v5_seed85062,e96067d0-2220-46b4-8988-d07e6b7e193c,0.2093913810003869,2.560918696229743e-06,1.2230701508445923e-05,29.671208927969886,84.05658471852223,20.0,1.608121008713631e-06,3.9525031619996875e-06,1.161829422224002e-06,6.722453592938188e-06,0.0,Germany,DEU,baden-wurttemberg,,,Linux-7.0.0-31-generic-x86_64-with-glibc2.43,3.14.4,3.3.0,24,Intel(R) Core(TM) Ultra 9 285K,1,1 x NVIDIA GeForce RTX 5090,9.1827,48.767,60.81614303588867,machine,0.0,0.0,0.0,0.0,N
gradient_updates_75,2026-09-07T13:24:49,sac_HalfCheetah-v5_seed85062,e96067d0-2220-46b4-8988-d07e6b7e193c,4.053061163000166,6.191530842558461e-05,1.5276189344576928e-05,29.654479394570995,84.14992967880136,20.0,2.909388188620035e-05,0.00011091925540200609,2.251556313333106e-05,0.00016252870042153707,0.0,Germany,DEU,baden-wurttemberg,,,Linux-7.0.0-31-generic-x86_64-with-glibc2.43,3.14.4,3.3.0,24,Intel(R) Core(TM) Ultra 9 285K,1,1 x NVIDIA GeForce RTX 5090,9.1827,48.767,60.81614303588867,machine,0.0,0.0,0.0,0.0,N
rollout_76,2026-09-07T13:24:49,sac_HalfCheetah-v5_seed85062,e96067d0-2220-46b4-8988-d07e6b7e193c,0.2123040790002051,2.5142426218829894e-06,1.1842082473163986e-05,29.63995145833326,84.02298895739084,20.0,1.6308396380074197e-06,3.7911141439889162e-06,1.1779743499975952e-06,6.599928131994365e-06,0.0,Germany,DEU,baden-wurttemberg,,,Linux-7.0.0-31-generic-x86_64-with-glibc2.43,3.14.4,3.3.0,24,Intel(R) Core(TM) Ultra 9 285K,1,1 x NVIDIA GeForce RTX 5090,9.1827,48.767,60.81614303588867,machine,0.0,0.0,0.0,0.0,N
gradient_updates_76,2026-09-07T13:24:53,sac_HalfCheetah-v5_seed85062,e96067d0-2220-46b4-8988-d07e6b7e193c,3.9902823410002384,6.109722921075408e-05,1.5311509604844668e-05,29.624119718425263,84.11352587304022,20.0,2.9335885690911362e-05,0.0001088792537699973,2.2166089600002877e-05,0.00016038122906091197,0.0,Germany,DEU,baden-wurttemberg,,,Linux-7.0.0-31-generic-x86_64-with-glibc2.43,3.14.4,3.3.0,24,Intel(R) Core(TM) Ultra 9 285K,1,1 x NVIDIA GeForce RTX 5090,9.1827,48.767,60.81614303588867,machine,0.0,0.0,0.0,0.0,N
rollout_77,2026-09-07T13:24:53,sac_HalfCheetah-v5_seed85062,e96067d0-2220-46b4-8988-d07e6b7e193c,0.2026805380000951,2.591543467518956e-06,1.2786416374813218e-05,29.645888309008715,84.00828653319171,20.0,1.8802862264445663e-06,3.7975030380138497e-06,1.1250548555530836e-06,6.802844120011933e-06,0.0,Germany,DEU,baden-wurttemberg,,,Linux-7.0.0-31-generic-x86_64-with-glibc2.43,3.14.4,3.3.0,24,Intel(R) Core(TM) Ultra 9 285K,1,1 x NVIDIA GeForce RTX 5090,9.1827,48.767,60.81614303588867,machine,0.0,0.0,0.0,0.0,N
gradient_updates_77,2026-09-07T13:24:57,sac_HalfCheetah-v5_seed85062,e96067d0-2220-46b4-8988-d07e6b7e193c,3.988509105999583,6.140407603250769e-05,1.539530649387684e-05,29.657425758876514,84.10101873786412,20.0,2.9630074815149843e-05,0.00010940064307599084,2.2155989111110556e-05,0.0001611867070022508,0.0,Germany,DEU,baden-wurttemberg,,,Linux-7.0.0-31-generic-x86_64-with-glibc2.43,3.14.4,3.3.0,24,Intel(R) Core(TM) Ultra 9 285K,1,1 x NVIDIA GeForce RTX 5090,9.1827,48.767,60.81614303588867,machine,0.0,0.0,0.0,0.0,N
rollout_78,2026-09-07T13:24:57,sac_HalfCheetah-v5_seed85062,e96067d0-2220-46b4-8988-d07e6b7e193c,0.2049908700000742,2.6216432275419366e-06,1.2787507121468826e-05,29.682676251699966,83.99323427484475,20.0,1.9382018283352342e-06,3.8055586000090846e-06,1.1380960555570918e-06,6.881856483901411e-06,0.0,Germany,DEU,baden-wurttemberg,,,Linux-7.0.0-31-generic-x86_64-with-glibc2.43,3.14.4,3.3.0,24,Intel(R) Core(TM) Ultra 9 285K,1,1 x NVIDIA GeForce RTX 5090,9.1827,48.767,60.81614303588867,machine,0.0,0.0,0.0,0.0,N
gradient_updates_78,2026-09-07T13:25:01,sac_HalfCheetah-v5_seed85062,e96067d0-2220-46b4-8988-d07e6b7e193c,4.063419032999263,6.297026407894868e-05,1.549690526523559e-05,29.699934560712208,84.08599945065329,20.0,3.107341791427215e-05,0.00011165258932198385,2.257196908333559e-05,0.00016529797631959116,0.0,Germany,DEU,baden-wurttemberg,,,Linux-7.0.0-31-generic-x86_64-with-glibc2.43,3.14.4,3.3.0,24,Intel(R) Core(TM) Ultra 9 285K,1,1 x NVIDIA GeForce RTX 5090,9.1827,48.767,60.81614303588867,machine,0.0,0.0,0.0,0.0,N
rollout_79,2026-09-07T13:25:02,sac_HalfCheetah-v5_seed85062,e96067d0-2220-46b4-8988-d07e6b7e193c,0.21441189999950439,2.44867090378343e-06,1.142095432566666e-05,29.689144574201872,83.93603111902145,20.0,1.680498566622446e-06,3.557780624011131e-06,1.1895221055562358e-06,6.427801296188945e-06,0.0,Germany,DEU,baden-wurttemberg,,,Linux-7.0.0-31-generic-x86_64-with-glibc2.43,3.14.4,3.3.0,24,Intel(R) Core(TM) Ultra 9 285K,1,1 x NVIDIA GeForce RTX 5090,9.1827,48.767,60.81614303588867,machine,0.0,0.0,0.0,0.0,N
gradient_updates_79,2026-09-07T13:25:06,sac_HalfCheetah-v5_seed85062,e96067d0-2220-46b4-8988-d07e6b7e193c,4.038854141999764,6.007382235472675e-05,1.4873968792341374e-05,29.67339431627964,84.01467369013069,20.0,2.6716583873247907e-05,0.00010854203127799722,2.2436154122220005e-05,0.000157694769273466,0.0,Germany,DEU,baden-wurttemberg,,,Linux-7.0.0-31-generic-x86_64-with-glibc2.43,3.14.4,3.3.0,24,Intel(R) Core(TM) Ultra 9 285K,1,1 x NVIDIA GeForce RTX 5090,9.1827,48.767,60.81614303588867,machine,0.0,0.0,0.0,0.0,N
rollout_80,2026-09-07T13:25:06,sac_HalfCheetah-v5_seed85062,e96067d0-2220-46b4-8988-d07e6b7e193c,0.2158154420003484,2.5604574986591577e-06,1.1863899105923798e-05,29.6538537404572,83.89799724953987,20.0,1.6110710110775472e-06,3.906392014002558e-06,1.203779916669409e-06,6.721242941749514e-06,0.0,Germany,DEU,baden-wurttemberg,,,Linux-7.0.0-31-generic-x86_64-with-glibc2.43,3.14.4,3.3.0,24,Intel(R) Core(TM) Ultra 9 285K,1,1 x NVIDIA GeForce RTX 5090,9.1827,48.767,60.81614303588867,machine,0.0,0.0,0.0,0.0,N
gradient_updates_80,2026-09-07T13:25:10,sac_HalfCheetah-v5_seed85062,e96067d0-2220-46b4-8988-d07e6b7e193c,4.014192626999829,6.11620113290948e-05,1.5236455915865036e-05,29.635102134208502,83.97744542091615,20.0,3.0047198482183873e-05,0.00010819730877999201,2.2306775922217685e-05,0.00016055128318439443,0.0,Germany,DEU,baden-wurttemberg,,,Linux-7.0.0-31-generic-x86_64-with-glibc2.43,3.14.4,3.3.0,24,Intel(R) Core(TM) Ultra 9 285K,1,1 x NVIDIA GeForce RTX 5090,9.1827,48.767,60.81614303588867,machine,0.0,0.0,0.0,0.0,N
rollout_81,2026-09-07T13:25:10,sac_HalfCheetah-v5_seed85062,e96067d0-2220-46b4-8988-d07e6b7e193c,0.2035047930003202,2.5357350994358735e-06,1.2460345510059739e-05,29.65898776128864,83.85631265450938,20.0,1.918535145934569e-06,3.6083362200262092e-06,1.129474872222161e-06,6.656346238182939e-06,0.0,Germany,DEU,baden-wurttemberg,,,Linux-7.0.0-31-generic-x86_64-with-glibc2.43,3.14.4,3.3.0,24,Intel(R) Core(TM) Ultra 9 285K,1,1 x NVIDIA GeForce RTX 5090,9.1827,48.767,60.81614303588867,machine,0.0,0.0,0.0,0.0,N
gradient_updates_81,2026-09-07T13:25:14,sac_HalfCheetah-v5_seed85062,e96067d0-2220-46b4-8988-d07e6b7e193c,3.9928292029999284,6.0097155202989624e-05,1.5051281188956592e-05,29.671160446378103,83.9306206623849,20.0,2.881513805209207e-05,0.00010676091874198268,2.2179961588891187e-05,0.00015775601838296377,0.0,Germany,DEU,baden-wurttemberg,,,Linux-7.0.0-31-generic-x86_64-with-glibc2.43,3.14.4,3.3.0,24,Intel(R) Core(TM) Ultra 9 285K,1,1 x NVIDIA GeForce RTX 5090,9.1827,48.767,60.81614303588867,machine,0.0,0.0,0.0,0.0,N
rollout_82,2026-09-07T13:25:14,sac_HalfCheetah-v5_seed85062,e96067d0-2220-46b4-8988-d07e6b7e193c,0.20280741399983526,2.5270478053972256e-06,1.2458876773853737e-05,29.689583004065824,83.8104856689861,20.0,1.8796251148103793e-06,3.618891783990774e-06,1.1350250500022016e-06,6.6335419488042224e-06,0.0,Germany,DEU,baden-wurttemberg,,,Linux-7.0.0-31-generic-x86_64-with-glibc2.43,3.14.4,3.3.0,24,Intel(R) Core(TM) Ultra 9 285K,1,1 x NVIDIA GeForce RTX 5090,9.1827,48.767,60.81614303588867,machine,0.0,0.0,0.0,0.0,N
gradient_updates_82,2026-09-07T13:25:18,sac_HalfCheetah-v5_seed85062,e96067d0-2220-46b4-8988-d07e6b7e193c,4.001827546999266,6.130899145803583e-05,1.5320273922617755e-05,29.698524338991064,83.8960810207183,20.0,2.9477300804044843e-05,0.00010923230960800667,2.2227498022220783e-05,0.00016093710843427186,0.0,Germany,DEU,baden-wurttemberg,,,Linux-7.0.0-31-generic-x86_64-with-glibc2.43,3.14.4,3.3.0,24,Intel(R) Core(TM) Ultra 9 285K,1,1 x NVIDIA GeForce RTX 5090,9.1827,48.767,60.81614303588867,machine,0.0,0.0,0.0,0.0,N
rollout_83,2026-09-07T13:25:19,sac_HalfCheetah-v5_seed85062,e96067d0-2220-46b4-8988-d07e6b7e193c,0.20230283700038854,2.5057277454245547e-06,1.2385243309029345e-05,29.71883470194393,83.77684960620705,20.0,1.8817276164935504e-06,3.5730584139886945e-06,1.1227904111112304e-06,6.5775764415930416e-06,0.0,Germany,DEU,baden-wurttemberg,,,Linux-7.0.0-31-generic-x86_64-with-glibc2.43,3.14.4,3.3.0,24,Intel(R) Core(TM) Ultra 9 285K,1,1 x NVIDIA GeForce RTX 5090,9.1827,48.767,60.81614303588867,machine,0.0,0.0,0.0,0.0,N
gradient_updates_83,2026-09-07T13:25:23,sac_HalfCheetah-v5_seed85062,e96067d0-2220-46b4-8988-d07e6b7e193c,3.9980486200001906,6.0993890256120196e-05,1.5255970675290712e-05,29.728348585412782,83.86141834217709,20.0,2.881003499245749e-05,0.00010909092060601422,2.2209007011108305e-05,0.00016010996260958088,0.0,Germany,DEU,baden-wurttemberg,,,Linux-7.0.0-31-generic-x86_64-with-glibc2.43,3.14.4,3.3.0,24,Intel(R) Core(TM) Ultra 9 285K,1,1 x NVIDIA GeForce RTX 5090,9.1827,48.767,60.81614303588867,machine,0.0,0.0,0.0,0.0,N
rollout_84,2026-09-07T13:25:23,sac_HalfCheetah-v5_seed85062,e96067d0-2220-46b4-8988-d07e6b7e193c,0.2026854240002649,2.4684290422342936e-06,1.2178137844703235e-05,29.74449757468696,83.73613402457714,20.0,1.8486162011166485e-06,3.506113916001974e-06,1.1249366166643515e-06,6.479666733782974e-06,0.0,Germany,DEU,baden-wurttemberg,,,Linux-7.0.0-31-generic-x86_64-with-glibc2.43,3.14.4,3.3.0,24,Intel(R) Core(TM) Ultra 9 285K,1,1 x NVIDIA GeForce RTX 5090,9.1827,48.767,60.81614303588867,machine,0.0,0.0,0.0,0.0,N
gradient_updates_84,2026-09-07T13:25:27,sac_HalfCheetah-v5_seed85062,e96067d0-2220-46b4-8988-d07e6b7e193c,4.071643453999968,5.953325604527576e-05,1.4621454665859166e-05,29.749091340039673,83.80411705666863,20.0,2.56555741355545e-05,0.00010800175306799331,2.261844663888849e-05,0.00015627577384243543,0.0,Germany,DEU,baden-wurttemberg,,,Linux-7.0.0-31-generic-x86_64-with-glibc2.43,3.14.4,3.3.0,24,Intel(R) Core(TM) Ultra 9 285K,1,1 x NVIDIA GeForce RTX 5090,9.1827,48.767,60.81614303588867,machine,0.0,0.0,0.0,0.0,N
rollout_85,2026-09-07T13:25:27,sac_HalfCheetah-v5_seed85062,e96067d0-2220-46b4-8988-d07e6b7e193c,0.21430402799978765,3.3087610502467377e-06,1.5439544841299592e-05,29.722376365069678,83.90115338699073,20.0,1.5080914842514892e-06,5.988338124013337e-06,1.1891224333338349e-06,8.685552041597794e-06,0.0,Germany,DEU,baden-wurttemberg,,,Linux-7.0.0-31-generic-x86_64-with-glibc2.43,3.14.4,3.3.0,24,Intel(R) Core(TM) Ultra 9 285K,1,1 x NVIDIA GeForce RTX 5090,9.1827,48.767,60.81614303588867,machine,0.0,0.0,0.0,0.0,N
gradient_updates_85,2026-09-07T13:25:31,sac_HalfCheetah-v5_seed85062,e96067d0-2220-46b4-8988-d07e6b7e193c,4.010525587000302,6.116680562480784e-05,1.5251592292179224e-05,29.69776539247906,83.97857617118983,20.0,2.9731376007303273e-05,0.00010855397573199255,2.2278516550002566e-05,0.00016056386828929708,0.0,Germany,DEU,baden-wurttemberg,,,Linux-7.0.0-31-generic-x86_64-with-glibc2.43,3.14.4,3.3.0,24,Intel(R) Core(TM) Ultra 9 285K,1,1 x NVIDIA GeForce RTX 5090,9.1827,48.767,60.81614303588867,machine,0.0,0.0,0.0,0.0,N
rollout_86,2026-09-07T13:25:31,sac_HalfCheetah-v5_seed85062,e96067d0-2220-46b4-8988-d07e6b7e193c,0.2033988369994404,2.5933914456826787e-06,1.2749457977539311e-05,29.719254090806785,83.8806550685422,20.0,1.910159583680404e-06,3.7686141260012684e-06,1.1289213833302891e-06,6.807695093011962e-06,0.0,Germany,DEU,baden-wurttemberg,,,Linux-7.0.0-31-generic-x86_64-with-glibc2.43,3.14.4,3.3.0,24,Intel(R) Core(TM) Ultra 9 285K,1,1 x NVIDIA GeForce RTX 5090,9.1827,48.767,60.81614303588867,machine,0.0,0.0,0.0,0.0,N
gradient_updates_86,2026-09-07T13:25:35,sac_HalfCheetah-v5_seed85062,e96067d0-2220-46b4-8988-d07e6b7e193c,3.9975301029999173,6.105808159398863e-05,1.5273983494251023e-05,29.730426471115607,83.9603719633499,20.0,2.9271646472851798e-05,0.00010880092037400535,2.2205899077774437e-05,0.00016027846592463202,0.0,Germany,DEU,baden-wurttemberg,,,Linux-7.0.0-31-generic-x86_64-with-glibc2.43,3.14.4,3.3.0,24,Intel(R) Core(TM) Ultra 9 285K,1,1 x NVIDIA GeForce RTX 5090,9.1827,48.767,60.81614303588867,machine,0.0,0.0,0.0,0.0,N
rollout_87,2026-09-07T13:25:35,sac_HalfCheetah-v5_seed85062,e96067d0-2220-46b4-8988-d07e6b7e193c,0.20342993800022668,2.6033684641900423e-06,1.2796636645826117e-05,29.753111819443593,83.86434166758059,20.0,1.927588486511783e-06,3.7769474659915536e-06,1.1293489777775521e-06,6.833884930279588e-06,0.0,Germany,DEU,baden-wurttemberg,,,Linux-7.0.0-31-generic-x86_64-with-glibc2.43,3.14.4,3.3.0,24,Intel(R) Core(TM) Ultra 9 285K,1,1 x NVIDIA GeForce RTX 5090,9.1827,48.767,60.81614303588867,machine,0.0,0.0,0.0,0.0,N
gradient_updates_87,2026-09-07T13:25:39,sac_HalfCheetah-v5_seed85062,e96067d0-2220-46b4-8988-d07e6b7e193c,4.009012253999572,6.09492388025587e-05,1.5203081380598298e-05,29.76705490397285,83.94049734742963,20.0,2.9158748604755924e-05,0.00010856397573999477,2.227002746666481e-05,0.00015999275181141637,0.0,Germany,DEU,baden-wurttemberg,,,Linux-7.0.0-31-generic-x86_64-with-glibc2.43,3.14.4,3.3.0,24,Intel(R) Core(TM) Ultra 9 285K,1,1 x NVIDIA GeForce RTX 5090,9.1827,48.767,60.81614303588867,machine,0.0,0.0,0.0,0.0,N
rollout_88,2026-09-07T13:25:40,sac_HalfCheetah-v5_seed85062,e96067d0-2220-46b4-8988-d07e6b7e193c,0.2028105469998991,2.6701775321562662e-06,1.3165708287368179e-05,29.785187162795207,83.86966400459215,20.0,1.8794556702339538e-06,4.005003203993995e-06,1.124800955555269e-06,7.009259829784953e-06,0.0,Germany,DEU,baden-wurttemberg,,,Linux-7.0.0-31-generic-x86_64-with-glibc2.43,3.14.4,3.3.0,24,Intel(R) Core(TM) Ultra 9 285K,1,1 x NVIDIA GeForce RTX 5090,9.1827,48.767,60.81614303588867,machine,0.0,0.0,0.0,0.0,N
gradient_updates_88,2026-09-07T13:25:44,sac_HalfCheetah-v5_seed85062,e96067d0-2220-46b4-8988-d07e6b7e193c,4.009068835000107,6.055760856810491e-05,1.5105186172633804e-05,29.794733102372337,83.94381204163858,20.0,2.834815240073188e-05,0.0001083445311200193,2.227203250000035e-05,0.00015896471602075066,0.0,Germany,DEU,baden-wurttemberg,,,Linux-7.0.0-31-generic-x86_64-with-glibc2.43,3.14.4,3.3.0,24,Intel(R) Core(TM) Ultra 9 285K,1,1 x NVIDIA GeForce RTX 5090,9.1827,48.767,60.81614303588867,machine,0.0,0.0,0.0,0.0,N
rollout_89,2026-09-07T13:25:44,sac_HalfCheetah-v5_seed85062,e96067d0-2220-46b4-8988-d07e6b7e193c,0.20219703399925493,2.7408454950344358e-06,1.3554528148765996e-05,29.80901803042545,83.89744823686263,20.0,1.836900636188743e-06,4.236114499997501e-06,1.1217492555562307e-06,7.194764391742908e-06,0.0,Germany,DEU,baden-wurttemberg,,,Linux-7.0.0-31-generic-x86_64-with-glibc2.43,3.14.4,3.3.0,24,Intel(R) Core(TM) Ultra 9 285K,1,1 x NVIDIA GeForce RTX 5090,9.1827,48.767,60.81614303588867,machine,0.0,0.0,0.0,0.0,N
gradient_updates_89,2026-09-07T13:25:48,sac_HalfCheetah-v5_seed85062,e96067d0-2220-46b4-8988-d07e6b7e193c,3.9994887720004044,6.059387542844529e-05,1.51504406339324e-05,29.81411728701728,83.97114780590327,20.0,2.8660515983949808e-05,0.00010818230876798174,2.2217092372218538e-05,0.00015905991712415052,0.0,Germany,DEU,baden-wurttemberg,,,Linux-7.0.0-31-generic-x86_64-with-glibc2.43,3.14.4,3.3.0,24,Intel(R) Core(TM) Ultra 9 285K,1,1 x NVIDIA GeForce RTX 5090,9.1827,48.767,60.81614303588867,machine,0.0,0.0,0.0,0.0,N
rollout_90,2026-09-07T13:25:48,sac_HalfCheetah-v5_seed85062,e96067d0-2220-46b4-8988-d07e6b7e193c,0.20589131499946234,2.7648658638464857e-06,1.3427063268250931e-05,29.831187843104622,83.91570657965418,20.0,1.9032762448439877e-06,4.212781148010825e-06,1.1417608611081348e-06,7.257818253961212e-06,0.0,Germany,DEU,baden-wurttemberg,,,Linux-7.0.0-31-generic-x86_64-with-glibc2.43,3.14.4,3.3.0,24,Intel(R) Core(TM) Ultra 9 285K,1,1 x NVIDIA GeForce RTX 5090,9.1827,48.767,60.81614303588867,machine,0.0,0.0,0.0,0.0,N
gradient_updates_90,2026-09-07T13:25:52,sac_HalfCheetah-v5_seed85062,e96067d0-2220-46b4-8988-d07e6b7e193c,4.001918877999742,6.057879646623968e-05,1.5137459637842596e-05,29.840272949192844,83.98797281397134,20.0,2.863123623830094e-05,0.00010815480874599992,2.223428961666907e-05,0.00015902033460097123,0.0,Germany,DEU,baden-wurttemberg,,,Linux-7.0.0-31-generic-x86_64-with-glibc2.43,3.14.4,3.3.0,24,Intel(R) Core(TM) Ultra 9 285K,1,1 x NVIDIA GeForce RTX 5090,9.1827,48.767,60.81614303588867,machine,0.0,0.0,0.0,0.0,N
rollout_91,2026-09-07T13:25:52,sac_HalfCheetah-v5_seed85062,e96067d0-2220-46b4-8988-d07e6b7e193c,0.20171763399957854,2.8082880889606504e-06,1.392145490531144e-05,29.854721142650238,83.95995562364394,20.0,1.840783139292479e-06,4.411392417996707e-06,1.1196267499951652e-06,7.371802307285652e-06,0.0,Germany,DEU,baden-wurttemberg,,,Linux-7.0.0-31-generic-x86_64-with-glibc2.43,3.14.4,3.3.0,24,Intel(R) Core(TM) Ultra 9 285K,1,1 x NVIDIA GeForce RTX 5090,9.1827,48.767,60.81614303588867,machine,0.0,0.0,0.0,0.0,N
gradient_updates_91,2026-09-07T13:25:56,sac_HalfCheetah-v5_seed85062,e96067d0-2220-46b4-8988-d07e6b7e193c,4.003241389999857,6.0605382332861585e-05,1.5139107654672933e-05,29.86189695803354,84.03069942132673,20.0,2.8784926083477713e-05,0.00010806703089799585,2.2238165955554366e-05,0.00015909012293702923,0.0,Germany,DEU,baden-wurttemberg,,,Linux-7.0.0-31-generic-x86_64-with-glibc2.43,3.14.4,3.3.0,24,Intel(R) Core(TM) Ultra 9 285K,1,1 x NVIDIA GeForce RTX 5090,9.1827,48.767,60.81614303588867,machine,0.0,0.0,0.0,0.0,N
rollout_92,2026-09-07T13:25:57,sac_HalfCheetah-v5_seed85062,e96067d0-2220-46b4-8988-d07e6b7e193c,0.20256936900022993,3.4329803125180552e-06,1.6946254295965094e-05,29.875846602932686,84.1550626653415,20.0,1.8462934214813487e-06,6.040838166007645e-06,1.1244980555550482e-06,9.011629643045777e-06,0.0,Germany,DEU,baden-wurttemberg,,,Linux-7.0.0-31-generic-x86_64-with-glibc2.43,3.14.4,3.3.0,24,Intel(R) Core(TM) Ultra 9 285K,1,1 x NVIDIA GeForce RTX 5090,9.1827,48.767,60.81614303588867,machine,0.0,0.0,0.0,0.0,N
gradient_updates_92,2026-09-07T13:26:01,sac_HalfCheetah-v5_seed85062,e96067d0-2220-46b4-8988-d07e6b7e193c,4.024944784999207,6.0228002125465446e-05,1.496372242436175e-05,29.880990674222566,84.22346251895083,20.0,2.7188706750946867e-05,0.00010854897572801225,2.2361811222223766e-05,0.00015809949370118245,0.0,Germany,DEU,baden-wurttemberg,,,Linux-7.0.0-31-generic-x86_64-with-glibc2.43,3.14.4,3.3.0,24,Intel(R) Core(TM) Ultra 9 285K,1,1 x NVIDIA GeForce RTX 5090,9.1827,48.767,60.81614303588867,machine,0.0,0.0,0.0,0.0,N
rollout_93,2026-09-07T13:26:01,sac_HalfCheetah-v5_seed85062,e96067d0-2220-46b4-8988-d07e6b7e193c,0.21570515200073714,2.650554023610717e-06,1.228803632475936e-05,29.895480342278308,84.11327383677786,20.0,1.9735004676869894e-06,3.787780807992802e-06,1.1964665222220783e-06,6.95774779790187e-06,0.0,Germany,DEU,baden-wurttemberg,,,Linux-7.0.0-31-generic-x86_64-with-glibc2.43,3.14.4,3.3.0,24,Intel(R) Core(TM) Ultra 9 285K,1,1 x NVIDIA GeForce RTX 5090,9.1827,48.767,60.81614303588867,machine,0.0,0.0,0.0,0.0,N
gradient_updates_93,2026-09-07T13:26:05,sac_HalfCheetah-v5_seed85062,e96067d0-2220-46b4-8988-d07e6b7e193c,4.00267754000015,6.065542109157714e-05,1.515362501518492e-05,29.902731004841044,84.18247039542418,20.0,2.8773990519172926e-05,0.0001082117532359983,2.2235731744442173e-05,0.00015922147549961296,0.0,Germany,DEU,baden-wurttemberg,,,Linux-7.0.0-31-generic-x86_64-with-glibc2.43,3.14.4,3.3.0,24,Intel(R) Core(TM) Ultra 9 285K,1,1 x NVIDIA GeForce RTX 5090,9.1827,48.767,60.81614303588867,machine,0.0,0.0,0.0,0.0,N
rollout_94,2026-09-07T13:26:05,sac_HalfCheetah-v5_seed85062,e96067d0-2220-46b4-8988-d07e6b7e193c,0.20215495100001135,2.6450382837814312e-06,1.3083151955564864e-05,29.918039427614683,84.11142191813182,20.0,1.8629589903645938e-06,3.958336499992887e-06,1.1219734000001216e-06,6.943268890356735e-06,0.0,Germany,DEU,baden-wurttemberg,,,Linux-7.0.0-31-generic-x86_64-with-glibc2.43,3.14.4,3.3.0,24,Intel(R) Core(TM) Ultra 9 285K,1,1 x NVIDIA GeForce RTX 5090,9.1827,48.767,60.81614303588867,machine,0.0,0.0,0.0,0.0,N
gradient_updates_94,2026-09-07T13:26:09,sac_HalfCheetah-v5_seed85062,e96067d0-2220-46b4-8988-d07e6b7e193c,4.035772219000137,6.067744439520236e-05,1.503493318982478e-05,29.926430568174087,84.17177066378069,20.0,2.9520381394067263e-05,0.00010734036364999644,2.2418541988887975e-05,0.00015927928703295124,0.0,Germany,DEU,baden-wurttemberg,,,Linux-7.0.0-31-generic-x86_64-with-glibc2.43,3.14.4,3.3.0,24,Intel(R) Core(TM) Ultra 9 285K,1,1 x NVIDIA GeForce RTX 5090,9.1827,48.767,60.81614303588867,machine,0.0,0.0,0.0,0.0,N
rollout_95,2026-09-07T13:26:09,sac_HalfCheetah-v5_seed85062,e96067d0-2220-46b4-8988-d07e6b7e193c,0.20194773899947904,2.737370923834234e-06,1.3553952557240575e-05,29.94051920908817,84.12548904523845,20.0,1.8505487026608536e-06,4.214447816008882e-06,1.1206470666670285e-06,7.185643585337631e-06,0.0,Germany,DEU,baden-wurttemberg,,,Linux-7.0.0-31-generic-x86_64-with-glibc2.43,3.14.4,3.3.0,24,Intel(R) Core(TM) Ultra 9 285K,1,1 x NVIDIA GeForce RTX 5090,9.1827,48.767,60.81614303588867,machine,0.0,0.0,0.0,0.0,N
gradient_updates_95,2026-09-07T13:26:13,sac_HalfCheetah-v5_seed85062,e96067d0-2220-46b4-8988-d07e6b7e193c,4.032093289999466,6.066446987028004e-05,1.5045435471927267e-05,29.947391189328187,84.18819700550105,20.0,2.8882734772833762e-05,0.00010795480858599715,2.240768533333208e-05,0.00015924522869216473,0.0,Germany,DEU,baden-wurttemberg,,,Linux-7.0.0-31-generic-x86_64-with-glibc2.43,3.14.4,3.3.0,24,Intel(R) Core(TM) Ultra 9 285K,1,1 x NVIDIA GeForce RTX 5090,9.1827,48.767,60.81614303588867,machine,0.0,0.0,0.0,0.0,N
rollout_96,2026-09-07T13:26:13,sac_HalfCheetah-v5_seed85062,e96067d0-2220-46b4-8988-d07e6b7e193c,0.20878159499989124,2.4344827661438445e-06,1.1660210795482112e-05,29.928765862220114,84.08368400355661,20.0,1.539846509655829e-06,3.691947398007378e-06,1.1587632944461135e-06,6.3905572021093204e-06,0.0,Germany,DEU,baden-wurttemberg,,,Linux-7.0.0-31-generic-x86_64-with-glibc2.43,3.14.4,3.3.0,24,Intel(R) Core(TM) Ultra 9 285K,1,1 x NVIDIA GeForce RTX 5090,9.1827,48.767,60.81614303588867,machine,0.0,0.0,0.0,0.0,N
gradient_updates_96,2026-09-07T13:26:17,sac_HalfCheetah-v5_seed85062,e96067d0-2220-46b4-8988-d07e6b7e193c,3.9978643770000417,6.0651064344933135e-05,1.5170894606052214e-05,29.91011039379167,84.15046000756912,20.0,2.902582794286554e-05,0.00010797619749199072,2.2208013533337335e-05,0.00015921003896819316,0.0,Germany,DEU,baden-wurttemberg,,,Linux-7.0.0-31-generic-x86_64-with-glibc2.43,3.14.4,3.3.0,24,Intel(R) Core(TM) Ultra 9 285K,1,1 x NVIDIA GeForce RTX 5090,9.1827,48.767,60.81614303588867,machine,0.0,0.0,0.0,0.0,N
rollout_97,2026-09-07T13:26:18,sac_HalfCheetah-v5_seed85062,e96067d0-2220-46b4-8988-d07e6b7e193c,0.20266853100019944,2.651725389580216e-06,1.3083642389542556e-05,29.92391488556224,84.08304130524637,20.0,1.856245373885873e-06,3.98055874001324e-06,1.1240185388890905e-06,6.960822652789939e-06,0.0,Germany,DEU,baden-wurttemberg,,,Linux-7.0.0-31-generic-x86_64-with-glibc2.43,3.14.4,3.3.0,24,Intel(R) Core(TM) Ultra 9 285K,1,1 x NVIDIA GeForce RTX 5090,9.1827,48.767,60.81614303588867,machine,0.0,0.0,0.0,0.0,N
gradient_updates_97,2026-09-07T13:26:22,sac_HalfCheetah-v5_seed85062,e96067d0-2220-46b4-8988-d07e6b7e193c,4.0364276999998765,5.9713459604943814e-05,1.4793660090171185e-05,29.929400739172195,84.13932815357212,20.0,2.7490236714392685e-05,0.00010683452991198938,2.242404451666428e-05,0.00015674881114304678,0.0,Germany,DEU,baden-wurttemberg,,,Linux-7.0.0-31-generic-x86_64-with-glibc2.43,3.14.4,3.3.0,24,Intel(R) Core(TM) Ultra 9 285K,1,1 x NVIDIA GeForce RTX 5090,9.1827,48.767,60.81614303588867,machine,0.0,0.0,0.0,0.0,N
rollout_98,2026-09-07T13:26:22,sac_HalfCheetah-v5_seed85062,e96067d0-2220-46b4-8988-d07e6b7e193c,0.20203678799953195,2.745473652239136e-06,1.3587456791937633e-05,29.940562189581623,84.0990401212496,20.0,1.823201458559659e-06,4.263336743998147e-06,1.120375177778455e-06,7.206913380335828e-06,0.0,Germany,DEU,baden-wurttemberg,,,Linux-7.0.0-31-generic-x86_64-with-glibc2.43,3.14.4,3.3.0,24,Intel(R) Core(TM) Ultra 9 285K,1,1 x NVIDIA GeForce RTX 5090,9.1827,48.767,60.81614303588867,machine,0.0,0.0,0.0,0.0,N
gradient_updates_98,2026-09-07T13:26:26,sac_HalfCheetah-v5_seed85062,e96067d0-2220-46b4-8988-d07e6b7e193c,4.0324218100004146,6.081308342915665e-05,1.5081060218997645e-05,29.944197910274422,84.16704721197016,20.0,2.7698603547753053e-05,0.00010953092095800088,2.2405817216667682e-05,0.0001596353417224229,0.0,Germany,DEU,baden-wurttemberg,,,Linux-7.0.0-31-generic-x86_64-with-glibc2.43,3.14.4,3.3.0,24,Intel(R) Core(TM) Ultra 9 285K,1,1 x NVIDIA GeForce RTX 5090,9.1827,48.767,60.81614303588867,machine,0.0,0.0,0.0,0.0,N
rollout_99,2026-09-07T13:26:26,sac_HalfCheetah-v5_seed85062,e96067d0-2220-46b4-8988-d07e6b7e193c,0.209931387999859,2.43888961416229e-06,1.1617134789757051e-05,29.923282306269822,84.06649876277035,20.0,1.5144489893398339e-06,3.7222252000090883e-06,1.165451061109924e-06,6.4021252504584125e-06,0.0,Germany,DEU,baden-wurttemberg,,,Linux-7.0.0-31-generic-x86_64-with-glibc2.43,3.14.4,3.3.0,24,Intel(R) Core(TM) Ultra 9 285K,1,1 x NVIDIA GeForce RTX 5090,9.1827,48.767,60.81614303588867,machine,0.0,0.0,0.0,0.0,N
gradient_updates_99,2026-09-07T13:26:30,sac_HalfCheetah-v5_seed85062,e96067d0-2220-46b4-8988-d07e6b7e193c,4.037783933000355,6.0091589241775996e-05,1.4882339499833285e-05,29.901872709649837,84.12344593539511,20.0,2.8064068006792425e-05,0.00010724730802000315,2.243003161666408e-05,0.0001577414076434601,0.0,Germany,DEU,baden-wurttemberg,,,Linux-7.0.0-31-generic-x86_64-with-glibc2.43,3.14.4,3.3.0,24,Intel(R) Core(TM) Ultra 9 285K,1,1 x NVIDIA GeForce RTX 5090,9.1827,48.767,60.81614303588867,machine,0.0,0.0,0.0,0.0,N
idle_baseline_tail,2026-09-07T13:28:00,sac_HalfCheetah-v5_seed85062,e96067d0-2220-46b4-8988-d07e6b7e193c,90.00360356799956,0.0006561679388441691,7.290463604204219e-06,29.877418285342912,83.87030860073402,20.0,0.00041032898631847975,0.0008121089830199907,0.0005000136354500026,0.0017224516047884726,0.0,Germany,DEU,baden-wurttemberg,,,Linux-7.0.0-31-generic-x86_64-with-glibc2.43,3.14.4,3.3.0,24,Intel(R) Core(TM) Ultra 9 285K,1,1 x NVIDIA GeForce RTX 5090,9.1827,48.767,60.81614303588867,machine,0.0,0.0,0.0,0.0,N
