task_name,timestamp,project_name,run_id,duration,emissions,emissions_rate,cpu_power,gpu_power,ram_power,cpu_energy,gpu_energy,ram_energy,energy_consumed,water_consumed,country_name,country_iso_code,region,cloud_provider,cloud_region,os,python_version,codecarbon_version,cpu_count,cpu_model,gpu_count,gpu_model,longitude,latitude,ram_total_size,tracking_mode,cpu_utilization_percent,gpu_utilization_percent,ram_utilization_percent,ram_used_gb,on_cloud
idle_baseline_head,2026-09-14T13:32:15,mbpo_HalfCheetah-v5_seed958,8aa0146f-1ae8-4177-bf49-9135e20d95e3,90.00323493200085,0.0006129501741284015,6.810312323914749e-06,12.505328511990058,13.208209179019539,20.0,0.0004075110826752687,0.0006837916581439868,0.0005177015225444443,0.0016090042633636998,0.0,Germany,DEU,baden-wurttemberg,,,Linux-7.0.0-31-generic-x86_64-with-glibc2.43,3.14.4,3.3.0,24,Intel(R) Core(TM) Ultra 9 285K,1,1 x NVIDIA GeForce RTX 5090,9.2986,48.7383,60.81614303588867,machine,0.0,0.0,0.0,0.0,N
warmup_0,2026-09-14T13:32:16,mbpo_HalfCheetah-v5_seed958,8aa0146f-1ae8-4177-bf49-9135e20d95e3,0.15028497200000857,1.4939877408581608e-06,9.93985196427344e-06,20.965045709503986,20.628466633260327,20.0,1.605526839976168e-06,1.4813900739985009e-06,8.348254166675373e-07,3.921742330642098e-06,0.0,Germany,DEU,baden-wurttemberg,,,Linux-7.0.0-31-generic-x86_64-with-glibc2.43,3.14.4,3.3.0,24,Intel(R) Core(TM) Ultra 9 285K,1,1 x NVIDIA GeForce RTX 5090,9.2986,48.7383,60.81614303588867,machine,0.0,0.0,0.0,0.0,N
dynamics_model_update_0,2026-09-14T13:32:33,mbpo_HalfCheetah-v5_seed958,8aa0146f-1ae8-4177-bf49-9135e20d95e3,16.56161815500036,0.00021328015537053495,1.287798553587092e-05,25.07231945612265,33.50833872898771,20.0,0.00013595367265173408,0.00033190415441200494,9.20060799333341e-05,0.000559863906997073,0.0,Germany,DEU,baden-wurttemberg,,,Linux-7.0.0-31-generic-x86_64-with-glibc2.43,3.14.4,3.3.0,24,Intel(R) Core(TM) Ultra 9 285K,1,1 x NVIDIA GeForce RTX 5090,9.2986,48.7383,60.81614303588867,machine,0.0,0.0,0.0,0.0,N
rollout_0,2026-09-14T13:32:33,mbpo_HalfCheetah-v5_seed958,8aa0146f-1ae8-4177-bf49-9135e20d95e3,0.23720990999936475,2.6381695612466734e-06,1.1121908089033396e-05,26.498239717563614,37.33100403897146,20.0,2.141533379892979e-06,3.46666944001095e-06,1.3170355611085566e-06,6.925238381012486e-06,0.0,Germany,DEU,baden-wurttemberg,,,Linux-7.0.0-31-generic-x86_64-with-glibc2.43,3.14.4,3.3.0,24,Intel(R) Core(TM) Ultra 9 285K,1,1 x NVIDIA GeForce RTX 5090,9.2986,48.7383,60.81614303588867,machine,0.0,0.0,0.0,0.0,N
synthetic_rollout_generation_0,2026-09-14T13:32:33,mbpo_HalfCheetah-v5_seed958,8aa0146f-1ae8-4177-bf49-9135e20d95e3,0.018378708000454935,9.756583586460928e-08,5.304316456445042e-06,26.692350574114524,31.109170032476214,20.0,1.5675845873447392e-07,0.0,9.935346110981434e-08,2.5611191984417983e-07,0.0,Germany,DEU,baden-wurttemberg,,,Linux-7.0.0-31-generic-x86_64-with-glibc2.43,3.14.4,3.3.0,24,Intel(R) Core(TM) Ultra 9 285K,1,1 x NVIDIA GeForce RTX 5090,9.2986,48.7383,60.81614303588867,machine,0.0,0.0,0.0,0.0,N
gradient_updates_0,2026-09-14T13:32:41,mbpo_HalfCheetah-v5_seed958,8aa0146f-1ae8-4177-bf49-9135e20d95e3,8.303320422999604,0.0001240466326434364,1.4939408368305899e-05,26.8009019470221,40.29492798109204,20.0,5.9444831722495206e-05,0.00022005212048598066,4.612749363333123e-05,0.0003256244458418071,0.0,Germany,DEU,baden-wurttemberg,,,Linux-7.0.0-31-generic-x86_64-with-glibc2.43,3.14.4,3.3.0,24,Intel(R) Core(TM) Ultra 9 285K,1,1 x NVIDIA GeForce RTX 5090,9.2986,48.7383,60.81614303588867,machine,0.0,0.0,0.0,0.0,N
dynamics_model_update_1,2026-09-14T13:32:45,mbpo_HalfCheetah-v5_seed958,8aa0146f-1ae8-4177-bf49-9135e20d95e3,3.9740317270006926,4.811571603666653e-05,1.2107462828817629e-05,26.636603346473187,43.974248188819374,20.0,2.722961733922502e-05,7.699228381598255e-05,2.2082642844442374e-05,0.00012630454399964984,0.0,Germany,DEU,baden-wurttemberg,,,Linux-7.0.0-31-generic-x86_64-with-glibc2.43,3.14.4,3.3.0,24,Intel(R) Core(TM) Ultra 9 285K,1,1 x NVIDIA GeForce RTX 5090,9.2986,48.7383,60.81614303588867,machine,0.0,0.0,0.0,0.0,N
rollout_1,2026-09-14T13:32:45,mbpo_HalfCheetah-v5_seed958,8aa0146f-1ae8-4177-bf49-9135e20d95e3,0.20384244300021237,2.5095571526973903e-06,1.231148841165267e-05,27.308119029806644,46.13418468091618,20.0,1.8686728838271383e-06,3.587780648017791e-06,1.1311751666653793e-06,6.587628698510092e-06,0.0,Germany,DEU,baden-wurttemberg,,,Linux-7.0.0-31-generic-x86_64-with-glibc2.43,3.14.4,3.3.0,24,Intel(R) Core(TM) Ultra 9 285K,1,1 x NVIDIA GeForce RTX 5090,9.2986,48.7383,60.81614303588867,machine,0.0,0.0,0.0,0.0,N
synthetic_rollout_generation_1,2026-09-14T13:32:45,mbpo_HalfCheetah-v5_seed958,8aa0146f-1ae8-4177-bf49-9135e20d95e3,0.005561928000133776,2.898993472361111e-08,5.202363181482577e-06,26.7964383066488,41.52076621282456,20.0,4.699698204213565e-08,0.0,2.9102072226670425e-08,7.609905426858923e-08,0.0,Germany,DEU,baden-wurttemberg,,,Linux-7.0.0-31-generic-x86_64-with-glibc2.43,3.14.4,3.3.0,24,Intel(R) Core(TM) Ultra 9 285K,1,1 x NVIDIA GeForce RTX 5090,9.2986,48.7383,60.81614303588867,machine,0.0,0.0,0.0,0.0,N
gradient_updates_1,2026-09-14T13:32:53,mbpo_HalfCheetah-v5_seed958,8aa0146f-1ae8-4177-bf49-9135e20d95e3,8.049022307999621,0.00012050627939382366,1.4971561101193731e-05,26.389508064713233,46.66735620180395,20.0,5.222277455596558e-05,0.0002193948977379928,4.471328818333152e-05,0.0003163309604772898,0.0,Germany,DEU,baden-wurttemberg,,,Linux-7.0.0-31-generic-x86_64-with-glibc2.43,3.14.4,3.3.0,24,Intel(R) Core(TM) Ultra 9 285K,1,1 x NVIDIA GeForce RTX 5090,9.2986,48.7383,60.81614303588867,machine,0.0,0.0,0.0,0.0,N
dynamics_model_update_2,2026-09-14T13:32:55,mbpo_HalfCheetah-v5_seed958,8aa0146f-1ae8-4177-bf49-9135e20d95e3,1.7284788120005032,2.055991280406461e-05,1.1894813913521741e-05,26.042904662196765,48.71962727916622,20.0,1.014704311762954e-05,3.42230829339929e-05,9.599982372224584e-06,5.397010842384713e-05,0.0,Germany,DEU,baden-wurttemberg,,,Linux-7.0.0-31-generic-x86_64-with-glibc2.43,3.14.4,3.3.0,24,Intel(R) Core(TM) Ultra 9 285K,1,1 x NVIDIA GeForce RTX 5090,9.2986,48.7383,60.81614303588867,machine,0.0,0.0,0.0,0.0,N
rollout_2,2026-09-14T13:32:55,mbpo_HalfCheetah-v5_seed958,8aa0146f-1ae8-4177-bf49-9135e20d95e3,0.20649517299989384,2.3712420702788964e-06,1.1482625262766906e-05,25.942822599160657,49.880341276298154,20.0,1.4332386465837343e-06,3.648891807997434e-06,1.1424188833340353e-06,6.224549337915421e-06,0.0,Germany,DEU,baden-wurttemberg,,,Linux-7.0.0-31-generic-x86_64-with-glibc2.43,3.14.4,3.3.0,24,Intel(R) Core(TM) Ultra 9 285K,1,1 x NVIDIA GeForce RTX 5090,9.2986,48.7383,60.81614303588867,machine,0.0,0.0,0.0,0.0,N
synthetic_rollout_generation_2,2026-09-14T13:32:55,mbpo_HalfCheetah-v5_seed958,8aa0146f-1ae8-4177-bf49-9135e20d95e3,0.005728981999709504,2.9276188997584898e-08,5.10390162781614e-06,25.64464550357925,46.31745975656257,20.0,4.6929204210177655e-08,0.0,2.9921272223678956e-08,7.685047643396503e-08,0.0,Germany,DEU,baden-wurttemberg,,,Linux-7.0.0-31-generic-x86_64-with-glibc2.43,3.14.4,3.3.0,24,Intel(R) Core(TM) Ultra 9 285K,1,1 x NVIDIA GeForce RTX 5090,9.2986,48.7383,60.81614303588867,machine,0.0,0.0,0.0,0.0,N
gradient_updates_2,2026-09-14T13:33:03,mbpo_HalfCheetah-v5_seed958,8aa0146f-1ae8-4177-bf49-9135e20d95e3,7.960365701000228,0.00012116692147745817,1.5221290199446437e-05,25.414383820819644,49.80920617173777,20.0,5.562005310711521e-05,0.0002182232301339987,4.422187354444359e-05,0.0003180651567855574,0.0,Germany,DEU,baden-wurttemberg,,,Linux-7.0.0-31-generic-x86_64-with-glibc2.43,3.14.4,3.3.0,24,Intel(R) Core(TM) Ultra 9 285K,1,1 x NVIDIA GeForce RTX 5090,9.2986,48.7383,60.81614303588867,machine,0.0,0.0,0.0,0.0,N
dynamics_model_update_3,2026-09-14T13:33:07,mbpo_HalfCheetah-v5_seed958,8aa0146f-1ae8-4177-bf49-9135e20d95e3,3.858484909999788,4.793747928644892e-05,1.242383979763514e-05,25.388198560872176,51.25021094888657,20.0,2.6315142440981598e-05,7.80883958040185e-05,2.143313136111324e-05,0.00012583666960611344,0.0,Germany,DEU,baden-wurttemberg,,,Linux-7.0.0-31-generic-x86_64-with-glibc2.43,3.14.4,3.3.0,24,Intel(R) Core(TM) Ultra 9 285K,1,1 x NVIDIA GeForce RTX 5090,9.2986,48.7383,60.81614303588867,machine,0.0,0.0,0.0,0.0,N
rollout_3,2026-09-14T13:33:07,mbpo_HalfCheetah-v5_seed958,8aa0146f-1ae8-4177-bf49-9135e20d95e3,0.20024580800054537,2.4563860580360895e-06,1.2266495052793378e-05,25.785004022578516,51.972244963071596,20.0,1.8055861666921302e-06,3.531113935986707e-06,1.1113536000014216e-06,6.4480537026803675e-06,0.0,Germany,DEU,baden-wurttemberg,,,Linux-7.0.0-31-generic-x86_64-with-glibc2.43,3.14.4,3.3.0,24,Intel(R) Core(TM) Ultra 9 285K,1,1 x NVIDIA GeForce RTX 5090,9.2986,48.7383,60.81614303588867,machine,0.0,0.0,0.0,0.0,N
synthetic_rollout_generation_3,2026-09-14T13:33:07,mbpo_HalfCheetah-v5_seed958,8aa0146f-1ae8-4177-bf49-9135e20d95e3,0.006240558000172314,3.192329578178936e-08,5.109013979388329e-06,25.642454562560378,49.08489802067873,20.0,5.2303652950391744e-08,0.0,3.149552222161695e-08,8.379917517190028e-08,0.0,Germany,DEU,baden-wurttemberg,,,Linux-7.0.0-31-generic-x86_64-with-glibc2.43,3.14.4,3.3.0,24,Intel(R) Core(TM) Ultra 9 285K,1,1 x NVIDIA GeForce RTX 5090,9.2986,48.7383,60.81614303588867,machine,0.0,0.0,0.0,0.0,N
gradient_updates_3,2026-09-14T13:33:15,mbpo_HalfCheetah-v5_seed958,8aa0146f-1ae8-4177-bf49-9135e20d95e3,7.9961734580001576,0.00012044663153077837,1.5063052209621103e-05,25.518182286512086,51.69249476800335,20.0,5.269109993062682e-05,0.00021906239747200573,4.4420886455559874e-05,0.0003161743838581924,0.0,Germany,DEU,baden-wurttemberg,,,Linux-7.0.0-31-generic-x86_64-with-glibc2.43,3.14.4,3.3.0,24,Intel(R) Core(TM) Ultra 9 285K,1,1 x NVIDIA GeForce RTX 5090,9.2986,48.7383,60.81614303588867,machine,0.0,0.0,0.0,0.0,N
dynamics_model_update_4,2026-09-14T13:33:17,mbpo_HalfCheetah-v5_seed958,8aa0146f-1ae8-4177-bf49-9135e20d95e3,1.8158418950006308,2.1702988155374763e-05,1.1952035741978006e-05,25.377625264936473,52.670054181542525,20.0,1.095646932072758e-05,3.592863985400763e-05,1.0085590799998397e-05,5.6970699974733495e-05,0.0,Germany,DEU,baden-wurttemberg,,,Linux-7.0.0-31-generic-x86_64-with-glibc2.43,3.14.4,3.3.0,24,Intel(R) Core(TM) Ultra 9 285K,1,1 x NVIDIA GeForce RTX 5090,9.2986,48.7383,60.81614303588867,machine,0.0,0.0,0.0,0.0,N
rollout_4,2026-09-14T13:33:17,mbpo_HalfCheetah-v5_seed958,8aa0146f-1ae8-4177-bf49-9135e20d95e3,0.20648102999984985,2.395884804785517e-06,1.1602848078181468e-05,25.39306557728499,53.19873985432213,20.0,1.48871257985711e-06,3.654725145990634e-06,1.145799194445245e-06,6.28923692029288e-06,0.0,Germany,DEU,baden-wurttemberg,,,Linux-7.0.0-31-generic-x86_64-with-glibc2.43,3.14.4,3.3.0,24,Intel(R) Core(TM) Ultra 9 285K,1,1 x NVIDIA GeForce RTX 5090,9.2986,48.7383,60.81614303588867,machine,0.0,0.0,0.0,0.0,N
synthetic_rollout_generation_4,2026-09-14T13:33:17,mbpo_HalfCheetah-v5_seed958,8aa0146f-1ae8-4177-bf49-9135e20d95e3,0.006179068000164989,3.139675868314533e-08,5.07319709774965e-06,25.23184469884694,50.78061531548931,20.0,4.9980873315091934e-08,0.0,3.243613333427011e-08,8.241700664947046e-08,0.0,Germany,DEU,baden-wurttemberg,,,Linux-7.0.0-31-generic-x86_64-with-glibc2.43,3.14.4,3.3.0,24,Intel(R) Core(TM) Ultra 9 285K,1,1 x NVIDIA GeForce RTX 5090,9.2986,48.7383,60.81614303588867,machine,0.0,0.0,0.0,0.0,N
gradient_updates_4,2026-09-14T13:33:25,mbpo_HalfCheetah-v5_seed958,8aa0146f-1ae8-4177-bf49-9135e20d95e3,7.954881593999744,0.00012176513779037289,1.530698669710702e-05,25.104656655522827,52.88236916583396,20.0,5.642498680661495e-05,0.0002190187863260057,4.419171128888593e-05,0.00031963548442150635,0.0,Germany,DEU,baden-wurttemberg,,,Linux-7.0.0-31-generic-x86_64-with-glibc2.43,3.14.4,3.3.0,24,Intel(R) Core(TM) Ultra 9 285K,1,1 x NVIDIA GeForce RTX 5090,9.2986,48.7383,60.81614303588867,machine,0.0,0.0,0.0,0.0,N
dynamics_model_update_5,2026-09-14T13:33:27,mbpo_HalfCheetah-v5_seed958,8aa0146f-1ae8-4177-bf49-9135e20d95e3,1.4834741000004215,1.836992002193327e-05,1.238287840539015e-05,25.098869085345687,53.69982768066594,20.0,1.0078988896516927e-05,2.9895857249995217e-05,8.246495294446897e-06,4.822134144095904e-05,0.0,Germany,DEU,baden-wurttemberg,,,Linux-7.0.0-31-generic-x86_64-with-glibc2.43,3.14.4,3.3.0,24,Intel(R) Core(TM) Ultra 9 285K,1,1 x NVIDIA GeForce RTX 5090,9.2986,48.7383,60.81614303588867,machine,0.0,0.0,0.0,0.0,N
rollout_5,2026-09-14T13:33:27,mbpo_HalfCheetah-v5_seed958,8aa0146f-1ae8-4177-bf49-9135e20d95e3,0.1999295389996405,2.4798681169033426e-06,1.2403231478269424e-05,25.382860789615602,54.142557259670255,20.0,1.8064172784687527e-06,3.593891763992163e-06,1.1093854500005907e-06,6.509694492461832e-06,0.0,Germany,DEU,baden-wurttemberg,,,Linux-7.0.0-31-generic-x86_64-with-glibc2.43,3.14.4,3.3.0,24,Intel(R) Core(TM) Ultra 9 285K,1,1 x NVIDIA GeForce RTX 5090,9.2986,48.7383,60.81614303588867,machine,0.0,0.0,0.0,0.0,N
synthetic_rollout_generation_5,2026-09-14T13:33:27,mbpo_HalfCheetah-v5_seed958,8aa0146f-1ae8-4177-bf49-9135e20d95e3,0.005915200999879744,3.1168931765006985e-08,5.259480257940003e-06,25.287764472378935,52.0601512112214,20.0,5.072698502917028e-08,0.0,3.109197222231873e-08,8.181895725170585e-08,0.0,Germany,DEU,baden-wurttemberg,,,Linux-7.0.0-31-generic-x86_64-with-glibc2.43,3.14.4,3.3.0,24,Intel(R) Core(TM) Ultra 9 285K,1,1 x NVIDIA GeForce RTX 5090,9.2986,48.7383,60.81614303588867,machine,0.0,0.0,0.0,0.0,N
gradient_updates_5,2026-09-14T13:33:35,mbpo_HalfCheetah-v5_seed958,8aa0146f-1ae8-4177-bf49-9135e20d95e3,7.9582150770002045,0.00012154467000664382,1.5272868682276707e-05,25.213830590746678,53.77531746123379,20.0,5.740161564347923e-05,0.00021744572951200303,4.420940771666308e-05,0.00031905675287214556,0.0,Germany,DEU,baden-wurttemberg,,,Linux-7.0.0-31-generic-x86_64-with-glibc2.43,3.14.4,3.3.0,24,Intel(R) Core(TM) Ultra 9 285K,1,1 x NVIDIA GeForce RTX 5090,9.2986,48.7383,60.81614303588867,machine,0.0,0.0,0.0,0.0,N
dynamics_model_update_6,2026-09-14T13:33:45,mbpo_HalfCheetah-v5_seed958,8aa0146f-1ae8-4177-bf49-9135e20d95e3,10.093751082999916,0.00012240540531028503,1.2126851023762794e-05,25.228123929434727,54.442012356811595,20.0,6.213247581705189e-05,0.00020310960693201152,5.6074114416666604e-05,0.00032131619716573023,0.0,Germany,DEU,baden-wurttemberg,,,Linux-7.0.0-31-generic-x86_64-with-glibc2.43,3.14.4,3.3.0,24,Intel(R) Core(TM) Ultra 9 285K,1,1 x NVIDIA GeForce RTX 5090,9.2986,48.7383,60.81614303588867,machine,0.0,0.0,0.0,0.0,N
rollout_6,2026-09-14T13:33:45,mbpo_HalfCheetah-v5_seed958,8aa0146f-1ae8-4177-bf49-9135e20d95e3,0.20590578700011974,2.3805687549233265e-06,1.1560965840839965e-05,25.222097676226323,54.782163944251444,20.0,1.4471069910218515e-06,3.6630584859947968e-06,1.1388665611068629e-06,6.249032038123728e-06,0.0,Germany,DEU,baden-wurttemberg,,,Linux-7.0.0-31-generic-x86_64-with-glibc2.43,3.14.4,3.3.0,24,Intel(R) Core(TM) Ultra 9 285K,1,1 x NVIDIA GeForce RTX 5090,9.2986,48.7383,60.81614303588867,machine,0.0,0.0,0.0,0.0,N
synthetic_rollout_generation_6,2026-09-14T13:33:45,mbpo_HalfCheetah-v5_seed958,8aa0146f-1ae8-4177-bf49-9135e20d95e3,0.0059157599998798105,2.8879598236919088e-08,4.872613177801617e-06,25.055347394940913,52.9560918127764,20.0,4.481003584855259e-08,0.0,3.0999383332421665e-08,7.580941918054057e-08,0.0,Germany,DEU,baden-wurttemberg,,,Linux-7.0.0-31-generic-x86_64-with-glibc2.43,3.14.4,3.3.0,24,Intel(R) Core(TM) Ultra 9 285K,1,1 x NVIDIA GeForce RTX 5090,9.2986,48.7383,60.81614303588867,machine,0.0,0.0,0.0,0.0,N
gradient_updates_6,2026-09-14T13:33:53,mbpo_HalfCheetah-v5_seed958,8aa0146f-1ae8-4177-bf49-9135e20d95e3,7.959444557999632,0.00012195519592787243,1.5322092276235654e-05,24.921473422969704,54.44423604728554,20.0,5.684663714393412e-05,0.00021907100859000495,4.421674441666451e-05,0.00032013439015060336,0.0,Germany,DEU,baden-wurttemberg,,,Linux-7.0.0-31-generic-x86_64-with-glibc2.43,3.14.4,3.3.0,24,Intel(R) Core(TM) Ultra 9 285K,1,1 x NVIDIA GeForce RTX 5090,9.2986,48.7383,60.81614303588867,machine,0.0,0.0,0.0,0.0,N
dynamics_model_update_7,2026-09-14T13:33:57,mbpo_HalfCheetah-v5_seed958,8aa0146f-1ae8-4177-bf49-9135e20d95e3,3.2331253610000203,3.9810612960688215e-05,1.2313264451906209e-05,24.93741066671529,54.984968203958125,20.0,2.2116524637655344e-05,6.442782931999347e-05,1.7959158211109045e-05,0.00010450351216875764,0.0,Germany,DEU,baden-wurttemberg,,,Linux-7.0.0-31-generic-x86_64-with-glibc2.43,3.14.4,3.3.0,24,Intel(R) Core(TM) Ultra 9 285K,1,1 x NVIDIA GeForce RTX 5090,9.2986,48.7383,60.81614303588867,machine,0.0,0.0,0.0,0.0,N
rollout_7,2026-09-14T13:33:57,mbpo_HalfCheetah-v5_seed958,8aa0146f-1ae8-4177-bf49-9135e20d95e3,0.20041929699982575,2.5226552943726117e-06,1.2586333536942846e-05,25.138488412402623,55.351933572107775,20.0,1.775797809522306e-06,3.7336140980004373e-06,1.1125996277768467e-06,6.622011535300024e-06,0.0,Germany,DEU,baden-wurttemberg,,,Linux-7.0.0-31-generic-x86_64-with-glibc2.43,3.14.4,3.3.0,24,Intel(R) Core(TM) Ultra 9 285K,1,1 x NVIDIA GeForce RTX 5090,9.2986,48.7383,60.81614303588867,machine,0.0,0.0,0.0,0.0,N
synthetic_rollout_generation_7,2026-09-14T13:33:57,mbpo_HalfCheetah-v5_seed958,8aa0146f-1ae8-4177-bf49-9135e20d95e3,0.005853802999808977,6.892858530902282e-07,0.00011755072890618348,24.962096635642215,86.78262065328914,20.0,4.184281125058087e-08,1.7369458339966393e-06,3.059802778206458e-08,1.809386673028851e-06,0.0,Germany,DEU,baden-wurttemberg,,,Linux-7.0.0-31-generic-x86_64-with-glibc2.43,3.14.4,3.3.0,24,Intel(R) Core(TM) Ultra 9 285K,1,1 x NVIDIA GeForce RTX 5090,9.2986,48.7383,60.81614303588867,machine,0.0,0.0,0.0,0.0,N
gradient_updates_7,2026-09-14T13:34:05,mbpo_HalfCheetah-v5_seed958,8aa0146f-1ae8-4177-bf49-9135e20d95e3,7.986822163999932,0.00012045805103334459,1.5082111215823125e-05,24.81490845956746,87.10388969866212,20.0,5.436061182178403e-05,0.00021747406286799775,4.4369685549999196e-05,0.0003162043602397812,0.0,Germany,DEU,baden-wurttemberg,,,Linux-7.0.0-31-generic-x86_64-with-glibc2.43,3.14.4,3.3.0,24,Intel(R) Core(TM) Ultra 9 285K,1,1 x NVIDIA GeForce RTX 5090,9.2986,48.7383,60.81614303588867,machine,0.0,0.0,0.0,0.0,N
dynamics_model_update_8,2026-09-14T13:34:09,mbpo_HalfCheetah-v5_seed958,8aa0146f-1ae8-4177-bf49-9135e20d95e3,4.435964500000409,5.5878032041837156e-05,1.2596585947233541e-05,24.80667230613997,86.75176613065241,20.0,3.0336487602505846e-05,9.170257336200971e-05,2.46416898999997e-05,0.00014668075086451526,0.0,Germany,DEU,baden-wurttemberg,,,Linux-7.0.0-31-generic-x86_64-with-glibc2.43,3.14.4,3.3.0,24,Intel(R) Core(TM) Ultra 9 285K,1,1 x NVIDIA GeForce RTX 5090,9.2986,48.7383,60.81614303588867,machine,0.0,0.0,0.0,0.0,N
rollout_8,2026-09-14T13:34:09,mbpo_HalfCheetah-v5_seed958,8aa0146f-1ae8-4177-bf49-9135e20d95e3,0.19864468699961435,2.489842176960598e-06,1.253414601849894e-05,25.004536560387265,86.19336728315425,20.0,1.7908192104301723e-06,3.6430584699903568e-06,1.101998883329229e-06,6.535876563749758e-06,0.0,Germany,DEU,baden-wurttemberg,,,Linux-7.0.0-31-generic-x86_64-with-glibc2.43,3.14.4,3.3.0,24,Intel(R) Core(TM) Ultra 9 285K,1,1 x NVIDIA GeForce RTX 5090,9.2986,48.7383,60.81614303588867,machine,0.0,0.0,0.0,0.0,N
synthetic_rollout_generation_8,2026-09-14T13:34:09,mbpo_HalfCheetah-v5_seed958,8aa0146f-1ae8-4177-bf49-9135e20d95e3,0.005958452999948349,2.7580407352054137e-08,4.6203274912382e-06,24.83272411494535,83.92512077570282,20.0,4.113086623375173e-08,0.0,3.126815555933547e-08,7.239902179330404e-08,0.0,Germany,DEU,baden-wurttemberg,,,Linux-7.0.0-31-generic-x86_64-with-glibc2.43,3.14.4,3.3.0,24,Intel(R) Core(TM) Ultra 9 285K,1,1 x NVIDIA GeForce RTX 5090,9.2986,48.7383,60.81614303588867,machine,0.0,0.0,0.0,0.0,N
gradient_updates_8,2026-09-14T13:34:17,mbpo_HalfCheetah-v5_seed958,8aa0146f-1ae8-4177-bf49-9135e20d95e3,8.019652932999634,0.00012087129980312399,1.5071901433812427e-05,24.683954279505752,84.31062124767968,20.0,5.229881406124126e-05,0.00022043934301800572,4.4550987961110896e-05,0.00031728914504035744,0.0,Germany,DEU,baden-wurttemberg,,,Linux-7.0.0-31-generic-x86_64-with-glibc2.43,3.14.4,3.3.0,24,Intel(R) Core(TM) Ultra 9 285K,1,1 x NVIDIA GeForce RTX 5090,9.2986,48.7383,60.81614303588867,machine,0.0,0.0,0.0,0.0,N
dynamics_model_update_9,2026-09-14T13:34:20,mbpo_HalfCheetah-v5_seed958,8aa0146f-1ae8-4177-bf49-9135e20d95e3,2.0759358109999084,2.541348468202082e-05,1.2241799959863591e-05,24.63668187885533,84.0589669468227,20.0,1.2373906565783799e-05,4.280614535599747e-05,1.1530762311112068e-05,6.671081423289312e-05,0.0,Germany,DEU,baden-wurttemberg,,,Linux-7.0.0-31-generic-x86_64-with-glibc2.43,3.14.4,3.3.0,24,Intel(R) Core(TM) Ultra 9 285K,1,1 x NVIDIA GeForce RTX 5090,9.2986,48.7383,60.81614303588867,machine,0.0,0.0,0.0,0.0,N
rollout_9,2026-09-14T13:34:20,mbpo_HalfCheetah-v5_seed958,8aa0146f-1ae8-4177-bf49-9135e20d95e3,0.21007080500021402,2.3763424392801713e-06,1.1311481468817703e-05,24.64289785248787,83.49947737953988,20.0,1.4761159031137505e-06,3.5880584259989634e-06,1.1737635611098855e-06,6.237937890222166e-06,0.0,Germany,DEU,baden-wurttemberg,,,Linux-7.0.0-31-generic-x86_64-with-glibc2.43,3.14.4,3.3.0,24,Intel(R) Core(TM) Ultra 9 285K,1,1 x NVIDIA GeForce RTX 5090,9.2986,48.7383,60.81614303588867,machine,0.0,0.0,0.0,0.0,N
synthetic_rollout_generation_9,2026-09-14T13:34:20,mbpo_HalfCheetah-v5_seed958,8aa0146f-1ae8-4177-bf49-9135e20d95e3,0.007610800999827916,3.529144680007937e-08,4.63454600512923e-06,24.600234383479552,81.51139458478895,20.0,6.134032685262136e-08,0.0,3.130030000247572e-08,9.26406268546634e-08,0.0,Germany,DEU,baden-wurttemberg,,,Linux-7.0.0-31-generic-x86_64-with-glibc2.43,3.14.4,3.3.0,24,Intel(R) Core(TM) Ultra 9 285K,1,1 x NVIDIA GeForce RTX 5090,9.2986,48.7383,60.81614303588867,machine,0.0,0.0,0.0,0.0,N
gradient_updates_9,2026-09-14T13:34:28,mbpo_HalfCheetah-v5_seed958,8aa0146f-1ae8-4177-bf49-9135e20d95e3,7.969432657000652,0.0001235738537158147,1.5506013382232043e-05,24.568679706747183,81.95398589521696,20.0,5.754865909445017e-05,0.00022256295582799568,4.427177847777684e-05,0.00032438339340022226,0.0,Germany,DEU,baden-wurttemberg,,,Linux-7.0.0-31-generic-x86_64-with-glibc2.43,3.14.4,3.3.0,24,Intel(R) Core(TM) Ultra 9 285K,1,1 x NVIDIA GeForce RTX 5090,9.2986,48.7383,60.81614303588867,machine,0.0,0.0,0.0,0.0,N
dynamics_model_update_10,2026-09-14T13:34:30,mbpo_HalfCheetah-v5_seed958,8aa0146f-1ae8-4177-bf49-9135e20d95e3,2.195455536000736,2.815676345914236e-05,1.2825017881841729e-05,24.6011805251948,81.79999277210032,20.0,1.5880607704472915e-05,4.5837536670007006e-05,1.2193821655556497e-05,7.391196603003664e-05,0.0,Germany,DEU,baden-wurttemberg,,,Linux-7.0.0-31-generic-x86_64-with-glibc2.43,3.14.4,3.3.0,24,Intel(R) Core(TM) Ultra 9 285K,1,1 x NVIDIA GeForce RTX 5090,9.2986,48.7383,60.81614303588867,machine,0.0,0.0,0.0,0.0,N
rollout_10,2026-09-14T13:34:30,mbpo_HalfCheetah-v5_seed958,8aa0146f-1ae8-4177-bf49-9135e20d95e3,0.21131073699962144,2.6467108542099424e-06,1.2525107867318374e-05,24.812655220947008,81.40549461568966,20.0,2.022023284288521e-06,3.7538918919999276e-06,1.1717442388848275e-06,6.947659415172842e-06,0.0,Germany,DEU,baden-wurttemberg,,,Linux-7.0.0-31-generic-x86_64-with-glibc2.43,3.14.4,3.3.0,24,Intel(R) Core(TM) Ultra 9 285K,1,1 x NVIDIA GeForce RTX 5090,9.2986,48.7383,60.81614303588867,machine,0.0,0.0,0.0,0.0,N
synthetic_rollout_generation_10,2026-09-14T13:34:30,mbpo_HalfCheetah-v5_seed958,8aa0146f-1ae8-4177-bf49-9135e20d95e3,0.0061407610000969726,3.31403427655981e-08,5.388438807105221e-06,24.785171094285396,79.63580995013119,20.0,5.433837680507425e-08,0.0,3.2655566666126706e-08,8.699394347163464e-08,0.0,Germany,DEU,baden-wurttemberg,,,Linux-7.0.0-31-generic-x86_64-with-glibc2.43,3.14.4,3.3.0,24,Intel(R) Core(TM) Ultra 9 285K,1,1 x NVIDIA GeForce RTX 5090,9.2986,48.7383,60.81614303588867,machine,0.0,0.0,0.0,0.0,N
gradient_updates_10,2026-09-14T13:34:38,mbpo_HalfCheetah-v5_seed958,8aa0146f-1ae8-4177-bf49-9135e20d95e3,7.980857825999919,0.00012423712813218642,1.556690308824802e-05,24.7656778243943,80.0902172771691,20.0,5.790532410199223e-05,0.00022388323466200621,4.433594086111336e-05,0.0003261244996251118,0.0,Germany,DEU,baden-wurttemberg,,,Linux-7.0.0-31-generic-x86_64-with-glibc2.43,3.14.4,3.3.0,24,Intel(R) Core(TM) Ultra 9 285K,1,1 x NVIDIA GeForce RTX 5090,9.2986,48.7383,60.81614303588867,machine,0.0,0.0,0.0,0.0,N
dynamics_model_update_11,2026-09-14T13:34:40,mbpo_HalfCheetah-v5_seed958,8aa0146f-1ae8-4177-bf49-9135e20d95e3,2.318247780999627,2.9050444988292824e-05,1.2531094291410857e-05,24.783727358039187,79.95696706974415,20.0,1.590709022566278e-05,4.7468649086002124e-05,1.288215539444631e-05,7.6257894706111e-05,0.0,Germany,DEU,baden-wurttemberg,,,Linux-7.0.0-31-generic-x86_64-with-glibc2.43,3.14.4,3.3.0,24,Intel(R) Core(TM) Ultra 9 285K,1,1 x NVIDIA GeForce RTX 5090,9.2986,48.7383,60.81614303588867,machine,0.0,0.0,0.0,0.0,N
rollout_11,2026-09-14T13:34:41,mbpo_HalfCheetah-v5_seed958,8aa0146f-1ae8-4177-bf49-9135e20d95e3,0.20339421999960905,2.5185343784203847e-06,1.2381868415483564e-05,24.923779921455637,79.65332468204944,20.0,1.8064003340020895e-06,3.6755584959802245e-06,1.1292352333333502e-06,6.611194063315881e-06,0.0,Germany,DEU,baden-wurttemberg,,,Linux-7.0.0-31-generic-x86_64-with-glibc2.43,3.14.4,3.3.0,24,Intel(R) Core(TM) Ultra 9 285K,1,1 x NVIDIA GeForce RTX 5090,9.2986,48.7383,60.81614303588867,machine,0.0,0.0,0.0,0.0,N
synthetic_rollout_generation_11,2026-09-14T13:34:41,mbpo_HalfCheetah-v5_seed958,8aa0146f-1ae8-4177-bf49-9135e20d95e3,0.0059657769998011645,2.99326654408863e-08,5.010801717302129e-06,24.851162886990622,78.06025818840845,20.0,4.733614897972638e-08,0.0,3.123758888752895e-08,7.857373786768901e-08,0.0,Germany,DEU,baden-wurttemberg,,,Linux-7.0.0-31-generic-x86_64-with-glibc2.43,3.14.4,3.3.0,24,Intel(R) Core(TM) Ultra 9 285K,1,1 x NVIDIA GeForce RTX 5090,9.2986,48.7383,60.81614303588867,machine,0.0,0.0,0.0,0.0,N
gradient_updates_11,2026-09-14T13:34:49,mbpo_HalfCheetah-v5_seed958,8aa0146f-1ae8-4177-bf49-9135e20d95e3,7.965011193999999,0.00012368137813193814,1.5528104027865492e-05,24.79224877451064,78.51043226218496,20.0,5.692388053906566e-05,0.00022349434546201086,4.424742075555309e-05,0.00032466564675663005,0.0,Germany,DEU,baden-wurttemberg,,,Linux-7.0.0-31-generic-x86_64-with-glibc2.43,3.14.4,3.3.0,24,Intel(R) Core(TM) Ultra 9 285K,1,1 x NVIDIA GeForce RTX 5090,9.2986,48.7383,60.81614303588867,machine,0.0,0.0,0.0,0.0,N
dynamics_model_update_12,2026-09-14T13:34:51,mbpo_HalfCheetah-v5_seed958,8aa0146f-1ae8-4177-bf49-9135e20d95e3,2.5061347749997367,3.172536594526522e-05,1.2659077134206107e-05,24.804469153395832,78.43876245703733,20.0,1.7305962455867185e-05,5.2053097197996e-05,1.3920546449996095e-05,8.327960610385928e-05,0.0,Germany,DEU,baden-wurttemberg,,,Linux-7.0.0-31-generic-x86_64-with-glibc2.43,3.14.4,3.3.0,24,Intel(R) Core(TM) Ultra 9 285K,1,1 x NVIDIA GeForce RTX 5090,9.2986,48.7383,60.81614303588867,machine,0.0,0.0,0.0,0.0,N
rollout_12,2026-09-14T13:34:51,mbpo_HalfCheetah-v5_seed958,8aa0146f-1ae8-4177-bf49-9135e20d95e3,0.20309106400054588,2.5458959102353865e-06,1.2534922820471704e-05,24.940178876126385,78.2073502937352,20.0,1.8234897921215465e-06,3.7319474300023803e-06,1.1275813111095642e-06,6.683018533233491e-06,0.0,Germany,DEU,baden-wurttemberg,,,Linux-7.0.0-31-generic-x86_64-with-glibc2.43,3.14.4,3.3.0,24,Intel(R) Core(TM) Ultra 9 285K,1,1 x NVIDIA GeForce RTX 5090,9.2986,48.7383,60.81614303588867,machine,0.0,0.0,0.0,0.0,N
synthetic_rollout_generation_12,2026-09-14T13:34:51,mbpo_HalfCheetah-v5_seed958,8aa0146f-1ae8-4177-bf49-9135e20d95e3,0.006045045999599097,3.106839256087485e-08,5.133916313562984e-06,24.89286970678818,76.7590660290364,20.0,5.023504019013858e-08,0.0,3.132000000126943e-08,8.155504019162485e-08,0.0,Germany,DEU,baden-wurttemberg,,,Linux-7.0.0-31-generic-x86_64-with-glibc2.43,3.14.4,3.3.0,24,Intel(R) Core(TM) Ultra 9 285K,1,1 x NVIDIA GeForce RTX 5090,9.2986,48.7383,60.81614303588867,machine,0.0,0.0,0.0,0.0,N
gradient_updates_12,2026-09-14T13:34:59,mbpo_HalfCheetah-v5_seed958,8aa0146f-1ae8-4177-bf49-9135e20d95e3,7.977868887999648,0.00012385279617056376,1.55245614903033e-05,24.85570224741397,77.19282635753035,20.0,5.783384515593154e-05,0.00022296267836999228,4.431909839444311e-05,0.0003251156219203667,0.0,Germany,DEU,baden-wurttemberg,,,Linux-7.0.0-31-generic-x86_64-with-glibc2.43,3.14.4,3.3.0,24,Intel(R) Core(TM) Ultra 9 285K,1,1 x NVIDIA GeForce RTX 5090,9.2986,48.7383,60.81614303588867,machine,0.0,0.0,0.0,0.0,N
dynamics_model_update_13,2026-09-14T13:35:02,mbpo_HalfCheetah-v5_seed958,8aa0146f-1ae8-4177-bf49-9135e20d95e3,2.6412131089991817,3.299333188545124e-05,1.2491637325348181e-05,24.86991428014377,77.12275205290327,20.0,1.818888538442781e-05,5.374809855400453e-05,1.4671053561111664e-05,8.660803749954357e-05,0.0,Germany,DEU,baden-wurttemberg,,,Linux-7.0.0-31-generic-x86_64-with-glibc2.43,3.14.4,3.3.0,24,Intel(R) Core(TM) Ultra 9 285K,1,1 x NVIDIA GeForce RTX 5090,9.2986,48.7383,60.81614303588867,machine,0.0,0.0,0.0,0.0,N
rollout_13,2026-09-14T13:35:02,mbpo_HalfCheetah-v5_seed958,8aa0146f-1ae8-4177-bf49-9135e20d95e3,0.19915725600003498,2.553155196018987e-06,1.281928206101454e-05,24.995584525027205,76.9778742973352,20.0,1.7902089321647496e-06,3.806669712017041e-06,1.105195633332827e-06,6.702074277514618e-06,0.0,Germany,DEU,baden-wurttemberg,,,Linux-7.0.0-31-generic-x86_64-with-glibc2.43,3.14.4,3.3.0,24,Intel(R) Core(TM) Ultra 9 285K,1,1 x NVIDIA GeForce RTX 5090,9.2986,48.7383,60.81614303588867,machine,0.0,0.0,0.0,0.0,N
synthetic_rollout_generation_13,2026-09-14T13:35:02,mbpo_HalfCheetah-v5_seed958,8aa0146f-1ae8-4177-bf49-9135e20d95e3,0.005995898000037414,7.059420838394746e-07,0.00011757586703447887,24.958145087263173,95.05762779363035,20.0,5.0845596233362045e-08,1.7711125279984419e-06,3.115142778063393e-08,1.8531095520128715e-06,0.0,Germany,DEU,baden-wurttemberg,,,Linux-7.0.0-31-generic-x86_64-with-glibc2.43,3.14.4,3.3.0,24,Intel(R) Core(TM) Ultra 9 285K,1,1 x NVIDIA GeForce RTX 5090,9.2986,48.7383,60.81614303588867,machine,0.0,0.0,0.0,0.0,N
gradient_updates_13,2026-09-14T13:35:10,mbpo_HalfCheetah-v5_seed958,8aa0146f-1ae8-4177-bf49-9135e20d95e3,7.9776645279998775,0.00012345633531538796,1.5475260564430194e-05,24.928722908550707,95.14525224899924,20.0,5.765331723373013e-05,0.00022210239990398672,4.431918853333621e-05,0.0003240749056710535,0.0,Germany,DEU,baden-wurttemberg,,,Linux-7.0.0-31-generic-x86_64-with-glibc2.43,3.14.4,3.3.0,24,Intel(R) Core(TM) Ultra 9 285K,1,1 x NVIDIA GeForce RTX 5090,9.2986,48.7383,60.81614303588867,machine,0.0,0.0,0.0,0.0,N
dynamics_model_update_14,2026-09-14T13:35:13,mbpo_HalfCheetah-v5_seed958,8aa0146f-1ae8-4177-bf49-9135e20d95e3,2.7758516650001184,3.548183929096699e-05,1.2782333070096122e-05,24.939374745181606,94.82793313571229,20.0,1.9047953849458954e-05,5.8673935828007506e-05,1.5418520588885484e-05,9.314041026635238e-05,0.0,Germany,DEU,baden-wurttemberg,,,Linux-7.0.0-31-generic-x86_64-with-glibc2.43,3.14.4,3.3.0,24,Intel(R) Core(TM) Ultra 9 285K,1,1 x NVIDIA GeForce RTX 5090,9.2986,48.7383,60.81614303588867,machine,0.0,0.0,0.0,0.0,N
rollout_14,2026-09-14T13:35:13,mbpo_HalfCheetah-v5_seed958,8aa0146f-1ae8-4177-bf49-9135e20d95e3,0.202718869999444,2.566620941380198e-06,1.26613495124731e-05,25.070112592603135,94.35350667766994,20.0,1.881117338231597e-06,3.7258363140002526e-06,1.130468427780083e-06,6.737422080011282e-06,0.0,Germany,DEU,baden-wurttemberg,,,Linux-7.0.0-31-generic-x86_64-with-glibc2.43,3.14.4,3.3.0,24,Intel(R) Core(TM) Ultra 9 285K,1,1 x NVIDIA GeForce RTX 5090,9.2986,48.7383,60.81614303588867,machine,0.0,0.0,0.0,0.0,N
synthetic_rollout_generation_14,2026-09-14T13:35:13,mbpo_HalfCheetah-v5_seed958,8aa0146f-1ae8-4177-bf49-9135e20d95e3,0.006094252999901073,3.152916655015103e-08,5.1605798774317335e-06,25.027219405631705,92.83167592480429,20.0,5.072698502917028e-08,0.0,3.203759444347053e-08,8.276457947285765e-08,0.0,Germany,DEU,baden-wurttemberg,,,Linux-7.0.0-31-generic-x86_64-with-glibc2.43,3.14.4,3.3.0,24,Intel(R) Core(TM) Ultra 9 285K,1,1 x NVIDIA GeForce RTX 5090,9.2986,48.7383,60.81614303588867,machine,0.0,0.0,0.0,0.0,N
gradient_updates_14,2026-09-14T13:35:21,mbpo_HalfCheetah-v5_seed958,8aa0146f-1ae8-4177-bf49-9135e20d95e3,7.99764355500065,0.0001235017212568748,1.5442283005654514e-05,24.990578047924835,92.96220179434312,20.0,5.527598505408737e-05,0.0002244893462579889,4.4428713199997326e-05,0.00032419404451207445,0.0,Germany,DEU,baden-wurttemberg,,,Linux-7.0.0-31-generic-x86_64-with-glibc2.43,3.14.4,3.3.0,24,Intel(R) Core(TM) Ultra 9 285K,1,1 x NVIDIA GeForce RTX 5090,9.2986,48.7383,60.81614303588867,machine,0.0,0.0,0.0,0.0,N
dynamics_model_update_15,2026-09-14T13:35:24,mbpo_HalfCheetah-v5_seed958,8aa0146f-1ae8-4177-bf49-9135e20d95e3,2.9210554040000716,3.722303275768141e-05,1.2742939542407398e-05,24.98767605025181,92.69335990379975,20.0,2.0025819909536002e-05,6.146004916801617e-05,1.622520260555877e-05,9.771107168311116e-05,0.0,Germany,DEU,baden-wurttemberg,,,Linux-7.0.0-31-generic-x86_64-with-glibc2.43,3.14.4,3.3.0,24,Intel(R) Core(TM) Ultra 9 285K,1,1 x NVIDIA GeForce RTX 5090,9.2986,48.7383,60.81614303588867,machine,0.0,0.0,0.0,0.0,N
rollout_15,2026-09-14T13:35:24,mbpo_HalfCheetah-v5_seed958,8aa0146f-1ae8-4177-bf49-9135e20d95e3,0.20688774900008866,2.42865091113105e-06,1.1738432694611283e-05,24.99197539734683,92.27450294205954,20.0,1.466570339912765e-06,3.7602807859971055e-06,1.1483973611119743e-06,6.375248487022062e-06,0.0,Germany,DEU,baden-wurttemberg,,,Linux-7.0.0-31-generic-x86_64-with-glibc2.43,3.14.4,3.3.0,24,Intel(R) Core(TM) Ultra 9 285K,1,1 x NVIDIA GeForce RTX 5090,9.2986,48.7383,60.81614303588867,machine,0.0,0.0,0.0,0.0,N
synthetic_rollout_generation_15,2026-09-14T13:35:24,mbpo_HalfCheetah-v5_seed958,8aa0146f-1ae8-4177-bf49-9135e20d95e3,0.005961879000096815,2.681468869430298e-08,4.490522599814832e-06,24.875420793613323,90.8764044126344,20.0,3.8858919977624584e-08,0.0,3.1530077775456314e-08,7.038899775373142e-08,0.0,Germany,DEU,baden-wurttemberg,,,Linux-7.0.0-31-generic-x86_64-with-glibc2.43,3.14.4,3.3.0,24,Intel(R) Core(TM) Ultra 9 285K,1,1 x NVIDIA GeForce RTX 5090,9.2986,48.7383,60.81614303588867,machine,0.0,0.0,0.0,0.0,N
gradient_updates_15,2026-09-14T13:35:32,mbpo_HalfCheetah-v5_seed958,8aa0146f-1ae8-4177-bf49-9135e20d95e3,7.961245385999973,0.00012400597804945344,1.5576215126327543e-05,24.77814399343386,91.03386272918802,20.0,5.6998716432263286e-05,0.00022429184610001096,4.4227164333334465e-05,0.0003255177268656085,0.0,Germany,DEU,baden-wurttemberg,,,Linux-7.0.0-31-generic-x86_64-with-glibc2.43,3.14.4,3.3.0,24,Intel(R) Core(TM) Ultra 9 285K,1,1 x NVIDIA GeForce RTX 5090,9.2986,48.7383,60.81614303588867,machine,0.0,0.0,0.0,0.0,N
dynamics_model_update_16,2026-09-14T13:35:35,mbpo_HalfCheetah-v5_seed958,8aa0146f-1ae8-4177-bf49-9135e20d95e3,3.0554486569999426,3.953956441853394e-05,1.294069447138663e-05,24.788608045323812,90.83654475526082,20.0,2.0943108698913415e-05,6.587477492199512e-05,1.6974121677776474e-05,0.00010379200529868522,0.0,Germany,DEU,baden-wurttemberg,,,Linux-7.0.0-31-generic-x86_64-with-glibc2.43,3.14.4,3.3.0,24,Intel(R) Core(TM) Ultra 9 285K,1,1 x NVIDIA GeForce RTX 5090,9.2986,48.7383,60.81614303588867,machine,0.0,0.0,0.0,0.0,N
rollout_16,2026-09-14T13:35:36,mbpo_HalfCheetah-v5_seed958,8aa0146f-1ae8-4177-bf49-9135e20d95e3,0.20211923200076853,2.5501541800767268e-06,1.2616698294286407e-05,24.903913313679762,90.48470736470246,20.0,1.8567878743158683e-06,3.720002976007053e-06,1.117405711106986e-06,6.694196561430124e-06,0.0,Germany,DEU,baden-wurttemberg,,,Linux-7.0.0-31-generic-x86_64-with-glibc2.43,3.14.4,3.3.0,24,Intel(R) Core(TM) Ultra 9 285K,1,1 x NVIDIA GeForce RTX 5090,9.2986,48.7383,60.81614303588867,machine,0.0,0.0,0.0,0.0,N
synthetic_rollout_generation_16,2026-09-14T13:35:36,mbpo_HalfCheetah-v5_seed958,8aa0146f-1ae8-4177-bf49-9135e20d95e3,0.005989582999973209,3.060084373786645e-08,5.100035222325455e-06,24.860835909965168,89.19206868806386,20.0,4.886170575091331e-08,0.0,3.14660111094215e-08,8.032771686011797e-08,0.0,Germany,DEU,baden-wurttemberg,,,Linux-7.0.0-31-generic-x86_64-with-glibc2.43,3.14.4,3.3.0,24,Intel(R) Core(TM) Ultra 9 285K,1,1 x NVIDIA GeForce RTX 5090,9.2986,48.7383,60.81614303588867,machine,0.0,0.0,0.0,0.0,N
gradient_updates_16,2026-09-14T13:35:44,mbpo_HalfCheetah-v5_seed958,8aa0146f-1ae8-4177-bf49-9135e20d95e3,8.024120174999553,0.00012317514390611283,1.5350630369458672e-05,24.821569879006432,89.36563639595714,20.0,5.250107755638139e-05,0.00022625962545200218,4.457607059999737e-05,0.00032333677360838094,0.0,Germany,DEU,baden-wurttemberg,,,Linux-7.0.0-31-generic-x86_64-with-glibc2.43,3.14.4,3.3.0,24,Intel(R) Core(TM) Ultra 9 285K,1,1 x NVIDIA GeForce RTX 5090,9.2986,48.7383,60.81614303588867,machine,0.0,0.0,0.0,0.0,N
dynamics_model_update_17,2026-09-14T13:35:47,mbpo_HalfCheetah-v5_seed958,8aa0146f-1ae8-4177-bf49-9135e20d95e3,3.196428145000027,4.1229881765933105e-05,1.289863636762254e-05,24.808341795427605,89.19469585865453,20.0,2.206113514888891e-05,6.841227695199292e-05,1.7755703966668103e-05,0.00010822911606754929,0.0,Germany,DEU,baden-wurttemberg,,,Linux-7.0.0-31-generic-x86_64-with-glibc2.43,3.14.4,3.3.0,24,Intel(R) Core(TM) Ultra 9 285K,1,1 x NVIDIA GeForce RTX 5090,9.2986,48.7383,60.81614303588867,machine,0.0,0.0,0.0,0.0,N
rollout_17,2026-09-14T13:35:47,mbpo_HalfCheetah-v5_seed958,8aa0146f-1ae8-4177-bf49-9135e20d95e3,0.20108003899986215,2.5831902122643545e-06,1.2846144406133178e-05,24.906450331683004,88.92102132134234,20.0,1.8037892208153106e-06,3.861669755994557e-06,1.115457711113035e-06,6.780916687923119e-06,0.0,Germany,DEU,baden-wurttemberg,,,Linux-7.0.0-31-generic-x86_64-with-glibc2.43,3.14.4,3.3.0,24,Intel(R) Core(TM) Ultra 9 285K,1,1 x NVIDIA GeForce RTX 5090,9.2986,48.7383,60.81614303588867,machine,0.0,0.0,0.0,0.0,N
synthetic_rollout_generation_17,2026-09-14T13:35:47,mbpo_HalfCheetah-v5_seed958,8aa0146f-1ae8-4177-bf49-9135e20d95e3,0.006019985999955679,3.181062117191269e-08,5.276020577412291e-06,24.87963920281197,87.71938589808096,20.0,5.169309691410717e-08,0.0,3.1810305558275034e-08,8.350340247216537e-08,0.0,Germany,DEU,baden-wurttemberg,,,Linux-7.0.0-31-generic-x86_64-with-glibc2.43,3.14.4,3.3.0,24,Intel(R) Core(TM) Ultra 9 285K,1,1 x NVIDIA GeForce RTX 5090,9.2986,48.7383,60.81614303588867,machine,0.0,0.0,0.0,0.0,N
gradient_updates_17,2026-09-14T13:35:55,mbpo_HalfCheetah-v5_seed958,8aa0146f-1ae8-4177-bf49-9135e20d95e3,8.07082226700004,0.00012498137496203552,1.548560252291107e-05,24.85574556915051,87.90900755923133,20.0,5.473623156673074e-05,0.0002285104605860011,4.483146761110929e-05,0.0003280781597638418,0.0,Germany,DEU,baden-wurttemberg,,,Linux-7.0.0-31-generic-x86_64-with-glibc2.43,3.14.4,3.3.0,24,Intel(R) Core(TM) Ultra 9 285K,1,1 x NVIDIA GeForce RTX 5090,9.2986,48.7383,60.81614303588867,machine,0.0,0.0,0.0,0.0,N
dynamics_model_update_18,2026-09-14T13:35:59,mbpo_HalfCheetah-v5_seed958,8aa0146f-1ae8-4177-bf49-9135e20d95e3,3.9608076670001537,5.0027532003693934e-05,1.2630641445553504e-05,24.840915320193304,87.77430093548341,20.0,2.3872960765017326e-05,8.544812391400591e-05,2.2002007600000623e-05,0.00013132309227902386,0.0,Germany,DEU,baden-wurttemberg,,,Linux-7.0.0-31-generic-x86_64-with-glibc2.43,3.14.4,3.3.0,24,Intel(R) Core(TM) Ultra 9 285K,1,1 x NVIDIA GeForce RTX 5090,9.2986,48.7383,60.81614303588867,machine,0.0,0.0,0.0,0.0,N
rollout_18,2026-09-14T13:35:59,mbpo_HalfCheetah-v5_seed958,8aa0146f-1ae8-4177-bf49-9135e20d95e3,0.20910447499954898,2.466190323966236e-06,1.1793564074307024e-05,24.851236382481847,87.48659132285432,20.0,1.5036831473858037e-06,3.809447491995299e-06,1.1606594222182687e-06,6.4737900615993715e-06,0.0,Germany,DEU,baden-wurttemberg,,,Linux-7.0.0-31-generic-x86_64-with-glibc2.43,3.14.4,3.3.0,24,Intel(R) Core(TM) Ultra 9 285K,1,1 x NVIDIA GeForce RTX 5090,9.2986,48.7383,60.81614303588867,machine,0.0,0.0,0.0,0.0,N
synthetic_rollout_generation_18,2026-09-14T13:35:59,mbpo_HalfCheetah-v5_seed958,8aa0146f-1ae8-4177-bf49-9135e20d95e3,0.006065956999918853,2.988300864745219e-08,4.918103009547294e-06,24.805675534890298,86.3649683571767,20.0,4.745476019085704e-08,0.0,3.098862777928951e-08,7.844338797101391e-08,0.0,Germany,DEU,baden-wurttemberg,,,Linux-7.0.0-31-generic-x86_64-with-glibc2.43,3.14.4,3.3.0,24,Intel(R) Core(TM) Ultra 9 285K,1,1 x NVIDIA GeForce RTX 5090,9.2986,48.7383,60.81614303588867,machine,0.0,0.0,0.0,0.0,N
gradient_updates_18,2026-09-14T13:36:08,mbpo_HalfCheetah-v5_seed958,8aa0146f-1ae8-4177-bf49-9135e20d95e3,8.430005176000122,0.00012917479166981447,1.5323231076705377e-05,24.76668096184471,86.53323993929497,20.0,5.889755045133255e-05,0.00023335740890799428,4.68309880611085e-05,0.0003390859474204349,0.0,Germany,DEU,baden-wurttemberg,,,Linux-7.0.0-31-generic-x86_64-with-glibc2.43,3.14.4,3.3.0,24,Intel(R) Core(TM) Ultra 9 285K,1,1 x NVIDIA GeForce RTX 5090,9.2986,48.7383,60.81614303588867,machine,0.0,0.0,0.0,0.0,N
dynamics_model_update_19,2026-09-14T13:36:10,mbpo_HalfCheetah-v5_seed958,8aa0146f-1ae8-4177-bf49-9135e20d95e3,2.7830524920000244,3.857570280227547e-05,1.3860840066985822e-05,24.80000814614481,86.43800186683163,20.0,2.4771803706316597e-05,6.102449326401971e-05,1.5465555772218274e-05,0.00010126185274255371,0.0,Germany,DEU,baden-wurttemberg,,,Linux-7.0.0-31-generic-x86_64-with-glibc2.43,3.14.4,3.3.0,24,Intel(R) Core(TM) Ultra 9 285K,1,1 x NVIDIA GeForce RTX 5090,9.2986,48.7383,60.81614303588867,machine,0.0,0.0,0.0,0.0,N
rollout_19,2026-09-14T13:36:11,mbpo_HalfCheetah-v5_seed958,8aa0146f-1ae8-4177-bf49-9135e20d95e3,0.20070732200019847,2.6446106059507812e-06,1.3176409462634957e-05,24.900917793560936,86.25050107874718,20.0,1.8574150970410153e-06,3.9705587319971425e-06,1.1141723999976826e-06,6.94214622903519e-06,0.0,Germany,DEU,baden-wurttemberg,,,Linux-7.0.0-31-generic-x86_64-with-glibc2.43,3.14.4,3.3.0,24,Intel(R) Core(TM) Ultra 9 285K,1,1 x NVIDIA GeForce RTX 5090,9.2986,48.7383,60.81614303588867,machine,0.0,0.0,0.0,0.0,N
synthetic_rollout_generation_19,2026-09-14T13:36:11,mbpo_HalfCheetah-v5_seed958,8aa0146f-1ae8-4177-bf49-9135e20d95e3,0.005960812999546761,3.05658980235754e-08,5.120916940116351e-06,24.866933754203988,85.19866569973806,20.0,4.916698378293338e-08,0.0,3.10690000029229e-08,8.023598378585628e-08,0.0,Germany,DEU,baden-wurttemberg,,,Linux-7.0.0-31-generic-x86_64-with-glibc2.43,3.14.4,3.3.0,24,Intel(R) Core(TM) Ultra 9 285K,1,1 x NVIDIA GeForce RTX 5090,9.2986,48.7383,60.81614303588867,machine,0.0,0.0,0.0,0.0,N
gradient_updates_19,2026-09-14T13:36:19,mbpo_HalfCheetah-v5_seed958,8aa0146f-1ae8-4177-bf49-9135e20d95e3,8.488417406000735,0.0001306092752366341,1.5386779244647587e-05,24.83827373828634,85.3761047169613,20.0,6.009224390709361e-05,0.00023560407737199807,4.715516903888782e-05,0.00034285149031797885,0.0,Germany,DEU,baden-wurttemberg,,,Linux-7.0.0-31-generic-x86_64-with-glibc2.43,3.14.4,3.3.0,24,Intel(R) Core(TM) Ultra 9 285K,1,1 x NVIDIA GeForce RTX 5090,9.2986,48.7383,60.81614303588867,machine,0.0,0.0,0.0,0.0,N
dynamics_model_update_20,2026-09-14T13:36:22,mbpo_HalfCheetah-v5_seed958,8aa0146f-1ae8-4177-bf49-9135e20d95e3,3.0714950740002678,4.112625179468563e-05,1.338965943720003e-05,24.849294018843903,85.31140223155045,20.0,2.2724688179730224e-05,6.817616565199525e-05,1.7056231861109408e-05,0.00010795708569283531,0.0,Germany,DEU,baden-wurttemberg,,,Linux-7.0.0-31-generic-x86_64-with-glibc2.43,3.14.4,3.3.0,24,Intel(R) Core(TM) Ultra 9 285K,1,1 x NVIDIA GeForce RTX 5090,9.2986,48.7383,60.81614303588867,machine,0.0,0.0,0.0,0.0,N
rollout_20,2026-09-14T13:36:22,mbpo_HalfCheetah-v5_seed958,8aa0146f-1ae8-4177-bf49-9135e20d95e3,0.20901242900072248,2.525890595904065e-06,1.2084682270197819e-05,24.851228732092267,85.12047098223398,20.0,1.4664008953363394e-06,4.005003204007873e-06,1.1591001555543486e-06,6.630504254898778e-06,0.0,Germany,DEU,baden-wurttemberg,,,Linux-7.0.0-31-generic-x86_64-with-glibc2.43,3.14.4,3.3.0,24,Intel(R) Core(TM) Ultra 9 285K,1,1 x NVIDIA GeForce RTX 5090,9.2986,48.7383,60.81614303588867,machine,0.0,0.0,0.0,0.0,N
synthetic_rollout_generation_20,2026-09-14T13:36:22,mbpo_HalfCheetah-v5_seed958,8aa0146f-1ae8-4177-bf49-9135e20d95e3,0.0060828559999208665,2.781891598069991e-08,4.565560771109728e-06,24.774769203840854,84.13069806383591,20.0,4.135142196715069e-08,0.0,3.167368888869204e-08,7.302511085584273e-08,0.0,Germany,DEU,baden-wurttemberg,,,Linux-7.0.0-31-generic-x86_64-with-glibc2.43,3.14.4,3.3.0,24,Intel(R) Core(TM) Ultra 9 285K,1,1 x NVIDIA GeForce RTX 5090,9.2986,48.7383,60.81614303588867,machine,0.0,0.0,0.0,0.0,N
gradient_updates_20,2026-09-14T13:36:31,mbpo_HalfCheetah-v5_seed958,8aa0146f-1ae8-4177-bf49-9135e20d95e3,8.52176634099942,0.00013152777221648454,1.5434356010899805e-05,24.71000832645351,84.31073797299368,20.0,6.170136519438596e-05,0.00023622018897599684,4.734100578888912e-05,0.00034526255995927235,0.0,Germany,DEU,baden-wurttemberg,,,Linux-7.0.0-31-generic-x86_64-with-glibc2.43,3.14.4,3.3.0,24,Intel(R) Core(TM) Ultra 9 285K,1,1 x NVIDIA GeForce RTX 5090,9.2986,48.7383,60.81614303588867,machine,0.0,0.0,0.0,0.0,N
dynamics_model_update_21,2026-09-14T13:36:34,mbpo_HalfCheetah-v5_seed958,8aa0146f-1ae8-4177-bf49-9135e20d95e3,3.126565550000123,4.28856702718557e-05,1.3716445295013425e-05,24.73182928546532,84.2762336856053,20.0,2.4631049982605513e-05,7.057727868399477e-05,1.736725939444528e-05,0.00011257558806104621,0.0,Germany,DEU,baden-wurttemberg,,,Linux-7.0.0-31-generic-x86_64-with-glibc2.43,3.14.4,3.3.0,24,Intel(R) Core(TM) Ultra 9 285K,1,1 x NVIDIA GeForce RTX 5090,9.2986,48.7383,60.81614303588867,machine,0.0,0.0,0.0,0.0,N
rollout_21,2026-09-14T13:36:34,mbpo_HalfCheetah-v5_seed958,8aa0146f-1ae8-4177-bf49-9135e20d95e3,0.1996890849995907,2.5671313749432365e-06,1.2855095643324967e-05,24.825785967858266,84.09446491387162,20.0,1.8550414840334817e-06,3.7752807980073744e-06,1.1084396944473999e-06,6.738761976488039e-06,0.0,Germany,DEU,baden-wurttemberg,,,Linux-7.0.0-31-generic-x86_64-with-glibc2.43,3.14.4,3.3.0,24,Intel(R) Core(TM) Ultra 9 285K,1,1 x NVIDIA GeForce RTX 5090,9.2986,48.7383,60.81614303588867,machine,0.0,0.0,0.0,0.0,N
synthetic_rollout_generation_21,2026-09-14T13:36:34,mbpo_HalfCheetah-v5_seed958,8aa0146f-1ae8-4177-bf49-9135e20d95e3,0.006014659999891592,3.274288049547047e-08,5.4331863966814085e-06,24.747674833652717,83.16008197038416,20.0,4.6725870714303674e-08,0.0,3.92247277785588e-08,8.595059849264564e-08,0.0,Germany,DEU,baden-wurttemberg,,,Linux-7.0.0-31-generic-x86_64-with-glibc2.43,3.14.4,3.3.0,24,Intel(R) Core(TM) Ultra 9 285K,1,1 x NVIDIA GeForce RTX 5090,9.2986,48.7383,60.81614303588867,machine,0.0,0.0,0.0,0.0,N
gradient_updates_21,2026-09-14T13:36:43,mbpo_HalfCheetah-v5_seed958,8aa0146f-1ae8-4177-bf49-9135e20d95e3,8.504851710999901,0.0001312495570652255,1.5432330298030216e-05,24.68060633855602,83.34955406062845,20.0,6.010041585807063e-05,0.00023718518974798208,4.724663501666916e-05,0.0003445322406227212,0.0,Germany,DEU,baden-wurttemberg,,,Linux-7.0.0-31-generic-x86_64-with-glibc2.43,3.14.4,3.3.0,24,Intel(R) Core(TM) Ultra 9 285K,1,1 x NVIDIA GeForce RTX 5090,9.2986,48.7383,60.81614303588867,machine,0.0,0.0,0.0,0.0,N
dynamics_model_update_22,2026-09-14T13:36:46,mbpo_HalfCheetah-v5_seed958,8aa0146f-1ae8-4177-bf49-9135e20d95e3,3.1943625660005637,4.375511843653611e-05,1.3697621890668244e-05,24.700822123958186,83.30853829063273,20.0,2.6512828432474767e-05,7.06011675919993e-05,1.7743907733332263e-05,0.0001148579037578059,0.0,Germany,DEU,baden-wurttemberg,,,Linux-7.0.0-31-generic-x86_64-with-glibc2.43,3.14.4,3.3.0,24,Intel(R) Core(TM) Ultra 9 285K,1,1 x NVIDIA GeForce RTX 5090,9.2986,48.7383,60.81614303588867,machine,0.0,0.0,0.0,0.0,N
rollout_22,2026-09-14T13:36:46,mbpo_HalfCheetah-v5_seed958,8aa0146f-1ae8-4177-bf49-9135e20d95e3,0.2016424659996119,2.6137614026191733e-06,1.2962082154225526e-05,24.788767813608306,83.16260270444168,20.0,1.8601956548250365e-06,3.886669776007046e-06,1.1143011333339566e-06,6.861166564165605e-06,0.0,Germany,DEU,baden-wurttemberg,,,Linux-7.0.0-31-generic-x86_64-with-glibc2.43,3.14.4,3.3.0,24,Intel(R) Core(TM) Ultra 9 285K,1,1 x NVIDIA GeForce RTX 5090,9.2986,48.7383,60.81614303588867,machine,0.0,0.0,0.0,0.0,N
synthetic_rollout_generation_22,2026-09-14T13:36:46,mbpo_HalfCheetah-v5_seed958,8aa0146f-1ae8-4177-bf49-9135e20d95e3,0.006089786000302411,3.093205887521461e-08,5.0738295374295375e-06,24.759408827226164,82.27789416503272,20.0,4.9760595366432625e-08,0.0,3.1436566663191334e-08,8.11971620287566e-08,0.0,Germany,DEU,baden-wurttemberg,,,Linux-7.0.0-31-generic-x86_64-with-glibc2.43,3.14.4,3.3.0,24,Intel(R) Core(TM) Ultra 9 285K,1,1 x NVIDIA GeForce RTX 5090,9.2986,48.7383,60.81614303588867,machine,0.0,0.0,0.0,0.0,N
gradient_updates_22,2026-09-14T13:36:55,mbpo_HalfCheetah-v5_seed958,8aa0146f-1ae8-4177-bf49-9135e20d95e3,8.561630993999643,0.00013203848894461582,1.5422130865853767e-05,24.733835583815093,82.47499950843826,20.0,5.884484013139041e-05,0.00024019658104600106,4.756177857222297e-05,0.0003466031997496153,0.0,Germany,DEU,baden-wurttemberg,,,Linux-7.0.0-31-generic-x86_64-with-glibc2.43,3.14.4,3.3.0,24,Intel(R) Core(TM) Ultra 9 285K,1,1 x NVIDIA GeForce RTX 5090,9.2986,48.7383,60.81614303588867,machine,0.0,0.0,0.0,0.0,N
dynamics_model_update_23,2026-09-14T13:36:58,mbpo_HalfCheetah-v5_seed958,8aa0146f-1ae8-4177-bf49-9135e20d95e3,3.382713209999565,4.410393044958216e-05,1.3037968297524912e-05,24.736274967195055,82.42369415541854,20.0,2.412517124456004e-05,7.285866939800434e-05,1.8789700372220247e-05,0.00011577354101478463,0.0,Germany,DEU,baden-wurttemberg,,,Linux-7.0.0-31-generic-x86_64-with-glibc2.43,3.14.4,3.3.0,24,Intel(R) Core(TM) Ultra 9 285K,1,1 x NVIDIA GeForce RTX 5090,9.2986,48.7383,60.81614303588867,machine,0.0,0.0,0.0,0.0,N
rollout_23,2026-09-14T13:36:58,mbpo_HalfCheetah-v5_seed958,8aa0146f-1ae8-4177-bf49-9135e20d95e3,0.20810765500027628,3.27661660306372e-06,1.574397856202906e-05,24.745494939936005,82.63592281007249,20.0,1.496291197035371e-06,5.950004760002514e-06,1.1548763833310952e-06,8.601172340369848e-06,0.0,Germany,DEU,baden-wurttemberg,,,Linux-7.0.0-31-generic-x86_64-with-glibc2.43,3.14.4,3.3.0,24,Intel(R) Core(TM) Ultra 9 285K,1,1 x NVIDIA GeForce RTX 5090,9.2986,48.7383,60.81614303588867,machine,0.0,0.0,0.0,0.0,N
synthetic_rollout_generation_23,2026-09-14T13:36:58,mbpo_HalfCheetah-v5_seed958,8aa0146f-1ae8-4177-bf49-9135e20d95e3,0.006009948999235348,3.055921640477549e-08,5.078843995984978e-06,24.71292494895838,81.79269910792888,20.0,4.859059443002023e-08,0.0,3.162784999698187e-08,8.02184444270021e-08,0.0,Germany,DEU,baden-wurttemberg,,,Linux-7.0.0-31-generic-x86_64-with-glibc2.43,3.14.4,3.3.0,24,Intel(R) Core(TM) Ultra 9 285K,1,1 x NVIDIA GeForce RTX 5090,9.2986,48.7383,60.81614303588867,machine,0.0,0.0,0.0,0.0,N
gradient_updates_23,2026-09-14T13:37:07,mbpo_HalfCheetah-v5_seed958,8aa0146f-1ae8-4177-bf49-9135e20d95e3,8.225437420999697,0.00012892431652186068,1.567387018539519e-05,24.685770198949267,82.00027835107447,20.0,5.894576826768333e-05,0.0002337946314799888,4.568804629999845e-05,0.000338428446047671,0.0,Germany,DEU,baden-wurttemberg,,,Linux-7.0.0-31-generic-x86_64-with-glibc2.43,3.14.4,3.3.0,24,Intel(R) Core(TM) Ultra 9 285K,1,1 x NVIDIA GeForce RTX 5090,9.2986,48.7383,60.81614303588867,machine,0.0,0.0,0.0,0.0,N
dynamics_model_update_24,2026-09-14T13:37:12,mbpo_HalfCheetah-v5_seed958,8aa0146f-1ae8-4177-bf49-9135e20d95e3,4.914736584999446,6.433378617343253e-05,1.3089995720791505e-05,24.69537401100822,81.96663856514014,20.0,3.4227845160030024e-05,0.00010734758587800652,2.7301813150001734e-05,0.00016887724418803741,0.0,Germany,DEU,baden-wurttemberg,,,Linux-7.0.0-31-generic-x86_64-with-glibc2.43,3.14.4,3.3.0,24,Intel(R) Core(TM) Ultra 9 285K,1,1 x NVIDIA GeForce RTX 5090,9.2986,48.7383,60.81614303588867,machine,0.0,0.0,0.0,0.0,N
rollout_24,2026-09-14T13:37:12,mbpo_HalfCheetah-v5_seed958,8aa0146f-1ae8-4177-bf49-9135e20d95e3,0.2002027429998634,2.6008498802271296e-06,1.2990966268039604e-05,24.773351205401465,81.84715014853785,20.0,1.8303561865051776e-06,3.885558663999089e-06,1.1113587555528631e-06,6.82727360605713e-06,0.0,Germany,DEU,baden-wurttemberg,,,Linux-7.0.0-31-generic-x86_64-with-glibc2.43,3.14.4,3.3.0,24,Intel(R) Core(TM) Ultra 9 285K,1,1 x NVIDIA GeForce RTX 5090,9.2986,48.7383,60.81614303588867,machine,0.0,0.0,0.0,0.0,N
synthetic_rollout_generation_24,2026-09-14T13:37:12,mbpo_HalfCheetah-v5_seed958,8aa0146f-1ae8-4177-bf49-9135e20d95e3,0.005965847999505058,2.9454793275436597e-08,4.9301519150427345e-06,24.744367472163937,81.04472710786591,20.0,4.7268371147768384e-08,0.0,3.0050944446399774e-08,7.731931559416816e-08,0.0,Germany,DEU,baden-wurttemberg,,,Linux-7.0.0-31-generic-x86_64-with-glibc2.43,3.14.4,3.3.0,24,Intel(R) Core(TM) Ultra 9 285K,1,1 x NVIDIA GeForce RTX 5090,9.2986,48.7383,60.81614303588867,machine,0.0,0.0,0.0,0.0,N
gradient_updates_24,2026-09-14T13:37:20,mbpo_HalfCheetah-v5_seed958,8aa0146f-1ae8-4177-bf49-9135e20d95e3,7.9690423749998445,0.00012759898222805457,1.601185568059362e-05,24.722025926701097,81.27250530646475,20.0,5.9398495574312926e-05,0.00023128824058599173,4.426268562222283e-05,0.00033494942178252836,0.0,Germany,DEU,baden-wurttemberg,,,Linux-7.0.0-31-generic-x86_64-with-glibc2.43,3.14.4,3.3.0,24,Intel(R) Core(TM) Ultra 9 285K,1,1 x NVIDIA GeForce RTX 5090,9.2986,48.7383,60.81614303588867,machine,0.0,0.0,0.0,0.0,N
dynamics_model_update_25,2026-09-14T13:37:24,mbpo_HalfCheetah-v5_seed958,8aa0146f-1ae8-4177-bf49-9135e20d95e3,4.36140789899946,5.7997381180526116e-05,1.3297788962596944e-05,24.739379151359337,81.26349380573433,20.0,3.0699086781472984e-05,9.73175778540003e-05,2.4227412488891063e-05,0.00015224407712436348,0.0,Germany,DEU,baden-wurttemberg,,,Linux-7.0.0-31-generic-x86_64-with-glibc2.43,3.14.4,3.3.0,24,Intel(R) Core(TM) Ultra 9 285K,1,1 x NVIDIA GeForce RTX 5090,9.2986,48.7383,60.81614303588867,machine,0.0,0.0,0.0,0.0,N
rollout_25,2026-09-14T13:37:24,mbpo_HalfCheetah-v5_seed958,8aa0146f-1ae8-4177-bf49-9135e20d95e3,0.20348921200002223,2.6556060758482075e-06,1.3049924677595901e-05,24.81617780352645,81.15884314854075,20.0,1.872945109462898e-06,3.9688920639990855e-06,1.1291723444476279e-06,6.971009517910479e-06,0.0,Germany,DEU,baden-wurttemberg,,,Linux-7.0.0-31-generic-x86_64-with-glibc2.43,3.14.4,3.3.0,24,Intel(R) Core(TM) Ultra 9 285K,1,1 x NVIDIA GeForce RTX 5090,9.2986,48.7383,60.81614303588867,machine,0.0,0.0,0.0,0.0,N
synthetic_rollout_generation_25,2026-09-14T13:37:24,mbpo_HalfCheetah-v5_seed958,8aa0146f-1ae8-4177-bf49-9135e20d95e3,0.007523297000261664,3.549423724987649e-08,4.71472319643775e-06,24.802713023187316,80.39319368487527,20.0,6.195060511110517e-08,0.0,3.1222350000553734e-08,9.31729551116589e-08,0.0,Germany,DEU,baden-wurttemberg,,,Linux-7.0.0-31-generic-x86_64-with-glibc2.43,3.14.4,3.3.0,24,Intel(R) Core(TM) Ultra 9 285K,1,1 x NVIDIA GeForce RTX 5090,9.2986,48.7383,60.81614303588867,machine,0.0,0.0,0.0,0.0,N
gradient_updates_25,2026-09-14T13:37:32,mbpo_HalfCheetah-v5_seed958,8aa0146f-1ae8-4177-bf49-9135e20d95e3,7.953163383000174,0.00012650732326243298,1.5906560709983584e-05,24.79260881912955,80.61629505643648,20.0,5.756513827429033e-05,0.00023033629538000977,4.418236543332968e-05,0.0003320837990876298,0.0,Germany,DEU,baden-wurttemberg,,,Linux-7.0.0-31-generic-x86_64-with-glibc2.43,3.14.4,3.3.0,24,Intel(R) Core(TM) Ultra 9 285K,1,1 x NVIDIA GeForce RTX 5090,9.2986,48.7383,60.81614303588867,machine,0.0,0.0,0.0,0.0,N
dynamics_model_update_26,2026-09-14T13:37:40,mbpo_HalfCheetah-v5_seed958,8aa0146f-1ae8-4177-bf49-9135e20d95e3,7.494212513999628,9.92539559954049e-05,1.324408290572957e-05,24.803215655107355,80.61037329118646,20.0,5.238836607732861e-05,0.00016651457765599897,4.1640319150004074e-05,0.00026054326288333166,0.0,Germany,DEU,baden-wurttemberg,,,Linux-7.0.0-31-generic-x86_64-with-glibc2.43,3.14.4,3.3.0,24,Intel(R) Core(TM) Ultra 9 285K,1,1 x NVIDIA GeForce RTX 5090,9.2986,48.7383,60.81614303588867,machine,0.0,0.0,0.0,0.0,N
rollout_26,2026-09-14T13:37:40,mbpo_HalfCheetah-v5_seed958,8aa0146f-1ae8-4177-bf49-9135e20d95e3,0.20079228800022975,2.635316662917206e-06,1.3124053960495433e-05,24.871377861855215,80.52711787704885,20.0,1.8165047865406625e-06,3.98694763399654e-06,1.1142970555537424e-06,6.917749476090945e-06,0.0,Germany,DEU,baden-wurttemberg,,,Linux-7.0.0-31-generic-x86_64-with-glibc2.43,3.14.4,3.3.0,24,Intel(R) Core(TM) Ultra 9 285K,1,1 x NVIDIA GeForce RTX 5090,9.2986,48.7383,60.81614303588867,machine,0.0,0.0,0.0,0.0,N
synthetic_rollout_generation_26,2026-09-14T13:37:40,mbpo_HalfCheetah-v5_seed958,8aa0146f-1ae8-4177-bf49-9135e20d95e3,0.0059557009999480215,3.131734568288108e-08,5.24815568884339e-06,24.852184863642268,79.79505316907569,20.0,5.082865177363782e-08,0.0,3.1379894446358775e-08,8.220854622043028e-08,0.0,Germany,DEU,baden-wurttemberg,,,Linux-7.0.0-31-generic-x86_64-with-glibc2.43,3.14.4,3.3.0,24,Intel(R) Core(TM) Ultra 9 285K,1,1 x NVIDIA GeForce RTX 5090,9.2986,48.7383,60.81614303588867,machine,0.0,0.0,0.0,0.0,N
gradient_updates_26,2026-09-14T13:37:48,mbpo_HalfCheetah-v5_seed958,8aa0146f-1ae8-4177-bf49-9135e20d95e3,7.953444295999361,0.00012663210783714265,1.5921684419830576e-05,24.836632601286276,80.0200933462173,20.0,5.676218846527997e-05,0.0002314660185060019,4.418315367222224e-05,0.0003324113606435041,0.0,Germany,DEU,baden-wurttemberg,,,Linux-7.0.0-31-generic-x86_64-with-glibc2.43,3.14.4,3.3.0,24,Intel(R) Core(TM) Ultra 9 285K,1,1 x NVIDIA GeForce RTX 5090,9.2986,48.7383,60.81614303588867,machine,0.0,0.0,0.0,0.0,N
dynamics_model_update_27,2026-09-14T13:37:53,mbpo_HalfCheetah-v5_seed958,8aa0146f-1ae8-4177-bf49-9135e20d95e3,4.679424996000307,6.0355838340637145e-05,1.2898070847676708e-05,24.83905128040516,80.01180205159037,20.0,2.96405692679913e-05,0.00010279980446201153,2.5994692133331655e-05,0.00015843506586333406,0.0,Germany,DEU,baden-wurttemberg,,,Linux-7.0.0-31-generic-x86_64-with-glibc2.43,3.14.4,3.3.0,24,Intel(R) Core(TM) Ultra 9 285K,1,1 x NVIDIA GeForce RTX 5090,9.2986,48.7383,60.81614303588867,machine,0.0,0.0,0.0,0.0,N
rollout_27,2026-09-14T13:37:53,mbpo_HalfCheetah-v5_seed958,8aa0146f-1ae8-4177-bf49-9135e20d95e3,0.20759917000032146,2.5207159129554332e-06,1.2141775628012204e-05,24.84883547129871,79.91082171510708,20.0,1.5110242643778804e-06,3.953614273993766e-06,1.15228208888863e-06,6.616920627261144e-06,0.0,Germany,DEU,baden-wurttemberg,,,Linux-7.0.0-31-generic-x86_64-with-glibc2.43,3.14.4,3.3.0,24,Intel(R) Core(TM) Ultra 9 285K,1,1 x NVIDIA GeForce RTX 5090,9.2986,48.7383,60.81614303588867,machine,0.0,0.0,0.0,0.0,N
synthetic_rollout_generation_27,2026-09-14T13:37:53,mbpo_HalfCheetah-v5_seed958,8aa0146f-1ae8-4177-bf49-9135e20d95e3,0.00614126300024509,2.8890184132143726e-08,4.69721132008957e-06,24.799994808444342,79.20984959479912,20.0,4.3877257327462615e-08,0.0,3.1959950001596293e-08,7.583720732992627e-08,0.0,Germany,DEU,baden-wurttemberg,,,Linux-7.0.0-31-generic-x86_64-with-glibc2.43,3.14.4,3.3.0,24,Intel(R) Core(TM) Ultra 9 285K,1,1 x NVIDIA GeForce RTX 5090,9.2986,48.7383,60.81614303588867,machine,0.0,0.0,0.0,0.0,N
gradient_updates_27,2026-09-14T13:38:01,mbpo_HalfCheetah-v5_seed958,8aa0146f-1ae8-4177-bf49-9135e20d95e3,7.970589600000494,0.00012654809627015134,1.587689886494646e-05,24.759398039779565,79.42500447588525,20.0,5.776565565693281e-05,0.00023014657300600427,4.4278600238890735e-05,0.0003321908289018287,0.0,Germany,DEU,baden-wurttemberg,,,Linux-7.0.0-31-generic-x86_64-with-glibc2.43,3.14.4,3.3.0,24,Intel(R) Core(TM) Ultra 9 285K,1,1 x NVIDIA GeForce RTX 5090,9.2986,48.7383,60.81614303588867,machine,0.0,0.0,0.0,0.0,N
dynamics_model_update_28,2026-09-14T13:38:14,mbpo_HalfCheetah-v5_seed958,8aa0146f-1ae8-4177-bf49-9135e20d95e3,13.152589129000262,0.0001642849741470189,1.2490698352169994e-05,24.767954107148082,79.40059059872053,20.0,7.833231377690764e-05,0.0002798455016539969,7.307293702222325e-05,0.0004312507524531269,0.0,Germany,DEU,baden-wurttemberg,,,Linux-7.0.0-31-generic-x86_64-with-glibc2.43,3.14.4,3.3.0,24,Intel(R) Core(TM) Ultra 9 285K,1,1 x NVIDIA GeForce RTX 5090,9.2986,48.7383,60.81614303588867,machine,0.0,0.0,0.0,0.0,N
rollout_28,2026-09-14T13:38:14,mbpo_HalfCheetah-v5_seed958,8aa0146f-1ae8-4177-bf49-9135e20d95e3,0.2160028260004765,2.5066879392786692e-06,1.1604427308614742e-05,24.770634804392508,79.27255362233846,20.0,1.5191792708951768e-06,3.862225311984657e-06,1.1986923833320895e-06,6.5800969662119235e-06,0.0,Germany,DEU,baden-wurttemberg,,,Linux-7.0.0-31-generic-x86_64-with-glibc2.43,3.14.4,3.3.0,24,Intel(R) Core(TM) Ultra 9 285K,1,1 x NVIDIA GeForce RTX 5090,9.2986,48.7383,60.81614303588867,machine,0.0,0.0,0.0,0.0,N
synthetic_rollout_generation_28,2026-09-14T13:38:14,mbpo_HalfCheetah-v5_seed958,8aa0146f-1ae8-4177-bf49-9135e20d95e3,0.006148051999844029,7.151936606657194e-07,0.00011618140259619135,24.739769888249516,88.01534053322901,20.0,4.81330940590996e-08,1.7972236600188873e-06,3.203833889029242e-08,1.8773950929678457e-06,0.0,Germany,DEU,baden-wurttemberg,,,Linux-7.0.0-31-generic-x86_64-with-glibc2.43,3.14.4,3.3.0,24,Intel(R) Core(TM) Ultra 9 285K,1,1 x NVIDIA GeForce RTX 5090,9.2986,48.7383,60.81614303588867,machine,0.0,0.0,0.0,0.0,N
gradient_updates_28,2026-09-14T13:38:22,mbpo_HalfCheetah-v5_seed958,8aa0146f-1ae8-4177-bf49-9135e20d95e3,7.991503449999982,0.0001251235345658252,1.5657083631193007e-05,24.71497312473498,88.12905445688914,20.0,5.864520469389678e-05,0.00022541129143999195,4.439483492222089e-05,0.00032845133105611005,0.0,Germany,DEU,baden-wurttemberg,,,Linux-7.0.0-31-generic-x86_64-with-glibc2.43,3.14.4,3.3.0,24,Intel(R) Core(TM) Ultra 9 285K,1,1 x NVIDIA GeForce RTX 5090,9.2986,48.7383,60.81614303588867,machine,0.0,0.0,0.0,0.0,N
dynamics_model_update_29,2026-09-14T13:38:30,mbpo_HalfCheetah-v5_seed958,8aa0146f-1ae8-4177-bf49-9135e20d95e3,8.249432542999784,0.00010585452949501105,1.2831699989623336e-05,24.727823134402183,88.02996757731279,20.0,5.7347005877568524e-05,0.00017469486197800588,4.5828008755557405e-05,0.0002778698766111327,0.0,Germany,DEU,baden-wurttemberg,,,Linux-7.0.0-31-generic-x86_64-with-glibc2.43,3.14.4,3.3.0,24,Intel(R) Core(TM) Ultra 9 285K,1,1 x NVIDIA GeForce RTX 5090,9.2986,48.7383,60.81614303588867,machine,0.0,0.0,0.0,0.0,N
rollout_29,2026-09-14T13:38:31,mbpo_HalfCheetah-v5_seed958,8aa0146f-1ae8-4177-bf49-9135e20d95e3,0.20163610799954768,2.5929036587641827e-06,1.2858698980699968e-05,24.79102923744217,87.8717738071958,20.0,1.831814521006947e-06,3.855558640006307e-06,1.1190414833336416e-06,6.8064146443481965e-06,0.0,Germany,DEU,baden-wurttemberg,,,Linux-7.0.0-31-generic-x86_64-with-glibc2.43,3.14.4,3.3.0,24,Intel(R) Core(TM) Ultra 9 285K,1,1 x NVIDIA GeForce RTX 5090,9.2986,48.7383,60.81614303588867,machine,0.0,0.0,0.0,0.0,N
synthetic_rollout_generation_29,2026-09-14T13:38:31,mbpo_HalfCheetah-v5_seed958,8aa0146f-1ae8-4177-bf49-9135e20d95e3,0.006774244999178336,3.227141244510623e-08,4.7581356123074664e-06,24.766580416683148,87.15151336615321,20.0,5.3355042682612375e-08,0.0,3.1357944443779345e-08,8.471298712509068e-08,0.0,Germany,DEU,baden-wurttemberg,,,Linux-7.0.0-31-generic-x86_64-with-glibc2.43,3.14.4,3.3.0,24,Intel(R) Core(TM) Ultra 9 285K,1,1 x NVIDIA GeForce RTX 5090,9.2986,48.7383,60.81614303588867,machine,0.0,0.0,0.0,0.0,N
gradient_updates_29,2026-09-14T13:38:39,mbpo_HalfCheetah-v5_seed958,8aa0146f-1ae8-4177-bf49-9135e20d95e3,7.957328669999697,0.00012541281771079934,1.5760689527213594e-05,24.74756085105556,87.27377936374732,20.0,5.9163086774872975e-05,0.0002258468473439884,4.420076993888987e-05,0.0003292107040577495,0.0,Germany,DEU,baden-wurttemberg,,,Linux-7.0.0-31-generic-x86_64-with-glibc2.43,3.14.4,3.3.0,24,Intel(R) Core(TM) Ultra 9 285K,1,1 x NVIDIA GeForce RTX 5090,9.2986,48.7383,60.81614303588867,machine,0.0,0.0,0.0,0.0,N
dynamics_model_update_30,2026-09-14T13:38:44,mbpo_HalfCheetah-v5_seed958,8aa0146f-1ae8-4177-bf49-9135e20d95e3,5.117914775999452,6.574457625686033e-05,1.2845974673395534e-05,24.762222076066863,87.18120465977805,20.0,3.6402608566514505e-05,0.0001077470306419942,2.8430952094443945e-05,0.00017258059130295308,0.0,Germany,DEU,baden-wurttemberg,,,Linux-7.0.0-31-generic-x86_64-with-glibc2.43,3.14.4,3.3.0,24,Intel(R) Core(TM) Ultra 9 285K,1,1 x NVIDIA GeForce RTX 5090,9.2986,48.7383,60.81614303588867,machine,0.0,0.0,0.0,0.0,N
rollout_30,2026-09-14T13:38:44,mbpo_HalfCheetah-v5_seed958,8aa0146f-1ae8-4177-bf49-9135e20d95e3,0.20120695100013108,2.600613763782157e-06,1.2924545355816987e-05,24.824794455017173,87.03874312513608,20.0,1.8395284160643843e-06,3.8713919860017265e-06,1.1157333944487868e-06,6.826653796514898e-06,0.0,Germany,DEU,baden-wurttemberg,,,Linux-7.0.0-31-generic-x86_64-with-glibc2.43,3.14.4,3.3.0,24,Intel(R) Core(TM) Ultra 9 285K,1,1 x NVIDIA GeForce RTX 5090,9.2986,48.7383,60.81614303588867,machine,0.0,0.0,0.0,0.0,N
synthetic_rollout_generation_30,2026-09-14T13:38:44,mbpo_HalfCheetah-v5_seed958,8aa0146f-1ae8-4177-bf49-9135e20d95e3,0.006101117000071099,2.9971306368149764e-08,4.9047833329422845e-06,24.792576600656716,86.34795944953977,20.0,4.699698204907454e-08,0.0,3.16781888867225e-08,7.867517093709808e-08,0.0,Germany,DEU,baden-wurttemberg,,,Linux-7.0.0-31-generic-x86_64-with-glibc2.43,3.14.4,3.3.0,24,Intel(R) Core(TM) Ultra 9 285K,1,1 x NVIDIA GeForce RTX 5090,9.2986,48.7383,60.81614303588867,machine,0.0,0.0,0.0,0.0,N
gradient_updates_30,2026-09-14T13:38:52,mbpo_HalfCheetah-v5_seed958,8aa0146f-1ae8-4177-bf49-9135e20d95e3,8.079929631000596,0.0001243083901391771,1.538485759774286e-05,24.764041074530887,86.46327881063735,20.0,5.476468103392945e-05,0.00022666101466201072,4.4885867866671474e-05,0.0003263115635626125,0.0,Germany,DEU,baden-wurttemberg,,,Linux-7.0.0-31-generic-x86_64-with-glibc2.43,3.14.4,3.3.0,24,Intel(R) Core(TM) Ultra 9 285K,1,1 x NVIDIA GeForce RTX 5090,9.2986,48.7383,60.81614303588867,machine,0.0,0.0,0.0,0.0,N
dynamics_model_update_31,2026-09-14T13:38:57,mbpo_HalfCheetah-v5_seed958,8aa0146f-1ae8-4177-bf49-9135e20d95e3,5.3414768579996235,6.544250626900564e-05,1.2251709142045226e-05,24.75695160493053,86.37039229297551,20.0,3.142957458808493e-05,0.00011067619965199338,2.968187838888912e-05,0.00017178765262896786,0.0,Germany,DEU,baden-wurttemberg,,,Linux-7.0.0-31-generic-x86_64-with-glibc2.43,3.14.4,3.3.0,24,Intel(R) Core(TM) Ultra 9 285K,1,1 x NVIDIA GeForce RTX 5090,9.2986,48.7383,60.81614303588867,machine,0.0,0.0,0.0,0.0,N
rollout_31,2026-09-14T13:38:58,mbpo_HalfCheetah-v5_seed958,8aa0146f-1ae8-4177-bf49-9135e20d95e3,0.21193443599986495,2.496541942283853e-06,1.1779562755681815e-05,24.758172850915436,86.2144541998444,20.0,1.4809306291899138e-06,3.896669784009266e-06,1.1758631444434668e-06,6.55346355764308e-06,0.0,Germany,DEU,baden-wurttemberg,,,Linux-7.0.0-31-generic-x86_64-with-glibc2.43,3.14.4,3.3.0,24,Intel(R) Core(TM) Ultra 9 285K,1,1 x NVIDIA GeForce RTX 5090,9.2986,48.7383,60.81614303588867,machine,0.0,0.0,0.0,0.0,N
synthetic_rollout_generation_31,2026-09-14T13:38:58,mbpo_HalfCheetah-v5_seed958,8aa0146f-1ae8-4177-bf49-9135e20d95e3,0.00616027199976088,3.490890447543915e-08,5.661407140038546e-06,24.716344319684506,85.55126609061482,20.0,5.1778096976651256e-08,0.0,3.985834999987309e-08,9.163644697565698e-08,0.0,Germany,DEU,baden-wurttemberg,,,Linux-7.0.0-31-generic-x86_64-with-glibc2.43,3.14.4,3.3.0,24,Intel(R) Core(TM) Ultra 9 285K,1,1 x NVIDIA GeForce RTX 5090,9.2986,48.7383,60.81614303588867,machine,0.0,0.0,0.0,0.0,N
gradient_updates_31,2026-09-14T13:39:06,mbpo_HalfCheetah-v5_seed958,8aa0146f-1ae8-4177-bf49-9135e20d95e3,7.986112208000122,0.0001240414021171721,1.5532157028890047e-05,24.682166472331637,85.66240332662024,20.0,5.917656567454299e-05,0.0002220696221000018,4.436452785000445e-05,0.0003256107156245497,0.0,Germany,DEU,baden-wurttemberg,,,Linux-7.0.0-31-generic-x86_64-with-glibc2.43,3.14.4,3.3.0,24,Intel(R) Core(TM) Ultra 9 285K,1,1 x NVIDIA GeForce RTX 5090,9.2986,48.7383,60.81614303588867,machine,0.0,0.0,0.0,0.0,N
dynamics_model_update_32,2026-09-14T13:39:13,mbpo_HalfCheetah-v5_seed958,8aa0146f-1ae8-4177-bf49-9135e20d95e3,7.165956878000543,9.083783765565217e-05,1.267631091640888e-05,24.695897313245737,85.57796334852287,20.0,5.032160053502349e-05,0.00014832067421198525,3.98085394166677e-05,0.00023845081416367514,0.0,Germany,DEU,baden-wurttemberg,,,Linux-7.0.0-31-generic-x86_64-with-glibc2.43,3.14.4,3.3.0,24,Intel(R) Core(TM) Ultra 9 285K,1,1 x NVIDIA GeForce RTX 5090,9.2986,48.7383,60.81614303588867,machine,0.0,0.0,0.0,0.0,N
rollout_32,2026-09-14T13:39:13,mbpo_HalfCheetah-v5_seed958,8aa0146f-1ae8-4177-bf49-9135e20d95e3,0.20046006699976715,2.6076673178962104e-06,1.3007967213574383e-05,24.760687855157403,85.45601195070371,20.0,1.8738945546728503e-06,3.858891976002421e-06,1.112382961112636e-06,6.84516949178704e-06,0.0,Germany,DEU,baden-wurttemberg,,,Linux-7.0.0-31-generic-x86_64-with-glibc2.43,3.14.4,3.3.0,24,Intel(R) Core(TM) Ultra 9 285K,1,1 x NVIDIA GeForce RTX 5090,9.2986,48.7383,60.81614303588867,machine,0.0,0.0,0.0,0.0,N
synthetic_rollout_generation_32,2026-09-14T13:39:13,mbpo_HalfCheetah-v5_seed958,8aa0146f-1ae8-4177-bf49-9135e20d95e3,0.006070716000067478,2.8898797879012283e-08,4.750489144761055e-06,24.721712308549275,84.81828051823578,20.0,4.403003522196469e-08,0.0,3.182978333205258e-08,7.585981855531831e-08,0.0,Germany,DEU,baden-wurttemberg,,,Linux-7.0.0-31-generic-x86_64-with-glibc2.43,3.14.4,3.3.0,24,Intel(R) Core(TM) Ultra 9 285K,1,1 x NVIDIA GeForce RTX 5090,9.2986,48.7383,60.81614303588867,machine,0.0,0.0,0.0,0.0,N
gradient_updates_32,2026-09-14T13:39:21,mbpo_HalfCheetah-v5_seed958,8aa0146f-1ae8-4177-bf49-9135e20d95e3,7.946296615999927,0.00012421857266662218,1.5632280051037192e-05,24.689766177252185,84.93977012561143,20.0,5.852201542868446e-05,0.00022341045650600688,4.414331928888826e-05,0.0003260757912235783,0.0,Germany,DEU,baden-wurttemberg,,,Linux-7.0.0-31-generic-x86_64-with-glibc2.43,3.14.4,3.3.0,24,Intel(R) Core(TM) Ultra 9 285K,1,1 x NVIDIA GeForce RTX 5090,9.2986,48.7383,60.81614303588867,machine,0.0,0.0,0.0,0.0,N
dynamics_model_update_33,2026-09-14T13:39:27,mbpo_HalfCheetah-v5_seed958,8aa0146f-1ae8-4177-bf49-9135e20d95e3,6.4301527359994,8.079502041818867e-05,1.2564978283694725e-05,24.7014294891276,84.85817020851985,20.0,4.448032613978137e-05,0.00013188704995399647,3.572087805555398e-05,0.0002120882541493327,0.0,Germany,DEU,baden-wurttemberg,,,Linux-7.0.0-31-generic-x86_64-with-glibc2.43,3.14.4,3.3.0,24,Intel(R) Core(TM) Ultra 9 285K,1,1 x NVIDIA GeForce RTX 5090,9.2986,48.7383,60.81614303588867,machine,0.0,0.0,0.0,0.0,N
rollout_33,2026-09-14T13:39:28,mbpo_HalfCheetah-v5_seed958,8aa0146f-1ae8-4177-bf49-9135e20d95e3,0.20200743799978227,2.5310529467668236e-06,1.2529225610554508e-05,24.757668356859764,84.7164927584553,20.0,1.8413256397190048e-06,3.678891832004094e-06,1.123838038888294e-06,6.644055510610092e-06,0.0,Germany,DEU,baden-wurttemberg,,,Linux-7.0.0-31-generic-x86_64-with-glibc2.43,3.14.4,3.3.0,24,Intel(R) Core(TM) Ultra 9 285K,1,1 x NVIDIA GeForce RTX 5090,9.2986,48.7383,60.81614303588867,machine,0.0,0.0,0.0,0.0,N
synthetic_rollout_generation_33,2026-09-14T13:39:28,mbpo_HalfCheetah-v5_seed958,8aa0146f-1ae8-4177-bf49-9135e20d95e3,0.0060389540003598086,2.9737610368098244e-08,4.915548807686368e-06,24.72926782635143,84.10260512977084,20.0,4.665809288234568e-08,0.0,3.1403622218276195e-08,7.80617151023566e-08,0.0,Germany,DEU,baden-wurttemberg,,,Linux-7.0.0-31-generic-x86_64-with-glibc2.43,3.14.4,3.3.0,24,Intel(R) Core(TM) Ultra 9 285K,1,1 x NVIDIA GeForce RTX 5090,9.2986,48.7383,60.81614303588867,machine,0.0,0.0,0.0,0.0,N
gradient_updates_33,2026-09-14T13:39:36,mbpo_HalfCheetah-v5_seed958,8aa0146f-1ae8-4177-bf49-9135e20d95e3,8.023156709999967,0.0001222647958809527,1.523900632323436e-05,24.70410806110766,84.2143036060541,20.0,5.435108375861225e-05,0.0002220257331760067,4.4570278172225124e-05,0.0003209470951068445,0.0,Germany,DEU,baden-wurttemberg,,,Linux-7.0.0-31-generic-x86_64-with-glibc2.43,3.14.4,3.3.0,24,Intel(R) Core(TM) Ultra 9 285K,1,1 x NVIDIA GeForce RTX 5090,9.2986,48.7383,60.81614303588867,machine,0.0,0.0,0.0,0.0,N
dynamics_model_update_34,2026-09-14T13:39:41,mbpo_HalfCheetah-v5_seed958,8aa0146f-1ae8-4177-bf49-9135e20d95e3,5.731727675999537,7.011645585229195e-05,1.223304326579469e-05,24.69909909408856,84.13753351542297,20.0,3.5222546789122344e-05,0.00011698703803399157,3.184726214444699e-05,0.00018405684696756047,0.0,Germany,DEU,baden-wurttemberg,,,Linux-7.0.0-31-generic-x86_64-with-glibc2.43,3.14.4,3.3.0,24,Intel(R) Core(TM) Ultra 9 285K,1,1 x NVIDIA GeForce RTX 5090,9.2986,48.7383,60.81614303588867,machine,0.0,0.0,0.0,0.0,N
rollout_34,2026-09-14T13:39:42,mbpo_HalfCheetah-v5_seed958,8aa0146f-1ae8-4177-bf49-9135e20d95e3,0.20800947899988387,2.4183708152080916e-06,1.1625831124042521e-05,24.7084015168758,83.9926021011608,20.0,1.5176364918864649e-06,3.6766696080159367e-06,1.1539569666637293e-06,6.34826306656483e-06,0.0,Germany,DEU,baden-wurttemberg,,,Linux-7.0.0-31-generic-x86_64-with-glibc2.43,3.14.4,3.3.0,24,Intel(R) Core(TM) Ultra 9 285K,1,1 x NVIDIA GeForce RTX 5090,9.2986,48.7383,60.81614303588867,machine,0.0,0.0,0.0,0.0,N
synthetic_rollout_generation_34,2026-09-14T13:39:42,mbpo_HalfCheetah-v5_seed958,8aa0146f-1ae8-4177-bf49-9135e20d95e3,0.006122499000412063,3.237629423238908e-08,5.282258623911062e-06,24.6986658942073,83.4011049032653,20.0,5.3032542426945106e-08,0.0,3.1955761111476105e-08,8.498830353712017e-08,0.0,Germany,DEU,baden-wurttemberg,,,Linux-7.0.0-31-generic-x86_64-with-glibc2.43,3.14.4,3.3.0,24,Intel(R) Core(TM) Ultra 9 285K,1,1 x NVIDIA GeForce RTX 5090,9.2986,48.7383,60.81614303588867,machine,0.0,0.0,0.0,0.0,N
gradient_updates_34,2026-09-14T13:39:50,mbpo_HalfCheetah-v5_seed958,8aa0146f-1ae8-4177-bf49-9135e20d95e3,8.044134937000308,0.0001223399823117345,1.5208612322762187e-05,24.689005427933072,83.52050064896804,20.0,5.1958747122521354e-05,0.00022449851293199208,4.468720066666803e-05,0.00032114446072118233,0.0,Germany,DEU,baden-wurttemberg,,,Linux-7.0.0-31-generic-x86_64-with-glibc2.43,3.14.4,3.3.0,24,Intel(R) Core(TM) Ultra 9 285K,1,1 x NVIDIA GeForce RTX 5090,9.2986,48.7383,60.81614303588867,machine,0.0,0.0,0.0,0.0,N
dynamics_model_update_35,2026-09-14T13:39:55,mbpo_HalfCheetah-v5_seed958,8aa0146f-1ae8-4177-bf49-9135e20d95e3,5.8707338220001475,7.100669703161491e-05,1.2094993647647578e-05,24.677450593008423,83.44315490230146,20.0,3.574782109823371e-05,0.00011803287220399361,3.2613051366666476e-05,0.0001863937446688925,0.0,Germany,DEU,baden-wurttemberg,,,Linux-7.0.0-31-generic-x86_64-with-glibc2.43,3.14.4,3.3.0,24,Intel(R) Core(TM) Ultra 9 285K,1,1 x NVIDIA GeForce RTX 5090,9.2986,48.7383,60.81614303588867,machine,0.0,0.0,0.0,0.0,N
rollout_35,2026-09-14T13:39:56,mbpo_HalfCheetah-v5_seed958,8aa0146f-1ae8-4177-bf49-9135e20d95e3,0.20735698599946772,2.461247596358823e-06,1.1869085898700116e-05,24.689408045281382,83.32005553883744,20.0,1.536235117872986e-06,3.774169685999418e-06,1.1504105166650416e-06,6.460815320536578e-06,0.0,Germany,DEU,baden-wurttemberg,,,Linux-7.0.0-31-generic-x86_64-with-glibc2.43,3.14.4,3.3.0,24,Intel(R) Core(TM) Ultra 9 285K,1,1 x NVIDIA GeForce RTX 5090,9.2986,48.7383,60.81614303588867,machine,0.0,0.0,0.0,0.0,N
synthetic_rollout_generation_35,2026-09-14T13:39:56,mbpo_HalfCheetah-v5_seed958,8aa0146f-1ae8-4177-bf49-9135e20d95e3,0.006131199000265042,3.241677647494723e-08,5.2785444219248215e-06,24.67961203136501,82.7493702269276,20.0,5.2896986756090225e-08,0.0,3.219758333301154e-08,8.50945700882344e-08,0.0,Germany,DEU,baden-wurttemberg,,,Linux-7.0.0-31-generic-x86_64-with-glibc2.43,3.14.4,3.3.0,24,Intel(R) Core(TM) Ultra 9 285K,1,1 x NVIDIA GeForce RTX 5090,9.2986,48.7383,60.81614303588867,machine,0.0,0.0,0.0,0.0,N
gradient_updates_35,2026-09-14T13:40:04,mbpo_HalfCheetah-v5_seed958,8aa0146f-1ae8-4177-bf49-9135e20d95e3,8.178583504999551,0.0001258151268502955,1.538350277448469e-05,24.672367519905894,82.85934537999813,20.0,6.0123676710016616e-05,0.00022470906865600104,4.5434026783333376e-05,0.0003302667721493506,0.0,Germany,DEU,baden-wurttemberg,,,Linux-7.0.0-31-generic-x86_64-with-glibc2.43,3.14.4,3.3.0,24,Intel(R) Core(TM) Ultra 9 285K,1,1 x NVIDIA GeForce RTX 5090,9.2986,48.7383,60.81614303588867,machine,0.0,0.0,0.0,0.0,N
dynamics_model_update_36,2026-09-14T13:40:21,mbpo_HalfCheetah-v5_seed958,8aa0146f-1ae8-4177-bf49-9135e20d95e3,17.1800685219996,0.00022306659512854633,1.2984036182940763e-05,24.684925906123354,82.80580120140462,20.0,0.00013251021045251887,0.00035760056385800154,9.544269761111324e-05,0.0005855534719216328,0.0,Germany,DEU,baden-wurttemberg,,,Linux-7.0.0-31-generic-x86_64-with-glibc2.43,3.14.4,3.3.0,24,Intel(R) Core(TM) Ultra 9 285K,1,1 x NVIDIA GeForce RTX 5090,9.2986,48.7383,60.81614303588867,machine,0.0,0.0,0.0,0.0,N
rollout_36,2026-09-14T13:40:21,mbpo_HalfCheetah-v5_seed958,8aa0146f-1ae8-4177-bf49-9135e20d95e3,0.20666388900008315,2.4033221735749247e-06,1.162879896942511e-05,24.68873538895478,82.68290982273093,20.0,1.4639425600440625e-06,3.698336292004556e-06,1.1464812833361475e-06,6.3087601353852e-06,0.0,Germany,DEU,baden-wurttemberg,,,Linux-7.0.0-31-generic-x86_64-with-glibc2.43,3.14.4,3.3.0,24,Intel(R) Core(TM) Ultra 9 285K,1,1 x NVIDIA GeForce RTX 5090,9.2986,48.7383,60.81614303588867,machine,0.0,0.0,0.0,0.0,N
synthetic_rollout_generation_36,2026-09-14T13:40:21,mbpo_HalfCheetah-v5_seed958,8aa0146f-1ae8-4177-bf49-9135e20d95e3,0.0062840629998390796,3.337913320137359e-08,5.302394988507173e-06,24.68368213976009,82.13169042391273,20.0,5.564365562066298e-08,0.0,3.1977116663785277e-08,8.76207722835809e-08,0.0,Germany,DEU,baden-wurttemberg,,,Linux-7.0.0-31-generic-x86_64-with-glibc2.43,3.14.4,3.3.0,24,Intel(R) Core(TM) Ultra 9 285K,1,1 x NVIDIA GeForce RTX 5090,9.2986,48.7383,60.81614303588867,machine,0.0,0.0,0.0,0.0,N
gradient_updates_36,2026-09-14T13:40:30,mbpo_HalfCheetah-v5_seed958,8aa0146f-1ae8-4177-bf49-9135e20d95e3,8.65295801100001,0.0001284338363111712,1.4842787642786228e-05,24.678808133536418,82.22464006542172,20.0,5.790623965829661e-05,0.00023116046270599266,4.807422508333213e-05,0.00033714092744762184,0.0,Germany,DEU,baden-wurttemberg,,,Linux-7.0.0-31-generic-x86_64-with-glibc2.43,3.14.4,3.3.0,24,Intel(R) Core(TM) Ultra 9 285K,1,1 x NVIDIA GeForce RTX 5090,9.2986,48.7383,60.81614303588867,machine,0.0,0.0,0.0,0.0,N
dynamics_model_update_37,2026-09-14T13:40:42,mbpo_HalfCheetah-v5_seed958,8aa0146f-1ae8-4177-bf49-9135e20d95e3,11.809794720000355,0.0001504190695834403,1.2736779615602556e-05,24.67605924645567,82.17150277281671,20.0,8.601135353124983e-05,0.0002432338056980038,6.560736625555764e-05,0.000394852525484813,0.0,Germany,DEU,baden-wurttemberg,,,Linux-7.0.0-31-generic-x86_64-with-glibc2.43,3.14.4,3.3.0,24,Intel(R) Core(TM) Ultra 9 285K,1,1 x NVIDIA GeForce RTX 5090,9.2986,48.7383,60.81614303588867,machine,0.0,0.0,0.0,0.0,N
rollout_37,2026-09-14T13:40:42,mbpo_HalfCheetah-v5_seed958,8aa0146f-1ae8-4177-bf49-9135e20d95e3,0.20620160199996462,2.4324418253524743e-06,1.1796259203754372e-05,24.68099851060135,82.06540784654973,20.0,1.4710295101541537e-06,3.7708363500033037e-06,1.1433338388895826e-06,6.3851996990466064e-06,0.0,Germany,DEU,baden-wurttemberg,,,Linux-7.0.0-31-generic-x86_64-with-glibc2.43,3.14.4,3.3.0,24,Intel(R) Core(TM) Ultra 9 285K,1,1 x NVIDIA GeForce RTX 5090,9.2986,48.7383,60.81614303588867,machine,0.0,0.0,0.0,0.0,N
synthetic_rollout_generation_37,2026-09-14T13:40:42,mbpo_HalfCheetah-v5_seed958,8aa0146f-1ae8-4177-bf49-9135e20d95e3,0.007469570000466774,3.161460527395521e-08,4.22676284556918e-06,24.645928806404317,81.5325155878059,20.0,5.108281863480668e-08,0.0,3.190603888991034e-08,8.298885752558438e-08,0.0,Germany,DEU,baden-wurttemberg,,,Linux-7.0.0-31-generic-x86_64-with-glibc2.43,3.14.4,3.3.0,24,Intel(R) Core(TM) Ultra 9 285K,1,1 x NVIDIA GeForce RTX 5090,9.2986,48.7383,60.81614303588867,machine,0.0,0.0,0.0,0.0,N
gradient_updates_37,2026-09-14T13:40:50,mbpo_HalfCheetah-v5_seed958,8aa0146f-1ae8-4177-bf49-9135e20d95e3,8.487976151999646,0.0001287093425042414,1.516373608228063e-05,24.61649838342353,81.63089768565656,20.0,6.253288280404917e-05,0.00022817851587599025,4.7152737044441496e-05,0.0003378641357244805,0.0,Germany,DEU,baden-wurttemberg,,,Linux-7.0.0-31-generic-x86_64-with-glibc2.43,3.14.4,3.3.0,24,Intel(R) Core(TM) Ultra 9 285K,1,1 x NVIDIA GeForce RTX 5090,9.2986,48.7383,60.81614303588867,machine,0.0,0.0,0.0,0.0,N
dynamics_model_update_38,2026-09-14T13:40:56,mbpo_HalfCheetah-v5_seed958,8aa0146f-1ae8-4177-bf49-9135e20d95e3,5.984007168000062,7.94295381861855e-05,1.3273649788289305e-05,24.633202422312632,81.5863253028168,20.0,5.1138605633070655e-05,0.0001241239881880074,3.324124706666426e-05,0.00020850384088774362,0.0,Germany,DEU,baden-wurttemberg,,,Linux-7.0.0-31-generic-x86_64-with-glibc2.43,3.14.4,3.3.0,24,Intel(R) Core(TM) Ultra 9 285K,1,1 x NVIDIA GeForce RTX 5090,9.2986,48.7383,60.81614303588867,machine,0.0,0.0,0.0,0.0,N
rollout_38,2026-09-14T13:40:57,mbpo_HalfCheetah-v5_seed958,8aa0146f-1ae8-4177-bf49-9135e20d95e3,0.20236642800045956,2.551889259265125e-06,1.261019698583215e-05,24.692172833477198,81.48135146627583,20.0,1.924299594995016e-06,3.6527806999975265e-06,1.121670877773668e-06,6.698751172765777e-06,0.0,Germany,DEU,baden-wurttemberg,,,Linux-7.0.0-31-generic-x86_64-with-glibc2.43,3.14.4,3.3.0,24,Intel(R) Core(TM) Ultra 9 285K,1,1 x NVIDIA GeForce RTX 5090,9.2986,48.7383,60.81614303588867,machine,0.0,0.0,0.0,0.0,N
synthetic_rollout_generation_38,2026-09-14T13:40:57,mbpo_HalfCheetah-v5_seed958,8aa0146f-1ae8-4177-bf49-9135e20d95e3,0.006037892000676948,3.13872563321993e-08,5.191839669037751e-06,24.678975346792146,80.96564671016016,20.0,5.0760873934740935e-08,0.0,3.163118888864502e-08,8.239206282165124e-08,0.0,Germany,DEU,baden-wurttemberg,,,Linux-7.0.0-31-generic-x86_64-with-glibc2.43,3.14.4,3.3.0,24,Intel(R) Core(TM) Ultra 9 285K,1,1 x NVIDIA GeForce RTX 5090,9.2986,48.7383,60.81614303588867,machine,0.0,0.0,0.0,0.0,N
gradient_updates_38,2026-09-14T13:41:05,mbpo_HalfCheetah-v5_seed958,8aa0146f-1ae8-4177-bf49-9135e20d95e3,8.662016854000285,0.00012962015611545953,1.4964219774571215e-05,24.667405528508368,81.06469201338722,20.0,5.944135588638322e-05,0.0002326940750440043,4.811960546666737e-05,0.0003402550363970566,0.0,Germany,DEU,baden-wurttemberg,,,Linux-7.0.0-31-generic-x86_64-with-glibc2.43,3.14.4,3.3.0,24,Intel(R) Core(TM) Ultra 9 285K,1,1 x NVIDIA GeForce RTX 5090,9.2986,48.7383,60.81614303588867,machine,0.0,0.0,0.0,0.0,N
dynamics_model_update_39,2026-09-14T13:41:24,mbpo_HalfCheetah-v5_seed958,8aa0146f-1ae8-4177-bf49-9135e20d95e3,18.219788547999997,0.00022737988609497842,1.2479816246901548e-05,24.66756379148886,81.0163934330582,20.0,0.00012446053540168117,0.00037118779694998716,0.00010122759912221946,0.0005968759314738878,0.0,Germany,DEU,baden-wurttemberg,,,Linux-7.0.0-31-generic-x86_64-with-glibc2.43,3.14.4,3.3.0,24,Intel(R) Core(TM) Ultra 9 285K,1,1 x NVIDIA GeForce RTX 5090,9.2986,48.7383,60.81614303588867,machine,0.0,0.0,0.0,0.0,N
rollout_39,2026-09-14T13:41:24,mbpo_HalfCheetah-v5_seed958,8aa0146f-1ae8-4177-bf49-9135e20d95e3,0.2093098249997638,2.468133879399148e-06,1.1791259211404537e-05,24.67578515555719,80.91876725160758,20.0,1.5258931651621066e-06,3.7919474780018225e-06,1.1610512833308377e-06,6.4788919264952005e-06,0.0,Germany,DEU,baden-wurttemberg,,,Linux-7.0.0-31-generic-x86_64-with-glibc2.43,3.14.4,3.3.0,24,Intel(R) Core(TM) Ultra 9 285K,1,1 x NVIDIA GeForce RTX 5090,9.2986,48.7383,60.81614303588867,machine,0.0,0.0,0.0,0.0,N
synthetic_rollout_generation_39,2026-09-14T13:41:24,mbpo_HalfCheetah-v5_seed958,8aa0146f-1ae8-4177-bf49-9135e20d95e3,0.006060986000193225,3.007175449799837e-08,4.9532588380152665e-06,24.652588208714118,80.41926868832606,20.0,4.726837114082949e-08,0.0,3.167047778153062e-08,7.893884892279379e-08,0.0,Germany,DEU,baden-wurttemberg,,,Linux-7.0.0-31-generic-x86_64-with-glibc2.43,3.14.4,3.3.0,24,Intel(R) Core(TM) Ultra 9 285K,1,1 x NVIDIA GeForce RTX 5090,9.2986,48.7383,60.81614303588867,machine,0.0,0.0,0.0,0.0,N
gradient_updates_39,2026-09-14T13:41:32,mbpo_HalfCheetah-v5_seed958,8aa0146f-1ae8-4177-bf49-9135e20d95e3,8.591867803999776,0.00012784185792819557,1.4879421856328655e-05,24.63225360915296,80.51431762549517,20.0,5.8961840780552555e-05,0.00022889546089399637,4.7729672805553285e-05,0.0003355869744801031,0.0,Germany,DEU,baden-wurttemberg,,,Linux-7.0.0-31-generic-x86_64-with-glibc2.43,3.14.4,3.3.0,24,Intel(R) Core(TM) Ultra 9 285K,1,1 x NVIDIA GeForce RTX 5090,9.2986,48.7383,60.81614303588867,machine,0.0,0.0,0.0,0.0,N
dynamics_model_update_40,2026-09-14T13:41:38,mbpo_HalfCheetah-v5_seed958,8aa0146f-1ae8-4177-bf49-9135e20d95e3,5.387296184000661,7.06962890709012e-05,1.3122772345766622e-05,24.637170138279135,80.47963808359835,20.0,4.3631159071563785e-05,0.00011200981183001613,2.9937947777777113e-05,0.00018557891867935702,0.0,Germany,DEU,baden-wurttemberg,,,Linux-7.0.0-31-generic-x86_64-with-glibc2.43,3.14.4,3.3.0,24,Intel(R) Core(TM) Ultra 9 285K,1,1 x NVIDIA GeForce RTX 5090,9.2986,48.7383,60.81614303588867,machine,0.0,0.0,0.0,0.0,N
rollout_40,2026-09-14T13:41:38,mbpo_HalfCheetah-v5_seed958,8aa0146f-1ae8-4177-bf49-9135e20d95e3,0.20635402300013084,2.4453581843747463e-06,1.1850082200509191e-05,24.649742255319058,80.38681609886162,20.0,1.5461873480587807e-06,3.7288918720013164e-06,1.1440261333318415e-06,6.41910535339324e-06,0.0,Germany,DEU,baden-wurttemberg,,,Linux-7.0.0-31-generic-x86_64-with-glibc2.43,3.14.4,3.3.0,24,Intel(R) Core(TM) Ultra 9 285K,1,1 x NVIDIA GeForce RTX 5090,9.2986,48.7383,60.81614303588867,machine,0.0,0.0,0.0,0.0,N
synthetic_rollout_generation_40,2026-09-14T13:41:38,mbpo_HalfCheetah-v5_seed958,8aa0146f-1ae8-4177-bf49-9135e20d95e3,0.006016226000610914,3.29253371875865e-08,5.4619995023376244e-06,24.617684195801925,79.90255817055522,20.0,4.899753919263006e-08,0.0,3.743201111008551e-08,8.642955030141453e-08,0.0,Germany,DEU,baden-wurttemberg,,,Linux-7.0.0-31-generic-x86_64-with-glibc2.43,3.14.4,3.3.0,24,Intel(R) Core(TM) Ultra 9 285K,1,1 x NVIDIA GeForce RTX 5090,9.2986,48.7383,60.81614303588867,machine,0.0,0.0,0.0,0.0,N
gradient_updates_40,2026-09-14T13:41:47,mbpo_HalfCheetah-v5_seed958,8aa0146f-1ae8-4177-bf49-9135e20d95e3,8.586655920999874,0.00012759367570194628,1.485955013842808e-05,24.589598262375752,79.99715137400533,20.0,5.897808301576907e-05,0.00022825546038199307,4.770194866667021e-05,0.00033493549206443235,0.0,Germany,DEU,baden-wurttemberg,,,Linux-7.0.0-31-generic-x86_64-with-glibc2.43,3.14.4,3.3.0,24,Intel(R) Core(TM) Ultra 9 285K,1,1 x NVIDIA GeForce RTX 5090,9.2986,48.7383,60.81614303588867,machine,0.0,0.0,0.0,0.0,N
dynamics_model_update_41,2026-09-14T13:42:02,mbpo_HalfCheetah-v5_seed958,8aa0146f-1ae8-4177-bf49-9135e20d95e3,15.597330654999496,0.0001999438199171196,1.2819086925626267e-05,24.591343957913782,79.96044863075677,20.0,0.00011833192133212794,0.0003198741447879988,8.664974151110973e-05,0.0005248558076312373,0.0,Germany,DEU,baden-wurttemberg,,,Linux-7.0.0-31-generic-x86_64-with-glibc2.43,3.14.4,3.3.0,24,Intel(R) Core(TM) Ultra 9 285K,1,1 x NVIDIA GeForce RTX 5090,9.2986,48.7383,60.81614303588867,machine,0.0,0.0,0.0,0.0,N
rollout_41,2026-09-14T13:42:02,mbpo_HalfCheetah-v5_seed958,8aa0146f-1ae8-4177-bf49-9135e20d95e3,0.20892572199954884,2.4318831098150973e-06,1.1639996924149886e-05,24.599468041448944,79.86038976344221,20.0,1.5330987264833285e-06,3.6827807240041865e-06,1.1678536111100167e-06,6.383733061596231e-06,0.0,Germany,DEU,baden-wurttemberg,,,Linux-7.0.0-31-generic-x86_64-with-glibc2.43,3.14.4,3.3.0,24,Intel(R) Core(TM) Ultra 9 285K,1,1 x NVIDIA GeForce RTX 5090,9.2986,48.7383,60.81614303588867,machine,0.0,0.0,0.0,0.0,N
synthetic_rollout_generation_41,2026-09-14T13:42:02,mbpo_HalfCheetah-v5_seed958,8aa0146f-1ae8-4177-bf49-9135e20d95e3,0.006390489000295929,3.2178423557682745e-08,5.029911865707378e-06,24.579104430766993,79.39062276483372,20.0,4.9709761994198853e-08,0.0,3.475912777614956e-08,8.446888977164946e-08,0.0,Germany,DEU,baden-wurttemberg,,,Linux-7.0.0-31-generic-x86_64-with-glibc2.43,3.14.4,3.3.0,24,Intel(R) Core(TM) Ultra 9 285K,1,1 x NVIDIA GeForce RTX 5090,9.2986,48.7383,60.81614303588867,machine,0.0,0.0,0.0,0.0,N
gradient_updates_41,2026-09-14T13:42:11,mbpo_HalfCheetah-v5_seed958,8aa0146f-1ae8-4177-bf49-9135e20d95e3,8.545271233000676,0.00012781347366003226,1.495723535093374e-05,24.561585010811886,79.488906743952,20.0,5.970846915561573e-05,0.00022833268266599094,4.7471313488889246e-05,0.0003355124653104946,0.0,Germany,DEU,baden-wurttemberg,,,Linux-7.0.0-31-generic-x86_64-with-glibc2.43,3.14.4,3.3.0,24,Intel(R) Core(TM) Ultra 9 285K,1,1 x NVIDIA GeForce RTX 5090,9.2986,48.7383,60.81614303588867,machine,0.0,0.0,0.0,0.0,N
dynamics_model_update_42,2026-09-14T13:42:21,mbpo_HalfCheetah-v5_seed958,8aa0146f-1ae8-4177-bf49-9135e20d95e3,10.40333726300014,0.00013149967633321186,1.2640142714618822e-05,24.565440761937168,79.45385043141887,20.0,7.511902203960474e-05,0.00021227600315401607,5.7793782611108725e-05,0.0003451888078047291,0.0,Germany,DEU,baden-wurttemberg,,,Linux-7.0.0-31-generic-x86_64-with-glibc2.43,3.14.4,3.3.0,24,Intel(R) Core(TM) Ultra 9 285K,1,1 x NVIDIA GeForce RTX 5090,9.2986,48.7383,60.81614303588867,machine,0.0,0.0,0.0,0.0,N
rollout_42,2026-09-14T13:42:22,mbpo_HalfCheetah-v5_seed958,8aa0146f-1ae8-4177-bf49-9135e20d95e3,0.20711942200068734,2.403485640730535e-06,1.1603833743860188e-05,24.577300357494586,79.35811089800806,20.0,1.5464076260213178e-06,3.613891779996603e-06,1.1488898333331804e-06,6.3091892393493665e-06,0.0,Germany,DEU,baden-wurttemberg,,,Linux-7.0.0-31-generic-x86_64-with-glibc2.43,3.14.4,3.3.0,24,Intel(R) Core(TM) Ultra 9 285K,1,1 x NVIDIA GeForce RTX 5090,9.2986,48.7383,60.81614303588867,machine,0.0,0.0,0.0,0.0,N
synthetic_rollout_generation_42,2026-09-14T13:42:22,mbpo_HalfCheetah-v5_seed958,8aa0146f-1ae8-4177-bf49-9135e20d95e3,0.006581849000212969,3.306445689986448e-08,5.015797313263833e-06,24.561248475236557,78.90202980089308,20.0,5.2286708497606416e-08,0.0,3.450803333186758e-08,8.679474182773927e-08,0.0,Germany,DEU,baden-wurttemberg,,,Linux-7.0.0-31-generic-x86_64-with-glibc2.43,3.14.4,3.3.0,24,Intel(R) Core(TM) Ultra 9 285K,1,1 x NVIDIA GeForce RTX 5090,9.2986,48.7383,60.81614303588867,machine,0.0,0.0,0.0,0.0,N
gradient_updates_42,2026-09-14T13:42:30,mbpo_HalfCheetah-v5_seed958,8aa0146f-1ae8-4177-bf49-9135e20d95e3,8.781219682000483,0.00012790815015209685,1.4566131972563783e-05,24.546397168154087,78.98981700747947,20.0,5.705715731235683e-05,0.000229922128381993,4.878170696110849e-05,0.00033576099265545875,0.0,Germany,DEU,baden-wurttemberg,,,Linux-7.0.0-31-generic-x86_64-with-glibc2.43,3.14.4,3.3.0,24,Intel(R) Core(TM) Ultra 9 285K,1,1 x NVIDIA GeForce RTX 5090,9.2986,48.7383,60.81614303588867,machine,0.0,0.0,0.0,0.0,N
dynamics_model_update_43,2026-09-14T13:43:28,mbpo_HalfCheetah-v5_seed958,8aa0146f-1ae8-4177-bf49-9135e20d95e3,58.05583917599961,0.0007475308649186416,1.2876062696493506e-05,24.540300620139668,78.95663961029169,20.0,0.00046008691140256297,0.0011796639992859986,0.0003225298739777775,0.001962280784666339,0.0,Germany,DEU,baden-wurttemberg,,,Linux-7.0.0-31-generic-x86_64-with-glibc2.43,3.14.4,3.3.0,24,Intel(R) Core(TM) Ultra 9 285K,1,1 x NVIDIA GeForce RTX 5090,9.2986,48.7383,60.81614303588867,machine,0.0,0.0,0.0,0.0,N
rollout_43,2026-09-14T13:43:29,mbpo_HalfCheetah-v5_seed958,8aa0146f-1ae8-4177-bf49-9135e20d95e3,0.21144572199955292,2.395062299459516e-06,1.132657414765347e-05,24.548691720470636,78.85448343825485,20.0,1.5434579014317329e-06,3.570836190000537e-06,1.1727837388860948e-06,6.287077830319232e-06,0.0,Germany,DEU,baden-wurttemberg,,,Linux-7.0.0-31-generic-x86_64-with-glibc2.43,3.14.4,3.3.0,24,Intel(R) Core(TM) Ultra 9 285K,1,1 x NVIDIA GeForce RTX 5090,9.2986,48.7383,60.81614303588867,machine,0.0,0.0,0.0,0.0,N
synthetic_rollout_generation_43,2026-09-14T13:43:29,mbpo_HalfCheetah-v5_seed958,8aa0146f-1ae8-4177-bf49-9135e20d95e3,0.00812424900050246,3.9369893444288206e-08,4.839913430529449e-06,24.547449496278965,78.41148072230959,20.0,6.886783287390896e-08,0.0,3.4478783330141316e-08,1.03346616205785e-07,0.0,Germany,DEU,baden-wurttemberg,,,Linux-7.0.0-31-generic-x86_64-with-glibc2.43,3.14.4,3.3.0,24,Intel(R) Core(TM) Ultra 9 285K,1,1 x NVIDIA GeForce RTX 5090,9.2986,48.7383,60.81614303588867,machine,0.0,0.0,0.0,0.0,N
gradient_updates_43,2026-09-14T13:43:37,mbpo_HalfCheetah-v5_seed958,8aa0146f-1ae8-4177-bf49-9135e20d95e3,8.737327255999844,0.00012660857113777103,1.4490568715815296e-05,24.545557978897342,78.49676810498956,20.0,5.646357461527168e-05,0.00022734823743400523,4.853776437222304e-05,0.00033234957642149995,0.0,Germany,DEU,baden-wurttemberg,,,Linux-7.0.0-31-generic-x86_64-with-glibc2.43,3.14.4,3.3.0,24,Intel(R) Core(TM) Ultra 9 285K,1,1 x NVIDIA GeForce RTX 5090,9.2986,48.7383,60.81614303588867,machine,0.0,0.0,0.0,0.0,N
dynamics_model_update_44,2026-09-14T13:44:02,mbpo_HalfCheetah-v5_seed958,8aa0146f-1ae8-4177-bf49-9135e20d95e3,24.463203664000503,0.0003137910165112393,1.2827063931836097e-05,24.539489567251426,78.4668160590058,20.0,0.00019103383671583568,0.0004967684529699895,0.00013590427682221799,0.0008237065665080423,0.0,Germany,DEU,baden-wurttemberg,,,Linux-7.0.0-31-generic-x86_64-with-glibc2.43,3.14.4,3.3.0,24,Intel(R) Core(TM) Ultra 9 285K,1,1 x NVIDIA GeForce RTX 5090,9.2986,48.7383,60.81614303588867,machine,0.0,0.0,0.0,0.0,N
rollout_44,2026-09-14T13:44:02,mbpo_HalfCheetah-v5_seed958,8aa0146f-1ae8-4177-bf49-9135e20d95e3,0.1994676670001354,2.498419149073172e-06,1.2525035273047078e-05,24.585367244092545,78.39418991342069,20.0,1.838375637365497e-06,3.613891780010481e-06,1.1061238388869118e-06,6.558391256263757e-06,0.0,Germany,DEU,baden-wurttemberg,,,Linux-7.0.0-31-generic-x86_64-with-glibc2.43,3.14.4,3.3.0,24,Intel(R) Core(TM) Ultra 9 285K,1,1 x NVIDIA GeForce RTX 5090,9.2986,48.7383,60.81614303588867,machine,0.0,0.0,0.0,0.0,N
synthetic_rollout_generation_44,2026-09-14T13:44:02,mbpo_HalfCheetah-v5_seed958,8aa0146f-1ae8-4177-bf49-9135e20d95e3,0.0064933220000966685,3.212557323460652e-08,4.940339940432025e-06,24.56671787411384,77.9634526062041,20.0,5.0167262358180587e-08,0.0,3.416289444738152e-08,8.43301568055621e-08,0.0,Germany,DEU,baden-wurttemberg,,,Linux-7.0.0-31-generic-x86_64-with-glibc2.43,3.14.4,3.3.0,24,Intel(R) Core(TM) Ultra 9 285K,1,1 x NVIDIA GeForce RTX 5090,9.2986,48.7383,60.81614303588867,machine,0.0,0.0,0.0,0.0,N
gradient_updates_44,2026-09-14T13:44:10,mbpo_HalfCheetah-v5_seed958,8aa0146f-1ae8-4177-bf49-9135e20d95e3,8.132810586000232,0.00012137830202708574,1.4924537876273941e-05,24.55073621214004,78.06084955703216,20.0,5.705517369965912e-05,0.00021638489532999072,4.517996516666383e-05,0.00031862003419631454,0.0,Germany,DEU,baden-wurttemberg,,,Linux-7.0.0-31-generic-x86_64-with-glibc2.43,3.14.4,3.3.0,24,Intel(R) Core(TM) Ultra 9 285K,1,1 x NVIDIA GeForce RTX 5090,9.2986,48.7383,60.81614303588867,machine,0.0,0.0,0.0,0.0,N
dynamics_model_update_45,2026-09-14T13:44:22,mbpo_HalfCheetah-v5_seed958,8aa0146f-1ae8-4177-bf49-9135e20d95e3,11.98966463600027,0.00014755728621528193,1.2307016870819782e-05,24.55464552168937,78.02139494686584,20.0,8.493862878417718e-05,0.00023579463308001647,6.660703532777694e-05,0.0003873402971919723,0.0,Germany,DEU,baden-wurttemberg,,,Linux-7.0.0-31-generic-x86_64-with-glibc2.43,3.14.4,3.3.0,24,Intel(R) Core(TM) Ultra 9 285K,1,1 x NVIDIA GeForce RTX 5090,9.2986,48.7383,60.81614303588867,machine,0.0,0.0,0.0,0.0,N
rollout_45,2026-09-14T13:44:22,mbpo_HalfCheetah-v5_seed958,8aa0146f-1ae8-4177-bf49-9135e20d95e3,0.2010076050000862,2.5472797456557728e-06,1.267181132959411e-05,24.599942500035876,77.95962343295531,20.0,1.857686486146648e-06,3.7138918599910475e-06,1.115072777778045e-06,6.686651123914006e-06,0.0,Germany,DEU,baden-wurttemberg,,,Linux-7.0.0-31-generic-x86_64-with-glibc2.43,3.14.4,3.3.0,24,Intel(R) Core(TM) Ultra 9 285K,1,1 x NVIDIA GeForce RTX 5090,9.2986,48.7383,60.81614303588867,machine,0.0,0.0,0.0,0.0,N
synthetic_rollout_generation_45,2026-09-14T13:44:22,mbpo_HalfCheetah-v5_seed958,8aa0146f-1ae8-4177-bf49-9135e20d95e3,0.007972358999722928,3.697238919013468e-08,4.6330757410888586e-06,24.589521118803205,77.54048567256308,20.0,6.303560598497349e-08,0.0,3.401752222357418e-08,9.70531282076803e-08,0.0,Germany,DEU,baden-wurttemberg,,,Linux-7.0.0-31-generic-x86_64-with-glibc2.43,3.14.4,3.3.0,24,Intel(R) Core(TM) Ultra 9 285K,1,1 x NVIDIA GeForce RTX 5090,9.2986,48.7383,60.81614303588867,machine,0.0,0.0,0.0,0.0,N
gradient_updates_45,2026-09-14T13:44:31,mbpo_HalfCheetah-v5_seed958,8aa0146f-1ae8-4177-bf49-9135e20d95e3,8.5252117,0.00012751933631934692,1.4957922772336633e-05,24.581684396867196,77.6313292293174,20.0,6.353716360747025e-05,0.00022384351240800626,4.735967394999506e-05,0.0003347403499654733,0.0,Germany,DEU,baden-wurttemberg,,,Linux-7.0.0-31-generic-x86_64-with-glibc2.43,3.14.4,3.3.0,24,Intel(R) Core(TM) Ultra 9 285K,1,1 x NVIDIA GeForce RTX 5090,9.2986,48.7383,60.81614303588867,machine,0.0,0.0,0.0,0.0,N
dynamics_model_update_46,2026-09-14T13:44:37,mbpo_HalfCheetah-v5_seed958,8aa0146f-1ae8-4177-bf49-9135e20d95e3,6.03324382000028,7.81776606838605e-05,1.2957819603677046e-05,24.596347960347266,77.60148260247556,20.0,5.100734636140358e-05,0.00012069398544399534,3.351631009999856e-05,0.00020521764190539749,0.0,Germany,DEU,baden-wurttemberg,,,Linux-7.0.0-31-generic-x86_64-with-glibc2.43,3.14.4,3.3.0,24,Intel(R) Core(TM) Ultra 9 285K,1,1 x NVIDIA GeForce RTX 5090,9.2986,48.7383,60.81614303588867,machine,0.0,0.0,0.0,0.0,N
rollout_46,2026-09-14T13:44:37,mbpo_HalfCheetah-v5_seed958,8aa0146f-1ae8-4177-bf49-9135e20d95e3,0.20677249299933464,2.4169254707554627e-06,1.1688518369098877e-05,24.60659991365822,77.52836803445788,20.0,1.539015953434808e-06,3.658614038004604e-06,1.1468390222237057e-06,6.344469013663118e-06,0.0,Germany,DEU,baden-wurttemberg,,,Linux-7.0.0-31-generic-x86_64-with-glibc2.43,3.14.4,3.3.0,24,Intel(R) Core(TM) Ultra 9 285K,1,1 x NVIDIA GeForce RTX 5090,9.2986,48.7383,60.81614303588867,machine,0.0,0.0,0.0,0.0,N
synthetic_rollout_generation_46,2026-09-14T13:44:37,mbpo_HalfCheetah-v5_seed958,8aa0146f-1ae8-4177-bf49-9135e20d95e3,0.00667224399967381,3.797683636314053e-08,5.6828522282704485e-06,24.617658671755645,77.12032399217127,20.0,6.479894073402326e-08,0.0,3.4890877779851504e-08,9.968981851474212e-08,0.0,Germany,DEU,baden-wurttemberg,,,Linux-7.0.0-31-generic-x86_64-with-glibc2.43,3.14.4,3.3.0,24,Intel(R) Core(TM) Ultra 9 285K,1,1 x NVIDIA GeForce RTX 5090,9.2986,48.7383,60.81614303588867,machine,0.0,0.0,0.0,0.0,N
gradient_updates_46,2026-09-14T13:44:46,mbpo_HalfCheetah-v5_seed958,8aa0146f-1ae8-4177-bf49-9135e20d95e3,8.530357691000063,0.00012616339117167176,1.4789958886784221e-05,24.62853624826486,77.20435991504168,20.0,6.30331837598308e-05,0.00022076017660799252,4.738761133888953e-05,0.000331180971706712,0.0,Germany,DEU,baden-wurttemberg,,,Linux-7.0.0-31-generic-x86_64-with-glibc2.43,3.14.4,3.3.0,24,Intel(R) Core(TM) Ultra 9 285K,1,1 x NVIDIA GeForce RTX 5090,9.2986,48.7383,60.81614303588867,machine,0.0,0.0,0.0,0.0,N
dynamics_model_update_47,2026-09-14T13:44:52,mbpo_HalfCheetah-v5_seed958,8aa0146f-1ae8-4177-bf49-9135e20d95e3,6.186753903999488,7.9162811543982e-05,1.2795488196962657e-05,24.64106209763906,77.17336039664822,20.0,5.099247773839022e-05,0.0001224428757320012,3.436832560555544e-05,0.0002078036790759477,0.0,Germany,DEU,baden-wurttemberg,,,Linux-7.0.0-31-generic-x86_64-with-glibc2.43,3.14.4,3.3.0,24,Intel(R) Core(TM) Ultra 9 285K,1,1 x NVIDIA GeForce RTX 5090,9.2986,48.7383,60.81614303588867,machine,0.0,0.0,0.0,0.0,N
rollout_47,2026-09-14T13:44:52,mbpo_HalfCheetah-v5_seed958,8aa0146f-1ae8-4177-bf49-9135e20d95e3,0.21017511899935926,3.118512659361014e-06,1.483841403544879e-05,24.649078536834878,77.26030465611552,20.0,1.54337290136225e-06,5.477226603989305e-06,1.1655473888877096e-06,8.186146894240132e-06,0.0,Germany,DEU,baden-wurttemberg,,,Linux-7.0.0-31-generic-x86_64-with-glibc2.43,3.14.4,3.3.0,24,Intel(R) Core(TM) Ultra 9 285K,1,1 x NVIDIA GeForce RTX 5090,9.2986,48.7383,60.81614303588867,machine,0.0,0.0,0.0,0.0,N
synthetic_rollout_generation_47,2026-09-14T13:44:52,mbpo_HalfCheetah-v5_seed958,8aa0146f-1ae8-4177-bf49-9135e20d95e3,0.006563378000464581,3.414494195545792e-08,5.193252905197489e-06,24.63944967018249,76.86205566304275,20.0,5.493171061077273e-08,0.0,3.4699322218507966e-08,8.963103282841334e-08,0.0,Germany,DEU,baden-wurttemberg,,,Linux-7.0.0-31-generic-x86_64-with-glibc2.43,3.14.4,3.3.0,24,Intel(R) Core(TM) Ultra 9 285K,1,1 x NVIDIA GeForce RTX 5090,9.2986,48.7383,60.81614303588867,machine,0.0,0.0,0.0,0.0,N
gradient_updates_47,2026-09-14T13:45:00,mbpo_HalfCheetah-v5_seed958,8aa0146f-1ae8-4177-bf49-9135e20d95e3,8.194612250999853,0.00012110659415877183,1.4778822750429324e-05,24.630625403449276,76.9583496675357,20.0,5.468923486245947e-05,0.00021769406304401884,4.5523498677776594e-05,0.00031790679658425663,0.0,Germany,DEU,baden-wurttemberg,,,Linux-7.0.0-31-generic-x86_64-with-glibc2.43,3.14.4,3.3.0,24,Intel(R) Core(TM) Ultra 9 285K,1,1 x NVIDIA GeForce RTX 5090,9.2986,48.7383,60.81614303588867,machine,0.0,0.0,0.0,0.0,N
dynamics_model_update_48,2026-09-14T13:45:15,mbpo_HalfCheetah-v5_seed958,8aa0146f-1ae8-4177-bf49-9135e20d95e3,14.27455626200026,0.00016961772806159923,1.188252519392595e-05,24.62697889711157,76.92197504099465,20.0,8.907388903683228e-05,0.0002768749437219997,7.93004862111096e-05,0.00044524931896994246,0.0,Germany,DEU,baden-wurttemberg,,,Linux-7.0.0-31-generic-x86_64-with-glibc2.43,3.14.4,3.3.0,24,Intel(R) Core(TM) Ultra 9 285K,1,1 x NVIDIA GeForce RTX 5090,9.2986,48.7383,60.81614303588867,machine,0.0,0.0,0.0,0.0,N
rollout_48,2026-09-14T13:45:15,mbpo_HalfCheetah-v5_seed958,8aa0146f-1ae8-4177-bf49-9135e20d95e3,0.20597804000044562,2.4336812812185415e-06,1.1814509852166792e-05,24.635019423643023,76.86289928078493,20.0,1.5146356561537844e-06,3.731114095989474e-06,1.1427035388903231e-06,6.388453291032714e-06,0.0,Germany,DEU,baden-wurttemberg,,,Linux-7.0.0-31-generic-x86_64-with-glibc2.43,3.14.4,3.3.0,24,Intel(R) Core(TM) Ultra 9 285K,1,1 x NVIDIA GeForce RTX 5090,9.2986,48.7383,60.81614303588867,machine,0.0,0.0,0.0,0.0,N
synthetic_rollout_generation_48,2026-09-14T13:45:15,mbpo_HalfCheetah-v5_seed958,8aa0146f-1ae8-4177-bf49-9135e20d95e3,0.007453188999534177,6.89894862428847e-07,9.245815931238283e-05,24.624510515374997,81.49547144969654,20.0,5.954310318412315e-08,1.717223596015005e-06,3.421863333571279e-08,1.8109853325357084e-06,0.0,Germany,DEU,baden-wurttemberg,,,Linux-7.0.0-31-generic-x86_64-with-glibc2.43,3.14.4,3.3.0,24,Intel(R) Core(TM) Ultra 9 285K,1,1 x NVIDIA GeForce RTX 5090,9.2986,48.7383,60.81614303588867,machine,0.0,0.0,0.0,0.0,N
gradient_updates_48,2026-09-14T13:45:23,mbpo_HalfCheetah-v5_seed958,8aa0146f-1ae8-4177-bf49-9135e20d95e3,8.040860711999812,0.00012050624612280902,1.4986754094002235e-05,24.615821744593866,81.56835519790818,20.0,5.724963802189453e-05,0.00021441211597399146,4.4669119144444096e-05,0.00031633087314033095,0.0,Germany,DEU,baden-wurttemberg,,,Linux-7.0.0-31-generic-x86_64-with-glibc2.43,3.14.4,3.3.0,24,Intel(R) Core(TM) Ultra 9 285K,1,1 x NVIDIA GeForce RTX 5090,9.2986,48.7383,60.81614303588867,machine,0.0,0.0,0.0,0.0,N
dynamics_model_update_49,2026-09-14T13:45:31,mbpo_HalfCheetah-v5_seed958,8aa0146f-1ae8-4177-bf49-9135e20d95e3,7.976548534999893,9.476804668589502e-05,1.1880808207023165e-05,24.618581861670613,81.51204626212177,20.0,4.86867261715665e-05,0.00015576984683800255,4.431110433888996e-05,0.000248767677348459,0.0,Germany,DEU,baden-wurttemberg,,,Linux-7.0.0-31-generic-x86_64-with-glibc2.43,3.14.4,3.3.0,24,Intel(R) Core(TM) Ultra 9 285K,1,1 x NVIDIA GeForce RTX 5090,9.2986,48.7383,60.81614303588867,machine,0.0,0.0,0.0,0.0,N
rollout_49,2026-09-14T13:45:31,mbpo_HalfCheetah-v5_seed958,8aa0146f-1ae8-4177-bf49-9135e20d95e3,0.2064837460002309,2.389795545097023e-06,1.1573970715584282e-05,24.626982870453837,81.4196651578023,20.0,1.5235364966073583e-06,3.6047251059934116e-06,1.1449909111081735e-06,6.2732525137089434e-06,0.0,Germany,DEU,baden-wurttemberg,,,Linux-7.0.0-31-generic-x86_64-with-glibc2.43,3.14.4,3.3.0,24,Intel(R) Core(TM) Ultra 9 285K,1,1 x NVIDIA GeForce RTX 5090,9.2986,48.7383,60.81614303588867,machine,0.0,0.0,0.0,0.0,N
synthetic_rollout_generation_49,2026-09-14T13:45:31,mbpo_HalfCheetah-v5_seed958,8aa0146f-1ae8-4177-bf49-9135e20d95e3,0.006591465999918,3.460655217425723e-08,5.242289904002409e-06,24.620800504228402,81.01659750850625,20.0,5.625393389302458e-08,0.0,3.458883333137125e-08,9.084276722526319e-08,0.0,Germany,DEU,baden-wurttemberg,,,Linux-7.0.0-31-generic-x86_64-with-glibc2.43,3.14.4,3.3.0,24,Intel(R) Core(TM) Ultra 9 285K,1,1 x NVIDIA GeForce RTX 5090,9.2986,48.7383,60.81614303588867,machine,0.0,0.0,0.0,0.0,N
gradient_updates_49,2026-09-14T13:45:39,mbpo_HalfCheetah-v5_seed958,8aa0146f-1ae8-4177-bf49-9135e20d95e3,8.026584751999508,0.00011973058960609156,1.4916766337679545e-05,24.615609172877786,81.0898446681588,20.0,5.5927042519367254e-05,0.00021377794879999523,4.458977073889224e-05,0.000314294762058253,0.0,Germany,DEU,baden-wurttemberg,,,Linux-7.0.0-31-generic-x86_64-with-glibc2.43,3.14.4,3.3.0,24,Intel(R) Core(TM) Ultra 9 285K,1,1 x NVIDIA GeForce RTX 5090,9.2986,48.7383,60.81614303588867,machine,0.0,0.0,0.0,0.0,N
dynamics_model_update_50,2026-09-14T13:45:50,mbpo_HalfCheetah-v5_seed958,8aa0146f-1ae8-4177-bf49-9135e20d95e3,10.67671868799971,0.00013155220559881407,1.2321410218915876e-05,24.618160232625105,81.03898569298528,20.0,7.629820214962585e-05,0.0002097157233280078,5.9312772511112104e-05,0.0003453266979887501,0.0,Germany,DEU,baden-wurttemberg,,,Linux-7.0.0-31-generic-x86_64-with-glibc2.43,3.14.4,3.3.0,24,Intel(R) Core(TM) Ultra 9 285K,1,1 x NVIDIA GeForce RTX 5090,9.2986,48.7383,60.81614303588867,machine,0.0,0.0,0.0,0.0,N
rollout_50,2026-09-14T13:45:50,mbpo_HalfCheetah-v5_seed958,8aa0146f-1ae8-4177-bf49-9135e20d95e3,0.2076949769998464,2.3705932283256403e-06,1.1413758219494154e-05,24.621475820965774,80.95038241944073,20.0,1.473657290036734e-06,3.6033362159904048e-06,1.145852611115529e-06,6.2228461171418e-06,0.0,Germany,DEU,baden-wurttemberg,,,Linux-7.0.0-31-generic-x86_64-with-glibc2.43,3.14.4,3.3.0,24,Intel(R) Core(TM) Ultra 9 285K,1,1 x NVIDIA GeForce RTX 5090,9.2986,48.7383,60.81614303588867,machine,0.0,0.0,0.0,0.0,N
synthetic_rollout_generation_50,2026-09-14T13:45:50,mbpo_HalfCheetah-v5_seed958,8aa0146f-1ae8-4177-bf49-9135e20d95e3,0.006507871999929193,2.9798015513393672e-08,4.574632268432403e-06,24.591727923989545,80.55741939798713,20.0,4.394503515942061e-08,0.0,3.427524444387514e-08,7.822027960069367e-08,0.0,Germany,DEU,baden-wurttemberg,,,Linux-7.0.0-31-generic-x86_64-with-glibc2.43,3.14.4,3.3.0,24,Intel(R) Core(TM) Ultra 9 285K,1,1 x NVIDIA GeForce RTX 5090,9.2986,48.7383,60.81614303588867,machine,0.0,0.0,0.0,0.0,N
gradient_updates_50,2026-09-14T13:45:58,mbpo_HalfCheetah-v5_seed958,8aa0146f-1ae8-4177-bf49-9135e20d95e3,8.004841983000006,0.00012080041781446782,1.5090940914663806e-05,24.56669032645151,80.6314216469722,20.0,5.9457953955212306e-05,0.00021317628165200275,4.44688430500011e-05,0.00031710307865721876,0.0,Germany,DEU,baden-wurttemberg,,,Linux-7.0.0-31-generic-x86_64-with-glibc2.43,3.14.4,3.3.0,24,Intel(R) Core(TM) Ultra 9 285K,1,1 x NVIDIA GeForce RTX 5090,9.2986,48.7383,60.81614303588867,machine,0.0,0.0,0.0,0.0,N
dynamics_model_update_51,2026-09-14T13:46:13,mbpo_HalfCheetah-v5_seed958,8aa0146f-1ae8-4177-bf49-9135e20d95e3,15.08508288899975,0.00017874699826396674,1.1849245788263723e-05,24.575628956857688,80.5810407746184,20.0,9.143433481406671e-05,0.0002939705129540032,8.380895526111098e-05,0.0004692138030291809,0.0,Germany,DEU,baden-wurttemberg,,,Linux-7.0.0-31-generic-x86_64-with-glibc2.43,3.14.4,3.3.0,24,Intel(R) Core(TM) Ultra 9 285K,1,1 x NVIDIA GeForce RTX 5090,9.2986,48.7383,60.81614303588867,machine,0.0,0.0,0.0,0.0,N
rollout_51,2026-09-14T13:46:13,mbpo_HalfCheetah-v5_seed958,8aa0146f-1ae8-4177-bf49-9135e20d95e3,0.2092326359997969,2.421796606155019e-06,1.1574336034343485e-05,24.580582053318768,80.49993257847511,20.0,1.5030559246675956e-06,3.693614066005435e-06,1.1605858333341504e-06,6.357255824006314e-06,0.0,Germany,DEU,baden-wurttemberg,,,Linux-7.0.0-31-generic-x86_64-with-glibc2.43,3.14.4,3.3.0,24,Intel(R) Core(TM) Ultra 9 285K,1,1 x NVIDIA GeForce RTX 5090,9.2986,48.7383,60.81614303588867,machine,0.0,0.0,0.0,0.0,N
synthetic_rollout_generation_51,2026-09-14T13:46:13,mbpo_HalfCheetah-v5_seed958,8aa0146f-1ae8-4177-bf49-9135e20d95e3,0.006592577999981586,3.5936011118231637e-08,5.44226426990503e-06,24.575638399149902,80.11659956619665,20.0,5.816976876571456e-08,0.0,3.6162849998376545e-08,9.433261876495846e-08,0.0,Germany,DEU,baden-wurttemberg,,,Linux-7.0.0-31-generic-x86_64-with-glibc2.43,3.14.4,3.3.0,24,Intel(R) Core(TM) Ultra 9 285K,1,1 x NVIDIA GeForce RTX 5090,9.2986,48.7383,60.81614303588867,machine,0.0,0.0,0.0,0.0,N
gradient_updates_51,2026-09-14T13:46:21,mbpo_HalfCheetah-v5_seed958,8aa0146f-1ae8-4177-bf49-9135e20d95e3,8.031331229999523,0.00012082543698771313,1.5044276240271462e-05,24.571943272784793,80.19350538477974,20.0,5.762659749013188e-05,0.00021492600527399375,4.461615163333255e-05,0.0003171687543974608,0.0,Germany,DEU,baden-wurttemberg,,,Linux-7.0.0-31-generic-x86_64-with-glibc2.43,3.14.4,3.3.0,24,Intel(R) Core(TM) Ultra 9 285K,1,1 x NVIDIA GeForce RTX 5090,9.2986,48.7383,60.81614303588867,machine,0.0,0.0,0.0,0.0,N
dynamics_model_update_52,2026-09-14T13:46:39,mbpo_HalfCheetah-v5_seed958,8aa0146f-1ae8-4177-bf49-9135e20d95e3,17.979669651000222,0.00021932329379084625,1.21984075183915e-05,24.57773030536569,80.14500363822853,20.0,0.00012668984051845966,0.0003491530571000101,9.988434687777711e-05,0.0005757272444962477,0.0,Germany,DEU,baden-wurttemberg,,,Linux-7.0.0-31-generic-x86_64-with-glibc2.43,3.14.4,3.3.0,24,Intel(R) Core(TM) Ultra 9 285K,1,1 x NVIDIA GeForce RTX 5090,9.2986,48.7383,60.81614303588867,machine,0.0,0.0,0.0,0.0,N
rollout_52,2026-09-14T13:46:39,mbpo_HalfCheetah-v5_seed958,8aa0146f-1ae8-4177-bf49-9135e20d95e3,0.1995476210004199,2.489210121851826e-06,1.2473595926390385e-05,24.61793827888518,80.07170183169676,20.0,1.8559231513975982e-06,3.5716695239856877e-06,1.106624733336961e-06,6.534217408718512e-06,0.0,Germany,DEU,baden-wurttemberg,,,Linux-7.0.0-31-generic-x86_64-with-glibc2.43,3.14.4,3.3.0,24,Intel(R) Core(TM) Ultra 9 285K,1,1 x NVIDIA GeForce RTX 5090,9.2986,48.7383,60.81614303588867,machine,0.0,0.0,0.0,0.0,N
synthetic_rollout_generation_52,2026-09-14T13:46:39,mbpo_HalfCheetah-v5_seed958,8aa0146f-1ae8-4177-bf49-9135e20d95e3,0.007383027000287257,3.6083265569919476e-08,4.881376322273028e-06,24.606220180800655,79.69753500070752,20.0,5.930560300487775e-08,0.0,3.541356111049637e-08,9.471916411624148e-08,0.0,Germany,DEU,baden-wurttemberg,,,Linux-7.0.0-31-generic-x86_64-with-glibc2.43,3.14.4,3.3.0,24,Intel(R) Core(TM) Ultra 9 285K,1,1 x NVIDIA GeForce RTX 5090,9.2986,48.7383,60.81614303588867,machine,0.0,0.0,0.0,0.0,N
gradient_updates_52,2026-09-14T13:46:48,mbpo_HalfCheetah-v5_seed958,8aa0146f-1ae8-4177-bf49-9135e20d95e3,7.9998523100002785,0.00012105387661194567,1.5132025427261637e-05,24.597332097302097,79.77425510311947,20.0,5.9560374037155583e-05,0.00021376350434400282,4.444453377777831e-05,0.000317768412158935,0.0,Germany,DEU,baden-wurttemberg,,,Linux-7.0.0-31-generic-x86_64-with-glibc2.43,3.14.4,3.3.0,24,Intel(R) Core(TM) Ultra 9 285K,1,1 x NVIDIA GeForce RTX 5090,9.2986,48.7383,60.81614303588867,machine,0.0,0.0,0.0,0.0,N
dynamics_model_update_53,2026-09-14T13:47:06,mbpo_HalfCheetah-v5_seed958,8aa0146f-1ae8-4177-bf49-9135e20d95e3,18.277203253000152,0.00022339984748877273,1.2222853241397283e-05,24.607129231488393,79.72982173520252,20.0,0.00012861207150068055,0.0003562788961340019,0.00010153729720000209,0.0005864282648346819,0.0,Germany,DEU,baden-wurttemberg,,,Linux-7.0.0-31-generic-x86_64-with-glibc2.43,3.14.4,3.3.0,24,Intel(R) Core(TM) Ultra 9 285K,1,1 x NVIDIA GeForce RTX 5090,9.2986,48.7383,60.81614303588867,machine,0.0,0.0,0.0,0.0,N
rollout_53,2026-09-14T13:47:06,mbpo_HalfCheetah-v5_seed958,8aa0146f-1ae8-4177-bf49-9135e20d95e3,0.20257429000048432,2.4835035235329372e-06,1.2260279532627817e-05,24.645176699334957,79.65177724542512,20.0,1.8678589942880408e-06,3.528058377999521e-06,1.123320122219107e-06,6.519237494506669e-06,0.0,Germany,DEU,baden-wurttemberg,,,Linux-7.0.0-31-generic-x86_64-with-glibc2.43,3.14.4,3.3.0,24,Intel(R) Core(TM) Ultra 9 285K,1,1 x NVIDIA GeForce RTX 5090,9.2986,48.7383,60.81614303588867,machine,0.0,0.0,0.0,0.0,N
synthetic_rollout_generation_53,2026-09-14T13:47:06,mbpo_HalfCheetah-v5_seed958,8aa0146f-1ae8-4177-bf49-9135e20d95e3,0.006551507999574824,3.4155003367231096e-08,5.209825032946479e-06,24.638435730857886,79.28640212044611,20.0,5.525365531083848e-08,0.0,3.440378888806134e-08,8.965744419803245e-08,0.0,Germany,DEU,baden-wurttemberg,,,Linux-7.0.0-31-generic-x86_64-with-glibc2.43,3.14.4,3.3.0,24,Intel(R) Core(TM) Ultra 9 285K,1,1 x NVIDIA GeForce RTX 5090,9.2986,48.7383,60.81614303588867,machine,0.0,0.0,0.0,0.0,N
gradient_updates_53,2026-09-14T13:47:14,mbpo_HalfCheetah-v5_seed958,8aa0146f-1ae8-4177-bf49-9135e20d95e3,7.978111032000015,0.00011913013349199551,1.49321393639323e-05,24.633416333517935,79.35826682593105,20.0,5.782046847856159e-05,0.00021057794624000647,4.432014018888788e-05,0.0003127185549074568,0.0,Germany,DEU,baden-wurttemberg,,,Linux-7.0.0-31-generic-x86_64-with-glibc2.43,3.14.4,3.3.0,24,Intel(R) Core(TM) Ultra 9 285K,1,1 x NVIDIA GeForce RTX 5090,9.2986,48.7383,60.81614303588867,machine,0.0,0.0,0.0,0.0,N
dynamics_model_update_54,2026-09-14T13:47:25,mbpo_HalfCheetah-v5_seed958,8aa0146f-1ae8-4177-bf49-9135e20d95e3,11.428094328000043,0.0001388706358252511,1.2151688680864283e-05,24.639678385654182,79.31402196540778,20.0,8.003939653145747e-05,0.00022101184347599057,6.348645739444152e-05,0.0003645376974018913,0.0,Germany,DEU,baden-wurttemberg,,,Linux-7.0.0-31-generic-x86_64-with-glibc2.43,3.14.4,3.3.0,24,Intel(R) Core(TM) Ultra 9 285K,1,1 x NVIDIA GeForce RTX 5090,9.2986,48.7383,60.81614303588867,machine,0.0,0.0,0.0,0.0,N
rollout_54,2026-09-14T13:47:26,mbpo_HalfCheetah-v5_seed958,8aa0146f-1ae8-4177-bf49-9135e20d95e3,0.20015778799916006,2.495800736723383e-06,1.246865382810964e-05,24.678193950182735,79.2468152978556,20.0,1.862213156435255e-06,3.5791695300047e-06,1.1101351944436608e-06,6.551517880884483e-06,0.0,Germany,DEU,baden-wurttemberg,,,Linux-7.0.0-31-generic-x86_64-with-glibc2.43,3.14.4,3.3.0,24,Intel(R) Core(TM) Ultra 9 285K,1,1 x NVIDIA GeForce RTX 5090,9.2986,48.7383,60.81614303588867,machine,0.0,0.0,0.0,0.0,N
synthetic_rollout_generation_54,2026-09-14T13:47:26,mbpo_HalfCheetah-v5_seed958,8aa0146f-1ae8-4177-bf49-9135e20d95e3,0.006456778999563539,3.259970194138817e-08,5.0439097931847145e-06,24.665642139669682,78.88984766137878,20.0,5.165948577245949e-08,0.0,3.391526666365191e-08,8.557475243697876e-08,0.0,Germany,DEU,baden-wurttemberg,,,Linux-7.0.0-31-generic-x86_64-with-glibc2.43,3.14.4,3.3.0,24,Intel(R) Core(TM) Ultra 9 285K,1,1 x NVIDIA GeForce RTX 5090,9.2986,48.7383,60.81614303588867,machine,0.0,0.0,0.0,0.0,N
gradient_updates_54,2026-09-14T13:47:34,mbpo_HalfCheetah-v5_seed958,8aa0146f-1ae8-4177-bf49-9135e20d95e3,7.974900721000267,0.00011970273320414081,1.5009948813834246e-05,24.655381322120938,78.96686713385692,20.0,5.71193451398902e-05,0.00021279961468399777,4.430267872222032e-05,0.0003142216385461083,0.0,Germany,DEU,baden-wurttemberg,,,Linux-7.0.0-31-generic-x86_64-with-glibc2.43,3.14.4,3.3.0,24,Intel(R) Core(TM) Ultra 9 285K,1,1 x NVIDIA GeForce RTX 5090,9.2986,48.7383,60.81614303588867,machine,0.0,0.0,0.0,0.0,N
dynamics_model_update_55,2026-09-14T13:47:42,mbpo_HalfCheetah-v5_seed958,8aa0146f-1ae8-4177-bf49-9135e20d95e3,8.71978796700023,0.00010550263339624728,1.2099187989866377e-05,24.66001078922361,78.92378588622059,20.0,6.0597105422090236e-05,0.00016790402321201214,4.8445014944445246e-05,0.000276946143578545,0.0,Germany,DEU,baden-wurttemberg,,,Linux-7.0.0-31-generic-x86_64-with-glibc2.43,3.14.4,3.3.0,24,Intel(R) Core(TM) Ultra 9 285K,1,1 x NVIDIA GeForce RTX 5090,9.2986,48.7383,60.81614303588867,machine,0.0,0.0,0.0,0.0,N
rollout_55,2026-09-14T13:47:43,mbpo_HalfCheetah-v5_seed958,8aa0146f-1ae8-4177-bf49-9135e20d95e3,0.2023199539999041,2.5302967524669373e-06,1.2505852484822555e-05,24.695163198182716,78.86373187470959,20.0,1.8488195346055836e-06,3.6711140480039095e-06,1.1221369055573055e-06,6.642070488165064e-06,0.0,Germany,DEU,baden-wurttemberg,,,Linux-7.0.0-31-generic-x86_64-with-glibc2.43,3.14.4,3.3.0,24,Intel(R) Core(TM) Ultra 9 285K,1,1 x NVIDIA GeForce RTX 5090,9.2986,48.7383,60.81614303588867,machine,0.0,0.0,0.0,0.0,N
synthetic_rollout_generation_55,2026-09-14T13:47:43,mbpo_HalfCheetah-v5_seed958,8aa0146f-1ae8-4177-bf49-9135e20d95e3,0.006410649000827107,3.218740794556918e-08,5.014260081480934e-06,24.68157476184513,78.51477730889228,20.0,5.07439294888945e-08,0.0,3.37485444460231e-08,8.449247393405024e-08,0.0,Germany,DEU,baden-wurttemberg,,,Linux-7.0.0-31-generic-x86_64-with-glibc2.43,3.14.4,3.3.0,24,Intel(R) Core(TM) Ultra 9 285K,1,1 x NVIDIA GeForce RTX 5090,9.2986,48.7383,60.81614303588867,machine,0.0,0.0,0.0,0.0,N
gradient_updates_55,2026-09-14T13:47:51,mbpo_HalfCheetah-v5_seed958,8aa0146f-1ae8-4177-bf49-9135e20d95e3,7.986206238000705,0.0001192290751591829,1.4929391213251314e-05,24.670191892515774,78.59035703658738,20.0,5.6387806221316894e-05,0.000212225447558001,4.436502462777832e-05,0.00031297827840709447,0.0,Germany,DEU,baden-wurttemberg,,,Linux-7.0.0-31-generic-x86_64-with-glibc2.43,3.14.4,3.3.0,24,Intel(R) Core(TM) Ultra 9 285K,1,1 x NVIDIA GeForce RTX 5090,9.2986,48.7383,60.81614303588867,machine,0.0,0.0,0.0,0.0,N
dynamics_model_update_56,2026-09-14T13:48:05,mbpo_HalfCheetah-v5_seed958,8aa0146f-1ae8-4177-bf49-9135e20d95e3,14.742667528999846,0.00017885859990474096,1.2132039050854186e-05,24.673357906274973,78.5506403095832,20.0,0.00010285212755942186,0.0002847530055799935,8.19016260277753e-05,0.0004695067591671889,0.0,Germany,DEU,baden-wurttemberg,,,Linux-7.0.0-31-generic-x86_64-with-glibc2.43,3.14.4,3.3.0,24,Intel(R) Core(TM) Ultra 9 285K,1,1 x NVIDIA GeForce RTX 5090,9.2986,48.7383,60.81614303588867,machine,0.0,0.0,0.0,0.0,N
rollout_56,2026-09-14T13:48:05,mbpo_HalfCheetah-v5_seed958,8aa0146f-1ae8-4177-bf49-9135e20d95e3,0.2010400560002381,2.5065909707196188e-06,1.2468065430436666e-05,24.709498247570124,78.49013274293331,20.0,1.858534264598255e-06,3.6066695520003966e-06,1.1146386055564325e-06,6.579842422152482e-06,0.0,Germany,DEU,baden-wurttemberg,,,Linux-7.0.0-31-generic-x86_64-with-glibc2.43,3.14.4,3.3.0,24,Intel(R) Core(TM) Ultra 9 285K,1,1 x NVIDIA GeForce RTX 5090,9.2986,48.7383,60.81614303588867,machine,0.0,0.0,0.0,0.0,N
synthetic_rollout_generation_56,2026-09-14T13:48:05,mbpo_HalfCheetah-v5_seed958,8aa0146f-1ae8-4177-bf49-9135e20d95e3,0.006595853999897372,6.771943624524907e-07,0.00010253936372601922,24.707871900831265,82.44900607410686,20.0,5.830532441575276e-08,1.6855569039825324e-06,3.378408333035848e-08,1.7776463117277763e-06,0.0,Germany,DEU,baden-wurttemberg,,,Linux-7.0.0-31-generic-x86_64-with-glibc2.43,3.14.4,3.3.0,24,Intel(R) Core(TM) Ultra 9 285K,1,1 x NVIDIA GeForce RTX 5090,9.2986,48.7383,60.81614303588867,machine,0.0,0.0,0.0,0.0,N
gradient_updates_56,2026-09-14T13:48:14,mbpo_HalfCheetah-v5_seed958,8aa0146f-1ae8-4177-bf49-9135e20d95e3,8.06299441200008,0.00011906735259816642,1.4767159895919467e-05,24.706516964030378,82.50194497963955,20.0,5.5717031240257175e-05,0.00021204433630200858,4.479238648888613e-05,0.00031255375403115015,0.0,Germany,DEU,baden-wurttemberg,,,Linux-7.0.0-31-generic-x86_64-with-glibc2.43,3.14.4,3.3.0,24,Intel(R) Core(TM) Ultra 9 285K,1,1 x NVIDIA GeForce RTX 5090,9.2986,48.7383,60.81614303588867,machine,0.0,0.0,0.0,0.0,N
dynamics_model_update_57,2026-09-14T13:48:36,mbpo_HalfCheetah-v5_seed958,8aa0146f-1ae8-4177-bf49-9135e20d95e3,22.859207855000022,0.00026998702699534624,1.1810852681934614e-05,24.706627557900976,82.44772382996058,20.0,0.0001377429149164583,0.0004439847996320079,0.00012699266081666206,0.0007087203753651308,0.0,Germany,DEU,baden-wurttemberg,,,Linux-7.0.0-31-generic-x86_64-with-glibc2.43,3.14.4,3.3.0,24,Intel(R) Core(TM) Ultra 9 285K,1,1 x NVIDIA GeForce RTX 5090,9.2986,48.7383,60.81614303588867,machine,0.0,0.0,0.0,0.0,N
rollout_57,2026-09-14T13:48:37,mbpo_HalfCheetah-v5_seed958,8aa0146f-1ae8-4177-bf49-9135e20d95e3,0.2141076100006103,2.3522022471415133e-06,1.0985725362097643e-05,24.70511413666816,82.34862942556784,20.0,1.4622642253644957e-06,3.5250028199984573e-06,1.1873024444459396e-06,6.174569489807158e-06,0.0,Germany,DEU,baden-wurttemberg,,,Linux-7.0.0-31-generic-x86_64-with-glibc2.43,3.14.4,3.3.0,24,Intel(R) Core(TM) Ultra 9 285K,1,1 x NVIDIA GeForce RTX 5090,9.2986,48.7383,60.81614303588867,machine,0.0,0.0,0.0,0.0,N
synthetic_rollout_generation_57,2026-09-14T13:48:37,mbpo_HalfCheetah-v5_seed958,8aa0146f-1ae8-4177-bf49-9135e20d95e3,0.006491103000371368,3.1570014276394165e-08,4.8569693598719465e-06,24.68644833145612,81.99671220580045,20.0,4.845503875916535e-08,0.0,3.441676666490062e-08,8.287180542493333e-08,0.0,Germany,DEU,baden-wurttemberg,,,Linux-7.0.0-31-generic-x86_64-with-glibc2.43,3.14.4,3.3.0,24,Intel(R) Core(TM) Ultra 9 285K,1,1 x NVIDIA GeForce RTX 5090,9.2986,48.7383,60.81614303588867,machine,0.0,0.0,0.0,0.0,N
gradient_updates_57,2026-09-14T13:48:45,mbpo_HalfCheetah-v5_seed958,8aa0146f-1ae8-4177-bf49-9135e20d95e3,7.969846776999475,0.00012004097326991786,1.5061903252931987e-05,24.671024612708162,82.05715784920727,20.0,5.787068685206981e-05,0.00021296461481598583,4.427422260000133e-05,0.00031510952426806044,0.0,Germany,DEU,baden-wurttemberg,,,Linux-7.0.0-31-generic-x86_64-with-glibc2.43,3.14.4,3.3.0,24,Intel(R) Core(TM) Ultra 9 285K,1,1 x NVIDIA GeForce RTX 5090,9.2986,48.7383,60.81614303588867,machine,0.0,0.0,0.0,0.0,N
dynamics_model_update_58,2026-09-14T13:48:54,mbpo_HalfCheetah-v5_seed958,8aa0146f-1ae8-4177-bf49-9135e20d95e3,9.136922875999517,0.00011076487610502984,1.2122777822749479e-05,24.676843339144227,82.00319149781612,20.0,6.4070016533746e-05,0.0001759315296340075,5.0758070855555504e-05,0.000290759617023309,0.0,Germany,DEU,baden-wurttemberg,,,Linux-7.0.0-31-generic-x86_64-with-glibc2.43,3.14.4,3.3.0,24,Intel(R) Core(TM) Ultra 9 285K,1,1 x NVIDIA GeForce RTX 5090,9.2986,48.7383,60.81614303588867,machine,0.0,0.0,0.0,0.0,N
rollout_58,2026-09-14T13:48:54,mbpo_HalfCheetah-v5_seed958,8aa0146f-1ae8-4177-bf49-9135e20d95e3,0.20073136900009558,2.5409993720179602e-06,1.2657980689522922e-05,24.71435469088755,81.93506465405628,20.0,1.8906454014033791e-06,3.6663918220047886e-06,1.1131278166683425e-06,6.670165040079112e-06,0.0,Germany,DEU,baden-wurttemberg,,,Linux-7.0.0-31-generic-x86_64-with-glibc2.43,3.14.4,3.3.0,24,Intel(R) Core(TM) Ultra 9 285K,1,1 x NVIDIA GeForce RTX 5090,9.2986,48.7383,60.81614303588867,machine,0.0,0.0,0.0,0.0,N
synthetic_rollout_generation_58,2026-09-14T13:48:54,mbpo_HalfCheetah-v5_seed958,8aa0146f-1ae8-4177-bf49-9135e20d95e3,0.006831997000517731,3.683848923997923e-08,5.389140617975185e-06,24.7164685901063,81.59079967651822,20.0,6.218810530422836e-08,0.0,3.451353333423085e-08,9.67016386410613e-08,0.0,Germany,DEU,baden-wurttemberg,,,Linux-7.0.0-31-generic-x86_64-with-glibc2.43,3.14.4,3.3.0,24,Intel(R) Core(TM) Ultra 9 285K,1,1 x NVIDIA GeForce RTX 5090,9.2986,48.7383,60.81614303588867,machine,0.0,0.0,0.0,0.0,N
gradient_updates_58,2026-09-14T13:49:02,mbpo_HalfCheetah-v5_seed958,8aa0146f-1ae8-4177-bf49-9135e20d95e3,7.9812684309999895,0.0001197166835385198,1.4999718006826315e-05,24.71893145815845,81.65037080230883,20.0,5.747623070317259e-05,0.0002124440588440052,4.4337968855552405e-05,0.0003142582584027276,0.0,Germany,DEU,baden-wurttemberg,,,Linux-7.0.0-31-generic-x86_64-with-glibc2.43,3.14.4,3.3.0,24,Intel(R) Core(TM) Ultra 9 285K,1,1 x NVIDIA GeForce RTX 5090,9.2986,48.7383,60.81614303588867,machine,0.0,0.0,0.0,0.0,N
dynamics_model_update_59,2026-09-14T13:49:11,mbpo_HalfCheetah-v5_seed958,8aa0146f-1ae8-4177-bf49-9135e20d95e3,9.278885947999697,0.00011337779747404471,1.2218874485015294e-05,24.723695097185054,81.60229998096985,20.0,6.536663840437523e-05,0.00018070570011999298,5.154623996110955e-05,0.00029761857848548123,0.0,Germany,DEU,baden-wurttemberg,,,Linux-7.0.0-31-generic-x86_64-with-glibc2.43,3.14.4,3.3.0,24,Intel(R) Core(TM) Ultra 9 285K,1,1 x NVIDIA GeForce RTX 5090,9.2986,48.7383,60.81614303588867,machine,0.0,0.0,0.0,0.0,N
rollout_59,2026-09-14T13:49:11,mbpo_HalfCheetah-v5_seed958,8aa0146f-1ae8-4177-bf49-9135e20d95e3,0.203145198999664,2.545733439610759e-06,1.2531773178550202e-05,24.76292697969812,81.5295465311886,20.0,1.9478657249591413e-06,3.608613997993504e-06,1.1261123222233022e-06,6.682592045177682e-06,0.0,Germany,DEU,baden-wurttemberg,,,Linux-7.0.0-31-generic-x86_64-with-glibc2.43,3.14.4,3.3.0,24,Intel(R) Core(TM) Ultra 9 285K,1,1 x NVIDIA GeForce RTX 5090,9.2986,48.7383,60.81614303588867,machine,0.0,0.0,0.0,0.0,N
synthetic_rollout_generation_59,2026-09-14T13:49:11,mbpo_HalfCheetah-v5_seed958,8aa0146f-1ae8-4177-bf49-9135e20d95e3,0.006533062000016798,3.5547192713675235e-08,5.432306316497411e-06,24.763628603243607,81.19264757858038,20.0,5.9254769625705084e-08,0.0,3.4057194443076755e-08,9.331196407225129e-08,0.0,Germany,DEU,baden-wurttemberg,,,Linux-7.0.0-31-generic-x86_64-with-glibc2.43,3.14.4,3.3.0,24,Intel(R) Core(TM) Ultra 9 285K,1,1 x NVIDIA GeForce RTX 5090,9.2986,48.7383,60.81614303588867,machine,0.0,0.0,0.0,0.0,N
gradient_updates_59,2026-09-14T13:49:19,mbpo_HalfCheetah-v5_seed958,8aa0146f-1ae8-4177-bf49-9135e20d95e3,8.048708078000345,0.00011886217648566025,1.4767878685421784e-05,24.763859885093375,81.25210097329642,20.0,5.348513195473775e-05,0.00021381739327600013,4.4712638138889524e-05,0.00031201516336962914,0.0,Germany,DEU,baden-wurttemberg,,,Linux-7.0.0-31-generic-x86_64-with-glibc2.43,3.14.4,3.3.0,24,Intel(R) Core(TM) Ultra 9 285K,1,1 x NVIDIA GeForce RTX 5090,9.2986,48.7383,60.81614303588867,machine,0.0,0.0,0.0,0.0,N
dynamics_model_update_60,2026-09-14T13:49:35,mbpo_HalfCheetah-v5_seed958,8aa0146f-1ae8-4177-bf49-9135e20d95e3,15.767918966000252,0.00019167604784571524,1.2156078151462132e-05,24.760769031298587,81.20381360317256,20.0,0.00011128540791714714,0.00030427024341600495,8.75971189666664e-05,0.0005031527702998168,0.0,Germany,DEU,baden-wurttemberg,,,Linux-7.0.0-31-generic-x86_64-with-glibc2.43,3.14.4,3.3.0,24,Intel(R) Core(TM) Ultra 9 285K,1,1 x NVIDIA GeForce RTX 5090,9.2986,48.7383,60.81614303588867,machine,0.0,0.0,0.0,0.0,N
rollout_60,2026-09-14T13:49:35,mbpo_HalfCheetah-v5_seed958,8aa0146f-1ae8-4177-bf49-9135e20d95e3,0.20124952999958623,2.521398832515745e-06,1.2528589684553607e-05,24.7940662455975,81.1388956405666,20.0,1.8587209314260833e-06,3.6441695819983133e-06,1.1158227888902889e-06,6.618713302312951e-06,0.0,Germany,DEU,baden-wurttemberg,,,Linux-7.0.0-31-generic-x86_64-with-glibc2.43,3.14.4,3.3.0,24,Intel(R) Core(TM) Ultra 9 285K,1,1 x NVIDIA GeForce RTX 5090,9.2986,48.7383,60.81614303588867,machine,0.0,0.0,0.0,0.0,N
synthetic_rollout_generation_60,2026-09-14T13:49:35,mbpo_HalfCheetah-v5_seed958,8aa0146f-1ae8-4177-bf49-9135e20d95e3,0.006655399999544898,3.695145572510383e-08,5.546287117307591e-06,24.797523047172596,80.8090627314586,20.0,6.217116085144303e-08,0.0,3.482701666467081e-08,9.699817751784856e-08,0.0,Germany,DEU,baden-wurttemberg,,,Linux-7.0.0-31-generic-x86_64-with-glibc2.43,3.14.4,3.3.0,24,Intel(R) Core(TM) Ultra 9 285K,1,1 x NVIDIA GeForce RTX 5090,9.2986,48.7383,60.81614303588867,machine,0.0,0.0,0.0,0.0,N
gradient_updates_60,2026-09-14T13:49:43,mbpo_HalfCheetah-v5_seed958,8aa0146f-1ae8-4177-bf49-9135e20d95e3,7.995961888999773,0.00011896003884941282,1.4877527486401967e-05,24.801187492173085,80.86430110838485,20.0,5.8019815582489864e-05,0.00020982350119200244,4.4428736905552206e-05,0.0003122720536800419,0.0,Germany,DEU,baden-wurttemberg,,,Linux-7.0.0-31-generic-x86_64-with-glibc2.43,3.14.4,3.3.0,24,Intel(R) Core(TM) Ultra 9 285K,1,1 x NVIDIA GeForce RTX 5090,9.2986,48.7383,60.81614303588867,machine,0.0,0.0,0.0,0.0,N
dynamics_model_update_61,2026-09-14T13:49:54,mbpo_HalfCheetah-v5_seed958,8aa0146f-1ae8-4177-bf49-9135e20d95e3,10.839861172999917,0.00012613006706854724,1.1635743946656904e-05,24.80471491259789,80.81489466628545,20.0,6.426109029772364e-05,0.00020660766528600438,6.0224739805552104e-05,0.00033109349538928273,0.0,Germany,DEU,baden-wurttemberg,,,Linux-7.0.0-31-generic-x86_64-with-glibc2.43,3.14.4,3.3.0,24,Intel(R) Core(TM) Ultra 9 285K,1,1 x NVIDIA GeForce RTX 5090,9.2986,48.7383,60.81614303588867,machine,0.0,0.0,0.0,0.0,N
rollout_61,2026-09-14T13:49:55,mbpo_HalfCheetah-v5_seed958,8aa0146f-1ae8-4177-bf49-9135e20d95e3,0.2214711120004722,2.4248291679244277e-06,1.0948194765748045e-05,24.80183307992354,80.72837493126075,20.0,1.4954942519559977e-06,3.6413918020061775e-06,1.2283302944426575e-06,6.3652163484057e-06,0.0,Germany,DEU,baden-wurttemberg,,,Linux-7.0.0-31-generic-x86_64-with-glibc2.43,3.14.4,3.3.0,24,Intel(R) Core(TM) Ultra 9 285K,1,1 x NVIDIA GeForce RTX 5090,9.2986,48.7383,60.81614303588867,machine,0.0,0.0,0.0,0.0,N
synthetic_rollout_generation_61,2026-09-14T13:49:55,mbpo_HalfCheetah-v5_seed958,8aa0146f-1ae8-4177-bf49-9135e20d95e3,0.006618665999667428,3.282836913247322e-08,4.953188928142132e-06,24.787242739455827,80.4054614315357,20.0,5.111670756813291e-08,0.0,3.5058300000036235e-08,8.617500756730179e-08,0.0,Germany,DEU,baden-wurttemberg,,,Linux-7.0.0-31-generic-x86_64-with-glibc2.43,3.14.4,3.3.0,24,Intel(R) Core(TM) Ultra 9 285K,1,1 x NVIDIA GeForce RTX 5090,9.2986,48.7383,60.81614303588867,machine,0.0,0.0,0.0,0.0,N
gradient_updates_61,2026-09-14T13:50:03,mbpo_HalfCheetah-v5_seed958,8aa0146f-1ae8-4177-bf49-9135e20d95e3,8.136651342999357,0.00012102662382730556,1.4874276093881678e-05,24.774552382903646,80.46511565286849,20.0,5.693354443569304e-05,0.000215562394671992,4.520093404444727e-05,0.0003176968731521332,0.0,Germany,DEU,baden-wurttemberg,,,Linux-7.0.0-31-generic-x86_64-with-glibc2.43,3.14.4,3.3.0,24,Intel(R) Core(TM) Ultra 9 285K,1,1 x NVIDIA GeForce RTX 5090,9.2986,48.7383,60.81614303588867,machine,0.0,0.0,0.0,0.0,N
dynamics_model_update_62,2026-09-14T13:50:27,mbpo_HalfCheetah-v5_seed958,8aa0146f-1ae8-4177-bf49-9135e20d95e3,24.505529089999982,0.00029287082519624877,1.1951218061119617e-05,24.775829094568564,80.42335261960687,20.0,0.00015656670053103977,0.00047608510309000984,0.0001361389174611106,0.0007687907210821576,0.0,Germany,DEU,baden-wurttemberg,,,Linux-7.0.0-31-generic-x86_64-with-glibc2.43,3.14.4,3.3.0,24,Intel(R) Core(TM) Ultra 9 285K,1,1 x NVIDIA GeForce RTX 5090,9.2986,48.7383,60.81614303588867,machine,0.0,0.0,0.0,0.0,N
rollout_62,2026-09-14T13:50:27,mbpo_HalfCheetah-v5_seed958,8aa0146f-1ae8-4177-bf49-9135e20d95e3,0.2059958830004689,2.3852203136706662e-06,1.157854620485537e-05,24.77833568250684,80.35797153075237,20.0,1.4685203414827042e-06,3.650280698000441e-06,1.1424414166662233e-06,6.261242456152838e-06,0.0,Germany,DEU,baden-wurttemberg,,,Linux-7.0.0-31-generic-x86_64-with-glibc2.43,3.14.4,3.3.0,24,Intel(R) Core(TM) Ultra 9 285K,1,1 x NVIDIA GeForce RTX 5090,9.2986,48.7383,60.81614303588867,machine,0.0,0.0,0.0,0.0,N
synthetic_rollout_generation_62,2026-09-14T13:50:27,mbpo_HalfCheetah-v5_seed958,8aa0146f-1ae8-4177-bf49-9135e20d95e3,0.0071299949995591305,3.4553585234395334e-08,4.839977290840989e-06,24.767254982648875,80.04160156409587,20.0,5.599948924711606e-08,0.0,3.47042388914795e-08,9.070372813946292e-08,0.0,Germany,DEU,baden-wurttemberg,,,Linux-7.0.0-31-generic-x86_64-with-glibc2.43,3.14.4,3.3.0,24,Intel(R) Core(TM) Ultra 9 285K,1,1 x NVIDIA GeForce RTX 5090,9.2986,48.7383,60.81614303588867,machine,0.0,0.0,0.0,0.0,N
gradient_updates_62,2026-09-14T13:50:35,mbpo_HalfCheetah-v5_seed958,8aa0146f-1ae8-4177-bf49-9135e20d95e3,8.039618239000447,0.0001172178437717341,1.4580048257460925e-05,24.756733037342762,80.09922389878477,20.0,5.148124951830091e-05,0.00021155544702199103,4.4662066477778144e-05,0.0003076987630180675,0.0,Germany,DEU,baden-wurttemberg,,,Linux-7.0.0-31-generic-x86_64-with-glibc2.43,3.14.4,3.3.0,24,Intel(R) Core(TM) Ultra 9 285K,1,1 x NVIDIA GeForce RTX 5090,9.2986,48.7383,60.81614303588867,machine,0.0,0.0,0.0,0.0,N
dynamics_model_update_63,2026-09-14T13:51:09,mbpo_HalfCheetah-v5_seed958,8aa0146f-1ae8-4177-bf49-9135e20d95e3,33.21655916100008,0.0003960725027629883,1.1923939660386413e-05,24.750019198443837,80.05950926285885,20.0,0.00020991982710239637,0.0006452435717499982,0.0001845334190055583,0.0010396968178579546,0.0,Germany,DEU,baden-wurttemberg,,,Linux-7.0.0-31-generic-x86_64-with-glibc2.43,3.14.4,3.3.0,24,Intel(R) Core(TM) Ultra 9 285K,1,1 x NVIDIA GeForce RTX 5090,9.2986,48.7383,60.81614303588867,machine,0.0,0.0,0.0,0.0,N
rollout_63,2026-09-14T13:51:09,mbpo_HalfCheetah-v5_seed958,8aa0146f-1ae8-4177-bf49-9135e20d95e3,0.20485953000024892,2.3638836212404313e-06,1.153859574381829e-05,24.754670396788274,79.99292612868979,20.0,1.491408415349449e-06,3.577502862006643e-06,1.1363220111127587e-06,6.205233288467116e-06,0.0,Germany,DEU,baden-wurttemberg,,,Linux-7.0.0-31-generic-x86_64-with-glibc2.43,3.14.4,3.3.0,24,Intel(R) Core(TM) Ultra 9 285K,1,1 x NVIDIA GeForce RTX 5090,9.2986,48.7383,60.81614303588867,machine,0.0,0.0,0.0,0.0,N
synthetic_rollout_generation_63,2026-09-14T13:51:09,mbpo_HalfCheetah-v5_seed958,8aa0146f-1ae8-4177-bf49-9135e20d95e3,0.0071717299997544615,3.50507155660873e-08,4.881371252595186e-06,24.74898279428933,79.68287602741579,20.0,5.98314367494801e-08,0.0,3.217726666625981e-08,9.200870341313783e-08,0.0,Germany,DEU,baden-wurttemberg,,,Linux-7.0.0-31-generic-x86_64-with-glibc2.43,3.14.4,3.3.0,24,Intel(R) Core(TM) Ultra 9 285K,1,1 x NVIDIA GeForce RTX 5090,9.2986,48.7383,60.81614303588867,machine,0.0,0.0,0.0,0.0,N
gradient_updates_63,2026-09-14T13:51:17,mbpo_HalfCheetah-v5_seed958,8aa0146f-1ae8-4177-bf49-9135e20d95e3,7.991815485000188,0.0001207388014203975,1.5107817767223954e-05,24.7451910234071,79.74455130004434,20.0,6.022991179500947e-05,0.0002123198920779834,4.439153073888813e-05,0.000316941334611881,0.0,Germany,DEU,baden-wurttemberg,,,Linux-7.0.0-31-generic-x86_64-with-glibc2.43,3.14.4,3.3.0,24,Intel(R) Core(TM) Ultra 9 285K,1,1 x NVIDIA GeForce RTX 5090,9.2986,48.7383,60.81614303588867,machine,0.0,0.0,0.0,0.0,N
dynamics_model_update_64,2026-09-14T13:51:29,mbpo_HalfCheetah-v5_seed958,8aa0146f-1ae8-4177-bf49-9135e20d95e3,11.822417499999574,0.00014109353547499953,1.1934414251154405e-05,24.75306948878481,79.7056424147417,20.0,7.605218000836245e-05,0.0002286451829160152,6.567548252777583e-05,0.0003703728454521535,0.0,Germany,DEU,baden-wurttemberg,,,Linux-7.0.0-31-generic-x86_64-with-glibc2.43,3.14.4,3.3.0,24,Intel(R) Core(TM) Ultra 9 285K,1,1 x NVIDIA GeForce RTX 5090,9.2986,48.7383,60.81614303588867,machine,0.0,0.0,0.0,0.0,N
rollout_64,2026-09-14T13:51:29,mbpo_HalfCheetah-v5_seed958,8aa0146f-1ae8-4177-bf49-9135e20d95e3,0.20583352800076682,2.4306156239661814e-06,1.1808078651945231e-05,24.75919073197708,79.64947082595457,20.0,1.521671495113841e-06,3.716391862002011e-06,1.1423425333306758e-06,6.380405890446528e-06,0.0,Germany,DEU,baden-wurttemberg,,,Linux-7.0.0-31-generic-x86_64-with-glibc2.43,3.14.4,3.3.0,24,Intel(R) Core(TM) Ultra 9 285K,1,1 x NVIDIA GeForce RTX 5090,9.2986,48.7383,60.81614303588867,machine,0.0,0.0,0.0,0.0,N
synthetic_rollout_generation_64,2026-09-14T13:51:29,mbpo_HalfCheetah-v5_seed958,8aa0146f-1ae8-4177-bf49-9135e20d95e3,0.006061872999453044,3.091600178639631e-08,5.092515025842723e-06,24.74923128886385,79.34546521211504,20.0,4.9608095242792416e-08,0.0,3.154691666576448e-08,8.115501190508745e-08,0.0,Germany,DEU,baden-wurttemberg,,,Linux-7.0.0-31-generic-x86_64-with-glibc2.43,3.14.4,3.3.0,24,Intel(R) Core(TM) Ultra 9 285K,1,1 x NVIDIA GeForce RTX 5090,9.2986,48.7383,60.81614303588867,machine,0.0,0.0,0.0,0.0,N
gradient_updates_64,2026-09-14T13:51:37,mbpo_HalfCheetah-v5_seed958,8aa0146f-1ae8-4177-bf49-9135e20d95e3,8.044485915999758,0.0001194059830112032,1.484322651699274e-05,24.74037411133954,79.40755172648969,20.0,5.494444617774874e-05,0.00021380433770998297,4.469388053333044e-05,0.0003134426644210639,0.0,Germany,DEU,baden-wurttemberg,,,Linux-7.0.0-31-generic-x86_64-with-glibc2.43,3.14.4,3.3.0,24,Intel(R) Core(TM) Ultra 9 285K,1,1 x NVIDIA GeForce RTX 5090,9.2986,48.7383,60.81614303588867,machine,0.0,0.0,0.0,0.0,N
dynamics_model_update_65,2026-09-14T13:51:49,mbpo_HalfCheetah-v5_seed958,8aa0146f-1ae8-4177-bf49-9135e20d95e3,12.022833030000584,0.00014138805652254977,1.1759939524709845e-05,24.738876451172118,79.37041123854584,20.0,7.191393586444134e-05,0.0002324412970639983,6.679073510555689e-05,0.0003711459680339965,0.0,Germany,DEU,baden-wurttemberg,,,Linux-7.0.0-31-generic-x86_64-with-glibc2.43,3.14.4,3.3.0,24,Intel(R) Core(TM) Ultra 9 285K,1,1 x NVIDIA GeForce RTX 5090,9.2986,48.7383,60.81614303588867,machine,0.0,0.0,0.0,0.0,N
rollout_65,2026-09-14T13:51:49,mbpo_HalfCheetah-v5_seed958,8aa0146f-1ae8-4177-bf49-9135e20d95e3,0.21098362999964593,2.380182969764083e-06,1.1281426879742928e-05,24.744326239563865,79.29845794088895,20.0,1.549120405966442e-06,3.5288917120124275e-06,1.1700072277765275e-06,6.24801934575453e-06,0.0,Germany,DEU,baden-wurttemberg,,,Linux-7.0.0-31-generic-x86_64-with-glibc2.43,3.14.4,3.3.0,24,Intel(R) Core(TM) Ultra 9 285K,1,1 x NVIDIA GeForce RTX 5090,9.2986,48.7383,60.81614303588867,machine,0.0,0.0,0.0,0.0,N
synthetic_rollout_generation_65,2026-09-14T13:51:49,mbpo_HalfCheetah-v5_seed958,8aa0146f-1ae8-4177-bf49-9135e20d95e3,0.006087044000196329,3.0619751428817565e-08,5.021791575337122e-06,24.731522227111995,79.00034343735177,20.0,4.843809430638002e-08,0.0,3.1939255556306945e-08,8.037734985921752e-08,0.0,Germany,DEU,baden-wurttemberg,,,Linux-7.0.0-31-generic-x86_64-with-glibc2.43,3.14.4,3.3.0,24,Intel(R) Core(TM) Ultra 9 285K,1,1 x NVIDIA GeForce RTX 5090,9.2986,48.7383,60.81614303588867,machine,0.0,0.0,0.0,0.0,N
gradient_updates_65,2026-09-14T13:51:57,mbpo_HalfCheetah-v5_seed958,8aa0146f-1ae8-4177-bf49-9135e20d95e3,7.965020704999915,0.00012041278621244267,1.5117714994596374e-05,24.721320367911485,79.06464884550209,20.0,5.907039836738903e-05,0.00021276739243600296,4.424774853888872e-05,0.00031608553934227984,0.0,Germany,DEU,baden-wurttemberg,,,Linux-7.0.0-31-generic-x86_64-with-glibc2.43,3.14.4,3.3.0,24,Intel(R) Core(TM) Ultra 9 285K,1,1 x NVIDIA GeForce RTX 5090,9.2986,48.7383,60.81614303588867,machine,0.0,0.0,0.0,0.0,N
dynamics_model_update_66,2026-09-14T13:52:15,mbpo_HalfCheetah-v5_seed958,8aa0146f-1ae8-4177-bf49-9135e20d95e3,17.44511149199934,0.00020401393804363177,1.1694628974495473e-05,24.7275922425254,79.02722823900848,20.0,0.00010409536049844903,0.00033453026762400584,9.691430636666557e-05,0.0005355399344891196,0.0,Germany,DEU,baden-wurttemberg,,,Linux-7.0.0-31-generic-x86_64-with-glibc2.43,3.14.4,3.3.0,24,Intel(R) Core(TM) Ultra 9 285K,1,1 x NVIDIA GeForce RTX 5090,9.2986,48.7383,60.81614303588867,machine,0.0,0.0,0.0,0.0,N
rollout_66,2026-09-14T13:52:15,mbpo_HalfCheetah-v5_seed958,8aa0146f-1ae8-4177-bf49-9135e20d95e3,0.2089622679995955,2.3877535011325446e-06,1.1425958928746294e-05,24.72986069281627,78.96581176377973,20.0,1.48518618814375e-06,3.623614009989895e-06,1.1590919166640928e-06,6.267892114796003e-06,0.0,Germany,DEU,baden-wurttemberg,,,Linux-7.0.0-31-generic-x86_64-with-glibc2.43,3.14.4,3.3.0,24,Intel(R) Core(TM) Ultra 9 285K,1,1 x NVIDIA GeForce RTX 5090,9.2986,48.7383,60.81614303588867,machine,0.0,0.0,0.0,0.0,N
synthetic_rollout_generation_66,2026-09-14T13:52:15,mbpo_HalfCheetah-v5_seed958,8aa0146f-1ae8-4177-bf49-9135e20d95e3,0.006081816999540024,3.0659945863403815e-08,5.032193269477404e-06,24.717338634475013,78.67334579428424,20.0,4.8353372014697804e-08,0.0,3.212948889406986e-08,8.048286091050239e-08,0.0,Germany,DEU,baden-wurttemberg,,,Linux-7.0.0-31-generic-x86_64-with-glibc2.43,3.14.4,3.3.0,24,Intel(R) Core(TM) Ultra 9 285K,1,1 x NVIDIA GeForce RTX 5090,9.2986,48.7383,60.81614303588867,machine,0.0,0.0,0.0,0.0,N
gradient_updates_66,2026-09-14T13:52:23,mbpo_HalfCheetah-v5_seed958,8aa0146f-1ae8-4177-bf49-9135e20d95e3,8.005516299999726,0.00012082685104698732,1.5092961573357594e-05,24.706846269411407,78.73932664392326,20.0,5.79964700082522e-05,0.0002147032273179944,4.4472769000003694e-05,0.0003171724663262529,0.0,Germany,DEU,baden-wurttemberg,,,Linux-7.0.0-31-generic-x86_64-with-glibc2.43,3.14.4,3.3.0,24,Intel(R) Core(TM) Ultra 9 285K,1,1 x NVIDIA GeForce RTX 5090,9.2986,48.7383,60.81614303588867,machine,0.0,0.0,0.0,0.0,N
dynamics_model_update_67,2026-09-14T13:52:37,mbpo_HalfCheetah-v5_seed958,8aa0146f-1ae8-4177-bf49-9135e20d95e3,14.011963782999374,0.0001675166327141514,1.195523942878466e-05,24.711182705997963,78.70614189953872,20.0,9.05506491071309e-05,0.0002713391059600001,7.7844154144446e-05,0.00043973390921157873,0.0,Germany,DEU,baden-wurttemberg,,,Linux-7.0.0-31-generic-x86_64-with-glibc2.43,3.14.4,3.3.0,24,Intel(R) Core(TM) Ultra 9 285K,1,1 x NVIDIA GeForce RTX 5090,9.2986,48.7383,60.81614303588867,machine,0.0,0.0,0.0,0.0,N
rollout_67,2026-09-14T13:52:37,mbpo_HalfCheetah-v5_seed958,8aa0146f-1ae8-4177-bf49-9135e20d95e3,0.2080531260007774,2.3544004739174673e-06,1.1316099141031068e-05,24.718323447912365,78.6380893354667,20.0,1.5561393004737134e-06,3.470280554015992e-06,1.1539200166681488e-06,6.180339871160456e-06,0.0,Germany,DEU,baden-wurttemberg,,,Linux-7.0.0-31-generic-x86_64-with-glibc2.43,3.14.4,3.3.0,24,Intel(R) Core(TM) Ultra 9 285K,1,1 x NVIDIA GeForce RTX 5090,9.2986,48.7383,60.81614303588867,machine,0.0,0.0,0.0,0.0,N
synthetic_rollout_generation_67,2026-09-14T13:52:37,mbpo_HalfCheetah-v5_seed958,8aa0146f-1ae8-4177-bf49-9135e20d95e3,0.006058805999600736,2.7992402708287845e-08,4.612037638474017e-06,24.69430474226853,78.35108900942485,20.0,4.128336635739194e-08,0.0,3.219715000429141e-08,7.348051635908126e-08,0.0,Germany,DEU,baden-wurttemberg,,,Linux-7.0.0-31-generic-x86_64-with-glibc2.43,3.14.4,3.3.0,24,Intel(R) Core(TM) Ultra 9 285K,1,1 x NVIDIA GeForce RTX 5090,9.2986,48.7383,60.81614303588867,machine,0.0,0.0,0.0,0.0,N
gradient_updates_67,2026-09-14T13:52:45,mbpo_HalfCheetah-v5_seed958,8aa0146f-1ae8-4177-bf49-9135e20d95e3,8.059206367000115,0.00012108186032197196,1.502406051706852e-05,24.674060501160856,78.41138027523276,20.0,6.056336678398472e-05,0.00021250794778399085,4.4770555288889055e-05,0.00031784186985686635,0.0,Germany,DEU,baden-wurttemberg,,,Linux-7.0.0-31-generic-x86_64-with-glibc2.43,3.14.4,3.3.0,24,Intel(R) Core(TM) Ultra 9 285K,1,1 x NVIDIA GeForce RTX 5090,9.2986,48.7383,60.81614303588867,machine,0.0,0.0,0.0,0.0,N
dynamics_model_update_68,2026-09-14T13:52:58,mbpo_HalfCheetah-v5_seed958,8aa0146f-1ae8-4177-bf49-9135e20d95e3,12.510996097000316,0.00015356229567635785,1.2274194078792327e-05,24.682183458072736,78.38323644434188,20.0,8.810539853982419e-05,0.00024549602972999407,6.950211727777683e-05,0.0004031035455475951,0.0,Germany,DEU,baden-wurttemberg,,,Linux-7.0.0-31-generic-x86_64-with-glibc2.43,3.14.4,3.3.0,24,Intel(R) Core(TM) Ultra 9 285K,1,1 x NVIDIA GeForce RTX 5090,9.2986,48.7383,60.81614303588867,machine,0.0,0.0,0.0,0.0,N
rollout_68,2026-09-14T13:52:58,mbpo_HalfCheetah-v5_seed958,8aa0146f-1ae8-4177-bf49-9135e20d95e3,0.20729492499958724,2.3733896225910933e-06,1.1448737578692161e-05,24.688682840188832,78.32260310421918,20.0,1.5402365099656534e-06,3.5405583880127045e-06,1.1493917999967282e-06,6.230186697972484e-06,0.0,Germany,DEU,baden-wurttemberg,,,Linux-7.0.0-31-generic-x86_64-with-glibc2.43,3.14.4,3.3.0,24,Intel(R) Core(TM) Ultra 9 285K,1,1 x NVIDIA GeForce RTX 5090,9.2986,48.7383,60.81614303588867,machine,0.0,0.0,0.0,0.0,N
synthetic_rollout_generation_68,2026-09-14T13:52:58,mbpo_HalfCheetah-v5_seed958,8aa0146f-1ae8-4177-bf49-9135e20d95e3,0.0060985250001976965,3.152831332467465e-08,5.162578054246497e-06,24.677052115579976,78.04086712182992,20.0,4.969281752753574e-08,0.0,3.306952221955595e-08,8.276233974535696e-08,0.0,Germany,DEU,baden-wurttemberg,,,Linux-7.0.0-31-generic-x86_64-with-glibc2.43,3.14.4,3.3.0,24,Intel(R) Core(TM) Ultra 9 285K,1,1 x NVIDIA GeForce RTX 5090,9.2986,48.7383,60.81614303588867,machine,0.0,0.0,0.0,0.0,N
gradient_updates_68,2026-09-14T13:53:06,mbpo_HalfCheetah-v5_seed958,8aa0146f-1ae8-4177-bf49-9135e20d95e3,8.014956388999963,0.00012094034862817488,1.5089344253608981e-05,24.667754471952072,78.1034020402004,20.0,6.0359594398741445e-05,0.00021258517006798872,4.4525634872221755e-05,0.00031747039933895105,0.0,Germany,DEU,baden-wurttemberg,,,Linux-7.0.0-31-generic-x86_64-with-glibc2.43,3.14.4,3.3.0,24,Intel(R) Core(TM) Ultra 9 285K,1,1 x NVIDIA GeForce RTX 5090,9.2986,48.7383,60.81614303588867,machine,0.0,0.0,0.0,0.0,N
dynamics_model_update_69,2026-09-14T13:53:17,mbpo_HalfCheetah-v5_seed958,8aa0146f-1ae8-4177-bf49-9135e20d95e3,10.82127578499967,0.00013051503646091187,1.2060938492696698e-05,24.675543478646677,78.07333537238534,20.0,7.303260648158783e-05,0.00020945655645400463,6.011494905000178e-05,0.0003426041119855977,0.0,Germany,DEU,baden-wurttemberg,,,Linux-7.0.0-31-generic-x86_64-with-glibc2.43,3.14.4,3.3.0,24,Intel(R) Core(TM) Ultra 9 285K,1,1 x NVIDIA GeForce RTX 5090,9.2986,48.7383,60.81614303588867,machine,0.0,0.0,0.0,0.0,N
rollout_69,2026-09-14T13:53:17,mbpo_HalfCheetah-v5_seed958,8aa0146f-1ae8-4177-bf49-9135e20d95e3,0.20090645999971457,2.529381176882839e-06,1.2589918875649409e-05,24.704864904496244,78.0299481759651,20.0,1.8551603730154742e-06,3.6705584919999312e-06,1.1139482222208633e-06,6.639667087235401e-06,0.0,Germany,DEU,baden-wurttemberg,,,Linux-7.0.0-31-generic-x86_64-with-glibc2.43,3.14.4,3.3.0,24,Intel(R) Core(TM) Ultra 9 285K,1,1 x NVIDIA GeForce RTX 5090,9.2986,48.7383,60.81614303588867,machine,0.0,0.0,0.0,0.0,N
synthetic_rollout_generation_69,2026-09-14T13:53:17,mbpo_HalfCheetah-v5_seed958,8aa0146f-1ae8-4177-bf49-9135e20d95e3,0.006432027000300877,3.153095911104242e-08,4.8960660473893715e-06,24.693601781155955,77.75324623207871,20.0,5.065920719027339e-08,0.0,3.2110077780728163e-08,8.2769284974471e-08,0.0,Germany,DEU,baden-wurttemberg,,,Linux-7.0.0-31-generic-x86_64-with-glibc2.43,3.14.4,3.3.0,24,Intel(R) Core(TM) Ultra 9 285K,1,1 x NVIDIA GeForce RTX 5090,9.2986,48.7383,60.81614303588867,machine,0.0,0.0,0.0,0.0,N
gradient_updates_69,2026-09-14T13:53:25,mbpo_HalfCheetah-v5_seed958,8aa0146f-1ae8-4177-bf49-9135e20d95e3,8.131334458999845,0.00012013476803456741,1.4774314473930021e-05,24.68340049992781,77.81626801493917,20.0,5.42901673209889e-05,0.00021589433938200286,4.5171230361110495e-05,0.00031535573706410053,0.0,Germany,DEU,baden-wurttemberg,,,Linux-7.0.0-31-generic-x86_64-with-glibc2.43,3.14.4,3.3.0,24,Intel(R) Core(TM) Ultra 9 285K,1,1 x NVIDIA GeForce RTX 5090,9.2986,48.7383,60.81614303588867,machine,0.0,0.0,0.0,0.0,N
dynamics_model_update_70,2026-09-14T13:53:41,mbpo_HalfCheetah-v5_seed958,8aa0146f-1ae8-4177-bf49-9135e20d95e3,16.377375948000008,0.0001987008168206801,1.2132642714251911e-05,24.681311992990334,77.78735739097272,20.0,0.00011396223561415536,0.00031664775331799455,9.098291517778065e-05,0.000521592904109934,0.0,Germany,DEU,baden-wurttemberg,,,Linux-7.0.0-31-generic-x86_64-with-glibc2.43,3.14.4,3.3.0,24,Intel(R) Core(TM) Ultra 9 285K,1,1 x NVIDIA GeForce RTX 5090,9.2986,48.7383,60.81614303588867,machine,0.0,0.0,0.0,0.0,N
rollout_70,2026-09-14T13:53:42,mbpo_HalfCheetah-v5_seed958,8aa0146f-1ae8-4177-bf49-9135e20d95e3,0.20495127600042906,2.3251617263658764e-06,1.1344574696530307e-05,24.683040842140617,77.73163558547746,20.0,1.447514213562262e-06,3.5194472600141857e-06,1.1366262055566984e-06,6.103587679134881e-06,0.0,Germany,DEU,baden-wurttemberg,,,Linux-7.0.0-31-generic-x86_64-with-glibc2.43,3.14.4,3.3.0,24,Intel(R) Core(TM) Ultra 9 285K,1,1 x NVIDIA GeForce RTX 5090,9.2986,48.7383,60.81614303588867,machine,0.0,0.0,0.0,0.0,N
synthetic_rollout_generation_70,2026-09-14T13:53:42,mbpo_HalfCheetah-v5_seed958,8aa0146f-1ae8-4177-bf49-9135e20d95e3,0.006112189000305079,3.0964003416844577e-08,5.058575900546131e-06,24.671871418989284,77.4598466498639,20.0,4.899753919956895e-08,0.0,3.228347778168328e-08,8.12810169795175e-08,0.0,Germany,DEU,baden-wurttemberg,,,Linux-7.0.0-31-generic-x86_64-with-glibc2.43,3.14.4,3.3.0,24,Intel(R) Core(TM) Ultra 9 285K,1,1 x NVIDIA GeForce RTX 5090,9.2986,48.7383,60.81614303588867,machine,0.0,0.0,0.0,0.0,N
gradient_updates_70,2026-09-14T13:53:50,mbpo_HalfCheetah-v5_seed958,8aa0146f-1ae8-4177-bf49-9135e20d95e3,8.016214268000112,0.0001201941467713595,1.499389306561231e-05,24.662650131887023,77.52226048276944,20.0,5.8621078841268603e-05,0.00021235850321998928,4.4532025161111814e-05,0.0003155116072223671,0.0,Germany,DEU,baden-wurttemberg,,,Linux-7.0.0-31-generic-x86_64-with-glibc2.43,3.14.4,3.3.0,24,Intel(R) Core(TM) Ultra 9 285K,1,1 x NVIDIA GeForce RTX 5090,9.2986,48.7383,60.81614303588867,machine,0.0,0.0,0.0,0.0,N
dynamics_model_update_71,2026-09-14T13:54:17,mbpo_HalfCheetah-v5_seed958,8aa0146f-1ae8-4177-bf49-9135e20d95e3,27.607384179999826,0.0003360058848442572,1.2170859778774892e-05,24.66828573248419,77.49490556296365,20.0,0.00019457885399629116,0.000534070982811996,0.00015337112353888942,0.000882020960347174,0.0,Germany,DEU,baden-wurttemberg,,,Linux-7.0.0-31-generic-x86_64-with-glibc2.43,3.14.4,3.3.0,24,Intel(R) Core(TM) Ultra 9 285K,1,1 x NVIDIA GeForce RTX 5090,9.2986,48.7383,60.81614303588867,machine,0.0,0.0,0.0,0.0,N
rollout_71,2026-09-14T13:54:18,mbpo_HalfCheetah-v5_seed958,8aa0146f-1ae8-4177-bf49-9135e20d95e3,0.20221667899932072,2.5492276675732894e-06,1.2606561826046189e-05,24.697379298833646,77.45470774436939,20.0,1.876420667804024e-06,3.6941696219955356e-06,1.1211741611071718e-06,6.691764450908466e-06,0.0,Germany,DEU,baden-wurttemberg,,,Linux-7.0.0-31-generic-x86_64-with-glibc2.43,3.14.4,3.3.0,24,Intel(R) Core(TM) Ultra 9 285K,1,1 x NVIDIA GeForce RTX 5090,9.2986,48.7383,60.81614303588867,machine,0.0,0.0,0.0,0.0,N
synthetic_rollout_generation_71,2026-09-14T13:54:18,mbpo_HalfCheetah-v5_seed958,8aa0146f-1ae8-4177-bf49-9135e20d95e3,0.006094194000070274,3.2028859078825356e-08,5.24834315362253e-06,24.691590649570827,77.18762254525087,20.0,5.2083375001732435e-08,0.0,3.1992905557415297e-08,8.407628055567828e-08,0.0,Germany,DEU,baden-wurttemberg,,,Linux-7.0.0-31-generic-x86_64-with-glibc2.43,3.14.4,3.3.0,24,Intel(R) Core(TM) Ultra 9 285K,1,1 x NVIDIA GeForce RTX 5090,9.2986,48.7383,60.81614303588867,machine,0.0,0.0,0.0,0.0,N
gradient_updates_71,2026-09-14T13:54:26,mbpo_HalfCheetah-v5_seed958,8aa0146f-1ae8-4177-bf49-9135e20d95e3,8.005517788999896,0.00012016451658901015,1.5010224979035137e-05,24.687224937586215,77.24953720188975,20.0,5.92584035177951e-05,0.00021170266936200444,4.4472754627773725e-05,0.00031543382750757326,0.0,Germany,DEU,baden-wurttemberg,,,Linux-7.0.0-31-generic-x86_64-with-glibc2.43,3.14.4,3.3.0,24,Intel(R) Core(TM) Ultra 9 285K,1,1 x NVIDIA GeForce RTX 5090,9.2986,48.7383,60.81614303588867,machine,0.0,0.0,0.0,0.0,N
dynamics_model_update_72,2026-09-14T13:54:37,mbpo_HalfCheetah-v5_seed958,8aa0146f-1ae8-4177-bf49-9135e20d95e3,11.166145004999635,0.00013663766622690893,1.2236787105860269e-05,24.693550945148786,77.22565966434205,20.0,7.867453377290862e-05,0.00021797045215400657,6.20311296444416e-05,0.00035867611557136025,0.0,Germany,DEU,baden-wurttemberg,,,Linux-7.0.0-31-generic-x86_64-with-glibc2.43,3.14.4,3.3.0,24,Intel(R) Core(TM) Ultra 9 285K,1,1 x NVIDIA GeForce RTX 5090,9.2986,48.7383,60.81614303588867,machine,0.0,0.0,0.0,0.0,N
rollout_72,2026-09-14T13:54:37,mbpo_HalfCheetah-v5_seed958,8aa0146f-1ae8-4177-bf49-9135e20d95e3,0.20091424800011737,2.4982486184176034e-06,1.2434112634292342e-05,24.724573467562795,77.1788322415576,20.0,1.9045137458276185e-06,3.53916949799582e-06,1.114260366669173e-06,6.5579436104926114e-06,0.0,Germany,DEU,baden-wurttemberg,,,Linux-7.0.0-31-generic-x86_64-with-glibc2.43,3.14.4,3.3.0,24,Intel(R) Core(TM) Ultra 9 285K,1,1 x NVIDIA GeForce RTX 5090,9.2986,48.7383,60.81614303588867,machine,0.0,0.0,0.0,0.0,N
synthetic_rollout_generation_72,2026-09-14T13:54:37,mbpo_HalfCheetah-v5_seed958,8aa0146f-1ae8-4177-bf49-9135e20d95e3,0.006110446999628039,3.1649703573222165e-08,5.171510896209314e-06,24.71776253060177,76.91631920672238,20.0,5.14219855862752e-08,0.0,3.1659005550813135e-08,8.308099113535361e-08,0.0,Germany,DEU,baden-wurttemberg,,,Linux-7.0.0-31-generic-x86_64-with-glibc2.43,3.14.4,3.3.0,24,Intel(R) Core(TM) Ultra 9 285K,1,1 x NVIDIA GeForce RTX 5090,9.2986,48.7383,60.81614303588867,machine,0.0,0.0,0.0,0.0,N
gradient_updates_72,2026-09-14T13:54:45,mbpo_HalfCheetah-v5_seed958,8aa0146f-1ae8-4177-bf49-9135e20d95e3,8.017985065000175,0.0001203929650794612,1.5015376260784676e-05,24.71255372515418,76.97776018618549,20.0,5.982297758056615e-05,0.00021166850266800263,4.454202829444649e-05,0.00031603350854301354,0.0,Germany,DEU,baden-wurttemberg,,,Linux-7.0.0-31-generic-x86_64-with-glibc2.43,3.14.4,3.3.0,24,Intel(R) Core(TM) Ultra 9 285K,1,1 x NVIDIA GeForce RTX 5090,9.2986,48.7383,60.81614303588867,machine,0.0,0.0,0.0,0.0,N
dynamics_model_update_73,2026-09-14T13:55:16,mbpo_HalfCheetah-v5_seed958,8aa0146f-1ae8-4177-bf49-9135e20d95e3,30.772320060999846,0.0003615977960299624,1.175074059277745e-05,24.719209846815062,76.95241701045778,20.0,0.0001843818469497993,0.0005938640862019895,0.00017095421392778094,0.000949200147079568,0.0,Germany,DEU,baden-wurttemberg,,,Linux-7.0.0-31-generic-x86_64-with-glibc2.43,3.14.4,3.3.0,24,Intel(R) Core(TM) Ultra 9 285K,1,1 x NVIDIA GeForce RTX 5090,9.2986,48.7383,60.81614303588867,machine,0.0,0.0,0.0,0.0,N
rollout_73,2026-09-14T13:55:16,mbpo_HalfCheetah-v5_seed958,8aa0146f-1ae8-4177-bf49-9135e20d95e3,0.20909013400068943,2.4130286288524816e-06,1.1540193641466619e-05,24.720016953268654,76.90875353221288,20.0,1.4638239488398708e-06,3.7108363020038615e-06,1.1595794888862726e-06,6.33423973973174e-06,0.0,Germany,DEU,baden-wurttemberg,,,Linux-7.0.0-31-generic-x86_64-with-glibc2.43,3.14.4,3.3.0,24,Intel(R) Core(TM) Ultra 9 285K,1,1 x NVIDIA GeForce RTX 5090,9.2986,48.7383,60.81614303588867,machine,0.0,0.0,0.0,0.0,N
synthetic_rollout_generation_73,2026-09-14T13:55:16,mbpo_HalfCheetah-v5_seed958,8aa0146f-1ae8-4177-bf49-9135e20d95e3,0.006156089999421965,3.072152858149546e-08,4.981046145847905e-06,24.70839384109505,76.65067046666854,20.0,4.847198321888957e-08,0.0,3.2172533333610365e-08,8.064451655076521e-08,0.0,Germany,DEU,baden-wurttemberg,,,Linux-7.0.0-31-generic-x86_64-with-glibc2.43,3.14.4,3.3.0,24,Intel(R) Core(TM) Ultra 9 285K,1,1 x NVIDIA GeForce RTX 5090,9.2986,48.7383,60.81614303588867,machine,0.0,0.0,0.0,0.0,N
gradient_updates_73,2026-09-14T13:55:24,mbpo_HalfCheetah-v5_seed958,8aa0146f-1ae8-4177-bf49-9135e20d95e3,8.185232580999582,0.00011921923653500019,1.4565168859155532e-05,24.6974853129633,76.71093989740422,20.0,5.223930512474051e-05,0.00021524211663800918,4.547103009444435e-05,0.0003129524518571958,0.0,Germany,DEU,baden-wurttemberg,,,Linux-7.0.0-31-generic-x86_64-with-glibc2.43,3.14.4,3.3.0,24,Intel(R) Core(TM) Ultra 9 285K,1,1 x NVIDIA GeForce RTX 5090,9.2986,48.7383,60.81614303588867,machine,0.0,0.0,0.0,0.0,N
dynamics_model_update_74,2026-09-14T13:55:44,mbpo_HalfCheetah-v5_seed958,8aa0146f-1ae8-4177-bf49-9135e20d95e3,19.459393439999985,0.00022858498201972638,1.1746770595890096e-05,24.691498413244407,76.68660562991964,20.0,0.00011675318201358198,0.00037518168903399873,0.00010810445699999983,0.0006000393280475788,0.0,Germany,DEU,baden-wurttemberg,,,Linux-7.0.0-31-generic-x86_64-with-glibc2.43,3.14.4,3.3.0,24,Intel(R) Core(TM) Ultra 9 285K,1,1 x NVIDIA GeForce RTX 5090,9.2986,48.7383,60.81614303588867,machine,0.0,0.0,0.0,0.0,N
rollout_74,2026-09-14T13:55:44,mbpo_HalfCheetah-v5_seed958,8aa0146f-1ae8-4177-bf49-9135e20d95e3,0.2104085290002331,2.351396774250003e-06,1.1175471083199739e-05,24.694289813191563,76.63108458590334,20.0,1.5064125940197903e-06,3.4994472440097457e-06,1.166595272222501e-06,6.172455110253772e-06,0.0,Germany,DEU,baden-wurttemberg,,,Linux-7.0.0-31-generic-x86_64-with-glibc2.43,3.14.4,3.3.0,24,Intel(R) Core(TM) Ultra 9 285K,1,1 x NVIDIA GeForce RTX 5090,9.2986,48.7383,60.81614303588867,machine,0.0,0.0,0.0,0.0,N
synthetic_rollout_generation_74,2026-09-14T13:55:44,mbpo_HalfCheetah-v5_seed958,8aa0146f-1ae8-4177-bf49-9135e20d95e3,0.006128101999820501,3.347675161732844e-08,5.453962027233069e-06,24.69312951325303,76.37733927270499,20.0,5.555893333591966e-08,0.0,3.23180888908009e-08,8.787702222845528e-08,0.0,Germany,DEU,baden-wurttemberg,,,Linux-7.0.0-31-generic-x86_64-with-glibc2.43,3.14.4,3.3.0,24,Intel(R) Core(TM) Ultra 9 285K,1,1 x NVIDIA GeForce RTX 5090,9.2986,48.7383,60.81614303588867,machine,0.0,0.0,0.0,0.0,N
gradient_updates_74,2026-09-14T13:55:52,mbpo_HalfCheetah-v5_seed958,8aa0146f-1ae8-4177-bf49-9135e20d95e3,7.995154281000396,0.00011968044093164237,1.4969136478034969e-05,24.692727754144617,76.43977135255768,20.0,5.8121676497303876e-05,0.00021162655818998677,4.441488627777816e-05,0.00031416312096507054,0.0,Germany,DEU,baden-wurttemberg,,,Linux-7.0.0-31-generic-x86_64-with-glibc2.43,3.14.4,3.3.0,24,Intel(R) Core(TM) Ultra 9 285K,1,1 x NVIDIA GeForce RTX 5090,9.2986,48.7383,60.81614303588867,machine,0.0,0.0,0.0,0.0,N
dynamics_model_update_75,2026-09-14T13:56:07,mbpo_HalfCheetah-v5_seed958,8aa0146f-1ae8-4177-bf49-9135e20d95e3,15.671983352000098,0.00018557031737585772,1.1840877923151737e-05,24.696797901582922,76.41686653362474,20.0,9.761659170432618e-05,0.0003024452419560092,8.706329398333428e-05,0.0004871251276436714,0.0,Germany,DEU,baden-wurttemberg,,,Linux-7.0.0-31-generic-x86_64-with-glibc2.43,3.14.4,3.3.0,24,Intel(R) Core(TM) Ultra 9 285K,1,1 x NVIDIA GeForce RTX 5090,9.2986,48.7383,60.81614303588867,machine,0.0,0.0,0.0,0.0,N
rollout_75,2026-09-14T13:56:08,mbpo_HalfCheetah-v5_seed958,8aa0146f-1ae8-4177-bf49-9135e20d95e3,0.20930353400035528,2.3726837414944635e-06,1.1335650867194373e-05,24.701068924622287,76.36629895489968,20.0,1.5264867767456058e-06,3.541113943988927e-06,1.1607330277756817e-06,6.2283337485119494e-06,0.0,Germany,DEU,baden-wurttemberg,,,Linux-7.0.0-31-generic-x86_64-with-glibc2.43,3.14.4,3.3.0,24,Intel(R) Core(TM) Ultra 9 285K,1,1 x NVIDIA GeForce RTX 5090,9.2986,48.7383,60.81614303588867,machine,0.0,0.0,0.0,0.0,N
synthetic_rollout_generation_75,2026-09-14T13:56:08,mbpo_HalfCheetah-v5_seed958,8aa0146f-1ae8-4177-bf49-9135e20d95e3,0.00603744700038078,3.045977346044504e-08,5.035855268986748e-06,24.689640770688992,76.1167358864196,20.0,4.799726062432175e-08,0.0,3.196014444241391e-08,7.995740506500093e-08,0.0,Germany,DEU,baden-wurttemberg,,,Linux-7.0.0-31-generic-x86_64-with-glibc2.43,3.14.4,3.3.0,24,Intel(R) Core(TM) Ultra 9 285K,1,1 x NVIDIA GeForce RTX 5090,9.2986,48.7383,60.81614303588867,machine,0.0,0.0,0.0,0.0,N
gradient_updates_75,2026-09-14T13:56:16,mbpo_HalfCheetah-v5_seed958,8aa0146f-1ae8-4177-bf49-9135e20d95e3,8.027337769999576,0.00012003583149262226,1.4953393391444268e-05,24.680175599974906,76.1778783765004,20.0,5.8930967144738e-05,0.00021157128036800033,4.459377950555635e-05,0.00031509602701829814,0.0,Germany,DEU,baden-wurttemberg,,,Linux-7.0.0-31-generic-x86_64-with-glibc2.43,3.14.4,3.3.0,24,Intel(R) Core(TM) Ultra 9 285K,1,1 x NVIDIA GeForce RTX 5090,9.2986,48.7383,60.81614303588867,machine,0.0,0.0,0.0,0.0,N
dynamics_model_update_76,2026-09-14T13:56:43,mbpo_HalfCheetah-v5_seed958,8aa0146f-1ae8-4177-bf49-9135e20d95e3,27.490313834000517,0.00033431733418771634,1.2161278685236357e-05,24.685712711772226,76.15625445232368,20.0,0.0001939914257485728,0.0005308684802500102,0.00015272858117222274,0.0008775884871708023,0.0,Germany,DEU,baden-wurttemberg,,,Linux-7.0.0-31-generic-x86_64-with-glibc2.43,3.14.4,3.3.0,24,Intel(R) Core(TM) Ultra 9 285K,1,1 x NVIDIA GeForce RTX 5090,9.2986,48.7383,60.81614303588867,machine,0.0,0.0,0.0,0.0,N
rollout_76,2026-09-14T13:56:43,mbpo_HalfCheetah-v5_seed958,8aa0146f-1ae8-4177-bf49-9135e20d95e3,0.2005959719999737,2.48354318801991e-06,1.2380083457626953e-05,24.710710840848655,76.11817840085182,20.0,1.824456459562085e-06,3.5825028659869362e-06,1.112382288885605e-06,6.519341614434626e-06,0.0,Germany,DEU,baden-wurttemberg,,,Linux-7.0.0-31-generic-x86_64-with-glibc2.43,3.14.4,3.3.0,24,Intel(R) Core(TM) Ultra 9 285K,1,1 x NVIDIA GeForce RTX 5090,9.2986,48.7383,60.81614303588867,machine,0.0,0.0,0.0,0.0,N
synthetic_rollout_generation_76,2026-09-14T13:56:43,mbpo_HalfCheetah-v5_seed958,8aa0146f-1ae8-4177-bf49-9135e20d95e3,0.006137481000223488,3.207242501440666e-08,5.220514666140318e-06,24.705237944121926,75.87263588988132,20.0,5.2320597410115965e-08,0.0,3.1870044443771395e-08,8.419064185388736e-08,0.0,Germany,DEU,baden-wurttemberg,,,Linux-7.0.0-31-generic-x86_64-with-glibc2.43,3.14.4,3.3.0,24,Intel(R) Core(TM) Ultra 9 285K,1,1 x NVIDIA GeForce RTX 5090,9.2986,48.7383,60.81614303588867,machine,0.0,0.0,0.0,0.0,N
gradient_updates_76,2026-09-14T13:56:51,mbpo_HalfCheetah-v5_seed958,8aa0146f-1ae8-4177-bf49-9135e20d95e3,8.020848893999755,0.0001194024893933672,1.488652244191725e-05,24.700882334774462,75.93296269957166,20.0,5.803843143070697e-05,0.00021083711311399578,4.455794907222421e-05,0.00031343349361692696,0.0,Germany,DEU,baden-wurttemberg,,,Linux-7.0.0-31-generic-x86_64-with-glibc2.43,3.14.4,3.3.0,24,Intel(R) Core(TM) Ultra 9 285K,1,1 x NVIDIA GeForce RTX 5090,9.2986,48.7383,60.81614303588867,machine,0.0,0.0,0.0,0.0,N
dynamics_model_update_77,2026-09-14T13:57:20,mbpo_HalfCheetah-v5_seed958,8aa0146f-1ae8-4177-bf49-9135e20d95e3,29.023577470999953,0.0003321202297440831,1.144311073232333e-05,24.704495344181566,75.90926060767202,20.0,0.0001580320669811175,0.0005525501642620056,0.00016123882071666755,0.0008718210519597924,0.0,Germany,DEU,baden-wurttemberg,,,Linux-7.0.0-31-generic-x86_64-with-glibc2.43,3.14.4,3.3.0,24,Intel(R) Core(TM) Ultra 9 285K,1,1 x NVIDIA GeForce RTX 5090,9.2986,48.7383,60.81614303588867,machine,0.0,0.0,0.0,0.0,N
rollout_77,2026-09-14T13:57:21,mbpo_HalfCheetah-v5_seed958,8aa0146f-1ae8-4177-bf49-9135e20d95e3,0.2031816369999433,2.4404256303914296e-06,1.2010112514831809e-05,24.727729534922187,75.86276791617115,20.0,1.823099791811722e-06,3.45666943200873e-06,1.1263880944425986e-06,6.4061573182630505e-06,0.0,Germany,DEU,baden-wurttemberg,,,Linux-7.0.0-31-generic-x86_64-with-glibc2.43,3.14.4,3.3.0,24,Intel(R) Core(TM) Ultra 9 285K,1,1 x NVIDIA GeForce RTX 5090,9.2986,48.7383,60.81614303588867,machine,0.0,0.0,0.0,0.0,N
synthetic_rollout_generation_77,2026-09-14T13:57:21,mbpo_HalfCheetah-v5_seed958,8aa0146f-1ae8-4177-bf49-9135e20d95e3,0.006140315999800805,3.091383869377462e-08,5.0248560015058785e-06,24.717809094302893,75.6211667444636,20.0,4.913309486348494e-08,0.0,3.2016238885740345e-08,8.114933375269473e-08,0.0,Germany,DEU,baden-wurttemberg,,,Linux-7.0.0-31-generic-x86_64-with-glibc2.43,3.14.4,3.3.0,24,Intel(R) Core(TM) Ultra 9 285K,1,1 x NVIDIA GeForce RTX 5090,9.2986,48.7383,60.81614303588867,machine,0.0,0.0,0.0,0.0,N
gradient_updates_77,2026-09-14T13:57:29,mbpo_HalfCheetah-v5_seed958,8aa0146f-1ae8-4177-bf49-9135e20d95e3,8.024027264999859,0.0001196157181286954,1.4907208975565427e-05,24.709451387155223,75.68271717366416,20.0,5.766355751969654e-05,0.00021175461384799477,4.457505117777885e-05,0.0003139932225454667,0.0,Germany,DEU,baden-wurttemberg,,,Linux-7.0.0-31-generic-x86_64-with-glibc2.43,3.14.4,3.3.0,24,Intel(R) Core(TM) Ultra 9 285K,1,1 x NVIDIA GeForce RTX 5090,9.2986,48.7383,60.81614303588867,machine,0.0,0.0,0.0,0.0,N
dynamics_model_update_78,2026-09-14T13:57:41,mbpo_HalfCheetah-v5_seed958,8aa0146f-1ae8-4177-bf49-9135e20d95e3,12.223504888001116,0.0001446876813616313,1.1836837391037052e-05,24.712249481622386,75.6631987675807,20.0,7.587817931360707e-05,0.0002360237999299991,6.790555812777842e-05,0.00037980753737138634,0.0,Germany,DEU,baden-wurttemberg,,,Linux-7.0.0-31-generic-x86_64-with-glibc2.43,3.14.4,3.3.0,24,Intel(R) Core(TM) Ultra 9 285K,1,1 x NVIDIA GeForce RTX 5090,9.2986,48.7383,60.81614303588867,machine,0.0,0.0,0.0,0.0,N
rollout_78,2026-09-14T13:57:41,mbpo_HalfCheetah-v5_seed958,8aa0146f-1ae8-4177-bf49-9135e20d95e3,0.20641463500032842,2.4316458991334444e-06,1.1780537282935885e-05,24.71776755558988,75.62874528881348,20.0,1.5320815034344792e-06,3.706391853999791e-06,1.1446370222281677e-06,6.383110379662438e-06,0.0,Germany,DEU,baden-wurttemberg,,,Linux-7.0.0-31-generic-x86_64-with-glibc2.43,3.14.4,3.3.0,24,Intel(R) Core(TM) Ultra 9 285K,1,1 x NVIDIA GeForce RTX 5090,9.2986,48.7383,60.81614303588867,machine,0.0,0.0,0.0,0.0,N
synthetic_rollout_generation_78,2026-09-14T13:57:41,mbpo_HalfCheetah-v5_seed958,8aa0146f-1ae8-4177-bf49-9135e20d95e3,0.006827687000622973,6.845384414623512e-07,0.00010013203541102577,24.71720524326245,78.69427455640424,20.0,6.064504851077679e-08,1.7041680299978434e-06,3.211156110634328e-08,1.7969246396132288e-06,0.0,Germany,DEU,baden-wurttemberg,,,Linux-7.0.0-31-generic-x86_64-with-glibc2.43,3.14.4,3.3.0,24,Intel(R) Core(TM) Ultra 9 285K,1,1 x NVIDIA GeForce RTX 5090,9.2986,48.7383,60.81614303588867,machine,0.0,0.0,0.0,0.0,N
gradient_updates_78,2026-09-14T13:57:49,mbpo_HalfCheetah-v5_seed958,8aa0146f-1ae8-4177-bf49-9135e20d95e3,8.023791964998964,0.0001199755512958367,1.4952487385819447e-05,24.717264396115528,78.74534873460046,20.0,5.866237915208572e-05,0.00021170100269400638,4.457440866667203e-05,0.00031493779051276066,0.0,Germany,DEU,baden-wurttemberg,,,Linux-7.0.0-31-generic-x86_64-with-glibc2.43,3.14.4,3.3.0,24,Intel(R) Core(TM) Ultra 9 285K,1,1 x NVIDIA GeForce RTX 5090,9.2986,48.7383,60.81614303588867,machine,0.0,0.0,0.0,0.0,N
dynamics_model_update_79,2026-09-14T13:58:01,mbpo_HalfCheetah-v5_seed958,8aa0146f-1ae8-4177-bf49-9135e20d95e3,12.203509760000088,0.0001488542795276826,1.219763901363784e-05,24.72214345618475,78.71615491813927,20.0,8.769195376462369e-05,0.00023525879931800275,6.779417283332874e-05,0.00039074492591595344,0.0,Germany,DEU,baden-wurttemberg,,,Linux-7.0.0-31-generic-x86_64-with-glibc2.43,3.14.4,3.3.0,24,Intel(R) Core(TM) Ultra 9 285K,1,1 x NVIDIA GeForce RTX 5090,9.2986,48.7383,60.81614303588867,machine,0.0,0.0,0.0,0.0,N
rollout_79,2026-09-14T13:58:02,mbpo_HalfCheetah-v5_seed958,8aa0146f-1ae8-4177-bf49-9135e20d95e3,0.20040243299990834,2.477888643603876e-06,1.2364295415676522e-05,24.7487542370458,78.66844314055156,20.0,1.8704359407914484e-06,3.52305837400535e-06,1.111004027774462e-06,6.504498342572995e-06,0.0,Germany,DEU,baden-wurttemberg,,,Linux-7.0.0-31-generic-x86_64-with-glibc2.43,3.14.4,3.3.0,24,Intel(R) Core(TM) Ultra 9 285K,1,1 x NVIDIA GeForce RTX 5090,9.2986,48.7383,60.81614303588867,machine,0.0,0.0,0.0,0.0,N
synthetic_rollout_generation_79,2026-09-14T13:58:02,mbpo_HalfCheetah-v5_seed958,8aa0146f-1ae8-4177-bf49-9135e20d95e3,0.006093639000027906,3.6806356119162276e-08,6.0345322418430925e-06,24.734717949007063,78.42413120533246,20.0,5.52705997705627e-08,0.0,4.134668889557713e-08,9.661728866960928e-08,0.0,Germany,DEU,baden-wurttemberg,,,Linux-7.0.0-31-generic-x86_64-with-glibc2.43,3.14.4,3.3.0,24,Intel(R) Core(TM) Ultra 9 285K,1,1 x NVIDIA GeForce RTX 5090,9.2986,48.7383,60.81614303588867,machine,0.0,0.0,0.0,0.0,N
gradient_updates_79,2026-09-14T13:58:10,mbpo_HalfCheetah-v5_seed958,8aa0146f-1ae8-4177-bf49-9135e20d95e3,8.032661742001437,0.00012027143173173535,1.4972817956486645e-05,24.723075042293075,78.474081021018,20.0,6.011282614577784e-05,0.00021097794655998425,4.4623708805556495e-05,0.0003157144815113186,0.0,Germany,DEU,baden-wurttemberg,,,Linux-7.0.0-31-generic-x86_64-with-glibc2.43,3.14.4,3.3.0,24,Intel(R) Core(TM) Ultra 9 285K,1,1 x NVIDIA GeForce RTX 5090,9.2986,48.7383,60.81614303588867,machine,0.0,0.0,0.0,0.0,N
dynamics_model_update_80,2026-09-14T13:58:40,mbpo_HalfCheetah-v5_seed958,8aa0146f-1ae8-4177-bf49-9135e20d95e3,30.823423290999926,0.00037487008147566586,1.2161857666628167e-05,24.729744285283093,78.44653160613515,20.0,0.00021733585664632932,0.0005954660319280047,0.0001712382255500012,0.0009840401141243335,0.0,Germany,DEU,baden-wurttemberg,,,Linux-7.0.0-31-generic-x86_64-with-glibc2.43,3.14.4,3.3.0,24,Intel(R) Core(TM) Ultra 9 285K,1,1 x NVIDIA GeForce RTX 5090,9.2986,48.7383,60.81614303588867,machine,0.0,0.0,0.0,0.0,N
rollout_80,2026-09-14T13:58:41,mbpo_HalfCheetah-v5_seed958,8aa0146f-1ae8-4177-bf49-9135e20d95e3,0.19996761800030072,2.496539450617258e-06,1.2484656782374108e-05,24.758087779243706,78.40162687469457,20.0,1.904276523419235e-06,3.5405583879988267e-06,1.1086221055542356e-06,6.553457016972297e-06,0.0,Germany,DEU,baden-wurttemberg,,,Linux-7.0.0-31-generic-x86_64-with-glibc2.43,3.14.4,3.3.0,24,Intel(R) Core(TM) Ultra 9 285K,1,1 x NVIDIA GeForce RTX 5090,9.2986,48.7383,60.81614303588867,machine,0.0,0.0,0.0,0.0,N
synthetic_rollout_generation_80,2026-09-14T13:58:41,mbpo_HalfCheetah-v5_seed958,8aa0146f-1ae8-4177-bf49-9135e20d95e3,0.006222955998964608,3.269616969878153e-08,5.24372963289919e-06,24.753908164571328,78.1611310867354,20.0,5.3744765214636114e-08,0.0,3.208321667363956e-08,8.582798188827567e-08,0.0,Germany,DEU,baden-wurttemberg,,,Linux-7.0.0-31-generic-x86_64-with-glibc2.43,3.14.4,3.3.0,24,Intel(R) Core(TM) Ultra 9 285K,1,1 x NVIDIA GeForce RTX 5090,9.2986,48.7383,60.81614303588867,machine,0.0,0.0,0.0,0.0,N
gradient_updates_80,2026-09-14T13:58:49,mbpo_HalfCheetah-v5_seed958,8aa0146f-1ae8-4177-bf49-9135e20d95e3,8.013266449999719,0.00012002698759207633,1.4978548680205953e-05,24.750738427096195,78.21340344979546,20.0,5.853900349783031e-05,0.00021201794739200697,4.451586074443771e-05,0.00031507281163427325,0.0,Germany,DEU,baden-wurttemberg,,,Linux-7.0.0-31-generic-x86_64-with-glibc2.43,3.14.4,3.3.0,24,Intel(R) Core(TM) Ultra 9 285K,1,1 x NVIDIA GeForce RTX 5090,9.2986,48.7383,60.81614303588867,machine,0.0,0.0,0.0,0.0,N
dynamics_model_update_81,2026-09-14T13:59:18,mbpo_HalfCheetah-v5_seed958,8aa0146f-1ae8-4177-bf49-9135e20d95e3,29.162499674999708,0.0003518209195508201,1.2064145762463658e-05,24.755260025910005,78.1867330232661,20.0,0.00019878160902515873,0.0005627357279660017,0.0001620183489277737,0.0009235356859189359,0.0,Germany,DEU,baden-wurttemberg,,,Linux-7.0.0-31-generic-x86_64-with-glibc2.43,3.14.4,3.3.0,24,Intel(R) Core(TM) Ultra 9 285K,1,1 x NVIDIA GeForce RTX 5090,9.2986,48.7383,60.81614303588867,machine,0.0,0.0,0.0,0.0,N
rollout_81,2026-09-14T13:59:18,mbpo_HalfCheetah-v5_seed958,8aa0146f-1ae8-4177-bf49-9135e20d95e3,0.20748544100024446,2.379126039772639e-06,1.1466591951758923e-05,24.75970211932996,78.13768751693866,20.0,1.525638720516198e-06,3.56944729999753e-06,1.1501588666664592e-06,6.245244887181922e-06,0.0,Germany,DEU,baden-wurttemberg,,,Linux-7.0.0-31-generic-x86_64-with-glibc2.43,3.14.4,3.3.0,24,Intel(R) Core(TM) Ultra 9 285K,1,1 x NVIDIA GeForce RTX 5090,9.2986,48.7383,60.81614303588867,machine,0.0,0.0,0.0,0.0,N
synthetic_rollout_generation_81,2026-09-14T13:59:18,mbpo_HalfCheetah-v5_seed958,8aa0146f-1ae8-4177-bf49-9135e20d95e3,0.006071828000131063,3.0936822673077735e-08,5.087187910631135e-06,24.75019165158728,77.9009066456752,20.0,4.91333726412857e-08,0.0,3.207629443828519e-08,8.120966708130561e-08,0.0,Germany,DEU,baden-wurttemberg,,,Linux-7.0.0-31-generic-x86_64-with-glibc2.43,3.14.4,3.3.0,24,Intel(R) Core(TM) Ultra 9 285K,1,1 x NVIDIA GeForce RTX 5090,9.2986,48.7383,60.81614303588867,machine,0.0,0.0,0.0,0.0,N
gradient_updates_81,2026-09-14T13:59:26,mbpo_HalfCheetah-v5_seed958,8aa0146f-1ae8-4177-bf49-9135e20d95e3,8.016220486000748,0.00011998190782425838,1.4967398291335127e-05,24.742449078373,77.95173247846341,20.0,5.9505527326600416e-05,0.00021091655762199568,4.4532391555558715e-05,0.0003149544765041548,0.0,Germany,DEU,baden-wurttemberg,,,Linux-7.0.0-31-generic-x86_64-with-glibc2.43,3.14.4,3.3.0,24,Intel(R) Core(TM) Ultra 9 285K,1,1 x NVIDIA GeForce RTX 5090,9.2986,48.7383,60.81614303588867,machine,0.0,0.0,0.0,0.0,N
dynamics_model_update_82,2026-09-14T13:59:41,mbpo_HalfCheetah-v5_seed958,8aa0146f-1ae8-4177-bf49-9135e20d95e3,14.713009925000733,0.00017884385178170564,1.2155498119486008e-05,24.74813850565416,77.92607171530544,20.0,0.00010397542679137922,0.00028375689367199364,8.173572463888827e-05,0.00046946804510226287,0.0,Germany,DEU,baden-wurttemberg,,,Linux-7.0.0-31-generic-x86_64-with-glibc2.43,3.14.4,3.3.0,24,Intel(R) Core(TM) Ultra 9 285K,1,1 x NVIDIA GeForce RTX 5090,9.2986,48.7383,60.81614303588867,machine,0.0,0.0,0.0,0.0,N
rollout_82,2026-09-14T13:59:41,mbpo_HalfCheetah-v5_seed958,8aa0146f-1ae8-4177-bf49-9135e20d95e3,0.20006478899995273,2.482712592087599e-06,1.240881206055616e-05,24.772843763183054,77.88415854685101,20.0,1.8539225942471038e-06,3.55278062001696e-06,1.1104580722228613e-06,6.51716128648866e-06,0.0,Germany,DEU,baden-wurttemberg,,,Linux-7.0.0-31-generic-x86_64-with-glibc2.43,3.14.4,3.3.0,24,Intel(R) Core(TM) Ultra 9 285K,1,1 x NVIDIA GeForce RTX 5090,9.2986,48.7383,60.81614303588867,machine,0.0,0.0,0.0,0.0,N
synthetic_rollout_generation_82,2026-09-14T13:59:41,mbpo_HalfCheetah-v5_seed958,8aa0146f-1ae8-4177-bf49-9135e20d95e3,0.006056719999833149,3.1306041755468916e-08,5.161150426601545e-06,24.764166621086545,77.65097244341733,20.0,4.9879206563685496e-08,0.0,3.2299666660046134e-08,8.217887322720108e-08,0.0,Germany,DEU,baden-wurttemberg,,,Linux-7.0.0-31-generic-x86_64-with-glibc2.43,3.14.4,3.3.0,24,Intel(R) Core(TM) Ultra 9 285K,1,1 x NVIDIA GeForce RTX 5090,9.2986,48.7383,60.81614303588867,machine,0.0,0.0,0.0,0.0,N
gradient_updates_82,2026-09-14T13:59:49,mbpo_HalfCheetah-v5_seed958,8aa0146f-1ae8-4177-bf49-9135e20d95e3,8.029002123001192,0.00012053454720553983,1.5012412019626199e-05,24.756971432963326,77.70479033764332,20.0,5.841774728971433e-05,0.00021338405959599183,4.460335706110881e-05,0.00031640516394681323,0.0,Germany,DEU,baden-wurttemberg,,,Linux-7.0.0-31-generic-x86_64-with-glibc2.43,3.14.4,3.3.0,24,Intel(R) Core(TM) Ultra 9 285K,1,1 x NVIDIA GeForce RTX 5090,9.2986,48.7383,60.81614303588867,machine,0.0,0.0,0.0,0.0,N
dynamics_model_update_83,2026-09-14T14:00:06,mbpo_HalfCheetah-v5_seed958,8aa0146f-1ae8-4177-bf49-9135e20d95e3,17.21751550999943,0.00020705090950482938,1.2025583608035683e-05,24.760904435103292,77.68007829309646,20.0,0.00011594695997971943,0.0003319149877540062,9.565008666667305e-05,0.0005435120344003952,0.0,Germany,DEU,baden-wurttemberg,,,Linux-7.0.0-31-generic-x86_64-with-glibc2.43,3.14.4,3.3.0,24,Intel(R) Core(TM) Ultra 9 285K,1,1 x NVIDIA GeForce RTX 5090,9.2986,48.7383,60.81614303588867,machine,0.0,0.0,0.0,0.0,N
rollout_83,2026-09-14T14:00:06,mbpo_HalfCheetah-v5_seed958,8aa0146f-1ae8-4177-bf49-9135e20d95e3,0.20867420799913816,2.618541403990454e-06,1.2549156194097874e-05,24.789933021846384,77.63920380021615,20.0,2.0213621726439257e-06,3.696114067988643e-06,1.156237905555052e-06,6.87371414619109e-06,0.0,Germany,DEU,baden-wurttemberg,,,Linux-7.0.0-31-generic-x86_64-with-glibc2.43,3.14.4,3.3.0,24,Intel(R) Core(TM) Ultra 9 285K,1,1 x NVIDIA GeForce RTX 5090,9.2986,48.7383,60.81614303588867,machine,0.0,0.0,0.0,0.0,N
synthetic_rollout_generation_83,2026-09-14T14:00:06,mbpo_HalfCheetah-v5_seed958,8aa0146f-1ae8-4177-bf49-9135e20d95e3,0.006907735998538556,3.356591858280633e-08,4.858817833532214e-06,24.781426873407664,77.40950201382498,20.0,5.3168098090861093e-08,0.0,3.494298888608027e-08,8.811108697520664e-08,0.0,Germany,DEU,baden-wurttemberg,,,Linux-7.0.0-31-generic-x86_64-with-glibc2.43,3.14.4,3.3.0,24,Intel(R) Core(TM) Ultra 9 285K,1,1 x NVIDIA GeForce RTX 5090,9.2986,48.7383,60.81614303588867,machine,0.0,0.0,0.0,0.0,N
gradient_updates_83,2026-09-14T14:00:15,mbpo_HalfCheetah-v5_seed958,8aa0146f-1ae8-4177-bf49-9135e20d95e3,8.219078537000314,0.0001236307320602835,1.5041957659066785e-05,24.774776416220032,77.46056997352846,20.0,6.262624954540136e-05,0.00021624739521999836,4.5659055222222605e-05,0.00032453269998761886,0.0,Germany,DEU,baden-wurttemberg,,,Linux-7.0.0-31-generic-x86_64-with-glibc2.43,3.14.4,3.3.0,24,Intel(R) Core(TM) Ultra 9 285K,1,1 x NVIDIA GeForce RTX 5090,9.2986,48.7383,60.81614303588867,machine,0.0,0.0,0.0,0.0,N
dynamics_model_update_84,2026-09-14T14:00:34,mbpo_HalfCheetah-v5_seed958,8aa0146f-1ae8-4177-bf49-9135e20d95e3,19.386489977001474,0.0002563496204947245,1.3223116595019176e-05,24.78360569655866,77.44000656467821,20.0,0.0001857465060970953,0.00037947585913601645,0.00010769959432778246,0.000672921959560896,0.0,Germany,DEU,baden-wurttemberg,,,Linux-7.0.0-31-generic-x86_64-with-glibc2.43,3.14.4,3.3.0,24,Intel(R) Core(TM) Ultra 9 285K,1,1 x NVIDIA GeForce RTX 5090,9.2986,48.7383,60.81614303588867,machine,0.0,0.0,0.0,0.0,N
rollout_84,2026-09-14T14:00:34,mbpo_HalfCheetah-v5_seed958,8aa0146f-1ae8-4177-bf49-9135e20d95e3,0.21161658500022895,2.3804882095454505e-06,1.1248735572010433e-05,24.785089642453215,77.39159574720416,20.0,1.5011909231740783e-06,3.5747250820006293e-06,1.1729046000049509e-06,6.248820605181393e-06,0.0,Germany,DEU,baden-wurttemberg,,,Linux-7.0.0-31-generic-x86_64-with-glibc2.43,3.14.4,3.3.0,24,Intel(R) Core(TM) Ultra 9 285K,1,1 x NVIDIA GeForce RTX 5090,9.2986,48.7383,60.81614303588867,machine,0.0,0.0,0.0,0.0,N
synthetic_rollout_generation_84,2026-09-14T14:00:34,mbpo_HalfCheetah-v5_seed958,8aa0146f-1ae8-4177-bf49-9135e20d95e3,0.006122863000200596,3.1695006872528575e-08,5.165808122945511e-06,24.778206074337096,77.16530453156906,20.0,5.1015040816726476e-08,0.0,3.2184872220467065e-08,8.319991303545882e-08,0.0,Germany,DEU,baden-wurttemberg,,,Linux-7.0.0-31-generic-x86_64-with-glibc2.43,3.14.4,3.3.0,24,Intel(R) Core(TM) Ultra 9 285K,1,1 x NVIDIA GeForce RTX 5090,9.2986,48.7383,60.81614303588867,machine,0.0,0.0,0.0,0.0,N
gradient_updates_84,2026-09-14T14:00:42,mbpo_HalfCheetah-v5_seed958,8aa0146f-1ae8-4177-bf49-9135e20d95e3,7.998178787000143,0.00012081127647340165,1.5104865350340241e-05,24.773171903797547,77.21830480289104,20.0,6.0880273981961386e-05,0.00021181933612199333,4.443197271111754e-05,0.00031713158281507225,0.0,Germany,DEU,baden-wurttemberg,,,Linux-7.0.0-31-generic-x86_64-with-glibc2.43,3.14.4,3.3.0,24,Intel(R) Core(TM) Ultra 9 285K,1,1 x NVIDIA GeForce RTX 5090,9.2986,48.7383,60.81614303588867,machine,0.0,0.0,0.0,0.0,N
dynamics_model_update_85,2026-09-14T14:01:02,mbpo_HalfCheetah-v5_seed958,8aa0146f-1ae8-4177-bf49-9135e20d95e3,19.611552478001613,0.00023977470505345128,1.2226182141648382e-05,24.780561130660317,77.19658405810912,20.0,0.00014049607017454363,0.0003799616928579913,0.00010895477156111326,0.0006294125345936499,0.0,Germany,DEU,baden-wurttemberg,,,Linux-7.0.0-31-generic-x86_64-with-glibc2.43,3.14.4,3.3.0,24,Intel(R) Core(TM) Ultra 9 285K,1,1 x NVIDIA GeForce RTX 5090,9.2986,48.7383,60.81614303588867,machine,0.0,0.0,0.0,0.0,N
rollout_85,2026-09-14T14:01:02,mbpo_HalfCheetah-v5_seed958,8aa0146f-1ae8-4177-bf49-9135e20d95e3,0.198567864999859,2.500274327875418e-06,1.2591218545774595e-05,24.80511134201902,77.16285024533632,20.0,1.8527189821690437e-06,3.6097251100014605e-06,1.100817038888341e-06,6.563261131055376e-06,0.0,Germany,DEU,baden-wurttemberg,,,Linux-7.0.0-31-generic-x86_64-with-glibc2.43,3.14.4,3.3.0,24,Intel(R) Core(TM) Ultra 9 285K,1,1 x NVIDIA GeForce RTX 5090,9.2986,48.7383,60.81614303588867,machine,0.0,0.0,0.0,0.0,N
synthetic_rollout_generation_85,2026-09-14T14:01:02,mbpo_HalfCheetah-v5_seed958,8aa0146f-1ae8-4177-bf49-9135e20d95e3,0.00621014599892078,6.758998557232498e-07,0.00010871323420708714,24.793397875715108,79.95374269186671,20.0,4.7624204767282574e-08,1.6944457999906737e-06,3.2178205563657136e-08,1.7742482103233481e-06,0.0,Germany,DEU,baden-wurttemberg,,,Linux-7.0.0-31-generic-x86_64-with-glibc2.43,3.14.4,3.3.0,24,Intel(R) Core(TM) Ultra 9 285K,1,1 x NVIDIA GeForce RTX 5090,9.2986,48.7383,60.81614303588867,machine,0.0,0.0,0.0,0.0,N
gradient_updates_85,2026-09-14T14:01:10,mbpo_HalfCheetah-v5_seed958,8aa0146f-1ae8-4177-bf49-9135e20d95e3,8.119428865000373,0.00012069608545425478,1.4865111691698917e-05,24.783314535752904,79.99663772195115,20.0,5.782747070638e-05,0.00021389489333800693,4.51068404555572e-05,0.00031682920449994934,0.0,Germany,DEU,baden-wurttemberg,,,Linux-7.0.0-31-generic-x86_64-with-glibc2.43,3.14.4,3.3.0,24,Intel(R) Core(TM) Ultra 9 285K,1,1 x NVIDIA GeForce RTX 5090,9.2986,48.7383,60.81614303588867,machine,0.0,0.0,0.0,0.0,N
dynamics_model_update_86,2026-09-14T14:01:24,mbpo_HalfCheetah-v5_seed958,8aa0146f-1ae8-4177-bf49-9135e20d95e3,13.428208650999295,0.00015950921828160672,1.18786730453097e-05,24.78516688201733,79.96642428303116,20.0,8.495078490500935e-05,0.00025916520733200443,7.459832271667147e-05,0.0004187143149536887,0.0,Germany,DEU,baden-wurttemberg,,,Linux-7.0.0-31-generic-x86_64-with-glibc2.43,3.14.4,3.3.0,24,Intel(R) Core(TM) Ultra 9 285K,1,1 x NVIDIA GeForce RTX 5090,9.2986,48.7383,60.81614303588867,machine,0.0,0.0,0.0,0.0,N
rollout_86,2026-09-14T14:01:24,mbpo_HalfCheetah-v5_seed958,8aa0146f-1ae8-4177-bf49-9135e20d95e3,0.21073762500054727,2.382279652241026e-06,1.1304531876450908e-05,24.786821109930592,79.91067694906961,20.0,1.5109734310056466e-06,3.5647250739984093e-06,1.1778246666628578e-06,6.253523171656505e-06,0.0,Germany,DEU,baden-wurttemberg,,,Linux-7.0.0-31-generic-x86_64-with-glibc2.43,3.14.4,3.3.0,24,Intel(R) Core(TM) Ultra 9 285K,1,1 x NVIDIA GeForce RTX 5090,9.2986,48.7383,60.81614303588867,machine,0.0,0.0,0.0,0.0,N
synthetic_rollout_generation_86,2026-09-14T14:01:24,mbpo_HalfCheetah-v5_seed958,8aa0146f-1ae8-4177-bf49-9135e20d95e3,0.006980901000133599,3.376033544041923e-08,4.829129810624636e-06,24.780668683089317,79.68236072921513,20.0,5.689837884875759e-08,0.0,3.172305555916577e-08,8.862143441312753e-08,0.0,Germany,DEU,baden-wurttemberg,,,Linux-7.0.0-31-generic-x86_64-with-glibc2.43,3.14.4,3.3.0,24,Intel(R) Core(TM) Ultra 9 285K,1,1 x NVIDIA GeForce RTX 5090,9.2986,48.7383,60.81614303588867,machine,0.0,0.0,0.0,0.0,N
gradient_updates_86,2026-09-14T14:01:32,mbpo_HalfCheetah-v5_seed958,8aa0146f-1ae8-4177-bf49-9135e20d95e3,8.050463812998714,0.0001212706447343316,1.5063826145321319e-05,24.775851893272524,79.72774304939097,20.0,5.981631451967839e-05,0.00021379905992800763,4.472205758888209e-05,0.00031833743203657505,0.0,Germany,DEU,baden-wurttemberg,,,Linux-7.0.0-31-generic-x86_64-with-glibc2.43,3.14.4,3.3.0,24,Intel(R) Core(TM) Ultra 9 285K,1,1 x NVIDIA GeForce RTX 5090,9.2986,48.7383,60.81614303588867,machine,0.0,0.0,0.0,0.0,N
dynamics_model_update_87,2026-09-14T14:01:48,mbpo_HalfCheetah-v5_seed958,8aa0146f-1ae8-4177-bf49-9135e20d95e3,15.624189316000411,0.00018945600012518216,1.212579509841727e-05,24.78117113265262,79.69825509516515,20.0,0.00010956327015054779,0.00030096412965999186,8.67977087999957e-05,0.0004973251086105301,0.0,Germany,DEU,baden-wurttemberg,,,Linux-7.0.0-31-generic-x86_64-with-glibc2.43,3.14.4,3.3.0,24,Intel(R) Core(TM) Ultra 9 285K,1,1 x NVIDIA GeForce RTX 5090,9.2986,48.7383,60.81614303588867,machine,0.0,0.0,0.0,0.0,N
rollout_87,2026-09-14T14:01:48,mbpo_HalfCheetah-v5_seed958,8aa0146f-1ae8-4177-bf49-9135e20d95e3,0.20050181599981443,2.575933277210174e-06,1.2846904979884278e-05,24.8049522019719,79.66518334187288,20.0,1.8665534376877124e-06,3.7833363599887315e-06,1.111977316668386e-06,6.761867114346565e-06,0.0,Germany,DEU,baden-wurttemberg,,,Linux-7.0.0-31-generic-x86_64-with-glibc2.43,3.14.4,3.3.0,24,Intel(R) Core(TM) Ultra 9 285K,1,1 x NVIDIA GeForce RTX 5090,9.2986,48.7383,60.81614303588867,machine,0.0,0.0,0.0,0.0,N
synthetic_rollout_generation_87,2026-09-14T14:01:48,mbpo_HalfCheetah-v5_seed958,8aa0146f-1ae8-4177-bf49-9135e20d95e3,0.006062917998860939,3.457133207485086e-08,5.692547754498696e-06,24.808803591139863,79.44014045107663,20.0,5.903421389230612e-08,0.0,3.171609999630398e-08,9.07503138886101e-08,0.0,Germany,DEU,baden-wurttemberg,,,Linux-7.0.0-31-generic-x86_64-with-glibc2.43,3.14.4,3.3.0,24,Intel(R) Core(TM) Ultra 9 285K,1,1 x NVIDIA GeForce RTX 5090,9.2986,48.7383,60.81614303588867,machine,0.0,0.0,0.0,0.0,N
gradient_updates_87,2026-09-14T14:01:56,mbpo_HalfCheetah-v5_seed958,8aa0146f-1ae8-4177-bf49-9135e20d95e3,8.053657385000406,0.00011975294532010766,1.48694073375115e-05,24.812223942196937,79.48582072700935,20.0,5.5629869781644026e-05,0.000213984060076014,4.473951631666327e-05,0.00031435344617432304,0.0,Germany,DEU,baden-wurttemberg,,,Linux-7.0.0-31-generic-x86_64-with-glibc2.43,3.14.4,3.3.0,24,Intel(R) Core(TM) Ultra 9 285K,1,1 x NVIDIA GeForce RTX 5090,9.2986,48.7383,60.81614303588867,machine,0.0,0.0,0.0,0.0,N
dynamics_model_update_88,2026-09-14T14:02:09,mbpo_HalfCheetah-v5_seed958,8aa0146f-1ae8-4177-bf49-9135e20d95e3,13.611551879999752,0.00016322260207607062,1.1991482322443398e-05,24.812101993561797,79.45845365041802,20.0,8.915659160300266e-05,0.00026368882206199984,7.561659467222176e-05,0.00042846200833723813,0.0,Germany,DEU,baden-wurttemberg,,,Linux-7.0.0-31-generic-x86_64-with-glibc2.43,3.14.4,3.3.0,24,Intel(R) Core(TM) Ultra 9 285K,1,1 x NVIDIA GeForce RTX 5090,9.2986,48.7383,60.81614303588867,machine,0.0,0.0,0.0,0.0,N
rollout_88,2026-09-14T14:02:10,mbpo_HalfCheetah-v5_seed958,8aa0146f-1ae8-4177-bf49-9135e20d95e3,0.2008177900006558,2.5488848126656305e-06,1.2692993513397448e-05,24.83492403271376,79.42309006956575,20.0,1.8570084300492673e-06,3.7208363099922037e-06,1.113019711111718e-06,6.690864451153189e-06,0.0,Germany,DEU,baden-wurttemberg,,,Linux-7.0.0-31-generic-x86_64-with-glibc2.43,3.14.4,3.3.0,24,Intel(R) Core(TM) Ultra 9 285K,1,1 x NVIDIA GeForce RTX 5090,9.2986,48.7383,60.81614303588867,machine,0.0,0.0,0.0,0.0,N
synthetic_rollout_generation_88,2026-09-14T14:02:10,mbpo_HalfCheetah-v5_seed958,8aa0146f-1ae8-4177-bf49-9135e20d95e3,0.006043404999218183,3.12739511267035e-08,5.163823971475704e-06,24.82827102652469,79.20123786266753,20.0,5.043865146381332e-08,0.0,3.165598333638997e-08,8.209463479846857e-08,0.0,Germany,DEU,baden-wurttemberg,,,Linux-7.0.0-31-generic-x86_64-with-glibc2.43,3.14.4,3.3.0,24,Intel(R) Core(TM) Ultra 9 285K,1,1 x NVIDIA GeForce RTX 5090,9.2986,48.7383,60.81614303588867,machine,0.0,0.0,0.0,0.0,N
gradient_updates_88,2026-09-14T14:02:18,mbpo_HalfCheetah-v5_seed958,8aa0146f-1ae8-4177-bf49-9135e20d95e3,8.002448100998663,0.00012034586785487564,1.5038650086680641e-05,24.823078379390672,79.24687674873364,20.0,5.901224554309692e-05,0.00021244655884601615,4.4451073166671545e-05,0.00031590987755578115,0.0,Germany,DEU,baden-wurttemberg,,,Linux-7.0.0-31-generic-x86_64-with-glibc2.43,3.14.4,3.3.0,24,Intel(R) Core(TM) Ultra 9 285K,1,1 x NVIDIA GeForce RTX 5090,9.2986,48.7383,60.81614303588867,machine,0.0,0.0,0.0,0.0,N
dynamics_model_update_89,2026-09-14T14:02:31,mbpo_HalfCheetah-v5_seed958,8aa0146f-1ae8-4177-bf49-9135e20d95e3,13.639882987001329,0.0001670903709549837,1.2250110894726832e-05,24.82763798384427,79.22200109474802,20.0,9.65255397203657e-05,0.00026631549082999084,7.577393455000456e-05,0.0004386149651003646,0.0,Germany,DEU,baden-wurttemberg,,,Linux-7.0.0-31-generic-x86_64-with-glibc2.43,3.14.4,3.3.0,24,Intel(R) Core(TM) Ultra 9 285K,1,1 x NVIDIA GeForce RTX 5090,9.2986,48.7383,60.81614303588867,machine,0.0,0.0,0.0,0.0,N
rollout_89,2026-09-14T14:02:32,mbpo_HalfCheetah-v5_seed958,8aa0146f-1ae8-4177-bf49-9135e20d95e3,0.20182018900050025,2.509745445394146e-06,1.2435660830685177e-05,24.848497153775455,79.1825665701342,20.0,1.8327131328307877e-06,3.636669575993179e-06,1.118740261114165e-06,6.588122969927723e-06,0.0,Germany,DEU,baden-wurttemberg,,,Linux-7.0.0-31-generic-x86_64-with-glibc2.43,3.14.4,3.3.0,24,Intel(R) Core(TM) Ultra 9 285K,1,1 x NVIDIA GeForce RTX 5090,9.2986,48.7383,60.81614303588867,machine,0.0,0.0,0.0,0.0,N
synthetic_rollout_generation_89,2026-09-14T14:02:32,mbpo_HalfCheetah-v5_seed958,8aa0146f-1ae8-4177-bf49-9135e20d95e3,0.0060271270012890454,3.193709891338714e-08,5.2939220632084585e-06,24.844709884998633,78.9638301983935,20.0,5.24222641615224e-08,0.0,3.141314445023746e-08,8.383540861522931e-08,0.0,Germany,DEU,baden-wurttemberg,,,Linux-7.0.0-31-generic-x86_64-with-glibc2.43,3.14.4,3.3.0,24,Intel(R) Core(TM) Ultra 9 285K,1,1 x NVIDIA GeForce RTX 5090,9.2986,48.7383,60.81614303588867,machine,0.0,0.0,0.0,0.0,N
gradient_updates_89,2026-09-14T14:02:40,mbpo_HalfCheetah-v5_seed958,8aa0146f-1ae8-4177-bf49-9135e20d95e3,8.0686233790002,0.00011888358082337569,1.4734078186318902e-05,24.841388535215135,79.00601113582188,20.0,5.5904713890407576e-05,0.00021133378017799964,4.483285603888894e-05,0.00031207135010730136,0.0,Germany,DEU,baden-wurttemberg,,,Linux-7.0.0-31-generic-x86_64-with-glibc2.43,3.14.4,3.3.0,24,Intel(R) Core(TM) Ultra 9 285K,1,1 x NVIDIA GeForce RTX 5090,9.2986,48.7383,60.81614303588867,machine,0.0,0.0,0.0,0.0,N
dynamics_model_update_90,2026-09-14T14:02:56,mbpo_HalfCheetah-v5_seed958,8aa0146f-1ae8-4177-bf49-9135e20d95e3,16.313951554000596,0.00019625941870802036,1.2030158075908639e-05,24.84139423156304,78.98195760856491,20.0,0.00010621229330309845,0.00031834192134000405,9.062997936666248e-05,0.0005151841940097684,0.0,Germany,DEU,baden-wurttemberg,,,Linux-7.0.0-31-generic-x86_64-with-glibc2.43,3.14.4,3.3.0,24,Intel(R) Core(TM) Ultra 9 285K,1,1 x NVIDIA GeForce RTX 5090,9.2986,48.7383,60.81614303588867,machine,0.0,0.0,0.0,0.0,N
rollout_90,2026-09-14T14:02:56,mbpo_HalfCheetah-v5_seed958,8aa0146f-1ae8-4177-bf49-9135e20d95e3,0.20443035300013435,2.3771790799743953e-06,1.16285911906228e-05,24.845932254174148,78.93902995989967,20.0,1.5194676044535949e-06,3.5877806479900354e-06,1.132885833329475e-06,6.24013408577484e-06,0.0,Germany,DEU,baden-wurttemberg,,,Linux-7.0.0-31-generic-x86_64-with-glibc2.43,3.14.4,3.3.0,24,Intel(R) Core(TM) Ultra 9 285K,1,1 x NVIDIA GeForce RTX 5090,9.2986,48.7383,60.81614303588867,machine,0.0,0.0,0.0,0.0,N
synthetic_rollout_generation_90,2026-09-14T14:02:56,mbpo_HalfCheetah-v5_seed958,8aa0146f-1ae8-4177-bf49-9135e20d95e3,0.0062138250013958896,3.4620840607541004e-08,5.560015976850737e-06,24.847654386899357,78.72334955017318,20.0,5.850893569636639e-08,0.0,3.2371338895900714e-08,9.088027459747128e-08,0.0,Germany,DEU,baden-wurttemberg,,,Linux-7.0.0-31-generic-x86_64-with-glibc2.43,3.14.4,3.3.0,24,Intel(R) Core(TM) Ultra 9 285K,1,1 x NVIDIA GeForce RTX 5090,9.2986,48.7383,60.81614303588867,machine,0.0,0.0,0.0,0.0,N
gradient_updates_90,2026-09-14T14:03:04,mbpo_HalfCheetah-v5_seed958,8aa0146f-1ae8-4177-bf49-9135e20d95e3,8.030326315998536,0.0001206141144355112,1.5019847491681836e-05,24.849744823424906,78.76828540230991,20.0,5.9625868256217573e-05,0.00021237822545801255,4.460993551667555e-05,0.0003166140292309022,0.0,Germany,DEU,baden-wurttemberg,,,Linux-7.0.0-31-generic-x86_64-with-glibc2.43,3.14.4,3.3.0,24,Intel(R) Core(TM) Ultra 9 285K,1,1 x NVIDIA GeForce RTX 5090,9.2986,48.7383,60.81614303588867,machine,0.0,0.0,0.0,0.0,N
dynamics_model_update_91,2026-09-14T14:03:53,mbpo_HalfCheetah-v5_seed958,8aa0146f-1ae8-4177-bf49-9135e20d95e3,48.640570415000184,0.0005940290801820999,1.2212619949362199e-05,24.854778163561683,78.74378011946989,20.0,0.00034670399986297396,0.0009424090872599961,0.0002702229942055552,0.0015593360813285218,0.0,Germany,DEU,baden-wurttemberg,,,Linux-7.0.0-31-generic-x86_64-with-glibc2.43,3.14.4,3.3.0,24,Intel(R) Core(TM) Ultra 9 285K,1,1 x NVIDIA GeForce RTX 5090,9.2986,48.7383,60.81614303588867,machine,0.0,0.0,0.0,0.0,N
rollout_91,2026-09-14T14:03:53,mbpo_HalfCheetah-v5_seed958,8aa0146f-1ae8-4177-bf49-9135e20d95e3,0.2012494020000304,2.4726758623069833e-06,1.2287475153961498e-05,24.875610560814806,78.70228325763831,20.0,1.837680636801453e-06,3.538058386015619e-06,1.1150756833357839e-06,6.490814706147652e-06,0.0,Germany,DEU,baden-wurttemberg,,,Linux-7.0.0-31-generic-x86_64-with-glibc2.43,3.14.4,3.3.0,24,Intel(R) Core(TM) Ultra 9 285K,1,1 x NVIDIA GeForce RTX 5090,9.2986,48.7383,60.81614303588867,machine,0.0,0.0,0.0,0.0,N
synthetic_rollout_generation_91,2026-09-14T14:03:53,mbpo_HalfCheetah-v5_seed958,8aa0146f-1ae8-4177-bf49-9135e20d95e3,0.006110776999776135,3.229322167314086e-08,5.2752996640795844e-06,24.871599457317345,78.48957438396901,20.0,5.284615339079535e-08,0.0,3.192408332478025e-08,8.477023670516726e-08,0.0,Germany,DEU,baden-wurttemberg,,,Linux-7.0.0-31-generic-x86_64-with-glibc2.43,3.14.4,3.3.0,24,Intel(R) Core(TM) Ultra 9 285K,1,1 x NVIDIA GeForce RTX 5090,9.2986,48.7383,60.81614303588867,machine,0.0,0.0,0.0,0.0,N
gradient_updates_91,2026-09-14T14:04:01,mbpo_HalfCheetah-v5_seed958,8aa0146f-1ae8-4177-bf49-9135e20d95e3,8.006386934001057,0.00012026595697241238,1.5021243213397881e-05,24.86864514595869,78.5343559241967,20.0,5.97245752796266e-05,0.00021149850253199265,4.4477032366659064e-05,0.0003157001101782714,0.0,Germany,DEU,baden-wurttemberg,,,Linux-7.0.0-31-generic-x86_64-with-glibc2.43,3.14.4,3.3.0,24,Intel(R) Core(TM) Ultra 9 285K,1,1 x NVIDIA GeForce RTX 5090,9.2986,48.7383,60.81614303588867,machine,0.0,0.0,0.0,0.0,N
dynamics_model_update_92,2026-09-14T14:04:20,mbpo_HalfCheetah-v5_seed958,8aa0146f-1ae8-4177-bf49-9135e20d95e3,18.825211819001197,0.00022925854710708835,1.2178271953631243e-05,24.87379968630147,78.50983096603706,20.0,0.00013426840991464378,0.0003629575125879969,0.0001045815249500065,0.0006018074474526541,0.0,Germany,DEU,baden-wurttemberg,,,Linux-7.0.0-31-generic-x86_64-with-glibc2.43,3.14.4,3.3.0,24,Intel(R) Core(TM) Ultra 9 285K,1,1 x NVIDIA GeForce RTX 5090,9.2986,48.7383,60.81614303588867,machine,0.0,0.0,0.0,0.0,N
rollout_92,2026-09-14T14:04:20,mbpo_HalfCheetah-v5_seed958,8aa0146f-1ae8-4177-bf49-9135e20d95e3,0.19908871599909617,2.510911033089952e-06,1.261208468521629e-05,24.89600046334697,78.47591945026656,20.0,1.8520575927535865e-06,3.6355584639991e-06,1.1035665999966499e-06,6.591182656751071e-06,0.0,Germany,DEU,baden-wurttemberg,,,Linux-7.0.0-31-generic-x86_64-with-glibc2.43,3.14.4,3.3.0,24,Intel(R) Core(TM) Ultra 9 285K,1,1 x NVIDIA GeForce RTX 5090,9.2986,48.7383,60.81614303588867,machine,0.0,0.0,0.0,0.0,N
synthetic_rollout_generation_92,2026-09-14T14:04:20,mbpo_HalfCheetah-v5_seed958,8aa0146f-1ae8-4177-bf49-9135e20d95e3,0.006096053000874235,3.1547699924638906e-08,5.169626912901827e-06,24.89015715778183,78.26609078863483,20.0,5.1252263225110006e-08,0.0,3.156096666651065e-08,8.281322988468176e-08,0.0,Germany,DEU,baden-wurttemberg,,,Linux-7.0.0-31-generic-x86_64-with-glibc2.43,3.14.4,3.3.0,24,Intel(R) Core(TM) Ultra 9 285K,1,1 x NVIDIA GeForce RTX 5090,9.2986,48.7383,60.81614303588867,machine,0.0,0.0,0.0,0.0,N
gradient_updates_92,2026-09-14T14:04:28,mbpo_HalfCheetah-v5_seed958,8aa0146f-1ae8-4177-bf49-9135e20d95e3,8.004996888999813,0.00011963642544481068,1.4945239047952369e-05,24.88536055444548,78.31096701677184,20.0,5.813534150823224e-05,0.00021144266915400223,4.446956892777826e-05,0.00031404757958999885,0.0,Germany,DEU,baden-wurttemberg,,,Linux-7.0.0-31-generic-x86_64-with-glibc2.43,3.14.4,3.3.0,24,Intel(R) Core(TM) Ultra 9 285K,1,1 x NVIDIA GeForce RTX 5090,9.2986,48.7383,60.81614303588867,machine,0.0,0.0,0.0,0.0,N
dynamics_model_update_93,2026-09-14T14:04:50,mbpo_HalfCheetah-v5_seed958,8aa0146f-1ae8-4177-bf49-9135e20d95e3,21.64505577000091,0.0002569362607666853,1.1870423024846507e-05,24.888249827591757,78.28805878276543,20.0,0.00013516801563432518,0.0004190470019039966,0.00012024688236110179,0.0006744618998994201,0.0,Germany,DEU,baden-wurttemberg,,,Linux-7.0.0-31-generic-x86_64-with-glibc2.43,3.14.4,3.3.0,24,Intel(R) Core(TM) Ultra 9 285K,1,1 x NVIDIA GeForce RTX 5090,9.2986,48.7383,60.81614303588867,machine,0.0,0.0,0.0,0.0,N
rollout_93,2026-09-14T14:04:50,mbpo_HalfCheetah-v5_seed958,8aa0146f-1ae8-4177-bf49-9135e20d95e3,0.20718228999976418,2.3530883416882087e-06,1.1357257117518708e-05,24.891431818347687,78.24148826009832,20.0,1.5217734396361093e-06,3.5022250240018815e-06,1.152897038890141e-06,6.176895502529867e-06,0.0,Germany,DEU,baden-wurttemberg,,,Linux-7.0.0-31-generic-x86_64-with-glibc2.43,3.14.4,3.3.0,24,Intel(R) Core(TM) Ultra 9 285K,1,1 x NVIDIA GeForce RTX 5090,9.2986,48.7383,60.81614303588867,machine,0.0,0.0,0.0,0.0,N
synthetic_rollout_generation_93,2026-09-14T14:04:50,mbpo_HalfCheetah-v5_seed958,8aa0146f-1ae8-4177-bf49-9135e20d95e3,0.006142731999716489,3.179361147617743e-08,5.165735885348842e-06,24.884145247645435,78.03450019591817,20.0,5.079476286112827e-08,0.0,3.266398888521205e-08,8.345875174287087e-08,0.0,Germany,DEU,baden-wurttemberg,,,Linux-7.0.0-31-generic-x86_64-with-glibc2.43,3.14.4,3.3.0,24,Intel(R) Core(TM) Ultra 9 285K,1,1 x NVIDIA GeForce RTX 5090,9.2986,48.7383,60.81614303588867,machine,0.0,0.0,0.0,0.0,N
gradient_updates_93,2026-09-14T14:04:58,mbpo_HalfCheetah-v5_seed958,8aa0146f-1ae8-4177-bf49-9135e20d95e3,8.033412032000342,0.0001199821178948339,1.493540071844514e-05,24.878212630610534,78.07790162398867,20.0,5.944028782997601e-05,0.0002108773909239997,4.463734918888629e-05,0.000314955027942862,0.0,Germany,DEU,baden-wurttemberg,,,Linux-7.0.0-31-generic-x86_64-with-glibc2.43,3.14.4,3.3.0,24,Intel(R) Core(TM) Ultra 9 285K,1,1 x NVIDIA GeForce RTX 5090,9.2986,48.7383,60.81614303588867,machine,0.0,0.0,0.0,0.0,N
dynamics_model_update_94,2026-09-14T14:05:12,mbpo_HalfCheetah-v5_seed958,8aa0146f-1ae8-4177-bf49-9135e20d95e3,14.366244977998576,0.00017490551616089825,1.2174757751450754e-05,24.882585663572534,78.05583402886423,20.0,0.00010121413319345851,0.0002781063335960121,7.980938269444397e-05,0.00045912984948391633,0.0,Germany,DEU,baden-wurttemberg,,,Linux-7.0.0-31-generic-x86_64-with-glibc2.43,3.14.4,3.3.0,24,Intel(R) Core(TM) Ultra 9 285K,1,1 x NVIDIA GeForce RTX 5090,9.2986,48.7383,60.81614303588867,machine,0.0,0.0,0.0,0.0,N
rollout_94,2026-09-14T14:05:13,mbpo_HalfCheetah-v5_seed958,8aa0146f-1ae8-4177-bf49-9135e20d95e3,0.19955133099938394,2.5479661044831847e-06,1.2768440895691093e-05,24.90549776122801,78.026514952926,20.0,1.8822023390985265e-06,3.7002807379976632e-06,1.1059697500055005e-06,6.6884528270999555e-06,0.0,Germany,DEU,baden-wurttemberg,,,Linux-7.0.0-31-generic-x86_64-with-glibc2.43,3.14.4,3.3.0,24,Intel(R) Core(TM) Ultra 9 285K,1,1 x NVIDIA GeForce RTX 5090,9.2986,48.7383,60.81614303588867,machine,0.0,0.0,0.0,0.0,N
synthetic_rollout_generation_94,2026-09-14T14:05:13,mbpo_HalfCheetah-v5_seed958,8aa0146f-1ae8-4177-bf49-9135e20d95e3,0.0061174949987616856,3.2553988456307525e-08,5.309774489567534e-06,24.901787279757947,77.82225706037907,20.0,5.3337820452026286e-08,0.0,3.211693332984267e-08,8.545475378707312e-08,0.0,Germany,DEU,baden-wurttemberg,,,Linux-7.0.0-31-generic-x86_64-with-glibc2.43,3.14.4,3.3.0,24,Intel(R) Core(TM) Ultra 9 285K,1,1 x NVIDIA GeForce RTX 5090,9.2986,48.7383,60.81614303588867,machine,0.0,0.0,0.0,0.0,N
gradient_updates_94,2026-09-14T14:05:21,mbpo_HalfCheetah-v5_seed958,8aa0146f-1ae8-4177-bf49-9135e20d95e3,8.03367042300124,0.00012043072428010934,1.4990762404967489e-05,24.899186230271166,77.86558757303659,20.0,6.0815593930209355e-05,0.00021068850188399324,4.4628531249995065e-05,0.00031613262706420286,0.0,Germany,DEU,baden-wurttemberg,,,Linux-7.0.0-31-generic-x86_64-with-glibc2.43,3.14.4,3.3.0,24,Intel(R) Core(TM) Ultra 9 285K,1,1 x NVIDIA GeForce RTX 5090,9.2986,48.7383,60.81614303588867,machine,0.0,0.0,0.0,0.0,N
dynamics_model_update_95,2026-09-14T14:05:35,mbpo_HalfCheetah-v5_seed958,8aa0146f-1ae8-4177-bf49-9135e20d95e3,14.52826795799956,0.00017785700364425505,1.224211915942345e-05,24.90503162628335,77.84502200201747,20.0,0.0001038106319373247,0.0002823574481079921,8.070947250555204e-05,0.0004668775525508706,0.0,Germany,DEU,baden-wurttemberg,,,Linux-7.0.0-31-generic-x86_64-with-glibc2.43,3.14.4,3.3.0,24,Intel(R) Core(TM) Ultra 9 285K,1,1 x NVIDIA GeForce RTX 5090,9.2986,48.7383,60.81614303588867,machine,0.0,0.0,0.0,0.0,N
rollout_95,2026-09-14T14:05:35,mbpo_HalfCheetah-v5_seed958,8aa0146f-1ae8-4177-bf49-9135e20d95e3,0.19898069800001394,2.5329486760851394e-06,1.2729979944825067e-05,24.926133122219458,77.81709656789188,20.0,1.84397064183911e-06,3.7019474059957203e-06,1.1031137833322768e-06,6.649031831174046e-06,0.0,Germany,DEU,baden-wurttemberg,,,Linux-7.0.0-31-generic-x86_64-with-glibc2.43,3.14.4,3.3.0,24,Intel(R) Core(TM) Ultra 9 285K,1,1 x NVIDIA GeForce RTX 5090,9.2986,48.7383,60.81614303588867,machine,0.0,0.0,0.0,0.0,N
synthetic_rollout_generation_95,2026-09-14T14:05:35,mbpo_HalfCheetah-v5_seed958,8aa0146f-1ae8-4177-bf49-9135e20d95e3,0.0060278330001892755,3.236381823992773e-08,5.361215361723489e-06,24.92333549084913,77.61549787212013,20.0,5.342254273676961e-08,0.0,3.153301111370743e-08,8.495555385568121e-08,0.0,Germany,DEU,baden-wurttemberg,,,Linux-7.0.0-31-generic-x86_64-with-glibc2.43,3.14.4,3.3.0,24,Intel(R) Core(TM) Ultra 9 285K,1,1 x NVIDIA GeForce RTX 5090,9.2986,48.7383,60.81614303588867,machine,0.0,0.0,0.0,0.0,N
gradient_updates_95,2026-09-14T14:05:43,mbpo_HalfCheetah-v5_seed958,8aa0146f-1ae8-4177-bf49-9135e20d95e3,8.040818597999532,0.0001202736368975249,1.4957894616768172e-05,24.921440671345888,77.65889739149321,20.0,6.018825537278116e-05,0.00021086322424601622,4.466879048889774e-05,0.00031572027010769166,0.0,Germany,DEU,baden-wurttemberg,,,Linux-7.0.0-31-generic-x86_64-with-glibc2.43,3.14.4,3.3.0,24,Intel(R) Core(TM) Ultra 9 285K,1,1 x NVIDIA GeForce RTX 5090,9.2986,48.7383,60.81614303588867,machine,0.0,0.0,0.0,0.0,N
dynamics_model_update_96,2026-09-14T14:06:00,mbpo_HalfCheetah-v5_seed958,8aa0146f-1ae8-4177-bf49-9135e20d95e3,17.0894030799991,0.00020837444295511431,1.2193198247216195e-05,24.926444255034415,77.6383375153631,20.0,0.0001212750822977629,0.00033077332017399097,9.493792895000353e-05,0.0005469863314217505,0.0,Germany,DEU,baden-wurttemberg,,,Linux-7.0.0-31-generic-x86_64-with-glibc2.43,3.14.4,3.3.0,24,Intel(R) Core(TM) Ultra 9 285K,1,1 x NVIDIA GeForce RTX 5090,9.2986,48.7383,60.81614303588867,machine,0.0,0.0,0.0,0.0,N
rollout_96,2026-09-14T14:06:01,mbpo_HalfCheetah-v5_seed958,8aa0146f-1ae8-4177-bf49-9135e20d95e3,0.20018889600032708,2.5362778136445163e-06,1.2669842913648235e-05,24.947940141835137,77.60913181687576,20.0,1.8698767736760602e-06,3.678336276000116e-06,1.1095578222215796e-06,6.657770871887347e-06,0.0,Germany,DEU,baden-wurttemberg,,,Linux-7.0.0-31-generic-x86_64-with-glibc2.43,3.14.4,3.3.0,24,Intel(R) Core(TM) Ultra 9 285K,1,1 x NVIDIA GeForce RTX 5090,9.2986,48.7383,60.81614303588867,machine,0.0,0.0,0.0,0.0,N
synthetic_rollout_generation_96,2026-09-14T14:06:01,mbpo_HalfCheetah-v5_seed958,8aa0146f-1ae8-4177-bf49-9135e20d95e3,0.007465438999133767,3.543565328320564e-08,4.7390682847621905e-06,24.943542780992264,77.41013404298633,20.0,6.127254902066337e-08,0.0,3.174662222341085e-08,9.301917124060477e-08,0.0,Germany,DEU,baden-wurttemberg,,,Linux-7.0.0-31-generic-x86_64-with-glibc2.43,3.14.4,3.3.0,24,Intel(R) Core(TM) Ultra 9 285K,1,1 x NVIDIA GeForce RTX 5090,9.2986,48.7383,60.81614303588867,machine,0.0,0.0,0.0,0.0,N
gradient_updates_96,2026-09-14T14:06:09,mbpo_HalfCheetah-v5_seed958,8aa0146f-1ae8-4177-bf49-9135e20d95e3,8.0590497459998,0.00012002610148989859,1.4893349628220545e-05,24.9398305267532,77.45557623066856,20.0,5.724389079507508e-05,0.00021305683711199397,4.4769757694443704e-05,0.00031507048560151796,0.0,Germany,DEU,baden-wurttemberg,,,Linux-7.0.0-31-generic-x86_64-with-glibc2.43,3.14.4,3.3.0,24,Intel(R) Core(TM) Ultra 9 285K,1,1 x NVIDIA GeForce RTX 5090,9.2986,48.7383,60.81614303588867,machine,0.0,0.0,0.0,0.0,N
dynamics_model_update_97,2026-09-14T14:06:29,mbpo_HalfCheetah-v5_seed958,8aa0146f-1ae8-4177-bf49-9135e20d95e3,19.938946709999072,0.0002364346172713666,1.1857914396447783e-05,24.941092233599743,77.43425841725427,20.0,0.00012717305146058705,0.0003827028061619969,0.00011076889174444458,0.0006206447493670164,0.0,Germany,DEU,baden-wurttemberg,,,Linux-7.0.0-31-generic-x86_64-with-glibc2.43,3.14.4,3.3.0,24,Intel(R) Core(TM) Ultra 9 285K,1,1 x NVIDIA GeForce RTX 5090,9.2986,48.7383,60.81614303588867,machine,0.0,0.0,0.0,0.0,N
rollout_97,2026-09-14T14:06:29,mbpo_HalfCheetah-v5_seed958,8aa0146f-1ae8-4177-bf49-9135e20d95e3,0.19997029899968766,2.5213072607013776e-06,1.2609111588470825e-05,24.961885841832178,77.40486776963569,20.0,1.8576525972271996e-06,3.652502922016354e-06,1.1083174055580985e-06,6.618472924796448e-06,0.0,Germany,DEU,baden-wurttemberg,,,Linux-7.0.0-31-generic-x86_64-with-glibc2.43,3.14.4,3.3.0,24,Intel(R) Core(TM) Ultra 9 285K,1,1 x NVIDIA GeForce RTX 5090,9.2986,48.7383,60.81614303588867,machine,0.0,0.0,0.0,0.0,N
synthetic_rollout_generation_97,2026-09-14T14:06:29,mbpo_HalfCheetah-v5_seed958,8aa0146f-1ae8-4177-bf49-9135e20d95e3,0.0060127710003143875,3.153683649295691e-08,5.235255109893816e-06,24.956479588894826,77.2084087143828,20.0,5.1218652083462324e-08,0.0,3.156606111047455e-08,8.27847131956716e-08,0.0,Germany,DEU,baden-wurttemberg,,,Linux-7.0.0-31-generic-x86_64-with-glibc2.43,3.14.4,3.3.0,24,Intel(R) Core(TM) Ultra 9 285K,1,1 x NVIDIA GeForce RTX 5090,9.2986,48.7383,60.81614303588867,machine,0.0,0.0,0.0,0.0,N
gradient_updates_97,2026-09-14T14:06:37,mbpo_HalfCheetah-v5_seed958,8aa0146f-1ae8-4177-bf49-9135e20d95e3,8.067556833000708,0.0001185789593940896,1.4698265033423087e-05,24.951598781115003,77.2516677575586,20.0,5.514770967369326e-05,0.00021130655793401287,4.4817446249999573e-05,0.00031127171385769703,0.0,Germany,DEU,baden-wurttemberg,,,Linux-7.0.0-31-generic-x86_64-with-glibc2.43,3.14.4,3.3.0,24,Intel(R) Core(TM) Ultra 9 285K,1,1 x NVIDIA GeForce RTX 5090,9.2986,48.7383,60.81614303588867,machine,0.0,0.0,0.0,0.0,N
dynamics_model_update_98,2026-09-14T14:06:52,mbpo_HalfCheetah-v5_seed958,8aa0146f-1ae8-4177-bf49-9135e20d95e3,15.1297086759987,0.00017965245771880273,1.187415488804826e-05,24.950349846097485,77.23319250201547,20.0,9.362905323651721e-05,0.00029391023512800873,8.405136058889026e-05,0.00047159064895341274,0.0,Germany,DEU,baden-wurttemberg,,,Linux-7.0.0-31-generic-x86_64-with-glibc2.43,3.14.4,3.3.0,24,Intel(R) Core(TM) Ultra 9 285K,1,1 x NVIDIA GeForce RTX 5090,9.2986,48.7383,60.81614303588867,machine,0.0,0.0,0.0,0.0,N
rollout_98,2026-09-14T14:06:52,mbpo_HalfCheetah-v5_seed958,8aa0146f-1ae8-4177-bf49-9135e20d95e3,0.20891051199942012,2.370020539942813e-06,1.1345152971605402e-05,24.954651939808574,77.19093073856448,20.0,1.5620734718779783e-06,3.5013916899750974e-06,1.157877638888541e-06,6.221342800746821e-06,0.0,Germany,DEU,baden-wurttemberg,,,Linux-7.0.0-31-generic-x86_64-with-glibc2.43,3.14.4,3.3.0,24,Intel(R) Core(TM) Ultra 9 285K,1,1 x NVIDIA GeForce RTX 5090,9.2986,48.7383,60.81614303588867,machine,0.0,0.0,0.0,0.0,N
synthetic_rollout_generation_98,2026-09-14T14:06:52,mbpo_HalfCheetah-v5_seed958,8aa0146f-1ae8-4177-bf49-9135e20d95e3,0.0060628930004895665,3.2204384117773266e-08,5.301290263890768e-06,24.950754836330177,76.99698367640727,20.0,5.2761431106052026e-08,0.0,3.177560554609715e-08,8.453703666255752e-08,0.0,Germany,DEU,baden-wurttemberg,,,Linux-7.0.0-31-generic-x86_64-with-glibc2.43,3.14.4,3.3.0,24,Intel(R) Core(TM) Ultra 9 285K,1,1 x NVIDIA GeForce RTX 5090,9.2986,48.7383,60.81614303588867,machine,0.0,0.0,0.0,0.0,N
gradient_updates_98,2026-09-14T14:07:00,mbpo_HalfCheetah-v5_seed958,8aa0146f-1ae8-4177-bf49-9135e20d95e3,8.05592103699928,0.00011944271855190286,1.4826721743223463e-05,24.94753496764962,77.04046820613833,20.0,5.767125474807899e-05,0.00021111544667001825,4.47523943999939e-05,0.00031353909581809114,0.0,Germany,DEU,baden-wurttemberg,,,Linux-7.0.0-31-generic-x86_64-with-glibc2.43,3.14.4,3.3.0,24,Intel(R) Core(TM) Ultra 9 285K,1,1 x NVIDIA GeForce RTX 5090,9.2986,48.7383,60.81614303588867,machine,0.0,0.0,0.0,0.0,N
dynamics_model_update_99,2026-09-14T14:07:28,mbpo_HalfCheetah-v5_seed958,8aa0146f-1ae8-4177-bf49-9135e20d95e3,28.000474844000564,0.00033174161417982503,1.1847703822612854e-05,24.94929426999373,77.02134106047717,20.0,0.00017555784044616385,0.0005397104317679813,0.0001555589076777733,0.0008708271798919115,0.0,Germany,DEU,baden-wurttemberg,,,Linux-7.0.0-31-generic-x86_64-with-glibc2.43,3.14.4,3.3.0,24,Intel(R) Core(TM) Ultra 9 285K,1,1 x NVIDIA GeForce RTX 5090,9.2986,48.7383,60.81614303588867,machine,0.0,0.0,0.0,0.0,N
rollout_99,2026-09-14T14:07:29,mbpo_HalfCheetah-v5_seed958,8aa0146f-1ae8-4177-bf49-9135e20d95e3,0.21326799600137747,3.1837718521970926e-06,1.4928674050050378e-05,24.95670276064551,77.0615394470518,20.0,1.6695630023141894e-06,5.506115516001886e-06,1.1817748277794665e-06,8.357453346097277e-06,0.0,Germany,DEU,baden-wurttemberg,,,Linux-7.0.0-31-generic-x86_64-with-glibc2.43,3.14.4,3.3.0,24,Intel(R) Core(TM) Ultra 9 285K,1,1 x NVIDIA GeForce RTX 5090,9.2986,48.7383,60.81614303588867,machine,0.0,0.0,0.0,0.0,N
synthetic_rollout_generation_99,2026-09-14T14:07:29,mbpo_HalfCheetah-v5_seed958,8aa0146f-1ae8-4177-bf49-9135e20d95e3,0.00623873599943181,3.124402921106384e-08,4.993489516515043e-06,24.94657089156711,76.86984407529296,20.0,4.909920595097539e-08,0.0,3.2916883335384894e-08,8.201608928115611e-08,0.0,Germany,DEU,baden-wurttemberg,,,Linux-7.0.0-31-generic-x86_64-with-glibc2.43,3.14.4,3.3.0,24,Intel(R) Core(TM) Ultra 9 285K,1,1 x NVIDIA GeForce RTX 5090,9.2986,48.7383,60.81614303588867,machine,0.0,0.0,0.0,0.0,N
gradient_updates_99,2026-09-14T14:07:37,mbpo_HalfCheetah-v5_seed958,8aa0146f-1ae8-4177-bf49-9135e20d95e3,8.08470729200053,0.00012192634085909579,1.508113454027276e-05,24.938463274384777,76.9135177713962,20.0,6.299490122921303e-05,0.00021215044749800516,4.491329639444777e-05,0.0003200586451216625,0.0,Germany,DEU,baden-wurttemberg,,,Linux-7.0.0-31-generic-x86_64-with-glibc2.43,3.14.4,3.3.0,24,Intel(R) Core(TM) Ultra 9 285K,1,1 x NVIDIA GeForce RTX 5090,9.2986,48.7383,60.81614303588867,machine,0.0,0.0,0.0,0.0,N
idle_baseline_tail,2026-09-14T14:09:07,mbpo_HalfCheetah-v5_seed958,8aa0146f-1ae8-4177-bf49-9135e20d95e3,90.00323185600064,0.0006342186481553269,7.046621178201264e-06,24.94582358704408,76.79828675402148,20.0,0.0004057942349129026,0.0007590264405540059,0.0005000136811555526,0.0016648343566224577,0.0,Germany,DEU,baden-wurttemberg,,,Linux-7.0.0-31-generic-x86_64-with-glibc2.43,3.14.4,3.3.0,24,Intel(R) Core(TM) Ultra 9 285K,1,1 x NVIDIA GeForce RTX 5090,9.2986,48.7383,60.81614303588867,machine,0.0,0.0,0.0,0.0,N
