task_name,timestamp,project_name,run_id,duration,emissions,emissions_rate,cpu_power,gpu_power,ram_power,cpu_energy,gpu_energy,ram_energy,energy_consumed,water_consumed,country_name,country_iso_code,region,cloud_provider,cloud_region,os,python_version,codecarbon_version,cpu_count,cpu_model,gpu_count,gpu_model,longitude,latitude,ram_total_size,tracking_mode,cpu_utilization_percent,gpu_utilization_percent,ram_utilization_percent,ram_used_gb,on_cloud
idle_baseline_head,2026-09-15T20:25:50,td3_HalfCheetah-v5_seed958,038f32af-bd63-4c2a-a582-1bd4aff78694,90.00262042100076,0.0006092828442413932,6.769611736079535e-06,13.995184227130391,13.353717573022381,20.0,0.0003916725386155645,0.0006905691635661348,0.0005171357600610969,0.0015993774622427963,0.0,Germany,DEU,baden-wurttemberg,,,Linux-7.0.0-31-generic-x86_64-with-glibc2.43,3.14.4,3.3.0,24,Intel(R) Core(TM) Ultra 9 285K,1,1 x NVIDIA GeForce RTX 5090,9.2986,48.7383,60.81614303588867,machine,0.0,0.0,0.0,0.0,N
warmup_0,2026-09-15T20:25:51,td3_HalfCheetah-v5_seed958,038f32af-bd63-4c2a-a582-1bd4aff78694,0.3027108810056234,3.592629075859833e-06,1.1867652819165608e-05,21.466425867482773,27.396030746394015,20.0,3.0834230222848147e-06,4.6658370660424e-06,1.681450177744054e-06,9.43071026607116e-06,0.0,Germany,DEU,baden-wurttemberg,,,Linux-7.0.0-31-generic-x86_64-with-glibc2.43,3.14.4,3.3.0,24,Intel(R) Core(TM) Ultra 9 285K,1,1 x NVIDIA GeForce RTX 5090,9.2986,48.7383,60.81614303588867,machine,0.0,0.0,0.0,0.0,N
rollout_0,2026-09-15T20:25:51,td3_HalfCheetah-v5_seed958,038f32af-bd63-4c2a-a582-1bd4aff78694,0.20066402600787114,2.3823632441758325e-06,1.1873188346114505e-05,24.280058161008302,35.36788768962336,20.0,1.8417325844954924e-06,3.299447083993101e-06,1.1125629333643642e-06,6.253742601852958e-06,0.0,Germany,DEU,baden-wurttemberg,,,Linux-7.0.0-31-generic-x86_64-with-glibc2.43,3.14.4,3.3.0,24,Intel(R) Core(TM) Ultra 9 285K,1,1 x NVIDIA GeForce RTX 5090,9.2986,48.7383,60.81614303588867,machine,0.0,0.0,0.0,0.0,N
gradient_updates_0,2026-09-15T20:25:54,td3_HalfCheetah-v5_seed958,038f32af-bd63-4c2a-a582-1bd4aff78694,2.3165788449987303,4.456053100214516e-05,1.9235516366027822e-05,25.60129416096236,55.207342040762455,20.0,1.7529249023387483e-05,8.65759025940882e-05,1.2866973338936517e-05,0.0001169721249564121,0.0,Germany,DEU,baden-wurttemberg,,,Linux-7.0.0-31-generic-x86_64-with-glibc2.43,3.14.4,3.3.0,24,Intel(R) Core(TM) Ultra 9 285K,1,1 x NVIDIA GeForce RTX 5090,9.2986,48.7383,60.81614303588867,machine,0.0,0.0,0.0,0.0,N
rollout_1,2026-09-15T20:25:54,td3_HalfCheetah-v5_seed958,038f32af-bd63-4c2a-a582-1bd4aff78694,0.11338082399743143,1.9575954422562875e-06,1.72647723503356e-05,26.92646408323961,64.2222495846586,20.0,1.075505304856672e-06,3.4350027480201106e-06,6.282121000468575e-07,5.13872015292364e-06,0.0,Germany,DEU,baden-wurttemberg,,,Linux-7.0.0-31-generic-x86_64-with-glibc2.43,3.14.4,3.3.0,24,Intel(R) Core(TM) Ultra 9 285K,1,1 x NVIDIA GeForce RTX 5090,9.2986,48.7383,60.81614303588867,machine,0.0,0.0,0.0,0.0,N
gradient_updates_1,2026-09-15T20:25:56,td3_HalfCheetah-v5_seed958,038f32af-bd63-4c2a-a582-1bd4aff78694,2.19189802800247,4.3135927498562355e-05,1.967984656215237e-05,27.532419016243384,74.98822519472878,20.0,1.6088381204024116e-05,8.497173464405705e-05,1.2172401538878609e-05,0.00011323251738695988,0.0,Germany,DEU,baden-wurttemberg,,,Linux-7.0.0-31-generic-x86_64-with-glibc2.43,3.14.4,3.3.0,24,Intel(R) Core(TM) Ultra 9 285K,1,1 x NVIDIA GeForce RTX 5090,9.2986,48.7383,60.81614303588867,machine,0.0,0.0,0.0,0.0,N
rollout_2,2026-09-15T20:25:56,td3_HalfCheetah-v5_seed958,038f32af-bd63-4c2a-a582-1bd4aff78694,0.11289862499688752,1.9362355189451834e-06,1.7146593047392307e-05,28.250675520854987,79.15229530466462,20.0,1.0626372389938021e-06,3.3936138259527127e-06,6.263989388470082e-07,5.082650003793631e-06,0.0,Germany,DEU,baden-wurttemberg,,,Linux-7.0.0-31-generic-x86_64-with-glibc2.43,3.14.4,3.3.0,24,Intel(R) Core(TM) Ultra 9 285K,1,1 x NVIDIA GeForce RTX 5090,9.2986,48.7383,60.81614303588867,machine,0.0,0.0,0.0,0.0,N
gradient_updates_2,2026-09-15T20:25:58,td3_HalfCheetah-v5_seed958,038f32af-bd63-4c2a-a582-1bd4aff78694,2.197080753001501,4.320285961096292e-05,1.966382190212542e-05,28.568988333778876,85.80598809119583,20.0,1.636447975823796e-05,8.484006787190523e-05,1.2203667649979808e-05,0.00011340821528012311,0.0,Germany,DEU,baden-wurttemberg,,,Linux-7.0.0-31-generic-x86_64-with-glibc2.43,3.14.4,3.3.0,24,Intel(R) Core(TM) Ultra 9 285K,1,1 x NVIDIA GeForce RTX 5090,9.2986,48.7383,60.81614303588867,machine,0.0,0.0,0.0,0.0,N
rollout_3,2026-09-15T20:25:58,td3_HalfCheetah-v5_seed958,038f32af-bd63-4c2a-a582-1bd4aff78694,0.10800872600520961,2.677859293058666e-06,2.4792772663609522e-05,28.93302062482156,95.40955542943917,20.0,9.84359676381441e-07,5.446393246177905e-06,5.986716556233545e-07,7.029424578182484e-06,0.0,Germany,DEU,baden-wurttemberg,,,Linux-7.0.0-31-generic-x86_64-with-glibc2.43,3.14.4,3.3.0,24,Intel(R) Core(TM) Ultra 9 285K,1,1 x NVIDIA GeForce RTX 5090,9.2986,48.7383,60.81614303588867,machine,0.0,0.0,0.0,0.0,N
gradient_updates_3,2026-09-15T20:26:00,td3_HalfCheetah-v5_seed958,038f32af-bd63-4c2a-a582-1bd4aff78694,2.183364325988805,4.24416033175662e-05,1.9438700262781253e-05,29.066497554572326,99.18258775657665,20.0,1.625995717462192e-05,8.302256641812278e-05,1.2127381427772953e-05,0.00011140990502051754,0.0,Germany,DEU,baden-wurttemberg,,,Linux-7.0.0-31-generic-x86_64-with-glibc2.43,3.14.4,3.3.0,24,Intel(R) Core(TM) Ultra 9 285K,1,1 x NVIDIA GeForce RTX 5090,9.2986,48.7383,60.81614303588867,machine,0.0,0.0,0.0,0.0,N
rollout_4,2026-09-15T20:26:01,td3_HalfCheetah-v5_seed958,038f32af-bd63-4c2a-a582-1bd4aff78694,0.10842405899893492,2.6946080925452018e-06,2.4850800356289406e-05,29.336470445745036,106.37271610573583,20.0,9.91141348466451e-07,5.490559947585183e-06,5.916891555696148e-07,7.073390451621357e-06,0.0,Germany,DEU,baden-wurttemberg,,,Linux-7.0.0-31-generic-x86_64-with-glibc2.43,3.14.4,3.3.0,24,Intel(R) Core(TM) Ultra 9 285K,1,1 x NVIDIA GeForce RTX 5090,9.2986,48.7383,60.81614303588867,machine,0.0,0.0,0.0,0.0,N
gradient_updates_4,2026-09-15T20:26:03,td3_HalfCheetah-v5_seed958,038f32af-bd63-4c2a-a582-1bd4aff78694,1.995060556990211,4.143344287880612e-05,2.0768057543883475e-05,29.287305300264293,109.8182210524874,20.0,1.391780502311979e-05,8.376367812212848e-05,1.1081984183288602e-05,0.00010876346732853698,0.0,Germany,DEU,baden-wurttemberg,,,Linux-7.0.0-31-generic-x86_64-with-glibc2.43,3.14.4,3.3.0,24,Intel(R) Core(TM) Ultra 9 285K,1,1 x NVIDIA GeForce RTX 5090,9.2986,48.7383,60.81614303588867,machine,0.0,0.0,0.0,0.0,N
rollout_5,2026-09-15T20:26:03,td3_HalfCheetah-v5_seed958,038f32af-bd63-4c2a-a582-1bd4aff78694,0.11481477100460324,1.278678637892149e-06,1.113621578710429e-05,29.15256207012599,106.13155480386078,20.0,8.895687672039188e-07,1.8363903580009833e-06,6.305932777144439e-07,3.356552402919346e-06,0.0,Germany,DEU,baden-wurttemberg,,,Linux-7.0.0-31-generic-x86_64-with-glibc2.43,3.14.4,3.3.0,24,Intel(R) Core(TM) Ultra 9 285K,1,1 x NVIDIA GeForce RTX 5090,9.2986,48.7383,60.81614303588867,machine,0.0,0.0,0.0,0.0,N
gradient_updates_5,2026-09-15T20:26:05,td3_HalfCheetah-v5_seed958,038f32af-bd63-4c2a-a582-1bd4aff78694,1.9109760540013667,4.069077388766046e-05,2.1293252813798353e-05,29.04861552125534,109.28430876557937,20.0,1.4765480145700893e-05,8.143339847999087e-05,1.0615070416598502e-05,0.00010681394904229037,0.0,Germany,DEU,baden-wurttemberg,,,Linux-7.0.0-31-generic-x86_64-with-glibc2.43,3.14.4,3.3.0,24,Intel(R) Core(TM) Ultra 9 285K,1,1 x NVIDIA GeForce RTX 5090,9.2986,48.7383,60.81614303588867,machine,0.0,0.0,0.0,0.0,N
rollout_6,2026-09-15T20:26:05,td3_HalfCheetah-v5_seed958,038f32af-bd63-4c2a-a582-1bd4aff78694,0.1061600510001881,1.5789072240614092e-06,1.4870411806905482e-05,29.291564133643472,107.90361622415217,20.0,9.892596802979492e-07,2.566946498028244e-06,5.884511889436709e-07,4.144657367269756e-06,0.0,Germany,DEU,baden-wurttemberg,,,Linux-7.0.0-31-generic-x86_64-with-glibc2.43,3.14.4,3.3.0,24,Intel(R) Core(TM) Ultra 9 285K,1,1 x NVIDIA GeForce RTX 5090,9.2986,48.7383,60.81614303588867,machine,0.0,0.0,0.0,0.0,N
gradient_updates_6,2026-09-15T20:26:07,td3_HalfCheetah-v5_seed958,038f32af-bd63-4c2a-a582-1bd4aff78694,1.9203731229936238,4.0383227972249974e-05,2.102901756018541e-05,29.35632895453349,110.42652496254108,20.0,1.4877666068793816e-05,8.045811992207774e-05,1.0670849977759676e-05,0.00010600663596863113,0.0,Germany,DEU,baden-wurttemberg,,,Linux-7.0.0-31-generic-x86_64-with-glibc2.43,3.14.4,3.3.0,24,Intel(R) Core(TM) Ultra 9 285K,1,1 x NVIDIA GeForce RTX 5090,9.2986,48.7383,60.81614303588867,machine,0.0,0.0,0.0,0.0,N
rollout_7,2026-09-15T20:26:07,td3_HalfCheetah-v5_seed958,038f32af-bd63-4c2a-a582-1bd4aff78694,0.10640403800061904,2.0109882720083802e-06,1.889957421184357e-05,29.570950902837694,111.24266526593887,20.0,1.0003813558506769e-06,3.6891696177931976e-06,5.893262333604796e-07,5.278877207004571e-06,0.0,Germany,DEU,baden-wurttemberg,,,Linux-7.0.0-31-generic-x86_64-with-glibc2.43,3.14.4,3.3.0,24,Intel(R) Core(TM) Ultra 9 285K,1,1 x NVIDIA GeForce RTX 5090,9.2986,48.7383,60.81614303588867,machine,0.0,0.0,0.0,0.0,N
gradient_updates_7,2026-09-15T20:26:09,td3_HalfCheetah-v5_seed958,038f32af-bd63-4c2a-a582-1bd4aff78694,1.9161509929981548,4.016352095133401e-05,2.0960573037995137e-05,29.621814938835417,113.29309347201256,20.0,1.4843334096889538e-05,7.994228617613786e-05,1.0644281161108259e-05,0.00010542990143413587,0.0,Germany,DEU,baden-wurttemberg,,,Linux-7.0.0-31-generic-x86_64-with-glibc2.43,3.14.4,3.3.0,24,Intel(R) Core(TM) Ultra 9 285K,1,1 x NVIDIA GeForce RTX 5090,9.2986,48.7383,60.81614303588867,machine,0.0,0.0,0.0,0.0,N
rollout_8,2026-09-15T20:26:09,td3_HalfCheetah-v5_seed958,038f32af-bd63-4c2a-a582-1bd4aff78694,0.10621915099909529,2.127925507817074e-06,2.0032579383790782e-05,29.78979991845759,114.42130779511385,20.0,9.919213490999779e-07,4.004725425943434e-06,5.891925944726548e-07,5.585839369515958e-06,0.0,Germany,DEU,baden-wurttemberg,,,Linux-7.0.0-31-generic-x86_64-with-glibc2.43,3.14.4,3.3.0,24,Intel(R) Core(TM) Ultra 9 285K,1,1 x NVIDIA GeForce RTX 5090,9.2986,48.7383,60.81614303588867,machine,0.0,0.0,0.0,0.0,N
gradient_updates_8,2026-09-15T20:26:11,td3_HalfCheetah-v5_seed958,038f32af-bd63-4c2a-a582-1bd4aff78694,1.9099271810118807,4.109578373316224e-05,2.1517103026735395e-05,29.825336976777425,116.35908707536699,20.0,1.4928054164656257e-05,8.233367697796368e-05,1.061537538884702e-05,0.00010787710653146695,0.0,Germany,DEU,baden-wurttemberg,,,Linux-7.0.0-31-generic-x86_64-with-glibc2.43,3.14.4,3.3.0,24,Intel(R) Core(TM) Ultra 9 285K,1,1 x NVIDIA GeForce RTX 5090,9.2986,48.7383,60.81614303588867,machine,0.0,0.0,0.0,0.0,N
rollout_9,2026-09-15T20:26:11,td3_HalfCheetah-v5_seed958,038f32af-bd63-4c2a-a582-1bd4aff78694,0.1056485549925128,1.354428518043167e-06,1.2818863394298335e-05,29.94674830126687,114.16774945821943,20.0,9.720338331881129e-07,1.997501597905682e-06,5.85861650001236e-07,3.5553970810951394e-06,0.0,Germany,DEU,baden-wurttemberg,,,Linux-7.0.0-31-generic-x86_64-with-glibc2.43,3.14.4,3.3.0,24,Intel(R) Core(TM) Ultra 9 285K,1,1 x NVIDIA GeForce RTX 5090,9.2986,48.7383,60.81614303588867,machine,0.0,0.0,0.0,0.0,N
gradient_updates_9,2026-09-15T20:26:13,td3_HalfCheetah-v5_seed958,038f32af-bd63-4c2a-a582-1bd4aff78694,1.9315897180058528,4.017792926387523e-05,2.0800637777552955e-05,29.90707807655458,115.76865072726018,20.0,1.3735055988034484e-05,8.10033981362146e-05,1.0729269366695194e-05,0.00010546772349094439,0.0,Germany,DEU,baden-wurttemberg,,,Linux-7.0.0-31-generic-x86_64-with-glibc2.43,3.14.4,3.3.0,24,Intel(R) Core(TM) Ultra 9 285K,1,1 x NVIDIA GeForce RTX 5090,9.2986,48.7383,60.81614303588867,machine,0.0,0.0,0.0,0.0,N
rollout_10,2026-09-15T20:26:13,td3_HalfCheetah-v5_seed958,038f32af-bd63-4c2a-a582-1bd4aff78694,0.11257019499316812,1.7759740096317134e-06,1.577270945774137e-05,29.807482452275504,115.15272123602522,20.0,8.782265359108532e-07,3.1586136377548257e-06,6.251207388737346e-07,4.661960912539197e-06,0.0,Germany,DEU,baden-wurttemberg,,,Linux-7.0.0-31-generic-x86_64-with-glibc2.43,3.14.4,3.3.0,24,Intel(R) Core(TM) Ultra 9 285K,1,1 x NVIDIA GeForce RTX 5090,9.2986,48.7383,60.81614303588867,machine,0.0,0.0,0.0,0.0,N
gradient_updates_10,2026-09-15T20:26:15,td3_HalfCheetah-v5_seed958,038f32af-bd63-4c2a-a582-1bd4aff78694,1.9351059530017665,4.183630189832249e-05,2.161967911754929e-05,29.72739577475607,116.7955104068846,20.0,1.5117042093615307e-05,8.395617827616775e-05,1.0747758494431404e-05,0.00010982097886421457,0.0,Germany,DEU,baden-wurttemberg,,,Linux-7.0.0-31-generic-x86_64-with-glibc2.43,3.14.4,3.3.0,24,Intel(R) Core(TM) Ultra 9 285K,1,1 x NVIDIA GeForce RTX 5090,9.2986,48.7383,60.81614303588867,machine,0.0,0.0,0.0,0.0,N
rollout_11,2026-09-15T20:26:15,td3_HalfCheetah-v5_seed958,038f32af-bd63-4c2a-a582-1bd4aff78694,0.10930297299637459,1.3842246715058994e-06,1.2664413342149529e-05,29.885575360223587,114.82276116766019,20.0,1.0465475039078687e-06,1.982223807761585e-06,6.048411611118704e-07,3.6336124727811073e-06,0.0,Germany,DEU,baden-wurttemberg,,,Linux-7.0.0-31-generic-x86_64-with-glibc2.43,3.14.4,3.3.0,24,Intel(R) Core(TM) Ultra 9 285K,1,1 x NVIDIA GeForce RTX 5090,9.2986,48.7383,60.81614303588867,machine,0.0,0.0,0.0,0.0,N
gradient_updates_11,2026-09-15T20:26:17,td3_HalfCheetah-v5_seed958,038f32af-bd63-4c2a-a582-1bd4aff78694,1.9382323680038098,4.03016981137315e-05,2.079308891611063e-05,29.897712798562978,116.12035038426681,20.0,1.4332928410784596e-05,8.069117566389394e-05,1.0768514677733459e-05,0.0001057926187524121,0.0,Germany,DEU,baden-wurttemberg,,,Linux-7.0.0-31-generic-x86_64-with-glibc2.43,3.14.4,3.3.0,24,Intel(R) Core(TM) Ultra 9 285K,1,1 x NVIDIA GeForce RTX 5090,9.2986,48.7383,60.81614303588867,machine,0.0,0.0,0.0,0.0,N
rollout_12,2026-09-15T20:26:17,td3_HalfCheetah-v5_seed958,038f32af-bd63-4c2a-a582-1bd4aff78694,0.11051304600550793,1.7156794535754406e-06,1.552436628195347e-05,29.764842758914657,115.55799675129012,20.0,8.186834327267301e-07,3.07305801428015e-06,6.119452666704644e-07,4.503686713677561e-06,0.0,Germany,DEU,baden-wurttemberg,,,Linux-7.0.0-31-generic-x86_64-with-glibc2.43,3.14.4,3.3.0,24,Intel(R) Core(TM) Ultra 9 285K,1,1 x NVIDIA GeForce RTX 5090,9.2986,48.7383,60.81614303588867,machine,0.0,0.0,0.0,0.0,N
gradient_updates_12,2026-09-15T20:26:19,td3_HalfCheetah-v5_seed958,038f32af-bd63-4c2a-a582-1bd4aff78694,1.9551324070052942,4.1078038610077106e-05,2.1010436713617418e-05,29.636358445897955,116.83611595617889,20.0,1.4082379321447847e-05,8.288701075409577e-05,1.0861135216691715e-05,0.00010783052529223522,0.0,Germany,DEU,baden-wurttemberg,,,Linux-7.0.0-31-generic-x86_64-with-glibc2.43,3.14.4,3.3.0,24,Intel(R) Core(TM) Ultra 9 285K,1,1 x NVIDIA GeForce RTX 5090,9.2986,48.7383,60.81614303588867,machine,0.0,0.0,0.0,0.0,N
rollout_13,2026-09-15T20:26:19,td3_HalfCheetah-v5_seed958,038f32af-bd63-4c2a-a582-1bd4aff78694,0.11082804600300733,1.5351559411462719e-06,1.385014896948443e-05,29.548490799552606,115.72458901687015,20.0,8.465731772544505e-07,2.5683353879202286e-06,6.14900966643757e-07,4.029809531818328e-06,0.0,Germany,DEU,baden-wurttemberg,,,Linux-7.0.0-31-generic-x86_64-with-glibc2.43,3.14.4,3.3.0,24,Intel(R) Core(TM) Ultra 9 285K,1,1 x NVIDIA GeForce RTX 5090,9.2986,48.7383,60.81614303588867,machine,0.0,0.0,0.0,0.0,N
gradient_updates_13,2026-09-15T20:26:21,td3_HalfCheetah-v5_seed958,038f32af-bd63-4c2a-a582-1bd4aff78694,1.908584000004339,4.040749974284531e-05,2.117153380457969e-05,29.48070884382279,116.90071248623609,20.0,1.4803542398370007e-05,8.066617564406187e-05,1.0600631722223184e-05,0.00010607034976465495,0.0,Germany,DEU,baden-wurttemberg,,,Linux-7.0.0-31-generic-x86_64-with-glibc2.43,3.14.4,3.3.0,24,Intel(R) Core(TM) Ultra 9 285K,1,1 x NVIDIA GeForce RTX 5090,9.2986,48.7383,60.81614303588867,machine,0.0,0.0,0.0,0.0,N
rollout_14,2026-09-15T20:26:21,td3_HalfCheetah-v5_seed958,038f32af-bd63-4c2a-a582-1bd4aff78694,0.1072527639917098,1.8114432077250778e-06,1.688671802954424e-05,29.598476040202222,116.55738085335868,20.0,1.0089260849138748e-06,3.151391410050053e-06,5.947506444903879e-07,4.755068139454099e-06,0.0,Germany,DEU,baden-wurttemberg,,,Linux-7.0.0-31-generic-x86_64-with-glibc2.43,3.14.4,3.3.0,24,Intel(R) Core(TM) Ultra 9 285K,1,1 x NVIDIA GeForce RTX 5090,9.2986,48.7383,60.81614303588867,machine,0.0,0.0,0.0,0.0,N
gradient_updates_14,2026-09-15T20:26:23,td3_HalfCheetah-v5_seed958,038f32af-bd63-4c2a-a582-1bd4aff78694,1.9227683870121837,4.009007489452982e-05,2.0850352040997565e-05,29.6267670978327,117.54782619611773,20.0,1.4869799395827998e-05,7.968867486196629e-05,1.0678630072248358e-05,0.00010523710433004265,0.0,Germany,DEU,baden-wurttemberg,,,Linux-7.0.0-31-generic-x86_64-with-glibc2.43,3.14.4,3.3.0,24,Intel(R) Core(TM) Ultra 9 285K,1,1 x NVIDIA GeForce RTX 5090,9.2986,48.7383,60.81614303588867,machine,0.0,0.0,0.0,0.0,N
rollout_15,2026-09-15T20:26:23,td3_HalfCheetah-v5_seed958,038f32af-bd63-4c2a-a582-1bd4aff78694,0.10663056098564994,2.819405128878837e-06,2.6437501396575725e-05,29.726725746100445,119.86323054853843,20.0,9.971263532637664e-07,5.811949093992297e-06,5.919092722049286e-07,7.400984719461209e-06,0.0,Germany,DEU,baden-wurttemberg,,,Linux-7.0.0-31-generic-x86_64-with-glibc2.43,3.14.4,3.3.0,24,Intel(R) Core(TM) Ultra 9 285K,1,1 x NVIDIA GeForce RTX 5090,9.2986,48.7383,60.81614303588867,machine,0.0,0.0,0.0,0.0,N
gradient_updates_15,2026-09-15T20:26:25,td3_HalfCheetah-v5_seed958,038f32af-bd63-4c2a-a582-1bd4aff78694,1.9071612859988818,4.093839920171977e-05,2.1465787904248645e-05,29.747590914696517,120.86384522437724,20.0,1.4795557114213875e-05,8.20711767679505e-05,1.0597235672159732e-05,0.0001074639695543239,0.0,Germany,DEU,baden-wurttemberg,,,Linux-7.0.0-31-generic-x86_64-with-glibc2.43,3.14.4,3.3.0,24,Intel(R) Core(TM) Ultra 9 285K,1,1 x NVIDIA GeForce RTX 5090,9.2986,48.7383,60.81614303588867,machine,0.0,0.0,0.0,0.0,N
rollout_16,2026-09-15T20:26:25,td3_HalfCheetah-v5_seed958,038f32af-bd63-4c2a-a582-1bd4aff78694,0.10694493498886004,1.366818040037009e-06,1.27803029748315e-05,29.836140189121743,119.37907410637371,20.0,9.967021862566927e-07,1.9986127099969053e-06,5.926048833417626e-07,3.5879197795955775e-06,0.0,Germany,DEU,baden-wurttemberg,,,Linux-7.0.0-31-generic-x86_64-with-glibc2.43,3.14.4,3.3.0,24,Intel(R) Core(TM) Ultra 9 285K,1,1 x NVIDIA GeForce RTX 5090,9.2986,48.7383,60.81614303588867,machine,0.0,0.0,0.0,0.0,N
gradient_updates_16,2026-09-15T20:26:27,td3_HalfCheetah-v5_seed958,038f32af-bd63-4c2a-a582-1bd4aff78694,1.9141946559975622,4.062420870233922e-05,2.1222773210135497e-05,29.849348963408886,120.27985996794291,20.0,1.4760970697663689e-05,8.123895388001401e-05,1.0639289761052721e-05,0.00010663921433873031,0.0,Germany,DEU,baden-wurttemberg,,,Linux-7.0.0-31-generic-x86_64-with-glibc2.43,3.14.4,3.3.0,24,Intel(R) Core(TM) Ultra 9 285K,1,1 x NVIDIA GeForce RTX 5090,9.2986,48.7383,60.81614303588867,machine,0.0,0.0,0.0,0.0,N
rollout_17,2026-09-15T20:26:27,td3_HalfCheetah-v5_seed958,038f32af-bd63-4c2a-a582-1bd4aff78694,0.10682100999110844,1.5635916087426791e-06,1.4635455931776731e-05,29.925015831638923,119.3533187230679,20.0,9.89598569464678e-07,2.5222242396871764e-06,5.926308166333012e-07,4.104453625784939e-06,0.0,Germany,DEU,baden-wurttemberg,,,Linux-7.0.0-31-generic-x86_64-with-glibc2.43,3.14.4,3.3.0,24,Intel(R) Core(TM) Ultra 9 285K,1,1 x NVIDIA GeForce RTX 5090,9.2986,48.7383,60.81614303588867,machine,0.0,0.0,0.0,0.0,N
gradient_updates_17,2026-09-15T20:26:29,td3_HalfCheetah-v5_seed958,038f32af-bd63-4c2a-a582-1bd4aff78694,1.9143458009930328,4.02618431880272e-05,2.103182578241526e-05,29.934287489328387,120.16342810931324,20.0,1.4823836859065298e-05,8.023395307610315e-05,1.0630208983396531e-05,0.00010568799891856476,0.0,Germany,DEU,baden-wurttemberg,,,Linux-7.0.0-31-generic-x86_64-with-glibc2.43,3.14.4,3.3.0,24,Intel(R) Core(TM) Ultra 9 285K,1,1 x NVIDIA GeForce RTX 5090,9.2986,48.7383,60.81614303588867,machine,0.0,0.0,0.0,0.0,N
rollout_18,2026-09-15T20:26:29,td3_HalfCheetah-v5_seed958,038f32af-bd63-4c2a-a582-1bd4aff78694,0.10652035000384785,2.0016635542195564e-06,1.8787079432721575e-05,30.0202137833498,120.25247964347231,20.0,1.0063660828701915e-06,3.6572251480571083e-06,5.908084388970636e-07,5.254399669824255e-06,0.0,Germany,DEU,baden-wurttemberg,,,Linux-7.0.0-31-generic-x86_64-with-glibc2.43,3.14.4,3.3.0,24,Intel(R) Core(TM) Ultra 9 285K,1,1 x NVIDIA GeForce RTX 5090,9.2986,48.7383,60.81614303588867,machine,0.0,0.0,0.0,0.0,N
gradient_updates_18,2026-09-15T20:26:31,td3_HalfCheetah-v5_seed958,038f32af-bd63-4c2a-a582-1bd4aff78694,1.9198970170109533,4.004245291317236e-05,2.085664411271663e-05,30.033977869446538,120.96101095703644,20.0,1.4839841594088687e-05,7.960867479805955e-05,1.0663579455528322e-05,0.00010511209584767667,0.0,Germany,DEU,baden-wurttemberg,,,Linux-7.0.0-31-generic-x86_64-with-glibc2.43,3.14.4,3.3.0,24,Intel(R) Core(TM) Ultra 9 285K,1,1 x NVIDIA GeForce RTX 5090,9.2986,48.7383,60.81614303588867,machine,0.0,0.0,0.0,0.0,N
rollout_19,2026-09-15T20:26:31,td3_HalfCheetah-v5_seed958,038f32af-bd63-4c2a-a582-1bd4aff78694,0.1062930280022556,2.814587022662539e-06,2.647851595612988e-05,30.1056495423366,122.77429124944865,20.0,9.940744063741125e-07,5.805560199689808e-06,5.887025055319791e-07,7.388337111596116e-06,0.0,Germany,DEU,baden-wurttemberg,,,Linux-7.0.0-31-generic-x86_64-with-glibc2.43,3.14.4,3.3.0,24,Intel(R) Core(TM) Ultra 9 285K,1,1 x NVIDIA GeForce RTX 5090,9.2986,48.7383,60.81614303588867,machine,0.0,0.0,0.0,0.0,N
gradient_updates_19,2026-09-15T20:26:33,td3_HalfCheetah-v5_seed958,038f32af-bd63-4c2a-a582-1bd4aff78694,1.8989203670062125,4.106032664782477e-05,2.1623054696177437e-05,30.123068805685175,123.5394828817497,20.0,1.5136369886856182e-05,8.210062123614748e-05,1.0547039977730835e-05,0.00010778403110073449,0.0,Germany,DEU,baden-wurttemberg,,,Linux-7.0.0-31-generic-x86_64-with-glibc2.43,3.14.4,3.3.0,24,Intel(R) Core(TM) Ultra 9 285K,1,1 x NVIDIA GeForce RTX 5090,9.2986,48.7383,60.81614303588867,machine,0.0,0.0,0.0,0.0,N
rollout_20,2026-09-15T20:26:33,td3_HalfCheetah-v5_seed958,038f32af-bd63-4c2a-a582-1bd4aff78694,0.10799432000203524,1.3678248047801957e-06,1.2665259329724346e-05,30.216523557751938,122.20073674564732,20.0,1.0495655618780741e-06,1.9408348861382763e-06,6.00162105547533e-07,3.5905625535639918e-06,0.0,Germany,DEU,baden-wurttemberg,,,Linux-7.0.0-31-generic-x86_64-with-glibc2.43,3.14.4,3.3.0,24,Intel(R) Core(TM) Ultra 9 285K,1,1 x NVIDIA GeForce RTX 5090,9.2986,48.7383,60.81614303588867,machine,0.0,0.0,0.0,0.0,N
gradient_updates_20,2026-09-15T20:26:35,td3_HalfCheetah-v5_seed958,038f32af-bd63-4c2a-a582-1bd4aff78694,1.9183176299993647,4.102965972608728e-05,2.1388442697931653e-05,30.248815568365288,122.88577450877736,20.0,1.552465464192687e-05,8.152450966392166e-05,1.0654365622192702e-05,0.00010770352992804134,0.0,Germany,DEU,baden-wurttemberg,,,Linux-7.0.0-31-generic-x86_64-with-glibc2.43,3.14.4,3.3.0,24,Intel(R) Core(TM) Ultra 9 285K,1,1 x NVIDIA GeForce RTX 5090,9.2986,48.7383,60.81614303588867,machine,0.0,0.0,0.0,0.0,N
rollout_21,2026-09-15T20:26:35,td3_HalfCheetah-v5_seed958,038f32af-bd63-4c2a-a582-1bd4aff78694,0.10863715299637988,1.6043332082505898e-06,1.4766083572819982e-05,30.33125628646356,122.06302420843087,20.0,1.0465983372731635e-06,2.5625020501074403e-06,6.023006055329164e-07,4.2114009929138455e-06,0.0,Germany,DEU,baden-wurttemberg,,,Linux-7.0.0-31-generic-x86_64-with-glibc2.43,3.14.4,3.3.0,24,Intel(R) Core(TM) Ultra 9 285K,1,1 x NVIDIA GeForce RTX 5090,9.2986,48.7383,60.81614303588867,machine,0.0,0.0,0.0,0.0,N
gradient_updates_21,2026-09-15T20:26:37,td3_HalfCheetah-v5_seed958,038f32af-bd63-4c2a-a582-1bd4aff78694,1.9334093779907562,3.999574980382485e-05,2.0686751965248558e-05,30.327588978762375,122.64172946016078,20.0,1.4126579079037915e-05,8.012700854598265e-05,1.0735911794391615e-05,0.00010498949941941185,0.0,Germany,DEU,baden-wurttemberg,,,Linux-7.0.0-31-generic-x86_64-with-glibc2.43,3.14.4,3.3.0,24,Intel(R) Core(TM) Ultra 9 285K,1,1 x NVIDIA GeForce RTX 5090,9.2986,48.7383,60.81614303588867,machine,0.0,0.0,0.0,0.0,N
rollout_22,2026-09-15T20:26:37,td3_HalfCheetah-v5_seed958,038f32af-bd63-4c2a-a582-1bd4aff78694,0.10989020300621632,2.1288688742079377e-06,1.936807366493377e-05,30.267953527577465,122.90492683904328,20.0,8.538462386298296e-07,4.125003299826346e-06,6.094661833130292e-07,5.588315721768988e-06,0.0,Germany,DEU,baden-wurttemberg,,,Linux-7.0.0-31-generic-x86_64-with-glibc2.43,3.14.4,3.3.0,24,Intel(R) Core(TM) Ultra 9 285K,1,1 x NVIDIA GeForce RTX 5090,9.2986,48.7383,60.81614303588867,machine,0.0,0.0,0.0,0.0,N
gradient_updates_22,2026-09-15T20:26:39,td3_HalfCheetah-v5_seed958,038f32af-bd63-4c2a-a582-1bd4aff78694,1.9050587590027135,4.182218576781558e-05,2.19532889670286e-05,30.220161073300492,123.64552667163021,20.0,1.5037985085938899e-05,8.41717340041015e-05,1.0574204699999746e-05,0.0001097839237900397,0.0,Germany,DEU,baden-wurttemberg,,,Linux-7.0.0-31-generic-x86_64-with-glibc2.43,3.14.4,3.3.0,24,Intel(R) Core(TM) Ultra 9 285K,1,1 x NVIDIA GeForce RTX 5090,9.2986,48.7383,60.81614303588867,machine,0.0,0.0,0.0,0.0,N
rollout_23,2026-09-15T20:26:39,td3_HalfCheetah-v5_seed958,038f32af-bd63-4c2a-a582-1bd4aff78694,0.10671033499238547,1.3297951881967567e-06,1.2460233090997971e-05,30.29048739252278,122.44307917077836,20.0,1.0195394267442648e-06,1.8797237260059774e-06,5.91471033355097e-07,3.4907341861052307e-06,0.0,Germany,DEU,baden-wurttemberg,,,Linux-7.0.0-31-generic-x86_64-with-glibc2.43,3.14.4,3.3.0,24,Intel(R) Core(TM) Ultra 9 285K,1,1 x NVIDIA GeForce RTX 5090,9.2986,48.7383,60.81614303588867,machine,0.0,0.0,0.0,0.0,N
gradient_updates_23,2026-09-15T20:26:41,td3_HalfCheetah-v5_seed958,038f32af-bd63-4c2a-a582-1bd4aff78694,1.8999607790028676,4.0887347283709036e-05,2.152019460582977e-05,30.306152235638375,123.07956725591151,20.0,1.5028270078154549e-05,8.174756539824912e-05,1.0554121955566272e-05,0.00010732995743197027,0.0,Germany,DEU,baden-wurttemberg,,,Linux-7.0.0-31-generic-x86_64-with-glibc2.43,3.14.4,3.3.0,24,Intel(R) Core(TM) Ultra 9 285K,1,1 x NVIDIA GeForce RTX 5090,9.2986,48.7383,60.81614303588867,machine,0.0,0.0,0.0,0.0,N
rollout_24,2026-09-15T20:26:41,td3_HalfCheetah-v5_seed958,038f32af-bd63-4c2a-a582-1bd4aff78694,0.10609587001090404,1.370675239259142e-06,1.2918263570071937e-05,30.377851779571756,122.0118390280343,20.0,1.0217944285406677e-06,1.9880571455743734e-06,5.88193416721592e-07,3.5980449908361994e-06,0.0,Germany,DEU,baden-wurttemberg,,,Linux-7.0.0-31-generic-x86_64-with-glibc2.43,3.14.4,3.3.0,24,Intel(R) Core(TM) Ultra 9 285K,1,1 x NVIDIA GeForce RTX 5090,9.2986,48.7383,60.81614303588867,machine,0.0,0.0,0.0,0.0,N
gradient_updates_24,2026-09-15T20:26:43,td3_HalfCheetah-v5_seed958,038f32af-bd63-4c2a-a582-1bd4aff78694,1.8972988530003931,4.071998790195234e-05,2.146217526981093e-05,30.3933629342508,122.6258091450105,20.0,1.4964912527476448e-05,8.139339844825955e-05,1.0532325333365879e-05,0.00010689063630910187,0.0,Germany,DEU,baden-wurttemberg,,,Linux-7.0.0-31-generic-x86_64-with-glibc2.43,3.14.4,3.3.0,24,Intel(R) Core(TM) Ultra 9 285K,1,1 x NVIDIA GeForce RTX 5090,9.2986,48.7383,60.81614303588867,machine,0.0,0.0,0.0,0.0,N
rollout_25,2026-09-15T20:26:43,td3_HalfCheetah-v5_seed958,038f32af-bd63-4c2a-a582-1bd4aff78694,0.10635742799786385,1.5442689257135368e-06,1.4519585689868625e-05,30.453697926799027,121.89352699098033,20.0,1.0129955326232398e-06,2.4511130720661356e-06,5.896226611285535e-07,4.053731265818254e-06,0.0,Germany,DEU,baden-wurttemberg,,,Linux-7.0.0-31-generic-x86_64-with-glibc2.43,3.14.4,3.3.0,24,Intel(R) Core(TM) Ultra 9 285K,1,1 x NVIDIA GeForce RTX 5090,9.2986,48.7383,60.81614303588867,machine,0.0,0.0,0.0,0.0,N
gradient_updates_25,2026-09-15T20:26:45,td3_HalfCheetah-v5_seed958,038f32af-bd63-4c2a-a582-1bd4aff78694,1.899749748990871,4.062656943784712e-05,2.1385256196100758e-05,30.46140304485314,122.47708529934745,20.0,1.484596159898044e-05,8.124756499805486e-05,1.0551884711134784e-05,0.00010664541130816965,0.0,Germany,DEU,baden-wurttemberg,,,Linux-7.0.0-31-generic-x86_64-with-glibc2.43,3.14.4,3.3.0,24,Intel(R) Core(TM) Ultra 9 285K,1,1 x NVIDIA GeForce RTX 5090,9.2986,48.7383,60.81614303588867,machine,0.0,0.0,0.0,0.0,N
rollout_26,2026-09-15T20:26:45,td3_HalfCheetah-v5_seed958,038f32af-bd63-4c2a-a582-1bd4aff78694,0.10665187299309764,1.6068684809433277e-06,1.5063583611593812e-05,30.5076614032144,121.88498958392721,20.0,9.974821868763417e-07,2.631668771790885e-06,5.889051666599842e-07,4.2180561253268856e-06,0.0,Germany,DEU,baden-wurttemberg,,,Linux-7.0.0-31-generic-x86_64-with-glibc2.43,3.14.4,3.3.0,24,Intel(R) Core(TM) Ultra 9 285K,1,1 x NVIDIA GeForce RTX 5090,9.2986,48.7383,60.81614303588867,machine,0.0,0.0,0.0,0.0,N
gradient_updates_26,2026-09-15T20:26:47,td3_HalfCheetah-v5_seed958,038f32af-bd63-4c2a-a582-1bd4aff78694,1.9036619109974708,4.047871210582292e-05,2.1263795505903022e-05,30.508613509210832,122.428527558827,20.0,1.4859694665525502e-05,8.082367577033622e-05,1.0573912949944858e-05,0.00010625728338580637,0.0,Germany,DEU,baden-wurttemberg,,,Linux-7.0.0-31-generic-x86_64-with-glibc2.43,3.14.4,3.3.0,24,Intel(R) Core(TM) Ultra 9 285K,1,1 x NVIDIA GeForce RTX 5090,9.2986,48.7383,60.81614303588867,machine,0.0,0.0,0.0,0.0,N
rollout_27,2026-09-15T20:26:47,td3_HalfCheetah-v5_seed958,038f32af-bd63-4c2a-a582-1bd4aff78694,0.10619043699989561,1.8013894630564825e-06,1.696391433955079e-05,30.549929698861625,122.16163702363112,20.0,9.889882911784387e-07,3.150835853560352e-06,5.888527500145244e-07,4.72867689475364e-06,0.0,Germany,DEU,baden-wurttemberg,,,Linux-7.0.0-31-generic-x86_64-with-glibc2.43,3.14.4,3.3.0,24,Intel(R) Core(TM) Ultra 9 285K,1,1 x NVIDIA GeForce RTX 5090,9.2986,48.7383,60.81614303588867,machine,0.0,0.0,0.0,0.0,N
gradient_updates_27,2026-09-15T20:26:49,td3_HalfCheetah-v5_seed958,038f32af-bd63-4c2a-a582-1bd4aff78694,1.925211011999636,3.959610951020237e-05,2.0567234120707485e-05,30.521705553994895,122.624873382873,20.0,1.331079481528552e-05,7.993589728227946e-05,1.0693744994447738e-05,0.00010394043709201304,0.0,Germany,DEU,baden-wurttemberg,,,Linux-7.0.0-31-generic-x86_64-with-glibc2.43,3.14.4,3.3.0,24,Intel(R) Core(TM) Ultra 9 285K,1,1 x NVIDIA GeForce RTX 5090,9.2986,48.7383,60.81614303588867,machine,0.0,0.0,0.0,0.0,N
rollout_28,2026-09-15T20:26:49,td3_HalfCheetah-v5_seed958,038f32af-bd63-4c2a-a582-1bd4aff78694,0.10988696600543335,2.115280618113181e-06,1.924948224753608e-05,30.45932272887636,122.82842483258696,20.0,8.324162214939923e-07,4.110836621773473e-06,6.093934833188925e-07,5.552646326586683e-06,0.0,Germany,DEU,baden-wurttemberg,,,Linux-7.0.0-31-generic-x86_64-with-glibc2.43,3.14.4,3.3.0,24,Intel(R) Core(TM) Ultra 9 285K,1,1 x NVIDIA GeForce RTX 5090,9.2986,48.7383,60.81614303588867,machine,0.0,0.0,0.0,0.0,N
gradient_updates_28,2026-09-15T20:26:51,td3_HalfCheetah-v5_seed958,038f32af-bd63-4c2a-a582-1bd4aff78694,1.9122834449954098,4.107688395495949e-05,2.1480612902915623e-05,30.411113822851874,123.35147198548569,20.0,1.5026473132284668e-05,8.217951018796299e-05,1.0621510983360705e-05,0.00010782749430360804,0.0,Germany,DEU,baden-wurttemberg,,,Linux-7.0.0-31-generic-x86_64-with-glibc2.43,3.14.4,3.3.0,24,Intel(R) Core(TM) Ultra 9 285K,1,1 x NVIDIA GeForce RTX 5090,9.2986,48.7383,60.81614303588867,machine,0.0,0.0,0.0,0.0,N
rollout_29,2026-09-15T20:26:51,td3_HalfCheetah-v5_seed958,038f32af-bd63-4c2a-a582-1bd4aff78694,0.10540383199986536,1.3701660137206695e-06,1.2998698453840303e-05,30.463659899456957,122.46943622969917,20.0,1.0044674702419654e-06,2.0077793840833635e-06,5.844614111184939e-07,3.5967082654434976e-06,0.0,Germany,DEU,baden-wurttemberg,,,Linux-7.0.0-31-generic-x86_64-with-glibc2.43,3.14.4,3.3.0,24,Intel(R) Core(TM) Ultra 9 285K,1,1 x NVIDIA GeForce RTX 5090,9.2986,48.7383,60.81614303588867,machine,0.0,0.0,0.0,0.0,N
gradient_updates_29,2026-09-15T20:26:53,td3_HalfCheetah-v5_seed958,038f32af-bd63-4c2a-a582-1bd4aff78694,1.9199926430010237,4.070609714844895e-05,2.1201235814838863e-05,30.473444568439216,122.93626863707016,20.0,1.5215919117156362e-05,8.097562033615446e-05,1.0662633399947984e-05,0.00010685417285325859,0.0,Germany,DEU,baden-wurttemberg,,,Linux-7.0.0-31-generic-x86_64-with-glibc2.43,3.14.4,3.3.0,24,Intel(R) Core(TM) Ultra 9 285K,1,1 x NVIDIA GeForce RTX 5090,9.2986,48.7383,60.81614303588867,machine,0.0,0.0,0.0,0.0,N
rollout_30,2026-09-15T20:26:53,td3_HalfCheetah-v5_seed958,038f32af-bd63-4c2a-a582-1bd4aff78694,0.10769150400301442,1.8036347992412584e-06,1.6745407052806483e-05,30.552059907235762,122.61926583373415,20.0,1.0817614209679416e-06,3.0575024458912026e-06,5.953070722170906e-07,4.73457093907656e-06,0.0,Germany,DEU,baden-wurttemberg,,,Linux-7.0.0-31-generic-x86_64-with-glibc2.43,3.14.4,3.3.0,24,Intel(R) Core(TM) Ultra 9 285K,1,1 x NVIDIA GeForce RTX 5090,9.2986,48.7383,60.81614303588867,machine,0.0,0.0,0.0,0.0,N
gradient_updates_30,2026-09-15T20:26:55,td3_HalfCheetah-v5_seed958,038f32af-bd63-4c2a-a582-1bd4aff78694,1.9333884569932707,4.0375287884555e-05,2.0883325065139428e-05,30.576319555813797,123.01872152312063,20.0,1.5459296256320476e-05,7.97872860518467e-05,1.0739210799996118e-05,0.00010598579310816363,0.0,Germany,DEU,baden-wurttemberg,,,Linux-7.0.0-31-generic-x86_64-with-glibc2.43,3.14.4,3.3.0,24,Intel(R) Core(TM) Ultra 9 285K,1,1 x NVIDIA GeForce RTX 5090,9.2986,48.7383,60.81614303588867,machine,0.0,0.0,0.0,0.0,N
rollout_31,2026-09-15T20:26:55,td3_HalfCheetah-v5_seed958,038f32af-bd63-4c2a-a582-1bd4aff78694,0.1094409929937683,2.8788564343561543e-06,2.630486215273843e-05,30.625879698342967,124.10153596216946,20.0,1.0479208383262772e-06,5.9025047223215665e-06,6.066198110703074e-07,7.557045371718585e-06,0.0,Germany,DEU,baden-wurttemberg,,,Linux-7.0.0-31-generic-x86_64-with-glibc2.43,3.14.4,3.3.0,24,Intel(R) Core(TM) Ultra 9 285K,1,1 x NVIDIA GeForce RTX 5090,9.2986,48.7383,60.81614303588867,machine,0.0,0.0,0.0,0.0,N
gradient_updates_31,2026-09-15T20:26:57,td3_HalfCheetah-v5_seed958,038f32af-bd63-4c2a-a582-1bd4aff78694,1.9221236119919922,4.1009860301152636e-05,2.1335774759166793e-05,30.63559767690634,124.53134435952133,20.0,1.5344652275720017e-05,8.162978752590533e-05,1.0677116311126156e-05,0.00010765155611275161,0.0,Germany,DEU,baden-wurttemberg,,,Linux-7.0.0-31-generic-x86_64-with-glibc2.43,3.14.4,3.3.0,24,Intel(R) Core(TM) Ultra 9 285K,1,1 x NVIDIA GeForce RTX 5090,9.2986,48.7383,60.81614303588867,machine,0.0,0.0,0.0,0.0,N
rollout_32,2026-09-15T20:26:57,td3_HalfCheetah-v5_seed958,038f32af-bd63-4c2a-a582-1bd4aff78694,0.10619425799814053,1.572638889923636e-06,1.4807365327027177e-05,30.677725865460086,123.96465339528743,20.0,1.0073835836899026e-06,2.5322242480640966e-06,5.885950555643274e-07,4.128202887318001e-06,0.0,Germany,DEU,baden-wurttemberg,,,Linux-7.0.0-31-generic-x86_64-with-glibc2.43,3.14.4,3.3.0,24,Intel(R) Core(TM) Ultra 9 285K,1,1 x NVIDIA GeForce RTX 5090,9.2986,48.7383,60.81614303588867,machine,0.0,0.0,0.0,0.0,N
gradient_updates_32,2026-09-15T20:26:59,td3_HalfCheetah-v5_seed958,038f32af-bd63-4c2a-a582-1bd4aff78694,1.9148998930031667,4.065258025833483e-05,2.1229808742168052e-05,30.68273267900788,124.37179009995006,20.0,1.5201355494404156e-05,8.087534247769312e-05,1.0636992166594933e-05,0.00010671369013869232,0.0,Germany,DEU,baden-wurttemberg,,,Linux-7.0.0-31-generic-x86_64-with-glibc2.43,3.14.4,3.3.0,24,Intel(R) Core(TM) Ultra 9 285K,1,1 x NVIDIA GeForce RTX 5090,9.2986,48.7383,60.81614303588867,machine,0.0,0.0,0.0,0.0,N
rollout_33,2026-09-15T20:26:59,td3_HalfCheetah-v5_seed958,038f32af-bd63-4c2a-a582-1bd4aff78694,0.1057423609890975,1.8285650491413168e-06,1.7290632188363032e-05,30.724500768504882,124.15643297904231,20.0,1.0062474716659997e-06,3.207224787971086e-06,5.865409944413131e-07,4.800013254078507e-06,0.0,Germany,DEU,baden-wurttemberg,,,Linux-7.0.0-31-generic-x86_64-with-glibc2.43,3.14.4,3.3.0,24,Intel(R) Core(TM) Ultra 9 285K,1,1 x NVIDIA GeForce RTX 5090,9.2986,48.7383,60.81614303588867,machine,0.0,0.0,0.0,0.0,N
gradient_updates_33,2026-09-15T20:27:01,td3_HalfCheetah-v5_seed958,038f32af-bd63-4c2a-a582-1bd4aff78694,1.9045504429959692,4.0411765970823407e-05,2.1218678252533597e-05,30.7291712640161,124.54786725660843,20.0,1.5101614025722632e-05,8.039811987403667e-05,1.058181478333104e-05,0.00010608154868309034,0.0,Germany,DEU,baden-wurttemberg,,,Linux-7.0.0-31-generic-x86_64-with-glibc2.43,3.14.4,3.3.0,24,Intel(R) Core(TM) Ultra 9 285K,1,1 x NVIDIA GeForce RTX 5090,9.2986,48.7383,60.81614303588867,machine,0.0,0.0,0.0,0.0,N
rollout_34,2026-09-15T20:27:02,td3_HalfCheetah-v5_seed958,038f32af-bd63-4c2a-a582-1bd4aff78694,0.10632668899779674,2.0316161046768193e-06,1.9104715199863968e-05,30.762737289652836,124.58184543946216,20.0,9.986013544405203e-07,3.7450029961583198e-06,5.89421255588413e-07,5.333025606187036e-06,0.0,Germany,DEU,baden-wurttemberg,,,Linux-7.0.0-31-generic-x86_64-with-glibc2.43,3.14.4,3.3.0,24,Intel(R) Core(TM) Ultra 9 285K,1,1 x NVIDIA GeForce RTX 5090,9.2986,48.7383,60.81614303588867,machine,0.0,0.0,0.0,0.0,N
gradient_updates_34,2026-09-15T20:27:03,td3_HalfCheetah-v5_seed958,038f32af-bd63-4c2a-a582-1bd4aff78694,1.909912450995762,4.027815285256734e-05,2.108905964811645e-05,30.76360979868795,124.93969656126848,20.0,1.5145304894020883e-05,7.997284175598196e-05,1.061266540556161e-05,0.00010573081205556435,0.0,Germany,DEU,baden-wurttemberg,,,Linux-7.0.0-31-generic-x86_64-with-glibc2.43,3.14.4,3.3.0,24,Intel(R) Core(TM) Ultra 9 285K,1,1 x NVIDIA GeForce RTX 5090,9.2986,48.7383,60.81614303588867,machine,0.0,0.0,0.0,0.0,N
rollout_35,2026-09-15T20:27:04,td3_HalfCheetah-v5_seed958,038f32af-bd63-4c2a-a582-1bd4aff78694,0.10752722699544393,2.1488827545075063e-06,1.9983395436981535e-05,30.80432509770124,125.07167807542568,20.0,1.0279149889880212e-06,4.0169476580587116e-06,5.95989838863371e-07,5.640852485910321e-06,0.0,Germany,DEU,baden-wurttemberg,,,Linux-7.0.0-31-generic-x86_64-with-glibc2.43,3.14.4,3.3.0,24,Intel(R) Core(TM) Ultra 9 285K,1,1 x NVIDIA GeForce RTX 5090,9.2986,48.7383,60.81614303588867,machine,0.0,0.0,0.0,0.0,N
gradient_updates_35,2026-09-15T20:27:05,td3_HalfCheetah-v5_seed958,038f32af-bd63-4c2a-a582-1bd4aff78694,1.9179346470045857,4.0936760724053726e-05,2.1344226302193928e-05,30.806270661919466,125.45018965970405,20.0,1.5008433673399657e-05,8.179200987790125e-05,1.0659224972267914e-05,0.00010745966852356882,0.0,Germany,DEU,baden-wurttemberg,,,Linux-7.0.0-31-generic-x86_64-with-glibc2.43,3.14.4,3.3.0,24,Intel(R) Core(TM) Ultra 9 285K,1,1 x NVIDIA GeForce RTX 5090,9.2986,48.7383,60.81614303588867,machine,0.0,0.0,0.0,0.0,N
rollout_36,2026-09-15T20:27:06,td3_HalfCheetah-v5_seed958,038f32af-bd63-4c2a-a582-1bd4aff78694,0.10508446699532215,1.3542472458169877e-06,1.2886531754534596e-05,30.84239129548153,124.68966453974743,20.0,9.98567465521072e-07,1.9733349119199772e-06,5.830188610869182e-07,3.5549212385275336e-06,0.0,Germany,DEU,baden-wurttemberg,,,Linux-7.0.0-31-generic-x86_64-with-glibc2.43,3.14.4,3.3.0,24,Intel(R) Core(TM) Ultra 9 285K,1,1 x NVIDIA GeForce RTX 5090,9.2986,48.7383,60.81614303588867,machine,0.0,0.0,0.0,0.0,N
gradient_updates_36,2026-09-15T20:27:07,td3_HalfCheetah-v5_seed958,038f32af-bd63-4c2a-a582-1bd4aff78694,1.9181699909968302,4.068293211530573e-05,2.1209323095822533e-05,30.843638825566035,125.04560301675201,20.0,1.5108090419796438e-05,8.103062038022912e-05,1.0654653461177879e-05,0.00010679336426120366,0.0,Germany,DEU,baden-wurttemberg,,,Linux-7.0.0-31-generic-x86_64-with-glibc2.43,3.14.4,3.3.0,24,Intel(R) Core(TM) Ultra 9 285K,1,1 x NVIDIA GeForce RTX 5090,9.2986,48.7383,60.81614303588867,machine,0.0,0.0,0.0,0.0,N
rollout_37,2026-09-15T20:27:08,td3_HalfCheetah-v5_seed958,038f32af-bd63-4c2a-a582-1bd4aff78694,0.1059604959882563,1.8048280831634532e-06,1.7031001405374952e-05,30.88227917714441,124.82070958236979,20.0,1.0158605349142036e-06,3.1383358440884024e-06,5.835069499476962e-07,4.737703328950085e-06,0.0,Germany,DEU,baden-wurttemberg,,,Linux-7.0.0-31-generic-x86_64-with-glibc2.43,3.14.4,3.3.0,24,Intel(R) Core(TM) Ultra 9 285K,1,1 x NVIDIA GeForce RTX 5090,9.2986,48.7383,60.81614303588867,machine,0.0,0.0,0.0,0.0,N
gradient_updates_37,2026-09-15T20:27:10,td3_HalfCheetah-v5_seed958,038f32af-bd63-4c2a-a582-1bd4aff78694,1.9124146539979847,4.047553092930518e-05,2.1164691931393952e-05,30.885749410399484,125.15900869676591,20.0,1.513191099442035e-05,8.049450883973464e-05,1.0622512911100373e-05,0.00010624893274525579,0.0,Germany,DEU,baden-wurttemberg,,,Linux-7.0.0-31-generic-x86_64-with-glibc2.43,3.14.4,3.3.0,24,Intel(R) Core(TM) Ultra 9 285K,1,1 x NVIDIA GeForce RTX 5090,9.2986,48.7383,60.81614303588867,machine,0.0,0.0,0.0,0.0,N
rollout_38,2026-09-15T20:27:10,td3_HalfCheetah-v5_seed958,038f32af-bd63-4c2a-a582-1bd4aff78694,0.1059177510032896,2.0370310301644212e-06,1.9229189071488102e-05,30.921951107515763,125.18855885080416,20.0,1.0126563656787102e-06,3.747225219896677e-06,5.873582888549916e-07,5.347239874430379e-06,0.0,Germany,DEU,baden-wurttemberg,,,Linux-7.0.0-31-generic-x86_64-with-glibc2.43,3.14.4,3.3.0,24,Intel(R) Core(TM) Ultra 9 285K,1,1 x NVIDIA GeForce RTX 5090,9.2986,48.7383,60.81614303588867,machine,0.0,0.0,0.0,0.0,N
gradient_updates_38,2026-09-15T20:27:12,td3_HalfCheetah-v5_seed958,038f32af-bd63-4c2a-a582-1bd4aff78694,1.9398795449960744,4.108220733397335e-05,2.117781072389757e-05,30.903181497271934,125.5598876135228,20.0,1.3496833019682741e-05,8.357923353008445e-05,1.0765401711089234e-05,0.00010784146826085632,0.0,Germany,DEU,baden-wurttemberg,,,Linux-7.0.0-31-generic-x86_64-with-glibc2.43,3.14.4,3.3.0,24,Intel(R) Core(TM) Ultra 9 285K,1,1 x NVIDIA GeForce RTX 5090,9.2986,48.7383,60.81614303588867,machine,0.0,0.0,0.0,0.0,N
rollout_39,2026-09-15T20:27:12,td3_HalfCheetah-v5_seed958,038f32af-bd63-4c2a-a582-1bd4aff78694,0.10957599799439777,1.469731059818187e-06,1.3412389102918429e-05,30.851003694528433,125.00095394685708,20.0,8.254651048256179e-07,2.4247241623420734e-06,6.078788777813321e-07,3.858068144948698e-06,0.0,Germany,DEU,baden-wurttemberg,,,Linux-7.0.0-31-generic-x86_64-with-glibc2.43,3.14.4,3.3.0,24,Intel(R) Core(TM) Ultra 9 285K,1,1 x NVIDIA GeForce RTX 5090,9.2986,48.7383,60.81614303588867,machine,0.0,0.0,0.0,0.0,N
gradient_updates_39,2026-09-15T20:27:14,td3_HalfCheetah-v5_seed958,038f32af-bd63-4c2a-a582-1bd4aff78694,1.913226937991567,4.0775453850048094e-05,2.1312461579090462e-05,30.812737305106253,125.33436987134229,20.0,1.5282260559135175e-05,8.112700934592709e-05,1.0626965427784174e-05,0.00010703623533284655,0.0,Germany,DEU,baden-wurttemberg,,,Linux-7.0.0-31-generic-x86_64-with-glibc2.43,3.14.4,3.3.0,24,Intel(R) Core(TM) Ultra 9 285K,1,1 x NVIDIA GeForce RTX 5090,9.2986,48.7383,60.81614303588867,machine,0.0,0.0,0.0,0.0,N
rollout_40,2026-09-15T20:27:14,td3_HalfCheetah-v5_seed958,038f32af-bd63-4c2a-a582-1bd4aff78694,0.10963399799948093,1.8512123549402522e-06,1.6883494097518482e-05,30.856939548124327,125.09256010025585,20.0,1.0742844705341481e-06,3.1800025439565616e-06,6.051757888700989e-07,4.8594628033610254e-06,0.0,Germany,DEU,baden-wurttemberg,,,Linux-7.0.0-31-generic-x86_64-with-glibc2.43,3.14.4,3.3.0,24,Intel(R) Core(TM) Ultra 9 285K,1,1 x NVIDIA GeForce RTX 5090,9.2986,48.7383,60.81614303588867,machine,0.0,0.0,0.0,0.0,N
gradient_updates_40,2026-09-15T20:27:16,td3_HalfCheetah-v5_seed958,038f32af-bd63-4c2a-a582-1bd4aff78694,1.9399809610040393,4.197514981667781e-05,2.163702258246146e-05,30.86377781027683,125.45756052336827,20.0,1.529441695774514e-05,8.411562284793561e-05,1.0775417122204159e-05,0.00011018545692788491,0.0,Germany,DEU,baden-wurttemberg,,,Linux-7.0.0-31-generic-x86_64-with-glibc2.43,3.14.4,3.3.0,24,Intel(R) Core(TM) Ultra 9 285K,1,1 x NVIDIA GeForce RTX 5090,9.2986,48.7383,60.81614303588867,machine,0.0,0.0,0.0,0.0,N
rollout_41,2026-09-15T20:27:16,td3_HalfCheetah-v5_seed958,038f32af-bd63-4c2a-a582-1bd4aff78694,0.10968859599961434,1.3811320243852995e-06,1.2590734755332496e-05,30.901689105471007,124.75467045167959,20.0,1.0589241804664917e-06,1.963057126186385e-06,6.035129166978917e-07,3.6254942233507684e-06,0.0,Germany,DEU,baden-wurttemberg,,,Linux-7.0.0-31-generic-x86_64-with-glibc2.43,3.14.4,3.3.0,24,Intel(R) Core(TM) Ultra 9 285K,1,1 x NVIDIA GeForce RTX 5090,9.2986,48.7383,60.81614303588867,machine,0.0,0.0,0.0,0.0,N
gradient_updates_41,2026-09-15T20:27:18,td3_HalfCheetah-v5_seed958,038f32af-bd63-4c2a-a582-1bd4aff78694,1.9507773289951729,4.023016216157067e-05,2.062281205321438e-05,30.891064659795155,125.03403794517088,20.0,1.4010934542063591e-05,8.075867571788464e-05,1.083522544439693e-05,0.0001056048357043456,0.0,Germany,DEU,baden-wurttemberg,,,Linux-7.0.0-31-generic-x86_64-with-glibc2.43,3.14.4,3.3.0,24,Intel(R) Core(TM) Ultra 9 285K,1,1 x NVIDIA GeForce RTX 5090,9.2986,48.7383,60.81614303588867,machine,0.0,0.0,0.0,0.0,N
rollout_42,2026-09-15T20:27:18,td3_HalfCheetah-v5_seed958,038f32af-bd63-4c2a-a582-1bd4aff78694,0.11006407300010324,1.973870466876696e-06,1.7929426351862747e-05,30.848907591275555,125.00869753373132,20.0,8.453523429458043e-07,3.729169649968611e-06,6.06920366650731e-07,5.18144235956558e-06,0.0,Germany,DEU,baden-wurttemberg,,,Linux-7.0.0-31-generic-x86_64-with-glibc2.43,3.14.4,3.3.0,24,Intel(R) Core(TM) Ultra 9 285K,1,1 x NVIDIA GeForce RTX 5090,9.2986,48.7383,60.81614303588867,machine,0.0,0.0,0.0,0.0,N
gradient_updates_42,2026-09-15T20:27:20,td3_HalfCheetah-v5_seed958,038f32af-bd63-4c2a-a582-1bd4aff78694,1.9172282829968026,4.1923342419870804e-05,2.186668575126518e-05,30.81394368187333,125.38379100196917,20.0,1.5083845955957131e-05,8.431923412199893e-05,1.0646381583339585e-05,0.00011004946166129608,0.0,Germany,DEU,baden-wurttemberg,,,Linux-7.0.0-31-generic-x86_64-with-glibc2.43,3.14.4,3.3.0,24,Intel(R) Core(TM) Ultra 9 285K,1,1 x NVIDIA GeForce RTX 5090,9.2986,48.7383,60.81614303588867,machine,0.0,0.0,0.0,0.0,N
rollout_43,2026-09-15T20:27:20,td3_HalfCheetah-v5_seed958,038f32af-bd63-4c2a-a582-1bd4aff78694,0.10737132800568361,1.3430512820979297e-06,1.2509088368174176e-05,30.848045936185464,124.7004354828645,20.0,1.0299324906121177e-06,1.9008348539628628e-06,5.947643055049818e-07,3.5255316500797454e-06,0.0,Germany,DEU,baden-wurttemberg,,,Linux-7.0.0-31-generic-x86_64-with-glibc2.43,3.14.4,3.3.0,24,Intel(R) Core(TM) Ultra 9 285K,1,1 x NVIDIA GeForce RTX 5090,9.2986,48.7383,60.81614303588867,machine,0.0,0.0,0.0,0.0,N
gradient_updates_43,2026-09-15T20:27:22,td3_HalfCheetah-v5_seed958,038f32af-bd63-4c2a-a582-1bd4aff78694,1.9277645359979942,4.103828191833001e-05,2.1288190695992444e-05,30.85122403225999,125.0098026616625,20.0,1.5220327176240778e-05,8.180284322012454e-05,1.0702992927771274e-05,0.00010772616332413703,0.0,Germany,DEU,baden-wurttemberg,,,Linux-7.0.0-31-generic-x86_64-with-glibc2.43,3.14.4,3.3.0,24,Intel(R) Core(TM) Ultra 9 285K,1,1 x NVIDIA GeForce RTX 5090,9.2986,48.7383,60.81614303588867,machine,0.0,0.0,0.0,0.0,N
rollout_44,2026-09-15T20:27:22,td3_HalfCheetah-v5_seed958,038f32af-bd63-4c2a-a582-1bd4aff78694,0.10649535099219065,1.7628536729827685e-06,1.6552596132634474e-05,30.878558856135466,124.76795558061681,20.0,1.0058069157548033e-06,3.0319468700135133e-06,5.897660278100358e-07,4.627519813578569e-06,0.0,Germany,DEU,baden-wurttemberg,,,Linux-7.0.0-31-generic-x86_64-with-glibc2.43,3.14.4,3.3.0,24,Intel(R) Core(TM) Ultra 9 285K,1,1 x NVIDIA GeForce RTX 5090,9.2986,48.7383,60.81614303588867,machine,0.0,0.0,0.0,0.0,N
gradient_updates_44,2026-09-15T20:27:24,td3_HalfCheetah-v5_seed958,038f32af-bd63-4c2a-a582-1bd4aff78694,1.9260378869948909,4.047650168182608e-05,2.1015612767143973e-05,30.87663088298997,125.04520032500322,20.0,1.5014503400481716e-05,8.053839776378524e-05,1.0698579822282159e-05,0.00010625148098654912,0.0,Germany,DEU,baden-wurttemberg,,,Linux-7.0.0-31-generic-x86_64-with-glibc2.43,3.14.4,3.3.0,24,Intel(R) Core(TM) Ultra 9 285K,1,1 x NVIDIA GeForce RTX 5090,9.2986,48.7383,60.81614303588867,machine,0.0,0.0,0.0,0.0,N
rollout_45,2026-09-15T20:27:24,td3_HalfCheetah-v5_seed958,038f32af-bd63-4c2a-a582-1bd4aff78694,0.10949161999451462,1.9461777713719076e-06,1.777447603317502e-05,30.82999120419325,125.00461759769848,20.0,8.213281570551567e-07,3.6805585001964403e-06,6.068619222787761e-07,5.108748579530156e-06,0.0,Germany,DEU,baden-wurttemberg,,,Linux-7.0.0-31-generic-x86_64-with-glibc2.43,3.14.4,3.3.0,24,Intel(R) Core(TM) Ultra 9 285K,1,1 x NVIDIA GeForce RTX 5090,9.2986,48.7383,60.81614303588867,machine,0.0,0.0,0.0,0.0,N
gradient_updates_45,2026-09-15T20:27:26,td3_HalfCheetah-v5_seed958,038f32af-bd63-4c2a-a582-1bd4aff78694,1.9163133340043714,4.1898639452190266e-05,2.1864290989039345e-05,30.79454336293764,125.35362316972721,20.0,1.5152612122079634e-05,8.418673401600074e-05,1.0645269827768518e-05,0.00010998461596584911,0.0,Germany,DEU,baden-wurttemberg,,,Linux-7.0.0-31-generic-x86_64-with-glibc2.43,3.14.4,3.3.0,24,Intel(R) Core(TM) Ultra 9 285K,1,1 x NVIDIA GeForce RTX 5090,9.2986,48.7383,60.81614303588867,machine,0.0,0.0,0.0,0.0,N
rollout_46,2026-09-15T20:27:26,td3_HalfCheetah-v5_seed958,038f32af-bd63-4c2a-a582-1bd4aff78694,0.1069138680031756,1.3918568472501627e-06,1.3015613658526639e-05,30.834723088002566,124.75415935228038,20.0,1.0485988944375357e-06,2.011946053759317e-06,5.931021111287016e-07,3.6536470593255543e-06,0.0,Germany,DEU,baden-wurttemberg,,,Linux-7.0.0-31-generic-x86_64-with-glibc2.43,3.14.4,3.3.0,24,Intel(R) Core(TM) Ultra 9 285K,1,1 x NVIDIA GeForce RTX 5090,9.2986,48.7383,60.81614303588867,machine,0.0,0.0,0.0,0.0,N
gradient_updates_46,2026-09-15T20:27:28,td3_HalfCheetah-v5_seed958,038f32af-bd63-4c2a-a582-1bd4aff78694,1.9166303009988042,4.095051858309584e-05,2.1365961820043223e-05,30.843068280823122,125.04795169772993,20.0,1.5263424710726392e-05,8.158562082405396e-05,1.0646737594490483e-05,0.00010749578312927062,0.0,Germany,DEU,baden-wurttemberg,,,Linux-7.0.0-31-generic-x86_64-with-glibc2.43,3.14.4,3.3.0,24,Intel(R) Core(TM) Ultra 9 285K,1,1 x NVIDIA GeForce RTX 5090,9.2986,48.7383,60.81614303588867,machine,0.0,0.0,0.0,0.0,N
rollout_47,2026-09-15T20:27:28,td3_HalfCheetah-v5_seed958,038f32af-bd63-4c2a-a582-1bd4aff78694,0.10629790999519173,1.6002165122725592e-06,1.5052138984034545e-05,30.872052388278373,124.66505627250952,20.0,1.017369425010406e-06,2.5913909622587994e-06,5.918342111624775e-07,4.200594598431466e-06,0.0,Germany,DEU,baden-wurttemberg,,,Linux-7.0.0-31-generic-x86_64-with-glibc2.43,3.14.4,3.3.0,24,Intel(R) Core(TM) Ultra 9 285K,1,1 x NVIDIA GeForce RTX 5090,9.2986,48.7383,60.81614303588867,machine,0.0,0.0,0.0,0.0,N
gradient_updates_47,2026-09-15T20:27:30,td3_HalfCheetah-v5_seed958,038f32af-bd63-4c2a-a582-1bd4aff78694,1.9171004790114239,4.0661918130010816e-05,2.12103202012895e-05,30.875058236524595,124.93895694892517,20.0,1.5275394164737666e-05,8.081450909580568e-05,1.0648298944498534e-05,0.00010673820220504209,0.0,Germany,DEU,baden-wurttemberg,,,Linux-7.0.0-31-generic-x86_64-with-glibc2.43,3.14.4,3.3.0,24,Intel(R) Core(TM) Ultra 9 285K,1,1 x NVIDIA GeForce RTX 5090,9.2986,48.7383,60.81614303588867,machine,0.0,0.0,0.0,0.0,N
rollout_48,2026-09-15T20:27:30,td3_HalfCheetah-v5_seed958,038f32af-bd63-4c2a-a582-1bd4aff78694,0.10775151399138849,2.0677608490232355e-06,1.9189616460473403e-05,30.907860022609615,124.95552298659496,20.0,1.0436655571571807e-06,3.7863919182257177e-06,5.978486777166118e-07,5.427906153099293e-06,0.0,Germany,DEU,baden-wurttemberg,,,Linux-7.0.0-31-generic-x86_64-with-glibc2.43,3.14.4,3.3.0,24,Intel(R) Core(TM) Ultra 9 285K,1,1 x NVIDIA GeForce RTX 5090,9.2986,48.7383,60.81614303588867,machine,0.0,0.0,0.0,0.0,N
gradient_updates_48,2026-09-15T20:27:32,td3_HalfCheetah-v5_seed958,038f32af-bd63-4c2a-a582-1bd4aff78694,1.9229385020007612,4.192659658127469e-05,2.180353762232207e-05,30.912071990136287,125.27619569323616,20.0,1.5258728318090498e-05,8.41086783980316e-05,1.0690597172247681e-05,0.00011005800388837021,0.0,Germany,DEU,baden-wurttemberg,,,Linux-7.0.0-31-generic-x86_64-with-glibc2.43,3.14.4,3.3.0,24,Intel(R) Core(TM) Ultra 9 285K,1,1 x NVIDIA GeForce RTX 5090,9.2986,48.7383,60.81614303588867,machine,0.0,0.0,0.0,0.0,N
rollout_49,2026-09-15T20:27:32,td3_HalfCheetah-v5_seed958,038f32af-bd63-4c2a-a582-1bd4aff78694,0.10594065798795782,1.3613789770577055e-06,1.2848647299886072e-05,30.93848757772244,124.70830717825618,20.0,1.0085533068415753e-06,1.9780571376415423e-06,5.870317055572602e-07,3.573642150040378e-06,0.0,Germany,DEU,baden-wurttemberg,,,Linux-7.0.0-31-generic-x86_64-with-glibc2.43,3.14.4,3.3.0,24,Intel(R) Core(TM) Ultra 9 285K,1,1 x NVIDIA GeForce RTX 5090,9.2986,48.7383,60.81614303588867,machine,0.0,0.0,0.0,0.0,N
gradient_updates_49,2026-09-15T20:27:34,td3_HalfCheetah-v5_seed958,038f32af-bd63-4c2a-a582-1bd4aff78694,1.9146647640009178,4.107713016604812e-05,2.1454032159545915e-05,30.940218913202614,124.9928694859,20.0,1.524796247612259e-05,8.194034333008915e-05,1.0639834805543707e-05,0.00010782814061175566,0.0,Germany,DEU,baden-wurttemberg,,,Linux-7.0.0-31-generic-x86_64-with-glibc2.43,3.14.4,3.3.0,24,Intel(R) Core(TM) Ultra 9 285K,1,1 x NVIDIA GeForce RTX 5090,9.2986,48.7383,60.81614303588867,machine,0.0,0.0,0.0,0.0,N
rollout_50,2026-09-15T20:27:34,td3_HalfCheetah-v5_seed958,038f32af-bd63-4c2a-a582-1bd4aff78694,0.11050215699651744,1.6392711562891564e-06,1.4831779895940911e-05,30.9818318083552,124.60093581159889,20.0,1.1044292168721492e-06,2.5852798462011606e-06,6.134046166455295e-07,4.303113679719056e-06,0.0,Germany,DEU,baden-wurttemberg,,,Linux-7.0.0-31-generic-x86_64-with-glibc2.43,3.14.4,3.3.0,24,Intel(R) Core(TM) Ultra 9 285K,1,1 x NVIDIA GeForce RTX 5090,9.2986,48.7383,60.81614303588867,machine,0.0,0.0,0.0,0.0,N
gradient_updates_50,2026-09-15T20:27:36,td3_HalfCheetah-v5_seed958,038f32af-bd63-4c2a-a582-1bd4aff78694,1.944859200011706,4.0618038493763376e-05,2.088490563943392e-05,30.992454011876678,124.82803369625822,20.0,1.5643113625604665e-05,8.017811969773803e-05,1.0801784116645482e-05,0.00010662301743998796,0.0,Germany,DEU,baden-wurttemberg,,,Linux-7.0.0-31-generic-x86_64-with-glibc2.43,3.14.4,3.3.0,24,Intel(R) Core(TM) Ultra 9 285K,1,1 x NVIDIA GeForce RTX 5090,9.2986,48.7383,60.81614303588867,machine,0.0,0.0,0.0,0.0,N
rollout_51,2026-09-15T20:27:36,td3_HalfCheetah-v5_seed958,038f32af-bd63-4c2a-a582-1bd4aff78694,0.10790563700720668,2.8479783981583302e-06,2.639207137581562e-05,31.01873283497595,125.49835711290049,20.0,1.031492214073615e-06,5.847782456047668e-06,5.96715349982218e-07,7.475990020103067e-06,0.0,Germany,DEU,baden-wurttemberg,,,Linux-7.0.0-31-generic-x86_64-with-glibc2.43,3.14.4,3.3.0,24,Intel(R) Core(TM) Ultra 9 285K,1,1 x NVIDIA GeForce RTX 5090,9.2986,48.7383,60.81614303588867,machine,0.0,0.0,0.0,0.0,N
gradient_updates_51,2026-09-15T20:27:38,td3_HalfCheetah-v5_seed958,038f32af-bd63-4c2a-a582-1bd4aff78694,1.92846810699848,4.117530888516491e-05,2.1351389990057686e-05,31.020846419118865,125.75589522016975,20.0,1.5396938706419006e-05,8.197728780379165e-05,1.0711634849980799e-05,0.00010808586136019146,0.0,Germany,DEU,baden-wurttemberg,,,Linux-7.0.0-31-generic-x86_64-with-glibc2.43,3.14.4,3.3.0,24,Intel(R) Core(TM) Ultra 9 285K,1,1 x NVIDIA GeForce RTX 5090,9.2986,48.7383,60.81614303588867,machine,0.0,0.0,0.0,0.0,N
rollout_52,2026-09-15T20:27:38,td3_HalfCheetah-v5_seed958,038f32af-bd63-4c2a-a582-1bd4aff78694,0.10659187300188933,1.6080116001693408e-06,1.5083814799754668e-05,31.04659672903943,125.40841595687144,20.0,1.0200991494152545e-06,2.609724310431716e-06,5.912333722031624e-07,4.221056832049916e-06,0.0,Germany,DEU,baden-wurttemberg,,,Linux-7.0.0-31-generic-x86_64-with-glibc2.43,3.14.4,3.3.0,24,Intel(R) Core(TM) Ultra 9 285K,1,1 x NVIDIA GeForce RTX 5090,9.2986,48.7383,60.81614303588867,machine,0.0,0.0,0.0,0.0,N
gradient_updates_52,2026-09-15T20:27:40,td3_HalfCheetah-v5_seed958,038f32af-bd63-4c2a-a582-1bd4aff78694,1.9174391289998312,4.0791734265404646e-05,2.1274229255712474e-05,31.047552322285505,125.65797545637169,20.0,1.5195201045037354e-05,8.12378427674787e-05,1.0645927877744139e-05,0.0001070789716902604,0.0,Germany,DEU,baden-wurttemberg,,,Linux-7.0.0-31-generic-x86_64-with-glibc2.43,3.14.4,3.3.0,24,Intel(R) Core(TM) Ultra 9 285K,1,1 x NVIDIA GeForce RTX 5090,9.2986,48.7383,60.81614303588867,machine,0.0,0.0,0.0,0.0,N
rollout_53,2026-09-15T20:27:40,td3_HalfCheetah-v5_seed958,038f32af-bd63-4c2a-a582-1bd4aff78694,0.10546518499904778,1.993332630267127e-06,1.8899006898894487e-05,31.068400510640014,125.65198374164521,20.0,9.956341298356097e-07,3.6527807001363044e-06,5.841160277972671e-07,5.232530857769181e-06,0.0,Germany,DEU,baden-wurttemberg,,,Linux-7.0.0-31-generic-x86_64-with-glibc2.43,3.14.4,3.3.0,24,Intel(R) Core(TM) Ultra 9 285K,1,1 x NVIDIA GeForce RTX 5090,9.2986,48.7383,60.81614303588867,machine,0.0,0.0,0.0,0.0,N
gradient_updates_53,2026-09-15T20:27:42,td3_HalfCheetah-v5_seed958,038f32af-bd63-4c2a-a582-1bd4aff78694,1.9384913870017044,4.141152319547337e-05,2.136284498268081e-05,31.053295948292615,125.92918524005415,20.0,1.3715796250396428e-05,8.42220118220105e-05,1.0768119727759366e-05,0.0001087059278001663,0.0,Germany,DEU,baden-wurttemberg,,,Linux-7.0.0-31-generic-x86_64-with-glibc2.43,3.14.4,3.3.0,24,Intel(R) Core(TM) Ultra 9 285K,1,1 x NVIDIA GeForce RTX 5090,9.2986,48.7383,60.81614303588867,machine,0.0,0.0,0.0,0.0,N
rollout_54,2026-09-15T20:27:42,td3_HalfCheetah-v5_seed958,038f32af-bd63-4c2a-a582-1bd4aff78694,0.10937269499117974,1.3168368628519236e-06,1.2038591151012053e-05,31.01738279192734,125.39780620161171,20.0,8.360445577365594e-07,2.014446056186614e-06,6.062277555531331e-07,3.4567183694765233e-06,0.0,Germany,DEU,baden-wurttemberg,,,Linux-7.0.0-31-generic-x86_64-with-glibc2.43,3.14.4,3.3.0,24,Intel(R) Core(TM) Ultra 9 285K,1,1 x NVIDIA GeForce RTX 5090,9.2986,48.7383,60.81614303588867,machine,0.0,0.0,0.0,0.0,N
gradient_updates_54,2026-09-15T20:27:44,td3_HalfCheetah-v5_seed958,038f32af-bd63-4c2a-a582-1bd4aff78694,1.9218026820017258,4.084641839475914e-05,2.1254304535194737e-05,30.987163214120898,125.63919920173535,20.0,1.5056125933776698e-05,8.149173185989511e-05,1.067466063331174e-05,0.00010722251842698333,0.0,Germany,DEU,baden-wurttemberg,,,Linux-7.0.0-31-generic-x86_64-with-glibc2.43,3.14.4,3.3.0,24,Intel(R) Core(TM) Ultra 9 285K,1,1 x NVIDIA GeForce RTX 5090,9.2986,48.7383,60.81614303588867,machine,0.0,0.0,0.0,0.0,N
rollout_55,2026-09-15T20:27:44,td3_HalfCheetah-v5_seed958,038f32af-bd63-4c2a-a582-1bd4aff78694,0.10699436700087972,1.8217286200210292e-06,1.7025052740499858e-05,31.009020667662988,125.48256382527077,20.0,1.0143344225804762e-06,3.178335876263816e-06,5.89397216632908e-07,4.782067515476766e-06,0.0,Germany,DEU,baden-wurttemberg,,,Linux-7.0.0-31-generic-x86_64-with-glibc2.43,3.14.4,3.3.0,24,Intel(R) Core(TM) Ultra 9 285K,1,1 x NVIDIA GeForce RTX 5090,9.2986,48.7383,60.81614303588867,machine,0.0,0.0,0.0,0.0,N
gradient_updates_55,2026-09-15T20:27:46,td3_HalfCheetah-v5_seed958,038f32af-bd63-4c2a-a582-1bd4aff78694,1.9510817099944688,4.140780318187109e-05,2.1223052831418687e-05,30.995515393295513,125.7403363906143,20.0,1.379805798287781e-05,8.406090058166171e-05,1.0837204138887304e-05,0.00010869616270342813,0.0,Germany,DEU,baden-wurttemberg,,,Linux-7.0.0-31-generic-x86_64-with-glibc2.43,3.14.4,3.3.0,24,Intel(R) Core(TM) Ultra 9 285K,1,1 x NVIDIA GeForce RTX 5090,9.2986,48.7383,60.81614303588867,machine,0.0,0.0,0.0,0.0,N
rollout_56,2026-09-15T20:27:46,td3_HalfCheetah-v5_seed958,038f32af-bd63-4c2a-a582-1bd4aff78694,0.10952581900346559,1.3198125175199055e-06,1.2049980390028615e-05,30.96255328133398,125.23408588258765,20.0,8.416734511157431e-07,2.0202793939994024e-06,6.025766666830929e-07,3.464529511798889e-06,0.0,Germany,DEU,baden-wurttemberg,,,Linux-7.0.0-31-generic-x86_64-with-glibc2.43,3.14.4,3.3.0,24,Intel(R) Core(TM) Ultra 9 285K,1,1 x NVIDIA GeForce RTX 5090,9.2986,48.7383,60.81614303588867,machine,0.0,0.0,0.0,0.0,N
gradient_updates_56,2026-09-15T20:27:48,td3_HalfCheetah-v5_seed958,038f32af-bd63-4c2a-a582-1bd4aff78694,1.9305787810008042,4.0825066030622786e-05,2.1146628956141438e-05,30.935100229920238,125.45854433571763,20.0,1.5208171055408615e-05,8.12345094320932e-05,1.072378763330756e-05,0.00010716646812081003,0.0,Germany,DEU,baden-wurttemberg,,,Linux-7.0.0-31-generic-x86_64-with-glibc2.43,3.14.4,3.3.0,24,Intel(R) Core(TM) Ultra 9 285K,1,1 x NVIDIA GeForce RTX 5090,9.2986,48.7383,60.81614303588867,machine,0.0,0.0,0.0,0.0,N
rollout_57,2026-09-15T20:27:48,td3_HalfCheetah-v5_seed958,038f32af-bd63-4c2a-a582-1bd4aff78694,0.10498477199871559,1.8133654846948406e-06,1.7270405871409075e-05,30.957317164213055,125.32046625631942,20.0,9.975160757819124e-07,3.180280322201412e-06,5.823177500537558e-07,4.760114148037731e-06,0.0,Germany,DEU,baden-wurttemberg,,,Linux-7.0.0-31-generic-x86_64-with-glibc2.43,3.14.4,3.3.0,24,Intel(R) Core(TM) Ultra 9 285K,1,1 x NVIDIA GeForce RTX 5090,9.2986,48.7383,60.81614303588867,machine,0.0,0.0,0.0,0.0,N
gradient_updates_57,2026-09-15T20:27:50,td3_HalfCheetah-v5_seed958,038f32af-bd63-4c2a-a582-1bd4aff78694,1.9421916819992475,4.174172707031593e-05,2.1492158664396085e-05,30.953309287900332,125.57575576500379,20.0,1.479950739514957e-05,8.398562274392063e-05,1.0787588249998791e-05,0.00010957271838906921,0.0,Germany,DEU,baden-wurttemberg,,,Linux-7.0.0-31-generic-x86_64-with-glibc2.43,3.14.4,3.3.0,24,Intel(R) Core(TM) Ultra 9 285K,1,1 x NVIDIA GeForce RTX 5090,9.2986,48.7383,60.81614303588867,machine,0.0,0.0,0.0,0.0,N
rollout_58,2026-09-15T20:27:50,td3_HalfCheetah-v5_seed958,038f32af-bd63-4c2a-a582-1bd4aff78694,0.10892662999685854,1.2963023043074777e-06,1.1897881939546094e-05,30.914683297891255,125.07709880219737,20.0,8.113423157346533e-07,1.9872238117280006e-06,6.042486889379015e-07,3.402814816399688e-06,0.0,Germany,DEU,baden-wurttemberg,,,Linux-7.0.0-31-generic-x86_64-with-glibc2.43,3.14.4,3.3.0,24,Intel(R) Core(TM) Ultra 9 285K,1,1 x NVIDIA GeForce RTX 5090,9.2986,48.7383,60.81614303588867,machine,0.0,0.0,0.0,0.0,N
gradient_updates_58,2026-09-15T20:27:52,td3_HalfCheetah-v5_seed958,038f32af-bd63-4c2a-a582-1bd4aff78694,1.9358014150056988,4.0756562939553344e-05,2.1054177835170498e-05,30.884553204852548,125.28826169637722,20.0,1.5198439380956219e-05,8.102978704638275e-05,1.0758419955527636e-05,0.00010698664638286726,0.0,Germany,DEU,baden-wurttemberg,,,Linux-7.0.0-31-generic-x86_64-with-glibc2.43,3.14.4,3.3.0,24,Intel(R) Core(TM) Ultra 9 285K,1,1 x NVIDIA GeForce RTX 5090,9.2986,48.7383,60.81614303588867,machine,0.0,0.0,0.0,0.0,N
rollout_59,2026-09-15T20:27:52,td3_HalfCheetah-v5_seed958,038f32af-bd63-4c2a-a582-1bd4aff78694,0.1054972920101136,1.8281001391115721e-06,1.7327704062480167e-05,30.905004804439997,125.1407297203697,20.0,1.012859699181523e-06,3.191391441781377e-06,5.945417166609238e-07,4.798792857623607e-06,0.0,Germany,DEU,baden-wurttemberg,,,Linux-7.0.0-31-generic-x86_64-with-glibc2.43,3.14.4,3.3.0,24,Intel(R) Core(TM) Ultra 9 285K,1,1 x NVIDIA GeForce RTX 5090,9.2986,48.7383,60.81614303588867,machine,0.0,0.0,0.0,0.0,N
gradient_updates_59,2026-09-15T20:27:54,td3_HalfCheetah-v5_seed958,038f32af-bd63-4c2a-a582-1bd4aff78694,1.9342016490118112,4.1906054835334165e-05,2.1665901484245925e-05,30.904205093603895,125.39554216294776,20.0,1.5186706871589406e-05,8.407256725773138e-05,1.0744807338940307e-05,0.00011000408146826131,0.0,Germany,DEU,baden-wurttemberg,,,Linux-7.0.0-31-generic-x86_64-with-glibc2.43,3.14.4,3.3.0,24,Intel(R) Core(TM) Ultra 9 285K,1,1 x NVIDIA GeForce RTX 5090,9.2986,48.7383,60.81614303588867,machine,0.0,0.0,0.0,0.0,N
rollout_60,2026-09-15T20:27:55,td3_HalfCheetah-v5_seed958,038f32af-bd63-4c2a-a582-1bd4aff78694,0.10766660400258843,1.383192372987098e-06,1.2846993313718022e-05,30.933496147564238,124.91887556918378,20.0,1.0546858437571194e-06,1.9794460284217053e-06,5.967708000551367e-07,3.630902672233094e-06,0.0,Germany,DEU,baden-wurttemberg,,,Linux-7.0.0-31-generic-x86_64-with-glibc2.43,3.14.4,3.3.0,24,Intel(R) Core(TM) Ultra 9 285K,1,1 x NVIDIA GeForce RTX 5090,9.2986,48.7383,60.81614303588867,machine,0.0,0.0,0.0,0.0,N
gradient_updates_60,2026-09-15T20:27:57,td3_HalfCheetah-v5_seed958,038f32af-bd63-4c2a-a582-1bd4aff78694,1.959729668989894,4.0652218813787364e-05,2.0743963220797517e-05,30.934798655241867,125.10572403768974,20.0,1.5078844285296156e-05,8.074339792774055e-05,1.0890499127789392e-05,0.00010671274134082566,0.0,Germany,DEU,baden-wurttemberg,,,Linux-7.0.0-31-generic-x86_64-with-glibc2.43,3.14.4,3.3.0,24,Intel(R) Core(TM) Ultra 9 285K,1,1 x NVIDIA GeForce RTX 5090,9.2986,48.7383,60.81614303588867,machine,0.0,0.0,0.0,0.0,N
rollout_61,2026-09-15T20:27:57,td3_HalfCheetah-v5_seed958,038f32af-bd63-4c2a-a582-1bd4aff78694,0.12457364599686116,2.7505227710375446e-06,2.207992691387425e-05,30.903062373598036,125.3741620290535,20.0,9.596574343934128e-07,5.5611155600487905e-06,6.993944055770467e-07,7.220167400019684e-06,0.0,Germany,DEU,baden-wurttemberg,,,Linux-7.0.0-31-generic-x86_64-with-glibc2.43,3.14.4,3.3.0,24,Intel(R) Core(TM) Ultra 9 285K,1,1 x NVIDIA GeForce RTX 5090,9.2986,48.7383,60.81614303588867,machine,0.0,0.0,0.0,0.0,N
gradient_updates_61,2026-09-15T20:27:59,td3_HalfCheetah-v5_seed958,038f32af-bd63-4c2a-a582-1bd4aff78694,1.9610888610041002,4.10093010341432e-05,2.0911537958832544e-05,30.8787066255417,125.55959243580503,20.0,1.5641723068920976e-05,8.111534266985743e-05,1.0893022288898258e-05,0.00010765008802767623,0.0,Germany,DEU,baden-wurttemberg,,,Linux-7.0.0-31-generic-x86_64-with-glibc2.43,3.14.4,3.3.0,24,Intel(R) Core(TM) Ultra 9 285K,1,1 x NVIDIA GeForce RTX 5090,9.2986,48.7383,60.81614303588867,machine,0.0,0.0,0.0,0.0,N
rollout_62,2026-09-15T20:27:59,td3_HalfCheetah-v5_seed958,038f32af-bd63-4c2a-a582-1bd4aff78694,0.10646950399677735,2.0528182068427735e-06,1.9278136784211376e-05,30.902447525225025,125.57801456175417,20.0,1.021896095299013e-06,3.776669688093648e-06,5.901156888284912e-07,5.388681472220935e-06,0.0,Germany,DEU,baden-wurttemberg,,,Linux-7.0.0-31-generic-x86_64-with-glibc2.43,3.14.4,3.3.0,24,Intel(R) Core(TM) Ultra 9 285K,1,1 x NVIDIA GeForce RTX 5090,9.2986,48.7383,60.81614303588867,machine,0.0,0.0,0.0,0.0,N
gradient_updates_62,2026-09-15T20:28:01,td3_HalfCheetah-v5_seed958,038f32af-bd63-4c2a-a582-1bd4aff78694,1.9436490930092987,4.189602262598315e-05,2.1555377974036838e-05,30.904744849894247,125.80726357623212,20.0,1.539775259597198e-05,8.378062258040941e-05,1.0799371577741154e-05,0.00010997774675412277,0.0,Germany,DEU,baden-wurttemberg,,,Linux-7.0.0-31-generic-x86_64-with-glibc2.43,3.14.4,3.3.0,24,Intel(R) Core(TM) Ultra 9 285K,1,1 x NVIDIA GeForce RTX 5090,9.2986,48.7383,60.81614303588867,machine,0.0,0.0,0.0,0.0,N
rollout_63,2026-09-15T20:28:01,td3_HalfCheetah-v5_seed958,038f32af-bd63-4c2a-a582-1bd4aff78694,0.1051839680003468,1.5827372282012017e-06,1.504678209094953e-05,30.924401850639395,125.5197416851164,20.0,9.963294081566376e-07,2.576113171670613e-06,5.82268611146403e-07,4.154711190973437e-06,0.0,Germany,DEU,baden-wurttemberg,,,Linux-7.0.0-31-generic-x86_64-with-glibc2.43,3.14.4,3.3.0,24,Intel(R) Core(TM) Ultra 9 285K,1,1 x NVIDIA GeForce RTX 5090,9.2986,48.7383,60.81614303588867,machine,0.0,0.0,0.0,0.0,N
gradient_updates_63,2026-09-15T20:28:03,td3_HalfCheetah-v5_seed958,038f32af-bd63-4c2a-a582-1bd4aff78694,1.9527514609944774,4.075970627313982e-05,2.087312648588466e-05,30.924708385343035,125.69720107295448,20.0,1.54596862566303e-05,8.068812010630921e-05,1.0847091322163183e-05,0.00010699489768510248,0.0,Germany,DEU,baden-wurttemberg,,,Linux-7.0.0-31-generic-x86_64-with-glibc2.43,3.14.4,3.3.0,24,Intel(R) Core(TM) Ultra 9 285K,1,1 x NVIDIA GeForce RTX 5090,9.2986,48.7383,60.81614303588867,machine,0.0,0.0,0.0,0.0,N
rollout_64,2026-09-15T20:28:03,td3_HalfCheetah-v5_seed958,038f32af-bd63-4c2a-a582-1bd4aff78694,0.1061911639990285,2.022345033028585e-06,1.9041997947110568e-05,30.939753754084848,125.71374054652551,20.0,9.889374578131438e-07,3.7358363220718616e-06,5.839151111205251e-07,5.308688891005747e-06,0.0,Germany,DEU,baden-wurttemberg,,,Linux-7.0.0-31-generic-x86_64-with-glibc2.43,3.14.4,3.3.0,24,Intel(R) Core(TM) Ultra 9 285K,1,1 x NVIDIA GeForce RTX 5090,9.2986,48.7383,60.81614303588867,machine,0.0,0.0,0.0,0.0,N
gradient_updates_64,2026-09-15T20:28:05,td3_HalfCheetah-v5_seed958,038f32af-bd63-4c2a-a582-1bd4aff78694,2.2187417230015853,4.3869986950226605e-05,1.9772591677684467e-05,30.934540287353872,125.83580391089448,20.0,1.5370032573791548e-05,8.746618108368409e-05,1.2323221833341691e-05,0.00011515943549081711,0.0,Germany,DEU,baden-wurttemberg,,,Linux-7.0.0-31-generic-x86_64-with-glibc2.43,3.14.4,3.3.0,24,Intel(R) Core(TM) Ultra 9 285K,1,1 x NVIDIA GeForce RTX 5090,9.2986,48.7383,60.81614303588867,machine,0.0,0.0,0.0,0.0,N
rollout_65,2026-09-15T20:28:05,td3_HalfCheetah-v5_seed958,038f32af-bd63-4c2a-a582-1bd4aff78694,0.1087208870012546,1.2888198860617171e-06,1.1853450479303379e-05,30.896467531090554,125.37724471364157,20.0,8.048828661205709e-07,1.967501574107189e-06,6.107889055177989e-07,3.383173345744908e-06,0.0,Germany,DEU,baden-wurttemberg,,,Linux-7.0.0-31-generic-x86_64-with-glibc2.43,3.14.4,3.3.0,24,Intel(R) Core(TM) Ultra 9 285K,1,1 x NVIDIA GeForce RTX 5090,9.2986,48.7383,60.81614303588867,machine,0.0,0.0,0.0,0.0,N
gradient_updates_65,2026-09-15T20:28:07,td3_HalfCheetah-v5_seed958,038f32af-bd63-4c2a-a582-1bd4aff78694,2.2014483509992715,4.4113493683918537e-05,2.003847602522591e-05,30.862651308702265,125.50060916576857,20.0,1.6726994214913415e-05,8.68434028080678e-05,1.2228247638833897e-05,0.00011579864466181554,0.0,Germany,DEU,baden-wurttemberg,,,Linux-7.0.0-31-generic-x86_64-with-glibc2.43,3.14.4,3.3.0,24,Intel(R) Core(TM) Ultra 9 285K,1,1 x NVIDIA GeForce RTX 5090,9.2986,48.7383,60.81614303588867,machine,0.0,0.0,0.0,0.0,N
rollout_66,2026-09-15T20:28:07,td3_HalfCheetah-v5_seed958,038f32af-bd63-4c2a-a582-1bd4aff78694,0.10541179799474776,1.5380629672977555e-06,1.458768581471031e-05,30.877543238441582,125.19891112681807,20.0,9.815621741376956e-07,2.4711130879317977e-06,5.84765261090912e-07,4.037440523159755e-06,0.0,Germany,DEU,baden-wurttemberg,,,Linux-7.0.0-31-generic-x86_64-with-glibc2.43,3.14.4,3.3.0,24,Intel(R) Core(TM) Ultra 9 285K,1,1 x NVIDIA GeForce RTX 5090,9.2986,48.7383,60.81614303588867,machine,0.0,0.0,0.0,0.0,N
gradient_updates_66,2026-09-15T20:28:10,td3_HalfCheetah-v5_seed958,038f32af-bd63-4c2a-a582-1bd4aff78694,2.259451361009269,4.4515663857474814e-05,1.9702064951725143e-05,30.87123405653026,125.32098370217895,20.0,1.5241774137850217e-05,8.90622934721641e-05,1.2550280355531386e-05,0.00011685434796554657,0.0,Germany,DEU,baden-wurttemberg,,,Linux-7.0.0-31-generic-x86_64-with-glibc2.43,3.14.4,3.3.0,24,Intel(R) Core(TM) Ultra 9 285K,1,1 x NVIDIA GeForce RTX 5090,9.2986,48.7383,60.81614303588867,machine,0.0,0.0,0.0,0.0,N
rollout_67,2026-09-15T20:28:10,td3_HalfCheetah-v5_seed958,038f32af-bd63-4c2a-a582-1bd4aff78694,0.11014181999780703,1.294718562809289e-06,1.1753705017537744e-05,30.844015084391803,124.87317827436345,20.0,8.453184540263559e-07,1.9422237760302608e-06,6.111152389268789e-07,3.3986574689837123e-06,0.0,Germany,DEU,baden-wurttemberg,,,Linux-7.0.0-31-generic-x86_64-with-glibc2.43,3.14.4,3.3.0,24,Intel(R) Core(TM) Ultra 9 285K,1,1 x NVIDIA GeForce RTX 5090,9.2986,48.7383,60.81614303588867,machine,0.0,0.0,0.0,0.0,N
gradient_updates_67,2026-09-15T20:28:12,td3_HalfCheetah-v5_seed958,038f32af-bd63-4c2a-a582-1bd4aff78694,2.2336290379898855,4.4052927976380354e-05,1.9722649134443902e-05,30.81657634329908,124.9785124104207,20.0,1.6680540011082545e-05,8.655201368590326e-05,1.2407104988879872e-05,0.00011563965868586525,0.0,Germany,DEU,baden-wurttemberg,,,Linux-7.0.0-31-generic-x86_64-with-glibc2.43,3.14.4,3.3.0,24,Intel(R) Core(TM) Ultra 9 285K,1,1 x NVIDIA GeForce RTX 5090,9.2986,48.7383,60.81614303588867,machine,0.0,0.0,0.0,0.0,N
rollout_68,2026-09-15T20:28:12,td3_HalfCheetah-v5_seed958,038f32af-bd63-4c2a-a582-1bd4aff78694,0.10641999999643303,1.768712460335168e-06,1.6618013825284344e-05,30.835981892888874,124.82359719718681,20.0,1.0102658082045135e-06,3.0436135460831792e-06,5.890198722126577e-07,4.6428992264997e-06,0.0,Germany,DEU,baden-wurttemberg,,,Linux-7.0.0-31-generic-x86_64-with-glibc2.43,3.14.4,3.3.0,24,Intel(R) Core(TM) Ultra 9 285K,1,1 x NVIDIA GeForce RTX 5090,9.2986,48.7383,60.81614303588867,machine,0.0,0.0,0.0,0.0,N
gradient_updates_68,2026-09-15T20:28:14,td3_HalfCheetah-v5_seed958,038f32af-bd63-4c2a-a582-1bd4aff78694,2.2397161400003824,4.49692710270881e-05,2.007811145392713e-05,30.837361158734584,124.95755545343705,20.0,1.6205500742175194e-05,8.939868263002637e-05,1.2440890855618288e-05,0.00011804507422782072,0.0,Germany,DEU,baden-wurttemberg,,,Linux-7.0.0-31-generic-x86_64-with-glibc2.43,3.14.4,3.3.0,24,Intel(R) Core(TM) Ultra 9 285K,1,1 x NVIDIA GeForce RTX 5090,9.2986,48.7383,60.81614303588867,machine,0.0,0.0,0.0,0.0,N
rollout_69,2026-09-15T20:28:15,td3_HalfCheetah-v5_seed958,038f32af-bd63-4c2a-a582-1bd4aff78694,0.10991835698951036,1.3016068071266748e-06,1.1841794301578667e-05,30.815338818004435,124.52700762968277,20.0,8.615437447900831e-07,1.9458348896606026e-06,6.093605888761889e-07,3.416739223327525e-06,0.0,Germany,DEU,baden-wurttemberg,,,Linux-7.0.0-31-generic-x86_64-with-glibc2.43,3.14.4,3.3.0,24,Intel(R) Core(TM) Ultra 9 285K,1,1 x NVIDIA GeForce RTX 5090,9.2986,48.7383,60.81614303588867,machine,0.0,0.0,0.0,0.0,N
gradient_updates_69,2026-09-15T20:28:17,td3_HalfCheetah-v5_seed958,038f32af-bd63-4c2a-a582-1bd4aff78694,2.206897725001909,4.43774229304454e-05,2.0108523079498418e-05,30.792529882824585,124.65462413225154,20.0,1.6714668649497888e-05,8.751784779237326e-05,1.2258946822192932e-05,0.00011649146326406408,0.0,Germany,DEU,baden-wurttemberg,,,Linux-7.0.0-31-generic-x86_64-with-glibc2.43,3.14.4,3.3.0,24,Intel(R) Core(TM) Ultra 9 285K,1,1 x NVIDIA GeForce RTX 5090,9.2986,48.7383,60.81614303588867,machine,0.0,0.0,0.0,0.0,N
rollout_70,2026-09-15T20:28:17,td3_HalfCheetah-v5_seed958,038f32af-bd63-4c2a-a582-1bd4aff78694,0.10662513499846682,1.5438516494351191e-06,1.4475627433274132e-05,30.81529433721103,124.36077722376015,20.0,1.0296949904120556e-06,2.432501946092458e-06,5.904389722369979e-07,4.0526359087415115e-06,0.0,Germany,DEU,baden-wurttemberg,,,Linux-7.0.0-31-generic-x86_64-with-glibc2.43,3.14.4,3.3.0,24,Intel(R) Core(TM) Ultra 9 285K,1,1 x NVIDIA GeForce RTX 5090,9.2986,48.7383,60.81614303588867,machine,0.0,0.0,0.0,0.0,N
gradient_updates_70,2026-09-15T20:28:19,td3_HalfCheetah-v5_seed958,038f32af-bd63-4c2a-a582-1bd4aff78694,2.0600264109962154,4.189303856981085e-05,2.0336200324063845e-05,30.824471768554087,124.49498442840815,20.0,1.6213452137411877e-05,8.23106214036251e-05,1.1445840016676779e-05,0.00010996991355771354,0.0,Germany,DEU,baden-wurttemberg,,,Linux-7.0.0-31-generic-x86_64-with-glibc2.43,3.14.4,3.3.0,24,Intel(R) Core(TM) Ultra 9 285K,1,1 x NVIDIA GeForce RTX 5090,9.2986,48.7383,60.81614303588867,machine,0.0,0.0,0.0,0.0,N
rollout_71,2026-09-15T20:28:19,td3_HalfCheetah-v5_seed958,038f32af-bd63-4c2a-a582-1bd4aff78694,0.10786842300149146,1.3628335549602764e-06,1.2632842192617744e-05,30.84727323447135,124.07911379521117,20.0,1.0516847302327603e-06,1.9230570940109715e-06,6.027186166546183e-07,3.57746044089835e-06,0.0,Germany,DEU,baden-wurttemberg,,,Linux-7.0.0-31-generic-x86_64-with-glibc2.43,3.14.4,3.3.0,24,Intel(R) Core(TM) Ultra 9 285K,1,1 x NVIDIA GeForce RTX 5090,9.2986,48.7383,60.81614303588867,machine,0.0,0.0,0.0,0.0,N
gradient_updates_71,2026-09-15T20:28:21,td3_HalfCheetah-v5_seed958,038f32af-bd63-4c2a-a582-1bd4aff78694,1.9901609660009854,4.19780177544197e-05,2.1092952012701376e-05,30.84212366329409,124.2779708309251,20.0,1.440225402178641e-05,8.473701223410401e-05,1.1053719055618885e-05,0.00011019298531150974,0.0,Germany,DEU,baden-wurttemberg,,,Linux-7.0.0-31-generic-x86_64-with-glibc2.43,3.14.4,3.3.0,24,Intel(R) Core(TM) Ultra 9 285K,1,1 x NVIDIA GeForce RTX 5090,9.2986,48.7383,60.81614303588867,machine,0.0,0.0,0.0,0.0,N
rollout_72,2026-09-15T20:28:21,td3_HalfCheetah-v5_seed958,038f32af-bd63-4c2a-a582-1bd4aff78694,0.10916702200483996,1.2777504643174745e-06,1.1703196281869425e-05,30.815222250450866,123.86567148754246,20.0,8.303481642824018e-07,1.9177793122437947e-06,6.05988455532145e-07,3.354115932057908e-06,0.0,Germany,DEU,baden-wurttemberg,,,Linux-7.0.0-31-generic-x86_64-with-glibc2.43,3.14.4,3.3.0,24,Intel(R) Core(TM) Ultra 9 285K,1,1 x NVIDIA GeForce RTX 5090,9.2986,48.7383,60.81614303588867,machine,0.0,0.0,0.0,0.0,N
gradient_updates_72,2026-09-15T20:28:23,td3_HalfCheetah-v5_seed958,038f32af-bd63-4c2a-a582-1bd4aff78694,1.9554445479880087,4.0910363705622815e-05,2.0921329150805158e-05,30.794859453539015,124.03437187589542,20.0,1.5606373596196987e-05,8.092256473757331e-05,1.0861437583338952e-05,0.00010739037591710882,0.0,Germany,DEU,baden-wurttemberg,,,Linux-7.0.0-31-generic-x86_64-with-glibc2.43,3.14.4,3.3.0,24,Intel(R) Core(TM) Ultra 9 285K,1,1 x NVIDIA GeForce RTX 5090,9.2986,48.7383,60.81614303588867,machine,0.0,0.0,0.0,0.0,N
rollout_73,2026-09-15T20:28:23,td3_HalfCheetah-v5_seed958,038f32af-bd63-4c2a-a582-1bd4aff78694,0.10539718599466141,2.0383046156081247e-06,1.933677337393186e-05,30.81822467877609,124.06045544256521,20.0,1.023727207866143e-06,3.7422252159302616e-06,5.846306333195245e-07,5.350583057115929e-06,0.0,Germany,DEU,baden-wurttemberg,,,Linux-7.0.0-31-generic-x86_64-with-glibc2.43,3.14.4,3.3.0,24,Intel(R) Core(TM) Ultra 9 285K,1,1 x NVIDIA GeForce RTX 5090,9.2986,48.7383,60.81614303588867,machine,0.0,0.0,0.0,0.0,N
gradient_updates_73,2026-09-15T20:28:25,td3_HalfCheetah-v5_seed958,038f32af-bd63-4c2a-a582-1bd4aff78694,1.9598411629995098,4.187898148689693e-05,2.1368622722338887e-05,30.822608519280177,124.25491477572419,20.0,1.5618919717338975e-05,8.343784452824465e-05,1.087624923885519e-05,0.00010993301348443882,0.0,Germany,DEU,baden-wurttemberg,,,Linux-7.0.0-31-generic-x86_64-with-glibc2.43,3.14.4,3.3.0,24,Intel(R) Core(TM) Ultra 9 285K,1,1 x NVIDIA GeForce RTX 5090,9.2986,48.7383,60.81614303588867,machine,0.0,0.0,0.0,0.0,N
rollout_74,2026-09-15T20:28:25,td3_HalfCheetah-v5_seed958,038f32af-bd63-4c2a-a582-1bd4aff78694,0.10524499899474904,1.7640674247485291e-06,1.6757098740682828e-05,30.845734018322247,124.1183449667748,20.0,1.0234899854577595e-06,3.0233357519726667e-06,5.838801944465892e-07,4.630705931877449e-06,0.0,Germany,DEU,baden-wurttemberg,,,Linux-7.0.0-31-generic-x86_64-with-glibc2.43,3.14.4,3.3.0,24,Intel(R) Core(TM) Ultra 9 285K,1,1 x NVIDIA GeForce RTX 5090,9.2986,48.7383,60.81614303588867,machine,0.0,0.0,0.0,0.0,N
gradient_updates_74,2026-09-15T20:28:27,td3_HalfCheetah-v5_seed958,038f32af-bd63-4c2a-a582-1bd4aff78694,1.951368066991563,4.221996895235891e-05,2.1636151679732838e-05,30.850383950547837,124.32474341397653,20.0,1.5614308324779502e-05,8.437590083421043e-05,1.0837902016646792e-05,0.00011082811117563672,0.0,Germany,DEU,baden-wurttemberg,,,Linux-7.0.0-31-generic-x86_64-with-glibc2.43,3.14.4,3.3.0,24,Intel(R) Core(TM) Ultra 9 285K,1,1 x NVIDIA GeForce RTX 5090,9.2986,48.7383,60.81614303588867,machine,0.0,0.0,0.0,0.0,N
rollout_75,2026-09-15T20:28:27,td3_HalfCheetah-v5_seed958,038f32af-bd63-4c2a-a582-1bd4aff78694,0.10473072800959926,1.3543758130207459e-06,1.2929914450148988e-05,30.87606528992403,123.95183454216945,20.0,1.0327130483961389e-06,1.9422237755861715e-06,5.803219055653796e-07,3.5552587295470395e-06,0.0,Germany,DEU,baden-wurttemberg,,,Linux-7.0.0-31-generic-x86_64-with-glibc2.43,3.14.4,3.3.0,24,Intel(R) Core(TM) Ultra 9 285K,1,1 x NVIDIA GeForce RTX 5090,9.2986,48.7383,60.81614303588867,machine,0.0,0.0,0.0,0.0,N
gradient_updates_75,2026-09-15T20:28:29,td3_HalfCheetah-v5_seed958,038f32af-bd63-4c2a-a582-1bd4aff78694,1.948519719997421,4.0762349623876034e-05,2.091972289063897e-05,30.877982014274252,124.12121985811898,20.0,1.4923137494057825e-05,8.125950945236937e-05,1.0819189577725716e-05,0.0001070018365241527,0.0,Germany,DEU,baden-wurttemberg,,,Linux-7.0.0-31-generic-x86_64-with-glibc2.43,3.14.4,3.3.0,24,Intel(R) Core(TM) Ultra 9 285K,1,1 x NVIDIA GeForce RTX 5090,9.2986,48.7383,60.81614303588867,machine,0.0,0.0,0.0,0.0,N
rollout_76,2026-09-15T20:28:29,td3_HalfCheetah-v5_seed958,038f32af-bd63-4c2a-a582-1bd4aff78694,0.10863124601019081,1.922930119691458e-06,1.770087506342287e-05,30.855036247155258,124.09399354547789,20.0,8.390287267734386e-07,3.6072251079488638e-06,6.014692777373595e-07,5.047723112459879e-06,0.0,Germany,DEU,baden-wurttemberg,,,Linux-7.0.0-31-generic-x86_64-with-glibc2.43,3.14.4,3.3.0,24,Intel(R) Core(TM) Ultra 9 285K,1,1 x NVIDIA GeForce RTX 5090,9.2986,48.7383,60.81614303588867,machine,0.0,0.0,0.0,0.0,N
gradient_updates_76,2026-09-15T20:28:31,td3_HalfCheetah-v5_seed958,038f32af-bd63-4c2a-a582-1bd4aff78694,1.9498163650132483,4.188835362288349e-05,2.1483290171085393e-05,30.83601681685447,124.28795469665867,20.0,1.5420979836769377e-05,8.370478918617863e-05,1.0831846472218699e-05,0.00010995761549516606,0.0,Germany,DEU,baden-wurttemberg,,,Linux-7.0.0-31-generic-x86_64-with-glibc2.43,3.14.4,3.3.0,24,Intel(R) Core(TM) Ultra 9 285K,1,1 x NVIDIA GeForce RTX 5090,9.2986,48.7383,60.81614303588867,machine,0.0,0.0,0.0,0.0,N
rollout_77,2026-09-15T20:28:31,td3_HalfCheetah-v5_seed958,038f32af-bd63-4c2a-a582-1bd4aff78694,0.1068718659953447,1.592430378895629e-06,1.4898605146744111e-05,30.856415732089765,124.0483205404027,20.0,1.0304580465858582e-06,2.558057601742547e-06,5.916402222485694e-07,4.180155870576324e-06,0.0,Germany,DEU,baden-wurttemberg,,,Linux-7.0.0-31-generic-x86_64-with-glibc2.43,3.14.4,3.3.0,24,Intel(R) Core(TM) Ultra 9 285K,1,1 x NVIDIA GeForce RTX 5090,9.2986,48.7383,60.81614303588867,machine,0.0,0.0,0.0,0.0,N
gradient_updates_77,2026-09-15T20:28:33,td3_HalfCheetah-v5_seed958,038f32af-bd63-4c2a-a582-1bd4aff78694,1.9466669660032494,4.0499228937875e-05,2.080456605347192e-05,30.856160265379753,124.20495506061317,20.0,1.4930359722054032e-05,8.056395334010702e-05,1.0816827344387958e-05,0.00010631114040654879,0.0,Germany,DEU,baden-wurttemberg,,,Linux-7.0.0-31-generic-x86_64-with-glibc2.43,3.14.4,3.3.0,24,Intel(R) Core(TM) Ultra 9 285K,1,1 x NVIDIA GeForce RTX 5090,9.2986,48.7383,60.81614303588867,machine,0.0,0.0,0.0,0.0,N
rollout_78,2026-09-15T20:28:34,td3_HalfCheetah-v5_seed958,038f32af-bd63-4c2a-a582-1bd4aff78694,0.10917741700541228,2.0984902665962743e-06,1.921780018589185e-05,30.833317754587465,124.26731422749386,20.0,8.40028727577824e-07,4.063336584092525e-06,6.052060667167351e-07,5.508571378386867e-06,0.0,Germany,DEU,baden-wurttemberg,,,Linux-7.0.0-31-generic-x86_64-with-glibc2.43,3.14.4,3.3.0,24,Intel(R) Core(TM) Ultra 9 285K,1,1 x NVIDIA GeForce RTX 5090,9.2986,48.7383,60.81614303588867,machine,0.0,0.0,0.0,0.0,N
gradient_updates_78,2026-09-15T20:28:35,td3_HalfCheetah-v5_seed958,038f32af-bd63-4c2a-a582-1bd4aff78694,1.9588043469993863,4.174657599339583e-05,2.1312361909390286e-05,30.81451828959757,124.44565950119079,20.0,1.5475419602548057e-05,8.322951102801568e-05,1.0880516261143648e-05,0.00010958544689170825,0.0,Germany,DEU,baden-wurttemberg,,,Linux-7.0.0-31-generic-x86_64-with-glibc2.43,3.14.4,3.3.0,24,Intel(R) Core(TM) Ultra 9 285K,1,1 x NVIDIA GeForce RTX 5090,9.2986,48.7383,60.81614303588867,machine,0.0,0.0,0.0,0.0,N
rollout_79,2026-09-15T20:28:36,td3_HalfCheetah-v5_seed958,038f32af-bd63-4c2a-a582-1bd4aff78694,0.10825896399910562,1.7366397363216546e-06,1.6041290667682433e-05,30.79411677475646,124.31809662685272,20.0,8.424701184173156e-07,3.1161136035962045e-06,6.00124077754921e-07,4.558707799768441e-06,0.0,Germany,DEU,baden-wurttemberg,,,Linux-7.0.0-31-generic-x86_64-with-glibc2.43,3.14.4,3.3.0,24,Intel(R) Core(TM) Ultra 9 285K,1,1 x NVIDIA GeForce RTX 5090,9.2986,48.7383,60.81614303588867,machine,0.0,0.0,0.0,0.0,N
gradient_updates_79,2026-09-15T20:28:38,td3_HalfCheetah-v5_seed958,038f32af-bd63-4c2a-a582-1bd4aff78694,1.9555471860076068,4.200667303447866e-05,2.1480858130855763e-05,30.777491233817926,124.5022495118165,20.0,1.5583112466480142e-05,8.382312261412395e-05,1.0861970811189715e-05,0.00011026820589179337,0.0,Germany,DEU,baden-wurttemberg,,,Linux-7.0.0-31-generic-x86_64-with-glibc2.43,3.14.4,3.3.0,24,Intel(R) Core(TM) Ultra 9 285K,1,1 x NVIDIA GeForce RTX 5090,9.2986,48.7383,60.81614303588867,machine,0.0,0.0,0.0,0.0,N
rollout_80,2026-09-15T20:28:38,td3_HalfCheetah-v5_seed958,038f32af-bd63-4c2a-a582-1bd4aff78694,0.10814653600391466,1.6165544812077673e-06,1.4945957932740374e-05,30.79963978198861,124.27333110463084,20.0,1.055482511044814e-06,2.5922242961051722e-06,5.957752277835956e-07,4.243482034933799e-06,0.0,Germany,DEU,baden-wurttemberg,,,Linux-7.0.0-31-generic-x86_64-with-glibc2.43,3.14.4,3.3.0,24,Intel(R) Core(TM) Ultra 9 285K,1,1 x NVIDIA GeForce RTX 5090,9.2986,48.7383,60.81614303588867,machine,0.0,0.0,0.0,0.0,N
gradient_updates_80,2026-09-15T20:28:40,td3_HalfCheetah-v5_seed958,038f32af-bd63-4c2a-a582-1bd4aff78694,1.985788987003616,4.1756133910849855e-05,2.1027652396661183e-05,30.797603969668224,124.44262268976976,20.0,1.464186754682184e-05,8.393951159613167e-05,1.102915743888145e-05,0.00010961053658183409,0.0,Germany,DEU,baden-wurttemberg,,,Linux-7.0.0-31-generic-x86_64-with-glibc2.43,3.14.4,3.3.0,24,Intel(R) Core(TM) Ultra 9 285K,1,1 x NVIDIA GeForce RTX 5090,9.2986,48.7383,60.81614303588867,machine,0.0,0.0,0.0,0.0,N
rollout_81,2026-09-15T20:28:40,td3_HalfCheetah-v5_seed958,038f32af-bd63-4c2a-a582-1bd4aff78694,0.11016254899732303,1.528375727765513e-06,1.3875407067439366e-05,30.77735213932774,124.19597667563418,20.0,8.547279060078239e-07,2.5475020377641044e-06,6.097814166828187e-07,4.0120113604553975e-06,0.0,Germany,DEU,baden-wurttemberg,,,Linux-7.0.0-31-generic-x86_64-with-glibc2.43,3.14.4,3.3.0,24,Intel(R) Core(TM) Ultra 9 285K,1,1 x NVIDIA GeForce RTX 5090,9.2986,48.7383,60.81614303588867,machine,0.0,0.0,0.0,0.0,N
gradient_updates_81,2026-09-15T20:28:42,td3_HalfCheetah-v5_seed958,038f32af-bd63-4c2a-a582-1bd4aff78694,1.9507443490001606,4.081550263206144e-05,2.0923105095577615e-05,30.762790642583873,124.34023857127164,20.0,1.588287965073598e-05,8.041339766418076e-05,1.0845086727769926e-05,0.00010714136404268645,0.0,Germany,DEU,baden-wurttemberg,,,Linux-7.0.0-31-generic-x86_64-with-glibc2.43,3.14.4,3.3.0,24,Intel(R) Core(TM) Ultra 9 285K,1,1 x NVIDIA GeForce RTX 5090,9.2986,48.7383,60.81614303588867,machine,0.0,0.0,0.0,0.0,N
rollout_82,2026-09-15T20:28:42,td3_HalfCheetah-v5_seed958,038f32af-bd63-4c2a-a582-1bd4aff78694,0.1049701119918609,2.8492527555856392e-06,2.7139729295357464e-05,30.78282042503716,124.80330193800009,20.0,1.0139619222859775e-06,5.8836158181030385e-06,5.817574888675701e-07,7.47933522925702e-06,0.0,Germany,DEU,baden-wurttemberg,,,Linux-7.0.0-31-generic-x86_64-with-glibc2.43,3.14.4,3.3.0,24,Intel(R) Core(TM) Ultra 9 285K,1,1 x NVIDIA GeForce RTX 5090,9.2986,48.7383,60.81614303588867,machine,0.0,0.0,0.0,0.0,N
gradient_updates_82,2026-09-15T20:28:44,td3_HalfCheetah-v5_seed958,038f32af-bd63-4c2a-a582-1bd4aff78694,1.9880627880047541,4.036268032229628e-05,2.0302735342178302e-05,30.777791406539485,124.9294541551709,20.0,1.4227880271180937e-05,8.068228676805234e-05,1.1042531011157307e-05,0.00010595269805039123,0.0,Germany,DEU,baden-wurttemberg,,,Linux-7.0.0-31-generic-x86_64-with-glibc2.43,3.14.4,3.3.0,24,Intel(R) Core(TM) Ultra 9 285K,1,1 x NVIDIA GeForce RTX 5090,9.2986,48.7383,60.81614303588867,machine,0.0,0.0,0.0,0.0,N
rollout_83,2026-09-15T20:28:44,td3_HalfCheetah-v5_seed958,038f32af-bd63-4c2a-a582-1bd4aff78694,0.10945661000732798,2.730204774474554e-06,2.494304549942163e-05,30.746627672797416,125.31258133393153,20.0,7.887934088124382e-07,5.7711157279705105e-06,6.069231889139874e-07,7.16683232569737e-06,0.0,Germany,DEU,baden-wurttemberg,,,Linux-7.0.0-31-generic-x86_64-with-glibc2.43,3.14.4,3.3.0,24,Intel(R) Core(TM) Ultra 9 285K,1,1 x NVIDIA GeForce RTX 5090,9.2986,48.7383,60.81614303588867,machine,0.0,0.0,0.0,0.0,N
gradient_updates_83,2026-09-15T20:28:46,td3_HalfCheetah-v5_seed958,038f32af-bd63-4c2a-a582-1bd4aff78694,1.9538771939987782,4.107706409280359e-05,2.1023445425673052e-05,30.724983608991877,125.45725339088449,20.0,1.554483021364017e-05,8.14300651437172e-05,1.085307181104638e-05,0.00010782796716840397,0.0,Germany,DEU,baden-wurttemberg,,,Linux-7.0.0-31-generic-x86_64-with-glibc2.43,3.14.4,3.3.0,24,Intel(R) Core(TM) Ultra 9 285K,1,1 x NVIDIA GeForce RTX 5090,9.2986,48.7383,60.81614303588867,machine,0.0,0.0,0.0,0.0,N
rollout_84,2026-09-15T20:28:46,td3_HalfCheetah-v5_seed958,038f32af-bd63-4c2a-a582-1bd4aff78694,0.10521943400090095,1.81192726047847e-06,1.7218828273060988e-05,30.743438959690714,125.35301869544679,20.0,1.0151994232765471e-06,3.1547247458796335e-06,5.864146167167301e-07,4.756338785872477e-06,0.0,Germany,DEU,baden-wurttemberg,,,Linux-7.0.0-31-generic-x86_64-with-glibc2.43,3.14.4,3.3.0,24,Intel(R) Core(TM) Ultra 9 285K,1,1 x NVIDIA GeForce RTX 5090,9.2986,48.7383,60.81614303588867,machine,0.0,0.0,0.0,0.0,N
gradient_updates_84,2026-09-15T20:28:48,td3_HalfCheetah-v5_seed958,038f32af-bd63-4c2a-a582-1bd4aff78694,1.9722347000060836,4.1161978236585114e-05,2.0870809570144475e-05,30.73597967797968,125.50904150710639,20.0,1.3715050138710105e-05,8.338895560022763e-05,1.0946862450024767e-05,0.00010805086818896185,0.0,Germany,DEU,baden-wurttemberg,,,Linux-7.0.0-31-generic-x86_64-with-glibc2.43,3.14.4,3.3.0,24,Intel(R) Core(TM) Ultra 9 285K,1,1 x NVIDIA GeForce RTX 5090,9.2986,48.7383,60.81614303588867,machine,0.0,0.0,0.0,0.0,N
rollout_85,2026-09-15T20:28:48,td3_HalfCheetah-v5_seed958,038f32af-bd63-4c2a-a582-1bd4aff78694,0.10926900000777096,1.6968935961127196e-06,1.552870864225173e-05,30.716027966076272,125.35848758426799,20.0,8.429109520924349e-07,3.006391294135824e-06,6.050712834015839e-07,4.45437352963006e-06,0.0,Germany,DEU,baden-wurttemberg,,,Linux-7.0.0-31-generic-x86_64-with-glibc2.43,3.14.4,3.3.0,24,Intel(R) Core(TM) Ultra 9 285K,1,1 x NVIDIA GeForce RTX 5090,9.2986,48.7383,60.81614303588867,machine,0.0,0.0,0.0,0.0,N
gradient_updates_85,2026-09-15T20:28:50,td3_HalfCheetah-v5_seed958,038f32af-bd63-4c2a-a582-1bd4aff78694,1.964958316006232,4.21896324473512e-05,2.1471058444045842e-05,30.701570163419596,125.52112297640589,20.0,1.5910667172963633e-05,8.392617825148108e-05,1.0911631927835314e-05,0.00011074847735228002,0.0,Germany,DEU,baden-wurttemberg,,,Linux-7.0.0-31-generic-x86_64-with-glibc2.43,3.14.4,3.3.0,24,Intel(R) Core(TM) Ultra 9 285K,1,1 x NVIDIA GeForce RTX 5090,9.2986,48.7383,60.81614303588867,machine,0.0,0.0,0.0,0.0,N
rollout_86,2026-09-15T20:28:50,td3_HalfCheetah-v5_seed958,038f32af-bd63-4c2a-a582-1bd4aff78694,0.10559167900646571,1.5692002620802323e-06,1.4859605277685472e-05,30.728549504066883,125.28829736126619,20.0,1.0593650141693667e-06,2.4747242020062288e-06,5.850872166371195e-07,4.119176432813149e-06,0.0,Germany,DEU,baden-wurttemberg,,,Linux-7.0.0-31-generic-x86_64-with-glibc2.43,3.14.4,3.3.0,24,Intel(R) Core(TM) Ultra 9 285K,1,1 x NVIDIA GeForce RTX 5090,9.2986,48.7383,60.81614303588867,machine,0.0,0.0,0.0,0.0,N
gradient_updates_86,2026-09-15T20:28:52,td3_HalfCheetah-v5_seed958,038f32af-bd63-4c2a-a582-1bd4aff78694,1.9496844160021283,4.09062303307027e-05,2.0981016808785776e-05,30.73758191425118,125.42320494927772,20.0,1.583274599951945e-05,8.072395346836458e-05,1.0822826272245244e-05,0.00010737952574012971,0.0,Germany,DEU,baden-wurttemberg,,,Linux-7.0.0-31-generic-x86_64-with-glibc2.43,3.14.4,3.3.0,24,Intel(R) Core(TM) Ultra 9 285K,1,1 x NVIDIA GeForce RTX 5090,9.2986,48.7383,60.81614303588867,machine,0.0,0.0,0.0,0.0,N
rollout_87,2026-09-15T20:28:52,td3_HalfCheetah-v5_seed958,038f32af-bd63-4c2a-a582-1bd4aff78694,0.1046223919984186,2.17668877707574e-06,2.0802994142243165e-05,30.759922234569455,125.5127198233734,20.0,1.028677767384023e-06,4.104725506159923e-06,5.804404778044295e-07,5.713843751347508e-06,0.0,Germany,DEU,baden-wurttemberg,,,Linux-7.0.0-31-generic-x86_64-with-glibc2.43,3.14.4,3.3.0,24,Intel(R) Core(TM) Ultra 9 285K,1,1 x NVIDIA GeForce RTX 5090,9.2986,48.7383,60.81614303588867,machine,0.0,0.0,0.0,0.0,N
gradient_updates_87,2026-09-15T20:28:54,td3_HalfCheetah-v5_seed958,038f32af-bd63-4c2a-a582-1bd4aff78694,1.9428300929866964,4.2113354258571135e-05,2.167647691484458e-05,30.76719496421421,125.67987912149178,20.0,1.58876096545274e-05,8.386951153971367e-05,1.0791124661045605e-05,0.00011054824585528603,0.0,Germany,DEU,baden-wurttemberg,,,Linux-7.0.0-31-generic-x86_64-with-glibc2.43,3.14.4,3.3.0,24,Intel(R) Core(TM) Ultra 9 285K,1,1 x NVIDIA GeForce RTX 5090,9.2986,48.7383,60.81614303588867,machine,0.0,0.0,0.0,0.0,N
rollout_88,2026-09-15T20:28:54,td3_HalfCheetah-v5_seed958,038f32af-bd63-4c2a-a582-1bd4aff78694,0.10506824999174569,1.6089757532899637e-06,1.5311797851167867e-05,30.79057460736568,125.48175763187812,20.0,1.040851110453711e-06,2.60444652822045e-06,5.782901111362794e-07,4.223587749810007e-06,0.0,Germany,DEU,baden-wurttemberg,,,Linux-7.0.0-31-generic-x86_64-with-glibc2.43,3.14.4,3.3.0,24,Intel(R) Core(TM) Ultra 9 285K,1,1 x NVIDIA GeForce RTX 5090,9.2986,48.7383,60.81614303588867,machine,0.0,0.0,0.0,0.0,N
gradient_updates_88,2026-09-15T20:28:56,td3_HalfCheetah-v5_seed958,038f32af-bd63-4c2a-a582-1bd4aff78694,1.9432067439920502,4.087965178374564e-05,2.103738065597968e-05,30.797921311168555,125.6146443886529,20.0,1.5812604594517277e-05,8.070367567380998e-05,1.0793476349984675e-05,0.00010730975661831128,0.0,Germany,DEU,baden-wurttemberg,,,Linux-7.0.0-31-generic-x86_64-with-glibc2.43,3.14.4,3.3.0,24,Intel(R) Core(TM) Ultra 9 285K,1,1 x NVIDIA GeForce RTX 5090,9.2986,48.7383,60.81614303588867,machine,0.0,0.0,0.0,0.0,N
rollout_89,2026-09-15T20:28:56,td3_HalfCheetah-v5_seed958,038f32af-bd63-4c2a-a582-1bd4aff78694,0.10796051599027123,2.0956348767550356e-06,1.9410538872328536e-05,30.784219009922722,125.66546431044289,20.0,8.645445805227636e-07,4.038058786015597e-06,5.98472566667313e-07,5.5010759332056736e-06,0.0,Germany,DEU,baden-wurttemberg,,,Linux-7.0.0-31-generic-x86_64-with-glibc2.43,3.14.4,3.3.0,24,Intel(R) Core(TM) Ultra 9 285K,1,1 x NVIDIA GeForce RTX 5090,9.2986,48.7383,60.81614303588867,machine,0.0,0.0,0.0,0.0,N
gradient_updates_89,2026-09-15T20:28:58,td3_HalfCheetah-v5_seed958,038f32af-bd63-4c2a-a582-1bd4aff78694,1.950348557002144,4.1170841341651825e-05,2.110960759649042e-05,30.772021833944713,125.80121638020013,20.0,1.5632262783574213e-05,8.159923194606122e-05,1.0842639255537884e-05,0.00010807413398517332,0.0,Germany,DEU,baden-wurttemberg,,,Linux-7.0.0-31-generic-x86_64-with-glibc2.43,3.14.4,3.3.0,24,Intel(R) Core(TM) Ultra 9 285K,1,1 x NVIDIA GeForce RTX 5090,9.2986,48.7383,60.81614303588867,machine,0.0,0.0,0.0,0.0,N
rollout_90,2026-09-15T20:28:58,td3_HalfCheetah-v5_seed958,038f32af-bd63-4c2a-a582-1bd4aff78694,0.10848580799938645,1.8514054114663128e-06,1.7062683961560108e-05,30.793941933431512,125.69493723656342,20.0,1.067926687678411e-06,3.1916692200262275e-06,6.003736722050637e-07,4.859969579908835e-06,0.0,Germany,DEU,baden-wurttemberg,,,Linux-7.0.0-31-generic-x86_64-with-glibc2.43,3.14.4,3.3.0,24,Intel(R) Core(TM) Ultra 9 285K,1,1 x NVIDIA GeForce RTX 5090,9.2986,48.7383,60.81614303588867,machine,0.0,0.0,0.0,0.0,N
gradient_updates_90,2026-09-15T20:29:00,td3_HalfCheetah-v5_seed958,038f32af-bd63-4c2a-a582-1bd4aff78694,1.9733566409995547,4.207531365958087e-05,2.1321869212122697e-05,30.79875993113736,125.84237037245623,20.0,1.5673885316869196e-05,8.38164559420207e-05,1.0958047399940891e-05,0.00011044838865882992,0.0,Germany,DEU,baden-wurttemberg,,,Linux-7.0.0-31-generic-x86_64-with-glibc2.43,3.14.4,3.3.0,24,Intel(R) Core(TM) Ultra 9 285K,1,1 x NVIDIA GeForce RTX 5090,9.2986,48.7383,60.81614303588867,machine,0.0,0.0,0.0,0.0,N
rollout_91,2026-09-15T20:29:00,td3_HalfCheetah-v5_seed958,038f32af-bd63-4c2a-a582-1bd4aff78694,0.10790783898846712,1.617282956260617e-06,1.4986949005276998e-05,30.816765506129414,125.63069572985692,20.0,1.047208893323326e-06,2.5977798561171994e-06,6.004055444564296e-07,4.245394293897822e-06,0.0,Germany,DEU,baden-wurttemberg,,,Linux-7.0.0-31-generic-x86_64-with-glibc2.43,3.14.4,3.3.0,24,Intel(R) Core(TM) Ultra 9 285K,1,1 x NVIDIA GeForce RTX 5090,9.2986,48.7383,60.81614303588867,machine,0.0,0.0,0.0,0.0,N
gradient_updates_91,2026-09-15T20:29:02,td3_HalfCheetah-v5_seed958,038f32af-bd63-4c2a-a582-1bd4aff78694,1.9605188379937317,4.228554963517286e-05,2.1568571747206583e-05,30.820153678522374,125.78813575889153,20.0,1.5674343095017917e-05,8.443645643785302e-05,1.0889462011093483e-05,0.00011100026154396356,0.0,Germany,DEU,baden-wurttemberg,,,Linux-7.0.0-31-generic-x86_64-with-glibc2.43,3.14.4,3.3.0,24,Intel(R) Core(TM) Ultra 9 285K,1,1 x NVIDIA GeForce RTX 5090,9.2986,48.7383,60.81614303588867,machine,0.0,0.0,0.0,0.0,N
rollout_92,2026-09-15T20:29:03,td3_HalfCheetah-v5_seed958,038f32af-bd63-4c2a-a582-1bd4aff78694,0.106801985995844,1.388137721405197e-06,1.2996312356483015e-05,30.83533366955318,125.49144574432995,20.0,1.0168608134963897e-06,2.0436127461387343e-06,5.834107333309909e-07,3.6438842929663318e-06,0.0,Germany,DEU,baden-wurttemberg,,,Linux-7.0.0-31-generic-x86_64-with-glibc2.43,3.14.4,3.3.0,24,Intel(R) Core(TM) Ultra 9 285K,1,1 x NVIDIA GeForce RTX 5090,9.2986,48.7383,60.81614303588867,machine,0.0,0.0,0.0,0.0,N
gradient_updates_92,2026-09-15T20:29:05,td3_HalfCheetah-v5_seed958,038f32af-bd63-4c2a-a582-1bd4aff78694,2.2081908710097196,4.428596260561916e-05,2.0055425354406686e-05,30.83896900420801,125.5804211722398,20.0,1.671082003530666e-05,8.727534759778166e-05,1.2265210777776545e-05,0.00011625137841086465,0.0,Germany,DEU,baden-wurttemberg,,,Linux-7.0.0-31-generic-x86_64-with-glibc2.43,3.14.4,3.3.0,24,Intel(R) Core(TM) Ultra 9 285K,1,1 x NVIDIA GeForce RTX 5090,9.2986,48.7383,60.81614303588867,machine,0.0,0.0,0.0,0.0,N
rollout_93,2026-09-15T20:29:05,td3_HalfCheetah-v5_seed958,038f32af-bd63-4c2a-a582-1bd4aff78694,0.10860764399694744,1.4896677801874009e-06,1.3714965894903545e-05,30.817194607287217,125.35363384065622,20.0,8.208364900008647e-07,2.4869464341215064e-06,6.026194388848889e-07,3.910402363006826e-06,0.0,Germany,DEU,baden-wurttemberg,,,Linux-7.0.0-31-generic-x86_64-with-glibc2.43,3.14.4,3.3.0,24,Intel(R) Core(TM) Ultra 9 285K,1,1 x NVIDIA GeForce RTX 5090,9.2986,48.7383,60.81614303588867,machine,0.0,0.0,0.0,0.0,N
gradient_updates_93,2026-09-15T20:29:07,td3_HalfCheetah-v5_seed958,038f32af-bd63-4c2a-a582-1bd4aff78694,2.20626511098817,4.4142452633463315e-05,2.000782494258877e-05,30.797380920266914,125.43754383357033,20.0,1.6987969701467986e-05,8.663201375025409e-05,1.225467892775967e-05,0.00011587466237948131,0.0,Germany,DEU,baden-wurttemberg,,,Linux-7.0.0-31-generic-x86_64-with-glibc2.43,3.14.4,3.3.0,24,Intel(R) Core(TM) Ultra 9 285K,1,1 x NVIDIA GeForce RTX 5090,9.2986,48.7383,60.81614303588867,machine,0.0,0.0,0.0,0.0,N
rollout_94,2026-09-15T20:29:07,td3_HalfCheetah-v5_seed958,038f32af-bd63-4c2a-a582-1bd4aff78694,0.10454965199460275,1.7683285391152659e-06,1.691055423554851e-05,30.816668805240578,125.33012529555607,20.0,1.0214724838475409e-06,3.0405579876102706e-06,5.798609555413524e-07,4.6418914269995976e-06,0.0,Germany,DEU,baden-wurttemberg,,,Linux-7.0.0-31-generic-x86_64-with-glibc2.43,3.14.4,3.3.0,24,Intel(R) Core(TM) Ultra 9 285K,1,1 x NVIDIA GeForce RTX 5090,9.2986,48.7383,60.81614303588867,machine,0.0,0.0,0.0,0.0,N
gradient_updates_94,2026-09-15T20:29:09,td3_HalfCheetah-v5_seed958,038f32af-bd63-4c2a-a582-1bd4aff78694,2.220072709998931,4.39214704044677e-05,1.9783834183841052e-05,30.82426297617144,125.40186056070692,20.0,1.718975847402049e-05,8.577867973436071e-05,1.2326142194473864e-05,0.00011529458040285441,0.0,Germany,DEU,baden-wurttemberg,,,Linux-7.0.0-31-generic-x86_64-with-glibc2.43,3.14.4,3.3.0,24,Intel(R) Core(TM) Ultra 9 285K,1,1 x NVIDIA GeForce RTX 5090,9.2986,48.7383,60.81614303588867,machine,0.0,0.0,0.0,0.0,N
rollout_95,2026-09-15T20:29:10,td3_HalfCheetah-v5_seed958,038f32af-bd63-4c2a-a582-1bd4aff78694,0.10374563898949418,2.0787410096225617e-06,2.0036711070014226e-05,30.841937292935423,125.44932020646822,20.0,1.0063833051077165e-06,3.875003099729213e-06,5.753428499802316e-07,5.456729254817161e-06,0.0,Germany,DEU,baden-wurttemberg,,,Linux-7.0.0-31-generic-x86_64-with-glibc2.43,3.14.4,3.3.0,24,Intel(R) Core(TM) Ultra 9 285K,1,1 x NVIDIA GeForce RTX 5090,9.2986,48.7383,60.81614303588867,machine,0.0,0.0,0.0,0.0,N
gradient_updates_95,2026-09-15T20:29:12,td3_HalfCheetah-v5_seed958,038f32af-bd63-4c2a-a582-1bd4aff78694,2.213799385004677,4.52274464364643e-05,2.0429803857106084e-05,30.848076950487755,125.55187685577789,20.0,1.69947683180266e-05,8.943118265625216e-05,1.22968379388719e-05,0.00011872278891315001,0.0,Germany,DEU,baden-wurttemberg,,,Linux-7.0.0-31-generic-x86_64-with-glibc2.43,3.14.4,3.3.0,24,Intel(R) Core(TM) Ultra 9 285K,1,1 x NVIDIA GeForce RTX 5090,9.2986,48.7383,60.81614303588867,machine,0.0,0.0,0.0,0.0,N
rollout_96,2026-09-15T20:29:12,td3_HalfCheetah-v5_seed958,038f32af-bd63-4c2a-a582-1bd4aff78694,0.10581639500742313,1.371954655091101e-06,1.2963873179988041e-05,30.870593157166653,125.25163340575048,20.0,1.0569575122354458e-06,1.957779343975119e-06,5.866666221764159e-07,3.6014034783867638e-06,0.0,Germany,DEU,baden-wurttemberg,,,Linux-7.0.0-31-generic-x86_64-with-glibc2.43,3.14.4,3.3.0,24,Intel(R) Core(TM) Ultra 9 285K,1,1 x NVIDIA GeForce RTX 5090,9.2986,48.7383,60.81614303588867,machine,0.0,0.0,0.0,0.0,N
gradient_updates_96,2026-09-15T20:29:14,td3_HalfCheetah-v5_seed958,038f32af-bd63-4c2a-a582-1bd4aff78694,2.2180805090029025,4.424811556286157e-05,1.9948886990756972e-05,30.879603295541276,125.33197459115804,20.0,1.6907708803942656e-05,8.692229175988331e-05,1.2322028738870165e-05,0.00011615202930269526,0.0,Germany,DEU,baden-wurttemberg,,,Linux-7.0.0-31-generic-x86_64-with-glibc2.43,3.14.4,3.3.0,24,Intel(R) Core(TM) Ultra 9 285K,1,1 x NVIDIA GeForce RTX 5090,9.2986,48.7383,60.81614303588867,machine,0.0,0.0,0.0,0.0,N
rollout_97,2026-09-15T20:29:14,td3_HalfCheetah-v5_seed958,038f32af-bd63-4c2a-a582-1bd4aff78694,0.10415927300346084,1.5768641505606654e-06,1.5137254073788778e-05,30.89409459405765,125.14725188175662,20.0,9.956341298494875e-07,2.565835385937021e-06,5.77824750022703e-07,4.139294265809862e-06,0.0,Germany,DEU,baden-wurttemberg,,,Linux-7.0.0-31-generic-x86_64-with-glibc2.43,3.14.4,3.3.0,24,Intel(R) Core(TM) Ultra 9 285K,1,1 x NVIDIA GeForce RTX 5090,9.2986,48.7383,60.81614303588867,machine,0.0,0.0,0.0,0.0,N
gradient_updates_97,2026-09-15T20:29:16,td3_HalfCheetah-v5_seed958,038f32af-bd63-4c2a-a582-1bd4aff78694,2.26178570400225,4.444146075959377e-05,1.9648886270516227e-05,30.89149477920417,125.23219937597644,20.0,1.486091549982027e-05,8.923534916638332e-05,1.2563298950004232e-05,0.00011665956361620738,0.0,Germany,DEU,baden-wurttemberg,,,Linux-7.0.0-31-generic-x86_64-with-glibc2.43,3.14.4,3.3.0,24,Intel(R) Core(TM) Ultra 9 285K,1,1 x NVIDIA GeForce RTX 5090,9.2986,48.7383,60.81614303588867,machine,0.0,0.0,0.0,0.0,N
rollout_98,2026-09-15T20:29:17,td3_HalfCheetah-v5_seed958,038f32af-bd63-4c2a-a582-1bd4aff78694,0.10411146399565041,1.3397756691742313e-06,1.2866739654561978e-05,30.904224726470673,124.94440902485493,20.0,9.856310662775813e-07,1.9541682294565987e-06,5.771338166798284e-07,3.5169331124140085e-06,0.0,Germany,DEU,baden-wurttemberg,,,Linux-7.0.0-31-generic-x86_64-with-glibc2.43,3.14.4,3.3.0,24,Intel(R) Core(TM) Ultra 9 285K,1,1 x NVIDIA GeForce RTX 5090,9.2986,48.7383,60.81614303588867,machine,0.0,0.0,0.0,0.0,N
gradient_updates_98,2026-09-15T20:29:19,td3_HalfCheetah-v5_seed958,038f32af-bd63-4c2a-a582-1bd4aff78694,2.2092544390034163,4.4283458689347785e-05,2.0044595655732983e-05,30.90677068716817,125.02947927385006,20.0,1.681327400615551e-05,8.71597919500644e-05,1.2271739633352942e-05,0.0001162448055895722,0.0,Germany,DEU,baden-wurttemberg,,,Linux-7.0.0-31-generic-x86_64-with-glibc2.43,3.14.4,3.3.0,24,Intel(R) Core(TM) Ultra 9 285K,1,1 x NVIDIA GeForce RTX 5090,9.2986,48.7383,60.81614303588867,machine,0.0,0.0,0.0,0.0,N
rollout_99,2026-09-15T20:29:19,td3_HalfCheetah-v5_seed958,038f32af-bd63-4c2a-a582-1bd4aff78694,0.10496742099348921,1.5213414464995342e-06,1.4491723034387347e-05,30.918985089550404,124.82167010009125,20.0,9.921416270486372e-07,2.419168601885957e-06,5.822360277913351e-07,3.993546256726363e-06,0.0,Germany,DEU,baden-wurttemberg,,,Linux-7.0.0-31-generic-x86_64-with-glibc2.43,3.14.4,3.3.0,24,Intel(R) Core(TM) Ultra 9 285K,1,1 x NVIDIA GeForce RTX 5090,9.2986,48.7383,60.81614303588867,machine,0.0,0.0,0.0,0.0,N
gradient_updates_99,2026-09-15T20:29:21,td3_HalfCheetah-v5_seed958,038f32af-bd63-4c2a-a582-1bd4aff78694,2.2580640939995646,4.308594158836457e-05,1.9080986509557122e-05,30.91570939397062,124.87821563126091,20.0,1.507567400498011e-05,8.548284616427537e-05,1.2542783383347926e-05,0.00011310130355260406,0.0,Germany,DEU,baden-wurttemberg,,,Linux-7.0.0-31-generic-x86_64-with-glibc2.43,3.14.4,3.3.0,24,Intel(R) Core(TM) Ultra 9 285K,1,1 x NVIDIA GeForce RTX 5090,9.2986,48.7383,60.81614303588867,machine,0.0,0.0,0.0,0.0,N
idle_baseline_tail,2026-09-15T20:30:51,td3_HalfCheetah-v5_seed958,038f32af-bd63-4c2a-a582-1bd4aff78694,90.00314598200202,0.0006693678954711709,7.437161709359604e-06,30.881394004648563,124.43829843268169,20.0,0.0003786849754477406,0.0008784029249442327,0.0005000138071055214,0.0017571017074974951,0.0,Germany,DEU,baden-wurttemberg,,,Linux-7.0.0-31-generic-x86_64-with-glibc2.43,3.14.4,3.3.0,24,Intel(R) Core(TM) Ultra 9 285K,1,1 x NVIDIA GeForce RTX 5090,9.2986,48.7383,60.81614303588867,machine,0.0,0.0,0.0,0.0,N
