task_name,timestamp,project_name,run_id,duration,emissions,emissions_rate,cpu_power,gpu_power,ram_power,cpu_energy,gpu_energy,ram_energy,energy_consumed,water_consumed,country_name,country_iso_code,region,cloud_provider,cloud_region,os,python_version,codecarbon_version,cpu_count,cpu_model,gpu_count,gpu_model,longitude,latitude,ram_total_size,tracking_mode,cpu_utilization_percent,gpu_utilization_percent,ram_utilization_percent,ram_used_gb,on_cloud
idle_baseline_head,2026-09-09T20:58:00,td3_Ant-v5_seed85062,ab2dfa5c-4c35-41cd-be45-2a89ac48995c,90.0032872229931,0.0006318642394261857,7.020457330866833e-06,7.28749736395386,13.793283399951852,20.0,0.0004284339824691327,0.0007131752927620472,0.0005170447198500268,0.0016586539950812066,0.0,Germany,DEU,baden-wurttemberg,,,Linux-7.0.0-31-generic-x86_64-with-glibc2.43,3.14.4,3.3.0,24,Intel(R) Core(TM) Ultra 9 285K,1,1 x NVIDIA GeForce RTX 5090,9.2986,48.7383,60.81614685058594,machine,0.0,0.0,0.0,0.0,N
warmup_0,2026-09-09T20:58:01,td3_Ant-v5_seed85062,ab2dfa5c-4c35-41cd-be45-2a89ac48995c,1.3693559740058845,1.648730486522587e-05,1.2040166172715162e-05,13.733104393686537,28.24232062773,20.0,1.3973042011759113e-05,2.170862847816757e-05,7.5977752778272085e-06,4.327944576775389e-05,0.0,Germany,DEU,baden-wurttemberg,,,Linux-7.0.0-31-generic-x86_64-with-glibc2.43,3.14.4,3.3.0,24,Intel(R) Core(TM) Ultra 9 285K,1,1 x NVIDIA GeForce RTX 5090,9.2986,48.7383,60.81614685058594,machine,0.0,0.0,0.0,0.0,N
rollout_0,2026-09-09T20:58:02,td3_Ant-v5_seed85062,ab2dfa5c-4c35-41cd-be45-2a89ac48995c,0.34911561199987773,3.9303236864826445e-06,1.1258076385652713e-05,19.106780534050696,33.93802510274321,20.0,3.436391915776632e-06,4.94361506575558e-06,1.9371571777608565e-06,1.0317164159293069e-05,0.0,Germany,DEU,baden-wurttemberg,,,Linux-7.0.0-31-generic-x86_64-with-glibc2.43,3.14.4,3.3.0,24,Intel(R) Core(TM) Ultra 9 285K,1,1 x NVIDIA GeForce RTX 5090,9.2986,48.7383,60.81614685058594,machine,0.0,0.0,0.0,0.0,N
gradient_updates_0,2026-09-09T20:58:06,td3_Ant-v5_seed85062,ab2dfa5c-4c35-41cd-be45-2a89ac48995c,4.0394139340060065,5.635978268224515e-05,1.3952467432542816e-05,21.92995851623731,44.4792452581343,20.0,2.829232207828339e-05,9.721368888215842e-05,2.2439343238915554e-05,0.00014794535419935737,0.0,Germany,DEU,baden-wurttemberg,,,Linux-7.0.0-31-generic-x86_64-with-glibc2.43,3.14.4,3.3.0,24,Intel(R) Core(TM) Ultra 9 285K,1,1 x NVIDIA GeForce RTX 5090,9.2986,48.7383,60.81614685058594,machine,0.0,0.0,0.0,0.0,N
rollout_1,2026-09-09T20:58:06,td3_Ant-v5_seed85062,ab2dfa5c-4c35-41cd-be45-2a89ac48995c,0.26991493901005015,3.5151633591413685e-06,1.3023121072389988e-05,22.869454723242175,49.62473837285205,20.0,2.082363054777686e-06,5.646671183967555e-06,1.4983272500103525e-06,9.227361488755486e-06,0.0,Germany,DEU,baden-wurttemberg,,,Linux-7.0.0-31-generic-x86_64-with-glibc2.43,3.14.4,3.3.0,24,Intel(R) Core(TM) Ultra 9 285K,1,1 x NVIDIA GeForce RTX 5090,9.2986,48.7383,60.81614685058594,machine,0.0,0.0,0.0,0.0,N
gradient_updates_1,2026-09-09T20:58:10,td3_Ant-v5_seed85062,ab2dfa5c-4c35-41cd-be45-2a89ac48995c,3.8838306029938394,5.5958750511356345e-05,1.4408161679579176e-05,23.520145901936207,55.272238301192274,20.0,2.9139759700678308e-05,9.617841027620422e-05,2.1574468194416512e-05,0.00014689263817129882,0.0,Germany,DEU,baden-wurttemberg,,,Linux-7.0.0-31-generic-x86_64-with-glibc2.43,3.14.4,3.3.0,24,Intel(R) Core(TM) Ultra 9 285K,1,1 x NVIDIA GeForce RTX 5090,9.2986,48.7383,60.81614685058594,machine,0.0,0.0,0.0,0.0,N
rollout_2,2026-09-09T20:58:10,td3_Ant-v5_seed85062,ab2dfa5c-4c35-41cd-be45-2a89ac48995c,0.26503923200652935,3.447381642522119e-06,1.3006337914779842e-05,24.20896645448609,57.6603483336022,20.0,2.15304533354721e-06,5.435282125931806e-06,1.4611059111000043e-06,9.049433370579129e-06,0.0,Germany,DEU,baden-wurttemberg,,,Linux-7.0.0-31-generic-x86_64-with-glibc2.43,3.14.4,3.3.0,24,Intel(R) Core(TM) Ultra 9 285K,1,1 x NVIDIA GeForce RTX 5090,9.2986,48.7383,60.81614685058594,machine,0.0,0.0,0.0,0.0,N
gradient_updates_2,2026-09-09T20:58:14,td3_Ant-v5_seed85062,ab2dfa5c-4c35-41cd-be45-2a89ac48995c,3.871859457998653,5.5776984398153815e-05,1.4405748953940182e-05,24.74046225026047,60.94803478100352,20.0,3.1074740415325264e-05,9.38322972878769e-05,2.1508461438821125e-05,0.0001464154991420233,0.0,Germany,DEU,baden-wurttemberg,,,Linux-7.0.0-31-generic-x86_64-with-glibc2.43,3.14.4,3.3.0,24,Intel(R) Core(TM) Ultra 9 285K,1,1 x NVIDIA GeForce RTX 5090,9.2986,48.7383,60.81614685058594,machine,0.0,0.0,0.0,0.0,N
rollout_3,2026-09-09T20:58:14,td3_Ant-v5_seed85062,ab2dfa5c-4c35-41cd-be45-2a89ac48995c,0.2548836749920156,2.805527425684762e-06,1.1007003962819583e-05,25.840813346535008,59.65728221964615,20.0,2.550688707216725e-06,3.39916938596474e-06,1.4146974277132749e-06,7.364555520894631e-06,0.0,Germany,DEU,baden-wurttemberg,,,Linux-7.0.0-31-generic-x86_64-with-glibc2.43,3.14.4,3.3.0,24,Intel(R) Core(TM) Ultra 9 285K,1,1 x NVIDIA GeForce RTX 5090,9.2986,48.7383,60.81614685058594,machine,0.0,0.0,0.0,0.0,N
gradient_updates_3,2026-09-09T20:58:18,td3_Ant-v5_seed85062,ab2dfa5c-4c35-41cd-be45-2a89ac48995c,3.8550853009946877,5.6159199778474e-05,1.4567586872889922e-05,26.56658409908243,62.37866723850059,20.0,3.0069425444409492e-05,9.593424341391987e-05,2.1415151927794778e-05,0.00014741882078612425,0.0,Germany,DEU,baden-wurttemberg,,,Linux-7.0.0-31-generic-x86_64-with-glibc2.43,3.14.4,3.3.0,24,Intel(R) Core(TM) Ultra 9 285K,1,1 x NVIDIA GeForce RTX 5090,9.2986,48.7383,60.81614685058594,machine,0.0,0.0,0.0,0.0,N
rollout_4,2026-09-09T20:58:19,td3_Ant-v5_seed85062,ab2dfa5c-4c35-41cd-be45-2a89ac48995c,0.25819720899744425,2.6377266245960996e-06,1.0215862416023696e-05,26.756395619286845,61.13996200520538,20.0,2.08507583472628e-06,3.4058360580679903e-06,1.433163772243391e-06,6.92407566503777e-06,0.0,Germany,DEU,baden-wurttemberg,,,Linux-7.0.0-31-generic-x86_64-with-glibc2.43,3.14.4,3.3.0,24,Intel(R) Core(TM) Ultra 9 285K,1,1 x NVIDIA GeForce RTX 5090,9.2986,48.7383,60.81614685058594,machine,0.0,0.0,0.0,0.0,N
gradient_updates_4,2026-09-09T20:58:22,td3_Ant-v5_seed85062,ab2dfa5c-4c35-41cd-be45-2a89ac48995c,3.8532709169958252,5.62526610775458e-05,1.459870256702923e-05,26.91007668529166,63.31900216179906,20.0,3.050404579210686e-05,9.575507660408711e-05,2.1405035833352835e-05,0.0001476641582295467,0.0,Germany,DEU,baden-wurttemberg,,,Linux-7.0.0-31-generic-x86_64-with-glibc2.43,3.14.4,3.3.0,24,Intel(R) Core(TM) Ultra 9 285K,1,1 x NVIDIA GeForce RTX 5090,9.2986,48.7383,60.81614685058594,machine,0.0,0.0,0.0,0.0,N
rollout_5,2026-09-09T20:58:23,td3_Ant-v5_seed85062,ab2dfa5c-4c35-41cd-be45-2a89ac48995c,0.24951576000603382,2.8765080002928368e-06,1.1528129858443006e-05,27.607710990561362,62.511357420374516,20.0,2.5627770502203995e-06,3.6030584380508657e-06,1.385045205501683e-06,7.550880693772948e-06,0.0,Germany,DEU,baden-wurttemberg,,,Linux-7.0.0-31-generic-x86_64-with-glibc2.43,3.14.4,3.3.0,24,Intel(R) Core(TM) Ultra 9 285K,1,1 x NVIDIA GeForce RTX 5090,9.2986,48.7383,60.81614685058594,machine,0.0,0.0,0.0,0.0,N
gradient_updates_5,2026-09-09T20:58:26,td3_Ant-v5_seed85062,ab2dfa5c-4c35-41cd-be45-2a89ac48995c,3.827460283995606,5.671183595845012e-05,1.4817113045085915e-05,28.09160086583052,64.38289240494757,20.0,3.130933560300739e-05,9.629896592788789e-05,2.1261198294410472e-05,0.00014886949982530553,0.0,Germany,DEU,baden-wurttemberg,,,Linux-7.0.0-31-generic-x86_64-with-glibc2.43,3.14.4,3.3.0,24,Intel(R) Core(TM) Ultra 9 285K,1,1 x NVIDIA GeForce RTX 5090,9.2986,48.7383,60.81614685058594,machine,0.0,0.0,0.0,0.0,N
rollout_6,2026-09-09T20:58:27,td3_Ant-v5_seed85062,ab2dfa5c-4c35-41cd-be45-2a89ac48995c,0.24691944400547072,2.797232318219045e-06,1.1327436545361837e-05,28.62713801209052,63.49281649717891,20.0,2.5349381390614434e-06,3.4372249719805126e-06,1.3706176166629943e-06,7.342780727704733e-06,0.0,Germany,DEU,baden-wurttemberg,,,Linux-7.0.0-31-generic-x86_64-with-glibc2.43,3.14.4,3.3.0,24,Intel(R) Core(TM) Ultra 9 285K,1,1 x NVIDIA GeForce RTX 5090,9.2986,48.7383,60.81614685058594,machine,0.0,0.0,0.0,0.0,N
gradient_updates_6,2026-09-09T20:58:31,td3_Ant-v5_seed85062,ab2dfa5c-4c35-41cd-be45-2a89ac48995c,3.8270489650021773,5.564878110301467e-05,1.4540926678234412e-05,28.98586600807758,64.96287950616386,20.0,3.076171544268494e-05,9.405785302396552e-05,2.1259394922284037e-05,0.0001460789633889346,0.0,Germany,DEU,baden-wurttemberg,,,Linux-7.0.0-31-generic-x86_64-with-glibc2.43,3.14.4,3.3.0,24,Intel(R) Core(TM) Ultra 9 285K,1,1 x NVIDIA GeForce RTX 5090,9.2986,48.7383,60.81614685058594,machine,0.0,0.0,0.0,0.0,N
rollout_7,2026-09-09T20:58:31,td3_Ant-v5_seed85062,ab2dfa5c-4c35-41cd-be45-2a89ac48995c,0.2451154449954629,3.6739934476575156e-06,1.498850241364902e-05,29.352895120202227,66.12111788539657,20.0,2.443555288177829e-06,5.8400046720752385e-06,1.3607331166793973e-06,9.644293076932573e-06,0.0,Germany,DEU,baden-wurttemberg,,,Linux-7.0.0-31-generic-x86_64-with-glibc2.43,3.14.4,3.3.0,24,Intel(R) Core(TM) Ultra 9 285K,1,1 x NVIDIA GeForce RTX 5090,9.2986,48.7383,60.81614685058594,machine,0.0,0.0,0.0,0.0,N
gradient_updates_7,2026-09-09T20:58:35,td3_Ant-v5_seed85062,ab2dfa5c-4c35-41cd-be45-2a89ac48995c,3.8869851719937287,5.551028007812382e-05,1.4281108995751126e-05,29.550896413205972,67.33949205283704,20.0,2.7743973028494795e-05,9.637924377003948e-05,2.1592179127765104e-05,0.00014571539592629938,0.0,Germany,DEU,baden-wurttemberg,,,Linux-7.0.0-31-generic-x86_64-with-glibc2.43,3.14.4,3.3.0,24,Intel(R) Core(TM) Ultra 9 285K,1,1 x NVIDIA GeForce RTX 5090,9.2986,48.7383,60.81614685058594,machine,0.0,0.0,0.0,0.0,N
rollout_8,2026-09-09T20:58:35,td3_Ant-v5_seed85062,ab2dfa5c-4c35-41cd-be45-2a89ac48995c,0.24147266399813816,2.8189141711933065e-06,1.1673758706392164e-05,29.859402515762014,66.6906085355401,20.0,2.416021655037015e-06,3.6436140258278016e-06,1.3400602666176079e-06,7.399695947482316e-06,0.0,Germany,DEU,baden-wurttemberg,,,Linux-7.0.0-31-generic-x86_64-with-glibc2.43,3.14.4,3.3.0,24,Intel(R) Core(TM) Ultra 9 285K,1,1 x NVIDIA GeForce RTX 5090,9.2986,48.7383,60.81614685058594,machine,0.0,0.0,0.0,0.0,N
gradient_updates_8,2026-09-09T20:58:39,td3_Ant-v5_seed85062,ab2dfa5c-4c35-41cd-be45-2a89ac48995c,3.9021510960010346,5.56855908388353e-05,1.4270503281971229e-05,30.025131849607266,67.73656263718892,20.0,2.8408899115990593e-05,9.609007687227944e-05,2.167661356110729e-05,0.00014617558954937732,0.0,Germany,DEU,baden-wurttemberg,,,Linux-7.0.0-31-generic-x86_64-with-glibc2.43,3.14.4,3.3.0,24,Intel(R) Core(TM) Ultra 9 285K,1,1 x NVIDIA GeForce RTX 5090,9.2986,48.7383,60.81614685058594,machine,0.0,0.0,0.0,0.0,N
rollout_9,2026-09-09T20:58:39,td3_Ant-v5_seed85062,ab2dfa5c-4c35-41cd-be45-2a89ac48995c,0.27047854199190624,3.554920709563725e-06,1.3142474285238078e-05,29.96302518681515,68.0829825742736,20.0,2.169592569004064e-06,5.660282305752773e-06,1.5018503111302074e-06,9.331725185887044e-06,0.0,Germany,DEU,baden-wurttemberg,,,Linux-7.0.0-31-generic-x86_64-with-glibc2.43,3.14.4,3.3.0,24,Intel(R) Core(TM) Ultra 9 285K,1,1 x NVIDIA GeForce RTX 5090,9.2986,48.7383,60.81614685058594,machine,0.0,0.0,0.0,0.0,N
gradient_updates_9,2026-09-09T20:58:43,td3_Ant-v5_seed85062,ab2dfa5c-4c35-41cd-be45-2a89ac48995c,3.8712642139871605,5.5812463401534946e-05,1.441714131853128e-05,29.88438419531958,69.0197534752053,20.0,2.8662974319249024e-05,9.634702152205854e-05,2.14986362666726e-05,0.00014650863210798016,0.0,Germany,DEU,baden-wurttemberg,,,Linux-7.0.0-31-generic-x86_64-with-glibc2.43,3.14.4,3.3.0,24,Intel(R) Core(TM) Ultra 9 285K,1,1 x NVIDIA GeForce RTX 5090,9.2986,48.7383,60.81614685058594,machine,0.0,0.0,0.0,0.0,N
rollout_10,2026-09-09T20:58:43,td3_Ant-v5_seed85062,ab2dfa5c-4c35-41cd-be45-2a89ac48995c,0.2540751140040811,2.730308931615799e-06,1.074545347501424e-05,29.86934879819162,68.30631558579422,20.0,2.100605847151632e-06,3.657502926079914e-06,1.4089969666707287e-06,7.167105739902275e-06,0.0,Germany,DEU,baden-wurttemberg,,,Linux-7.0.0-31-generic-x86_64-with-glibc2.43,3.14.4,3.3.0,24,Intel(R) Core(TM) Ultra 9 285K,1,1 x NVIDIA GeForce RTX 5090,9.2986,48.7383,60.81614685058594,machine,0.0,0.0,0.0,0.0,N
gradient_updates_10,2026-09-09T20:58:47,td3_Ant-v5_seed85062,ab2dfa5c-4c35-41cd-be45-2a89ac48995c,3.962677221992635,5.746518499164855e-05,1.4501620830867952e-05,29.83078648564176,69.1724105776356,20.0,2.9796615503941554e-05,9.903341255990128e-05,2.2017025333318277e-05,0.00015084705339716122,0.0,Germany,DEU,baden-wurttemberg,,,Linux-7.0.0-31-generic-x86_64-with-glibc2.43,3.14.4,3.3.0,24,Intel(R) Core(TM) Ultra 9 285K,1,1 x NVIDIA GeForce RTX 5090,9.2986,48.7383,60.81614685058594,machine,0.0,0.0,0.0,0.0,N
rollout_11,2026-09-09T20:58:47,td3_Ant-v5_seed85062,ab2dfa5c-4c35-41cd-be45-2a89ac48995c,0.25035660799767356,2.7849552495860623e-06,1.1124349964080881e-05,29.812367979982092,68.65243085779011,20.0,2.0574235903847438e-06,3.864725313995621e-06,1.3884043167409566e-06,7.3105532211212125e-06,0.0,Germany,DEU,baden-wurttemberg,,,Linux-7.0.0-31-generic-x86_64-with-glibc2.43,3.14.4,3.3.0,24,Intel(R) Core(TM) Ultra 9 285K,1,1 x NVIDIA GeForce RTX 5090,9.2986,48.7383,60.81614685058594,machine,0.0,0.0,0.0,0.0,N
gradient_updates_11,2026-09-09T20:58:51,td3_Ant-v5_seed85062,ab2dfa5c-4c35-41cd-be45-2a89ac48995c,3.825938085996313,5.5968079049349305e-05,1.4628615979486417e-05,29.790509902212186,69.42088296438978,20.0,3.065876980477486e-05,9.500507600401775e-05,2.1253279927784885e-05,0.00014691712573657771,0.0,Germany,DEU,baden-wurttemberg,,,Linux-7.0.0-31-generic-x86_64-with-glibc2.43,3.14.4,3.3.0,24,Intel(R) Core(TM) Ultra 9 285K,1,1 x NVIDIA GeForce RTX 5090,9.2986,48.7383,60.81614685058594,machine,0.0,0.0,0.0,0.0,N
rollout_12,2026-09-09T20:58:52,td3_Ant-v5_seed85062,ab2dfa5c-4c35-41cd-be45-2a89ac48995c,0.24323637700581457,2.822037823321062e-06,1.1602052241387794e-05,29.974685867189912,68.88700411983605,20.0,2.3805705155685586e-06,3.677502942167621e-06,1.3498221278294541e-06,7.407895585565417e-06,0.0,Germany,DEU,baden-wurttemberg,,,Linux-7.0.0-31-generic-x86_64-with-glibc2.43,3.14.4,3.3.0,24,Intel(R) Core(TM) Ultra 9 285K,1,1 x NVIDIA GeForce RTX 5090,9.2986,48.7383,60.81614685058594,machine,0.0,0.0,0.0,0.0,N
gradient_updates_12,2026-09-09T20:58:56,td3_Ant-v5_seed85062,ab2dfa5c-4c35-41cd-be45-2a89ac48995c,4.24488264399406,5.977839472305385e-05,1.4082488791516912e-05,30.078930229695942,69.5419136445876,20.0,2.9726917114846624e-05,0.00010361230511191089,2.3580044666677083e-05,0.0001569192668934346,0.0,Germany,DEU,baden-wurttemberg,,,Linux-7.0.0-31-generic-x86_64-with-glibc2.43,3.14.4,3.3.0,24,Intel(R) Core(TM) Ultra 9 285K,1,1 x NVIDIA GeForce RTX 5090,9.2986,48.7383,60.81614685058594,machine,0.0,0.0,0.0,0.0,N
rollout_13,2026-09-09T20:58:56,td3_Ant-v5_seed85062,ab2dfa5c-4c35-41cd-be45-2a89ac48995c,0.2542744599923026,2.611369224860124e-06,1.0269706679268147e-05,30.006447587818382,68.8509000611484,20.0,1.98977631404168e-06,3.4513916498113417e-06,1.413719094448939e-06,6.854887058301961e-06,0.0,Germany,DEU,baden-wurttemberg,,,Linux-7.0.0-31-generic-x86_64-with-glibc2.43,3.14.4,3.3.0,24,Intel(R) Core(TM) Ultra 9 285K,1,1 x NVIDIA GeForce RTX 5090,9.2986,48.7383,60.81614685058594,machine,0.0,0.0,0.0,0.0,N
gradient_updates_13,2026-09-09T20:59:00,td3_Ant-v5_seed85062,ab2dfa5c-4c35-41cd-be45-2a89ac48995c,4.446123654997791,6.199016363171803e-05,1.394253694309051e-05,29.92114246954512,69.42218792843697,20.0,3.1127247401775e-05,0.00010689925218620999,2.4698696977753154e-05,0.00016272519656573836,0.0,Germany,DEU,baden-wurttemberg,,,Linux-7.0.0-31-generic-x86_64-with-glibc2.43,3.14.4,3.3.0,24,Intel(R) Core(TM) Ultra 9 285K,1,1 x NVIDIA GeForce RTX 5090,9.2986,48.7383,60.81614685058594,machine,0.0,0.0,0.0,0.0,N
rollout_14,2026-09-09T20:59:01,td3_Ant-v5_seed85062,ab2dfa5c-4c35-41cd-be45-2a89ac48995c,0.2509561129991198,2.6411530625436008e-06,1.0523425792499341e-05,29.81907468617833,68.897491336704,20.0,1.8730809429080841e-06,3.6669473779671335e-06,1.393041799989717e-06,6.933070120865043e-06,0.0,Germany,DEU,baden-wurttemberg,,,Linux-7.0.0-31-generic-x86_64-with-glibc2.43,3.14.4,3.3.0,24,Intel(R) Core(TM) Ultra 9 285K,1,1 x NVIDIA GeForce RTX 5090,9.2986,48.7383,60.81614685058594,machine,0.0,0.0,0.0,0.0,N
gradient_updates_14,2026-09-09T20:59:05,td3_Ant-v5_seed85062,ab2dfa5c-4c35-41cd-be45-2a89ac48995c,4.511395818990422,6.193526887228137e-05,1.3728639093866715e-05,29.710365788402157,69.39026762035522,20.0,3.077278656265364e-05,0.00010674036317004365,2.5067947188896797e-05,0.0001625810969215942,0.0,Germany,DEU,baden-wurttemberg,,,Linux-7.0.0-31-generic-x86_64-with-glibc2.43,3.14.4,3.3.0,24,Intel(R) Core(TM) Ultra 9 285K,1,1 x NVIDIA GeForce RTX 5090,9.2986,48.7383,60.81614685058594,machine,0.0,0.0,0.0,0.0,N
rollout_15,2026-09-09T20:59:05,td3_Ant-v5_seed85062,ab2dfa5c-4c35-41cd-be45-2a89ac48995c,0.26393013399501797,3.483713498356189e-06,1.319907228922723e-05,29.605762113553943,69.65676225824417,20.0,1.932132101256645e-06,5.7477823758311786e-06,1.464890611128423e-06,9.144805088216572e-06,0.0,Germany,DEU,baden-wurttemberg,,,Linux-7.0.0-31-generic-x86_64-with-glibc2.43,3.14.4,3.3.0,24,Intel(R) Core(TM) Ultra 9 285K,1,1 x NVIDIA GeForce RTX 5090,9.2986,48.7383,60.81614685058594,machine,0.0,0.0,0.0,0.0,N
gradient_updates_15,2026-09-09T20:59:10,td3_Ant-v5_seed85062,ab2dfa5c-4c35-41cd-be45-2a89ac48995c,4.577175818005344,6.287906385842512e-05,1.3737538681852382e-05,29.49441330973602,70.12052500707478,20.0,3.0435822404192153e-05,0.00010919592069025263,2.5426831150010304e-05,0.00016505857424445498,0.0,Germany,DEU,baden-wurttemberg,,,Linux-7.0.0-31-generic-x86_64-with-glibc2.43,3.14.4,3.3.0,24,Intel(R) Core(TM) Ultra 9 285K,1,1 x NVIDIA GeForce RTX 5090,9.2986,48.7383,60.81614685058594,machine,0.0,0.0,0.0,0.0,N
rollout_16,2026-09-09T20:59:10,td3_Ant-v5_seed85062,ab2dfa5c-4c35-41cd-be45-2a89ac48995c,0.24503145000198856,2.8441099388992405e-06,1.1607407336447939e-05,29.663543888550286,69.66894614183458,20.0,2.4419447313336895e-06,3.6638918197162695e-06,1.3599987000311332e-06,7.465835251080875e-06,0.0,Germany,DEU,baden-wurttemberg,,,Linux-7.0.0-31-generic-x86_64-with-glibc2.43,3.14.4,3.3.0,24,Intel(R) Core(TM) Ultra 9 285K,1,1 x NVIDIA GeForce RTX 5090,9.2986,48.7383,60.81614685058594,machine,0.0,0.0,0.0,0.0,N
gradient_updates_16,2026-09-09T20:59:14,td3_Ant-v5_seed85062,ab2dfa5c-4c35-41cd-be45-2a89ac48995c,4.046550537997973,5.895999385975657e-05,1.4570449714618078e-05,29.781087266484967,70.21719138627132,20.0,3.1185943004288785e-05,0.00010110591421819137,2.2479093977825792e-05,0.00015477095120030628,0.0,Germany,DEU,baden-wurttemberg,,,Linux-7.0.0-31-generic-x86_64-with-glibc2.43,3.14.4,3.3.0,24,Intel(R) Core(TM) Ultra 9 285K,1,1 x NVIDIA GeForce RTX 5090,9.2986,48.7383,60.81614685058594,machine,0.0,0.0,0.0,0.0,N
rollout_17,2026-09-09T20:59:15,td3_Ant-v5_seed85062,ab2dfa5c-4c35-41cd-be45-2a89ac48995c,0.24980513600166887,2.895047297753108e-06,1.1589417519143015e-05,29.949585427691915,69.76645430690455,20.0,2.530919802509052e-06,3.6819473900884248e-06,1.3866794611708429e-06,7.599546653768753e-06,0.0,Germany,DEU,baden-wurttemberg,,,Linux-7.0.0-31-generic-x86_64-with-glibc2.43,3.14.4,3.3.0,24,Intel(R) Core(TM) Ultra 9 285K,1,1 x NVIDIA GeForce RTX 5090,9.2986,48.7383,60.81614685058594,machine,0.0,0.0,0.0,0.0,N
gradient_updates_17,2026-09-09T20:59:18,td3_Ant-v5_seed85062,ab2dfa5c-4c35-41cd-be45-2a89ac48995c,3.8371070510038408,5.642431772074751e-05,1.4704974319706328e-05,30.05225029708754,70.32877269477521,20.0,2.9072332980068644e-05,9.772757818193867e-05,2.1314848572203315e-05,0.00014811475973421084,0.0,Germany,DEU,baden-wurttemberg,,,Linux-7.0.0-31-generic-x86_64-with-glibc2.43,3.14.4,3.3.0,24,Intel(R) Core(TM) Ultra 9 285K,1,1 x NVIDIA GeForce RTX 5090,9.2986,48.7383,60.81614685058594,machine,0.0,0.0,0.0,0.0,N
rollout_18,2026-09-09T20:59:19,td3_Ant-v5_seed85062,ab2dfa5c-4c35-41cd-be45-2a89ac48995c,0.24336664500879124,2.834045948257955e-06,1.1644322180962988e-05,30.16954650157886,69.94869846991665,20.0,2.3679227276682258e-06,3.721669644018988e-06,1.349824738847193e-06,7.43941711053419e-06,0.0,Germany,DEU,baden-wurttemberg,,,Linux-7.0.0-31-generic-x86_64-with-glibc2.43,3.14.4,3.3.0,24,Intel(R) Core(TM) Ultra 9 285K,1,1 x NVIDIA GeForce RTX 5090,9.2986,48.7383,60.81614685058594,machine,0.0,0.0,0.0,0.0,N
gradient_updates_18,2026-09-09T20:59:23,td3_Ant-v5_seed85062,ab2dfa5c-4c35-41cd-be45-2a89ac48995c,3.8215318319998914,5.6565568277402306e-05,1.4801836790380085e-05,30.23804533366085,70.49047874558083,20.0,2.9404991301752725e-05,9.784730049999801e-05,2.123325296108508e-05,0.00014848554476283582,0.0,Germany,DEU,baden-wurttemberg,,,Linux-7.0.0-31-generic-x86_64-with-glibc2.43,3.14.4,3.3.0,24,Intel(R) Core(TM) Ultra 9 285K,1,1 x NVIDIA GeForce RTX 5090,9.2986,48.7383,60.81614685058594,machine,0.0,0.0,0.0,0.0,N
rollout_19,2026-09-09T20:59:23,td3_Ant-v5_seed85062,ab2dfa5c-4c35-41cd-be45-2a89ac48995c,0.26007129400386475,2.657951097121509e-06,1.0219864226760813e-05,30.185425935533402,69.96152897446211,20.0,2.045216636173408e-06,3.4875027898895183e-06,1.4444458111635607e-06,6.977165237226704e-06,0.0,Germany,DEU,baden-wurttemberg,,,Linux-7.0.0-31-generic-x86_64-with-glibc2.43,3.14.4,3.3.0,24,Intel(R) Core(TM) Ultra 9 285K,1,1 x NVIDIA GeForce RTX 5090,9.2986,48.7383,60.81614685058594,machine,0.0,0.0,0.0,0.0,N
gradient_updates_19,2026-09-09T20:59:27,td3_Ant-v5_seed85062,ab2dfa5c-4c35-41cd-be45-2a89ac48995c,3.8774105089978548,5.573364651775478e-05,1.4373954964822598e-05,30.121262567021404,70.43343021484007,20.0,2.7610289588211878e-05,9.716118884006697e-05,2.153025806668062e-05,0.00014630173649495936,0.0,Germany,DEU,baden-wurttemberg,,,Linux-7.0.0-31-generic-x86_64-with-glibc2.43,3.14.4,3.3.0,24,Intel(R) Core(TM) Ultra 9 285K,1,1 x NVIDIA GeForce RTX 5090,9.2986,48.7383,60.81614685058594,machine,0.0,0.0,0.0,0.0,N
rollout_20,2026-09-09T20:59:27,td3_Ant-v5_seed85062,ab2dfa5c-4c35-41cd-be45-2a89ac48995c,0.25766747900343034,3.5211879654151873e-06,1.3666079808885221e-05,30.108969594383577,70.63859252953075,20.0,2.13370059585008e-06,5.680282322062524e-06,1.429193261153882e-06,9.243176179066052e-06,0.0,Germany,DEU,baden-wurttemberg,,,Linux-7.0.0-31-generic-x86_64-with-glibc2.43,3.14.4,3.3.0,24,Intel(R) Core(TM) Ultra 9 285K,1,1 x NVIDIA GeForce RTX 5090,9.2986,48.7383,60.81614685058594,machine,0.0,0.0,0.0,0.0,N
gradient_updates_20,2026-09-09T20:59:31,td3_Ant-v5_seed85062,ab2dfa5c-4c35-41cd-be45-2a89ac48995c,3.8205584609968355,5.6575314853734996e-05,1.4808135944718074e-05,30.09453723303476,71.08736575790789,20.0,3.089638277264245e-05,9.639146600193271e-05,2.1223280911039557e-05,0.00014851112968561515,0.0,Germany,DEU,baden-wurttemberg,,,Linux-7.0.0-31-generic-x86_64-with-glibc2.43,3.14.4,3.3.0,24,Intel(R) Core(TM) Ultra 9 285K,1,1 x NVIDIA GeForce RTX 5090,9.2986,48.7383,60.81614685058594,machine,0.0,0.0,0.0,0.0,N
rollout_21,2026-09-09T20:59:31,td3_Ant-v5_seed85062,ab2dfa5c-4c35-41cd-be45-2a89ac48995c,0.24546207000094,2.863431752544174e-06,1.1665812365283792e-05,30.206376195257068,70.73292122642509,20.0,2.4222436044579743e-06,3.732225207775386e-06,1.362086516665988e-06,7.516555328899131e-06,0.0,Germany,DEU,baden-wurttemberg,,,Linux-7.0.0-31-generic-x86_64-with-glibc2.43,3.14.4,3.3.0,24,Intel(R) Core(TM) Ultra 9 285K,1,1 x NVIDIA GeForce RTX 5090,9.2986,48.7383,60.81614685058594,machine,0.0,0.0,0.0,0.0,N
gradient_updates_21,2026-09-09T20:59:35,td3_Ant-v5_seed85062,ab2dfa5c-4c35-41cd-be45-2a89ac48995c,3.846330188011052,5.6776841495066255e-05,1.4761312200325962e-05,30.275370062136986,71.17331091961101,20.0,3.001498540085995e-05,9.766257813015322e-05,2.1362576894413563e-05,0.00014904014042542695,0.0,Germany,DEU,baden-wurttemberg,,,Linux-7.0.0-31-generic-x86_64-with-glibc2.43,3.14.4,3.3.0,24,Intel(R) Core(TM) Ultra 9 285K,1,1 x NVIDIA GeForce RTX 5090,9.2986,48.7383,60.81614685058594,machine,0.0,0.0,0.0,0.0,N
rollout_22,2026-09-09T20:59:35,td3_Ant-v5_seed85062,ab2dfa5c-4c35-41cd-be45-2a89ac48995c,0.2429653720028,2.8360952455132836e-06,1.1672094408294599e-05,30.376379571981712,70.8354216272623,20.0,2.389962745298624e-06,3.7063918540969354e-06,1.3484419500553024e-06,7.4447965494510784e-06,0.0,Germany,DEU,baden-wurttemberg,,,Linux-7.0.0-31-generic-x86_64-with-glibc2.43,3.14.4,3.3.0,24,Intel(R) Core(TM) Ultra 9 285K,1,1 x NVIDIA GeForce RTX 5090,9.2986,48.7383,60.81614685058594,machine,0.0,0.0,0.0,0.0,N
gradient_updates_22,2026-09-09T20:59:39,td3_Ant-v5_seed85062,ab2dfa5c-4c35-41cd-be45-2a89ac48995c,3.805246830001124,5.5661384506188426e-05,1.4627571675115396e-05,30.4374268626577,71.22912710884559,20.0,2.9716795440080934e-05,9.525729842785324e-05,2.1137953661107397e-05,0.0001461120475290418,0.0,Germany,DEU,baden-wurttemberg,,,Linux-7.0.0-31-generic-x86_64-with-glibc2.43,3.14.4,3.3.0,24,Intel(R) Core(TM) Ultra 9 285K,1,1 x NVIDIA GeForce RTX 5090,9.2986,48.7383,60.81614685058594,machine,0.0,0.0,0.0,0.0,N
rollout_23,2026-09-09T20:59:39,td3_Ant-v5_seed85062,ab2dfa5c-4c35-41cd-be45-2a89ac48995c,0.25293297399184667,3.5635059034391965e-06,1.4089827081105037e-05,30.43144755066953,71.46193749264349,20.0,2.1339547627181876e-06,5.816949097958712e-06,1.4033575999848613e-06,9.354261460661761e-06,0.0,Germany,DEU,baden-wurttemberg,,,Linux-7.0.0-31-generic-x86_64-with-glibc2.43,3.14.4,3.3.0,24,Intel(R) Core(TM) Ultra 9 285K,1,1 x NVIDIA GeForce RTX 5090,9.2986,48.7383,60.81614685058594,machine,0.0,0.0,0.0,0.0,N
gradient_updates_23,2026-09-09T20:59:43,td3_Ant-v5_seed85062,ab2dfa5c-4c35-41cd-be45-2a89ac48995c,3.824061345992959,5.619147086785873e-05,1.4694189246855891e-05,30.42050158940241,71.82102947473939,20.0,3.090362194510185e-05,9.535702073004693e-05,2.124289025006061e-05,0.0001475035329252094,0.0,Germany,DEU,baden-wurttemberg,,,Linux-7.0.0-31-generic-x86_64-with-glibc2.43,3.14.4,3.3.0,24,Intel(R) Core(TM) Ultra 9 285K,1,1 x NVIDIA GeForce RTX 5090,9.2986,48.7383,60.81614685058594,machine,0.0,0.0,0.0,0.0,N
rollout_24,2026-09-09T20:59:43,td3_Ant-v5_seed85062,ab2dfa5c-4c35-41cd-be45-2a89ac48995c,0.23805143201025203,2.8643566341158937e-06,1.203236509082736e-05,30.510851831753328,71.56201114641063,20.0,2.342033540294469e-06,3.855836417931968e-06,1.3211131999722736e-06,7.518983158198711e-06,0.0,Germany,DEU,baden-wurttemberg,,,Linux-7.0.0-31-generic-x86_64-with-glibc2.43,3.14.4,3.3.0,24,Intel(R) Core(TM) Ultra 9 285K,1,1 x NVIDIA GeForce RTX 5090,9.2986,48.7383,60.81614685058594,machine,0.0,0.0,0.0,0.0,N
gradient_updates_24,2026-09-09T20:59:47,td3_Ant-v5_seed85062,ab2dfa5c-4c35-41cd-be45-2a89ac48995c,3.963211815993418,5.6455882353176595e-05,1.4245003771852862e-05,30.55482345861864,71.88352023837835,20.0,2.8647681807013325e-05,9.753424469405303e-05,2.201569091113127e-05,0.00014819761741219784,0.0,Germany,DEU,baden-wurttemberg,,,Linux-7.0.0-31-generic-x86_64-with-glibc2.43,3.14.4,3.3.0,24,Intel(R) Core(TM) Ultra 9 285K,1,1 x NVIDIA GeForce RTX 5090,9.2986,48.7383,60.81614685058594,machine,0.0,0.0,0.0,0.0,N
rollout_25,2026-09-09T20:59:47,td3_Ant-v5_seed85062,ab2dfa5c-4c35-41cd-be45-2a89ac48995c,0.2532208499906119,3.4939873992966865e-06,1.379856011081112e-05,30.50851737164871,72.07482589578234,20.0,1.988911868901211e-06,5.777782400073761e-06,1.4050799777680107e-06,9.171774246742766e-06,0.0,Germany,DEU,baden-wurttemberg,,,Linux-7.0.0-31-generic-x86_64-with-glibc2.43,3.14.4,3.3.0,24,Intel(R) Core(TM) Ultra 9 285K,1,1 x NVIDIA GeForce RTX 5090,9.2986,48.7383,60.81614685058594,machine,0.0,0.0,0.0,0.0,N
gradient_updates_25,2026-09-09T20:59:52,td3_Ant-v5_seed85062,ab2dfa5c-4c35-41cd-be45-2a89ac48995c,4.4515682450000895,6.242054427747475e-05,1.402215667201812e-05,30.458745115383444,72.32545488194653,20.0,3.2956281365004864e-05,0.00010616841826793788,2.4730253188883855e-05,0.00016385495282182638,0.0,Germany,DEU,baden-wurttemberg,,,Linux-7.0.0-31-generic-x86_64-with-glibc2.43,3.14.4,3.3.0,24,Intel(R) Core(TM) Ultra 9 285K,1,1 x NVIDIA GeForce RTX 5090,9.2986,48.7383,60.81614685058594,machine,0.0,0.0,0.0,0.0,N
rollout_26,2026-09-09T20:59:52,td3_Ant-v5_seed85062,ab2dfa5c-4c35-41cd-be45-2a89ac48995c,0.2485330900090048,3.685057902268283e-06,1.4825755521596658e-05,30.546140424534382,72.54344050350245,20.0,2.4606108573778374e-06,5.833060222171227e-06,1.3796663722637128e-06,9.673337451812994e-06,0.0,Germany,DEU,baden-wurttemberg,,,Linux-7.0.0-31-generic-x86_64-with-glibc2.43,3.14.4,3.3.0,24,Intel(R) Core(TM) Ultra 9 285K,1,1 x NVIDIA GeForce RTX 5090,9.2986,48.7383,60.81614685058594,machine,0.0,0.0,0.0,0.0,N
gradient_updates_26,2026-09-09T20:59:57,td3_Ant-v5_seed85062,ab2dfa5c-4c35-41cd-be45-2a89ac48995c,4.462819405991468,6.208337830382934e-05,1.3911280101486928e-05,30.596471115884437,72.77592657134208,20.0,3.18283707404568e-05,0.00010635036285777666,2.479115301110956e-05,0.00016296988660934302,0.0,Germany,DEU,baden-wurttemberg,,,Linux-7.0.0-31-generic-x86_64-with-glibc2.43,3.14.4,3.3.0,24,Intel(R) Core(TM) Ultra 9 285K,1,1 x NVIDIA GeForce RTX 5090,9.2986,48.7383,60.81614685058594,machine,0.0,0.0,0.0,0.0,N
rollout_27,2026-09-09T20:59:57,td3_Ant-v5_seed85062,ab2dfa5c-4c35-41cd-be45-2a89ac48995c,0.25473755701386835,3.5234583470817107e-06,1.3831792404539554e-05,30.545680868458902,72.95081428202789,20.0,1.9719746331345323e-06,5.863338023992526e-06,1.413823311061926e-06,9.249135968189201e-06,0.0,Germany,DEU,baden-wurttemberg,,,Linux-7.0.0-31-generic-x86_64-with-glibc2.43,3.14.4,3.3.0,24,Intel(R) Core(TM) Ultra 9 285K,1,1 x NVIDIA GeForce RTX 5090,9.2986,48.7383,60.81614685058594,machine,0.0,0.0,0.0,0.0,N
gradient_updates_27,2026-09-09T21:00:01,td3_Ant-v5_seed85062,ab2dfa5c-4c35-41cd-be45-2a89ac48995c,4.467701325993403,6.226275351484817e-05,1.3936224223288047e-05,30.485544911940945,73.19415913876715,20.0,3.0277181999504438e-05,0.00010834508667612042,2.481848080553603e-05,0.0001634407494811611,0.0,Germany,DEU,baden-wurttemberg,,,Linux-7.0.0-31-generic-x86_64-with-glibc2.43,3.14.4,3.3.0,24,Intel(R) Core(TM) Ultra 9 285K,1,1 x NVIDIA GeForce RTX 5090,9.2986,48.7383,60.81614685058594,machine,0.0,0.0,0.0,0.0,N
rollout_28,2026-09-09T21:00:02,td3_Ant-v5_seed85062,ab2dfa5c-4c35-41cd-be45-2a89ac48995c,0.2648536799970316,2.6967027108330474e-06,1.0181838153675235e-05,30.448479386510737,72.77064530763545,20.0,2.0950958427440325e-06,3.5136139218128193e-06,1.4701790944349723e-06,7.078888858992258e-06,0.0,Germany,DEU,baden-wurttemberg,,,Linux-7.0.0-31-generic-x86_64-with-glibc2.43,3.14.4,3.3.0,24,Intel(R) Core(TM) Ultra 9 285K,1,1 x NVIDIA GeForce RTX 5090,9.2986,48.7383,60.81614685058594,machine,0.0,0.0,0.0,0.0,N
gradient_updates_28,2026-09-09T21:00:06,td3_Ant-v5_seed85062,ab2dfa5c-4c35-41cd-be45-2a89ac48995c,4.455024819995742,6.256043793084363e-05,1.4042691056990795e-05,30.401785845219653,73.01612307735975,20.0,3.0895246382844216e-05,0.00010857869797420427,2.4748231600016076e-05,0.00016422217595706435,0.0,Germany,DEU,baden-wurttemberg,,,Linux-7.0.0-31-generic-x86_64-with-glibc2.43,3.14.4,3.3.0,24,Intel(R) Core(TM) Ultra 9 285K,1,1 x NVIDIA GeForce RTX 5090,9.2986,48.7383,60.81614685058594,machine,0.0,0.0,0.0,0.0,N
rollout_29,2026-09-09T21:00:06,td3_Ant-v5_seed85062,ab2dfa5c-4c35-41cd-be45-2a89ac48995c,0.25960715500696097,3.4636536532977116e-06,1.3342275195333053e-05,30.36026722037566,73.09897327450635,20.0,2.022192728861477e-06,5.629726725908668e-06,1.4402282110595466e-06,9.092147665829692e-06,0.0,Germany,DEU,baden-wurttemberg,,,Linux-7.0.0-31-generic-x86_64-with-glibc2.43,3.14.4,3.3.0,24,Intel(R) Core(TM) Ultra 9 285K,1,1 x NVIDIA GeForce RTX 5090,9.2986,48.7383,60.81614685058594,machine,0.0,0.0,0.0,0.0,N
gradient_updates_29,2026-09-09T21:00:11,td3_Ant-v5_seed85062,ab2dfa5c-4c35-41cd-be45-2a89ac48995c,4.45706005700049,6.200485115216313e-05,1.3911636342862826e-05,30.311789520724993,73.30756086998862,20.0,3.123885693551154e-05,0.00010676536319009777,2.4759531422266067e-05,0.00016276375154787494,0.0,Germany,DEU,baden-wurttemberg,,,Linux-7.0.0-31-generic-x86_64-with-glibc2.43,3.14.4,3.3.0,24,Intel(R) Core(TM) Ultra 9 285K,1,1 x NVIDIA GeForce RTX 5090,9.2986,48.7383,60.81614685058594,machine,0.0,0.0,0.0,0.0,N
rollout_30,2026-09-09T21:00:11,td3_Ant-v5_seed85062,ab2dfa5c-4c35-41cd-be45-2a89ac48995c,0.26437102700583637,3.7340858651895535e-06,1.4123053205292687e-05,30.369568498575674,73.40242964056742,20.0,2.517170347066805e-06,5.820282434010338e-06,1.4645838777747541e-06,9.802036658851897e-06,0.0,Germany,DEU,baden-wurttemberg,,,Linux-7.0.0-31-generic-x86_64-with-glibc2.43,3.14.4,3.3.0,24,Intel(R) Core(TM) Ultra 9 285K,1,1 x NVIDIA GeForce RTX 5090,9.2986,48.7383,60.81614685058594,machine,0.0,0.0,0.0,0.0,N
gradient_updates_30,2026-09-09T21:00:15,td3_Ant-v5_seed85062,ab2dfa5c-4c35-41cd-be45-2a89ac48995c,4.176755388994934,6.031403867880203e-05,1.4440414106072699e-05,30.40263617047761,73.65626806409549,20.0,3.082575132724516e-05,0.00010429758343799556,2.320200629999606e-05,0.00015832534106523678,0.0,Germany,DEU,baden-wurttemberg,,,Linux-7.0.0-31-generic-x86_64-with-glibc2.43,3.14.4,3.3.0,24,Intel(R) Core(TM) Ultra 9 285K,1,1 x NVIDIA GeForce RTX 5090,9.2986,48.7383,60.81614685058594,machine,0.0,0.0,0.0,0.0,N
rollout_31,2026-09-09T21:00:15,td3_Ant-v5_seed85062,ab2dfa5c-4c35-41cd-be45-2a89ac48995c,0.25155311400885694,2.634246299264894e-06,1.0471933753881155e-05,30.35273236872544,73.32358996635027,20.0,1.909193194021136e-06,3.6097251099320715e-06,1.3960214499900842e-06,6.914939753943292e-06,0.0,Germany,DEU,baden-wurttemberg,,,Linux-7.0.0-31-generic-x86_64-with-glibc2.43,3.14.4,3.3.0,24,Intel(R) Core(TM) Ultra 9 285K,1,1 x NVIDIA GeForce RTX 5090,9.2986,48.7383,60.81614685058594,machine,0.0,0.0,0.0,0.0,N
gradient_updates_31,2026-09-09T21:00:19,td3_Ant-v5_seed85062,ab2dfa5c-4c35-41cd-be45-2a89ac48995c,3.8145566479943227,5.6421244797788886e-05,1.4791059312887399e-05,30.31013692696578,73.58946205448349,20.0,3.0392945147669076e-05,9.653063278003415e-05,2.1183115333325278e-05,0.00014810669326102872,0.0,Germany,DEU,baden-wurttemberg,,,Linux-7.0.0-31-generic-x86_64-with-glibc2.43,3.14.4,3.3.0,24,Intel(R) Core(TM) Ultra 9 285K,1,1 x NVIDIA GeForce RTX 5090,9.2986,48.7383,60.81614685058594,machine,0.0,0.0,0.0,0.0,N
rollout_32,2026-09-09T21:00:20,td3_Ant-v5_seed85062,ab2dfa5c-4c35-41cd-be45-2a89ac48995c,0.2386018020042684,3.728755136934471e-06,1.5627191482572628e-05,30.386256091743643,73.85945047628596,20.0,2.372110231019242e-06,6.0913937620643566e-06,1.3245394166409418e-06,9.788043409724757e-06,0.0,Germany,DEU,baden-wurttemberg,,,Linux-7.0.0-31-generic-x86_64-with-glibc2.43,3.14.4,3.3.0,24,Intel(R) Core(TM) Ultra 9 285K,1,1 x NVIDIA GeForce RTX 5090,9.2986,48.7383,60.81614685058594,machine,0.0,0.0,0.0,0.0,N
gradient_updates_32,2026-09-09T21:00:23,td3_Ant-v5_seed85062,ab2dfa5c-4c35-41cd-be45-2a89ac48995c,3.898162715995568,5.625011453711448e-05,1.4429946670889191e-05,30.42221919998517,74.1129118764125,20.0,2.709739140011741e-05,9.89059124578695e-05,2.1654169661148052e-05,0.00014765747351913518,0.0,Germany,DEU,baden-wurttemberg,,,Linux-7.0.0-31-generic-x86_64-with-glibc2.43,3.14.4,3.3.0,24,Intel(R) Core(TM) Ultra 9 285K,1,1 x NVIDIA GeForce RTX 5090,9.2986,48.7383,60.81614685058594,machine,0.0,0.0,0.0,0.0,N
rollout_33,2026-09-09T21:00:24,td3_Ant-v5_seed85062,ab2dfa5c-4c35-41cd-be45-2a89ac48995c,0.25581795199832413,2.754619957312694e-06,1.0768031104226781e-05,30.393117791421915,73.81843047490473,20.0,2.0328910707578807e-06,3.7838919160204654e-06,1.4141395944331642e-06,7.23092258121151e-06,0.0,Germany,DEU,baden-wurttemberg,,,Linux-7.0.0-31-generic-x86_64-with-glibc2.43,3.14.4,3.3.0,24,Intel(R) Core(TM) Ultra 9 285K,1,1 x NVIDIA GeForce RTX 5090,9.2986,48.7383,60.81614685058594,machine,0.0,0.0,0.0,0.0,N
gradient_updates_33,2026-09-09T21:00:28,td3_Ant-v5_seed85062,ab2dfa5c-4c35-41cd-be45-2a89ac48995c,3.8385606129886582,5.758410890615434e-05,1.5001512725042108e-05,30.365567277149605,74.09089503789619,20.0,3.0503774680779028e-05,9.933174613196982e-05,2.132370981109701e-05,0.00015115923062384608,0.0,Germany,DEU,baden-wurttemberg,,,Linux-7.0.0-31-generic-x86_64-with-glibc2.43,3.14.4,3.3.0,24,Intel(R) Core(TM) Ultra 9 285K,1,1 x NVIDIA GeForce RTX 5090,9.2986,48.7383,60.81614685058594,machine,0.0,0.0,0.0,0.0,N
rollout_34,2026-09-09T21:00:28,td3_Ant-v5_seed85062,ab2dfa5c-4c35-41cd-be45-2a89ac48995c,0.24162647699995432,2.8917542524531208e-06,1.1967029127039557e-05,30.439669214340867,73.85617242952434,20.0,2.4159197105112773e-06,3.834447511952277e-06,1.3405351333656366e-06,7.590902355828974e-06,0.0,Germany,DEU,baden-wurttemberg,,,Linux-7.0.0-31-generic-x86_64-with-glibc2.43,3.14.4,3.3.0,24,Intel(R) Core(TM) Ultra 9 285K,1,1 x NVIDIA GeForce RTX 5090,9.2986,48.7383,60.81614685058594,machine,0.0,0.0,0.0,0.0,N
gradient_updates_34,2026-09-09T21:00:32,td3_Ant-v5_seed85062,ab2dfa5c-4c35-41cd-be45-2a89ac48995c,3.821956793006393,5.6300755429367945e-05,1.4730900581046055e-05,30.48601034874235,74.09122562414665,20.0,2.9940878952680605e-05,9.661868840615817e-05,2.123083933329331e-05,0.0001477904066921323,0.0,Germany,DEU,baden-wurttemberg,,,Linux-7.0.0-31-generic-x86_64-with-glibc2.43,3.14.4,3.3.0,24,Intel(R) Core(TM) Ultra 9 285K,1,1 x NVIDIA GeForce RTX 5090,9.2986,48.7383,60.81614685058594,machine,0.0,0.0,0.0,0.0,N
rollout_35,2026-09-09T21:00:32,td3_Ant-v5_seed85062,ab2dfa5c-4c35-41cd-be45-2a89ac48995c,0.2494382000004407,3.780008233886332e-06,1.5153659269119433e-05,30.55023234479308,74.27552442702566,20.0,2.4616453026468643e-06,6.0761159719202595e-06,1.3848223555316518e-06,9.922583630098993e-06,0.0,Germany,DEU,baden-wurttemberg,,,Linux-7.0.0-31-generic-x86_64-with-glibc2.43,3.14.4,3.3.0,24,Intel(R) Core(TM) Ultra 9 285K,1,1 x NVIDIA GeForce RTX 5090,9.2986,48.7383,60.81614685058594,machine,0.0,0.0,0.0,0.0,N
gradient_updates_35,2026-09-09T21:00:36,td3_Ant-v5_seed85062,ab2dfa5c-4c35-41cd-be45-2a89ac48995c,3.843157778988825,5.61312195428809e-05,1.460553275154202e-05,30.585597152117195,74.49749999346051,20.0,2.894009065204997e-05,9.705674431215172e-05,2.1348537244436248e-05,0.00014734537220863816,0.0,Germany,DEU,baden-wurttemberg,,,Linux-7.0.0-31-generic-x86_64-with-glibc2.43,3.14.4,3.3.0,24,Intel(R) Core(TM) Ultra 9 285K,1,1 x NVIDIA GeForce RTX 5090,9.2986,48.7383,60.81614685058594,machine,0.0,0.0,0.0,0.0,N
rollout_36,2026-09-09T21:00:36,td3_Ant-v5_seed85062,ab2dfa5c-4c35-41cd-be45-2a89ac48995c,0.24650659400504082,3.5852326887766267e-06,1.4543914939731545e-05,30.557281040254058,74.68626594444702,20.0,1.9630226815274543e-06,6.080004863795452e-06,1.3682670833077993e-06,9.411294628630489e-06,0.0,Germany,DEU,baden-wurttemberg,,,Linux-7.0.0-31-generic-x86_64-with-glibc2.43,3.14.4,3.3.0,24,Intel(R) Core(TM) Ultra 9 285K,1,1 x NVIDIA GeForce RTX 5090,9.2986,48.7383,60.81614685058594,machine,0.0,0.0,0.0,0.0,N
gradient_updates_36,2026-09-09T21:00:40,td3_Ant-v5_seed85062,ab2dfa5c-4c35-41cd-be45-2a89ac48995c,3.8245183139952132,5.65884938652653e-05,1.4796239408905698e-05,30.529344715751698,74.90398020845473,20.0,3.0115744092572977e-05,9.717785552010305e-05,2.1252125194425606e-05,0.00014854572480710142,0.0,Germany,DEU,baden-wurttemberg,,,Linux-7.0.0-31-generic-x86_64-with-glibc2.43,3.14.4,3.3.0,24,Intel(R) Core(TM) Ultra 9 285K,1,1 x NVIDIA GeForce RTX 5090,9.2986,48.7383,60.81614685058594,machine,0.0,0.0,0.0,0.0,N
rollout_37,2026-09-09T21:00:40,td3_Ant-v5_seed85062,ab2dfa5c-4c35-41cd-be45-2a89ac48995c,0.24626238700875547,3.777130098421566e-06,1.5337560541469614e-05,30.606446611985874,75.07403578369616,20.0,2.5203236829231257e-06,6.02778259994885e-06,1.366922194413105e-06,9.915028477284864e-06,0.0,Germany,DEU,baden-wurttemberg,,,Linux-7.0.0-31-generic-x86_64-with-glibc2.43,3.14.4,3.3.0,24,Intel(R) Core(TM) Ultra 9 285K,1,1 x NVIDIA GeForce RTX 5090,9.2986,48.7383,60.81614685058594,machine,0.0,0.0,0.0,0.0,N
gradient_updates_37,2026-09-09T21:00:44,td3_Ant-v5_seed85062,ab2dfa5c-4c35-41cd-be45-2a89ac48995c,3.816493938007625,5.706511142949391e-05,1.4952255549738106e-05,30.658310874466746,75.28969303602696,20.0,3.095611198709533e-05,9.764063366790587e-05,2.1200108077755377e-05,0.00014979685373275702,0.0,Germany,DEU,baden-wurttemberg,,,Linux-7.0.0-31-generic-x86_64-with-glibc2.43,3.14.4,3.3.0,24,Intel(R) Core(TM) Ultra 9 285K,1,1 x NVIDIA GeForce RTX 5090,9.2986,48.7383,60.81614685058594,machine,0.0,0.0,0.0,0.0,N
rollout_38,2026-09-09T21:00:44,td3_Ant-v5_seed85062,ab2dfa5c-4c35-41cd-be45-2a89ac48995c,0.2455336860002717,2.936215806531757e-06,1.1957497472423547e-05,30.727526919986968,75.0557008090698,20.0,2.488992268970258e-06,3.855836417931968e-06,1.362785977835311e-06,7.707614664737537e-06,0.0,Germany,DEU,baden-wurttemberg,,,Linux-7.0.0-31-generic-x86_64-with-glibc2.43,3.14.4,3.3.0,24,Intel(R) Core(TM) Ultra 9 285K,1,1 x NVIDIA GeForce RTX 5090,9.2986,48.7383,60.81614685058594,machine,0.0,0.0,0.0,0.0,N
gradient_updates_38,2026-09-09T21:00:48,td3_Ant-v5_seed85062,ab2dfa5c-4c35-41cd-be45-2a89ac48995c,3.815375525999116,5.7922582535813606e-05,1.5181433087196635e-05,30.773578903020795,75.29222760993385,20.0,3.1009551752066156e-05,9.984369098603452e-05,2.1194486716720083e-05,0.0001520477294548201,0.0,Germany,DEU,baden-wurttemberg,,,Linux-7.0.0-31-generic-x86_64-with-glibc2.43,3.14.4,3.3.0,24,Intel(R) Core(TM) Ultra 9 285K,1,1 x NVIDIA GeForce RTX 5090,9.2986,48.7383,60.81614685058594,machine,0.0,0.0,0.0,0.0,N
rollout_39,2026-09-09T21:00:48,td3_Ant-v5_seed85062,ab2dfa5c-4c35-41cd-be45-2a89ac48995c,0.25013879300968256,2.8825441821529567e-06,1.1523839032388524e-05,30.84460909023433,75.00834248946178,20.0,2.5644384404367726e-06,3.613336224228547e-06,1.388951105521551e-06,7.566725770187521e-06,0.0,Germany,DEU,baden-wurttemberg,,,Linux-7.0.0-31-generic-x86_64-with-glibc2.43,3.14.4,3.3.0,24,Intel(R) Core(TM) Ultra 9 285K,1,1 x NVIDIA GeForce RTX 5090,9.2986,48.7383,60.81614685058594,machine,0.0,0.0,0.0,0.0,N
gradient_updates_39,2026-09-09T21:00:52,td3_Ant-v5_seed85062,ab2dfa5c-4c35-41cd-be45-2a89ac48995c,3.8327173669968033,5.671952232661707e-05,1.4798841706851426e-05,30.88900459264976,75.2072823472004,20.0,3.0170014691553032e-05,9.742896683184732e-05,2.129069514444893e-05,0.0001488896766678495,0.0,Germany,DEU,baden-wurttemberg,,,Linux-7.0.0-31-generic-x86_64-with-glibc2.43,3.14.4,3.3.0,24,Intel(R) Core(TM) Ultra 9 285K,1,1 x NVIDIA GeForce RTX 5090,9.2986,48.7383,60.81614685058594,machine,0.0,0.0,0.0,0.0,N
rollout_40,2026-09-09T21:00:52,td3_Ant-v5_seed85062,ab2dfa5c-4c35-41cd-be45-2a89ac48995c,0.2568117280025035,3.699679823687598e-06,1.4406346934561648e-05,30.87738389545572,75.33741505111541,20.0,2.15072255391191e-06,6.136671576006947e-06,1.4243261055122552e-06,9.711720235431112e-06,0.0,Germany,DEU,baden-wurttemberg,,,Linux-7.0.0-31-generic-x86_64-with-glibc2.43,3.14.4,3.3.0,24,Intel(R) Core(TM) Ultra 9 285K,1,1 x NVIDIA GeForce RTX 5090,9.2986,48.7383,60.81614685058594,machine,0.0,0.0,0.0,0.0,N
gradient_updates_40,2026-09-09T21:00:57,td3_Ant-v5_seed85062,ab2dfa5c-4c35-41cd-be45-2a89ac48995c,4.316124184988439,6.227372393606762e-05,1.4428158844924459e-05,30.85956841395793,75.50023368048664,20.0,3.2583289399940735e-05,0.00010690980775018843,2.397644986671765e-05,0.00016346954701684617,0.0,Germany,DEU,baden-wurttemberg,,,Linux-7.0.0-31-generic-x86_64-with-glibc2.43,3.14.4,3.3.0,24,Intel(R) Core(TM) Ultra 9 285K,1,1 x NVIDIA GeForce RTX 5090,9.2986,48.7383,60.81614685058594,machine,0.0,0.0,0.0,0.0,N
rollout_41,2026-09-09T21:00:57,td3_Ant-v5_seed85062,ab2dfa5c-4c35-41cd-be45-2a89ac48995c,0.26739739200274926,3.584086109267772e-06,1.3403347396920848e-05,30.814500023108895,75.54658742819332,20.0,2.0203449496124237e-06,5.903060277923089e-06,1.4848796110729454e-06,9.408284838608241e-06,0.0,Germany,DEU,baden-wurttemberg,,,Linux-7.0.0-31-generic-x86_64-with-glibc2.43,3.14.4,3.3.0,24,Intel(R) Core(TM) Ultra 9 285K,1,1 x NVIDIA GeForce RTX 5090,9.2986,48.7383,60.81614685058594,machine,0.0,0.0,0.0,0.0,N
gradient_updates_41,2026-09-09T21:01:01,td3_Ant-v5_seed85062,ab2dfa5c-4c35-41cd-be45-2a89ac48995c,4.4189811639953405,6.276803584676777e-05,1.420420331447595e-05,30.76869266265758,75.68990707176334,20.0,3.2189223529134614e-05,0.0001080303642020386,2.4547536161117003e-05,0.00016476712389229022,0.0,Germany,DEU,baden-wurttemberg,,,Linux-7.0.0-31-generic-x86_64-with-glibc2.43,3.14.4,3.3.0,24,Intel(R) Core(TM) Ultra 9 285K,1,1 x NVIDIA GeForce RTX 5090,9.2986,48.7383,60.81614685058594,machine,0.0,0.0,0.0,0.0,N
rollout_42,2026-09-09T21:01:02,td3_Ant-v5_seed85062,ab2dfa5c-4c35-41cd-be45-2a89ac48995c,0.24465038599737454,3.6372201947729166e-06,1.4866072762100798e-05,30.810809559103177,75.79634637070905,20.0,2.375094122295668e-06,5.807504645849448e-06,1.3651639166507856e-06,9.547762684795902e-06,0.0,Germany,DEU,baden-wurttemberg,,,Linux-7.0.0-31-generic-x86_64-with-glibc2.43,3.14.4,3.3.0,24,Intel(R) Core(TM) Ultra 9 285K,1,1 x NVIDIA GeForce RTX 5090,9.2986,48.7383,60.81614685058594,machine,0.0,0.0,0.0,0.0,N
gradient_updates_42,2026-09-09T21:01:06,td3_Ant-v5_seed85062,ab2dfa5c-4c35-41cd-be45-2a89ac48995c,4.427887266007019,6.276853646369979e-05,1.4175754113071e-05,30.832839326643075,75.93345135296038,20.0,3.194177722006669e-05,0.00010822925324993626,2.4597407549946382e-05,0.00016476843801994934,0.0,Germany,DEU,baden-wurttemberg,,,Linux-7.0.0-31-generic-x86_64-with-glibc2.43,3.14.4,3.3.0,24,Intel(R) Core(TM) Ultra 9 285K,1,1 x NVIDIA GeForce RTX 5090,9.2986,48.7383,60.81614685058594,machine,0.0,0.0,0.0,0.0,N
rollout_43,2026-09-09T21:01:06,td3_Ant-v5_seed85062,ab2dfa5c-4c35-41cd-be45-2a89ac48995c,0.24241932699806057,2.852714668652185e-06,1.1768112589324602e-05,30.875202211459847,75.71917100843659,20.0,2.352138270603904e-06,3.796391926158549e-06,1.3398926110919692e-06,7.488422807854639e-06,0.0,Germany,DEU,baden-wurttemberg,,,Linux-7.0.0-31-generic-x86_64-with-glibc2.43,3.14.4,3.3.0,24,Intel(R) Core(TM) Ultra 9 285K,1,1 x NVIDIA GeForce RTX 5090,9.2986,48.7383,60.81614685058594,machine,0.0,0.0,0.0,0.0,N
gradient_updates_43,2026-09-09T21:01:10,td3_Ant-v5_seed85062,ab2dfa5c-4c35-41cd-be45-2a89ac48995c,3.966366526990896,5.8269773609153416e-05,1.469102158001069e-05,30.89522247186257,75.89780524308354,20.0,2.9598997845842884e-05,0.0001013270255059151,2.2033088366717668e-05,0.00015295911171847587,0.0,Germany,DEU,baden-wurttemberg,,,Linux-7.0.0-31-generic-x86_64-with-glibc2.43,3.14.4,3.3.0,24,Intel(R) Core(TM) Ultra 9 285K,1,1 x NVIDIA GeForce RTX 5090,9.2986,48.7383,60.81614685058594,machine,0.0,0.0,0.0,0.0,N
rollout_44,2026-09-09T21:01:10,td3_Ant-v5_seed85062,ab2dfa5c-4c35-41cd-be45-2a89ac48995c,0.2574915180011885,3.5768047014893972e-06,1.3891164213413297e-05,30.869841606416106,75.97042801230633,20.0,2.058576646861432e-06,5.9016713880311045e-06,1.4289229888365517e-06,9.389171023728438e-06,0.0,Germany,DEU,baden-wurttemberg,,,Linux-7.0.0-31-generic-x86_64-with-glibc2.43,3.14.4,3.3.0,24,Intel(R) Core(TM) Ultra 9 285K,1,1 x NVIDIA GeForce RTX 5090,9.2986,48.7383,60.81614685058594,machine,0.0,0.0,0.0,0.0,N
gradient_updates_44,2026-09-09T21:01:14,td3_Ant-v5_seed85062,ab2dfa5c-4c35-41cd-be45-2a89ac48995c,3.928951670008246,5.695733333002835e-05,1.4496858797594358e-05,30.836501727099478,76.13900675284444,20.0,2.7730358850935194e-05,9.996841330806028e-05,2.1815162294418254e-05,0.00014951393445341438,0.0,Germany,DEU,baden-wurttemberg,,,Linux-7.0.0-31-generic-x86_64-with-glibc2.43,3.14.4,3.3.0,24,Intel(R) Core(TM) Ultra 9 285K,1,1 x NVIDIA GeForce RTX 5090,9.2986,48.7383,60.81614685058594,machine,0.0,0.0,0.0,0.0,N
rollout_45,2026-09-09T21:01:15,td3_Ant-v5_seed85062,ab2dfa5c-4c35-41cd-be45-2a89ac48995c,0.26633076700090896,3.57996946084415e-06,1.3442087787928847e-05,30.802766679584053,76.17184092568174,20.0,2.0620860941081287e-06,5.857226908156932e-06,1.4781655666917196e-06,9.397478568956563e-06,0.0,Germany,DEU,baden-wurttemberg,,,Linux-7.0.0-31-generic-x86_64-with-glibc2.43,3.14.4,3.3.0,24,Intel(R) Core(TM) Ultra 9 285K,1,1 x NVIDIA GeForce RTX 5090,9.2986,48.7383,60.81614685058594,machine,0.0,0.0,0.0,0.0,N
gradient_updates_45,2026-09-09T21:01:19,td3_Ant-v5_seed85062,ab2dfa5c-4c35-41cd-be45-2a89ac48995c,3.912863081000978,5.709204556794646e-05,1.459089244502568e-05,30.764361865492493,76.34116262370868,20.0,2.7861957289546796e-05,0.00010026924688188998,2.1736352116648837e-05,0.00014986755628808648,0.0,Germany,DEU,baden-wurttemberg,,,Linux-7.0.0-31-generic-x86_64-with-glibc2.43,3.14.4,3.3.0,24,Intel(R) Core(TM) Ultra 9 285K,1,1 x NVIDIA GeForce RTX 5090,9.2986,48.7383,60.81614685058594,machine,0.0,0.0,0.0,0.0,N
rollout_46,2026-09-09T21:01:19,td3_Ant-v5_seed85062,ab2dfa5c-4c35-41cd-be45-2a89ac48995c,0.2541752179968171,2.7772734518252337e-06,1.0925842130392057e-05,30.737901663258445,76.11761476268408,20.0,2.008222717689301e-06,3.871669763899632e-06,1.4104958943790286e-06,7.290388375968612e-06,0.0,Germany,DEU,baden-wurttemberg,,,Linux-7.0.0-31-generic-x86_64-with-glibc2.43,3.14.4,3.3.0,24,Intel(R) Core(TM) Ultra 9 285K,1,1 x NVIDIA GeForce RTX 5090,9.2986,48.7383,60.81614685058594,machine,0.0,0.0,0.0,0.0,N
gradient_updates_46,2026-09-09T21:01:23,td3_Ant-v5_seed85062,ab2dfa5c-4c35-41cd-be45-2a89ac48995c,3.8492807220027316,5.822878174075287e-05,1.512720514217867e-05,30.714063417462203,76.30109314559786,20.0,3.1056412900663105e-05,0.00010041202477406586,2.138306971666889e-05,0.00015285150739139698,0.0,Germany,DEU,baden-wurttemberg,,,Linux-7.0.0-31-generic-x86_64-with-glibc2.43,3.14.4,3.3.0,24,Intel(R) Core(TM) Ultra 9 285K,1,1 x NVIDIA GeForce RTX 5090,9.2986,48.7383,60.81614685058594,machine,0.0,0.0,0.0,0.0,N
rollout_47,2026-09-09T21:01:23,td3_Ant-v5_seed85062,ab2dfa5c-4c35-41cd-be45-2a89ac48995c,0.24681147700175643,2.942518593224055e-06,1.1921713079782211e-05,30.766313269461552,76.09973273440222,20.0,2.4772430929041744e-06,3.876669768088092e-06,1.370246722217413e-06,7.724159583210113e-06,0.0,Germany,DEU,baden-wurttemberg,,,Linux-7.0.0-31-generic-x86_64-with-glibc2.43,3.14.4,3.3.0,24,Intel(R) Core(TM) Ultra 9 285K,1,1 x NVIDIA GeForce RTX 5090,9.2986,48.7383,60.81614685058594,machine,0.0,0.0,0.0,0.0,N
gradient_updates_47,2026-09-09T21:01:27,td3_Ant-v5_seed85062,ab2dfa5c-4c35-41cd-be45-2a89ac48995c,3.8984994049969828,5.747153014210721e-05,1.4741977597822577e-05,30.795099418322227,76.2638375507053,20.0,2.9211510035855037e-05,9.999591332987556e-05,2.165628615548483e-05,0.00015086370952121543,0.0,Germany,DEU,baden-wurttemberg,,,Linux-7.0.0-31-generic-x86_64-with-glibc2.43,3.14.4,3.3.0,24,Intel(R) Core(TM) Ultra 9 285K,1,1 x NVIDIA GeForce RTX 5090,9.2986,48.7383,60.81614685058594,machine,0.0,0.0,0.0,0.0,N
rollout_48,2026-09-09T21:01:27,td3_Ant-v5_seed85062,ab2dfa5c-4c35-41cd-be45-2a89ac48995c,0.2506548639939865,3.871862484762338e-06,1.544680408353353e-05,30.849673735250224,76.39616942786283,20.0,2.544602035674942e-06,6.227782759937739e-06,1.3913177500297393e-06,1.0163702545641987e-05,0.0,Germany,DEU,baden-wurttemberg,,,Linux-7.0.0-31-generic-x86_64-with-glibc2.43,3.14.4,3.3.0,24,Intel(R) Core(TM) Ultra 9 285K,1,1 x NVIDIA GeForce RTX 5090,9.2986,48.7383,60.81614685058594,machine,0.0,0.0,0.0,0.0,N
gradient_updates_48,2026-09-09T21:01:31,td3_Ant-v5_seed85062,ab2dfa5c-4c35-41cd-be45-2a89ac48995c,3.8546751190006034,5.746244838246298e-05,1.490727448437324e-05,30.885273131226942,76.54871721116074,20.0,3.110161293682842e-05,9.83192453218873e-05,2.141901149443578e-05,0.00015083986975315128,0.0,Germany,DEU,baden-wurttemberg,,,Linux-7.0.0-31-generic-x86_64-with-glibc2.43,3.14.4,3.3.0,24,Intel(R) Core(TM) Ultra 9 285K,1,1 x NVIDIA GeForce RTX 5090,9.2986,48.7383,60.81614685058594,machine,0.0,0.0,0.0,0.0,N
rollout_49,2026-09-09T21:01:31,td3_Ant-v5_seed85062,ab2dfa5c-4c35-41cd-be45-2a89ac48995c,0.24571488299989142,2.866554725595126e-06,1.1666055397930961e-05,30.93050846943092,76.33254499294787,20.0,2.443063343338797e-06,3.7177807521437956e-06,1.3639090889127573e-06,7.524753184395133e-06,0.0,Germany,DEU,baden-wurttemberg,,,Linux-7.0.0-31-generic-x86_64-with-glibc2.43,3.14.4,3.3.0,24,Intel(R) Core(TM) Ultra 9 285K,1,1 x NVIDIA GeForce RTX 5090,9.2986,48.7383,60.81614685058594,machine,0.0,0.0,0.0,0.0,N
gradient_updates_49,2026-09-09T21:01:35,td3_Ant-v5_seed85062,ab2dfa5c-4c35-41cd-be45-2a89ac48995c,3.8437926640035585,5.712795083539753e-05,1.4862448609273967e-05,30.957757954007835,76.48460506102462,20.0,3.0393199314537184e-05,9.821646746188684e-05,2.135214142779448e-05,0.00014996180820421937,0.0,Germany,DEU,baden-wurttemberg,,,Linux-7.0.0-31-generic-x86_64-with-glibc2.43,3.14.4,3.3.0,24,Intel(R) Core(TM) Ultra 9 285K,1,1 x NVIDIA GeForce RTX 5090,9.2986,48.7383,60.81614685058594,machine,0.0,0.0,0.0,0.0,N
rollout_50,2026-09-09T21:01:35,td3_Ant-v5_seed85062,ab2dfa5c-4c35-41cd-be45-2a89ac48995c,0.24816372701025102,3.855480130087255e-06,1.5534664215221325e-05,31.009319171833372,76.62346428260689,20.0,2.525579520459148e-06,6.226116092022949e-06,1.369002983362018e-06,1.0120698595844982e-05,0.0,Germany,DEU,baden-wurttemberg,,,Linux-7.0.0-31-generic-x86_64-with-glibc2.43,3.14.4,3.3.0,24,Intel(R) Core(TM) Ultra 9 285K,1,1 x NVIDIA GeForce RTX 5090,9.2986,48.7383,60.81614685058594,machine,0.0,0.0,0.0,0.0,N
gradient_updates_50,2026-09-09T21:01:39,td3_Ant-v5_seed85062,ab2dfa5c-4c35-41cd-be45-2a89ac48995c,3.910584088996984,5.864727251394088e-05,1.499707849690357e-05,31.041993863178845,76.77865486144937,20.0,3.1301095874188e-05,0.0001009259140738461,2.1723042588887896e-05,0.00015395005253692265,0.0,Germany,DEU,baden-wurttemberg,,,Linux-7.0.0-31-generic-x86_64-with-glibc2.43,3.14.4,3.3.0,24,Intel(R) Core(TM) Ultra 9 285K,1,1 x NVIDIA GeForce RTX 5090,9.2986,48.7383,60.81614685058594,machine,0.0,0.0,0.0,0.0,N
rollout_51,2026-09-09T21:01:39,td3_Ant-v5_seed85062,ab2dfa5c-4c35-41cd-be45-2a89ac48995c,0.23810620700533036,2.9624097253860143e-06,1.2441830257496676e-05,31.088421457505106,76.63377540571892,20.0,2.398473863220174e-06,4.057225468256931e-06,1.3206748000003498e-06,7.776374131476804e-06,0.0,Germany,DEU,baden-wurttemberg,,,Linux-7.0.0-31-generic-x86_64-with-glibc2.43,3.14.4,3.3.0,24,Intel(R) Core(TM) Ultra 9 285K,1,1 x NVIDIA GeForce RTX 5090,9.2986,48.7383,60.81614685058594,machine,0.0,0.0,0.0,0.0,N
gradient_updates_51,2026-09-09T21:01:43,td3_Ant-v5_seed85062,ab2dfa5c-4c35-41cd-be45-2a89ac48995c,3.8818239819956943,5.708350178581243e-05,1.4705361589336209e-05,31.11005274122678,76.78900425449591,20.0,2.7749890255449744e-05,0.00010053230264772672,2.1562935816635048e-05,0.00014984512871981173,0.0,Germany,DEU,baden-wurttemberg,,,Linux-7.0.0-31-generic-x86_64-with-glibc2.43,3.14.4,3.3.0,24,Intel(R) Core(TM) Ultra 9 285K,1,1 x NVIDIA GeForce RTX 5090,9.2986,48.7383,60.81614685058594,machine,0.0,0.0,0.0,0.0,N
rollout_52,2026-09-09T21:01:44,td3_Ant-v5_seed85062,ab2dfa5c-4c35-41cd-be45-2a89ac48995c,0.2484873270004755,3.591640703606326e-06,1.4454083736948367e-05,31.08388954339051,76.89413723858378,20.0,1.968278519066946e-06,6.080560420285153e-06,1.379276833338508e-06,9.428115772690607e-06,0.0,Germany,DEU,baden-wurttemberg,,,Linux-7.0.0-31-generic-x86_64-with-glibc2.43,3.14.4,3.3.0,24,Intel(R) Core(TM) Ultra 9 285K,1,1 x NVIDIA GeForce RTX 5090,9.2986,48.7383,60.81614685058594,machine,0.0,0.0,0.0,0.0,N
gradient_updates_52,2026-09-09T21:01:47,td3_Ant-v5_seed85062,ab2dfa5c-4c35-41cd-be45-2a89ac48995c,3.9003047549922485,5.701924209805271e-05,1.4619205211740331e-05,31.051131008853094,77.04140226587327,20.0,2.7316134352892846e-05,0.00010069369166565423,2.1666619966627994e-05,0.0001496764459851755,0.0,Germany,DEU,baden-wurttemberg,,,Linux-7.0.0-31-generic-x86_64-with-glibc2.43,3.14.4,3.3.0,24,Intel(R) Core(TM) Ultra 9 285K,1,1 x NVIDIA GeForce RTX 5090,9.2986,48.7383,60.81614685058594,machine,0.0,0.0,0.0,0.0,N
rollout_53,2026-09-09T21:01:48,td3_Ant-v5_seed85062,ab2dfa5c-4c35-41cd-be45-2a89ac48995c,0.2512878080015071,2.7883674977901077e-06,1.1096623144917426e-05,31.030548831070412,76.84905037525368,20.0,2.025668564980404e-06,3.898892008136201e-06,1.3949498555221925e-06,7.3195104286390145e-06,0.0,Germany,DEU,baden-wurttemberg,,,Linux-7.0.0-31-generic-x86_64-with-glibc2.43,3.14.4,3.3.0,24,Intel(R) Core(TM) Ultra 9 285K,1,1 x NVIDIA GeForce RTX 5090,9.2986,48.7383,60.81614685058594,machine,0.0,0.0,0.0,0.0,N
gradient_updates_53,2026-09-09T21:01:52,td3_Ant-v5_seed85062,ab2dfa5c-4c35-41cd-be45-2a89ac48995c,3.840766173991142,5.8246881990668947e-05,1.516545866196451e-05,31.00995429545901,77.00971464246194,20.0,3.0548567494390055e-05,0.00010101369192216936,2.133676142782666e-05,0.00015289902084438672,0.0,Germany,DEU,baden-wurttemberg,,,Linux-7.0.0-31-generic-x86_64-with-glibc2.43,3.14.4,3.3.0,24,Intel(R) Core(TM) Ultra 9 285K,1,1 x NVIDIA GeForce RTX 5090,9.2986,48.7383,60.81614685058594,machine,0.0,0.0,0.0,0.0,N
rollout_54,2026-09-09T21:01:52,td3_Ant-v5_seed85062,ab2dfa5c-4c35-41cd-be45-2a89ac48995c,0.24208260199520737,2.9358426885282493e-06,1.2126638649984404e-05,31.054270726129378,76.84370177985798,20.0,2.438672228714106e-06,3.924725361814652e-06,1.3432376333286002e-06,7.706635223857575e-06,0.0,Germany,DEU,baden-wurttemberg,,,Linux-7.0.0-31-generic-x86_64-with-glibc2.43,3.14.4,3.3.0,24,Intel(R) Core(TM) Ultra 9 285K,1,1 x NVIDIA GeForce RTX 5090,9.2986,48.7383,60.81614685058594,machine,0.0,0.0,0.0,0.0,N
gradient_updates_54,2026-09-09T21:01:56,td3_Ant-v5_seed85062,ab2dfa5c-4c35-41cd-be45-2a89ac48995c,3.826551820995519,5.8316910659962466e-05,1.5240122026066255e-05,31.08267651563756,77.00331420865727,20.0,3.098588367757629e-05,0.00010084091400597295,2.1256049566646673e-05,0.00015308284725019591,0.0,Germany,DEU,baden-wurttemberg,,,Linux-7.0.0-31-generic-x86_64-with-glibc2.43,3.14.4,3.3.0,24,Intel(R) Core(TM) Ultra 9 285K,1,1 x NVIDIA GeForce RTX 5090,9.2986,48.7383,60.81614685058594,machine,0.0,0.0,0.0,0.0,N
rollout_55,2026-09-09T21:01:56,td3_Ant-v5_seed85062,ab2dfa5c-4c35-41cd-be45-2a89ac48995c,0.24635158501041587,2.901451414667397e-06,1.1777615009210392e-05,31.12753570315916,76.8087899294374,20.0,2.4980628317849973e-06,3.750558556170347e-06,1.3677361777807932e-06,7.616357565735921e-06,0.0,Germany,DEU,baden-wurttemberg,,,Linux-7.0.0-31-generic-x86_64-with-glibc2.43,3.14.4,3.3.0,24,Intel(R) Core(TM) Ultra 9 285K,1,1 x NVIDIA GeForce RTX 5090,9.2986,48.7383,60.81614685058594,machine,0.0,0.0,0.0,0.0,N
gradient_updates_55,2026-09-09T21:02:00,td3_Ant-v5_seed85062,ab2dfa5c-4c35-41cd-be45-2a89ac48995c,3.88136754099105,5.735480156516832e-05,1.477698916300122e-05,31.149954220684915,76.95313404500574,20.0,2.8297510137990922e-05,0.0001006992472258883,2.1560537727782552e-05,0.000150557295091662,0.0,Germany,DEU,baden-wurttemberg,,,Linux-7.0.0-31-generic-x86_64-with-glibc2.43,3.14.4,3.3.0,24,Intel(R) Core(TM) Ultra 9 285K,1,1 x NVIDIA GeForce RTX 5090,9.2986,48.7383,60.81614685058594,machine,0.0,0.0,0.0,0.0,N
rollout_56,2026-09-09T21:02:00,td3_Ant-v5_seed85062,ab2dfa5c-4c35-41cd-be45-2a89ac48995c,0.2514011169987498,2.7862004301536583e-06,1.1082993197418187e-05,31.129367462358836,76.77074092028532,20.0,2.024617453025984e-06,3.8938920041697855e-06,1.3953123833441907e-06,7.313821840540177e-06,0.0,Germany,DEU,baden-wurttemberg,,,Linux-7.0.0-31-generic-x86_64-with-glibc2.43,3.14.4,3.3.0,24,Intel(R) Core(TM) Ultra 9 285K,1,1 x NVIDIA GeForce RTX 5090,9.2986,48.7383,60.81614685058594,machine,0.0,0.0,0.0,0.0,N
gradient_updates_56,2026-09-09T21:02:04,td3_Ant-v5_seed85062,ab2dfa5c-4c35-41cd-be45-2a89ac48995c,3.8017333460011287,5.7347704318538514e-05,1.508464194728725e-05,31.10964611931076,76.91410155737432,20.0,3.0643629514885e-05,9.877674568792294e-05,2.1118289500009343e-05,0.0001505386647028175,0.0,Germany,DEU,baden-wurttemberg,,,Linux-7.0.0-31-generic-x86_64-with-glibc2.43,3.14.4,3.3.0,24,Intel(R) Core(TM) Ultra 9 285K,1,1 x NVIDIA GeForce RTX 5090,9.2986,48.7383,60.81614685058594,machine,0.0,0.0,0.0,0.0,N
rollout_57,2026-09-09T21:02:04,td3_Ant-v5_seed85062,ab2dfa5c-4c35-41cd-be45-2a89ac48995c,0.24169407799490727,3.804295012070809e-06,1.5740407761269765e-05,31.14792258729889,77.04967981322386,20.0,2.411664429328303e-06,6.2333383197277215e-06,1.3413340722359928e-06,9.986336821291367e-06,0.0,Germany,DEU,baden-wurttemberg,,,Linux-7.0.0-31-generic-x86_64-with-glibc2.43,3.14.4,3.3.0,24,Intel(R) Core(TM) Ultra 9 285K,1,1 x NVIDIA GeForce RTX 5090,9.2986,48.7383,60.81614685058594,machine,0.0,0.0,0.0,0.0,N
gradient_updates_57,2026-09-09T21:02:08,td3_Ant-v5_seed85062,ab2dfa5c-4c35-41cd-be45-2a89ac48995c,3.806800196005497,5.7649858718320304e-05,1.5143951676252943e-05,31.17182173174954,77.1922541319629,20.0,3.077612656532738e-05,9.940896841631464e-05,2.114672997785322e-05,0.0001513318249594959,0.0,Germany,DEU,baden-wurttemberg,,,Linux-7.0.0-31-generic-x86_64-with-glibc2.43,3.14.4,3.3.0,24,Intel(R) Core(TM) Ultra 9 285K,1,1 x NVIDIA GeForce RTX 5090,9.2986,48.7383,60.81614685058594,machine,0.0,0.0,0.0,0.0,N
rollout_58,2026-09-09T21:02:08,td3_Ant-v5_seed85062,ab2dfa5c-4c35-41cd-be45-2a89ac48995c,0.2421074040030362,3.0407870690862815e-06,1.2558792227544863e-05,31.220742520278804,77.06099529331586,20.0,2.511812565005045e-06,4.127225524008793e-06,1.3430778555629293e-06,7.982115944576984e-06,0.0,Germany,DEU,baden-wurttemberg,,,Linux-7.0.0-31-generic-x86_64-with-glibc2.43,3.14.4,3.3.0,24,Intel(R) Core(TM) Ultra 9 285K,1,1 x NVIDIA GeForce RTX 5090,9.2986,48.7383,60.81614685058594,machine,0.0,0.0,0.0,0.0,N
gradient_updates_58,2026-09-09T21:02:12,td3_Ant-v5_seed85062,ab2dfa5c-4c35-41cd-be45-2a89ac48995c,3.813914038997609,5.8509097636008645e-05,1.5340982625353927e-05,31.25236624903053,77.21674172311623,20.0,3.080479603270736e-05,0.00010159647016605433,2.1186075016642715e-05,0.00015358734121540506,0.0,Germany,DEU,baden-wurttemberg,,,Linux-7.0.0-31-generic-x86_64-with-glibc2.43,3.14.4,3.3.0,24,Intel(R) Core(TM) Ultra 9 285K,1,1 x NVIDIA GeForce RTX 5090,9.2986,48.7383,60.81614685058594,machine,0.0,0.0,0.0,0.0,N
rollout_59,2026-09-09T21:02:12,td3_Ant-v5_seed85062,ab2dfa5c-4c35-41cd-be45-2a89ac48995c,0.24475988000631332,2.893009272989834e-06,1.1820010413750093e-05,31.29006657004099,77.03966372877088,20.0,2.457491410434026e-06,3.778336356008438e-06,1.358369038886604e-06,7.594196805328635e-06,0.0,Germany,DEU,baden-wurttemberg,,,Linux-7.0.0-31-generic-x86_64-with-glibc2.43,3.14.4,3.3.0,24,Intel(R) Core(TM) Ultra 9 285K,1,1 x NVIDIA GeForce RTX 5090,9.2986,48.7383,60.81614685058594,machine,0.0,0.0,0.0,0.0,N
gradient_updates_59,2026-09-09T21:02:16,td3_Ant-v5_seed85062,ab2dfa5c-4c35-41cd-be45-2a89ac48995c,3.8555307839997113,5.814380344854996e-05,1.5080680147449664e-05,31.31070417539872,77.18366856388884,20.0,2.974388823953275e-05,0.00010146758117390853,2.1416968566740713e-05,0.00015262843798018177,0.0,Germany,DEU,baden-wurttemberg,,,Linux-7.0.0-31-generic-x86_64-with-glibc2.43,3.14.4,3.3.0,24,Intel(R) Core(TM) Ultra 9 285K,1,1 x NVIDIA GeForce RTX 5090,9.2986,48.7383,60.81614685058594,machine,0.0,0.0,0.0,0.0,N
rollout_60,2026-09-09T21:02:16,td3_Ant-v5_seed85062,ab2dfa5c-4c35-41cd-be45-2a89ac48995c,0.25028165099502075,2.971449016412643e-06,1.1872919741914795e-05,31.359170034251786,77.00235261691806,20.0,2.6153859811958724e-06,3.796947481982116e-06,1.3877689555455517e-06,7.800102418723323e-06,0.0,Germany,DEU,baden-wurttemberg,,,Linux-7.0.0-31-generic-x86_64-with-glibc2.43,3.14.4,3.3.0,24,Intel(R) Core(TM) Ultra 9 285K,1,1 x NVIDIA GeForce RTX 5090,9.2986,48.7383,60.81614685058594,machine,0.0,0.0,0.0,0.0,N
gradient_updates_60,2026-09-09T21:02:20,td3_Ant-v5_seed85062,ab2dfa5c-4c35-41cd-be45-2a89ac48995c,3.856837697996525,5.903137681624159e-05,1.5305671121339047e-05,31.39106477502056,77.14801614472852,20.0,3.153821689722003e-05,0.00010199535937394089,2.1424756361051837e-05,0.00015495833263221362,0.0,Germany,DEU,baden-wurttemberg,,,Linux-7.0.0-31-generic-x86_64-with-glibc2.43,3.14.4,3.3.0,24,Intel(R) Core(TM) Ultra 9 285K,1,1 x NVIDIA GeForce RTX 5090,9.2986,48.7383,60.81614685058594,machine,0.0,0.0,0.0,0.0,N
rollout_61,2026-09-09T21:02:20,td3_Ant-v5_seed85062,ab2dfa5c-4c35-41cd-be45-2a89ac48995c,0.2523668500070926,2.81507721085119e-06,1.1154874839987598e-05,31.373922629370178,76.98025612340079,20.0,2.065409152329084e-06,3.9236142501675175e-06,1.400600461137335e-06,7.38962386363437e-06,0.0,Germany,DEU,baden-wurttemberg,,,Linux-7.0.0-31-generic-x86_64-with-glibc2.43,3.14.4,3.3.0,24,Intel(R) Core(TM) Ultra 9 285K,1,1 x NVIDIA GeForce RTX 5090,9.2986,48.7383,60.81614685058594,machine,0.0,0.0,0.0,0.0,N
gradient_updates_61,2026-09-09T21:02:24,td3_Ant-v5_seed85062,ab2dfa5c-4c35-41cd-be45-2a89ac48995c,3.8572747569996864,5.852467373370154e-05,1.5172576711365408e-05,31.35630298650977,77.11840640766745,20.0,3.0929544743617254e-05,0.00010127174768381764,2.1426936299960477e-05,0.0001536282287273958,0.0,Germany,DEU,baden-wurttemberg,,,Linux-7.0.0-31-generic-x86_64-with-glibc2.43,3.14.4,3.3.0,24,Intel(R) Core(TM) Ultra 9 285K,1,1 x NVIDIA GeForce RTX 5090,9.2986,48.7383,60.81614685058594,machine,0.0,0.0,0.0,0.0,N
rollout_62,2026-09-09T21:02:25,td3_Ant-v5_seed85062,ab2dfa5c-4c35-41cd-be45-2a89ac48995c,0.2518353650084464,3.087769600588694e-06,1.2260243094644198e-05,31.397804174103296,76.97654521529215,20.0,2.5856651240906137e-06,4.121947742019572e-06,1.3978329944722145e-06,8.1054458605824e-06,0.0,Germany,DEU,baden-wurttemberg,,,Linux-7.0.0-31-generic-x86_64-with-glibc2.43,3.14.4,3.3.0,24,Intel(R) Core(TM) Ultra 9 285K,1,1 x NVIDIA GeForce RTX 5090,9.2986,48.7383,60.81614685058594,machine,0.0,0.0,0.0,0.0,N
gradient_updates_62,2026-09-09T21:02:28,td3_Ant-v5_seed85062,ab2dfa5c-4c35-41cd-be45-2a89ac48995c,3.860183999000583,5.798892942944153e-05,1.5022356245890619e-05,31.423682600195484,77.10087704840318,20.0,3.1046850948571875e-05,9.97314686739248e-05,2.144357151660694e-05,0.00015222189113910274,0.0,Germany,DEU,baden-wurttemberg,,,Linux-7.0.0-31-generic-x86_64-with-glibc2.43,3.14.4,3.3.0,24,Intel(R) Core(TM) Ultra 9 285K,1,1 x NVIDIA GeForce RTX 5090,9.2986,48.7383,60.81614685058594,machine,0.0,0.0,0.0,0.0,N
rollout_63,2026-09-09T21:02:29,td3_Ant-v5_seed85062,ab2dfa5c-4c35-41cd-be45-2a89ac48995c,0.24387852700601798,3.7853585340037743e-06,1.552192793654199e-05,31.473519979114947,77.1883308291683,20.0,2.590768183725195e-06,5.9927825719618966e-06,1.3530775000011527e-06,9.936628255687377e-06,0.0,Germany,DEU,baden-wurttemberg,,,Linux-7.0.0-31-generic-x86_64-with-glibc2.43,3.14.4,3.3.0,24,Intel(R) Core(TM) Ultra 9 285K,1,1 x NVIDIA GeForce RTX 5090,9.2986,48.7383,60.81614685058594,machine,0.0,0.0,0.0,0.0,N
gradient_updates_63,2026-09-09T21:02:33,td3_Ant-v5_seed85062,ab2dfa5c-4c35-41cd-be45-2a89ac48995c,3.926111357010086,5.800145460644734e-05,1.4773283853455286e-05,31.50073290868751,77.31024724961128,20.0,2.8856252251650838e-05,0.00010158924793812751,2.180926974445661e-05,0.0001522547699342354,0.0,Germany,DEU,baden-wurttemberg,,,Linux-7.0.0-31-generic-x86_64-with-glibc2.43,3.14.4,3.3.0,24,Intel(R) Core(TM) Ultra 9 285K,1,1 x NVIDIA GeForce RTX 5090,9.2986,48.7383,60.81614685058594,machine,0.0,0.0,0.0,0.0,N
rollout_64,2026-09-09T21:02:33,td3_Ant-v5_seed85062,ab2dfa5c-4c35-41cd-be45-2a89ac48995c,0.24100044499209616,2.948199513958319e-06,1.2233241834861247e-05,31.537111855711593,77.17193381612431,20.0,2.4505741826816307e-06,3.950836493959997e-06,1.337661416699748e-06,7.739072093341376e-06,0.0,Germany,DEU,baden-wurttemberg,,,Linux-7.0.0-31-generic-x86_64-with-glibc2.43,3.14.4,3.3.0,24,Intel(R) Core(TM) Ultra 9 285K,1,1 x NVIDIA GeForce RTX 5090,9.2986,48.7383,60.81614685058594,machine,0.0,0.0,0.0,0.0,N
gradient_updates_64,2026-09-09T21:02:37,td3_Ant-v5_seed85062,ab2dfa5c-4c35-41cd-be45-2a89ac48995c,3.857370010999148,5.8761716175303146e-05,1.5233685851645575e-05,31.55942131735393,77.30484600801516,20.0,3.120555885331722e-05,0.00010161813685005683,2.1426773322228906e-05,0.00015425046902560295,0.0,Germany,DEU,baden-wurttemberg,,,Linux-7.0.0-31-generic-x86_64-with-glibc2.43,3.14.4,3.3.0,24,Intel(R) Core(TM) Ultra 9 285K,1,1 x NVIDIA GeForce RTX 5090,9.2986,48.7383,60.81614685058594,machine,0.0,0.0,0.0,0.0,N
rollout_65,2026-09-09T21:02:37,td3_Ant-v5_seed85062,ab2dfa5c-4c35-41cd-be45-2a89ac48995c,0.2418749179923907,2.975664766004943e-06,1.2302567250514723e-05,31.60390793962553,77.16449938085209,20.0,2.542126755922941e-06,3.9269475857750535e-06,1.3420944888721184e-06,7.811168830569246e-06,0.0,Germany,DEU,baden-wurttemberg,,,Linux-7.0.0-31-generic-x86_64-with-glibc2.43,3.14.4,3.3.0,24,Intel(R) Core(TM) Ultra 9 285K,1,1 x NVIDIA GeForce RTX 5090,9.2986,48.7383,60.81614685058594,machine,0.0,0.0,0.0,0.0,N
gradient_updates_65,2026-09-09T21:02:41,td3_Ant-v5_seed85062,ab2dfa5c-4c35-41cd-be45-2a89ac48995c,3.82401872400078,5.877960922818018e-05,1.5371180302903313e-05,31.63227121322455,77.30463827919536,20.0,3.100114230089254e-05,0.00010205397053208998,2.124232574998242e-05,0.0001542974385829645,0.0,Germany,DEU,baden-wurttemberg,,,Linux-7.0.0-31-generic-x86_64-with-glibc2.43,3.14.4,3.3.0,24,Intel(R) Core(TM) Ultra 9 285K,1,1 x NVIDIA GeForce RTX 5090,9.2986,48.7383,60.81614685058594,machine,0.0,0.0,0.0,0.0,N
rollout_66,2026-09-09T21:02:41,td3_Ant-v5_seed85062,ab2dfa5c-4c35-41cd-be45-2a89ac48995c,0.2391230799985351,2.868234367693276e-06,1.1993690962657997e-05,31.663003178523876,77.15746898513729,20.0,2.3988638635369375e-06,3.80305859781771e-06,1.3272398111034527e-06,7.529162272458534e-06,0.0,Germany,DEU,baden-wurttemberg,,,Linux-7.0.0-31-generic-x86_64-with-glibc2.43,3.14.4,3.3.0,24,Intel(R) Core(TM) Ultra 9 285K,1,1 x NVIDIA GeForce RTX 5090,9.2986,48.7383,60.81614685058594,machine,0.0,0.0,0.0,0.0,N
gradient_updates_66,2026-09-09T21:02:45,td3_Ant-v5_seed85062,ab2dfa5c-4c35-41cd-be45-2a89ac48995c,3.8239062759967055,5.784611059983687e-05,1.5127556989788743e-05,31.680554480465837,77.28128735359977,20.0,3.064283284758343e-05,9.99631355262931e-05,2.124102099438068e-05,0.00015184698936825634,0.0,Germany,DEU,baden-wurttemberg,,,Linux-7.0.0-31-generic-x86_64-with-glibc2.43,3.14.4,3.3.0,24,Intel(R) Core(TM) Ultra 9 285K,1,1 x NVIDIA GeForce RTX 5090,9.2986,48.7383,60.81614685058594,machine,0.0,0.0,0.0,0.0,N
rollout_67,2026-09-09T21:02:45,td3_Ant-v5_seed85062,ab2dfa5c-4c35-41cd-be45-2a89ac48995c,0.24375654400500935,3.849027511978152e-06,1.5790795810497913e-05,31.717401161909507,77.38977072381473,20.0,2.50969339664342e-06,6.241393881945001e-06,1.3526730888568234e-06,1.0103760367445244e-05,0.0,Germany,DEU,baden-wurttemberg,,,Linux-7.0.0-31-generic-x86_64-with-glibc2.43,3.14.4,3.3.0,24,Intel(R) Core(TM) Ultra 9 285K,1,1 x NVIDIA GeForce RTX 5090,9.2986,48.7383,60.81614685058594,machine,0.0,0.0,0.0,0.0,N
gradient_updates_67,2026-09-09T21:02:49,td3_Ant-v5_seed85062,ab2dfa5c-4c35-41cd-be45-2a89ac48995c,3.8045285580010386,5.7927275741320554e-05,1.5225932277623692e-05,31.739099026920464,77.51821007922672,20.0,3.028008116848918e-05,0.00010064591384995047,2.1134054177835305e-05,0.00015206004919627453,0.0,Germany,DEU,baden-wurttemberg,,,Linux-7.0.0-31-generic-x86_64-with-glibc2.43,3.14.4,3.3.0,24,Intel(R) Core(TM) Ultra 9 285K,1,1 x NVIDIA GeForce RTX 5090,9.2986,48.7383,60.81614685058594,machine,0.0,0.0,0.0,0.0,N
rollout_68,2026-09-09T21:02:49,td3_Ant-v5_seed85062,ab2dfa5c-4c35-41cd-be45-2a89ac48995c,0.2523572320060339,2.85592586434652e-06,1.1316944203898759e-05,31.72360096085075,77.37299992162833,20.0,2.089484171588496e-06,4.006669872103075e-06,1.4006982055436538e-06,7.496852249235658e-06,0.0,Germany,DEU,baden-wurttemberg,,,Linux-7.0.0-31-generic-x86_64-with-glibc2.43,3.14.4,3.3.0,24,Intel(R) Core(TM) Ultra 9 285K,1,1 x NVIDIA GeForce RTX 5090,9.2986,48.7383,60.81614685058594,machine,0.0,0.0,0.0,0.0,N
gradient_updates_68,2026-09-09T21:02:53,td3_Ant-v5_seed85062,ab2dfa5c-4c35-41cd-be45-2a89ac48995c,3.7828952060081065,5.8096944770563534e-05,1.5357712451150774e-05,31.708189519104774,77.502475030973,20.0,3.1009958419057904e-05,0.00010048119149597134,2.101428326665598e-05,0.00015250543318168566,0.0,Germany,DEU,baden-wurttemberg,,,Linux-7.0.0-31-generic-x86_64-with-glibc2.43,3.14.4,3.3.0,24,Intel(R) Core(TM) Ultra 9 285K,1,1 x NVIDIA GeForce RTX 5090,9.2986,48.7383,60.81614685058594,machine,0.0,0.0,0.0,0.0,N
rollout_69,2026-09-09T21:02:53,td3_Ant-v5_seed85062,ab2dfa5c-4c35-41cd-be45-2a89ac48995c,0.2380967060016701,3.820464271936733e-06,1.604558758494346e-05,31.737386654747112,77.6296424660138,20.0,2.391505802095545e-06,6.315838386061756e-06,1.3214372055598243e-06,1.0028781393717559e-05,0.0,Germany,DEU,baden-wurttemberg,,,Linux-7.0.0-31-generic-x86_64-with-glibc2.43,3.14.4,3.3.0,24,Intel(R) Core(TM) Ultra 9 285K,1,1 x NVIDIA GeForce RTX 5090,9.2986,48.7383,60.81614685058594,machine,0.0,0.0,0.0,0.0,N
gradient_updates_69,2026-09-09T21:02:57,td3_Ant-v5_seed85062,ab2dfa5c-4c35-41cd-be45-2a89ac48995c,3.870741632010322,5.662467197273518e-05,1.4628915548991937e-05,31.747716209936634,77.73673607634623,20.0,2.721188315837897e-05,9.992674660774803e-05,2.150206316663475e-05,0.00014864069293276175,0.0,Germany,DEU,baden-wurttemberg,,,Linux-7.0.0-31-generic-x86_64-with-glibc2.43,3.14.4,3.3.0,24,Intel(R) Core(TM) Ultra 9 285K,1,1 x NVIDIA GeForce RTX 5090,9.2986,48.7383,60.81614685058594,machine,0.0,0.0,0.0,0.0,N
rollout_70,2026-09-09T21:02:57,td3_Ant-v5_seed85062,ab2dfa5c-4c35-41cd-be45-2a89ac48995c,0.2581642150034895,3.7874288732987413e-06,1.4669698887036776e-05,31.730759416625883,77.81646316362476,20.0,2.1180858611330455e-06,6.3916717802925405e-06,1.432305288876206e-06,9.942062930302226e-06,0.0,Germany,DEU,baden-wurttemberg,,,Linux-7.0.0-31-generic-x86_64-with-glibc2.43,3.14.4,3.3.0,24,Intel(R) Core(TM) Ultra 9 285K,1,1 x NVIDIA GeForce RTX 5090,9.2986,48.7383,60.81614685058594,machine,0.0,0.0,0.0,0.0,N
gradient_updates_70,2026-09-09T21:03:01,td3_Ant-v5_seed85062,ab2dfa5c-4c35-41cd-be45-2a89ac48995c,3.976917569001671,5.928877728624514e-05,1.4908234491104524e-05,31.70905939892016,77.93123924984515,20.0,2.9200303360225888e-05,0.00010434175013984692,2.2091959588902386e-05,0.00015563401308897433,0.0,Germany,DEU,baden-wurttemberg,,,Linux-7.0.0-31-generic-x86_64-with-glibc2.43,3.14.4,3.3.0,24,Intel(R) Core(TM) Ultra 9 285K,1,1 x NVIDIA GeForce RTX 5090,9.2986,48.7383,60.81614685058594,machine,0.0,0.0,0.0,0.0,N
rollout_71,2026-09-09T21:03:01,td3_Ant-v5_seed85062,ab2dfa5c-4c35-41cd-be45-2a89ac48995c,0.25522608699975535,2.830538929138836e-06,1.1090550986407326e-05,31.686785118511867,77.78497935909384,20.0,2.033230237692002e-06,3.987780967884547e-06,1.4091999222323737e-06,7.430211127808922e-06,0.0,Germany,DEU,baden-wurttemberg,,,Linux-7.0.0-31-generic-x86_64-with-glibc2.43,3.14.4,3.3.0,24,Intel(R) Core(TM) Ultra 9 285K,1,1 x NVIDIA GeForce RTX 5090,9.2986,48.7383,60.81614685058594,machine,0.0,0.0,0.0,0.0,N
gradient_updates_71,2026-09-09T21:03:05,td3_Ant-v5_seed85062,ab2dfa5c-4c35-41cd-be45-2a89ac48995c,3.8148262350005098,5.832681250735397e-05,1.5289531903114034e-05,31.66511801615568,77.90784718698247,20.0,3.036074928857921e-05,0.00010155702569014657,2.1191064783326538e-05,0.00015310883976205232,0.0,Germany,DEU,baden-wurttemberg,,,Linux-7.0.0-31-generic-x86_64-with-glibc2.43,3.14.4,3.3.0,24,Intel(R) Core(TM) Ultra 9 285K,1,1 x NVIDIA GeForce RTX 5090,9.2986,48.7383,60.81614685058594,machine,0.0,0.0,0.0,0.0,N
rollout_72,2026-09-09T21:03:06,td3_Ant-v5_seed85062,ab2dfa5c-4c35-41cd-be45-2a89ac48995c,0.2445724830031395,2.8848257242900313e-06,1.1795747785445832e-05,31.691701850051906,77.75733247814897,20.0,2.43872306208634e-06,3.776669688093648e-06,1.3573221055492718e-06,7.5727148557292595e-06,0.0,Germany,DEU,baden-wurttemberg,,,Linux-7.0.0-31-generic-x86_64-with-glibc2.43,3.14.4,3.3.0,24,Intel(R) Core(TM) Ultra 9 285K,1,1 x NVIDIA GeForce RTX 5090,9.2986,48.7383,60.81614685058594,machine,0.0,0.0,0.0,0.0,N
gradient_updates_72,2026-09-09T21:03:09,td3_Ant-v5_seed85062,ab2dfa5c-4c35-41cd-be45-2a89ac48995c,3.8399154350045137,5.735738578196113e-05,1.4937202718954012e-05,31.706070060555877,77.85707785999334,20.0,3.0448775192336297e-05,9.878452347189537e-05,2.1330780038907558e-05,0.0001505640787031401,0.0,Germany,DEU,baden-wurttemberg,,,Linux-7.0.0-31-generic-x86_64-with-glibc2.43,3.14.4,3.3.0,24,Intel(R) Core(TM) Ultra 9 285K,1,1 x NVIDIA GeForce RTX 5090,9.2986,48.7383,60.81614685058594,machine,0.0,0.0,0.0,0.0,N
rollout_73,2026-09-09T21:03:10,td3_Ant-v5_seed85062,ab2dfa5c-4c35-41cd-be45-2a89ac48995c,0.2508578170090914,3.855171170913038e-06,1.536816894526315e-05,31.730241098351648,77.9372141015744,20.0,2.481600318609417e-06,6.248338332071057e-06,1.3899489222646277e-06,1.0119887572945102e-05,0.0,Germany,DEU,baden-wurttemberg,,,Linux-7.0.0-31-generic-x86_64-with-glibc2.43,3.14.4,3.3.0,24,Intel(R) Core(TM) Ultra 9 285K,1,1 x NVIDIA GeForce RTX 5090,9.2986,48.7383,60.81614685058594,machine,0.0,0.0,0.0,0.0,N
gradient_updates_73,2026-09-09T21:03:14,td3_Ant-v5_seed85062,ab2dfa5c-4c35-41cd-be45-2a89ac48995c,3.8983497700100997,5.7283787952965015e-05,1.4694395931954005e-05,31.737984391091256,78.03867016891924,20.0,2.7738768024331006e-05,0.00010097702522582352,2.165508994439718e-05,0.00015037088319455258,0.0,Germany,DEU,baden-wurttemberg,,,Linux-7.0.0-31-generic-x86_64-with-glibc2.43,3.14.4,3.3.0,24,Intel(R) Core(TM) Ultra 9 285K,1,1 x NVIDIA GeForce RTX 5090,9.2986,48.7383,60.81614685058594,machine,0.0,0.0,0.0,0.0,N
rollout_74,2026-09-09T21:03:14,td3_Ant-v5_seed85062,ab2dfa5c-4c35-41cd-be45-2a89ac48995c,0.2564922549936455,3.593649485720933e-06,1.4010116140936791e-05,31.716606517624733,78.08017198962096,20.0,2.045470803041516e-06,5.972227000050623e-06,1.4156910556066722e-06,9.433388858698377e-06,0.0,Germany,DEU,baden-wurttemberg,,,Linux-7.0.0-31-generic-x86_64-with-glibc2.43,3.14.4,3.3.0,24,Intel(R) Core(TM) Ultra 9 285K,1,1 x NVIDIA GeForce RTX 5090,9.2986,48.7383,60.81614685058594,machine,0.0,0.0,0.0,0.0,N
gradient_updates_74,2026-09-09T21:03:18,td3_Ant-v5_seed85062,ab2dfa5c-4c35-41cd-be45-2a89ac48995c,3.8477121900068596,5.7263775040891814e-05,1.4882568501392084e-05,31.694988689623546,78.17417393823462,20.0,3.0125289655767024e-05,9.8818690166258e-05,2.137436914999855e-05,0.00015031834897202313,0.0,Germany,DEU,baden-wurttemberg,,,Linux-7.0.0-31-generic-x86_64-with-glibc2.43,3.14.4,3.3.0,24,Intel(R) Core(TM) Ultra 9 285K,1,1 x NVIDIA GeForce RTX 5090,9.2986,48.7383,60.81614685058594,machine,0.0,0.0,0.0,0.0,N
rollout_75,2026-09-09T21:03:18,td3_Ant-v5_seed85062,ab2dfa5c-4c35-41cd-be45-2a89ac48995c,0.24176669199368916,2.975374939200026e-06,1.230680330331805e-05,31.719195287736234,78.06041419000411,20.0,2.398439974304195e-06,4.070281033996537e-06,1.3416870221489956e-06,7.810408030450161e-06,0.0,Germany,DEU,baden-wurttemberg,,,Linux-7.0.0-31-generic-x86_64-with-glibc2.43,3.14.4,3.3.0,24,Intel(R) Core(TM) Ultra 9 285K,1,1 x NVIDIA GeForce RTX 5090,9.2986,48.7383,60.81614685058594,machine,0.0,0.0,0.0,0.0,N
gradient_updates_75,2026-09-09T21:03:22,td3_Ant-v5_seed85062,ab2dfa5c-4c35-41cd-be45-2a89ac48995c,3.8556314099987503,5.787607817936847e-05,1.5010842977213965e-05,31.73127011467131,78.16166289612809,20.0,3.0105283528650967e-05,0.00010040258032195659,2.1417790905575544e-05,0.00015192565475618397,0.0,Germany,DEU,baden-wurttemberg,,,Linux-7.0.0-31-generic-x86_64-with-glibc2.43,3.14.4,3.3.0,24,Intel(R) Core(TM) Ultra 9 285K,1,1 x NVIDIA GeForce RTX 5090,9.2986,48.7383,60.81614685058594,machine,0.0,0.0,0.0,0.0,N
rollout_76,2026-09-09T21:03:22,td3_Ant-v5_seed85062,ab2dfa5c-4c35-41cd-be45-2a89ac48995c,0.24516853799286764,3.7003338566156743e-06,1.5093172851085248e-05,31.754909132421464,78.21879067944595,20.0,2.431704167582538e-06,5.921949181697528e-06,1.3597837333185168e-06,9.713437082599016e-06,0.0,Germany,DEU,baden-wurttemberg,,,Linux-7.0.0-31-generic-x86_64-with-glibc2.43,3.14.4,3.3.0,24,Intel(R) Core(TM) Ultra 9 285K,1,1 x NVIDIA GeForce RTX 5090,9.2986,48.7383,60.81614685058594,machine,0.0,0.0,0.0,0.0,N
gradient_updates_76,2026-09-09T21:03:26,td3_Ant-v5_seed85062,ab2dfa5c-4c35-41cd-be45-2a89ac48995c,3.8478769389912486,5.706844665768606e-05,1.4831207128134932e-05,31.766425477789053,78.3075542057472,20.0,2.9938098394903523e-05,9.849257879435136e-05,2.137493157222496e-05,0.00014980560876147984,0.0,Germany,DEU,baden-wurttemberg,,,Linux-7.0.0-31-generic-x86_64-with-glibc2.43,3.14.4,3.3.0,24,Intel(R) Core(TM) Ultra 9 285K,1,1 x NVIDIA GeForce RTX 5090,9.2986,48.7383,60.81614685058594,machine,0.0,0.0,0.0,0.0,N
rollout_77,2026-09-09T21:03:26,td3_Ant-v5_seed85062,ab2dfa5c-4c35-41cd-be45-2a89ac48995c,0.24520750000374392,3.686450776308782e-06,1.5033729943273543e-05,31.78761303639955,78.36079542370818,20.0,2.411545818124111e-06,5.904171389792268e-06,1.3612765611065517e-06,9.676993769022063e-06,0.0,Germany,DEU,baden-wurttemberg,,,Linux-7.0.0-31-generic-x86_64-with-glibc2.43,3.14.4,3.3.0,24,Intel(R) Core(TM) Ultra 9 285K,1,1 x NVIDIA GeForce RTX 5090,9.2986,48.7383,60.81614685058594,machine,0.0,0.0,0.0,0.0,N
gradient_updates_77,2026-09-09T21:03:30,td3_Ant-v5_seed85062,ab2dfa5c-4c35-41cd-be45-2a89ac48995c,3.906199368997477,5.7032701026759475e-05,1.4600590338074437e-05,31.79312808321657,78.45071665368772,20.0,2.748313309760414e-05,0.00010053008042398837,2.169856237224958e-05,0.00014971177589384252,0.0,Germany,DEU,baden-wurttemberg,,,Linux-7.0.0-31-generic-x86_64-with-glibc2.43,3.14.4,3.3.0,24,Intel(R) Core(TM) Ultra 9 285K,1,1 x NVIDIA GeForce RTX 5090,9.2986,48.7383,60.81614685058594,machine,0.0,0.0,0.0,0.0,N
rollout_78,2026-09-09T21:03:30,td3_Ant-v5_seed85062,ab2dfa5c-4c35-41cd-be45-2a89ac48995c,0.25351249700179324,2.722007485241734e-06,1.0736235800128845e-05,31.77293997498179,78.28987957689853,20.0,2.0274316219412447e-06,3.7105585239949335e-06,1.4073241610375667e-06,7.145314306974612e-06,0.0,Germany,DEU,baden-wurttemberg,,,Linux-7.0.0-31-generic-x86_64-with-glibc2.43,3.14.4,3.3.0,24,Intel(R) Core(TM) Ultra 9 285K,1,1 x NVIDIA GeForce RTX 5090,9.2986,48.7383,60.81614685058594,machine,0.0,0.0,0.0,0.0,N
gradient_updates_78,2026-09-09T21:03:34,td3_Ant-v5_seed85062,ab2dfa5c-4c35-41cd-be45-2a89ac48995c,3.8311264059884707,5.687169055402976e-05,1.484466078394204e-05,31.75284962001986,78.37388064373583,20.0,3.0307716468374463e-05,9.769980038187853e-05,2.128160391107973e-05,0.0001492891207613336,0.0,Germany,DEU,baden-wurttemberg,,,Linux-7.0.0-31-generic-x86_64-with-glibc2.43,3.14.4,3.3.0,24,Intel(R) Core(TM) Ultra 9 285K,1,1 x NVIDIA GeForce RTX 5090,9.2986,48.7383,60.81614685058594,machine,0.0,0.0,0.0,0.0,N
rollout_79,2026-09-09T21:03:34,td3_Ant-v5_seed85062,ab2dfa5c-4c35-41cd-be45-2a89ac48995c,0.24635831099294592,2.861693854426875e-06,1.1616137682990423e-05,31.774201085587954,78.2232622366192,20.0,2.4375533389311976e-06,3.7027807400225043e-06,1.3716592388744384e-06,7.511993317829008e-06,0.0,Germany,DEU,baden-wurttemberg,,,Linux-7.0.0-31-generic-x86_64-with-glibc2.43,3.14.4,3.3.0,24,Intel(R) Core(TM) Ultra 9 285K,1,1 x NVIDIA GeForce RTX 5090,9.2986,48.7383,60.81614685058594,machine,0.0,0.0,0.0,0.0,N
gradient_updates_79,2026-09-09T21:03:38,td3_Ant-v5_seed85062,ab2dfa5c-4c35-41cd-be45-2a89ac48995c,3.9015101779950783,5.68157383097059e-05,1.456252604507693e-05,31.780625457526117,78.30749589636646,20.0,2.78142483624913e-05,9.965369083397846e-05,2.167430600554009e-05,0.00014914224520200942,0.0,Germany,DEU,baden-wurttemberg,,,Linux-7.0.0-31-generic-x86_64-with-glibc2.43,3.14.4,3.3.0,24,Intel(R) Core(TM) Ultra 9 285K,1,1 x NVIDIA GeForce RTX 5090,9.2986,48.7383,60.81614685058594,machine,0.0,0.0,0.0,0.0,N
rollout_80,2026-09-09T21:03:39,td3_Ant-v5_seed85062,ab2dfa5c-4c35-41cd-be45-2a89ac48995c,0.25257250500726514,3.6039248691175155e-06,1.4268923281318437e-05,31.77299158312035,78.34351287525965,20.0,2.158979227180613e-06,5.900560275939881e-06,1.4008224055741224e-06,9.46036190869505e-06,0.0,Germany,DEU,baden-wurttemberg,,,Linux-7.0.0-31-generic-x86_64-with-glibc2.43,3.14.4,3.3.0,24,Intel(R) Core(TM) Ultra 9 285K,1,1 x NVIDIA GeForce RTX 5090,9.2986,48.7383,60.81614685058594,machine,0.0,0.0,0.0,0.0,N
gradient_updates_80,2026-09-09T21:03:42,td3_Ant-v5_seed85062,ab2dfa5c-4c35-41cd-be45-2a89ac48995c,3.893053248000797,5.8957886630895545e-05,1.5144410905185438e-05,31.764904405822005,78.43200009115172,20.0,3.264123889074738e-05,0.00010049896928809865,2.1625211511127566e-05,0.00015476541968997316,0.0,Germany,DEU,baden-wurttemberg,,,Linux-7.0.0-31-generic-x86_64-with-glibc2.43,3.14.4,3.3.0,24,Intel(R) Core(TM) Ultra 9 285K,1,1 x NVIDIA GeForce RTX 5090,9.2986,48.7383,60.81614685058594,machine,0.0,0.0,0.0,0.0,N
rollout_81,2026-09-09T21:03:43,td3_Ant-v5_seed85062,ab2dfa5c-4c35-41cd-be45-2a89ac48995c,0.24829191499156877,2.9480418239280146e-06,1.1873841084355124e-05,31.803288613333514,78.28317205844745,20.0,2.653837678622678e-06,3.7058362980513238e-06,1.3789841777503767e-06,7.738658154423511e-06,0.0,Germany,DEU,baden-wurttemberg,,,Linux-7.0.0-31-generic-x86_64-with-glibc2.43,3.14.4,3.3.0,24,Intel(R) Core(TM) Ultra 9 285K,1,1 x NVIDIA GeForce RTX 5090,9.2986,48.7383,60.81614685058594,machine,0.0,0.0,0.0,0.0,N
gradient_updates_81,2026-09-09T21:03:47,td3_Ant-v5_seed85062,ab2dfa5c-4c35-41cd-be45-2a89ac48995c,3.8706823060056195,5.8219998334520066e-05,1.5041270758771549e-05,31.828582029149157,78.36792781848033,20.0,3.1948762225654515e-05,9.93784128358044e-05,2.150127574447342e-05,0.0001528284508059332,0.0,Germany,DEU,baden-wurttemberg,,,Linux-7.0.0-31-generic-x86_64-with-glibc2.43,3.14.4,3.3.0,24,Intel(R) Core(TM) Ultra 9 285K,1,1 x NVIDIA GeForce RTX 5090,9.2986,48.7383,60.81614685058594,machine,0.0,0.0,0.0,0.0,N
rollout_82,2026-09-09T21:03:47,td3_Ant-v5_seed85062,ab2dfa5c-4c35-41cd-be45-2a89ac48995c,0.246291014002054,2.9833442997681883e-06,1.2111903458303512e-05,31.86385563141074,78.23754313001425,20.0,2.6041279166319486e-06,3.860280866074817e-06,1.3669189499825561e-06,7.831327732689755e-06,0.0,Germany,DEU,baden-wurttemberg,,,Linux-7.0.0-31-generic-x86_64-with-glibc2.43,3.14.4,3.3.0,24,Intel(R) Core(TM) Ultra 9 285K,1,1 x NVIDIA GeForce RTX 5090,9.2986,48.7383,60.81614685058594,machine,0.0,0.0,0.0,0.0,N
gradient_updates_82,2026-09-09T21:03:51,td3_Ant-v5_seed85062,ab2dfa5c-4c35-41cd-be45-2a89ac48995c,3.8583116000081645,5.779725239291305e-05,1.4979952855402405e-05,31.886077601118895,78.32101103488073,20.0,3.132617117202613e-05,9.896007916809779e-05,2.14324854333728e-05,0.0001517187357734963,0.0,Germany,DEU,baden-wurttemberg,,,Linux-7.0.0-31-generic-x86_64-with-glibc2.43,3.14.4,3.3.0,24,Intel(R) Core(TM) Ultra 9 285K,1,1 x NVIDIA GeForce RTX 5090,9.2986,48.7383,60.81614685058594,machine,0.0,0.0,0.0,0.0,N
rollout_83,2026-09-09T21:03:51,td3_Ant-v5_seed85062,ab2dfa5c-4c35-41cd-be45-2a89ac48995c,0.2445399590069428,2.9074980259944858e-06,1.1889610548805741e-05,31.911455185373928,78.18913097794963,20.0,2.4795319836234953e-06,3.795280813845281e-06,1.3574172222029744e-06,7.632230019672184e-06,0.0,Germany,DEU,baden-wurttemberg,,,Linux-7.0.0-31-generic-x86_64-with-glibc2.43,3.14.4,3.3.0,24,Intel(R) Core(TM) Ultra 9 285K,1,1 x NVIDIA GeForce RTX 5090,9.2986,48.7383,60.81614685058594,machine,0.0,0.0,0.0,0.0,N
gradient_updates_83,2026-09-09T21:03:55,td3_Ant-v5_seed85062,ab2dfa5c-4c35-41cd-be45-2a89ac48995c,3.8397726800030796,5.8057489022795596e-05,1.5120075041701215e-05,31.927121833000285,78.2764319842336,20.0,3.175957068541485e-05,9.931230167214977e-05,2.132998883890751e-05,0.0001524018611964717,0.0,Germany,DEU,baden-wurttemberg,,,Linux-7.0.0-31-generic-x86_64-with-glibc2.43,3.14.4,3.3.0,24,Intel(R) Core(TM) Ultra 9 285K,1,1 x NVIDIA GeForce RTX 5090,9.2986,48.7383,60.81614685058594,machine,0.0,0.0,0.0,0.0,N
rollout_84,2026-09-09T21:03:55,td3_Ant-v5_seed85062,ab2dfa5c-4c35-41cd-be45-2a89ac48995c,0.24585106800077483,2.923191407148973e-06,1.1890154705371507e-05,31.953000693535763,78.14545455769222,20.0,2.5045395036331353e-06,3.804447487931739e-06,1.3644384111101589e-06,7.6734254026746e-06,0.0,Germany,DEU,baden-wurttemberg,,,Linux-7.0.0-31-generic-x86_64-with-glibc2.43,3.14.4,3.3.0,24,Intel(R) Core(TM) Ultra 9 285K,1,1 x NVIDIA GeForce RTX 5090,9.2986,48.7383,60.81614685058594,machine,0.0,0.0,0.0,0.0,N
gradient_updates_84,2026-09-09T21:03:59,td3_Ant-v5_seed85062,ab2dfa5c-4c35-41cd-be45-2a89ac48995c,3.820441467993078,5.6873073557212224e-05,1.488654169566048e-05,31.9688585041576,78.21989394972607,20.0,3.148281074178208e-05,9.658785504784717e-05,2.1222085377747835e-05,0.00014929275116737709,0.0,Germany,DEU,baden-wurttemberg,,,Linux-7.0.0-31-generic-x86_64-with-glibc2.43,3.14.4,3.3.0,24,Intel(R) Core(TM) Ultra 9 285K,1,1 x NVIDIA GeForce RTX 5090,9.2986,48.7383,60.81614685058594,machine,0.0,0.0,0.0,0.0,N
rollout_85,2026-09-09T21:03:59,td3_Ant-v5_seed85062,ab2dfa5c-4c35-41cd-be45-2a89ac48995c,0.24009633499372285,2.8184248641090898e-06,1.1738519619487495e-05,31.990270908037992,78.08303317098566,20.0,2.4135802641975235e-06,3.645280694186681e-06,1.3395505499727393e-06,7.398411508357378e-06,0.0,Germany,DEU,baden-wurttemberg,,,Linux-7.0.0-31-generic-x86_64-with-glibc2.43,3.14.4,3.3.0,24,Intel(R) Core(TM) Ultra 9 285K,1,1 x NVIDIA GeForce RTX 5090,9.2986,48.7383,60.81614685058594,machine,0.0,0.0,0.0,0.0,N
gradient_updates_85,2026-09-09T21:04:03,td3_Ant-v5_seed85062,ab2dfa5c-4c35-41cd-be45-2a89ac48995c,3.8232369030010886,5.649512983252683e-05,1.4776796711594118e-05,32.001260146737835,78.15723965867582,20.0,3.035700234113939e-05,9.670618847601453e-05,2.1237451872245256e-05,0.00014830064268939874,0.0,Germany,DEU,baden-wurttemberg,,,Linux-7.0.0-31-generic-x86_64-with-glibc2.43,3.14.4,3.3.0,24,Intel(R) Core(TM) Ultra 9 285K,1,1 x NVIDIA GeForce RTX 5090,9.2986,48.7383,60.81614685058594,machine,0.0,0.0,0.0,0.0,N
rollout_86,2026-09-09T21:04:03,td3_Ant-v5_seed85062,ab2dfa5c-4c35-41cd-be45-2a89ac48995c,0.2430552800069563,3.7101174892540875e-06,1.5263622948318678e-05,32.01820999244249,78.21930434557221,20.0,2.3812313494284143e-06,6.009171473753128e-06,1.3487164556053206e-06,9.739119278786429e-06,0.0,Germany,DEU,baden-wurttemberg,,,Linux-7.0.0-31-generic-x86_64-with-glibc2.43,3.14.4,3.3.0,24,Intel(R) Core(TM) Ultra 9 285K,1,1 x NVIDIA GeForce RTX 5090,9.2986,48.7383,60.81614685058594,machine,0.0,0.0,0.0,0.0,N
gradient_updates_86,2026-09-09T21:04:07,td3_Ant-v5_seed85062,ab2dfa5c-4c35-41cd-be45-2a89ac48995c,3.8469126359996153,5.6176387702952003e-05,1.460301069517792e-05,32.0240653253221,78.28997921498195,20.0,2.9150101931177397e-05,9.69442442220192e-05,2.136959321667525e-05,0.00014746393936987054,0.0,Germany,DEU,baden-wurttemberg,,,Linux-7.0.0-31-generic-x86_64-with-glibc2.43,3.14.4,3.3.0,24,Intel(R) Core(TM) Ultra 9 285K,1,1 x NVIDIA GeForce RTX 5090,9.2986,48.7383,60.81614685058594,machine,0.0,0.0,0.0,0.0,N
rollout_87,2026-09-09T21:04:07,td3_Ant-v5_seed85062,ab2dfa5c-4c35-41cd-be45-2a89ac48995c,0.2529447350098053,3.5840827478251375e-06,1.4169847357284822e-05,32.00574984756631,78.32772845614511,20.0,2.036892185069278e-06,5.967782551907774e-06,1.4036012777876236e-06,9.408276014765543e-06,0.0,Germany,DEU,baden-wurttemberg,,,Linux-7.0.0-31-generic-x86_64-with-glibc2.43,3.14.4,3.3.0,24,Intel(R) Core(TM) Ultra 9 285K,1,1 x NVIDIA GeForce RTX 5090,9.2986,48.7383,60.81614685058594,machine,0.0,0.0,0.0,0.0,N
gradient_updates_87,2026-09-09T21:04:11,td3_Ant-v5_seed85062,ab2dfa5c-4c35-41cd-be45-2a89ac48995c,3.874846298000193,5.610948057249449e-05,1.4480462672560651e-05,31.984973279147045,78.39255186906621,20.0,2.893124064497557e-05,9.682452190418189e-05,2.1532544505559453e-05,0.00014728830705471735,0.0,Germany,DEU,baden-wurttemberg,,,Linux-7.0.0-31-generic-x86_64-with-glibc2.43,3.14.4,3.3.0,24,Intel(R) Core(TM) Ultra 9 285K,1,1 x NVIDIA GeForce RTX 5090,9.2986,48.7383,60.81614685058594,machine,0.0,0.0,0.0,0.0,N
rollout_88,2026-09-09T21:04:11,td3_Ant-v5_seed85062,ab2dfa5c-4c35-41cd-be45-2a89ac48995c,0.25240334699628875,2.8724594631273845e-06,1.1380706076935155e-05,32.00261306881483,78.24686197384897,20.0,2.4848725434512e-06,3.6547251460739005e-06,1.4006555277674103e-06,7.5402532172912096e-06,0.0,Germany,DEU,baden-wurttemberg,,,Linux-7.0.0-31-generic-x86_64-with-glibc2.43,3.14.4,3.3.0,24,Intel(R) Core(TM) Ultra 9 285K,1,1 x NVIDIA GeForce RTX 5090,9.2986,48.7383,60.81614685058594,machine,0.0,0.0,0.0,0.0,N
gradient_updates_88,2026-09-09T21:04:15,td3_Ant-v5_seed85062,ab2dfa5c-4c35-41cd-be45-2a89ac48995c,3.8443389869935345,5.63901989251922e-05,1.4668384524784568e-05,32.01028192849326,78.3147278949207,20.0,3.0003677058475925e-05,9.666646622208397e-05,2.1355054055554115e-05,0.00014802519733611227,0.0,Germany,DEU,baden-wurttemberg,,,Linux-7.0.0-31-generic-x86_64-with-glibc2.43,3.14.4,3.3.0,24,Intel(R) Core(TM) Ultra 9 285K,1,1 x NVIDIA GeForce RTX 5090,9.2986,48.7383,60.81614685058594,machine,0.0,0.0,0.0,0.0,N
rollout_89,2026-09-09T21:04:15,td3_Ant-v5_seed85062,ab2dfa5c-4c35-41cd-be45-2a89ac48995c,0.2454702940012794,2.826008509379009e-06,1.1512750862806174e-05,32.02808179997903,78.17516810807903,20.0,2.432026390063874e-06,3.618891783796485e-06,1.3674005277506708e-06,7.418318701612331e-06,0.0,Germany,DEU,baden-wurttemberg,,,Linux-7.0.0-31-generic-x86_64-with-glibc2.43,3.14.4,3.3.0,24,Intel(R) Core(TM) Ultra 9 285K,1,1 x NVIDIA GeForce RTX 5090,9.2986,48.7383,60.81614685058594,machine,0.0,0.0,0.0,0.0,N
gradient_updates_89,2026-09-09T21:04:19,td3_Ant-v5_seed85062,ab2dfa5c-4c35-41cd-be45-2a89ac48995c,3.8998100370081374,5.6443850941204424e-05,1.4473513219856011e-05,32.0327322459011,78.24528813297493,20.0,2.7926959563773224e-05,9.857618997233253e-05,2.1662885222273505e-05,0.0001481660347583784,0.0,Germany,DEU,baden-wurttemberg,,,Linux-7.0.0-31-generic-x86_64-with-glibc2.43,3.14.4,3.3.0,24,Intel(R) Core(TM) Ultra 9 285K,1,1 x NVIDIA GeForce RTX 5090,9.2986,48.7383,60.81614685058594,machine,0.0,0.0,0.0,0.0,N
rollout_90,2026-09-09T21:04:20,td3_Ant-v5_seed85062,ab2dfa5c-4c35-41cd-be45-2a89ac48995c,0.2541065530094784,3.566099260862536e-06,1.4032925232477224e-05,32.020721844288914,78.26920535619874,20.0,2.1227822537793484e-06,5.8283379960055726e-06,1.4099488166619163e-06,9.361069066446404e-06,0.0,Germany,DEU,baden-wurttemberg,,,Linux-7.0.0-31-generic-x86_64-with-glibc2.43,3.14.4,3.3.0,24,Intel(R) Core(TM) Ultra 9 285K,1,1 x NVIDIA GeForce RTX 5090,9.2986,48.7383,60.81614685058594,machine,0.0,0.0,0.0,0.0,N
gradient_updates_90,2026-09-09T21:04:24,td3_Ant-v5_seed85062,ab2dfa5c-4c35-41cd-be45-2a89ac48995c,3.9489670950133586,5.690393443687474e-05,1.4409843861291114e-05,32.003842414936045,78.33285078154185,20.0,2.8671078492397556e-05,9.876591234592169e-05,2.1936770644485036e-05,0.00014937376148280515,0.0,Germany,DEU,baden-wurttemberg,,,Linux-7.0.0-31-generic-x86_64-with-glibc2.43,3.14.4,3.3.0,24,Intel(R) Core(TM) Ultra 9 285K,1,1 x NVIDIA GeForce RTX 5090,9.2986,48.7383,60.81614685058594,machine,0.0,0.0,0.0,0.0,N
rollout_91,2026-09-09T21:04:24,td3_Ant-v5_seed85062,ab2dfa5c-4c35-41cd-be45-2a89ac48995c,0.2491204120015027,3.4311389276227983e-06,1.3772549354025872e-05,31.977787773203232,78.35394292757658,20.0,1.9033273559940223e-06,5.71444901598106e-06,1.3890196055095679e-06,9.006795977484217e-06,0.0,Germany,DEU,baden-wurttemberg,,,Linux-7.0.0-31-generic-x86_64-with-glibc2.43,3.14.4,3.3.0,24,Intel(R) Core(TM) Ultra 9 285K,1,1 x NVIDIA GeForce RTX 5090,9.2986,48.7383,60.81614685058594,machine,0.0,0.0,0.0,0.0,N
gradient_updates_91,2026-09-09T21:04:28,td3_Ant-v5_seed85062,ab2dfa5c-4c35-41cd-be45-2a89ac48995c,3.853679250998539,5.662596817902765e-05,1.4694020278615618e-05,31.954194699575243,78.41656932785611,20.0,3.083541550164687e-05,9.64020215661332e-05,2.140665842776399e-05,0.00014864409549554536,0.0,Germany,DEU,baden-wurttemberg,,,Linux-7.0.0-31-generic-x86_64-with-glibc2.43,3.14.4,3.3.0,24,Intel(R) Core(TM) Ultra 9 285K,1,1 x NVIDIA GeForce RTX 5090,9.2986,48.7383,60.81614685058594,machine,0.0,0.0,0.0,0.0,N
rollout_92,2026-09-09T21:04:28,td3_Ant-v5_seed85062,ab2dfa5c-4c35-41cd-be45-2a89ac48995c,0.25244037799711805,3.7570448704173434e-06,1.488292080519467e-05,31.97231304307975,78.45190377812861,20.0,2.4996225552534335e-06,5.96139365782733e-06,1.401288211167872e-06,9.862304424249069e-06,0.0,Germany,DEU,baden-wurttemberg,,,Linux-7.0.0-31-generic-x86_64-with-glibc2.43,3.14.4,3.3.0,24,Intel(R) Core(TM) Ultra 9 285K,1,1 x NVIDIA GeForce RTX 5090,9.2986,48.7383,60.81614685058594,machine,0.0,0.0,0.0,0.0,N
gradient_updates_92,2026-09-09T21:04:32,td3_Ant-v5_seed85062,ab2dfa5c-4c35-41cd-be45-2a89ac48995c,3.854677587005426,5.640733064929664e-05,1.4633506387916547e-05,31.98101934849806,78.51244449301346,20.0,3.041395127558605e-05,9.624396588403528e-05,2.141225123333335e-05,0.00014807016839295598,0.0,Germany,DEU,baden-wurttemberg,,,Linux-7.0.0-31-generic-x86_64-with-glibc2.43,3.14.4,3.3.0,24,Intel(R) Core(TM) Ultra 9 285K,1,1 x NVIDIA GeForce RTX 5090,9.2986,48.7383,60.81614685058594,machine,0.0,0.0,0.0,0.0,N
rollout_93,2026-09-09T21:04:32,td3_Ant-v5_seed85062,ab2dfa5c-4c35-41cd-be45-2a89ac48995c,0.24809813899628352,3.722692108444614e-06,1.500530772918009e-05,31.99877133326547,78.55299281225645,20.0,2.4566947431324537e-06,5.938338083932848e-06,1.3770950334016097e-06,9.772127860466912e-06,0.0,Germany,DEU,baden-wurttemberg,,,Linux-7.0.0-31-generic-x86_64-with-glibc2.43,3.14.4,3.3.0,24,Intel(R) Core(TM) Ultra 9 285K,1,1 x NVIDIA GeForce RTX 5090,9.2986,48.7383,60.81614685058594,machine,0.0,0.0,0.0,0.0,N
gradient_updates_93,2026-09-09T21:04:36,td3_Ant-v5_seed85062,ab2dfa5c-4c35-41cd-be45-2a89ac48995c,3.83938319599838,5.6579196984823596e-05,1.4736547576182464e-05,32.00793324808428,78.61460691712601,20.0,3.0873087476228356e-05,9.632035483386758e-05,2.13278780333186e-05,0.00014852132034341367,0.0,Germany,DEU,baden-wurttemberg,,,Linux-7.0.0-31-generic-x86_64-with-glibc2.43,3.14.4,3.3.0,24,Intel(R) Core(TM) Ultra 9 285K,1,1 x NVIDIA GeForce RTX 5090,9.2986,48.7383,60.81614685058594,machine,0.0,0.0,0.0,0.0,N
rollout_94,2026-09-09T21:04:36,td3_Ant-v5_seed85062,ab2dfa5c-4c35-41cd-be45-2a89ac48995c,0.24168807100795675,3.66419201925771e-06,1.515964447089746e-05,32.02384717175823,78.66367007754968,20.0,2.3731274540542135e-06,5.904449168037118e-06,1.3409875444874396e-06,9.61856416657747e-06,0.0,Germany,DEU,baden-wurttemberg,,,Linux-7.0.0-31-generic-x86_64-with-glibc2.43,3.14.4,3.3.0,24,Intel(R) Core(TM) Ultra 9 285K,1,1 x NVIDIA GeForce RTX 5090,9.2986,48.7383,60.81614685058594,machine,0.0,0.0,0.0,0.0,N
gradient_updates_94,2026-09-09T21:04:40,td3_Ant-v5_seed85062,ab2dfa5c-4c35-41cd-be45-2a89ac48995c,3.833938241994474,5.6630217414725334e-05,1.4770820886658623e-05,32.03186048557446,78.7249430408434,20.0,3.0997768687080623e-05,9.636035486626504e-05,2.1297126255619223e-05,0.0001486552498089662,0.0,Germany,DEU,baden-wurttemberg,,,Linux-7.0.0-31-generic-x86_64-with-glibc2.43,3.14.4,3.3.0,24,Intel(R) Core(TM) Ultra 9 285K,1,1 x NVIDIA GeForce RTX 5090,9.2986,48.7383,60.81614685058594,machine,0.0,0.0,0.0,0.0,N
rollout_95,2026-09-09T21:04:40,td3_Ant-v5_seed85062,ab2dfa5c-4c35-41cd-be45-2a89ac48995c,0.2564725240081316,3.7040398277645575e-06,1.4442514701930072e-05,32.05043360832577,78.73488448891301,20.0,2.558521213485293e-06,5.7413934819727785e-06,1.4232506222065441e-06,9.723165317665483e-06,0.0,Germany,DEU,baden-wurttemberg,,,Linux-7.0.0-31-generic-x86_64-with-glibc2.43,3.14.4,3.3.0,24,Intel(R) Core(TM) Ultra 9 285K,1,1 x NVIDIA GeForce RTX 5090,9.2986,48.7383,60.81614685058594,machine,0.0,0.0,0.0,0.0,N
gradient_updates_95,2026-09-09T21:04:44,td3_Ant-v5_seed85062,ab2dfa5c-4c35-41cd-be45-2a89ac48995c,3.840895539004123,5.651543824622754e-05,1.4714167209014248e-05,32.05997647698704,78.79421296377971,20.0,3.067889426531731e-05,9.633896595984126e-05,2.133609238339374e-05,0.00014835395260855144,0.0,Germany,DEU,baden-wurttemberg,,,Linux-7.0.0-31-generic-x86_64-with-glibc2.43,3.14.4,3.3.0,24,Intel(R) Core(TM) Ultra 9 285K,1,1 x NVIDIA GeForce RTX 5090,9.2986,48.7383,60.81614685058594,machine,0.0,0.0,0.0,0.0,N
rollout_96,2026-09-09T21:04:44,td3_Ant-v5_seed85062,ab2dfa5c-4c35-41cd-be45-2a89ac48995c,0.24594074999913573,3.6440577092693507e-06,1.4816825681626935e-05,32.081280090872255,78.81896547202537,20.0,2.4957400521496975e-06,5.706115675963019e-06,1.3638555444129771e-06,9.565711272526561e-06,0.0,Germany,DEU,baden-wurttemberg,,,Linux-7.0.0-31-generic-x86_64-with-glibc2.43,3.14.4,3.3.0,24,Intel(R) Core(TM) Ultra 9 285K,1,1 x NVIDIA GeForce RTX 5090,9.2986,48.7383,60.81614685058594,machine,0.0,0.0,0.0,0.0,N
gradient_updates_96,2026-09-09T21:04:48,td3_Ant-v5_seed85062,ab2dfa5c-4c35-41cd-be45-2a89ac48995c,4.084377121005673,5.8387229812446005e-05,1.4295267287750817e-05,32.093406179320326,78.86392450795785,20.0,3.111214155635672e-05,9.946619068390561e-05,2.268910393888506e-05,0.00015326743617914695,0.0,Germany,DEU,baden-wurttemberg,,,Linux-7.0.0-31-generic-x86_64-with-glibc2.43,3.14.4,3.3.0,24,Intel(R) Core(TM) Ultra 9 285K,1,1 x NVIDIA GeForce RTX 5090,9.2986,48.7383,60.81614685058594,machine,0.0,0.0,0.0,0.0,N
rollout_97,2026-09-09T21:04:49,td3_Ant-v5_seed85062,ab2dfa5c-4c35-41cd-be45-2a89ac48995c,0.25062023699865676,3.702130859770461e-06,1.4772156340258654e-05,32.10835480052343,78.89154529079936,20.0,2.459915856817263e-06,5.867226916311807e-06,1.3910114722319109e-06,9.718154245361849e-06,0.0,Germany,DEU,baden-wurttemberg,,,Linux-7.0.0-31-generic-x86_64-with-glibc2.43,3.14.4,3.3.0,24,Intel(R) Core(TM) Ultra 9 285K,1,1 x NVIDIA GeForce RTX 5090,9.2986,48.7383,60.81614685058594,machine,0.0,0.0,0.0,0.0,N
gradient_updates_97,2026-09-09T21:04:53,td3_Ant-v5_seed85062,ab2dfa5c-4c35-41cd-be45-2a89ac48995c,3.9974473400070565,5.6957563279455906e-05,1.4248499101691706e-05,32.11025229011962,78.94666551351834,20.0,2.7534012582746542e-05,9.977452426390698e-05,2.220600122778294e-05,0.0001495145380744356,0.0,Germany,DEU,baden-wurttemberg,,,Linux-7.0.0-31-generic-x86_64-with-glibc2.43,3.14.4,3.3.0,24,Intel(R) Core(TM) Ultra 9 285K,1,1 x NVIDIA GeForce RTX 5090,9.2986,48.7383,60.81614685058594,machine,0.0,0.0,0.0,0.0,N
rollout_98,2026-09-09T21:04:53,td3_Ant-v5_seed85062,ab2dfa5c-4c35-41cd-be45-2a89ac48995c,0.26223798700084444,3.5020489676379496e-06,1.335333934891737e-05,32.088619378934986,78.94347862235172,20.0,2.0393335759053e-06,5.698615670013396e-06,1.4549867499834973e-06,9.192935995900459e-06,0.0,Germany,DEU,baden-wurttemberg,,,Linux-7.0.0-31-generic-x86_64-with-glibc2.43,3.14.4,3.3.0,24,Intel(R) Core(TM) Ultra 9 285K,1,1 x NVIDIA GeForce RTX 5090,9.2986,48.7383,60.81614685058594,machine,0.0,0.0,0.0,0.0,N
gradient_updates_98,2026-09-09T21:04:57,td3_Ant-v5_seed85062,ab2dfa5c-4c35-41cd-be45-2a89ac48995c,3.918438453009003,5.6285420894319066e-05,1.4364280156928603e-05,32.06431324769697,78.99985319942283,20.0,2.7727934404555427e-05,9.825480082592541e-05,2.1767418055565653e-05,0.00014775015328604563,0.0,Germany,DEU,baden-wurttemberg,,,Linux-7.0.0-31-generic-x86_64-with-glibc2.43,3.14.4,3.3.0,24,Intel(R) Core(TM) Ultra 9 285K,1,1 x NVIDIA GeForce RTX 5090,9.2986,48.7383,60.81614685058594,machine,0.0,0.0,0.0,0.0,N
rollout_99,2026-09-09T21:04:57,td3_Ant-v5_seed85062,ab2dfa5c-4c35-41cd-be45-2a89ac48995c,0.24868002100265585,2.710162133796358e-06,1.0897782251181442e-05,32.04443953434124,78.87986018214698,20.0,1.9533757293632714e-06,3.7805585801908848e-06,1.3802857555373325e-06,7.114220065090188e-06,0.0,Germany,DEU,baden-wurttemberg,,,Linux-7.0.0-31-generic-x86_64-with-glibc2.43,3.14.4,3.3.0,24,Intel(R) Core(TM) Ultra 9 285K,1,1 x NVIDIA GeForce RTX 5090,9.2986,48.7383,60.81614685058594,machine,0.0,0.0,0.0,0.0,N
gradient_updates_99,2026-09-09T21:05:01,td3_Ant-v5_seed85062,ab2dfa5c-4c35-41cd-be45-2a89ac48995c,3.8848838420090033,5.615464110099704e-05,1.4454671004360051e-05,32.02222301384883,78.93761370769012,20.0,2.8059829670069175e-05,9.776646710180081e-05,2.1580557411087116e-05,0.00014740685418295624,0.0,Germany,DEU,baden-wurttemberg,,,Linux-7.0.0-31-generic-x86_64-with-glibc2.43,3.14.4,3.3.0,24,Intel(R) Core(TM) Ultra 9 285K,1,1 x NVIDIA GeForce RTX 5090,9.2986,48.7383,60.81614685058594,machine,0.0,0.0,0.0,0.0,N
idle_baseline_tail,2026-09-09T21:06:31,td3_Ant-v5_seed85062,ab2dfa5c-4c35-41cd-be45-2a89ac48995c,90.00317690099473,0.0007007304916848076,7.78562057788616e-06,31.992095078572547,78.73545716473136,20.0,0.0003969476283911845,0.0009424682539740381,0.0005000131547388772,0.001839429037104101,0.0,Germany,DEU,baden-wurttemberg,,,Linux-7.0.0-31-generic-x86_64-with-glibc2.43,3.14.4,3.3.0,24,Intel(R) Core(TM) Ultra 9 285K,1,1 x NVIDIA GeForce RTX 5090,9.2986,48.7383,60.81614685058594,machine,0.0,0.0,0.0,0.0,N
