task_name,timestamp,project_name,run_id,duration,emissions,emissions_rate,cpu_power,gpu_power,ram_power,cpu_energy,gpu_energy,ram_energy,energy_consumed,water_consumed,country_name,country_iso_code,region,cloud_provider,cloud_region,os,python_version,codecarbon_version,cpu_count,cpu_model,gpu_count,gpu_model,longitude,latitude,ram_total_size,tracking_mode,cpu_utilization_percent,gpu_utilization_percent,ram_utilization_percent,ram_used_gb,on_cloud
idle_baseline_head,2026-09-19T15:17:52,tdmpc2_Ant-v5_seed14577,4b9949c3-6cf5-4b74-8ec0-183463b8e9e3,90.00349110199022,0.0006079610015822958,6.7548603823122705e-06,56.73240211926195,12.990211606314524,20.0,0.00040693016498831794,0.0006718110930044041,0.0005171663455833267,0.0015959076035760487,0.0,Germany,DEU,baden-wurttemberg,,,Linux-7.0.0-31-generic-x86_64-with-glibc2.43,3.14.4,3.3.0,24,Intel(R) Core(TM) Ultra 9 285K,1,1 x NVIDIA GeForce RTX 5090,9.2986,48.7383,60.81615447998047,machine,0.0,0.0,0.0,0.0,N
warmup_0,2026-09-19T15:17:53,tdmpc2_Ant-v5_seed14577,4b9949c3-6cf5-4b74-8ec0-183463b8e9e3,0.6908282810036326,8.277007673749984e-06,1.1981107499718306e-05,50.10292496323038,27.40847445193172,20.0,7.094324008787706e-06,1.0795008635877679e-05,3.837948294434105e-06,2.172728093909949e-05,0.0,Germany,DEU,baden-wurttemberg,,,Linux-7.0.0-31-generic-x86_64-with-glibc2.43,3.14.4,3.3.0,24,Intel(R) Core(TM) Ultra 9 285K,1,1 x NVIDIA GeForce RTX 5090,9.2986,48.7383,60.81615447998047,machine,0.0,0.0,0.0,0.0,N
world_model_pretrain_0,2026-09-19T15:19:06,tdmpc2_Ant-v5_seed14577,4b9949c3-6cf5-4b74-8ec0-183463b8e9e3,72.69048694800586,0.0013990713769706405,1.9246968614504415e-05,46.761350526374734,53.77570225884749,20.0,0.0005857380541456243,0.00268301464641052,0.0004038326176500251,0.0036725853182061692,0.0,Germany,DEU,baden-wurttemberg,,,Linux-7.0.0-31-generic-x86_64-with-glibc2.43,3.14.4,3.3.0,24,Intel(R) Core(TM) Ultra 9 285K,1,1 x NVIDIA GeForce RTX 5090,9.2986,48.7383,60.81615447998047,machine,0.0,0.0,0.0,0.0,N
rollout_0,2026-09-19T15:19:23,tdmpc2_Ant-v5_seed14577,4b9949c3-6cf5-4b74-8ec0-183463b8e9e3,16.565052748002927,0.0003724018094030013,2.2481178178412848e-05,43.27715883651815,74.57796522033193,20.0,0.00015950665704966838,0.0007260283585996952,9.20258437888859e-05,0.0009775608594382494,0.0,Germany,DEU,baden-wurttemberg,,,Linux-7.0.0-31-generic-x86_64-with-glibc2.43,3.14.4,3.3.0,24,Intel(R) Core(TM) Ultra 9 285K,1,1 x NVIDIA GeForce RTX 5090,9.2986,48.7383,60.81615447998047,machine,0.0,0.0,0.0,0.0,N
gradient_updates_0,2026-09-19T15:19:37,tdmpc2_Ant-v5_seed14577,4b9949c3-6cf5-4b74-8ec0-183463b8e9e3,14.365586762010935,0.00028079073019925604,1.9546078740806595e-05,41.79547345431702,84.50662326307588,20.0,0.00012197311980063907,0.0005353012615740838,7.980589215003425e-05,0.0007370802735247569,0.0,Germany,DEU,baden-wurttemberg,,,Linux-7.0.0-31-generic-x86_64-with-glibc2.43,3.14.4,3.3.0,24,Intel(R) Core(TM) Ultra 9 285K,1,1 x NVIDIA GeForce RTX 5090,9.2986,48.7383,60.81615447998047,machine,0.0,0.0,0.0,0.0,N
rollout_1,2026-09-19T15:19:54,tdmpc2_Ant-v5_seed14577,4b9949c3-6cf5-4b74-8ec0-183463b8e9e3,16.49472666499787,0.00036975494610659923,2.2416574239597313e-05,40.217592705720506,95.01616790391715,20.0,0.0001547211529434895,0.000724256690516345,9.16349563999878e-05,0.0009706127998598216,0.0,Germany,DEU,baden-wurttemberg,,,Linux-7.0.0-31-generic-x86_64-with-glibc2.43,3.14.4,3.3.0,24,Intel(R) Core(TM) Ultra 9 285K,1,1 x NVIDIA GeForce RTX 5090,9.2986,48.7383,60.81615447998047,machine,0.0,0.0,0.0,0.0,N
gradient_updates_1,2026-09-19T15:20:10,tdmpc2_Ant-v5_seed14577,4b9949c3-6cf5-4b74-8ec0-183463b8e9e3,16.200004544996773,0.00029938431913711233,1.848048992899859e-05,39.36620545529219,99.00844006417894,20.0,0.00012460710413004714,0.0005712837903595336,8.99978550500237e-05,0.0007858887495396042,0.0,Germany,DEU,baden-wurttemberg,,,Linux-7.0.0-31-generic-x86_64-with-glibc2.43,3.14.4,3.3.0,24,Intel(R) Core(TM) Ultra 9 285K,1,1 x NVIDIA GeForce RTX 5090,9.2986,48.7383,60.81615447998047,machine,0.0,0.0,0.0,0.0,N
rollout_2,2026-09-19T15:20:26,tdmpc2_Ant-v5_seed14577,4b9949c3-6cf5-4b74-8ec0-183463b8e9e3,16.48679545300547,0.00037046977201256803,2.247070307119783e-05,38.10784321970415,105.6347737919664,20.0,0.00015437428738821965,0.0007265244701080142,9.159047209444308e-05,0.0009724892295906763,0.0,Germany,DEU,baden-wurttemberg,,,Linux-7.0.0-31-generic-x86_64-with-glibc2.43,3.14.4,3.3.0,24,Intel(R) Core(TM) Ultra 9 285K,1,1 x NVIDIA GeForce RTX 5090,9.2986,48.7383,60.81615447998047,machine,0.0,0.0,0.0,0.0,N
gradient_updates_2,2026-09-19T15:20:43,tdmpc2_Ant-v5_seed14577,4b9949c3-6cf5-4b74-8ec0-183463b8e9e3,16.98941017400648,0.0003069196401323513,1.8065359236263394e-05,37.62356720600893,107.51992958161209,20.0,0.00012381827711009825,0.0005874685255302659,9.438228813887697e-05,0.0008056690907792402,0.0,Germany,DEU,baden-wurttemberg,,,Linux-7.0.0-31-generic-x86_64-with-glibc2.43,3.14.4,3.3.0,24,Intel(R) Core(TM) Ultra 9 285K,1,1 x NVIDIA GeForce RTX 5090,9.2986,48.7383,60.81615447998047,machine,0.0,0.0,0.0,0.0,N
rollout_3,2026-09-19T15:21:00,tdmpc2_Ant-v5_seed14577,4b9949c3-6cf5-4b74-8ec0-183463b8e9e3,16.491849478989025,0.0003714090789630458,2.252077059199968e-05,36.63022974456671,112.17399721716029,20.0,0.00015627188390629834,0.0007270644705399398,9.161857130004342e-05,0.0009749549257462818,0.0,Germany,DEU,baden-wurttemberg,,,Linux-7.0.0-31-generic-x86_64-with-glibc2.43,3.14.4,3.3.0,24,Intel(R) Core(TM) Ultra 9 285K,1,1 x NVIDIA GeForce RTX 5090,9.2986,48.7383,60.81615447998047,machine,0.0,0.0,0.0,0.0,N
gradient_updates_3,2026-09-19T15:21:17,tdmpc2_Ant-v5_seed14577,4b9949c3-6cf5-4b74-8ec0-183463b8e9e3,17.02249691900215,0.00030633158932352744,1.799570244349716e-05,36.383182525929264,113.1530242974549,20.0,0.0001236144372248043,0.000585944913200187,9.456609733331581e-05,0.0008041254477583071,0.0,Germany,DEU,baden-wurttemberg,,,Linux-7.0.0-31-generic-x86_64-with-glibc2.43,3.14.4,3.3.0,24,Intel(R) Core(TM) Ultra 9 285K,1,1 x NVIDIA GeForce RTX 5090,9.2986,48.7383,60.81615447998047,machine,0.0,0.0,0.0,0.0,N
rollout_4,2026-09-19T15:21:33,tdmpc2_Ant-v5_seed14577,4b9949c3-6cf5-4b74-8ec0-183463b8e9e3,16.506789580002078,0.00037114034291652227,2.248411246868081e-05,35.63140340543381,116.62882037117537,20.0,0.00015654916968368092,0.0007259986363536974,9.170168317780016e-05,0.0009742494892151787,0.0,Germany,DEU,baden-wurttemberg,,,Linux-7.0.0-31-generic-x86_64-with-glibc2.43,3.14.4,3.3.0,24,Intel(R) Core(TM) Ultra 9 285K,1,1 x NVIDIA GeForce RTX 5090,9.2986,48.7383,60.81615447998047,machine,0.0,0.0,0.0,0.0,N
gradient_updates_4,2026-09-19T15:21:51,tdmpc2_Ant-v5_seed14577,4b9949c3-6cf5-4b74-8ec0-183463b8e9e3,17.273638606988243,0.00030475442551119915,1.7642761161041465e-05,35.481265128640224,117.12271410142054,20.0,0.00011125906122940073,0.0005927660297682102,9.596027587782988e-05,0.0007999853668754411,0.0,Germany,DEU,baden-wurttemberg,,,Linux-7.0.0-31-generic-x86_64-with-glibc2.43,3.14.4,3.3.0,24,Intel(R) Core(TM) Ultra 9 285K,1,1 x NVIDIA GeForce RTX 5090,9.2986,48.7383,60.81615447998047,machine,0.0,0.0,0.0,0.0,N
rollout_5,2026-09-19T15:22:07,tdmpc2_Ant-v5_seed14577,4b9949c3-6cf5-4b74-8ec0-183463b8e9e3,16.49448196598678,0.0003720077482715755,2.255347606936233e-05,34.706210055679044,119.88461794071182,20.0,0.000158461923436104,0.0007264314144781459,9.163310458890116e-05,0.0009765264425031506,0.0,Germany,DEU,baden-wurttemberg,,,Linux-7.0.0-31-generic-x86_64-with-glibc2.43,3.14.4,3.3.0,24,Intel(R) Core(TM) Ultra 9 285K,1,1 x NVIDIA GeForce RTX 5090,9.2986,48.7383,60.81615447998047,machine,0.0,0.0,0.0,0.0,N
gradient_updates_5,2026-09-19T15:22:24,tdmpc2_Ant-v5_seed14577,4b9949c3-6cf5-4b74-8ec0-183463b8e9e3,17.050404758003424,0.0003088918791298526,1.8116380571653392e-05,34.670888768309936,120.17547483048578,20.0,0.00012630248826413226,0.0005898226940797002,9.472106816109664e-05,0.0008108462505049298,0.0,Germany,DEU,baden-wurttemberg,,,Linux-7.0.0-31-generic-x86_64-with-glibc2.43,3.14.4,3.3.0,24,Intel(R) Core(TM) Ultra 9 285K,1,1 x NVIDIA GeForce RTX 5090,9.2986,48.7383,60.81615447998047,machine,0.0,0.0,0.0,0.0,N
rollout_6,2026-09-19T15:22:41,tdmpc2_Ant-v5_seed14577,4b9949c3-6cf5-4b74-8ec0-183463b8e9e3,16.501709741991363,0.00037341106288407266,2.2628631709420868e-05,34.22933711692944,122.43997847517494,20.0,0.00016123194815212231,0.0007273047485099049,9.167346972220299e-05,0.0009802101663842315,0.0,Germany,DEU,baden-wurttemberg,,,Linux-7.0.0-31-generic-x86_64-with-glibc2.43,3.14.4,3.3.0,24,Intel(R) Core(TM) Ultra 9 285K,1,1 x NVIDIA GeForce RTX 5090,9.2986,48.7383,60.81615447998047,machine,0.0,0.0,0.0,0.0,N
gradient_updates_6,2026-09-19T15:22:58,tdmpc2_Ant-v5_seed14577,4b9949c3-6cf5-4b74-8ec0-183463b8e9e3,17.043377996989875,0.00030729017487265194,1.802989255999588e-05,34.25500384808319,122.51662902191212,20.0,0.0001257419833712841,0.0005862121356359218,9.468763154444693e-05,0.0008066417505516524,0.0,Germany,DEU,baden-wurttemberg,,,Linux-7.0.0-31-generic-x86_64-with-glibc2.43,3.14.4,3.3.0,24,Intel(R) Core(TM) Ultra 9 285K,1,1 x NVIDIA GeForce RTX 5090,9.2986,48.7383,60.81615447998047,machine,0.0,0.0,0.0,0.0,N
rollout_7,2026-09-19T15:23:14,tdmpc2_Ant-v5_seed14577,4b9949c3-6cf5-4b74-8ec0-183463b8e9e3,16.495926673989743,0.0003699416075085551,2.2426245468660608e-05,33.87069567240424,124.4164002110027,20.0,0.0001526849729812131,0.0007267764147544931,9.164140136668332e-05,0.0009711027891023891,0.0,Germany,DEU,baden-wurttemberg,,,Linux-7.0.0-31-generic-x86_64-with-glibc2.43,3.14.4,3.3.0,24,Intel(R) Core(TM) Ultra 9 285K,1,1 x NVIDIA GeForce RTX 5090,9.2986,48.7383,60.81615447998047,machine,0.0,0.0,0.0,0.0,N
gradient_updates_7,2026-09-19T15:23:31,tdmpc2_Ant-v5_seed14577,4b9949c3-6cf5-4b74-8ec0-183463b8e9e3,17.067703101987718,0.00030952552360277285,1.8135165941142902e-05,33.82458342591424,124.43056064821278,20.0,0.00012650344620267727,0.000591188528506148,9.481760293331013e-05,0.0008125095776421384,0.0,Germany,DEU,baden-wurttemberg,,,Linux-7.0.0-31-generic-x86_64-with-glibc2.43,3.14.4,3.3.0,24,Intel(R) Core(TM) Ultra 9 285K,1,1 x NVIDIA GeForce RTX 5090,9.2986,48.7383,60.81615447998047,machine,0.0,0.0,0.0,0.0,N
rollout_8,2026-09-19T15:23:48,tdmpc2_Ant-v5_seed14577,4b9949c3-6cf5-4b74-8ec0-183463b8e9e3,16.48850480299734,0.000371137879837064,2.2508893983812507e-05,33.503721530930456,126.08211631892681,20.0,0.00015389896006351433,0.0007287439163277121,9.16001471999656e-05,0.0009742430235911911,0.0,Germany,DEU,baden-wurttemberg,,,Linux-7.0.0-31-generic-x86_64-with-glibc2.43,3.14.4,3.3.0,24,Intel(R) Core(TM) Ultra 9 285K,1,1 x NVIDIA GeForce RTX 5090,9.2986,48.7383,60.81615447998047,machine,0.0,0.0,0.0,0.0,N
gradient_updates_8,2026-09-19T15:24:03,tdmpc2_Ant-v5_seed14577,4b9949c3-6cf5-4b74-8ec0-183463b8e9e3,15.16683986299904,0.00028577097024206494,1.8841843267196978e-05,33.48723136574301,126.34031460843384,20.0,0.00011079934863940724,0.0005550973885219967,8.425674818330047e-05,0.0007501534853447053,0.0,Germany,DEU,baden-wurttemberg,,,Linux-7.0.0-31-generic-x86_64-with-glibc2.43,3.14.4,3.3.0,24,Intel(R) Core(TM) Ultra 9 285K,1,1 x NVIDIA GeForce RTX 5090,9.2986,48.7383,60.81615447998047,machine,0.0,0.0,0.0,0.0,N
rollout_9,2026-09-19T15:24:19,tdmpc2_Ant-v5_seed14577,4b9949c3-6cf5-4b74-8ec0-183463b8e9e3,16.508334884987562,0.0003739965696350628,2.2655023169126434e-05,33.19651688994043,127.76874448627838,20.0,0.00015997542298023734,0.000730053639597994,9.171806863337737e-05,0.0009817471312116091,0.0,Germany,DEU,baden-wurttemberg,,,Linux-7.0.0-31-generic-x86_64-with-glibc2.43,3.14.4,3.3.0,24,Intel(R) Core(TM) Ultra 9 285K,1,1 x NVIDIA GeForce RTX 5090,9.2986,48.7383,60.81615447998047,machine,0.0,0.0,0.0,0.0,N
gradient_updates_9,2026-09-19T15:24:34,tdmpc2_Ant-v5_seed14577,4b9949c3-6cf5-4b74-8ec0-183463b8e9e3,14.445862792999833,0.000285423605876408,1.975813159820337e-05,33.256412305563536,128.091336687844,20.0,0.00012524017324761286,0.0005437501572216341,8.025131771662725e-05,0.0007492416481858742,0.0,Germany,DEU,baden-wurttemberg,,,Linux-7.0.0-31-generic-x86_64-with-glibc2.43,3.14.4,3.3.0,24,Intel(R) Core(TM) Ultra 9 285K,1,1 x NVIDIA GeForce RTX 5090,9.2986,48.7383,60.81615447998047,machine,0.0,0.0,0.0,0.0,N
rollout_10,2026-09-19T15:24:50,tdmpc2_Ant-v5_seed14577,4b9949c3-6cf5-4b74-8ec0-183463b8e9e3,16.542266575997928,0.0003755248907235404,2.270094390137268e-05,33.182355874706,129.3653657286673,20.0,0.00015892872269843324,0.0007349311435000949,9.189913294451076e-05,0.000985758999143039,0.0,Germany,DEU,baden-wurttemberg,,,Linux-7.0.0-31-generic-x86_64-with-glibc2.43,3.14.4,3.3.0,24,Intel(R) Core(TM) Ultra 9 285K,1,1 x NVIDIA GeForce RTX 5090,9.2986,48.7383,60.81615447998047,machine,0.0,0.0,0.0,0.0,N
gradient_updates_10,2026-09-19T15:25:05,tdmpc2_Ant-v5_seed14577,4b9949c3-6cf5-4b74-8ec0-183463b8e9e3,14.557072522002272,0.00028365893382441797,1.9486008786355483e-05,33.222075550161975,129.5848237278101,20.0,0.00011758176656533753,0.000546158492482185,8.086909605004196e-05,0.0007446093550975662,0.0,Germany,DEU,baden-wurttemberg,,,Linux-7.0.0-31-generic-x86_64-with-glibc2.43,3.14.4,3.3.0,24,Intel(R) Core(TM) Ultra 9 285K,1,1 x NVIDIA GeForce RTX 5090,9.2986,48.7383,60.81615447998047,machine,0.0,0.0,0.0,0.0,N
rollout_11,2026-09-19T15:25:21,tdmpc2_Ant-v5_seed14577,4b9949c3-6cf5-4b74-8ec0-183463b8e9e3,16.504490769002587,0.00037233386553349457,2.25595558217566e-05,33.07925248179446,130.6802170375436,20.0,0.00015603154176957804,0.0007296625281743019,9.16884357222039e-05,0.0009773825056660843,0.0,Germany,DEU,baden-wurttemberg,,,Linux-7.0.0-31-generic-x86_64-with-glibc2.43,3.14.4,3.3.0,24,Intel(R) Core(TM) Ultra 9 285K,1,1 x NVIDIA GeForce RTX 5090,9.2986,48.7383,60.81615447998047,machine,0.0,0.0,0.0,0.0,N
gradient_updates_11,2026-09-19T15:25:36,tdmpc2_Ant-v5_seed14577,4b9949c3-6cf5-4b74-8ec0-183463b8e9e3,14.481664316001115,0.00028535334209087854,1.970446670293271e-05,33.10319236278113,130.88398076564212,20.0,0.00011998878571317477,0.0005486179388940471,8.045047998885913e-05,0.000749057204596084,0.0,Germany,DEU,baden-wurttemberg,,,Linux-7.0.0-31-generic-x86_64-with-glibc2.43,3.14.4,3.3.0,24,Intel(R) Core(TM) Ultra 9 285K,1,1 x NVIDIA GeForce RTX 5090,9.2986,48.7383,60.81615447998047,machine,0.0,0.0,0.0,0.0,N
rollout_12,2026-09-19T15:25:52,tdmpc2_Ant-v5_seed14577,4b9949c3-6cf5-4b74-8ec0-183463b8e9e3,16.50824224599637,0.00037200148160581106,2.2534296048133075e-05,32.9980672426084,131.86024375462,20.0,0.0001547687602037988,0.0007300272506878258,9.171398151108096e-05,0.0009765099924027056,0.0,Germany,DEU,baden-wurttemberg,,,Linux-7.0.0-31-generic-x86_64-with-glibc2.43,3.14.4,3.3.0,24,Intel(R) Core(TM) Ultra 9 285K,1,1 x NVIDIA GeForce RTX 5090,9.2986,48.7383,60.81615447998047,machine,0.0,0.0,0.0,0.0,N
gradient_updates_12,2026-09-19T15:26:07,tdmpc2_Ant-v5_seed14577,4b9949c3-6cf5-4b74-8ec0-183463b8e9e3,14.420902570011094,0.0002862213667562154,1.9847686581790758e-05,33.017363231427595,132.00958541775373,20.0,0.00012509345201912672,0.0005461301591256351,8.011217243895051e-05,0.0007513357835837141,0.0,Germany,DEU,baden-wurttemberg,,,Linux-7.0.0-31-generic-x86_64-with-glibc2.43,3.14.4,3.3.0,24,Intel(R) Core(TM) Ultra 9 285K,1,1 x NVIDIA GeForce RTX 5090,9.2986,48.7383,60.81615447998047,machine,0.0,0.0,0.0,0.0,N
rollout_13,2026-09-19T15:26:23,tdmpc2_Ant-v5_seed14577,4b9949c3-6cf5-4b74-8ec0-183463b8e9e3,16.491974541990203,0.0003722229347155326,2.2569949174935424e-05,32.96454112301967,132.89345168415537,20.0,0.00015521607945054132,0.0007302555842039204,9.161964679450536e-05,0.0009770913104489645,0.0,Germany,DEU,baden-wurttemberg,,,Linux-7.0.0-31-generic-x86_64-with-glibc2.43,3.14.4,3.3.0,24,Intel(R) Core(TM) Ultra 9 285K,1,1 x NVIDIA GeForce RTX 5090,9.2986,48.7383,60.81615447998047,machine,0.0,0.0,0.0,0.0,N
gradient_updates_13,2026-09-19T15:26:38,tdmpc2_Ant-v5_seed14577,4b9949c3-6cf5-4b74-8ec0-183463b8e9e3,14.43701691798924,0.00028689252176749246,1.987198692749521e-05,32.986596492010776,133.02258258600855,20.0,0.00012340413733434065,0.0005494912729262502,8.020216623893552e-05,0.0007530975764995229,0.0,Germany,DEU,baden-wurttemberg,,,Linux-7.0.0-31-generic-x86_64-with-glibc2.43,3.14.4,3.3.0,24,Intel(R) Core(TM) Ultra 9 285K,1,1 x NVIDIA GeForce RTX 5090,9.2986,48.7383,60.81615447998047,machine,0.0,0.0,0.0,0.0,N
rollout_14,2026-09-19T15:26:54,tdmpc2_Ant-v5_seed14577,4b9949c3-6cf5-4b74-8ec0-183463b8e9e3,16.50851416500518,0.00037248931339109274,2.2563473646995503e-05,32.92549718597737,133.81078587090883,20.0,0.00015689945996391272,0.0007291889166842758,9.17021821944218e-05,0.0009777905588426103,0.0,Germany,DEU,baden-wurttemberg,,,Linux-7.0.0-31-generic-x86_64-with-glibc2.43,3.14.4,3.3.0,24,Intel(R) Core(TM) Ultra 9 285K,1,1 x NVIDIA GeForce RTX 5090,9.2986,48.7383,60.81615447998047,machine,0.0,0.0,0.0,0.0,N
gradient_updates_14,2026-09-19T15:27:09,tdmpc2_Ant-v5_seed14577,4b9949c3-6cf5-4b74-8ec0-183463b8e9e3,14.464538718006224,0.0002869234577023306,1.983635166044918e-05,32.95725468518319,133.88483771163249,20.0,0.00012508451701197763,0.0005477390493018319,8.035521752220408e-05,0.0007531787838360171,0.0,Germany,DEU,baden-wurttemberg,,,Linux-7.0.0-31-generic-x86_64-with-glibc2.43,3.14.4,3.3.0,24,Intel(R) Core(TM) Ultra 9 285K,1,1 x NVIDIA GeForce RTX 5090,9.2986,48.7383,60.81615447998047,machine,0.0,0.0,0.0,0.0,N
rollout_15,2026-09-19T15:27:25,tdmpc2_Ant-v5_seed14577,4b9949c3-6cf5-4b74-8ec0-183463b8e9e3,16.483722354998463,0.0003714779476512754,2.2536055689562857e-05,32.909952268182494,134.5987924694119,20.0,0.00015612974018146958,0.0007274325263901815,9.157344061111678e-05,0.0009751357071827657,0.0,Germany,DEU,baden-wurttemberg,,,Linux-7.0.0-31-generic-x86_64-with-glibc2.43,3.14.4,3.3.0,24,Intel(R) Core(TM) Ultra 9 285K,1,1 x NVIDIA GeForce RTX 5090,9.2986,48.7383,60.81615447998047,machine,0.0,0.0,0.0,0.0,N
gradient_updates_15,2026-09-19T15:27:40,tdmpc2_Ant-v5_seed14577,4b9949c3-6cf5-4b74-8ec0-183463b8e9e3,14.457275167005719,0.0002858862156280388,1.97745693126472e-05,32.936842583696546,134.63828517387404,20.0,0.00012391372913090302,0.0005462273814260676,8.031489581666797e-05,0.0007504560063736412,0.0,Germany,DEU,baden-wurttemberg,,,Linux-7.0.0-31-generic-x86_64-with-glibc2.43,3.14.4,3.3.0,24,Intel(R) Core(TM) Ultra 9 285K,1,1 x NVIDIA GeForce RTX 5090,9.2986,48.7383,60.81615447998047,machine,0.0,0.0,0.0,0.0,N
rollout_16,2026-09-19T15:27:56,tdmpc2_Ant-v5_seed14577,4b9949c3-6cf5-4b74-8ec0-183463b8e9e3,16.493513967012404,0.00037290912197211583,2.26094559298457e-05,32.88552107674169,135.31396843788883,20.0,0.00015588760054331338,0.0007313764184342375,9.162854427777331e-05,0.0009788925632553264,0.0,Germany,DEU,baden-wurttemberg,,,Linux-7.0.0-31-generic-x86_64-with-glibc2.43,3.14.4,3.3.0,24,Intel(R) Core(TM) Ultra 9 285K,1,1 x NVIDIA GeForce RTX 5090,9.2986,48.7383,60.81615447998047,machine,0.0,0.0,0.0,0.0,N
gradient_updates_16,2026-09-19T15:28:11,tdmpc2_Ant-v5_seed14577,4b9949c3-6cf5-4b74-8ec0-183463b8e9e3,14.538033097996959,0.0002852793197405945,1.9622979935705114e-05,32.907884526565525,135.32427648557737,20.0,0.000120093867741684,0.000548005716181521,8.076331078894642e-05,0.0007488628947121545,0.0,Germany,DEU,baden-wurttemberg,,,Linux-7.0.0-31-generic-x86_64-with-glibc2.43,3.14.4,3.3.0,24,Intel(R) Core(TM) Ultra 9 285K,1,1 x NVIDIA GeForce RTX 5090,9.2986,48.7383,60.81615447998047,machine,0.0,0.0,0.0,0.0,N
rollout_17,2026-09-19T15:28:27,tdmpc2_Ant-v5_seed14577,4b9949c3-6cf5-4b74-8ec0-183463b8e9e3,16.51770111299993,0.00037507043645241406,2.2707184209434295e-05,32.833097767565214,135.96938059613012,20.0,0.00015647775851544005,0.0007363253112822044,9.176297942774681e-05,0.0009845660492253938,0.0,Germany,DEU,baden-wurttemberg,,,Linux-7.0.0-31-generic-x86_64-with-glibc2.43,3.14.4,3.3.0,24,Intel(R) Core(TM) Ultra 9 285K,1,1 x NVIDIA GeForce RTX 5090,9.2986,48.7383,60.81615447998047,machine,0.0,0.0,0.0,0.0,N
gradient_updates_17,2026-09-19T15:28:42,tdmpc2_Ant-v5_seed14577,4b9949c3-6cf5-4b74-8ec0-183463b8e9e3,14.446742649000953,0.0002864200096317458,1.9825900143040147e-05,32.85966076637882,135.97810545014718,20.0,0.00012457594243845023,0.0005470248820635959,8.025639988894304e-05,0.0007518572243909866,0.0,Germany,DEU,baden-wurttemberg,,,Linux-7.0.0-31-generic-x86_64-with-glibc2.43,3.14.4,3.3.0,24,Intel(R) Core(TM) Ultra 9 285K,1,1 x NVIDIA GeForce RTX 5090,9.2986,48.7383,60.81615447998047,machine,0.0,0.0,0.0,0.0,N
rollout_18,2026-09-19T15:28:58,tdmpc2_Ant-v5_seed14577,4b9949c3-6cf5-4b74-8ec0-183463b8e9e3,16.50229929400666,0.0003737815837973543,2.2650282631227238e-05,32.82014749235201,136.55419048413634,20.0,0.00015793452968085667,0.0007315716963685048,9.167656381113293e-05,0.0009811827898604936,0.0,Germany,DEU,baden-wurttemberg,,,Linux-7.0.0-31-generic-x86_64-with-glibc2.43,3.14.4,3.3.0,24,Intel(R) Core(TM) Ultra 9 285K,1,1 x NVIDIA GeForce RTX 5090,9.2986,48.7383,60.81615447998047,machine,0.0,0.0,0.0,0.0,N
gradient_updates_18,2026-09-19T15:29:13,tdmpc2_Ant-v5_seed14577,4b9949c3-6cf5-4b74-8ec0-183463b8e9e3,14.602486157004023,0.0002849476691297939,1.951365482218234e-05,32.849142273839846,136.544063430019,20.0,0.00011471271260343058,0.0005521573861697604,8.112220764443148e-05,0.0007479923064176233,0.0,Germany,DEU,baden-wurttemberg,,,Linux-7.0.0-31-generic-x86_64-with-glibc2.43,3.14.4,3.3.0,24,Intel(R) Core(TM) Ultra 9 285K,1,1 x NVIDIA GeForce RTX 5090,9.2986,48.7383,60.81615447998047,machine,0.0,0.0,0.0,0.0,N
rollout_19,2026-09-19T15:29:29,tdmpc2_Ant-v5_seed14577,4b9949c3-6cf5-4b74-8ec0-183463b8e9e3,16.527566735996515,0.00037400929354182606,2.2629430144912652e-05,32.75028571017159,137.0919264119945,20.0,0.00015495335757369742,0.0007350100324519104,9.181714165000174e-05,0.0009817805316756148,0.0,Germany,DEU,baden-wurttemberg,,,Linux-7.0.0-31-generic-x86_64-with-glibc2.43,3.14.4,3.3.0,24,Intel(R) Core(TM) Ultra 9 285K,1,1 x NVIDIA GeForce RTX 5090,9.2986,48.7383,60.81615447998047,machine,0.0,0.0,0.0,0.0,N
gradient_updates_19,2026-09-19T15:29:44,tdmpc2_Ant-v5_seed14577,4b9949c3-6cf5-4b74-8ec0-183463b8e9e3,14.46555022499524,0.0002864065352589096,1.9799227614277908e-05,32.768824848058735,137.068921895941,20.0,0.00012468399141378136,0.0005467771040885694,8.036075843887748e-05,0.000751821853941223,0.0,Germany,DEU,baden-wurttemberg,,,Linux-7.0.0-31-generic-x86_64-with-glibc2.43,3.14.4,3.3.0,24,Intel(R) Core(TM) Ultra 9 285K,1,1 x NVIDIA GeForce RTX 5090,9.2986,48.7383,60.81615447998047,machine,0.0,0.0,0.0,0.0,N
rollout_20,2026-09-19T15:30:00,tdmpc2_Ant-v5_seed14577,4b9949c3-6cf5-4b74-8ec0-183463b8e9e3,16.552599031012505,0.00037749250651793013,2.2805639407917787e-05,32.73558626585762,137.5847242813685,20.0,0.00016202609906522045,0.0007369417006639623,9.195622315552685e-05,0.0009909240228847122,0.0,Germany,DEU,baden-wurttemberg,,,Linux-7.0.0-31-generic-x86_64-with-glibc2.43,3.14.4,3.3.0,24,Intel(R) Core(TM) Ultra 9 285K,1,1 x NVIDIA GeForce RTX 5090,9.2986,48.7383,60.81615447998047,machine,0.0,0.0,0.0,0.0,N
gradient_updates_20,2026-09-19T15:30:15,tdmpc2_Ant-v5_seed14577,4b9949c3-6cf5-4b74-8ec0-183463b8e9e3,14.522266729007242,0.0002858484463038116,1.9683475894365203e-05,32.78201905677113,137.55510218139233,20.0,0.00012018531864817911,0.000549495717374171,8.067582525553806e-05,0.0007503568612778899,0.0,Germany,DEU,baden-wurttemberg,,,Linux-7.0.0-31-generic-x86_64-with-glibc2.43,3.14.4,3.3.0,24,Intel(R) Core(TM) Ultra 9 285K,1,1 x NVIDIA GeForce RTX 5090,9.2986,48.7383,60.81615447998047,machine,0.0,0.0,0.0,0.0,N
rollout_21,2026-09-19T15:30:31,tdmpc2_Ant-v5_seed14577,4b9949c3-6cf5-4b74-8ec0-183463b8e9e3,16.50092622199736,0.0003749546340339992,2.272325251200494e-05,32.72442551616333,138.03401703939434,20.0,0.00015886177070042334,0.0007337222536434318,9.16780416333092e-05,0.0009842620659771609,0.0,Germany,DEU,baden-wurttemberg,,,Linux-7.0.0-31-generic-x86_64-with-glibc2.43,3.14.4,3.3.0,24,Intel(R) Core(TM) Ultra 9 285K,1,1 x NVIDIA GeForce RTX 5090,9.2986,48.7383,60.81615447998047,machine,0.0,0.0,0.0,0.0,N
gradient_updates_21,2026-09-19T15:30:46,tdmpc2_Ant-v5_seed14577,4b9949c3-6cf5-4b74-8ec0-183463b8e9e3,14.455398599995533,0.00028775062323901923,1.9906075608650324e-05,32.759118981125496,138.0207319516585,20.0,0.00012340817261534756,0.0005516429413141566,8.02989930110921e-05,0.0007553501069405902,0.0,Germany,DEU,baden-wurttemberg,,,Linux-7.0.0-31-generic-x86_64-with-glibc2.43,3.14.4,3.3.0,24,Intel(R) Core(TM) Ultra 9 285K,1,1 x NVIDIA GeForce RTX 5090,9.2986,48.7383,60.81615447998047,machine,0.0,0.0,0.0,0.0,N
rollout_22,2026-09-19T15:31:02,tdmpc2_Ant-v5_seed14577,4b9949c3-6cf5-4b74-8ec0-183463b8e9e3,16.505691324011423,0.00037428302893366405,2.267600776073089e-05,32.72152392508335,138.47694612591042,20.0,0.00015551398163330885,0.0007352894771202045,9.169563281668375e-05,0.0009824990915701937,0.0,Germany,DEU,baden-wurttemberg,,,Linux-7.0.0-31-generic-x86_64-with-glibc2.43,3.14.4,3.3.0,24,Intel(R) Core(TM) Ultra 9 285K,1,1 x NVIDIA GeForce RTX 5090,9.2986,48.7383,60.81615447998047,machine,0.0,0.0,0.0,0.0,N
gradient_updates_22,2026-09-19T15:31:17,tdmpc2_Ant-v5_seed14577,4b9949c3-6cf5-4b74-8ec0-183463b8e9e3,14.483351775998017,0.00028824680610481726,1.9901957722096173e-05,32.74133907119658,138.45131980083852,20.0,0.00012425679690536082,0.0005519365526596154,8.045924553888584e-05,0.0007566525951038655,0.0,Germany,DEU,baden-wurttemberg,,,Linux-7.0.0-31-generic-x86_64-with-glibc2.43,3.14.4,3.3.0,24,Intel(R) Core(TM) Ultra 9 285K,1,1 x NVIDIA GeForce RTX 5090,9.2986,48.7383,60.81615447998047,machine,0.0,0.0,0.0,0.0,N
rollout_23,2026-09-19T15:31:33,tdmpc2_Ant-v5_seed14577,4b9949c3-6cf5-4b74-8ec0-183463b8e9e3,16.488855577990762,0.0003747915572911188,2.273000463566829e-05,32.70898712729401,138.88061711236938,20.0,0.0001578281762624409,0.0007344036430780854,9.160216751107411e-05,0.0009838339868516038,0.0,Germany,DEU,baden-wurttemberg,,,Linux-7.0.0-31-generic-x86_64-with-glibc2.43,3.14.4,3.3.0,24,Intel(R) Core(TM) Ultra 9 285K,1,1 x NVIDIA GeForce RTX 5090,9.2986,48.7383,60.81615447998047,machine,0.0,0.0,0.0,0.0,N
gradient_updates_23,2026-09-19T15:31:48,tdmpc2_Ant-v5_seed14577,4b9949c3-6cf5-4b74-8ec0-183463b8e9e3,14.470287313000881,0.00028592492986060855,1.9759464393271466e-05,32.73754376006863,138.82869685374368,20.0,0.00012280879130251166,0.0005473618267779479,8.03870137888428e-05,0.0007505576318692989,0.0,Germany,DEU,baden-wurttemberg,,,Linux-7.0.0-31-generic-x86_64-with-glibc2.43,3.14.4,3.3.0,24,Intel(R) Core(TM) Ultra 9 285K,1,1 x NVIDIA GeForce RTX 5090,9.2986,48.7383,60.81615447998047,machine,0.0,0.0,0.0,0.0,N
rollout_24,2026-09-19T15:32:04,tdmpc2_Ant-v5_seed14577,4b9949c3-6cf5-4b74-8ec0-183463b8e9e3,16.492647755003418,0.00037356207970389715,2.265022662980931e-05,32.69975115078843,139.2346020604991,20.0,0.00015442737076401883,0.0007345558654221485,9.162335182772915e-05,0.0009806065880139034,0.0,Germany,DEU,baden-wurttemberg,,,Linux-7.0.0-31-generic-x86_64-with-glibc2.43,3.14.4,3.3.0,24,Intel(R) Core(TM) Ultra 9 285K,1,1 x NVIDIA GeForce RTX 5090,9.2986,48.7383,60.81615447998047,machine,0.0,0.0,0.0,0.0,N
gradient_updates_24,2026-09-19T15:32:19,tdmpc2_Ant-v5_seed14577,4b9949c3-6cf5-4b74-8ec0-183463b8e9e3,14.472913656005403,0.0002884641280207524,1.993132568001954e-05,32.71507993690143,139.19860257960605,20.0,0.00012487118239686706,0.0005519468304462372,8.040505585554976e-05,0.0007572230686986522,0.0,Germany,DEU,baden-wurttemberg,,,Linux-7.0.0-31-generic-x86_64-with-glibc2.43,3.14.4,3.3.0,24,Intel(R) Core(TM) Ultra 9 285K,1,1 x NVIDIA GeForce RTX 5090,9.2986,48.7383,60.81615447998047,machine,0.0,0.0,0.0,0.0,N
rollout_25,2026-09-19T15:32:35,tdmpc2_Ant-v5_seed14577,4b9949c3-6cf5-4b74-8ec0-183463b8e9e3,16.5031947420066,0.0003759278643984884,2.2779108522069738e-05,32.688852001199216,139.5860762436012,20.0,0.00015933775941455106,0.0007357969775254602,9.168207471108546e-05,0.000986816811651102,0.0,Germany,DEU,baden-wurttemberg,,,Linux-7.0.0-31-generic-x86_64-with-glibc2.43,3.14.4,3.3.0,24,Intel(R) Core(TM) Ultra 9 285K,1,1 x NVIDIA GeForce RTX 5090,9.2986,48.7383,60.81615447998047,machine,0.0,0.0,0.0,0.0,N
gradient_updates_25,2026-09-19T15:32:50,tdmpc2_Ant-v5_seed14577,4b9949c3-6cf5-4b74-8ec0-183463b8e9e3,14.563847162993625,0.00029049336686996427,1.9946175184499687e-05,32.72148048417855,139.54528228425048,20.0,0.00012620791791069855,0.0005554351665706392,8.090676948890613e-05,0.000762549853970243,0.0,Germany,DEU,baden-wurttemberg,,,Linux-7.0.0-31-generic-x86_64-with-glibc2.43,3.14.4,3.3.0,24,Intel(R) Core(TM) Ultra 9 285K,1,1 x NVIDIA GeForce RTX 5090,9.2986,48.7383,60.81615447998047,machine,0.0,0.0,0.0,0.0,N
rollout_26,2026-09-19T15:33:06,tdmpc2_Ant-v5_seed14577,4b9949c3-6cf5-4b74-8ec0-183463b8e9e3,16.517220157998963,0.00037566426014824447,2.274380155455512e-05,32.69822440604289,139.90916222911318,20.0,0.00015897146439929413,0.0007353939216478977,9.1759460122234e-05,0.000986124846169431,0.0,Germany,DEU,baden-wurttemberg,,,Linux-7.0.0-31-generic-x86_64-with-glibc2.43,3.14.4,3.3.0,24,Intel(R) Core(TM) Ultra 9 285K,1,1 x NVIDIA GeForce RTX 5090,9.2986,48.7383,60.81615447998047,machine,0.0,0.0,0.0,0.0,N
gradient_updates_26,2026-09-19T15:33:23,tdmpc2_Ant-v5_seed14577,4b9949c3-6cf5-4b74-8ec0-183463b8e9e3,17.09652906098927,0.00031292464990292576,1.8303416131967776e-05,32.72416066915861,139.6741498833174,20.0,0.00012677642558772684,0.0005996790908540106,9.497682350556678e-05,0.0008214323399473034,0.0,Germany,DEU,baden-wurttemberg,,,Linux-7.0.0-31-generic-x86_64-with-glibc2.43,3.14.4,3.3.0,24,Intel(R) Core(TM) Ultra 9 285K,1,1 x NVIDIA GeForce RTX 5090,9.2986,48.7383,60.81615447998047,machine,0.0,0.0,0.0,0.0,N
rollout_27,2026-09-19T15:33:40,tdmpc2_Ant-v5_seed14577,4b9949c3-6cf5-4b74-8ec0-183463b8e9e3,16.5160123030073,0.0003746666928970341,2.2685064534040913e-05,32.629365804808835,140.0223604183019,20.0,0.00015672515399113573,0.0007350283657996393,9.175269597779152e-05,0.0009835062157685648,0.0,Germany,DEU,baden-wurttemberg,,,Linux-7.0.0-31-generic-x86_64-with-glibc2.43,3.14.4,3.3.0,24,Intel(R) Core(TM) Ultra 9 285K,1,1 x NVIDIA GeForce RTX 5090,9.2986,48.7383,60.81615447998047,machine,0.0,0.0,0.0,0.0,N
gradient_updates_27,2026-09-19T15:33:57,tdmpc2_Ant-v5_seed14577,4b9949c3-6cf5-4b74-8ec0-183463b8e9e3,17.080920668988256,0.00031214350306476776,1.8274411015440393e-05,32.647696922839025,139.7926929946966,20.0,0.0001255266481990161,0.0005989643680601731,9.489080042217757e-05,0.0008193818166813693,0.0,Germany,DEU,baden-wurttemberg,,,Linux-7.0.0-31-generic-x86_64-with-glibc2.43,3.14.4,3.3.0,24,Intel(R) Core(TM) Ultra 9 285K,1,1 x NVIDIA GeForce RTX 5090,9.2986,48.7383,60.81615447998047,machine,0.0,0.0,0.0,0.0,N
rollout_28,2026-09-19T15:34:14,tdmpc2_Ant-v5_seed14577,4b9949c3-6cf5-4b74-8ec0-183463b8e9e3,16.496958367002662,0.0003742468534016878,2.268581804994256e-05,32.55375356280999,140.12462669362102,20.0,0.00015738941896698694,0.0007333675311382848,9.164718009997165e-05,0.0009824041302052416,0.0,Germany,DEU,baden-wurttemberg,,,Linux-7.0.0-31-generic-x86_64-with-glibc2.43,3.14.4,3.3.0,24,Intel(R) Core(TM) Ultra 9 285K,1,1 x NVIDIA GeForce RTX 5090,9.2986,48.7383,60.81615447998047,machine,0.0,0.0,0.0,0.0,N
gradient_updates_28,2026-09-19T15:34:29,tdmpc2_Ant-v5_seed14577,4b9949c3-6cf5-4b74-8ec0-183463b8e9e3,15.497034998988966,0.00029476422389469736,1.9020697225048903e-05,32.575857715092305,139.99495747710705,20.0,0.00011909596166558359,0.0005685735104137279,8.609145165003936e-05,0.0007737609237293552,0.0,Germany,DEU,baden-wurttemberg,,,Linux-7.0.0-31-generic-x86_64-with-glibc2.43,3.14.4,3.3.0,24,Intel(R) Core(TM) Ultra 9 285K,1,1 x NVIDIA GeForce RTX 5090,9.2986,48.7383,60.81615447998047,machine,0.0,0.0,0.0,0.0,N
rollout_29,2026-09-19T15:34:46,tdmpc2_Ant-v5_seed14577,4b9949c3-6cf5-4b74-8ec0-183463b8e9e3,16.490436220003176,0.00037410748348442463,2.268634253673265e-05,32.503963781537934,140.31564929744673,20.0,0.00015662804058010765,0.0007337994759279987,9.161076537776442e-05,0.0009820382818858733,0.0,Germany,DEU,baden-wurttemberg,,,Linux-7.0.0-31-generic-x86_64-with-glibc2.43,3.14.4,3.3.0,24,Intel(R) Core(TM) Ultra 9 285K,1,1 x NVIDIA GeForce RTX 5090,9.2986,48.7383,60.81615447998047,machine,0.0,0.0,0.0,0.0,N
gradient_updates_29,2026-09-19T15:35:00,tdmpc2_Ant-v5_seed14577,4b9949c3-6cf5-4b74-8ec0-183463b8e9e3,14.502189517006627,0.00028801310715630135,1.985995532408799e-05,32.52698189746269,140.25869312516255,20.0,0.00012493745661655217,0.0005505379404300292,8.056373448327766e-05,0.0007560391315298634,0.0,Germany,DEU,baden-wurttemberg,,,Linux-7.0.0-31-generic-x86_64-with-glibc2.43,3.14.4,3.3.0,24,Intel(R) Core(TM) Ultra 9 285K,1,1 x NVIDIA GeForce RTX 5090,9.2986,48.7383,60.81615447998047,machine,0.0,0.0,0.0,0.0,N
rollout_30,2026-09-19T15:35:17,tdmpc2_Ant-v5_seed14577,4b9949c3-6cf5-4b74-8ec0-183463b8e9e3,16.543437867003377,0.0003764399976495386,2.2754650807091614e-05,32.50678944079025,140.57084078922344,20.0,0.00015848687984496013,0.0007377686457701316,9.190564422226297e-05,0.0009881611698373538,0.0,Germany,DEU,baden-wurttemberg,,,Linux-7.0.0-31-generic-x86_64-with-glibc2.43,3.14.4,3.3.0,24,Intel(R) Core(TM) Ultra 9 285K,1,1 x NVIDIA GeForce RTX 5090,9.2986,48.7383,60.81615447998047,machine,0.0,0.0,0.0,0.0,N
gradient_updates_30,2026-09-19T15:35:31,tdmpc2_Ant-v5_seed14577,4b9949c3-6cf5-4b74-8ec0-183463b8e9e3,14.53554939100286,0.00028699581911446545,1.9744421201359946e-05,32.532648058935,140.50388693386265,20.0,0.00012287514996670718,0.000549740162013368,8.075342174997807e-05,0.0007533687337300532,0.0,Germany,DEU,baden-wurttemberg,,,Linux-7.0.0-31-generic-x86_64-with-glibc2.43,3.14.4,3.3.0,24,Intel(R) Core(TM) Ultra 9 285K,1,1 x NVIDIA GeForce RTX 5090,9.2986,48.7383,60.81615447998047,machine,0.0,0.0,0.0,0.0,N
rollout_31,2026-09-19T15:35:48,tdmpc2_Ant-v5_seed14577,4b9949c3-6cf5-4b74-8ec0-183463b8e9e3,16.48300163100066,0.0003740808268531473,2.2694957407573878e-05,32.504429620534374,140.80037148596318,20.0,0.0001560949165425006,0.0007342975318822553,9.157585936668024e-05,0.000981968307791431,0.0,Germany,DEU,baden-wurttemberg,,,Linux-7.0.0-31-generic-x86_64-with-glibc2.43,3.14.4,3.3.0,24,Intel(R) Core(TM) Ultra 9 285K,1,1 x NVIDIA GeForce RTX 5090,9.2986,48.7383,60.81615447998047,machine,0.0,0.0,0.0,0.0,N
gradient_updates_31,2026-09-19T15:36:02,tdmpc2_Ant-v5_seed14577,4b9949c3-6cf5-4b74-8ec0-183463b8e9e3,14.673093699006131,0.0002858536007362897,1.948148387255724e-05,32.521606136962504,140.73316365806014,20.0,0.00011369095178602462,0.0005551746108061195,8.150482915556933e-05,0.0007503703917477109,0.0,Germany,DEU,baden-wurttemberg,,,Linux-7.0.0-31-generic-x86_64-with-glibc2.43,3.14.4,3.3.0,24,Intel(R) Core(TM) Ultra 9 285K,1,1 x NVIDIA GeForce RTX 5090,9.2986,48.7383,60.81615447998047,machine,0.0,0.0,0.0,0.0,N
rollout_32,2026-09-19T15:36:19,tdmpc2_Ant-v5_seed14577,4b9949c3-6cf5-4b74-8ec0-183463b8e9e3,16.496649529988645,0.0003730861981593864,2.261588933610723e-05,32.45929109452735,141.01531303943028,20.0,0.0001536819973899442,0.0007340366983399349,9.163869542220138e-05,0.000979357391152083,0.0,Germany,DEU,baden-wurttemberg,,,Linux-7.0.0-31-generic-x86_64-with-glibc2.43,3.14.4,3.3.0,24,Intel(R) Core(TM) Ultra 9 285K,1,1 x NVIDIA GeForce RTX 5090,9.2986,48.7383,60.81615447998047,machine,0.0,0.0,0.0,0.0,N
gradient_updates_32,2026-09-19T15:36:35,tdmpc2_Ant-v5_seed14577,4b9949c3-6cf5-4b74-8ec0-183463b8e9e3,16.334048601987888,0.0003039811923317044,1.86102904716428e-05,32.469643807495586,140.83329236040467,20.0,0.0001252231854562448,0.0005819910211481982,9.074141048889296e-05,0.0007979556170933308,0.0,Germany,DEU,baden-wurttemberg,,,Linux-7.0.0-31-generic-x86_64-with-glibc2.43,3.14.4,3.3.0,24,Intel(R) Core(TM) Ultra 9 285K,1,1 x NVIDIA GeForce RTX 5090,9.2986,48.7383,60.81615447998047,machine,0.0,0.0,0.0,0.0,N
rollout_33,2026-09-19T15:36:52,tdmpc2_Ant-v5_seed14577,4b9949c3-6cf5-4b74-8ec0-183463b8e9e3,16.49575793700933,0.000375659044354576,2.2773075787534513e-05,32.4071844331413,141.10518108805502,20.0,0.00016070655523180502,0.0007337633647881425,9.16412346055346e-05,0.000986111154625477,0.0,Germany,DEU,baden-wurttemberg,,,Linux-7.0.0-31-generic-x86_64-with-glibc2.43,3.14.4,3.3.0,24,Intel(R) Core(TM) Ultra 9 285K,1,1 x NVIDIA GeForce RTX 5090,9.2986,48.7383,60.81615447998047,machine,0.0,0.0,0.0,0.0,N
gradient_updates_33,2026-09-19T15:37:09,tdmpc2_Ant-v5_seed14577,4b9949c3-6cf5-4b74-8ec0-183463b8e9e3,17.1154797939962,0.00031089054782041867,1.8164268321194027e-05,32.43749317095146,140.8840735901446,20.0,0.0001258207523231851,0.0005951840872575609,9.508794902778582e-05,0.0008160927886085301,0.0,Germany,DEU,baden-wurttemberg,,,Linux-7.0.0-31-generic-x86_64-with-glibc2.43,3.14.4,3.3.0,24,Intel(R) Core(TM) Ultra 9 285K,1,1 x NVIDIA GeForce RTX 5090,9.2986,48.7383,60.81615447998047,machine,0.0,0.0,0.0,0.0,N
rollout_34,2026-09-19T15:37:25,tdmpc2_Ant-v5_seed14577,4b9949c3-6cf5-4b74-8ec0-183463b8e9e3,16.51180031900003,0.000374222985326713,2.266398075115998e-05,32.36202876059711,141.14231588219366,20.0,0.00015792137328144232,0.0007326836417020921,9.173646113332448e-05,0.000982341476116852,0.0,Germany,DEU,baden-wurttemberg,,,Linux-7.0.0-31-generic-x86_64-with-glibc2.43,3.14.4,3.3.0,24,Intel(R) Core(TM) Ultra 9 285K,1,1 x NVIDIA GeForce RTX 5090,9.2986,48.7383,60.81615447998047,machine,0.0,0.0,0.0,0.0,N
gradient_updates_34,2026-09-19T15:37:42,tdmpc2_Ant-v5_seed14577,4b9949c3-6cf5-4b74-8ec0-183463b8e9e3,17.1615545090026,0.00031366768363737946,1.8277359350846864e-05,32.384097532234364,140.93800751480123,20.0,0.00012729922461707233,0.0006007454805958545,9.533811047779915e-05,0.0008233828156907208,0.0,Germany,DEU,baden-wurttemberg,,,Linux-7.0.0-31-generic-x86_64-with-glibc2.43,3.14.4,3.3.0,24,Intel(R) Core(TM) Ultra 9 285K,1,1 x NVIDIA GeForce RTX 5090,9.2986,48.7383,60.81615447998047,machine,0.0,0.0,0.0,0.0,N
rollout_35,2026-09-19T15:37:59,tdmpc2_Ant-v5_seed14577,4b9949c3-6cf5-4b74-8ec0-183463b8e9e3,16.505019919000915,0.0003733399785228325,2.2619792077999935e-05,32.31387277094167,141.19181991744674,20.0,0.00015490534309084078,0.0007334255867399442,9.169263893895208e-05,0.0009800235687697362,0.0,Germany,DEU,baden-wurttemberg,,,Linux-7.0.0-31-generic-x86_64-with-glibc2.43,3.14.4,3.3.0,24,Intel(R) Core(TM) Ultra 9 285K,1,1 x NVIDIA GeForce RTX 5090,9.2986,48.7383,60.81615447998047,machine,0.0,0.0,0.0,0.0,N
gradient_updates_35,2026-09-19T15:38:16,tdmpc2_Ant-v5_seed14577,4b9949c3-6cf5-4b74-8ec0-183463b8e9e3,17.251136391991167,0.00031104426568989013,1.8030375404615683e-05,32.326439656757245,140.9901475209472,20.0,0.00011757479850420943,0.0006030904824725347,9.583101956110729e-05,0.0008164963005378445,0.0,Germany,DEU,baden-wurttemberg,,,Linux-7.0.0-31-generic-x86_64-with-glibc2.43,3.14.4,3.3.0,24,Intel(R) Core(TM) Ultra 9 285K,1,1 x NVIDIA GeForce RTX 5090,9.2986,48.7383,60.81615447998047,machine,0.0,0.0,0.0,0.0,N
rollout_36,2026-09-19T15:38:33,tdmpc2_Ant-v5_seed14577,4b9949c3-6cf5-4b74-8ec0-183463b8e9e3,16.50514620600734,0.00037364501243492,2.263810038252991e-05,32.232214714955596,141.24025638490576,20.0,0.00015444408799961465,0.0007346872544160554,9.169294537779166e-05,0.0009808242877934609,0.0,Germany,DEU,baden-wurttemberg,,,Linux-7.0.0-31-generic-x86_64-with-glibc2.43,3.14.4,3.3.0,24,Intel(R) Core(TM) Ultra 9 285K,1,1 x NVIDIA GeForce RTX 5090,9.2986,48.7383,60.81615447998047,machine,0.0,0.0,0.0,0.0,N
gradient_updates_36,2026-09-19T15:38:50,tdmpc2_Ant-v5_seed14577,4b9949c3-6cf5-4b74-8ec0-183463b8e9e3,17.138605833999463,0.0003119439692735246,1.820125619548072e-05,32.24564185421726,141.03933334403177,20.0,0.00012587020764052645,0.0005977768671097117,9.521096245549039e-05,0.0008188580372057302,0.0,Germany,DEU,baden-wurttemberg,,,Linux-7.0.0-31-generic-x86_64-with-glibc2.43,3.14.4,3.3.0,24,Intel(R) Core(TM) Ultra 9 285K,1,1 x NVIDIA GeForce RTX 5090,9.2986,48.7383,60.81615447998047,machine,0.0,0.0,0.0,0.0,N
rollout_37,2026-09-19T15:39:06,tdmpc2_Ant-v5_seed14577,4b9949c3-6cf5-4b74-8ec0-183463b8e9e3,16.50734917000227,0.00037514598135809235,2.272601921658893e-05,32.178199938502836,141.28115184906898,20.0,0.0001587686922926261,0.0007342916985439985,9.170396500558092e-05,0.0009847643558422159,0.0,Germany,DEU,baden-wurttemberg,,,Linux-7.0.0-31-generic-x86_64-with-glibc2.43,3.14.4,3.3.0,24,Intel(R) Core(TM) Ultra 9 285K,1,1 x NVIDIA GeForce RTX 5090,9.2986,48.7383,60.81615447998047,machine,0.0,0.0,0.0,0.0,N
gradient_updates_37,2026-09-19T15:39:24,tdmpc2_Ant-v5_seed14577,4b9949c3-6cf5-4b74-8ec0-183463b8e9e3,17.204243986998335,0.0003118272352549134,1.8124999436834455e-05,32.20272947696906,141.08149977145246,20.0,0.00012414922265262945,0.0005988268679502085,9.557551788885645e-05,0.0008185516084917022,0.0,Germany,DEU,baden-wurttemberg,,,Linux-7.0.0-31-generic-x86_64-with-glibc2.43,3.14.4,3.3.0,24,Intel(R) Core(TM) Ultra 9 285K,1,1 x NVIDIA GeForce RTX 5090,9.2986,48.7383,60.81615447998047,machine,0.0,0.0,0.0,0.0,N
rollout_38,2026-09-19T15:39:40,tdmpc2_Ant-v5_seed14577,4b9949c3-6cf5-4b74-8ec0-183463b8e9e3,16.503916617002687,0.00037283884126468325,2.2590938334846542e-05,32.13159120770366,141.31015284714036,20.0,0.0001553560192847185,0.000731666418666066,9.168563729447955e-05,0.0009787080752452632,0.0,Germany,DEU,baden-wurttemberg,,,Linux-7.0.0-31-generic-x86_64-with-glibc2.43,3.14.4,3.3.0,24,Intel(R) Core(TM) Ultra 9 285K,1,1 x NVIDIA GeForce RTX 5090,9.2986,48.7383,60.81615447998047,machine,0.0,0.0,0.0,0.0,N
gradient_updates_38,2026-09-19T15:39:57,tdmpc2_Ant-v5_seed14577,4b9949c3-6cf5-4b74-8ec0-183463b8e9e3,17.14464108600805,0.00031315794065760877,1.8265656049967744e-05,32.14833964591413,141.1179070136279,20.0,0.00012891953563554798,0.0005978807560813593,9.524444028890296e-05,0.0008220447320057972,0.0,Germany,DEU,baden-wurttemberg,,,Linux-7.0.0-31-generic-x86_64-with-glibc2.43,3.14.4,3.3.0,24,Intel(R) Core(TM) Ultra 9 285K,1,1 x NVIDIA GeForce RTX 5090,9.2986,48.7383,60.81615447998047,machine,0.0,0.0,0.0,0.0,N
rollout_39,2026-09-19T15:40:14,tdmpc2_Ant-v5_seed14577,4b9949c3-6cf5-4b74-8ec0-183463b8e9e3,16.50754446000792,0.0003741772845841894,2.266705571779966e-05,32.09242613901228,141.34120292480222,20.0,0.00015846095704644472,0.0007320544745326174,9.170607933887791e-05,0.0009822215109179383,0.0,Germany,DEU,baden-wurttemberg,,,Linux-7.0.0-31-generic-x86_64-with-glibc2.43,3.14.4,3.3.0,24,Intel(R) Core(TM) Ultra 9 285K,1,1 x NVIDIA GeForce RTX 5090,9.2986,48.7383,60.81615447998047,machine,0.0,0.0,0.0,0.0,N
gradient_updates_39,2026-09-19T15:40:31,tdmpc2_Ant-v5_seed14577,4b9949c3-6cf5-4b74-8ec0-183463b8e9e3,17.13602290500421,0.00031078188884296407,1.8136187369021273e-05,32.116502617469735,141.14341134720874,20.0,0.00012692765681982313,0.000593682974945775,9.519692524441459e-05,0.0008158075570100093,0.0,Germany,DEU,baden-wurttemberg,,,Linux-7.0.0-31-generic-x86_64-with-glibc2.43,3.14.4,3.3.0,24,Intel(R) Core(TM) Ultra 9 285K,1,1 x NVIDIA GeForce RTX 5090,9.2986,48.7383,60.81615447998047,machine,0.0,0.0,0.0,0.0,N
rollout_40,2026-09-19T15:40:47,tdmpc2_Ant-v5_seed14577,4b9949c3-6cf5-4b74-8ec0-183463b8e9e3,16.561184801001218,0.0003746630925418812,2.262296525078203e-05,32.057604797384805,141.35953155795045,20.0,0.00015769976504859812,0.0007337936425897418,9.200335713887599e-05,0.0009834967647772141,0.0,Germany,DEU,baden-wurttemberg,,,Linux-7.0.0-31-generic-x86_64-with-glibc2.43,3.14.4,3.3.0,24,Intel(R) Core(TM) Ultra 9 285K,1,1 x NVIDIA GeForce RTX 5090,9.2986,48.7383,60.81615447998047,machine,0.0,0.0,0.0,0.0,N
gradient_updates_40,2026-09-19T15:41:05,tdmpc2_Ant-v5_seed14577,4b9949c3-6cf5-4b74-8ec0-183463b8e9e3,17.135223559991573,0.00031054995529151627,1.8123497713321084e-05,32.078452619711584,141.16523077909915,20.0,0.00012671478026063387,0.0005932910301882366,9.51929171834013e-05,0.000815198727632277,0.0,Germany,DEU,baden-wurttemberg,,,Linux-7.0.0-31-generic-x86_64-with-glibc2.43,3.14.4,3.3.0,24,Intel(R) Core(TM) Ultra 9 285K,1,1 x NVIDIA GeForce RTX 5090,9.2986,48.7383,60.81615447998047,machine,0.0,0.0,0.0,0.0,N
rollout_41,2026-09-19T15:41:21,tdmpc2_Ant-v5_seed14577,4b9949c3-6cf5-4b74-8ec0-183463b8e9e3,16.49093373300275,0.00037245923271707684,2.2585706629282118e-05,32.02064687802481,141.37582406837535,20.0,0.00015549506050705972,0.0007305983622560852,9.161817381666236e-05,0.0009777115965798056,0.0,Germany,DEU,baden-wurttemberg,,,Linux-7.0.0-31-generic-x86_64-with-glibc2.43,3.14.4,3.3.0,24,Intel(R) Core(TM) Ultra 9 285K,1,1 x NVIDIA GeForce RTX 5090,9.2986,48.7383,60.81615447998047,machine,0.0,0.0,0.0,0.0,N
gradient_updates_41,2026-09-19T15:41:38,tdmpc2_Ant-v5_seed14577,4b9949c3-6cf5-4b74-8ec0-183463b8e9e3,17.161043247993803,0.000311594204534308,1.8157041295399387e-05,32.03776463363042,141.19043735411242,20.0,0.00012645549977543039,0.000596148254695894,9.533614455560502e-05,0.000817939899026926,0.0,Germany,DEU,baden-wurttemberg,,,Linux-7.0.0-31-generic-x86_64-with-glibc2.43,3.14.4,3.3.0,24,Intel(R) Core(TM) Ultra 9 285K,1,1 x NVIDIA GeForce RTX 5090,9.2986,48.7383,60.81615447998047,machine,0.0,0.0,0.0,0.0,N
rollout_42,2026-09-19T15:41:55,tdmpc2_Ant-v5_seed14577,4b9949c3-6cf5-4b74-8ec0-183463b8e9e3,16.51420981499541,0.0003742233073989257,2.266069285638461e-05,31.981384469517575,141.39252976889426,20.0,0.00016036158856694988,0.0007302303064058435,9.175042658890638e-05,0.000982342321561691,0.0,Germany,DEU,baden-wurttemberg,,,Linux-7.0.0-31-generic-x86_64-with-glibc2.43,3.14.4,3.3.0,24,Intel(R) Core(TM) Ultra 9 285K,1,1 x NVIDIA GeForce RTX 5090,9.2986,48.7383,60.81615447998047,machine,0.0,0.0,0.0,0.0,N
gradient_updates_42,2026-09-19T15:42:11,tdmpc2_Ant-v5_seed14577,4b9949c3-6cf5-4b74-8ec0-183463b8e9e3,16.253964977993746,0.0003036419719519602,1.868111438575791e-05,32.0098497587607,141.2494523620445,20.0,0.00012653954178710666,0.000580229075294092,9.029654094993081e-05,0.0007970651580311294,0.0,Germany,DEU,baden-wurttemberg,,,Linux-7.0.0-31-generic-x86_64-with-glibc2.43,3.14.4,3.3.0,24,Intel(R) Core(TM) Ultra 9 285K,1,1 x NVIDIA GeForce RTX 5090,9.2986,48.7383,60.81615447998047,machine,0.0,0.0,0.0,0.0,N
rollout_43,2026-09-19T15:42:27,tdmpc2_Ant-v5_seed14577,4b9949c3-6cf5-4b74-8ec0-183463b8e9e3,16.498065142004634,0.00037360583335486683,2.2645443205390795e-05,31.970262431264473,141.44941039969353,20.0,0.0001583830864285915,0.0007306855845481408,9.165277108881542e-05,0.0009807214420655408,0.0,Germany,DEU,baden-wurttemberg,,,Linux-7.0.0-31-generic-x86_64-with-glibc2.43,3.14.4,3.3.0,24,Intel(R) Core(TM) Ultra 9 285K,1,1 x NVIDIA GeForce RTX 5090,9.2986,48.7383,60.81615447998047,machine,0.0,0.0,0.0,0.0,N
gradient_updates_43,2026-09-19T15:42:42,tdmpc2_Ant-v5_seed14577,4b9949c3-6cf5-4b74-8ec0-183463b8e9e3,14.499047774006613,0.0002866851419371895,1.9772705297213055e-05,31.995744569737138,141.38931591831496,20.0,0.00012459893217906318,0.0005474068268136456,8.05474420499299e-05,0.00075255320104263,0.0,Germany,DEU,baden-wurttemberg,,,Linux-7.0.0-31-generic-x86_64-with-glibc2.43,3.14.4,3.3.0,24,Intel(R) Core(TM) Ultra 9 285K,1,1 x NVIDIA GeForce RTX 5090,9.2986,48.7383,60.81615447998047,machine,0.0,0.0,0.0,0.0,N
rollout_44,2026-09-19T15:42:59,tdmpc2_Ant-v5_seed14577,4b9949c3-6cf5-4b74-8ec0-183463b8e9e3,16.518486002998543,0.0003721305823383078,2.252813874276169e-05,31.98605191475158,141.5809290192675,20.0,0.00015457366865883823,0.0007305086399624905,9.176657532225345e-05,0.0009768488839435874,0.0,Germany,DEU,baden-wurttemberg,,,Linux-7.0.0-31-generic-x86_64-with-glibc2.43,3.14.4,3.3.0,24,Intel(R) Core(TM) Ultra 9 285K,1,1 x NVIDIA GeForce RTX 5090,9.2986,48.7383,60.81615447998047,machine,0.0,0.0,0.0,0.0,N
gradient_updates_44,2026-09-19T15:43:13,tdmpc2_Ant-v5_seed14577,4b9949c3-6cf5-4b74-8ec0-183463b8e9e3,14.523381471997709,0.0002873803955058124,1.978744287512123e-05,32.002345578116824,141.5193677871404,20.0,0.000125881414316166,0.000547814327139573,8.068251161110103e-05,0.0007543782530668314,0.0,Germany,DEU,baden-wurttemberg,,,Linux-7.0.0-31-generic-x86_64-with-glibc2.43,3.14.4,3.3.0,24,Intel(R) Core(TM) Ultra 9 285K,1,1 x NVIDIA GeForce RTX 5090,9.2986,48.7383,60.81615447998047,machine,0.0,0.0,0.0,0.0,N
rollout_45,2026-09-19T15:43:30,tdmpc2_Ant-v5_seed14577,4b9949c3-6cf5-4b74-8ec0-183463b8e9e3,16.506955093995202,0.00037409020691774736,2.266258795737656e-05,31.995946994709076,141.7100333010553,20.0,0.00015834934779048945,0.0007319408633299496,9.17027194944648e-05,0.0009819929306149056,0.0,Germany,DEU,baden-wurttemberg,,,Linux-7.0.0-31-generic-x86_64-with-glibc2.43,3.14.4,3.3.0,24,Intel(R) Core(TM) Ultra 9 285K,1,1 x NVIDIA GeForce RTX 5090,9.2986,48.7383,60.81615447998047,machine,0.0,0.0,0.0,0.0,N
gradient_updates_45,2026-09-19T15:43:44,tdmpc2_Ant-v5_seed14577,4b9949c3-6cf5-4b74-8ec0-183463b8e9e3,14.606223148992285,0.00028665425657213583,1.962546785521917e-05,32.01893592142632,141.6489114225461,20.0,0.00012019859338102332,0.0005511312742383367,8.114225883327879e-05,0.000752472126452644,0.0,Germany,DEU,baden-wurttemberg,,,Linux-7.0.0-31-generic-x86_64-with-glibc2.43,3.14.4,3.3.0,24,Intel(R) Core(TM) Ultra 9 285K,1,1 x NVIDIA GeForce RTX 5090,9.2986,48.7383,60.81615447998047,machine,0.0,0.0,0.0,0.0,N
rollout_46,2026-09-19T15:44:01,tdmpc2_Ant-v5_seed14577,4b9949c3-6cf5-4b74-8ec0-183463b8e9e3,16.509538971993607,0.0003749665229247981,2.2712124856726194e-05,31.997448875122984,141.8348407755555,20.0,0.0001602857523951666,0.0007322905858320183,9.171693628336891e-05,0.0009842932745105643,0.0,Germany,DEU,baden-wurttemberg,,,Linux-7.0.0-31-generic-x86_64-with-glibc2.43,3.14.4,3.3.0,24,Intel(R) Core(TM) Ultra 9 285K,1,1 x NVIDIA GeForce RTX 5090,9.2986,48.7383,60.81615447998047,machine,0.0,0.0,0.0,0.0,N
gradient_updates_46,2026-09-19T15:44:15,tdmpc2_Ant-v5_seed14577,4b9949c3-6cf5-4b74-8ec0-183463b8e9e3,14.535178749007173,0.0002878445574012317,1.9803317084906803e-05,32.024904664125714,141.7759769433425,20.0,0.00012544954063732974,0.0005493937728480169,8.07533721721692e-05,0.0007555966856575141,0.0,Germany,DEU,baden-wurttemberg,,,Linux-7.0.0-31-generic-x86_64-with-glibc2.43,3.14.4,3.3.0,24,Intel(R) Core(TM) Ultra 9 285K,1,1 x NVIDIA GeForce RTX 5090,9.2986,48.7383,60.81615447998047,machine,0.0,0.0,0.0,0.0,N
rollout_47,2026-09-19T15:44:32,tdmpc2_Ant-v5_seed14577,4b9949c3-6cf5-4b74-8ec0-183463b8e9e3,16.509970896004234,0.0003756445208726311,2.2752592747988793e-05,32.017772623705646,141.95600418620407,20.0,0.0001623502968245774,0.0007319939189280866,9.17288144944503e-05,0.0009860730302471005,0.0,Germany,DEU,baden-wurttemberg,,,Linux-7.0.0-31-generic-x86_64-with-glibc2.43,3.14.4,3.3.0,24,Intel(R) Core(TM) Ultra 9 285K,1,1 x NVIDIA GeForce RTX 5090,9.2986,48.7383,60.81615447998047,machine,0.0,0.0,0.0,0.0,N
gradient_updates_47,2026-09-19T15:44:46,tdmpc2_Ant-v5_seed14577,4b9949c3-6cf5-4b74-8ec0-183463b8e9e3,14.540039783998509,0.0002876934857841962,1.9786305809970608e-05,32.04868692386853,141.89484745584286,20.0,0.00012579986452869799,0.0005486257166777975,8.077453897777608e-05,0.0007552001201842629,0.0,Germany,DEU,baden-wurttemberg,,,Linux-7.0.0-31-generic-x86_64-with-glibc2.43,3.14.4,3.3.0,24,Intel(R) Core(TM) Ultra 9 285K,1,1 x NVIDIA GeForce RTX 5090,9.2986,48.7383,60.81615447998047,machine,0.0,0.0,0.0,0.0,N
rollout_48,2026-09-19T15:45:03,tdmpc2_Ant-v5_seed14577,4b9949c3-6cf5-4b74-8ec0-183463b8e9e3,16.50385426399589,0.0003748726337594807,2.2714257659029444e-05,32.04134332372526,142.0812107544543,20.0,0.00015558439196741367,0.0007367769783104272,9.168544363338804e-05,0.0009840468139112324,0.0,Germany,DEU,baden-wurttemberg,,,Linux-7.0.0-31-generic-x86_64-with-glibc2.43,3.14.4,3.3.0,24,Intel(R) Core(TM) Ultra 9 285K,1,1 x NVIDIA GeForce RTX 5090,9.2986,48.7383,60.81615447998047,machine,0.0,0.0,0.0,0.0,N
gradient_updates_48,2026-09-19T15:45:17,tdmpc2_Ant-v5_seed14577,4b9949c3-6cf5-4b74-8ec0-183463b8e9e3,14.571195166005054,0.0002864659845440848,1.9659755666333496e-05,32.05734486056246,142.01916507761172,20.0,0.00012158463143429124,0.0005494457173336187,8.094756052224629e-05,0.000751977909290158,0.0,Germany,DEU,baden-wurttemberg,,,Linux-7.0.0-31-generic-x86_64-with-glibc2.43,3.14.4,3.3.0,24,Intel(R) Core(TM) Ultra 9 285K,1,1 x NVIDIA GeForce RTX 5090,9.2986,48.7383,60.81615447998047,machine,0.0,0.0,0.0,0.0,N
rollout_49,2026-09-19T15:45:34,tdmpc2_Ant-v5_seed14577,4b9949c3-6cf5-4b74-8ec0-183463b8e9e3,16.529120774997864,0.00037460391931680437,2.2663278328937934e-05,32.039736837821195,142.1994200015441,20.0,0.00015422159837718066,0.0007372944787245039,9.182535698887967e-05,0.0009833414340905677,0.0,Germany,DEU,baden-wurttemberg,,,Linux-7.0.0-31-generic-x86_64-with-glibc2.43,3.14.4,3.3.0,24,Intel(R) Core(TM) Ultra 9 285K,1,1 x NVIDIA GeForce RTX 5090,9.2986,48.7383,60.81615447998047,machine,0.0,0.0,0.0,0.0,N
gradient_updates_49,2026-09-19T15:45:48,tdmpc2_Ant-v5_seed14577,4b9949c3-6cf5-4b74-8ec0-183463b8e9e3,14.552008818995091,0.0002873338423441049,1.97452818149867e-05,32.05266422205774,142.14003106089348,20.0,0.00012359863582327504,0.0005498162731858436,8.084114124447088e-05,0.0007542560502535878,0.0,Germany,DEU,baden-wurttemberg,,,Linux-7.0.0-31-generic-x86_64-with-glibc2.43,3.14.4,3.3.0,24,Intel(R) Core(TM) Ultra 9 285K,1,1 x NVIDIA GeForce RTX 5090,9.2986,48.7383,60.81615447998047,machine,0.0,0.0,0.0,0.0,N
rollout_50,2026-09-19T15:46:05,tdmpc2_Ant-v5_seed14577,4b9949c3-6cf5-4b74-8ec0-183463b8e9e3,16.56833778100554,0.0003766053889640436,2.2730435881789813e-05,32.040900067926415,142.31077672346936,20.0,0.00015988008984841456,0.0007366711448919538,9.204409001104148e-05,0.0009885953247514012,0.0,Germany,DEU,baden-wurttemberg,,,Linux-7.0.0-31-generic-x86_64-with-glibc2.43,3.14.4,3.3.0,24,Intel(R) Core(TM) Ultra 9 285K,1,1 x NVIDIA GeForce RTX 5090,9.2986,48.7383,60.81615447998047,machine,0.0,0.0,0.0,0.0,N
gradient_updates_50,2026-09-19T15:46:20,tdmpc2_Ant-v5_seed14577,4b9949c3-6cf5-4b74-8ec0-183463b8e9e3,14.537008411993156,0.0002869079301869998,1.9736393008665124e-05,32.06349247341623,142.25372685610625,20.0,0.00012216078578410408,0.0005502196068416509,8.075763122776872e-05,0.0007531380238535168,0.0,Germany,DEU,baden-wurttemberg,,,Linux-7.0.0-31-generic-x86_64-with-glibc2.43,3.14.4,3.3.0,24,Intel(R) Core(TM) Ultra 9 285K,1,1 x NVIDIA GeForce RTX 5090,9.2986,48.7383,60.81615447998047,machine,0.0,0.0,0.0,0.0,N
rollout_51,2026-09-19T15:46:36,tdmpc2_Ant-v5_seed14577,4b9949c3-6cf5-4b74-8ec0-183463b8e9e3,16.509195363993058,0.0003730799327881368,2.2598320060949226e-05,32.04839404990108,142.41875015301747,20.0,0.00015430331733144384,0.0007333219755460973,9.171565157222242e-05,0.0009793409444497636,0.0,Germany,DEU,baden-wurttemberg,,,Linux-7.0.0-31-generic-x86_64-with-glibc2.43,3.14.4,3.3.0,24,Intel(R) Core(TM) Ultra 9 285K,1,1 x NVIDIA GeForce RTX 5090,9.2986,48.7383,60.81615447998047,machine,0.0,0.0,0.0,0.0,N
gradient_updates_51,2026-09-19T15:46:51,tdmpc2_Ant-v5_seed14577,4b9949c3-6cf5-4b74-8ec0-183463b8e9e3,14.676673496011063,0.00028750379417205596,1.958917596807782e-05,32.06016696544774,142.36234559404872,20.0,0.0001174047311459335,0.0005557640557221077,8.153338972220411e-05,0.0007547021765902523,0.0,Germany,DEU,baden-wurttemberg,,,Linux-7.0.0-31-generic-x86_64-with-glibc2.43,3.14.4,3.3.0,24,Intel(R) Core(TM) Ultra 9 285K,1,1 x NVIDIA GeForce RTX 5090,9.2986,48.7383,60.81615447998047,machine,0.0,0.0,0.0,0.0,N
rollout_52,2026-09-19T15:47:07,tdmpc2_Ant-v5_seed14577,4b9949c3-6cf5-4b74-8ec0-183463b8e9e3,16.514194309987943,0.0003745394208953465,2.2679856197387702e-05,32.033312024152735,142.52204105051385,20.0,0.0001585405229434303,0.0007328886418660474,9.174295986659822e-05,0.0009831721246760655,0.0,Germany,DEU,baden-wurttemberg,,,Linux-7.0.0-31-generic-x86_64-with-glibc2.43,3.14.4,3.3.0,24,Intel(R) Core(TM) Ultra 9 285K,1,1 x NVIDIA GeForce RTX 5090,9.2986,48.7383,60.81615447998047,machine,0.0,0.0,0.0,0.0,N
gradient_updates_52,2026-09-19T15:47:22,tdmpc2_Ant-v5_seed14577,4b9949c3-6cf5-4b74-8ec0-183463b8e9e3,14.57492777101288,0.00029035348596028604,1.9921452578732267e-05,32.05422413668973,142.47228505112372,20.0,0.00012637654415671024,0.0005548373883139668,8.096873181671557e-05,0.000762182664287403,0.0,Germany,DEU,baden-wurttemberg,,,Linux-7.0.0-31-generic-x86_64-with-glibc2.43,3.14.4,3.3.0,24,Intel(R) Core(TM) Ultra 9 285K,1,1 x NVIDIA GeForce RTX 5090,9.2986,48.7383,60.81615447998047,machine,0.0,0.0,0.0,0.0,N
rollout_53,2026-09-19T15:47:38,tdmpc2_Ant-v5_seed14577,4b9949c3-6cf5-4b74-8ec0-183463b8e9e3,16.5198696830048,0.00037353213750559305,2.2611090699587788e-05,32.04792837902942,142.63023658661666,20.0,0.00015453035084640743,0.0007342230873779165,9.177455102779043e-05,0.0009805279892521196,0.0,Germany,DEU,baden-wurttemberg,,,Linux-7.0.0-31-generic-x86_64-with-glibc2.43,3.14.4,3.3.0,24,Intel(R) Core(TM) Ultra 9 285K,1,1 x NVIDIA GeForce RTX 5090,9.2986,48.7383,60.81615447998047,machine,0.0,0.0,0.0,0.0,N
gradient_updates_53,2026-09-19T15:47:53,tdmpc2_Ant-v5_seed14577,4b9949c3-6cf5-4b74-8ec0-183463b8e9e3,14.592179183004191,0.00028946897990738546,1.9837247681642865e-05,32.06068862465509,142.5772984121638,20.0,0.00012471357643744838,0.0005540829432661987,8.106430168336454e-05,0.000759860821387015,0.0,Germany,DEU,baden-wurttemberg,,,Linux-7.0.0-31-generic-x86_64-with-glibc2.43,3.14.4,3.3.0,24,Intel(R) Core(TM) Ultra 9 285K,1,1 x NVIDIA GeForce RTX 5090,9.2986,48.7383,60.81615447998047,machine,0.0,0.0,0.0,0.0,N
rollout_54,2026-09-19T15:48:09,tdmpc2_Ant-v5_seed14577,4b9949c3-6cf5-4b74-8ec0-183463b8e9e3,16.520243950988515,0.0003757375486580644,2.274407797990351e-05,32.05088840083413,142.73985837280657,20.0,0.00015598349367558148,0.0007385575352900631,9.17762007444662e-05,0.0009863172297101125,0.0,Germany,DEU,baden-wurttemberg,,,Linux-7.0.0-31-generic-x86_64-with-glibc2.43,3.14.4,3.3.0,24,Intel(R) Core(TM) Ultra 9 285K,1,1 x NVIDIA GeForce RTX 5090,9.2986,48.7383,60.81615447998047,machine,0.0,0.0,0.0,0.0,N
gradient_updates_54,2026-09-19T15:48:24,tdmpc2_Ant-v5_seed14577,4b9949c3-6cf5-4b74-8ec0-183463b8e9e3,14.618083049004781,0.00028803566960289295,1.9704076121437614e-05,32.06575310584131,142.6793419597939,20.0,0.00012331448337373277,0.0005515754412597218,8.120843368888096e-05,0.0007560983583223269,0.0,Germany,DEU,baden-wurttemberg,,,Linux-7.0.0-31-generic-x86_64-with-glibc2.43,3.14.4,3.3.0,24,Intel(R) Core(TM) Ultra 9 285K,1,1 x NVIDIA GeForce RTX 5090,9.2986,48.7383,60.81615447998047,machine,0.0,0.0,0.0,0.0,N
rollout_55,2026-09-19T15:48:41,tdmpc2_Ant-v5_seed14577,4b9949c3-6cf5-4b74-8ec0-183463b8e9e3,16.516582665004535,0.0003727718310033712,2.2569557816648575e-05,32.052676205639,142.8261743911074,20.0,0.00015472476433526713,0.0007320519745301901,9.175543334446687e-05,0.000978532172209931,0.0,Germany,DEU,baden-wurttemberg,,,Linux-7.0.0-31-generic-x86_64-with-glibc2.43,3.14.4,3.3.0,24,Intel(R) Core(TM) Ultra 9 285K,1,1 x NVIDIA GeForce RTX 5090,9.2986,48.7383,60.81615447998047,machine,0.0,0.0,0.0,0.0,N
gradient_updates_55,2026-09-19T15:48:55,tdmpc2_Ant-v5_seed14577,4b9949c3-6cf5-4b74-8ec0-183463b8e9e3,14.589341927014175,0.0002894082272568918,1.9836976066933795e-05,32.06558740340874,142.76981045955148,20.0,0.00012635177413689372,0.0005523009973957826,8.10485731500693e-05,0.0007597013446827422,0.0,Germany,DEU,baden-wurttemberg,,,Linux-7.0.0-31-generic-x86_64-with-glibc2.43,3.14.4,3.3.0,24,Intel(R) Core(TM) Ultra 9 285K,1,1 x NVIDIA GeForce RTX 5090,9.2986,48.7383,60.81615447998047,machine,0.0,0.0,0.0,0.0,N
rollout_56,2026-09-19T15:49:12,tdmpc2_Ant-v5_seed14577,4b9949c3-6cf5-4b74-8ec0-183463b8e9e3,16.49853808800981,0.00037367686400723715,2.264910320048172e-05,32.05926220761514,142.91955114975246,20.0,0.00015471262515889123,0.0007345436431900332,9.165163034445534e-05,0.0009809078986933728,0.0,Germany,DEU,baden-wurttemberg,,,Linux-7.0.0-31-generic-x86_64-with-glibc2.43,3.14.4,3.3.0,24,Intel(R) Core(TM) Ultra 9 285K,1,1 x NVIDIA GeForce RTX 5090,9.2986,48.7383,60.81615447998047,machine,0.0,0.0,0.0,0.0,N
gradient_updates_56,2026-09-19T15:49:26,tdmpc2_Ant-v5_seed14577,4b9949c3-6cf5-4b74-8ec0-183463b8e9e3,14.753683909002575,0.00028750618184032045,1.9487097069243358e-05,32.07086947427113,142.854825345994,20.0,0.00011834789217823535,0.0005543990546303945,8.196149744997203e-05,0.0007547084442586088,0.0,Germany,DEU,baden-wurttemberg,,,Linux-7.0.0-31-generic-x86_64-with-glibc2.43,3.14.4,3.3.0,24,Intel(R) Core(TM) Ultra 9 285K,1,1 x NVIDIA GeForce RTX 5090,9.2986,48.7383,60.81615447998047,machine,0.0,0.0,0.0,0.0,N
rollout_57,2026-09-19T15:49:43,tdmpc2_Ant-v5_seed14577,4b9949c3-6cf5-4b74-8ec0-183463b8e9e3,16.51312642999983,0.00037379835927352917,2.2636446488373724e-05,32.04651097065122,142.99857809343737,20.0,0.00015573391097592135,0.0007337522536681185,9.1740661116637e-05,0.0009812268257606838,0.0,Germany,DEU,baden-wurttemberg,,,Linux-7.0.0-31-generic-x86_64-with-glibc2.43,3.14.4,3.3.0,24,Intel(R) Core(TM) Ultra 9 285K,1,1 x NVIDIA GeForce RTX 5090,9.2986,48.7383,60.81615447998047,machine,0.0,0.0,0.0,0.0,N
gradient_updates_57,2026-09-19T15:49:58,tdmpc2_Ant-v5_seed14577,4b9949c3-6cf5-4b74-8ec0-183463b8e9e3,14.594276952004293,0.0002895464901775807,1.9839707317443454e-05,32.06088730121639,142.9415412391335,20.0,0.00012704599691449117,0.000551942663775673,8.107562642778975e-05,0.0007600642871179453,0.0,Germany,DEU,baden-wurttemberg,,,Linux-7.0.0-31-generic-x86_64-with-glibc2.43,3.14.4,3.3.0,24,Intel(R) Core(TM) Ultra 9 285K,1,1 x NVIDIA GeForce RTX 5090,9.2986,48.7383,60.81615447998047,machine,0.0,0.0,0.0,0.0,N
rollout_58,2026-09-19T15:50:14,tdmpc2_Ant-v5_seed14577,4b9949c3-6cf5-4b74-8ec0-183463b8e9e3,16.516729128008592,0.0003746960862173118,2.2685869000880143e-05,32.056502469015335,143.08020714178593,20.0,0.00015905457391022365,0.0007327722528840397,9.175654692226108e-05,0.0009835833737165262,0.0,Germany,DEU,baden-wurttemberg,,,Linux-7.0.0-31-generic-x86_64-with-glibc2.43,3.14.4,3.3.0,24,Intel(R) Core(TM) Ultra 9 285K,1,1 x NVIDIA GeForce RTX 5090,9.2986,48.7383,60.81615447998047,machine,0.0,0.0,0.0,0.0,N
gradient_updates_58,2026-09-19T15:50:29,tdmpc2_Ant-v5_seed14577,4b9949c3-6cf5-4b74-8ec0-183463b8e9e3,14.647376007007551,0.0002886650021956816,1.9707644420790252e-05,32.07557004144318,143.02043230126307,20.0,0.00012391639079969985,0.0005524629419704219,8.13710339333442e-05,0.0007577503667034607,0.0,Germany,DEU,baden-wurttemberg,,,Linux-7.0.0-31-generic-x86_64-with-glibc2.43,3.14.4,3.3.0,24,Intel(R) Core(TM) Ultra 9 285K,1,1 x NVIDIA GeForce RTX 5090,9.2986,48.7383,60.81615447998047,machine,0.0,0.0,0.0,0.0,N
rollout_59,2026-09-19T15:50:45,tdmpc2_Ant-v5_seed14577,4b9949c3-6cf5-4b74-8ec0-183463b8e9e3,16.520131762008532,0.0003761329260588142,2.2768161067884134e-05,32.06422424876417,143.16521493763298,20.0,0.00015756497938521768,0.0007380142015218638,9.177592096667499e-05,0.0009873551018737686,0.0,Germany,DEU,baden-wurttemberg,,,Linux-7.0.0-31-generic-x86_64-with-glibc2.43,3.14.4,3.3.0,24,Intel(R) Core(TM) Ultra 9 285K,1,1 x NVIDIA GeForce RTX 5090,9.2986,48.7383,60.81615447998047,machine,0.0,0.0,0.0,0.0,N
gradient_updates_59,2026-09-19T15:51:00,tdmpc2_Ant-v5_seed14577,4b9949c3-6cf5-4b74-8ec0-183463b8e9e3,14.589876469006413,0.0002900491102669975,1.988016740669335e-05,32.080807463473434,143.11312492473488,20.0,0.00012631798438763817,0.0005540143321001167,8.105135661106919e-05,0.000761383673098831,0.0,Germany,DEU,baden-wurttemberg,,,Linux-7.0.0-31-generic-x86_64-with-glibc2.43,3.14.4,3.3.0,24,Intel(R) Core(TM) Ultra 9 285K,1,1 x NVIDIA GeForce RTX 5090,9.2986,48.7383,60.81615447998047,machine,0.0,0.0,0.0,0.0,N
rollout_60,2026-09-19T15:51:16,tdmpc2_Ant-v5_seed14577,4b9949c3-6cf5-4b74-8ec0-183463b8e9e3,16.552338911991683,0.00037555044197654097,2.268866583734765e-05,32.07527082712618,143.24364150051295,20.0,0.00016085605701807518,0.0007330147530777431,9.195526150554932e-05,0.000985826071601359,0.0,Germany,DEU,baden-wurttemberg,,,Linux-7.0.0-31-generic-x86_64-with-glibc2.43,3.14.4,3.3.0,24,Intel(R) Core(TM) Ultra 9 285K,1,1 x NVIDIA GeForce RTX 5090,9.2986,48.7383,60.81615447998047,machine,0.0,0.0,0.0,0.0,N
gradient_updates_60,2026-09-19T15:51:31,tdmpc2_Ant-v5_seed14577,4b9949c3-6cf5-4b74-8ec0-183463b8e9e3,14.575030841006082,0.0002894756046348812,1.9861079987615444e-05,32.096187592980854,143.19214866946365,20.0,0.00012526023020810462,0.000553649331808348,8.096864938892875e-05,0.0007598782114053848,0.0,Germany,DEU,baden-wurttemberg,,,Linux-7.0.0-31-generic-x86_64-with-glibc2.43,3.14.4,3.3.0,24,Intel(R) Core(TM) Ultra 9 285K,1,1 x NVIDIA GeForce RTX 5090,9.2986,48.7383,60.81615447998047,machine,0.0,0.0,0.0,0.0,N
rollout_61,2026-09-19T15:51:47,tdmpc2_Ant-v5_seed14577,4b9949c3-6cf5-4b74-8ec0-183463b8e9e3,16.50147252100578,0.00037417397491480014,2.267519941928136e-05,32.08880551063354,143.32087785268638,20.0,0.00015926173685373163,0.0007312786405777594,9.167244555000065e-05,0.0009822128229814986,0.0,Germany,DEU,baden-wurttemberg,,,Linux-7.0.0-31-generic-x86_64-with-glibc2.43,3.14.4,3.3.0,24,Intel(R) Core(TM) Ultra 9 285K,1,1 x NVIDIA GeForce RTX 5090,9.2986,48.7383,60.81615447998047,machine,0.0,0.0,0.0,0.0,N
gradient_updates_61,2026-09-19T15:52:03,tdmpc2_Ant-v5_seed14577,4b9949c3-6cf5-4b74-8ec0-183463b8e9e3,15.113701092996052,0.0002903912067249992,1.9213751015083558e-05,32.1062545866742,143.24427256826763,20.0,0.0001177772144994732,0.0005605387817642082,8.39656856499553e-05,0.0007622816819136402,0.0,Germany,DEU,baden-wurttemberg,,,Linux-7.0.0-31-generic-x86_64-with-glibc2.43,3.14.4,3.3.0,24,Intel(R) Core(TM) Ultra 9 285K,1,1 x NVIDIA GeForce RTX 5090,9.2986,48.7383,60.81615447998047,machine,0.0,0.0,0.0,0.0,N
rollout_62,2026-09-19T15:52:19,tdmpc2_Ant-v5_seed14577,4b9949c3-6cf5-4b74-8ec0-183463b8e9e3,16.52234961501381,0.0003744167313033675,2.2661230848101914e-05,32.077914087157694,143.36870320645517,20.0,0.00016007282500260164,0.0007309989181316645,9.17783193499621e-05,0.0009828500624842335,0.0,Germany,DEU,baden-wurttemberg,,,Linux-7.0.0-31-generic-x86_64-with-glibc2.43,3.14.4,3.3.0,24,Intel(R) Core(TM) Ultra 9 285K,1,1 x NVIDIA GeForce RTX 5090,9.2986,48.7383,60.81615447998047,machine,0.0,0.0,0.0,0.0,N
gradient_updates_62,2026-09-19T15:52:36,tdmpc2_Ant-v5_seed14577,4b9949c3-6cf5-4b74-8ec0-183463b8e9e3,17.225992938998388,0.0003143657015735879,1.8249507563576683e-05,32.096006717155404,143.23178155975108,20.0,0.00012868622906000993,0.0006008318695540638,9.569702561113697e-05,0.0008252151242252037,0.0,Germany,DEU,baden-wurttemberg,,,Linux-7.0.0-31-generic-x86_64-with-glibc2.43,3.14.4,3.3.0,24,Intel(R) Core(TM) Ultra 9 285K,1,1 x NVIDIA GeForce RTX 5090,9.2986,48.7383,60.81615447998047,machine,0.0,0.0,0.0,0.0,N
rollout_63,2026-09-19T15:52:53,tdmpc2_Ant-v5_seed14577,4b9949c3-6cf5-4b74-8ec0-183463b8e9e3,16.52232012899185,0.0003732803861986808,2.259250366960876e-05,32.059502179830474,143.35529781207222,20.0,0.0001564717398995115,0.000731607807508361,9.178759053328489e-05,0.0009798671379411539,0.0,Germany,DEU,baden-wurttemberg,,,Linux-7.0.0-31-generic-x86_64-with-glibc2.43,3.14.4,3.3.0,24,Intel(R) Core(TM) Ultra 9 285K,1,1 x NVIDIA GeForce RTX 5090,9.2986,48.7383,60.81615447998047,machine,0.0,0.0,0.0,0.0,N
gradient_updates_63,2026-09-19T15:53:10,tdmpc2_Ant-v5_seed14577,4b9949c3-6cf5-4b74-8ec0-183463b8e9e3,17.198609449988,0.0003113750015975997,1.81046727781374e-05,32.071636437670705,143.2139947446249,20.0,0.00012607993058608852,0.0005957399210356762,9.55446360999812e-05,0.0008173644877217529,0.0,Germany,DEU,baden-wurttemberg,,,Linux-7.0.0-31-generic-x86_64-with-glibc2.43,3.14.4,3.3.0,24,Intel(R) Core(TM) Ultra 9 285K,1,1 x NVIDIA GeForce RTX 5090,9.2986,48.7383,60.81615447998047,machine,0.0,0.0,0.0,0.0,N
rollout_64,2026-09-19T15:53:27,tdmpc2_Ant-v5_seed14577,4b9949c3-6cf5-4b74-8ec0-183463b8e9e3,16.527571657992667,0.00037258330374630166,2.254314135463145e-05,32.03224440219545,143.3332728527898,20.0,0.00015587488497758803,0.0007303411398282833,9.182126026118821e-05,0.0009780372850670682,0.0,Germany,DEU,baden-wurttemberg,,,Linux-7.0.0-31-generic-x86_64-with-glibc2.43,3.14.4,3.3.0,24,Intel(R) Core(TM) Ultra 9 285K,1,1 x NVIDIA GeForce RTX 5090,9.2986,48.7383,60.81615447998047,machine,0.0,0.0,0.0,0.0,N
gradient_updates_64,2026-09-19T15:53:44,tdmpc2_Ant-v5_seed14577,4b9949c3-6cf5-4b74-8ec0-183463b8e9e3,17.181751337993774,0.0003121630225612418,1.8168301214136275e-05,32.043476596047235,143.19731243796187,20.0,0.0001268689953840066,0.0005971138110236751,9.545024927218836e-05,0.0008194330556798579,0.0,Germany,DEU,baden-wurttemberg,,,Linux-7.0.0-31-generic-x86_64-with-glibc2.43,3.14.4,3.3.0,24,Intel(R) Core(TM) Ultra 9 285K,1,1 x NVIDIA GeForce RTX 5090,9.2986,48.7383,60.81615447998047,machine,0.0,0.0,0.0,0.0,N
rollout_65,2026-09-19T15:54:00,tdmpc2_Ant-v5_seed14577,4b9949c3-6cf5-4b74-8ec0-183463b8e9e3,16.523600489992532,0.00037431632650024305,2.2653447779031578e-05,32.00660826068488,143.3160179954805,20.0,0.00016001124745334064,0.0007307819735142829,9.179327726111831e-05,0.0009825864982287436,0.0,Germany,DEU,baden-wurttemberg,,,Linux-7.0.0-31-generic-x86_64-with-glibc2.43,3.14.4,3.3.0,24,Intel(R) Core(TM) Ultra 9 285K,1,1 x NVIDIA GeForce RTX 5090,9.2986,48.7383,60.81615447998047,machine,0.0,0.0,0.0,0.0,N
gradient_updates_65,2026-09-19T15:54:18,tdmpc2_Ant-v5_seed14577,4b9949c3-6cf5-4b74-8ec0-183463b8e9e3,17.197804239986,0.0003127823313872208,1.8187321670591477e-05,32.024253857979886,143.18232130939307,20.0,0.00012775056164481338,0.0005977677004360693,9.554048942777074e-05,0.0008210587515086465,0.0,Germany,DEU,baden-wurttemberg,,,Linux-7.0.0-31-generic-x86_64-with-glibc2.43,3.14.4,3.3.0,24,Intel(R) Core(TM) Ultra 9 285K,1,1 x NVIDIA GeForce RTX 5090,9.2986,48.7383,60.81615447998047,machine,0.0,0.0,0.0,0.0,N
rollout_66,2026-09-19T15:54:34,tdmpc2_Ant-v5_seed14577,4b9949c3-6cf5-4b74-8ec0-183463b8e9e3,16.511452161998022,0.00037296209439156847,2.2588091272138787e-05,31.988684053873303,143.30294861944074,20.0,0.00015481763940956503,0.0007324864193214431,9.172755799445424e-05,0.0009790316167254676,0.0,Germany,DEU,baden-wurttemberg,,,Linux-7.0.0-31-generic-x86_64-with-glibc2.43,3.14.4,3.3.0,24,Intel(R) Core(TM) Ultra 9 285K,1,1 x NVIDIA GeForce RTX 5090,9.2986,48.7383,60.81615447998047,machine,0.0,0.0,0.0,0.0,N
gradient_updates_66,2026-09-19T15:54:51,tdmpc2_Ant-v5_seed14577,4b9949c3-6cf5-4b74-8ec0-183463b8e9e3,17.17954555200413,0.000310932491753943,1.809900743310846e-05,31.99849478753231,143.1676647583563,20.0,0.0001260173869249391,0.0005947468646860798,9.543864051116124e-05,0.0008162028921221837,0.0,Germany,DEU,baden-wurttemberg,,,Linux-7.0.0-31-generic-x86_64-with-glibc2.43,3.14.4,3.3.0,24,Intel(R) Core(TM) Ultra 9 285K,1,1 x NVIDIA GeForce RTX 5090,9.2986,48.7383,60.81615447998047,machine,0.0,0.0,0.0,0.0,N
rollout_67,2026-09-19T15:55:08,tdmpc2_Ant-v5_seed14577,4b9949c3-6cf5-4b74-8ec0-183463b8e9e3,16.516472874995088,0.00037552970541206154,2.2736686470935814e-05,31.96159090061416,143.29260309628026,20.0,0.00015758834218168594,0.0007364355891477103,9.174770645000059e-05,0.0009857716377793951,0.0,Germany,DEU,baden-wurttemberg,,,Linux-7.0.0-31-generic-x86_64-with-glibc2.43,3.14.4,3.3.0,24,Intel(R) Core(TM) Ultra 9 285K,1,1 x NVIDIA GeForce RTX 5090,9.2986,48.7383,60.81615447998047,machine,0.0,0.0,0.0,0.0,N
gradient_updates_67,2026-09-19T15:55:25,tdmpc2_Ant-v5_seed14577,4b9949c3-6cf5-4b74-8ec0-183463b8e9e3,17.206052606998128,0.0003122160648680039,1.8145717557913732e-05,31.975571058204736,143.16048177269045,20.0,0.0001275491631503589,0.0005964374215938761,9.558570786110873e-05,0.0008195722926053473,0.0,Germany,DEU,baden-wurttemberg,,,Linux-7.0.0-31-generic-x86_64-with-glibc2.43,3.14.4,3.3.0,24,Intel(R) Core(TM) Ultra 9 285K,1,1 x NVIDIA GeForce RTX 5090,9.2986,48.7383,60.81615447998047,machine,0.0,0.0,0.0,0.0,N
rollout_68,2026-09-19T15:55:41,tdmpc2_Ant-v5_seed14577,4b9949c3-6cf5-4b74-8ec0-183463b8e9e3,16.518483300998923,0.00037277618385030825,2.2567222453805287e-05,31.94108989850599,143.27471928952343,20.0,0.0001559960906301061,0.0007307805846243909,9.176692325005807e-05,0.0009785435985045499,0.0,Germany,DEU,baden-wurttemberg,,,Linux-7.0.0-31-generic-x86_64-with-glibc2.43,3.14.4,3.3.0,24,Intel(R) Core(TM) Ultra 9 285K,1,1 x NVIDIA GeForce RTX 5090,9.2986,48.7383,60.81615447998047,machine,0.0,0.0,0.0,0.0,N
gradient_updates_68,2026-09-19T15:55:59,tdmpc2_Ant-v5_seed14577,4b9949c3-6cf5-4b74-8ec0-183463b8e9e3,17.331373895009165,0.00031036360370605837,1.7907626267533326e-05,31.95202166417007,143.1406207098623,20.0,0.00012035118100309217,0.0005980757562378258,9.628261442218636e-05,0.0008147095516631009,0.0,Germany,DEU,baden-wurttemberg,,,Linux-7.0.0-31-generic-x86_64-with-glibc2.43,3.14.4,3.3.0,24,Intel(R) Core(TM) Ultra 9 285K,1,1 x NVIDIA GeForce RTX 5090,9.2986,48.7383,60.81615447998047,machine,0.0,0.0,0.0,0.0,N
rollout_69,2026-09-19T15:56:15,tdmpc2_Ant-v5_seed14577,4b9949c3-6cf5-4b74-8ec0-183463b8e9e3,16.5358803190029,0.00037358682981355334,2.259250508517192e-05,31.906883591219323,143.25839509288798,20.0,0.00015398440929854235,0.0007348244767482193,9.18626714110568e-05,0.0009806715574578184,0.0,Germany,DEU,baden-wurttemberg,,,Linux-7.0.0-31-generic-x86_64-with-glibc2.43,3.14.4,3.3.0,24,Intel(R) Core(TM) Ultra 9 285K,1,1 x NVIDIA GeForce RTX 5090,9.2986,48.7383,60.81615447998047,machine,0.0,0.0,0.0,0.0,N
gradient_updates_69,2026-09-19T15:56:33,tdmpc2_Ant-v5_seed14577,4b9949c3-6cf5-4b74-8ec0-183463b8e9e3,17.219267032007338,0.0003126617763720349,1.815764908886581e-05,31.91553368701871,143.1293831397073,20.0,0.00012873607437766804,0.000596346865965991,9.5659352272277e-05,0.0008207422926159169,0.0,Germany,DEU,baden-wurttemberg,,,Linux-7.0.0-31-generic-x86_64-with-glibc2.43,3.14.4,3.3.0,24,Intel(R) Core(TM) Ultra 9 285K,1,1 x NVIDIA GeForce RTX 5090,9.2986,48.7383,60.81615447998047,machine,0.0,0.0,0.0,0.0,N
rollout_70,2026-09-19T15:56:49,tdmpc2_Ant-v5_seed14577,4b9949c3-6cf5-4b74-8ec0-183463b8e9e3,16.591586912007187,0.0003765019412938289,2.269236427993189e-05,31.884324189890574,143.24154587846357,20.0,0.0001615604523038175,0.0007345903098938678,9.217301072219665e-05,0.0009883237729198802,0.0,Germany,DEU,baden-wurttemberg,,,Linux-7.0.0-31-generic-x86_64-with-glibc2.43,3.14.4,3.3.0,24,Intel(R) Core(TM) Ultra 9 285K,1,1 x NVIDIA GeForce RTX 5090,9.2986,48.7383,60.81615447998047,machine,0.0,0.0,0.0,0.0,N
gradient_updates_70,2026-09-19T15:57:06,tdmpc2_Ant-v5_seed14577,4b9949c3-6cf5-4b74-8ec0-183463b8e9e3,17.238719967004727,0.0003126905945778427,1.813886436675163e-05,31.902976738974495,143.11207543150573,20.0,0.00012966962234672516,0.0005953813096377658,9.576700889447204e-05,0.0008208179408789595,0.0,Germany,DEU,baden-wurttemberg,,,Linux-7.0.0-31-generic-x86_64-with-glibc2.43,3.14.4,3.3.0,24,Intel(R) Core(TM) Ultra 9 285K,1,1 x NVIDIA GeForce RTX 5090,9.2986,48.7383,60.81615447998047,machine,0.0,0.0,0.0,0.0,N
rollout_71,2026-09-19T15:57:23,tdmpc2_Ant-v5_seed14577,4b9949c3-6cf5-4b74-8ec0-183463b8e9e3,16.532214192993706,0.00037557540137405504,2.271780662324539e-05,31.873250338200982,143.22598099698558,20.0,0.00016004517248047537,0.000734012809432194,9.183360851667231e-05,0.000985891590429333,0.0,Germany,DEU,baden-wurttemberg,,,Linux-7.0.0-31-generic-x86_64-with-glibc2.43,3.14.4,3.3.0,24,Intel(R) Core(TM) Ultra 9 285K,1,1 x NVIDIA GeForce RTX 5090,9.2986,48.7383,60.81615447998047,machine,0.0,0.0,0.0,0.0,N
gradient_updates_71,2026-09-19T15:57:40,tdmpc2_Ant-v5_seed14577,4b9949c3-6cf5-4b74-8ec0-183463b8e9e3,17.291424437993555,0.0003107708916344973,1.7972556310304165e-05,31.889973627318223,143.09587374874522,20.0,0.00012428387276034944,0.0005954343652359029,9.606045116112606e-05,0.0008157786891573593,0.0,Germany,DEU,baden-wurttemberg,,,Linux-7.0.0-31-generic-x86_64-with-glibc2.43,3.14.4,3.3.0,24,Intel(R) Core(TM) Ultra 9 285K,1,1 x NVIDIA GeForce RTX 5090,9.2986,48.7383,60.81615447998047,machine,0.0,0.0,0.0,0.0,N
rollout_72,2026-09-19T15:57:57,tdmpc2_Ant-v5_seed14577,4b9949c3-6cf5-4b74-8ec0-183463b8e9e3,16.54186208199826,0.00037306837535491105,2.2552988426717272e-05,31.852659015856126,143.20578452661886,20.0,0.00015466847623468033,0.0007327464195299171,9.189571023331816e-05,0.0009793106059979295,0.0,Germany,DEU,baden-wurttemberg,,,Linux-7.0.0-31-generic-x86_64-with-glibc2.43,3.14.4,3.3.0,24,Intel(R) Core(TM) Ultra 9 285K,1,1 x NVIDIA GeForce RTX 5090,9.2986,48.7383,60.81615447998047,machine,0.0,0.0,0.0,0.0,N
gradient_updates_72,2026-09-19T15:58:14,tdmpc2_Ant-v5_seed14577,4b9949c3-6cf5-4b74-8ec0-183463b8e9e3,17.212983142992016,0.00031306835258593235,1.8187930248584523e-05,31.862125165391294,143.08525690170188,20.0,0.0001279235115053956,0.0005982615897202059,9.562446062223555e-05,0.0008218095618478249,0.0,Germany,DEU,baden-wurttemberg,,,Linux-7.0.0-31-generic-x86_64-with-glibc2.43,3.14.4,3.3.0,24,Intel(R) Core(TM) Ultra 9 285K,1,1 x NVIDIA GeForce RTX 5090,9.2986,48.7383,60.81615447998047,machine,0.0,0.0,0.0,0.0,N
rollout_73,2026-09-19T15:58:31,tdmpc2_Ant-v5_seed14577,4b9949c3-6cf5-4b74-8ec0-183463b8e9e3,16.5248855289974,0.0003727982049151479,2.2559812658058192e-05,31.83100890403264,143.1934209095907,20.0,0.00015498948676926846,0.0007318030854417401,9.180883195003889e-05,0.0009786014041610336,0.0,Germany,DEU,baden-wurttemberg,,,Linux-7.0.0-31-generic-x86_64-with-glibc2.43,3.14.4,3.3.0,24,Intel(R) Core(TM) Ultra 9 285K,1,1 x NVIDIA GeForce RTX 5090,9.2986,48.7383,60.81615447998047,machine,0.0,0.0,0.0,0.0,N
gradient_updates_73,2026-09-19T15:58:48,tdmpc2_Ant-v5_seed14577,4b9949c3-6cf5-4b74-8ec0-183463b8e9e3,17.271240752001177,0.0003111197249332093,1.8013728346257724e-05,31.84060295962499,143.07322353205936,20.0,0.00012147107245455771,0.0005992802016461241,9.594310818889992e-05,0.0008166943822895678,0.0,Germany,DEU,baden-wurttemberg,,,Linux-7.0.0-31-generic-x86_64-with-glibc2.43,3.14.4,3.3.0,24,Intel(R) Core(TM) Ultra 9 285K,1,1 x NVIDIA GeForce RTX 5090,9.2986,48.7383,60.81615447998047,machine,0.0,0.0,0.0,0.0,N
rollout_74,2026-09-19T15:59:04,tdmpc2_Ant-v5_seed14577,4b9949c3-6cf5-4b74-8ec0-183463b8e9e3,16.533814217007603,0.00037566648590044854,2.27211082618605e-05,31.801552030269555,143.18424478489138,20.0,0.00015918310345749281,0.0007350953102980284,9.185227504996014e-05,0.0009861306888054866,0.0,Germany,DEU,baden-wurttemberg,,,Linux-7.0.0-31-generic-x86_64-with-glibc2.43,3.14.4,3.3.0,24,Intel(R) Core(TM) Ultra 9 285K,1,1 x NVIDIA GeForce RTX 5090,9.2986,48.7383,60.81615447998047,machine,0.0,0.0,0.0,0.0,N
gradient_updates_74,2026-09-19T15:59:19,tdmpc2_Ant-v5_seed14577,4b9949c3-6cf5-4b74-8ec0-183463b8e9e3,14.885672318006982,0.00028896767306904603,1.9412487786736187e-05,31.817995231977097,143.12212344291746,20.0,0.00012336027674369685,0.0005524882197680547,8.269638620000096e-05,0.0007585448827117647,0.0,Germany,DEU,baden-wurttemberg,,,Linux-7.0.0-31-generic-x86_64-with-glibc2.43,3.14.4,3.3.0,24,Intel(R) Core(TM) Ultra 9 285K,1,1 x NVIDIA GeForce RTX 5090,9.2986,48.7383,60.81615447998047,machine,0.0,0.0,0.0,0.0,N
rollout_75,2026-09-19T15:59:36,tdmpc2_Ant-v5_seed14577,4b9949c3-6cf5-4b74-8ec0-183463b8e9e3,16.531926964002196,0.00037444404349721433,2.2649758616847488e-05,31.806666396392117,143.23266758249866,20.0,0.00015516789580088605,0.0007359125331736216,9.184132846664153e-05,0.000982921757441163,0.0,Germany,DEU,baden-wurttemberg,,,Linux-7.0.0-31-generic-x86_64-with-glibc2.43,3.14.4,3.3.0,24,Intel(R) Core(TM) Ultra 9 285K,1,1 x NVIDIA GeForce RTX 5090,9.2986,48.7383,60.81615447998047,machine,0.0,0.0,0.0,0.0,N
gradient_updates_75,2026-09-19T15:59:50,tdmpc2_Ant-v5_seed14577,4b9949c3-6cf5-4b74-8ec0-183463b8e9e3,14.669376179008395,0.0002859255316388573,1.949133646674775e-05,31.81742336346449,143.1793709982528,20.0,0.00011931522989655496,0.0005497507175782346,8.149326407227639e-05,0.0007505592115470694,0.0,Germany,DEU,baden-wurttemberg,,,Linux-7.0.0-31-generic-x86_64-with-glibc2.43,3.14.4,3.3.0,24,Intel(R) Core(TM) Ultra 9 285K,1,1 x NVIDIA GeForce RTX 5090,9.2986,48.7383,60.81615447998047,machine,0.0,0.0,0.0,0.0,N
rollout_76,2026-09-19T16:00:07,tdmpc2_Ant-v5_seed14577,4b9949c3-6cf5-4b74-8ec0-183463b8e9e3,16.53698177500337,0.00037528180584788656,2.2693496379602702e-05,31.803100703958183,143.28791046131946,20.0,0.00015728208193667437,0.0007359694776640779,9.186933775555232e-05,0.0009851208973563064,0.0,Germany,DEU,baden-wurttemberg,,,Linux-7.0.0-31-generic-x86_64-with-glibc2.43,3.14.4,3.3.0,24,Intel(R) Core(TM) Ultra 9 285K,1,1 x NVIDIA GeForce RTX 5090,9.2986,48.7383,60.81615447998047,machine,0.0,0.0,0.0,0.0,N
gradient_updates_76,2026-09-19T16:00:22,tdmpc2_Ant-v5_seed14577,4b9949c3-6cf5-4b74-8ec0-183463b8e9e3,14.559280681001837,0.00028811634757635457,1.9789203675094033e-05,31.81720465244266,143.24071491401975,20.0,0.00012611848478358972,0.0005493107172260814,8.088093731663942e-05,0.0007563101393263105,0.0,Germany,DEU,baden-wurttemberg,,,Linux-7.0.0-31-generic-x86_64-with-glibc2.43,3.14.4,3.3.0,24,Intel(R) Core(TM) Ultra 9 285K,1,1 x NVIDIA GeForce RTX 5090,9.2986,48.7383,60.81615447998047,machine,0.0,0.0,0.0,0.0,N
rollout_77,2026-09-19T16:00:38,tdmpc2_Ant-v5_seed14577,4b9949c3-6cf5-4b74-8ec0-183463b8e9e3,16.522562776997802,0.0003729739023281553,2.2573618539188373e-05,31.814156583101752,143.34325624155116,20.0,0.00015499972733301615,0.000732268641369771,9.179424404994439e-05,0.0009790626127527402,0.0,Germany,DEU,baden-wurttemberg,,,Linux-7.0.0-31-generic-x86_64-with-glibc2.43,3.14.4,3.3.0,24,Intel(R) Core(TM) Ultra 9 285K,1,1 x NVIDIA GeForce RTX 5090,9.2986,48.7383,60.81615447998047,machine,0.0,0.0,0.0,0.0,N
gradient_updates_77,2026-09-19T16:00:53,tdmpc2_Ant-v5_seed14577,4b9949c3-6cf5-4b74-8ec0-183463b8e9e3,14.670694191008806,0.0002874844853139463,1.959581197853633e-05,31.82446857217629,143.29703304630158,20.0,0.00011915779338170923,0.000553993220972604,8.150047616662867e-05,0.0007546514905209245,0.0,Germany,DEU,baden-wurttemberg,,,Linux-7.0.0-31-generic-x86_64-with-glibc2.43,3.14.4,3.3.0,24,Intel(R) Core(TM) Ultra 9 285K,1,1 x NVIDIA GeForce RTX 5090,9.2986,48.7383,60.81615447998047,machine,0.0,0.0,0.0,0.0,N
rollout_78,2026-09-19T16:01:09,tdmpc2_Ant-v5_seed14577,4b9949c3-6cf5-4b74-8ec0-183463b8e9e3,16.531464015992242,0.0003739961164167041,2.2623296380146005e-05,31.810186262303386,143.39851456719683,20.0,0.00015684439297541236,0.0007330603086694865,9.184123986107941e-05,0.0009817459415059904,0.0,Germany,DEU,baden-wurttemberg,,,Linux-7.0.0-31-generic-x86_64-with-glibc2.43,3.14.4,3.3.0,24,Intel(R) Core(TM) Ultra 9 285K,1,1 x NVIDIA GeForce RTX 5090,9.2986,48.7383,60.81615447998047,machine,0.0,0.0,0.0,0.0,N
gradient_updates_78,2026-09-19T16:01:24,tdmpc2_Ant-v5_seed14577,4b9949c3-6cf5-4b74-8ec0-183463b8e9e3,14.786932758011972,0.00028634598626829655,1.9364815615181275e-05,31.822055465397035,143.34736338844849,20.0,0.00011457206054646396,0.0005549454439566226,8.214540734439307e-05,0.0007516629118474727,0.0,Germany,DEU,baden-wurttemberg,,,Linux-7.0.0-31-generic-x86_64-with-glibc2.43,3.14.4,3.3.0,24,Intel(R) Core(TM) Ultra 9 285K,1,1 x NVIDIA GeForce RTX 5090,9.2986,48.7383,60.81615447998047,machine,0.0,0.0,0.0,0.0,N
rollout_79,2026-09-19T16:01:41,tdmpc2_Ant-v5_seed14577,4b9949c3-6cf5-4b74-8ec0-183463b8e9e3,16.523529006997705,0.0003729749270482141,2.257236034412189e-05,31.800123476814708,143.44554283697192,20.0,0.0001558897708228285,0.0007313808628812701,9.179466895560193e-05,0.000979065302659704,0.0,Germany,DEU,baden-wurttemberg,,,Linux-7.0.0-31-generic-x86_64-with-glibc2.43,3.14.4,3.3.0,24,Intel(R) Core(TM) Ultra 9 285K,1,1 x NVIDIA GeForce RTX 5090,9.2986,48.7383,60.81615447998047,machine,0.0,0.0,0.0,0.0,N
gradient_updates_79,2026-09-19T16:01:55,tdmpc2_Ant-v5_seed14577,4b9949c3-6cf5-4b74-8ec0-183463b8e9e3,14.685242901003221,0.0002886902447770609,1.965853516704008e-05,31.811735063435442,143.3979832137426,20.0,0.0001229228250048467,0.0005533123870944401,8.158141679442607e-05,0.0007578166288937094,0.0,Germany,DEU,baden-wurttemberg,,,Linux-7.0.0-31-generic-x86_64-with-glibc2.43,3.14.4,3.3.0,24,Intel(R) Core(TM) Ultra 9 285K,1,1 x NVIDIA GeForce RTX 5090,9.2986,48.7383,60.81615447998047,machine,0.0,0.0,0.0,0.0,N
rollout_80,2026-09-19T16:02:12,tdmpc2_Ant-v5_seed14577,4b9949c3-6cf5-4b74-8ec0-183463b8e9e3,16.58528076100629,0.000377548700339507,2.276408632748538e-05,31.803471789432706,143.4959890695697,20.0,0.00016378563769506999,0.0007351450325598918,9.214086233332551e-05,0.000991071532588289,0.0,Germany,DEU,baden-wurttemberg,,,Linux-7.0.0-31-generic-x86_64-with-glibc2.43,3.14.4,3.3.0,24,Intel(R) Core(TM) Ultra 9 285K,1,1 x NVIDIA GeForce RTX 5090,9.2986,48.7383,60.81615447998047,machine,0.0,0.0,0.0,0.0,N
gradient_updates_80,2026-09-19T16:02:26,tdmpc2_Ant-v5_seed14577,4b9949c3-6cf5-4b74-8ec0-183463b8e9e3,14.601252983993618,0.0002889805330917039,1.9791503294936195e-05,31.824076012134203,143.45274645328786,20.0,0.00012459120106176474,0.0005528726645205317,8.111477489995515e-05,0.0007585786404822326,0.0,Germany,DEU,baden-wurttemberg,,,Linux-7.0.0-31-generic-x86_64-with-glibc2.43,3.14.4,3.3.0,24,Intel(R) Core(TM) Ultra 9 285K,1,1 x NVIDIA GeForce RTX 5090,9.2986,48.7383,60.81615447998047,machine,0.0,0.0,0.0,0.0,N
rollout_81,2026-09-19T16:02:43,tdmpc2_Ant-v5_seed14577,4b9949c3-6cf5-4b74-8ec0-183463b8e9e3,16.526082452997798,0.0003751581928483627,2.2700983948963054e-05,31.81887139035222,143.5502285393414,20.0,0.00015979108033276068,0.0007332019754495711,9.180335542219482e-05,0.0009847964112045249,0.0,Germany,DEU,baden-wurttemberg,,,Linux-7.0.0-31-generic-x86_64-with-glibc2.43,3.14.4,3.3.0,24,Intel(R) Core(TM) Ultra 9 285K,1,1 x NVIDIA GeForce RTX 5090,9.2986,48.7383,60.81615447998047,machine,0.0,0.0,0.0,0.0,N
gradient_updates_81,2026-09-19T16:02:58,tdmpc2_Ant-v5_seed14577,4b9949c3-6cf5-4b74-8ec0-183463b8e9e3,14.657197705993894,0.00029087081285981975,1.9844891618449325e-05,31.835234464199726,143.50694642337922,20.0,0.0001272840168271283,0.0005548312771979091,8.142536186108752e-05,0.0007635406558861302,0.0,Germany,DEU,baden-wurttemberg,,,Linux-7.0.0-31-generic-x86_64-with-glibc2.43,3.14.4,3.3.0,24,Intel(R) Core(TM) Ultra 9 285K,1,1 x NVIDIA GeForce RTX 5090,9.2986,48.7383,60.81615447998047,machine,0.0,0.0,0.0,0.0,N
rollout_82,2026-09-19T16:03:14,tdmpc2_Ant-v5_seed14577,4b9949c3-6cf5-4b74-8ec0-183463b8e9e3,16.52568569801224,0.00037354338212870764,2.260381311036648e-05,31.832798547869928,143.601816643375,20.0,0.00015640683929203647,0.0007323441969857569,9.180647029449242e-05,0.0009805575065722771,0.0,Germany,DEU,baden-wurttemberg,,,Linux-7.0.0-31-generic-x86_64-with-glibc2.43,3.14.4,3.3.0,24,Intel(R) Core(TM) Ultra 9 285K,1,1 x NVIDIA GeForce RTX 5090,9.2986,48.7383,60.81615447998047,machine,0.0,0.0,0.0,0.0,N
gradient_updates_82,2026-09-19T16:03:29,tdmpc2_Ant-v5_seed14577,4b9949c3-6cf5-4b74-8ec0-183463b8e9e3,14.629488291000598,0.00028920029132772224,1.9768334317442807e-05,31.84483880429044,143.55457213381163,20.0,0.00012698369047576402,0.0005509007184980597,8.127110048339325e-05,0.00075915550945721,0.0,Germany,DEU,baden-wurttemberg,,,Linux-7.0.0-31-generic-x86_64-with-glibc2.43,3.14.4,3.3.0,24,Intel(R) Core(TM) Ultra 9 285K,1,1 x NVIDIA GeForce RTX 5090,9.2986,48.7383,60.81615447998047,machine,0.0,0.0,0.0,0.0,N
rollout_83,2026-09-19T16:03:45,tdmpc2_Ant-v5_seed14577,4b9949c3-6cf5-4b74-8ec0-183463b8e9e3,16.525723625003593,0.0003755531952089816,2.2725382151969486e-05,31.842265404852654,143.65527268511897,20.0,0.00015601060314171522,0.0007380155904121999,9.1807105327784e-05,0.0009858332988816887,0.0,Germany,DEU,baden-wurttemberg,,,Linux-7.0.0-31-generic-x86_64-with-glibc2.43,3.14.4,3.3.0,24,Intel(R) Core(TM) Ultra 9 285K,1,1 x NVIDIA GeForce RTX 5090,9.2986,48.7383,60.81615447998047,machine,0.0,0.0,0.0,0.0,N
gradient_updates_83,2026-09-19T16:04:01,tdmpc2_Ant-v5_seed14577,4b9949c3-6cf5-4b74-8ec0-183463b8e9e3,15.735242415001267,0.00029941196512631857,1.9028127362703623e-05,31.852962361097983,143.5795157807202,20.0,0.00012761786153864946,0.0005709290678539425,8.741439132225332e-05,0.0007859613207148453,0.0,Germany,DEU,baden-wurttemberg,,,Linux-7.0.0-31-generic-x86_64-with-glibc2.43,3.14.4,3.3.0,24,Intel(R) Core(TM) Ultra 9 285K,1,1 x NVIDIA GeForce RTX 5090,9.2986,48.7383,60.81615447998047,machine,0.0,0.0,0.0,0.0,N
rollout_84,2026-09-19T16:04:18,tdmpc2_Ant-v5_seed14577,4b9949c3-6cf5-4b74-8ec0-183463b8e9e3,16.518299611008842,0.00037312501517496044,2.2588593468560676e-05,31.839132640964895,143.67289128842873,20.0,0.00015479068216578407,0.0007329033641001459,9.176524018888327e-05,0.0009794592864548202,0.0,Germany,DEU,baden-wurttemberg,,,Linux-7.0.0-31-generic-x86_64-with-glibc2.43,3.14.4,3.3.0,24,Intel(R) Core(TM) Ultra 9 285K,1,1 x NVIDIA GeForce RTX 5090,9.2986,48.7383,60.81615447998047,machine,0.0,0.0,0.0,0.0,N
gradient_updates_84,2026-09-19T16:04:35,tdmpc2_Ant-v5_seed14577,4b9949c3-6cf5-4b74-8ec0-183463b8e9e3,17.235281285000383,0.00031490660893363637,1.8271056223142497e-05,31.84779952129296,143.57040826476046,20.0,0.00012842898357643545,0.0006024574264098526,9.574860493335655e-05,0.0008266350149196411,0.0,Germany,DEU,baden-wurttemberg,,,Linux-7.0.0-31-generic-x86_64-with-glibc2.43,3.14.4,3.3.0,24,Intel(R) Core(TM) Ultra 9 285K,1,1 x NVIDIA GeForce RTX 5090,9.2986,48.7383,60.81615447998047,machine,0.0,0.0,0.0,0.0,N
rollout_85,2026-09-19T16:04:51,tdmpc2_Ant-v5_seed14577,4b9949c3-6cf5-4b74-8ec0-183463b8e9e3,16.525268917001085,0.0003733543715027446,2.2592947381031368e-05,31.82138929882655,143.66326515090896,20.0,0.0001546481481628642,0.0007336094757763867,9.180372663888242e-05,0.0009800613505781541,0.0,Germany,DEU,baden-wurttemberg,,,Linux-7.0.0-31-generic-x86_64-with-glibc2.43,3.14.4,3.3.0,24,Intel(R) Core(TM) Ultra 9 285K,1,1 x NVIDIA GeForce RTX 5090,9.2986,48.7383,60.81615447998047,machine,0.0,0.0,0.0,0.0,N
gradient_updates_85,2026-09-19T16:05:09,tdmpc2_Ant-v5_seed14577,4b9949c3-6cf5-4b74-8ec0-183463b8e9e3,17.220584482012782,0.0003132710058576446,1.8191636803966945e-05,31.829770477588706,143.55855052441862,20.0,0.00012763376460692838,0.0005990404792317605,9.566728617218384e-05,0.0008223415300108727,0.0,Germany,DEU,baden-wurttemberg,,,Linux-7.0.0-31-generic-x86_64-with-glibc2.43,3.14.4,3.3.0,24,Intel(R) Core(TM) Ultra 9 285K,1,1 x NVIDIA GeForce RTX 5090,9.2986,48.7383,60.81615447998047,machine,0.0,0.0,0.0,0.0,N
rollout_86,2026-09-19T16:05:25,tdmpc2_Ant-v5_seed14577,4b9949c3-6cf5-4b74-8ec0-183463b8e9e3,16.523853400009102,0.00037397342929915145,2.263234731760873e-05,31.803178584239483,143.64945281527832,20.0,0.00015712691736809864,0.0007327628084321525,9.179666164992398e-05,0.0009816863874501924,0.0,Germany,DEU,baden-wurttemberg,,,Linux-7.0.0-31-generic-x86_64-with-glibc2.43,3.14.4,3.3.0,24,Intel(R) Core(TM) Ultra 9 285K,1,1 x NVIDIA GeForce RTX 5090,9.2986,48.7383,60.81615447998047,machine,0.0,0.0,0.0,0.0,N
gradient_updates_86,2026-09-19T16:05:42,tdmpc2_Ant-v5_seed14577,4b9949c3-6cf5-4b74-8ec0-183463b8e9e3,17.223948059996474,0.00031353307146950865,1.8203332255041786e-05,31.814362246739748,143.5481620215703,20.0,0.0001263438055194091,0.0006010004807999181,9.568517022223028e-05,0.0008230294565415575,0.0,Germany,DEU,baden-wurttemberg,,,Linux-7.0.0-31-generic-x86_64-with-glibc2.43,3.14.4,3.3.0,24,Intel(R) Core(TM) Ultra 9 285K,1,1 x NVIDIA GeForce RTX 5090,9.2986,48.7383,60.81615447998047,machine,0.0,0.0,0.0,0.0,N
rollout_87,2026-09-19T16:05:59,tdmpc2_Ant-v5_seed14577,4b9949c3-6cf5-4b74-8ec0-183463b8e9e3,16.533610436992603,0.00037418809002807973,2.263196846516373e-05,31.786813045684774,143.63624139497855,20.0,0.00015867854694273653,0.0007317139187037469,9.185740973892756e-05,0.0009822498753854214,0.0,Germany,DEU,baden-wurttemberg,,,Linux-7.0.0-31-generic-x86_64-with-glibc2.43,3.14.4,3.3.0,24,Intel(R) Core(TM) Ultra 9 285K,1,1 x NVIDIA GeForce RTX 5090,9.2986,48.7383,60.81615447998047,machine,0.0,0.0,0.0,0.0,N
gradient_updates_87,2026-09-19T16:06:16,tdmpc2_Ant-v5_seed14577,4b9949c3-6cf5-4b74-8ec0-183463b8e9e3,17.31204400700517,0.0003123096727096347,1.8040037394712574e-05,31.79949492189673,143.52977290493712,20.0,0.00012508756895886208,0.0005985557566221544,9.617468914439181e-05,0.0008198180147253875,0.0,Germany,DEU,baden-wurttemberg,,,Linux-7.0.0-31-generic-x86_64-with-glibc2.43,3.14.4,3.3.0,24,Intel(R) Core(TM) Ultra 9 285K,1,1 x NVIDIA GeForce RTX 5090,9.2986,48.7383,60.81615447998047,machine,0.0,0.0,0.0,0.0,N
rollout_88,2026-09-19T16:06:33,tdmpc2_Ant-v5_seed14577,4b9949c3-6cf5-4b74-8ec0-183463b8e9e3,16.543964909011265,0.00037484989046292216,2.265780847753029e-05,31.770196845552018,143.6197525957688,20.0,0.0001576550739017385,0.0007344239208717518,9.19081176111343e-05,0.0009839871123846211,0.0,Germany,DEU,baden-wurttemberg,,,Linux-7.0.0-31-generic-x86_64-with-glibc2.43,3.14.4,3.3.0,24,Intel(R) Core(TM) Ultra 9 285K,1,1 x NVIDIA GeForce RTX 5090,9.2986,48.7383,60.81615447998047,machine,0.0,0.0,0.0,0.0,N
gradient_updates_88,2026-09-19T16:06:50,tdmpc2_Ant-v5_seed14577,4b9949c3-6cf5-4b74-8ec0-183463b8e9e3,17.022725597009412,0.00030798252747787913,1.8092443871711832e-05,31.781518984472285,143.5182563435481,20.0,0.00012212221491991748,0.0005917663067460666,9.457066583337323e-05,0.0008084591874993607,0.0,Germany,DEU,baden-wurttemberg,,,Linux-7.0.0-31-generic-x86_64-with-glibc2.43,3.14.4,3.3.0,24,Intel(R) Core(TM) Ultra 9 285K,1,1 x NVIDIA GeForce RTX 5090,9.2986,48.7383,60.81615447998047,machine,0.0,0.0,0.0,0.0,N
rollout_89,2026-09-19T16:07:06,tdmpc2_Ant-v5_seed14577,4b9949c3-6cf5-4b74-8ec0-183463b8e9e3,16.542493398999795,0.0003754688846751633,2.269724883301197e-05,31.751947741213076,143.6048428577965,20.0,0.0001614306513666383,0.0007322811413805752,9.190018959998394e-05,0.000985611982347201,0.0,Germany,DEU,baden-wurttemberg,,,Linux-7.0.0-31-generic-x86_64-with-glibc2.43,3.14.4,3.3.0,24,Intel(R) Core(TM) Ultra 9 285K,1,1 x NVIDIA GeForce RTX 5090,9.2986,48.7383,60.81615447998047,machine,0.0,0.0,0.0,0.0,N
gradient_updates_89,2026-09-19T16:07:21,tdmpc2_Ant-v5_seed14577,4b9949c3-6cf5-4b74-8ec0-183463b8e9e3,14.623388542997418,0.0002907143022208153,1.9880069423946385e-05,31.768790461874374,143.5682718766755,20.0,0.00012591793378981947,0.000555974611445631,8.123726765552411e-05,0.000763129812890978,0.0,Germany,DEU,baden-wurttemberg,,,Linux-7.0.0-31-generic-x86_64-with-glibc2.43,3.14.4,3.3.0,24,Intel(R) Core(TM) Ultra 9 285K,1,1 x NVIDIA GeForce RTX 5090,9.2986,48.7383,60.81615447998047,machine,0.0,0.0,0.0,0.0,N
rollout_90,2026-09-19T16:07:38,tdmpc2_Ant-v5_seed14577,4b9949c3-6cf5-4b74-8ec0-183463b8e9e3,16.58753064100165,0.0003771268894371474,2.273557347698567e-05,31.765901535862934,143.6557962366002,20.0,0.00016163383014029115,0.0007361714222700044,9.21590196389134e-05,0.0009899642720491986,0.0,Germany,DEU,baden-wurttemberg,,,Linux-7.0.0-31-generic-x86_64-with-glibc2.43,3.14.4,3.3.0,24,Intel(R) Core(TM) Ultra 9 285K,1,1 x NVIDIA GeForce RTX 5090,9.2986,48.7383,60.81615447998047,machine,0.0,0.0,0.0,0.0,N
gradient_updates_90,2026-09-19T16:07:52,tdmpc2_Ant-v5_seed14577,4b9949c3-6cf5-4b74-8ec0-183463b8e9e3,14.640602063998813,0.00028875340213388445,1.972279970712613e-05,31.782190831495313,143.6117009016375,20.0,0.00012580401842091082,0.000550845718453985,8.13326811166526e-05,0.0007579824179915484,0.0,Germany,DEU,baden-wurttemberg,,,Linux-7.0.0-31-generic-x86_64-with-glibc2.43,3.14.4,3.3.0,24,Intel(R) Core(TM) Ultra 9 285K,1,1 x NVIDIA GeForce RTX 5090,9.2986,48.7383,60.81615447998047,machine,0.0,0.0,0.0,0.0,N
rollout_91,2026-09-19T16:08:09,tdmpc2_Ant-v5_seed14577,4b9949c3-6cf5-4b74-8ec0-183463b8e9e3,16.531561997995595,0.00037337259017572455,2.2585444169142037e-05,31.778660999608025,143.69526684005865,20.0,0.00015704914841699336,0.0007312208627543448,9.183916372227513e-05,0.0009801091748936064,0.0,Germany,DEU,baden-wurttemberg,,,Linux-7.0.0-31-generic-x86_64-with-glibc2.43,3.14.4,3.3.0,24,Intel(R) Core(TM) Ultra 9 285K,1,1 x NVIDIA GeForce RTX 5090,9.2986,48.7383,60.81615447998047,machine,0.0,0.0,0.0,0.0,N
gradient_updates_91,2026-09-19T16:08:23,tdmpc2_Ant-v5_seed14577,4b9949c3-6cf5-4b74-8ec0-183463b8e9e3,14.635741962003522,0.0002896584731898605,1.9791180191366294e-05,31.790239194077508,143.65666200243285,20.0,0.00012438488589671531,0.0005546668326212867,8.130652584441289e-05,0.000760358244362408,0.0,Germany,DEU,baden-wurttemberg,,,Linux-7.0.0-31-generic-x86_64-with-glibc2.43,3.14.4,3.3.0,24,Intel(R) Core(TM) Ultra 9 285K,1,1 x NVIDIA GeForce RTX 5090,9.2986,48.7383,60.81615447998047,machine,0.0,0.0,0.0,0.0,N
rollout_92,2026-09-19T16:08:40,tdmpc2_Ant-v5_seed14577,4b9949c3-6cf5-4b74-8ec0-183463b8e9e3,16.52538241300499,0.0003743494810523884,2.265300925846593e-05,31.785197601711097,143.73940958087414,20.0,0.00015965595550244266,0.0007312125294141048,9.180504455556099e-05,0.0009826735294720945,0.0,Germany,DEU,baden-wurttemberg,,,Linux-7.0.0-31-generic-x86_64-with-glibc2.43,3.14.4,3.3.0,24,Intel(R) Core(TM) Ultra 9 285K,1,1 x NVIDIA GeForce RTX 5090,9.2986,48.7383,60.81615447998047,machine,0.0,0.0,0.0,0.0,N
gradient_updates_92,2026-09-19T16:08:55,tdmpc2_Ant-v5_seed14577,4b9949c3-6cf5-4b74-8ec0-183463b8e9e3,14.67673648300115,0.0002905547515251322,1.9796980930491875e-05,31.799614676029094,143.69912268147013,20.0,0.0001263947022267925,0.0005547821104925355,8.153417697782592e-05,0.0007627109896971573,0.0,Germany,DEU,baden-wurttemberg,,,Linux-7.0.0-31-generic-x86_64-with-glibc2.43,3.14.4,3.3.0,24,Intel(R) Core(TM) Ultra 9 285K,1,1 x NVIDIA GeForce RTX 5090,9.2986,48.7383,60.81615447998047,machine,0.0,0.0,0.0,0.0,N
rollout_93,2026-09-19T16:09:11,tdmpc2_Ant-v5_seed14577,4b9949c3-6cf5-4b74-8ec0-183463b8e9e3,16.53322980500525,0.00037424380238727795,2.2635866285178654e-05,31.796512985673157,143.78114804498296,20.0,0.00015866291526356324,0.0007318841966177381,9.184900936104815e-05,0.000982396121242346,0.0,Germany,DEU,baden-wurttemberg,,,Linux-7.0.0-31-generic-x86_64-with-glibc2.43,3.14.4,3.3.0,24,Intel(R) Core(TM) Ultra 9 285K,1,1 x NVIDIA GeForce RTX 5090,9.2986,48.7383,60.81615447998047,machine,0.0,0.0,0.0,0.0,N
gradient_updates_93,2026-09-19T16:09:29,tdmpc2_Ant-v5_seed14577,4b9949c3-6cf5-4b74-8ec0-183463b8e9e3,17.458266487999936,0.00031158599012252874,1.7847458158553383e-05,31.80773752133193,143.68213498980342,20.0,0.0001158723954756205,0.000605059095157845,9.698684542777669e-05,0.0008179183360612352,0.0,Germany,DEU,baden-wurttemberg,,,Linux-7.0.0-31-generic-x86_64-with-glibc2.43,3.14.4,3.3.0,24,Intel(R) Core(TM) Ultra 9 285K,1,1 x NVIDIA GeForce RTX 5090,9.2986,48.7383,60.81615447998047,machine,0.0,0.0,0.0,0.0,N
rollout_94,2026-09-19T16:09:45,tdmpc2_Ant-v5_seed14577,4b9949c3-6cf5-4b74-8ec0-183463b8e9e3,16.5342693470011,0.000372437154922009,2.252517648420468e-05,31.7696563393768,143.76322298456682,20.0,0.00015402755738860852,0.0007317716965280496,9.185438808886545e-05,0.000977653642005527,0.0,Germany,DEU,baden-wurttemberg,,,Linux-7.0.0-31-generic-x86_64-with-glibc2.43,3.14.4,3.3.0,24,Intel(R) Core(TM) Ultra 9 285K,1,1 x NVIDIA GeForce RTX 5090,9.2986,48.7383,60.81615447998047,machine,0.0,0.0,0.0,0.0,N
gradient_updates_94,2026-09-19T16:10:02,tdmpc2_Ant-v5_seed14577,4b9949c3-6cf5-4b74-8ec0-183463b8e9e3,17.250746855002944,0.0003145055652943596,1.823142995822744e-05,31.776856150201024,143.66827177536913,20.0,0.0001291389396999576,0.0006006090915979811,9.583423748893774e-05,0.000825582268786873,0.0,Germany,DEU,baden-wurttemberg,,,Linux-7.0.0-31-generic-x86_64-with-glibc2.43,3.14.4,3.3.0,24,Intel(R) Core(TM) Ultra 9 285K,1,1 x NVIDIA GeForce RTX 5090,9.2986,48.7383,60.81615447998047,machine,0.0,0.0,0.0,0.0,N
rollout_95,2026-09-19T16:10:19,tdmpc2_Ant-v5_seed14577,4b9949c3-6cf5-4b74-8ec0-183463b8e9e3,16.516579175993684,0.0003735280433854876,2.2615346751523554e-05,31.75417560017247,143.7512052402587,20.0,0.00015544299435429898,0.0007333183644320229,9.175588333333942e-05,0.0009805172421196717,0.0,Germany,DEU,baden-wurttemberg,,,Linux-7.0.0-31-generic-x86_64-with-glibc2.43,3.14.4,3.3.0,24,Intel(R) Core(TM) Ultra 9 285K,1,1 x NVIDIA GeForce RTX 5090,9.2986,48.7383,60.81615447998047,machine,0.0,0.0,0.0,0.0,N
gradient_updates_95,2026-09-19T16:10:34,tdmpc2_Ant-v5_seed14577,4b9949c3-6cf5-4b74-8ec0-183463b8e9e3,14.7462857250066,0.0002896955050615546,1.9645332408314425e-05,31.763811784231763,143.7079909084013,20.0,0.0001244171325891913,0.0005541179432939636,8.192037774998676e-05,0.000760455453633152,0.0,Germany,DEU,baden-wurttemberg,,,Linux-7.0.0-31-generic-x86_64-with-glibc2.43,3.14.4,3.3.0,24,Intel(R) Core(TM) Ultra 9 285K,1,1 x NVIDIA GeForce RTX 5090,9.2986,48.7383,60.81615447998047,machine,0.0,0.0,0.0,0.0,N
rollout_96,2026-09-19T16:10:50,tdmpc2_Ant-v5_seed14577,4b9949c3-6cf5-4b74-8ec0-183463b8e9e3,16.534754203996272,0.0003749633041250089,2.2677294589660384e-05,31.75771263118138,143.79404432405212,20.0,0.00015453448751637927,0.0007378933680919353,9.185696949999544e-05,0.000984284825108317,0.0,Germany,DEU,baden-wurttemberg,,,Linux-7.0.0-31-generic-x86_64-with-glibc2.43,3.14.4,3.3.0,24,Intel(R) Core(TM) Ultra 9 285K,1,1 x NVIDIA GeForce RTX 5090,9.2986,48.7383,60.81615447998047,machine,0.0,0.0,0.0,0.0,N
gradient_updates_96,2026-09-19T16:11:05,tdmpc2_Ant-v5_seed14577,4b9949c3-6cf5-4b74-8ec0-183463b8e9e3,14.609991606004769,0.00028892766111723867,1.977604840916933e-05,31.766226954861775,143.75576675116284,20.0,0.0001244878318124032,0.0005527884977860609,8.116352108336264e-05,0.0007584398506818302,0.0,Germany,DEU,baden-wurttemberg,,,Linux-7.0.0-31-generic-x86_64-with-glibc2.43,3.14.4,3.3.0,24,Intel(R) Core(TM) Ultra 9 285K,1,1 x NVIDIA GeForce RTX 5090,9.2986,48.7383,60.81615447998047,machine,0.0,0.0,0.0,0.0,N
rollout_97,2026-09-19T16:11:21,tdmpc2_Ant-v5_seed14577,4b9949c3-6cf5-4b74-8ec0-183463b8e9e3,16.52496884499851,0.0003742253326124295,2.264606057325334e-05,31.761740010543964,143.8368156098036,20.0,0.00015665087782059522,0.000733894198226448,9.180256173333193e-05,0.0009823476377803786,0.0,Germany,DEU,baden-wurttemberg,,,Linux-7.0.0-31-generic-x86_64-with-glibc2.43,3.14.4,3.3.0,24,Intel(R) Core(TM) Ultra 9 285K,1,1 x NVIDIA GeForce RTX 5090,9.2986,48.7383,60.81615447998047,machine,0.0,0.0,0.0,0.0,N
gradient_updates_97,2026-09-19T16:11:36,tdmpc2_Ant-v5_seed14577,4b9949c3-6cf5-4b74-8ec0-183463b8e9e3,14.634104885000852,0.0002916655042354277,1.99305042701432e-05,31.772576776209803,143.80325894915148,20.0,0.00012693277710168482,0.0005573971125834021,8.129684409998242e-05,0.0007656267337850797,0.0,Germany,DEU,baden-wurttemberg,,,Linux-7.0.0-31-generic-x86_64-with-glibc2.43,3.14.4,3.3.0,24,Intel(R) Core(TM) Ultra 9 285K,1,1 x NVIDIA GeForce RTX 5090,9.2986,48.7383,60.81615447998047,machine,0.0,0.0,0.0,0.0,N
rollout_98,2026-09-19T16:11:52,tdmpc2_Ant-v5_seed14577,4b9949c3-6cf5-4b74-8ec0-183463b8e9e3,16.517665273000603,0.00037343013102206224,2.2607929442943137e-05,31.77051956028441,143.88425810864345,20.0,0.00015400989126337222,0.000734488087590357,9.176224170555011e-05,0.0009802602205592759,0.0,Germany,DEU,baden-wurttemberg,,,Linux-7.0.0-31-generic-x86_64-with-glibc2.43,3.14.4,3.3.0,24,Intel(R) Core(TM) Ultra 9 285K,1,1 x NVIDIA GeForce RTX 5090,9.2986,48.7383,60.81615447998047,machine,0.0,0.0,0.0,0.0,N
gradient_updates_98,2026-09-19T16:12:07,tdmpc2_Ant-v5_seed14577,4b9949c3-6cf5-4b74-8ec0-183463b8e9e3,14.909853630000725,0.0002865553664569698,1.9219200896926258e-05,31.777195074572255,143.83882492571198,20.0,0.00011149484280691124,0.0005578882240877547,8.282947138326877e-05,0.0007522125382779243,0.0,Germany,DEU,baden-wurttemberg,,,Linux-7.0.0-31-generic-x86_64-with-glibc2.43,3.14.4,3.3.0,24,Intel(R) Core(TM) Ultra 9 285K,1,1 x NVIDIA GeForce RTX 5090,9.2986,48.7383,60.81615447998047,machine,0.0,0.0,0.0,0.0,N
rollout_99,2026-09-19T16:12:24,tdmpc2_Ant-v5_seed14577,4b9949c3-6cf5-4b74-8ec0-183463b8e9e3,16.525722152000526,0.0003743507285816905,2.265261693941007e-05,31.755479405137716,143.91581649470524,20.0,0.00015885422597217147,0.000732015863390334,9.180671489448372e-05,0.0009826768042569822,0.0,Germany,DEU,baden-wurttemberg,,,Linux-7.0.0-31-generic-x86_64-with-glibc2.43,3.14.4,3.3.0,24,Intel(R) Core(TM) Ultra 9 285K,1,1 x NVIDIA GeForce RTX 5090,9.2986,48.7383,60.81615447998047,machine,0.0,0.0,0.0,0.0,N
gradient_updates_99,2026-09-19T16:12:39,tdmpc2_Ant-v5_seed14577,4b9949c3-6cf5-4b74-8ec0-183463b8e9e3,14.687055806003627,0.0002903848692100558,1.977150148475779e-05,31.768172885882517,143.87741480294048,20.0,0.00012551371207755735,0.000555159888572021,8.159144518334396e-05,0.0007622650458329328,0.0,Germany,DEU,baden-wurttemberg,,,Linux-7.0.0-31-generic-x86_64-with-glibc2.43,3.14.4,3.3.0,24,Intel(R) Core(TM) Ultra 9 285K,1,1 x NVIDIA GeForce RTX 5090,9.2986,48.7383,60.81615447998047,machine,0.0,0.0,0.0,0.0,N
idle_baseline_tail,2026-09-19T16:14:09,tdmpc2_Ant-v5_seed14577,4b9949c3-6cf5-4b74-8ec0-183463b8e9e3,90.00347723500454,0.0006723914437485323,7.47072822935544e-06,31.762419813670114,143.3478752974239,20.0,0.0003819572508433275,0.000883068762009831,0.0005000125584777894,0.0017650385713309513,0.0,Germany,DEU,baden-wurttemberg,,,Linux-7.0.0-31-generic-x86_64-with-glibc2.43,3.14.4,3.3.0,24,Intel(R) Core(TM) Ultra 9 285K,1,1 x NVIDIA GeForce RTX 5090,9.2986,48.7383,60.81615447998047,machine,0.0,0.0,0.0,0.0,N
