task_name,timestamp,project_name,run_id,duration,emissions,emissions_rate,cpu_power,gpu_power,ram_power,cpu_energy,gpu_energy,ram_energy,energy_consumed,water_consumed,country_name,country_iso_code,region,cloud_provider,cloud_region,os,python_version,codecarbon_version,cpu_count,cpu_model,gpu_count,gpu_model,longitude,latitude,ram_total_size,tracking_mode,cpu_utilization_percent,gpu_utilization_percent,ram_utilization_percent,ram_used_gb,on_cloud
idle_baseline_head,2026-09-19T09:47:17,tdmpc2_HalfCheetah-v5_seed958,fbcf8836-6b0a-4cdd-9f71-9a6ce8341f34,90.00331291499606,0.0006106583208107788,6.784842403061746e-06,13.974356201061884,12.966607423541166,20.0,0.0004152888641752728,0.0006705577586676448,0.0005171414879610692,0.001602988110803987,0.0,Germany,DEU,baden-wurttemberg,,,Linux-7.0.0-31-generic-x86_64-with-glibc2.43,3.14.4,3.3.0,24,Intel(R) Core(TM) Ultra 9 285K,1,1 x NVIDIA GeForce RTX 5090,9.2986,48.7383,60.81615447998047,machine,0.0,0.0,0.0,0.0,N
warmup_0,2026-09-19T09:47:17,tdmpc2_HalfCheetah-v5_seed958,fbcf8836-6b0a-4cdd-9f71-9a6ce8341f34,0.15425796499766875,2.1539946787242246e-06,1.396223861684629e-05,21.308731077823097,33.75762397767079,20.0,1.5655659746718897e-06,3.2313914739567906e-06,8.573139222183479e-07,5.654271370847137e-06,0.0,Germany,DEU,baden-wurttemberg,,,Linux-7.0.0-31-generic-x86_64-with-glibc2.43,3.14.4,3.3.0,24,Intel(R) Core(TM) Ultra 9 285K,1,1 x NVIDIA GeForce RTX 5090,9.2986,48.7383,60.81615447998047,machine,0.0,0.0,0.0,0.0,N
world_model_pretrain_0,2026-09-19T09:48:28,tdmpc2_HalfCheetah-v5_seed958,fbcf8836-6b0a-4cdd-9f71-9a6ce8341f34,70.97322239699133,0.0013305773146880875,1.8747598963120786e-05,24.944462017236066,57.84876173189493,20.0,0.0005331787729315612,0.0025653156633618224,0.0003942928446833522,0.003492787280976736,0.0,Germany,DEU,baden-wurttemberg,,,Linux-7.0.0-31-generic-x86_64-with-glibc2.43,3.14.4,3.3.0,24,Intel(R) Core(TM) Ultra 9 285K,1,1 x NVIDIA GeForce RTX 5090,9.2986,48.7383,60.81615447998047,machine,0.0,0.0,0.0,0.0,N
rollout_0,2026-09-19T09:48:42,tdmpc2_HalfCheetah-v5_seed958,fbcf8836-6b0a-4cdd-9f71-9a6ce8341f34,13.621955585011165,0.00030187303329742236,2.216077250425548e-05,25.456234036617424,77.46754516912078,20.0,0.0001266920616313505,0.0005900543609320685,7.567524247772072e-05,0.00079242166504114,0.0,Germany,DEU,baden-wurttemberg,,,Linux-7.0.0-31-generic-x86_64-with-glibc2.43,3.14.4,3.3.0,24,Intel(R) Core(TM) Ultra 9 285K,1,1 x NVIDIA GeForce RTX 5090,9.2986,48.7383,60.81615447998047,machine,0.0,0.0,0.0,0.0,N
gradient_updates_0,2026-09-19T09:48:56,tdmpc2_HalfCheetah-v5_seed958,fbcf8836-6b0a-4cdd-9f71-9a6ce8341f34,13.910111022007186,0.0002687337212834446,1.931932607964257e-05,26.750602779010553,86.66571990139106,20.0,0.0001156163194374199,0.0005125412433661936,7.727286450560011e-05,0.0007054304273092131,0.0,Germany,DEU,baden-wurttemberg,,,Linux-7.0.0-31-generic-x86_64-with-glibc2.43,3.14.4,3.3.0,24,Intel(R) Core(TM) Ultra 9 285K,1,1 x NVIDIA GeForce RTX 5090,9.2986,48.7383,60.81615447998047,machine,0.0,0.0,0.0,0.0,N
rollout_1,2026-09-19T09:49:09,tdmpc2_HalfCheetah-v5_seed958,fbcf8836-6b0a-4cdd-9f71-9a6ce8341f34,13.55464890600706,0.00029886810281065527,2.204913083786998e-05,27.23818534908379,96.42854585343912,20.0,0.00012562718633500614,0.0005836057446617637,7.530074221665721e-05,0.0007845336732134273,0.0,Germany,DEU,baden-wurttemberg,,,Linux-7.0.0-31-generic-x86_64-with-glibc2.43,3.14.4,3.3.0,24,Intel(R) Core(TM) Ultra 9 285K,1,1 x NVIDIA GeForce RTX 5090,9.2986,48.7383,60.81615447998047,machine,0.0,0.0,0.0,0.0,N
gradient_updates_1,2026-09-19T09:49:23,tdmpc2_HalfCheetah-v5_seed958,fbcf8836-6b0a-4cdd-9f71-9a6ce8341f34,13.695993528002873,0.00027135728760072564,1.9812870238634605e-05,27.998431803266804,101.17993372128474,20.0,0.00012478151176957553,0.0005114501313823183,7.608568878333445e-05,0.0007123173319352289,0.0,Germany,DEU,baden-wurttemberg,,,Linux-7.0.0-31-generic-x86_64-with-glibc2.43,3.14.4,3.3.0,24,Intel(R) Core(TM) Ultra 9 285K,1,1 x NVIDIA GeForce RTX 5090,9.2986,48.7383,60.81615447998047,machine,0.0,0.0,0.0,0.0,N
rollout_2,2026-09-19T09:49:37,tdmpc2_HalfCheetah-v5_seed958,fbcf8836-6b0a-4cdd-9f71-9a6ce8341f34,13.604569243994774,0.0003018942600314829,2.219065718639826e-05,28.542889604746613,107.20861628864753,20.0,0.00012948083775124464,0.0005874151921538839,7.558135566117317e-05,0.0007924773855663026,0.0,Germany,DEU,baden-wurttemberg,,,Linux-7.0.0-31-generic-x86_64-with-glibc2.43,3.14.4,3.3.0,24,Intel(R) Core(TM) Ultra 9 285K,1,1 x NVIDIA GeForce RTX 5090,9.2986,48.7383,60.81615447998047,machine,0.0,0.0,0.0,0.0,N
gradient_updates_2,2026-09-19T09:49:51,tdmpc2_HalfCheetah-v5_seed958,fbcf8836-6b0a-4cdd-9f71-9a6ce8341f34,13.819682881003246,0.0002721620552189525,1.9693813019035253e-05,29.093263850356966,109.96671309211038,20.0,0.00012024596341891902,0.0005174112472619008,7.677264945555695e-05,0.0007144298601363761,0.0,Germany,DEU,baden-wurttemberg,,,Linux-7.0.0-31-generic-x86_64-with-glibc2.43,3.14.4,3.3.0,24,Intel(R) Core(TM) Ultra 9 285K,1,1 x NVIDIA GeForce RTX 5090,9.2986,48.7383,60.81615447998047,machine,0.0,0.0,0.0,0.0,N
rollout_3,2026-09-19T09:50:04,tdmpc2_HalfCheetah-v5_seed958,fbcf8836-6b0a-4cdd-9f71-9a6ce8341f34,13.570266349997837,0.00030238429806528355,2.2282859170633924e-05,29.320274988548295,114.1024464188506,20.0,0.00013238198590551087,0.0005859938021282041,7.538795541105268e-05,0.000793763743444767,0.0,Germany,DEU,baden-wurttemberg,,,Linux-7.0.0-31-generic-x86_64-with-glibc2.43,3.14.4,3.3.0,24,Intel(R) Core(TM) Ultra 9 285K,1,1 x NVIDIA GeForce RTX 5090,9.2986,48.7383,60.81615447998047,machine,0.0,0.0,0.0,0.0,N
gradient_updates_3,2026-09-19T09:50:18,tdmpc2_HalfCheetah-v5_seed958,fbcf8836-6b0a-4cdd-9f71-9a6ce8341f34,13.732093511003768,0.0002730782309626088,1.9886144367590726e-05,29.785828012142062,115.90303246646364,20.0,0.0001229096686054254,0.0005176393030001947,7.628586488895553e-05,0.0007168348364945763,0.0,Germany,DEU,baden-wurttemberg,,,Linux-7.0.0-31-generic-x86_64-with-glibc2.43,3.14.4,3.3.0,24,Intel(R) Core(TM) Ultra 9 285K,1,1 x NVIDIA GeForce RTX 5090,9.2986,48.7383,60.81615447998047,machine,0.0,0.0,0.0,0.0,N
rollout_4,2026-09-19T09:50:31,tdmpc2_HalfCheetah-v5_seed958,fbcf8836-6b0a-4cdd-9f71-9a6ce8341f34,13.55620814600843,0.00030152815899413786,2.224281711581022e-05,29.982683186366742,119.00071754525013,20.0,0.00012807547190474278,0.0005881243593877095,7.531653304443647e-05,0.0007915163643368896,0.0,Germany,DEU,baden-wurttemberg,,,Linux-7.0.0-31-generic-x86_64-with-glibc2.43,3.14.4,3.3.0,24,Intel(R) Core(TM) Ultra 9 285K,1,1 x NVIDIA GeForce RTX 5090,9.2986,48.7383,60.81615447998047,machine,0.0,0.0,0.0,0.0,N
gradient_updates_4,2026-09-19T09:50:45,tdmpc2_HalfCheetah-v5_seed958,fbcf8836-6b0a-4cdd-9f71-9a6ce8341f34,13.719472245997167,0.00027393241816533673,1.996669743788127e-05,30.26278607967942,120.22051873893622,20.0,0.00012428668720705638,0.000518573748192086,7.621665651669088e-05,0.0007190770919158328,0.0,Germany,DEU,baden-wurttemberg,,,Linux-7.0.0-31-generic-x86_64-with-glibc2.43,3.14.4,3.3.0,24,Intel(R) Core(TM) Ultra 9 285K,1,1 x NVIDIA GeForce RTX 5090,9.2986,48.7383,60.81615447998047,machine,0.0,0.0,0.0,0.0,N
rollout_5,2026-09-19T09:50:59,tdmpc2_HalfCheetah-v5_seed958,fbcf8836-6b0a-4cdd-9f71-9a6ce8341f34,13.556788501999108,0.0002999432585903371,2.212495409182806e-05,30.420947875271263,122.61219552145111,20.0,0.00012431995140031737,0.0005877324146297269,7.530360874443429e-05,0.0007873559747744781,0.0,Germany,DEU,baden-wurttemberg,,,Linux-7.0.0-31-generic-x86_64-with-glibc2.43,3.14.4,3.3.0,24,Intel(R) Core(TM) Ultra 9 285K,1,1 x NVIDIA GeForce RTX 5090,9.2986,48.7383,60.81615447998047,machine,0.0,0.0,0.0,0.0,N
gradient_updates_5,2026-09-19T09:51:15,tdmpc2_HalfCheetah-v5_seed958,fbcf8836-6b0a-4cdd-9f71-9a6ce8341f34,15.862470570995356,0.00029022404836317583,1.8296249211444408e-05,30.56117734932871,122.78580073872173,20.0,0.0001212409533815767,0.0005524804419843043,8.812149310550828e-05,0.0007618428884713889,0.0,Germany,DEU,baden-wurttemberg,,,Linux-7.0.0-31-generic-x86_64-with-glibc2.43,3.14.4,3.3.0,24,Intel(R) Core(TM) Ultra 9 285K,1,1 x NVIDIA GeForce RTX 5090,9.2986,48.7383,60.81615447998047,machine,0.0,0.0,0.0,0.0,N
rollout_6,2026-09-19T09:51:28,tdmpc2_HalfCheetah-v5_seed958,fbcf8836-6b0a-4cdd-9f71-9a6ce8341f34,13.571301927004242,0.00030370541835149974,2.2378506897610158e-05,30.41040333487803,124.80926168962839,20.0,0.0001293689232172851,0.0005924771406480289,7.538564200553497e-05,0.0007972317058708486,0.0,Germany,DEU,baden-wurttemberg,,,Linux-7.0.0-31-generic-x86_64-with-glibc2.43,3.14.4,3.3.0,24,Intel(R) Core(TM) Ultra 9 285K,1,1 x NVIDIA GeForce RTX 5090,9.2986,48.7383,60.81615447998047,machine,0.0,0.0,0.0,0.0,N
gradient_updates_6,2026-09-19T09:51:45,tdmpc2_HalfCheetah-v5_seed958,fbcf8836-6b0a-4cdd-9f71-9a6ce8341f34,16.409952026006067,0.0002942711637029787,1.7932491654035183e-05,30.602222879568494,124.69663030716318,20.0,0.00012164112286837392,0.0005596623921739763,9.116311759442206e-05,0.0007724666326367723,0.0,Germany,DEU,baden-wurttemberg,,,Linux-7.0.0-31-generic-x86_64-with-glibc2.43,3.14.4,3.3.0,24,Intel(R) Core(TM) Ultra 9 285K,1,1 x NVIDIA GeForce RTX 5090,9.2986,48.7383,60.81615447998047,machine,0.0,0.0,0.0,0.0,N
rollout_7,2026-09-19T09:51:58,tdmpc2_HalfCheetah-v5_seed958,fbcf8836-6b0a-4cdd-9f71-9a6ce8341f34,13.54380722399219,0.00030180881517741405,2.2283910781520576e-05,30.42446874302796,126.36051431404523,20.0,0.00012898372402023184,0.0005880310259800403,7.523834142225986e-05,0.0007922530914225324,0.0,Germany,DEU,baden-wurttemberg,,,Linux-7.0.0-31-generic-x86_64-with-glibc2.43,3.14.4,3.3.0,24,Intel(R) Core(TM) Ultra 9 285K,1,1 x NVIDIA GeForce RTX 5090,9.2986,48.7383,60.81615447998047,machine,0.0,0.0,0.0,0.0,N
gradient_updates_7,2026-09-19T09:52:15,tdmpc2_HalfCheetah-v5_seed958,fbcf8836-6b0a-4cdd-9f71-9a6ce8341f34,16.443047467008,0.00029636144388871764,1.8023521412247254e-05,30.595182539831956,126.21924593909246,20.0,0.00012237673095687185,0.0005642301736057398,9.134674785560076e-05,0.0007779536524182111,0.0,Germany,DEU,baden-wurttemberg,,,Linux-7.0.0-31-generic-x86_64-with-glibc2.43,3.14.4,3.3.0,24,Intel(R) Core(TM) Ultra 9 285K,1,1 x NVIDIA GeForce RTX 5090,9.2986,48.7383,60.81615447998047,machine,0.0,0.0,0.0,0.0,N
rollout_8,2026-09-19T09:52:28,tdmpc2_HalfCheetah-v5_seed958,fbcf8836-6b0a-4cdd-9f71-9a6ce8341f34,13.538714228008757,0.0003006430236446901,2.2206190588336817e-05,30.43500353935761,127.67908583430658,20.0,0.0001240286445006178,0.0005899521386276696,7.521208639445828e-05,0.0007891928695227465,0.0,Germany,DEU,baden-wurttemberg,,,Linux-7.0.0-31-generic-x86_64-with-glibc2.43,3.14.4,3.3.0,24,Intel(R) Core(TM) Ultra 9 285K,1,1 x NVIDIA GeForce RTX 5090,9.2986,48.7383,60.81615447998047,machine,0.0,0.0,0.0,0.0,N
gradient_updates_8,2026-09-19T09:52:44,tdmpc2_HalfCheetah-v5_seed958,fbcf8836-6b0a-4cdd-9f71-9a6ce8341f34,16.40893376999884,0.0002954450699723544,1.8005143081742527e-05,30.533971718428905,127.48249743901641,20.0,0.00012222275333367838,0.0005621773941864028,9.114800833332198e-05,0.000775548155853404,0.0,Germany,DEU,baden-wurttemberg,,,Linux-7.0.0-31-generic-x86_64-with-glibc2.43,3.14.4,3.3.0,24,Intel(R) Core(TM) Ultra 9 285K,1,1 x NVIDIA GeForce RTX 5090,9.2986,48.7383,60.81615447998047,machine,0.0,0.0,0.0,0.0,N
rollout_9,2026-09-19T09:52:58,tdmpc2_HalfCheetah-v5_seed958,fbcf8836-6b0a-4cdd-9f71-9a6ce8341f34,13.538637767996988,0.0003038491664676471,2.2443116853592424e-05,30.3944181518533,128.8136560341476,20.0,0.00012784547144295555,0.0005945515867522566,7.52119888389035e-05,0.0007976090470341174,0.0,Germany,DEU,baden-wurttemberg,,,Linux-7.0.0-31-generic-x86_64-with-glibc2.43,3.14.4,3.3.0,24,Intel(R) Core(TM) Ultra 9 285K,1,1 x NVIDIA GeForce RTX 5090,9.2986,48.7383,60.81615447998047,machine,0.0,0.0,0.0,0.0,N
gradient_updates_9,2026-09-19T09:53:14,tdmpc2_HalfCheetah-v5_seed958,fbcf8836-6b0a-4cdd-9f71-9a6ce8341f34,16.435996451007668,0.00029465376702345926,1.792732118196988e-05,30.526045912934347,128.56486878348815,20.0,0.00012133688012498645,0.0005608265597718542,9.130753273331937e-05,0.0007734709726301588,0.0,Germany,DEU,baden-wurttemberg,,,Linux-7.0.0-31-generic-x86_64-with-glibc2.43,3.14.4,3.3.0,24,Intel(R) Core(TM) Ultra 9 285K,1,1 x NVIDIA GeForce RTX 5090,9.2986,48.7383,60.81615447998047,machine,0.0,0.0,0.0,0.0,N
rollout_10,2026-09-19T09:53:28,tdmpc2_HalfCheetah-v5_seed958,fbcf8836-6b0a-4cdd-9f71-9a6ce8341f34,13.59565030700469,0.0003045132568615964,2.239784162364526e-05,30.390900166903208,129.70428635661577,20.0,0.00013072607124743618,0.0005930971411438613,7.552908282224165e-05,0.0007993522952135373,0.0,Germany,DEU,baden-wurttemberg,,,Linux-7.0.0-31-generic-x86_64-with-glibc2.43,3.14.4,3.3.0,24,Intel(R) Core(TM) Ultra 9 285K,1,1 x NVIDIA GeForce RTX 5090,9.2986,48.7383,60.81615447998047,machine,0.0,0.0,0.0,0.0,N
gradient_updates_10,2026-09-19T09:53:45,tdmpc2_HalfCheetah-v5_seed958,fbcf8836-6b0a-4cdd-9f71-9a6ce8341f34,16.456845581997186,0.0002958665554471298,1.797832694188543e-05,30.534266213057336,129.47109495979169,20.0,0.00012003946158703482,0.0005651912854860441,9.142381506664805e-05,0.0007766545621397287,0.0,Germany,DEU,baden-wurttemberg,,,Linux-7.0.0-31-generic-x86_64-with-glibc2.43,3.14.4,3.3.0,24,Intel(R) Core(TM) Ultra 9 285K,1,1 x NVIDIA GeForce RTX 5090,9.2986,48.7383,60.81615447998047,machine,0.0,0.0,0.0,0.0,N
rollout_11,2026-09-19T09:53:58,tdmpc2_HalfCheetah-v5_seed958,fbcf8836-6b0a-4cdd-9f71-9a6ce8341f34,13.550521448007203,0.00030215229932485134,2.2298206520188506e-05,30.39555675084353,130.4905951746006,20.0,0.00012694554350078935,0.0005909307505218564,7.527844892222992e-05,0.0007931547429448765,0.0,Germany,DEU,baden-wurttemberg,,,Linux-7.0.0-31-generic-x86_64-with-glibc2.43,3.14.4,3.3.0,24,Intel(R) Core(TM) Ultra 9 285K,1,1 x NVIDIA GeForce RTX 5090,9.2986,48.7383,60.81615447998047,machine,0.0,0.0,0.0,0.0,N
gradient_updates_11,2026-09-19T09:54:15,tdmpc2_HalfCheetah-v5_seed958,fbcf8836-6b0a-4cdd-9f71-9a6ce8341f34,16.451942225001403,0.0002962840648858961,1.8009063017573557e-05,30.4994447055127,130.2425361913911,20.0,0.00012177156852828663,0.0005645823961102359,9.139656662777692e-05,0.000777750531266299,0.0,Germany,DEU,baden-wurttemberg,,,Linux-7.0.0-31-generic-x86_64-with-glibc2.43,3.14.4,3.3.0,24,Intel(R) Core(TM) Ultra 9 285K,1,1 x NVIDIA GeForce RTX 5090,9.2986,48.7383,60.81615447998047,machine,0.0,0.0,0.0,0.0,N
rollout_12,2026-09-19T09:54:28,tdmpc2_HalfCheetah-v5_seed958,fbcf8836-6b0a-4cdd-9f71-9a6ce8341f34,13.554257105002762,0.00030330451711312566,2.23770799316492e-05,30.386806292100186,131.14995394356836,20.0,0.00013144518265606475,0.0005894351937700826,7.5298957116643e-05,0.0007961793335427916,0.0,Germany,DEU,baden-wurttemberg,,,Linux-7.0.0-31-generic-x86_64-with-glibc2.43,3.14.4,3.3.0,24,Intel(R) Core(TM) Ultra 9 285K,1,1 x NVIDIA GeForce RTX 5090,9.2986,48.7383,60.81615447998047,machine,0.0,0.0,0.0,0.0,N
gradient_updates_12,2026-09-19T09:54:45,tdmpc2_HalfCheetah-v5_seed958,fbcf8836-6b0a-4cdd-9f71-9a6ce8341f34,16.463024785000016,0.00029643787742354537,1.800629138771401e-05,30.521018133079426,130.89974454012128,20.0,0.0001212834067488705,0.0005654129523300355,9.145793262222389e-05,0.0007781542917011282,0.0,Germany,DEU,baden-wurttemberg,,,Linux-7.0.0-31-generic-x86_64-with-glibc2.43,3.14.4,3.3.0,24,Intel(R) Core(TM) Ultra 9 285K,1,1 x NVIDIA GeForce RTX 5090,9.2986,48.7383,60.81615447998047,machine,0.0,0.0,0.0,0.0,N
rollout_13,2026-09-19T09:54:58,tdmpc2_HalfCheetah-v5_seed958,fbcf8836-6b0a-4cdd-9f71-9a6ce8341f34,13.560787659007474,0.0003019442720963647,2.226599384868902e-05,30.408250527111484,131.73514156902044,20.0,0.00012665367715619658,0.0005906199169398718,7.533507396106486e-05,0.0007926086680571341,0.0,Germany,DEU,baden-wurttemberg,,,Linux-7.0.0-31-generic-x86_64-with-glibc2.43,3.14.4,3.3.0,24,Intel(R) Core(TM) Ultra 9 285K,1,1 x NVIDIA GeForce RTX 5090,9.2986,48.7383,60.81615447998047,machine,0.0,0.0,0.0,0.0,N
gradient_updates_13,2026-09-19T09:55:15,tdmpc2_HalfCheetah-v5_seed958,fbcf8836-6b0a-4cdd-9f71-9a6ce8341f34,16.470562835005694,0.00029474753301045147,1.7895398323605715e-05,30.495282051698766,131.4528584290146,20.0,0.00012080187414141574,0.0005614082269040921,9.150700883886519e-05,0.0007737171098843726,0.0,Germany,DEU,baden-wurttemberg,,,Linux-7.0.0-31-generic-x86_64-with-glibc2.43,3.14.4,3.3.0,24,Intel(R) Core(TM) Ultra 9 285K,1,1 x NVIDIA GeForce RTX 5090,9.2986,48.7383,60.81615447998047,machine,0.0,0.0,0.0,0.0,N
rollout_14,2026-09-19T09:55:28,tdmpc2_HalfCheetah-v5_seed958,fbcf8836-6b0a-4cdd-9f71-9a6ce8341f34,13.592222252991633,0.000302780990629789,2.2276050564517276e-05,30.386455951661873,132.22802113593906,20.0,0.0001264064514028551,0.0005928879743097859,7.551064222223241e-05,0.0007948050679348721,0.0,Germany,DEU,baden-wurttemberg,,,Linux-7.0.0-31-generic-x86_64-with-glibc2.43,3.14.4,3.3.0,24,Intel(R) Core(TM) Ultra 9 285K,1,1 x NVIDIA GeForce RTX 5090,9.2986,48.7383,60.81615447998047,machine,0.0,0.0,0.0,0.0,N
gradient_updates_14,2026-09-19T09:55:45,tdmpc2_HalfCheetah-v5_seed958,fbcf8836-6b0a-4cdd-9f71-9a6ce8341f34,16.485543924995,0.00029723913314339163,1.803029023416233e-05,30.465110436368263,131.98443563902302,20.0,0.00012110199688152024,0.0005675723985021364,9.158320572775352e-05,0.0007802576011114101,0.0,Germany,DEU,baden-wurttemberg,,,Linux-7.0.0-31-generic-x86_64-with-glibc2.43,3.14.4,3.3.0,24,Intel(R) Core(TM) Ultra 9 285K,1,1 x NVIDIA GeForce RTX 5090,9.2986,48.7383,60.81615447998047,machine,0.0,0.0,0.0,0.0,N
rollout_15,2026-09-19T09:55:58,tdmpc2_HalfCheetah-v5_seed958,fbcf8836-6b0a-4cdd-9f71-9a6ce8341f34,13.562549330003094,0.0003046927664367722,2.246574916406573e-05,30.36636844777332,132.72551358686454,20.0,0.00012954031279882594,0.0005949379759502271,7.534522204441594e-05,0.0007998235107934681,0.0,Germany,DEU,baden-wurttemberg,,,Linux-7.0.0-31-generic-x86_64-with-glibc2.43,3.14.4,3.3.0,24,Intel(R) Core(TM) Ultra 9 285K,1,1 x NVIDIA GeForce RTX 5090,9.2986,48.7383,60.81615447998047,machine,0.0,0.0,0.0,0.0,N
gradient_updates_15,2026-09-19T09:56:15,tdmpc2_HalfCheetah-v5_seed958,fbcf8836-6b0a-4cdd-9f71-9a6ce8341f34,16.45988878600474,0.0002964530969394412,1.801065018782459e-05,30.465442807578352,132.46685831162995,20.0,0.0001224988349434325,0.0005642548958477711,9.144051238884742e-05,0.0007781942431800519,0.0,Germany,DEU,baden-wurttemberg,,,Linux-7.0.0-31-generic-x86_64-with-glibc2.43,3.14.4,3.3.0,24,Intel(R) Core(TM) Ultra 9 285K,1,1 x NVIDIA GeForce RTX 5090,9.2986,48.7383,60.81615447998047,machine,0.0,0.0,0.0,0.0,N
rollout_16,2026-09-19T09:56:28,tdmpc2_HalfCheetah-v5_seed958,fbcf8836-6b0a-4cdd-9f71-9a6ce8341f34,13.557599159001256,0.00030552440963321076,2.2535294114949037e-05,30.381019091008316,133.16859102657477,20.0,0.0001300538890430386,0.0005966351995296826,7.531749925563215e-05,0.0008020065878283529,0.0,Germany,DEU,baden-wurttemberg,,,Linux-7.0.0-31-generic-x86_64-with-glibc2.43,3.14.4,3.3.0,24,Intel(R) Core(TM) Ultra 9 285K,1,1 x NVIDIA GeForce RTX 5090,9.2986,48.7383,60.81615447998047,machine,0.0,0.0,0.0,0.0,N
gradient_updates_16,2026-09-19T09:56:45,tdmpc2_HalfCheetah-v5_seed958,fbcf8836-6b0a-4cdd-9f71-9a6ce8341f34,16.47574370499933,0.0002970745444506786,1.803103053400214e-05,30.477643431856404,132.9261307198246,20.0,0.00012102046431629321,0.0005672762871542503,9.152880162218921e-05,0.0007798255530927362,0.0,Germany,DEU,baden-wurttemberg,,,Linux-7.0.0-31-generic-x86_64-with-glibc2.43,3.14.4,3.3.0,24,Intel(R) Core(TM) Ultra 9 285K,1,1 x NVIDIA GeForce RTX 5090,9.2986,48.7383,60.81615447998047,machine,0.0,0.0,0.0,0.0,N
rollout_17,2026-09-19T09:56:58,tdmpc2_HalfCheetah-v5_seed958,fbcf8836-6b0a-4cdd-9f71-9a6ce8341f34,13.56478081800742,0.00030279688932449353,2.232228840353524e-05,30.387885865630505,133.54316660126818,20.0,0.00012797001682036957,0.0005915199176600439,7.535686778889321e-05,0.0007948468022693084,0.0,Germany,DEU,baden-wurttemberg,,,Linux-7.0.0-31-generic-x86_64-with-glibc2.43,3.14.4,3.3.0,24,Intel(R) Core(TM) Ultra 9 285K,1,1 x NVIDIA GeForce RTX 5090,9.2986,48.7383,60.81615447998047,machine,0.0,0.0,0.0,0.0,N
gradient_updates_17,2026-09-19T09:57:15,tdmpc2_HalfCheetah-v5_seed958,fbcf8836-6b0a-4cdd-9f71-9a6ce8341f34,16.472613587000524,0.00029859206548054663,1.8126540916842512e-05,30.466750409326714,133.31441868078178,20.0,0.0001231244440550311,0.0005691732331158939,9.151139352220035e-05,0.0007838090706931283,0.0,Germany,DEU,baden-wurttemberg,,,Linux-7.0.0-31-generic-x86_64-with-glibc2.43,3.14.4,3.3.0,24,Intel(R) Core(TM) Ultra 9 285K,1,1 x NVIDIA GeForce RTX 5090,9.2986,48.7383,60.81615447998047,machine,0.0,0.0,0.0,0.0,N
rollout_18,2026-09-19T09:57:28,tdmpc2_HalfCheetah-v5_seed958,fbcf8836-6b0a-4cdd-9f71-9a6ce8341f34,13.552096245999564,0.00030645323084732036,2.261298357216733e-05,30.394119415316364,133.9314726439284,20.0,0.00013208210038781476,0.000597076310993927,7.528634737221512e-05,0.0008044447587539569,0.0,Germany,DEU,baden-wurttemberg,,,Linux-7.0.0-31-generic-x86_64-with-glibc2.43,3.14.4,3.3.0,24,Intel(R) Core(TM) Ultra 9 285K,1,1 x NVIDIA GeForce RTX 5090,9.2986,48.7383,60.81615447998047,machine,0.0,0.0,0.0,0.0,N
gradient_updates_18,2026-09-19T09:57:45,tdmpc2_HalfCheetah-v5_seed958,fbcf8836-6b0a-4cdd-9f71-9a6ce8341f34,16.62422298999445,0.0002957364442623938,1.778949619693212e-05,30.49080997115637,133.68729811154054,20.0,0.00011285990862118511,0.0005710996235461785,9.23534859777848e-05,0.0007763130181451458,0.0,Germany,DEU,baden-wurttemberg,,,Linux-7.0.0-31-generic-x86_64-with-glibc2.43,3.14.4,3.3.0,24,Intel(R) Core(TM) Ultra 9 285K,1,1 x NVIDIA GeForce RTX 5090,9.2986,48.7383,60.81615447998047,machine,0.0,0.0,0.0,0.0,N
rollout_19,2026-09-19T09:57:59,tdmpc2_HalfCheetah-v5_seed958,fbcf8836-6b0a-4cdd-9f71-9a6ce8341f34,13.543146415002411,0.00030393685066137065,2.2442112284582348e-05,30.366709314468768,134.2433371860221,20.0,0.0001297373543453495,0.0005928643631802899,7.523750195557836e-05,0.0007978392194812195,0.0,Germany,DEU,baden-wurttemberg,,,Linux-7.0.0-31-generic-x86_64-with-glibc2.43,3.14.4,3.3.0,24,Intel(R) Core(TM) Ultra 9 285K,1,1 x NVIDIA GeForce RTX 5090,9.2986,48.7383,60.81615447998047,machine,0.0,0.0,0.0,0.0,N
gradient_updates_19,2026-09-19T09:58:15,tdmpc2_HalfCheetah-v5_seed958,fbcf8836-6b0a-4cdd-9f71-9a6ce8341f34,16.446134452009574,0.00029744666227014827,1.8086123855758968e-05,30.450143591545455,134.00973402953417,20.0,0.00012310577765120567,0.0005663279530616627,9.136863776107538e-05,0.0007808023684739429,0.0,Germany,DEU,baden-wurttemberg,,,Linux-7.0.0-31-generic-x86_64-with-glibc2.43,3.14.4,3.3.0,24,Intel(R) Core(TM) Ultra 9 285K,1,1 x NVIDIA GeForce RTX 5090,9.2986,48.7383,60.81615447998047,machine,0.0,0.0,0.0,0.0,N
rollout_20,2026-09-19T09:58:29,tdmpc2_HalfCheetah-v5_seed958,fbcf8836-6b0a-4cdd-9f71-9a6ce8341f34,13.610320223000599,0.0003055853054150237,2.2452470690873875e-05,30.383920931958933,134.53953883921963,20.0,0.0001297877252189883,0.0005967676996356808,7.56110154000152e-05,0.0008021664402546869,0.0,Germany,DEU,baden-wurttemberg,,,Linux-7.0.0-31-generic-x86_64-with-glibc2.43,3.14.4,3.3.0,24,Intel(R) Core(TM) Ultra 9 285K,1,1 x NVIDIA GeForce RTX 5090,9.2986,48.7383,60.81615447998047,machine,0.0,0.0,0.0,0.0,N
gradient_updates_20,2026-09-19T09:58:45,tdmpc2_HalfCheetah-v5_seed958,fbcf8836-6b0a-4cdd-9f71-9a6ce8341f34,16.460687486993265,0.0002992716381910593,1.818100356330694e-05,30.460268802032324,134.32721317979093,20.0,0.0001236533469781559,0.0005704946230626895,9.144499016668604e-05,0.0007855929602075332,0.0,Germany,DEU,baden-wurttemberg,,,Linux-7.0.0-31-generic-x86_64-with-glibc2.43,3.14.4,3.3.0,24,Intel(R) Core(TM) Ultra 9 285K,1,1 x NVIDIA GeForce RTX 5090,9.2986,48.7383,60.81615447998047,machine,0.0,0.0,0.0,0.0,N
rollout_21,2026-09-19T09:58:59,tdmpc2_HalfCheetah-v5_seed958,fbcf8836-6b0a-4cdd-9f71-9a6ce8341f34,13.55043999600457,0.00030482822243834556,2.2495822929500457e-05,30.399161541227198,134.82813761530872,20.0,0.00013068285510176025,0.0005942176975959335,7.527853232224685e-05,0.0008001790850199406,0.0,Germany,DEU,baden-wurttemberg,,,Linux-7.0.0-31-generic-x86_64-with-glibc2.43,3.14.4,3.3.0,24,Intel(R) Core(TM) Ultra 9 285K,1,1 x NVIDIA GeForce RTX 5090,9.2986,48.7383,60.81615447998047,machine,0.0,0.0,0.0,0.0,N
gradient_updates_21,2026-09-19T09:59:15,tdmpc2_HalfCheetah-v5_seed958,fbcf8836-6b0a-4cdd-9f71-9a6ce8341f34,16.448653312996612,0.0002999451621679087,1.8235218325078767e-05,30.47974113732431,134.62771638767956,20.0,0.00012391564496576357,0.0005720671243198971,9.137820241117509e-05,0.0007873609716968349,0.0,Germany,DEU,baden-wurttemberg,,,Linux-7.0.0-31-generic-x86_64-with-glibc2.43,3.14.4,3.3.0,24,Intel(R) Core(TM) Ultra 9 285K,1,1 x NVIDIA GeForce RTX 5090,9.2986,48.7383,60.81615447998047,machine,0.0,0.0,0.0,0.0,N
rollout_22,2026-09-19T09:59:29,tdmpc2_HalfCheetah-v5_seed958,fbcf8836-6b0a-4cdd-9f71-9a6ce8341f34,13.535879937000573,0.0003049750102240151,2.2530856404382526e-05,30.42229605022616,135.10739045603674,20.0,0.00013081040159268476,0.0005945568645340238,7.51971392388643e-05,0.0008005644053655711,0.0,Germany,DEU,baden-wurttemberg,,,Linux-7.0.0-31-generic-x86_64-with-glibc2.43,3.14.4,3.3.0,24,Intel(R) Core(TM) Ultra 9 285K,1,1 x NVIDIA GeForce RTX 5090,9.2986,48.7383,60.81615447998047,machine,0.0,0.0,0.0,0.0,N
gradient_updates_22,2026-09-19T09:59:45,tdmpc2_HalfCheetah-v5_seed958,fbcf8836-6b0a-4cdd-9f71-9a6ce8341f34,16.420467279996956,0.00029776257703560335,1.8133631215463057e-05,30.500126695674535,134.89706454160444,20.0,0.00012213747354324067,0.0005682726768396762,9.122149953335722e-05,0.0007816316499162715,0.0,Germany,DEU,baden-wurttemberg,,,Linux-7.0.0-31-generic-x86_64-with-glibc2.43,3.14.4,3.3.0,24,Intel(R) Core(TM) Ultra 9 285K,1,1 x NVIDIA GeForce RTX 5090,9.2986,48.7383,60.81615447998047,machine,0.0,0.0,0.0,0.0,N
rollout_23,2026-09-19T09:59:59,tdmpc2_HalfCheetah-v5_seed958,fbcf8836-6b0a-4cdd-9f71-9a6ce8341f34,13.554024550001486,0.00030615171626952563,2.25875178474738e-05,30.43806271250623,135.3663198701697,20.0,0.0001303853262526189,0.0005979710339323319,7.529691785554578e-05,0.0008036532780404948,0.0,Germany,DEU,baden-wurttemberg,,,Linux-7.0.0-31-generic-x86_64-with-glibc2.43,3.14.4,3.3.0,24,Intel(R) Core(TM) Ultra 9 285K,1,1 x NVIDIA GeForce RTX 5090,9.2986,48.7383,60.81615447998047,machine,0.0,0.0,0.0,0.0,N
gradient_updates_23,2026-09-19T10:00:15,tdmpc2_HalfCheetah-v5_seed958,fbcf8836-6b0a-4cdd-9f71-9a6ce8341f34,16.478654178004945,0.0002979766862105382,1.8082596052089146e-05,30.509464587740823,135.15401617662167,20.0,0.00012157378114784068,0.000569075177482059,9.154473138332873e-05,0.0007821936900132276,0.0,Germany,DEU,baden-wurttemberg,,,Linux-7.0.0-31-generic-x86_64-with-glibc2.43,3.14.4,3.3.0,24,Intel(R) Core(TM) Ultra 9 285K,1,1 x NVIDIA GeForce RTX 5090,9.2986,48.7383,60.81615447998047,machine,0.0,0.0,0.0,0.0,N
rollout_24,2026-09-19T10:00:29,tdmpc2_HalfCheetah-v5_seed958,fbcf8836-6b0a-4cdd-9f71-9a6ce8341f34,13.536534181999741,0.00030412527246469895,2.2466998419932824e-05,30.445475620529272,135.58308473092126,20.0,0.00012944209744247814,0.0005936913082860151,7.520042407777473e-05,0.0007983338298062706,0.0,Germany,DEU,baden-wurttemberg,,,Linux-7.0.0-31-generic-x86_64-with-glibc2.43,3.14.4,3.3.0,24,Intel(R) Core(TM) Ultra 9 285K,1,1 x NVIDIA GeForce RTX 5090,9.2986,48.7383,60.81615447998047,machine,0.0,0.0,0.0,0.0,N
gradient_updates_24,2026-09-19T10:00:45,tdmpc2_HalfCheetah-v5_seed958,fbcf8836-6b0a-4cdd-9f71-9a6ce8341f34,16.456038294010796,0.0002990404783684425,1.8172088337725415e-05,30.510839781123295,135.3846039518738,20.0,0.0001228104529705093,0.0005707565677157689,9.141914119439529e-05,0.00078498616188067,0.0,Germany,DEU,baden-wurttemberg,,,Linux-7.0.0-31-generic-x86_64-with-glibc2.43,3.14.4,3.3.0,24,Intel(R) Core(TM) Ultra 9 285K,1,1 x NVIDIA GeForce RTX 5090,9.2986,48.7383,60.81615447998047,machine,0.0,0.0,0.0,0.0,N
rollout_25,2026-09-19T10:00:59,tdmpc2_HalfCheetah-v5_seed958,fbcf8836-6b0a-4cdd-9f71-9a6ce8341f34,13.528047136001987,0.0003032475591059382,2.24162053643351e-05,30.45338021331473,135.79851030867334,20.0,0.00012659869488998443,0.0005942776976439745,7.515342530548669e-05,0.0007960298178394457,0.0,Germany,DEU,baden-wurttemberg,,,Linux-7.0.0-31-generic-x86_64-with-glibc2.43,3.14.4,3.3.0,24,Intel(R) Core(TM) Ultra 9 285K,1,1 x NVIDIA GeForce RTX 5090,9.2986,48.7383,60.81615447998047,machine,0.0,0.0,0.0,0.0,N
gradient_updates_25,2026-09-19T10:01:13,tdmpc2_HalfCheetah-v5_seed958,fbcf8836-6b0a-4cdd-9f71-9a6ce8341f34,14.728699477011105,0.0002837287691193381,1.9263633519171416e-05,30.507357366955482,135.7215291371638,20.0,0.00012503316280422505,0.0005379368192381939,8.182269185005343e-05,0.0007447926738924707,0.0,Germany,DEU,baden-wurttemberg,,,Linux-7.0.0-31-generic-x86_64-with-glibc2.43,3.14.4,3.3.0,24,Intel(R) Core(TM) Ultra 9 285K,1,1 x NVIDIA GeForce RTX 5090,9.2986,48.7383,60.81615447998047,machine,0.0,0.0,0.0,0.0,N
rollout_26,2026-09-19T10:01:27,tdmpc2_HalfCheetah-v5_seed958,fbcf8836-6b0a-4cdd-9f71-9a6ce8341f34,13.533009874998243,0.00030695472055702194,2.2681927112825935e-05,30.514429312315553,136.127038645626,20.0,0.00013350871014021493,0.0005970718665460062,7.518060078331914e-05,0.0008057611774695411,0.0,Germany,DEU,baden-wurttemberg,,,Linux-7.0.0-31-generic-x86_64-with-glibc2.43,3.14.4,3.3.0,24,Intel(R) Core(TM) Ultra 9 285K,1,1 x NVIDIA GeForce RTX 5090,9.2986,48.7383,60.81615447998047,machine,0.0,0.0,0.0,0.0,N
gradient_updates_26,2026-09-19T10:01:41,tdmpc2_HalfCheetah-v5_seed958,fbcf8836-6b0a-4cdd-9f71-9a6ce8341f34,13.882985012998688,0.00027506139377789923,1.98128471459877e-05,30.595008413663297,136.12888467779405,20.0,0.00011956421898463854,0.0005253520869477057,7.712436548883671e-05,0.0007220406714211827,0.0,Germany,DEU,baden-wurttemberg,,,Linux-7.0.0-31-generic-x86_64-with-glibc2.43,3.14.4,3.3.0,24,Intel(R) Core(TM) Ultra 9 285K,1,1 x NVIDIA GeForce RTX 5090,9.2986,48.7383,60.81615447998047,machine,0.0,0.0,0.0,0.0,N
rollout_27,2026-09-19T10:01:54,tdmpc2_HalfCheetah-v5_seed958,fbcf8836-6b0a-4cdd-9f71-9a6ce8341f34,13.559026774004451,0.00030318473669547694,2.2360360950544437e-05,30.60532837536498,136.49026063491718,20.0,0.0001275369053627684,0.0005930026966241009,7.532530599443487e-05,0.0007958649079813016,0.0,Germany,DEU,baden-wurttemberg,,,Linux-7.0.0-31-generic-x86_64-with-glibc2.43,3.14.4,3.3.0,24,Intel(R) Core(TM) Ultra 9 285K,1,1 x NVIDIA GeForce RTX 5090,9.2986,48.7383,60.81615447998047,machine,0.0,0.0,0.0,0.0,N
gradient_updates_27,2026-09-19T10:02:08,tdmpc2_HalfCheetah-v5_seed958,fbcf8836-6b0a-4cdd-9f71-9a6ce8341f34,13.88521543800016,0.0002759297110858476,1.9872200379769735e-05,30.65685490197586,136.48494425668034,20.0,0.00012197427285710882,0.0005252070868322356,7.713865891111928e-05,0.000724320018600462,0.0,Germany,DEU,baden-wurttemberg,,,Linux-7.0.0-31-generic-x86_64-with-glibc2.43,3.14.4,3.3.0,24,Intel(R) Core(TM) Ultra 9 285K,1,1 x NVIDIA GeForce RTX 5090,9.2986,48.7383,60.81615447998047,machine,0.0,0.0,0.0,0.0,N
rollout_28,2026-09-19T10:02:22,tdmpc2_HalfCheetah-v5_seed958,fbcf8836-6b0a-4cdd-9f71-9a6ce8341f34,13.552557083996362,0.0003054268405059124,2.2536476060135054e-05,30.675921148223733,136.84645837202447,20.0,0.00012964746344010236,0.0005968135330061131,7.52894708222207e-05,0.0008017504672684361,0.0,Germany,DEU,baden-wurttemberg,,,Linux-7.0.0-31-generic-x86_64-with-glibc2.43,3.14.4,3.3.0,24,Intel(R) Core(TM) Ultra 9 285K,1,1 x NVIDIA GeForce RTX 5090,9.2986,48.7383,60.81615447998047,machine,0.0,0.0,0.0,0.0,N
gradient_updates_28,2026-09-19T10:02:36,tdmpc2_HalfCheetah-v5_seed958,fbcf8836-6b0a-4cdd-9f71-9a6ce8341f34,13.907323345993063,0.0002751004732867435,1.9780989034489924e-05,30.732992756381307,136.82581879465113,20.0,0.00012118856500632769,0.0005236951411777824,7.725954958894173e-05,0.00072214325577305,0.0,Germany,DEU,baden-wurttemberg,,,Linux-7.0.0-31-generic-x86_64-with-glibc2.43,3.14.4,3.3.0,24,Intel(R) Core(TM) Ultra 9 285K,1,1 x NVIDIA GeForce RTX 5090,9.2986,48.7383,60.81615447998047,machine,0.0,0.0,0.0,0.0,N
rollout_29,2026-09-19T10:02:49,tdmpc2_HalfCheetah-v5_seed958,fbcf8836-6b0a-4cdd-9f71-9a6ce8341f34,13.551945145998616,0.0003037426385704284,2.241321182758149e-05,30.74616691092478,137.15686614015652,20.0,0.00012847606500299147,0.0005935671415198129,7.52862030333843e-05,0.000797329409556187,0.0,Germany,DEU,baden-wurttemberg,,,Linux-7.0.0-31-generic-x86_64-with-glibc2.43,3.14.4,3.3.0,24,Intel(R) Core(TM) Ultra 9 285K,1,1 x NVIDIA GeForce RTX 5090,9.2986,48.7383,60.81615447998047,machine,0.0,0.0,0.0,0.0,N
gradient_updates_29,2026-09-19T10:03:03,tdmpc2_HalfCheetah-v5_seed958,fbcf8836-6b0a-4cdd-9f71-9a6ce8341f34,13.936797301998013,0.00027541587072446236,1.9761749717959978e-05,30.794742470019102,137.14490254347282,20.0,0.00011755102876297163,0.0005279968112863465,7.742333917226934e-05,0.0007229711792215848,0.0,Germany,DEU,baden-wurttemberg,,,Linux-7.0.0-31-generic-x86_64-with-glibc2.43,3.14.4,3.3.0,24,Intel(R) Core(TM) Ultra 9 285K,1,1 x NVIDIA GeForce RTX 5090,9.2986,48.7383,60.81615447998047,machine,0.0,0.0,0.0,0.0,N
rollout_30,2026-09-19T10:03:17,tdmpc2_HalfCheetah-v5_seed958,fbcf8836-6b0a-4cdd-9f71-9a6ce8341f34,13.594023669997114,0.00030653448114588075,2.254920506797026e-05,30.792677509684275,137.47382467864622,20.0,0.00013054079609922664,0.000598596867765977,7.552037825549196e-05,0.0008046580421206956,0.0,Germany,DEU,baden-wurttemberg,,,Linux-7.0.0-31-generic-x86_64-with-glibc2.43,3.14.4,3.3.0,24,Intel(R) Core(TM) Ultra 9 285K,1,1 x NVIDIA GeForce RTX 5090,9.2986,48.7383,60.81615447998047,machine,0.0,0.0,0.0,0.0,N
gradient_updates_30,2026-09-19T10:03:31,tdmpc2_HalfCheetah-v5_seed958,fbcf8836-6b0a-4cdd-9f71-9a6ce8341f34,14.000810792989796,0.00027425288427066277,1.9588369682418632e-05,30.844696025886925,137.4407702082897,20.0,0.00011599082029258023,0.000526148476474031,7.77790239333831e-05,0.0007199183206999943,0.0,Germany,DEU,baden-wurttemberg,,,Linux-7.0.0-31-generic-x86_64-with-glibc2.43,3.14.4,3.3.0,24,Intel(R) Core(TM) Ultra 9 285K,1,1 x NVIDIA GeForce RTX 5090,9.2986,48.7383,60.81615447998047,machine,0.0,0.0,0.0,0.0,N
rollout_31,2026-09-19T10:03:44,tdmpc2_HalfCheetah-v5_seed958,fbcf8836-6b0a-4cdd-9f71-9a6ce8341f34,13.536796170999878,0.00030412663970738607,2.2466664610754893e-05,30.83415268435948,137.7482005876405,20.0,0.00012889115450172295,0.0005942443642834583,7.520190005557738e-05,0.0007983374188407569,0.0,Germany,DEU,baden-wurttemberg,,,Linux-7.0.0-31-generic-x86_64-with-glibc2.43,3.14.4,3.3.0,24,Intel(R) Core(TM) Ultra 9 285K,1,1 x NVIDIA GeForce RTX 5090,9.2986,48.7383,60.81615447998047,machine,0.0,0.0,0.0,0.0,N
gradient_updates_31,2026-09-19T10:03:58,tdmpc2_HalfCheetah-v5_seed958,fbcf8836-6b0a-4cdd-9f71-9a6ce8341f34,13.933593020992703,0.00027682499842160077,1.986746582822328e-05,30.881613430595188,137.72883645348244,20.0,0.00012123525698812254,0.000528029589090373,7.740531646672436e-05,0.000726670162545219,0.0,Germany,DEU,baden-wurttemberg,,,Linux-7.0.0-31-generic-x86_64-with-glibc2.43,3.14.4,3.3.0,24,Intel(R) Core(TM) Ultra 9 285K,1,1 x NVIDIA GeForce RTX 5090,9.2986,48.7383,60.81615447998047,machine,0.0,0.0,0.0,0.0,N
rollout_32,2026-09-19T10:04:12,tdmpc2_HalfCheetah-v5_seed958,fbcf8836-6b0a-4cdd-9f71-9a6ce8341f34,13.532296769000823,0.0003046568487230991,2.251331974560062e-05,30.891229031580217,138.02663627758068,20.0,0.00012965034566463085,0.0005949065870356485,7.517229350552119e-05,0.0007997292262058031,0.0,Germany,DEU,baden-wurttemberg,,,Linux-7.0.0-31-generic-x86_64-with-glibc2.43,3.14.4,3.3.0,24,Intel(R) Core(TM) Ultra 9 285K,1,1 x NVIDIA GeForce RTX 5090,9.2986,48.7383,60.81615447998047,machine,0.0,0.0,0.0,0.0,N
gradient_updates_32,2026-09-19T10:04:26,tdmpc2_HalfCheetah-v5_seed958,fbcf8836-6b0a-4cdd-9f71-9a6ce8341f34,14.187251923998701,0.0002734470467196208,1.9274148924017312e-05,30.93586436902546,137.97913695729056,20.0,0.00010816187152942747,0.0005308265357726327,7.88145766055905e-05,0.0007178029839076533,0.0,Germany,DEU,baden-wurttemberg,,,Linux-7.0.0-31-generic-x86_64-with-glibc2.43,3.14.4,3.3.0,24,Intel(R) Core(TM) Ultra 9 285K,1,1 x NVIDIA GeForce RTX 5090,9.2986,48.7383,60.81615447998047,machine,0.0,0.0,0.0,0.0,N
rollout_33,2026-09-19T10:04:39,tdmpc2_HalfCheetah-v5_seed958,fbcf8836-6b0a-4cdd-9f71-9a6ce8341f34,13.541454860998783,0.0003034049625365784,2.240563986278112e-05,30.893175143602964,138.25849475940822,20.0,0.00012761308042372188,0.0005936021415480219,7.522778245555757e-05,0.0007964430044272997,0.0,Germany,DEU,baden-wurttemberg,,,Linux-7.0.0-31-generic-x86_64-with-glibc2.43,3.14.4,3.3.0,24,Intel(R) Core(TM) Ultra 9 285K,1,1 x NVIDIA GeForce RTX 5090,9.2986,48.7383,60.81615447998047,machine,0.0,0.0,0.0,0.0,N
gradient_updates_33,2026-09-19T10:04:53,tdmpc2_HalfCheetah-v5_seed958,fbcf8836-6b0a-4cdd-9f71-9a6ce8341f34,14.025554320003721,0.0002762202795507096,1.9694033844817002e-05,30.931173754700996,138.23503345666893,20.0,0.00011511617125953277,0.0005320504256394187,7.791616868893861e-05,0.0007250827655878936,0.0,Germany,DEU,baden-wurttemberg,,,Linux-7.0.0-31-generic-x86_64-with-glibc2.43,3.14.4,3.3.0,24,Intel(R) Core(TM) Ultra 9 285K,1,1 x NVIDIA GeForce RTX 5090,9.2986,48.7383,60.81615447998047,machine,0.0,0.0,0.0,0.0,N
rollout_34,2026-09-19T10:05:07,tdmpc2_HalfCheetah-v5_seed958,fbcf8836-6b0a-4cdd-9f71-9a6ce8341f34,13.544730701003573,0.0003061269734906842,2.260118983319383e-05,30.918071677874973,138.50574484464423,20.0,0.00013390504795728064,0.0005944371422161865,7.524613766662566e-05,0.0008035883278400963,0.0,Germany,DEU,baden-wurttemberg,,,Linux-7.0.0-31-generic-x86_64-with-glibc2.43,3.14.4,3.3.0,24,Intel(R) Core(TM) Ultra 9 285K,1,1 x NVIDIA GeForce RTX 5090,9.2986,48.7383,60.81615447998047,machine,0.0,0.0,0.0,0.0,N
gradient_updates_34,2026-09-19T10:05:21,tdmpc2_HalfCheetah-v5_seed958,fbcf8836-6b0a-4cdd-9f71-9a6ce8341f34,13.916698485991219,0.00027606751102901214,1.983714795142968e-05,30.977032468385115,138.47360685490506,20.0,0.00012115253719972852,0.0005262173654179136,7.731184309442245e-05,0.0007246817457120663,0.0,Germany,DEU,baden-wurttemberg,,,Linux-7.0.0-31-generic-x86_64-with-glibc2.43,3.14.4,3.3.0,24,Intel(R) Core(TM) Ultra 9 285K,1,1 x NVIDIA GeForce RTX 5090,9.2986,48.7383,60.81615447998047,machine,0.0,0.0,0.0,0.0,N
rollout_35,2026-09-19T10:05:35,tdmpc2_HalfCheetah-v5_seed958,fbcf8836-6b0a-4cdd-9f71-9a6ce8341f34,13.567076301987981,0.0003064052258304889,2.2584469174119134e-05,30.98496416935986,138.7443432333871,20.0,0.00013058314779977598,0.0005983652009140528,7.537039608335704e-05,0.0008043187447971875,0.0,Germany,DEU,baden-wurttemberg,,,Linux-7.0.0-31-generic-x86_64-with-glibc2.43,3.14.4,3.3.0,24,Intel(R) Core(TM) Ultra 9 285K,1,1 x NVIDIA GeForce RTX 5090,9.2986,48.7383,60.81615447998047,machine,0.0,0.0,0.0,0.0,N
gradient_updates_35,2026-09-19T10:05:48,tdmpc2_HalfCheetah-v5_seed958,fbcf8836-6b0a-4cdd-9f71-9a6ce8341f34,13.901377835994936,0.0002753657533557004,1.980853137079209e-05,31.030121605160303,138.7047783032368,20.0,0.00012147880384963394,0.0005241337526400436,7.722706381666465e-05,0.0007228396203063439,0.0,Germany,DEU,baden-wurttemberg,,,Linux-7.0.0-31-generic-x86_64-with-glibc2.43,3.14.4,3.3.0,24,Intel(R) Core(TM) Ultra 9 285K,1,1 x NVIDIA GeForce RTX 5090,9.2986,48.7383,60.81615447998047,machine,0.0,0.0,0.0,0.0,N
rollout_36,2026-09-19T10:06:02,tdmpc2_HalfCheetah-v5_seed958,fbcf8836-6b0a-4cdd-9f71-9a6ce8341f34,13.557420855999226,0.00030516339699591596,2.250896059907279e-05,31.03798527448683,138.9647026888581,20.0,0.00012803244187031826,0.0005977102003900114,7.531628147221942e-05,0.0008010589237325491,0.0,Germany,DEU,baden-wurttemberg,,,Linux-7.0.0-31-generic-x86_64-with-glibc2.43,3.14.4,3.3.0,24,Intel(R) Core(TM) Ultra 9 285K,1,1 x NVIDIA GeForce RTX 5090,9.2986,48.7383,60.81615447998047,machine,0.0,0.0,0.0,0.0,N
gradient_updates_36,2026-09-19T10:06:16,tdmpc2_HalfCheetah-v5_seed958,fbcf8836-6b0a-4cdd-9f71-9a6ce8341f34,14.18732068699319,0.00027449038484246915,1.934759597089643e-05,31.07035228986434,138.91759727582425,20.0,0.00010857489213762783,0.000533151537632115,7.881533382775741e-05,0.0007205417635975028,0.0,Germany,DEU,baden-wurttemberg,,,Linux-7.0.0-31-generic-x86_64-with-glibc2.43,3.14.4,3.3.0,24,Intel(R) Core(TM) Ultra 9 285K,1,1 x NVIDIA GeForce RTX 5090,9.2986,48.7383,60.81615447998047,machine,0.0,0.0,0.0,0.0,N
rollout_37,2026-09-19T10:06:30,tdmpc2_HalfCheetah-v5_seed958,fbcf8836-6b0a-4cdd-9f71-9a6ce8341f34,13.549617310010944,0.0003038704410197532,2.2426494653737545e-05,31.031487805890393,139.15952106590078,20.0,0.00012758937846031604,0.0005947990869499264,7.527642767219973e-05,0.0007976648930824379,0.0,Germany,DEU,baden-wurttemberg,,,Linux-7.0.0-31-generic-x86_64-with-glibc2.43,3.14.4,3.3.0,24,Intel(R) Core(TM) Ultra 9 285K,1,1 x NVIDIA GeForce RTX 5090,9.2986,48.7383,60.81615447998047,machine,0.0,0.0,0.0,0.0,N
gradient_updates_37,2026-09-19T10:06:44,tdmpc2_HalfCheetah-v5_seed958,fbcf8836-6b0a-4cdd-9f71-9a6ce8341f34,13.97843628800183,0.00027690406130085124,1.9809347727014364e-05,31.06459382012332,139.12361326675943,20.0,0.00012005438104344124,0.0005291687566679748,7.765456618896369e-05,0.0007268777039003832,0.0,Germany,DEU,baden-wurttemberg,,,Linux-7.0.0-31-generic-x86_64-with-glibc2.43,3.14.4,3.3.0,24,Intel(R) Core(TM) Ultra 9 285K,1,1 x NVIDIA GeForce RTX 5090,9.2986,48.7383,60.81615447998047,machine,0.0,0.0,0.0,0.0,N
rollout_38,2026-09-19T10:06:57,tdmpc2_HalfCheetah-v5_seed958,fbcf8836-6b0a-4cdd-9f71-9a6ce8341f34,13.559396896002,0.00030484133097002236,2.2481926568024435e-05,31.065672871208353,139.359304696954,20.0,0.00012898635207789222,0.000595899643386133,7.532749966663276e-05,0.0008002134951306528,0.0,Germany,DEU,baden-wurttemberg,,,Linux-7.0.0-31-generic-x86_64-with-glibc2.43,3.14.4,3.3.0,24,Intel(R) Core(TM) Ultra 9 285K,1,1 x NVIDIA GeForce RTX 5090,9.2986,48.7383,60.81615447998047,machine,0.0,0.0,0.0,0.0,N
gradient_updates_38,2026-09-19T10:07:11,tdmpc2_HalfCheetah-v5_seed958,fbcf8836-6b0a-4cdd-9f71-9a6ce8341f34,14.122607766999863,0.00027537156297067697,1.949863935238614e-05,31.099906319175975,139.3129128948888,20.0,0.00011270111599415156,0.0005317057031413164,7.844805150549871e-05,0.000722854870640971,0.0,Germany,DEU,baden-wurttemberg,,,Linux-7.0.0-31-generic-x86_64-with-glibc2.43,3.14.4,3.3.0,24,Intel(R) Core(TM) Ultra 9 285K,1,1 x NVIDIA GeForce RTX 5090,9.2986,48.7383,60.81615447998047,machine,0.0,0.0,0.0,0.0,N
rollout_39,2026-09-19T10:07:25,tdmpc2_HalfCheetah-v5_seed958,fbcf8836-6b0a-4cdd-9f71-9a6ce8341f34,13.563777765986742,0.00030529298935656063,2.250796131463723e-05,31.07634464661646,139.5392999403971,20.0,0.00013038261375045157,0.0005956654765326697,7.535101552227051e-05,0.0008013991058053865,0.0,Germany,DEU,baden-wurttemberg,,,Linux-7.0.0-31-generic-x86_64-with-glibc2.43,3.14.4,3.3.0,24,Intel(R) Core(TM) Ultra 9 285K,1,1 x NVIDIA GeForce RTX 5090,9.2986,48.7383,60.81615447998047,machine,0.0,0.0,0.0,0.0,N
gradient_updates_39,2026-09-19T10:07:39,tdmpc2_HalfCheetah-v5_seed958,fbcf8836-6b0a-4cdd-9f71-9a6ce8341f34,14.11233487300342,0.00027777369742210817,1.9683046867568014e-05,31.11397875460067,139.50720945039433,20.0,0.00011433902536003848,0.0005364226513595582,7.839883626665003e-05,0.0007291605129862433,0.0,Germany,DEU,baden-wurttemberg,,,Linux-7.0.0-31-generic-x86_64-with-glibc2.43,3.14.4,3.3.0,24,Intel(R) Core(TM) Ultra 9 285K,1,1 x NVIDIA GeForce RTX 5090,9.2986,48.7383,60.81615447998047,machine,0.0,0.0,0.0,0.0,N
rollout_40,2026-09-19T10:07:53,tdmpc2_HalfCheetah-v5_seed958,fbcf8836-6b0a-4cdd-9f71-9a6ce8341f34,13.62155494999024,0.0003068161871535545,2.2524314627229482e-05,31.09543466682652,139.73004333994476,20.0,0.00013020537444198566,0.0005995188129483964,7.567333762223492e-05,0.0008053975250126161,0.0,Germany,DEU,baden-wurttemberg,,,Linux-7.0.0-31-generic-x86_64-with-glibc2.43,3.14.4,3.3.0,24,Intel(R) Core(TM) Ultra 9 285K,1,1 x NVIDIA GeForce RTX 5090,9.2986,48.7383,60.81615447998047,machine,0.0,0.0,0.0,0.0,N
gradient_updates_40,2026-09-19T10:08:07,tdmpc2_HalfCheetah-v5_seed958,fbcf8836-6b0a-4cdd-9f71-9a6ce8341f34,14.036639268000727,0.00027596190486813,1.9660123751120626e-05,31.130675062846453,139.68186396633342,20.0,0.00011778435228296247,0.0005286420895798116,7.797808594437426e-05,0.0007244045278071432,0.0,Germany,DEU,baden-wurttemberg,,,Linux-7.0.0-31-generic-x86_64-with-glibc2.43,3.14.4,3.3.0,24,Intel(R) Core(TM) Ultra 9 285K,1,1 x NVIDIA GeForce RTX 5090,9.2986,48.7383,60.81615447998047,machine,0.0,0.0,0.0,0.0,N
rollout_41,2026-09-19T10:08:20,tdmpc2_HalfCheetah-v5_seed958,fbcf8836-6b0a-4cdd-9f71-9a6ce8341f34,13.558126750998781,0.00030600994011644594,2.25702269281005e-05,31.12337382618501,139.9039827512025,20.0,0.00012913671858706677,0.0005988240901699804,7.532030455557892e-05,0.0008032811133126261,0.0,Germany,DEU,baden-wurttemberg,,,Linux-7.0.0-31-generic-x86_64-with-glibc2.43,3.14.4,3.3.0,24,Intel(R) Core(TM) Ultra 9 285K,1,1 x NVIDIA GeForce RTX 5090,9.2986,48.7383,60.81615447998047,machine,0.0,0.0,0.0,0.0,N
gradient_updates_41,2026-09-19T10:08:34,tdmpc2_HalfCheetah-v5_seed958,fbcf8836-6b0a-4cdd-9f71-9a6ce8341f34,13.965028960010386,0.000274959253776786,1.9689095687846763e-05,31.15647308317298,139.85107477079202,20.0,0.00011956091314865337,0.0005246315308160554,7.758010827779369e-05,0.0007217725522425111,0.0,Germany,DEU,baden-wurttemberg,,,Linux-7.0.0-31-generic-x86_64-with-glibc2.43,3.14.4,3.3.0,24,Intel(R) Core(TM) Ultra 9 285K,1,1 x NVIDIA GeForce RTX 5090,9.2986,48.7383,60.81615447998047,machine,0.0,0.0,0.0,0.0,N
rollout_42,2026-09-19T10:08:48,tdmpc2_HalfCheetah-v5_seed958,fbcf8836-6b0a-4cdd-9f71-9a6ce8341f34,13.555653370000073,0.00030390538712118595,2.2419092743178673e-05,31.155267623010786,140.0524928115035,20.0,0.00012831381348430218,0.0005941307530821227,7.531206060561527e-05,0.0007977566271720332,0.0,Germany,DEU,baden-wurttemberg,,,Linux-7.0.0-31-generic-x86_64-with-glibc2.43,3.14.4,3.3.0,24,Intel(R) Core(TM) Ultra 9 285K,1,1 x NVIDIA GeForce RTX 5090,9.2986,48.7383,60.81615447998047,machine,0.0,0.0,0.0,0.0,N
gradient_updates_42,2026-09-19T10:09:02,tdmpc2_HalfCheetah-v5_seed958,fbcf8836-6b0a-4cdd-9f71-9a6ce8341f34,13.955233542001224,0.00027672144319026287,1.9829236116076526e-05,31.185181249149956,140.0119476578942,20.0,0.00012007418383704754,0.0005287912563658459,7.753288816109323e-05,0.0007263983283639919,0.0,Germany,DEU,baden-wurttemberg,,,Linux-7.0.0-31-generic-x86_64-with-glibc2.43,3.14.4,3.3.0,24,Intel(R) Core(TM) Ultra 9 285K,1,1 x NVIDIA GeForce RTX 5090,9.2986,48.7383,60.81615447998047,machine,0.0,0.0,0.0,0.0,N
rollout_43,2026-09-19T10:09:15,tdmpc2_HalfCheetah-v5_seed958,fbcf8836-6b0a-4cdd-9f71-9a6ce8341f34,13.528174932987895,0.000304562221940214,2.2513184348552075e-05,31.18525187974644,140.21649925631712,20.0,0.00012817226309328432,0.0005961454769161101,7.516308933886145e-05,0.000799480829348248,0.0,Germany,DEU,baden-wurttemberg,,,Linux-7.0.0-31-generic-x86_64-with-glibc2.43,3.14.4,3.3.0,24,Intel(R) Core(TM) Ultra 9 285K,1,1 x NVIDIA GeForce RTX 5090,9.2986,48.7383,60.81615447998047,machine,0.0,0.0,0.0,0.0,N
gradient_updates_43,2026-09-19T10:09:29,tdmpc2_HalfCheetah-v5_seed958,fbcf8836-6b0a-4cdd-9f71-9a6ce8341f34,14.115368380997097,0.0002740086695071399,1.9412091214178354e-05,31.212546787424458,140.16399291897372,20.0,0.00011004429414647639,0.0005308179246537037,7.841503413890533e-05,0.0007192772529390767,0.0,Germany,DEU,baden-wurttemberg,,,Linux-7.0.0-31-generic-x86_64-with-glibc2.43,3.14.4,3.3.0,24,Intel(R) Core(TM) Ultra 9 285K,1,1 x NVIDIA GeForce RTX 5090,9.2986,48.7383,60.81615447998047,machine,0.0,0.0,0.0,0.0,N
rollout_44,2026-09-19T10:09:43,tdmpc2_HalfCheetah-v5_seed958,fbcf8836-6b0a-4cdd-9f71-9a6ce8341f34,13.557139532989822,0.0003061177782522975,2.2579825090003297e-05,31.18337012419023,140.36866401719584,20.0,0.00012874624688580423,0.0005995032573804515,7.531468592222e-05,0.0008035641901884688,0.0,Germany,DEU,baden-wurttemberg,,,Linux-7.0.0-31-generic-x86_64-with-glibc2.43,3.14.4,3.3.0,24,Intel(R) Core(TM) Ultra 9 285K,1,1 x NVIDIA GeForce RTX 5090,9.2986,48.7383,60.81615447998047,machine,0.0,0.0,0.0,0.0,N
gradient_updates_44,2026-09-19T10:09:57,tdmpc2_HalfCheetah-v5_seed958,fbcf8836-6b0a-4cdd-9f71-9a6ce8341f34,13.94629880899447,0.0002756758316084969,1.9766958760835016e-05,31.21299080461858,140.31819194221478,20.0,0.00012078795468584147,0.0005253890314214082,7.747659469993506e-05,0.0007236535808071848,0.0,Germany,DEU,baden-wurttemberg,,,Linux-7.0.0-31-generic-x86_64-with-glibc2.43,3.14.4,3.3.0,24,Intel(R) Core(TM) Ultra 9 285K,1,1 x NVIDIA GeForce RTX 5090,9.2986,48.7383,60.81615447998047,machine,0.0,0.0,0.0,0.0,N
rollout_45,2026-09-19T10:10:11,tdmpc2_HalfCheetah-v5_seed958,fbcf8836-6b0a-4cdd-9f71-9a6ce8341f34,13.549957809009356,0.0003061625464341848,2.2595097217932353e-05,31.214870479994442,140.51805382418635,20.0,0.00012878975136505245,0.0005996138130242024,7.527814301114093e-05,0.0008036817074004027,0.0,Germany,DEU,baden-wurttemberg,,,Linux-7.0.0-31-generic-x86_64-with-glibc2.43,3.14.4,3.3.0,24,Intel(R) Core(TM) Ultra 9 285K,1,1 x NVIDIA GeForce RTX 5090,9.2986,48.7383,60.81615447998047,machine,0.0,0.0,0.0,0.0,N
gradient_updates_45,2026-09-19T10:10:24,tdmpc2_HalfCheetah-v5_seed958,fbcf8836-6b0a-4cdd-9f71-9a6ce8341f34,13.93723953900917,0.00027535322590306957,1.9756628475533827e-05,31.243574642785916,140.46949155788366,20.0,0.00011944043638560664,0.0005259406985298476,7.74256006221951e-05,0.0007228067355376511,0.0,Germany,DEU,baden-wurttemberg,,,Linux-7.0.0-31-generic-x86_64-with-glibc2.43,3.14.4,3.3.0,24,Intel(R) Core(TM) Ultra 9 285K,1,1 x NVIDIA GeForce RTX 5090,9.2986,48.7383,60.81615447998047,machine,0.0,0.0,0.0,0.0,N
rollout_46,2026-09-19T10:10:38,tdmpc2_HalfCheetah-v5_seed958,fbcf8836-6b0a-4cdd-9f71-9a6ce8341f34,13.54925706400536,0.0003052771271032824,2.2530937996878066e-05,31.241728012235573,140.66084348774146,20.0,0.000127563285939436,0.0005985232565963727,7.52709245944675e-05,0.0008013574671302814,0.0,Germany,DEU,baden-wurttemberg,,,Linux-7.0.0-31-generic-x86_64-with-glibc2.43,3.14.4,3.3.0,24,Intel(R) Core(TM) Ultra 9 285K,1,1 x NVIDIA GeForce RTX 5090,9.2986,48.7383,60.81615447998047,machine,0.0,0.0,0.0,0.0,N
gradient_updates_46,2026-09-19T10:10:52,tdmpc2_HalfCheetah-v5_seed958,fbcf8836-6b0a-4cdd-9f71-9a6ce8341f34,13.938787584003876,0.0002753763062401833,1.9756126758667854e-05,31.266694795119555,140.60926236614472,20.0,0.00012040111132081109,0.0005250318089138339,7.743440156660238e-05,0.0007228673218012405,0.0,Germany,DEU,baden-wurttemberg,,,Linux-7.0.0-31-generic-x86_64-with-glibc2.43,3.14.4,3.3.0,24,Intel(R) Core(TM) Ultra 9 285K,1,1 x NVIDIA GeForce RTX 5090,9.2986,48.7383,60.81615447998047,machine,0.0,0.0,0.0,0.0,N
rollout_47,2026-09-19T10:11:05,tdmpc2_HalfCheetah-v5_seed958,fbcf8836-6b0a-4cdd-9f71-9a6ce8341f34,13.545595218995004,0.0003055988038321959,2.2560753542868807e-05,31.267043103410465,140.79682613384017,20.0,0.00012803435770518228,0.0005989168680216039,7.525064809443469e-05,0.0008022018738212261,0.0,Germany,DEU,baden-wurttemberg,,,Linux-7.0.0-31-generic-x86_64-with-glibc2.43,3.14.4,3.3.0,24,Intel(R) Core(TM) Ultra 9 285K,1,1 x NVIDIA GeForce RTX 5090,9.2986,48.7383,60.81615447998047,machine,0.0,0.0,0.0,0.0,N
gradient_updates_47,2026-09-19T10:11:20,tdmpc2_HalfCheetah-v5_seed958,fbcf8836-6b0a-4cdd-9f71-9a6ce8341f34,14.013737389002927,0.00027492868953285163,1.961852721478156e-05,31.291842831164832,140.74392587878248,20.0,0.00011637205226423461,0.0005274693108643369,7.785095747215795e-05,0.0007216923206007364,0.0,Germany,DEU,baden-wurttemberg,,,Linux-7.0.0-31-generic-x86_64-with-glibc2.43,3.14.4,3.3.0,24,Intel(R) Core(TM) Ultra 9 285K,1,1 x NVIDIA GeForce RTX 5090,9.2986,48.7383,60.81615447998047,machine,0.0,0.0,0.0,0.0,N
rollout_48,2026-09-19T10:11:33,tdmpc2_HalfCheetah-v5_seed958,fbcf8836-6b0a-4cdd-9f71-9a6ce8341f34,13.554264506994514,0.00030494995998876437,2.2498457518133663e-05,31.281371816020204,140.91388829226653,20.0,0.00013067195342636798,0.0005945276978440717,7.529899681661158e-05,0.000800498648087053,0.0,Germany,DEU,baden-wurttemberg,,,Linux-7.0.0-31-generic-x86_64-with-glibc2.43,3.14.4,3.3.0,24,Intel(R) Core(TM) Ultra 9 285K,1,1 x NVIDIA GeForce RTX 5090,9.2986,48.7383,60.81615447998047,machine,0.0,0.0,0.0,0.0,N
gradient_updates_48,2026-09-19T10:11:47,tdmpc2_HalfCheetah-v5_seed958,fbcf8836-6b0a-4cdd-9f71-9a6ce8341f34,13.99440579500515,0.00027651008685379216,1.975863314469814e-05,31.312100919509707,140.8658718771404,20.0,0.00011937862161393205,0.0005287215340881168,7.774335881113002e-05,0.000725843514513172,0.0,Germany,DEU,baden-wurttemberg,,,Linux-7.0.0-31-generic-x86_64-with-glibc2.43,3.14.4,3.3.0,24,Intel(R) Core(TM) Ultra 9 285K,1,1 x NVIDIA GeForce RTX 5090,9.2986,48.7383,60.81615447998047,machine,0.0,0.0,0.0,0.0,N
rollout_49,2026-09-19T10:12:01,tdmpc2_HalfCheetah-v5_seed958,fbcf8836-6b0a-4cdd-9f71-9a6ce8341f34,13.553205329997581,0.0003053889016404708,2.2532595548902078e-05,31.30856971144733,141.04022411253908,20.0,0.0001284296782992165,0.000597927422786082,7.52937760389212e-05,0.0008016508771242215,0.0,Germany,DEU,baden-wurttemberg,,,Linux-7.0.0-31-generic-x86_64-with-glibc2.43,3.14.4,3.3.0,24,Intel(R) Core(TM) Ultra 9 285K,1,1 x NVIDIA GeForce RTX 5090,9.2986,48.7383,60.81615447998047,machine,0.0,0.0,0.0,0.0,N
gradient_updates_49,2026-09-19T10:12:17,tdmpc2_HalfCheetah-v5_seed958,fbcf8836-6b0a-4cdd-9f71-9a6ce8341f34,16.47534927300876,0.0002996379438078185,1.8187026091411103e-05,31.331420148396113,140.88557520866843,20.0,0.00012319003994084275,0.0005718390685816033,9.152540993883143e-05,0.0007865545184612688,0.0,Germany,DEU,baden-wurttemberg,,,Linux-7.0.0-31-generic-x86_64-with-glibc2.43,3.14.4,3.3.0,24,Intel(R) Core(TM) Ultra 9 285K,1,1 x NVIDIA GeForce RTX 5090,9.2986,48.7383,60.81615447998047,machine,0.0,0.0,0.0,0.0,N
rollout_50,2026-09-19T10:12:31,tdmpc2_HalfCheetah-v5_seed958,fbcf8836-6b0a-4cdd-9f71-9a6ce8341f34,13.604564260996995,0.00030568508010450635,2.2469305929264832e-05,31.29436288247127,141.0491675598683,20.0,0.00012953822751938897,0.0005973115889599256,7.557853397221169e-05,0.0008024283504515228,0.0,Germany,DEU,baden-wurttemberg,,,Linux-7.0.0-31-generic-x86_64-with-glibc2.43,3.14.4,3.3.0,24,Intel(R) Core(TM) Ultra 9 285K,1,1 x NVIDIA GeForce RTX 5090,9.2986,48.7383,60.81615447998047,machine,0.0,0.0,0.0,0.0,N
gradient_updates_50,2026-09-19T10:12:47,tdmpc2_HalfCheetah-v5_seed958,fbcf8836-6b0a-4cdd-9f71-9a6ce8341f34,16.50614290300291,0.000298835337291789,1.8104499591902998e-05,31.31816123640263,140.89367700899027,20.0,0.00012162159174164064,0.0005711285124583299,9.169755898886557e-05,0.0007844476631888447,0.0,Germany,DEU,baden-wurttemberg,,,Linux-7.0.0-31-generic-x86_64-with-glibc2.43,3.14.4,3.3.0,24,Intel(R) Core(TM) Ultra 9 285K,1,1 x NVIDIA GeForce RTX 5090,9.2986,48.7383,60.81615447998047,machine,0.0,0.0,0.0,0.0,N
rollout_51,2026-09-19T10:13:01,tdmpc2_HalfCheetah-v5_seed958,fbcf8836-6b0a-4cdd-9f71-9a6ce8341f34,13.549985526988166,0.00030440749574367487,2.2465523829576503e-05,31.27858058920325,141.05288274964147,20.0,0.00012938201183885882,0.0005944165866438311,7.52760720611461e-05,0.0007990746705438395,0.0,Germany,DEU,baden-wurttemberg,,,Linux-7.0.0-31-generic-x86_64-with-glibc2.43,3.14.4,3.3.0,24,Intel(R) Core(TM) Ultra 9 285K,1,1 x NVIDIA GeForce RTX 5090,9.2986,48.7383,60.81615447998047,machine,0.0,0.0,0.0,0.0,N
gradient_updates_51,2026-09-19T10:13:17,tdmpc2_HalfCheetah-v5_seed958,fbcf8836-6b0a-4cdd-9f71-9a6ce8341f34,16.691792304001865,0.00029654815458109163,1.7766117168229436e-05,31.301422552357348,140.89612806659167,20.0,0.00011021993956476968,0.0005754949048397684,9.272892664440556e-05,0.0007784437710489367,0.0,Germany,DEU,baden-wurttemberg,,,Linux-7.0.0-31-generic-x86_64-with-glibc2.43,3.14.4,3.3.0,24,Intel(R) Core(TM) Ultra 9 285K,1,1 x NVIDIA GeForce RTX 5090,9.2986,48.7383,60.81615447998047,machine,0.0,0.0,0.0,0.0,N
rollout_52,2026-09-19T10:13:31,tdmpc2_HalfCheetah-v5_seed958,fbcf8836-6b0a-4cdd-9f71-9a6ce8341f34,13.557289989010314,0.00030479365731602565,2.2481912800195493e-05,31.239000841923055,141.05749620410757,20.0,0.00012794622985690292,0.000596826310794274,7.531581035558066e-05,0.0008000883510067558,0.0,Germany,DEU,baden-wurttemberg,,,Linux-7.0.0-31-generic-x86_64-with-glibc2.43,3.14.4,3.3.0,24,Intel(R) Core(TM) Ultra 9 285K,1,1 x NVIDIA GeForce RTX 5090,9.2986,48.7383,60.81615447998047,machine,0.0,0.0,0.0,0.0,N
gradient_updates_52,2026-09-19T10:13:48,tdmpc2_HalfCheetah-v5_seed958,fbcf8836-6b0a-4cdd-9f71-9a6ce8341f34,16.484884271005285,0.00029897878943059564,1.813654582619564e-05,31.259834076522463,140.9105023137315,20.0,0.00012138243627253867,0.0005718624019341867,9.157938920001905e-05,0.0007848242274067357,0.0,Germany,DEU,baden-wurttemberg,,,Linux-7.0.0-31-generic-x86_64-with-glibc2.43,3.14.4,3.3.0,24,Intel(R) Core(TM) Ultra 9 285K,1,1 x NVIDIA GeForce RTX 5090,9.2986,48.7383,60.81615447998047,machine,0.0,0.0,0.0,0.0,N
rollout_53,2026-09-19T10:14:01,tdmpc2_HalfCheetah-v5_seed958,fbcf8836-6b0a-4cdd-9f71-9a6ce8341f34,13.559765429003164,0.0003061366527477294,2.257684505014131e-05,31.222187305341425,141.07145534129188,20.0,0.00013025132031208378,0.0005980327006476216,7.532971508893149e-05,0.0008036137360486334,0.0,Germany,DEU,baden-wurttemberg,,,Linux-7.0.0-31-generic-x86_64-with-glibc2.43,3.14.4,3.3.0,24,Intel(R) Core(TM) Ultra 9 285K,1,1 x NVIDIA GeForce RTX 5090,9.2986,48.7383,60.81615447998047,machine,0.0,0.0,0.0,0.0,N
gradient_updates_53,2026-09-19T10:14:16,tdmpc2_HalfCheetah-v5_seed958,fbcf8836-6b0a-4cdd-9f71-9a6ce8341f34,15.404374536999967,0.0002880541716389143,1.8699486295688497e-05,31.24813978066118,140.96614096497134,20.0,0.00011739355835921686,0.0005531737758723843,8.557959223884012e-05,0.0007561469264704412,0.0,Germany,DEU,baden-wurttemberg,,,Linux-7.0.0-31-generic-x86_64-with-glibc2.43,3.14.4,3.3.0,24,Intel(R) Core(TM) Ultra 9 285K,1,1 x NVIDIA GeForce RTX 5090,9.2986,48.7383,60.81615447998047,machine,0.0,0.0,0.0,0.0,N
rollout_54,2026-09-19T10:14:30,tdmpc2_HalfCheetah-v5_seed958,fbcf8836-6b0a-4cdd-9f71-9a6ce8341f34,13.549789491997217,0.0003037240340130337,2.241541742058089e-05,31.218545316977366,141.11480453106046,20.0,0.00012822193896635734,0.0005937846416936843,7.527399162774763e-05,0.0007972805722877979,0.0,Germany,DEU,baden-wurttemberg,,,Linux-7.0.0-31-generic-x86_64-with-glibc2.43,3.14.4,3.3.0,24,Intel(R) Core(TM) Ultra 9 285K,1,1 x NVIDIA GeForce RTX 5090,9.2986,48.7383,60.81615447998047,machine,0.0,0.0,0.0,0.0,N
gradient_updates_54,2026-09-19T10:14:44,tdmpc2_HalfCheetah-v5_seed958,fbcf8836-6b0a-4cdd-9f71-9a6ce8341f34,14.203446498009725,0.0002729821399070631,1.9219441326126275e-05,31.23945473920478,141.05641157035106,20.0,0.00010720318048469679,0.0005304743132681367,7.890510214444112e-05,0.0007165825958972694,0.0,Germany,DEU,baden-wurttemberg,,,Linux-7.0.0-31-generic-x86_64-with-glibc2.43,3.14.4,3.3.0,24,Intel(R) Core(TM) Ultra 9 285K,1,1 x NVIDIA GeForce RTX 5090,9.2986,48.7383,60.81615447998047,machine,0.0,0.0,0.0,0.0,N
rollout_55,2026-09-19T10:14:58,tdmpc2_HalfCheetah-v5_seed958,fbcf8836-6b0a-4cdd-9f71-9a6ce8341f34,13.565922306996072,0.000305096393094631,2.248991404013067e-05,31.208101798410723,141.21102491095328,20.0,0.00012698391075371442,0.0005985349232719983,7.536420336667383e-05,0.000800883037392397,0.0,Germany,DEU,baden-wurttemberg,,,Linux-7.0.0-31-generic-x86_64-with-glibc2.43,3.14.4,3.3.0,24,Intel(R) Core(TM) Ultra 9 285K,1,1 x NVIDIA GeForce RTX 5090,9.2986,48.7383,60.81615447998047,machine,0.0,0.0,0.0,0.0,N
gradient_updates_55,2026-09-19T10:15:12,tdmpc2_HalfCheetah-v5_seed958,fbcf8836-6b0a-4cdd-9f71-9a6ce8341f34,13.964046011999017,0.000276671732766888,1.9813164660660237e-05,31.227777353136627,141.16932165996306,20.0,0.00011973075995119764,0.0005289620898358827,7.757498789999137e-05,0.0007262678376870751,0.0,Germany,DEU,baden-wurttemberg,,,Linux-7.0.0-31-generic-x86_64-with-glibc2.43,3.14.4,3.3.0,24,Intel(R) Core(TM) Ultra 9 285K,1,1 x NVIDIA GeForce RTX 5090,9.2986,48.7383,60.81615447998047,machine,0.0,0.0,0.0,0.0,N
rollout_56,2026-09-19T10:15:25,tdmpc2_HalfCheetah-v5_seed958,fbcf8836-6b0a-4cdd-9f71-9a6ce8341f34,13.564954482004396,0.00030326989277793676,2.235686485864224e-05,31.226145875859743,141.31292880951764,20.0,0.00012550041984469955,0.0005952293650723917,7.535865917776031e-05,0.0007960884440948585,0.0,Germany,DEU,baden-wurttemberg,,,Linux-7.0.0-31-generic-x86_64-with-glibc2.43,3.14.4,3.3.0,24,Intel(R) Core(TM) Ultra 9 285K,1,1 x NVIDIA GeForce RTX 5090,9.2986,48.7383,60.81615447998047,machine,0.0,0.0,0.0,0.0,N
gradient_updates_56,2026-09-19T10:15:39,tdmpc2_HalfCheetah-v5_seed958,fbcf8836-6b0a-4cdd-9f71-9a6ce8341f34,13.96338350600854,0.00027645079006126394,1.9798279808834752e-05,31.242183286273374,141.27090999352404,20.0,0.00011925736540581607,0.0005288598675319278,7.757062652219426e-05,0.0007256878594599364,0.0,Germany,DEU,baden-wurttemberg,,,Linux-7.0.0-31-generic-x86_64-with-glibc2.43,3.14.4,3.3.0,24,Intel(R) Core(TM) Ultra 9 285K,1,1 x NVIDIA GeForce RTX 5090,9.2986,48.7383,60.81615447998047,machine,0.0,0.0,0.0,0.0,N
rollout_57,2026-09-19T10:15:53,tdmpc2_HalfCheetah-v5_seed958,fbcf8836-6b0a-4cdd-9f71-9a6ce8341f34,13.569506018990069,0.0003055174255475329,2.251500475582859e-05,31.239897344723666,141.41850710958101,20.0,0.00012792308761616633,0.0005986815900560494,7.538357681664311e-05,0.000801988254488864,0.0,Germany,DEU,baden-wurttemberg,,,Linux-7.0.0-31-generic-x86_64-with-glibc2.43,3.14.4,3.3.0,24,Intel(R) Core(TM) Ultra 9 285K,1,1 x NVIDIA GeForce RTX 5090,9.2986,48.7383,60.81615447998047,machine,0.0,0.0,0.0,0.0,N
gradient_updates_57,2026-09-19T10:16:07,tdmpc2_HalfCheetah-v5_seed958,fbcf8836-6b0a-4cdd-9f71-9a6ce8341f34,13.962241682005697,0.0002749950240688928,1.9695592391340795e-05,31.26058740784832,141.36617061448274,20.0,0.00012020205227267558,0.0005240998637234817,7.756453385000979e-05,0.0007218664498461619,0.0,Germany,DEU,baden-wurttemberg,,,Linux-7.0.0-31-generic-x86_64-with-glibc2.43,3.14.4,3.3.0,24,Intel(R) Core(TM) Ultra 9 285K,1,1 x NVIDIA GeForce RTX 5090,9.2986,48.7383,60.81615447998047,machine,0.0,0.0,0.0,0.0,N
rollout_58,2026-09-19T10:16:20,tdmpc2_HalfCheetah-v5_seed958,fbcf8836-6b0a-4cdd-9f71-9a6ce8341f34,13.564922747013043,0.00030548073904652223,2.2519903777608463e-05,31.260101243017818,141.51057007086078,20.0,0.000128043970768427,0.0005984902010145454,7.535778003883893e-05,0.0008018919518218148,0.0,Germany,DEU,baden-wurttemberg,,,Linux-7.0.0-31-generic-x86_64-with-glibc2.43,3.14.4,3.3.0,24,Intel(R) Core(TM) Ultra 9 285K,1,1 x NVIDIA GeForce RTX 5090,9.2986,48.7383,60.81615447998047,machine,0.0,0.0,0.0,0.0,N
gradient_updates_58,2026-09-19T10:16:35,tdmpc2_HalfCheetah-v5_seed958,fbcf8836-6b0a-4cdd-9f71-9a6ce8341f34,14.136597739998251,0.0002731960307593845,1.932545516756368e-05,31.279114908077158,141.45395706242496,20.0,0.00011006241832764094,0.0005285482006160969,7.853344395003341e-05,0.0007171440628937764,0.0,Germany,DEU,baden-wurttemberg,,,Linux-7.0.0-31-generic-x86_64-with-glibc2.43,3.14.4,3.3.0,24,Intel(R) Core(TM) Ultra 9 285K,1,1 x NVIDIA GeForce RTX 5090,9.2986,48.7383,60.81615447998047,machine,0.0,0.0,0.0,0.0,N
rollout_59,2026-09-19T10:16:48,tdmpc2_HalfCheetah-v5_seed958,fbcf8836-6b0a-4cdd-9f71-9a6ce8341f34,13.604438287002267,0.0003059415264148879,2.248836836074324e-05,31.256545689845964,141.58676284701676,20.0,0.00013125248166856798,0.0005962713103495609,7.55777342055005e-05,0.0008031015262236207,0.0,Germany,DEU,baden-wurttemberg,,,Linux-7.0.0-31-generic-x86_64-with-glibc2.43,3.14.4,3.3.0,24,Intel(R) Core(TM) Ultra 9 285K,1,1 x NVIDIA GeForce RTX 5090,9.2986,48.7383,60.81615447998047,machine,0.0,0.0,0.0,0.0,N
gradient_updates_59,2026-09-19T10:17:02,tdmpc2_HalfCheetah-v5_seed958,fbcf8836-6b0a-4cdd-9f71-9a6ce8341f34,13.933915139001328,0.00027597097356817785,1.9805715004256923e-05,31.28215794648152,141.54621865001755,20.0,0.00011847928700557675,0.0005285412561657488,7.740779012221748e-05,0.0007244283332935447,0.0,Germany,DEU,baden-wurttemberg,,,Linux-7.0.0-31-generic-x86_64-with-glibc2.43,3.14.4,3.3.0,24,Intel(R) Core(TM) Ultra 9 285K,1,1 x NVIDIA GeForce RTX 5090,9.2986,48.7383,60.81615447998047,machine,0.0,0.0,0.0,0.0,N
rollout_60,2026-09-19T10:17:16,tdmpc2_HalfCheetah-v5_seed958,fbcf8836-6b0a-4cdd-9f71-9a6ce8341f34,13.623672190005891,0.0003061324709781321,2.247062729494355e-05,31.279183942870958,141.67370160690948,20.0,0.00013196801585210402,0.0005959501989827309,7.568454400000771e-05,0.0008036027588348427,0.0,Germany,DEU,baden-wurttemberg,,,Linux-7.0.0-31-generic-x86_64-with-glibc2.43,3.14.4,3.3.0,24,Intel(R) Core(TM) Ultra 9 285K,1,1 x NVIDIA GeForce RTX 5090,9.2986,48.7383,60.81615447998047,machine,0.0,0.0,0.0,0.0,N
gradient_updates_60,2026-09-19T10:17:30,tdmpc2_HalfCheetah-v5_seed958,fbcf8836-6b0a-4cdd-9f71-9a6ce8341f34,13.959906546006096,0.00027581683535475576,1.9757794987798306e-05,31.305288450190933,141.6288681972283,20.0,0.00011902134605033463,0.000527450699737475,7.755167216665602e-05,0.000724023717954464,0.0,Germany,DEU,baden-wurttemberg,,,Linux-7.0.0-31-generic-x86_64-with-glibc2.43,3.14.4,3.3.0,24,Intel(R) Core(TM) Ultra 9 285K,1,1 x NVIDIA GeForce RTX 5090,9.2986,48.7383,60.81615447998047,machine,0.0,0.0,0.0,0.0,N
rollout_61,2026-09-19T10:17:43,tdmpc2_HalfCheetah-v5_seed958,fbcf8836-6b0a-4cdd-9f71-9a6ce8341f34,13.561329567004577,0.0003043162038639524,2.2440008273426837e-05,31.30263904007977,141.75354949956736,20.0,0.00013038096902691365,0.0005931201967181998,7.533386211669262e-05,0.0007988350278618078,0.0,Germany,DEU,baden-wurttemberg,,,Linux-7.0.0-31-generic-x86_64-with-glibc2.43,3.14.4,3.3.0,24,Intel(R) Core(TM) Ultra 9 285K,1,1 x NVIDIA GeForce RTX 5090,9.2986,48.7383,60.81615447998047,machine,0.0,0.0,0.0,0.0,N
gradient_updates_61,2026-09-19T10:17:59,tdmpc2_HalfCheetah-v5_seed958,fbcf8836-6b0a-4cdd-9f71-9a6ce8341f34,15.82679743799963,0.00029117049428126207,1.839728877176157e-05,31.32429771456308,141.64413606263943,20.0,0.00011480145072997536,0.0005616032270596705,8.792264674444168e-05,0.0007643273245340892,0.0,Germany,DEU,baden-wurttemberg,,,Linux-7.0.0-31-generic-x86_64-with-glibc2.43,3.14.4,3.3.0,24,Intel(R) Core(TM) Ultra 9 285K,1,1 x NVIDIA GeForce RTX 5090,9.2986,48.7383,60.81615447998047,machine,0.0,0.0,0.0,0.0,N
rollout_62,2026-09-19T10:18:13,tdmpc2_HalfCheetah-v5_seed958,fbcf8836-6b0a-4cdd-9f71-9a6ce8341f34,13.566976158006582,0.0003036614717368685,2.238240363606271e-05,31.288268396148066,141.76695267884475,20.0,0.00012831700098685228,0.0005934368636384413,7.536248066114873e-05,0.0007971163452864388,0.0,Germany,DEU,baden-wurttemberg,,,Linux-7.0.0-31-generic-x86_64-with-glibc2.43,3.14.4,3.3.0,24,Intel(R) Core(TM) Ultra 9 285K,1,1 x NVIDIA GeForce RTX 5090,9.2986,48.7383,60.81615447998047,machine,0.0,0.0,0.0,0.0,N
gradient_updates_62,2026-09-19T10:18:29,tdmpc2_HalfCheetah-v5_seed958,fbcf8836-6b0a-4cdd-9f71-9a6ce8341f34,16.465143852008623,0.0002991875865206786,1.8170970359913045e-05,31.30621018694959,141.63696213413556,20.0,0.0001228162682529385,0.000571086290201972,9.146976473889921e-05,0.0007853723231937976,0.0,Germany,DEU,baden-wurttemberg,,,Linux-7.0.0-31-generic-x86_64-with-glibc2.43,3.14.4,3.3.0,24,Intel(R) Core(TM) Ultra 9 285K,1,1 x NVIDIA GeForce RTX 5090,9.2986,48.7383,60.81615447998047,machine,0.0,0.0,0.0,0.0,N
rollout_63,2026-09-19T10:18:43,tdmpc2_HalfCheetah-v5_seed958,fbcf8836-6b0a-4cdd-9f71-9a6ce8341f34,13.568454483000096,0.000305702758112425,2.2530406364295457e-05,31.276525381501145,141.76277366684562,20.0,0.0001311734243830999,0.0005959263100736578,7.537502105559556e-05,0.0008024747555123446,0.0,Germany,DEU,baden-wurttemberg,,,Linux-7.0.0-31-generic-x86_64-with-glibc2.43,3.14.4,3.3.0,24,Intel(R) Core(TM) Ultra 9 285K,1,1 x NVIDIA GeForce RTX 5090,9.2986,48.7383,60.81615447998047,machine,0.0,0.0,0.0,0.0,N
gradient_updates_63,2026-09-19T10:18:59,tdmpc2_HalfCheetah-v5_seed958,fbcf8836-6b0a-4cdd-9f71-9a6ce8341f34,16.50278586699278,0.00029770218589024455,1.8039515117338187e-05,31.29941891227134,141.62948575054025,20.0,0.0001206107667663138,0.0005691837886803164,9.167856672227456e-05,0.0007814731221689047,0.0,Germany,DEU,baden-wurttemberg,,,Linux-7.0.0-31-generic-x86_64-with-glibc2.43,3.14.4,3.3.0,24,Intel(R) Core(TM) Ultra 9 285K,1,1 x NVIDIA GeForce RTX 5090,9.2986,48.7383,60.81615447998047,machine,0.0,0.0,0.0,0.0,N
rollout_64,2026-09-19T10:19:13,tdmpc2_HalfCheetah-v5_seed958,fbcf8836-6b0a-4cdd-9f71-9a6ce8341f34,13.555823999995482,0.0003042530263474147,2.244445626214598e-05,31.266333293377574,141.7488964840313,20.0,0.00013026832532568935,0.0005930932522519861,7.530760826670625e-05,0.0007986691858443834,0.0,Germany,DEU,baden-wurttemberg,,,Linux-7.0.0-31-generic-x86_64-with-glibc2.43,3.14.4,3.3.0,24,Intel(R) Core(TM) Ultra 9 285K,1,1 x NVIDIA GeForce RTX 5090,9.2986,48.7383,60.81615447998047,machine,0.0,0.0,0.0,0.0,N
gradient_updates_64,2026-09-19T10:19:29,tdmpc2_HalfCheetah-v5_seed958,fbcf8836-6b0a-4cdd-9f71-9a6ce8341f34,16.49273246899247,0.0002982963335367225,1.8086540548593827e-05,31.28750222495808,141.62099622955535,20.0,0.00012055108810745882,0.0005708590677979686,9.162261358328094e-05,0.0007830327694887118,0.0,Germany,DEU,baden-wurttemberg,,,Linux-7.0.0-31-generic-x86_64-with-glibc2.43,3.14.4,3.3.0,24,Intel(R) Core(TM) Ultra 9 285K,1,1 x NVIDIA GeForce RTX 5090,9.2986,48.7383,60.81615447998047,machine,0.0,0.0,0.0,0.0,N
rollout_65,2026-09-19T10:19:43,tdmpc2_HalfCheetah-v5_seed958,fbcf8836-6b0a-4cdd-9f71-9a6ce8341f34,13.572282779990928,0.000306838335774523,2.26077232447185e-05,31.25537132842144,141.7451561877972,20.0,0.00013295832664435292,0.0005970985332339751,7.539880562770947e-05,0.0008054556655060358,0.0,Germany,DEU,baden-wurttemberg,,,Linux-7.0.0-31-generic-x86_64-with-glibc2.43,3.14.4,3.3.0,24,Intel(R) Core(TM) Ultra 9 285K,1,1 x NVIDIA GeForce RTX 5090,9.2986,48.7383,60.81615447998047,machine,0.0,0.0,0.0,0.0,N
gradient_updates_65,2026-09-19T10:20:00,tdmpc2_HalfCheetah-v5_seed958,fbcf8836-6b0a-4cdd-9f71-9a6ce8341f34,16.733218652007054,0.0002957825630222691,1.7676352061161418e-05,31.27972623038116,141.61149535290704,20.0,0.00010909257116287555,0.0005743762928336338,9.296521664994839e-05,0.0007764340806464542,0.0,Germany,DEU,baden-wurttemberg,,,Linux-7.0.0-31-generic-x86_64-with-glibc2.43,3.14.4,3.3.0,24,Intel(R) Core(TM) Ultra 9 285K,1,1 x NVIDIA GeForce RTX 5090,9.2986,48.7383,60.81615447998047,machine,0.0,0.0,0.0,0.0,N
rollout_66,2026-09-19T10:20:13,tdmpc2_HalfCheetah-v5_seed958,fbcf8836-6b0a-4cdd-9f71-9a6ce8341f34,13.57395751599688,0.0003044640627074893,2.2430014020053307e-05,31.228015074679146,141.7332169604593,20.0,0.00012700005104440346,0.0005968146441186484,7.540846458885253e-05,0.0007992231597519078,0.0,Germany,DEU,baden-wurttemberg,,,Linux-7.0.0-31-generic-x86_64-with-glibc2.43,3.14.4,3.3.0,24,Intel(R) Core(TM) Ultra 9 285K,1,1 x NVIDIA GeForce RTX 5090,9.2986,48.7383,60.81615447998047,machine,0.0,0.0,0.0,0.0,N
gradient_updates_66,2026-09-19T10:20:30,tdmpc2_HalfCheetah-v5_seed958,fbcf8836-6b0a-4cdd-9f71-9a6ce8341f34,16.48749584000325,0.00029911450134664785,1.8141911972018225e-05,31.242798104313238,141.60992751509997,20.0,0.00012240628209161247,0.0005711801791656868,9.159401215559464e-05,0.0007851804734129025,0.0,Germany,DEU,baden-wurttemberg,,,Linux-7.0.0-31-generic-x86_64-with-glibc2.43,3.14.4,3.3.0,24,Intel(R) Core(TM) Ultra 9 285K,1,1 x NVIDIA GeForce RTX 5090,9.2986,48.7383,60.81615447998047,machine,0.0,0.0,0.0,0.0,N
rollout_67,2026-09-19T10:20:43,tdmpc2_HalfCheetah-v5_seed958,fbcf8836-6b0a-4cdd-9f71-9a6ce8341f34,13.555225907010026,0.0003062920066099484,2.259586504405492e-05,31.21453982024486,141.73171084767915,20.0,0.0001318005423847947,0.0005969185330898519,7.530246701110965e-05,0.0008040215424857527,0.0,Germany,DEU,baden-wurttemberg,,,Linux-7.0.0-31-generic-x86_64-with-glibc2.43,3.14.4,3.3.0,24,Intel(R) Core(TM) Ultra 9 285K,1,1 x NVIDIA GeForce RTX 5090,9.2986,48.7383,60.81615447998047,machine,0.0,0.0,0.0,0.0,N
gradient_updates_67,2026-09-19T10:21:00,tdmpc2_HalfCheetah-v5_seed958,fbcf8836-6b0a-4cdd-9f71-9a6ce8341f34,16.497333562001586,0.0002992992892926413,1.8142292839120096e-05,31.23809919248955,141.61007869083113,20.0,0.0001225726875025146,0.0005714446238225257,9.164823347778545e-05,0.0007856655448028327,0.0,Germany,DEU,baden-wurttemberg,,,Linux-7.0.0-31-generic-x86_64-with-glibc2.43,3.14.4,3.3.0,24,Intel(R) Core(TM) Ultra 9 285K,1,1 x NVIDIA GeForce RTX 5090,9.2986,48.7383,60.81615447998047,machine,0.0,0.0,0.0,0.0,N
rollout_68,2026-09-19T10:21:13,tdmpc2_HalfCheetah-v5_seed958,fbcf8836-6b0a-4cdd-9f71-9a6ce8341f34,13.569254171001376,0.00030390392203233363,2.2396513767497923e-05,31.210082267714224,141.72131489335953,20.0,0.00012950491277051446,0.0005928654742914929,7.538239422776559e-05,0.0007977527812897678,0.0,Germany,DEU,baden-wurttemberg,,,Linux-7.0.0-31-generic-x86_64-with-glibc2.43,3.14.4,3.3.0,24,Intel(R) Core(TM) Ultra 9 285K,1,1 x NVIDIA GeForce RTX 5090,9.2986,48.7383,60.81615447998047,machine,0.0,0.0,0.0,0.0,N
gradient_updates_68,2026-09-19T10:21:30,tdmpc2_HalfCheetah-v5_seed958,fbcf8836-6b0a-4cdd-9f71-9a6ce8341f34,16.507311733003007,0.00030097512764901135,1.823284751698894e-05,31.229090023166425,141.60707231580056,20.0,0.00012292019722496758,0.0005754404603521834,9.17039904055443e-05,0.0007900646479827023,0.0,Germany,DEU,baden-wurttemberg,,,Linux-7.0.0-31-generic-x86_64-with-glibc2.43,3.14.4,3.3.0,24,Intel(R) Core(TM) Ultra 9 285K,1,1 x NVIDIA GeForce RTX 5090,9.2986,48.7383,60.81615447998047,machine,0.0,0.0,0.0,0.0,N
rollout_69,2026-09-19T10:21:43,tdmpc2_HalfCheetah-v5_seed958,fbcf8836-6b0a-4cdd-9f71-9a6ce8341f34,13.577345568002784,0.00030514787960976564,2.2474787946671044e-05,31.202231733903776,141.71751740583102,20.0,0.00013197315307843932,0.0005936179748942116,7.542706236668417e-05,0.0008010181903393282,0.0,Germany,DEU,baden-wurttemberg,,,Linux-7.0.0-31-generic-x86_64-with-glibc2.43,3.14.4,3.3.0,24,Intel(R) Core(TM) Ultra 9 285K,1,1 x NVIDIA GeForce RTX 5090,9.2986,48.7383,60.81615447998047,machine,0.0,0.0,0.0,0.0,N
gradient_updates_69,2026-09-19T10:22:00,tdmpc2_HalfCheetah-v5_seed958,fbcf8836-6b0a-4cdd-9f71-9a6ce8341f34,16.50789403700037,0.0002995980858132505,1.814875321628211e-05,31.225158395151304,141.59962087241635,20.0,0.0001227600479301802,0.0005719826798080696,9.170716283333526e-05,0.0007864498905715972,0.0,Germany,DEU,baden-wurttemberg,,,Linux-7.0.0-31-generic-x86_64-with-glibc2.43,3.14.4,3.3.0,24,Intel(R) Core(TM) Ultra 9 285K,1,1 x NVIDIA GeForce RTX 5090,9.2986,48.7383,60.81615447998047,machine,0.0,0.0,0.0,0.0,N
rollout_70,2026-09-19T10:22:13,tdmpc2_HalfCheetah-v5_seed958,fbcf8836-6b0a-4cdd-9f71-9a6ce8341f34,13.62833209199016,0.0003071770093596854,2.2539589324052844e-05,31.198537662901735,141.71184575106636,20.0,0.00013300188195697338,0.0005976324225498431,7.571038471667485e-05,0.0008063446892234843,0.0,Germany,DEU,baden-wurttemberg,,,Linux-7.0.0-31-generic-x86_64-with-glibc2.43,3.14.4,3.3.0,24,Intel(R) Core(TM) Ultra 9 285K,1,1 x NVIDIA GeForce RTX 5090,9.2986,48.7383,60.81615447998047,machine,0.0,0.0,0.0,0.0,N
gradient_updates_70,2026-09-19T10:22:30,tdmpc2_HalfCheetah-v5_seed958,fbcf8836-6b0a-4cdd-9f71-9a6ce8341f34,16.523284419992706,0.00029875945382015767,1.8081125190114208e-05,31.222017853045966,141.59232989131033,20.0,0.0001221334890956008,0.0005703224007018726,9.179257803334541e-05,0.0007842484678308309,0.0,Germany,DEU,baden-wurttemberg,,,Linux-7.0.0-31-generic-x86_64-with-glibc2.43,3.14.4,3.3.0,24,Intel(R) Core(TM) Ultra 9 285K,1,1 x NVIDIA GeForce RTX 5090,9.2986,48.7383,60.81615447998047,machine,0.0,0.0,0.0,0.0,N
rollout_71,2026-09-19T10:22:44,tdmpc2_HalfCheetah-v5_seed958,fbcf8836-6b0a-4cdd-9f71-9a6ce8341f34,13.573835201008478,0.0003052475807313604,2.248795147445076e-05,31.194471111771644,141.70380815605455,20.0,0.0001302214469548514,0.0005956504765198822,7.540798394450876e-05,0.0008012799074192389,0.0,Germany,DEU,baden-wurttemberg,,,Linux-7.0.0-31-generic-x86_64-with-glibc2.43,3.14.4,3.3.0,24,Intel(R) Core(TM) Ultra 9 285K,1,1 x NVIDIA GeForce RTX 5090,9.2986,48.7383,60.81615447998047,machine,0.0,0.0,0.0,0.0,N
gradient_updates_71,2026-09-19T10:23:00,tdmpc2_HalfCheetah-v5_seed958,fbcf8836-6b0a-4cdd-9f71-9a6ce8341f34,16.734426650000387,0.00029475314162950156,1.7613589213932767e-05,31.212638724984057,141.5770293376422,20.0,0.0001093004127180365,0.0005714657349500385,9.296568493332921e-05,0.0007737318326014042,0.0,Germany,DEU,baden-wurttemberg,,,Linux-7.0.0-31-generic-x86_64-with-glibc2.43,3.14.4,3.3.0,24,Intel(R) Core(TM) Ultra 9 285K,1,1 x NVIDIA GeForce RTX 5090,9.2986,48.7383,60.81615447998047,machine,0.0,0.0,0.0,0.0,N
rollout_72,2026-09-19T10:23:14,tdmpc2_HalfCheetah-v5_seed958,fbcf8836-6b0a-4cdd-9f71-9a6ce8341f34,13.565380724001443,0.00030490598494181675,2.247677785123415e-05,31.166050460395425,141.68892366168666,20.0,0.00012872858048278146,0.0005962938103678539,7.536082201671339e-05,0.0008003832128673505,0.0,Germany,DEU,baden-wurttemberg,,,Linux-7.0.0-31-generic-x86_64-with-glibc2.43,3.14.4,3.3.0,24,Intel(R) Core(TM) Ultra 9 285K,1,1 x NVIDIA GeForce RTX 5090,9.2986,48.7383,60.81615447998047,machine,0.0,0.0,0.0,0.0,N
gradient_updates_72,2026-09-19T10:23:30,tdmpc2_HalfCheetah-v5_seed958,fbcf8836-6b0a-4cdd-9f71-9a6ce8341f34,16.504792486011866,0.0002980867646774979,1.8060622698339696e-05,31.183077699252074,141.57053974226773,20.0,0.00012257380639230098,0.0005682115656804321,9.169727572225402e-05,0.0007824826477949853,0.0,Germany,DEU,baden-wurttemberg,,,Linux-7.0.0-31-generic-x86_64-with-glibc2.43,3.14.4,3.3.0,24,Intel(R) Core(TM) Ultra 9 285K,1,1 x NVIDIA GeForce RTX 5090,9.2986,48.7383,60.81615447998047,machine,0.0,0.0,0.0,0.0,N
rollout_73,2026-09-19T10:23:44,tdmpc2_HalfCheetah-v5_seed958,fbcf8836-6b0a-4cdd-9f71-9a6ce8341f34,13.572879782004748,0.0003056512112272827,2.251926726964472e-05,31.157408075389252,141.6793686615274,20.0,0.0001312408511037061,0.0005956963098894263,7.540228310002305e-05,0.0008023394440931503,0.0,Germany,DEU,baden-wurttemberg,,,Linux-7.0.0-31-generic-x86_64-with-glibc2.43,3.14.4,3.3.0,24,Intel(R) Core(TM) Ultra 9 285K,1,1 x NVIDIA GeForce RTX 5090,9.2986,48.7383,60.81615447998047,machine,0.0,0.0,0.0,0.0,N
gradient_updates_73,2026-09-19T10:24:00,tdmpc2_HalfCheetah-v5_seed958,fbcf8836-6b0a-4cdd-9f71-9a6ce8341f34,16.511970815001405,0.00029734965011773973,1.8008099456848574e-05,31.178195903124227,141.56081020819295,20.0,0.00012165668676971525,0.0005671612870625786,9.172973614994528e-05,0.0007805477099822461,0.0,Germany,DEU,baden-wurttemberg,,,Linux-7.0.0-31-generic-x86_64-with-glibc2.43,3.14.4,3.3.0,24,Intel(R) Core(TM) Ultra 9 285K,1,1 x NVIDIA GeForce RTX 5090,9.2986,48.7383,60.81615447998047,machine,0.0,0.0,0.0,0.0,N
rollout_74,2026-09-19T10:24:14,tdmpc2_HalfCheetah-v5_seed958,fbcf8836-6b0a-4cdd-9f71-9a6ce8341f34,13.584499218006385,0.0003039408409914665,2.2374096119850174e-05,31.151180326440524,141.66542928608942,20.0,0.00012778228305907954,0.0005945960312319087,7.547137987219503e-05,0.0007978496941631885,0.0,Germany,DEU,baden-wurttemberg,,,Linux-7.0.0-31-generic-x86_64-with-glibc2.43,3.14.4,3.3.0,24,Intel(R) Core(TM) Ultra 9 285K,1,1 x NVIDIA GeForce RTX 5090,9.2986,48.7383,60.81615447998047,machine,0.0,0.0,0.0,0.0,N
gradient_updates_74,2026-09-19T10:24:31,tdmpc2_HalfCheetah-v5_seed958,fbcf8836-6b0a-4cdd-9f71-9a6ce8341f34,16.87427113299782,0.000296501059754338,1.7571202109332954e-05,31.164472698348796,141.54671536514567,20.0,0.00010626086723085001,0.0005783168515418602,9.374242758333068e-05,0.0007783201463560513,0.0,Germany,DEU,baden-wurttemberg,,,Linux-7.0.0-31-generic-x86_64-with-glibc2.43,3.14.4,3.3.0,24,Intel(R) Core(TM) Ultra 9 285K,1,1 x NVIDIA GeForce RTX 5090,9.2986,48.7383,60.81615447998047,machine,0.0,0.0,0.0,0.0,N
rollout_75,2026-09-19T10:24:45,tdmpc2_HalfCheetah-v5_seed958,fbcf8836-6b0a-4cdd-9f71-9a6ce8341f34,13.591522231014096,0.0003051110130246823,2.2448628629188163e-05,31.11494409056131,141.652798082075,20.0,0.0001289516978834962,0.0005964635327262435,7.550618433888219e-05,0.0008009214149486271,0.0,Germany,DEU,baden-wurttemberg,,,Linux-7.0.0-31-generic-x86_64-with-glibc2.43,3.14.4,3.3.0,24,Intel(R) Core(TM) Ultra 9 285K,1,1 x NVIDIA GeForce RTX 5090,9.2986,48.7383,60.81615447998047,machine,0.0,0.0,0.0,0.0,N
gradient_updates_75,2026-09-19T10:25:01,tdmpc2_HalfCheetah-v5_seed958,fbcf8836-6b0a-4cdd-9f71-9a6ce8341f34,16.49936819099821,0.0002983450475775931,1.8082218952219315e-05,31.131576295173755,141.54108016957932,20.0,0.0001221835721912229,0.0005693182332318081,9.16588392221862e-05,0.0007831606446452172,0.0,Germany,DEU,baden-wurttemberg,,,Linux-7.0.0-31-generic-x86_64-with-glibc2.43,3.14.4,3.3.0,24,Intel(R) Core(TM) Ultra 9 285K,1,1 x NVIDIA GeForce RTX 5090,9.2986,48.7383,60.81615447998047,machine,0.0,0.0,0.0,0.0,N
rollout_76,2026-09-19T10:25:15,tdmpc2_HalfCheetah-v5_seed958,fbcf8836-6b0a-4cdd-9f71-9a6ce8341f34,13.56397471499804,0.0003036582716659797,2.238712042120845e-05,31.10648213821144,141.64206213276054,20.0,0.00012873900743556876,0.0005930157521900625,7.535318542221774e-05,0.0007971079450478508,0.0,Germany,DEU,baden-wurttemberg,,,Linux-7.0.0-31-generic-x86_64-with-glibc2.43,3.14.4,3.3.0,24,Intel(R) Core(TM) Ultra 9 285K,1,1 x NVIDIA GeForce RTX 5090,9.2986,48.7383,60.81615447998047,machine,0.0,0.0,0.0,0.0,N
gradient_updates_76,2026-09-19T10:25:31,tdmpc2_HalfCheetah-v5_seed958,fbcf8836-6b0a-4cdd-9f71-9a6ce8341f34,16.691063420992577,0.00029695053412067546,1.7791000663189314e-05,31.122193944732278,141.52867942832748,20.0,0.00011314114467950859,0.000573634070017981,9.272480924442383e-05,0.0007795000239419203,0.0,Germany,DEU,baden-wurttemberg,,,Linux-7.0.0-31-generic-x86_64-with-glibc2.43,3.14.4,3.3.0,24,Intel(R) Core(TM) Ultra 9 285K,1,1 x NVIDIA GeForce RTX 5090,9.2986,48.7383,60.81615447998047,machine,0.0,0.0,0.0,0.0,N
rollout_77,2026-09-19T10:25:45,tdmpc2_HalfCheetah-v5_seed958,fbcf8836-6b0a-4cdd-9f71-9a6ce8341f34,13.565025044998038,0.0003043961149150551,2.2439775657415826e-05,31.084309668828677,141.6314885258846,20.0,0.00012881875999937176,0.0005948674203382076,7.535861534439976e-05,0.0007990447956819913,0.0,Germany,DEU,baden-wurttemberg,,,Linux-7.0.0-31-generic-x86_64-with-glibc2.43,3.14.4,3.3.0,24,Intel(R) Core(TM) Ultra 9 285K,1,1 x NVIDIA GeForce RTX 5090,9.2986,48.7383,60.81615447998047,machine,0.0,0.0,0.0,0.0,N
gradient_updates_77,2026-09-19T10:26:01,tdmpc2_HalfCheetah-v5_seed958,fbcf8836-6b0a-4cdd-9f71-9a6ce8341f34,16.50272601399047,0.0002990051468249044,1.8118507924576196e-05,31.101053154549383,141.5222792701528,20.0,0.0001240857292685027,0.0005691298997474448,9.16777869832807e-05,0.000784893415999216,0.0,Germany,DEU,baden-wurttemberg,,,Linux-7.0.0-31-generic-x86_64-with-glibc2.43,3.14.4,3.3.0,24,Intel(R) Core(TM) Ultra 9 285K,1,1 x NVIDIA GeForce RTX 5090,9.2986,48.7383,60.81615447998047,machine,0.0,0.0,0.0,0.0,N
rollout_78,2026-09-19T10:26:15,tdmpc2_HalfCheetah-v5_seed958,fbcf8836-6b0a-4cdd-9f71-9a6ce8341f34,13.571616034998442,0.00030588405151239784,2.253852118228224e-05,31.079348220934268,141.62681942914972,20.0,0.0001306056117066287,0.0005969507553382769,7.539428661669512e-05,0.0008029506536616215,0.0,Germany,DEU,baden-wurttemberg,,,Linux-7.0.0-31-generic-x86_64-with-glibc2.43,3.14.4,3.3.0,24,Intel(R) Core(TM) Ultra 9 285K,1,1 x NVIDIA GeForce RTX 5090,9.2986,48.7383,60.81615447998047,machine,0.0,0.0,0.0,0.0,N
gradient_updates_78,2026-09-19T10:26:31,tdmpc2_HalfCheetah-v5_seed958,fbcf8836-6b0a-4cdd-9f71-9a6ce8341f34,16.18674129099236,0.00029558002115366577,1.826063569648201e-05,31.09864280044929,141.52612850409656,20.0,0.00012256005665907746,0.0005634218396259882,8.992050863331977e-05,0.0007759024049183993,0.0,Germany,DEU,baden-wurttemberg,,,Linux-7.0.0-31-generic-x86_64-with-glibc2.43,3.14.4,3.3.0,24,Intel(R) Core(TM) Ultra 9 285K,1,1 x NVIDIA GeForce RTX 5090,9.2986,48.7383,60.81615447998047,machine,0.0,0.0,0.0,0.0,N
rollout_79,2026-09-19T10:26:45,tdmpc2_HalfCheetah-v5_seed958,fbcf8836-6b0a-4cdd-9f71-9a6ce8341f34,13.58270576200448,0.0003041802513672545,2.2394678814617004e-05,31.078339089129365,141.62039490628544,20.0,0.00013108748348101065,0.0005919335291020289,7.545713774444358e-05,0.0007984781503274918,0.0,Germany,DEU,baden-wurttemberg,,,Linux-7.0.0-31-generic-x86_64-with-glibc2.43,3.14.4,3.3.0,24,Intel(R) Core(TM) Ultra 9 285K,1,1 x NVIDIA GeForce RTX 5090,9.2986,48.7383,60.81615447998047,machine,0.0,0.0,0.0,0.0,N
gradient_updates_79,2026-09-19T10:26:59,tdmpc2_HalfCheetah-v5_seed958,fbcf8836-6b0a-4cdd-9f71-9a6ce8341f34,14.083324990002438,0.0002742042216553192,1.9470143318785572e-05,31.098448945826327,141.57812816667223,20.0,0.00011466196839616735,0.0005268906992901279,7.823791285005086e-05,0.0007197905805363392,0.0,Germany,DEU,baden-wurttemberg,,,Linux-7.0.0-31-generic-x86_64-with-glibc2.43,3.14.4,3.3.0,24,Intel(R) Core(TM) Ultra 9 285K,1,1 x NVIDIA GeForce RTX 5090,9.2986,48.7383,60.81615447998047,machine,0.0,0.0,0.0,0.0,N
rollout_80,2026-09-19T10:27:12,tdmpc2_HalfCheetah-v5_seed958,fbcf8836-6b0a-4cdd-9f71-9a6ce8341f34,13.632806440989953,0.00030669885838769534,2.2497121349672635e-05,31.08987372847817,141.67768679084944,20.0,0.00013102219315100708,0.0005983321453317814,7.573519659450148e-05,0.0008050895350772969,0.0,Germany,DEU,baden-wurttemberg,,,Linux-7.0.0-31-generic-x86_64-with-glibc2.43,3.14.4,3.3.0,24,Intel(R) Core(TM) Ultra 9 285K,1,1 x NVIDIA GeForce RTX 5090,9.2986,48.7383,60.81615447998047,machine,0.0,0.0,0.0,0.0,N
gradient_updates_80,2026-09-19T10:27:26,tdmpc2_HalfCheetah-v5_seed958,fbcf8836-6b0a-4cdd-9f71-9a6ce8341f34,13.96872721699765,0.0002737696232871095,1.959875955139144e-05,31.109342848120143,141.63408819653046,20.0,0.00011947158113274556,0.0005215851394901883,7.759303206670079e-05,0.0007186497526896207,0.0,Germany,DEU,baden-wurttemberg,,,Linux-7.0.0-31-generic-x86_64-with-glibc2.43,3.14.4,3.3.0,24,Intel(R) Core(TM) Ultra 9 285K,1,1 x NVIDIA GeForce RTX 5090,9.2986,48.7383,60.81615447998047,machine,0.0,0.0,0.0,0.0,N
rollout_81,2026-09-19T10:27:40,tdmpc2_HalfCheetah-v5_seed958,fbcf8836-6b0a-4cdd-9f71-9a6ce8341f34,13.577240227008588,0.00030498038810980455,2.2462637268608637e-05,31.10895302939065,141.7312938365748,20.0,0.0001297772477106031,0.0005953746429656626,7.542663172773433e-05,0.0008005785224040052,0.0,Germany,DEU,baden-wurttemberg,,,Linux-7.0.0-31-generic-x86_64-with-glibc2.43,3.14.4,3.3.0,24,Intel(R) Core(TM) Ultra 9 285K,1,1 x NVIDIA GeForce RTX 5090,9.2986,48.7383,60.81615447998047,machine,0.0,0.0,0.0,0.0,N
gradient_updates_81,2026-09-19T10:27:54,tdmpc2_HalfCheetah-v5_seed958,fbcf8836-6b0a-4cdd-9f71-9a6ce8341f34,13.960571221992723,0.00027592284489677543,1.9764402620989993e-05,31.12714316435294,141.69560647191597,20.0,0.00012038902270003135,0.0005263573655303055,7.755560651114338e-05,0.0007243019947414941,0.0,Germany,DEU,baden-wurttemberg,,,Linux-7.0.0-31-generic-x86_64-with-glibc2.43,3.14.4,3.3.0,24,Intel(R) Core(TM) Ultra 9 285K,1,1 x NVIDIA GeForce RTX 5090,9.2986,48.7383,60.81615447998047,machine,0.0,0.0,0.0,0.0,N
rollout_82,2026-09-19T10:28:08,tdmpc2_HalfCheetah-v5_seed958,fbcf8836-6b0a-4cdd-9f71-9a6ce8341f34,13.582815625995863,0.0003052364827069859,2.2472261141712222e-05,31.12795904201736,141.79312554769476,20.0,0.00012901130848674142,0.0005967821440919785,7.545732234446288e-05,0.0008012507749231845,0.0,Germany,DEU,baden-wurttemberg,,,Linux-7.0.0-31-generic-x86_64-with-glibc2.43,3.14.4,3.3.0,24,Intel(R) Core(TM) Ultra 9 285K,1,1 x NVIDIA GeForce RTX 5090,9.2986,48.7383,60.81615447998047,machine,0.0,0.0,0.0,0.0,N
gradient_updates_82,2026-09-19T10:28:22,tdmpc2_HalfCheetah-v5_seed958,fbcf8836-6b0a-4cdd-9f71-9a6ce8341f34,14.353483288999996,0.0002724988892286312,1.898487073361133e-05,31.142812610946063,141.74286427298836,20.0,0.00010432119012354982,0.0005312545916700273,7.973827314441788e-05,0.0007153140549379933,0.0,Germany,DEU,baden-wurttemberg,,,Linux-7.0.0-31-generic-x86_64-with-glibc2.43,3.14.4,3.3.0,24,Intel(R) Core(TM) Ultra 9 285K,1,1 x NVIDIA GeForce RTX 5090,9.2986,48.7383,60.81615447998047,machine,0.0,0.0,0.0,0.0,N
rollout_83,2026-09-19T10:28:35,tdmpc2_HalfCheetah-v5_seed958,fbcf8836-6b0a-4cdd-9f71-9a6ce8341f34,13.552779101999477,0.0003046277822127963,2.2477149892013733e-05,31.116844141814354,141.84188444807816,20.0,0.00012701924328198042,0.0005973429778740602,7.529070498332908e-05,0.0007996529261393714,0.0,Germany,DEU,baden-wurttemberg,,,Linux-7.0.0-31-generic-x86_64-with-glibc2.43,3.14.4,3.3.0,24,Intel(R) Core(TM) Ultra 9 285K,1,1 x NVIDIA GeForce RTX 5090,9.2986,48.7383,60.81615447998047,machine,0.0,0.0,0.0,0.0,N
gradient_updates_83,2026-09-19T10:28:49,tdmpc2_HalfCheetah-v5_seed958,fbcf8836-6b0a-4cdd-9f71-9a6ce8341f34,13.9701104160049,0.0002748136800216974,1.9671559170195253e-05,31.130902013745285,141.8018896433372,20.0,0.00012006379077317622,0.0005237179189738761,7.760870900003561e-05,0.000721390418747081,0.0,Germany,DEU,baden-wurttemberg,,,Linux-7.0.0-31-generic-x86_64-with-glibc2.43,3.14.4,3.3.0,24,Intel(R) Core(TM) Ultra 9 285K,1,1 x NVIDIA GeForce RTX 5090,9.2986,48.7383,60.81615447998047,machine,0.0,0.0,0.0,0.0,N
rollout_84,2026-09-19T10:29:03,tdmpc2_HalfCheetah-v5_seed958,fbcf8836-6b0a-4cdd-9f71-9a6ce8341f34,13.549634317998425,0.00030397865974472055,2.2434456307014525e-05,31.13100864242603,141.89579265252965,20.0,0.000127758530262298,0.0005949085314820302,7.52819072666177e-05,0.0007979489690109476,0.0,Germany,DEU,baden-wurttemberg,,,Linux-7.0.0-31-generic-x86_64-with-glibc2.43,3.14.4,3.3.0,24,Intel(R) Core(TM) Ultra 9 285K,1,1 x NVIDIA GeForce RTX 5090,9.2986,48.7383,60.81615447998047,machine,0.0,0.0,0.0,0.0,N
gradient_updates_84,2026-09-19T10:29:17,tdmpc2_HalfCheetah-v5_seed958,fbcf8836-6b0a-4cdd-9f71-9a6ce8341f34,14.160880194001948,0.00027546781543337506,1.9452745139691123e-05,31.14508007276555,141.8574885293291,20.0,0.0001125171461247576,0.0005319220922044288,7.866829660552882e-05,0.0007231075349347083,0.0,Germany,DEU,baden-wurttemberg,,,Linux-7.0.0-31-generic-x86_64-with-glibc2.43,3.14.4,3.3.0,24,Intel(R) Core(TM) Ultra 9 285K,1,1 x NVIDIA GeForce RTX 5090,9.2986,48.7383,60.81615447998047,machine,0.0,0.0,0.0,0.0,N
rollout_85,2026-09-19T10:29:31,tdmpc2_HalfCheetah-v5_seed958,fbcf8836-6b0a-4cdd-9f71-9a6ce8341f34,13.579877862997819,0.00030474104907116106,2.2440635163211864e-05,31.1325128372248,141.95331155976933,20.0,0.000126152613422012,0.0005983560342399663,7.544160583889195e-05,0.0007999502535008807,0.0,Germany,DEU,baden-wurttemberg,,,Linux-7.0.0-31-generic-x86_64-with-glibc2.43,3.14.4,3.3.0,24,Intel(R) Core(TM) Ultra 9 285K,1,1 x NVIDIA GeForce RTX 5090,9.2986,48.7383,60.81615447998047,machine,0.0,0.0,0.0,0.0,N
gradient_updates_85,2026-09-19T10:29:45,tdmpc2_HalfCheetah-v5_seed958,fbcf8836-6b0a-4cdd-9f71-9a6ce8341f34,14.226829189006821,0.00027332190979902776,1.9211700111667116e-05,31.14318770255109,141.91101725245178,20.0,0.00010687454049956163,0.0005315632030273854,7.903675391110823e-05,0.0007174744974380587,0.0,Germany,DEU,baden-wurttemberg,,,Linux-7.0.0-31-generic-x86_64-with-glibc2.43,3.14.4,3.3.0,24,Intel(R) Core(TM) Ultra 9 285K,1,1 x NVIDIA GeForce RTX 5090,9.2986,48.7383,60.81615447998047,machine,0.0,0.0,0.0,0.0,N
rollout_86,2026-09-19T10:29:59,tdmpc2_HalfCheetah-v5_seed958,fbcf8836-6b0a-4cdd-9f71-9a6ce8341f34,13.577287591004279,0.0003055580991349685,2.2505099287581285e-05,31.122978111718943,142.0033805639565,20.0,0.00012981503857417004,0.0005968532552600436,7.542672948895532e-05,0.0008020950233231794,0.0,Germany,DEU,baden-wurttemberg,,,Linux-7.0.0-31-generic-x86_64-with-glibc2.43,3.14.4,3.3.0,24,Intel(R) Core(TM) Ultra 9 285K,1,1 x NVIDIA GeForce RTX 5090,9.2986,48.7383,60.81615447998047,machine,0.0,0.0,0.0,0.0,N
gradient_updates_86,2026-09-19T10:30:13,tdmpc2_HalfCheetah-v5_seed958,fbcf8836-6b0a-4cdd-9f71-9a6ce8341f34,14.252309982999577,0.00027191907194622916,1.9078958014598308e-05,31.138844751395784,141.9522556507588,20.0,0.00010847433705717807,0.0005261415320241269,7.917615597770149e-05,0.0007137920250590013,0.0,Germany,DEU,baden-wurttemberg,,,Linux-7.0.0-31-generic-x86_64-with-glibc2.43,3.14.4,3.3.0,24,Intel(R) Core(TM) Ultra 9 285K,1,1 x NVIDIA GeForce RTX 5090,9.2986,48.7383,60.81615447998047,machine,0.0,0.0,0.0,0.0,N
rollout_87,2026-09-19T10:30:26,tdmpc2_HalfCheetah-v5_seed958,fbcf8836-6b0a-4cdd-9f71-9a6ce8341f34,13.565519598996616,0.0003044017796917098,2.2439382549546917e-05,31.12047561105906,142.0435194113238,20.0,0.00012725290569113104,0.0005964454771558714,7.536128296665653e-05,0.0007990596658136451,0.0,Germany,DEU,baden-wurttemberg,,,Linux-7.0.0-31-generic-x86_64-with-glibc2.43,3.14.4,3.3.0,24,Intel(R) Core(TM) Ultra 9 285K,1,1 x NVIDIA GeForce RTX 5090,9.2986,48.7383,60.81615447998047,machine,0.0,0.0,0.0,0.0,N
gradient_updates_87,2026-09-19T10:30:40,tdmpc2_HalfCheetah-v5_seed958,fbcf8836-6b0a-4cdd-9f71-9a6ce8341f34,14.039665520002018,0.0002754871694314806,1.962206806668485e-05,31.13405390640074,142.0025818936184,20.0,0.00011996199791396503,0.0005252012534944228,7.79950880888565e-05,0.0007231583394972652,0.0,Germany,DEU,baden-wurttemberg,,,Linux-7.0.0-31-generic-x86_64-with-glibc2.43,3.14.4,3.3.0,24,Intel(R) Core(TM) Ultra 9 285K,1,1 x NVIDIA GeForce RTX 5090,9.2986,48.7383,60.81615447998047,machine,0.0,0.0,0.0,0.0,N
rollout_88,2026-09-19T10:30:54,tdmpc2_HalfCheetah-v5_seed958,fbcf8836-6b0a-4cdd-9f71-9a6ce8341f34,13.574646982990089,0.0003056908858992402,2.2519255221020437e-05,31.13343272980573,142.09279909761952,20.0,0.00013002138790591672,0.0005970101998298283,7.541200302221135e-05,0.0008024435907579563,0.0,Germany,DEU,baden-wurttemberg,,,Linux-7.0.0-31-generic-x86_64-with-glibc2.43,3.14.4,3.3.0,24,Intel(R) Core(TM) Ultra 9 285K,1,1 x NVIDIA GeForce RTX 5090,9.2986,48.7383,60.81615447998047,machine,0.0,0.0,0.0,0.0,N
gradient_updates_88,2026-09-19T10:31:08,tdmpc2_HalfCheetah-v5_seed958,fbcf8836-6b0a-4cdd-9f71-9a6ce8341f34,14.085685559999547,0.00027471682764701466,1.95032697967226e-05,31.14991658816604,142.05370217350378,20.0,0.00011477786737777718,0.0005281073669300973,7.825094536666362e-05,0.0007211361796745364,0.0,Germany,DEU,baden-wurttemberg,,,Linux-7.0.0-31-generic-x86_64-with-glibc2.43,3.14.4,3.3.0,24,Intel(R) Core(TM) Ultra 9 285K,1,1 x NVIDIA GeForce RTX 5090,9.2986,48.7383,60.81615447998047,machine,0.0,0.0,0.0,0.0,N
rollout_89,2026-09-19T10:31:22,tdmpc2_HalfCheetah-v5_seed958,fbcf8836-6b0a-4cdd-9f71-9a6ce8341f34,13.584267330006696,0.00030433254312717956,2.2403313118206275e-05,31.141638815865804,142.1414888128387,20.0,0.00012678212225895186,0.0005966301995257162,7.546559691117005e-05,0.000798877918695845,0.0,Germany,DEU,baden-wurttemberg,,,Linux-7.0.0-31-generic-x86_64-with-glibc2.43,3.14.4,3.3.0,24,Intel(R) Core(TM) Ultra 9 285K,1,1 x NVIDIA GeForce RTX 5090,9.2986,48.7383,60.81615447998047,machine,0.0,0.0,0.0,0.0,N
gradient_updates_89,2026-09-19T10:31:36,tdmpc2_HalfCheetah-v5_seed958,fbcf8836-6b0a-4cdd-9f71-9a6ce8341f34,13.938583524999558,0.00027564234402481513,1.9775460970447885e-05,31.154192632584266,142.10419337412512,20.0,0.00012237717179054697,0.0005237556967823132,7.743280677774758e-05,0.0007235656753506181,0.0,Germany,DEU,baden-wurttemberg,,,Linux-7.0.0-31-generic-x86_64-with-glibc2.43,3.14.4,3.3.0,24,Intel(R) Core(TM) Ultra 9 285K,1,1 x NVIDIA GeForce RTX 5090,9.2986,48.7383,60.81615447998047,machine,0.0,0.0,0.0,0.0,N
rollout_90,2026-09-19T10:31:49,tdmpc2_HalfCheetah-v5_seed958,fbcf8836-6b0a-4cdd-9f71-9a6ce8341f34,13.63041049100866,0.00030745469427695404,2.2556530533761846e-05,31.15779449691417,142.19287036589887,20.0,0.00013122503303549665,0.0006001277023237606,7.572088132785405e-05,0.0008070736166871095,0.0,Germany,DEU,baden-wurttemberg,,,Linux-7.0.0-31-generic-x86_64-with-glibc2.43,3.14.4,3.3.0,24,Intel(R) Core(TM) Ultra 9 285K,1,1 x NVIDIA GeForce RTX 5090,9.2986,48.7383,60.81615447998047,machine,0.0,0.0,0.0,0.0,N
gradient_updates_90,2026-09-19T10:32:03,tdmpc2_HalfCheetah-v5_seed958,fbcf8836-6b0a-4cdd-9f71-9a6ce8341f34,14.033534314992721,0.000276066168969559,1.9671901946031078e-05,31.175157191071584,142.15548740963675,20.0,0.00011954151729980794,0.0005271754217397451,7.796128374441998e-05,0.0007246782227839921,0.0,Germany,DEU,baden-wurttemberg,,,Linux-7.0.0-31-generic-x86_64-with-glibc2.43,3.14.4,3.3.0,24,Intel(R) Core(TM) Ultra 9 285K,1,1 x NVIDIA GeForce RTX 5090,9.2986,48.7383,60.81615447998047,machine,0.0,0.0,0.0,0.0,N
rollout_91,2026-09-19T10:32:17,tdmpc2_HalfCheetah-v5_seed958,fbcf8836-6b0a-4cdd-9f71-9a6ce8341f34,13.590015957001015,0.0003053885706658793,2.247154231524441e-05,31.173685777448778,142.24211719011498,20.0,0.00012837732409066646,0.0005977752004420189,7.549748377779116e-05,0.0008016500083104783,0.0,Germany,DEU,baden-wurttemberg,,,Linux-7.0.0-31-generic-x86_64-with-glibc2.43,3.14.4,3.3.0,24,Intel(R) Core(TM) Ultra 9 285K,1,1 x NVIDIA GeForce RTX 5090,9.2986,48.7383,60.81615447998047,machine,0.0,0.0,0.0,0.0,N
gradient_updates_91,2026-09-19T10:32:33,tdmpc2_HalfCheetah-v5_seed958,fbcf8836-6b0a-4cdd-9f71-9a6ce8341f34,16.516417798004113,0.0002983079452408763,1.806130331237921e-05,31.186305441851374,142.1473787834033,20.0,0.00012044853191430296,0.0005708601789105039,9.175453957779856e-05,0.0007830632504026158,0.0,Germany,DEU,baden-wurttemberg,,,Linux-7.0.0-31-generic-x86_64-with-glibc2.43,3.14.4,3.3.0,24,Intel(R) Core(TM) Ultra 9 285K,1,1 x NVIDIA GeForce RTX 5090,9.2986,48.7383,60.81615447998047,machine,0.0,0.0,0.0,0.0,N
rollout_92,2026-09-19T10:32:47,tdmpc2_HalfCheetah-v5_seed958,fbcf8836-6b0a-4cdd-9f71-9a6ce8341f34,13.571556335999048,0.0003046177007459683,2.2445305777118465e-05,31.162981009323456,142.23375665937814,20.0,0.0001268246092373873,0.0005974068668139765,7.539498607220425e-05,0.0007996264621235594,0.0,Germany,DEU,baden-wurttemberg,,,Linux-7.0.0-31-generic-x86_64-with-glibc2.43,3.14.4,3.3.0,24,Intel(R) Core(TM) Ultra 9 285K,1,1 x NVIDIA GeForce RTX 5090,9.2986,48.7383,60.81615447998047,machine,0.0,0.0,0.0,0.0,N
gradient_updates_92,2026-09-19T10:33:03,tdmpc2_HalfCheetah-v5_seed958,fbcf8836-6b0a-4cdd-9f71-9a6ce8341f34,16.529104790999554,0.00029809937529043373,1.8034815762107052e-05,31.173739976384553,142.13832146772288,20.0,0.00012093899952889814,0.0005697560113597788,9.182073997217322e-05,0.0007825157508608294,0.0,Germany,DEU,baden-wurttemberg,,,Linux-7.0.0-31-generic-x86_64-with-glibc2.43,3.14.4,3.3.0,24,Intel(R) Core(TM) Ultra 9 285K,1,1 x NVIDIA GeForce RTX 5090,9.2986,48.7383,60.81615447998047,machine,0.0,0.0,0.0,0.0,N
rollout_93,2026-09-19T10:33:17,tdmpc2_HalfCheetah-v5_seed958,fbcf8836-6b0a-4cdd-9f71-9a6ce8341f34,13.573330172992428,0.00030581488893562103,2.253057708768812e-05,31.151453207074454,142.22377109319885,20.0,0.0001299310731114403,0.0005974332557237005,7.540477192774855e-05,0.000802769100762879,0.0,Germany,DEU,baden-wurttemberg,,,Linux-7.0.0-31-generic-x86_64-with-glibc2.43,3.14.4,3.3.0,24,Intel(R) Core(TM) Ultra 9 285K,1,1 x NVIDIA GeForce RTX 5090,9.2986,48.7383,60.81615447998047,machine,0.0,0.0,0.0,0.0,N
gradient_updates_93,2026-09-19T10:33:34,tdmpc2_HalfCheetah-v5_seed958,fbcf8836-6b0a-4cdd-9f71-9a6ce8341f34,16.52905050299887,0.00029813425975366153,1.8036968490453316e-05,31.166202605429035,142.12896239718134,20.0,0.00012133057317549253,0.0005694462888903296,9.183046108333232e-05,0.0007826073231491371,0.0,Germany,DEU,baden-wurttemberg,,,Linux-7.0.0-31-generic-x86_64-with-glibc2.43,3.14.4,3.3.0,24,Intel(R) Core(TM) Ultra 9 285K,1,1 x NVIDIA GeForce RTX 5090,9.2986,48.7383,60.81615447998047,machine,0.0,0.0,0.0,0.0,N
rollout_94,2026-09-19T10:33:47,tdmpc2_HalfCheetah-v5_seed958,fbcf8836-6b0a-4cdd-9f71-9a6ce8341f34,13.57381184300175,0.0003053746704430593,2.2497348445342094e-05,31.144582036759292,142.21204321309736,20.0,0.00012986579944811172,0.0005963401992938877,7.540752125553135e-05,0.0008016135199975238,0.0,Germany,DEU,baden-wurttemberg,,,Linux-7.0.0-31-generic-x86_64-with-glibc2.43,3.14.4,3.3.0,24,Intel(R) Core(TM) Ultra 9 285K,1,1 x NVIDIA GeForce RTX 5090,9.2986,48.7383,60.81615447998047,machine,0.0,0.0,0.0,0.0,N
gradient_updates_94,2026-09-19T10:34:04,tdmpc2_HalfCheetah-v5_seed958,fbcf8836-6b0a-4cdd-9f71-9a6ce8341f34,16.646539823996136,0.0002965793052223456,1.7816281871281023e-05,31.158631532877973,142.11596197648615,20.0,0.00011466169728483952,0.0005713862904417333,9.247755426670945e-05,0.0007785255419932857,0.0,Germany,DEU,baden-wurttemberg,,,Linux-7.0.0-31-generic-x86_64-with-glibc2.43,3.14.4,3.3.0,24,Intel(R) Core(TM) Ultra 9 285K,1,1 x NVIDIA GeForce RTX 5090,9.2986,48.7383,60.81615447998047,machine,0.0,0.0,0.0,0.0,N
rollout_95,2026-09-19T10:34:17,tdmpc2_HalfCheetah-v5_seed958,fbcf8836-6b0a-4cdd-9f71-9a6ce8341f34,13.577167030001874,0.0003028620136283078,2.2306719837072554e-05,31.12922346978798,142.19315918122115,20.0,0.00012680890978038206,0.0005927776964438358,7.543114841108978e-05,0.0007950177546352799,0.0,Germany,DEU,baden-wurttemberg,,,Linux-7.0.0-31-generic-x86_64-with-glibc2.43,3.14.4,3.3.0,24,Intel(R) Core(TM) Ultra 9 285K,1,1 x NVIDIA GeForce RTX 5090,9.2986,48.7383,60.81615447998047,machine,0.0,0.0,0.0,0.0,N
gradient_updates_95,2026-09-19T10:34:34,tdmpc2_HalfCheetah-v5_seed958,fbcf8836-6b0a-4cdd-9f71-9a6ce8341f34,16.544302062000497,0.0002995000326627001,1.8102918953168322e-05,31.139727902958896,142.10408896985703,20.0,0.0001210595265697667,0.000573223236356224,9.190973651671333e-05,0.0007861924994427005,0.0,Germany,DEU,baden-wurttemberg,,,Linux-7.0.0-31-generic-x86_64-with-glibc2.43,3.14.4,3.3.0,24,Intel(R) Core(TM) Ultra 9 285K,1,1 x NVIDIA GeForce RTX 5090,9.2986,48.7383,60.81615447998047,machine,0.0,0.0,0.0,0.0,N
rollout_96,2026-09-19T10:34:48,tdmpc2_HalfCheetah-v5_seed958,fbcf8836-6b0a-4cdd-9f71-9a6ce8341f34,13.589292030999786,0.0003048685713106722,2.2434480300669092e-05,31.11815231613308,142.18459655643383,20.0,0.0001285271989327902,0.0005962646436779018,7.549315886111116e-05,0.0008002850014717788,0.0,Germany,DEU,baden-wurttemberg,,,Linux-7.0.0-31-generic-x86_64-with-glibc2.43,3.14.4,3.3.0,24,Intel(R) Core(TM) Ultra 9 285K,1,1 x NVIDIA GeForce RTX 5090,9.2986,48.7383,60.81615447998047,machine,0.0,0.0,0.0,0.0,N
gradient_updates_96,2026-09-19T10:35:04,tdmpc2_HalfCheetah-v5_seed958,fbcf8836-6b0a-4cdd-9f71-9a6ce8341f34,16.59711145600886,0.000297334086362927,1.791481375588298e-05,31.13036155821591,142.09220318693755,20.0,0.00011714462010450899,0.000571159068038174,9.220316672783196e-05,0.0007805068548705218,0.0,Germany,DEU,baden-wurttemberg,,,Linux-7.0.0-31-generic-x86_64-with-glibc2.43,3.14.4,3.3.0,24,Intel(R) Core(TM) Ultra 9 285K,1,1 x NVIDIA GeForce RTX 5090,9.2986,48.7383,60.81615447998047,machine,0.0,0.0,0.0,0.0,N
rollout_97,2026-09-19T10:35:18,tdmpc2_HalfCheetah-v5_seed958,fbcf8836-6b0a-4cdd-9f71-9a6ce8341f34,13.572579604006023,0.00030308845513802446,2.233094251443356e-05,31.104556235423775,142.1690120651104,20.0,0.00012688954373377484,0.0005933218635463255,7.540076003327567e-05,0.0007956121673133587,0.0,Germany,DEU,baden-wurttemberg,,,Linux-7.0.0-31-generic-x86_64-with-glibc2.43,3.14.4,3.3.0,24,Intel(R) Core(TM) Ultra 9 285K,1,1 x NVIDIA GeForce RTX 5090,9.2986,48.7383,60.81615447998047,machine,0.0,0.0,0.0,0.0,N
gradient_updates_97,2026-09-19T10:35:34,tdmpc2_HalfCheetah-v5_seed958,fbcf8836-6b0a-4cdd-9f71-9a6ce8341f34,16.69222836800327,0.0002971498344375087,1.7801659949976182e-05,31.114500445877376,142.0784618952242,20.0,0.00011207862605171898,0.0005752129601694911,9.273160432219513e-05,0.0007800231905434052,0.0,Germany,DEU,baden-wurttemberg,,,Linux-7.0.0-31-generic-x86_64-with-glibc2.43,3.14.4,3.3.0,24,Intel(R) Core(TM) Ultra 9 285K,1,1 x NVIDIA GeForce RTX 5090,9.2986,48.7383,60.81615447998047,machine,0.0,0.0,0.0,0.0,N
rollout_98,2026-09-19T10:35:48,tdmpc2_HalfCheetah-v5_seed958,fbcf8836-6b0a-4cdd-9f71-9a6ce8341f34,13.569855662004557,0.0003042115706997847,2.241819564733301e-05,31.08316413392186,142.16079344686887,20.0,0.00012526067104179014,0.0005979140894418755,7.538560360553781e-05,0.0007985603640892069,0.0,Germany,DEU,baden-wurttemberg,,,Linux-7.0.0-31-generic-x86_64-with-glibc2.43,3.14.4,3.3.0,24,Intel(R) Core(TM) Ultra 9 285K,1,1 x NVIDIA GeForce RTX 5090,9.2986,48.7383,60.81615447998047,machine,0.0,0.0,0.0,0.0,N
gradient_updates_98,2026-09-19T10:36:05,tdmpc2_HalfCheetah-v5_seed958,fbcf8836-6b0a-4cdd-9f71-9a6ce8341f34,16.536965305000194,0.00030028898373397894,1.815865888742278e-05,31.091846195449392,142.07578081311718,20.0,0.00012226534197886177,0.0005741293481920096,9.186881877774541e-05,0.0007882635089486167,0.0,Germany,DEU,baden-wurttemberg,,,Linux-7.0.0-31-generic-x86_64-with-glibc2.43,3.14.4,3.3.0,24,Intel(R) Core(TM) Ultra 9 285K,1,1 x NVIDIA GeForce RTX 5090,9.2986,48.7383,60.81615447998047,machine,0.0,0.0,0.0,0.0,N
rollout_99,2026-09-19T10:36:18,tdmpc2_HalfCheetah-v5_seed958,fbcf8836-6b0a-4cdd-9f71-9a6ce8341f34,13.574383838000358,0.0003052930790169439,2.249038769992226e-05,31.072849778146978,142.1503630096467,20.0,0.00013322377824560513,0.0005927679742141478,7.540758870559772e-05,0.0008013993411653542,0.0,Germany,DEU,baden-wurttemberg,,,Linux-7.0.0-31-generic-x86_64-with-glibc2.43,3.14.4,3.3.0,24,Intel(R) Core(TM) Ultra 9 285K,1,1 x NVIDIA GeForce RTX 5090,9.2986,48.7383,60.81615447998047,machine,0.0,0.0,0.0,0.0,N
gradient_updates_99,2026-09-19T10:36:35,tdmpc2_HalfCheetah-v5_seed958,fbcf8836-6b0a-4cdd-9f71-9a6ce8341f34,16.518758938007522,0.00030021056871053914,1.8173917284858466e-05,31.091188009433957,142.0669304201907,20.0,0.00012213852465518815,0.0005741510148760121,9.176812869441525e-05,0.0007880576682255946,0.0,Germany,DEU,baden-wurttemberg,,,Linux-7.0.0-31-generic-x86_64-with-glibc2.43,3.14.4,3.3.0,24,Intel(R) Core(TM) Ultra 9 285K,1,1 x NVIDIA GeForce RTX 5090,9.2986,48.7383,60.81615447998047,machine,0.0,0.0,0.0,0.0,N
idle_baseline_tail,2026-09-19T10:38:05,tdmpc2_HalfCheetah-v5_seed958,fbcf8836-6b0a-4cdd-9f71-9a6ce8341f34,90.00350924101076,0.0006874302862940121,7.637817144746682e-06,31.068785582650897,141.54958328126176,20.0,0.000404206611420585,0.0009002954424581766,0.0005000137258666243,0.0018045157797454137,0.0,Germany,DEU,baden-wurttemberg,,,Linux-7.0.0-31-generic-x86_64-with-glibc2.43,3.14.4,3.3.0,24,Intel(R) Core(TM) Ultra 9 285K,1,1 x NVIDIA GeForce RTX 5090,9.2986,48.7383,60.81615447998047,machine,0.0,0.0,0.0,0.0,N
