task_name,timestamp,project_name,run_id,duration,emissions,emissions_rate,cpu_power,gpu_power,ram_power,cpu_energy,gpu_energy,ram_energy,energy_consumed,water_consumed,country_name,country_iso_code,region,cloud_provider,cloud_region,os,python_version,codecarbon_version,cpu_count,cpu_model,gpu_count,gpu_model,longitude,latitude,ram_total_size,tracking_mode,cpu_utilization_percent,gpu_utilization_percent,ram_utilization_percent,ram_used_gb,on_cloud
idle_baseline_head,2026-09-15T04:12:03,mbpo_Ant-v5_seed85062,0db152d4-41ed-4568-9813-89713bac8b20,90.003256117001,0.0006041864165420205,6.712939374495012e-06,15.990788614987427,12.635659377602979,20.0,0.0004153650900695846,0.0006534708005541123,0.0005171633652944567,0.0015859992559181535,0.0,Germany,DEU,baden-wurttemberg,,,Linux-7.0.0-31-generic-x86_64-with-glibc2.43,3.14.4,3.3.0,24,Intel(R) Core(TM) Ultra 9 285K,1,1 x NVIDIA GeForce RTX 5090,9.2986,48.7383,60.81614303588867,machine,0.0,0.0,0.0,0.0,N
warmup_0,2026-09-15T04:12:04,mbpo_Ant-v5_seed85062,0db152d4-41ed-4568-9813-89713bac8b20,0.6695962020021398,8.25156795052225e-06,1.2323106670003255e-05,23.672744675210954,27.52589144513776,20.0,7.285584439575832e-06,1.0656397414265939e-05,3.7185193944121306e-06,2.1660501248253793e-05,0.0,Germany,DEU,baden-wurttemberg,,,Linux-7.0.0-31-generic-x86_64-with-glibc2.43,3.14.4,3.3.0,24,Intel(R) Core(TM) Ultra 9 285K,1,1 x NVIDIA GeForce RTX 5090,9.2986,48.7383,60.81614303588867,machine,0.0,0.0,0.0,0.0,N
dynamics_model_update_0,2026-09-15T04:12:06,mbpo_Ant-v5_seed85062,0db152d4-41ed-4568-9813-89713bac8b20,2.059810129998368,2.535849405860583e-05,1.2311091567339726e-05,26.523606979740457,37.950557039304655,20.0,1.555300216461719e-05,3.9578920551841534e-05,1.1434540227775111e-05,6.656646294423384e-05,0.0,Germany,DEU,baden-wurttemberg,,,Linux-7.0.0-31-generic-x86_64-with-glibc2.43,3.14.4,3.3.0,24,Intel(R) Core(TM) Ultra 9 285K,1,1 x NVIDIA GeForce RTX 5090,9.2986,48.7383,60.81614303588867,machine,0.0,0.0,0.0,0.0,N
rollout_0,2026-09-15T04:12:07,mbpo_Ant-v5_seed85062,0db152d4-41ed-4568-9813-89713bac8b20,0.40044611600023927,4.846995295877373e-06,1.2104260764109793e-05,28.116361346549514,42.318399524488505,20.0,3.856228362755787e-06,6.64500531599721e-06,2.2222084944385854e-06,1.2723442173191582e-05,0.0,Germany,DEU,baden-wurttemberg,,,Linux-7.0.0-31-generic-x86_64-with-glibc2.43,3.14.4,3.3.0,24,Intel(R) Core(TM) Ultra 9 285K,1,1 x NVIDIA GeForce RTX 5090,9.2986,48.7383,60.81614303588867,machine,0.0,0.0,0.0,0.0,N
synthetic_rollout_generation_0,2026-09-15T04:12:07,mbpo_Ant-v5_seed85062,0db152d4-41ed-4568-9813-89713bac8b20,0.022372487001121044,1.1890122847478361e-07,5.317234538414464e-06,28.16940314804344,35.26533293707376,20.0,1.9154820879441203e-07,0.0,1.205694666876105e-07,3.121176754819141e-07,0.0,Germany,DEU,baden-wurttemberg,,,Linux-7.0.0-31-generic-x86_64-with-glibc2.43,3.14.4,3.3.0,24,Intel(R) Core(TM) Ultra 9 285K,1,1 x NVIDIA GeForce RTX 5090,9.2986,48.7383,60.81614303588867,machine,0.0,0.0,0.0,0.0,N
gradient_updates_0,2026-09-15T04:12:23,mbpo_Ant-v5_seed85062,0db152d4-41ed-4568-9813-89713bac8b20,16.356582662003348,0.0002453596534588424,1.5000673217835608e-05,28.17822971788573,44.05319766833244,20.0,0.00011349423246197893,0.0004397114628800214,9.086742044443481e-05,0.0006440731157864349,0.0,Germany,DEU,baden-wurttemberg,,,Linux-7.0.0-31-generic-x86_64-with-glibc2.43,3.14.4,3.3.0,24,Intel(R) Core(TM) Ultra 9 285K,1,1 x NVIDIA GeForce RTX 5090,9.2986,48.7383,60.81614303588867,machine,0.0,0.0,0.0,0.0,N
dynamics_model_update_1,2026-09-15T04:12:25,mbpo_Ant-v5_seed85062,0db152d4-41ed-4568-9813-89713bac8b20,2.0874242630015942,2.512034580109024e-05,1.2034066342636175e-05,27.635449889028216,47.567424585622035,20.0,1.2510252230417407e-05,4.183697791404484e-05,1.1594089716648686e-05,6.594131986111104e-05,0.0,Germany,DEU,baden-wurttemberg,,,Linux-7.0.0-31-generic-x86_64-with-glibc2.43,3.14.4,3.3.0,24,Intel(R) Core(TM) Ultra 9 285K,1,1 x NVIDIA GeForce RTX 5090,9.2986,48.7383,60.81614303588867,machine,0.0,0.0,0.0,0.0,N
rollout_1,2026-09-15T04:12:25,mbpo_Ant-v5_seed85062,0db152d4-41ed-4568-9813-89713bac8b20,0.3619725800017477,4.427786487664373e-06,1.2232279929493904e-05,27.486176851993196,49.969939946929884,20.0,2.658703793630146e-06,6.9544500080898075e-06,2.0098583722250518e-06,1.1623012173945114e-05,0.0,Germany,DEU,baden-wurttemberg,,,Linux-7.0.0-31-generic-x86_64-with-glibc2.43,3.14.4,3.3.0,24,Intel(R) Core(TM) Ultra 9 285K,1,1 x NVIDIA GeForce RTX 5090,9.2986,48.7383,60.81614303588867,machine,0.0,0.0,0.0,0.0,N
synthetic_rollout_generation_1,2026-09-15T04:12:25,mbpo_Ant-v5_seed85062,0db152d4-41ed-4568-9813-89713bac8b20,0.007708365999860689,4.0355181368237e-08,5.228823505622681e-06,27.140288242082352,44.9729459522369,20.0,6.508727429244132e-08,0.0,4.0845738880708644e-08,1.0593301317304155e-07,0.0,Germany,DEU,baden-wurttemberg,,,Linux-7.0.0-31-generic-x86_64-with-glibc2.43,3.14.4,3.3.0,24,Intel(R) Core(TM) Ultra 9 285K,1,1 x NVIDIA GeForce RTX 5090,9.2986,48.7383,60.81614303588867,machine,0.0,0.0,0.0,0.0,N
gradient_updates_1,2026-09-15T04:12:42,mbpo_Ant-v5_seed85062,0db152d4-41ed-4568-9813-89713bac8b20,16.23087745099474,0.00024582157106943145,1.514531046884164e-05,26.868229796351418,49.70722260020066,20.0,0.00011756803377657027,0.0004375484055938461,9.016921772219777e-05,0.000645285657092614,0.0,Germany,DEU,baden-wurttemberg,,,Linux-7.0.0-31-generic-x86_64-with-glibc2.43,3.14.4,3.3.0,24,Intel(R) Core(TM) Ultra 9 285K,1,1 x NVIDIA GeForce RTX 5090,9.2986,48.7383,60.81614303588867,machine,0.0,0.0,0.0,0.0,N
dynamics_model_update_2,2026-09-15T04:12:44,mbpo_Ant-v5_seed85062,0db152d4-41ed-4568-9813-89713bac8b20,2.2209796410024865,2.801614105629041e-05,1.2614340844622025e-05,26.763116499513547,51.775572642068795,20.0,1.5236077466632136e-05,4.5970592332134075e-05,1.233616011668342e-05,7.354282991544952e-05,0.0,Germany,DEU,baden-wurttemberg,,,Linux-7.0.0-31-generic-x86_64-with-glibc2.43,3.14.4,3.3.0,24,Intel(R) Core(TM) Ultra 9 285K,1,1 x NVIDIA GeForce RTX 5090,9.2986,48.7383,60.81614303588867,machine,0.0,0.0,0.0,0.0,N
rollout_2,2026-09-15T04:12:44,mbpo_Ant-v5_seed85062,0db152d4-41ed-4568-9813-89713bac8b20,0.35898506000376074,4.015163929163221e-06,1.118458199761653e-05,27.312013162670546,51.76931609076503,20.0,3.3992624416251394e-06,5.14889300773369e-06,1.9917157388893957e-06,1.0539871188248225e-05,0.0,Germany,DEU,baden-wurttemberg,,,Linux-7.0.0-31-generic-x86_64-with-glibc2.43,3.14.4,3.3.0,24,Intel(R) Core(TM) Ultra 9 285K,1,1 x NVIDIA GeForce RTX 5090,9.2986,48.7383,60.81614303588867,machine,0.0,0.0,0.0,0.0,N
synthetic_rollout_generation_2,2026-09-15T04:12:44,mbpo_Ant-v5_seed85062,0db152d4-41ed-4568-9813-89713bac8b20,0.00866971999494126,4.5589686814085165e-08,5.257347946695975e-06,27.144804738403625,48.07150779856753,20.0,7.400505920573952e-08,0.0,4.566861664192807e-08,1.1967367584755917e-07,0.0,Germany,DEU,baden-wurttemberg,,,Linux-7.0.0-31-generic-x86_64-with-glibc2.43,3.14.4,3.3.0,24,Intel(R) Core(TM) Ultra 9 285K,1,1 x NVIDIA GeForce RTX 5090,9.2986,48.7383,60.81614303588867,machine,0.0,0.0,0.0,0.0,N
gradient_updates_2,2026-09-15T04:13:00,mbpo_Ant-v5_seed85062,0db152d4-41ed-4568-9813-89713bac8b20,16.281132879994402,0.00024883104132780113,1.5283404956235428e-05,27.004409807520485,51.42039347550278,20.0,0.00011815870063799916,0.00044457841121836594,9.044845403889971e-05,0.0006531855658952648,0.0,Germany,DEU,baden-wurttemberg,,,Linux-7.0.0-31-generic-x86_64-with-glibc2.43,3.14.4,3.3.0,24,Intel(R) Core(TM) Ultra 9 285K,1,1 x NVIDIA GeForce RTX 5090,9.2986,48.7383,60.81614303588867,machine,0.0,0.0,0.0,0.0,N
dynamics_model_update_3,2026-09-15T04:13:05,mbpo_Ant-v5_seed85062,0db152d4-41ed-4568-9813-89713bac8b20,4.721746522998728,5.8892209249211116e-05,1.2472498790472669e-05,26.94037482818373,52.735328778576374,20.0,3.33356311129282e-05,9.502840935593504e-05,2.6228975016662562e-05,0.0001545930154855258,0.0,Germany,DEU,baden-wurttemberg,,,Linux-7.0.0-31-generic-x86_64-with-glibc2.43,3.14.4,3.3.0,24,Intel(R) Core(TM) Ultra 9 285K,1,1 x NVIDIA GeForce RTX 5090,9.2986,48.7383,60.81614303588867,machine,0.0,0.0,0.0,0.0,N
rollout_3,2026-09-15T04:13:06,mbpo_Ant-v5_seed85062,0db152d4-41ed-4568-9813-89713bac8b20,0.3595732250032597,4.801528033781654e-06,1.3353419515456381e-05,27.357220630636732,53.871500591206186,20.0,3.4176069007504917e-06,7.19083908573559e-06,1.9956438777525174e-06,1.2604089864238707e-05,0.0,Germany,DEU,baden-wurttemberg,,,Linux-7.0.0-31-generic-x86_64-with-glibc2.43,3.14.4,3.3.0,24,Intel(R) Core(TM) Ultra 9 285K,1,1 x NVIDIA GeForce RTX 5090,9.2986,48.7383,60.81614303588867,machine,0.0,0.0,0.0,0.0,N
synthetic_rollout_generation_3,2026-09-15T04:13:06,mbpo_Ant-v5_seed85062,0db152d4-41ed-4568-9813-89713bac8b20,0.008815688997856341,4.511089562011031e-08,5.114238858374224e-06,27.173228639191603,50.878639447250286,20.0,7.219089108445598e-08,0.0,4.622595002319683e-08,1.1841684110797807e-07,0.0,Germany,DEU,baden-wurttemberg,,,Linux-7.0.0-31-generic-x86_64-with-glibc2.43,3.14.4,3.3.0,24,Intel(R) Core(TM) Ultra 9 285K,1,1 x NVIDIA GeForce RTX 5090,9.2986,48.7383,60.81614303588867,machine,0.0,0.0,0.0,0.0,N
gradient_updates_3,2026-09-15T04:13:23,mbpo_Ant-v5_seed85062,0db152d4-41ed-4568-9813-89713bac8b20,17.69883643399953,0.00025837956062320757,1.459868305347037e-05,27.004003846591434,53.22641728496783,20.0,0.00011049269811630458,0.00046943370888019587,9.83241787055805e-05,0.0006782505857020806,0.0,Germany,DEU,baden-wurttemberg,,,Linux-7.0.0-31-generic-x86_64-with-glibc2.43,3.14.4,3.3.0,24,Intel(R) Core(TM) Ultra 9 285K,1,1 x NVIDIA GeForce RTX 5090,9.2986,48.7383,60.81614303588867,machine,0.0,0.0,0.0,0.0,N
dynamics_model_update_4,2026-09-15T04:13:24,mbpo_Ant-v5_seed85062,0db152d4-41ed-4568-9813-89713bac8b20,1.1200700180052081,1.4166139945951013e-05,1.2647611977192535e-05,26.843621020276363,54.284266571364654,20.0,7.830033764019695e-06,2.3136129619905077e-05,6.220186388883201e-06,3.7186349772807756e-05,0.0,Germany,DEU,baden-wurttemberg,,,Linux-7.0.0-31-generic-x86_64-with-glibc2.43,3.14.4,3.3.0,24,Intel(R) Core(TM) Ultra 9 285K,1,1 x NVIDIA GeForce RTX 5090,9.2986,48.7383,60.81614303588867,machine,0.0,0.0,0.0,0.0,N
rollout_4,2026-09-15T04:13:25,mbpo_Ant-v5_seed85062,0db152d4-41ed-4568-9813-89713bac8b20,0.37600773200392723,4.577587751273399e-06,1.2174165993468288e-05,26.78018472566805,55.006494727663416,20.0,2.679201310022694e-06,7.249728021907487e-06,2.0873136166807025e-06,1.2016242948610992e-05,0.0,Germany,DEU,baden-wurttemberg,,,Linux-7.0.0-31-generic-x86_64-with-glibc2.43,3.14.4,3.3.0,24,Intel(R) Core(TM) Ultra 9 285K,1,1 x NVIDIA GeForce RTX 5090,9.2986,48.7383,60.81614303588867,machine,0.0,0.0,0.0,0.0,N
synthetic_rollout_generation_4,2026-09-15T04:13:25,mbpo_Ant-v5_seed85062,0db152d4-41ed-4568-9813-89713bac8b20,0.01007677600136958,5.1129023244823185e-08,5.069672212495158e-06,26.73241466691627,52.506199512769626,20.0,8.665284709913346e-08,0.0,4.7561677759730935e-08,1.3421452485853913e-07,0.0,Germany,DEU,baden-wurttemberg,,,Linux-7.0.0-31-generic-x86_64-with-glibc2.43,3.14.4,3.3.0,24,Intel(R) Core(TM) Ultra 9 285K,1,1 x NVIDIA GeForce RTX 5090,9.2986,48.7383,60.81614303588867,machine,0.0,0.0,0.0,0.0,N
gradient_updates_4,2026-09-15T04:13:42,mbpo_Ant-v5_seed85062,0db152d4-41ed-4568-9813-89713bac8b20,17.34193824900285,0.00026301336906284917,1.5166325238065489e-05,26.68993816105592,54.44595267696994,20.0,0.00012623063653997846,0.00046784176316228,9.634200917777586e-05,0.0006904144088800343,0.0,Germany,DEU,baden-wurttemberg,,,Linux-7.0.0-31-generic-x86_64-with-glibc2.43,3.14.4,3.3.0,24,Intel(R) Core(TM) Ultra 9 285K,1,1 x NVIDIA GeForce RTX 5090,9.2986,48.7383,60.81614303588867,machine,0.0,0.0,0.0,0.0,N
dynamics_model_update_5,2026-09-15T04:13:49,mbpo_Ant-v5_seed85062,0db152d4-41ed-4568-9813-89713bac8b20,6.497618360997876,8.611205468468967e-05,1.3252819847236742e-05,26.691802081537332,55.31490603896027,20.0,5.404853629435019e-05,0.00013590177538769233,3.609524464999502e-05,0.0002260455563320371,0.0,Germany,DEU,baden-wurttemberg,,,Linux-7.0.0-31-generic-x86_64-with-glibc2.43,3.14.4,3.3.0,24,Intel(R) Core(TM) Ultra 9 285K,1,1 x NVIDIA GeForce RTX 5090,9.2986,48.7383,60.81614303588867,machine,0.0,0.0,0.0,0.0,N
rollout_5,2026-09-15T04:13:49,mbpo_Ant-v5_seed85062,0db152d4-41ed-4568-9813-89713bac8b20,0.35542934499972034,4.065473036649926e-06,1.1437752677487956e-05,26.96111439714472,55.28415515895803,20.0,3.318916544023387e-06,5.380559860101997e-06,1.972457016664571e-06,1.0671933420789738e-05,0.0,Germany,DEU,baden-wurttemberg,,,Linux-7.0.0-31-generic-x86_64-with-glibc2.43,3.14.4,3.3.0,24,Intel(R) Core(TM) Ultra 9 285K,1,1 x NVIDIA GeForce RTX 5090,9.2986,48.7383,60.81614303588867,machine,0.0,0.0,0.0,0.0,N
synthetic_rollout_generation_5,2026-09-15T04:13:49,mbpo_Ant-v5_seed85062,0db152d4-41ed-4568-9813-89713bac8b20,0.008500080002704635,4.564399160803673e-08,5.371138844014697e-06,26.915891764945645,53.1578414989981,20.0,7.522561573658493e-08,0.0,4.459061108525418e-08,1.1981622682205595e-07,0.0,Germany,DEU,baden-wurttemberg,,,Linux-7.0.0-31-generic-x86_64-with-glibc2.43,3.14.4,3.3.0,24,Intel(R) Core(TM) Ultra 9 285K,1,1 x NVIDIA GeForce RTX 5090,9.2986,48.7383,60.81614303588867,machine,0.0,0.0,0.0,0.0,N
gradient_updates_5,2026-09-15T04:14:06,mbpo_Ant-v5_seed85062,0db152d4-41ed-4568-9813-89713bac8b20,17.002197585999966,0.00025883622542015663,1.5223700088345334e-05,26.8730144675281,54.838756868001255,20.0,0.00011961647180420976,0.000465380650082059,9.44522164000065e-05,0.0006794493382862752,0.0,Germany,DEU,baden-wurttemberg,,,Linux-7.0.0-31-generic-x86_64-with-glibc2.43,3.14.4,3.3.0,24,Intel(R) Core(TM) Ultra 9 285K,1,1 x NVIDIA GeForce RTX 5090,9.2986,48.7383,60.81614303588867,machine,0.0,0.0,0.0,0.0,N
dynamics_model_update_6,2026-09-15T04:14:13,mbpo_Ant-v5_seed85062,0db152d4-41ed-4568-9813-89713bac8b20,7.403404022006725,9.10566956841925e-05,1.2299317830692176e-05,26.802219515154412,55.536354335889875,20.0,4.495975624554949e-05,0.00015293790012815833,4.112766370554816e-05,0.00023902532007925598,0.0,Germany,DEU,baden-wurttemberg,,,Linux-7.0.0-31-generic-x86_64-with-glibc2.43,3.14.4,3.3.0,24,Intel(R) Core(TM) Ultra 9 285K,1,1 x NVIDIA GeForce RTX 5090,9.2986,48.7383,60.81614303588867,machine,0.0,0.0,0.0,0.0,N
rollout_6,2026-09-15T04:14:14,mbpo_Ant-v5_seed85062,0db152d4-41ed-4568-9813-89713bac8b20,0.3666177859995514,3.868448011126648e-06,1.0551607516539231e-05,26.7760634837033,55.46955498463387,20.0,2.666960466898849e-06,5.453337696081917e-06,2.0344413333482723e-06,1.0154739496328821e-05,0.0,Germany,DEU,baden-wurttemberg,,,Linux-7.0.0-31-generic-x86_64-with-glibc2.43,3.14.4,3.3.0,24,Intel(R) Core(TM) Ultra 9 285K,1,1 x NVIDIA GeForce RTX 5090,9.2986,48.7383,60.81614303588867,machine,0.0,0.0,0.0,0.0,N
synthetic_rollout_generation_6,2026-09-15T04:14:14,mbpo_Ant-v5_seed85062,0db152d4-41ed-4568-9813-89713bac8b20,0.008529629005352035,4.354435216525829e-08,5.102999882794026e-06,26.670142418027577,53.62056981847941,20.0,6.934255547541568e-08,0.0,4.4962083363105435e-08,1.1430463883830427e-07,0.0,Germany,DEU,baden-wurttemberg,,,Linux-7.0.0-31-generic-x86_64-with-glibc2.43,3.14.4,3.3.0,24,Intel(R) Core(TM) Ultra 9 285K,1,1 x NVIDIA GeForce RTX 5090,9.2986,48.7383,60.81614303588867,machine,0.0,0.0,0.0,0.0,N
gradient_updates_6,2026-09-15T04:14:30,mbpo_Ant-v5_seed85062,0db152d4-41ed-4568-9813-89713bac8b20,16.49662325400277,0.0002509892051266458,1.5214586427721789e-05,26.571226993388336,55.11955806706023,20.0,0.00010856595740825481,0.0004586392557999197,9.16455680666534e-05,0.0006588507812748277,0.0,Germany,DEU,baden-wurttemberg,,,Linux-7.0.0-31-generic-x86_64-with-glibc2.43,3.14.4,3.3.0,24,Intel(R) Core(TM) Ultra 9 285K,1,1 x NVIDIA GeForce RTX 5090,9.2986,48.7383,60.81614303588867,machine,0.0,0.0,0.0,0.0,N
dynamics_model_update_7,2026-09-15T04:14:36,mbpo_Ant-v5_seed85062,0db152d4-41ed-4568-9813-89713bac8b20,5.587851762000355,7.115017302922579e-05,1.2732962252959104e-05,26.48827380184507,55.749282354682876,20.0,3.8903740289635e-05,0.00011682564901582815,3.104098221107655e-05,0.00018677037151653992,0.0,Germany,DEU,baden-wurttemberg,,,Linux-7.0.0-31-generic-x86_64-with-glibc2.43,3.14.4,3.3.0,24,Intel(R) Core(TM) Ultra 9 285K,1,1 x NVIDIA GeForce RTX 5090,9.2986,48.7383,60.81614303588867,machine,0.0,0.0,0.0,0.0,N
rollout_7,2026-09-15T04:14:36,mbpo_Ant-v5_seed85062,0db152d4-41ed-4568-9813-89713bac8b20,0.3564291799993953,4.867706138894732e-06,1.3656645577960753e-05,26.698127526336265,56.34243168150831,20.0,3.3327848884476263e-06,7.4636170819264436e-06,1.9814065055267973e-06,1.2777808475901084e-05,0.0,Germany,DEU,baden-wurttemberg,,,Linux-7.0.0-31-generic-x86_64-with-glibc2.43,3.14.4,3.3.0,24,Intel(R) Core(TM) Ultra 9 285K,1,1 x NVIDIA GeForce RTX 5090,9.2986,48.7383,60.81614303588867,machine,0.0,0.0,0.0,0.0,N
synthetic_rollout_generation_7,2026-09-15T04:14:36,mbpo_Ant-v5_seed85062,0db152d4-41ed-4568-9813-89713bac8b20,0.008482361001370009,4.608306666082848e-08,5.433168070526744e-06,26.551763245912298,54.68530133793453,20.0,7.005450048530593e-08,0.0,5.0914305555014444e-08,1.209688060398867e-07,0.0,Germany,DEU,baden-wurttemberg,,,Linux-7.0.0-31-generic-x86_64-with-glibc2.43,3.14.4,3.3.0,24,Intel(R) Core(TM) Ultra 9 285K,1,1 x NVIDIA GeForce RTX 5090,9.2986,48.7383,60.81614303588867,machine,0.0,0.0,0.0,0.0,N
gradient_updates_7,2026-09-15T04:14:53,mbpo_Ant-v5_seed85062,0db152d4-41ed-4568-9813-89713bac8b20,16.359341589995893,0.0002540985920003627,1.5532331807398e-05,26.420159163154814,56.0158254224334,20.0,0.00011601872698157462,0.00046011175697824314,9.0882488872214e-05,0.0006670129728320318,0.0,Germany,DEU,baden-wurttemberg,,,Linux-7.0.0-31-generic-x86_64-with-glibc2.43,3.14.4,3.3.0,24,Intel(R) Core(TM) Ultra 9 285K,1,1 x NVIDIA GeForce RTX 5090,9.2986,48.7383,60.81614303588867,machine,0.0,0.0,0.0,0.0,N
dynamics_model_update_8,2026-09-15T04:14:58,mbpo_Ant-v5_seed85062,0db152d4-41ed-4568-9813-89713bac8b20,5.720772203996603,7.271598466633252e-05,1.2710878571981297e-05,26.39037109489097,56.561747015452596,20.0,3.886467775839064e-05,0.00012023676285588536,3.177921213892753e-05,0.0001908806527532031,0.0,Germany,DEU,baden-wurttemberg,,,Linux-7.0.0-31-generic-x86_64-with-glibc2.43,3.14.4,3.3.0,24,Intel(R) Core(TM) Ultra 9 285K,1,1 x NVIDIA GeForce RTX 5090,9.2986,48.7383,60.81614303588867,machine,0.0,0.0,0.0,0.0,N
rollout_8,2026-09-15T04:14:59,mbpo_Ant-v5_seed85062,0db152d4-41ed-4568-9813-89713bac8b20,0.35534578599617817,4.141352784024256e-06,1.1654411166318836e-05,26.575812091431963,56.567180493207005,20.0,3.3009959741273076e-06,5.59806003397334e-06,1.972062994456047e-06,1.0871119002556912e-05,0.0,Germany,DEU,baden-wurttemberg,,,Linux-7.0.0-31-generic-x86_64-with-glibc2.43,3.14.4,3.3.0,24,Intel(R) Core(TM) Ultra 9 285K,1,1 x NVIDIA GeForce RTX 5090,9.2986,48.7383,60.81614303588867,machine,0.0,0.0,0.0,0.0,N
synthetic_rollout_generation_8,2026-09-15T04:14:59,mbpo_Ant-v5_seed85062,0db152d4-41ed-4568-9813-89713bac8b20,0.008613455000158865,7.592507478598916e-07,8.819993972797836e-05,26.60325809348858,76.71818862019877,20.0,8.117645382971217e-08,1.8669459380671327e-06,4.492327777068546e-08,1.993045669668181e-06,0.0,Germany,DEU,baden-wurttemberg,,,Linux-7.0.0-31-generic-x86_64-with-glibc2.43,3.14.4,3.3.0,24,Intel(R) Core(TM) Ultra 9 285K,1,1 x NVIDIA GeForce RTX 5090,9.2986,48.7383,60.81614303588867,machine,0.0,0.0,0.0,0.0,N
gradient_updates_8,2026-09-15T04:15:15,mbpo_Ant-v5_seed85062,0db152d4-41ed-4568-9813-89713bac8b20,16.348358670999005,0.0002533019125978745,1.5494033771098888e-05,26.624739570302417,77.36187873586417,20.0,0.00011171594242823796,0.00046238425879607803,9.082147510558166e-05,0.0006649216763298972,0.0,Germany,DEU,baden-wurttemberg,,,Linux-7.0.0-31-generic-x86_64-with-glibc2.43,3.14.4,3.3.0,24,Intel(R) Core(TM) Ultra 9 285K,1,1 x NVIDIA GeForce RTX 5090,9.2986,48.7383,60.81614303588867,machine,0.0,0.0,0.0,0.0,N
dynamics_model_update_9,2026-09-15T04:15:19,mbpo_Ant-v5_seed85062,0db152d4-41ed-4568-9813-89713bac8b20,4.130175937003514,5.162659771528041e-05,1.2499812255046863e-05,26.558872570196314,77.34194821868391,20.0,2.474755896469949e-05,8.783062581985135e-05,2.294248122222285e-05,0.00013552066600677412,0.0,Germany,DEU,baden-wurttemberg,,,Linux-7.0.0-31-generic-x86_64-with-glibc2.43,3.14.4,3.3.0,24,Intel(R) Core(TM) Ultra 9 285K,1,1 x NVIDIA GeForce RTX 5090,9.2986,48.7383,60.81614303588867,machine,0.0,0.0,0.0,0.0,N
rollout_9,2026-09-15T04:15:20,mbpo_Ant-v5_seed85062,0db152d4-41ed-4568-9813-89713bac8b20,0.363565365994873,4.7081026929491655e-06,1.2949688493248522e-05,26.559248155473497,77.30280948259461,20.0,2.6989357702622563e-06,7.642228335935641e-06,2.0176827055871493e-06,1.2358846811784396e-05,0.0,Germany,DEU,baden-wurttemberg,,,Linux-7.0.0-31-generic-x86_64-with-glibc2.43,3.14.4,3.3.0,24,Intel(R) Core(TM) Ultra 9 285K,1,1 x NVIDIA GeForce RTX 5090,9.2986,48.7383,60.81614303588867,machine,0.0,0.0,0.0,0.0,N
synthetic_rollout_generation_9,2026-09-15T04:15:20,mbpo_Ant-v5_seed85062,0db152d4-41ed-4568-9813-89713bac8b20,0.008491574000800028,4.501642252062801e-08,5.299465683746584e-06,26.523508027520297,75.4622663996757,20.0,7.344561431255059e-08,0.0,4.472323335996155e-08,1.181688476722953e-07,0.0,Germany,DEU,baden-wurttemberg,,,Linux-7.0.0-31-generic-x86_64-with-glibc2.43,3.14.4,3.3.0,24,Intel(R) Core(TM) Ultra 9 285K,1,1 x NVIDIA GeForce RTX 5090,9.2986,48.7383,60.81614303588867,machine,0.0,0.0,0.0,0.0,N
gradient_updates_9,2026-09-15T04:15:36,mbpo_Ant-v5_seed85062,0db152d4-41ed-4568-9813-89713bac8b20,16.40195659500023,0.00025423241932367394,1.550013503930137e-05,26.48771113057755,76.09513460924612,20.0,0.00010845539926424702,0.00046778954089821134,9.111933158888457e-05,0.0006673642717513421,0.0,Germany,DEU,baden-wurttemberg,,,Linux-7.0.0-31-generic-x86_64-with-glibc2.43,3.14.4,3.3.0,24,Intel(R) Core(TM) Ultra 9 285K,1,1 x NVIDIA GeForce RTX 5090,9.2986,48.7383,60.81614303588867,machine,0.0,0.0,0.0,0.0,N
dynamics_model_update_10,2026-09-15T04:15:49,mbpo_Ant-v5_seed85062,0db152d4-41ed-4568-9813-89713bac8b20,13.318925136998587,0.0001704558262823298,1.2798019885656283e-05,26.423643202323728,76.16114019782607,20.0,8.119343356580155e-05,0.00029226467825593794,7.399122872775487e-05,0.0004474493405494939,0.0,Germany,DEU,baden-wurttemberg,,,Linux-7.0.0-31-generic-x86_64-with-glibc2.43,3.14.4,3.3.0,24,Intel(R) Core(TM) Ultra 9 285K,1,1 x NVIDIA GeForce RTX 5090,9.2986,48.7383,60.81614303588867,machine,0.0,0.0,0.0,0.0,N
rollout_10,2026-09-15T04:15:50,mbpo_Ant-v5_seed85062,0db152d4-41ed-4568-9813-89713bac8b20,0.37047185100527713,4.814718326714637e-06,1.2995936405977207e-05,26.420359245399546,76.1681611443328,20.0,2.7190266196630564e-06,7.863617402126266e-06,2.0560705778027797e-06,1.2638714599591885e-05,0.0,Germany,DEU,baden-wurttemberg,,,Linux-7.0.0-31-generic-x86_64-with-glibc2.43,3.14.4,3.3.0,24,Intel(R) Core(TM) Ultra 9 285K,1,1 x NVIDIA GeForce RTX 5090,9.2986,48.7383,60.81614303588867,machine,0.0,0.0,0.0,0.0,N
synthetic_rollout_generation_10,2026-09-15T04:15:50,mbpo_Ant-v5_seed85062,0db152d4-41ed-4568-9813-89713bac8b20,0.008611979996203445,4.477096760598792e-08,5.198038745116778e-06,26.376928698061562,74.51233155423861,20.0,7.229255783586241e-08,0.0,4.523196665915524e-08,1.175245244941503e-07,0.0,Germany,DEU,baden-wurttemberg,,,Linux-7.0.0-31-generic-x86_64-with-glibc2.43,3.14.4,3.3.0,24,Intel(R) Core(TM) Ultra 9 285K,1,1 x NVIDIA GeForce RTX 5090,9.2986,48.7383,60.81614303588867,machine,0.0,0.0,0.0,0.0,N
gradient_updates_10,2026-09-15T04:16:06,mbpo_Ant-v5_seed85062,0db152d4-41ed-4568-9813-89713bac8b20,16.440730955997424,0.0002574926444694212,1.566187934427095e-05,26.334609120403083,75.14315211603714,20.0,0.00010886616514842185,0.0004757145472378266,9.134170386108356e-05,0.0006759224162473324,0.0,Germany,DEU,baden-wurttemberg,,,Linux-7.0.0-31-generic-x86_64-with-glibc2.43,3.14.4,3.3.0,24,Intel(R) Core(TM) Ultra 9 285K,1,1 x NVIDIA GeForce RTX 5090,9.2986,48.7383,60.81614303588867,machine,0.0,0.0,0.0,0.0,N
dynamics_model_update_11,2026-09-15T04:16:14,mbpo_Ant-v5_seed85062,0db152d4-41ed-4568-9813-89713bac8b20,7.431183758999396,9.530286793056966e-05,1.2824695842151184e-05,26.27748668231597,75.22953267103131,20.0,4.5232345630294435e-05,0.00016365846425991926,4.128078199998222e-05,0.00025017159189019526,0.0,Germany,DEU,baden-wurttemberg,,,Linux-7.0.0-31-generic-x86_64-with-glibc2.43,3.14.4,3.3.0,24,Intel(R) Core(TM) Ultra 9 285K,1,1 x NVIDIA GeForce RTX 5090,9.2986,48.7383,60.81614303588867,machine,0.0,0.0,0.0,0.0,N
rollout_11,2026-09-15T04:16:14,mbpo_Ant-v5_seed85062,0db152d4-41ed-4568-9813-89713bac8b20,0.3670891980000306,4.80382237492364e-06,1.3086180975183908e-05,26.285788153520084,75.26403006218662,20.0,2.7362349667714447e-06,7.836672936134548e-06,2.03720464447138e-06,1.2610112547377372e-05,0.0,Germany,DEU,baden-wurttemberg,,,Linux-7.0.0-31-generic-x86_64-with-glibc2.43,3.14.4,3.3.0,24,Intel(R) Core(TM) Ultra 9 285K,1,1 x NVIDIA GeForce RTX 5090,9.2986,48.7383,60.81614303588867,machine,0.0,0.0,0.0,0.0,N
synthetic_rollout_generation_11,2026-09-15T04:16:14,mbpo_Ant-v5_seed85062,0db152d4-41ed-4568-9813-89713bac8b20,0.00860476500383811,4.421730704067678e-08,5.137153271368858e-06,26.236107041045415,73.7587494609429,20.0,7.056338978406185e-08,0.0,4.55077666427009e-08,1.1607115642763011e-07,0.0,Germany,DEU,baden-wurttemberg,,,Linux-7.0.0-31-generic-x86_64-with-glibc2.43,3.14.4,3.3.0,24,Intel(R) Core(TM) Ultra 9 285K,1,1 x NVIDIA GeForce RTX 5090,9.2986,48.7383,60.81614303588867,machine,0.0,0.0,0.0,0.0,N
gradient_updates_11,2026-09-15T04:16:30,mbpo_Ant-v5_seed85062,0db152d4-41ed-4568-9813-89713bac8b20,16.467941719994997,0.00026164212847722655,1.5887968509020208e-05,26.190051122262993,74.36885044079295,20.0,0.00011555365688729197,0.0004797676060361855,9.149361692224267e-05,0.0006868148798457197,0.0,Germany,DEU,baden-wurttemberg,,,Linux-7.0.0-31-generic-x86_64-with-glibc2.43,3.14.4,3.3.0,24,Intel(R) Core(TM) Ultra 9 285K,1,1 x NVIDIA GeForce RTX 5090,9.2986,48.7383,60.81614303588867,machine,0.0,0.0,0.0,0.0,N
dynamics_model_update_12,2026-09-15T04:16:38,mbpo_Ant-v5_seed85062,0db152d4-41ed-4568-9813-89713bac8b20,7.146159292999073,9.31519760337526e-05,1.3035268110635437e-05,26.16765123298205,74.47274386374505,20.0,4.64882266349928e-05,0.00015833929333775032,3.9697945400015214e-05,0.00024452546537275834,0.0,Germany,DEU,baden-wurttemberg,,,Linux-7.0.0-31-generic-x86_64-with-glibc2.43,3.14.4,3.3.0,24,Intel(R) Core(TM) Ultra 9 285K,1,1 x NVIDIA GeForce RTX 5090,9.2986,48.7383,60.81614303588867,machine,0.0,0.0,0.0,0.0,N
rollout_12,2026-09-15T04:16:38,mbpo_Ant-v5_seed85062,0db152d4-41ed-4568-9813-89713bac8b20,0.35748054899886483,5.0711692197030755e-06,1.418561043943139e-05,26.323121785433038,74.56819992047777,20.0,3.436781916089926e-06,7.891117423941552e-06,1.984003061079615e-06,1.3311902401110659e-05,0.0,Germany,DEU,baden-wurttemberg,,,Linux-7.0.0-31-generic-x86_64-with-glibc2.43,3.14.4,3.3.0,24,Intel(R) Core(TM) Ultra 9 285K,1,1 x NVIDIA GeForce RTX 5090,9.2986,48.7383,60.81614303588867,machine,0.0,0.0,0.0,0.0,N
synthetic_rollout_generation_12,2026-09-15T04:16:38,mbpo_Ant-v5_seed85062,0db152d4-41ed-4568-9813-89713bac8b20,0.008524081997165922,4.6859889551997824e-08,5.495292819512334e-06,26.32510405518203,73.18730732935781,20.0,7.775172886775872e-08,0.0,4.5256250006189824e-08,1.2300797887394854e-07,0.0,Germany,DEU,baden-wurttemberg,,,Linux-7.0.0-31-generic-x86_64-with-glibc2.43,3.14.4,3.3.0,24,Intel(R) Core(TM) Ultra 9 285K,1,1 x NVIDIA GeForce RTX 5090,9.2986,48.7383,60.81614303588867,machine,0.0,0.0,0.0,0.0,N
gradient_updates_12,2026-09-15T04:16:54,mbpo_Ant-v5_seed85062,0db152d4-41ed-4568-9813-89713bac8b20,16.301149261998944,0.0002593215445520578,1.5908182702069237e-05,26.326861947416884,73.74836387594267,20.0,0.00011904823551629751,0.0004711159324479741,9.05591410055623e-05,0.0006807233089698335,0.0,Germany,DEU,baden-wurttemberg,,,Linux-7.0.0-31-generic-x86_64-with-glibc2.43,3.14.4,3.3.0,24,Intel(R) Core(TM) Ultra 9 285K,1,1 x NVIDIA GeForce RTX 5090,9.2986,48.7383,60.81614303588867,machine,0.0,0.0,0.0,0.0,N
dynamics_model_update_13,2026-09-15T04:17:04,mbpo_Ant-v5_seed85062,0db152d4-41ed-4568-9813-89713bac8b20,9.733390353998402,0.0001274227312237225,1.30912665845367e-05,26.324144927388286,73.83421627239531,20.0,6.803190359214173e-05,0.00021238350324015443,5.4071353172225126e-05,0.0003344867600045213,0.0,Germany,DEU,baden-wurttemberg,,,Linux-7.0.0-31-generic-x86_64-with-glibc2.43,3.14.4,3.3.0,24,Intel(R) Core(TM) Ultra 9 285K,1,1 x NVIDIA GeForce RTX 5090,9.2986,48.7383,60.81614303588867,machine,0.0,0.0,0.0,0.0,N
rollout_13,2026-09-15T04:17:04,mbpo_Ant-v5_seed85062,0db152d4-41ed-4568-9813-89713bac8b20,0.3512890760030132,4.978643823491148e-06,1.4172416255171742e-05,26.46258034680681,73.935563836721,20.0,3.358165464310836e-06,7.76139509817142e-06,1.949461155567947e-06,1.3069021718050203e-05,0.0,Germany,DEU,baden-wurttemberg,,,Linux-7.0.0-31-generic-x86_64-with-glibc2.43,3.14.4,3.3.0,24,Intel(R) Core(TM) Ultra 9 285K,1,1 x NVIDIA GeForce RTX 5090,9.2986,48.7383,60.81614303588867,machine,0.0,0.0,0.0,0.0,N
synthetic_rollout_generation_13,2026-09-15T04:17:04,mbpo_Ant-v5_seed85062,0db152d4-41ed-4568-9813-89713bac8b20,0.008678678001160733,4.776603256591988e-08,5.505463913963555e-06,26.466735290931304,72.66081273608789,20.0,7.946423024457472e-08,0.0,4.592238890630679e-08,1.2538661915174887e-07,0.0,Germany,DEU,baden-wurttemberg,,,Linux-7.0.0-31-generic-x86_64-with-glibc2.43,3.14.4,3.3.0,24,Intel(R) Core(TM) Ultra 9 285K,1,1 x NVIDIA GeForce RTX 5090,9.2986,48.7383,60.81614303588867,machine,0.0,0.0,0.0,0.0,N
gradient_updates_13,2026-09-15T04:17:21,mbpo_Ant-v5_seed85062,0db152d4-41ed-4568-9813-89713bac8b20,16.342470124996908,0.00025744439009100107,1.5753093063863795e-05,26.470561817052797,73.16410336489547,20.0,0.00012038380102918911,0.00046462537169977836,9.078657498333377e-05,0.0006757957477123017,0.0,Germany,DEU,baden-wurttemberg,,,Linux-7.0.0-31-generic-x86_64-with-glibc2.43,3.14.4,3.3.0,24,Intel(R) Core(TM) Ultra 9 285K,1,1 x NVIDIA GeForce RTX 5090,9.2986,48.7383,60.81614303588867,machine,0.0,0.0,0.0,0.0,N
dynamics_model_update_14,2026-09-15T04:17:28,mbpo_Ant-v5_seed85062,0db152d4-41ed-4568-9813-89713bac8b20,6.955176550000033,9.068848132619874e-05,1.3038996120385475e-05,26.467981821861642,73.24638097472953,20.0,4.8541445499789004e-05,0.00015088039848198953,3.8636907366688174e-05,0.00023805875134846714,0.0,Germany,DEU,baden-wurttemberg,,,Linux-7.0.0-31-generic-x86_64-with-glibc2.43,3.14.4,3.3.0,24,Intel(R) Core(TM) Ultra 9 285K,1,1 x NVIDIA GeForce RTX 5090,9.2986,48.7383,60.81614303588867,machine,0.0,0.0,0.0,0.0,N
rollout_14,2026-09-15T04:17:28,mbpo_Ant-v5_seed85062,0db152d4-41ed-4568-9813-89713bac8b20,0.35589521400106605,4.214019623072045e-06,1.1840655270017451e-05,26.594750885978563,72.9892940586247,20.0,3.4009577207644304e-06,5.6858378820745514e-06,1.9750750444168415e-06,1.106187064725539e-05,0.0,Germany,DEU,baden-wurttemberg,,,Linux-7.0.0-31-generic-x86_64-with-glibc2.43,3.14.4,3.3.0,24,Intel(R) Core(TM) Ultra 9 285K,1,1 x NVIDIA GeForce RTX 5090,9.2986,48.7383,60.81614303588867,machine,0.0,0.0,0.0,0.0,N
synthetic_rollout_generation_14,2026-09-15T04:17:28,mbpo_Ant-v5_seed85062,0db152d4-41ed-4568-9813-89713bac8b20,0.008638628998596687,4.748115637037004e-08,5.495352196471638e-06,26.53049331359118,71.81204738025977,20.0,7.363200335563924e-08,0.0,5.1006811109879924e-08,1.2463881446551917e-07,0.0,Germany,DEU,baden-wurttemberg,,,Linux-7.0.0-31-generic-x86_64-with-glibc2.43,3.14.4,3.3.0,24,Intel(R) Core(TM) Ultra 9 285K,1,1 x NVIDIA GeForce RTX 5090,9.2986,48.7383,60.81614303588867,machine,0.0,0.0,0.0,0.0,N
gradient_updates_14,2026-09-15T04:17:44,mbpo_Ant-v5_seed85062,0db152d4-41ed-4568-9813-89713bac8b20,16.43124002800323,0.00025384642608043944,1.5449017900718126e-05,26.469828265979835,72.28678636414652,20.0,0.00011080401086536323,0.00046426509363417523,9.128192865557336e-05,0.0006663510331551114,0.0,Germany,DEU,baden-wurttemberg,,,Linux-7.0.0-31-generic-x86_64-with-glibc2.43,3.14.4,3.3.0,24,Intel(R) Core(TM) Ultra 9 285K,1,1 x NVIDIA GeForce RTX 5090,9.2986,48.7383,60.81614303588867,machine,0.0,0.0,0.0,0.0,N
dynamics_model_update_15,2026-09-15T04:17:58,mbpo_Ant-v5_seed85062,0db152d4-41ed-4568-9813-89713bac8b20,13.239312619996781,0.00016689814286912578,1.2606237762610775e-05,26.434894964854237,72.33558090365368,20.0,8.724655063051256e-05,0.0002773152218518149,7.354859073889714e-05,0.00043811036322122417,0.0,Germany,DEU,baden-wurttemberg,,,Linux-7.0.0-31-generic-x86_64-with-glibc2.43,3.14.4,3.3.0,24,Intel(R) Core(TM) Ultra 9 285K,1,1 x NVIDIA GeForce RTX 5090,9.2986,48.7383,60.81614303588867,machine,0.0,0.0,0.0,0.0,N
rollout_15,2026-09-15T04:17:58,mbpo_Ant-v5_seed85062,0db152d4-41ed-4568-9813-89713bac8b20,0.36961339700064855,4.684562233138977e-06,1.267399201253915e-05,26.443288788033836,72.341448445085,20.0,2.7856394507266846e-06,7.4600059678520125e-06,2.051407299990919e-06,1.2297052718568749e-05,0.0,Germany,DEU,baden-wurttemberg,,,Linux-7.0.0-31-generic-x86_64-with-glibc2.43,3.14.4,3.3.0,24,Intel(R) Core(TM) Ultra 9 285K,1,1 x NVIDIA GeForce RTX 5090,9.2986,48.7383,60.81614303588867,machine,0.0,0.0,0.0,0.0,N
synthetic_rollout_generation_15,2026-09-15T04:17:58,mbpo_Ant-v5_seed85062,0db152d4-41ed-4568-9813-89713bac8b20,0.008654518002003897,4.673888893535344e-08,5.40091528102776e-06,26.43257489238065,71.24536589288675,20.0,7.673478360364916e-08,0.0,4.595556666675896e-08,1.2269035026997444e-07,0.0,Germany,DEU,baden-wurttemberg,,,Linux-7.0.0-31-generic-x86_64-with-glibc2.43,3.14.4,3.3.0,24,Intel(R) Core(TM) Ultra 9 285K,1,1 x NVIDIA GeForce RTX 5090,9.2986,48.7383,60.81614303588867,machine,0.0,0.0,0.0,0.0,N
gradient_updates_15,2026-09-15T04:18:15,mbpo_Ant-v5_seed85062,0db152d4-41ed-4568-9813-89713bac8b20,16.781259351999324,0.00026015115541039475,1.550248442098718e-05,26.42273089228994,71.67657726033333,20.0,0.0001229034294337808,0.000466771206750094,9.322641489998207e-05,0.0006829010510838555,0.0,Germany,DEU,baden-wurttemberg,,,Linux-7.0.0-31-generic-x86_64-with-glibc2.43,3.14.4,3.3.0,24,Intel(R) Core(TM) Ultra 9 285K,1,1 x NVIDIA GeForce RTX 5090,9.2986,48.7383,60.81614303588867,machine,0.0,0.0,0.0,0.0,N
dynamics_model_update_16,2026-09-15T04:18:20,mbpo_Ant-v5_seed85062,0db152d4-41ed-4568-9813-89713bac8b20,4.779298841996933,6.0298679162746303e-05,1.2616646129357269e-05,26.41207803373596,71.74292070059747,20.0,3.060156642567535e-05,0.00010113508090792145,2.654837474999833e-05,0.00015828502208359643,0.0,Germany,DEU,baden-wurttemberg,,,Linux-7.0.0-31-generic-x86_64-with-glibc2.43,3.14.4,3.3.0,24,Intel(R) Core(TM) Ultra 9 285K,1,1 x NVIDIA GeForce RTX 5090,9.2986,48.7383,60.81614303588867,machine,0.0,0.0,0.0,0.0,N
rollout_16,2026-09-15T04:18:20,mbpo_Ant-v5_seed85062,0db152d4-41ed-4568-9813-89713bac8b20,0.36212561299907975,4.546474863508995e-06,1.2554820848844998e-05,26.40700708890749,71.75508177141543,20.0,2.636544609233016e-06,7.2897280540829e-06,2.0082984444648455e-06,1.1934571107780761e-05,0.0,Germany,DEU,baden-wurttemberg,,,Linux-7.0.0-31-generic-x86_64-with-glibc2.43,3.14.4,3.3.0,24,Intel(R) Core(TM) Ultra 9 285K,1,1 x NVIDIA GeForce RTX 5090,9.2986,48.7383,60.81614303588867,machine,0.0,0.0,0.0,0.0,N
synthetic_rollout_generation_16,2026-09-15T04:18:20,mbpo_Ant-v5_seed85062,0db152d4-41ed-4568-9813-89713bac8b20,0.0088442260021111,4.551986903210403e-08,5.147046175111599e-06,26.374555594570232,70.73000917468093,20.0,7.324200303193695e-08,0.0,4.624839999032085e-08,1.1949040302355884e-07,0.0,Germany,DEU,baden-wurttemberg,,,Linux-7.0.0-31-generic-x86_64-with-glibc2.43,3.14.4,3.3.0,24,Intel(R) Core(TM) Ultra 9 285K,1,1 x NVIDIA GeForce RTX 5090,9.2986,48.7383,60.81614303588867,machine,0.0,0.0,0.0,0.0,N
gradient_updates_16,2026-09-15T04:18:36,mbpo_Ant-v5_seed85062,0db152d4-41ed-4568-9813-89713bac8b20,16.352527895993262,0.00025578390713787424,1.5641862019468903e-05,26.34548533702648,71.15216054243787,20.0,0.00012317345853869038,0.0004574186992680751,9.08447949111075e-05,0.0006714369527178743,0.0,Germany,DEU,baden-wurttemberg,,,Linux-7.0.0-31-generic-x86_64-with-glibc2.43,3.14.4,3.3.0,24,Intel(R) Core(TM) Ultra 9 285K,1,1 x NVIDIA GeForce RTX 5090,9.2986,48.7383,60.81614303588867,machine,0.0,0.0,0.0,0.0,N
dynamics_model_update_17,2026-09-15T04:18:41,mbpo_Ant-v5_seed85062,0db152d4-41ed-4568-9813-89713bac8b20,4.810951715000556,6.086177901580992e-05,1.2650617577301953e-05,26.351347676728384,71.19398380801191,20.0,3.3938047150419703e-05,9.910063483586917e-05,2.6724486450014923e-05,0.00015976316843630337,0.0,Germany,DEU,baden-wurttemberg,,,Linux-7.0.0-31-generic-x86_64-with-glibc2.43,3.14.4,3.3.0,24,Intel(R) Core(TM) Ultra 9 285K,1,1 x NVIDIA GeForce RTX 5090,9.2986,48.7383,60.81614303588867,machine,0.0,0.0,0.0,0.0,N
rollout_17,2026-09-15T04:18:42,mbpo_Ant-v5_seed85062,0db152d4-41ed-4568-9813-89713bac8b20,0.35207627799536567,4.844526394331278e-06,1.375982816016815e-05,26.46142134325454,71.25353884335273,20.0,3.3823757614598327e-06,7.380839238013692e-06,1.953746266655093e-06,1.2716961266128618e-05,0.0,Germany,DEU,baden-wurttemberg,,,Linux-7.0.0-31-generic-x86_64-with-glibc2.43,3.14.4,3.3.0,24,Intel(R) Core(TM) Ultra 9 285K,1,1 x NVIDIA GeForce RTX 5090,9.2986,48.7383,60.81614303588867,machine,0.0,0.0,0.0,0.0,N
synthetic_rollout_generation_17,2026-09-15T04:18:42,mbpo_Ant-v5_seed85062,0db152d4-41ed-4568-9813-89713bac8b20,0.008590003999415785,4.476393483145158e-08,5.20916336654104e-06,26.434438237732742,70.29065318330743,20.0,7.222478000390442e-08,0.0,4.528128334227097e-08,1.1750606334487435e-07,0.0,Germany,DEU,baden-wurttemberg,,,Linux-7.0.0-31-generic-x86_64-with-glibc2.43,3.14.4,3.3.0,24,Intel(R) Core(TM) Ultra 9 285K,1,1 x NVIDIA GeForce RTX 5090,9.2986,48.7383,60.81614303588867,machine,0.0,0.0,0.0,0.0,N
gradient_updates_17,2026-09-15T04:18:58,mbpo_Ant-v5_seed85062,0db152d4-41ed-4568-9813-89713bac8b20,16.456240785999398,0.00025546026713911974,1.5523614760418295e-05,26.40996836510287,70.68609048408376,20.0,0.00012230036922911136,0.00045686703216007984,9.141999102220237e-05,0.0006705873924113918,0.0,Germany,DEU,baden-wurttemberg,,,Linux-7.0.0-31-generic-x86_64-with-glibc2.43,3.14.4,3.3.0,24,Intel(R) Core(TM) Ultra 9 285K,1,1 x NVIDIA GeForce RTX 5090,9.2986,48.7383,60.81614303588867,machine,0.0,0.0,0.0,0.0,N
dynamics_model_update_18,2026-09-15T04:19:04,mbpo_Ant-v5_seed85062,0db152d4-41ed-4568-9813-89713bac8b20,5.635832142994332,6.866590373620987e-05,1.2183818198224057e-05,26.40463963186141,70.714764819966,20.0,3.487922484780859e-05,0.0001140625912501303,3.130730776663548e-05,0.00018024912386457523,0.0,Germany,DEU,baden-wurttemberg,,,Linux-7.0.0-31-generic-x86_64-with-glibc2.43,3.14.4,3.3.0,24,Intel(R) Core(TM) Ultra 9 285K,1,1 x NVIDIA GeForce RTX 5090,9.2986,48.7383,60.81614303588867,machine,0.0,0.0,0.0,0.0,N
rollout_18,2026-09-15T04:19:04,mbpo_Ant-v5_seed85062,0db152d4-41ed-4568-9813-89713bac8b20,0.36434081900370074,4.590951829570519e-06,1.2600918205102304e-05,26.417146660879304,70.7267805986073,20.0,2.7855380617669567e-06,7.243894683872654e-06,2.0218911277575767e-06,1.2051323873395886e-05,0.0,Germany,DEU,baden-wurttemberg,,,Linux-7.0.0-31-generic-x86_64-with-glibc2.43,3.14.4,3.3.0,24,Intel(R) Core(TM) Ultra 9 285K,1,1 x NVIDIA GeForce RTX 5090,9.2986,48.7383,60.81614303588867,machine,0.0,0.0,0.0,0.0,N
synthetic_rollout_generation_18,2026-09-15T04:19:04,mbpo_Ant-v5_seed85062,0db152d4-41ed-4568-9813-89713bac8b20,0.010997514000337105,5.978224684732858e-08,5.436248138491484e-06,26.427631329402374,69.82002700118926,20.0,9.850396769789382e-08,0.0,5.8425411083792844e-08,1.569293787834214e-07,0.0,Germany,DEU,baden-wurttemberg,,,Linux-7.0.0-31-generic-x86_64-with-glibc2.43,3.14.4,3.3.0,24,Intel(R) Core(TM) Ultra 9 285K,1,1 x NVIDIA GeForce RTX 5090,9.2986,48.7383,60.81614303588867,machine,0.0,0.0,0.0,0.0,N
gradient_updates_18,2026-09-15T04:19:21,mbpo_Ant-v5_seed85062,0db152d4-41ed-4568-9813-89713bac8b20,17.196966147996136,0.00026239466608766245,1.5258197003675402e-05,26.437483743832257,70.17011396407554,20.0,0.00012762284598708679,0.0004656312058379797,9.553625159444169e-05,0.0006887903034195099,0.0,Germany,DEU,baden-wurttemberg,,,Linux-7.0.0-31-generic-x86_64-with-glibc2.43,3.14.4,3.3.0,24,Intel(R) Core(TM) Ultra 9 285K,1,1 x NVIDIA GeForce RTX 5090,9.2986,48.7383,60.81614303588867,machine,0.0,0.0,0.0,0.0,N
dynamics_model_update_19,2026-09-15T04:19:27,mbpo_Ant-v5_seed85062,0db152d4-41ed-4568-9813-89713bac8b20,6.1422529550036415,8.119717832044682e-05,1.3219397181201031e-05,26.447443927172714,70.22501437201558,20.0,5.181660339769606e-05,0.00012720676843192003,3.412055341108899e-05,0.00021314392524070594,0.0,Germany,DEU,baden-wurttemberg,,,Linux-7.0.0-31-generic-x86_64-with-glibc2.43,3.14.4,3.3.0,24,Intel(R) Core(TM) Ultra 9 285K,1,1 x NVIDIA GeForce RTX 5090,9.2986,48.7383,60.81614303588867,machine,0.0,0.0,0.0,0.0,N
rollout_19,2026-09-15T04:19:28,mbpo_Ant-v5_seed85062,0db152d4-41ed-4568-9813-89713bac8b20,0.35699753500375664,4.857458755774292e-06,1.3606169032598282e-05,26.55080110734822,70.26727139105039,20.0,3.4727247226196134e-06,7.296950282231762e-06,1.981233922237341e-06,1.2750908927088717e-05,0.0,Germany,DEU,baden-wurttemberg,,,Linux-7.0.0-31-generic-x86_64-with-glibc2.43,3.14.4,3.3.0,24,Intel(R) Core(TM) Ultra 9 285K,1,1 x NVIDIA GeForce RTX 5090,9.2986,48.7383,60.81614303588867,machine,0.0,0.0,0.0,0.0,N
synthetic_rollout_generation_19,2026-09-15T04:19:28,mbpo_Ant-v5_seed85062,0db152d4-41ed-4568-9813-89713bac8b20,0.011042972000723239,6.063020197705216e-08,5.492096947129351e-06,26.565562532713916,69.4103534472571,20.0,1.0057202490254546e-07,0.0,5.858325000888259e-08,1.591552749105607e-07,0.0,Germany,DEU,baden-wurttemberg,,,Linux-7.0.0-31-generic-x86_64-with-glibc2.43,3.14.4,3.3.0,24,Intel(R) Core(TM) Ultra 9 285K,1,1 x NVIDIA GeForce RTX 5090,9.2986,48.7383,60.81614303588867,machine,0.0,0.0,0.0,0.0,N
gradient_updates_19,2026-09-15T04:19:45,mbpo_Ant-v5_seed85062,0db152d4-41ed-4568-9813-89713bac8b20,17.603492838999955,0.0002629048681616567,1.4934818462293331e-05,26.57812402843442,69.73226344929763,20.0,0.0001222895864426976,0.0004700456538138109,9.77943519777911e-05,0.0006901295922343009,0.0,Germany,DEU,baden-wurttemberg,,,Linux-7.0.0-31-generic-x86_64-with-glibc2.43,3.14.4,3.3.0,24,Intel(R) Core(TM) Ultra 9 285K,1,1 x NVIDIA GeForce RTX 5090,9.2986,48.7383,60.81614303588867,machine,0.0,0.0,0.0,0.0,N
dynamics_model_update_20,2026-09-15T04:19:55,mbpo_Ant-v5_seed85062,0db152d4-41ed-4568-9813-89713bac8b20,9.731540505999874,0.00011992788744749194,1.2323639725869667e-05,26.557424611628033,69.77257447921097,20.0,6.310634104059187e-05,0.00019764515811604433,5.406117297223137e-05,0.00031481267212886757,0.0,Germany,DEU,baden-wurttemberg,,,Linux-7.0.0-31-generic-x86_64-with-glibc2.43,3.14.4,3.3.0,24,Intel(R) Core(TM) Ultra 9 285K,1,1 x NVIDIA GeForce RTX 5090,9.2986,48.7383,60.81614303588867,machine,0.0,0.0,0.0,0.0,N
rollout_20,2026-09-15T04:19:55,mbpo_Ant-v5_seed85062,0db152d4-41ed-4568-9813-89713bac8b20,0.37060123099945486,4.590399364897552e-06,1.2386339092423221e-05,26.559954208468998,69.77788828969095,20.0,2.771160550252283e-06,7.222227999870157e-06,2.0564850944436268e-06,1.20498736445665e-05,0.0,Germany,DEU,baden-wurttemberg,,,Linux-7.0.0-31-generic-x86_64-with-glibc2.43,3.14.4,3.3.0,24,Intel(R) Core(TM) Ultra 9 285K,1,1 x NVIDIA GeForce RTX 5090,9.2986,48.7383,60.81614303588867,machine,0.0,0.0,0.0,0.0,N
synthetic_rollout_generation_20,2026-09-15T04:19:55,mbpo_Ant-v5_seed85062,0db152d4-41ed-4568-9813-89713bac8b20,0.011273958996753208,5.9277012582313604e-08,5.2589887606778845e-06,26.54020624495939,68.96651749562479,20.0,9.37564639050259e-08,0.0,6.184666664129507e-08,1.5560313054718833e-07,0.0,Germany,DEU,baden-wurttemberg,,,Linux-7.0.0-31-generic-x86_64-with-glibc2.43,3.14.4,3.3.0,24,Intel(R) Core(TM) Ultra 9 285K,1,1 x NVIDIA GeForce RTX 5090,9.2986,48.7383,60.81614303588867,machine,0.0,0.0,0.0,0.0,N
gradient_updates_20,2026-09-15T04:20:12,mbpo_Ant-v5_seed85062,0db152d4-41ed-4568-9813-89713bac8b20,16.32201301200257,0.0002515072152469546,1.5409088182073898e-05,26.522347281166795,69.3075058888517,20.0,0.00012235765733049214,0.0004471778577421759,9.067505126662996e-05,0.0006602105663392963,0.0,Germany,DEU,baden-wurttemberg,,,Linux-7.0.0-31-generic-x86_64-with-glibc2.43,3.14.4,3.3.0,24,Intel(R) Core(TM) Ultra 9 285K,1,1 x NVIDIA GeForce RTX 5090,9.2986,48.7383,60.81614303588867,machine,0.0,0.0,0.0,0.0,N
dynamics_model_update_21,2026-09-15T04:20:20,mbpo_Ant-v5_seed85062,0db152d4-41ed-4568-9813-89713bac8b20,8.274189518997446,0.00010249050431502572,1.2386756347770757e-05,26.525381330598986,69.33593923474807,20.0,5.8013322243956333e-05,0.00016505596537830236,4.596996770002675e-05,0.0002690392553222863,0.0,Germany,DEU,baden-wurttemberg,,,Linux-7.0.0-31-generic-x86_64-with-glibc2.43,3.14.4,3.3.0,24,Intel(R) Core(TM) Ultra 9 285K,1,1 x NVIDIA GeForce RTX 5090,9.2986,48.7383,60.81614303588867,machine,0.0,0.0,0.0,0.0,N
rollout_21,2026-09-15T04:20:20,mbpo_Ant-v5_seed85062,0db152d4-41ed-4568-9813-89713bac8b20,0.36750541599758435,4.536583007226994e-06,1.2344033701589327e-05,26.520750524277105,69.3486189268009,20.0,2.6807271445855596e-06,7.188061305951621e-06,2.0398163722147415e-06,1.1908604822752356e-05,0.0,Germany,DEU,baden-wurttemberg,,,Linux-7.0.0-31-generic-x86_64-with-glibc2.43,3.14.4,3.3.0,24,Intel(R) Core(TM) Ultra 9 285K,1,1 x NVIDIA GeForce RTX 5090,9.2986,48.7383,60.81614303588867,machine,0.0,0.0,0.0,0.0,N
synthetic_rollout_generation_21,2026-09-15T04:20:20,mbpo_Ant-v5_seed85062,0db152d4-41ed-4568-9813-89713bac8b20,0.01117061900004046,5.827579538895955e-08,5.216497622810008e-06,26.506826188033518,68.5780787165031,20.0,9.316313008544963e-08,0.0,5.981178890362981e-08,1.5297491898907944e-07,0.0,Germany,DEU,baden-wurttemberg,,,Linux-7.0.0-31-generic-x86_64-with-glibc2.43,3.14.4,3.3.0,24,Intel(R) Core(TM) Ultra 9 285K,1,1 x NVIDIA GeForce RTX 5090,9.2986,48.7383,60.81614303588867,machine,0.0,0.0,0.0,0.0,N
gradient_updates_21,2026-09-15T04:20:37,mbpo_Ant-v5_seed85062,0db152d4-41ed-4568-9813-89713bac8b20,16.50178498999594,0.0002506023263291624,1.5186383006647509e-05,26.49346207098665,68.8997595973912,20.0,0.00011763925827799893,0.00044852202548395503,9.16739343222112e-05,0.0006578352180841643,0.0,Germany,DEU,baden-wurttemberg,,,Linux-7.0.0-31-generic-x86_64-with-glibc2.43,3.14.4,3.3.0,24,Intel(R) Core(TM) Ultra 9 285K,1,1 x NVIDIA GeForce RTX 5090,9.2986,48.7383,60.81614303588867,machine,0.0,0.0,0.0,0.0,N
dynamics_model_update_22,2026-09-15T04:20:44,mbpo_Ant-v5_seed85062,0db152d4-41ed-4568-9813-89713bac8b20,6.6570378269971116,8.076101326504742e-05,1.213168598710067e-05,26.4783980014561,68.9427695432363,20.0,4.0302443075262984e-05,0.00013471594110581186,3.698060063333196e-05,0.00021199898481440507,0.0,Germany,DEU,baden-wurttemberg,,,Linux-7.0.0-31-generic-x86_64-with-glibc2.43,3.14.4,3.3.0,24,Intel(R) Core(TM) Ultra 9 285K,1,1 x NVIDIA GeForce RTX 5090,9.2986,48.7383,60.81614303588867,machine,0.0,0.0,0.0,0.0,N
rollout_22,2026-09-15T04:20:44,mbpo_Ant-v5_seed85062,0db152d4-41ed-4568-9813-89713bac8b20,0.36771323699940694,3.816111236350228e-06,1.0377837358913019e-05,26.474962130276186,68.75886109195163,20.0,2.6868138161134647e-06,5.290004232216816e-06,2.0405365555539214e-06,1.0017354603885503e-05,0.0,Germany,DEU,baden-wurttemberg,,,Linux-7.0.0-31-generic-x86_64-with-glibc2.43,3.14.4,3.3.0,24,Intel(R) Core(TM) Ultra 9 285K,1,1 x NVIDIA GeForce RTX 5090,9.2986,48.7383,60.81614303588867,machine,0.0,0.0,0.0,0.0,N
synthetic_rollout_generation_22,2026-09-15T04:20:44,mbpo_Ant-v5_seed85062,0db152d4-41ed-4568-9813-89713bac8b20,0.016330885999195743,7.632391998187854e-07,4.6744924029639336e-05,26.49499458669732,72.29564276457049,20.0,1.4439872663557507e-07,1.7713903059934921e-06,8.77263888672021e-08,2.0035154214975703e-06,0.0,Germany,DEU,baden-wurttemberg,,,Linux-7.0.0-31-generic-x86_64-with-glibc2.43,3.14.4,3.3.0,24,Intel(R) Core(TM) Ultra 9 285K,1,1 x NVIDIA GeForce RTX 5090,9.2986,48.7383,60.81614303588867,machine,0.0,0.0,0.0,0.0,N
gradient_updates_22,2026-09-15T04:21:00,mbpo_Ant-v5_seed85062,0db152d4-41ed-4568-9813-89713bac8b20,16.236543813996832,0.0002491598786458233,1.5345621148684472e-05,26.5134573340966,72.57160260299771,20.0,0.00011955218147499669,0.0004442956332140202,9.02009545610781e-05,0.000654048769250095,0.0,Germany,DEU,baden-wurttemberg,,,Linux-7.0.0-31-generic-x86_64-with-glibc2.43,3.14.4,3.3.0,24,Intel(R) Core(TM) Ultra 9 285K,1,1 x NVIDIA GeForce RTX 5090,9.2986,48.7383,60.81614303588867,machine,0.0,0.0,0.0,0.0,N
dynamics_model_update_23,2026-09-15T04:21:07,mbpo_Ant-v5_seed85062,0db152d4-41ed-4568-9813-89713bac8b20,6.805505768999865,8.475503868793713e-05,1.2453852425621615e-05,26.511970134019702,72.56692400726884,20.0,4.8353169515832906e-05,0.00013632649794992346,3.780369961112022e-05,0.00022248336707687832,0.0,Germany,DEU,baden-wurttemberg,,,Linux-7.0.0-31-generic-x86_64-with-glibc2.43,3.14.4,3.3.0,24,Intel(R) Core(TM) Ultra 9 285K,1,1 x NVIDIA GeForce RTX 5090,9.2986,48.7383,60.81614303588867,machine,0.0,0.0,0.0,0.0,N
rollout_23,2026-09-15T04:21:07,mbpo_Ant-v5_seed85062,0db152d4-41ed-4568-9813-89713bac8b20,0.35755854800663656,4.800135829664473e-06,1.3424599802673616e-05,26.597230527060304,72.56502438859957,20.0,3.4745050018214485e-06,7.15056127598146e-06,1.9753690277866075e-06,1.2600435305588215e-05,0.0,Germany,DEU,baden-wurttemberg,,,Linux-7.0.0-31-generic-x86_64-with-glibc2.43,3.14.4,3.3.0,24,Intel(R) Core(TM) Ultra 9 285K,1,1 x NVIDIA GeForce RTX 5090,9.2986,48.7383,60.81614303588867,machine,0.0,0.0,0.0,0.0,N
synthetic_rollout_generation_23,2026-09-15T04:21:07,mbpo_Ant-v5_seed85062,0db152d4-41ed-4568-9813-89713bac8b20,0.017586328998731915,9.616623581482076e-08,5.469131342882159e-06,26.630799310304095,71.82456495606283,20.0,1.6262457454979673e-07,0.0,8.981337220291541e-08,2.524379467509774e-07,0.0,Germany,DEU,baden-wurttemberg,,,Linux-7.0.0-31-generic-x86_64-with-glibc2.43,3.14.4,3.3.0,24,Intel(R) Core(TM) Ultra 9 285K,1,1 x NVIDIA GeForce RTX 5090,9.2986,48.7383,60.81614303588867,machine,0.0,0.0,0.0,0.0,N
gradient_updates_23,2026-09-15T04:21:24,mbpo_Ant-v5_seed85062,0db152d4-41ed-4568-9813-89713bac8b20,16.25963314600085,0.00024989900063164885,1.5369294224807114e-05,26.6616481511554,72.09694066209943,20.0,0.00011948083836237772,0.00044617952361014623,9.032861461665681e-05,0.0006559889765891808,0.0,Germany,DEU,baden-wurttemberg,,,Linux-7.0.0-31-generic-x86_64-with-glibc2.43,3.14.4,3.3.0,24,Intel(R) Core(TM) Ultra 9 285K,1,1 x NVIDIA GeForce RTX 5090,9.2986,48.7383,60.81614303588867,machine,0.0,0.0,0.0,0.0,N
dynamics_model_update_24,2026-09-15T04:21:31,mbpo_Ant-v5_seed85062,0db152d4-41ed-4568-9813-89713bac8b20,7.047970949999581,8.734765381046908e-05,1.2393312256688949e-05,26.658403526755947,72.09170113498419,20.0,5.002156251721762e-05,0.00014011483431386473,3.9152627477799084e-05,0.00022928902430888187,0.0,Germany,DEU,baden-wurttemberg,,,Linux-7.0.0-31-generic-x86_64-with-glibc2.43,3.14.4,3.3.0,24,Intel(R) Core(TM) Ultra 9 285K,1,1 x NVIDIA GeForce RTX 5090,9.2986,48.7383,60.81614303588867,machine,0.0,0.0,0.0,0.0,N
rollout_24,2026-09-15T04:21:31,mbpo_Ant-v5_seed85062,0db152d4-41ed-4568-9813-89713bac8b20,0.3543686409975635,4.772141796553775e-06,1.3466435963841877e-05,26.742868544556345,72.0903998155975,20.0,3.4838297315042954e-06,7.076672327910316e-06,1.9664484499823907e-06,1.2526950509395701e-05,0.0,Germany,DEU,baden-wurttemberg,,,Linux-7.0.0-31-generic-x86_64-with-glibc2.43,3.14.4,3.3.0,24,Intel(R) Core(TM) Ultra 9 285K,1,1 x NVIDIA GeForce RTX 5090,9.2986,48.7383,60.81614303588867,machine,0.0,0.0,0.0,0.0,N
synthetic_rollout_generation_24,2026-09-15T04:21:31,mbpo_Ant-v5_seed85062,0db152d4-41ed-4568-9813-89713bac8b20,0.015632594004273415,8.482218966966715e-08,5.425921587057701e-06,26.760388608958756,71.38363118995437,20.0,1.3966844506635434e-07,0.0,8.299119443923308e-08,2.226596395038527e-07,0.0,Germany,DEU,baden-wurttemberg,,,Linux-7.0.0-31-generic-x86_64-with-glibc2.43,3.14.4,3.3.0,24,Intel(R) Core(TM) Ultra 9 285K,1,1 x NVIDIA GeForce RTX 5090,9.2986,48.7383,60.81614303588867,machine,0.0,0.0,0.0,0.0,N
gradient_updates_24,2026-09-15T04:21:47,mbpo_Ant-v5_seed85062,0db152d4-41ed-4568-9813-89713bac8b20,16.285501017999195,0.00025150448476046576,1.5443465354348047e-05,26.77673920058709,71.65041110494397,20.0,0.00012250985523003244,0.0004472203577763345,9.047318576109941e-05,0.0006602033987674651,0.0,Germany,DEU,baden-wurttemberg,,,Linux-7.0.0-31-generic-x86_64-with-glibc2.43,3.14.4,3.3.0,24,Intel(R) Core(TM) Ultra 9 285K,1,1 x NVIDIA GeForce RTX 5090,9.2986,48.7383,60.81614303588867,machine,0.0,0.0,0.0,0.0,N
dynamics_model_update_25,2026-09-15T04:21:55,mbpo_Ant-v5_seed85062,0db152d4-41ed-4568-9813-89713bac8b20,7.277105389999633,9.10642009638949e-05,1.251375969640363e-05,26.777899042494646,71.65973370047294,20.0,5.183157396523169e-05,0.00014678761742970003,4.042583016667387e-05,0.0002390450215616069,0.0,Germany,DEU,baden-wurttemberg,,,Linux-7.0.0-31-generic-x86_64-with-glibc2.43,3.14.4,3.3.0,24,Intel(R) Core(TM) Ultra 9 285K,1,1 x NVIDIA GeForce RTX 5090,9.2986,48.7383,60.81614303588867,machine,0.0,0.0,0.0,0.0,N
rollout_25,2026-09-15T04:21:55,mbpo_Ant-v5_seed85062,0db152d4-41ed-4568-9813-89713bac8b20,0.35657077499490697,4.069875048856933e-06,1.1414254165760485e-05,26.859950416800235,71.47566722000482,20.0,3.525791153966007e-06,5.178893032198317e-06,1.978804588886971e-06,1.0683488775052596e-05,0.0,Germany,DEU,baden-wurttemberg,,,Linux-7.0.0-31-generic-x86_64-with-glibc2.43,3.14.4,3.3.0,24,Intel(R) Core(TM) Ultra 9 285K,1,1 x NVIDIA GeForce RTX 5090,9.2986,48.7383,60.81614303588867,machine,0.0,0.0,0.0,0.0,N
synthetic_rollout_generation_25,2026-09-15T04:21:55,mbpo_Ant-v5_seed85062,0db152d4-41ed-4568-9813-89713bac8b20,0.015367410000180826,8.540186769399882e-08,5.5568775751179415e-06,26.86165564803604,70.80136847264629,20.0,1.3671872049064726e-07,0.0,8.746258334029963e-08,2.2418130382964585e-07,0.0,Germany,DEU,baden-wurttemberg,,,Linux-7.0.0-31-generic-x86_64-with-glibc2.43,3.14.4,3.3.0,24,Intel(R) Core(TM) Ultra 9 285K,1,1 x NVIDIA GeForce RTX 5090,9.2986,48.7383,60.81614303588867,machine,0.0,0.0,0.0,0.0,N
gradient_updates_25,2026-09-15T04:22:11,mbpo_Ant-v5_seed85062,0db152d4-41ed-4568-9813-89713bac8b20,16.303176606001216,0.0002514404339981971,1.5422794683897045e-05,26.863493985512797,71.05934275897924,20.0,0.00012383272212164453,0.00044563174539402617,9.05707969500024e-05,0.0006600352644656714,0.0,Germany,DEU,baden-wurttemberg,,,Linux-7.0.0-31-generic-x86_64-with-glibc2.43,3.14.4,3.3.0,24,Intel(R) Core(TM) Ultra 9 285K,1,1 x NVIDIA GeForce RTX 5090,9.2986,48.7383,60.81614303588867,machine,0.0,0.0,0.0,0.0,N
dynamics_model_update_26,2026-09-15T04:22:19,mbpo_Ant-v5_seed85062,0db152d4-41ed-4568-9813-89713bac8b20,7.4970639940002,9.325777476785341e-05,1.2439255601130338e-05,26.865950073597602,71.06718460329895,20.0,5.341912940193261e-05,0.0001497367864558008,4.164727292781112e-05,0.0002448031887855445,0.0,Germany,DEU,baden-wurttemberg,,,Linux-7.0.0-31-generic-x86_64-with-glibc2.43,3.14.4,3.3.0,24,Intel(R) Core(TM) Ultra 9 285K,1,1 x NVIDIA GeForce RTX 5090,9.2986,48.7383,60.81614303588867,machine,0.0,0.0,0.0,0.0,N
rollout_26,2026-09-15T04:22:19,mbpo_Ant-v5_seed85062,0db152d4-41ed-4568-9813-89713bac8b20,0.35635040600027423,4.794272728831511e-06,1.3453822009271878e-05,26.939655804764616,71.0770433049896,20.0,3.4741997238033062e-06,7.133616818144617e-06,1.977228027761832e-06,1.258504456971149e-05,0.0,Germany,DEU,baden-wurttemberg,,,Linux-7.0.0-31-generic-x86_64-with-glibc2.43,3.14.4,3.3.0,24,Intel(R) Core(TM) Ultra 9 285K,1,1 x NVIDIA GeForce RTX 5090,9.2986,48.7383,60.81614303588867,machine,0.0,0.0,0.0,0.0,N
synthetic_rollout_generation_26,2026-09-15T04:22:19,mbpo_Ant-v5_seed85062,0db152d4-41ed-4568-9813-89713bac8b20,0.0199942480030586,1.1046718716503645e-07,5.52488284592587e-06,26.96506531060403,70.43088836585333,20.0,1.8163014530586663e-07,0.0,1.0834803336641496e-07,2.899781786740163e-07,0.0,Germany,DEU,baden-wurttemberg,,,Linux-7.0.0-31-generic-x86_64-with-glibc2.43,3.14.4,3.3.0,24,Intel(R) Core(TM) Ultra 9 285K,1,1 x NVIDIA GeForce RTX 5090,9.2986,48.7383,60.81614303588867,machine,0.0,0.0,0.0,0.0,N
gradient_updates_26,2026-09-15T04:22:36,mbpo_Ant-v5_seed85062,0db152d4-41ed-4568-9813-89713bac8b20,16.34551714000554,0.00024901472405690697,1.523444014442768e-05,26.98784257081794,70.6822750928118,20.0,0.00011639241394719585,0.0004464698016199975,9.080552050553647e-05,0.0006536677360727307,0.0,Germany,DEU,baden-wurttemberg,,,Linux-7.0.0-31-generic-x86_64-with-glibc2.43,3.14.4,3.3.0,24,Intel(R) Core(TM) Ultra 9 285K,1,1 x NVIDIA GeForce RTX 5090,9.2986,48.7383,60.81614303588867,machine,0.0,0.0,0.0,0.0,N
dynamics_model_update_27,2026-09-15T04:22:44,mbpo_Ant-v5_seed85062,0db152d4-41ed-4568-9813-89713bac8b20,8.517203026000061,0.00010505878812171708,1.233487386029741e-05,26.97542661425515,70.68728175368035,20.0,5.992422793934388e-05,0.00016854263483390142,4.731417967777842e-05,0.0002757810424510246,0.0,Germany,DEU,baden-wurttemberg,,,Linux-7.0.0-31-generic-x86_64-with-glibc2.43,3.14.4,3.3.0,24,Intel(R) Core(TM) Ultra 9 285K,1,1 x NVIDIA GeForce RTX 5090,9.2986,48.7383,60.81614303588867,machine,0.0,0.0,0.0,0.0,N
rollout_27,2026-09-15T04:22:44,mbpo_Ant-v5_seed85062,0db152d4-41ed-4568-9813-89713bac8b20,0.36371931500616483,4.447701527708625e-06,1.2228247931011466e-05,26.976415256593484,70.66696277384384,20.0,2.7521210905837035e-06,6.904449967981563e-06,2.0187184222274224e-06,1.1675289480792689e-05,0.0,Germany,DEU,baden-wurttemberg,,,Linux-7.0.0-31-generic-x86_64-with-glibc2.43,3.14.4,3.3.0,24,Intel(R) Core(TM) Ultra 9 285K,1,1 x NVIDIA GeForce RTX 5090,9.2986,48.7383,60.81614303588867,machine,0.0,0.0,0.0,0.0,N
synthetic_rollout_generation_27,2026-09-15T04:22:45,mbpo_Ant-v5_seed85062,0db152d4-41ed-4568-9813-89713bac8b20,0.02011369600222679,1.1089871464024792e-07,5.514004920667744e-06,26.998241351530684,70.04707713547678,20.0,1.816809786850393e-07,0.0,1.0942996668712734e-07,2.9111094537390136e-07,0.0,Germany,DEU,baden-wurttemberg,,,Linux-7.0.0-31-generic-x86_64-with-glibc2.43,3.14.4,3.3.0,24,Intel(R) Core(TM) Ultra 9 285K,1,1 x NVIDIA GeForce RTX 5090,9.2986,48.7383,60.81614303588867,machine,0.0,0.0,0.0,0.0,N
gradient_updates_27,2026-09-15T04:23:01,mbpo_Ant-v5_seed85062,0db152d4-41ed-4568-9813-89713bac8b20,16.276234257005854,0.00024837007900435984,1.525968319724214e-05,27.018083320412007,70.2890910193572,20.0,0.0001190468452374055,0.0004425092428961275,9.041944409998726e-05,0.0006519755322335202,0.0,Germany,DEU,baden-wurttemberg,,,Linux-7.0.0-31-generic-x86_64-with-glibc2.43,3.14.4,3.3.0,24,Intel(R) Core(TM) Ultra 9 285K,1,1 x NVIDIA GeForce RTX 5090,9.2986,48.7383,60.81614303588867,machine,0.0,0.0,0.0,0.0,N
dynamics_model_update_28,2026-09-15T04:23:12,mbpo_Ant-v5_seed85062,0db152d4-41ed-4568-9813-89713bac8b20,11.261550631003047,0.00013829637449818896,1.2280412185571564e-05,27.011440744666388,70.29249032199614,20.0,7.936373821316317e-05,0.00022110489910587283,6.256161467778527e-05,0.000363030251996823,0.0,Germany,DEU,baden-wurttemberg,,,Linux-7.0.0-31-generic-x86_64-with-glibc2.43,3.14.4,3.3.0,24,Intel(R) Core(TM) Ultra 9 285K,1,1 x NVIDIA GeForce RTX 5090,9.2986,48.7383,60.81614303588867,machine,0.0,0.0,0.0,0.0,N
rollout_28,2026-09-15T04:23:12,mbpo_Ant-v5_seed85062,0db152d4-41ed-4568-9813-89713bac8b20,0.358633274998283,4.727409779175379e-06,1.3181934283684497e-05,27.072926470379358,70.29223681925741,20.0,3.426660241327706e-06,6.9927833719063415e-06,1.990084616651684e-06,1.2409528229884864e-05,0.0,Germany,DEU,baden-wurttemberg,,,Linux-7.0.0-31-generic-x86_64-with-glibc2.43,3.14.4,3.3.0,24,Intel(R) Core(TM) Ultra 9 285K,1,1 x NVIDIA GeForce RTX 5090,9.2986,48.7383,60.81614303588867,machine,0.0,0.0,0.0,0.0,N
synthetic_rollout_generation_28,2026-09-15T04:23:12,mbpo_Ant-v5_seed85062,0db152d4-41ed-4568-9813-89713bac8b20,0.01763419299822999,9.691150416879513e-08,5.496916373150778e-06,27.090886259109542,69.69653989706032,20.0,1.5916568288365518e-07,0.0,9.522860552023393e-08,2.5439428840562384e-07,0.0,Germany,DEU,baden-wurttemberg,,,Linux-7.0.0-31-generic-x86_64-with-glibc2.43,3.14.4,3.3.0,24,Intel(R) Core(TM) Ultra 9 285K,1,1 x NVIDIA GeForce RTX 5090,9.2986,48.7383,60.81614303588867,machine,0.0,0.0,0.0,0.0,N
gradient_updates_28,2026-09-15T04:23:29,mbpo_Ant-v5_seed85062,0db152d4-41ed-4568-9813-89713bac8b20,16.294749965003575,0.00024674631503695393,1.5142695809290712e-05,27.106954559797437,69.92700899447802,20.0,0.00011759195601793171,0.0004395972961221961,9.052387303890973e-05,0.0006477131251790384,0.0,Germany,DEU,baden-wurttemberg,,,Linux-7.0.0-31-generic-x86_64-with-glibc2.43,3.14.4,3.3.0,24,Intel(R) Core(TM) Ultra 9 285K,1,1 x NVIDIA GeForce RTX 5090,9.2986,48.7383,60.81614303588867,machine,0.0,0.0,0.0,0.0,N
dynamics_model_update_29,2026-09-15T04:23:40,mbpo_Ant-v5_seed85062,0db152d4-41ed-4568-9813-89713bac8b20,11.613421813002788,0.00014201445422394252,1.2228456577238205e-05,27.09693179910387,69.93146508846927,20.0,8.102065342758397e-05,0.00022726323736610432,6.450638148336203e-05,0.00037279027227704944,0.0,Germany,DEU,baden-wurttemberg,,,Linux-7.0.0-31-generic-x86_64-with-glibc2.43,3.14.4,3.3.0,24,Intel(R) Core(TM) Ultra 9 285K,1,1 x NVIDIA GeForce RTX 5090,9.2986,48.7383,60.81614303588867,machine,0.0,0.0,0.0,0.0,N
rollout_29,2026-09-15T04:23:41,mbpo_Ant-v5_seed85062,0db152d4-41ed-4568-9813-89713bac8b20,0.3574850000004517,4.716711442101507e-06,1.3194254203082515e-05,27.15450600357532,69.93715178248722,20.0,3.401194943179753e-06,6.99861670971913e-06,1.981633266647312e-06,1.238144491954793e-05,0.0,Germany,DEU,baden-wurttemberg,,,Linux-7.0.0-31-generic-x86_64-with-glibc2.43,3.14.4,3.3.0,24,Intel(R) Core(TM) Ultra 9 285K,1,1 x NVIDIA GeForce RTX 5090,9.2986,48.7383,60.81614303588867,machine,0.0,0.0,0.0,0.0,N
synthetic_rollout_generation_29,2026-09-15T04:23:41,mbpo_Ant-v5_seed85062,0db152d4-41ed-4568-9813-89713bac8b20,0.025015275001351256,1.3588710363020284e-07,5.432895262041193e-06,27.172603082531765,69.36389644000782,20.0,2.2057378757517343e-07,0.0,1.361320888662934e-07,3.567058764405995e-07,0.0,Germany,DEU,baden-wurttemberg,,,Linux-7.0.0-31-generic-x86_64-with-glibc2.43,3.14.4,3.3.0,24,Intel(R) Core(TM) Ultra 9 285K,1,1 x NVIDIA GeForce RTX 5090,9.2986,48.7383,60.81614303588867,machine,0.0,0.0,0.0,0.0,N
gradient_updates_29,2026-09-15T04:23:57,mbpo_Ant-v5_seed85062,0db152d4-41ed-4568-9813-89713bac8b20,16.215747862996068,0.0002451478052668075,1.5117888669067138e-05,27.188800992502898,69.58742778970297,20.0,0.00011715752205928437,0.0004362747934640865,9.008469528331859e-05,0.0006435170108066886,0.0,Germany,DEU,baden-wurttemberg,,,Linux-7.0.0-31-generic-x86_64-with-glibc2.43,3.14.4,3.3.0,24,Intel(R) Core(TM) Ultra 9 285K,1,1 x NVIDIA GeForce RTX 5090,9.2986,48.7383,60.81614303588867,machine,0.0,0.0,0.0,0.0,N
dynamics_model_update_30,2026-09-15T04:24:10,mbpo_Ant-v5_seed85062,0db152d4-41ed-4568-9813-89713bac8b20,12.861588204999862,0.00014844875980678587,1.1542038401322726e-05,27.17494631053837,69.59100368367588,20.0,6.804405943520303e-05,0.00025018658903808166,7.144978152221794e-05,0.0003896804299955009,0.0,Germany,DEU,baden-wurttemberg,,,Linux-7.0.0-31-generic-x86_64-with-glibc2.43,3.14.4,3.3.0,24,Intel(R) Core(TM) Ultra 9 285K,1,1 x NVIDIA GeForce RTX 5090,9.2986,48.7383,60.81614303588867,machine,0.0,0.0,0.0,0.0,N
rollout_30,2026-09-15T04:24:10,mbpo_Ant-v5_seed85062,0db152d4-41ed-4568-9813-89713bac8b20,0.3663566930044908,4.729855678696493e-06,1.2910700561284402e-05,27.229994409560174,69.57940889910215,20.0,3.4847113988822898e-06,6.905005524027175e-06,2.026231833345514e-06,1.2415948756255846e-05,0.0,Germany,DEU,baden-wurttemberg,,,Linux-7.0.0-31-generic-x86_64-with-glibc2.43,3.14.4,3.3.0,24,Intel(R) Core(TM) Ultra 9 285K,1,1 x NVIDIA GeForce RTX 5090,9.2986,48.7383,60.81614303588867,machine,0.0,0.0,0.0,0.0,N
synthetic_rollout_generation_30,2026-09-15T04:24:10,mbpo_Ant-v5_seed85062,0db152d4-41ed-4568-9813-89713bac8b20,0.022478915001556743,1.266048748893578e-07,5.632043781770411e-06,27.259002378038375,69.02719136815689,20.0,2.1019794593790664e-07,0.0,1.2214192776985322e-07,3.3233987370775986e-07,0.0,Germany,DEU,baden-wurttemberg,,,Linux-7.0.0-31-generic-x86_64-with-glibc2.43,3.14.4,3.3.0,24,Intel(R) Core(TM) Ultra 9 285K,1,1 x NVIDIA GeForce RTX 5090,9.2986,48.7383,60.81614303588867,machine,0.0,0.0,0.0,0.0,N
gradient_updates_30,2026-09-15T04:24:27,mbpo_Ant-v5_seed85062,0db152d4-41ed-4568-9813-89713bac8b20,17.24756060299842,0.00025742667869445117,1.4925401368070546e-05,27.28568723241289,69.22717722154896,20.0,0.00012754584009214143,0.00045238536190805867,9.581805300557661e-05,0.0006757492550057767,0.0,Germany,DEU,baden-wurttemberg,,,Linux-7.0.0-31-generic-x86_64-with-glibc2.43,3.14.4,3.3.0,24,Intel(R) Core(TM) Ultra 9 285K,1,1 x NVIDIA GeForce RTX 5090,9.2986,48.7383,60.81614303588867,machine,0.0,0.0,0.0,0.0,N
dynamics_model_update_31,2026-09-15T04:24:35,mbpo_Ant-v5_seed85062,0db152d4-41ed-4568-9813-89713bac8b20,7.786798542001634,0.00010118353620944265,1.2994204509352464e-05,27.28320641686839,69.25944499212181,20.0,6.365179092139572e-05,0.00015869179362004715,4.32648580611086e-05,0.00026560844260255234,0.0,Germany,DEU,baden-wurttemberg,,,Linux-7.0.0-31-generic-x86_64-with-glibc2.43,3.14.4,3.3.0,24,Intel(R) Core(TM) Ultra 9 285K,1,1 x NVIDIA GeForce RTX 5090,9.2986,48.7383,60.81614303588867,machine,0.0,0.0,0.0,0.0,N
rollout_31,2026-09-15T04:24:36,mbpo_Ant-v5_seed85062,0db152d4-41ed-4568-9813-89713bac8b20,0.3704925109996111,4.514516094764748e-06,1.2185065085014942e-05,27.280101234457003,69.25211128110645,20.0,2.781926669977175e-06,7.015283389977256e-06,2.0534687555483905e-06,1.1850678815501087e-05,0.0,Germany,DEU,baden-wurttemberg,,,Linux-7.0.0-31-generic-x86_64-with-glibc2.43,3.14.4,3.3.0,24,Intel(R) Core(TM) Ultra 9 285K,1,1 x NVIDIA GeForce RTX 5090,9.2986,48.7383,60.81614303588867,machine,0.0,0.0,0.0,0.0,N
synthetic_rollout_generation_31,2026-09-15T04:24:36,mbpo_Ant-v5_seed85062,0db152d4-41ed-4568-9813-89713bac8b20,0.02477509500022279,1.3543573709057233e-07,5.466897471557659e-06,27.297742288663713,68.71940273279024,20.0,2.2038739853208478e-07,0.0,1.3513363333536588e-07,3.5552103186745065e-07,0.0,Germany,DEU,baden-wurttemberg,,,Linux-7.0.0-31-generic-x86_64-with-glibc2.43,3.14.4,3.3.0,24,Intel(R) Core(TM) Ultra 9 285K,1,1 x NVIDIA GeForce RTX 5090,9.2986,48.7383,60.81614303588867,machine,0.0,0.0,0.0,0.0,N
gradient_updates_31,2026-09-15T04:24:53,mbpo_Ant-v5_seed85062,0db152d4-41ed-4568-9813-89713bac8b20,17.56173928300268,0.0002578426475168868,1.4682074242566465e-05,27.313044834891187,68.91278069270481,20.0,0.00012047913443877928,0.00045879953370597804,9.756251184444426e-05,0.0006768411799892016,0.0,Germany,DEU,baden-wurttemberg,,,Linux-7.0.0-31-generic-x86_64-with-glibc2.43,3.14.4,3.3.0,24,Intel(R) Core(TM) Ultra 9 285K,1,1 x NVIDIA GeForce RTX 5090,9.2986,48.7383,60.81614303588867,machine,0.0,0.0,0.0,0.0,N
dynamics_model_update_32,2026-09-15T04:25:01,mbpo_Ant-v5_seed85062,0db152d4-41ed-4568-9813-89713bac8b20,7.32904216699535,9.46071423162994e-05,1.2908542762446028e-05,27.29755809134531,68.94143277821424,20.0,5.9646264105865654e-05,0.000147985396165895,4.071364046665405e-05,0.00024834530073841385,0.0,Germany,DEU,baden-wurttemberg,,,Linux-7.0.0-31-generic-x86_64-with-glibc2.43,3.14.4,3.3.0,24,Intel(R) Core(TM) Ultra 9 285K,1,1 x NVIDIA GeForce RTX 5090,9.2986,48.7383,60.81614303588867,machine,0.0,0.0,0.0,0.0,N
rollout_32,2026-09-15T04:25:01,mbpo_Ant-v5_seed85062,0db152d4-41ed-4568-9813-89713bac8b20,0.3564905110033578,4.763116151119615e-06,1.3360905228263136e-05,27.355134488358516,68.95837187400411,20.0,3.4813544517522943e-06,7.043616745860959e-06,1.9782868444359267e-06,1.2503258042050047e-05,0.0,Germany,DEU,baden-wurttemberg,,,Linux-7.0.0-31-generic-x86_64-with-glibc2.43,3.14.4,3.3.0,24,Intel(R) Core(TM) Ultra 9 285K,1,1 x NVIDIA GeForce RTX 5090,9.2986,48.7383,60.81614303588867,machine,0.0,0.0,0.0,0.0,N
synthetic_rollout_generation_32,2026-09-15T04:25:01,mbpo_Ant-v5_seed85062,0db152d4-41ed-4568-9813-89713bac8b20,0.02707145200110972,1.5521820331300396e-07,5.73441388635672e-06,27.39140335601454,68.44375715852648,20.0,2.600432635890826e-07,0.0,1.474070666718577e-07,4.0745033026007293e-07,0.0,Germany,DEU,baden-wurttemberg,,,Linux-7.0.0-31-generic-x86_64-with-glibc2.43,3.14.4,3.3.0,24,Intel(R) Core(TM) Ultra 9 285K,1,1 x NVIDIA GeForce RTX 5090,9.2986,48.7383,60.81614303588867,machine,0.0,0.0,0.0,0.0,N
gradient_updates_32,2026-09-15T04:25:18,mbpo_Ant-v5_seed85062,0db152d4-41ed-4568-9813-89713bac8b20,17.28203955099889,0.00025835303773588843,1.494922376074514e-05,27.424889711643715,68.63685135383612,20.0,0.00012847489527983286,0.0004536975851801017,9.600848222778707e-05,0.0006781809626877251,0.0,Germany,DEU,baden-wurttemberg,,,Linux-7.0.0-31-generic-x86_64-with-glibc2.43,3.14.4,3.3.0,24,Intel(R) Core(TM) Ultra 9 285K,1,1 x NVIDIA GeForce RTX 5090,9.2986,48.7383,60.81614303588867,machine,0.0,0.0,0.0,0.0,N
dynamics_model_update_33,2026-09-15T04:25:31,mbpo_Ant-v5_seed85062,0db152d4-41ed-4568-9813-89713bac8b20,12.725166112999432,0.00016589092030204478,1.3036424091946836e-05,27.422107797080493,68.66673161551425,20.0,0.00010780320568694324,0.00025697076113195827,7.069242063888724e-05,0.0004354663874577905,0.0,Germany,DEU,baden-wurttemberg,,,Linux-7.0.0-31-generic-x86_64-with-glibc2.43,3.14.4,3.3.0,24,Intel(R) Core(TM) Ultra 9 285K,1,1 x NVIDIA GeForce RTX 5090,9.2986,48.7383,60.81614303588867,machine,0.0,0.0,0.0,0.0,N
rollout_33,2026-09-15T04:25:31,mbpo_Ant-v5_seed85062,0db152d4-41ed-4568-9813-89713bac8b20,0.36022547299944563,4.768052043933879e-06,1.323659234428127e-05,27.475793262169326,68.67799265862011,20.0,3.499342799466454e-06,7.0180611699832696e-06,1.9988108722222495e-06,1.251621484166937e-05,0.0,Germany,DEU,baden-wurttemberg,,,Linux-7.0.0-31-generic-x86_64-with-glibc2.43,3.14.4,3.3.0,24,Intel(R) Core(TM) Ultra 9 285K,1,1 x NVIDIA GeForce RTX 5090,9.2986,48.7383,60.81614303588867,machine,0.0,0.0,0.0,0.0,N
synthetic_rollout_generation_33,2026-09-15T04:25:31,mbpo_Ant-v5_seed85062,0db152d4-41ed-4568-9813-89713bac8b20,0.029467367996403482,1.6742496449645428e-07,5.683259257731775e-06,27.508022157437363,68.18032604515184,20.0,2.788282786256313e-07,0.0,1.606650000115714e-07,4.394932786380701e-07,0.0,Germany,DEU,baden-wurttemberg,,,Linux-7.0.0-31-generic-x86_64-with-glibc2.43,3.14.4,3.3.0,24,Intel(R) Core(TM) Ultra 9 285K,1,1 x NVIDIA GeForce RTX 5090,9.2986,48.7383,60.81614303588867,machine,0.0,0.0,0.0,0.0,N
gradient_updates_33,2026-09-15T04:25:49,mbpo_Ant-v5_seed85062,0db152d4-41ed-4568-9813-89713bac8b20,17.394004477995622,0.00025896042366878314,1.4887914637707049e-05,27.537676549541086,68.36643168098742,20.0,0.0001287412624373721,0.00045440341907809767,9.663067921109221e-05,0.0006797753607265603,0.0,Germany,DEU,baden-wurttemberg,,,Linux-7.0.0-31-generic-x86_64-with-glibc2.43,3.14.4,3.3.0,24,Intel(R) Core(TM) Ultra 9 285K,1,1 x NVIDIA GeForce RTX 5090,9.2986,48.7383,60.81614303588867,machine,0.0,0.0,0.0,0.0,N
dynamics_model_update_34,2026-09-15T04:26:02,mbpo_Ant-v5_seed85062,0db152d4-41ed-4568-9813-89713bac8b20,13.158847235004941,0.00016995271812776484,1.2915474023401204e-05,27.532519416965513,68.39940368175198,20.0,0.00010627695668816162,0.0002667518800680835,7.309983663334515e-05,0.0004461286733895911,0.0,Germany,DEU,baden-wurttemberg,,,Linux-7.0.0-31-generic-x86_64-with-glibc2.43,3.14.4,3.3.0,24,Intel(R) Core(TM) Ultra 9 285K,1,1 x NVIDIA GeForce RTX 5090,9.2986,48.7383,60.81614303588867,machine,0.0,0.0,0.0,0.0,N
rollout_34,2026-09-15T04:26:02,mbpo_Ant-v5_seed85062,0db152d4-41ed-4568-9813-89713bac8b20,0.37274434300343273,3.785983027866646e-06,1.0157040673294063e-05,27.52100134683688,68.26891535524331,20.0,2.6971727132910073e-06,5.172504137895828e-06,2.0685907111328214e-06,9.938267562320524e-06,0.0,Germany,DEU,baden-wurttemberg,,,Linux-7.0.0-31-generic-x86_64-with-glibc2.43,3.14.4,3.3.0,24,Intel(R) Core(TM) Ultra 9 285K,1,1 x NVIDIA GeForce RTX 5090,9.2986,48.7383,60.81614303588867,machine,0.0,0.0,0.0,0.0,N
synthetic_rollout_generation_34,2026-09-15T04:26:02,mbpo_Ant-v5_seed85062,0db152d4-41ed-4568-9813-89713bac8b20,0.02695141100412002,1.5434267814501412e-07,5.727540857296849e-06,27.553718132558398,67.78814834569934,20.0,2.5846631788312147e-07,0.0,1.466857444433478e-07,4.051520623299387e-07,0.0,Germany,DEU,baden-wurttemberg,,,Linux-7.0.0-31-generic-x86_64-with-glibc2.43,3.14.4,3.3.0,24,Intel(R) Core(TM) Ultra 9 285K,1,1 x NVIDIA GeForce RTX 5090,9.2986,48.7383,60.81614303588867,machine,0.0,0.0,0.0,0.0,N
gradient_updates_34,2026-09-15T04:26:20,mbpo_Ant-v5_seed85062,0db152d4-41ed-4568-9813-89713bac8b20,17.321456609999586,0.0002586155268922037,1.493036068952166e-05,27.583926366148074,67.97286883299306,20.0,0.00012938652156468944,0.00045325480704816457,9.622867241669119e-05,0.0006788700010295426,0.0,Germany,DEU,baden-wurttemberg,,,Linux-7.0.0-31-generic-x86_64-with-glibc2.43,3.14.4,3.3.0,24,Intel(R) Core(TM) Ultra 9 285K,1,1 x NVIDIA GeForce RTX 5090,9.2986,48.7383,60.81614303588867,machine,0.0,0.0,0.0,0.0,N
dynamics_model_update_35,2026-09-15T04:26:41,mbpo_Ant-v5_seed85062,0db152d4-41ed-4568-9813-89713bac8b20,21.33124869599851,0.00026064661830590974,1.221899212694044e-05,27.57860769485693,67.98772652562887,20.0,0.00015026727271371526,0.00041543061012183635,0.00011850376647776564,0.0006842016493133207,0.0,Germany,DEU,baden-wurttemberg,,,Linux-7.0.0-31-generic-x86_64-with-glibc2.43,3.14.4,3.3.0,24,Intel(R) Core(TM) Ultra 9 285K,1,1 x NVIDIA GeForce RTX 5090,9.2986,48.7383,60.81614303588867,machine,0.0,0.0,0.0,0.0,N
rollout_35,2026-09-15T04:26:41,mbpo_Ant-v5_seed85062,0db152d4-41ed-4568-9813-89713bac8b20,0.3588020970055368,4.7149666445173155e-06,1.3140707768857258e-05,27.62367783911997,68.00127528502831,20.0,3.4194207910870356e-06,6.966116683937429e-06,1.991327322240291e-06,1.237686479726302e-05,0.0,Germany,DEU,baden-wurttemberg,,,Linux-7.0.0-31-generic-x86_64-with-glibc2.43,3.14.4,3.3.0,24,Intel(R) Core(TM) Ultra 9 285K,1,1 x NVIDIA GeForce RTX 5090,9.2986,48.7383,60.81614303588867,machine,0.0,0.0,0.0,0.0,N
synthetic_rollout_generation_35,2026-09-15T04:26:41,mbpo_Ant-v5_seed85062,0db152d4-41ed-4568-9813-89713bac8b20,0.033683588000712916,1.897776968178e-07,5.635074378219241e-06,27.65128382201874,67.53551312554183,20.0,3.1380469549258105e-07,0.0,1.8436487221693693e-07,4.981695677086506e-07,0.0,Germany,DEU,baden-wurttemberg,,,Linux-7.0.0-31-generic-x86_64-with-glibc2.43,3.14.4,3.3.0,24,Intel(R) Core(TM) Ultra 9 285K,1,1 x NVIDIA GeForce RTX 5090,9.2986,48.7383,60.81614303588867,machine,0.0,0.0,0.0,0.0,N
gradient_updates_35,2026-09-15T04:26:58,mbpo_Ant-v5_seed85062,0db152d4-41ed-4568-9813-89713bac8b20,16.455089906005014,0.0002472736860465209,1.5027190364699697e-05,27.675932042824435,67.73471602416294,20.0,0.00011520567216446315,0.00044248674287805656,9.140506768886159e-05,0.0006490974827313839,0.0,Germany,DEU,baden-wurttemberg,,,Linux-7.0.0-31-generic-x86_64-with-glibc2.43,3.14.4,3.3.0,24,Intel(R) Core(TM) Ultra 9 285K,1,1 x NVIDIA GeForce RTX 5090,9.2986,48.7383,60.81614303588867,machine,0.0,0.0,0.0,0.0,N
dynamics_model_update_36,2026-09-15T04:27:17,mbpo_Ant-v5_seed85062,0db152d4-41ed-4568-9813-89713bac8b20,19.08288808100042,0.00023178043325874746,1.2145987396610731e-05,27.65901133231907,67.75118018011966,20.0,0.00013045846658890636,0.0003719558531201095,0.00010601312026669273,0.0006084274399757103,0.0,Germany,DEU,baden-wurttemberg,,,Linux-7.0.0-31-generic-x86_64-with-glibc2.43,3.14.4,3.3.0,24,Intel(R) Core(TM) Ultra 9 285K,1,1 x NVIDIA GeForce RTX 5090,9.2986,48.7383,60.81614303588867,machine,0.0,0.0,0.0,0.0,N
rollout_36,2026-09-15T04:27:17,mbpo_Ant-v5_seed85062,0db152d4-41ed-4568-9813-89713bac8b20,0.37438741399819264,4.414304995396454e-06,1.1790681222155438e-05,27.64961185599497,67.73339521474738,20.0,2.7458310855529855e-06,6.764172077788899e-06,2.0776198722156913e-06,1.1587623035561045e-05,0.0,Germany,DEU,baden-wurttemberg,,,Linux-7.0.0-31-generic-x86_64-with-glibc2.43,3.14.4,3.3.0,24,Intel(R) Core(TM) Ultra 9 285K,1,1 x NVIDIA GeForce RTX 5090,9.2986,48.7383,60.81614303588867,machine,0.0,0.0,0.0,0.0,N
synthetic_rollout_generation_36,2026-09-15T04:27:17,mbpo_Ant-v5_seed85062,0db152d4-41ed-4568-9813-89713bac8b20,0.031196783005725592,1.7643450169260722e-07,5.65583189510321e-06,27.67602033549756,67.28183924664906,20.0,2.92256344916475e-07,0.0,1.7088711667598289e-07,4.6314346158898845e-07,0.0,Germany,DEU,baden-wurttemberg,,,Linux-7.0.0-31-generic-x86_64-with-glibc2.43,3.14.4,3.3.0,24,Intel(R) Core(TM) Ultra 9 285K,1,1 x NVIDIA GeForce RTX 5090,9.2986,48.7383,60.81614303588867,machine,0.0,0.0,0.0,0.0,N
gradient_updates_36,2026-09-15T04:27:34,mbpo_Ant-v5_seed85062,0db152d4-41ed-4568-9813-89713bac8b20,16.53098652799963,0.00024348793155408964,1.4729188625477827e-05,27.699092553397357,67.4670050045671,20.0,0.00010996959380894095,0.0004373509054360625,9.183931583332458e-05,0.0006391598150783315,0.0,Germany,DEU,baden-wurttemberg,,,Linux-7.0.0-31-generic-x86_64-with-glibc2.43,3.14.4,3.3.0,24,Intel(R) Core(TM) Ultra 9 285K,1,1 x NVIDIA GeForce RTX 5090,9.2986,48.7383,60.81614303588867,machine,0.0,0.0,0.0,0.0,N
dynamics_model_update_37,2026-09-15T04:27:47,mbpo_Ant-v5_seed85062,0db152d4-41ed-4568-9813-89713bac8b20,13.496102842000255,0.00015987838573570078,1.184623979955095e-05,27.673412974276857,67.48423869954505,20.0,8.196912113079408e-05,0.00026273909907992277,7.497516536665583e-05,0.00041968338557737267,0.0,Germany,DEU,baden-wurttemberg,,,Linux-7.0.0-31-generic-x86_64-with-glibc2.43,3.14.4,3.3.0,24,Intel(R) Core(TM) Ultra 9 285K,1,1 x NVIDIA GeForce RTX 5090,9.2986,48.7383,60.81614303588867,machine,0.0,0.0,0.0,0.0,N
rollout_37,2026-09-15T04:27:48,mbpo_Ant-v5_seed85062,0db152d4-41ed-4568-9813-89713bac8b20,0.3694068420008989,4.456214682471357e-06,1.2063461509862503e-05,27.667412688704548,67.48230441991672,20.0,2.7603269304801725e-06,6.88750551014472e-06,2.0498042110879758e-06,1.169763665171547e-05,0.0,Germany,DEU,baden-wurttemberg,,,Linux-7.0.0-31-generic-x86_64-with-glibc2.43,3.14.4,3.3.0,24,Intel(R) Core(TM) Ultra 9 285K,1,1 x NVIDIA GeForce RTX 5090,9.2986,48.7383,60.81614303588867,machine,0.0,0.0,0.0,0.0,N
synthetic_rollout_generation_37,2026-09-15T04:27:48,mbpo_Ant-v5_seed85062,0db152d4-41ed-4568-9813-89713bac8b20,0.03483278099884046,1.9032236902617738e-07,5.46359166681316e-06,27.68768051581096,67.0441076379692,20.0,3.153308078263084e-07,0.0,1.8426853336337562e-07,4.995993411888167e-07,0.0,Germany,DEU,baden-wurttemberg,,,Linux-7.0.0-31-generic-x86_64-with-glibc2.43,3.14.4,3.3.0,24,Intel(R) Core(TM) Ultra 9 285K,1,1 x NVIDIA GeForce RTX 5090,9.2986,48.7383,60.81614303588867,machine,0.0,0.0,0.0,0.0,N
gradient_updates_37,2026-09-15T04:28:04,mbpo_Ant-v5_seed85062,0db152d4-41ed-4568-9813-89713bac8b20,16.289017481001792,0.00024345763008326235,1.4946124734460808e-05,27.70556249917361,67.23124410894582,20.0,0.00011399682203071249,0.00043459145878399497,9.049199240556208e-05,0.000639080273220273,0.0,Germany,DEU,baden-wurttemberg,,,Linux-7.0.0-31-generic-x86_64-with-glibc2.43,3.14.4,3.3.0,24,Intel(R) Core(TM) Ultra 9 285K,1,1 x NVIDIA GeForce RTX 5090,9.2986,48.7383,60.81614303588867,machine,0.0,0.0,0.0,0.0,N
dynamics_model_update_38,2026-09-15T04:28:20,mbpo_Ant-v5_seed85062,0db152d4-41ed-4568-9813-89713bac8b20,15.869359642994823,0.0001880979205401475,1.1852904558494317e-05,27.688056544512285,67.25080306736815,20.0,9.579313580112409e-05,0.0003098069145119897,8.816007710556704e-05,0.0004937601274186826,0.0,Germany,DEU,baden-wurttemberg,,,Linux-7.0.0-31-generic-x86_64-with-glibc2.43,3.14.4,3.3.0,24,Intel(R) Core(TM) Ultra 9 285K,1,1 x NVIDIA GeForce RTX 5090,9.2986,48.7383,60.81614303588867,machine,0.0,0.0,0.0,0.0,N
rollout_38,2026-09-15T04:28:20,mbpo_Ant-v5_seed85062,0db152d4-41ed-4568-9813-89713bac8b20,0.3679080479996628,4.408117173419421e-06,1.1981483678264169e-05,27.676853961489407,67.25069828096805,20.0,2.6646715761829975e-06,6.865005491851761e-06,2.041702833311017e-06,1.1571379901348378e-05,0.0,Germany,DEU,baden-wurttemberg,,,Linux-7.0.0-31-generic-x86_64-with-glibc2.43,3.14.4,3.3.0,24,Intel(R) Core(TM) Ultra 9 285K,1,1 x NVIDIA GeForce RTX 5090,9.2986,48.7383,60.81614303588867,machine,0.0,0.0,0.0,0.0,N
synthetic_rollout_generation_38,2026-09-15T04:28:20,mbpo_Ant-v5_seed85062,0db152d4-41ed-4568-9813-89713bac8b20,0.03138781299639959,1.823974321232824e-07,5.812449687272179e-06,27.711224683997678,66.82506095007585,20.0,3.0780302401334225e-07,0.0,1.709932277863327e-07,4.787962517988076e-07,0.0,Germany,DEU,baden-wurttemberg,,,Linux-7.0.0-31-generic-x86_64-with-glibc2.43,3.14.4,3.3.0,24,Intel(R) Core(TM) Ultra 9 285K,1,1 x NVIDIA GeForce RTX 5090,9.2986,48.7383,60.81614303588867,machine,0.0,0.0,0.0,0.0,N
gradient_updates_38,2026-09-15T04:28:36,mbpo_Ant-v5_seed85062,0db152d4-41ed-4568-9813-89713bac8b20,16.176692733999516,0.0002459329822279404,1.5202932863424679e-05,27.74283848253004,67.01384851482085,20.0,0.00012055105394076504,0.0004351581259041115,8.986893336667811e-05,0.0006455781132115521,0.0,Germany,DEU,baden-wurttemberg,,,Linux-7.0.0-31-generic-x86_64-with-glibc2.43,3.14.4,3.3.0,24,Intel(R) Core(TM) Ultra 9 285K,1,1 x NVIDIA GeForce RTX 5090,9.2986,48.7383,60.81614303588867,machine,0.0,0.0,0.0,0.0,N
dynamics_model_update_39,2026-09-15T04:28:56,mbpo_Ant-v5_seed85062,0db152d4-41ed-4568-9813-89713bac8b20,19.3029614219995,0.0002359969468330083,1.2225932533929865e-05,27.736640588043503,67.03357152407963,20.0,0.00013602599909849633,0.0003762344676538909,0.00010723539053336326,0.000619495857285754,0.0,Germany,DEU,baden-wurttemberg,,,Linux-7.0.0-31-generic-x86_64-with-glibc2.43,3.14.4,3.3.0,24,Intel(R) Core(TM) Ultra 9 285K,1,1 x NVIDIA GeForce RTX 5090,9.2986,48.7383,60.81614303588867,machine,0.0,0.0,0.0,0.0,N
rollout_39,2026-09-15T04:28:56,mbpo_Ant-v5_seed85062,0db152d4-41ed-4568-9813-89713bac8b20,0.3574172099979478,4.664302439940857e-06,1.3049851014679155e-05,27.777793671872352,67.04137589640234,20.0,3.446259145903352e-06,6.805005444254775e-06,1.9926058388792037e-06,1.2243870429036463e-05,0.0,Germany,DEU,baden-wurttemberg,,,Linux-7.0.0-31-generic-x86_64-with-glibc2.43,3.14.4,3.3.0,24,Intel(R) Core(TM) Ultra 9 285K,1,1 x NVIDIA GeForce RTX 5090,9.2986,48.7383,60.81614303588867,machine,0.0,0.0,0.0,0.0,N
synthetic_rollout_generation_39,2026-09-15T04:28:56,mbpo_Ant-v5_seed85062,0db152d4-41ed-4568-9813-89713bac8b20,0.03818235300423112,2.2289635701923383e-07,5.838468367037043e-06,27.81242549569673,66.62754024272085,20.0,3.745855774520135e-07,0.0,2.1052101664177647e-07,5.851065940920552e-07,0.0,Germany,DEU,baden-wurttemberg,,,Linux-7.0.0-31-generic-x86_64-with-glibc2.43,3.14.4,3.3.0,24,Intel(R) Core(TM) Ultra 9 285K,1,1 x NVIDIA GeForce RTX 5090,9.2986,48.7383,60.81614303588867,machine,0.0,0.0,0.0,0.0,N
gradient_updates_39,2026-09-15T04:29:13,mbpo_Ant-v5_seed85062,0db152d4-41ed-4568-9813-89713bac8b20,16.538625634006166,0.0002449281497142117,1.4809468032873905e-05,27.843455274122967,66.80385347512454,20.0,0.00011295607286479492,0.0004381064615959218,9.187787691666404e-05,0.0006429404113773782,0.0,Germany,DEU,baden-wurttemberg,,,Linux-7.0.0-31-generic-x86_64-with-glibc2.43,3.14.4,3.3.0,24,Intel(R) Core(TM) Ultra 9 285K,1,1 x NVIDIA GeForce RTX 5090,9.2986,48.7383,60.81614303588867,machine,0.0,0.0,0.0,0.0,N
dynamics_model_update_40,2026-09-15T04:29:38,mbpo_Ant-v5_seed85062,0db152d4-41ed-4568-9813-89713bac8b20,24.951203466000152,0.0003077963169343303,1.233593810456259e-05,27.823699945127828,66.83255188114022,20.0,0.00017373523204362862,0.0004956206742738889,0.00013861447544998885,0.0008079703817675046,0.0,Germany,DEU,baden-wurttemberg,,,Linux-7.0.0-31-generic-x86_64-with-glibc2.43,3.14.4,3.3.0,24,Intel(R) Core(TM) Ultra 9 285K,1,1 x NVIDIA GeForce RTX 5090,9.2986,48.7383,60.81614303588867,machine,0.0,0.0,0.0,0.0,N
rollout_40,2026-09-15T04:29:38,mbpo_Ant-v5_seed85062,0db152d4-41ed-4568-9813-89713bac8b20,0.37558469099894864,4.4287139540251375e-06,1.1791492766251154e-05,27.81315568195775,66.82310528241348,20.0,2.7365744114798973e-06,6.8044498879871185e-06,2.084422488890514e-06,1.162544678835753e-05,0.0,Germany,DEU,baden-wurttemberg,,,Linux-7.0.0-31-generic-x86_64-with-glibc2.43,3.14.4,3.3.0,24,Intel(R) Core(TM) Ultra 9 285K,1,1 x NVIDIA GeForce RTX 5090,9.2986,48.7383,60.81614303588867,machine,0.0,0.0,0.0,0.0,N
synthetic_rollout_generation_40,2026-09-15T04:29:38,mbpo_Ant-v5_seed85062,0db152d4-41ed-4568-9813-89713bac8b20,0.03566452800441766,2.040464201959885e-07,5.721921144144182e-06,27.841803440803073,66.42055645541099,20.0,3.411180506743272e-07,0.0,1.9450715000018243e-07,5.356252006719076e-07,0.0,Germany,DEU,baden-wurttemberg,,,Linux-7.0.0-31-generic-x86_64-with-glibc2.43,3.14.4,3.3.0,24,Intel(R) Core(TM) Ultra 9 285K,1,1 x NVIDIA GeForce RTX 5090,9.2986,48.7383,60.81614303588867,machine,0.0,0.0,0.0,0.0,N
gradient_updates_40,2026-09-15T04:29:54,mbpo_Ant-v5_seed85062,0db152d4-41ed-4568-9813-89713bac8b20,16.185226037996472,0.00024637613405480846,1.52222903662984e-05,27.868066640727417,66.60407536817176,20.0,0.00012039112520171452,0.0004364286824758423,8.992158635002037e-05,0.0006467413940275807,0.0,Germany,DEU,baden-wurttemberg,,,Linux-7.0.0-31-generic-x86_64-with-glibc2.43,3.14.4,3.3.0,24,Intel(R) Core(TM) Ultra 9 285K,1,1 x NVIDIA GeForce RTX 5090,9.2986,48.7383,60.81614303588867,machine,0.0,0.0,0.0,0.0,N
dynamics_model_update_41,2026-09-15T04:30:17,mbpo_Ant-v5_seed85062,0db152d4-41ed-4568-9813-89713bac8b20,22.4283615250024,0.00027425449449467246,1.2228012200484277e-05,27.861182975148473,66.62543939012656,20.0,0.00015802326808518619,0.00043730062761815347,0.00012459865186109642,0.0007199225475644361,0.0,Germany,DEU,baden-wurttemberg,,,Linux-7.0.0-31-generic-x86_64-with-glibc2.43,3.14.4,3.3.0,24,Intel(R) Core(TM) Ultra 9 285K,1,1 x NVIDIA GeForce RTX 5090,9.2986,48.7383,60.81614303588867,machine,0.0,0.0,0.0,0.0,N
rollout_41,2026-09-15T04:30:17,mbpo_Ant-v5_seed85062,0db152d4-41ed-4568-9813-89713bac8b20,0.3593541969967191,4.743516826687111e-06,1.3199978157413362e-05,27.901457408797423,66.6451062422373,20.0,3.4807441734799327e-06,6.976672248137916e-06,1.994393072244846e-06,1.245180949386443e-05,0.0,Germany,DEU,baden-wurttemberg,,,Linux-7.0.0-31-generic-x86_64-with-glibc2.43,3.14.4,3.3.0,24,Intel(R) Core(TM) Ultra 9 285K,1,1 x NVIDIA GeForce RTX 5090,9.2986,48.7383,60.81614303588867,machine,0.0,0.0,0.0,0.0,N
synthetic_rollout_generation_41,2026-09-15T04:30:17,mbpo_Ant-v5_seed85062,0db152d4-41ed-4568-9813-89713bac8b20,0.03917323200585088,2.1821381582937116e-07,5.571027930687082e-06,27.92449613053468,66.25307620551825,20.0,3.6385362441049285e-07,0.0,2.089612222335585e-07,5.728148466457861e-07,0.0,Germany,DEU,baden-wurttemberg,,,Linux-7.0.0-31-generic-x86_64-with-glibc2.43,3.14.4,3.3.0,24,Intel(R) Core(TM) Ultra 9 285K,1,1 x NVIDIA GeForce RTX 5090,9.2986,48.7383,60.81614303588867,machine,0.0,0.0,0.0,0.0,N
gradient_updates_41,2026-09-15T04:30:33,mbpo_Ant-v5_seed85062,0db152d4-41ed-4568-9813-89713bac8b20,16.268026026998996,0.00024571799425702687,1.5104357947196473e-05,27.945361598013005,66.42962449019576,20.0,0.00011879655059272853,0.00043583562644577967,9.038158922222532e-05,0.0006450137662607353,0.0,Germany,DEU,baden-wurttemberg,,,Linux-7.0.0-31-generic-x86_64-with-glibc2.43,3.14.4,3.3.0,24,Intel(R) Core(TM) Ultra 9 285K,1,1 x NVIDIA GeForce RTX 5090,9.2986,48.7383,60.81614303588867,machine,0.0,0.0,0.0,0.0,N
dynamics_model_update_42,2026-09-15T04:30:52,mbpo_Ant-v5_seed85062,0db152d4-41ed-4568-9813-89713bac8b20,18.515161919000093,0.00021854372454679916,1.1803507670471422e-05,27.934225655692543,66.45085316997175,20.0,0.00011039777192926176,0.0003604241772281469,0.00010285891328332825,0.0005736808624407369,0.0,Germany,DEU,baden-wurttemberg,,,Linux-7.0.0-31-generic-x86_64-with-glibc2.43,3.14.4,3.3.0,24,Intel(R) Core(TM) Ultra 9 285K,1,1 x NVIDIA GeForce RTX 5090,9.2986,48.7383,60.81614303588867,machine,0.0,0.0,0.0,0.0,N
rollout_42,2026-09-15T04:30:52,mbpo_Ant-v5_seed85062,0db152d4-41ed-4568-9813-89713bac8b20,0.37371470300422516,4.45260832859784e-06,1.1914626061742367e-05,27.922685146257162,66.45170523345625,20.0,2.7070568878601042e-06,6.9072277479875765e-06,2.0738852777868466e-06,1.1688169913634527e-05,0.0,Germany,DEU,baden-wurttemberg,,,Linux-7.0.0-31-generic-x86_64-with-glibc2.43,3.14.4,3.3.0,24,Intel(R) Core(TM) Ultra 9 285K,1,1 x NVIDIA GeForce RTX 5090,9.2986,48.7383,60.81614303588867,machine,0.0,0.0,0.0,0.0,N
synthetic_rollout_generation_42,2026-09-15T04:30:52,mbpo_Ant-v5_seed85062,0db152d4-41ed-4568-9813-89713bac8b20,0.03964686999825062,2.2634858794917667e-07,5.709724809436106e-06,27.949296883058537,66.06979888153982,20.0,3.766880791317151e-07,0.0,2.1748067778777636e-07,5.941687569177567e-07,0.0,Germany,DEU,baden-wurttemberg,,,Linux-7.0.0-31-generic-x86_64-with-glibc2.43,3.14.4,3.3.0,24,Intel(R) Core(TM) Ultra 9 285K,1,1 x NVIDIA GeForce RTX 5090,9.2986,48.7383,60.81614303588867,machine,0.0,0.0,0.0,0.0,N
gradient_updates_42,2026-09-15T04:31:09,mbpo_Ant-v5_seed85062,0db152d4-41ed-4568-9813-89713bac8b20,16.28053066600114,0.00024612850353882,1.5117970864053835e-05,27.97351141333975,66.24389734029113,20.0,0.00011907331081412176,0.0004365720159240638,9.044603312221514e-05,0.0006460913598603998,0.0,Germany,DEU,baden-wurttemberg,,,Linux-7.0.0-31-generic-x86_64-with-glibc2.43,3.14.4,3.3.0,24,Intel(R) Core(TM) Ultra 9 285K,1,1 x NVIDIA GeForce RTX 5090,9.2986,48.7383,60.81614303588867,machine,0.0,0.0,0.0,0.0,N
dynamics_model_update_43,2026-09-15T04:31:26,mbpo_Ant-v5_seed85062,0db152d4-41ed-4568-9813-89713bac8b20,17.535317090005265,0.00021461386310513836,1.2238935382144332e-05,27.963857078078718,66.26675259891232,20.0,0.00012369759729133345,0.0003422522182459087,9.741509614444397e-05,0.0005633649116816852,0.0,Germany,DEU,baden-wurttemberg,,,Linux-7.0.0-31-generic-x86_64-with-glibc2.43,3.14.4,3.3.0,24,Intel(R) Core(TM) Ultra 9 285K,1,1 x NVIDIA GeForce RTX 5090,9.2986,48.7383,60.81614303588867,machine,0.0,0.0,0.0,0.0,N
rollout_43,2026-09-15T04:31:27,mbpo_Ant-v5_seed85062,0db152d4-41ed-4568-9813-89713bac8b20,0.3581578890007222,3.989404509137373e-06,1.1138980303619809e-05,27.998636542374133,66.18067801079411,20.0,3.4133341195521916e-06,5.071670724055011e-06,1.9872474444531177e-06,1.0472252288062922e-05,0.0,Germany,DEU,baden-wurttemberg,,,Linux-7.0.0-31-generic-x86_64-with-glibc2.43,3.14.4,3.3.0,24,Intel(R) Core(TM) Ultra 9 285K,1,1 x NVIDIA GeForce RTX 5090,9.2986,48.7383,60.81614303588867,machine,0.0,0.0,0.0,0.0,N
synthetic_rollout_generation_43,2026-09-15T04:31:27,mbpo_Ant-v5_seed85062,0db152d4-41ed-4568-9813-89713bac8b20,0.04241541800001869,9.665517791621059e-07,2.279208745238846e-05,28.02406143388485,66.7306727852379,20.0,4.0118670983219085e-07,1.9044459680372938e-06,2.3158160001885558e-07,2.5372142778909423e-06,0.0,Germany,DEU,baden-wurttemberg,,,Linux-7.0.0-31-generic-x86_64-with-glibc2.43,3.14.4,3.3.0,24,Intel(R) Core(TM) Ultra 9 285K,1,1 x NVIDIA GeForce RTX 5090,9.2986,48.7383,60.81614303588867,machine,0.0,0.0,0.0,0.0,N
gradient_updates_43,2026-09-15T04:31:43,mbpo_Ant-v5_seed85062,0db152d4-41ed-4568-9813-89713bac8b20,16.370807223996962,0.00024156759977682699,1.4756006135667025e-05,28.046338542101708,66.89212175340667,20.0,0.00010829221524480404,0.0004348772923459254,9.094940506664765e-05,0.0006341189126573762,0.0,Germany,DEU,baden-wurttemberg,,,Linux-7.0.0-31-generic-x86_64-with-glibc2.43,3.14.4,3.3.0,24,Intel(R) Core(TM) Ultra 9 285K,1,1 x NVIDIA GeForce RTX 5090,9.2986,48.7383,60.81614303588867,machine,0.0,0.0,0.0,0.0,N
dynamics_model_update_44,2026-09-15T04:32:08,mbpo_Ant-v5_seed85062,0db152d4-41ed-4568-9813-89713bac8b20,25.27858859999833,0.00030592368577542217,1.2102091210251757e-05,28.022947283623388,66.90873095566165,20.0,0.0001719324942125594,0.000490688725884203,0.00014043347415556347,0.0008030546942523267,0.0,Germany,DEU,baden-wurttemberg,,,Linux-7.0.0-31-generic-x86_64-with-glibc2.43,3.14.4,3.3.0,24,Intel(R) Core(TM) Ultra 9 285K,1,1 x NVIDIA GeForce RTX 5090,9.2986,48.7383,60.81614303588867,machine,0.0,0.0,0.0,0.0,N
rollout_44,2026-09-15T04:32:09,mbpo_Ant-v5_seed85062,0db152d4-41ed-4568-9813-89713bac8b20,0.36170473499805667,4.686313343833792e-06,1.2956009946534027e-05,28.05643333283785,66.91606101861723,20.0,3.44391969957919e-06,6.850283257753276e-06,2.007446455536653e-06,1.2301649412869986e-05,0.0,Germany,DEU,baden-wurttemberg,,,Linux-7.0.0-31-generic-x86_64-with-glibc2.43,3.14.4,3.3.0,24,Intel(R) Core(TM) Ultra 9 285K,1,1 x NVIDIA GeForce RTX 5090,9.2986,48.7383,60.81614303588867,machine,0.0,0.0,0.0,0.0,N
synthetic_rollout_generation_44,2026-09-15T04:32:09,mbpo_Ant-v5_seed85062,0db152d4-41ed-4568-9813-89713bac8b20,0.04006233299878659,2.2805100132264333e-07,5.693188427664694e-06,28.080518025138215,66.54839035367976,20.0,3.7916308110591546e-07,0.0,2.1947453885014234e-07,5.986376199543231e-07,0.0,Germany,DEU,baden-wurttemberg,,,Linux-7.0.0-31-generic-x86_64-with-glibc2.43,3.14.4,3.3.0,24,Intel(R) Core(TM) Ultra 9 285K,1,1 x NVIDIA GeForce RTX 5090,9.2986,48.7383,60.81614303588867,machine,0.0,0.0,0.0,0.0,N
gradient_updates_44,2026-09-15T04:32:25,mbpo_Ant-v5_seed85062,0db152d4-41ed-4568-9813-89713bac8b20,16.367146386997774,0.00024243879158137097,1.4812537653108844e-05,28.101617854063736,66.70934456164863,20.0,0.00010900686803875376,0.00043647090473197814,9.09280326666503e-05,0.0006364058054373831,0.0,Germany,DEU,baden-wurttemberg,,,Linux-7.0.0-31-generic-x86_64-with-glibc2.43,3.14.4,3.3.0,24,Intel(R) Core(TM) Ultra 9 285K,1,1 x NVIDIA GeForce RTX 5090,9.2986,48.7383,60.81614303588867,machine,0.0,0.0,0.0,0.0,N
dynamics_model_update_45,2026-09-15T04:32:44,mbpo_Ant-v5_seed85062,0db152d4-41ed-4568-9813-89713bac8b20,18.516617847002635,0.0002192389463087363,1.18401036416166e-05,28.078627455792244,66.72638052201901,20.0,0.00011340413794545812,0.0003592344540541692,0.00010286723897224865,0.0005755058309718786,0.0,Germany,DEU,baden-wurttemberg,,,Linux-7.0.0-31-generic-x86_64-with-glibc2.43,3.14.4,3.3.0,24,Intel(R) Core(TM) Ultra 9 285K,1,1 x NVIDIA GeForce RTX 5090,9.2986,48.7383,60.81614303588867,machine,0.0,0.0,0.0,0.0,N
rollout_45,2026-09-15T04:32:44,mbpo_Ant-v5_seed85062,0db152d4-41ed-4568-9813-89713bac8b20,0.37079254900163505,4.463240802454055e-06,1.2036816384267085e-05,28.071872150239333,66.72700793057342,20.0,2.778620556226352e-06,6.879449947927441e-06,2.0580098277905856e-06,1.1716080331944378e-05,0.0,Germany,DEU,baden-wurttemberg,,,Linux-7.0.0-31-generic-x86_64-with-glibc2.43,3.14.4,3.3.0,24,Intel(R) Core(TM) Ultra 9 285K,1,1 x NVIDIA GeForce RTX 5090,9.2986,48.7383,60.81614303588867,machine,0.0,0.0,0.0,0.0,N
synthetic_rollout_generation_45,2026-09-15T04:32:44,mbpo_Ant-v5_seed85062,0db152d4-41ed-4568-9813-89713bac8b20,0.042357831000117585,2.3989554234077337e-07,5.664382753238346e-06,28.094209344846202,66.36826057610797,20.0,3.972364288964969e-07,0.0,2.324933055606465e-07,6.297297344554087e-07,0.0,Germany,DEU,baden-wurttemberg,,,Linux-7.0.0-31-generic-x86_64-with-glibc2.43,3.14.4,3.3.0,24,Intel(R) Core(TM) Ultra 9 285K,1,1 x NVIDIA GeForce RTX 5090,9.2986,48.7383,60.81614303588867,machine,0.0,0.0,0.0,0.0,N
gradient_updates_45,2026-09-15T04:33:00,mbpo_Ant-v5_seed85062,0db152d4-41ed-4568-9813-89713bac8b20,16.187507426002412,0.00024603582752185174,1.5199119549730895e-05,28.114773229873315,66.52821862498453,20.0,0.0001229914386708525,0.00043292673523009917,8.992990989443398e-05,0.0006458480837953848,0.0,Germany,DEU,baden-wurttemberg,,,Linux-7.0.0-31-generic-x86_64-with-glibc2.43,3.14.4,3.3.0,24,Intel(R) Core(TM) Ultra 9 285K,1,1 x NVIDIA GeForce RTX 5090,9.2986,48.7383,60.81614303588867,machine,0.0,0.0,0.0,0.0,N
dynamics_model_update_46,2026-09-15T04:33:19,mbpo_Ant-v5_seed85062,0db152d4-41ed-4568-9813-89713bac8b20,18.732882327996776,0.00022930921337419377,1.2241002224421829e-05,28.11009590075687,66.54923730556352,20.0,0.00013112839406929921,0.000366742237837947,0.00010406981532780444,0.0006019404472350498,0.0,Germany,DEU,baden-wurttemberg,,,Linux-7.0.0-31-generic-x86_64-with-glibc2.43,3.14.4,3.3.0,24,Intel(R) Core(TM) Ultra 9 285K,1,1 x NVIDIA GeForce RTX 5090,9.2986,48.7383,60.81614303588867,machine,0.0,0.0,0.0,0.0,N
rollout_46,2026-09-15T04:33:19,mbpo_Ant-v5_seed85062,0db152d4-41ed-4568-9813-89713bac8b20,0.3597171139990678,4.052155637430943e-06,1.1264802777694102e-05,28.1486411131443,66.46659458094118,20.0,3.556698956463933e-06,5.0841707339710496e-06,1.9961053389127084e-06,1.0636975029350293e-05,0.0,Germany,DEU,baden-wurttemberg,,,Linux-7.0.0-31-generic-x86_64-with-glibc2.43,3.14.4,3.3.0,24,Intel(R) Core(TM) Ultra 9 285K,1,1 x NVIDIA GeForce RTX 5090,9.2986,48.7383,60.81614303588867,machine,0.0,0.0,0.0,0.0,N
synthetic_rollout_generation_46,2026-09-15T04:33:19,mbpo_Ant-v5_seed85062,0db152d4-41ed-4568-9813-89713bac8b20,0.044167317006213125,9.529086833319489e-07,2.1576174020234086e-05,28.169920498587913,66.87728942260865,20.0,4.2783867560541866e-07,1.8219459019253037e-06,2.5161634997251936e-07,2.501400927501507e-06,0.0,Germany,DEU,baden-wurttemberg,,,Linux-7.0.0-31-generic-x86_64-with-glibc2.43,3.14.4,3.3.0,24,Intel(R) Core(TM) Ultra 9 285K,1,1 x NVIDIA GeForce RTX 5090,9.2986,48.7383,60.81614303588867,machine,0.0,0.0,0.0,0.0,N
gradient_updates_46,2026-09-15T04:33:35,mbpo_Ant-v5_seed85062,0db152d4-41ed-4568-9813-89713bac8b20,16.213680998997006,0.0002449229834711984,1.5105950176863634e-05,28.18926430844566,67.03039815674319,20.0,0.00011995301235122324,0.00043290034632015306,9.0073491233327e-05,0.0006429268499047042,0.0,Germany,DEU,baden-wurttemberg,,,Linux-7.0.0-31-generic-x86_64-with-glibc2.43,3.14.4,3.3.0,24,Intel(R) Core(TM) Ultra 9 285K,1,1 x NVIDIA GeForce RTX 5090,9.2986,48.7383,60.81614303588867,machine,0.0,0.0,0.0,0.0,N
dynamics_model_update_47,2026-09-15T04:34:01,mbpo_Ant-v5_seed85062,0db152d4-41ed-4568-9813-89713bac8b20,25.603221862998907,0.0003019221378619402,1.1792343511236346e-05,28.18015492322189,67.04457457368532,20.0,0.0001542468258973681,0.0004960673412979233,0.0001422363981333349,0.0007925505653286272,0.0,Germany,DEU,baden-wurttemberg,,,Linux-7.0.0-31-generic-x86_64-with-glibc2.43,3.14.4,3.3.0,24,Intel(R) Core(TM) Ultra 9 285K,1,1 x NVIDIA GeForce RTX 5090,9.2986,48.7383,60.81614303588867,machine,0.0,0.0,0.0,0.0,N
rollout_47,2026-09-15T04:34:01,mbpo_Ant-v5_seed85062,0db152d4-41ed-4568-9813-89713bac8b20,0.3700498969992623,4.423500296519417e-06,1.1953526304780763e-05,28.17129634622502,67.04130111995953,20.0,2.736133577797839e-06,6.821672124068812e-06,2.053955150000883e-06,1.1611760851869268e-05,0.0,Germany,DEU,baden-wurttemberg,,,Linux-7.0.0-31-generic-x86_64-with-glibc2.43,3.14.4,3.3.0,24,Intel(R) Core(TM) Ultra 9 285K,1,1 x NVIDIA GeForce RTX 5090,9.2986,48.7383,60.81614303588867,machine,0.0,0.0,0.0,0.0,N
synthetic_rollout_generation_47,2026-09-15T04:34:02,mbpo_Ant-v5_seed85062,0db152d4-41ed-4568-9813-89713bac8b20,0.04739763199904701,2.697149271285726e-07,5.690703260564829e-06,28.194436672401856,66.69572740284634,20.0,4.484550809868981e-07,0.0,2.595510277588614e-07,7.080061087474943e-07,0.0,Germany,DEU,baden-wurttemberg,,,Linux-7.0.0-31-generic-x86_64-with-glibc2.43,3.14.4,3.3.0,24,Intel(R) Core(TM) Ultra 9 285K,1,1 x NVIDIA GeForce RTX 5090,9.2986,48.7383,60.81614303588867,machine,0.0,0.0,0.0,0.0,N
gradient_updates_47,2026-09-15T04:34:18,mbpo_Ant-v5_seed85062,0db152d4-41ed-4568-9813-89713bac8b20,16.29955956399499,0.0002457743183555301,1.5078589759725675e-05,28.2154472547293,66.84654052448076,20.0,0.00011948846753513653,0.00043512173698601053,9.055141342222649e-05,0.0006451616179433753,0.0,Germany,DEU,baden-wurttemberg,,,Linux-7.0.0-31-generic-x86_64-with-glibc2.43,3.14.4,3.3.0,24,Intel(R) Core(TM) Ultra 9 285K,1,1 x NVIDIA GeForce RTX 5090,9.2986,48.7383,60.81614303588867,machine,0.0,0.0,0.0,0.0,N
dynamics_model_update_48,2026-09-15T04:34:39,mbpo_Ant-v5_seed85062,0db152d4-41ed-4568-9813-89713bac8b20,20.77804566299892,0.00025234985028025486,1.2145029814191383e-05,28.205810466371407,66.86087024144318,20.0,0.00014497319458957325,0.0004020186549478222,0.00011543064758888152,0.0006624224971262735,0.0,Germany,DEU,baden-wurttemberg,,,Linux-7.0.0-31-generic-x86_64-with-glibc2.43,3.14.4,3.3.0,24,Intel(R) Core(TM) Ultra 9 285K,1,1 x NVIDIA GeForce RTX 5090,9.2986,48.7383,60.81614303588867,machine,0.0,0.0,0.0,0.0,N
rollout_48,2026-09-15T04:34:39,mbpo_Ant-v5_seed85062,0db152d4-41ed-4568-9813-89713bac8b20,0.3628730579948751,4.668378286356439e-06,1.2865195079826966e-05,28.235446320922645,66.86371970302898,20.0,3.4507691495030968e-06,6.7900054321334835e-06,2.013795011104186e-06,1.2254569592744236e-05,0.0,Germany,DEU,baden-wurttemberg,,,Linux-7.0.0-31-generic-x86_64-with-glibc2.43,3.14.4,3.3.0,24,Intel(R) Core(TM) Ultra 9 285K,1,1 x NVIDIA GeForce RTX 5090,9.2986,48.7383,60.81614303588867,machine,0.0,0.0,0.0,0.0,N
synthetic_rollout_generation_48,2026-09-15T04:34:39,mbpo_Ant-v5_seed85062,0db152d4-41ed-4568-9813-89713bac8b20,0.044184100996062625,2.492010759171104e-07,5.640937580945962e-06,28.255018252237218,66.52602414897328,20.0,4.1181699612230505e-07,0.0,2.423399166427004e-07,6.541569127632707e-07,0.0,Germany,DEU,baden-wurttemberg,,,Linux-7.0.0-31-generic-x86_64-with-glibc2.43,3.14.4,3.3.0,24,Intel(R) Core(TM) Ultra 9 285K,1,1 x NVIDIA GeForce RTX 5090,9.2986,48.7383,60.81614303588867,machine,0.0,0.0,0.0,0.0,N
gradient_updates_48,2026-09-15T04:34:55,mbpo_Ant-v5_seed85062,0db152d4-41ed-4568-9813-89713bac8b20,16.26636759500252,0.00024277212366243667,1.4924797182726154e-05,28.272226696157556,66.67542390925091,20.0,0.00011198537847711271,0.0004349275701640565,9.036785897777871e-05,0.0006372808076189479,0.0,Germany,DEU,baden-wurttemberg,,,Linux-7.0.0-31-generic-x86_64-with-glibc2.43,3.14.4,3.3.0,24,Intel(R) Core(TM) Ultra 9 285K,1,1 x NVIDIA GeForce RTX 5090,9.2986,48.7383,60.81614303588867,machine,0.0,0.0,0.0,0.0,N
dynamics_model_update_49,2026-09-15T04:35:18,mbpo_Ant-v5_seed85062,0db152d4-41ed-4568-9813-89713bac8b20,22.568915435003873,0.0002707131408829465,1.1994944849600405e-05,28.25451326951967,66.690747791407,20.0,0.00014802827008918856,0.00043721479421598985,0.00012538337192777825,0.0007106264362329584,0.0,Germany,DEU,baden-wurttemberg,,,Linux-7.0.0-31-generic-x86_64-with-glibc2.43,3.14.4,3.3.0,24,Intel(R) Core(TM) Ultra 9 285K,1,1 x NVIDIA GeForce RTX 5090,9.2986,48.7383,60.81614303588867,machine,0.0,0.0,0.0,0.0,N
rollout_49,2026-09-15T04:35:18,mbpo_Ant-v5_seed85062,0db152d4-41ed-4568-9813-89713bac8b20,0.36917776799964486,3.7361991612472334e-06,1.0120153929239917e-05,28.244089174709522,66.60469392483813,20.0,2.6975627136008318e-06,5.0611151598545234e-06,2.04890622222155e-06,9.80758409567517e-06,0.0,Germany,DEU,baden-wurttemberg,,,Linux-7.0.0-31-generic-x86_64-with-glibc2.43,3.14.4,3.3.0,24,Intel(R) Core(TM) Ultra 9 285K,1,1 x NVIDIA GeForce RTX 5090,9.2986,48.7383,60.81614303588867,machine,0.0,0.0,0.0,0.0,N
synthetic_rollout_generation_49,2026-09-15T04:35:18,mbpo_Ant-v5_seed85062,0db152d4-41ed-4568-9813-89713bac8b20,0.05168879700067919,9.41035245359545e-07,1.820707829953701e-05,28.266293744482432,66.87694720882261,20.0,4.882292794772258e-07,1.7025013618887641e-06,2.795023166576177e-07,2.4702329580253424e-06,0.0,Germany,DEU,baden-wurttemberg,,,Linux-7.0.0-31-generic-x86_64-with-glibc2.43,3.14.4,3.3.0,24,Intel(R) Core(TM) Ultra 9 285K,1,1 x NVIDIA GeForce RTX 5090,9.2986,48.7383,60.81614303588867,machine,0.0,0.0,0.0,0.0,N
gradient_updates_49,2026-09-15T04:35:35,mbpo_Ant-v5_seed85062,0db152d4-41ed-4568-9813-89713bac8b20,16.247483669998473,0.00024651356300062904,1.5172419427034463e-05,28.286659573972496,67.02152297789965,20.0,0.00012251092328643964,0.0004343206252341858,9.027059874444805e-05,0.0006471021472650718,0.0,Germany,DEU,baden-wurttemberg,,,Linux-7.0.0-31-generic-x86_64-with-glibc2.43,3.14.4,3.3.0,24,Intel(R) Core(TM) Ultra 9 285K,1,1 x NVIDIA GeForce RTX 5090,9.2986,48.7383,60.81614303588867,machine,0.0,0.0,0.0,0.0,N
dynamics_model_update_50,2026-09-15T04:35:50,mbpo_Ant-v5_seed85062,0db152d4-41ed-4568-9813-89713bac8b20,15.616083098997478,0.0002030536768268948,1.300285887998691e-05,28.28197510594067,67.04918061605106,20.0,0.0001310762598609322,0.00031519025215209773,8.675272102777291e-05,0.0005330192330408046,0.0,Germany,DEU,baden-wurttemberg,,,Linux-7.0.0-31-generic-x86_64-with-glibc2.43,3.14.4,3.3.0,24,Intel(R) Core(TM) Ultra 9 285K,1,1 x NVIDIA GeForce RTX 5090,9.2986,48.7383,60.81614303588867,machine,0.0,0.0,0.0,0.0,N
rollout_50,2026-09-15T04:35:51,mbpo_Ant-v5_seed85062,0db152d4-41ed-4568-9813-89713bac8b20,0.35339371799636865,3.970550469526574e-06,1.1235302542659153e-05,28.313005099623236,66.97283238184913,20.0,3.420387180756712e-06,5.041115143988861e-06,1.9612578000104824e-06,1.042276012475779e-05,0.0,Germany,DEU,baden-wurttemberg,,,Linux-7.0.0-31-generic-x86_64-with-glibc2.43,3.14.4,3.3.0,24,Intel(R) Core(TM) Ultra 9 285K,1,1 x NVIDIA GeForce RTX 5090,9.2986,48.7383,60.81614303588867,machine,0.0,0.0,0.0,0.0,N
synthetic_rollout_generation_50,2026-09-15T04:35:51,mbpo_Ant-v5_seed85062,0db152d4-41ed-4568-9813-89713bac8b20,0.04905940999742597,1.076047123623608e-06,2.193666598279109e-05,28.340482032206456,67.40879328608173,20.0,4.817528854034192e-07,2.0783349958808373e-06,2.645534722331422e-07,2.8246413535173986e-06,0.0,Germany,DEU,baden-wurttemberg,,,Linux-7.0.0-31-generic-x86_64-with-glibc2.43,3.14.4,3.3.0,24,Intel(R) Core(TM) Ultra 9 285K,1,1 x NVIDIA GeForce RTX 5090,9.2986,48.7383,60.81614303588867,machine,0.0,0.0,0.0,0.0,N
gradient_updates_50,2026-09-15T04:36:07,mbpo_Ant-v5_seed85062,0db152d4-41ed-4568-9813-89713bac8b20,16.515866757996264,0.00024691304869782493,1.4950059310647255e-05,28.365406883445967,67.54378347772118,20.0,0.00011895970072323819,0.0004374389610621865,9.175214198888469e-05,0.0006481508037743111,0.0,Germany,DEU,baden-wurttemberg,,,Linux-7.0.0-31-generic-x86_64-with-glibc2.43,3.14.4,3.3.0,24,Intel(R) Core(TM) Ultra 9 285K,1,1 x NVIDIA GeForce RTX 5090,9.2986,48.7383,60.81614303588867,machine,0.0,0.0,0.0,0.0,N
dynamics_model_update_51,2026-09-15T04:36:32,mbpo_Ant-v5_seed85062,0db152d4-41ed-4568-9813-89713bac8b20,24.64418273600313,0.0002988764890176944,1.2127658074527667e-05,28.353571780155185,67.55201030343868,20.0,0.00017356353746182662,0.0004740831570437809,0.00013690899263888757,0.0007845556871444934,0.0,Germany,DEU,baden-wurttemberg,,,Linux-7.0.0-31-generic-x86_64-with-glibc2.43,3.14.4,3.3.0,24,Intel(R) Core(TM) Ultra 9 285K,1,1 x NVIDIA GeForce RTX 5090,9.2986,48.7383,60.81614303588867,machine,0.0,0.0,0.0,0.0,N
rollout_51,2026-09-15T04:36:32,mbpo_Ant-v5_seed85062,0db152d4-41ed-4568-9813-89713bac8b20,0.3580311010009609,4.6899139233350096e-06,1.3099836089258251e-05,28.383218862864684,67.55960992296289,20.0,3.4553297087042134e-06,6.869172162193848e-06,1.986599122229954e-06,1.2311100993131485e-05,0.0,Germany,DEU,baden-wurttemberg,,,Linux-7.0.0-31-generic-x86_64-with-glibc2.43,3.14.4,3.3.0,24,Intel(R) Core(TM) Ultra 9 285K,1,1 x NVIDIA GeForce RTX 5090,9.2986,48.7383,60.81614303588867,machine,0.0,0.0,0.0,0.0,N
synthetic_rollout_generation_51,2026-09-15T04:36:32,mbpo_Ant-v5_seed85062,0db152d4-41ed-4568-9813-89713bac8b20,0.051781773996481206,2.9168910425231287e-07,5.633820989300358e-06,28.403422403994583,67.2378974947583,20.0,4.872123342200552e-07,0.0,2.7847635000223525e-07,7.656886842205557e-07,0.0,Germany,DEU,baden-wurttemberg,,,Linux-7.0.0-31-generic-x86_64-with-glibc2.43,3.14.4,3.3.0,24,Intel(R) Core(TM) Ultra 9 285K,1,1 x NVIDIA GeForce RTX 5090,9.2986,48.7383,60.81614303588867,machine,0.0,0.0,0.0,0.0,N
gradient_updates_51,2026-09-15T04:36:49,mbpo_Ant-v5_seed85062,0db152d4-41ed-4568-9813-89713bac8b20,16.39131628099858,0.0002426732181138279,1.4804992194260745e-05,28.421360840577027,67.3681076921256,20.0,0.00011470460815249384,0.0004312514561120029,9.106511466666807e-05,0.0006370211789311631,0.0,Germany,DEU,baden-wurttemberg,,,Linux-7.0.0-31-generic-x86_64-with-glibc2.43,3.14.4,3.3.0,24,Intel(R) Core(TM) Ultra 9 285K,1,1 x NVIDIA GeForce RTX 5090,9.2986,48.7383,60.81614303588867,machine,0.0,0.0,0.0,0.0,N
dynamics_model_update_52,2026-09-15T04:37:07,mbpo_Ant-v5_seed85062,0db152d4-41ed-4568-9813-89713bac8b20,18.209667713003,0.00022209291414814272,1.2196431354552239e-05,28.406115188637592,67.38072583550962,20.0,0.00012754884092788105,0.0003542866723178495,0.00010116203012779275,0.0005829975433735216,0.0,Germany,DEU,baden-wurttemberg,,,Linux-7.0.0-31-generic-x86_64-with-glibc2.43,3.14.4,3.3.0,24,Intel(R) Core(TM) Ultra 9 285K,1,1 x NVIDIA GeForce RTX 5090,9.2986,48.7383,60.81614303588867,machine,0.0,0.0,0.0,0.0,N
rollout_52,2026-09-15T04:37:07,mbpo_Ant-v5_seed85062,0db152d4-41ed-4568-9813-89713bac8b20,0.3601207519968739,3.986303337557423e-06,1.1069628291373064e-05,28.43269595658121,67.30113482888035,20.0,3.4272027417542317e-06,5.038892920028459e-06,1.9980160000064584e-06,1.046411166178568e-05,0.0,Germany,DEU,baden-wurttemberg,,,Linux-7.0.0-31-generic-x86_64-with-glibc2.43,3.14.4,3.3.0,24,Intel(R) Core(TM) Ultra 9 285K,1,1 x NVIDIA GeForce RTX 5090,9.2986,48.7383,60.81614303588867,machine,0.0,0.0,0.0,0.0,N
synthetic_rollout_generation_52,2026-09-15T04:37:07,mbpo_Ant-v5_seed85062,0db152d4-41ed-4568-9813-89713bac8b20,0.05235237599845277,1.0346769928164246e-06,1.976452722772764e-05,28.453685214108297,67.61240865136476,20.0,4.970456754099795e-07,1.9311126560062064e-06,2.8788575000444905e-07,2.7160440814189e-06,0.0,Germany,DEU,baden-wurttemberg,,,Linux-7.0.0-31-generic-x86_64-with-glibc2.43,3.14.4,3.3.0,24,Intel(R) Core(TM) Ultra 9 285K,1,1 x NVIDIA GeForce RTX 5090,9.2986,48.7383,60.81614303588867,machine,0.0,0.0,0.0,0.0,N
gradient_updates_52,2026-09-15T04:37:24,mbpo_Ant-v5_seed85062,0db152d4-41ed-4568-9813-89713bac8b20,16.411049791997357,0.0002465959608975582,1.5026222863322996e-05,28.472661992060875,67.74312266738778,20.0,0.00011982641530549482,0.0004363222935019895,9.116973428887482e-05,0.0006473184430963591,0.0,Germany,DEU,baden-wurttemberg,,,Linux-7.0.0-31-generic-x86_64-with-glibc2.43,3.14.4,3.3.0,24,Intel(R) Core(TM) Ultra 9 285K,1,1 x NVIDIA GeForce RTX 5090,9.2986,48.7383,60.81614303588867,machine,0.0,0.0,0.0,0.0,N
dynamics_model_update_53,2026-09-15T04:37:45,mbpo_Ant-v5_seed85062,0db152d4-41ed-4568-9813-89713bac8b20,21.396767386999272,0.00025865090894389847,1.2088302765283466e-05,28.46218109833258,67.75157938135311,20.0,0.0001466005245025423,0.00041349171968207976,0.00011887063531111283,0.0006789628794957314,0.0,Germany,DEU,baden-wurttemberg,,,Linux-7.0.0-31-generic-x86_64-with-glibc2.43,3.14.4,3.3.0,24,Intel(R) Core(TM) Ultra 9 285K,1,1 x NVIDIA GeForce RTX 5090,9.2986,48.7383,60.81614303588867,machine,0.0,0.0,0.0,0.0,N
rollout_53,2026-09-15T04:37:45,mbpo_Ant-v5_seed85062,0db152d4-41ed-4568-9813-89713bac8b20,0.35988380500202766,4.628857675274128e-06,1.2862446738948594e-05,28.48578469154589,67.75364967078217,20.0,3.3764927011917245e-06,6.785005427945023e-06,1.989329211129695e-06,1.2150827340268178e-05,0.0,Germany,DEU,baden-wurttemberg,,,Linux-7.0.0-31-generic-x86_64-with-glibc2.43,3.14.4,3.3.0,24,Intel(R) Core(TM) Ultra 9 285K,1,1 x NVIDIA GeForce RTX 5090,9.2986,48.7383,60.81614303588867,machine,0.0,0.0,0.0,0.0,N
synthetic_rollout_generation_53,2026-09-15T04:37:45,mbpo_Ant-v5_seed85062,0db152d4-41ed-4568-9813-89713bac8b20,0.054887596001208294,3.095775771393139e-07,5.640856496908906e-06,28.50301608171486,67.44285311265931,20.0,5.098801301242628e-07,0.0,3.027660889030198e-07,8.126462190255479e-07,0.0,Germany,DEU,baden-wurttemberg,,,Linux-7.0.0-31-generic-x86_64-with-glibc2.43,3.14.4,3.3.0,24,Intel(R) Core(TM) Ultra 9 285K,1,1 x NVIDIA GeForce RTX 5090,9.2986,48.7383,60.81614303588867,machine,0.0,0.0,0.0,0.0,N
gradient_updates_53,2026-09-15T04:38:02,mbpo_Ant-v5_seed85062,0db152d4-41ed-4568-9813-89713bac8b20,16.550072382000508,0.00024321799073995926,1.4695896499970479e-05,28.51774713427169,67.57031370792647,20.0,0.00010813803401036465,0.0004383711840298954,9.194199797222732e-05,0.0006384512160124908,0.0,Germany,DEU,baden-wurttemberg,,,Linux-7.0.0-31-generic-x86_64-with-glibc2.43,3.14.4,3.3.0,24,Intel(R) Core(TM) Ultra 9 285K,1,1 x NVIDIA GeForce RTX 5090,9.2986,48.7383,60.81614303588867,machine,0.0,0.0,0.0,0.0,N
dynamics_model_update_54,2026-09-15T04:38:24,mbpo_Ant-v5_seed85062,0db152d4-41ed-4568-9813-89713bac8b20,21.915713606998906,0.00026088080255230045,1.1903827379025412e-05,28.494897266861926,67.5795431317551,20.0,0.00013936604038162353,0.00042369950562615166,0.00012175084079442747,0.0006848163868022061,0.0,Germany,DEU,baden-wurttemberg,,,Linux-7.0.0-31-generic-x86_64-with-glibc2.43,3.14.4,3.3.0,24,Intel(R) Core(TM) Ultra 9 285K,1,1 x NVIDIA GeForce RTX 5090,9.2986,48.7383,60.81614303588867,machine,0.0,0.0,0.0,0.0,N
rollout_54,2026-09-15T04:38:24,mbpo_Ant-v5_seed85062,0db152d4-41ed-4568-9813-89713bac8b20,0.37617116999899736,4.415570431032939e-06,1.1738033991870721e-05,28.48469385878636,67.56617206912874,20.0,2.7567497054015178e-06,6.746672063906445e-06,2.087523055565449e-06,1.1590944824869942e-05,0.0,Germany,DEU,baden-wurttemberg,,,Linux-7.0.0-31-generic-x86_64-with-glibc2.43,3.14.4,3.3.0,24,Intel(R) Core(TM) Ultra 9 285K,1,1 x NVIDIA GeForce RTX 5090,9.2986,48.7383,60.81614303588867,machine,0.0,0.0,0.0,0.0,N
synthetic_rollout_generation_54,2026-09-15T04:38:24,mbpo_Ant-v5_seed85062,0db152d4-41ed-4568-9813-89713bac8b20,0.05216627699701348,3.098461180683909e-07,5.940200441935023e-06,28.513894919771133,67.26181994269122,20.0,5.264101433574697e-07,0.0,2.869410000126693e-07,8.133511433736085e-07,0.0,Germany,DEU,baden-wurttemberg,,,Linux-7.0.0-31-generic-x86_64-with-glibc2.43,3.14.4,3.3.0,24,Intel(R) Core(TM) Ultra 9 285K,1,1 x NVIDIA GeForce RTX 5090,9.2986,48.7383,60.81614303588867,machine,0.0,0.0,0.0,0.0,N
gradient_updates_54,2026-09-15T04:38:41,mbpo_Ant-v5_seed85062,0db152d4-41ed-4568-9813-89713bac8b20,16.20566432600026,0.0002447345931442836,1.510179550715984e-05,28.54055618898189,67.39239690737519,20.0,0.00011854942650613154,0.0004338539581940637,9.002893750556691e-05,0.0006424323222057604,0.0,Germany,DEU,baden-wurttemberg,,,Linux-7.0.0-31-generic-x86_64-with-glibc2.43,3.14.4,3.3.0,24,Intel(R) Core(TM) Ultra 9 285K,1,1 x NVIDIA GeForce RTX 5090,9.2986,48.7383,60.81614303588867,machine,0.0,0.0,0.0,0.0,N
dynamics_model_update_55,2026-09-15T04:39:06,mbpo_Ant-v5_seed85062,0db152d4-41ed-4568-9813-89713bac8b20,25.11182603000634,0.0003007444461324109,1.1976198777030225e-05,28.530185828659853,67.40320663323428,20.0,0.00016297539732466199,0.000486976778470094,0.00013950692942222946,0.0007894591052169872,0.0,Germany,DEU,baden-wurttemberg,,,Linux-7.0.0-31-generic-x86_64-with-glibc2.43,3.14.4,3.3.0,24,Intel(R) Core(TM) Ultra 9 285K,1,1 x NVIDIA GeForce RTX 5090,9.2986,48.7383,60.81614303588867,machine,0.0,0.0,0.0,0.0,N
rollout_55,2026-09-15T04:39:06,mbpo_Ant-v5_seed85062,0db152d4-41ed-4568-9813-89713bac8b20,0.377865517999453,4.447618033337486e-06,1.1770213675519545e-05,28.51814827949845,67.39403751818506,20.0,2.725096346745115e-06,6.852783259958528e-06,2.097190699996976e-06,1.1675070306700619e-05,0.0,Germany,DEU,baden-wurttemberg,,,Linux-7.0.0-31-generic-x86_64-with-glibc2.43,3.14.4,3.3.0,24,Intel(R) Core(TM) Ultra 9 285K,1,1 x NVIDIA GeForce RTX 5090,9.2986,48.7383,60.81614303588867,machine,0.0,0.0,0.0,0.0,N
synthetic_rollout_generation_55,2026-09-15T04:39:06,mbpo_Ant-v5_seed85062,0db152d4-41ed-4568-9813-89713bac8b20,0.05839089900109684,1.0573626980578399e-06,1.8109237424021167e-05,28.537795126469273,67.61817352521014,20.0,5.532487759377092e-07,1.9008348539628628e-06,3.2151079996933785e-07,2.7755944298699098e-06,0.0,Germany,DEU,baden-wurttemberg,,,Linux-7.0.0-31-generic-x86_64-with-glibc2.43,3.14.4,3.3.0,24,Intel(R) Core(TM) Ultra 9 285K,1,1 x NVIDIA GeForce RTX 5090,9.2986,48.7383,60.81614303588867,machine,0.0,0.0,0.0,0.0,N
gradient_updates_55,2026-09-15T04:39:22,mbpo_Ant-v5_seed85062,0db152d4-41ed-4568-9813-89713bac8b20,16.370838613998785,0.00024462342791495284,1.4942637367428023e-05,28.555219896516952,67.74389665540984,20.0,0.00011393382031364696,0.00043726034980795525,9.094634153334474e-05,0.000642140511654947,0.0,Germany,DEU,baden-wurttemberg,,,Linux-7.0.0-31-generic-x86_64-with-glibc2.43,3.14.4,3.3.0,24,Intel(R) Core(TM) Ultra 9 285K,1,1 x NVIDIA GeForce RTX 5090,9.2986,48.7383,60.81614303588867,machine,0.0,0.0,0.0,0.0,N
dynamics_model_update_56,2026-09-15T04:39:45,mbpo_Ant-v5_seed85062,0db152d4-41ed-4568-9813-89713bac8b20,22.418978515001072,0.00027303568409273865,1.2178782009989947e-05,28.539950648584377,67.75169136955901,20.0,0.00015924354489473685,0.0004329328463461568,0.00012454675902222843,0.0007167231502631238,0.0,Germany,DEU,baden-wurttemberg,,,Linux-7.0.0-31-generic-x86_64-with-glibc2.43,3.14.4,3.3.0,24,Intel(R) Core(TM) Ultra 9 285K,1,1 x NVIDIA GeForce RTX 5090,9.2986,48.7383,60.81614303588867,machine,0.0,0.0,0.0,0.0,N
rollout_56,2026-09-15T04:39:45,mbpo_Ant-v5_seed85062,0db152d4-41ed-4568-9813-89713bac8b20,0.3591309010007535,4.037072918575829e-06,1.124132395390581e-05,28.56617189565,67.68102825262683,20.0,3.465502494616468e-06,5.13917077804571e-06,1.9927093722390404e-06,1.0597382644902953e-05,0.0,Germany,DEU,baden-wurttemberg,,,Linux-7.0.0-31-generic-x86_64-with-glibc2.43,3.14.4,3.3.0,24,Intel(R) Core(TM) Ultra 9 285K,1,1 x NVIDIA GeForce RTX 5090,9.2986,48.7383,60.81614303588867,machine,0.0,0.0,0.0,0.0,N
synthetic_rollout_generation_56,2026-09-15T04:39:45,mbpo_Ant-v5_seed85062,0db152d4-41ed-4568-9813-89713bac8b20,0.05682555199746275,9.689261987189113e-07,1.705272077957693e-05,28.586780924807275,67.85554565536623,20.0,5.441446019813223e-07,1.6869457939439059e-06,3.1235677225641134e-07,2.543447168185109e-06,0.0,Germany,DEU,baden-wurttemberg,,,Linux-7.0.0-31-generic-x86_64-with-glibc2.43,3.14.4,3.3.0,24,Intel(R) Core(TM) Ultra 9 285K,1,1 x NVIDIA GeForce RTX 5090,9.2986,48.7383,60.81614303588867,machine,0.0,0.0,0.0,0.0,N
gradient_updates_56,2026-09-15T04:40:02,mbpo_Ant-v5_seed85062,0db152d4-41ed-4568-9813-89713bac8b20,16.371048392000375,0.00024732233530226286,1.5107304630255874e-05,28.6054858251892,67.97839009471798,20.0,0.00012065952680532371,0.0004376164612038824,9.09491998166527e-05,0.0006492251878258623,0.0,Germany,DEU,baden-wurttemberg,,,Linux-7.0.0-31-generic-x86_64-with-glibc2.43,3.14.4,3.3.0,24,Intel(R) Core(TM) Ultra 9 285K,1,1 x NVIDIA GeForce RTX 5090,9.2986,48.7383,60.81614303588867,machine,0.0,0.0,0.0,0.0,N
dynamics_model_update_57,2026-09-15T04:40:21,mbpo_Ant-v5_seed85062,0db152d4-41ed-4568-9813-89713bac8b20,19.808025246995385,0.00024972361116713457,1.260718177197691e-05,28.596779069969717,67.99351501596804,20.0,0.0001521572064478935,0.00039333003688613033,0.00011004133303330402,0.0006555285763673313,0.0,Germany,DEU,baden-wurttemberg,,,Linux-7.0.0-31-generic-x86_64-with-glibc2.43,3.14.4,3.3.0,24,Intel(R) Core(TM) Ultra 9 285K,1,1 x NVIDIA GeForce RTX 5090,9.2986,48.7383,60.81614303588867,machine,0.0,0.0,0.0,0.0,N
rollout_57,2026-09-15T04:40:22,mbpo_Ant-v5_seed85062,0db152d4-41ed-4568-9813-89713bac8b20,0.3854643570011831,4.4840423873981905e-06,1.1633040179825579e-05,28.5848349100757,67.97804331798112,20.0,2.7770099993856823e-06,6.862505489868553e-06,2.131169344445419e-06,1.177068483369792e-05,0.0,Germany,DEU,baden-wurttemberg,,,Linux-7.0.0-31-generic-x86_64-with-glibc2.43,3.14.4,3.3.0,24,Intel(R) Core(TM) Ultra 9 285K,1,1 x NVIDIA GeForce RTX 5090,9.2986,48.7383,60.81614303588867,machine,0.0,0.0,0.0,0.0,N
synthetic_rollout_generation_57,2026-09-15T04:40:22,mbpo_Ant-v5_seed85062,0db152d4-41ed-4568-9813-89713bac8b20,0.05970787200203631,3.5163756006637015e-07,5.889994988916078e-06,28.610757050246995,67.68753885935726,20.0,5.942268642700199e-07,0.0,3.288274999964369e-07,9.230543642629874e-07,0.0,Germany,DEU,baden-wurttemberg,,,Linux-7.0.0-31-generic-x86_64-with-glibc2.43,3.14.4,3.3.0,24,Intel(R) Core(TM) Ultra 9 285K,1,1 x NVIDIA GeForce RTX 5090,9.2986,48.7383,60.81614303588867,machine,0.0,0.0,0.0,0.0,N
gradient_updates_57,2026-09-15T04:40:39,mbpo_Ant-v5_seed85062,0db152d4-41ed-4568-9813-89713bac8b20,17.34996697799943,0.00025879296617770456,1.4916053665324157e-05,28.634599502042317,67.80023200876394,20.0,0.00012911193162280094,0.00045383786307007234,9.638598737223697e-05,0.0006793357820651102,0.0,Germany,DEU,baden-wurttemberg,,,Linux-7.0.0-31-generic-x86_64-with-glibc2.43,3.14.4,3.3.0,24,Intel(R) Core(TM) Ultra 9 285K,1,1 x NVIDIA GeForce RTX 5090,9.2986,48.7383,60.81614303588867,machine,0.0,0.0,0.0,0.0,N
dynamics_model_update_58,2026-09-15T04:40:53,mbpo_Ant-v5_seed85062,0db152d4-41ed-4568-9813-89713bac8b20,13.81547783499991,0.0001790635421271454,1.2961086704974418e-05,28.627848041475815,67.81858431421234,20.0,0.00011648969708057122,0.00027680522144390984,7.674981733887636e-05,0.00047004473586335915,0.0,Germany,DEU,baden-wurttemberg,,,Linux-7.0.0-31-generic-x86_64-with-glibc2.43,3.14.4,3.3.0,24,Intel(R) Core(TM) Ultra 9 285K,1,1 x NVIDIA GeForce RTX 5090,9.2986,48.7383,60.81614303588867,machine,0.0,0.0,0.0,0.0,N
rollout_58,2026-09-15T04:40:53,mbpo_Ant-v5_seed85062,0db152d4-41ed-4568-9813-89713bac8b20,0.3584041869980865,4.672163073295155e-06,1.3035751628757355e-05,28.651455461287963,67.8229629598973,20.0,3.4266602413346448e-06,6.848894368083336e-06,1.988950111142182e-06,1.2264504720554958e-05,0.0,Germany,DEU,baden-wurttemberg,,,Linux-7.0.0-31-generic-x86_64-with-glibc2.43,3.14.4,3.3.0,24,Intel(R) Core(TM) Ultra 9 285K,1,1 x NVIDIA GeForce RTX 5090,9.2986,48.7383,60.81614303588867,machine,0.0,0.0,0.0,0.0,N
synthetic_rollout_generation_58,2026-09-15T04:40:54,mbpo_Ant-v5_seed85062,0db152d4-41ed-4568-9813-89713bac8b20,0.05661819400120294,3.229188121310622e-07,5.704127656449404e-06,28.669704405486566,67.53799252729269,20.0,5.372270964407178e-07,0.0,3.1044008331516937e-07,8.476671797680302e-07,0.0,Germany,DEU,baden-wurttemberg,,,Linux-7.0.0-31-generic-x86_64-with-glibc2.43,3.14.4,3.3.0,24,Intel(R) Core(TM) Ultra 9 285K,1,1 x NVIDIA GeForce RTX 5090,9.2986,48.7383,60.81614303588867,machine,0.0,0.0,0.0,0.0,N
gradient_updates_58,2026-09-15T04:41:11,mbpo_Ant-v5_seed85062,0db152d4-41ed-4568-9813-89713bac8b20,17.831134461004694,0.0002575035868022102,1.4441235662216759e-05,28.68559085833597,67.64444041567269,20.0,0.00011635613197372163,0.00046053370176002417,9.906130631667787e-05,0.0006759511400504237,0.0,Germany,DEU,baden-wurttemberg,,,Linux-7.0.0-31-generic-x86_64-with-glibc2.43,3.14.4,3.3.0,24,Intel(R) Core(TM) Ultra 9 285K,1,1 x NVIDIA GeForce RTX 5090,9.2986,48.7383,60.81614303588867,machine,0.0,0.0,0.0,0.0,N
dynamics_model_update_59,2026-09-15T04:41:31,mbpo_Ant-v5_seed85062,0db152d4-41ed-4568-9813-89713bac8b20,19.399188056995627,0.00024293315240199106,1.2522837991760845e-05,28.664485359073236,67.66347394443201,20.0,0.00014081521570764172,0.00038911836685007195,0.00010776992814446468,0.0006377035107021645,0.0,Germany,DEU,baden-wurttemberg,,,Linux-7.0.0-31-generic-x86_64-with-glibc2.43,3.14.4,3.3.0,24,Intel(R) Core(TM) Ultra 9 285K,1,1 x NVIDIA GeForce RTX 5090,9.2986,48.7383,60.81614303588867,machine,0.0,0.0,0.0,0.0,N
rollout_59,2026-09-15T04:41:31,mbpo_Ant-v5_seed85062,0db152d4-41ed-4568-9813-89713bac8b20,0.37916957899869885,3.8258419617388795e-06,1.0090243607882271e-05,28.65769386943541,67.58293830705495,20.0,2.8617300671593404e-06,5.077226283844993e-06,2.1039415666664757e-06,1.0042897917672544e-05,0.0,Germany,DEU,baden-wurttemberg,,,Linux-7.0.0-31-generic-x86_64-with-glibc2.43,3.14.4,3.3.0,24,Intel(R) Core(TM) Ultra 9 285K,1,1 x NVIDIA GeForce RTX 5090,9.2986,48.7383,60.81614303588867,machine,0.0,0.0,0.0,0.0,N
synthetic_rollout_generation_59,2026-09-15T04:41:31,mbpo_Ant-v5_seed85062,0db152d4-41ed-4568-9813-89713bac8b20,0.06424611100374022,1.0246076963191242e-06,1.594929786918019e-05,28.679957350326728,67.70159998878175,20.0,6.273724463476404e-07,1.7080569221228359e-06,3.541826444335844e-07,2.6896120129127343e-06,0.0,Germany,DEU,baden-wurttemberg,,,Linux-7.0.0-31-generic-x86_64-with-glibc2.43,3.14.4,3.3.0,24,Intel(R) Core(TM) Ultra 9 285K,1,1 x NVIDIA GeForce RTX 5090,9.2986,48.7383,60.81614303588867,machine,0.0,0.0,0.0,0.0,N
gradient_updates_59,2026-09-15T04:41:49,mbpo_Ant-v5_seed85062,0db152d4-41ed-4568-9813-89713bac8b20,17.36073112500162,0.0002586600063678099,1.489915342492378e-05,28.70031363945665,67.81103077725966,20.0,0.00012783195893215776,0.0004547095304339166,9.644527101667667e-05,0.0006789867603827493,0.0,Germany,DEU,baden-wurttemberg,,,Linux-7.0.0-31-generic-x86_64-with-glibc2.43,3.14.4,3.3.0,24,Intel(R) Core(TM) Ultra 9 285K,1,1 x NVIDIA GeForce RTX 5090,9.2986,48.7383,60.81614303588867,machine,0.0,0.0,0.0,0.0,N
dynamics_model_update_60,2026-09-15T04:41:59,mbpo_Ant-v5_seed85062,0db152d4-41ed-4568-9813-89713bac8b20,10.518940914997074,0.00013748451348825907,1.3070187378304311e-05,28.693042713988767,67.82972587960188,20.0,9.100468197034695e-05,0.00021145878027795106,5.843564127777992e-05,0.00036089910352607446,0.0,Germany,DEU,baden-wurttemberg,,,Linux-7.0.0-31-generic-x86_64-with-glibc2.43,3.14.4,3.3.0,24,Intel(R) Core(TM) Ultra 9 285K,1,1 x NVIDIA GeForce RTX 5090,9.2986,48.7383,60.81614303588867,machine,0.0,0.0,0.0,0.0,N
rollout_60,2026-09-15T04:41:59,mbpo_Ant-v5_seed85062,0db152d4-41ed-4568-9813-89713bac8b20,0.3654536790054408,4.755314005084471e-06,1.30124870557365e-05,28.717734115514343,67.83097158952263,20.0,3.546288670358555e-06,6.908894415902367e-06,2.027594194441845e-06,1.2482777280706236e-05,0.0,Germany,DEU,baden-wurttemberg,,,Linux-7.0.0-31-generic-x86_64-with-glibc2.43,3.14.4,3.3.0,24,Intel(R) Core(TM) Ultra 9 285K,1,1 x NVIDIA GeForce RTX 5090,9.2986,48.7383,60.81614303588867,machine,0.0,0.0,0.0,0.0,N
synthetic_rollout_generation_60,2026-09-15T04:42:00,mbpo_Ant-v5_seed85062,0db152d4-41ed-4568-9813-89713bac8b20,0.0637604689982254,3.6735434839896275e-07,5.7619515181784425e-06,28.739205785587234,67.55523593265465,20.0,6.213029970433825e-07,0.0,3.4300819445193254e-07,9.64311191495315e-07,0.0,Germany,DEU,baden-wurttemberg,,,Linux-7.0.0-31-generic-x86_64-with-glibc2.43,3.14.4,3.3.0,24,Intel(R) Core(TM) Ultra 9 285K,1,1 x NVIDIA GeForce RTX 5090,9.2986,48.7383,60.81614303588867,machine,0.0,0.0,0.0,0.0,N
gradient_updates_60,2026-09-15T04:42:17,mbpo_Ant-v5_seed85062,0db152d4-41ed-4568-9813-89713bac8b20,17.538926383997023,0.00025694183492852574,1.4649808947728826e-05,28.758419317525096,67.66111750629055,20.0,0.00012051158446474419,0.0004565289763343028,9.743597136665713e-05,0.0006744765321657076,0.0,Germany,DEU,baden-wurttemberg,,,Linux-7.0.0-31-generic-x86_64-with-glibc2.43,3.14.4,3.3.0,24,Intel(R) Core(TM) Ultra 9 285K,1,1 x NVIDIA GeForce RTX 5090,9.2986,48.7383,60.81614303588867,machine,0.0,0.0,0.0,0.0,N
dynamics_model_update_61,2026-09-15T04:42:33,mbpo_Ant-v5_seed85062,0db152d4-41ed-4568-9813-89713bac8b20,15.938048386997252,0.00020413470295090053,1.2807999914857697e-05,28.74327136001525,67.67862944257983,20.0,0.00012854600117005038,0.00031876942168196365,8.85415214999935e-05,0.0005358569443520145,0.0,Germany,DEU,baden-wurttemberg,,,Linux-7.0.0-31-generic-x86_64-with-glibc2.43,3.14.4,3.3.0,24,Intel(R) Core(TM) Ultra 9 285K,1,1 x NVIDIA GeForce RTX 5090,9.2986,48.7383,60.81614303588867,machine,0.0,0.0,0.0,0.0,N
rollout_61,2026-09-15T04:42:33,mbpo_Ant-v5_seed85062,0db152d4-41ed-4568-9813-89713bac8b20,0.3686327399991569,4.5214836677590076e-06,1.2265804565927455e-05,28.73772945276981,67.68193835581937,20.0,2.817055586974704e-06,7.006672271936409e-06,2.045240950003871e-06,1.1868968808920188e-05,0.0,Germany,DEU,baden-wurttemberg,,,Linux-7.0.0-31-generic-x86_64-with-glibc2.43,3.14.4,3.3.0,24,Intel(R) Core(TM) Ultra 9 285K,1,1 x NVIDIA GeForce RTX 5090,9.2986,48.7383,60.81614303588867,machine,0.0,0.0,0.0,0.0,N
synthetic_rollout_generation_61,2026-09-15T04:42:33,mbpo_Ant-v5_seed85062,0db152d4-41ed-4568-9813-89713bac8b20,0.06415326300339075,1.6529962508608775e-06,2.5768574029956135e-05,28.757725525816618,68.1739284077528,20.0,6.202346628583766e-07,3.3663915819381884e-06,3.5251603334833514e-07,4.339142278153574e-06,0.0,Germany,DEU,baden-wurttemberg,,,Linux-7.0.0-31-generic-x86_64-with-glibc2.43,3.14.4,3.3.0,24,Intel(R) Core(TM) Ultra 9 285K,1,1 x NVIDIA GeForce RTX 5090,9.2986,48.7383,60.81614303588867,machine,0.0,0.0,0.0,0.0,N
gradient_updates_61,2026-09-15T04:42:51,mbpo_Ant-v5_seed85062,0db152d4-41ed-4568-9813-89713bac8b20,17.32805490699684,0.0002563826891497298,1.4795819329045388e-05,28.77602151501079,68.27301482271005,20.0,0.0001288959014499741,0.00044784813605613927,9.626472781670142e-05,0.0006730087653228217,0.0,Germany,DEU,baden-wurttemberg,,,Linux-7.0.0-31-generic-x86_64-with-glibc2.43,3.14.4,3.3.0,24,Intel(R) Core(TM) Ultra 9 285K,1,1 x NVIDIA GeForce RTX 5090,9.2986,48.7383,60.81614303588867,machine,0.0,0.0,0.0,0.0,N
dynamics_model_update_62,2026-09-15T04:43:06,mbpo_Ant-v5_seed85062,0db152d4-41ed-4568-9813-89713bac8b20,14.84407266699418,0.00019002511068425681,1.2801418488870171e-05,28.768689083682986,68.28746126619555,20.0,0.00011986118838887283,0.0002964985705318224,8.24592742444414e-05,0.0004988190331651349,0.0,Germany,DEU,baden-wurttemberg,,,Linux-7.0.0-31-generic-x86_64-with-glibc2.43,3.14.4,3.3.0,24,Intel(R) Core(TM) Ultra 9 285K,1,1 x NVIDIA GeForce RTX 5090,9.2986,48.7383,60.81614303588867,machine,0.0,0.0,0.0,0.0,N
rollout_62,2026-09-15T04:43:06,mbpo_Ant-v5_seed85062,0db152d4-41ed-4568-9813-89713bac8b20,0.3574930549948476,4.780213206278389e-06,1.3371269175892968e-05,28.7923397070335,68.30058187325196,20.0,3.4708088877469234e-06,7.09583901015165e-06,1.9814901944404523e-06,1.254813809234423e-05,0.0,Germany,DEU,baden-wurttemberg,,,Linux-7.0.0-31-generic-x86_64-with-glibc2.43,3.14.4,3.3.0,24,Intel(R) Core(TM) Ultra 9 285K,1,1 x NVIDIA GeForce RTX 5090,9.2986,48.7383,60.81614303588867,machine,0.0,0.0,0.0,0.0,N
synthetic_rollout_generation_62,2026-09-15T04:43:06,mbpo_Ant-v5_seed85062,0db152d4-41ed-4568-9813-89713bac8b20,0.06576949999725912,1.5544349797683155e-06,2.3636125651852772e-05,28.81454726490025,68.69782357678879,20.0,6.48344963119496e-07,3.0700024558072414e-06,3.6206990557292873e-07,4.080417324497931e-06,0.0,Germany,DEU,baden-wurttemberg,,,Linux-7.0.0-31-generic-x86_64-with-glibc2.43,3.14.4,3.3.0,24,Intel(R) Core(TM) Ultra 9 285K,1,1 x NVIDIA GeForce RTX 5090,9.2986,48.7383,60.81614303588867,machine,0.0,0.0,0.0,0.0,N
gradient_updates_62,2026-09-15T04:43:23,mbpo_Ant-v5_seed85062,0db152d4-41ed-4568-9813-89713bac8b20,17.449496350003756,0.0002571573577444357,1.4737240434050847e-05,28.834878789355738,68.79173659254256,20.0,0.00012905174435241806,0.0004490514703521242,9.693906838886823e-05,0.0006750422830934105,0.0,Germany,DEU,baden-wurttemberg,,,Linux-7.0.0-31-generic-x86_64-with-glibc2.43,3.14.4,3.3.0,24,Intel(R) Core(TM) Ultra 9 285K,1,1 x NVIDIA GeForce RTX 5090,9.2986,48.7383,60.81614303588867,machine,0.0,0.0,0.0,0.0,N
dynamics_model_update_63,2026-09-15T04:43:47,mbpo_Ant-v5_seed85062,0db152d4-41ed-4568-9813-89713bac8b20,23.196754520002287,0.00029854414179190936,1.2870070648998837e-05,28.826701064591532,68.80475582092917,20.0,0.00019008647095793835,0.0004647289828940693,0.0001288678163721968,0.0007836832702241975,0.0,Germany,DEU,baden-wurttemberg,,,Linux-7.0.0-31-generic-x86_64-with-glibc2.43,3.14.4,3.3.0,24,Intel(R) Core(TM) Ultra 9 285K,1,1 x NVIDIA GeForce RTX 5090,9.2986,48.7383,60.81614303588867,machine,0.0,0.0,0.0,0.0,N
rollout_63,2026-09-15T04:43:47,mbpo_Ant-v5_seed85062,0db152d4-41ed-4568-9813-89713bac8b20,0.35762062599678757,4.7620819983197615e-06,1.3316353564366048e-05,28.85102625258316,68.81196076703755,20.0,3.504225581159315e-06,7.011950053925631e-06,1.9843677389070474e-06,1.250054337398332e-05,0.0,Germany,DEU,baden-wurttemberg,,,Linux-7.0.0-31-generic-x86_64-with-glibc2.43,3.14.4,3.3.0,24,Intel(R) Core(TM) Ultra 9 285K,1,1 x NVIDIA GeForce RTX 5090,9.2986,48.7383,60.81614303588867,machine,0.0,0.0,0.0,0.0,N
synthetic_rollout_generation_63,2026-09-15T04:43:47,mbpo_Ant-v5_seed85062,0db152d4-41ed-4568-9813-89713bac8b20,0.06615012299880618,3.8683941026851354e-07,5.848341884694295e-06,28.872513108888253,68.54524774080872,20.0,6.509894096839997e-07,0.0,3.64470388902402e-07,1.0154597985811975e-06,0.0,Germany,DEU,baden-wurttemberg,,,Linux-7.0.0-31-generic-x86_64-with-glibc2.43,3.14.4,3.3.0,24,Intel(R) Core(TM) Ultra 9 285K,1,1 x NVIDIA GeForce RTX 5090,9.2986,48.7383,60.81614303588867,machine,0.0,0.0,0.0,0.0,N
gradient_updates_63,2026-09-15T04:44:05,mbpo_Ant-v5_seed85062,0db152d4-41ed-4568-9813-89713bac8b20,17.422532504002447,0.00025866161902456455,1.4846388643795075e-05,28.89219614125811,68.64175306135336,20.0,0.0001295162716684825,0.00045268563992584276,9.678908203887733e-05,0.0006789909936331939,0.0,Germany,DEU,baden-wurttemberg,,,Linux-7.0.0-31-generic-x86_64-with-glibc2.43,3.14.4,3.3.0,24,Intel(R) Core(TM) Ultra 9 285K,1,1 x NVIDIA GeForce RTX 5090,9.2986,48.7383,60.81614303588867,machine,0.0,0.0,0.0,0.0,N
dynamics_model_update_64,2026-09-15T04:44:17,mbpo_Ant-v5_seed85062,0db152d4-41ed-4568-9813-89713bac8b20,12.546799733005173,0.00015766220194754835,1.2565942229113975e-05,28.884090777647376,68.65326361612894,20.0,9.446882779721999e-05,0.00024968631086008664,6.97107281166804e-05,0.0004138658667739853,0.0,Germany,DEU,baden-wurttemberg,,,Linux-7.0.0-31-generic-x86_64-with-glibc2.43,3.14.4,3.3.0,24,Intel(R) Core(TM) Ultra 9 285K,1,1 x NVIDIA GeForce RTX 5090,9.2986,48.7383,60.81614303588867,machine,0.0,0.0,0.0,0.0,N
rollout_64,2026-09-15T04:44:17,mbpo_Ant-v5_seed85062,0db152d4-41ed-4568-9813-89713bac8b20,0.37622940599976573,4.484660350714126e-06,1.19199019170714e-05,28.87491761936926,68.6434357521923,20.0,2.7834697267706265e-06,6.9008388541291765e-06,2.0879984166336657e-06,1.1772306997545612e-05,0.0,Germany,DEU,baden-wurttemberg,,,Linux-7.0.0-31-generic-x86_64-with-glibc2.43,3.14.4,3.3.0,24,Intel(R) Core(TM) Ultra 9 285K,1,1 x NVIDIA GeForce RTX 5090,9.2986,48.7383,60.81614303588867,machine,0.0,0.0,0.0,0.0,N
synthetic_rollout_generation_64,2026-09-15T04:44:18,mbpo_Ant-v5_seed85062,0db152d4-41ed-4568-9813-89713bac8b20,0.06375917900004424,1.4327764165378287e-06,2.2474086911990275e-05,28.894774934252563,68.98632040693246,20.0,6.229474428035009e-07,2.7869466738827953e-06,3.5116748335443926e-07,3.761061600049409e-06,0.0,Germany,DEU,baden-wurttemberg,,,Linux-7.0.0-31-generic-x86_64-with-glibc2.43,3.14.4,3.3.0,24,Intel(R) Core(TM) Ultra 9 285K,1,1 x NVIDIA GeForce RTX 5090,9.2986,48.7383,60.81614303588867,machine,0.0,0.0,0.0,0.0,N
gradient_updates_64,2026-09-15T04:44:35,mbpo_Ant-v5_seed85062,0db152d4-41ed-4568-9813-89713bac8b20,17.34899684899574,0.00025083520866253303,1.4458203393084536e-05,28.912276489933515,69.07759069967494,20.0,0.00011393939837366779,0.00044812646961189806,9.638067004444709e-05,0.0006584465380300164,0.0,Germany,DEU,baden-wurttemberg,,,Linux-7.0.0-31-generic-x86_64-with-glibc2.43,3.14.4,3.3.0,24,Intel(R) Core(TM) Ultra 9 285K,1,1 x NVIDIA GeForce RTX 5090,9.2986,48.7383,60.81614303588867,machine,0.0,0.0,0.0,0.0,N
dynamics_model_update_65,2026-09-15T04:44:57,mbpo_Ant-v5_seed85062,0db152d4-41ed-4568-9813-89713bac8b20,22.496092319001036,0.0002646518794806284,1.176433738831334e-05,28.891964859153568,69.07960313553787,20.0,0.00013476977892685343,0.00043497062575403866,0.00012497512092777413,0.0006947155256086801,0.0,Germany,DEU,baden-wurttemberg,,,Linux-7.0.0-31-generic-x86_64-with-glibc2.43,3.14.4,3.3.0,24,Intel(R) Core(TM) Ultra 9 285K,1,1 x NVIDIA GeForce RTX 5090,9.2986,48.7383,60.81614303588867,machine,0.0,0.0,0.0,0.0,N
rollout_65,2026-09-15T04:44:58,mbpo_Ant-v5_seed85062,0db152d4-41ed-4568-9813-89713bac8b20,0.3779674339966732,4.480872560934379e-06,1.1855106897852685e-05,28.880526301733052,69.06831270199292,20.0,2.730165517460248e-06,6.9341722142013396e-06,2.098026255569624e-06,1.1762363987227742e-05,0.0,Germany,DEU,baden-wurttemberg,,,Linux-7.0.0-31-generic-x86_64-with-glibc2.43,3.14.4,3.3.0,24,Intel(R) Core(TM) Ultra 9 285K,1,1 x NVIDIA GeForce RTX 5090,9.2986,48.7383,60.81614303588867,machine,0.0,0.0,0.0,0.0,N
synthetic_rollout_generation_65,2026-09-15T04:44:58,mbpo_Ant-v5_seed85062,0db152d4-41ed-4568-9813-89713bac8b20,0.06784202600101708,1.4609918762842344e-06,2.153654120226197e-05,28.896199749647963,69.38292639408796,20.0,6.417496800706357e-07,2.8241689258301506e-06,3.69209038883489e-07,3.835127644791214e-06,0.0,Germany,DEU,baden-wurttemberg,,,Linux-7.0.0-31-generic-x86_64-with-glibc2.43,3.14.4,3.3.0,24,Intel(R) Core(TM) Ultra 9 285K,1,1 x NVIDIA GeForce RTX 5090,9.2986,48.7383,60.81614303588867,machine,0.0,0.0,0.0,0.0,N
gradient_updates_65,2026-09-15T04:45:15,mbpo_Ant-v5_seed85062,0db152d4-41ed-4568-9813-89713bac8b20,17.121642928002984,0.0002479883007622079,1.4483913586686172e-05,28.90957454717989,69.47627528479737,20.0,0.000107339746427286,0.00044851591436811944,9.511769728887814e-05,0.0006509733580842836,0.0,Germany,DEU,baden-wurttemberg,,,Linux-7.0.0-31-generic-x86_64-with-glibc2.43,3.14.4,3.3.0,24,Intel(R) Core(TM) Ultra 9 285K,1,1 x NVIDIA GeForce RTX 5090,9.2986,48.7383,60.81614303588867,machine,0.0,0.0,0.0,0.0,N
dynamics_model_update_66,2026-09-15T04:45:36,mbpo_Ant-v5_seed85062,0db152d4-41ed-4568-9813-89713bac8b20,21.503755160003493,0.0002676690572799671,1.2447552681597578e-05,28.886373949161793,69.48684313638489,20.0,0.00015126568767911963,0.0004319078455259362,0.00011946213362777278,0.0007026356668328321,0.0,Germany,DEU,baden-wurttemberg,,,Linux-7.0.0-31-generic-x86_64-with-glibc2.43,3.14.4,3.3.0,24,Intel(R) Core(TM) Ultra 9 285K,1,1 x NVIDIA GeForce RTX 5090,9.2986,48.7383,60.81614303588867,machine,0.0,0.0,0.0,0.0,N
rollout_66,2026-09-15T04:45:37,mbpo_Ant-v5_seed85062,0db152d4-41ed-4568-9813-89713bac8b20,0.37677044400334125,4.519401662957806e-06,1.1994949518667012e-05,28.878550343439993,69.47572016029653,20.0,2.8184630880973005e-06,6.953894451822151e-06,2.091145972250852e-06,1.1863503512163365e-05,0.0,Germany,DEU,baden-wurttemberg,,,Linux-7.0.0-31-generic-x86_64-with-glibc2.43,3.14.4,3.3.0,24,Intel(R) Core(TM) Ultra 9 285K,1,1 x NVIDIA GeForce RTX 5090,9.2986,48.7383,60.81614303588867,machine,0.0,0.0,0.0,0.0,N
synthetic_rollout_generation_66,2026-09-15T04:45:37,mbpo_Ant-v5_seed85062,0db152d4-41ed-4568-9813-89713bac8b20,0.06782212400139542,1.7608707231393794e-06,2.5964967178759943e-05,28.895789044640345,69.92973728203145,20.0,6.507521872686772e-07,3.597502878260883e-06,3.740594721919621e-07,4.622314537711114e-06,0.0,Germany,DEU,baden-wurttemberg,,,Linux-7.0.0-31-generic-x86_64-with-glibc2.43,3.14.4,3.3.0,24,Intel(R) Core(TM) Ultra 9 285K,1,1 x NVIDIA GeForce RTX 5090,9.2986,48.7383,60.81614303588867,machine,0.0,0.0,0.0,0.0,N
gradient_updates_66,2026-09-15T04:45:53,mbpo_Ant-v5_seed85062,0db152d4-41ed-4568-9813-89713bac8b20,16.575577114002954,0.0002471066052935171,1.4907878843815245e-05,28.91110177083688,70.02457454546672,20.0,0.00011625840828442813,0.00044031451891801687,9.208596581112075e-05,0.0006486588930135623,0.0,Germany,DEU,baden-wurttemberg,,,Linux-7.0.0-31-generic-x86_64-with-glibc2.43,3.14.4,3.3.0,24,Intel(R) Core(TM) Ultra 9 285K,1,1 x NVIDIA GeForce RTX 5090,9.2986,48.7383,60.81614303588867,machine,0.0,0.0,0.0,0.0,N
dynamics_model_update_67,2026-09-15T04:46:18,mbpo_Ant-v5_seed85062,0db152d4-41ed-4568-9813-89713bac8b20,24.826212034997297,0.00029658905091825213,1.1946599109769623e-05,28.89722088265001,70.02599669852066,20.0,0.00015504462181337858,0.00048558038846380214,0.00013792611432775909,0.0007785511246049398,0.0,Germany,DEU,baden-wurttemberg,,,Linux-7.0.0-31-generic-x86_64-with-glibc2.43,3.14.4,3.3.0,24,Intel(R) Core(TM) Ultra 9 285K,1,1 x NVIDIA GeForce RTX 5090,9.2986,48.7383,60.81614303588867,machine,0.0,0.0,0.0,0.0,N
rollout_67,2026-09-15T04:46:19,mbpo_Ant-v5_seed85062,0db152d4-41ed-4568-9813-89713bac8b20,0.3602567510024528,4.0419837995485375e-06,1.1219763129523216e-05,28.918600566243253,69.95677067644388,20.0,3.495545018661339e-06,5.114448536014393e-06,2.0002802333489444e-06,1.0610273788028146e-05,0.0,Germany,DEU,baden-wurttemberg,,,Linux-7.0.0-31-generic-x86_64-with-glibc2.43,3.14.4,3.3.0,24,Intel(R) Core(TM) Ultra 9 285K,1,1 x NVIDIA GeForce RTX 5090,9.2986,48.7383,60.81614303588867,machine,0.0,0.0,0.0,0.0,N
synthetic_rollout_generation_67,2026-09-15T04:46:19,mbpo_Ant-v5_seed85062,0db152d4-41ed-4568-9813-89713bac8b20,0.06928590700408677,1.1167624999024184e-06,1.612054606390808e-05,28.937489257634972,70.0593123641197,20.0,6.749630399663364e-07,1.8747237220395618e-06,3.818331222437549e-07,2.931519884244449e-06,0.0,Germany,DEU,baden-wurttemberg,,,Linux-7.0.0-31-generic-x86_64-with-glibc2.43,3.14.4,3.3.0,24,Intel(R) Core(TM) Ultra 9 285K,1,1 x NVIDIA GeForce RTX 5090,9.2986,48.7383,60.81614303588867,machine,0.0,0.0,0.0,0.0,N
gradient_updates_67,2026-09-15T04:46:35,mbpo_Ant-v5_seed85062,0db152d4-41ed-4568-9813-89713bac8b20,16.22712192600011,0.00024591102978004445,1.5154330021829872e-05,28.954677244368874,70.15518149026086,20.0,0.00012075160521232003,0.00043462090325219194,9.014797921113801e-05,0.0006455204876756604,0.0,Germany,DEU,baden-wurttemberg,,,Linux-7.0.0-31-generic-x86_64-with-glibc2.43,3.14.4,3.3.0,24,Intel(R) Core(TM) Ultra 9 285K,1,1 x NVIDIA GeForce RTX 5090,9.2986,48.7383,60.81614303588867,machine,0.0,0.0,0.0,0.0,N
dynamics_model_update_68,2026-09-15T04:46:57,mbpo_Ant-v5_seed85062,0db152d4-41ed-4568-9813-89713bac8b20,21.618442929000594,0.0002586628169890526,1.1964918449663353e-05,28.946224658328568,70.15420647940883,20.0,0.00013922872832734107,0.0004196658912878348,0.00012009951869444528,0.0006789941383096298,0.0,Germany,DEU,baden-wurttemberg,,,Linux-7.0.0-31-generic-x86_64-with-glibc2.43,3.14.4,3.3.0,24,Intel(R) Core(TM) Ultra 9 285K,1,1 x NVIDIA GeForce RTX 5090,9.2986,48.7383,60.81614303588867,machine,0.0,0.0,0.0,0.0,N
rollout_68,2026-09-15T04:46:57,mbpo_Ant-v5_seed85062,0db152d4-41ed-4568-9813-89713bac8b20,0.37556851800036384,4.485084954698043e-06,1.1941941268310185e-05,28.936104900290555,70.14150654024746,20.0,2.7426099718647068e-06,6.946394445872528e-06,2.084417172226738e-06,1.1773421589963973e-05,0.0,Germany,DEU,baden-wurttemberg,,,Linux-7.0.0-31-generic-x86_64-with-glibc2.43,3.14.4,3.3.0,24,Intel(R) Core(TM) Ultra 9 285K,1,1 x NVIDIA GeForce RTX 5090,9.2986,48.7383,60.81614303588867,machine,0.0,0.0,0.0,0.0,N
synthetic_rollout_generation_68,2026-09-15T04:46:57,mbpo_Ant-v5_seed85062,0db152d4-41ed-4568-9813-89713bac8b20,0.06867664300079923,1.1133584580519384e-06,1.6212321390326617e-05,28.95643144346569,70.24285920639339,20.0,6.794219324299244e-07,1.864445936083925e-06,3.787163500319074e-07,2.922584218537083e-06,0.0,Germany,DEU,baden-wurttemberg,,,Linux-7.0.0-31-generic-x86_64-with-glibc2.43,3.14.4,3.3.0,24,Intel(R) Core(TM) Ultra 9 285K,1,1 x NVIDIA GeForce RTX 5090,9.2986,48.7383,60.81614303588867,machine,0.0,0.0,0.0,0.0,N
gradient_updates_68,2026-09-15T04:47:14,mbpo_Ant-v5_seed85062,0db152d4-41ed-4568-9813-89713bac8b20,16.755139252003573,0.0002517351235806868,1.5024357382446567e-05,28.974845323944038,70.334373277564,20.0,0.00012198383480921393,0.0004457442454841587,9.308074916112262e-05,0.00066080882945449,0.0,Germany,DEU,baden-wurttemberg,,,Linux-7.0.0-31-generic-x86_64-with-glibc2.43,3.14.4,3.3.0,24,Intel(R) Core(TM) Ultra 9 285K,1,1 x NVIDIA GeForce RTX 5090,9.2986,48.7383,60.81614303588867,machine,0.0,0.0,0.0,0.0,N
dynamics_model_update_69,2026-09-15T04:47:42,mbpo_Ant-v5_seed85062,0db152d4-41ed-4568-9813-89713bac8b20,28.310333808993164,0.0003619263091465333,1.2784237541417442e-05,28.965223179890415,70.3419182590069,20.0,0.00022307274456916104,0.0005697129557700187,0.00015727679906109814,0.0009500624994002727,0.0,Germany,DEU,baden-wurttemberg,,,Linux-7.0.0-31-generic-x86_64-with-glibc2.43,3.14.4,3.3.0,24,Intel(R) Core(TM) Ultra 9 285K,1,1 x NVIDIA GeForce RTX 5090,9.2986,48.7383,60.81614303588867,machine,0.0,0.0,0.0,0.0,N
rollout_69,2026-09-15T04:47:42,mbpo_Ant-v5_seed85062,0db152d4-41ed-4568-9813-89713bac8b20,0.35564930599502986,4.005960917905643e-06,1.1263973875976084e-05,28.983919357708164,70.27547729779855,20.0,3.4135885641981e-06,5.120559651849987e-06,1.9815649166653876e-06,1.0515713132708271e-05,0.0,Germany,DEU,baden-wurttemberg,,,Linux-7.0.0-31-generic-x86_64-with-glibc2.43,3.14.4,3.3.0,24,Intel(R) Core(TM) Ultra 9 285K,1,1 x NVIDIA GeForce RTX 5090,9.2986,48.7383,60.81614303588867,machine,0.0,0.0,0.0,0.0,N
synthetic_rollout_generation_69,2026-09-15T04:47:43,mbpo_Ant-v5_seed85062,0db152d4-41ed-4568-9813-89713bac8b20,0.07663569600117626,1.1321688199936175e-06,1.4774647984835427e-05,28.998595384905546,70.3372463387333,20.0,7.237908568116791e-07,1.831112576011762e-06,4.170582944221929e-07,2.971961727243899e-06,0.0,Germany,DEU,baden-wurttemberg,,,Linux-7.0.0-31-generic-x86_64-with-glibc2.43,3.14.4,3.3.0,24,Intel(R) Core(TM) Ultra 9 285K,1,1 x NVIDIA GeForce RTX 5090,9.2986,48.7383,60.81614303588867,machine,0.0,0.0,0.0,0.0,N
gradient_updates_69,2026-09-15T04:48:00,mbpo_Ant-v5_seed85062,0db152d4-41ed-4568-9813-89713bac8b20,16.975491094999597,0.00025243517938968243,1.4870572160143474e-05,29.011743470308577,70.42176363544125,20.0,0.00012389192605791188,0.0004444481333361061,9.430642804444597e-05,0.0006626464874384674,0.0,Germany,DEU,baden-wurttemberg,,,Linux-7.0.0-31-generic-x86_64-with-glibc2.43,3.14.4,3.3.0,24,Intel(R) Core(TM) Ultra 9 285K,1,1 x NVIDIA GeForce RTX 5090,9.2986,48.7383,60.81614303588867,machine,0.0,0.0,0.0,0.0,N
dynamics_model_update_70,2026-09-15T04:48:16,mbpo_Ant-v5_seed85062,0db152d4-41ed-4568-9813-89713bac8b20,16.606927456996345,0.00020249573529044357,1.219344996954837e-05,29.001907210389035,70.41974277513842,20.0,0.00011709458812003692,0.00032220220220602336,9.225783702778399e-05,0.0005315546273538391,0.0,Germany,DEU,baden-wurttemberg,,,Linux-7.0.0-31-generic-x86_64-with-glibc2.43,3.14.4,3.3.0,24,Intel(R) Core(TM) Ultra 9 285K,1,1 x NVIDIA GeForce RTX 5090,9.2986,48.7383,60.81614303588867,machine,0.0,0.0,0.0,0.0,N
rollout_70,2026-09-15T04:48:17,mbpo_Ant-v5_seed85062,0db152d4-41ed-4568-9813-89713bac8b20,0.3647656230023131,4.734692137554897e-06,1.297996130066871e-05,29.02027504294048,70.41238785778067,20.0,3.4884072351651363e-06,6.916116643829184e-06,2.0241206611301688e-06,1.2428644540110612e-05,0.0,Germany,DEU,baden-wurttemberg,,,Linux-7.0.0-31-generic-x86_64-with-glibc2.43,3.14.4,3.3.0,24,Intel(R) Core(TM) Ultra 9 285K,1,1 x NVIDIA GeForce RTX 5090,9.2986,48.7383,60.81614303588867,machine,0.0,0.0,0.0,0.0,N
synthetic_rollout_generation_70,2026-09-15T04:48:17,mbpo_Ant-v5_seed85062,0db152d4-41ed-4568-9813-89713bac8b20,0.07348030799767002,4.221220860703423e-07,5.745214654780143e-06,29.036104687800954,70.16619069743878,20.0,7.03191395882985e-07,0.0,4.04886005545696e-07,1.1080774014182726e-06,0.0,Germany,DEU,baden-wurttemberg,,,Linux-7.0.0-31-generic-x86_64-with-glibc2.43,3.14.4,3.3.0,24,Intel(R) Core(TM) Ultra 9 285K,1,1 x NVIDIA GeForce RTX 5090,9.2986,48.7383,60.81614303588867,machine,0.0,0.0,0.0,0.0,N
gradient_updates_70,2026-09-15T04:48:33,mbpo_Ant-v5_seed85062,0db152d4-41ed-4568-9813-89713bac8b20,16.321327855999698,0.00024376288356080592,1.4935240055854496e-05,29.05000558916622,70.25781820890478,20.0,0.00011188485700781153,0.0004373253498601848,9.067136173891537e-05,0.0006398815686069204,0.0,Germany,DEU,baden-wurttemberg,,,Linux-7.0.0-31-generic-x86_64-with-glibc2.43,3.14.4,3.3.0,24,Intel(R) Core(TM) Ultra 9 285K,1,1 x NVIDIA GeForce RTX 5090,9.2986,48.7383,60.81614303588867,machine,0.0,0.0,0.0,0.0,N
dynamics_model_update_71,2026-09-15T04:49:07,mbpo_Ant-v5_seed85062,0db152d4-41ed-4568-9813-89713bac8b20,33.68471375000081,0.00038417200403504867,1.1404929753725864e-05,29.03422315718198,70.25313171028876,20.0,0.00017657124292355664,0.0006447530158020243,0.0001871335547277541,0.0010084578134533367,0.0,Germany,DEU,baden-wurttemberg,,,Linux-7.0.0-31-generic-x86_64-with-glibc2.43,3.14.4,3.3.0,24,Intel(R) Core(TM) Ultra 9 285K,1,1 x NVIDIA GeForce RTX 5090,9.2986,48.7383,60.81614303588867,machine,0.0,0.0,0.0,0.0,N
rollout_71,2026-09-15T04:49:07,mbpo_Ant-v5_seed85062,0db152d4-41ed-4568-9813-89713bac8b20,0.38207836199580925,3.7587734925022265e-06,9.837538821959035e-06,29.024737050363566,70.17120055925476,20.0,2.805967800320608e-06,4.9400039519031935e-06,2.120870333358754e-06,9.866842085579086e-06,0.0,Germany,DEU,baden-wurttemberg,,,Linux-7.0.0-31-generic-x86_64-with-glibc2.43,3.14.4,3.3.0,24,Intel(R) Core(TM) Ultra 9 285K,1,1 x NVIDIA GeForce RTX 5090,9.2986,48.7383,60.81614303588867,machine,0.0,0.0,0.0,0.0,N
synthetic_rollout_generation_71,2026-09-15T04:49:07,mbpo_Ant-v5_seed85062,0db152d4-41ed-4568-9813-89713bac8b20,0.07640631299727829,1.081692261848538e-06,1.4158013459406206e-05,29.03964035961035,70.20532009743538,20.0,7.26842803701333e-07,1.6908346858190981e-06,4.217824444725099e-07,2.8394599339842674e-06,0.0,Germany,DEU,baden-wurttemberg,,,Linux-7.0.0-31-generic-x86_64-with-glibc2.43,3.14.4,3.3.0,24,Intel(R) Core(TM) Ultra 9 285K,1,1 x NVIDIA GeForce RTX 5090,9.2986,48.7383,60.81614303588867,machine,0.0,0.0,0.0,0.0,N
gradient_updates_71,2026-09-15T04:49:25,mbpo_Ant-v5_seed85062,0db152d4-41ed-4568-9813-89713bac8b20,17.69257918400399,0.0002572230418114857,1.4538476069474973e-05,29.052712215026993,70.28402859073303,20.0,0.0001193897605117275,0.00045754453270197004,9.828041163333773e-05,0.0006752147048470492,0.0,Germany,DEU,baden-wurttemberg,,,Linux-7.0.0-31-generic-x86_64-with-glibc2.43,3.14.4,3.3.0,24,Intel(R) Core(TM) Ultra 9 285K,1,1 x NVIDIA GeForce RTX 5090,9.2986,48.7383,60.81614303588867,machine,0.0,0.0,0.0,0.0,N
dynamics_model_update_72,2026-09-15T04:49:48,mbpo_Ant-v5_seed85062,0db152d4-41ed-4568-9813-89713bac8b20,23.359111976998975,0.000292637634552069,1.2527775211731842e-05,29.03663340571966,70.29152959832925,20.0,0.00016815739174803196,0.0004702512095340339,0.00012976999053333077,0.0007681785918153827,0.0,Germany,DEU,baden-wurttemberg,,,Linux-7.0.0-31-generic-x86_64-with-glibc2.43,3.14.4,3.3.0,24,Intel(R) Core(TM) Ultra 9 285K,1,1 x NVIDIA GeForce RTX 5090,9.2986,48.7383,60.81614303588867,machine,0.0,0.0,0.0,0.0,N
rollout_72,2026-09-15T04:49:49,mbpo_Ant-v5_seed85062,0db152d4-41ed-4568-9813-89713bac8b20,0.3874783470018883,4.5054552236523104e-06,1.162749112162902e-05,29.026271490151018,70.26943225406808,20.0,2.813393639597428e-06,6.86306104613621e-06,2.1504391944388718e-06,1.1826893880170775e-05,0.0,Germany,DEU,baden-wurttemberg,,,Linux-7.0.0-31-generic-x86_64-with-glibc2.43,3.14.4,3.3.0,24,Intel(R) Core(TM) Ultra 9 285K,1,1 x NVIDIA GeForce RTX 5090,9.2986,48.7383,60.81614303588867,machine,0.0,0.0,0.0,0.0,N
synthetic_rollout_generation_72,2026-09-15T04:49:49,mbpo_Ant-v5_seed85062,0db152d4-41ed-4568-9813-89713bac8b20,0.07721726500312798,4.4879452920643104e-07,5.812590639494984e-06,29.04381119105837,70.03042057973451,20.0,7.527825466660532e-07,0.0,4.2531045558839853e-07,1.1780930022492475e-06,0.0,Germany,DEU,baden-wurttemberg,,,Linux-7.0.0-31-generic-x86_64-with-glibc2.43,3.14.4,3.3.0,24,Intel(R) Core(TM) Ultra 9 285K,1,1 x NVIDIA GeForce RTX 5090,9.2986,48.7383,60.81614303588867,machine,0.0,0.0,0.0,0.0,N
gradient_updates_72,2026-09-15T04:50:05,mbpo_Ant-v5_seed85062,0db152d4-41ed-4568-9813-89713bac8b20,16.328785487996356,0.0002478351475635812,1.5177809710499376e-05,29.05975396196231,70.12065430247064,20.0,0.00012144940521499614,0.0004384022951657851,9.071962804442155e-05,0.0006505713284252063,0.0,Germany,DEU,baden-wurttemberg,,,Linux-7.0.0-31-generic-x86_64-with-glibc2.43,3.14.4,3.3.0,24,Intel(R) Core(TM) Ultra 9 285K,1,1 x NVIDIA GeForce RTX 5090,9.2986,48.7383,60.81614303588867,machine,0.0,0.0,0.0,0.0,N
dynamics_model_update_73,2026-09-15T04:50:26,mbpo_Ant-v5_seed85062,0db152d4-41ed-4568-9813-89713bac8b20,20.99634066499857,0.00025537590985466596,1.2162864572994526e-05,29.051782690490594,70.11905760105259,20.0,0.00014752274718476954,0.00040620004718205927,0.00011664315878887402,0.0006703659531556994,0.0,Germany,DEU,baden-wurttemberg,,,Linux-7.0.0-31-generic-x86_64-with-glibc2.43,3.14.4,3.3.0,24,Intel(R) Core(TM) Ultra 9 285K,1,1 x NVIDIA GeForce RTX 5090,9.2986,48.7383,60.81614303588867,machine,0.0,0.0,0.0,0.0,N
rollout_73,2026-09-15T04:50:26,mbpo_Ant-v5_seed85062,0db152d4-41ed-4568-9813-89713bac8b20,0.36306224999862025,4.090525069284923e-06,1.1266667047163877e-05,29.072033298962737,70.05560332216518,20.0,3.5564614562846875e-06,5.1663930222822785e-06,2.014840938905152e-06,1.0737695417470383e-05,0.0,Germany,DEU,baden-wurttemberg,,,Linux-7.0.0-31-generic-x86_64-with-glibc2.43,3.14.4,3.3.0,24,Intel(R) Core(TM) Ultra 9 285K,1,1 x NVIDIA GeForce RTX 5090,9.2986,48.7383,60.81614303588867,machine,0.0,0.0,0.0,0.0,N
synthetic_rollout_generation_73,2026-09-15T04:50:26,mbpo_Ant-v5_seed85062,0db152d4-41ed-4568-9813-89713bac8b20,0.07992823899985524,1.1124168232332088e-06,1.3918028969361421e-05,29.089002329862506,70.0800869701871,20.0,7.765695101413783e-07,1.7036124737579428e-06,4.3993042777960845e-07,2.9201124116806643e-06,0.0,Germany,DEU,baden-wurttemberg,,,Linux-7.0.0-31-generic-x86_64-with-glibc2.43,3.14.4,3.3.0,24,Intel(R) Core(TM) Ultra 9 285K,1,1 x NVIDIA GeForce RTX 5090,9.2986,48.7383,60.81614303588867,machine,0.0,0.0,0.0,0.0,N
gradient_updates_73,2026-09-15T04:50:43,mbpo_Ant-v5_seed85062,0db152d4-41ed-4568-9813-89713bac8b20,16.363556268006505,0.0002445007343516159,1.4941790526432868e-05,29.103998295908344,70.16850965985742,20.0,0.00011218418308061445,0.00043872479542428344,9.090946053333382e-05,0.0006418184390382387,0.0,Germany,DEU,baden-wurttemberg,,,Linux-7.0.0-31-generic-x86_64-with-glibc2.43,3.14.4,3.3.0,24,Intel(R) Core(TM) Ultra 9 285K,1,1 x NVIDIA GeForce RTX 5090,9.2986,48.7383,60.81614303588867,machine,0.0,0.0,0.0,0.0,N
dynamics_model_update_74,2026-09-15T04:51:08,mbpo_Ant-v5_seed85062,0db152d4-41ed-4568-9813-89713bac8b20,25.07970134300558,0.0003064173499166545,1.2217744221011537e-05,29.089325314749555,70.1683475126971,20.0,0.00017653438456072257,0.0004884873352337671,0.00013932885092779283,0.0008043505707222842,0.0,Germany,DEU,baden-wurttemberg,,,Linux-7.0.0-31-generic-x86_64-with-glibc2.43,3.14.4,3.3.0,24,Intel(R) Core(TM) Ultra 9 285K,1,1 x NVIDIA GeForce RTX 5090,9.2986,48.7383,60.81614303588867,machine,0.0,0.0,0.0,0.0,N
rollout_74,2026-09-15T04:51:08,mbpo_Ant-v5_seed85062,0db152d4-41ed-4568-9813-89713bac8b20,0.36525187600636855,4.10680093052701e-06,1.1243536437658107e-05,29.108230227180183,70.10583848827014,20.0,3.5486964500702767e-06,5.205837497967991e-06,2.025885872232458e-06,1.0780419820263787e-05,0.0,Germany,DEU,baden-wurttemberg,,,Linux-7.0.0-31-generic-x86_64-with-glibc2.43,3.14.4,3.3.0,24,Intel(R) Core(TM) Ultra 9 285K,1,1 x NVIDIA GeForce RTX 5090,9.2986,48.7383,60.81614303588867,machine,0.0,0.0,0.0,0.0,N
synthetic_rollout_generation_74,2026-09-15T04:51:08,mbpo_Ant-v5_seed85062,0db152d4-41ed-4568-9813-89713bac8b20,0.075459519001015,1.110053470039507e-06,1.4711153588061969e-05,29.130719143758185,70.14800115315134,20.0,7.723306178625267e-07,1.7255569362273349e-06,4.160210166845313e-07,2.9139085707813317e-06,0.0,Germany,DEU,baden-wurttemberg,,,Linux-7.0.0-31-generic-x86_64-with-glibc2.43,3.14.4,3.3.0,24,Intel(R) Core(TM) Ultra 9 285K,1,1 x NVIDIA GeForce RTX 5090,9.2986,48.7383,60.81614303588867,machine,0.0,0.0,0.0,0.0,N
gradient_updates_74,2026-09-15T04:51:25,mbpo_Ant-v5_seed85062,0db152d4-41ed-4568-9813-89713bac8b20,16.224767339997925,0.0002465414756600143,1.5195384637583788e-05,29.151262069257243,70.23647598657602,20.0,0.00012008130439829928,0.0004369589606778579,9.013515337776175e-05,0.0006471754184539102,0.0,Germany,DEU,baden-wurttemberg,,,Linux-7.0.0-31-generic-x86_64-with-glibc2.43,3.14.4,3.3.0,24,Intel(R) Core(TM) Ultra 9 285K,1,1 x NVIDIA GeForce RTX 5090,9.2986,48.7383,60.81614303588867,machine,0.0,0.0,0.0,0.0,N
dynamics_model_update_75,2026-09-15T04:51:50,mbpo_Ant-v5_seed85062,0db152d4-41ed-4568-9813-89713bac8b20,25.56647304500075,0.0003050377237734381,1.193115284869635e-05,29.142570036891872,70.23417381093341,20.0,0.00016486946745102732,0.0004938265061718017,0.00014203305583889402,0.0008007290294617109,0.0,Germany,DEU,baden-wurttemberg,,,Linux-7.0.0-31-generic-x86_64-with-glibc2.43,3.14.4,3.3.0,24,Intel(R) Core(TM) Ultra 9 285K,1,1 x NVIDIA GeForce RTX 5090,9.2986,48.7383,60.81614303588867,machine,0.0,0.0,0.0,0.0,N
rollout_75,2026-09-15T04:51:50,mbpo_Ant-v5_seed85062,0db152d4-41ed-4568-9813-89713bac8b20,0.3846489220013609,4.550241141043632e-06,1.1829736468928554e-05,29.13395473445288,70.21775177314593,20.0,2.8478106115850665e-06,6.962227792062237e-06,2.1344192444507776e-06,1.1944457648099815e-05,0.0,Germany,DEU,baden-wurttemberg,,,Linux-7.0.0-31-generic-x86_64-with-glibc2.43,3.14.4,3.3.0,24,Intel(R) Core(TM) Ultra 9 285K,1,1 x NVIDIA GeForce RTX 5090,9.2986,48.7383,60.81614303588867,machine,0.0,0.0,0.0,0.0,N
synthetic_rollout_generation_75,2026-09-15T04:51:51,mbpo_Ant-v5_seed85062,0db152d4-41ed-4568-9813-89713bac8b20,0.0802304169992567,1.4660020784956762e-06,1.8274097440843376e-05,29.150247669144793,70.37526272967496,20.0,7.798245127560444e-07,2.6255576561773353e-06,4.428973388714147e-07,3.848279507806529e-06,0.0,Germany,DEU,baden-wurttemberg,,,Linux-7.0.0-31-generic-x86_64-with-glibc2.43,3.14.4,3.3.0,24,Intel(R) Core(TM) Ultra 9 285K,1,1 x NVIDIA GeForce RTX 5090,9.2986,48.7383,60.81614303588867,machine,0.0,0.0,0.0,0.0,N
gradient_updates_75,2026-09-15T04:52:07,mbpo_Ant-v5_seed85062,0db152d4-41ed-4568-9813-89713bac8b20,16.462356545001967,0.00024198408817199119,1.4699241287224195e-05,29.16431296946586,70.45827847515271,20.0,0.00010540673265865136,0.0004383506284579841,9.145484041109785e-05,0.000635212201527735,0.0,Germany,DEU,baden-wurttemberg,,,Linux-7.0.0-31-generic-x86_64-with-glibc2.43,3.14.4,3.3.0,24,Intel(R) Core(TM) Ultra 9 285K,1,1 x NVIDIA GeForce RTX 5090,9.2986,48.7383,60.81614303588867,machine,0.0,0.0,0.0,0.0,N
dynamics_model_update_76,2026-09-15T04:52:25,mbpo_Ant-v5_seed85062,0db152d4-41ed-4568-9813-89713bac8b20,17.863776377998875,0.00021756596646831106,1.2179172629229938e-05,29.144896688689087,70.45545196978503,20.0,0.00012657806154014323,0.0003452961095697926,9.924006033333078e-05,0.0005711142314432649,0.0,Germany,DEU,baden-wurttemberg,,,Linux-7.0.0-31-generic-x86_64-with-glibc2.43,3.14.4,3.3.0,24,Intel(R) Core(TM) Ultra 9 285K,1,1 x NVIDIA GeForce RTX 5090,9.2986,48.7383,60.81614303588867,machine,0.0,0.0,0.0,0.0,N
rollout_76,2026-09-15T04:52:25,mbpo_Ant-v5_seed85062,0db152d4-41ed-4568-9813-89713bac8b20,0.3668072319997009,4.780497349234081e-06,1.3032590261834476e-05,29.16429557851838,70.44823929907362,20.0,3.6003728802955215e-06,6.920283314171272e-06,2.028227777797764e-06,1.2548883972257618e-05,0.0,Germany,DEU,baden-wurttemberg,,,Linux-7.0.0-31-generic-x86_64-with-glibc2.43,3.14.4,3.3.0,24,Intel(R) Core(TM) Ultra 9 285K,1,1 x NVIDIA GeForce RTX 5090,9.2986,48.7383,60.81614303588867,machine,0.0,0.0,0.0,0.0,N
synthetic_rollout_generation_76,2026-09-15T04:52:25,mbpo_Ant-v5_seed85062,0db152d4-41ed-4568-9813-89713bac8b20,0.08305424900026992,1.6613594048392466e-06,2.000535710657368e-05,29.18381744236301,70.65272230201727,20.0,8.319587211230717e-07,3.0708357900977035e-06,4.5830118332486347e-07,4.361095694543904e-06,0.0,Germany,DEU,baden-wurttemberg,,,Linux-7.0.0-31-generic-x86_64-with-glibc2.43,3.14.4,3.3.0,24,Intel(R) Core(TM) Ultra 9 285K,1,1 x NVIDIA GeForce RTX 5090,9.2986,48.7383,60.81614303588867,machine,0.0,0.0,0.0,0.0,N
gradient_updates_76,2026-09-15T04:52:42,mbpo_Ant-v5_seed85062,0db152d4-41ed-4568-9813-89713bac8b20,16.2814603049992,0.0002456999265485829,1.5090780022318274e-05,29.20154655979627,70.73488899043453,20.0,0.00011942090525886989,0.00043509562585408723,9.044980711668191e-05,0.0006449663382296356,0.0,Germany,DEU,baden-wurttemberg,,,Linux-7.0.0-31-generic-x86_64-with-glibc2.43,3.14.4,3.3.0,24,Intel(R) Core(TM) Ultra 9 285K,1,1 x NVIDIA GeForce RTX 5090,9.2986,48.7383,60.81614303588867,machine,0.0,0.0,0.0,0.0,N
dynamics_model_update_77,2026-09-15T04:53:06,mbpo_Ant-v5_seed85062,0db152d4-41ed-4568-9813-89713bac8b20,24.218802446004702,0.0002879810961044296,1.1890800340273462e-05,29.192074562452635,70.73205087765356,20.0,0.0001515109639864537,0.00046989843147371424,0.00013454570653335073,0.0007559551019935135,0.0,Germany,DEU,baden-wurttemberg,,,Linux-7.0.0-31-generic-x86_64-with-glibc2.43,3.14.4,3.3.0,24,Intel(R) Core(TM) Ultra 9 285K,1,1 x NVIDIA GeForce RTX 5090,9.2986,48.7383,60.81614303588867,machine,0.0,0.0,0.0,0.0,N
rollout_77,2026-09-15T04:53:06,mbpo_Ant-v5_seed85062,0db152d4-41ed-4568-9813-89713bac8b20,0.38470108199544484,4.5154746591072326e-06,1.1737844481071126e-05,29.18599200055964,70.7099065925787,20.0,2.9314454007070556e-06,6.7927832119174525e-06,2.1289664500125788e-06,1.1853195062624944e-05,0.0,Germany,DEU,baden-wurttemberg,,,Linux-7.0.0-31-generic-x86_64-with-glibc2.43,3.14.4,3.3.0,24,Intel(R) Core(TM) Ultra 9 285K,1,1 x NVIDIA GeForce RTX 5090,9.2986,48.7383,60.81614303588867,machine,0.0,0.0,0.0,0.0,N
synthetic_rollout_generation_77,2026-09-15T04:53:06,mbpo_Ant-v5_seed85062,0db152d4-41ed-4568-9813-89713bac8b20,0.0825037370013888,1.9644523085171617e-06,2.3812426646315968e-05,29.207332996601103,71.02389761072422,20.0,8.428431742743547e-07,3.858614198382071e-06,4.5526216668409503e-07,5.156719539350929e-06,0.0,Germany,DEU,baden-wurttemberg,,,Linux-7.0.0-31-generic-x86_64-with-glibc2.43,3.14.4,3.3.0,24,Intel(R) Core(TM) Ultra 9 285K,1,1 x NVIDIA GeForce RTX 5090,9.2986,48.7383,60.81614303588867,machine,0.0,0.0,0.0,0.0,N
gradient_updates_77,2026-09-15T04:53:23,mbpo_Ant-v5_seed85062,0db152d4-41ed-4568-9813-89713bac8b20,16.27185703599389,0.0002445968137667412,1.503189657666823e-05,29.22682875845501,71.10106478397451,20.0,0.00012084002083860568,0.00043084284467398426,9.038778356666201e-05,0.0006420706490792571,0.0,Germany,DEU,baden-wurttemberg,,,Linux-7.0.0-31-generic-x86_64-with-glibc2.43,3.14.4,3.3.0,24,Intel(R) Core(TM) Ultra 9 285K,1,1 x NVIDIA GeForce RTX 5090,9.2986,48.7383,60.81614303588867,machine,0.0,0.0,0.0,0.0,N
dynamics_model_update_78,2026-09-15T04:53:41,mbpo_Ant-v5_seed85062,0db152d4-41ed-4568-9813-89713bac8b20,18.284389098997053,0.00022280210074075713,1.2185378614952628e-05,29.218644960584616,71.0980351586031,20.0,0.000127032026903319,0.00035625028499985945,0.0001015768579111162,0.0005848591698142946,0.0,Germany,DEU,baden-wurttemberg,,,Linux-7.0.0-31-generic-x86_64-with-glibc2.43,3.14.4,3.3.0,24,Intel(R) Core(TM) Ultra 9 285K,1,1 x NVIDIA GeForce RTX 5090,9.2986,48.7383,60.81614303588867,machine,0.0,0.0,0.0,0.0,N
rollout_78,2026-09-15T04:53:41,mbpo_Ant-v5_seed85062,0db152d4-41ed-4568-9813-89713bac8b20,0.3628785820037592,4.744066373102429e-06,1.3073386783012094e-05,29.233439306095438,71.09304329787903,20.0,3.4375277500262036e-06,7.001672267747949e-06,2.0140520444536514e-06,1.2453252062227804e-05,0.0,Germany,DEU,baden-wurttemberg,,,Linux-7.0.0-31-generic-x86_64-with-glibc2.43,3.14.4,3.3.0,24,Intel(R) Core(TM) Ultra 9 285K,1,1 x NVIDIA GeForce RTX 5090,9.2986,48.7383,60.81614303588867,machine,0.0,0.0,0.0,0.0,N
synthetic_rollout_generation_78,2026-09-15T04:53:41,mbpo_Ant-v5_seed85062,0db152d4-41ed-4568-9813-89713bac8b20,0.08108637500117766,1.7995151738725568e-06,2.2194359377422625e-05,29.246499434332858,71.36195585233159,20.0,7.704656163690093e-07,3.506113916307285e-06,4.4717732222698814e-07,4.723756854896344e-06,0.0,Germany,DEU,baden-wurttemberg,,,Linux-7.0.0-31-generic-x86_64-with-glibc2.43,3.14.4,3.3.0,24,Intel(R) Core(TM) Ultra 9 285K,1,1 x NVIDIA GeForce RTX 5090,9.2986,48.7383,60.81614303588867,machine,0.0,0.0,0.0,0.0,N
gradient_updates_78,2026-09-15T04:53:58,mbpo_Ant-v5_seed85062,0db152d4-41ed-4568-9813-89713bac8b20,16.210537127000862,0.00024199635223599858,1.492834130308478e-05,29.257897918094255,71.43996671053229,20.0,0.00011177953775689392,0.00043340479116782404,9.006006597224447e-05,0.0006352443948969555,0.0,Germany,DEU,baden-wurttemberg,,,Linux-7.0.0-31-generic-x86_64-with-glibc2.43,3.14.4,3.3.0,24,Intel(R) Core(TM) Ultra 9 285K,1,1 x NVIDIA GeForce RTX 5090,9.2986,48.7383,60.81614303588867,machine,0.0,0.0,0.0,0.0,N
dynamics_model_update_79,2026-09-15T04:54:26,mbpo_Ant-v5_seed85062,0db152d4-41ed-4568-9813-89713bac8b20,28.770935612999892,0.00035004570609225433,1.2166634307364403e-05,29.24404821807039,71.43536605467524,20.0,0.00019987306795388876,0.0005591673917781925,0.000159835261733356,0.0009188757214654286,0.0,Germany,DEU,baden-wurttemberg,,,Linux-7.0.0-31-generic-x86_64-with-glibc2.43,3.14.4,3.3.0,24,Intel(R) Core(TM) Ultra 9 285K,1,1 x NVIDIA GeForce RTX 5090,9.2986,48.7383,60.81614303588867,machine,0.0,0.0,0.0,0.0,N
rollout_79,2026-09-15T04:54:27,mbpo_Ant-v5_seed85062,0db152d4-41ed-4568-9813-89713bac8b20,0.3716501250019064,4.09082949955758e-06,1.1007327201979302e-05,29.261111736761876,71.36674376026917,20.0,3.6041026054978165e-06,5.078892951981828e-06,2.055498994457672e-06,1.0738494551937317e-05,0.0,Germany,DEU,baden-wurttemberg,,,Linux-7.0.0-31-generic-x86_64-with-glibc2.43,3.14.4,3.3.0,24,Intel(R) Core(TM) Ultra 9 285K,1,1 x NVIDIA GeForce RTX 5090,9.2986,48.7383,60.81614303588867,machine,0.0,0.0,0.0,0.0,N
synthetic_rollout_generation_79,2026-09-15T04:54:27,mbpo_Ant-v5_seed85062,0db152d4-41ed-4568-9813-89713bac8b20,0.08541540500300471,1.1555791266312787e-06,1.3529768212519919e-05,29.27873190578085,71.37066398524493,20.0,8.481329007228866e-07,1.7138902599356243e-06,4.713910055822307e-07,3.0334141662424763e-06,0.0,Germany,DEU,baden-wurttemberg,,,Linux-7.0.0-31-generic-x86_64-with-glibc2.43,3.14.4,3.3.0,24,Intel(R) Core(TM) Ultra 9 285K,1,1 x NVIDIA GeForce RTX 5090,9.2986,48.7383,60.81614303588867,machine,0.0,0.0,0.0,0.0,N
gradient_updates_79,2026-09-15T04:54:43,mbpo_Ant-v5_seed85062,0db152d4-41ed-4568-9813-89713bac8b20,16.282335987001716,0.00024546171999339367,1.5075339675332375e-05,29.294560543157314,71.449287169289,20.0,0.00011623677465601168,0.0004376495167859318,9.045475067222426e-05,0.000644341042114166,0.0,Germany,DEU,baden-wurttemberg,,,Linux-7.0.0-31-generic-x86_64-with-glibc2.43,3.14.4,3.3.0,24,Intel(R) Core(TM) Ultra 9 285K,1,1 x NVIDIA GeForce RTX 5090,9.2986,48.7383,60.81614303588867,machine,0.0,0.0,0.0,0.0,N
dynamics_model_update_80,2026-09-15T04:54:57,mbpo_Ant-v5_seed85062,0db152d4-41ed-4568-9813-89713bac8b20,13.953667863999726,0.00016979810081579894,1.2168715647696896e-05,29.28307413542198,71.44799109976324,20.0,9.290507599066938e-05,0.00027530077579607237,7.751694862223948e-05,0.00044572280040897083,0.0,Germany,DEU,baden-wurttemberg,,,Linux-7.0.0-31-generic-x86_64-with-glibc2.43,3.14.4,3.3.0,24,Intel(R) Core(TM) Ultra 9 285K,1,1 x NVIDIA GeForce RTX 5090,9.2986,48.7383,60.81614303588867,machine,0.0,0.0,0.0,0.0,N
rollout_80,2026-09-15T04:54:57,mbpo_Ant-v5_seed85062,0db152d4-41ed-4568-9813-89713bac8b20,0.37885514999652514,3.840708586000385e-06,1.0137884063706e-05,29.27675826149133,71.37738230667348,20.0,2.8808203602140314e-06,5.09889296784749e-06,2.102209722215642e-06,1.0081923050270225e-05,0.0,Germany,DEU,baden-wurttemberg,,,Linux-7.0.0-31-generic-x86_64-with-glibc2.43,3.14.4,3.3.0,24,Intel(R) Core(TM) Ultra 9 285K,1,1 x NVIDIA GeForce RTX 5090,9.2986,48.7383,60.81614303588867,machine,0.0,0.0,0.0,0.0,N
synthetic_rollout_generation_80,2026-09-15T04:54:57,mbpo_Ant-v5_seed85062,0db152d4-41ed-4568-9813-89713bac8b20,0.08621098200092092,1.1533669852514805e-06,1.3379263994506948e-05,29.292531479587556,71.37894761152322,20.0,8.435045636967509e-07,1.7091680339920146e-06,4.749346611387234e-07,3.0276072588292235e-06,0.0,Germany,DEU,baden-wurttemberg,,,Linux-7.0.0-31-generic-x86_64-with-glibc2.43,3.14.4,3.3.0,24,Intel(R) Core(TM) Ultra 9 285K,1,1 x NVIDIA GeForce RTX 5090,9.2986,48.7383,60.81614303588867,machine,0.0,0.0,0.0,0.0,N
gradient_updates_80,2026-09-15T04:55:15,mbpo_Ant-v5_seed85062,0db152d4-41ed-4568-9813-89713bac8b20,17.623152389998722,0.000256774322657638,1.4570287164450201e-05,29.30637213931931,71.44836558418442,20.0,0.00011559967025743384,0.00046053370176002417,9.790343768889022e-05,0.0006740368097063604,0.0,Germany,DEU,baden-wurttemberg,,,Linux-7.0.0-31-generic-x86_64-with-glibc2.43,3.14.4,3.3.0,24,Intel(R) Core(TM) Ultra 9 285K,1,1 x NVIDIA GeForce RTX 5090,9.2986,48.7383,60.81614303588867,machine,0.0,0.0,0.0,0.0,N
dynamics_model_update_81,2026-09-15T04:55:39,mbpo_Ant-v5_seed85062,0db152d4-41ed-4568-9813-89713bac8b20,24.24665224799537,0.00030738415538094505,1.2677373184471337e-05,29.289494378439745,71.4507150870109,20.0,0.00018578948502035592,0.00048639844467412985,0.00013470052123330974,0.0008068884509278007,0.0,Germany,DEU,baden-wurttemberg,,,Linux-7.0.0-31-generic-x86_64-with-glibc2.43,3.14.4,3.3.0,24,Intel(R) Core(TM) Ultra 9 285K,1,1 x NVIDIA GeForce RTX 5090,9.2986,48.7383,60.81614303588867,machine,0.0,0.0,0.0,0.0,N
rollout_81,2026-09-15T04:55:40,mbpo_Ant-v5_seed85062,0db152d4-41ed-4568-9813-89713bac8b20,0.380030745996919,4.523875971267077e-06,1.1903785043946087e-05,29.281937425097865,71.43267384983615,20.0,2.848556723285267e-06,6.915838866028423e-06,2.110853055556361e-06,1.187524864487699e-05,0.0,Germany,DEU,baden-wurttemberg,,,Linux-7.0.0-31-generic-x86_64-with-glibc2.43,3.14.4,3.3.0,24,Intel(R) Core(TM) Ultra 9 285K,1,1 x NVIDIA GeForce RTX 5090,9.2986,48.7383,60.81614303588867,machine,0.0,0.0,0.0,0.0,N
synthetic_rollout_generation_81,2026-09-15T04:55:40,mbpo_Ant-v5_seed85062,0db152d4-41ed-4568-9813-89713bac8b20,0.08494477800559253,1.6648463944182734e-06,1.9600858321067326e-05,29.296880059753036,71.61401533843645,20.0,8.267028835801105e-07,3.0755580158192686e-06,4.6798819999457897e-07,4.3702490993974275e-06,0.0,Germany,DEU,baden-wurttemberg,,,Linux-7.0.0-31-generic-x86_64-with-glibc2.43,3.14.4,3.3.0,24,Intel(R) Core(TM) Ultra 9 285K,1,1 x NVIDIA GeForce RTX 5090,9.2986,48.7383,60.81614303588867,machine,0.0,0.0,0.0,0.0,N
gradient_updates_81,2026-09-15T04:55:57,mbpo_Ant-v5_seed85062,0db152d4-41ed-4568-9813-89713bac8b20,17.491589933000796,0.0002572448787917375,1.4706778277672153e-05,29.310216709809616,71.68102995378669,20.0,0.00012237132261921219,0.0004557270312481876,9.717367341108979e-05,0.0006752720272784757,0.0,Germany,DEU,baden-wurttemberg,,,Linux-7.0.0-31-generic-x86_64-with-glibc2.43,3.14.4,3.3.0,24,Intel(R) Core(TM) Ultra 9 285K,1,1 x NVIDIA GeForce RTX 5090,9.2986,48.7383,60.81614303588867,machine,0.0,0.0,0.0,0.0,N
dynamics_model_update_82,2026-09-15T04:56:25,mbpo_Ant-v5_seed85062,0db152d4-41ed-4568-9813-89713bac8b20,28.00908702799643,0.0003581508974539807,1.2786957154829595e-05,29.298110199093248,71.68385908065993,20.0,0.00021955122564084467,0.0005649979519979365,0.00015560280412779855,0.0009401519817665849,0.0,Germany,DEU,baden-wurttemberg,,,Linux-7.0.0-31-generic-x86_64-with-glibc2.43,3.14.4,3.3.0,24,Intel(R) Core(TM) Ultra 9 285K,1,1 x NVIDIA GeForce RTX 5090,9.2986,48.7383,60.81614303588867,machine,0.0,0.0,0.0,0.0,N
rollout_82,2026-09-15T04:56:26,mbpo_Ant-v5_seed85062,0db152d4-41ed-4568-9813-89713bac8b20,0.3952834130031988,4.573234855850816e-06,1.1569238391260087e-05,29.291677390556348,71.65511031833742,20.0,2.9971937866440923e-06,6.8138943400963825e-06,2.193728399975045e-06,1.2004816526717255e-05,0.0,Germany,DEU,baden-wurttemberg,,,Linux-7.0.0-31-generic-x86_64-with-glibc2.43,3.14.4,3.3.0,24,Intel(R) Core(TM) Ultra 9 285K,1,1 x NVIDIA GeForce RTX 5090,9.2986,48.7383,60.81614303588867,machine,0.0,0.0,0.0,0.0,N
synthetic_rollout_generation_82,2026-09-15T04:56:26,mbpo_Ant-v5_seed85062,0db152d4-41ed-4568-9813-89713bac8b20,0.08812699100235477,1.843546661446649e-06,2.0920690929135363e-05,29.30733563896966,71.86935134756433,20.0,8.644090248588476e-07,3.488336123957936e-06,4.86595083363725e-07,4.839340232182243e-06,0.0,Germany,DEU,baden-wurttemberg,,,Linux-7.0.0-31-generic-x86_64-with-glibc2.43,3.14.4,3.3.0,24,Intel(R) Core(TM) Ultra 9 285K,1,1 x NVIDIA GeForce RTX 5090,9.2986,48.7383,60.81614303588867,machine,0.0,0.0,0.0,0.0,N
gradient_updates_82,2026-09-15T04:56:43,mbpo_Ant-v5_seed85062,0db152d4-41ed-4568-9813-89713bac8b20,17.62245374899794,0.0002566658355864365,1.4564707787868249e-05,29.32119231625453,71.93366672383222,20.0,0.00011858238542139521,0.00045726953248204083,9.790011146113865e-05,0.0006737520293645799,0.0,Germany,DEU,baden-wurttemberg,,,Linux-7.0.0-31-generic-x86_64-with-glibc2.43,3.14.4,3.3.0,24,Intel(R) Core(TM) Ultra 9 285K,1,1 x NVIDIA GeForce RTX 5090,9.2986,48.7383,60.81614303588867,machine,0.0,0.0,0.0,0.0,N
dynamics_model_update_83,2026-09-15T04:56:59,mbpo_Ant-v5_seed85062,0db152d4-41ed-4568-9813-89713bac8b20,15.96441432100255,0.00020187405364387873,1.2645233826477759e-05,29.30647501771478,71.93626198072869,20.0,0.0001183843944296617,0.00032285053605796143,8.86877723444441e-05,0.0005299227028320724,0.0,Germany,DEU,baden-wurttemberg,,,Linux-7.0.0-31-generic-x86_64-with-glibc2.43,3.14.4,3.3.0,24,Intel(R) Core(TM) Ultra 9 285K,1,1 x NVIDIA GeForce RTX 5090,9.2986,48.7383,60.81614303588867,machine,0.0,0.0,0.0,0.0,N
rollout_83,2026-09-15T04:57:00,mbpo_Ant-v5_seed85062,0db152d4-41ed-4568-9813-89713bac8b20,0.3860382029961329,4.519702553579252e-06,1.1708241140836391e-05,29.30050169510482,71.91051946151809,20.0,2.9430762433502178e-06,6.778616533864579e-06,2.142600577766454e-06,1.1864293354979516e-05,0.0,Germany,DEU,baden-wurttemberg,,,Linux-7.0.0-31-generic-x86_64-with-glibc2.43,3.14.4,3.3.0,24,Intel(R) Core(TM) Ultra 9 285K,1,1 x NVIDIA GeForce RTX 5090,9.2986,48.7383,60.81614303588867,machine,0.0,0.0,0.0,0.0,N
synthetic_rollout_generation_83,2026-09-15T04:57:00,mbpo_Ant-v5_seed85062,0db152d4-41ed-4568-9813-89713bac8b20,0.08752573800302343,5.146606286976496e-07,5.88056367316302e-06,29.316962525650975,71.69776644535975,20.0,8.675454162554441e-07,0.0,4.834471777730165e-07,1.35099259403193e-06,0.0,Germany,DEU,baden-wurttemberg,,,Linux-7.0.0-31-generic-x86_64-with-glibc2.43,3.14.4,3.3.0,24,Intel(R) Core(TM) Ultra 9 285K,1,1 x NVIDIA GeForce RTX 5090,9.2986,48.7383,60.81614303588867,machine,0.0,0.0,0.0,0.0,N
gradient_updates_83,2026-09-15T04:57:17,mbpo_Ant-v5_seed85062,0db152d4-41ed-4568-9813-89713bac8b20,17.446102920002886,0.00025811612598078404,1.4795062989716385e-05,29.33196012580421,71.76141491817822,20.0,0.0001285847073121335,0.00045204675052601395,9.692760760558056e-05,0.0006775590654437141,0.0,Germany,DEU,baden-wurttemberg,,,Linux-7.0.0-31-generic-x86_64-with-glibc2.43,3.14.4,3.3.0,24,Intel(R) Core(TM) Ultra 9 285K,1,1 x NVIDIA GeForce RTX 5090,9.2986,48.7383,60.81614303588867,machine,0.0,0.0,0.0,0.0,N
dynamics_model_update_84,2026-09-15T04:57:37,mbpo_Ant-v5_seed85062,0db152d4-41ed-4568-9813-89713bac8b20,19.674037049000617,0.0002541239880106891,1.2916722484402536e-05,29.32409301643152,71.76492975800913,20.0,0.0001590844978230574,0.00039869809673609424,0.00010929704321663292,0.0006670796377757915,0.0,Germany,DEU,baden-wurttemberg,,,Linux-7.0.0-31-generic-x86_64-with-glibc2.43,3.14.4,3.3.0,24,Intel(R) Core(TM) Ultra 9 285K,1,1 x NVIDIA GeForce RTX 5090,9.2986,48.7383,60.81614303588867,machine,0.0,0.0,0.0,0.0,N
rollout_84,2026-09-15T04:57:37,mbpo_Ant-v5_seed85062,0db152d4-41ed-4568-9813-89713bac8b20,0.3887512369983597,4.563511855452951e-06,1.1739085757727538e-05,29.314865058954545,71.74424529207367,20.0,2.841401717565417e-06,6.980838918035914e-06,2.157052855545488e-06,1.197929349114335e-05,0.0,Germany,DEU,baden-wurttemberg,,,Linux-7.0.0-31-generic-x86_64-with-glibc2.43,3.14.4,3.3.0,24,Intel(R) Core(TM) Ultra 9 285K,1,1 x NVIDIA GeForce RTX 5090,9.2986,48.7383,60.81614303588867,machine,0.0,0.0,0.0,0.0,N
synthetic_rollout_generation_84,2026-09-15T04:57:37,mbpo_Ant-v5_seed85062,0db152d4-41ed-4568-9813-89713bac8b20,0.08806712200021138,2.1213405697120824e-06,2.408861946108302e-05,29.33060230528543,72.04067936249467,20.0,8.683929169361893e-07,4.2138922597967365e-06,4.862686222226187e-07,5.568553798948606e-06,0.0,Germany,DEU,baden-wurttemberg,,,Linux-7.0.0-31-generic-x86_64-with-glibc2.43,3.14.4,3.3.0,24,Intel(R) Core(TM) Ultra 9 285K,1,1 x NVIDIA GeForce RTX 5090,9.2986,48.7383,60.81614303588867,machine,0.0,0.0,0.0,0.0,N
gradient_updates_84,2026-09-15T04:57:55,mbpo_Ant-v5_seed85062,0db152d4-41ed-4568-9813-89713bac8b20,17.48617034399649,0.0002579188677624758,1.474987976414167e-05,29.34486594273706,72.1024251325595,20.0,0.00012710910057608243,0.0004527881400082645,9.71440188000175e-05,0.0006770412593843783,0.0,Germany,DEU,baden-wurttemberg,,,Linux-7.0.0-31-generic-x86_64-with-glibc2.43,3.14.4,3.3.0,24,Intel(R) Core(TM) Ultra 9 285K,1,1 x NVIDIA GeForce RTX 5090,9.2986,48.7383,60.81614303588867,machine,0.0,0.0,0.0,0.0,N
dynamics_model_update_85,2026-09-15T04:58:12,mbpo_Ant-v5_seed85062,0db152d4-41ed-4568-9813-89713bac8b20,17.033784546998504,0.00020955555421790784,1.23023316715196e-05,29.335574886626524,72.09742539499351,20.0,0.00012240465459030514,0.00033304415532398046,9.46379579500195e-05,0.0005500867678643051,0.0,Germany,DEU,baden-wurttemberg,,,Linux-7.0.0-31-generic-x86_64-with-glibc2.43,3.14.4,3.3.0,24,Intel(R) Core(TM) Ultra 9 285K,1,1 x NVIDIA GeForce RTX 5090,9.2986,48.7383,60.81614303588867,machine,0.0,0.0,0.0,0.0,N
rollout_85,2026-09-15T04:58:12,mbpo_Ant-v5_seed85062,0db152d4-41ed-4568-9813-89713bac8b20,0.36613196099642664,4.7007003565885386e-06,1.2838629391739354e-05,29.35013554561499,72.0822441813465,20.0,3.513991144517281e-06,6.7936165462079146e-06,2.0318078666620165e-06,1.2339415557394151e-05,0.0,Germany,DEU,baden-wurttemberg,,,Linux-7.0.0-31-generic-x86_64-with-glibc2.43,3.14.4,3.3.0,24,Intel(R) Core(TM) Ultra 9 285K,1,1 x NVIDIA GeForce RTX 5090,9.2986,48.7383,60.81614303588867,machine,0.0,0.0,0.0,0.0,N
synthetic_rollout_generation_85,2026-09-15T04:58:12,mbpo_Ant-v5_seed85062,0db152d4-41ed-4568-9813-89713bac8b20,0.0907155720051378,5.197322292121997e-07,5.7295883285283836e-06,29.36283348350523,71.87391399585128,20.0,8.690712508113707e-07,0.0,4.952343777807344e-07,1.3643056285955746e-06,0.0,Germany,DEU,baden-wurttemberg,,,Linux-7.0.0-31-generic-x86_64-with-glibc2.43,3.14.4,3.3.0,24,Intel(R) Core(TM) Ultra 9 285K,1,1 x NVIDIA GeForce RTX 5090,9.2986,48.7383,60.81614303588867,machine,0.0,0.0,0.0,0.0,N
gradient_updates_85,2026-09-15T04:58:29,mbpo_Ant-v5_seed85062,0db152d4-41ed-4568-9813-89713bac8b20,16.299279086997558,0.0002454490514556609,1.5058894761950706e-05,29.374176459676377,71.94379128657057,20.0,0.00011856641457528433,0.00043519145926396163,9.054991315553956e-05,0.0006443077869947716,0.0,Germany,DEU,baden-wurttemberg,,,Linux-7.0.0-31-generic-x86_64-with-glibc2.43,3.14.4,3.3.0,24,Intel(R) Core(TM) Ultra 9 285K,1,1 x NVIDIA GeForce RTX 5090,9.2986,48.7383,60.81614303588867,machine,0.0,0.0,0.0,0.0,N
dynamics_model_update_86,2026-09-15T04:59:03,mbpo_Ant-v5_seed85062,0db152d4-41ed-4568-9813-89713bac8b20,34.51623112300149,0.00039585787410204715,1.1468753005514128e-05,29.364447713738272,71.93528039952952,20.0,0.00018599135851518622,0.0006613863624420624,0.0001917556931444568,0.001039133414101709,0.0,Germany,DEU,baden-wurttemberg,,,Linux-7.0.0-31-generic-x86_64-with-glibc2.43,3.14.4,3.3.0,24,Intel(R) Core(TM) Ultra 9 285K,1,1 x NVIDIA GeForce RTX 5090,9.2986,48.7383,60.81614303588867,machine,0.0,0.0,0.0,0.0,N
rollout_86,2026-09-15T04:59:04,mbpo_Ant-v5_seed85062,0db152d4-41ed-4568-9813-89713bac8b20,0.39430148099927465,4.487898266417045e-06,1.1381489896853175e-05,29.351594444913875,71.9085797125778,20.0,2.7392530247416502e-06,6.853061037981334e-06,2.1884925166699987e-06,1.1780806579389513e-05,0.0,Germany,DEU,baden-wurttemberg,,,Linux-7.0.0-31-generic-x86_64-with-glibc2.43,3.14.4,3.3.0,24,Intel(R) Core(TM) Ultra 9 285K,1,1 x NVIDIA GeForce RTX 5090,9.2986,48.7383,60.81614303588867,machine,0.0,0.0,0.0,0.0,N
synthetic_rollout_generation_86,2026-09-15T04:59:04,mbpo_Ant-v5_seed85062,0db152d4-41ed-4568-9813-89713bac8b20,0.0959409749993938,2.101264576254147e-06,2.1903219953083254e-05,29.364355303535692,72.14521863544151,20.0,9.206799032115964e-07,4.069725477950925e-06,5.254486055879248e-07,5.515853986753916e-06,0.0,Germany,DEU,baden-wurttemberg,,,Linux-7.0.0-31-generic-x86_64-with-glibc2.43,3.14.4,3.3.0,24,Intel(R) Core(TM) Ultra 9 285K,1,1 x NVIDIA GeForce RTX 5090,9.2986,48.7383,60.81614303588867,machine,0.0,0.0,0.0,0.0,N
gradient_updates_86,2026-09-15T04:59:20,mbpo_Ant-v5_seed85062,0db152d4-41ed-4568-9813-89713bac8b20,16.233085854997626,0.00024405805240632072,1.50346109359788e-05,29.375797455750718,72.21228094728295,20.0,0.00011898967574722197,0.0004314789562940291,9.018775962778974e-05,0.0006406563916690478,0.0,Germany,DEU,baden-wurttemberg,,,Linux-7.0.0-31-generic-x86_64-with-glibc2.43,3.14.4,3.3.0,24,Intel(R) Core(TM) Ultra 9 285K,1,1 x NVIDIA GeForce RTX 5090,9.2986,48.7383,60.81614303588867,machine,0.0,0.0,0.0,0.0,N
dynamics_model_update_87,2026-09-15T04:59:40,mbpo_Ant-v5_seed85062,0db152d4-41ed-4568-9813-89713bac8b20,20.28322128400032,0.000246906371322915,1.2172923591794035e-05,29.367126069515415,72.20571954327706,20.0,0.00014161338467950924,0.0003938383706261206,0.00011268152025000269,0.000648133275555629,0.0,Germany,DEU,baden-wurttemberg,,,Linux-7.0.0-31-generic-x86_64-with-glibc2.43,3.14.4,3.3.0,24,Intel(R) Core(TM) Ultra 9 285K,1,1 x NVIDIA GeForce RTX 5090,9.2986,48.7383,60.81614303588867,machine,0.0,0.0,0.0,0.0,N
rollout_87,2026-09-15T04:59:41,mbpo_Ant-v5_seed85062,0db152d4-41ed-4568-9813-89713bac8b20,0.37470429799577687,4.809895399790487e-06,1.2836762335645113e-05,29.381033386163605,72.19078380910645,20.0,3.5867417582796657e-06,6.96000556787979e-06,2.0793070111199685e-06,1.2626054337286363e-05,0.0,Germany,DEU,baden-wurttemberg,,,Linux-7.0.0-31-generic-x86_64-with-glibc2.43,3.14.4,3.3.0,24,Intel(R) Core(TM) Ultra 9 285K,1,1 x NVIDIA GeForce RTX 5090,9.2986,48.7383,60.81614303588867,machine,0.0,0.0,0.0,0.0,N
synthetic_rollout_generation_87,2026-09-15T04:59:41,mbpo_Ant-v5_seed85062,0db152d4-41ed-4568-9813-89713bac8b20,0.0949337359998026,2.1144677611398266e-06,2.2274295804031088e-05,29.39329210609054,72.43461318867743,20.0,9.083879489377167e-07,4.122503298065183e-06,5.196213166830388e-07,5.550512563692878e-06,0.0,Germany,DEU,baden-wurttemberg,,,Linux-7.0.0-31-generic-x86_64-with-glibc2.43,3.14.4,3.3.0,24,Intel(R) Core(TM) Ultra 9 285K,1,1 x NVIDIA GeForce RTX 5090,9.2986,48.7383,60.81614303588867,machine,0.0,0.0,0.0,0.0,N
gradient_updates_87,2026-09-15T04:59:57,mbpo_Ant-v5_seed85062,0db152d4-41ed-4568-9813-89713bac8b20,16.4238127360004,0.0002410295527304554,1.4675620022325361e-05,29.40376823418515,72.49903871827843,20.0,0.00010667448145062347,0.00043479118116596105,9.124086771666526e-05,0.0006327065303332602,0.0,Germany,DEU,baden-wurttemberg,,,Linux-7.0.0-31-generic-x86_64-with-glibc2.43,3.14.4,3.3.0,24,Intel(R) Core(TM) Ultra 9 285K,1,1 x NVIDIA GeForce RTX 5090,9.2986,48.7383,60.81614303588867,machine,0.0,0.0,0.0,0.0,N
dynamics_model_update_88,2026-09-15T05:00:22,mbpo_Ant-v5_seed85062,0db152d4-41ed-4568-9813-89713bac8b20,25.183660506001615,0.00029876799363105083,1.1863568072687448e-05,29.38673361237988,72.49138046809048,20.0,0.00015628151391399586,0.0004880831682438913,0.0001399062028166441,0.0007842708849745417,0.0,Germany,DEU,baden-wurttemberg,,,Linux-7.0.0-31-generic-x86_64-with-glibc2.43,3.14.4,3.3.0,24,Intel(R) Core(TM) Ultra 9 285K,1,1 x NVIDIA GeForce RTX 5090,9.2986,48.7383,60.81614303588867,machine,0.0,0.0,0.0,0.0,N
rollout_88,2026-09-15T05:00:23,mbpo_Ant-v5_seed85062,0db152d4-41ed-4568-9813-89713bac8b20,0.3795076690003043,4.469848584792713e-06,1.1778097864393496e-05,29.380119340782908,72.46823612094167,20.0,2.864086457936288e-06,6.763616522187377e-06,2.105722888882944e-06,1.173342586899273e-05,0.0,Germany,DEU,baden-wurttemberg,,,Linux-7.0.0-31-generic-x86_64-with-glibc2.43,3.14.4,3.3.0,24,Intel(R) Core(TM) Ultra 9 285K,1,1 x NVIDIA GeForce RTX 5090,9.2986,48.7383,60.81614303588867,machine,0.0,0.0,0.0,0.0,N
synthetic_rollout_generation_88,2026-09-15T05:00:23,mbpo_Ant-v5_seed85062,0db152d4-41ed-4568-9813-89713bac8b20,0.09450875399488723,2.179997811824208e-06,2.306798634285982e-05,29.396109816289595,72.72150788307754,20.0,9.411774196110834e-07,4.259725630006983e-06,5.216269722344014e-07,5.722530021859407e-06,0.0,Germany,DEU,baden-wurttemberg,,,Linux-7.0.0-31-generic-x86_64-with-glibc2.43,3.14.4,3.3.0,24,Intel(R) Core(TM) Ultra 9 285K,1,1 x NVIDIA GeForce RTX 5090,9.2986,48.7383,60.81614303588867,machine,0.0,0.0,0.0,0.0,N
gradient_updates_88,2026-09-15T05:00:39,mbpo_Ant-v5_seed85062,0db152d4-41ed-4568-9813-89713bac8b20,16.286469257000135,0.00024547807583370773,1.507251871830798e-05,29.410592605418845,72.78631855193427,20.0,0.00011966156989584587,0.0004342445140619322,9.047789250556451e-05,0.0006443839764633391,0.0,Germany,DEU,baden-wurttemberg,,,Linux-7.0.0-31-generic-x86_64-with-glibc2.43,3.14.4,3.3.0,24,Intel(R) Core(TM) Ultra 9 285K,1,1 x NVIDIA GeForce RTX 5090,9.2986,48.7383,60.81614303588867,machine,0.0,0.0,0.0,0.0,N
dynamics_model_update_89,2026-09-15T05:00:53,mbpo_Ant-v5_seed85062,0db152d4-41ed-4568-9813-89713bac8b20,13.808411279998836,0.00016780879728325176,1.215262903405512e-05,29.40211262113342,72.77759071634688,20.0,9.666731038933396e-05,0.0002671232692539327,7.67102663555598e-05,0.000440500845998823,0.0,Germany,DEU,baden-wurttemberg,,,Linux-7.0.0-31-generic-x86_64-with-glibc2.43,3.14.4,3.3.0,24,Intel(R) Core(TM) Ultra 9 285K,1,1 x NVIDIA GeForce RTX 5090,9.2986,48.7383,60.81614303588867,machine,0.0,0.0,0.0,0.0,N
rollout_89,2026-09-15T05:00:53,mbpo_Ant-v5_seed85062,0db152d4-41ed-4568-9813-89713bac8b20,0.37029002700001,4.115791757401677e-06,1.1114982472855062e-05,29.41770176793368,72.71416827847025,20.0,3.623023453976082e-06,5.126115212084059e-06,2.0548822222445084e-06,1.0804020888308119e-05,0.0,Germany,DEU,baden-wurttemberg,,,Linux-7.0.0-31-generic-x86_64-with-glibc2.43,3.14.4,3.3.0,24,Intel(R) Core(TM) Ultra 9 285K,1,1 x NVIDIA GeForce RTX 5090,9.2986,48.7383,60.81614303588867,machine,0.0,0.0,0.0,0.0,N
synthetic_rollout_generation_89,2026-09-15T05:00:53,mbpo_Ant-v5_seed85062,0db152d4-41ed-4568-9813-89713bac8b20,0.0930890109957545,1.196611361879707e-06,1.285505521332856e-05,29.43250161965112,72.69663999489053,20.0,9.185265681527222e-07,1.708334699923597e-06,5.142631888804816e-07,3.141124456956801e-06,0.0,Germany,DEU,baden-wurttemberg,,,Linux-7.0.0-31-generic-x86_64-with-glibc2.43,3.14.4,3.3.0,24,Intel(R) Core(TM) Ultra 9 285K,1,1 x NVIDIA GeForce RTX 5090,9.2986,48.7383,60.81614303588867,machine,0.0,0.0,0.0,0.0,N
gradient_updates_89,2026-09-15T05:01:10,mbpo_Ant-v5_seed85062,0db152d4-41ed-4568-9813-89713bac8b20,16.24252534900006,0.0002447337266527419,1.5067471782776167e-05,29.445690315823953,72.76373443882602,20.0,0.00011432568229380324,0.0004378706280740996,9.023373728333367e-05,0.0006424300476512435,0.0,Germany,DEU,baden-wurttemberg,,,Linux-7.0.0-31-generic-x86_64-with-glibc2.43,3.14.4,3.3.0,24,Intel(R) Core(TM) Ultra 9 285K,1,1 x NVIDIA GeForce RTX 5090,9.2986,48.7383,60.81614303588867,machine,0.0,0.0,0.0,0.0,N
dynamics_model_update_90,2026-09-15T05:01:27,mbpo_Ant-v5_seed85062,0db152d4-41ed-4568-9813-89713bac8b20,17.510960173000058,0.00019827226333882925,1.1322766235034878e-05,29.433361996118887,72.7519279286209,20.0,9.016834907907278e-05,0.0003330199886377727,9.72796064722288e-05,0.0005204679441890708,0.0,Germany,DEU,baden-wurttemberg,,,Linux-7.0.0-31-generic-x86_64-with-glibc2.43,3.14.4,3.3.0,24,Intel(R) Core(TM) Ultra 9 285K,1,1 x NVIDIA GeForce RTX 5090,9.2986,48.7383,60.81614303588867,machine,0.0,0.0,0.0,0.0,N
rollout_90,2026-09-15T05:01:28,mbpo_Ant-v5_seed85062,0db152d4-41ed-4568-9813-89713bac8b20,0.38725949700165074,4.479254598441229e-06,1.1566238095759028e-05,29.424579666437022,72.72518512448656,20.0,2.836790324978189e-06,6.771672084182612e-06,2.1496543999889595e-06,1.175811680914629e-05,0.0,Germany,DEU,baden-wurttemberg,,,Linux-7.0.0-31-generic-x86_64-with-glibc2.43,3.14.4,3.3.0,24,Intel(R) Core(TM) Ultra 9 285K,1,1 x NVIDIA GeForce RTX 5090,9.2986,48.7383,60.81614303588867,machine,0.0,0.0,0.0,0.0,N
synthetic_rollout_generation_90,2026-09-15T05:01:28,mbpo_Ant-v5_seed85062,0db152d4-41ed-4568-9813-89713bac8b20,0.09615115199994761,1.9196707917584765e-06,1.9966645530079797e-05,29.438646599823173,72.8929309149387,20.0,9.427879764517533e-07,3.5652806300578987e-06,5.310987166405601e-07,5.0391673231536815e-06,0.0,Germany,DEU,baden-wurttemberg,,,Linux-7.0.0-31-generic-x86_64-with-glibc2.43,3.14.4,3.3.0,24,Intel(R) Core(TM) Ultra 9 285K,1,1 x NVIDIA GeForce RTX 5090,9.2986,48.7383,60.81614303588867,machine,0.0,0.0,0.0,0.0,N
gradient_updates_90,2026-09-15T05:01:44,mbpo_Ant-v5_seed85062,0db152d4-41ed-4568-9813-89713bac8b20,16.323321748001035,0.00024715308109072437,1.5141103932828562e-05,29.45138639906357,72.95673803986296,20.0,0.00012140518851296717,0.0004366917382419011,9.068396598886294e-05,0.0006487808927437277,0.0,Germany,DEU,baden-wurttemberg,,,Linux-7.0.0-31-generic-x86_64-with-glibc2.43,3.14.4,3.3.0,24,Intel(R) Core(TM) Ultra 9 285K,1,1 x NVIDIA GeForce RTX 5090,9.2986,48.7383,60.81614303588867,machine,0.0,0.0,0.0,0.0,N
dynamics_model_update_91,2026-09-15T05:02:13,mbpo_Ant-v5_seed85062,0db152d4-41ed-4568-9813-89713bac8b20,28.780452858998615,0.00033794437149972656,1.174214242034349e-05,29.443595658778662,72.94765709472753,20.0,0.0001706897021072143,0.0005565318341140824,0.00015988798340000124,0.0008871095196212875,0.0,Germany,DEU,baden-wurttemberg,,,Linux-7.0.0-31-generic-x86_64-with-glibc2.43,3.14.4,3.3.0,24,Intel(R) Core(TM) Ultra 9 285K,1,1 x NVIDIA GeForce RTX 5090,9.2986,48.7383,60.81614303588867,machine,0.0,0.0,0.0,0.0,N
rollout_91,2026-09-15T05:02:13,mbpo_Ant-v5_seed85062,0db152d4-41ed-4568-9813-89713bac8b20,0.4004501960007474,4.518018271747193e-06,1.1282103160867511e-05,29.43215831494944,72.91615385837937,20.0,2.8204297563422243e-06,6.816672120102396e-06,2.2227702110994008e-06,1.1859872087544021e-05,0.0,Germany,DEU,baden-wurttemberg,,,Linux-7.0.0-31-generic-x86_64-with-glibc2.43,3.14.4,3.3.0,24,Intel(R) Core(TM) Ultra 9 285K,1,1 x NVIDIA GeForce RTX 5090,9.2986,48.7383,60.81614303588867,machine,0.0,0.0,0.0,0.0,N
synthetic_rollout_generation_91,2026-09-15T05:02:13,mbpo_Ant-v5_seed85062,0db152d4-41ed-4568-9813-89713bac8b20,0.09802887299883878,1.7346894262276757e-06,1.7696230053623044e-05,29.44649359282867,73.02274951345397,20.0,9.65455772355961e-07,3.0463913258671482e-06,5.41741105551663e-07,4.553588203781711e-06,0.0,Germany,DEU,baden-wurttemberg,,,Linux-7.0.0-31-generic-x86_64-with-glibc2.43,3.14.4,3.3.0,24,Intel(R) Core(TM) Ultra 9 285K,1,1 x NVIDIA GeForce RTX 5090,9.2986,48.7383,60.81614303588867,machine,0.0,0.0,0.0,0.0,N
gradient_updates_91,2026-09-15T05:02:30,mbpo_Ant-v5_seed85062,0db152d4-41ed-4568-9813-89713bac8b20,16.25151626599836,0.00024547004282982066,1.5104442320555701e-05,29.459432443395656,73.08554807845881,20.0,0.00011926643569085127,0.00043481284784996355,9.028360615553205e-05,0.0006443628896963399,0.0,Germany,DEU,baden-wurttemberg,,,Linux-7.0.0-31-generic-x86_64-with-glibc2.43,3.14.4,3.3.0,24,Intel(R) Core(TM) Ultra 9 285K,1,1 x NVIDIA GeForce RTX 5090,9.2986,48.7383,60.81614303588867,machine,0.0,0.0,0.0,0.0,N
dynamics_model_update_92,2026-09-15T05:02:44,mbpo_Ant-v5_seed85062,0db152d4-41ed-4568-9813-89713bac8b20,14.349049156000547,0.00017222168231294244,1.2002309403875938e-05,29.450745312224377,73.07677517784165,20.0,9.404292190094699e-05,0.00027831966710012424,7.972215260003065e-05,0.00045208474160110534,0.0,Germany,DEU,baden-wurttemberg,,,Linux-7.0.0-31-generic-x86_64-with-glibc2.43,3.14.4,3.3.0,24,Intel(R) Core(TM) Ultra 9 285K,1,1 x NVIDIA GeForce RTX 5090,9.2986,48.7383,60.81614303588867,machine,0.0,0.0,0.0,0.0,N
rollout_92,2026-09-15T05:02:44,mbpo_Ant-v5_seed85062,0db152d4-41ed-4568-9813-89713bac8b20,0.3631131700021797,4.720442941676117e-06,1.300048976851114e-05,29.464537721647854,73.06344602698525,20.0,3.508955584936857e-06,6.866394382187835e-06,2.01589020002238e-06,1.2391240167150541e-05,0.0,Germany,DEU,baden-wurttemberg,,,Linux-7.0.0-31-generic-x86_64-with-glibc2.43,3.14.4,3.3.0,24,Intel(R) Core(TM) Ultra 9 285K,1,1 x NVIDIA GeForce RTX 5090,9.2986,48.7383,60.81614303588867,machine,0.0,0.0,0.0,0.0,N
synthetic_rollout_generation_92,2026-09-15T05:02:44,mbpo_Ant-v5_seed85062,0db152d4-41ed-4568-9813-89713bac8b20,0.10436133399343817,2.1893620379687118e-06,2.0979711622202107e-05,29.476693027383533,73.25365214401475,20.0,1.0053321931532966e-06,4.1647255537569094e-06,5.770535222021644e-07,5.7471112691054316e-06,0.0,Germany,DEU,baden-wurttemberg,,,Linux-7.0.0-31-generic-x86_64-with-glibc2.43,3.14.4,3.3.0,24,Intel(R) Core(TM) Ultra 9 285K,1,1 x NVIDIA GeForce RTX 5090,9.2986,48.7383,60.81614303588867,machine,0.0,0.0,0.0,0.0,N
gradient_updates_92,2026-09-15T05:03:01,mbpo_Ant-v5_seed85062,0db152d4-41ed-4568-9813-89713bac8b20,16.274514584001736,0.00024514515527115227,1.5063139001113037e-05,29.48750987118127,73.3155318111873,20.0,0.0001170609850376092,0.0004360397932758886,9.040927621111611e-05,0.000643510054524607,0.0,Germany,DEU,baden-wurttemberg,,,Linux-7.0.0-31-generic-x86_64-with-glibc2.43,3.14.4,3.3.0,24,Intel(R) Core(TM) Ultra 9 285K,1,1 x NVIDIA GeForce RTX 5090,9.2986,48.7383,60.81614303588867,machine,0.0,0.0,0.0,0.0,N
dynamics_model_update_93,2026-09-15T05:03:27,mbpo_Ant-v5_seed85062,0db152d4-41ed-4568-9813-89713bac8b20,26.530232574994443,0.000319896524058165,1.205780424790561e-05,29.477759670498365,73.30655248970194,20.0,0.00017693614765992155,0.0005154101345501427,0.00014738734177776117,0.0008397336239878289,0.0,Germany,DEU,baden-wurttemberg,,,Linux-7.0.0-31-generic-x86_64-with-glibc2.43,3.14.4,3.3.0,24,Intel(R) Core(TM) Ultra 9 285K,1,1 x NVIDIA GeForce RTX 5090,9.2986,48.7383,60.81614303588867,machine,0.0,0.0,0.0,0.0,N
rollout_93,2026-09-15T05:03:28,mbpo_Ant-v5_seed85062,0db152d4-41ed-4568-9813-89713bac8b20,0.38487034200079506,4.480999276565423e-06,1.1642682429122041e-05,29.468929706651476,73.28133080818776,20.0,2.810596415138422e-06,6.815838786033979e-06,2.1362614166728355e-06,1.1762696617845236e-05,0.0,Germany,DEU,baden-wurttemberg,,,Linux-7.0.0-31-generic-x86_64-with-glibc2.43,3.14.4,3.3.0,24,Intel(R) Core(TM) Ultra 9 285K,1,1 x NVIDIA GeForce RTX 5090,9.2986,48.7383,60.81614303588867,machine,0.0,0.0,0.0,0.0,N
synthetic_rollout_generation_93,2026-09-15T05:03:28,mbpo_Ant-v5_seed85062,0db152d4-41ed-4568-9813-89713bac8b20,0.0933078439993551,2.008886743974647e-06,2.153118004315369e-05,29.484270969058773,73.47892967144794,20.0,9.338193581731602e-07,3.823336392150267e-06,5.162049111183398e-07,5.273360661445237e-06,0.0,Germany,DEU,baden-wurttemberg,,,Linux-7.0.0-31-generic-x86_64-with-glibc2.43,3.14.4,3.3.0,24,Intel(R) Core(TM) Ultra 9 285K,1,1 x NVIDIA GeForce RTX 5090,9.2986,48.7383,60.81614303588867,machine,0.0,0.0,0.0,0.0,N
gradient_updates_93,2026-09-15T05:03:44,mbpo_Ant-v5_seed85062,0db152d4-41ed-4568-9813-89713bac8b20,16.292533086998446,0.0002449041981848199,1.503168926775695e-05,29.4981239315608,73.53795288122046,20.0,0.0001185908795948501,0.0004337747914637813,9.051186716112908e-05,0.0006428775382197605,0.0,Germany,DEU,baden-wurttemberg,,,Linux-7.0.0-31-generic-x86_64-with-glibc2.43,3.14.4,3.3.0,24,Intel(R) Core(TM) Ultra 9 285K,1,1 x NVIDIA GeForce RTX 5090,9.2986,48.7383,60.81614303588867,machine,0.0,0.0,0.0,0.0,N
dynamics_model_update_94,2026-09-15T05:03:59,mbpo_Ant-v5_seed85062,0db152d4-41ed-4568-9813-89713bac8b20,14.558198651000566,0.0001770955492971099,1.2164671962436898e-05,29.489295661068397,73.5276205213102,20.0,0.00010250736395026744,0.0002814957807522056,8.087557769443504e-05,0.00046487872239692196,0.0,Germany,DEU,baden-wurttemberg,,,Linux-7.0.0-31-generic-x86_64-with-glibc2.43,3.14.4,3.3.0,24,Intel(R) Core(TM) Ultra 9 285K,1,1 x NVIDIA GeForce RTX 5090,9.2986,48.7383,60.81614303588867,machine,0.0,0.0,0.0,0.0,N
rollout_94,2026-09-15T05:03:59,mbpo_Ant-v5_seed85062,0db152d4-41ed-4568-9813-89713bac8b20,0.37128296999435406,4.8039986165135384e-06,1.29386827555236e-05,29.50275512472528,73.5119310542247,20.0,3.5898948163581856e-06,6.960283345902596e-06,2.060397022191074e-06,1.2610575184451855e-05,0.0,Germany,DEU,baden-wurttemberg,,,Linux-7.0.0-31-generic-x86_64-with-glibc2.43,3.14.4,3.3.0,24,Intel(R) Core(TM) Ultra 9 285K,1,1 x NVIDIA GeForce RTX 5090,9.2986,48.7383,60.81614303588867,machine,0.0,0.0,0.0,0.0,N
synthetic_rollout_generation_94,2026-09-15T05:03:59,mbpo_Ant-v5_seed85062,0db152d4-41ed-4568-9813-89713bac8b20,0.10266743099782616,1.652024080991965e-06,1.6092635977523812e-05,29.515576959625605,73.57546743968591,20.0,9.999405221755575e-07,2.7705577718695196e-06,5.660920222409771e-07,4.336590316289524e-06,0.0,Germany,DEU,baden-wurttemberg,,,Linux-7.0.0-31-generic-x86_64-with-glibc2.43,3.14.4,3.3.0,24,Intel(R) Core(TM) Ultra 9 285K,1,1 x NVIDIA GeForce RTX 5090,9.2986,48.7383,60.81614303588867,machine,0.0,0.0,0.0,0.0,N
gradient_updates_94,2026-09-15T05:04:15,mbpo_Ant-v5_seed85062,0db152d4-41ed-4568-9813-89713bac8b20,16.30964831700112,0.0002465727866464984,1.5118219178949348e-05,29.527145814981427,73.63449844971403,20.0,0.00012088537337488076,0.0004357628486100218,9.060938832222351e-05,0.0006472576103071226,0.0,Germany,DEU,baden-wurttemberg,,,Linux-7.0.0-31-generic-x86_64-with-glibc2.43,3.14.4,3.3.0,24,Intel(R) Core(TM) Ultra 9 285K,1,1 x NVIDIA GeForce RTX 5090,9.2986,48.7383,60.81614303588867,machine,0.0,0.0,0.0,0.0,N
dynamics_model_update_95,2026-09-15T05:04:52,mbpo_Ant-v5_seed85062,0db152d4-41ed-4568-9813-89713bac8b20,36.865397408997524,0.0004403856933560754,1.1945766864890682e-05,29.519458044421455,73.62513104314452,20.0,0.00023401534526767964,0.0007172000182038563,0.0002048043067111073,0.0011560196701826397,0.0,Germany,DEU,baden-wurttemberg,,,Linux-7.0.0-31-generic-x86_64-with-glibc2.43,3.14.4,3.3.0,24,Intel(R) Core(TM) Ultra 9 285K,1,1 x NVIDIA GeForce RTX 5090,9.2986,48.7383,60.81614303588867,machine,0.0,0.0,0.0,0.0,N
rollout_95,2026-09-15T05:04:53,mbpo_Ant-v5_seed85062,0db152d4-41ed-4568-9813-89713bac8b20,0.3807483049968141,4.499297607922503e-06,1.1817292536108573e-05,29.513496815037723,73.60047525216305,20.0,2.901148432023215e-06,6.79194987807108e-06,2.117631727784064e-06,1.181073003786448e-05,0.0,Germany,DEU,baden-wurttemberg,,,Linux-7.0.0-31-generic-x86_64-with-glibc2.43,3.14.4,3.3.0,24,Intel(R) Core(TM) Ultra 9 285K,1,1 x NVIDIA GeForce RTX 5090,9.2986,48.7383,60.81614303588867,machine,0.0,0.0,0.0,0.0,N
synthetic_rollout_generation_95,2026-09-15T05:04:53,mbpo_Ant-v5_seed85062,0db152d4-41ed-4568-9813-89713bac8b20,0.10773773599794367,2.091385209797292e-06,1.9412799141254096e-05,29.526780387751327,73.74337520568855,20.0,1.0562964005839115e-06,3.838058626026708e-06,5.955654611179695e-07,5.4899204877251195e-06,0.0,Germany,DEU,baden-wurttemberg,,,Linux-7.0.0-31-generic-x86_64-with-glibc2.43,3.14.4,3.3.0,24,Intel(R) Core(TM) Ultra 9 285K,1,1 x NVIDIA GeForce RTX 5090,9.2986,48.7383,60.81614303588867,machine,0.0,0.0,0.0,0.0,N
gradient_updates_95,2026-09-15T05:05:09,mbpo_Ant-v5_seed85062,0db152d4-41ed-4568-9813-89713bac8b20,16.362254744002712,0.00024349536574109348,1.4881534654450584e-05,29.538650963782313,73.79787464657946,20.0,0.00011726121380889465,0.0004310195114822779,9.089860464999919e-05,0.0006391793299411752,0.0,Germany,DEU,baden-wurttemberg,,,Linux-7.0.0-31-generic-x86_64-with-glibc2.43,3.14.4,3.3.0,24,Intel(R) Core(TM) Ultra 9 285K,1,1 x NVIDIA GeForce RTX 5090,9.2986,48.7383,60.81614303588867,machine,0.0,0.0,0.0,0.0,N
dynamics_model_update_96,2026-09-15T05:05:24,mbpo_Ant-v5_seed85062,0db152d4-41ed-4568-9813-89713bac8b20,14.840734902005352,0.00018031083313890806,1.2149725793778065e-05,29.5289310723866,73.78666344104329,20.0,0.000104562380316503,0.0002863052290440482,8.245128587219125e-05,0.0004733188952327355,0.0,Germany,DEU,baden-wurttemberg,,,Linux-7.0.0-31-generic-x86_64-with-glibc2.43,3.14.4,3.3.0,24,Intel(R) Core(TM) Ultra 9 285K,1,1 x NVIDIA GeForce RTX 5090,9.2986,48.7383,60.81614303588867,machine,0.0,0.0,0.0,0.0,N
rollout_96,2026-09-15T05:05:24,mbpo_Ant-v5_seed85062,0db152d4-41ed-4568-9813-89713bac8b20,0.376817354997911,4.851985786973045e-06,1.2876490017860568e-05,29.54366637166846,73.76745958246322,20.0,3.7104732461545886e-06,6.935005548047712e-06,2.0910634999996014e-06,1.2736542294194964e-05,0.0,Germany,DEU,baden-wurttemberg,,,Linux-7.0.0-31-generic-x86_64-with-glibc2.43,3.14.4,3.3.0,24,Intel(R) Core(TM) Ultra 9 285K,1,1 x NVIDIA GeForce RTX 5090,9.2986,48.7383,60.81614303588867,machine,0.0,0.0,0.0,0.0,N
synthetic_rollout_generation_96,2026-09-15T05:05:24,mbpo_Ant-v5_seed85062,0db152d4-41ed-4568-9813-89713bac8b20,0.1054297850059811,2.0809143525396534e-06,1.97381767032694e-05,29.55675218372732,73.91738364341003,20.0,1.0320011033723708e-06,3.848891967805912e-06,5.815412444550028e-07,5.462434315622877e-06,0.0,Germany,DEU,baden-wurttemberg,,,Linux-7.0.0-31-generic-x86_64-with-glibc2.43,3.14.4,3.3.0,24,Intel(R) Core(TM) Ultra 9 285K,1,1 x NVIDIA GeForce RTX 5090,9.2986,48.7383,60.81614303588867,machine,0.0,0.0,0.0,0.0,N
gradient_updates_96,2026-09-15T05:05:41,mbpo_Ant-v5_seed85062,0db152d4-41ed-4568-9813-89713bac8b20,16.251915131004353,0.000244404192373579,1.5038488010301625e-05,29.5685690298414,73.97247169943734,20.0,0.0001203569115632297,0.00043092228918206743,9.028581401669677e-05,0.0006415650147619939,0.0,Germany,DEU,baden-wurttemberg,,,Linux-7.0.0-31-generic-x86_64-with-glibc2.43,3.14.4,3.3.0,24,Intel(R) Core(TM) Ultra 9 285K,1,1 x NVIDIA GeForce RTX 5090,9.2986,48.7383,60.81614303588867,machine,0.0,0.0,0.0,0.0,N
dynamics_model_update_97,2026-09-15T05:06:06,mbpo_Ant-v5_seed85062,0db152d4-41ed-4568-9813-89713bac8b20,24.94677047299774,0.0003029373102215391,1.2143339045546355e-05,29.560972804776355,73.96171969348677,20.0,0.0001732385085906965,0.0004833870533760276,0.00013858984746111663,0.0007952154094278546,0.0,Germany,DEU,baden-wurttemberg,,,Linux-7.0.0-31-generic-x86_64-with-glibc2.43,3.14.4,3.3.0,24,Intel(R) Core(TM) Ultra 9 285K,1,1 x NVIDIA GeForce RTX 5090,9.2986,48.7383,60.81614303588867,machine,0.0,0.0,0.0,0.0,N
rollout_97,2026-09-15T05:06:06,mbpo_Ant-v5_seed85062,0db152d4-41ed-4568-9813-89713bac8b20,0.36976546500227414,4.667293789693827e-06,1.2622743626374222e-05,29.571018971310593,73.94066736197918,20.0,3.4603822127443618e-06,6.739727614002433e-06,2.051612944461989e-06,1.2251722771208784e-05,0.0,Germany,DEU,baden-wurttemberg,,,Linux-7.0.0-31-generic-x86_64-with-glibc2.43,3.14.4,3.3.0,24,Intel(R) Core(TM) Ultra 9 285K,1,1 x NVIDIA GeForce RTX 5090,9.2986,48.7383,60.81614303588867,machine,0.0,0.0,0.0,0.0,N
synthetic_rollout_generation_97,2026-09-15T05:06:06,mbpo_Ant-v5_seed85062,0db152d4-41ed-4568-9813-89713bac8b20,0.10712768899975345,2.2713764873949494e-06,2.120374742254521e-05,29.579904402129873,74.13049559142877,20.0,1.002517468685904e-06,4.372503497940272e-06,5.8737957778221e-07,5.962400544415325e-06,0.0,Germany,DEU,baden-wurttemberg,,,Linux-7.0.0-31-generic-x86_64-with-glibc2.43,3.14.4,3.3.0,24,Intel(R) Core(TM) Ultra 9 285K,1,1 x NVIDIA GeForce RTX 5090,9.2986,48.7383,60.81614303588867,machine,0.0,0.0,0.0,0.0,N
gradient_updates_97,2026-09-15T05:06:22,mbpo_Ant-v5_seed85062,0db152d4-41ed-4568-9813-89713bac8b20,16.375090998000815,0.0002441991289605233,1.491284600218907e-05,29.587635074084805,74.18406950727844,20.0,0.00011656210824961127,0.00043348618012206686,9.097843156669061e-05,0.0006410267199383757,0.0,Germany,DEU,baden-wurttemberg,,,Linux-7.0.0-31-generic-x86_64-with-glibc2.43,3.14.4,3.3.0,24,Intel(R) Core(TM) Ultra 9 285K,1,1 x NVIDIA GeForce RTX 5090,9.2986,48.7383,60.81614303588867,machine,0.0,0.0,0.0,0.0,N
dynamics_model_update_98,2026-09-15T05:06:53,mbpo_Ant-v5_seed85062,0db152d4-41ed-4568-9813-89713bac8b20,30.320583410000836,0.0003642351559230497,1.201280476859445e-05,29.57745460586096,74.17316943460062,20.0,0.0001991956299119274,0.0005884740818897782,0.00016845354826667408,0.0009561232600683728,0.0,Germany,DEU,baden-wurttemberg,,,Linux-7.0.0-31-generic-x86_64-with-glibc2.43,3.14.4,3.3.0,24,Intel(R) Core(TM) Ultra 9 285K,1,1 x NVIDIA GeForce RTX 5090,9.2986,48.7383,60.81614303588867,machine,0.0,0.0,0.0,0.0,N
rollout_98,2026-09-15T05:06:53,mbpo_Ant-v5_seed85062,0db152d4-41ed-4568-9813-89713bac8b20,0.36767984400648857,4.131325029521626e-06,1.1235982027929815e-05,29.58893695849099,74.11713616799761,20.0,3.5058022490805363e-06,5.298615350035618e-06,2.0403783833507216e-06,1.0844795982470345e-05,0.0,Germany,DEU,baden-wurttemberg,,,Linux-7.0.0-31-generic-x86_64-with-glibc2.43,3.14.4,3.3.0,24,Intel(R) Core(TM) Ultra 9 285K,1,1 x NVIDIA GeForce RTX 5090,9.2986,48.7383,60.81614303588867,machine,0.0,0.0,0.0,0.0,N
synthetic_rollout_generation_98,2026-09-15T05:06:53,mbpo_Ant-v5_seed85062,0db152d4-41ed-4568-9813-89713bac8b20,0.10700962400005665,3.179679686486636e-06,2.9716391521217564e-05,29.59898346549192,74.5040149093232,20.0,1.0169116468686235e-06,6.739449835979627e-06,5.903498611174729e-07,8.346711343976132e-06,0.0,Germany,DEU,baden-wurttemberg,,,Linux-7.0.0-31-generic-x86_64-with-glibc2.43,3.14.4,3.3.0,24,Intel(R) Core(TM) Ultra 9 285K,1,1 x NVIDIA GeForce RTX 5090,9.2986,48.7383,60.81614303588867,machine,0.0,0.0,0.0,0.0,N
gradient_updates_98,2026-09-15T05:07:10,mbpo_Ant-v5_seed85062,0db152d4-41ed-4568-9813-89713bac8b20,16.58842515300057,0.00024354089569152831,1.4681378968646539e-05,29.607593104584787,74.55426814725142,20.0,0.00011144676082400912,0.0004356956263340539,9.215645964998076e-05,0.0006392988468080507,0.0,Germany,DEU,baden-wurttemberg,,,Linux-7.0.0-31-generic-x86_64-with-glibc2.43,3.14.4,3.3.0,24,Intel(R) Core(TM) Ultra 9 285K,1,1 x NVIDIA GeForce RTX 5090,9.2986,48.7383,60.81614303588867,machine,0.0,0.0,0.0,0.0,N
dynamics_model_update_99,2026-09-15T05:07:22,mbpo_Ant-v5_seed85062,0db152d4-41ed-4568-9813-89713bac8b20,12.5435109070022,0.00016035781478392075,1.2784103689681497e-05,29.594841718549493,74.54892974027199,20.0,9.896489000518066e-05,0.00025229964628392665,6.967735840553504e-05,0.00042094189469463195,0.0,Germany,DEU,baden-wurttemberg,,,Linux-7.0.0-31-generic-x86_64-with-glibc2.43,3.14.4,3.3.0,24,Intel(R) Core(TM) Ultra 9 285K,1,1 x NVIDIA GeForce RTX 5090,9.2986,48.7383,60.81614303588867,machine,0.0,0.0,0.0,0.0,N
rollout_99,2026-09-15T05:07:23,mbpo_Ant-v5_seed85062,0db152d4-41ed-4568-9813-89713bac8b20,0.3682237699977122,4.813652222150633e-06,1.307293378455887e-05,29.607624974370534,74.53440534058882,20.0,3.570855356689606e-06,7.0219500620805064e-06,2.043110638866308e-06,1.2635916057629482e-05,0.0,Germany,DEU,baden-wurttemberg,,,Linux-7.0.0-31-generic-x86_64-with-glibc2.43,3.14.4,3.3.0,24,Intel(R) Core(TM) Ultra 9 285K,1,1 x NVIDIA GeForce RTX 5090,9.2986,48.7383,60.81614303588867,machine,0.0,0.0,0.0,0.0,N
synthetic_rollout_generation_99,2026-09-15T05:07:23,mbpo_Ant-v5_seed85062,0db152d4-41ed-4568-9813-89713bac8b20,0.11038458199618617,2.25650458271498e-06,2.0443615523364297e-05,29.619300431982502,74.69470147731099,20.0,1.0705716897846385e-06,4.242781171948096e-06,6.100086888984058e-07,5.9233615506276704e-06,0.0,Germany,DEU,baden-wurttemberg,,,Linux-7.0.0-31-generic-x86_64-with-glibc2.43,3.14.4,3.3.0,24,Intel(R) Core(TM) Ultra 9 285K,1,1 x NVIDIA GeForce RTX 5090,9.2986,48.7383,60.81614303588867,machine,0.0,0.0,0.0,0.0,N
gradient_updates_99,2026-09-15T05:07:40,mbpo_Ant-v5_seed85062,0db152d4-41ed-4568-9813-89713bac8b20,17.509085354999115,0.0002559187698013346,1.461634690168617e-05,29.629685997151295,74.73953002557589,20.0,0.00012337828203588114,0.0004511428609139667,9.726982647221757e-05,0.000671790969422062,0.0,Germany,DEU,baden-wurttemberg,,,Linux-7.0.0-31-generic-x86_64-with-glibc2.43,3.14.4,3.3.0,24,Intel(R) Core(TM) Ultra 9 285K,1,1 x NVIDIA GeForce RTX 5090,9.2986,48.7383,60.81614303588867,machine,0.0,0.0,0.0,0.0,N
idle_baseline_tail,2026-09-15T05:09:10,mbpo_Ant-v5_seed85062,0db152d4-41ed-4568-9813-89713bac8b20,90.00322851500096,0.0006406105601549569,7.117640632031484e-06,29.618883620713298,74.63080048248379,20.0,0.0004112382731570191,0.0007703536718379755,0.0005000212854944647,0.0016816132304894593,0.0,Germany,DEU,baden-wurttemberg,,,Linux-7.0.0-31-generic-x86_64-with-glibc2.43,3.14.4,3.3.0,24,Intel(R) Core(TM) Ultra 9 285K,1,1 x NVIDIA GeForce RTX 5090,9.2986,48.7383,60.81614303588867,machine,0.0,0.0,0.0,0.0,N
